Fecha,TerminoCosteHorario,TipoPrecio,Hour,Ctd
01/02/2024,FEU,Z14,1,0.091458416328
01/02/2024,FEU,Z14,10,0.122364931864
01/02/2024,FEU,Z14,11,0.166538411404
01/02/2024,FEU,Z14,12,0.168853487539
01/02/2024,FEU,Z14,13,0.160317331242
01/02/2024,FEU,Z14,14,0.157660550377
01/02/2024,FEU,Z14,15,0.108082550809
01/02/2024,FEU,Z14,16,0.106144605837
01/02/2024,FEU,Z14,17,0.109953661864
01/02/2024,FEU,Z14,18,0.122856611892
01/02/2024,FEU,Z14,19,0.178277402487
01/02/2024,FEU,Z14,2,0.076882540653
01/02/2024,FEU,Z14,20,0.183550322487
01/02/2024,FEU,Z14,21,0.178351090487
01/02/2024,FEU,Z14,22,0.173507113352
01/02/2024,FEU,Z14,23,0.115470255515
01/02/2024,FEU,Z14,24,0.106553487678
01/02/2024,FEU,Z14,3,0.056304514681
01/02/2024,FEU,Z14,4,0.068420715843
01/02/2024,FEU,Z14,5,0.063933529276
01/02/2024,FEU,Z14,6,0.067189820113
01/02/2024,FEU,Z14,7,0.089714228895
01/02/2024,FEU,Z14,8,0.093235240245
01/02/2024,FEU,Z14,9,0.12590712619
01/03/2024,FEU,Z14,1,0.043144232365
01/03/2024,FEU,Z14,10,0.134791881775
01/03/2024,FEU,Z14,11,0.1806382494
01/03/2024,FEU,Z14,12,0.172187812729
01/03/2024,FEU,Z14,13,0.169616460713
01/03/2024,FEU,Z14,14,0.16945903937
01/03/2024,FEU,Z14,15,0.12623373937
01/03/2024,FEU,Z14,16,0.133382828072
01/03/2024,FEU,Z14,17,0.135564160431
01/03/2024,FEU,Z14,18,0.16046175279
01/03/2024,FEU,Z14,19,0.216522887477
01/03/2024,FEU,Z14,2,0.039366004739
01/03/2024,FEU,Z14,20,0.229240611493
01/03/2024,FEU,Z14,21,0.240345635837
01/03/2024,FEU,Z14,22,0.24177859018
01/03/2024,FEU,Z14,23,0.168740507539
01/03/2024,FEU,Z14,24,0.156728301242
01/03/2024,FEU,Z14,3,0.04026766177
01/03/2024,FEU,Z14,4,0.039273555786
01/03/2024,FEU,Z14,5,0.039724524442
01/03/2024,FEU,Z14,6,0.038303560739
01/03/2024,FEU,Z14,7,0.040710069303
01/03/2024,FEU,Z14,8,0.088467878226
01/03/2024,FEU,Z14,9,0.129543422821
01/04/2024,FEU,Z14,1,0.133919969956
01/04/2024,FEU,Z14,10,0.161795530124
01/04/2024,FEU,Z14,11,0.208953235828
01/04/2024,FEU,Z14,12,0.203275876946
01/04/2024,FEU,Z14,13,0.201946721181
01/04/2024,FEU,Z14,14,0.197075441416
01/04/2024,FEU,Z14,15,0.154088937298
01/04/2024,FEU,Z14,16,0.162323380241
01/04/2024,FEU,Z14,17,0.164287960184
01/04/2024,FEU,Z14,18,0.166309148362
01/04/2024,FEU,Z14,19,0.216757735245
01/04/2024,FEU,Z14,2,0.132543103782
01/04/2024,FEU,Z14,20,0.21930942801
01/04/2024,FEU,Z14,21,0.221773347892
01/04/2024,FEU,Z14,22,0.21954623854
01/04/2024,FEU,Z14,23,0.165845165835
01/04/2024,FEU,Z14,24,0.159115680248
01/04/2024,FEU,Z14,3,0.128697529077
01/04/2024,FEU,Z14,4,0.115837392607
01/04/2024,FEU,Z14,5,0.11203766849
01/04/2024,FEU,Z14,6,0.111528103194
01/04/2024,FEU,Z14,7,0.131044699778
01/04/2024,FEU,Z14,8,0.133449407305
01/04/2024,FEU,Z14,9,0.158579259067
01/05/2024,FEU,Z14,1,0.134102173464
01/05/2024,FEU,Z14,10,0.155918664927
01/05/2024,FEU,Z14,11,0.191661357711
01/05/2024,FEU,Z14,12,0.169917055914
01/05/2024,FEU,Z14,13,0.155372259104
01/05/2024,FEU,Z14,14,0.152918720698
01/05/2024,FEU,Z14,15,0.099816734496
01/05/2024,FEU,Z14,16,0.090567239914
01/05/2024,FEU,Z14,17,0.107948459927
01/05/2024,FEU,Z14,18,0.131717922143
01/05/2024,FEU,Z14,19,0.190568643156
01/05/2024,FEU,Z14,2,0.130651003288
01/05/2024,FEU,Z14,20,0.194601222575
01/05/2024,FEU,Z14,21,0.196882825182
01/05/2024,FEU,Z14,22,0.195124853588
01/05/2024,FEU,Z14,23,0.142412101614
01/05/2024,FEU,Z14,24,0.13482012483
01/05/2024,FEU,Z14,3,0.128008798909
01/05/2024,FEU,Z14,4,0.119918395314
01/05/2024,FEU,Z14,5,0.108295484111
01/05/2024,FEU,Z14,6,0.115856681693
01/05/2024,FEU,Z14,7,0.121985989235
01/05/2024,FEU,Z14,8,0.12892122779
01/05/2024,FEU,Z14,9,0.157071662548
01/06/2024,FEU,Z14,1,0.101882579147
01/06/2024,FEU,Z14,10,0.093399696121
01/06/2024,FEU,Z14,11,0.062839749963
01/06/2024,FEU,Z14,12,0.036381042235
01/06/2024,FEU,Z14,13,0.034121829209
01/06/2024,FEU,Z14,14,0.033823882183
01/06/2024,FEU,Z14,15,0.034171983885
01/06/2024,FEU,Z14,16,0.039705845314
01/06/2024,FEU,Z14,17,0.066105842718
01/06/2024,FEU,Z14,18,0.112886240121
01/06/2024,FEU,Z14,19,0.13489788077
01/06/2024,FEU,Z14,2,0.094486239551
01/06/2024,FEU,Z14,20,0.141465604446
01/06/2024,FEU,Z14,21,0.139828374446
01/06/2024,FEU,Z14,22,0.136258373796
01/06/2024,FEU,Z14,23,0.135584494147
01/06/2024,FEU,Z14,24,0.128115192174
01/06/2024,FEU,Z14,3,0.095249306305
01/06/2024,FEU,Z14,4,0.093967400357
01/06/2024,FEU,Z14,5,0.071407007059
01/06/2024,FEU,Z14,6,0.071420900059
01/06/2024,FEU,Z14,7,0.078676671033
01/06/2024,FEU,Z14,8,0.094461169305
01/06/2024,FEU,Z14,9,0.092900667603
01/07/2024,FEU,Z14,1,0.134605343894
01/07/2024,FEU,Z14,10,0.134465458192
01/07/2024,FEU,Z14,11,0.100359959735
01/07/2024,FEU,Z14,12,0.092254727998
01/07/2024,FEU,Z14,13,0.085608772753
01/07/2024,FEU,Z14,14,0.086800529507
01/07/2024,FEU,Z14,15,0.08463719563
01/07/2024,FEU,Z14,16,0.081263957104
01/07/2024,FEU,Z14,17,0.100594596209
01/07/2024,FEU,Z14,18,0.135907031069
01/07/2024,FEU,Z14,19,0.149842931069
01/07/2024,FEU,Z14,2,0.130775179876
01/07/2024,FEU,Z14,20,0.148194731069
01/07/2024,FEU,Z14,21,0.142910997946
01/07/2024,FEU,Z14,22,0.138233706823
01/07/2024,FEU,Z14,23,0.133790870192
01/07/2024,FEU,Z14,24,0.126279227806
01/07/2024,FEU,Z14,3,0.12949840135
01/07/2024,FEU,Z14,4,0.126986536964
01/07/2024,FEU,Z14,5,0.12579087721
01/07/2024,FEU,Z14,6,0.125676586964
01/07/2024,FEU,Z14,7,0.127930300473
01/07/2024,FEU,Z14,8,0.128260254122
01/07/2024,FEU,Z14,9,0.131398738648
01/08/2024,FEU,Z14,1,0.130528557527
01/08/2024,FEU,Z14,10,0.179135132283
01/08/2024,FEU,Z14,11,0.220878702563
01/08/2024,FEU,Z14,12,0.21172237675
01/08/2024,FEU,Z14,13,0.202526054843
01/08/2024,FEU,Z14,14,0.200748256797
01/08/2024,FEU,Z14,15,0.158472896703
01/08/2024,FEU,Z14,16,0.168748672376
01/08/2024,FEU,Z14,17,0.177656696143
01/08/2024,FEU,Z14,18,0.189169418049
01/08/2024,FEU,Z14,19,0.244845543956
01/08/2024,FEU,Z14,2,0.128242924874
01/08/2024,FEU,Z14,20,0.245368995769
01/08/2024,FEU,Z14,21,0.249460053723
01/08/2024,FEU,Z14,22,0.245048133676
01/08/2024,FEU,Z14,23,0.179516275302
01/08/2024,FEU,Z14,24,0.171315668975
01/08/2024,FEU,Z14,3,0.12622196464
01/08/2024,FEU,Z14,4,0.1233194785
01/08/2024,FEU,Z14,5,0.122811116547
01/08/2024,FEU,Z14,6,0.126135034874
01/08/2024,FEU,Z14,7,0.137544398041
01/08/2024,FEU,Z14,8,0.152442283022
01/08/2024,FEU,Z14,9,0.184994142816
01/09/2024,FEU,Z14,1,0.135733170781
01/09/2024,FEU,Z14,10,0.181920681196
01/09/2024,FEU,Z14,11,0.218536664159
01/09/2024,FEU,Z14,12,0.214700482399
01/09/2024,FEU,Z14,13,0.21365679176
01/09/2024,FEU,Z14,14,0.212789498001
01/09/2024,FEU,Z14,15,0.163366869881
01/09/2024,FEU,Z14,16,0.173854009038
01/09/2024,FEU,Z14,17,0.186154566196
01/09/2024,FEU,Z14,18,0.203042569354
01/09/2024,FEU,Z14,19,0.252939590632
01/09/2024,FEU,Z14,2,0.138379349577
01/09/2024,FEU,Z14,20,0.255269822632
01/09/2024,FEU,Z14,21,0.266356846632
01/09/2024,FEU,Z14,22,0.244902494391
01/09/2024,FEU,Z14,23,0.172728888789
01/09/2024,FEU,Z14,24,0.166203493188
01/09/2024,FEU,Z14,3,0.137237021735
01/09/2024,FEU,Z14,4,0.136849444133
01/09/2024,FEU,Z14,5,0.134994263013
01/09/2024,FEU,Z14,6,0.135019226615
01/09/2024,FEU,Z14,7,0.140782645901
01/09/2024,FEU,Z14,8,0.144160729308
01/09/2024,FEU,Z14,9,0.185679279993
01/10/2024,FEU,Z14,1,0.129704399807
01/10/2024,FEU,Z14,10,0.184832049831
01/10/2024,FEU,Z14,11,0.214454918035
01/10/2024,FEU,Z14,12,0.210888187435
01/10/2024,FEU,Z14,13,0.206880195636
01/10/2024,FEU,Z14,14,0.204571479437
01/10/2024,FEU,Z14,15,0.149929879437
01/10/2024,FEU,Z14,16,0.150896436634
01/10/2024,FEU,Z14,17,0.156779325632
01/10/2024,FEU,Z14,18,0.162392706629
01/10/2024,FEU,Z14,19,0.223134289027
01/10/2024,FEU,Z14,2,0.128017638603
01/10/2024,FEU,Z14,20,0.235880586826
01/10/2024,FEU,Z14,21,0.234475061025
01/10/2024,FEU,Z14,22,0.219642100224
01/10/2024,FEU,Z14,23,0.162331980222
01/10/2024,FEU,Z14,24,0.151467263418
01/10/2024,FEU,Z14,3,0.1251345142
01/10/2024,FEU,Z14,4,0.122571384999
01/10/2024,FEU,Z14,5,0.1213498018
01/10/2024,FEU,Z14,6,0.122320095603
01/10/2024,FEU,Z14,7,0.132971791612
01/10/2024,FEU,Z14,8,0.14091587862
01/10/2024,FEU,Z14,9,0.186104510226
01/11/2024,FEU,Z14,1,0.129366887943
01/11/2024,FEU,Z14,10,0.172711395178
01/11/2024,FEU,Z14,11,0.207182009119
01/11/2024,FEU,Z14,12,0.193188544943
01/11/2024,FEU,Z14,13,0.19054431459
01/11/2024,FEU,Z14,14,0.188243488237
01/11/2024,FEU,Z14,15,0.138823678413
01/11/2024,FEU,Z14,16,0.141710550001
01/11/2024,FEU,Z14,17,0.15819979059
01/11/2024,FEU,Z14,18,0.184904816825
01/11/2024,FEU,Z14,19,0.247193802001
01/11/2024,FEU,Z14,2,0.123806059707
01/11/2024,FEU,Z14,20,0.251232219354
01/11/2024,FEU,Z14,21,0.234018903531
01/11/2024,FEU,Z14,22,0.22251238006
01/11/2024,FEU,Z14,23,0.162674905119
01/11/2024,FEU,Z14,24,0.153633744001
01/11/2024,FEU,Z14,3,0.119944649766
01/11/2024,FEU,Z14,4,0.116637196472
01/11/2024,FEU,Z14,5,0.116141389649
01/11/2024,FEU,Z14,6,0.11736347059
01/11/2024,FEU,Z14,7,0.123301292707
01/11/2024,FEU,Z14,8,0.140058149413
01/11/2024,FEU,Z14,9,0.178361611766
01/12/2024,FEU,Z14,1,0.126019314533
01/12/2024,FEU,Z14,10,0.165340084463
01/12/2024,FEU,Z14,11,0.20868569534
01/12/2024,FEU,Z14,12,0.20229450436
01/12/2024,FEU,Z14,13,0.199055644278
01/12/2024,FEU,Z14,14,0.198681450237
01/12/2024,FEU,Z14,15,0.146292719216
01/12/2024,FEU,Z14,16,0.14995291236
01/12/2024,FEU,Z14,17,0.160970509463
01/12/2024,FEU,Z14,18,0.168689809586
01/12/2024,FEU,Z14,19,0.242277624689
01/12/2024,FEU,Z14,2,0.123677025718
01/12/2024,FEU,Z14,20,0.235142925833
01/12/2024,FEU,Z14,21,0.223681684895
01/12/2024,FEU,Z14,22,0.214412400936
01/12/2024,FEU,Z14,23,0.160679557142
01/12/2024,FEU,Z14,24,0.158476093265
01/12/2024,FEU,Z14,3,0.122624329883
01/12/2024,FEU,Z14,4,0.119169725924
01/12/2024,FEU,Z14,5,0.119256108903
01/12/2024,FEU,Z14,6,0.120820633759
01/12/2024,FEU,Z14,7,0.126125945307
01/12/2024,FEU,Z14,8,0.140355957957
01/12/2024,FEU,Z14,9,0.176849475628
01/13/2024,FEU,Z14,1,0.134364013272
01/13/2024,FEU,Z14,10,0.135641977499
01/13/2024,FEU,Z14,11,0.129146783027
01/13/2024,FEU,Z14,12,0.119616388507
01/13/2024,FEU,Z14,13,0.108915200377
01/13/2024,FEU,Z14,14,0.106262949856
01/13/2024,FEU,Z14,15,0.109566556117
01/13/2024,FEU,Z14,16,0.119695027417
01/13/2024,FEU,Z14,17,0.131448415239
01/13/2024,FEU,Z14,18,0.1409925808
01/13/2024,FEU,Z14,19,0.15066716306
01/13/2024,FEU,Z14,2,0.133243028833
01/13/2024,FEU,Z14,20,0.145560431711
01/13/2024,FEU,Z14,21,0.141663651581
01/13/2024,FEU,Z14,22,0.13975232132
01/13/2024,FEU,Z14,23,0.135168497841
01/13/2024,FEU,Z14,24,0.133788412621
01/13/2024,FEU,Z14,3,0.128655865874
01/13/2024,FEU,Z14,4,0.126031526524
01/13/2024,FEU,Z14,5,0.122249126524
01/13/2024,FEU,Z14,6,0.122263206524
01/13/2024,FEU,Z14,7,0.124654285484
01/13/2024,FEU,Z14,8,0.129057561792
01/13/2024,FEU,Z14,9,0.134335602231
01/14/2024,FEU,Z14,1,0.135868259815
01/14/2024,FEU,Z14,10,0.125732638011
01/14/2024,FEU,Z14,11,0.115189761279
01/14/2024,FEU,Z14,12,0.10807506906
01/14/2024,FEU,Z14,13,0.106373651987
01/14/2024,FEU,Z14,14,0.103177261914
01/14/2024,FEU,Z14,15,0.10025948595
01/14/2024,FEU,Z14,16,0.102194426389
01/14/2024,FEU,Z14,17,0.106917400718
01/14/2024,FEU,Z14,18,0.115754604974
01/14/2024,FEU,Z14,19,0.129416214974
01/14/2024,FEU,Z14,2,0.132403022108
01/14/2024,FEU,Z14,20,0.135909384974
01/14/2024,FEU,Z14,21,0.128463996937
01/14/2024,FEU,Z14,22,0.127739112901
01/14/2024,FEU,Z14,23,0.125881589011
01/14/2024,FEU,Z14,24,0.114072385193
01/14/2024,FEU,Z14,3,0.130431400546
01/14/2024,FEU,Z14,4,0.124900730729
01/14/2024,FEU,Z14,5,0.122193966802
01/14/2024,FEU,Z14,6,0.118932470729
01/14/2024,FEU,Z14,7,0.118142048583
01/14/2024,FEU,Z14,8,0.120824864181
01/14/2024,FEU,Z14,9,0.125887975742
01/15/2024,FEU,Z14,1,0.123873860737
01/15/2024,FEU,Z14,10,0.165260240421
01/15/2024,FEU,Z14,11,0.20898941022
01/15/2024,FEU,Z14,12,0.202203659418
01/15/2024,FEU,Z14,13,0.196860499018
01/15/2024,FEU,Z14,14,0.193361639718
01/15/2024,FEU,Z14,15,0.146759285119
01/15/2024,FEU,Z14,16,0.155091174021
01/15/2024,FEU,Z14,17,0.159947221522
01/15/2024,FEU,Z14,18,0.164303426923
01/15/2024,FEU,Z14,19,0.228965640323
01/15/2024,FEU,Z14,2,0.112697390541
01/15/2024,FEU,Z14,20,0.232369103124
01/15/2024,FEU,Z14,21,0.225463378824
01/15/2024,FEU,Z14,22,0.217273648525
01/15/2024,FEU,Z14,23,0.164201358127
01/15/2024,FEU,Z14,24,0.158591319029
01/15/2024,FEU,Z14,3,0.110562923042
01/15/2024,FEU,Z14,4,0.107661696143
01/15/2024,FEU,Z14,5,0.108961827443
01/15/2024,FEU,Z14,6,0.112106168541
01/15/2024,FEU,Z14,7,0.113813682034
01/15/2024,FEU,Z14,8,0.129410814328
01/15/2024,FEU,Z14,9,0.165336818424
01/16/2024,FEU,Z14,1,0.128853479116
01/16/2024,FEU,Z14,10,0.186161570761
01/16/2024,FEU,Z14,11,0.211482158831
01/16/2024,FEU,Z14,12,0.202027928349
01/16/2024,FEU,Z14,13,0.203295216125
01/16/2024,FEU,Z14,14,0.199344414643
01/16/2024,FEU,Z14,15,0.150065103384
01/16/2024,FEU,Z14,16,0.149341840573
01/16/2024,FEU,Z14,17,0.146464865761
01/16/2024,FEU,Z14,18,0.15080829095
01/16/2024,FEU,Z14,19,0.201377151397
01/16/2024,FEU,Z14,2,0.126697926528
01/16/2024,FEU,Z14,20,0.214573343397
01/16/2024,FEU,Z14,21,0.215676247397
01/16/2024,FEU,Z14,22,0.20239381688
01/16/2024,FEU,Z14,23,0.137507085586
01/16/2024,FEU,Z14,24,0.117435044292
01/16/2024,FEU,Z14,3,0.123398534717
01/16/2024,FEU,Z14,4,0.120969523423
01/16/2024,FEU,Z14,5,0.120768919164
01/16/2024,FEU,Z14,6,0.122421440458
01/16/2024,FEU,Z14,7,0.130198936375
01/16/2024,FEU,Z14,8,0.140406040551
01/16/2024,FEU,Z14,9,0.194996173173
01/17/2024,FEU,Z14,1,0.06230588775
01/17/2024,FEU,Z14,10,0.112295312159
01/17/2024,FEU,Z14,11,0.161565595425
01/17/2024,FEU,Z14,12,0.149921708333
01/17/2024,FEU,Z14,13,0.130725344058
01/17/2024,FEU,Z14,14,0.125468707874
01/17/2024,FEU,Z14,15,0.066497232874
01/17/2024,FEU,Z14,16,0.068275218517
01/17/2024,FEU,Z14,17,0.083050591976
01/17/2024,FEU,Z14,18,0.110438781435
01/17/2024,FEU,Z14,19,0.162410369802
01/17/2024,FEU,Z14,2,0.059309799484
01/17/2024,FEU,Z14,20,0.168942206077
01/17/2024,FEU,Z14,21,0.175289171261
01/17/2024,FEU,Z14,22,0.166781669445
01/17/2024,FEU,Z14,23,0.110748558904
01/17/2024,FEU,Z14,24,0.083610111546
01/17/2024,FEU,Z14,3,0.048527964035
01/17/2024,FEU,Z14,4,0.04766793131
01/17/2024,FEU,Z14,5,0.047635283127
01/17/2024,FEU,Z14,6,0.047220134484
01/17/2024,FEU,Z14,7,0.060295958648
01/17/2024,FEU,Z14,8,0.088016311271
01/17/2024,FEU,Z14,9,0.112726401985
01/18/2024,FEU,Z14,1,0.040129590125
01/18/2024,FEU,Z14,10,0.125285868898
01/18/2024,FEU,Z14,11,0.161487317367
01/18/2024,FEU,Z14,12,0.159083518112
01/18/2024,FEU,Z14,13,0.153257035601
01/18/2024,FEU,Z14,14,0.148192021091
01/18/2024,FEU,Z14,15,0.098701658346
01/18/2024,FEU,Z14,16,0.112361673643
01/18/2024,FEU,Z14,17,0.133753473939
01/18/2024,FEU,Z14,18,0.169302889725
01/18/2024,FEU,Z14,19,0.23037797298
01/18/2024,FEU,Z14,2,0.041418282677
01/18/2024,FEU,Z14,20,0.226545743491
01/18/2024,FEU,Z14,21,0.233695928746
01/18/2024,FEU,Z14,22,0.226462003511
01/18/2024,FEU,Z14,23,0.167460795042
01/18/2024,FEU,Z14,24,0.148025472318
01/18/2024,FEU,Z14,3,0.040473722208
01/18/2024,FEU,Z14,4,0.037829570228
01/18/2024,FEU,Z14,5,0.038699040483
01/18/2024,FEU,Z14,6,0.040812318952
01/18/2024,FEU,Z14,7,0.039905453339
01/18/2024,FEU,Z14,8,0.069412070022
01/18/2024,FEU,Z14,9,0.115702506194
01/19/2024,FEU,Z14,1,0.117011592535
01/19/2024,FEU,Z14,10,0.15448874926
01/19/2024,FEU,Z14,11,0.195811770767
01/19/2024,FEU,Z14,12,0.191860577349
01/19/2024,FEU,Z14,13,0.19291086702
01/19/2024,FEU,Z14,14,0.183840489856
01/19/2024,FEU,Z14,15,0.122765150273
01/19/2024,FEU,Z14,16,0.123846377349
01/19/2024,FEU,Z14,17,0.12735339126
01/19/2024,FEU,Z14,18,0.133993655753
01/19/2024,FEU,Z14,19,0.195325898664
01/19/2024,FEU,Z14,2,0.114020227775
01/19/2024,FEU,Z14,20,0.20218043374
01/19/2024,FEU,Z14,21,0.200673004487
01/19/2024,FEU,Z14,22,0.196706973651
01/19/2024,FEU,Z14,23,0.140644331473
01/19/2024,FEU,Z14,24,0.125364990967
01/19/2024,FEU,Z14,3,0.114937398433
01/19/2024,FEU,Z14,4,0.105930353598
01/19/2024,FEU,Z14,5,0.099266414015
01/19/2024,FEU,Z14,6,0.09257746894
01/19/2024,FEU,Z14,7,0.103000176131
01/19/2024,FEU,Z14,8,0.114790238233
01/19/2024,FEU,Z14,9,0.149240145918
01/20/2024,FEU,Z14,1,0.118631170699
01/20/2024,FEU,Z14,10,0.131860834683
01/20/2024,FEU,Z14,11,0.122703660672
01/20/2024,FEU,Z14,12,0.11605294667
01/20/2024,FEU,Z14,13,0.113384080669
01/20/2024,FEU,Z14,14,0.106472444667
01/20/2024,FEU,Z14,15,0.112188400668
01/20/2024,FEU,Z14,16,0.119857010674
01/20/2024,FEU,Z14,17,0.132593920681
01/20/2024,FEU,Z14,18,0.139726756688
01/20/2024,FEU,Z14,19,0.142940644689
01/20/2024,FEU,Z14,2,0.109036829705
01/20/2024,FEU,Z14,20,0.143644807692
01/20/2024,FEU,Z14,21,0.143846926691
01/20/2024,FEU,Z14,22,0.14401032069
01/20/2024,FEU,Z14,23,0.138706272693
01/20/2024,FEU,Z14,24,0.128625750696
01/20/2024,FEU,Z14,3,0.11194810071
01/20/2024,FEU,Z14,4,0.112778240713
01/20/2024,FEU,Z14,5,0.112609280713
01/20/2024,FEU,Z14,6,0.118223360713
01/20/2024,FEU,Z14,7,0.122860600708
01/20/2024,FEU,Z14,8,0.123934527701
01/20/2024,FEU,Z14,9,0.126590323694
01/21/2024,FEU,Z14,1,0.116198063243
01/21/2024,FEU,Z14,10,0.102658182019
01/21/2024,FEU,Z14,11,0.099092566906
01/21/2024,FEU,Z14,12,0.096022079572
01/21/2024,FEU,Z14,13,0.09440202046
01/21/2024,FEU,Z14,14,0.083581168349
01/21/2024,FEU,Z14,15,0.089823143905
01/21/2024,FEU,Z14,16,0.092737996573
01/21/2024,FEU,Z14,17,0.098085529574
01/21/2024,FEU,Z14,18,0.107297763463
01/21/2024,FEU,Z14,19,0.127789563463
01/21/2024,FEU,Z14,2,0.104580972689
01/21/2024,FEU,Z14,20,0.140726703463
01/21/2024,FEU,Z14,21,0.143196657908
01/21/2024,FEU,Z14,22,0.141287046352
01/21/2024,FEU,Z14,23,0.120292257019
01/21/2024,FEU,Z14,24,0.098860338797
01/21/2024,FEU,Z14,3,0.105226661357
01/21/2024,FEU,Z14,4,0.105422118135
01/21/2024,FEU,Z14,5,0.105738951246
01/21/2024,FEU,Z14,6,0.105797850135
01/21/2024,FEU,Z14,7,0.105113511912
01/21/2024,FEU,Z14,8,0.1056783608
01/21/2024,FEU,Z14,9,0.105247125132
01/22/2024,FEU,Z14,1,0.093181933011
01/22/2024,FEU,Z14,10,0.154376120532
01/22/2024,FEU,Z14,11,0.185338056246
01/22/2024,FEU,Z14,12,0.174560120722
01/22/2024,FEU,Z14,13,0.16885624996
01/22/2024,FEU,Z14,14,0.169509684341
01/22/2024,FEU,Z14,15,0.121088603103
01/22/2024,FEU,Z14,16,0.12230375477
01/22/2024,FEU,Z14,17,0.129682059675
01/22/2024,FEU,Z14,18,0.144556410437
01/22/2024,FEU,Z14,19,0.216775657199
01/22/2024,FEU,Z14,2,0.087445350345
01/22/2024,FEU,Z14,20,0.225113414723
01/22/2024,FEU,Z14,21,0.242424574104
01/22/2024,FEU,Z14,22,0.223620441485
01/22/2024,FEU,Z14,23,0.164317514533
01/22/2024,FEU,Z14,24,0.1429145102
01/22/2024,FEU,Z14,3,0.08020595325
01/22/2024,FEU,Z14,4,0.068657779393
01/22/2024,FEU,Z14,5,0.072108071012
01/22/2024,FEU,Z14,6,0.085491912345
01/22/2024,FEU,Z14,7,0.09539932782
01/22/2024,FEU,Z14,8,0.118986744819
01/22/2024,FEU,Z14,9,0.160724132342
01/23/2024,FEU,Z14,1,0.100959224864
01/23/2024,FEU,Z14,10,0.155687437994
01/23/2024,FEU,Z14,11,0.191624400995
01/23/2024,FEU,Z14,12,0.176440974245
01/23/2024,FEU,Z14,13,0.17060893712
01/23/2024,FEU,Z14,14,0.169540722371
01/23/2024,FEU,Z14,15,0.120128682746
01/23/2024,FEU,Z14,16,0.12467852537
01/23/2024,FEU,Z14,17,0.128148662994
01/23/2024,FEU,Z14,18,0.146002254618
01/23/2024,FEU,Z14,19,0.212576076868
01/23/2024,FEU,Z14,2,0.100647468613
01/23/2024,FEU,Z14,20,0.234822604868
01/23/2024,FEU,Z14,21,0.252065596868
01/23/2024,FEU,Z14,22,0.224691253617
01/23/2024,FEU,Z14,23,0.157973315492
01/23/2024,FEU,Z14,24,0.148537277366
01/23/2024,FEU,Z14,3,0.101284930237
01/23/2024,FEU,Z14,4,0.101779089112
01/23/2024,FEU,Z14,5,0.100216920487
01/23/2024,FEU,Z14,6,0.104018955612
01/23/2024,FEU,Z14,7,0.109508421489
01/23/2024,FEU,Z14,8,0.130853509991
01/23/2024,FEU,Z14,9,0.163203011743
01/24/2024,FEU,Z14,1,0.126477342097
01/24/2024,FEU,Z14,10,0.149457437438
01/24/2024,FEU,Z14,11,0.177568076173
01/24/2024,FEU,Z14,12,0.16915681914
01/24/2024,FEU,Z14,13,0.16667556304
01/24/2024,FEU,Z14,14,0.164221313974
01/24/2024,FEU,Z14,15,0.113647563974
01/24/2024,FEU,Z14,16,0.118765461206
01/24/2024,FEU,Z14,17,0.121861861372
01/24/2024,FEU,Z14,18,0.149110767538
01/24/2024,FEU,Z14,19,0.206978043671
01/24/2024,FEU,Z14,2,0.119730617362
01/24/2024,FEU,Z14,20,0.27523948077
01/24/2024,FEU,Z14,21,0.277643124836
01/24/2024,FEU,Z14,22,0.217693761903
01/24/2024,FEU,Z14,23,0.150111168069
01/24/2024,FEU,Z14,24,0.135190435301
01/24/2024,FEU,Z14,3,0.116693596561
01/24/2024,FEU,Z14,4,0.114887721661
01/24/2024,FEU,Z14,5,0.114162417594
01/24/2024,FEU,Z14,6,0.112096483362
01/24/2024,FEU,Z14,7,0.120146492699
01/24/2024,FEU,Z14,8,0.131249492201
01/24/2024,FEU,Z14,9,0.165774969737
01/25/2024,FEU,Z14,1,0.10356446896
01/25/2024,FEU,Z14,10,0.153100809661
01/25/2024,FEU,Z14,11,0.184855842484
01/25/2024,FEU,Z14,12,0.175195714954
01/25/2024,FEU,Z14,13,0.174262681895
01/25/2024,FEU,Z14,14,0.173977704836
01/25/2024,FEU,Z14,15,0.123826576366
01/25/2024,FEU,Z14,16,0.122503180131
01/25/2024,FEU,Z14,17,0.130241931897
01/25/2024,FEU,Z14,18,0.136948652604
01/25/2024,FEU,Z14,19,0.210397626133
01/25/2024,FEU,Z14,2,0.101120109255
01/25/2024,FEU,Z14,20,0.233436166192
01/25/2024,FEU,Z14,21,0.261217710722
01/25/2024,FEU,Z14,22,0.22154119531
01/25/2024,FEU,Z14,23,0.144582937488
01/25/2024,FEU,Z14,24,0.136436976135
01/25/2024,FEU,Z14,3,0.104236284432
01/25/2024,FEU,Z14,4,0.09982063955
01/25/2024,FEU,Z14,5,0.10181087308
01/25/2024,FEU,Z14,6,0.106058911903
01/25/2024,FEU,Z14,7,0.113852266253
01/25/2024,FEU,Z14,8,0.122137328369
01/25/2024,FEU,Z14,9,0.160564835427
01/26/2024,FEU,Z14,1,0.107353447179
01/26/2024,FEU,Z14,10,0.140588684538
01/26/2024,FEU,Z14,11,0.176492729348
01/26/2024,FEU,Z14,12,0.17431659738
01/26/2024,FEU,Z14,13,0.166860537253
01/26/2024,FEU,Z14,14,0.15930445719
01/26/2024,FEU,Z14,15,0.112470460159
01/26/2024,FEU,Z14,16,0.11644690938
01/26/2024,FEU,Z14,17,0.124509837538
01/26/2024,FEU,Z14,18,0.137662842727
01/26/2024,FEU,Z14,19,0.205736437885
01/26/2024,FEU,Z14,2,0.111449539463
01/26/2024,FEU,Z14,20,0.215101911106
01/26/2024,FEU,Z14,21,0.232642958201
01/26/2024,FEU,Z14,22,0.210726722264
01/26/2024,FEU,Z14,23,0.140748750579
01/26/2024,FEU,Z14,24,0.135979146769
01/26/2024,FEU,Z14,3,0.113103799716
01/26/2024,FEU,Z14,4,0.114366619779
01/26/2024,FEU,Z14,5,0.112526767747
01/26/2024,FEU,Z14,6,0.113187203526
01/26/2024,FEU,Z14,7,0.117065778832
01/26/2024,FEU,Z14,8,0.119808964295
01/26/2024,FEU,Z14,9,0.18502140779
01/27/2024,FEU,Z14,1,0.112198304684
01/27/2024,FEU,Z14,10,0.116066534567
01/27/2024,FEU,Z14,11,0.10161641756
01/27/2024,FEU,Z14,12,0.094998293717
01/27/2024,FEU,Z14,13,0.085158969506
01/27/2024,FEU,Z14,14,0.086016846662
01/27/2024,FEU,Z14,15,0.084936653084
01/27/2024,FEU,Z14,16,0.087402645193
01/27/2024,FEU,Z14,17,0.098260978146
01/27/2024,FEU,Z14,18,0.121031280676
01/27/2024,FEU,Z14,19,0.142513795098
01/27/2024,FEU,Z14,2,0.109232214214
01/27/2024,FEU,Z14,20,0.139785554153
01/27/2024,FEU,Z14,21,0.139548625942
01/27/2024,FEU,Z14,22,0.13600514152
01/27/2024,FEU,Z14,23,0.118754018364
01/27/2024,FEU,Z14,24,0.117968513629
01/27/2024,FEU,Z14,3,0.108726443902
01/27/2024,FEU,Z14,4,0.105542669956
01/27/2024,FEU,Z14,5,0.103800589956
01/27/2024,FEU,Z14,6,0.105581069956
01/27/2024,FEU,Z14,7,0.107068988269
01/27/2024,FEU,Z14,8,0.110413132527
01/27/2024,FEU,Z14,9,0.122641336996
01/28/2024,FEU,Z14,1,0.113102624674
01/28/2024,FEU,Z14,10,0.10044186273
01/28/2024,FEU,Z14,11,0.083646962054
01/28/2024,FEU,Z14,12,0.076713856251
01/28/2024,FEU,Z14,13,0.082318580983
01/28/2024,FEU,Z14,14,0.079187403716
01/28/2024,FEU,Z14,15,0.080080426849
01/28/2024,FEU,Z14,16,0.079163750455
01/28/2024,FEU,Z14,17,0.08756476766
01/28/2024,FEU,Z14,18,0.105820014596
01/28/2024,FEU,Z14,19,0.114298404596
01/28/2024,FEU,Z14,2,0.111809753745
01/28/2024,FEU,Z14,20,0.114910944596
01/28/2024,FEU,Z14,21,0.112623535463
01/28/2024,FEU,Z14,22,0.106175552329
01/28/2024,FEU,Z14,23,0.10159161673
01/28/2024,FEU,Z14,24,0.097789441399
01/28/2024,FEU,Z14,3,0.107497156351
01/28/2024,FEU,Z14,4,0.10239527502
01/28/2024,FEU,Z14,5,0.099288491287
01/28/2024,FEU,Z14,6,0.09811269702
01/28/2024,FEU,Z14,7,0.101694832484
01/28/2024,FEU,Z14,8,0.102968693012
01/28/2024,FEU,Z14,9,0.103350081407
01/29/2024,FEU,Z14,1,0.090224088908
01/29/2024,FEU,Z14,10,0.151569593651
01/29/2024,FEU,Z14,11,0.190848709337
01/29/2024,FEU,Z14,12,0.182418203794
01/29/2024,FEU,Z14,13,0.180633778023
01/29/2024,FEU,Z14,14,0.184776992908
01/29/2024,FEU,Z14,15,0.13962708868
01/29/2024,FEU,Z14,16,0.14194394588
01/29/2024,FEU,Z14,17,0.147108383308
01/29/2024,FEU,Z14,18,0.15361988508
01/29/2024,FEU,Z14,19,0.227669862851
01/29/2024,FEU,Z14,2,0.088889229308
01/29/2024,FEU,Z14,20,0.226301166394
01/29/2024,FEU,Z14,21,0.22746510728
01/29/2024,FEU,Z14,22,0.207816420165
01/29/2024,FEU,Z14,23,0.152352943251
01/29/2024,FEU,Z14,24,0.145049434451
01/29/2024,FEU,Z14,3,0.096287286737
01/29/2024,FEU,Z14,4,0.098034314394
01/29/2024,FEU,Z14,5,0.101888002508
01/29/2024,FEU,Z14,6,0.110931555308
01/29/2024,FEU,Z14,7,0.125325428165
01/29/2024,FEU,Z14,8,0.129629420565
01/29/2024,FEU,Z14,9,0.165515085508
01/30/2024,FEU,Z14,1,0.114350424325
01/30/2024,FEU,Z14,10,0.151389446507
01/30/2024,FEU,Z14,11,0.188101805673
01/30/2024,FEU,Z14,12,0.180444324214
01/30/2024,FEU,Z14,13,0.177385762026
01/30/2024,FEU,Z14,14,0.177647740568
01/30/2024,FEU,Z14,15,0.131779666297
01/30/2024,FEU,Z14,16,0.132779918402
01/30/2024,FEU,Z14,17,0.141125591507
01/30/2024,FEU,Z14,18,0.152588438612
01/30/2024,FEU,Z14,19,0.215381480988
01/30/2024,FEU,Z14,2,0.110757911618
01/30/2024,FEU,Z14,20,0.224407656988
01/30/2024,FEU,Z14,21,0.244311872988
01/30/2024,FEU,Z14,22,0.209726402446
01/30/2024,FEU,Z14,23,0.153023836093
01/30/2024,FEU,Z14,24,0.142391349739
01/30/2024,FEU,Z14,3,0.114246302723
01/30/2024,FEU,Z14,4,0.11021853037
01/30/2024,FEU,Z14,5,0.108919438099
01/30/2024,FEU,Z14,6,0.115523811453
01/30/2024,FEU,Z14,7,0.122688103596
01/30/2024,FEU,Z14,8,0.13075154601
01/30/2024,FEU,Z14,9,0.1606922188
01/31/2024,FEU,Z14,1,0.114971949774
01/31/2024,FEU,Z14,10,0.154832869662
01/31/2024,FEU,Z14,11,0.192318729645
01/31/2024,FEU,Z14,12,0.179678842642
01/31/2024,FEU,Z14,13,0.177087268636
01/31/2024,FEU,Z14,14,0.172897477631
01/31/2024,FEU,Z14,15,0.121941852631
01/31/2024,FEU,Z14,16,0.121649504647
01/31/2024,FEU,Z14,17,0.123455965658
01/31/2024,FEU,Z14,18,0.136431426669
01/31/2024,FEU,Z14,19,0.202671210678
01/31/2024,FEU,Z14,2,0.114100373792
01/31/2024,FEU,Z14,20,0.237313874685
01/31/2024,FEU,Z14,21,0.297423557689
01/31/2024,FEU,Z14,22,0.207376796694
01/31/2024,FEU,Z14,23,0.146754098705
01/31/2024,FEU,Z14,24,0.139486637721
01/31/2024,FEU,Z14,3,0.114636131806
01/31/2024,FEU,Z14,4,0.113680666812
01/31/2024,FEU,Z14,5,0.112854456808
01/31/2024,FEU,Z14,6,0.117404923792
01/31/2024,FEU,Z14,7,0.126303540748
01/31/2024,FEU,Z14,8,0.132914742714
01/31/2024,FEU,Z14,9,0.188376400683
02/01/2024,FEU,Z14,1,0.111882162028
02/01/2024,FEU,Z14,10,0.152959879378
02/01/2024,FEU,Z14,11,0.173451469363
02/01/2024,FEU,Z14,12,0.16626851237
02/01/2024,FEU,Z14,13,0.164342786867
02/01/2024,FEU,Z14,14,0.163976949852
02/01/2024,FEU,Z14,15,0.114038441845
02/01/2024,FEU,Z14,16,0.115259135867
02/01/2024,FEU,Z14,17,0.122262246881
02/01/2024,FEU,Z14,18,0.138671342385
02/01/2024,FEU,Z14,19,0.218065861881
02/01/2024,FEU,Z14,2,0.104065230561
02/01/2024,FEU,Z14,20,0.216198076881
02/01/2024,FEU,Z14,21,0.210117541378
02/01/2024,FEU,Z14,22,0.198222690385
02/01/2024,FEU,Z14,23,0.148218533903
02/01/2024,FEU,Z14,24,0.134356927422
02/01/2024,FEU,Z14,3,0.099466189087
02/01/2024,FEU,Z14,4,0.09945460659
02/01/2024,FEU,Z14,5,0.097954981087
02/01/2024,FEU,Z14,6,0.104625046072
02/01/2024,FEU,Z14,7,0.114932380517
02/01/2024,FEU,Z14,8,0.130060548962
02/01/2024,FEU,Z14,9,0.162075286918
02/02/2024,FEU,Z14,1,0.104916923335
02/02/2024,FEU,Z14,10,0.148941358349
02/02/2024,FEU,Z14,11,0.174582350704
02/02/2024,FEU,Z14,12,0.165565824526
02/02/2024,FEU,Z14,13,0.165325124969
02/02/2024,FEU,Z14,14,0.167045841235
02/02/2024,FEU,Z14,15,0.114192575413
02/02/2024,FEU,Z14,16,0.118287149969
02/02/2024,FEU,Z14,17,0.117656175792
02/02/2024,FEU,Z14,18,0.134845124526
02/02/2024,FEU,Z14,19,0.194764345994
02/02/2024,FEU,Z14,2,0.103115090449
02/02/2024,FEU,Z14,20,0.20048269364
02/02/2024,FEU,Z14,21,0.200603199463
02/02/2024,FEU,Z14,22,0.192829865463
02/02/2024,FEU,Z14,23,0.13430200702
02/02/2024,FEU,Z14,24,0.118193442399
02/02/2024,FEU,Z14,3,0.103541184272
02/02/2024,FEU,Z14,4,0.100247647917
02/02/2024,FEU,Z14,5,0.097599038006
02/02/2024,FEU,Z14,6,0.099814970449
02/02/2024,FEU,Z14,7,0.103301851867
02/02/2024,FEU,Z14,8,0.121052382754
02/02/2024,FEU,Z14,9,0.15795289364
02/03/2024,FEU,Z14,1,0.099896167368
02/03/2024,FEU,Z14,10,0.100042236168
02/03/2024,FEU,Z14,11,0.091105355531
02/03/2024,FEU,Z14,12,0.08105779996
02/03/2024,FEU,Z14,13,0.07596319196
02/03/2024,FEU,Z14,14,0.073282116819
02/03/2024,FEU,Z14,15,0.075873319034
02/03/2024,FEU,Z14,16,0.084497266886
02/03/2024,FEU,Z14,17,0.093152877383
02/03/2024,FEU,Z14,18,0.107373764309
02/03/2024,FEU,Z14,19,0.122794042805
02/03/2024,FEU,Z14,2,0.097204243435
02/03/2024,FEU,Z14,20,0.130749167731
02/03/2024,FEU,Z14,21,0.140756513087
02/03/2024,FEU,Z14,22,0.138591679442
02/03/2024,FEU,Z14,23,0.131297679583
02/03/2024,FEU,Z14,24,0.113652495294
02/03/2024,FEU,Z14,3,0.096381480146
02/03/2024,FEU,Z14,4,0.097395059931
02/03/2024,FEU,Z14,5,0.098371979072
02/03/2024,FEU,Z14,6,0.099934475072
02/03/2024,FEU,Z14,7,0.100177718361
02/03/2024,FEU,Z14,8,0.102618718079
02/03/2024,FEU,Z14,9,0.105226661872
02/04/2024,FEU,Z14,1,0.1170709046
02/04/2024,FEU,Z14,10,0.102499843974
02/04/2024,FEU,Z14,11,0.081266262791
02/04/2024,FEU,Z14,12,0.074744700569
02/04/2024,FEU,Z14,13,0.067400672421
02/04/2024,FEU,Z14,14,0.06782478783
02/04/2024,FEU,Z14,15,0.067203021904
02/04/2024,FEU,Z14,16,0.065164834643
02/04/2024,FEU,Z14,17,0.079960038382
02/04/2024,FEU,Z14,18,0.0939374979
02/04/2024,FEU,Z14,19,0.11836003327
02/04/2024,FEU,Z14,2,0.117070842414
02/04/2024,FEU,Z14,20,0.130918010974
02/04/2024,FEU,Z14,21,0.180604303752
02/04/2024,FEU,Z14,22,0.169315224826
02/04/2024,FEU,Z14,23,0.125476328343
02/04/2024,FEU,Z14,24,0.117046632861
02/04/2024,FEU,Z14,3,0.117983327079
02/04/2024,FEU,Z14,4,0.118507183523
02/04/2024,FEU,Z14,5,0.117365635818
02/04/2024,FEU,Z14,6,0.116643853744
02/04/2024,FEU,Z14,7,0.116335879301
02/04/2024,FEU,Z14,8,0.115143686635
02/04/2024,FEU,Z14,9,0.11716650397
02/05/2024,FEU,Z14,1,0.116091863731
02/05/2024,FEU,Z14,10,0.145646556544
02/05/2024,FEU,Z14,11,0.183157013868
02/05/2024,FEU,Z14,12,0.177418543949
02/05/2024,FEU,Z14,13,0.167676880031
02/05/2024,FEU,Z14,14,0.155544822355
02/05/2024,FEU,Z14,15,0.106858428193
02/05/2024,FEU,Z14,16,0.118535351787
02/05/2024,FEU,Z14,17,0.126840143625
02/05/2024,FEU,Z14,18,0.133095833463
02/05/2024,FEU,Z14,19,0.197878268382
02/05/2024,FEU,Z14,2,0.118873148595
02/05/2024,FEU,Z14,20,0.247142783138
02/05/2024,FEU,Z14,21,0.311438878057
02/05/2024,FEU,Z14,22,0.224864713057
02/05/2024,FEU,Z14,23,0.138547702651
02/05/2024,FEU,Z14,24,0.132807718165
02/05/2024,FEU,Z14,3,0.118319278514
02/05/2024,FEU,Z14,4,0.118404556271
02/05/2024,FEU,Z14,5,0.118258914433
02/05/2024,FEU,Z14,6,0.118876784001
02/05/2024,FEU,Z14,7,0.116184876705
02/05/2024,FEU,Z14,8,0.120153319597
02/05/2024,FEU,Z14,9,0.159927394814
02/06/2024,FEU,Z14,1,0.114219047566
02/06/2024,FEU,Z14,10,0.159668965129
02/06/2024,FEU,Z14,11,0.192378120715
02/06/2024,FEU,Z14,12,0.185972359129
02/06/2024,FEU,Z14,13,0.182234414008
02/06/2024,FEU,Z14,14,0.165447439301
02/06/2024,FEU,Z14,15,0.109704719008
02/06/2024,FEU,Z14,16,0.116959950776
02/06/2024,FEU,Z14,17,0.122547877129
02/06/2024,FEU,Z14,18,0.133559430837
02/06/2024,FEU,Z14,19,0.190300453129
02/06/2024,FEU,Z14,2,0.118074918456
02/06/2024,FEU,Z14,20,0.202522317544
02/06/2024,FEU,Z14,21,0.202206837544
02/06/2024,FEU,Z14,22,0.18996861219
02/06/2024,FEU,Z14,23,0.131582202958
02/06/2024,FEU,Z14,24,0.11661407108
02/06/2024,FEU,Z14,3,0.11876290387
02/06/2024,FEU,Z14,4,0.116652409284
02/06/2024,FEU,Z14,5,0.112460248577
02/06/2024,FEU,Z14,6,0.115658158456
02/06/2024,FEU,Z14,7,0.114795054737
02/06/2024,FEU,Z14,8,0.119622830494
02/06/2024,FEU,Z14,9,0.190858365251
02/07/2024,FEU,Z14,1,0.083941020475
02/07/2024,FEU,Z14,10,0.136568901794
02/07/2024,FEU,Z14,11,0.182817779791
02/07/2024,FEU,Z14,12,0.175726370458
02/07/2024,FEU,Z14,13,0.158832622457
02/07/2024,FEU,Z14,14,0.153275771788
02/07/2024,FEU,Z14,15,0.096950220455
02/07/2024,FEU,Z14,16,0.090406970458
02/07/2024,FEU,Z14,17,0.101727933794
02/07/2024,FEU,Z14,18,0.105238073795
02/07/2024,FEU,Z14,19,0.173805145796
02/07/2024,FEU,Z14,2,0.082508087145
02/07/2024,FEU,Z14,20,0.19291170513
02/07/2024,FEU,Z14,21,0.197400953796
02/07/2024,FEU,Z14,22,0.186654312462
02/07/2024,FEU,Z14,23,0.125797376465
02/07/2024,FEU,Z14,24,0.109874362467
02/07/2024,FEU,Z14,3,0.08180819848
02/07/2024,FEU,Z14,4,0.077167273815
02/07/2024,FEU,Z14,5,0.063175939815
02/07/2024,FEU,Z14,6,0.08198456248
02/07/2024,FEU,Z14,7,0.091234158806
02/07/2024,FEU,Z14,8,0.113797056468
02/07/2024,FEU,Z14,9,0.143996067131
02/08/2024,FEU,Z14,1,0.092941985106
02/08/2024,FEU,Z14,10,0.106695751657
02/08/2024,FEU,Z14,11,0.150127260345
02/08/2024,FEU,Z14,12,0.147745815001
02/08/2024,FEU,Z14,13,0.151035534673
02/08/2024,FEU,Z14,14,0.143833351361
02/08/2024,FEU,Z14,15,0.098835868705
02/08/2024,FEU,Z14,16,0.099086337673
02/08/2024,FEU,Z14,17,0.106410361985
02/08/2024,FEU,Z14,18,0.108187484313
02/08/2024,FEU,Z14,19,0.159521406985
02/08/2024,FEU,Z14,2,0.085276880058
02/08/2024,FEU,Z14,20,0.154547816985
02/08/2024,FEU,Z14,21,0.155015425657
02/08/2024,FEU,Z14,22,0.152438404313
02/08/2024,FEU,Z14,23,0.105498752954
02/08/2024,FEU,Z14,24,0.092292641594
02/08/2024,FEU,Z14,3,0.080572116355
02/08/2024,FEU,Z14,4,0.078969162683
02/08/2024,FEU,Z14,5,0.078133917355
02/08/2024,FEU,Z14,6,0.078512647043
02/08/2024,FEU,Z14,7,0.087720980122
02/08/2024,FEU,Z14,8,0.093159678202
02/08/2024,FEU,Z14,9,0.126273320266
02/09/2024,FEU,Z14,1,0.061530619998
02/09/2024,FEU,Z14,10,0.133672432076
02/09/2024,FEU,Z14,11,0.184886466439
02/09/2024,FEU,Z14,12,0.175051907258
02/09/2024,FEU,Z14,13,0.16656759521
02/09/2024,FEU,Z14,14,0.162116307982
02/09/2024,FEU,Z14,15,0.113740043163
02/09/2024,FEU,Z14,16,0.11293746521
02/09/2024,FEU,Z14,17,0.111079600029
02/09/2024,FEU,Z14,18,0.107218677258
02/09/2024,FEU,Z14,19,0.159301149714
02/09/2024,FEU,Z14,2,0.049023402093
02/09/2024,FEU,Z14,20,0.177630491352
02/09/2024,FEU,Z14,21,0.185376862171
02/09/2024,FEU,Z14,22,0.172307516171
02/09/2024,FEU,Z14,23,0.109356332218
02/09/2024,FEU,Z14,24,0.100042319085
02/09/2024,FEU,Z14,3,0.043278436912
02/09/2024,FEU,Z14,4,0.040786274549
02/09/2024,FEU,Z14,5,0.04131037814
02/09/2024,FEU,Z14,6,0.051206178093
02/09/2024,FEU,Z14,7,0.071684939541
02/09/2024,FEU,Z14,8,0.091241005447
02/09/2024,FEU,Z14,9,0.126353891352
02/10/2024,FEU,Z14,1,0.075109196512
02/10/2024,FEU,Z14,10,0.046206096263
02/10/2024,FEU,Z14,11,0.040487761866
02/10/2024,FEU,Z14,12,0.038876144885
02/10/2024,FEU,Z14,13,0.040279128885
02/10/2024,FEU,Z14,14,0.039562762922
02/10/2024,FEU,Z14,15,0.040170383431
02/10/2024,FEU,Z14,16,0.040983570338
02/10/2024,FEU,Z14,17,0.040901330773
02/10/2024,FEU,Z14,18,0.041563911226
02/10/2024,FEU,Z14,19,0.041775252661
02/10/2024,FEU,Z14,2,0.061337736928
02/10/2024,FEU,Z14,20,0.066951558114
02/10/2024,FEU,Z14,21,0.080603896586
02/10/2024,FEU,Z14,22,0.084070800058
02/10/2024,FEU,Z14,23,0.077799288021
02/10/2024,FEU,Z14,24,0.067478631965
02/10/2024,FEU,Z14,3,0.052265993872
02/10/2024,FEU,Z14,4,0.050366308362
02/10/2024,FEU,Z14,5,0.050252242325
02/10/2024,FEU,Z14,6,0.050239722325
02/10/2024,FEU,Z14,7,0.049632115381
02/10/2024,FEU,Z14,8,0.048665075456
02/10/2024,FEU,Z14,9,0.049302601077
02/11/2024,FEU,Z14,1,0.078982192544
02/11/2024,FEU,Z14,10,0.084609341803
02/11/2024,FEU,Z14,11,0.082935058537
02/11/2024,FEU,Z14,12,0.0782111198
02/11/2024,FEU,Z14,13,0.077793320642
02/11/2024,FEU,Z14,14,0.077315132009
02/11/2024,FEU,Z14,15,0.077909378588
02/11/2024,FEU,Z14,16,0.079150576379
02/11/2024,FEU,Z14,17,0.08763054517
02/11/2024,FEU,Z14,18,0.104331264224
02/11/2024,FEU,Z14,19,0.12743390112
02/11/2024,FEU,Z14,2,0.065242723915
02/11/2024,FEU,Z14,20,0.127902899803
02/11/2024,FEU,Z14,21,0.119311271066
02/11/2024,FEU,Z14,22,0.112389443645
02/11/2024,FEU,Z14,23,0.098716367699
02/11/2024,FEU,Z14,24,0.079614371753
02/11/2024,FEU,Z14,3,0.064836537127
02/11/2024,FEU,Z14,4,0.063861087602
02/11/2024,FEU,Z14,5,0.070186125918
02/11/2024,FEU,Z14,6,0.069760194339
02/11/2024,FEU,Z14,7,0.084458396864
02/11/2024,FEU,Z14,8,0.086228838652
02/11/2024,FEU,Z14,9,0.08735964844
02/12/2024,FEU,Z14,1,0.083069011894
02/12/2024,FEU,Z14,10,0.109544334037
02/12/2024,FEU,Z14,11,0.152758780433
02/12/2024,FEU,Z14,12,0.147598891031
02/12/2024,FEU,Z14,13,0.14673480163
02/12/2024,FEU,Z14,14,0.148701296025
02/12/2024,FEU,Z14,15,0.098840007828
02/12/2024,FEU,Z14,16,0.099079593834
02/12/2024,FEU,Z14,17,0.093073004636
02/12/2024,FEU,Z14,18,0.102509837439
02/12/2024,FEU,Z14,19,0.17327516484
02/12/2024,FEU,Z14,2,0.081161251511
02/12/2024,FEU,Z14,20,0.207458381043
02/12/2024,FEU,Z14,21,0.196175729445
02/12/2024,FEU,Z14,22,0.187586069445
02/12/2024,FEU,Z14,23,0.131728681451
02/12/2024,FEU,Z14,24,0.127214871858
02/12/2024,FEU,Z14,3,0.078352933912
02/12/2024,FEU,Z14,4,0.078420117116
02/12/2024,FEU,Z14,5,0.078261874314
02/12/2024,FEU,Z14,6,0.079078469505
02/12/2024,FEU,Z14,7,0.07776533108
02/12/2024,FEU,Z14,8,0.076770959666
02/12/2024,FEU,Z14,9,0.114394388648
02/13/2024,FEU,Z14,1,0.094360025507
02/13/2024,FEU,Z14,10,0.131269947044
02/13/2024,FEU,Z14,11,0.178776663364
02/13/2024,FEU,Z14,12,0.177536883044
02/13/2024,FEU,Z14,13,0.174683969024
02/13/2024,FEU,Z14,14,0.173425965684
02/13/2024,FEU,Z14,15,0.123903764024
02/13/2024,FEU,Z14,16,0.125203457374
02/13/2024,FEU,Z14,17,0.132696765044
02/13/2024,FEU,Z14,18,0.134350767385
02/13/2024,FEU,Z14,19,0.205745718044
02/13/2024,FEU,Z14,2,0.080602510878
02/13/2024,FEU,Z14,20,0.211467270725
02/13/2024,FEU,Z14,21,0.200852085725
02/13/2024,FEU,Z14,22,0.190808372055
02/13/2024,FEU,Z14,23,0.135907375405
02/13/2024,FEU,Z14,24,0.132521657425
02/13/2024,FEU,Z14,3,0.080297573558
02/13/2024,FEU,Z14,4,0.080458308238
02/13/2024,FEU,Z14,5,0.079967454898
02/13/2024,FEU,Z14,6,0.082376950878
02/13/2024,FEU,Z14,7,0.091285086146
02/13/2024,FEU,Z14,8,0.104308810106
02/13/2024,FEU,Z14,9,0.156617362065
02/14/2024,FEU,Z14,1,0.105193203498
02/14/2024,FEU,Z14,10,0.136458281308
02/14/2024,FEU,Z14,11,0.174280000121
02/14/2024,FEU,Z14,12,0.158918564589
02/14/2024,FEU,Z14,13,0.157907349995
02/14/2024,FEU,Z14,14,0.152450927339
02/14/2024,FEU,Z14,15,0.101102891402
02/14/2024,FEU,Z14,16,0.102581894589
02/14/2024,FEU,Z14,17,0.106349553308
02/14/2024,FEU,Z14,18,0.123895844902
02/14/2024,FEU,Z14,19,0.178073856496
02/14/2024,FEU,Z14,2,0.104602917748
02/14/2024,FEU,Z14,20,0.203026706028
02/14/2024,FEU,Z14,21,0.191768194496
02/14/2024,FEU,Z14,22,0.182947439965
02/14/2024,FEU,Z14,23,0.125111904153
02/14/2024,FEU,Z14,24,0.125596437341
02/14/2024,FEU,Z14,3,0.101779803873
02/14/2024,FEU,Z14,4,0.101807169999
02/14/2024,FEU,Z14,5,0.101162987999
02/14/2024,FEU,Z14,6,0.105550515873
02/14/2024,FEU,Z14,7,0.109217400841
02/14/2024,FEU,Z14,8,0.118730135934
02/14/2024,FEU,Z14,9,0.150463064621
02/15/2024,FEU,Z14,1,0.094388907244
02/15/2024,FEU,Z14,10,0.125460174324
02/15/2024,FEU,Z14,11,0.169567810624
02/15/2024,FEU,Z14,12,0.171478054474
02/15/2024,FEU,Z14,13,0.167578044549
02/15/2024,FEU,Z14,14,0.161779125849
02/15/2024,FEU,Z14,15,0.109181625999
02/15/2024,FEU,Z14,16,0.111684255549
02/15/2024,FEU,Z14,17,0.109758270248
02/15/2024,FEU,Z14,18,0.114184942173
02/15/2024,FEU,Z14,19,0.174579120248
02/15/2024,FEU,Z14,2,0.083210094568
02/15/2024,FEU,Z14,20,0.179844290248
02/15/2024,FEU,Z14,21,0.177952878324
02/15/2024,FEU,Z14,22,0.174540002173
02/15/2024,FEU,Z14,23,0.125275135798
02/15/2024,FEU,Z14,24,0.121982669422
02/15/2024,FEU,Z14,3,0.080754258043
02/15/2024,FEU,Z14,4,0.080892981967
02/15/2024,FEU,Z14,5,0.080970681043
02/15/2024,FEU,Z14,6,0.080733051343
02/15/2024,FEU,Z14,7,0.09181441947
02/15/2024,FEU,Z14,8,0.104889850596
02/15/2024,FEU,Z14,9,0.129134709497
02/16/2024,FEU,Z14,1,0.09502181438
02/16/2024,FEU,Z14,10,0.123172641139
02/16/2024,FEU,Z14,11,0.161723377699
02/16/2024,FEU,Z14,12,0.160548723419
02/16/2024,FEU,Z14,13,0.154712204119
02/16/2024,FEU,Z14,14,0.156555530539
02/16/2024,FEU,Z14,15,0.104089354819
02/16/2024,FEU,Z14,16,0.104928584119
02/16/2024,FEU,Z14,17,0.110433219839
02/16/2024,FEU,Z14,18,0.115546833419
02/16/2024,FEU,Z14,19,0.17722853258
02/16/2024,FEU,Z14,2,0.09592521498
02/16/2024,FEU,Z14,20,0.19413223202
02/16/2024,FEU,Z14,21,0.18870213574
02/16/2024,FEU,Z14,22,0.18482207974
02/16/2024,FEU,Z14,23,0.13113477704
02/16/2024,FEU,Z14,24,0.12723525206
02/16/2024,FEU,Z14,3,0.0958370467
02/16/2024,FEU,Z14,4,0.09154737414
02/16/2024,FEU,Z14,5,0.08624754728
02/16/2024,FEU,Z14,6,0.08960060298
02/16/2024,FEU,Z14,7,0.09551086922
02/16/2024,FEU,Z14,8,0.10047506062
02/16/2024,FEU,Z14,9,0.13158403202
02/17/2024,FEU,Z14,1,0.091506487655
02/17/2024,FEU,Z14,10,0.084153341188
02/17/2024,FEU,Z14,11,0.077652790406
02/17/2024,FEU,Z14,12,0.071646000445
02/17/2024,FEU,Z14,13,0.069297760445
02/17/2024,FEU,Z14,14,0.069822892524
02/17/2024,FEU,Z14,15,0.068971145544
02/17/2024,FEU,Z14,16,0.067620997346
02/17/2024,FEU,Z14,17,0.072975276208
02/17/2024,FEU,Z14,18,0.084337714109
02/17/2024,FEU,Z14,19,0.107512807971
02/17/2024,FEU,Z14,2,0.094018838477
02/17/2024,FEU,Z14,20,0.127827552872
02/17/2024,FEU,Z14,21,0.118628055813
02/17/2024,FEU,Z14,22,0.114651921754
02/17/2024,FEU,Z14,23,0.113404103675
02/17/2024,FEU,Z14,24,0.116041383556
02/17/2024,FEU,Z14,3,0.095713331358
02/17/2024,FEU,Z14,4,0.094939239339
02/17/2024,FEU,Z14,5,0.09517085926
02/17/2024,FEU,Z14,6,0.09438335126
02/17/2024,FEU,Z14,7,0.093425887378
02/17/2024,FEU,Z14,8,0.092654297536
02/17/2024,FEU,Z14,9,0.089633875793
02/18/2024,FEU,Z14,1,0.109802522049
02/18/2024,FEU,Z14,10,0.090492520677
02/18/2024,FEU,Z14,11,0.08036511677
02/18/2024,FEU,Z14,12,0.074321411538
02/18/2024,FEU,Z14,13,0.073437686049
02/18/2024,FEU,Z14,14,0.071914680096
02/18/2024,FEU,Z14,15,0.07192533784
02/18/2024,FEU,Z14,16,0.069001239282
02/18/2024,FEU,Z14,17,0.073567656724
02/18/2024,FEU,Z14,18,0.083545160933
02/18/2024,FEU,Z14,19,0.092962830654
02/18/2024,FEU,Z14,2,0.105169180235
02/18/2024,FEU,Z14,20,0.106468079677
02/18/2024,FEU,Z14,21,0.106951737445
02/18/2024,FEU,Z14,22,0.101956439189
02/18/2024,FEU,Z14,23,0.099562193398
02/18/2024,FEU,Z14,24,0.096798452608
02/18/2024,FEU,Z14,3,0.102838400933
02/18/2024,FEU,Z14,4,0.103636691398
02/18/2024,FEU,Z14,5,0.102770448375
02/18/2024,FEU,Z14,6,0.103541191631
02/18/2024,FEU,Z14,7,0.099810835166
02/18/2024,FEU,Z14,8,0.101687306468
02/18/2024,FEU,Z14,9,0.09903230577
02/19/2024,FEU,Z14,1,0.09314704789
02/19/2024,FEU,Z14,10,0.108756919746
02/19/2024,FEU,Z14,11,0.155092935138
02/19/2024,FEU,Z14,12,0.145446083986
02/19/2024,FEU,Z14,13,0.144896124834
02/19/2024,FEU,Z14,14,0.144594545225
02/19/2024,FEU,Z14,15,0.094773530529
02/19/2024,FEU,Z14,16,0.09252783429
02/19/2024,FEU,Z14,17,0.096820848594
02/19/2024,FEU,Z14,18,0.109562670898
02/19/2024,FEU,Z14,19,0.17017945905
02/19/2024,FEU,Z14,2,0.094513440018
02/19/2024,FEU,Z14,20,0.184123741506
02/19/2024,FEU,Z14,21,0.190849316658
02/19/2024,FEU,Z14,22,0.182539286658
02/19/2024,FEU,Z14,23,0.120006782418
02/19/2024,FEU,Z14,24,0.12028248333
02/19/2024,FEU,Z14,3,0.095730263171
02/19/2024,FEU,Z14,4,0.096831032627
02/19/2024,FEU,Z14,5,0.096529494323
02/19/2024,FEU,Z14,6,0.092591389258
02/19/2024,FEU,Z14,7,0.092877754066
02/19/2024,FEU,Z14,8,0.098336584394
02/19/2024,FEU,Z14,9,0.125715190114
02/20/2024,FEU,Z14,1,0.086572672982
02/20/2024,FEU,Z14,10,0.110949900151
02/20/2024,FEU,Z14,11,0.1430784308
02/20/2024,FEU,Z14,12,0.136724490151
02/20/2024,FEU,Z14,13,0.137120260125
02/20/2024,FEU,Z14,14,0.136887434449
02/20/2024,FEU,Z14,15,0.086940850125
02/20/2024,FEU,Z14,16,0.091321381813
02/20/2024,FEU,Z14,17,0.092607309151
02/20/2024,FEU,Z14,18,0.106874387826
02/20/2024,FEU,Z14,19,0.188559192151
02/20/2024,FEU,Z14,2,0.086504498696
02/20/2024,FEU,Z14,20,0.192962298501
02/20/2024,FEU,Z14,21,0.318419373501
02/20/2024,FEU,Z14,22,0.245509891164
02/20/2024,FEU,Z14,23,0.129218954852
02/20/2024,FEU,Z14,24,0.119155396878
02/20/2024,FEU,Z14,3,0.084514320046
02/20/2024,FEU,Z14,4,0.083687717397
02/20/2024,FEU,Z14,5,0.084797782722
02/20/2024,FEU,Z14,6,0.086127538696
02/20/2024,FEU,Z14,7,0.09217601028
02/20/2024,FEU,Z14,8,0.102503371228
02/20/2024,FEU,Z14,9,0.120203027177
02/21/2024,FEU,Z14,1,0.099418070942
02/21/2024,FEU,Z14,10,0.112389143482
02/21/2024,FEU,Z14,11,0.147721629673
02/21/2024,FEU,Z14,12,0.145857222371
02/21/2024,FEU,Z14,13,0.146246648466
02/21/2024,FEU,Z14,14,0.142010666958
02/21/2024,FEU,Z14,15,0.090557644562
02/21/2024,FEU,Z14,16,0.091501872371
02/21/2024,FEU,Z14,17,0.095822727482
02/21/2024,FEU,Z14,18,0.099633485387
02/21/2024,FEU,Z14,19,0.161730465292
02/21/2024,FEU,Z14,2,0.097281101355
02/21/2024,FEU,Z14,20,0.179719069593
02/21/2024,FEU,Z14,21,0.169721125292
02/21/2024,FEU,Z14,22,0.16145383299
02/21/2024,FEU,Z14,23,0.1070618158
02/21/2024,FEU,Z14,24,0.099723559609
02/21/2024,FEU,Z14,3,0.095342232561
02/21/2024,FEU,Z14,4,0.093528459767
02/21/2024,FEU,Z14,5,0.094223727767
02/21/2024,FEU,Z14,6,0.099049602561
02/21/2024,FEU,Z14,7,0.097557569434
02/21/2024,FEU,Z14,8,0.112941345514
02/21/2024,FEU,Z14,9,0.146009378498
02/22/2024,FEU,Z14,1,0.070993144123
02/22/2024,FEU,Z14,10,0.08076644065
02/22/2024,FEU,Z14,11,0.127719154702
02/22/2024,FEU,Z14,12,0.126872296676
02/22/2024,FEU,Z14,13,0.121038602689
02/22/2024,FEU,Z14,14,0.11985435974
02/22/2024,FEU,Z14,15,0.069949904766
02/22/2024,FEU,Z14,16,0.070936646689
02/22/2024,FEU,Z14,17,0.073496069637
02/22/2024,FEU,Z14,18,0.077394860624
02/22/2024,FEU,Z14,19,0.126755294637
02/22/2024,FEU,Z14,2,0.064127212007
02/22/2024,FEU,Z14,20,0.124523034637
02/22/2024,FEU,Z14,21,0.12667662265
02/22/2024,FEU,Z14,22,0.128107768624
02/22/2024,FEU,Z14,23,0.07547934856
02/22/2024,FEU,Z14,24,0.072616340496
02/22/2024,FEU,Z14,3,0.065374541917
02/22/2024,FEU,Z14,4,0.065538531904
02/22/2024,FEU,Z14,5,0.062110682917
02/22/2024,FEU,Z14,6,0.061591678969
02/22/2024,FEU,Z14,7,0.063947888162
02/22/2024,FEU,Z14,8,0.057643552354
02/22/2024,FEU,Z14,9,0.083785814509
02/23/2024,FEU,Z14,1,0.051912217695
02/23/2024,FEU,Z14,10,0.072388907762
02/23/2024,FEU,Z14,11,0.119226475534
02/23/2024,FEU,Z14,12,0.119829537648
02/23/2024,FEU,Z14,13,0.120515707364
02/23/2024,FEU,Z14,14,0.117153793193
02/23/2024,FEU,Z14,15,0.06555668708
02/23/2024,FEU,Z14,16,0.067014742364
02/23/2024,FEU,Z14,17,0.066647397478
02/23/2024,FEU,Z14,18,0.069329847648
02/23/2024,FEU,Z14,19,0.126602087989
02/23/2024,FEU,Z14,2,0.047733818263
02/23/2024,FEU,Z14,20,0.130752068217
02/23/2024,FEU,Z14,21,0.13330700033
02/23/2024,FEU,Z14,22,0.13451501033
02/23/2024,FEU,Z14,23,0.079969077614
02/23/2024,FEU,Z14,24,0.077794127012
02/23/2024,FEU,Z14,3,0.047755846377
02/23/2024,FEU,Z14,4,0.045619700604
02/23/2024,FEU,Z14,5,0.045585185547
02/23/2024,FEU,Z14,6,0.045700598263
02/23/2024,FEU,Z14,7,0.049257249354
02/23/2024,FEU,Z14,8,0.053101378785
02/23/2024,FEU,Z14,9,0.077827868217
02/24/2024,FEU,Z14,1,0.051622813542
02/24/2024,FEU,Z14,10,0.045475116102
02/24/2024,FEU,Z14,11,0.045315554553
02/24/2024,FEU,Z14,12,0.040318914817
02/24/2024,FEU,Z14,13,0.040476258817
02/24/2024,FEU,Z14,14,0.039939807344
02/24/2024,FEU,Z14,15,0.040149465476
02/24/2024,FEU,Z14,16,0.041290454157
02/24/2024,FEU,Z14,17,0.042114213234
02/24/2024,FEU,Z14,18,0.046488624575
02/24/2024,FEU,Z14,19,0.049593375652
02/24/2024,FEU,Z14,2,0.049649226355
02/24/2024,FEU,Z14,20,0.057930049992
02/24/2024,FEU,Z14,21,0.075971518597
02/24/2024,FEU,Z14,22,0.068303086201
02/24/2024,FEU,Z14,23,0.054482150674
02/24/2024,FEU,Z14,24,0.049183868883
02/24/2024,FEU,Z14,3,0.049913375564
02/24/2024,FEU,Z14,4,0.050179579432
02/24/2024,FEU,Z14,5,0.051500958905
02/24/2024,FEU,Z14,6,0.051513478905
02/24/2024,FEU,Z14,7,0.052317715696
02/24/2024,FEU,Z14,8,0.052150512751
02/24/2024,FEU,Z14,9,0.049392488465
02/25/2024,FEU,Z14,1,0.053342686804
02/25/2024,FEU,Z14,10,0.055113266666
02/25/2024,FEU,Z14,11,0.051352710748
02/25/2024,FEU,Z14,12,0.050525688138
02/25/2024,FEU,Z14,13,0.047605432398
02/25/2024,FEU,Z14,14,0.047039297439
02/25/2024,FEU,Z14,15,0.047088466309
02/25/2024,FEU,Z14,16,0.048472112008
02/25/2024,FEU,Z14,17,0.047969651707
02/25/2024,FEU,Z14,18,0.050231777796
02/25/2024,FEU,Z14,19,0.042704182146
02/25/2024,FEU,Z14,2,0.051951837373
02/25/2024,FEU,Z14,20,0.043796383666
02/25/2024,FEU,Z14,21,0.046073432056
02/25/2024,FEU,Z14,22,0.047466271926
02/25/2024,FEU,Z14,23,0.045428969016
02/25/2024,FEU,Z14,24,0.044250254105
02/25/2024,FEU,Z14,3,0.053047627202
02/25/2024,FEU,Z14,4,0.053878075421
02/25/2024,FEU,Z14,5,0.054259275901
02/25/2024,FEU,Z14,6,0.053921975031
02/25/2024,FEU,Z14,7,0.053590243812
02/25/2024,FEU,Z14,8,0.052566104982
02/25/2024,FEU,Z14,9,0.052132418153
02/26/2024,FEU,Z14,1,0.050649265863
02/26/2024,FEU,Z14,10,0.075975810701
02/26/2024,FEU,Z14,11,0.127426362369
02/26/2024,FEU,Z14,12,0.127358922535
02/26/2024,FEU,Z14,13,0.124338756702
02/26/2024,FEU,Z14,14,0.124262314369
02/26/2024,FEU,Z14,15,0.073278954036
02/26/2024,FEU,Z14,16,0.074011624202
02/26/2024,FEU,Z14,17,0.074343509868
02/26/2024,FEU,Z14,18,0.075749631535
02/26/2024,FEU,Z14,19,0.123061928368
02/26/2024,FEU,Z14,2,0.050824291528
02/26/2024,FEU,Z14,20,0.130039936868
02/26/2024,FEU,Z14,21,0.130205075701
02/26/2024,FEU,Z14,22,0.128518930701
02/26/2024,FEU,Z14,23,0.073275999867
02/26/2024,FEU,Z14,24,0.072327920866
02/26/2024,FEU,Z14,3,0.047776532361
02/26/2024,FEU,Z14,4,0.048126526861
02/26/2024,FEU,Z14,5,0.051219215194
02/26/2024,FEU,Z14,6,0.053247747362
02/26/2024,FEU,Z14,7,0.050632227864
02/26/2024,FEU,Z14,8,0.057454458699
02/26/2024,FEU,Z14,9,0.0816535662
02/27/2024,FEU,Z14,1,0.048082020909
02/27/2024,FEU,Z14,10,0.071437670743
02/27/2024,FEU,Z14,11,0.120219570094
02/27/2024,FEU,Z14,12,0.119083784743
02/27/2024,FEU,Z14,13,0.11906479977
02/27/2024,FEU,Z14,14,0.118981930445
02/27/2024,FEU,Z14,15,0.06917334477
02/27/2024,FEU,Z14,16,0.069854168081
02/27/2024,FEU,Z14,17,0.071013674743
02/27/2024,FEU,Z14,18,0.071885278068
02/27/2024,FEU,Z14,19,0.118576418743
02/27/2024,FEU,Z14,2,0.048462941194
02/27/2024,FEU,Z14,20,0.125097441392
02/27/2024,FEU,Z14,21,0.142373556392
02/27/2024,FEU,Z14,22,0.12921467873
02/27/2024,FEU,Z14,23,0.070633806041
02/27/2024,FEU,Z14,24,0.071519728015
02/27/2024,FEU,Z14,3,0.048017007843
02/27/2024,FEU,Z14,4,0.046984442492
02/27/2024,FEU,Z14,5,0.046938477167
02/27/2024,FEU,Z14,6,0.045391461194
02/27/2024,FEU,Z14,7,0.048097085611
02/27/2024,FEU,Z14,8,0.044730489664
02/27/2024,FEU,Z14,9,0.071400528717
02/28/2024,FEU,Z14,1,0.049961186866
02/28/2024,FEU,Z14,10,0.071177115662
02/28/2024,FEU,Z14,11,0.118131108945
02/28/2024,FEU,Z14,12,0.120212816492
02/28/2024,FEU,Z14,13,0.120259375134
02/28/2024,FEU,Z14,14,0.119862058871
02/28/2024,FEU,Z14,15,0.069904100776
02/28/2024,FEU,Z14,16,0.070465931492
02/28/2024,FEU,Z14,17,0.071165195662
02/28/2024,FEU,Z14,18,0.07279038102
02/28/2024,FEU,Z14,19,0.128495730378
02/28/2024,FEU,Z14,2,0.051298254487
02/28/2024,FEU,Z14,20,0.143997443831
02/28/2024,FEU,Z14,21,0.193784334378
02/28/2024,FEU,Z14,22,0.174193684925
02/28/2024,FEU,Z14,23,0.088320460642
02/28/2024,FEU,Z14,24,0.077353615358
02/28/2024,FEU,Z14,3,0.054266996298
02/28/2024,FEU,Z14,4,0.053484700109
02/28/2024,FEU,Z14,5,0.053610546109
02/28/2024,FEU,Z14,6,0.051063878298
02/28/2024,FEU,Z14,7,0.050378104602
02/28/2024,FEU,Z14,8,0.051730680716
02/28/2024,FEU,Z14,9,0.076518334189
02/29/2024,FEU,Z14,1,0.062160536988
02/29/2024,FEU,Z14,10,0.075438921768
02/29/2024,FEU,Z14,11,0.120983863454
02/29/2024,FEU,Z14,12,0.117112309611
02/29/2024,FEU,Z14,13,0.116897604532
02/29/2024,FEU,Z14,14,0.116450152218
02/29/2024,FEU,Z14,15,0.066034773061
02/29/2024,FEU,Z14,16,0.066021498532
02/29/2024,FEU,Z14,17,0.067775713846
02/29/2024,FEU,Z14,18,0.067456209925
02/29/2024,FEU,Z14,19,0.120343033846
02/29/2024,FEU,Z14,2,0.057490585694
02/29/2024,FEU,Z14,20,0.120173343846
02/29/2024,FEU,Z14,21,0.122767575768
02/29/2024,FEU,Z14,22,0.120998853925
02/29/2024,FEU,Z14,23,0.070157827318
02/29/2024,FEU,Z14,24,0.06921914871
02/29/2024,FEU,Z14,3,0.057519627244
02/29/2024,FEU,Z14,4,0.056317666323
02/29/2024,FEU,Z14,5,0.056338683244
02/29/2024,FEU,Z14,6,0.05591295493
02/29/2024,FEU,Z14,7,0.051658800752
02/29/2024,FEU,Z14,8,0.054943140574
02/29/2024,FEU,Z14,9,0.080501094632
03/01/2024,FEU,Z14,1,0.051079998579
03/01/2024,FEU,Z14,10,0.070035839792
03/01/2024,FEU,Z14,11,0.1179627514
03/01/2024,FEU,Z14,12,0.116281303139
03/01/2024,FEU,Z14,13,0.115989348009
03/01/2024,FEU,Z14,14,0.115922804617
03/01/2024,FEU,Z14,15,0.066344650531
03/01/2024,FEU,Z14,16,0.066432187922
03/01/2024,FEU,Z14,17,0.068032142705
03/01/2024,FEU,Z14,18,0.069086025227
03/01/2024,FEU,Z14,19,0.121801980966
03/01/2024,FEU,Z14,2,0.050481834884
03/01/2024,FEU,Z14,20,0.122756800141
03/01/2024,FEU,Z14,21,0.127865699055
03/01/2024,FEU,Z14,22,0.123855395316
03/01/2024,FEU,Z14,23,0.073647117273
03/01/2024,FEU,Z14,24,0.074414696057
03/01/2024,FEU,Z14,3,0.051006294014
03/01/2024,FEU,Z14,4,0.049726844275
03/01/2024,FEU,Z14,5,0.049814032275
03/01/2024,FEU,Z14,6,0.049660735753
03/01/2024,FEU,Z14,7,0.048886111534
03/01/2024,FEU,Z14,8,0.047647643577
03/01/2024,FEU,Z14,9,0.072403732402
03/02/2024,FEU,Z14,1,0.045626238134
03/02/2024,FEU,Z14,10,0.044138236609
03/02/2024,FEU,Z14,11,0.044877356963
03/02/2024,FEU,Z14,12,0.043572934828
03/02/2024,FEU,Z14,13,0.043336236828
03/02/2024,FEU,Z14,14,0.04240935856
03/02/2024,FEU,Z14,15,0.042653806694
03/02/2024,FEU,Z14,16,0.042916355365
03/02/2024,FEU,Z14,17,0.045959520524
03/02/2024,FEU,Z14,18,0.046565376036
03/02/2024,FEU,Z14,19,0.043971890573
03/02/2024,FEU,Z14,2,0.045545985781
03/02/2024,FEU,Z14,20,0.046792331732
03/02/2024,FEU,Z14,21,0.07494976811
03/02/2024,FEU,Z14,22,0.075114214354
03/02/2024,FEU,Z14,23,0.04532190311
03/02/2024,FEU,Z14,24,0.042998946378
03/02/2024,FEU,Z14,3,0.045791538049
03/02/2024,FEU,Z14,4,0.044728948806
03/02/2024,FEU,Z14,5,0.046321829562
03/02/2024,FEU,Z14,6,0.046100388806
03/02/2024,FEU,Z14,7,0.044730735293
03/02/2024,FEU,Z14,8,0.044482088134
03/02/2024,FEU,Z14,9,0.047357651305
03/03/2024,FEU,Z14,1,0.048397600127
03/03/2024,FEU,Z14,10,0.043236296163
03/03/2024,FEU,Z14,11,0.041205380279
03/03/2024,FEU,Z14,12,0.045171686494
03/03/2024,FEU,Z14,13,0.045027845023
03/03/2024,FEU,Z14,14,0.044707398709
03/03/2024,FEU,Z14,15,0.044791147023
03/03/2024,FEU,Z14,16,0.045881120907
03/03/2024,FEU,Z14,17,0.04843981632
03/03/2024,FEU,Z14,18,0.043710796791
03/03/2024,FEU,Z14,19,0.038483834889
03/03/2024,FEU,Z14,2,0.047477886993
03/03/2024,FEU,Z14,20,0.04510258836
03/03/2024,FEU,Z14,21,0.07130818836
03/03/2024,FEU,Z14,22,0.073547535517
03/03/2024,FEU,Z14,23,0.054234360459
03/03/2024,FEU,Z14,24,0.04272937993
03/03/2024,FEU,Z14,3,0.050115864953
03/03/2024,FEU,Z14,4,0.050508554738
03/03/2024,FEU,Z14,5,0.051817196209
03/03/2024,FEU,Z14,6,0.051967075895
03/03/2024,FEU,Z14,7,0.050683458953
03/03/2024,FEU,Z14,8,0.049046933069
03/03/2024,FEU,Z14,9,0.046379204459
03/04/2024,FEU,Z14,1,0.053574321286
03/04/2024,FEU,Z14,10,0.081430206966
03/04/2024,FEU,Z14,11,0.124409888966
03/04/2024,FEU,Z14,12,0.12076868792
03/04/2024,FEU,Z14,13,0.121089773352
03/04/2024,FEU,Z14,14,0.120560308738
03/04/2024,FEU,Z14,15,0.069291227875
03/04/2024,FEU,Z14,16,0.068985296489
03/04/2024,FEU,Z14,17,0.071027137148
03/04/2024,FEU,Z14,18,0.072237662762
03/04/2024,FEU,Z14,19,0.120896480148
03/04/2024,FEU,Z14,2,0.051746157945
03/04/2024,FEU,Z14,20,0.128541389716
03/04/2024,FEU,Z14,21,0.141312914239
03/04/2024,FEU,Z14,22,0.133309718762
03/04/2024,FEU,Z14,23,0.07735576208
03/04/2024,FEU,Z14,24,0.07018420974
03/04/2024,FEU,Z14,3,0.054533725604
03/04/2024,FEU,Z14,4,0.055464211173
03/04/2024,FEU,Z14,5,0.055104114695
03/04/2024,FEU,Z14,6,0.054215829513
03/04/2024,FEU,Z14,7,0.05159931949
03/04/2024,FEU,Z14,8,0.06611774208
03/04/2024,FEU,Z14,9,0.093712036853
03/05/2024,FEU,Z14,1,0.042994991934
03/05/2024,FEU,Z14,10,0.07842944296
03/05/2024,FEU,Z14,11,0.118727219982
03/05/2024,FEU,Z14,12,0.114292387003
03/05/2024,FEU,Z14,13,0.113945147656
03/05/2024,FEU,Z14,14,0.113549992308
03/05/2024,FEU,Z14,15,0.063894488351
03/05/2024,FEU,Z14,16,0.065065187067
03/05/2024,FEU,Z14,17,0.067605301784
03/05/2024,FEU,Z14,18,0.079187793458
03/05/2024,FEU,Z14,19,0.164283378025
03/05/2024,FEU,Z14,2,0.042780825303
03/05/2024,FEU,Z14,20,0.251876520025
03/05/2024,FEU,Z14,21,0.257056999046
03/05/2024,FEU,Z14,22,0.22071959172
03/05/2024,FEU,Z14,23,0.156096386153
03/05/2024,FEU,Z14,24,0.14166154587
03/05/2024,FEU,Z14,3,0.045610728672
03/05/2024,FEU,Z14,4,0.045555776693
03/05/2024,FEU,Z14,5,0.04680578602
03/05/2024,FEU,Z14,6,0.04869578702
03/05/2024,FEU,Z14,7,0.064814377586
03/05/2024,FEU,Z14,8,0.091179920153
03/05/2024,FEU,Z14,9,0.130509335089
03/06/2024,FEU,Z14,1,0.114313822554
03/06/2024,FEU,Z14,10,0.082064426447
03/06/2024,FEU,Z14,11,0.11997311086
03/06/2024,FEU,Z14,12,0.110741562567
03/06/2024,FEU,Z14,13,0.108879087007
03/06/2024,FEU,Z14,14,0.10833011774
03/06/2024,FEU,Z14,15,0.05868527086
03/06/2024,FEU,Z14,16,0.059089976127
03/06/2024,FEU,Z14,17,0.062723284101
03/06/2024,FEU,Z14,18,0.076402722807
03/06/2024,FEU,Z14,19,0.15113310842
03/06/2024,FEU,Z14,2,0.092410019381
03/06/2024,FEU,Z14,20,0.244194925394
03/06/2024,FEU,Z14,21,0.225045330661
03/06/2024,FEU,Z14,22,0.197397282367
03/06/2024,FEU,Z14,23,0.119834968461
03/06/2024,FEU,Z14,24,0.080473395728
03/06/2024,FEU,Z14,3,0.093485120355
03/06/2024,FEU,Z14,4,0.092480884648
03/06/2024,FEU,Z14,5,0.083304715648
03/06/2024,FEU,Z14,6,0.092026505235
03/06/2024,FEU,Z14,7,0.108567693288
03/06/2024,FEU,Z14,8,0.155159331341
03/06/2024,FEU,Z14,9,0.183292670807
03/07/2024,FEU,Z14,1,0.059645161038
03/07/2024,FEU,Z14,10,0.072915317198
03/07/2024,FEU,Z14,11,0.122142212198
03/07/2024,FEU,Z14,12,0.12100590875
03/07/2024,FEU,Z14,13,0.119997266198
03/07/2024,FEU,Z14,14,0.11846815599
03/07/2024,FEU,Z14,15,0.06881561275
03/07/2024,FEU,Z14,16,0.069132306062
03/07/2024,FEU,Z14,17,0.07105489027
03/07/2024,FEU,Z14,18,0.074653305926
03/07/2024,FEU,Z14,19,0.124770817166
03/07/2024,FEU,Z14,2,0.05107316835
03/07/2024,FEU,Z14,20,0.145349469582
03/07/2024,FEU,Z14,21,0.156164173238
03/07/2024,FEU,Z14,22,0.151094538342
03/07/2024,FEU,Z14,23,0.085111551518
03/07/2024,FEU,Z14,24,0.073291344278
03/07/2024,FEU,Z14,3,0.051408507111
03/07/2024,FEU,Z14,4,0.049982551215
03/07/2024,FEU,Z14,5,0.050030899663
03/07/2024,FEU,Z14,6,0.049531626006
03/07/2024,FEU,Z14,7,0.049700670174
03/07/2024,FEU,Z14,8,0.058814801998
03/07/2024,FEU,Z14,9,0.08620156003
03/08/2024,FEU,Z14,1,0.050454486774
03/08/2024,FEU,Z14,10,0.071337440863
03/08/2024,FEU,Z14,11,0.118697234945
03/08/2024,FEU,Z14,12,0.118377486333
03/08/2024,FEU,Z14,13,0.119175929027
03/08/2024,FEU,Z14,14,0.119277685109
03/08/2024,FEU,Z14,15,0.069613069251
03/08/2024,FEU,Z14,16,0.070039628169
03/08/2024,FEU,Z14,17,0.071100088005
03/08/2024,FEU,Z14,18,0.073750533229
03/08/2024,FEU,Z14,19,0.122888630617
03/08/2024,FEU,Z14,2,0.050137824834
03/08/2024,FEU,Z14,20,0.122281064371
03/08/2024,FEU,Z14,21,0.125154891513
03/08/2024,FEU,Z14,22,0.122457354125
03/08/2024,FEU,Z14,23,0.072317008714
03/08/2024,FEU,Z14,24,0.07154241655
03/08/2024,FEU,Z14,3,0.05058721714
03/08/2024,FEU,Z14,4,0.049331643752
03/08/2024,FEU,Z14,5,0.049356203752
03/08/2024,FEU,Z14,6,0.048820062528
03/08/2024,FEU,Z14,7,0.050875459326
03/08/2024,FEU,Z14,8,0.048341596737
03/08/2024,FEU,Z14,9,0.073381097983
03/09/2024,FEU,Z14,1,0.044984898699
03/09/2024,FEU,Z14,10,0.044919638751
03/09/2024,FEU,Z14,11,0.044205716901
03/09/2024,FEU,Z14,12,0.042833058394
03/09/2024,FEU,Z14,13,0.042679146394
03/09/2024,FEU,Z14,14,0.04214308938
03/09/2024,FEU,Z14,15,0.042375218887
03/09/2024,FEU,Z14,16,0.043041762422
03/09/2024,FEU,Z14,17,0.043949465614
03/09/2024,FEU,Z14,18,0.044717964957
03/09/2024,FEU,Z14,19,0.044613501985
03/09/2024,FEU,Z14,2,0.046139141548
03/09/2024,FEU,Z14,20,0.046428088178
03/09/2024,FEU,Z14,21,0.046809634013
03/09/2024,FEU,Z14,22,0.043974320342
03/09/2024,FEU,Z14,23,0.044054346013
03/09/2024,FEU,Z14,24,0.041936719027
03/09/2024,FEU,Z14,3,0.046752792562
03/09/2024,FEU,Z14,4,0.045716556234
03/09/2024,FEU,Z14,5,0.045949797905
03/09/2024,FEU,Z14,6,0.045892636234
03/09/2024,FEU,Z14,7,0.045301096891
03/09/2024,FEU,Z14,8,0.045035123699
03/09/2024,FEU,Z14,9,0.042250459971
03/10/2024,FEU,Z14,1,0.049338423541
03/10/2024,FEU,Z14,10,0.044592661006
03/10/2024,FEU,Z14,11,0.042536281363
03/10/2024,FEU,Z14,12,0.046662917346
03/10/2024,FEU,Z14,13,0.046538568935
03/10/2024,FEU,Z14,14,0.047220063328
03/10/2024,FEU,Z14,15,0.046278550935
03/10/2024,FEU,Z14,16,0.047049280578
03/10/2024,FEU,Z14,17,0.048063117809
03/10/2024,FEU,Z14,18,0.04897493622
03/10/2024,FEU,Z14,19,0.045381722845
03/10/2024,FEU,Z14,2,0.050199538451
03/10/2024,FEU,Z14,20,0.047998964256
03/10/2024,FEU,Z14,21,0.046585364256
03/10/2024,FEU,Z14,22,0.047694385059
03/10/2024,FEU,Z14,23,0.04394908688
03/10/2024,FEU,Z14,24,0.040906692291
03/10/2024,FEU,Z14,3,0.050023518004
03/10/2024,FEU,Z14,4,0.050555500022
03/10/2024,FEU,Z14,5,0.051406754433
03/10/2024,FEU,Z14,6,0.051024394826
03/10/2024,FEU,Z14,7,0.050679294004
03/10/2024,FEU,Z14,8,0.050590148362
03/10/2024,FEU,Z14,9,0.05021100288
03/11/2024,FEU,Z14,1,0.045157683436
03/11/2024,FEU,Z14,10,0.067934483647
03/11/2024,FEU,Z14,11,0.117431617647
03/11/2024,FEU,Z14,12,0.117078759069
03/11/2024,FEU,Z14,13,0.1167875332
03/11/2024,FEU,Z14,14,0.116591413753
03/11/2024,FEU,Z14,15,0.06727893349
03/11/2024,FEU,Z14,16,0.067719756937
03/11/2024,FEU,Z14,17,0.068957706963
03/11/2024,FEU,Z14,18,0.070171156411
03/11/2024,FEU,Z14,19,0.124782755963
03/11/2024,FEU,Z14,2,0.044827319463
03/11/2024,FEU,Z14,20,0.197204853832
03/11/2024,FEU,Z14,21,0.217646515121
03/11/2024,FEU,Z14,22,0.204991348411
03/11/2024,FEU,Z14,23,0.155049394463
03/11/2024,FEU,Z14,24,0.094755946489
03/11/2024,FEU,Z14,3,0.045104212489
03/11/2024,FEU,Z14,4,0.045408886357
03/11/2024,FEU,Z14,5,0.045455732647
03/11/2024,FEU,Z14,6,0.044554654331
03/11/2024,FEU,Z14,7,0.045662925673
03/11/2024,FEU,Z14,8,0.046376554463
03/11/2024,FEU,Z14,9,0.072148441568
03/12/2024,FEU,Z14,1,0.07703724097
03/12/2024,FEU,Z14,10,0.084053324346
03/12/2024,FEU,Z14,11,0.112737755855
03/12/2024,FEU,Z14,12,0.112818171363
03/12/2024,FEU,Z14,13,0.112223932357
03/12/2024,FEU,Z14,14,0.112140189352
03/12/2024,FEU,Z14,15,0.062512518369
03/12/2024,FEU,Z14,16,0.063400707889
03/12/2024,FEU,Z14,17,0.067566027409
03/12/2024,FEU,Z14,18,0.088098790912
03/12/2024,FEU,Z14,19,0.182112823872
03/12/2024,FEU,Z14,2,0.071755278484
03/12/2024,FEU,Z14,20,0.219287389872
03/12/2024,FEU,Z14,21,0.30981753238
03/12/2024,FEU,Z14,22,0.241340640883
03/12/2024,FEU,Z14,23,0.138626205924
03/12/2024,FEU,Z14,24,0.133607477444
03/12/2024,FEU,Z14,3,0.072793715999
03/12/2024,FEU,Z14,4,0.074202928507
03/12/2024,FEU,Z14,5,0.075070403004
03/12/2024,FEU,Z14,6,0.075280944004
03/12/2024,FEU,Z14,7,0.109803965964
03/12/2024,FEU,Z14,8,0.138506672924
03/12/2024,FEU,Z14,9,0.147012613398
03/13/2024,FEU,Z14,1,0.10097873431
03/13/2024,FEU,Z14,10,0.085859604705
03/13/2024,FEU,Z14,11,0.123519934182
03/13/2024,FEU,Z14,12,0.115482168421
03/13/2024,FEU,Z14,13,0.115063861063
03/13/2024,FEU,Z14,14,0.113662899466
03/13/2024,FEU,Z14,15,0.063689677182
03/13/2024,FEU,Z14,16,0.064722919778
03/13/2024,FEU,Z14,17,0.067061138613
03/13/2024,FEU,Z14,18,0.085688058852
03/13/2024,FEU,Z14,19,0.19596664954
03/13/2024,FEU,Z14,2,0.081149933265
03/13/2024,FEU,Z14,20,0.221819291375
03/13/2024,FEU,Z14,21,0.263786876971
03/13/2024,FEU,Z14,22,0.21009599721
03/13/2024,FEU,Z14,23,0.13808115776
03/13/2024,FEU,Z14,24,0.127106507356
03/13/2024,FEU,Z14,3,0.074587371099
03/13/2024,FEU,Z14,4,0.072855728861
03/13/2024,FEU,Z14,5,0.074046930861
03/13/2024,FEU,Z14,6,0.074346453384
03/13/2024,FEU,Z14,7,0.105269928714
03/13/2024,FEU,Z14,8,0.136677710044
03/13/2024,FEU,Z14,9,0.160829183852
03/14/2024,FEU,Z14,1,0.081381404808
03/14/2024,FEU,Z14,10,0.101557225213
03/14/2024,FEU,Z14,11,0.147928471213
03/14/2024,FEU,Z14,12,0.12696527196
03/14/2024,FEU,Z14,13,0.125002756213
03/14/2024,FEU,Z14,14,0.123504172227
03/14/2024,FEU,Z14,15,0.06751702396
03/14/2024,FEU,Z14,16,0.067672078439
03/14/2024,FEU,Z14,17,0.075450237425
03/14/2024,FEU,Z14,18,0.088531466665
03/14/2024,FEU,Z14,19,0.151209877932
03/14/2024,FEU,Z14,2,0.077047255287
03/14/2024,FEU,Z14,20,0.212212547905
03/14/2024,FEU,Z14,21,0.202818252144
03/14/2024,FEU,Z14,22,0.185285653637
03/14/2024,FEU,Z14,23,0.133136493342
03/14/2024,FEU,Z14,24,0.102719446075
03/14/2024,FEU,Z14,3,0.07417366702
03/14/2024,FEU,Z14,4,0.073519939513
03/14/2024,FEU,Z14,5,0.074094977766
03/14/2024,FEU,Z14,6,0.080143554527
03/14/2024,FEU,Z14,7,0.082052744582
03/14/2024,FEU,Z14,8,0.138292825877
03/14/2024,FEU,Z14,9,0.144373449158
03/15/2024,FEU,Z14,1,0.078737466265
03/15/2024,FEU,Z14,10,0.088115079388
03/15/2024,FEU,Z14,11,0.129023754952
03/15/2024,FEU,Z14,12,0.127793383996
03/15/2024,FEU,Z14,13,0.125400788517
03/15/2024,FEU,Z14,14,0.124021978082
03/15/2024,FEU,Z14,15,0.074185287431
03/15/2024,FEU,Z14,16,0.074506096866
03/15/2024,FEU,Z14,17,0.080233309736
03/15/2024,FEU,Z14,18,0.09080543365
03/15/2024,FEU,Z14,19,0.154727384693
03/15/2024,FEU,Z14,2,0.072162311049
03/15/2024,FEU,Z14,20,0.210525587999
03/15/2024,FEU,Z14,21,0.253579084348
03/15/2024,FEU,Z14,22,0.237324689305
03/15/2024,FEU,Z14,23,0.147809261481
03/15/2024,FEU,Z14,24,0.117473433351
03/15/2024,FEU,Z14,3,0.071086148527
03/15/2024,FEU,Z14,4,0.068467779484
03/15/2024,FEU,Z14,5,0.065849683484
03/15/2024,FEU,Z14,6,0.06947160157
03/15/2024,FEU,Z14,7,0.076350609438
03/15/2024,FEU,Z14,8,0.093878586261
03/15/2024,FEU,Z14,9,0.105927997956
03/16/2024,FEU,Z14,1,0.095414280367
03/16/2024,FEU,Z14,10,0.059364261152
03/16/2024,FEU,Z14,11,0.054137356407
03/16/2024,FEU,Z14,12,0.047790706374
03/16/2024,FEU,Z14,13,0.046027714374
03/16/2024,FEU,Z14,14,0.044909506307
03/16/2024,FEU,Z14,15,0.04277510734
03/16/2024,FEU,Z14,16,0.043005058508
03/16/2024,FEU,Z14,17,0.049247461964
03/16/2024,FEU,Z14,18,0.059855753676
03/16/2024,FEU,Z14,19,0.09459791681
03/16/2024,FEU,Z14,2,0.093691683112
03/16/2024,FEU,Z14,20,0.136756024266
03/16/2024,FEU,Z14,21,0.138781782944
03/16/2024,FEU,Z14,22,0.129022913589
03/16/2024,FEU,Z14,23,0.101567139944
03/16/2024,FEU,Z14,24,0.082324878011
03/16/2024,FEU,Z14,3,0.090665695179
03/16/2024,FEU,Z14,4,0.087836680535
03/16/2024,FEU,Z14,5,0.087444821891
03/16/2024,FEU,Z14,6,0.093803560535
03/16/2024,FEU,Z14,7,0.100964161823
03/16/2024,FEU,Z14,8,0.086969130367
03/16/2024,FEU,Z14,9,0.071207319743
03/17/2024,FEU,Z14,1,0.093345379467
03/17/2024,FEU,Z14,10,0.061286079909
03/17/2024,FEU,Z14,11,0.054854353522
03/17/2024,FEU,Z14,12,0.043677753527
03/17/2024,FEU,Z14,13,0.04365551193
03/17/2024,FEU,Z14,14,0.043349059533
03/17/2024,FEU,Z14,15,0.04351325993
03/17/2024,FEU,Z14,16,0.044638380317
03/17/2024,FEU,Z14,17,0.055997495108
03/17/2024,FEU,Z14,18,0.062716336704
03/17/2024,FEU,Z14,19,0.086898944097
03/17/2024,FEU,Z14,2,0.091524674634
03/17/2024,FEU,Z14,20,0.138630638693
03/17/2024,FEU,Z14,21,0.132295838693
03/17/2024,FEU,Z14,22,0.127490500892
03/17/2024,FEU,Z14,23,0.127243427086
03/17/2024,FEU,Z14,24,0.119555960683
03/17/2024,FEU,Z14,3,0.086733803048
03/17/2024,FEU,Z14,4,0.087540766042
03/17/2024,FEU,Z14,5,0.088188498639
03/17/2024,FEU,Z14,6,0.087761016241
03/17/2024,FEU,Z14,7,0.083708291048
03/17/2024,FEU,Z14,8,0.084886724661
03/17/2024,FEU,Z14,9,0.062151124086
03/18/2024,FEU,Z14,1,0.114300411015
03/18/2024,FEU,Z14,10,0.115455769096
03/18/2024,FEU,Z14,11,0.153984650096
03/18/2024,FEU,Z14,12,0.146732963616
03/18/2024,FEU,Z14,13,0.145530193896
03/18/2024,FEU,Z14,14,0.144847927696
03/18/2024,FEU,Z14,15,0.094799331136
03/18/2024,FEU,Z14,16,0.096505419336
03/18/2024,FEU,Z14,17,0.107700184016
03/18/2024,FEU,Z14,18,0.113365578216
03/18/2024,FEU,Z14,19,0.186863263016
03/18/2024,FEU,Z14,2,0.099767978695
03/18/2024,FEU,Z14,20,0.247846459736
03/18/2024,FEU,Z14,21,0.234572331976
03/18/2024,FEU,Z14,22,0.213204474216
03/18/2024,FEU,Z14,23,0.144864125575
03/18/2024,FEU,Z14,24,0.136108646255
03/18/2024,FEU,Z14,3,0.099481201374
03/18/2024,FEU,Z14,4,0.099628273094
03/18/2024,FEU,Z14,5,0.096750271334
03/18/2024,FEU,Z14,6,0.093506539414
03/18/2024,FEU,Z14,7,0.106416809895
03/18/2024,FEU,Z14,8,0.139521365575
03/18/2024,FEU,Z14,9,0.164797263176
03/19/2024,FEU,Z14,1,0.111190107455
03/19/2024,FEU,Z14,10,0.121317069837
03/19/2024,FEU,Z14,11,0.146987157229
03/19/2024,FEU,Z14,12,0.144073416621
03/19/2024,FEU,Z14,13,0.144431916359
03/19/2024,FEU,Z14,14,0.144894716098
03/19/2024,FEU,Z14,15,0.096125012882
03/19/2024,FEU,Z14,16,0.095612405797
03/19/2024,FEU,Z14,17,0.098923826711
03/19/2024,FEU,Z14,18,0.119158384842
03/19/2024,FEU,Z14,19,0.189825765013
03/19/2024,FEU,Z14,2,0.109036138109
03/19/2024,FEU,Z14,20,0.250443751013
03/19/2024,FEU,Z14,21,0.228289839405
03/19/2024,FEU,Z14,22,0.207687028535
03/19/2024,FEU,Z14,23,0.147785819365
03/19/2024,FEU,Z14,24,0.141946740279
03/19/2024,FEU,Z14,3,0.102851148762
03/19/2024,FEU,Z14,4,0.100007023154
03/19/2024,FEU,Z14,5,0.096405177023
03/19/2024,FEU,Z14,6,0.101927923023
03/19/2024,FEU,Z14,7,0.120389918194
03/19/2024,FEU,Z14,8,0.145975528365
03/19/2024,FEU,Z14,9,0.164764094189
03/20/2024,FEU,Z14,1,0.115606604199
03/20/2024,FEU,Z14,10,0.125718113606
03/20/2024,FEU,Z14,11,0.147142521678
03/20/2024,FEU,Z14,12,0.147511773214
03/20/2024,FEU,Z14,13,0.14694014241
03/20/2024,FEU,Z14,14,0.13945004307
03/20/2024,FEU,Z14,15,0.089646264678
03/20/2024,FEU,Z14,16,0.091933418018
03/20/2024,FEU,Z14,17,0.098706852893
03/20/2024,FEU,Z14,18,0.096656181429
03/20/2024,FEU,Z14,19,0.174049213482
03/20/2024,FEU,Z14,2,0.116278452343
03/20/2024,FEU,Z14,20,0.216810154357
03/20/2024,FEU,Z14,21,0.221700760697
03/20/2024,FEU,Z14,22,0.195921325233
03/20/2024,FEU,Z14,23,0.135003848716
03/20/2024,FEU,Z14,24,0.114132298056
03/20/2024,FEU,Z14,3,0.108685428218
03/20/2024,FEU,Z14,4,0.095313859682
03/20/2024,FEU,Z14,5,0.086585308682
03/20/2024,FEU,Z14,6,0.103191831611
03/20/2024,FEU,Z14,7,0.113879832859
03/20/2024,FEU,Z14,8,0.132805946108
03/20/2024,FEU,Z14,9,0.153620535429
03/21/2024,FEU,Z14,1,0.080276776623
03/21/2024,FEU,Z14,10,0.103337589451
03/21/2024,FEU,Z14,11,0.148607187451
03/21/2024,FEU,Z14,12,0.134841785788
03/21/2024,FEU,Z14,13,0.134957955451
03/21/2024,FEU,Z14,14,0.132362267103
03/21/2024,FEU,Z14,15,0.080065537788
03/21/2024,FEU,Z14,16,0.078748287811
03/21/2024,FEU,Z14,17,0.08452977916
03/21/2024,FEU,Z14,18,0.094170258171
03/21/2024,FEU,Z14,19,0.150520260486
03/21/2024,FEU,Z14,2,0.082169664646
03/21/2024,FEU,Z14,20,0.193031263183
03/21/2024,FEU,Z14,21,0.209063760194
03/21/2024,FEU,Z14,22,0.187788011869
03/21/2024,FEU,Z14,23,0.118899513252
03/21/2024,FEU,Z14,24,0.108898791937
03/21/2024,FEU,Z14,3,0.082880926332
03/21/2024,FEU,Z14,4,0.083658763006
03/21/2024,FEU,Z14,5,0.083306300669
03/21/2024,FEU,Z14,6,0.083356726657
03/21/2024,FEU,Z14,7,0.080844841263
03/21/2024,FEU,Z14,8,0.10167648188
03/21/2024,FEU,Z14,9,0.113954485846
03/22/2024,FEU,Z14,1,0.075597503054
03/22/2024,FEU,Z14,10,0.091083832433
03/22/2024,FEU,Z14,11,0.135588969994
03/22/2024,FEU,Z14,12,0.128175139701
03/22/2024,FEU,Z14,13,0.124537282554
03/22/2024,FEU,Z14,14,0.122422151115
03/22/2024,FEU,Z14,15,0.07149138214
03/22/2024,FEU,Z14,16,0.07433460258
03/22/2024,FEU,Z14,17,0.075178521459
03/22/2024,FEU,Z14,18,0.086841620045
03/22/2024,FEU,Z14,19,0.160027951752
03/22/2024,FEU,Z14,2,0.071508979519
03/22/2024,FEU,Z14,20,0.182619347071
03/22/2024,FEU,Z14,21,0.179446302097
03/22/2024,FEU,Z14,22,0.15678509439
03/22/2024,FEU,Z14,23,0.102770781588
03/22/2024,FEU,Z14,24,0.086201378468
03/22/2024,FEU,Z14,3,0.071029345666
03/22/2024,FEU,Z14,4,0.071065819959
03/22/2024,FEU,Z14,5,0.073634795959
03/22/2024,FEU,Z14,6,0.078088155373
03/22/2024,FEU,Z14,7,0.086538495882
03/22/2024,FEU,Z14,8,0.100709542683
03/22/2024,FEU,Z14,9,0.107374414364
03/23/2024,FEU,Z14,1,0.063175806129
03/23/2024,FEU,Z14,10,0.050252469884
03/23/2024,FEU,Z14,11,0.049506804992
03/23/2024,FEU,Z14,12,0.045977434323
03/23/2024,FEU,Z14,13,0.046404190323
03/23/2024,FEU,Z14,14,0.045755004987
03/23/2024,FEU,Z14,15,0.046042995655
03/23/2024,FEU,Z14,16,0.046445852996
03/23/2024,FEU,Z14,17,0.051272184112
03/23/2024,FEU,Z14,18,0.052053388336
03/23/2024,FEU,Z14,19,0.052720405008
03/23/2024,FEU,Z14,2,0.064283693021
03/23/2024,FEU,Z14,20,0.051645604125
03/23/2024,FEU,Z14,21,0.058333066681
03/23/2024,FEU,Z14,22,0.057106915569
03/23/2024,FEU,Z14,23,0.053193675681
03/23/2024,FEU,Z14,24,0.054546730017
03/23/2024,FEU,Z14,3,0.062094980357
03/23/2024,FEU,Z14,4,0.064871729469
03/23/2024,FEU,Z14,5,0.064555852581
03/23/2024,FEU,Z14,6,0.064482369469
03/23/2024,FEU,Z14,7,0.063843223245
03/23/2024,FEU,Z14,8,0.061645781129
03/23/2024,FEU,Z14,9,0.053225770672
03/24/2024,FEU,Z14,1,0.06088594914
03/24/2024,FEU,Z14,10,0.056528864993
03/24/2024,FEU,Z14,11,0.050180492316
03/24/2024,FEU,Z14,12,0.049313336033
03/24/2024,FEU,Z14,13,0.049455029864
03/24/2024,FEU,Z14,14,0.048783609751
03/24/2024,FEU,Z14,15,0.048827721864
03/24/2024,FEU,Z14,16,0.050318528542
03/24/2024,FEU,Z14,17,0.05382630305
03/24/2024,FEU,Z14,18,0.054668197219
03/24/2024,FEU,Z14,19,0.055204607615
03/24/2024,FEU,Z14,2,0.062931830891
03/24/2024,FEU,Z14,20,0.066373667784
03/24/2024,FEU,Z14,21,0.085074467784
03/24/2024,FEU,Z14,22,0.086191542841
03/24/2024,FEU,Z14,23,0.08726982918
03/24/2024,FEU,Z14,24,0.088230098349
03/24/2024,FEU,Z14,3,0.062384216157
03/24/2024,FEU,Z14,4,0.066992522439
03/24/2024,FEU,Z14,5,0.066245820609
03/24/2024,FEU,Z14,6,0.068133542496
03/24/2024,FEU,Z14,7,0.066974648157
03/24/2024,FEU,Z14,8,0.066316009479
03/24/2024,FEU,Z14,9,0.06433079418
03/25/2024,FEU,Z14,1,0.097478621632
03/25/2024,FEU,Z14,10,0.111629430151
03/25/2024,FEU,Z14,11,0.143936261151
03/25/2024,FEU,Z14,12,0.13532258679
03/25/2024,FEU,Z14,13,0.133784531248
03/25/2024,FEU,Z14,14,0.125052002344
03/25/2024,FEU,Z14,15,0.074653524428
03/25/2024,FEU,Z14,16,0.073224186332
03/25/2024,FEU,Z14,17,0.075232968597
03/25/2024,FEU,Z14,18,0.0751596205
03/25/2024,FEU,Z14,19,0.124055437597
03/25/2024,FEU,Z14,2,0.091551357896
03/25/2024,FEU,Z14,20,0.139372312139
03/25/2024,FEU,Z14,21,0.154337387319
03/25/2024,FEU,Z14,22,0.1477282525
03/25/2024,FEU,Z14,23,0.08623156503
03/25/2024,FEU,Z14,24,0.083038383295
03/25/2024,FEU,Z14,3,0.091417813161
03/25/2024,FEU,Z14,4,0.096333881703
03/25/2024,FEU,Z14,5,0.094082630884
03/25/2024,FEU,Z14,6,0.099215844439
03/25/2024,FEU,Z14,7,0.094176074282
03/25/2024,FEU,Z14,8,0.13356415503
03/25/2024,FEU,Z14,9,0.138572873223
03/26/2024,FEU,Z14,1,0.052029684164
03/26/2024,FEU,Z14,10,0.077150859385
03/26/2024,FEU,Z14,11,0.126362245416
03/26/2024,FEU,Z14,12,0.126512785447
03/26/2024,FEU,Z14,13,0.12681856876
03/26/2024,FEU,Z14,14,0.126414136072
03/26/2024,FEU,Z14,15,0.076514892134
03/26/2024,FEU,Z14,16,0.07692542754
03/26/2024,FEU,Z14,17,0.076999950946
03/26/2024,FEU,Z14,18,0.07438341229
03/26/2024,FEU,Z14,19,0.124025182478
03/26/2024,FEU,Z14,2,0.054531945883
03/26/2024,FEU,Z14,20,0.126033447478
03/26/2024,FEU,Z14,21,0.135241197509
03/26/2024,FEU,Z14,22,0.127633353853
03/26/2024,FEU,Z14,23,0.073814815665
03/26/2024,FEU,Z14,24,0.073150683071
03/26/2024,FEU,Z14,3,0.053807932601
03/26/2024,FEU,Z14,4,0.052042442632
03/26/2024,FEU,Z14,5,0.051977634288
03/26/2024,FEU,Z14,6,0.051754923288
03/26/2024,FEU,Z14,7,0.053182173477
03/26/2024,FEU,Z14,8,0.053488227665
03/26/2024,FEU,Z14,9,0.078356485571
03/27/2024,FEU,Z14,1,0.051470656153
03/27/2024,FEU,Z14,10,0.0754312546
03/27/2024,FEU,Z14,11,0.127511346008
03/27/2024,FEU,Z14,12,0.129045178713
03/27/2024,FEU,Z14,13,0.129349964656
03/27/2024,FEU,Z14,14,0.129844026895
03/27/2024,FEU,Z14,15,0.080002275008
03/27/2024,FEU,Z14,16,0.080403380769
03/27/2024,FEU,Z14,17,0.079436197235
03/27/2024,FEU,Z14,18,0.078311807939
03/27/2024,FEU,Z14,19,0.125621842065
03/27/2024,FEU,Z14,2,0.04925810497
03/27/2024,FEU,Z14,20,0.12636604253
03/27/2024,FEU,Z14,21,0.126108974291
03/27/2024,FEU,Z14,22,0.126383920996
03/27/2024,FEU,Z14,23,0.077646103574
03/27/2024,FEU,Z14,24,0.077218979335
03/27/2024,FEU,Z14,3,0.052622181436
03/27/2024,FEU,Z14,4,0.052938235731
03/27/2024,FEU,Z14,5,0.052962695731
03/27/2024,FEU,Z14,6,0.052229201322
03/27/2024,FEU,Z14,7,0.051807974392
03/27/2024,FEU,Z14,8,0.050149455461
03/27/2024,FEU,Z14,9,0.076046649939
03/28/2024,FEU,Z14,1,0.054841824876
03/28/2024,FEU,Z14,10,0.074201177725
03/28/2024,FEU,Z14,11,0.124257809725
03/28/2024,FEU,Z14,12,0.123882519128
03/28/2024,FEU,Z14,13,0.123108314725
03/28/2024,FEU,Z14,14,0.122347751112
03/28/2024,FEU,Z14,15,0.072770287128
03/28/2024,FEU,Z14,16,0.073143689549
03/28/2024,FEU,Z14,17,0.073979689162
03/28/2024,FEU,Z14,18,0.073629203372
03/28/2024,FEU,Z14,19,0.123225378355
03/28/2024,FEU,Z14,2,0.055829277297
03/28/2024,FEU,Z14,20,0.122625965582
03/28/2024,FEU,Z14,21,0.123417040792
03/28/2024,FEU,Z14,22,0.124605819599
03/28/2024,FEU,Z14,23,0.076345186843
03/28/2024,FEU,Z14,24,0.07338410386
03/28/2024,FEU,Z14,3,0.059014162313
03/28/2024,FEU,Z14,4,0.05811146912
03/28/2024,FEU,Z14,5,0.058351469717
03/28/2024,FEU,Z14,6,0.057868432507
03/28/2024,FEU,Z14,7,0.056130371053
03/28/2024,FEU,Z14,8,0.052771184809
03/28/2024,FEU,Z14,9,0.074991276179
03/29/2024,FEU,Z14,1,0.058268264098
03/29/2024,FEU,Z14,10,0.083197822379
03/29/2024,FEU,Z14,11,0.128984222184
03/29/2024,FEU,Z14,12,0.126401375387
03/29/2024,FEU,Z14,13,0.126770583988
03/29/2024,FEU,Z14,14,0.126196021793
03/29/2024,FEU,Z14,15,0.075523827582
03/29/2024,FEU,Z14,16,0.076178671777
03/29/2024,FEU,Z14,17,0.079444636168
03/29/2024,FEU,Z14,18,0.078166055762
03/29/2024,FEU,Z14,19,0.131449026965
03/29/2024,FEU,Z14,2,0.058153113082
03/29/2024,FEU,Z14,20,0.131399674551
03/29/2024,FEU,Z14,21,0.14257702134
03/29/2024,FEU,Z14,22,0.149006364137
03/29/2024,FEU,Z14,23,0.091260925113
03/29/2024,FEU,Z14,24,0.091981786504
03/29/2024,FEU,Z14,3,0.05919507648
03/29/2024,FEU,Z14,4,0.059984657277
03/29/2024,FEU,Z14,5,0.060408317277
03/29/2024,FEU,Z14,6,0.060345359684
03/29/2024,FEU,Z14,7,0.06010912091
03/29/2024,FEU,Z14,8,0.060291506934
03/29/2024,FEU,Z14,9,0.083715895348
03/30/2024,FEU,Z14,1,0.072474036658
03/30/2024,FEU,Z14,10,0.053531619191
03/30/2024,FEU,Z14,11,0.051033977553
03/30/2024,FEU,Z14,12,0.049205379708
03/30/2024,FEU,Z14,13,0.049796541708
03/30/2024,FEU,Z14,14,0.048813220019
03/30/2024,FEU,Z14,15,0.048400852863
03/30/2024,FEU,Z14,16,0.050053351088
03/30/2024,FEU,Z14,17,0.052619787519
03/30/2024,FEU,Z14,18,0.053732407312
03/30/2024,FEU,Z14,19,0.054294607692
03/30/2024,FEU,Z14,2,0.070795296296
03/30/2024,FEU,Z14,20,0.059061249123
03/30/2024,FEU,Z14,21,0.064777559071
03/30/2024,FEU,Z14,22,0.065354812175
03/30/2024,FEU,Z14,23,0.054338133071
03/30/2024,FEU,Z14,24,0.051799128761
03/30/2024,FEU,Z14,3,0.071177433985
03/30/2024,FEU,Z14,4,0.070381535882
03/30/2024,FEU,Z14,5,0.070730321778
03/30/2024,FEU,Z14,6,0.070494375882
03/30/2024,FEU,Z14,7,0.071029812089
03/30/2024,FEU,Z14,8,0.067847211658
03/30/2024,FEU,Z14,9,0.061487351002
03/31/2024,FEU,Z14,1,0.064402845752
03/31/2024,FEU,Z14,10,0.052807530906
03/31/2024,FEU,Z14,11,0.05240790085
03/31/2024,FEU,Z14,12,0.05038096216
03/31/2024,FEU,Z14,13,0.048436274146
03/31/2024,FEU,Z14,14,0.04821590547
03/31/2024,FEU,Z14,15,0.048613506146
03/31/2024,FEU,Z14,16,0.049192692202
03/31/2024,FEU,Z14,17,0.052704922244
03/31/2024,FEU,Z14,18,0.052010072259
03/31/2024,FEU,Z14,19,0.051497835625
03/31/2024,FEU,Z14,2,0.066766209231
03/31/2024,FEU,Z14,20,0.051254005639
03/31/2024,FEU,Z14,21,0.049037605639
03/31/2024,FEU,Z14,22,0.050538994977
03/31/2024,FEU,Z14,23,0.049760230005
03/31/2024,FEU,Z14,3,0.067238301836
03/31/2024,FEU,Z14,4,0.067814646526
03/31/2024,FEU,Z14,5,0.06852867254
03/31/2024,FEU,Z14,6,0.068614373864
03/31/2024,FEU,Z14,7,0.067578609836
03/31/2024,FEU,Z14,8,0.06215649578
03/31/2024,FEU,Z14,9,0.056781349005
04/01/2024,FEU,Z14,1,0.055337551097
04/01/2024,FEU,Z14,10,0.06830199925
04/01/2024,FEU,Z14,11,0.118723870861
04/01/2024,FEU,Z14,12,0.118924280666
04/01/2024,FEU,Z14,13,0.118722405056
04/01/2024,FEU,Z14,14,0.118414379835
04/01/2024,FEU,Z14,15,0.068709744718
04/01/2024,FEU,Z14,16,0.06832335555
04/01/2024,FEU,Z14,17,0.068731770187
04/01/2024,FEU,Z14,18,0.068724399213
04/01/2024,FEU,Z14,19,0.119627389303
04/01/2024,FEU,Z14,2,0.055006824344
04/01/2024,FEU,Z14,20,0.117854617303
04/01/2024,FEU,Z14,21,0.131642057329
04/01/2024,FEU,Z14,22,0.142840179939
04/01/2024,FEU,Z14,23,0.091383891902
04/01/2024,FEU,Z14,24,0.08679205076
04/01/2024,FEU,Z14,3,0.05638186337
04/01/2024,FEU,Z14,4,0.057672403175
04/01/2024,FEU,Z14,5,0.057545653565
04/01/2024,FEU,Z14,6,0.054276180928
04/01/2024,FEU,Z14,7,0.05466455985
04/01/2024,FEU,Z14,8,0.051723586576
04/01/2024,FEU,Z14,9,0.073970548239
04/02/2024,FEU,Z14,1,0.051474662739
04/02/2024,FEU,Z14,10,0.075745720951
04/02/2024,FEU,Z14,11,0.117547208445
04/02/2024,FEU,Z14,12,0.116814427692
04/02/2024,FEU,Z14,13,0.115653402445
04/02/2024,FEU,Z14,14,0.115075713033
04/02/2024,FEU,Z14,15,0.065475636598
04/02/2024,FEU,Z14,16,0.065435177174
04/02/2024,FEU,Z14,17,0.066120275668
04/02/2024,FEU,Z14,18,0.067741330162
04/02/2024,FEU,Z14,19,0.118597485104
04/02/2024,FEU,Z14,2,0.052671634233
04/02/2024,FEU,Z14,20,0.125836386104
04/02/2024,FEU,Z14,21,0.157534446351
04/02/2024,FEU,Z14,22,0.156438156433
04/02/2024,FEU,Z14,23,0.103795300656
04/02/2024,FEU,Z14,24,0.074060037315
04/02/2024,FEU,Z14,3,0.054323203562
04/02/2024,FEU,Z14,4,0.052977989645
04/02/2024,FEU,Z14,5,0.053517649645
04/02/2024,FEU,Z14,6,0.053902006986
04/02/2024,FEU,Z14,7,0.070357448915
04/02/2024,FEU,Z14,8,0.078174171762
04/02/2024,FEU,Z14,9,0.105150067998
04/03/2024,FEU,Z14,1,0.046904017098
04/03/2024,FEU,Z14,10,0.072251965786
04/03/2024,FEU,Z14,11,0.116814528048
04/03/2024,FEU,Z14,12,0.115253310897
04/03/2024,FEU,Z14,13,0.114071702897
04/03/2024,FEU,Z14,14,0.113579066917
04/03/2024,FEU,Z14,15,0.064970964421
04/03/2024,FEU,Z14,16,0.064889445401
04/03/2024,FEU,Z14,17,0.064736716532
04/03/2024,FEU,Z14,18,0.065335725815
04/03/2024,FEU,Z14,19,0.115334954311
04/03/2024,FEU,Z14,2,0.045692159663
04/03/2024,FEU,Z14,20,0.124620587745
04/03/2024,FEU,Z14,21,0.158425978311
04/03/2024,FEU,Z14,22,0.157228778311
04/03/2024,FEU,Z14,23,0.107618900512
04/03/2024,FEU,Z14,24,0.099622655057
04/03/2024,FEU,Z14,3,0.046638712946
04/03/2024,FEU,Z14,4,0.048790155512
04/03/2024,FEU,Z14,5,0.047674073077
04/03/2024,FEU,Z14,6,0.048216112946
04/03/2024,FEU,Z14,7,0.04994132027
04/03/2024,FEU,Z14,8,0.071603320876
04/03/2024,FEU,Z14,9,0.105346277401
04/04/2024,FEU,Z14,1,0.051814543165
04/04/2024,FEU,Z14,10,0.082393111736
04/04/2024,FEU,Z14,11,0.121001796201
04/04/2024,FEU,Z14,12,0.120244796433
04/04/2024,FEU,Z14,13,0.120324553022
04/04/2024,FEU,Z14,14,0.120219469968
04/04/2024,FEU,Z14,15,0.072802064183
04/04/2024,FEU,Z14,16,0.071775497469
04/04/2024,FEU,Z14,17,0.070948871111
04/04/2024,FEU,Z14,18,0.070489335165
04/04/2024,FEU,Z14,19,0.122930036897
04/04/2024,FEU,Z14,2,0.050660663219
04/04/2024,FEU,Z14,20,0.133857560308
04/04/2024,FEU,Z14,21,0.13060728054
04/04/2024,FEU,Z14,22,0.14620338054
04/04/2024,FEU,Z14,23,0.074681328451
04/04/2024,FEU,Z14,24,0.071513262736
04/04/2024,FEU,Z14,3,0.055284279451
04/04/2024,FEU,Z14,4,0.057204892861
04/04/2024,FEU,Z14,5,0.05553277804
04/04/2024,FEU,Z14,6,0.054702236397
04/04/2024,FEU,Z14,7,0.053829541701
04/04/2024,FEU,Z14,8,0.056515763772
04/04/2024,FEU,Z14,9,0.085119911522
04/05/2024,FEU,Z14,1,0.050567232045
04/05/2024,FEU,Z14,10,0.073704615358
04/05/2024,FEU,Z14,11,0.120131407618
04/05/2024,FEU,Z14,12,0.118951421098
04/05/2024,FEU,Z14,13,0.119582021968
04/05/2024,FEU,Z14,14,0.116869445447
04/05/2024,FEU,Z14,15,0.06766332492
04/05/2024,FEU,Z14,16,0.067724333701
04/05/2024,FEU,Z14,17,0.067545720482
04/05/2024,FEU,Z14,18,0.069683076394
04/05/2024,FEU,Z14,19,0.118763042311
04/05/2024,FEU,Z14,2,0.051076242826
04/05/2024,FEU,Z14,20,0.119132577092
04/05/2024,FEU,Z14,21,0.119970820743
04/05/2024,FEU,Z14,22,0.120641233613
04/05/2024,FEU,Z14,23,0.069838837518
04/05/2024,FEU,Z14,24,0.06818284469
04/05/2024,FEU,Z14,3,0.052163698346
04/05/2024,FEU,Z14,4,0.052424806477
04/05/2024,FEU,Z14,5,0.052204840477
04/05/2024,FEU,Z14,6,0.051662901956
04/05/2024,FEU,Z14,7,0.052660429784
04/05/2024,FEU,Z14,8,0.048884989352
04/05/2024,FEU,Z14,9,0.075855647045
04/06/2024,FEU,Z14,1,0.045993563421
04/06/2024,FEU,Z14,10,0.045995403268
04/06/2024,FEU,Z14,11,0.046431401127
04/06/2024,FEU,Z14,12,0.044538071127
04/06/2024,FEU,Z14,13,0.044807434437
04/06/2024,FEU,Z14,14,0.044134938987
04/06/2024,FEU,Z14,15,0.044450586987
04/06/2024,FEU,Z14,16,0.045476259268
04/06/2024,FEU,Z14,17,0.045921127408
04/06/2024,FEU,Z14,18,0.048474554239
04/06/2024,FEU,Z14,19,0.04705099307
04/06/2024,FEU,Z14,2,0.047066706562
04/06/2024,FEU,Z14,20,0.04705771121
04/06/2024,FEU,Z14,21,0.049776722731
04/06/2024,FEU,Z14,22,0.055684197351
04/06/2024,FEU,Z14,23,0.051805155182
04/06/2024,FEU,Z14,24,0.053450453942
04/06/2024,FEU,Z14,3,0.048096321632
04/06/2024,FEU,Z14,4,0.049496401322
04/06/2024,FEU,Z14,5,0.050173945012
04/06/2024,FEU,Z14,6,0.050493385012
04/06/2024,FEU,Z14,7,0.049154946182
04/06/2024,FEU,Z14,8,0.047559349661
04/06/2024,FEU,Z14,9,0.044182614309
04/07/2024,FEU,Z14,1,0.058493068961
04/07/2024,FEU,Z14,10,0.059521313721
04/07/2024,FEU,Z14,11,0.052525232969
04/07/2024,FEU,Z14,12,0.052551786102
04/07/2024,FEU,Z14,13,0.05080817814
04/07/2024,FEU,Z14,14,0.051122503235
04/07/2024,FEU,Z14,15,0.051478752216
04/07/2024,FEU,Z14,16,0.052314836083
04/07/2024,FEU,Z14,17,0.053176529931
04/07/2024,FEU,Z14,18,0.057275306778
04/07/2024,FEU,Z14,19,0.055123501607
04/07/2024,FEU,Z14,2,0.058315328866
04/07/2024,FEU,Z14,20,0.053058539455
04/07/2024,FEU,Z14,21,0.076554101417
04/07/2024,FEU,Z14,22,0.085164297493
04/07/2024,FEU,Z14,23,0.074732844436
04/07/2024,FEU,Z14,24,0.059495633303
04/07/2024,FEU,Z14,3,0.061483740771
04/07/2024,FEU,Z14,4,0.064773280733
04/07/2024,FEU,Z14,5,0.065320408733
04/07/2024,FEU,Z14,6,0.065368353752
04/07/2024,FEU,Z14,7,0.064320658847
04/07/2024,FEU,Z14,8,0.063008980961
04/07/2024,FEU,Z14,9,0.061688033341
04/08/2024,FEU,Z14,1,0.055958347735
04/08/2024,FEU,Z14,10,0.071850433599
04/08/2024,FEU,Z14,11,0.120025411009
04/08/2024,FEU,Z14,12,0.121601462714
04/08/2024,FEU,Z14,13,0.121442314304
04/08/2024,FEU,Z14,14,0.120072855484
04/08/2024,FEU,Z14,15,0.071492922764
04/08/2024,FEU,Z14,16,0.071645173994
04/08/2024,FEU,Z14,17,0.071857471929
04/08/2024,FEU,Z14,18,0.071165380455
04/08/2024,FEU,Z14,19,0.125510128649
04/08/2024,FEU,Z14,2,0.05434241308
04/08/2024,FEU,Z14,20,0.123041284649
04/08/2024,FEU,Z14,21,0.122348390174
04/08/2024,FEU,Z14,22,0.122901445584
04/08/2024,FEU,Z14,23,0.07271190344
04/08/2024,FEU,Z14,24,0.068996006195
04/08/2024,FEU,Z14,3,0.055295531605
04/08/2024,FEU,Z14,4,0.05554792931
04/08/2024,FEU,Z14,5,0.0556589759
04/08/2024,FEU,Z14,6,0.054704544965
04/08/2024,FEU,Z14,7,0.05269048839
04/08/2024,FEU,Z14,8,0.049580686519
04/08/2024,FEU,Z14,9,0.07357058898
04/09/2024,FEU,Z14,1,0.045519008367
04/09/2024,FEU,Z14,10,0.067232909072
04/09/2024,FEU,Z14,11,0.119298243458
04/09/2024,FEU,Z14,12,0.119891189151
04/09/2024,FEU,Z14,13,0.119827906458
04/09/2024,FEU,Z14,14,0.11934991597
04/09/2024,FEU,Z14,15,0.068914656026
04/09/2024,FEU,Z14,16,0.06896669931
04/09/2024,FEU,Z14,17,0.069030500697
04/09/2024,FEU,Z14,18,0.072434014083
04/09/2024,FEU,Z14,19,0.12026491264
04/09/2024,FEU,Z14,2,0.046760886753
04/09/2024,FEU,Z14,20,0.11913992464
04/09/2024,FEU,Z14,21,0.118951140333
04/09/2024,FEU,Z14,22,0.130791869231
04/09/2024,FEU,Z14,23,0.071647947469
04/09/2024,FEU,Z14,24,0.070789142651
04/09/2024,FEU,Z14,3,0.049999596344
04/09/2024,FEU,Z14,4,0.049866856242
04/09/2024,FEU,Z14,5,0.049964866242
04/09/2024,FEU,Z14,6,0.04865265106
04/09/2024,FEU,Z14,7,0.04709325539
04/09/2024,FEU,Z14,8,0.040201479822
04/09/2024,FEU,Z14,9,0.067187658288
04/10/2024,FEU,Z14,1,0.054092986928
04/10/2024,FEU,Z14,10,0.068088655018
04/10/2024,FEU,Z14,11,0.1191009054
04/10/2024,FEU,Z14,12,0.121630057293
04/10/2024,FEU,Z14,13,0.122267381293
04/10/2024,FEU,Z14,14,0.121654900209
04/10/2024,FEU,Z14,15,0.072884430057
04/10/2024,FEU,Z14,16,0.073006447141
04/10/2024,FEU,Z14,17,0.073158364332
04/10/2024,FEU,Z14,18,0.07197437763
04/10/2024,FEU,Z14,19,0.120979915782
04/10/2024,FEU,Z14,2,0.053863913523
04/10/2024,FEU,Z14,20,0.120656205186
04/10/2024,FEU,Z14,21,0.122035787782
04/10/2024,FEU,Z14,22,0.152995963782
04/10/2024,FEU,Z14,23,0.071285180417
04/10/2024,FEU,Z14,24,0.070128737097
04/10/2024,FEU,Z14,3,0.052620900821
04/10/2024,FEU,Z14,4,0.050747268417
04/10/2024,FEU,Z14,5,0.050840650012
04/10/2024,FEU,Z14,6,0.050873810821
04/10/2024,FEU,Z14,7,0.05090230395
04/10/2024,FEU,Z14,8,0.082187158377
04/10/2024,FEU,Z14,9,0.077762307141
04/11/2024,FEU,Z14,1,0.049513703367
04/11/2024,FEU,Z14,10,0.067187417155
04/11/2024,FEU,Z14,11,0.117814428486
04/11/2024,FEU,Z14,12,0.117684844152
04/11/2024,FEU,Z14,13,0.117461990597
04/11/2024,FEU,Z14,14,0.116866112821
04/11/2024,FEU,Z14,15,0.067459359927
04/11/2024,FEU,Z14,16,0.068183570369
04/11/2024,FEU,Z14,17,0.06747762059
04/11/2024,FEU,Z14,18,0.066978439367
04/11/2024,FEU,Z14,19,0.115114507484
04/11/2024,FEU,Z14,2,0.048228172143
04/11/2024,FEU,Z14,20,0.12109425004
04/11/2024,FEU,Z14,21,0.181549249705
04/11/2024,FEU,Z14,22,0.194187589705
04/11/2024,FEU,Z14,23,0.146241418809
04/11/2024,FEU,Z14,24,0.105220119252
04/11/2024,FEU,Z14,3,0.048257113809
04/11/2024,FEU,Z14,4,0.047138266365
04/11/2024,FEU,Z14,5,0.047416501254
04/11/2024,FEU,Z14,6,0.048079291033
04/11/2024,FEU,Z14,7,0.049313678035
04/11/2024,FEU,Z14,8,0.067598437371
04/11/2024,FEU,Z14,9,0.087310098146
04/12/2024,FEU,Z14,1,0.072282904894
04/12/2024,FEU,Z14,10,0.072636405073
04/12/2024,FEU,Z14,11,0.116793627619
04/12/2024,FEU,Z14,12,0.116082921528
04/12/2024,FEU,Z14,13,0.116657258255
04/12/2024,FEU,Z14,14,0.114445033164
04/12/2024,FEU,Z14,15,0.064511424347
04/12/2024,FEU,Z14,16,0.064901089983
04/12/2024,FEU,Z14,17,0.06859755662
04/12/2024,FEU,Z14,18,0.06723771353
04/12/2024,FEU,Z14,19,0.117039799165
04/12/2024,FEU,Z14,2,0.06394416353
04/12/2024,FEU,Z14,20,0.135069896802
04/12/2024,FEU,Z14,21,0.156718985166
04/12/2024,FEU,Z14,22,0.197849981893
04/12/2024,FEU,Z14,23,0.107365950077
04/12/2024,FEU,Z14,24,0.095049778532
04/12/2024,FEU,Z14,3,0.062051702621
04/12/2024,FEU,Z14,4,0.061441179894
04/12/2024,FEU,Z14,5,0.061123851894
04/12/2024,FEU,Z14,6,0.065248392803
04/12/2024,FEU,Z14,7,0.082172768348
04/12/2024,FEU,Z14,8,0.127434197347
04/12/2024,FEU,Z14,9,0.149696625894
04/13/2024,FEU,Z14,1,0.078348529112
04/13/2024,FEU,Z14,10,0.045853347398
04/13/2024,FEU,Z14,11,0.043139159504
04/13/2024,FEU,Z14,12,0.041352365504
04/13/2024,FEU,Z14,13,0.040954576855
04/13/2024,FEU,Z14,14,0.04074340361
04/13/2024,FEU,Z14,15,0.04164311561
04/13/2024,FEU,Z14,16,0.042272883398
04/13/2024,FEU,Z14,17,0.042619339292
04/13/2024,FEU,Z14,18,0.044435041834
04/13/2024,FEU,Z14,19,0.045524768377
04/13/2024,FEU,Z14,2,0.074016482005
04/13/2024,FEU,Z14,20,0.053388462271
04/13/2024,FEU,Z14,21,0.066426477463
04/13/2024,FEU,Z14,22,0.079239368165
04/13/2024,FEU,Z14,23,0.067242001708
04/13/2024,FEU,Z14,24,0.056047868303
04/13/2024,FEU,Z14,3,0.075505791952
04/13/2024,FEU,Z14,4,0.071417939601
04/13/2024,FEU,Z14,5,0.06859977525
04/13/2024,FEU,Z14,6,0.06723610525
04/13/2024,FEU,Z14,7,0.069880180708
04/13/2024,FEU,Z14,8,0.069215090516
04/13/2024,FEU,Z14,9,0.066943585781
04/14/2024,FEU,Z14,1,0.062521812025
04/14/2024,FEU,Z14,10,0.056729662968
04/14/2024,FEU,Z14,11,0.047224019624
04/14/2024,FEU,Z14,12,0.044955550439
04/14/2024,FEU,Z14,13,0.045080080387
04/14/2024,FEU,Z14,14,0.044873145254
04/14/2024,FEU,Z14,15,0.044793040281
04/14/2024,FEU,Z14,16,0.045939951466
04/14/2024,FEU,Z14,17,0.047182339677
04/14/2024,FEU,Z14,18,0.049043261889
04/14/2024,FEU,Z14,19,0.049053321126
04/14/2024,FEU,Z14,2,0.061780183157
04/14/2024,FEU,Z14,20,0.047465417338
04/14/2024,FEU,Z14,21,0.061085207391
04/14/2024,FEU,Z14,22,0.075757471285
04/14/2024,FEU,Z14,23,0.063469455364
04/14/2024,FEU,Z14,24,0.061961297549
04/14/2024,FEU,Z14,3,0.063225146289
04/14/2024,FEU,Z14,4,0.063473448342
04/14/2024,FEU,Z14,5,0.065772120342
04/14/2024,FEU,Z14,6,0.067397366315
04/14/2024,FEU,Z14,7,0.071856480183
04/14/2024,FEU,Z14,8,0.071934204025
04/14/2024,FEU,Z14,9,0.065951871496
04/15/2024,FEU,Z14,1,0.069714986455
04/15/2024,FEU,Z14,10,0.075639385263
04/15/2024,FEU,Z14,11,0.125380373314
04/15/2024,FEU,Z14,12,0.125046222339
04/15/2024,FEU,Z14,13,0.125139839288
04/15/2024,FEU,Z14,14,0.125264234187
04/15/2024,FEU,Z14,15,0.075843872593
04/15/2024,FEU,Z14,16,0.075650171745
04/15/2024,FEU,Z14,17,0.075347109922
04/15/2024,FEU,Z14,18,0.076955670049
04/15/2024,FEU,Z14,19,0.127759349517
04/15/2024,FEU,Z14,2,0.066765870683
04/15/2024,FEU,Z14,20,0.127795433517
04/15/2024,FEU,Z14,21,0.135929037643
04/15/2024,FEU,Z14,22,0.145529053694
04/15/2024,FEU,Z14,23,0.08247853848
04/15/2024,FEU,Z14,24,0.079135861759
04/15/2024,FEU,Z14,3,0.06668411581
04/15/2024,FEU,Z14,4,0.066094686835
04/15/2024,FEU,Z14,5,0.065793836784
04/15/2024,FEU,Z14,6,0.063972277607
04/15/2024,FEU,Z14,7,0.064554846227
04/15/2024,FEU,Z14,8,0.065479351872
04/15/2024,FEU,Z14,9,0.095224210176
04/16/2024,FEU,Z14,1,0.057599977093
04/16/2024,FEU,Z14,10,0.074355993755
04/16/2024,FEU,Z14,11,0.124457961364
04/16/2024,FEU,Z14,12,0.124403084669
04/16/2024,FEU,Z14,13,0.124234274364
04/16/2024,FEU,Z14,14,0.124006156523
04/16/2024,FEU,Z14,15,0.075089176119
04/16/2024,FEU,Z14,16,0.075250046497
04/16/2024,FEU,Z14,17,0.075382563106
04/16/2024,FEU,Z14,18,0.075198107716
04/16/2024,FEU,Z14,19,0.12361171751
04/16/2024,FEU,Z14,2,0.060039830702
04/16/2024,FEU,Z14,20,0.12213079451
04/16/2024,FEU,Z14,21,0.124492108815
04/16/2024,FEU,Z14,22,0.130501309583
04/16/2024,FEU,Z14,23,0.076688976325
04/16/2024,FEU,Z14,24,0.076267844471
04/16/2024,FEU,Z14,3,0.061642109775
04/16/2024,FEU,Z14,4,0.063545749544
04/16/2024,FEU,Z14,5,0.063545749544
04/16/2024,FEU,Z14,6,0.062582473398
04/16/2024,FEU,Z14,7,0.059387361411
04/16/2024,FEU,Z14,8,0.052183977656
04/16/2024,FEU,Z14,9,0.078272354179
04/17/2024,FEU,Z14,1,0.05410185653
04/17/2024,FEU,Z14,10,0.075314506982
04/17/2024,FEU,Z14,11,0.123018736891
04/17/2024,FEU,Z14,12,0.124106597108
04/17/2024,FEU,Z14,13,0.124306633108
04/17/2024,FEU,Z14,14,0.124257565937
04/17/2024,FEU,Z14,15,0.075537699927
04/17/2024,FEU,Z14,16,0.075929274098
04/17/2024,FEU,Z14,17,0.075945869052
04/17/2024,FEU,Z14,18,0.076263693791
04/17/2024,FEU,Z14,19,0.123432062801
04/17/2024,FEU,Z14,2,0.055618426007
04/17/2024,FEU,Z14,20,0.124405409324
04/17/2024,FEU,Z14,21,0.125400142801
04/17/2024,FEU,Z14,22,0.141669214801
04/17/2024,FEU,Z14,23,0.075778049223
04/17/2024,FEU,Z14,24,0.074129570872
04/17/2024,FEU,Z14,3,0.055528862746
04/17/2024,FEU,Z14,4,0.056286315223
04/17/2024,FEU,Z14,5,0.056205504701
04/17/2024,FEU,Z14,6,0.055966232746
04/17/2024,FEU,Z14,7,0.055279771143
04/17/2024,FEU,Z14,8,0.067823584278
04/17/2024,FEU,Z14,9,0.077000232098
04/18/2024,FEU,Z14,1,0.052438926263
04/18/2024,FEU,Z14,10,0.073169286789
04/18/2024,FEU,Z14,11,0.12234767776
04/18/2024,FEU,Z14,12,0.123054607746
04/18/2024,FEU,Z14,13,0.123156281084
04/18/2024,FEU,Z14,14,0.122698551775
04/18/2024,FEU,Z14,15,0.073489149012
04/18/2024,FEU,Z14,16,0.075215414306
04/18/2024,FEU,Z14,17,0.074808412954
04/18/2024,FEU,Z14,18,0.075042827263
04/18/2024,FEU,Z14,19,0.122381143717
04/18/2024,FEU,Z14,2,0.053157015572
04/18/2024,FEU,Z14,20,0.124149580379
04/18/2024,FEU,Z14,21,0.133013094364
04/18/2024,FEU,Z14,22,0.152671434364
04/18/2024,FEU,Z14,23,0.086910230558
04/18/2024,FEU,Z14,24,0.076238970853
04/18/2024,FEU,Z14,3,0.052930943558
04/18/2024,FEU,Z14,4,0.05326439422
04/18/2024,FEU,Z14,5,0.053229324896
04/18/2024,FEU,Z14,6,0.053267348249
04/18/2024,FEU,Z14,7,0.053342804292
04/18/2024,FEU,Z14,8,0.06927712535
04/18/2024,FEU,Z14,9,0.077716890616
04/19/2024,FEU,Z14,1,0.060369688662
04/19/2024,FEU,Z14,10,0.078238501057
04/19/2024,FEU,Z14,11,0.122863596202
04/19/2024,FEU,Z14,12,0.123254926913
04/19/2024,FEU,Z14,13,0.12071264334
04/19/2024,FEU,Z14,14,0.120769709051
04/19/2024,FEU,Z14,15,0.071415745925
04/19/2024,FEU,Z14,16,0.071734166359
04/19/2024,FEU,Z14,17,0.071946269794
04/19/2024,FEU,Z14,18,0.0749885788
04/19/2024,FEU,Z14,19,0.127298709642
04/19/2024,FEU,Z14,2,0.060926885096
04/19/2024,FEU,Z14,20,0.141047857076
04/19/2024,FEU,Z14,21,0.153322782938
04/19/2024,FEU,Z14,22,0.155102475366
04/19/2024,FEU,Z14,23,0.104611142536
04/19/2024,FEU,Z14,24,0.106023581687
04/19/2024,FEU,Z14,3,0.062437583385
04/19/2024,FEU,Z14,4,0.064476589957
04/19/2024,FEU,Z14,5,0.059303181957
04/19/2024,FEU,Z14,6,0.068151505668
04/19/2024,FEU,Z14,7,0.075663349517
04/19/2024,FEU,Z14,8,0.080107222221
04/19/2024,FEU,Z14,9,0.107615379662
04/20/2024,FEU,Z14,1,0.076558919482
04/20/2024,FEU,Z14,10,0.052353606249
04/20/2024,FEU,Z14,11,0.047477507866
04/20/2024,FEU,Z14,12,0.047066417866
04/20/2024,FEU,Z14,13,0.048284651803
04/20/2024,FEU,Z14,14,0.048532553484
04/20/2024,FEU,Z14,15,0.044673353484
04/20/2024,FEU,Z14,16,0.045688542249
04/20/2024,FEU,Z14,17,0.046266714632
04/20/2024,FEU,Z14,18,0.047542810078
04/20/2024,FEU,Z14,19,0.050104971525
04/20/2024,FEU,Z14,2,0.062358606864
04/20/2024,FEU,Z14,20,0.050888765908
04/20/2024,FEU,Z14,21,0.056478782418
04/20/2024,FEU,Z14,22,0.05818548029
04/20/2024,FEU,Z14,23,0.057741206737
04/20/2024,FEU,Z14,24,0.056563757992
04/20/2024,FEU,Z14,3,0.067498461056
04/20/2024,FEU,Z14,4,0.06825207012
04/20/2024,FEU,Z14,5,0.068342547183
04/20/2024,FEU,Z14,6,0.065566807183
04/20/2024,FEU,Z14,7,0.065336948737
04/20/2024,FEU,Z14,8,0.062640696227
04/20/2024,FEU,Z14,9,0.06160103527
04/21/2024,FEU,Z14,1,0.066817155472
04/21/2024,FEU,Z14,10,0.067356201905
04/21/2024,FEU,Z14,11,0.054472420396
04/21/2024,FEU,Z14,12,0.053026477122
04/21/2024,FEU,Z14,13,0.052693095043
04/21/2024,FEU,Z14,14,0.048640209848
04/21/2024,FEU,Z14,15,0.048529014887
04/21/2024,FEU,Z14,16,0.049558080161
04/21/2024,FEU,Z14,17,0.050589889474
04/21/2024,FEU,Z14,18,0.054586674788
04/21/2024,FEU,Z14,19,0.05622971214
04/21/2024,FEU,Z14,2,0.067378398668
04/21/2024,FEU,Z14,20,0.052655368454
04/21/2024,FEU,Z14,21,0.052378370532
04/21/2024,FEU,Z14,22,0.058100494375
04/21/2024,FEU,Z14,23,0.056902986493
04/21/2024,FEU,Z14,24,0.053428988767
04/21/2024,FEU,Z14,3,0.069876507864
04/21/2024,FEU,Z14,4,0.073652247942
04/21/2024,FEU,Z14,5,0.074360943942
04/21/2024,FEU,Z14,6,0.074847897903
04/21/2024,FEU,Z14,7,0.074243775707
04/21/2024,FEU,Z14,8,0.076833123472
04/21/2024,FEU,Z14,9,0.076470094689
04/22/2024,FEU,Z14,1,0.065461390654
04/22/2024,FEU,Z14,10,0.074468407914
04/22/2024,FEU,Z14,11,0.123210894541
04/22/2024,FEU,Z14,12,0.123697493855
04/22/2024,FEU,Z14,13,0.124144562228
04/22/2024,FEU,Z14,14,0.123595615973
04/22/2024,FEU,Z14,15,0.074152058991
04/22/2024,FEU,Z14,16,0.074651113873
04/22/2024,FEU,Z14,17,0.074750370068
04/22/2024,FEU,Z14,18,0.074708066636
04/22/2024,FEU,Z14,19,0.12252634105
04/22/2024,FEU,Z14,2,0.066951349476
04/22/2024,FEU,Z14,20,0.12275099305
04/22/2024,FEU,Z14,21,0.130210626618
04/22/2024,FEU,Z14,22,0.137410848245
04/22/2024,FEU,Z14,23,0.083249366968
04/22/2024,FEU,Z14,24,0.078879055417
04/22/2024,FEU,Z14,3,0.066895876045
04/22/2024,FEU,Z14,4,0.069318653358
04/22/2024,FEU,Z14,5,0.068938446731
04/22/2024,FEU,Z14,6,0.067625007536
04/22/2024,FEU,Z14,7,0.062607461831
04/22/2024,FEU,Z14,8,0.053055325441
04/22/2024,FEU,Z14,9,0.075472933204
04/23/2024,FEU,Z14,1,0.05617397842
04/23/2024,FEU,Z14,10,0.072317116955
04/23/2024,FEU,Z14,11,0.121561245624
04/23/2024,FEU,Z14,12,0.121322246959
04/23/2024,FEU,Z14,13,0.121749003624
04/23/2024,FEU,Z14,14,0.1211819454
04/23/2024,FEU,Z14,15,0.071884160853
04/23/2024,FEU,Z14,16,0.072648944967
04/23/2024,FEU,Z14,17,0.072707749636
04/23/2024,FEU,Z14,18,0.072668298306
04/23/2024,FEU,Z14,19,0.120838548184
04/23/2024,FEU,Z14,2,0.054569946089
04/23/2024,FEU,Z14,20,0.122342811184
04/23/2024,FEU,Z14,21,0.135609070518
04/23/2024,FEU,Z14,22,0.159898885963
04/23/2024,FEU,Z14,23,0.100210120975
04/23/2024,FEU,Z14,24,0.079987964534
04/23/2024,FEU,Z14,3,0.058203322869
04/23/2024,FEU,Z14,4,0.059010278314
04/23/2024,FEU,Z14,5,0.059403528314
04/23/2024,FEU,Z14,6,0.060298284755
04/23/2024,FEU,Z14,7,0.059084970971
04/23/2024,FEU,Z14,8,0.068215297743
04/23/2024,FEU,Z14,9,0.079262049416
04/24/2024,FEU,Z14,1,0.070586254947
04/24/2024,FEU,Z14,10,0.072941609667
04/24/2024,FEU,Z14,11,0.119063361123
04/24/2024,FEU,Z14,12,0.119290838919
04/24/2024,FEU,Z14,13,0.119893272919
04/24/2024,FEU,Z14,14,0.119317045395
04/24/2024,FEU,Z14,15,0.069003909831
04/24/2024,FEU,Z14,16,0.069754001355
04/24/2024,FEU,Z14,17,0.069809269083
04/24/2024,FEU,Z14,18,0.070461372015
04/24/2024,FEU,Z14,19,0.122080912579
04/24/2024,FEU,Z14,2,0.064832754811
04/24/2024,FEU,Z14,20,0.143618982715
04/24/2024,FEU,Z14,21,0.153279360579
04/24/2024,FEU,Z14,22,0.230627824579
04/24/2024,FEU,Z14,23,0.156628448607
04/24/2024,FEU,Z14,24,0.103516405995
04/24/2024,FEU,Z14,3,0.062470848743
04/24/2024,FEU,Z14,4,0.061768806607
04/24/2024,FEU,Z14,5,0.061891394471
04/24/2024,FEU,Z14,6,0.061875738743
04/24/2024,FEU,Z14,7,0.065613043627
04/24/2024,FEU,Z14,8,0.077588630443
04/24/2024,FEU,Z14,9,0.093967377355
04/25/2024,FEU,Z14,1,0.077542703292
04/25/2024,FEU,Z14,10,0.09702134288
04/25/2024,FEU,Z14,11,0.140745017242
04/25/2024,FEU,Z14,12,0.136599809923
04/25/2024,FEU,Z14,13,0.133465468363
04/25/2024,FEU,Z14,14,0.129308546561
04/25/2024,FEU,Z14,15,0.074694727767
04/25/2024,FEU,Z14,16,0.072469508249
04/25/2024,FEU,Z14,17,0.07184922249
04/25/2024,FEU,Z14,18,0.075408343292
04/25/2024,FEU,Z14,19,0.134978489285
04/25/2024,FEU,Z14,2,0.074772202093
04/25/2024,FEU,Z14,20,0.145904675845
04/25/2024,FEU,Z14,21,0.209464285526
04/25/2024,FEU,Z14,22,0.233826025526
04/25/2024,FEU,Z14,23,0.165864258774
04/25/2024,FEU,Z14,24,0.151626861256
04/25/2024,FEU,Z14,3,0.077362844774
04/25/2024,FEU,Z14,4,0.077900272334
04/25/2024,FEU,Z14,5,0.077739085213
04/25/2024,FEU,Z14,6,0.077112600972
04/25/2024,FEU,Z14,7,0.08041400893
04/25/2024,FEU,Z14,8,0.144934333206
04/25/2024,FEU,Z14,9,0.13317697105
04/26/2024,FEU,Z14,1,0.119816068933
04/26/2024,FEU,Z14,10,0.141306118411
04/26/2024,FEU,Z14,11,0.142720027552
04/26/2024,FEU,Z14,12,0.142165277271
04/26/2024,FEU,Z14,13,0.141745856701
04/26/2024,FEU,Z14,14,0.139003390421
04/26/2024,FEU,Z14,15,0.079999028252
04/26/2024,FEU,Z14,16,0.079527575672
04/26/2024,FEU,Z14,17,0.077014788093
04/26/2024,FEU,Z14,18,0.080580566083
04/26/2024,FEU,Z14,19,0.133778166962
04/26/2024,FEU,Z14,2,0.114038969354
04/26/2024,FEU,Z14,20,0.143776174383
04/26/2024,FEU,Z14,21,0.170665765233
04/26/2024,FEU,Z14,22,0.212192052663
04/26/2024,FEU,Z14,23,0.150217249764
04/26/2024,FEU,Z14,24,0.115051492895
04/26/2024,FEU,Z14,3,0.105509043634
04/26/2024,FEU,Z14,4,0.115210603204
04/26/2024,FEU,Z14,5,0.118578607204
04/26/2024,FEU,Z14,6,0.114179860924
04/26/2024,FEU,Z14,7,0.133200245793
04/26/2024,FEU,Z14,8,0.144467249523
04/26/2024,FEU,Z14,9,0.160811391933
04/27/2024,FEU,Z14,1,0.092607461159
04/27/2024,FEU,Z14,10,0.060087151066
04/27/2024,FEU,Z14,11,0.049128745051
04/27/2024,FEU,Z14,12,0.042850069051
04/27/2024,FEU,Z14,13,0.039808399048
04/27/2024,FEU,Z14,14,0.037906435035
04/27/2024,FEU,Z14,15,0.037964035035
04/27/2024,FEU,Z14,16,0.041995099066
04/27/2024,FEU,Z14,17,0.042838543082
04/27/2024,FEU,Z14,18,0.044082358101
04/27/2024,FEU,Z14,19,0.044976995119
04/27/2024,FEU,Z14,2,0.085142673174
04/27/2024,FEU,Z14,20,0.060328963135
04/27/2024,FEU,Z14,21,0.090051461156
04/27/2024,FEU,Z14,22,0.112453907151
04/27/2024,FEU,Z14,23,0.110128174169
04/27/2024,FEU,Z14,24,0.10460349118
04/27/2024,FEU,Z14,3,0.082072907182
04/27/2024,FEU,Z14,4,0.082825282185
04/27/2024,FEU,Z14,5,0.083138353187
04/27/2024,FEU,Z14,6,0.083911543187
04/27/2024,FEU,Z14,7,0.082830901169
04/27/2024,FEU,Z14,8,0.082589953148
04/27/2024,FEU,Z14,9,0.077862543108
04/28/2024,FEU,Z14,1,0.108591774539
04/28/2024,FEU,Z14,10,0.070973588673
04/28/2024,FEU,Z14,11,0.047260551566
04/28/2024,FEU,Z14,12,0.04589272574
04/28/2024,FEU,Z14,13,0.046377878647
04/28/2024,FEU,Z14,14,0.045630585913
04/28/2024,FEU,Z14,15,0.04527266446
04/28/2024,FEU,Z14,16,0.046585078287
04/28/2024,FEU,Z14,17,0.04791553466
04/28/2024,FEU,Z14,18,0.048285189033
04/28/2024,FEU,Z14,19,0.070210813953
04/28/2024,FEU,Z14,2,0.090705255272
04/28/2024,FEU,Z14,20,0.076894252326
04/28/2024,FEU,Z14,21,0.101599001419
04/28/2024,FEU,Z14,22,0.124117383233
04/28/2024,FEU,Z14,23,0.117471450873
04/28/2024,FEU,Z14,24,0.105262328699
04/28/2024,FEU,Z14,3,0.094205926005
04/28/2024,FEU,Z14,4,0.092304181099
04/28/2024,FEU,Z14,5,0.092653021099
04/28/2024,FEU,Z14,6,0.093025967552
04/28/2024,FEU,Z14,7,0.092483943819
04/28/2024,FEU,Z14,8,0.093099990539
04/28/2024,FEU,Z14,9,0.089406283606
04/29/2024,FEU,Z14,1,0.103156423962
04/29/2024,FEU,Z14,10,0.117858083717
04/29/2024,FEU,Z14,11,0.15355516909
04/29/2024,FEU,Z14,12,0.143613365776
04/29/2024,FEU,Z14,13,0.142114482403
04/29/2024,FEU,Z14,14,0.141550493659
04/29/2024,FEU,Z14,15,0.092747471636
04/29/2024,FEU,Z14,16,0.093603711753
04/29/2024,FEU,Z14,17,0.093960029555
04/29/2024,FEU,Z14,18,0.093168437985
04/29/2024,FEU,Z14,19,0.149239410578
04/29/2024,FEU,Z14,2,0.102766590137
04/29/2024,FEU,Z14,20,0.168750378578
04/29/2024,FEU,Z14,21,0.199051134008
04/29/2024,FEU,Z14,22,0.21007886038
04/29/2024,FEU,Z14,23,0.147443826648
04/29/2024,FEU,Z14,24,0.132059853195
04/29/2024,FEU,Z14,3,0.103426518567
04/29/2024,FEU,Z14,4,0.104854274253
04/29/2024,FEU,Z14,5,0.101642844881
04/29/2024,FEU,Z14,6,0.103180056079
04/29/2024,FEU,Z14,7,0.093109993788
04/29/2024,FEU,Z14,8,0.142840568183
04/29/2024,FEU,Z14,9,0.162971696416
04/30/2024,FEU,Z14,1,0.112914836999
04/30/2024,FEU,Z14,10,0.120935074222
04/30/2024,FEU,Z14,11,0.149205116802
04/30/2024,FEU,Z14,12,0.142855832591
04/30/2024,FEU,Z14,13,0.137085453802
04/30/2024,FEU,Z14,14,0.121713345152
04/30/2024,FEU,Z14,15,0.075496396821
04/30/2024,FEU,Z14,16,0.07739665733
04/30/2024,FEU,Z14,17,0.07613112091
04/30/2024,FEU,Z14,18,0.07903773249
04/30/2024,FEU,Z14,19,0.140651273241
04/30/2024,FEU,Z14,2,0.097220300579
04/30/2024,FEU,Z14,20,0.158009231241
04/30/2024,FEU,Z14,21,0.168207008031
04/30/2024,FEU,Z14,22,0.194795253961
04/30/2024,FEU,Z14,23,0.132297934069
04/30/2024,FEU,Z14,24,0.126456935509
04/30/2024,FEU,Z14,3,0.099522693299
04/30/2024,FEU,Z14,4,0.109982115229
04/30/2024,FEU,Z14,5,0.105559565229
04/30/2024,FEU,Z14,6,0.118181177789
04/30/2024,FEU,Z14,7,0.1261796287
04/30/2024,FEU,Z14,8,0.138742892681
04/30/2024,FEU,Z14,9,0.14822550663
05/01/2024,FEU,Z14,1,0.086433234147
05/01/2024,FEU,Z14,10,0.057925929032
05/01/2024,FEU,Z14,11,0.043425885838
05/01/2024,FEU,Z14,12,0.041042500046
05/01/2024,FEU,Z14,13,0.039914540643
05/01/2024,FEU,Z14,14,0.038238962981
05/01/2024,FEU,Z14,15,0.038464884046
05/01/2024,FEU,Z14,16,0.039678447032
05/01/2024,FEU,Z14,17,0.041340988226
05/01/2024,FEU,Z14,18,0.051604470356
05/01/2024,FEU,Z14,19,0.05287900355
05/01/2024,FEU,Z14,2,0.089373438874
05/01/2024,FEU,Z14,20,0.054081161083
05/01/2024,FEU,Z14,21,0.067369495888
05/01/2024,FEU,Z14,22,0.078820528694
05/01/2024,FEU,Z14,23,0.078549805824
05/01/2024,FEU,Z14,24,0.068579204083
05/01/2024,FEU,Z14,3,0.076398878666
05/01/2024,FEU,Z14,4,0.074712686731
05/01/2024,FEU,Z14,5,0.07266860686
05/01/2024,FEU,Z14,6,0.073216947925
05/01/2024,FEU,Z14,7,0.074500882925
05/01/2024,FEU,Z14,8,0.073368199393
05/01/2024,FEU,Z14,9,0.065318330615
05/02/2024,FEU,Z14,1,0.068151251457
05/02/2024,FEU,Z14,10,0.080835145114
05/02/2024,FEU,Z14,11,0.11996642287
05/02/2024,FEU,Z14,12,0.119743029618
05/02/2024,FEU,Z14,13,0.119458801114
05/02/2024,FEU,Z14,14,0.119709552609
05/02/2024,FEU,Z14,15,0.06795933315
05/02/2024,FEU,Z14,16,0.070420205916
05/02/2024,FEU,Z14,17,0.071499349934
05/02/2024,FEU,Z14,18,0.070364002196
05/02/2024,FEU,Z14,19,0.125637607898
05/02/2024,FEU,Z14,2,0.065611470971
05/02/2024,FEU,Z14,20,0.134418250898
05/02/2024,FEU,Z14,21,0.15269369915
05/02/2024,FEU,Z14,22,0.179801510664
05/02/2024,FEU,Z14,23,0.11553701898
05/02/2024,FEU,Z14,24,0.104713407241
05/02/2024,FEU,Z14,3,0.066962039223
05/02/2024,FEU,Z14,4,0.065033729223
05/02/2024,FEU,Z14,5,0.065284588971
05/02/2024,FEU,Z14,6,0.066246088962
05/02/2024,FEU,Z14,7,0.07514874643
05/02/2024,FEU,Z14,8,0.080422843907
05/02/2024,FEU,Z14,9,0.107103693187
05/03/2024,FEU,Z14,1,0.079383189615
05/03/2024,FEU,Z14,10,0.095263019897
05/03/2024,FEU,Z14,11,0.131925267318
05/03/2024,FEU,Z14,12,0.119859501451
05/03/2024,FEU,Z14,13,0.121572304161
05/03/2024,FEU,Z14,14,0.119637939897
05/03/2024,FEU,Z14,15,0.069233942111
05/03/2024,FEU,Z14,16,0.068955667797
05/03/2024,FEU,Z14,17,0.06697463864
05/03/2024,FEU,Z14,18,0.069701912193
05/03/2024,FEU,Z14,19,0.125066104426
05/03/2024,FEU,Z14,2,0.080084995747
05/03/2024,FEU,Z14,20,0.143798480558
05/03/2024,FEU,Z14,21,0.157112847979
05/03/2024,FEU,Z14,22,0.186190993822
05/03/2024,FEU,Z14,23,0.120285653143
05/03/2024,FEU,Z14,24,0.110703976408
05/03/2024,FEU,Z14,3,0.081184555747
05/03/2024,FEU,Z14,4,0.079886842036
05/03/2024,FEU,Z14,5,0.079845728325
05/03/2024,FEU,Z14,6,0.078989817193
05/03/2024,FEU,Z14,7,0.078924707797
05/03/2024,FEU,Z14,8,0.082399138822
05/03/2024,FEU,Z14,9,0.101298034351
05/04/2024,FEU,Z14,1,0.084263792266
05/04/2024,FEU,Z14,10,0.049754521856
05/04/2024,FEU,Z14,11,0.046980017224
05/04/2024,FEU,Z14,12,0.047479141847
05/04/2024,FEU,Z14,13,0.047412913095
05/04/2024,FEU,Z14,14,0.047797106967
05/04/2024,FEU,Z14,15,0.046788055343
05/04/2024,FEU,Z14,16,0.047112972104
05/04/2024,FEU,Z14,17,0.047753210984
05/04/2024,FEU,Z14,18,0.048151431241
05/04/2024,FEU,Z14,19,0.046450460745
05/04/2024,FEU,Z14,2,0.084335099394
05/04/2024,FEU,Z14,20,0.050091372881
05/04/2024,FEU,Z14,21,0.07605080401
05/04/2024,FEU,Z14,22,0.080142330762
05/04/2024,FEU,Z14,23,0.081086021642
05/04/2024,FEU,Z14,24,0.077984454522
05/04/2024,FEU,Z14,3,0.080222318522
05/04/2024,FEU,Z14,4,0.070071730146
05/04/2024,FEU,Z14,5,0.067276735146
05/04/2024,FEU,Z14,6,0.070638318522
05/04/2024,FEU,Z14,7,0.073246694394
05/04/2024,FEU,Z14,8,0.07620260889
05/04/2024,FEU,Z14,9,0.065987700745
05/05/2024,FEU,Z14,1,0.085219277231
05/05/2024,FEU,Z14,10,0.050228368667
05/05/2024,FEU,Z14,11,0.051784954685
05/05/2024,FEU,Z14,12,0.048817176225
05/05/2024,FEU,Z14,13,0.048315500225
05/05/2024,FEU,Z14,14,0.045532406384
05/05/2024,FEU,Z14,15,0.043825558384
05/05/2024,FEU,Z14,16,0.045353574525
05/05/2024,FEU,Z14,17,0.049164688286
05/05/2024,FEU,Z14,18,0.049749365127
05/05/2024,FEU,Z14,19,0.053663321427
05/05/2024,FEU,Z14,2,0.082554952151
05/05/2024,FEU,Z14,20,0.057441318728
05/05/2024,FEU,Z14,21,0.078331709108
05/05/2024,FEU,Z14,22,0.098107168188
05/05/2024,FEU,Z14,23,0.095581107489
05/05/2024,FEU,Z14,24,0.094923030249
05/05/2024,FEU,Z14,3,0.081647061992
05/05/2024,FEU,Z14,4,0.081052249452
05/05/2024,FEU,Z14,5,0.081993354452
05/05/2024,FEU,Z14,6,0.083681559452
05/05/2024,FEU,Z14,7,0.084701307072
05/05/2024,FEU,Z14,8,0.082755826691
05/05/2024,FEU,Z14,9,0.073461888489
05/06/2024,FEU,Z14,1,0.110888079974
05/06/2024,FEU,Z14,10,0.125862473884
05/06/2024,FEU,Z14,11,0.157350293612
05/06/2024,FEU,Z14,12,0.147249103612
05/06/2024,FEU,Z14,13,0.131413531339
05/06/2024,FEU,Z14,14,0.12187362543
05/06/2024,FEU,Z14,15,0.070068564793
05/06/2024,FEU,Z14,16,0.06976550452
05/06/2024,FEU,Z14,17,0.068833276338
05/06/2024,FEU,Z14,18,0.069036724338
05/06/2024,FEU,Z14,19,0.124334894339
05/06/2024,FEU,Z14,2,0.10304763852
05/06/2024,FEU,Z14,20,0.150374566884
05/06/2024,FEU,Z14,21,0.190710022884
05/06/2024,FEU,Z14,22,0.214744883066
05/06/2024,FEU,Z14,23,0.162357597247
05/06/2024,FEU,Z14,24,0.153928873065
05/06/2024,FEU,Z14,3,0.099624240429
05/06/2024,FEU,Z14,4,0.101856500429
05/06/2024,FEU,Z14,5,0.098505325156
05/06/2024,FEU,Z14,6,0.100636827974
05/06/2024,FEU,Z14,7,0.101318265066
05/06/2024,FEU,Z14,8,0.124692216702
05/06/2024,FEU,Z14,9,0.155729622247
05/07/2024,FEU,Z14,1,0.128050683192
05/07/2024,FEU,Z14,10,0.097573385465
05/07/2024,FEU,Z14,11,0.121875479465
05/07/2024,FEU,Z14,12,0.115825745465
05/07/2024,FEU,Z14,13,0.112509221465
05/07/2024,FEU,Z14,14,0.111925165232
05/07/2024,FEU,Z14,15,0.063857886258
05/07/2024,FEU,Z14,16,0.065123226538
05/07/2024,FEU,Z14,17,0.065150678772
05/07/2024,FEU,Z14,18,0.064517143912
05/07/2024,FEU,Z14,19,0.114010529839
05/07/2024,FEU,Z14,2,0.124937855425
05/07/2024,FEU,Z14,20,0.151500618025
05/07/2024,FEU,Z14,21,0.172204177932
05/07/2024,FEU,Z14,22,0.184168494118
05/07/2024,FEU,Z14,23,0.130769125378
05/07/2024,FEU,Z14,24,0.116414223611
05/07/2024,FEU,Z14,3,0.122960876565
05/07/2024,FEU,Z14,4,0.116274602565
05/07/2024,FEU,Z14,5,0.114895424565
05/07/2024,FEU,Z14,6,0.116435793378
05/07/2024,FEU,Z14,7,0.121786921725
05/07/2024,FEU,Z14,8,0.143530270165
05/07/2024,FEU,Z14,9,0.144131862865
05/08/2024,FEU,Z14,1,0.076670561268
05/08/2024,FEU,Z14,10,0.090261137439
05/08/2024,FEU,Z14,11,0.130900345439
05/08/2024,FEU,Z14,12,0.126441033439
05/08/2024,FEU,Z14,13,0.122910280611
05/08/2024,FEU,Z14,14,0.122414810956
05/08/2024,FEU,Z14,15,0.073572418819
05/08/2024,FEU,Z14,16,0.074376485302
05/08/2024,FEU,Z14,17,0.074836491371
05/08/2024,FEU,Z14,18,0.075008737026
05/08/2024,FEU,Z14,19,0.132246647336
05/08/2024,FEU,Z14,2,0.067901777509
05/08/2024,FEU,Z14,20,0.147300409819
05/08/2024,FEU,Z14,21,0.161185225716
05/08/2024,FEU,Z14,22,0.186778653785
05/08/2024,FEU,Z14,23,0.129968403786
05/08/2024,FEU,Z14,24,0.124951675442
05/08/2024,FEU,Z14,3,0.067736268337
05/08/2024,FEU,Z14,4,0.066178668337
05/08/2024,FEU,Z14,5,0.069173508337
05/08/2024,FEU,Z14,6,0.067219715509
05/08/2024,FEU,Z14,7,0.068937203371
05/08/2024,FEU,Z14,8,0.078464154646
05/08/2024,FEU,Z14,9,0.100810185854
05/09/2024,FEU,Z14,1,0.077380340483
05/09/2024,FEU,Z14,10,0.093165117473
05/09/2024,FEU,Z14,11,0.122449570645
05/09/2024,FEU,Z14,12,0.113866576254
05/09/2024,FEU,Z14,13,0.111312045473
05/09/2024,FEU,Z14,14,0.110764774693
05/09/2024,FEU,Z14,15,0.061115313721
05/09/2024,FEU,Z14,16,0.061658712454
05/09/2024,FEU,Z14,17,0.063730135578
05/09/2024,FEU,Z14,18,0.06865735753
05/09/2024,FEU,Z14,19,0.12927750333
05/09/2024,FEU,Z14,2,0.078665441825
05/09/2024,FEU,Z14,20,0.14940924333
05/09/2024,FEU,Z14,21,0.191221131721
05/09/2024,FEU,Z14,22,0.227242328064
05/09/2024,FEU,Z14,23,0.165310838387
05/09/2024,FEU,Z14,24,0.13651248334
05/09/2024,FEU,Z14,3,0.079784570216
05/09/2024,FEU,Z14,4,0.081796460216
05/09/2024,FEU,Z14,5,0.081803031825
05/09/2024,FEU,Z14,6,0.080645043263
05/09/2024,FEU,Z14,7,0.092610583797
05/09/2024,FEU,Z14,8,0.110403114892
05/09/2024,FEU,Z14,9,0.104864477968
05/10/2024,FEU,Z14,1,0.091379958847
05/10/2024,FEU,Z14,10,0.087169388007
05/10/2024,FEU,Z14,11,0.125089435024
05/10/2024,FEU,Z14,12,0.116997522551
05/10/2024,FEU,Z14,13,0.115122365059
05/10/2024,FEU,Z14,14,0.113234164007
05/10/2024,FEU,Z14,15,0.064058298181
05/10/2024,FEU,Z14,16,0.068889574251
05/10/2024,FEU,Z14,17,0.071197620286
05/10/2024,FEU,Z14,18,0.074857607829
05/10/2024,FEU,Z14,19,0.125695750112
05/10/2024,FEU,Z14,2,0.087847125373
05/10/2024,FEU,Z14,20,0.132717181638
05/10/2024,FEU,Z14,21,0.156101392655
05/10/2024,FEU,Z14,22,0.19620207369
05/10/2024,FEU,Z14,23,0.116031358952
05/10/2024,FEU,Z14,24,0.108641978004
05/10/2024,FEU,Z14,3,0.088897895373
05/10/2024,FEU,Z14,4,0.086822038864
05/10/2024,FEU,Z14,5,0.087341768356
05/10/2024,FEU,Z14,6,0.089318037829
05/10/2024,FEU,Z14,7,0.104253158251
05/10/2024,FEU,Z14,8,0.12063221669
05/10/2024,FEU,Z14,9,0.108438121795
05/11/2024,FEU,Z14,1,0.087892898896
05/11/2024,FEU,Z14,10,0.053672582252
05/11/2024,FEU,Z14,11,0.043120301752
05/11/2024,FEU,Z14,12,0.042547742823
05/11/2024,FEU,Z14,13,0.043119734966
05/11/2024,FEU,Z14,14,0.04323551418
05/11/2024,FEU,Z14,15,0.044027860109
05/11/2024,FEU,Z14,16,0.044739447395
05/11/2024,FEU,Z14,17,0.045310167038
05/11/2024,FEU,Z14,18,0.05108025261
05/11/2024,FEU,Z14,19,0.054089032324
05/11/2024,FEU,Z14,2,0.084419409682
05/11/2024,FEU,Z14,20,0.061692524539
05/11/2024,FEU,Z14,21,0.079831241324
05/11/2024,FEU,Z14,22,0.088957947182
05/11/2024,FEU,Z14,23,0.086898976825
05/11/2024,FEU,Z14,24,0.087761994468
05/11/2024,FEU,Z14,3,0.087215706468
05/11/2024,FEU,Z14,4,0.088506191539
05/11/2024,FEU,Z14,5,0.089162147539
05/11/2024,FEU,Z14,6,0.089404452468
05/11/2024,FEU,Z14,7,0.088459704682
05/11/2024,FEU,Z14,8,0.087978683967
05/11/2024,FEU,Z14,9,0.079076072324
05/12/2024,FEU,Z14,1,0.089676017166
05/12/2024,FEU,Z14,10,0.052263205195
05/12/2024,FEU,Z14,11,0.043228524261
05/12/2024,FEU,Z14,12,0.04273868865
05/12/2024,FEU,Z14,13,0.04342634065
05/12/2024,FEU,Z14,14,0.042402594209
05/12/2024,FEU,Z14,15,0.042553602209
05/12/2024,FEU,Z14,16,0.043346374702
05/12/2024,FEU,Z14,17,0.044251861364
05/12/2024,FEU,Z14,18,0.049908870805
05/12/2024,FEU,Z14,19,0.065040984857
05/12/2024,FEU,Z14,2,0.091258732387
05/12/2024,FEU,Z14,20,0.082730201908
05/12/2024,FEU,Z14,21,0.081167221739
05/12/2024,FEU,Z14,22,0.108078126519
05/12/2024,FEU,Z14,23,0.09543155157
05/12/2024,FEU,Z14,24,0.084510613232
05/12/2024,FEU,Z14,3,0.094304894828
05/12/2024,FEU,Z14,4,0.098368280439
05/12/2024,FEU,Z14,5,0.098869560439
05/12/2024,FEU,Z14,6,0.097952555439
05/12/2024,FEU,Z14,7,0.097691501608
05/12/2024,FEU,Z14,8,0.098196728777
05/12/2024,FEU,Z14,9,0.06538827357
05/13/2024,FEU,Z14,1,0.091768856122
05/13/2024,FEU,Z14,10,0.106727505565
05/13/2024,FEU,Z14,11,0.129436770538
05/13/2024,FEU,Z14,12,0.116790245538
05/13/2024,FEU,Z14,13,0.113169396511
05/13/2024,FEU,Z14,14,0.11295811547
05/13/2024,FEU,Z14,15,0.063842559755
05/13/2024,FEU,Z14,16,0.064582845877
05/13/2024,FEU,Z14,17,0.072352311959
05/13/2024,FEU,Z14,18,0.074108079959
05/13/2024,FEU,Z14,19,0.12580783366
05/13/2024,FEU,Z14,2,0.092686032176
05/13/2024,FEU,Z14,20,0.138109467715
05/13/2024,FEU,Z14,21,0.154615599715
05/13/2024,FEU,Z14,22,0.154123946782
05/13/2024,FEU,Z14,23,0.108085716149
05/13/2024,FEU,Z14,24,0.10444602023
05/13/2024,FEU,Z14,3,0.095908241217
05/13/2024,FEU,Z14,4,0.097266956217
05/13/2024,FEU,Z14,5,0.09701213919
05/13/2024,FEU,Z14,6,0.095411264122
05/13/2024,FEU,Z14,7,0.091732997932
05/13/2024,FEU,Z14,8,0.098206999796
05/13/2024,FEU,Z14,9,0.121625134
05/14/2024,FEU,Z14,1,0.060172653086
05/14/2024,FEU,Z14,10,0.07989303686
05/14/2024,FEU,Z14,11,0.12071586686
05/14/2024,FEU,Z14,12,0.12095996486
05/14/2024,FEU,Z14,13,0.12092443886
05/14/2024,FEU,Z14,14,0.120374409018
05/14/2024,FEU,Z14,15,0.072221160721
05/14/2024,FEU,Z14,16,0.07238987273
05/14/2024,FEU,Z14,17,0.072436665572
05/14/2024,FEU,Z14,18,0.072239584077
05/14/2024,FEU,Z14,19,0.121594758206
05/14/2024,FEU,Z14,2,0.054191411928
05/14/2024,FEU,Z14,20,0.126064130879
05/14/2024,FEU,Z14,21,0.144052250543
05/14/2024,FEU,Z14,22,0.154601395216
05/14/2024,FEU,Z14,23,0.10635861476
05/14/2024,FEU,Z14,24,0.100020792601
05/14/2024,FEU,Z14,3,0.054745305433
05/14/2024,FEU,Z14,4,0.053765112433
05/14/2024,FEU,Z14,5,0.051383112433
05/14/2024,FEU,Z14,6,0.05142513476
05/14/2024,FEU,Z14,7,0.052899120404
05/14/2024,FEU,Z14,8,0.067980658384
05/14/2024,FEU,Z14,9,0.089395085908
05/15/2024,FEU,Z14,1,0.064531238244
05/15/2024,FEU,Z14,10,0.076095741916
05/15/2024,FEU,Z14,11,0.125620397916
05/15/2024,FEU,Z14,12,0.119104173916
05/15/2024,FEU,Z14,13,0.118822675766
05/15/2024,FEU,Z14,14,0.118214067466
05/15/2024,FEU,Z14,15,0.069488973893
05/15/2024,FEU,Z14,16,0.069550804343
05/15/2024,FEU,Z14,17,0.069646671719
05/15/2024,FEU,Z14,18,0.069932408019
05/15/2024,FEU,Z14,19,0.121933297442
05/15/2024,FEU,Z14,2,0.06257210647
05/15/2024,FEU,Z14,20,0.132164143893
05/15/2024,FEU,Z14,21,0.145602363418
05/15/2024,FEU,Z14,22,0.162976248794
05/15/2024,FEU,Z14,23,0.124864517972
05/15/2024,FEU,Z14,24,0.106225310272
05/15/2024,FEU,Z14,3,0.06105588862
05/15/2024,FEU,Z14,4,0.06072076862
05/15/2024,FEU,Z14,5,0.06153496862
05/15/2024,FEU,Z14,6,0.06702023447
05/15/2024,FEU,Z14,7,0.079553927719
05/15/2024,FEU,Z14,8,0.079797771043
05/15/2024,FEU,Z14,9,0.105224028169
05/16/2024,FEU,Z14,1,0.099006242162
05/16/2024,FEU,Z14,10,0.098838913925
05/16/2024,FEU,Z14,11,0.132348155967
05/16/2024,FEU,Z14,12,0.11879144662
05/16/2024,FEU,Z14,13,0.118672753925
05/16/2024,FEU,Z14,14,0.117867821231
05/16/2024,FEU,Z14,15,0.067056569481
05/16/2024,FEU,Z14,16,0.065238139912
05/16/2024,FEU,Z14,17,0.065362583689
05/16/2024,FEU,Z14,18,0.068076944426
05/16/2024,FEU,Z14,19,0.122270818134
05/16/2024,FEU,Z14,2,0.084922675245
05/16/2024,FEU,Z14,20,0.150630565134
05/16/2024,FEU,Z14,21,0.165593171481
05/16/2024,FEU,Z14,22,0.246459381564
05/16/2024,FEU,Z14,23,0.184457998634
05/16/2024,FEU,Z14,24,0.15705701537
05/16/2024,FEU,Z14,3,0.081512236592
05/16/2024,FEU,Z14,4,0.080142718592
05/16/2024,FEU,Z14,5,0.080357064245
05/16/2024,FEU,Z14,6,0.080216951856
05/16/2024,FEU,Z14,7,0.079031057995
05/16/2024,FEU,Z14,8,0.076265069523
05/16/2024,FEU,Z14,9,0.107239275037
05/17/2024,FEU,Z14,1,0.1324246704
05/17/2024,FEU,Z14,10,0.110664961007
05/17/2024,FEU,Z14,11,0.143733841079
05/17/2024,FEU,Z14,12,0.143510212186
05/17/2024,FEU,Z14,13,0.143145555221
05/17/2024,FEU,Z14,14,0.129200005007
05/17/2024,FEU,Z14,15,0.075713217722
05/17/2024,FEU,Z14,16,0.070870578007
05/17/2024,FEU,Z14,17,0.06932794215
05/17/2024,FEU,Z14,18,0.077996112329
05/17/2024,FEU,Z14,19,0.140568721436
05/17/2024,FEU,Z14,2,0.122422012507
05/17/2024,FEU,Z14,20,0.147900759543
05/17/2024,FEU,Z14,21,0.175686821614
05/17/2024,FEU,Z14,22,0.196153591757
05/17/2024,FEU,Z14,23,0.155445518829
05/17/2024,FEU,Z14,24,0.142454913043
05/17/2024,FEU,Z14,3,0.108842922507
05/17/2024,FEU,Z14,4,0.100220317472
05/17/2024,FEU,Z14,5,0.089995198436
05/17/2024,FEU,Z14,6,0.099254887329
05/17/2024,FEU,Z14,7,0.107332546007
05/17/2024,FEU,Z14,8,0.142586652757
05/17/2024,FEU,Z14,9,0.156421593186
05/18/2024,FEU,Z14,1,0.119797171428
05/18/2024,FEU,Z14,10,0.067536921917
05/18/2024,FEU,Z14,11,0.051486505112
05/18/2024,FEU,Z14,12,0.037514798854
05/18/2024,FEU,Z14,13,0.036673074338
05/18/2024,FEU,Z14,14,0.036584507564
05/18/2024,FEU,Z14,15,0.037079711822
05/18/2024,FEU,Z14,16,0.037954023401
05/18/2024,FEU,Z14,17,0.041020445691
05/18/2024,FEU,Z14,18,0.046175037238
05/18/2024,FEU,Z14,19,0.06375490227
05/18/2024,FEU,Z14,2,0.112775958202
05/18/2024,FEU,Z14,20,0.087086009107
05/18/2024,FEU,Z14,21,0.098281047881
05/18/2024,FEU,Z14,22,0.117450142397
05/18/2024,FEU,Z14,23,0.120840219686
05/18/2024,FEU,Z14,24,0.111799060976
05/18/2024,FEU,Z14,3,0.094979140976
05/18/2024,FEU,Z14,4,0.095582052718
05/18/2024,FEU,Z14,5,0.099544122718
05/18/2024,FEU,Z14,6,0.100208410976
05/18/2024,FEU,Z14,7,0.102063978202
05/18/2024,FEU,Z14,8,0.09347315917
05/18/2024,FEU,Z14,9,0.08144741427
05/19/2024,FEU,Z14,1,0.115665584341
05/19/2024,FEU,Z14,10,0.066358415706
05/19/2024,FEU,Z14,11,0.046563071088
05/19/2024,FEU,Z14,12,0.044414917348
05/19/2024,FEU,Z14,13,0.045021061348
05/19/2024,FEU,Z14,14,0.044571766389
05/19/2024,FEU,Z14,15,0.044758238389
05/19/2024,FEU,Z14,16,0.047149118048
05/19/2024,FEU,Z14,17,0.048309670487
05/19/2024,FEU,Z14,18,0.051253449446
05/19/2024,FEU,Z14,19,0.065370512145
05/19/2024,FEU,Z14,2,0.111054087821
05/19/2024,FEU,Z14,20,0.079476451845
05/19/2024,FEU,Z14,21,0.084962326064
05/19/2024,FEU,Z14,22,0.096156308585
05/19/2024,FEU,Z14,23,0.090211092284
05/19/2024,FEU,Z14,24,0.094240801723
05/19/2024,FEU,Z14,3,0.10877472278
05/19/2024,FEU,Z14,4,0.10888688152
05/19/2024,FEU,Z14,5,0.10784696652
05/19/2024,FEU,Z14,6,0.09935774152
05/19/2024,FEU,Z14,7,0.1010812973
05/19/2024,FEU,Z14,8,0.116307779081
05/19/2024,FEU,Z14,9,0.101413950284
05/20/2024,FEU,Z14,1,0.102872992439
05/20/2024,FEU,Z14,10,0.100260623322
05/20/2024,FEU,Z14,11,0.126922254463
05/20/2024,FEU,Z14,12,0.121854484463
05/20/2024,FEU,Z14,13,0.116101095604
05/20/2024,FEU,Z14,14,0.113823279815
05/20/2024,FEU,Z14,15,0.064734110338
05/20/2024,FEU,Z14,16,0.066503887705
05/20/2024,FEU,Z14,17,0.071608981283
05/20/2024,FEU,Z14,18,0.073064869283
05/20/2024,FEU,Z14,19,0.13591446883
05/20/2024,FEU,Z14,2,0.099398084157
05/20/2024,FEU,Z14,20,0.152825234549
05/20/2024,FEU,Z14,21,0.168013562549
05/20/2024,FEU,Z14,22,0.175338132197
05/20/2024,FEU,Z14,23,0.126059376298
05/20/2024,FEU,Z14,24,0.117689227876
05/20/2024,FEU,Z14,3,0.103450980946
05/20/2024,FEU,Z14,4,0.106799370946
05/20/2024,FEU,Z14,5,0.106891272087
05/20/2024,FEU,Z14,6,0.107299480439
05/20/2024,FEU,Z14,7,0.110310275423
05/20/2024,FEU,Z14,8,0.111272802127
05/20/2024,FEU,Z14,9,0.120998986072
05/21/2024,FEU,Z14,1,0.115639732068
05/21/2024,FEU,Z14,10,0.105900126411
05/21/2024,FEU,Z14,11,0.139183422411
05/21/2024,FEU,Z14,12,0.127246686411
05/21/2024,FEU,Z14,13,0.129829770411
05/21/2024,FEU,Z14,14,0.123668242592
05/21/2024,FEU,Z14,15,0.069498339794
05/21/2024,FEU,Z14,16,0.072762544576
05/21/2024,FEU,Z14,17,0.072930679394
05/21/2024,FEU,Z14,18,0.078039599286
05/21/2024,FEU,Z14,19,0.13528327012
05/21/2024,FEU,Z14,2,0.114404948886
05/21/2024,FEU,Z14,20,0.153201623975
05/21/2024,FEU,Z14,21,0.180004770048
05/21/2024,FEU,Z14,22,0.180313717903
05/21/2024,FEU,Z14,23,0.131813586923
05/21/2024,FEU,Z14,24,0.128680996741
05/21/2024,FEU,Z14,3,0.113900840778
05/21/2024,FEU,Z14,4,0.113574506778
05/21/2024,FEU,Z14,5,0.112546673778
05/21/2024,FEU,Z14,6,0.112864011923
05/21/2024,FEU,Z14,7,0.109743633431
05/21/2024,FEU,Z14,8,0.109332918866
05/21/2024,FEU,Z14,9,0.139876997322
05/22/2024,FEU,Z14,1,0.11518636737
05/22/2024,FEU,Z14,10,0.100885933848
05/22/2024,FEU,Z14,11,0.132083709848
05/22/2024,FEU,Z14,12,0.130015357848
05/22/2024,FEU,Z14,13,0.129679382202
05/22/2024,FEU,Z14,14,0.118576802909
05/22/2024,FEU,Z14,15,0.068226395551
05/22/2024,FEU,Z14,16,0.060618671491
05/22/2024,FEU,Z14,17,0.060806953607
05/22/2024,FEU,Z14,18,0.066594256901
05/22/2024,FEU,Z14,19,0.136966218611
05/22/2024,FEU,Z14,2,0.11254374784
05/22/2024,FEU,Z14,20,0.158269243551
05/22/2024,FEU,Z14,21,0.171192610314
05/22/2024,FEU,Z14,22,0.189292482431
05/22/2024,FEU,Z14,23,0.134710578306
05/22/2024,FEU,Z14,24,0.139728353599
05/22/2024,FEU,Z14,3,0.109939451487
05/22/2024,FEU,Z14,4,0.109951251487
05/22/2024,FEU,Z14,5,0.108082131487
05/22/2024,FEU,Z14,6,0.11116902184
05/22/2024,FEU,Z14,7,0.104971649607
05/22/2024,FEU,Z14,8,0.105383563198
05/22/2024,FEU,Z14,9,0.122738638547
05/23/2024,FEU,Z14,1,0.111980121372
05/23/2024,FEU,Z14,10,0.133516844199
05/23/2024,FEU,Z14,11,0.154775457163
05/23/2024,FEU,Z14,12,0.147399576842
05/23/2024,FEU,Z14,13,0.139052042199
05/23/2024,FEU,Z14,14,0.139453927557
05/23/2024,FEU,Z14,15,0.08593787734
05/23/2024,FEU,Z14,16,0.081327056589
05/23/2024,FEU,Z14,17,0.081667534159
05/23/2024,FEU,Z14,18,0.091663723766
05/23/2024,FEU,Z14,19,0.156389095018
05/23/2024,FEU,Z14,2,0.1128114053
05/23/2024,FEU,Z14,20,0.187529437018
05/23/2024,FEU,Z14,21,0.18278841734
05/23/2024,FEU,Z14,22,0.203219991268
05/23/2024,FEU,Z14,23,0.157366266585
05/23/2024,FEU,Z14,24,0.149998840191
05/23/2024,FEU,Z14,3,0.096235419621
05/23/2024,FEU,Z14,4,0.113873187621
05/23/2024,FEU,Z14,5,0.1138159113
05/23/2024,FEU,Z14,6,0.113576694015
05/23/2024,FEU,Z14,7,0.111269502517
05/23/2024,FEU,Z14,8,0.119264024304
05/23/2024,FEU,Z14,9,0.14999004248
05/24/2024,FEU,Z14,1,0.122669842667
05/24/2024,FEU,Z14,10,0.134132317302
05/24/2024,FEU,Z14,11,0.165339981269
05/24/2024,FEU,Z14,12,0.15070371922
05/24/2024,FEU,Z14,13,0.152185931204
05/24/2024,FEU,Z14,14,0.143310013302
05/24/2024,FEU,Z14,15,0.090341188976
05/24/2024,FEU,Z14,16,0.088691620846
05/24/2024,FEU,Z14,17,0.094588140781
05/24/2024,FEU,Z14,18,0.097805695699
05/24/2024,FEU,Z14,19,0.179391541106
05/24/2024,FEU,Z14,2,0.116304160618
05/24/2024,FEU,Z14,20,0.196293129058
05/24/2024,FEU,Z14,21,0.205322031025
05/24/2024,FEU,Z14,22,0.22890423496
05/24/2024,FEU,Z14,23,0.175817665471
05/24/2024,FEU,Z14,24,0.163541145373
05/24/2024,FEU,Z14,3,0.116352950618
05/24/2024,FEU,Z14,4,0.110499160634
05/24/2024,FEU,Z14,5,0.10946764465
05/24/2024,FEU,Z14,6,0.119135570699
05/24/2024,FEU,Z14,7,0.120233204846
05/24/2024,FEU,Z14,8,0.12543268596
05/24/2024,FEU,Z14,9,0.147399872764
05/25/2024,FEU,Z14,1,0.146120600664
05/25/2024,FEU,Z14,10,0.069270106498
05/25/2024,FEU,Z14,11,0.054272517796
05/25/2024,FEU,Z14,12,0.045779455124
05/25/2024,FEU,Z14,13,0.039078406781
05/25/2024,FEU,Z14,14,0.035702561765
05/25/2024,FEU,Z14,15,0.034777010437
05/25/2024,FEU,Z14,16,0.035760830154
05/25/2024,FEU,Z14,17,0.036917904513
05/25/2024,FEU,Z14,18,0.036430896543
05/25/2024,FEU,Z14,19,0.04392280323
05/25/2024,FEU,Z14,2,0.137345652679
05/25/2024,FEU,Z14,20,0.076267963618
05/25/2024,FEU,Z14,21,0.149299700633
05/25/2024,FEU,Z14,22,0.125208273977
05/25/2024,FEU,Z14,23,0.132639483335
05/25/2024,FEU,Z14,24,0.129803100694
05/25/2024,FEU,Z14,3,0.127528098694
05/25/2024,FEU,Z14,4,0.125272936022
05/25/2024,FEU,Z14,5,0.124836031022
05/25/2024,FEU,Z14,6,0.123928108694
05/25/2024,FEU,Z14,7,0.124947527679
05/25/2024,FEU,Z14,8,0.128988080992
05/25/2024,FEU,Z14,9,0.08142680323
05/26/2024,FEU,Z14,1,0.118630687786
05/26/2024,FEU,Z14,10,0.055125413546
05/26/2024,FEU,Z14,11,0.041731577348
05/26/2024,FEU,Z14,12,0.041860668563
05/26/2024,FEU,Z14,13,0.041347512563
05/26/2024,FEU,Z14,14,0.041201593425
05/26/2024,FEU,Z14,15,0.041469289425
05/26/2024,FEU,Z14,16,0.042078275486
05/26/2024,FEU,Z14,17,0.042306102192
05/26/2024,FEU,Z14,18,0.04411965933
05/26/2024,FEU,Z14,19,0.050060420253
05/26/2024,FEU,Z14,2,0.114877341355
05/26/2024,FEU,Z14,20,0.069327708175
05/26/2024,FEU,Z14,21,0.088672658528
05/26/2024,FEU,Z14,22,0.090444850959
05/26/2024,FEU,Z14,23,0.099604237882
05/26/2024,FEU,Z14,24,0.078479169588
05/26/2024,FEU,Z14,3,0.109579048493
05/26/2024,FEU,Z14,4,0.111795805278
05/26/2024,FEU,Z14,5,0.115331275278
05/26/2024,FEU,Z14,6,0.120934525278
05/26/2024,FEU,Z14,7,0.120921562924
05/26/2024,FEU,Z14,8,0.109354831571
05/26/2024,FEU,Z14,9,0.090387994882
05/27/2024,FEU,Z14,1,0.093551195208
05/27/2024,FEU,Z14,10,0.104233107949
05/27/2024,FEU,Z14,11,0.146360197351
05/27/2024,FEU,Z14,12,0.140512682351
05/27/2024,FEU,Z14,13,0.146273288753
05/27/2024,FEU,Z14,14,0.140293360856
05/27/2024,FEU,Z14,15,0.088533878135
05/27/2024,FEU,Z14,16,0.080557189826
05/27/2024,FEU,Z14,17,0.07227855962
05/27/2024,FEU,Z14,18,0.08513694362
05/27/2024,FEU,Z14,19,0.145136509042
05/27/2024,FEU,Z14,2,0.094535164404
05/27/2024,FEU,Z14,20,0.153061894238
05/27/2024,FEU,Z14,21,0.154365802238
05/27/2024,FEU,Z14,22,0.173839454733
05/27/2024,FEU,Z14,23,0.123897585806
05/27/2024,FEU,Z14,24,0.1047477536
05/27/2024,FEU,Z14,3,0.094220047301
05/27/2024,FEU,Z14,4,0.096719987301
05/27/2024,FEU,Z14,5,0.093994189703
05/27/2024,FEU,Z14,6,0.096156479208
05/27/2024,FEU,Z14,7,0.092517565022
05/27/2024,FEU,Z14,8,0.092828488032
05/27/2024,FEU,Z14,9,0.104685598517
05/28/2024,FEU,Z14,1,0.084802292373
05/28/2024,FEU,Z14,10,0.103950607305
05/28/2024,FEU,Z14,11,0.142434451305
05/28/2024,FEU,Z14,12,0.111777805305
05/28/2024,FEU,Z14,13,0.113313445305
05/28/2024,FEU,Z14,14,0.113467530241
05/28/2024,FEU,Z14,15,0.06371689112
05/28/2024,FEU,Z14,16,0.064079035996
05/28/2024,FEU,Z14,17,0.064471832059
05/28/2024,FEU,Z14,18,0.070288876497
05/28/2024,FEU,Z14,19,0.127695545806
05/28/2024,FEU,Z14,2,0.086356089436
05/28/2024,FEU,Z14,20,0.150102641056
05/28/2024,FEU,Z14,21,0.167533667431
05/28/2024,FEU,Z14,22,0.193166342682
05/28/2024,FEU,Z14,23,0.128661922623
05/28/2024,FEU,Z14,24,0.112154928687
05/28/2024,FEU,Z14,3,0.089190983874
05/28/2024,FEU,Z14,4,0.090134255874
05/28/2024,FEU,Z14,5,0.090278366874
05/28/2024,FEU,Z14,6,0.088489974623
05/28/2024,FEU,Z14,7,0.091456386246
05/28/2024,FEU,Z14,8,0.098894192494
05/28/2024,FEU,Z14,9,0.109842955684
05/29/2024,FEU,Z14,1,0.10140781537
05/29/2024,FEU,Z14,10,0.102337181092
05/29/2024,FEU,Z14,11,0.140619749092
05/29/2024,FEU,Z14,12,0.133081933092
05/29/2024,FEU,Z14,13,0.1367741403
05/29/2024,FEU,Z14,14,0.130211228716
05/29/2024,FEU,Z14,15,0.082109901241
05/29/2024,FEU,Z14,16,0.076569882617
05/29/2024,FEU,Z14,17,0.077181814597
05/29/2024,FEU,Z14,18,0.086786144182
05/29/2024,FEU,Z14,19,0.147774767864
05/29/2024,FEU,Z14,2,0.087010094558
05/29/2024,FEU,Z14,20,0.150316688241
05/29/2024,FEU,Z14,21,0.155533985013
05/29/2024,FEU,Z14,22,0.182848454994
05/29/2024,FEU,Z14,23,0.137920706479
05/29/2024,FEU,Z14,24,0.132075908064
05/29/2024,FEU,Z14,3,0.08778798735
05/29/2024,FEU,Z14,4,0.08928540735
05/29/2024,FEU,Z14,5,0.08995682735
05/29/2024,FEU,Z14,6,0.089605228558
05/29/2024,FEU,Z14,7,0.106025854597
05/29/2024,FEU,Z14,8,0.110925406033
05/29/2024,FEU,Z14,9,0.123369748974
05/30/2024,FEU,Z14,1,0.101988107665
05/30/2024,FEU,Z14,10,0.097482167231
05/30/2024,FEU,Z14,11,0.12867836758
05/30/2024,FEU,Z14,12,0.12263162413
05/30/2024,FEU,Z14,13,0.121981373231
05/30/2024,FEU,Z14,14,0.119150362332
05/30/2024,FEU,Z14,15,0.069373716425
05/30/2024,FEU,Z14,16,0.069669938572
05/30/2024,FEU,Z14,17,0.069776454169
05/30/2024,FEU,Z14,18,0.071861829417
05/30/2024,FEU,Z14,19,0.122959409975
05/30/2024,FEU,Z14,2,0.097124801362
05/30/2024,FEU,Z14,20,0.132034946975
05/30/2024,FEU,Z14,21,0.161527452425
05/30/2024,FEU,Z14,22,0.158916733122
05/30/2024,FEU,Z14,23,0.11501296916
05/30/2024,FEU,Z14,24,0.111556630408
05/30/2024,FEU,Z14,3,0.096317958812
05/30/2024,FEU,Z14,4,0.095543052812
05/30/2024,FEU,Z14,5,0.093902508362
05/30/2024,FEU,Z14,6,0.097279223564
05/30/2024,FEU,Z14,7,0.096475228269
05/30/2024,FEU,Z14,8,0.092318888773
05/30/2024,FEU,Z14,9,0.109529427618
05/31/2024,FEU,Z14,1,0.061169617838
05/31/2024,FEU,Z14,10,0.08013099613
05/31/2024,FEU,Z14,11,0.128510681141
05/31/2024,FEU,Z14,12,0.128692397657
05/31/2024,FEU,Z14,13,0.128748793162
05/31/2024,FEU,Z14,14,0.12882974013
05/31/2024,FEU,Z14,15,0.080020182237
05/31/2024,FEU,Z14,16,0.080757762279
05/31/2024,FEU,Z14,17,0.081141476301
05/31/2024,FEU,Z14,18,0.081294523827
05/31/2024,FEU,Z14,19,0.125991546194
05/31/2024,FEU,Z14,2,0.057354561354
05/31/2024,FEU,Z14,20,0.12878623771
05/31/2024,FEU,Z14,21,0.128271868721
05/31/2024,FEU,Z14,22,0.131759775742
05/31/2024,FEU,Z14,23,0.081510945902
05/31/2024,FEU,Z14,24,0.080212408934
05/31/2024,FEU,Z14,3,0.057982881354
05/31/2024,FEU,Z14,4,0.056633324849
05/31/2024,FEU,Z14,5,0.056563060343
05/31/2024,FEU,Z14,6,0.057703418827
05/31/2024,FEU,Z14,7,0.059721562279
05/31/2024,FEU,Z14,8,0.061209604742
05/31/2024,FEU,Z14,9,0.084135499806
06/01/2024,FEU,Z14,1,0.052872291076
06/01/2024,FEU,Z14,10,0.055298057732
06/01/2024,FEU,Z14,11,0.052834017732
06/01/2024,FEU,Z14,12,0.052360133979
06/01/2024,FEU,Z14,13,0.052252357732
06/01/2024,FEU,Z14,14,0.052135224472
06/01/2024,FEU,Z14,15,0.052320228472
06/01/2024,FEU,Z14,16,0.053410119239
06/01/2024,FEU,Z14,17,0.05440150376
06/01/2024,FEU,Z14,18,0.054877130788
06/01/2024,FEU,Z14,19,0.059185477802
06/01/2024,FEU,Z14,2,0.051777643076
06/01/2024,FEU,Z14,20,0.057296924583
06/01/2024,FEU,Z14,21,0.056554525857
06/01/2024,FEU,Z14,22,0.056716060118
06/01/2024,FEU,Z14,23,0.058303022364
06/01/2024,FEU,Z14,24,0.054980742611
06/01/2024,FEU,Z14,3,0.052463450829
06/01/2024,FEU,Z14,4,0.049937981829
06/01/2024,FEU,Z14,5,0.048997235829
06/01/2024,FEU,Z14,6,0.051867566829
06/01/2024,FEU,Z14,7,0.051665552322
06/01/2024,FEU,Z14,8,0.058461479541
06/01/2024,FEU,Z14,9,0.058164539746
06/02/2024,FEU,Z14,1,0.05878594231
06/02/2024,FEU,Z14,10,0.0487835919
06/02/2024,FEU,Z14,11,0.042315657167
06/02/2024,FEU,Z14,12,0.046845012984
06/02/2024,FEU,Z14,13,0.04667769935
06/02/2024,FEU,Z14,14,0.046516808801
06/02/2024,FEU,Z14,15,0.046567484434
06/02/2024,FEU,Z14,16,0.0478874199
06/02/2024,FEU,Z14,17,0.048488860632
06/02/2024,FEU,Z14,18,0.053215536098
06/02/2024,FEU,Z14,19,0.05989546338
06/02/2024,FEU,Z14,2,0.055989496493
06/02/2024,FEU,Z14,20,0.059686373929
06/02/2024,FEU,Z14,21,0.069417644296
06/02/2024,FEU,Z14,22,0.078551834296
06/02/2024,FEU,Z14,23,0.076238319479
06/02/2024,FEU,Z14,24,0.061340065211
06/02/2024,FEU,Z14,3,0.05695692086
06/02/2024,FEU,Z14,4,0.05654844086
06/02/2024,FEU,Z14,5,0.05724463286
06/02/2024,FEU,Z14,6,0.05942082486
06/02/2024,FEU,Z14,7,0.057354764677
06/02/2024,FEU,Z14,8,0.059215742845
06/02/2024,FEU,Z14,9,0.053062680098
06/03/2024,FEU,Z14,1,0.055582041901
06/03/2024,FEU,Z14,10,0.10478540271
06/03/2024,FEU,Z14,11,0.134002276235
06/03/2024,FEU,Z14,12,0.123954552255
06/03/2024,FEU,Z14,13,0.12270456275
06/03/2024,FEU,Z14,14,0.12627273572
06/03/2024,FEU,Z14,15,0.06963171572
06/03/2024,FEU,Z14,16,0.066181371225
06/03/2024,FEU,Z14,17,0.06908122574
06/03/2024,FEU,Z14,18,0.07861219475
06/03/2024,FEU,Z14,19,0.153504088245
06/03/2024,FEU,Z14,2,0.059962168396
06/03/2024,FEU,Z14,20,0.169880422265
06/03/2024,FEU,Z14,21,0.199793187275
06/03/2024,FEU,Z14,22,0.223608811265
06/03/2024,FEU,Z14,23,0.151625138285
06/03/2024,FEU,Z14,24,0.132831191275
06/03/2024,FEU,Z14,3,0.061183582406
06/03/2024,FEU,Z14,4,0.061838361901
06/03/2024,FEU,Z14,5,0.063847552891
06/03/2024,FEU,Z14,6,0.058994349366
06/03/2024,FEU,Z14,7,0.081189910831
06/03/2024,FEU,Z14,8,0.083048384305
06/03/2024,FEU,Z14,9,0.111813073245
06/04/2024,FEU,Z14,1,0.129149915237
06/04/2024,FEU,Z14,10,0.136882412499
06/04/2024,FEU,Z14,11,0.169795857499
06/04/2024,FEU,Z14,12,0.134069508748
06/04/2024,FEU,Z14,13,0.131437143748
06/04/2024,FEU,Z14,14,0.13131693425
06/04/2024,FEU,Z14,15,0.081573187499
06/04/2024,FEU,Z14,16,0.073679121748
06/04/2024,FEU,Z14,17,0.076531710748
06/04/2024,FEU,Z14,18,0.081434155997
06/04/2024,FEU,Z14,19,0.162339097997
06/04/2024,FEU,Z14,2,0.122945218486
06/04/2024,FEU,Z14,20,0.17119391937
06/04/2024,FEU,Z14,21,0.22289913537
06/04/2024,FEU,Z14,22,0.284495032997
06/04/2024,FEU,Z14,23,0.218528677495
06/04/2024,FEU,Z14,24,0.204718568744
06/04/2024,FEU,Z14,3,0.127728291735
06/04/2024,FEU,Z14,4,0.11706231561
06/04/2024,FEU,Z14,5,0.12707517561
06/04/2024,FEU,Z14,6,0.127004969237
06/04/2024,FEU,Z14,7,0.186754844615
06/04/2024,FEU,Z14,8,0.217587624366
06/04/2024,FEU,Z14,9,0.170100187997
06/05/2024,FEU,Z14,1,0.14715820097
06/05/2024,FEU,Z14,10,0.174826730291
06/05/2024,FEU,Z14,11,0.185119411994
06/05/2024,FEU,Z14,12,0.151392003994
06/05/2024,FEU,Z14,13,0.1456351034
06/05/2024,FEU,Z14,14,0.142495115994
06/05/2024,FEU,Z14,15,0.078615547994
06/05/2024,FEU,Z14,16,0.0785069894
06/05/2024,FEU,Z14,17,0.078865372103
06/05/2024,FEU,Z14,18,0.104554958211
06/05/2024,FEU,Z14,19,0.208506713617
06/05/2024,FEU,Z14,2,0.143019442267
06/05/2024,FEU,Z14,20,0.273563616319
06/05/2024,FEU,Z14,21,0.287586402319
06/05/2024,FEU,Z14,22,0.282859951022
06/05/2024,FEU,Z14,23,0.178400751833
06/05/2024,FEU,Z14,24,0.16637109513
06/05/2024,FEU,Z14,3,0.14084533997
06/05/2024,FEU,Z14,4,0.140356171672
06/05/2024,FEU,Z14,5,0.13422333497
06/05/2024,FEU,Z14,6,0.136104548861
06/05/2024,FEU,Z14,7,0.139524420942
06/05/2024,FEU,Z14,8,0.198093517833
06/05/2024,FEU,Z14,9,0.218623881103
06/06/2024,FEU,Z14,1,0.131465336883
06/06/2024,FEU,Z14,10,0.138237804706
06/06/2024,FEU,Z14,11,0.181536179225
06/06/2024,FEU,Z14,12,0.168465035744
06/06/2024,FEU,Z14,13,0.16001401325
06/06/2024,FEU,Z14,14,0.153302259225
06/06/2024,FEU,Z14,15,0.103146569731
06/06/2024,FEU,Z14,16,0.10336651725
06/06/2024,FEU,Z14,17,0.110711114757
06/06/2024,FEU,Z14,18,0.130353343276
06/06/2024,FEU,Z14,19,0.195700412288
06/06/2024,FEU,Z14,2,0.136662710883
06/06/2024,FEU,Z14,20,0.20806444082
06/06/2024,FEU,Z14,21,0.22341887282
06/06/2024,FEU,Z14,22,0.226431513301
06/06/2024,FEU,Z14,23,0.171326485351
06/06/2024,FEU,Z14,24,0.163957347326
06/06/2024,FEU,Z14,3,0.140246864883
06/06/2024,FEU,Z14,4,0.138837439377
06/06/2024,FEU,Z14,5,0.139299967377
06/06/2024,FEU,Z14,6,0.139314510364
06/06/2024,FEU,Z14,7,0.142143987326
06/06/2024,FEU,Z14,8,0.148428986313
06/06/2024,FEU,Z14,9,0.159408434731
06/07/2024,FEU,Z14,1,0.130501895285
06/07/2024,FEU,Z14,10,0.156722239543
06/07/2024,FEU,Z14,11,0.181666487751
06/07/2024,FEU,Z14,12,0.152514353153
06/07/2024,FEU,Z14,13,0.150364452452
06/07/2024,FEU,Z14,14,0.143575125647
06/07/2024,FEU,Z14,15,0.087274071647
06/07/2024,FEU,Z14,16,0.086657648049
06/07/2024,FEU,Z14,17,0.086724614452
06/07/2024,FEU,Z14,18,0.089107433153
06/07/2024,FEU,Z14,19,0.159972909153
06/07/2024,FEU,Z14,2,0.130621337285
06/07/2024,FEU,Z14,20,0.19129591166
06/07/2024,FEU,Z14,21,0.20131753357
06/07/2024,FEU,Z14,22,0.20764185357
06/07/2024,FEU,Z14,23,0.158340132076
06/07/2024,FEU,Z14,24,0.158026848375
06/07/2024,FEU,Z14,3,0.128196669986
06/07/2024,FEU,Z14,4,0.130391253882
06/07/2024,FEU,Z14,5,0.13016293118
06/07/2024,FEU,Z14,6,0.130125033479
06/07/2024,FEU,Z14,7,0.130295630271
06/07/2024,FEU,Z14,8,0.13176337357
06/07/2024,FEU,Z14,9,0.159702489452
06/08/2024,FEU,Z14,1,0.130077918147
06/08/2024,FEU,Z14,10,0.133897851876
06/08/2024,FEU,Z14,11,0.103093916876
06/08/2024,FEU,Z14,12,0.081147874014
06/08/2024,FEU,Z14,13,0.070707591876
06/08/2024,FEU,Z14,14,0.07021663429
06/08/2024,FEU,Z14,15,0.06246017029
06/08/2024,FEU,Z14,16,0.0637814176
06/08/2024,FEU,Z14,17,0.059968312771
06/08/2024,FEU,Z14,18,0.054896993667
06/08/2024,FEU,Z14,19,0.068276099114
06/08/2024,FEU,Z14,2,0.124960966147
06/08/2024,FEU,Z14,20,0.085015191871
06/08/2024,FEU,Z14,21,0.124556633905
06/08/2024,FEU,Z14,22,0.13783558049
06/08/2024,FEU,Z14,23,0.137325184628
06/08/2024,FEU,Z14,24,0.125104202766
06/08/2024,FEU,Z14,3,0.121230703009
06/08/2024,FEU,Z14,4,0.119468857009
06/08/2024,FEU,Z14,5,0.120611359009
06/08/2024,FEU,Z14,6,0.120766195009
06/08/2024,FEU,Z14,7,0.134545546286
06/08/2024,FEU,Z14,8,0.142274341528
06/08/2024,FEU,Z14,9,0.140900707324
06/09/2024,FEU,Z14,1,0.088345415486
06/09/2024,FEU,Z14,10,0.050055869432
06/09/2024,FEU,Z14,11,0.04247118594
06/09/2024,FEU,Z14,12,0.046942214567
06/09/2024,FEU,Z14,13,0.046787644313
06/09/2024,FEU,Z14,14,0.046290165194
06/09/2024,FEU,Z14,15,0.046328720448
06/09/2024,FEU,Z14,16,0.048066413432
06/09/2024,FEU,Z14,17,0.048773128924
06/09/2024,FEU,Z14,18,0.048529329908
06/09/2024,FEU,Z14,19,0.057239484519
06/09/2024,FEU,Z14,2,0.075517542859
06/09/2024,FEU,Z14,20,0.093023651638
06/09/2024,FEU,Z14,21,0.101920466384
06/09/2024,FEU,Z14,22,0.114761216384
06/09/2024,FEU,Z14,23,0.122655810757
06/09/2024,FEU,Z14,24,0.110324863248
06/09/2024,FEU,Z14,3,0.067299385605
06/09/2024,FEU,Z14,4,0.062274489605
06/09/2024,FEU,Z14,5,0.062791897605
06/09/2024,FEU,Z14,6,0.076951353605
06/09/2024,FEU,Z14,7,0.064434061232
06/09/2024,FEU,Z14,8,0.075476091503
06/09/2024,FEU,Z14,9,0.069115095908
06/10/2024,FEU,Z14,1,0.113786164621
06/10/2024,FEU,Z14,10,0.106681653968
06/10/2024,FEU,Z14,11,0.146791648001
06/10/2024,FEU,Z14,12,0.148154304228
06/10/2024,FEU,Z14,13,0.147475698421
06/10/2024,FEU,Z14,14,0.146538859581
06/10/2024,FEU,Z14,15,0.096981799581
06/10/2024,FEU,Z14,16,0.098038435388
06/10/2024,FEU,Z14,17,0.098222682808
06/10/2024,FEU,Z14,18,0.097403502421
06/10/2024,FEU,Z14,19,0.151599153614
06/10/2024,FEU,Z14,2,0.079432272814
06/10/2024,FEU,Z14,20,0.154414079841
06/10/2024,FEU,Z14,21,0.188026861454
06/10/2024,FEU,Z14,22,0.206720006841
06/10/2024,FEU,Z14,23,0.139862580068
06/10/2024,FEU,Z14,24,0.139294403454
06/10/2024,FEU,Z14,3,0.082992570427
06/10/2024,FEU,Z14,4,0.081205084621
06/10/2024,FEU,Z14,5,0.081393337007
06/10/2024,FEU,Z14,6,0.080535864974
06/10/2024,FEU,Z14,7,0.083220275327
06/10/2024,FEU,Z14,8,0.100469682294
06/10/2024,FEU,Z14,9,0.107234563614
06/11/2024,FEU,Z14,1,0.135180453467
06/11/2024,FEU,Z14,10,0.14181112949
06/11/2024,FEU,Z14,11,0.15195281449
06/11/2024,FEU,Z14,12,0.147041569852
06/11/2024,FEU,Z14,13,0.145563086852
06/11/2024,FEU,Z14,14,0.144697528129
06/11/2024,FEU,Z14,15,0.08943195949
06/11/2024,FEU,Z14,16,0.090983401852
06/11/2024,FEU,Z14,17,0.091821858852
06/11/2024,FEU,Z14,18,0.091583912213
06/11/2024,FEU,Z14,19,0.155318198213
06/11/2024,FEU,Z14,2,0.133734569829
06/11/2024,FEU,Z14,20,0.182340160256
06/11/2024,FEU,Z14,21,0.191123008256
06/11/2024,FEU,Z14,22,0.198034571213
06/11/2024,FEU,Z14,23,0.140195651936
06/11/2024,FEU,Z14,24,0.134199531298
06/11/2024,FEU,Z14,3,0.12386464319
06/11/2024,FEU,Z14,4,0.11442578651
06/11/2024,FEU,Z14,5,0.11446088651
06/11/2024,FEU,Z14,6,0.123368079467
06/11/2024,FEU,Z14,7,0.109863627063
06/11/2024,FEU,Z14,8,0.155325269702
06/11/2024,FEU,Z14,9,0.171558908213
06/12/2024,FEU,Z14,1,0.123329154471
06/12/2024,FEU,Z14,10,0.10741451758
06/12/2024,FEU,Z14,11,0.142014276969
06/12/2024,FEU,Z14,12,0.141758020969
06/12/2024,FEU,Z14,13,0.141953791747
06/12/2024,FEU,Z14,14,0.142420396969
06/12/2024,FEU,Z14,15,0.090666084969
06/12/2024,FEU,Z14,16,0.069147247747
06/12/2024,FEU,Z14,17,0.067587708136
06/12/2024,FEU,Z14,18,0.082612597303
06/12/2024,FEU,Z14,19,0.150375280081
06/12/2024,FEU,Z14,2,0.101571825082
06/12/2024,FEU,Z14,20,0.170770998469
06/12/2024,FEU,Z14,21,0.194346389469
06/12/2024,FEU,Z14,22,0.217797068858
06/12/2024,FEU,Z14,23,0.168132402414
06/12/2024,FEU,Z14,24,0.151202462025
06/12/2024,FEU,Z14,3,0.102713699471
06/12/2024,FEU,Z14,4,0.10080080386
06/12/2024,FEU,Z14,5,0.095212273471
06/12/2024,FEU,Z14,6,0.094667046304
06/12/2024,FEU,Z14,7,0.100800062581
06/12/2024,FEU,Z14,8,0.137402374414
06/12/2024,FEU,Z14,9,0.143092424136
06/13/2024,FEU,Z14,1,0.138356013157
06/13/2024,FEU,Z14,10,0.135372188841
06/13/2024,FEU,Z14,11,0.138513204875
06/13/2024,FEU,Z14,12,0.139967252909
06/13/2024,FEU,Z14,13,0.13851829292
06/13/2024,FEU,Z14,14,0.112659948875
06/13/2024,FEU,Z14,15,0.053110647886
06/13/2024,FEU,Z14,16,0.05436586492
06/13/2024,FEU,Z14,17,0.054540531931
06/13/2024,FEU,Z14,18,0.058527876965
06/13/2024,FEU,Z14,19,0.128050052988
06/13/2024,FEU,Z14,2,0.133834321157
06/13/2024,FEU,Z14,20,0.147404125044
06/13/2024,FEU,Z14,21,0.207366149044
06/13/2024,FEU,Z14,22,0.22413974901
06/13/2024,FEU,Z14,23,0.1732732811
06/13/2024,FEU,Z14,24,0.158347013055
06/13/2024,FEU,Z14,3,0.131436702157
06/13/2024,FEU,Z14,4,0.136152797145
06/13/2024,FEU,Z14,5,0.142603661145
06/13/2024,FEU,Z14,6,0.145631321123
06/13/2024,FEU,Z14,7,0.160795053055
06/13/2024,FEU,Z14,8,0.173748083033
06/13/2024,FEU,Z14,9,0.168598782886
06/14/2024,FEU,Z14,1,0.124519759224
06/14/2024,FEU,Z14,10,0.109996409168
06/14/2024,FEU,Z14,11,0.146876711953
06/14/2024,FEU,Z14,12,0.122523346215
06/14/2024,FEU,Z14,13,0.112236371084
06/14/2024,FEU,Z14,14,0.10895757556
06/14/2024,FEU,Z14,15,0.05871442156
06/14/2024,FEU,Z14,16,0.059070509822
06/14/2024,FEU,Z14,17,0.060696236084
06/14/2024,FEU,Z14,18,0.060281646215
06/14/2024,FEU,Z14,19,0.111357898215
06/14/2024,FEU,Z14,2,0.122344041224
06/14/2024,FEU,Z14,20,0.120310808869
06/14/2024,FEU,Z14,21,0.148319951785
06/14/2024,FEU,Z14,22,0.191799071785
06/14/2024,FEU,Z14,23,0.143409992439
06/14/2024,FEU,Z14,24,0.114039788308
06/14/2024,FEU,Z14,3,0.122517661355
06/14/2024,FEU,Z14,4,0.121534242963
06/14/2024,FEU,Z14,5,0.121966408832
06/14/2024,FEU,Z14,6,0.124317375701
06/14/2024,FEU,Z14,7,0.125365361916
06/14/2024,FEU,Z14,8,0.144255911785
06/14/2024,FEU,Z14,9,0.149766521084
06/15/2024,FEU,Z14,1,0.089768133536
06/15/2024,FEU,Z14,10,0.045973285647
06/15/2024,FEU,Z14,11,0.040882615647
06/15/2024,FEU,Z14,12,0.0403837058
06/15/2024,FEU,Z14,13,0.040626135647
06/15/2024,FEU,Z14,14,0.042138264104
06/15/2024,FEU,Z14,15,0.042266168104
06/15/2024,FEU,Z14,16,0.042963351343
06/15/2024,FEU,Z14,17,0.043501150429
06/15/2024,FEU,Z14,18,0.043948747211
06/15/2024,FEU,Z14,19,0.045498002602
06/15/2024,FEU,Z14,2,0.087673769536
06/15/2024,FEU,Z14,20,0.057496615231
06/15/2024,FEU,Z14,21,0.085519843166
06/15/2024,FEU,Z14,22,0.084071307709
06/15/2024,FEU,Z14,23,0.092061221861
06/15/2024,FEU,Z14,24,0.084497758013
06/15/2024,FEU,Z14,3,0.088257656384
06/15/2024,FEU,Z14,4,0.085578524384
06/15/2024,FEU,Z14,5,0.085876466384
06/15/2024,FEU,Z14,6,0.086066492384
06/15/2024,FEU,Z14,7,0.085425592688
06/15/2024,FEU,Z14,8,0.094900747059
06/15/2024,FEU,Z14,9,0.074236860038
06/16/2024,FEU,Z14,1,0.086718319538
06/16/2024,FEU,Z14,10,0.050210891939
06/16/2024,FEU,Z14,11,0.044005203356
06/16/2024,FEU,Z14,12,0.041999713711
06/16/2024,FEU,Z14,13,0.041766757002
06/16/2024,FEU,Z14,14,0.041410136065
06/16/2024,FEU,Z14,15,0.041284276774
06/16/2024,FEU,Z14,16,0.042160241939
06/16/2024,FEU,Z14,17,0.042764692522
06/16/2024,FEU,Z14,18,0.047145835687
06/16/2024,FEU,Z14,19,0.051258692207
06/16/2024,FEU,Z14,2,0.089262161183
06/16/2024,FEU,Z14,20,0.054300098144
06/16/2024,FEU,Z14,21,0.067109775435
06/16/2024,FEU,Z14,22,0.076944795435
06/16/2024,FEU,Z14,23,0.083761365081
06/16/2024,FEU,Z14,24,0.086029708664
06/16/2024,FEU,Z14,3,0.090477692475
06/16/2024,FEU,Z14,4,0.090790268475
06/16/2024,FEU,Z14,5,0.091175068475
06/16/2024,FEU,Z14,6,0.091692476475
06/16/2024,FEU,Z14,7,0.091172549829
06/16/2024,FEU,Z14,8,0.080851097372
06/16/2024,FEU,Z14,9,0.068918551687
06/17/2024,FEU,Z14,1,0.090431021856
06/17/2024,FEU,Z14,10,0.101006658184
06/17/2024,FEU,Z14,11,0.137355251141
06/17/2024,FEU,Z14,12,0.116979056106
06/17/2024,FEU,Z14,13,0.114850436115
06/17/2024,FEU,Z14,14,0.113412950167
06/17/2024,FEU,Z14,15,0.063092090167
06/17/2024,FEU,Z14,16,0.063088675158
06/17/2024,FEU,Z14,17,0.063215350132
06/17/2024,FEU,Z14,18,0.064033340115
06/17/2024,FEU,Z14,19,0.121256865124
06/17/2024,FEU,Z14,2,0.085477864865
06/17/2024,FEU,Z14,20,0.141708650089
06/17/2024,FEU,Z14,21,0.164619187072
06/17/2024,FEU,Z14,22,0.191320172089
06/17/2024,FEU,Z14,23,0.162007311055
06/17/2024,FEU,Z14,24,0.129757430072
06/17/2024,FEU,Z14,3,0.087219394848
06/17/2024,FEU,Z14,4,0.087232301856
06/17/2024,FEU,Z14,5,0.083404615873
06/17/2024,FEU,Z14,6,0.085470429917
06/17/2024,FEU,Z14,7,0.084869367977
06/17/2024,FEU,Z14,8,0.09386574002
06/17/2024,FEU,Z14,9,0.115462745124
06/18/2024,FEU,Z14,1,0.089529350947
06/18/2024,FEU,Z14,10,0.119608045445
06/18/2024,FEU,Z14,11,0.144535115445
06/18/2024,FEU,Z14,12,0.141020577127
06/18/2024,FEU,Z14,13,0.134324391127
06/18/2024,FEU,Z14,14,0.125746199763
06/18/2024,FEU,Z14,15,0.065170165445
06/18/2024,FEU,Z14,16,0.064385229127
06/18/2024,FEU,Z14,17,0.063792230127
06/18/2024,FEU,Z14,18,0.075261976809
06/18/2024,FEU,Z14,19,0.142450156809
06/18/2024,FEU,Z14,2,0.074237917629
06/18/2024,FEU,Z14,20,0.160338872832
06/18/2024,FEU,Z14,21,0.195191480832
06/18/2024,FEU,Z14,22,0.241019419809
06/18/2024,FEU,Z14,23,0.199143538173
06/18/2024,FEU,Z14,24,0.175871538855
06/18/2024,FEU,Z14,3,0.090599648311
06/18/2024,FEU,Z14,4,0.09019234897
06/18/2024,FEU,Z14,5,0.09187948897
06/18/2024,FEU,Z14,6,0.105062120947
06/18/2024,FEU,Z14,7,0.138103318242
06/18/2024,FEU,Z14,8,0.14896459556
06/18/2024,FEU,Z14,9,0.172758073809
06/19/2024,FEU,Z14,1,0.141042045526
06/19/2024,FEU,Z14,10,0.166061041384
06/19/2024,FEU,Z14,11,0.183140270068
06/19/2024,FEU,Z14,12,0.149273294068
06/19/2024,FEU,Z14,13,0.144908517435
06/19/2024,FEU,Z14,14,0.136904366068
06/19/2024,FEU,Z14,15,0.087972302068
06/19/2024,FEU,Z14,16,0.085878039435
06/19/2024,FEU,Z14,17,0.085439954119
06/19/2024,FEU,Z14,18,0.09331828617
06/19/2024,FEU,Z14,19,0.165427651537
06/19/2024,FEU,Z14,2,0.136363289842
06/19/2024,FEU,Z14,20,0.225003846221
06/19/2024,FEU,Z14,21,0.220367633221
06/19/2024,FEU,Z14,22,0.217212330904
06/19/2024,FEU,Z14,23,0.166051817639
06/19/2024,FEU,Z14,24,0.144213365955
06/19/2024,FEU,Z14,3,0.131092058526
06/19/2024,FEU,Z14,4,0.12582334921
06/19/2024,FEU,Z14,5,0.125658618526
06/19/2024,FEU,Z14,6,0.129186462475
06/19/2024,FEU,Z14,7,0.13467490169
06/19/2024,FEU,Z14,8,0.179208831639
06/19/2024,FEU,Z14,9,0.184360675119
06/20/2024,FEU,Z14,1,0.137817155994
06/20/2024,FEU,Z14,10,0.150681036437
06/20/2024,FEU,Z14,11,0.172096519604
06/20/2024,FEU,Z14,12,0.16222713277
06/20/2024,FEU,Z14,13,0.158105519826
06/20/2024,FEU,Z14,14,0.156324191604
06/20/2024,FEU,Z14,15,0.110030938659
06/20/2024,FEU,Z14,16,0.112122943826
06/20/2024,FEU,Z14,17,0.111963006882
06/20/2024,FEU,Z14,18,0.112918456048
06/20/2024,FEU,Z14,19,0.18285125616
06/20/2024,FEU,Z14,2,0.133307153994
06/20/2024,FEU,Z14,20,0.214727009438
06/20/2024,FEU,Z14,21,0.221715779438
06/20/2024,FEU,Z14,22,0.226962752271
06/20/2024,FEU,Z14,23,0.174131200716
06/20/2024,FEU,Z14,24,0.164795504493
06/20/2024,FEU,Z14,3,0.131563005994
06/20/2024,FEU,Z14,4,0.129911056938
06/20/2024,FEU,Z14,5,0.125333664938
06/20/2024,FEU,Z14,6,0.121431042827
06/20/2024,FEU,Z14,7,0.127862704493
06/20/2024,FEU,Z14,8,0.145810226382
06/20/2024,FEU,Z14,9,0.160527728659
06/21/2024,FEU,Z14,1,0.134094396143
06/21/2024,FEU,Z14,10,0.164051175767
06/21/2024,FEU,Z14,11,0.183379633323
06/21/2024,FEU,Z14,12,0.160628292509
06/21/2024,FEU,Z14,13,0.161940998916
06/21/2024,FEU,Z14,14,0.158128820545
06/21/2024,FEU,Z14,15,0.104160629545
06/21/2024,FEU,Z14,16,0.090111988731
06/21/2024,FEU,Z14,17,0.086983711916
06/21/2024,FEU,Z14,18,0.098829720509
06/21/2024,FEU,Z14,19,0.158133688509
06/21/2024,FEU,Z14,2,0.131848418143
06/21/2024,FEU,Z14,20,0.183759778473
06/21/2024,FEU,Z14,21,0.210729647622
06/21/2024,FEU,Z14,22,0.220880807622
06/21/2024,FEU,Z14,23,0.171269175586
06/21/2024,FEU,Z14,24,0.160877357993
06/21/2024,FEU,Z14,3,0.135575454736
06/21/2024,FEU,Z14,4,0.133870070957
06/21/2024,FEU,Z14,5,0.133734548364
06/21/2024,FEU,Z14,6,0.133990010772
06/21/2024,FEU,Z14,7,0.131853566215
06/21/2024,FEU,Z14,8,0.152457647622
06/21/2024,FEU,Z14,9,0.172653141916
06/22/2024,FEU,Z14,1,0.127417875358
06/22/2024,FEU,Z14,10,0.077525309936
06/22/2024,FEU,Z14,11,0.046824424936
06/22/2024,FEU,Z14,12,0.039527253735
06/22/2024,FEU,Z14,13,0.036305309936
06/22/2024,FEU,Z14,14,0.036285917334
06/22/2024,FEU,Z14,15,0.036483483334
06/22/2024,FEU,Z14,16,0.036363918338
06/22/2024,FEU,Z14,17,0.036925998543
06/22/2024,FEU,Z14,18,0.037362804149
06/22/2024,FEU,Z14,19,0.041467513952
06/22/2024,FEU,Z14,2,0.120016695358
06/22/2024,FEU,Z14,20,0.07780957776
06/22/2024,FEU,Z14,21,0.094658838166
06/22/2024,FEU,Z14,22,0.117382381768
06/22/2024,FEU,Z14,23,0.143936189567
06/22/2024,FEU,Z14,24,0.118713529366
06/22/2024,FEU,Z14,3,0.121628747559
06/22/2024,FEU,Z14,4,0.120295046559
06/22/2024,FEU,Z14,5,0.121092686559
06/22/2024,FEU,Z14,6,0.121092686559
06/22/2024,FEU,Z14,7,0.121081785157
06/22/2024,FEU,Z14,8,0.11985394535
06/22/2024,FEU,Z14,9,0.083992275739
06/23/2024,FEU,Z14,1,0.130694435702
06/23/2024,FEU,Z14,10,0.055803760244
06/23/2024,FEU,Z14,11,0.042204656306
06/23/2024,FEU,Z14,12,0.041382819321
06/23/2024,FEU,Z14,13,0.04864457529
06/23/2024,FEU,Z14,14,0.042991702337
06/23/2024,FEU,Z14,15,0.042321380368
06/23/2024,FEU,Z14,16,0.043692832244
06/23/2024,FEU,Z14,17,0.050957682182
06/23/2024,FEU,Z14,18,0.042675190058
06/23/2024,FEU,Z14,19,0.04890112695
06/23/2024,FEU,Z14,2,0.109454667686
06/23/2024,FEU,Z14,20,0.055601645903
06/23/2024,FEU,Z14,21,0.080980521872
06/23/2024,FEU,Z14,22,0.122268651872
06/23/2024,FEU,Z14,23,0.142700533857
06/23/2024,FEU,Z14,24,0.126823756795
06/23/2024,FEU,Z14,3,0.098504429655
06/23/2024,FEU,Z14,4,0.086857421655
06/23/2024,FEU,Z14,5,0.091124557655
06/23/2024,FEU,Z14,6,0.090714893655
06/23/2024,FEU,Z14,7,0.088863734671
06/23/2024,FEU,Z14,8,0.094875882826
06/23/2024,FEU,Z14,9,0.073770964058
06/24/2024,FEU,Z14,1,0.096250364853
06/24/2024,FEU,Z14,10,0.098306663186
06/24/2024,FEU,Z14,11,0.147803895248
06/24/2024,FEU,Z14,12,0.116017205897
06/24/2024,FEU,Z14,13,0.114307714485
06/24/2024,FEU,Z14,14,0.116079890011
06/24/2024,FEU,Z14,15,0.063477890011
06/24/2024,FEU,Z14,16,0.060127119423
06/24/2024,FEU,Z14,17,0.06057204766
06/24/2024,FEU,Z14,18,0.066329260485
06/24/2024,FEU,Z14,19,0.150926587072
06/24/2024,FEU,Z14,2,0.086639259441
06/24/2024,FEU,Z14,20,0.149948612722
06/24/2024,FEU,Z14,21,0.200613743546
06/24/2024,FEU,Z14,22,0.235487066722
06/24/2024,FEU,Z14,23,0.182168001371
06/24/2024,FEU,Z14,24,0.157081503546
06/24/2024,FEU,Z14,3,0.083579429266
06/24/2024,FEU,Z14,4,0.078269324853
06/24/2024,FEU,Z14,5,0.077664250029
06/24/2024,FEU,Z14,6,0.092951352967
06/24/2024,FEU,Z14,7,0.098817343081
06/24/2024,FEU,Z14,8,0.11366249702
06/24/2024,FEU,Z14,9,0.105016247072
06/25/2024,FEU,Z14,1,0.113191184059
06/25/2024,FEU,Z14,10,0.124780901438
06/25/2024,FEU,Z14,11,0.137212586438
06/25/2024,FEU,Z14,12,0.137050555676
06/25/2024,FEU,Z14,13,0.136282065676
06/25/2024,FEU,Z14,14,0.136132387199
06/25/2024,FEU,Z14,15,0.085828001438
06/25/2024,FEU,Z14,16,0.085626267676
06/25/2024,FEU,Z14,17,0.086254823676
06/25/2024,FEU,Z14,18,0.086636821914
06/25/2024,FEU,Z14,19,0.154396054914
06/25/2024,FEU,Z14,2,0.130458375297
06/25/2024,FEU,Z14,20,0.193017401272
06/25/2024,FEU,Z14,21,0.217296953272
06/25/2024,FEU,Z14,22,0.226100548914
06/25/2024,FEU,Z14,23,0.176202041391
06/25/2024,FEU,Z14,24,0.163009202629
06/25/2024,FEU,Z14,3,0.127597133536
06/25/2024,FEU,Z14,4,0.116087699417
06/25/2024,FEU,Z14,5,0.124235579417
06/25/2024,FEU,Z14,6,0.105560171059
06/25/2024,FEU,Z14,7,0.114639956463
06/25/2024,FEU,Z14,8,0.135210218225
06/25/2024,FEU,Z14,9,0.134253679914
06/26/2024,FEU,Z14,1,0.136467690296
06/26/2024,FEU,Z14,10,0.157069784418
06/26/2024,FEU,Z14,11,0.190261250735
06/26/2024,FEU,Z14,12,0.184907330735
06/26/2024,FEU,Z14,13,0.176056377369
06/26/2024,FEU,Z14,14,0.173920354735
06/26/2024,FEU,Z14,15,0.119332354735
06/26/2024,FEU,Z14,16,0.103005735369
06/26/2024,FEU,Z14,17,0.104876595686
06/26/2024,FEU,Z14,18,0.130564064637
06/26/2024,FEU,Z14,19,0.194375837271
06/26/2024,FEU,Z14,2,0.129606110979
06/26/2024,FEU,Z14,20,0.213546062588
06/26/2024,FEU,Z14,21,0.224233219588
06/26/2024,FEU,Z14,22,0.244242049905
06/26/2024,FEU,Z14,23,0.171425671174
06/26/2024,FEU,Z14,24,0.161188445857
06/26/2024,FEU,Z14,3,0.124697969296
06/26/2024,FEU,Z14,4,0.123362891613
06/26/2024,FEU,Z14,5,0.119074827296
06/26/2024,FEU,Z14,6,0.124397234344
06/26/2024,FEU,Z14,7,0.135927195125
06/26/2024,FEU,Z14,8,0.167065619174
06/26/2024,FEU,Z14,9,0.172555330686
06/27/2024,FEU,Z14,1,0.130878120008
06/27/2024,FEU,Z14,10,0.157993849906
06/27/2024,FEU,Z14,11,0.204388352453
06/27/2024,FEU,Z14,12,0.178125844999
06/27/2024,FEU,Z14,13,0.164601049181
06/27/2024,FEU,Z14,14,0.163448024453
06/27/2024,FEU,Z14,15,0.097282653635
06/27/2024,FEU,Z14,16,0.091263929181
06/27/2024,FEU,Z14,17,0.087540008364
06/27/2024,FEU,Z14,18,0.09109856991
06/27/2024,FEU,Z14,19,0.164274310275
06/27/2024,FEU,Z14,2,0.128800807008
06/27/2024,FEU,Z14,20,0.180949260186
06/27/2024,FEU,Z14,21,0.209294923186
06/27/2024,FEU,Z14,22,0.222542354639
06/27/2024,FEU,Z14,23,0.176355752097
06/27/2024,FEU,Z14,24,0.171877451368
06/27/2024,FEU,Z14,3,0.132029585008
06/27/2024,FEU,Z14,4,0.135168372826
06/27/2024,FEU,Z14,5,0.132902452826
06/27/2024,FEU,Z14,6,0.128797978461
06/27/2024,FEU,Z14,7,0.143528651368
06/27/2024,FEU,Z14,8,0.152127263004
06/27/2024,FEU,Z14,9,0.169272238635
06/28/2024,FEU,Z14,1,0.132947367089
06/28/2024,FEU,Z14,10,0.160803852127
06/28/2024,FEU,Z14,11,0.197706318507
06/28/2024,FEU,Z14,12,0.179957708633
06/28/2024,FEU,Z14,13,0.16124760357
06/28/2024,FEU,Z14,14,0.146077566317
06/28/2024,FEU,Z14,15,0.093791871317
06/28/2024,FEU,Z14,16,0.087339337444
06/28/2024,FEU,Z14,17,0.08149241557
06/28/2024,FEU,Z14,18,0.082005172633
06/28/2024,FEU,Z14,19,0.153675396633
06/28/2024,FEU,Z14,2,0.136692225089
06/28/2024,FEU,Z14,20,0.20096077495
06/28/2024,FEU,Z14,21,0.204952233393
06/28/2024,FEU,Z14,22,0.210805593393
06/28/2024,FEU,Z14,23,0.171097303709
06/28/2024,FEU,Z14,24,0.160740553646
06/28/2024,FEU,Z14,3,0.135485762152
06/28/2024,FEU,Z14,4,0.129295154962
06/28/2024,FEU,Z14,5,0.128510633899
06/28/2024,FEU,Z14,6,0.131164085835
06/28/2024,FEU,Z14,7,0.133638569456
06/28/2024,FEU,Z14,8,0.137882793393
06/28/2024,FEU,Z14,9,0.16584623657
06/29/2024,FEU,Z14,1,0.134140823604
06/29/2024,FEU,Z14,10,0.090032492975
06/29/2024,FEU,Z14,11,0.083175087975
06/29/2024,FEU,Z14,12,0.07064211347
06/29/2024,FEU,Z14,13,0.069678972975
06/29/2024,FEU,Z14,14,0.068761318461
06/29/2024,FEU,Z14,15,0.041040410461
06/29/2024,FEU,Z14,16,0.032334855985
06/29/2024,FEU,Z14,17,0.045142627013
06/29/2024,FEU,Z14,18,0.067667579052
06/29/2024,FEU,Z14,19,0.073307318071
06/29/2024,FEU,Z14,2,0.115566967604
06/29/2024,FEU,Z14,20,0.089764776614
06/29/2024,FEU,Z14,21,0.117692240147
06/29/2024,FEU,Z14,22,0.144356629662
06/29/2024,FEU,Z14,23,0.148992691157
06/29/2024,FEU,Z14,24,0.142605654652
06/29/2024,FEU,Z14,3,0.088785104109
06/29/2024,FEU,Z14,4,0.088523525109
06/29/2024,FEU,Z14,5,0.088773374109
06/29/2024,FEU,Z14,6,0.087261377109
06/29/2024,FEU,Z14,7,0.088591575099
06/29/2024,FEU,Z14,8,0.096767682556
06/29/2024,FEU,Z14,9,0.089030989994
06/30/2024,FEU,Z14,1,0.14654795798
06/30/2024,FEU,Z14,10,0.088233053093
06/30/2024,FEU,Z14,11,0.069894515906
06/30/2024,FEU,Z14,12,0.05552986411
06/30/2024,FEU,Z14,13,0.041059412703
06/30/2024,FEU,Z14,14,0.035091288313
06/30/2024,FEU,Z14,15,0.030447274719
06/30/2024,FEU,Z14,16,0.030978893093
06/30/2024,FEU,Z14,17,0.03281736628
06/30/2024,FEU,Z14,18,0.036600104655
06/30/2024,FEU,Z14,19,0.072228868232
06/30/2024,FEU,Z14,2,0.144342357777
06/30/2024,FEU,Z14,20,0.087289266622
06/30/2024,FEU,Z14,21,0.099834852216
06/30/2024,FEU,Z14,22,0.140837502216
06/30/2024,FEU,Z14,23,0.141181527013
06/30/2024,FEU,Z14,24,0.1414992862
06/30/2024,FEU,Z14,3,0.148452431371
06/30/2024,FEU,Z14,4,0.148921295371
06/30/2024,FEU,Z14,5,0.148259439371
06/30/2024,FEU,Z14,6,0.145783695371
06/30/2024,FEU,Z14,7,0.143693196574
06/30/2024,FEU,Z14,8,0.123412406606
06/30/2024,FEU,Z14,9,0.091150010655
07/01/2024,FEU,Z14,1,0.120542460079
07/01/2024,FEU,Z14,10,0.117781072712
07/01/2024,FEU,Z14,11,0.159627949491
07/01/2024,FEU,Z14,12,0.151907451403
07/01/2024,FEU,Z14,13,0.151465095403
07/01/2024,FEU,Z14,14,0.15123935158
07/01/2024,FEU,Z14,15,0.087426381536
07/01/2024,FEU,Z14,16,0.081530617624
07/01/2024,FEU,Z14,17,0.076653983624
07/01/2024,FEU,Z14,18,0.088082437491
07/01/2024,FEU,Z14,19,0.15108860758
07/01/2024,FEU,Z14,2,0.116891523034
07/01/2024,FEU,Z14,20,0.169277373403
07/01/2024,FEU,Z14,21,0.196373208359
07/01/2024,FEU,Z14,22,0.202023979447
07/01/2024,FEU,Z14,23,0.171006927182
07/01/2024,FEU,Z14,24,0.156100413315
07/01/2024,FEU,Z14,3,0.110848692079
07/01/2024,FEU,Z14,4,0.118575141211
07/01/2024,FEU,Z14,5,0.100342818344
07/01/2024,FEU,Z14,6,0.10135940252
07/01/2024,FEU,Z14,7,0.107716868785
07/01/2024,FEU,Z14,8,0.140537345829
07/01/2024,FEU,Z14,9,0.144059699624
07/02/2024,FEU,Z14,1,0.113193374999
07/02/2024,FEU,Z14,10,0.114389363669
07/02/2024,FEU,Z14,11,0.150105756952
07/02/2024,FEU,Z14,12,0.146407105273
07/02/2024,FEU,Z14,13,0.141739884433
07/02/2024,FEU,Z14,14,0.139532710952
07/02/2024,FEU,Z14,15,0.083370165952
07/02/2024,FEU,Z14,16,0.068917543631
07/02/2024,FEU,Z14,17,0.068989079952
07/02/2024,FEU,Z14,18,0.076326892273
07/02/2024,FEU,Z14,19,0.152181979273
07/02/2024,FEU,Z14,2,0.098135650999
07/02/2024,FEU,Z14,20,0.156775528754
07/02/2024,FEU,Z14,21,0.195990760754
07/02/2024,FEU,Z14,22,0.233175243593
07/02/2024,FEU,Z14,23,0.183319360556
07/02/2024,FEU,Z14,24,0.161860353395
07/02/2024,FEU,Z14,3,0.088159082159
07/02/2024,FEU,Z14,4,0.086168180159
07/02/2024,FEU,Z14,5,0.087993368159
07/02/2024,FEU,Z14,6,0.090298964999
07/02/2024,FEU,Z14,7,0.103478224197
07/02/2024,FEU,Z14,8,0.133945190876
07/02/2024,FEU,Z14,9,0.132878522829
07/03/2024,FEU,Z14,1,0.138465860698
07/03/2024,FEU,Z14,10,0.145375939857
07/03/2024,FEU,Z14,11,0.16517650956
07/03/2024,FEU,Z14,12,0.14942359356
07/03/2024,FEU,Z14,13,0.144782966101
07/03/2024,FEU,Z14,14,0.130831984019
07/03/2024,FEU,Z14,15,0.073443338479
07/03/2024,FEU,Z14,16,0.069503867397
07/03/2024,FEU,Z14,17,0.063637413397
07/03/2024,FEU,Z14,18,0.073629810479
07/03/2024,FEU,Z14,19,0.141048819019
07/03/2024,FEU,Z14,2,0.128167155779
07/03/2024,FEU,Z14,20,0.150028748641
07/03/2024,FEU,Z14,21,0.213957252182
07/03/2024,FEU,Z14,22,0.225413337263
07/03/2024,FEU,Z14,23,0.175412862507
07/03/2024,FEU,Z14,24,0.164206316966
07/03/2024,FEU,Z14,3,0.125805685238
07/03/2024,FEU,Z14,4,0.116607154698
07/03/2024,FEU,Z14,5,0.115426322157
07/03/2024,FEU,Z14,6,0.109526519454
07/03/2024,FEU,Z14,7,0.128165698588
07/03/2024,FEU,Z14,8,0.146550750048
07/03/2024,FEU,Z14,9,0.167831209397
07/04/2024,FEU,Z14,1,0.14083719667
07/04/2024,FEU,Z14,10,0.104338884125
07/04/2024,FEU,Z14,11,0.110247392927
07/04/2024,FEU,Z14,12,0.103289751194
07/04/2024,FEU,Z14,13,0.103545761461
07/04/2024,FEU,Z14,14,0.10337212806
07/04/2024,FEU,Z14,15,0.05563780306
07/04/2024,FEU,Z14,16,0.054637343793
07/04/2024,FEU,Z14,17,0.05473096306
07/04/2024,FEU,Z14,18,0.055603559328
07/04/2024,FEU,Z14,19,0.115227633194
07/04/2024,FEU,Z14,2,0.125653231803
07/04/2024,FEU,Z14,20,0.159621203729
07/04/2024,FEU,Z14,21,0.206290656595
07/04/2024,FEU,Z14,22,0.218520257461
07/04/2024,FEU,Z14,23,0.167849824397
07/04/2024,FEU,Z14,24,0.15804346113
07/04/2024,FEU,Z14,3,0.11874265267
07/04/2024,FEU,Z14,4,0.129575932135
07/04/2024,FEU,Z14,5,0.125709852135
07/04/2024,FEU,Z14,6,0.132443450734
07/04/2024,FEU,Z14,7,0.141865633333
07/04/2024,FEU,Z14,8,0.171439968932
07/04/2024,FEU,Z14,9,0.154753215258
07/05/2024,FEU,Z14,1,0.122005715522
07/05/2024,FEU,Z14,10,0.123241390849
07/05/2024,FEU,Z14,11,0.141779213418
07/05/2024,FEU,Z14,12,0.134833989418
07/05/2024,FEU,Z14,13,0.110310576332
07/05/2024,FEU,Z14,14,0.105343161504
07/05/2024,FEU,Z14,15,0.055576773418
07/05/2024,FEU,Z14,16,0.052849440504
07/05/2024,FEU,Z14,17,0.056541165418
07/05/2024,FEU,Z14,18,0.075555135246
07/05/2024,FEU,Z14,19,0.150816411246
07/05/2024,FEU,Z14,2,0.123094759522
07/05/2024,FEU,Z14,20,0.179580993073
07/05/2024,FEU,Z14,21,0.198417084643
07/05/2024,FEU,Z14,22,0.20921562547
07/05/2024,FEU,Z14,23,0.173688715695
07/05/2024,FEU,Z14,24,0.155703085953
07/05/2024,FEU,Z14,3,0.123257486436
07/05/2024,FEU,Z14,4,0.130153289436
07/05/2024,FEU,Z14,5,0.13086631535
07/05/2024,FEU,Z14,6,0.132071837436
07/05/2024,FEU,Z14,7,0.137909944781
07/05/2024,FEU,Z14,8,0.149326020039
07/05/2024,FEU,Z14,9,0.156780660677
07/06/2024,FEU,Z14,1,0.154012845308
07/06/2024,FEU,Z14,10,0.043134025085
07/06/2024,FEU,Z14,11,0.037899939877
07/06/2024,FEU,Z14,12,0.037735787877
07/06/2024,FEU,Z14,13,0.03713201467
07/06/2024,FEU,Z14,14,0.036608966293
07/06/2024,FEU,Z14,15,0.037398011916
07/06/2024,FEU,Z14,16,0.037563136501
07/06/2024,FEU,Z14,17,0.037869535085
07/06/2024,FEU,Z14,18,0.036861938839
07/06/2024,FEU,Z14,19,0.040253277177
07/06/2024,FEU,Z14,2,0.149512780931
07/06/2024,FEU,Z14,20,0.046354247308
07/06/2024,FEU,Z14,21,0.064687045646
07/06/2024,FEU,Z14,22,0.08882948123
07/06/2024,FEU,Z14,23,0.11075639723
07/06/2024,FEU,Z14,24,0.09645168923
07/06/2024,FEU,Z14,3,0.132382455931
07/06/2024,FEU,Z14,4,0.124091260554
07/06/2024,FEU,Z14,5,0.130122597762
07/06/2024,FEU,Z14,6,0.123484164554
07/06/2024,FEU,Z14,7,0.123135396969
07/06/2024,FEU,Z14,8,0.1200490258
07/06/2024,FEU,Z14,9,0.087516383254
07/07/2024,FEU,Z14,1,0.109956830141
07/07/2024,FEU,Z14,10,0.049592208019
07/07/2024,FEU,Z14,11,0.041664499175
07/07/2024,FEU,Z14,12,0.041149555175
07/07/2024,FEU,Z14,13,0.041040809597
07/07/2024,FEU,Z14,14,0.041291175964
07/07/2024,FEU,Z14,15,0.040405542753
07/07/2024,FEU,Z14,16,0.040671937964
07/07/2024,FEU,Z14,17,0.041067763175
07/07/2024,FEU,Z14,18,0.041149208442
07/07/2024,FEU,Z14,19,0.045343005708
07/07/2024,FEU,Z14,2,0.102629390719
07/07/2024,FEU,Z14,20,0.085400515397
07/07/2024,FEU,Z14,21,0.112748232241
07/07/2024,FEU,Z14,22,0.153063387452
07/07/2024,FEU,Z14,23,0.157771158663
07/07/2024,FEU,Z14,24,0.152843584663
07/07/2024,FEU,Z14,3,0.098087989086
07/07/2024,FEU,Z14,4,0.098732119297
07/07/2024,FEU,Z14,5,0.097851567874
07/07/2024,FEU,Z14,6,0.111022228663
07/07/2024,FEU,Z14,7,0.11115187303
07/07/2024,FEU,Z14,8,0.118076915608
07/07/2024,FEU,Z14,9,0.081917049708
07/08/2024,FEU,Z14,1,0.14062568729
07/08/2024,FEU,Z14,10,0.14355615768
07/08/2024,FEU,Z14,11,0.16141667833
07/08/2024,FEU,Z14,12,0.14498512339
07/08/2024,FEU,Z14,13,0.13821455539
07/08/2024,FEU,Z14,14,0.13512524527
07/08/2024,FEU,Z14,15,0.0860577238
07/08/2024,FEU,Z14,16,0.09203760074
07/08/2024,FEU,Z14,17,0.09200337074
07/08/2024,FEU,Z14,18,0.10017403033
07/08/2024,FEU,Z14,19,0.15532151527
07/08/2024,FEU,Z14,2,0.12830321382
07/08/2024,FEU,Z14,20,0.19851592939
07/08/2024,FEU,Z14,21,0.22149201992
07/08/2024,FEU,Z14,22,0.23112023186
07/08/2024,FEU,Z14,23,0.17560007804
07/08/2024,FEU,Z14,24,0.16571672045
07/08/2024,FEU,Z14,3,0.12855522329
07/08/2024,FEU,Z14,4,0.1281510137
07/08/2024,FEU,Z14,5,0.12503868011
07/08/2024,FEU,Z14,6,0.12638359799
07/08/2024,FEU,Z14,7,0.12972853481
07/08/2024,FEU,Z14,8,0.15169338628
07/08/2024,FEU,Z14,9,0.17051786274
07/09/2024,FEU,Z14,1,0.134775198178
07/09/2024,FEU,Z14,10,0.131830053225
07/09/2024,FEU,Z14,11,0.151610944767
07/09/2024,FEU,Z14,12,0.147156577652
07/09/2024,FEU,Z14,13,0.137131009095
07/09/2024,FEU,Z14,14,0.124211408767
07/09/2024,FEU,Z14,15,0.056647683767
07/09/2024,FEU,Z14,16,0.065711866882
07/09/2024,FEU,Z14,17,0.083442750767
07/09/2024,FEU,Z14,18,0.105958777652
07/09/2024,FEU,Z14,19,0.171548698652
07/09/2024,FEU,Z14,2,0.110958482178
07/09/2024,FEU,Z14,20,0.19865911798
07/09/2024,FEU,Z14,21,0.21856567798
07/09/2024,FEU,Z14,22,0.234720210538
07/09/2024,FEU,Z14,23,0.211196445194
07/09/2024,FEU,Z14,24,0.181356619751
07/09/2024,FEU,Z14,3,0.116880448621
07/09/2024,FEU,Z14,4,0.112389832621
07/09/2024,FEU,Z14,5,0.105387832621
07/09/2024,FEU,Z14,6,0.103429620178
07/09/2024,FEU,Z14,7,0.118604059965
07/09/2024,FEU,Z14,8,0.143596511079
07/09/2024,FEU,Z14,9,0.152418444668
07/10/2024,FEU,Z14,1,0.141482653876
07/10/2024,FEU,Z14,10,0.152743000908
07/10/2024,FEU,Z14,11,0.166876795964
07/10/2024,FEU,Z14,12,0.158452549964
07/10/2024,FEU,Z14,13,0.158139403175
07/10/2024,FEU,Z14,14,0.150628656753
07/10/2024,FEU,Z14,15,0.100180529541
07/10/2024,FEU,Z14,16,0.093294777119
07/10/2024,FEU,Z14,17,0.093166873119
07/10/2024,FEU,Z14,18,0.102851769541
07/10/2024,FEU,Z14,19,0.180712386753
07/10/2024,FEU,Z14,2,0.140727624298
07/10/2024,FEU,Z14,20,0.205634046386
07/10/2024,FEU,Z14,21,0.211123439597
07/10/2024,FEU,Z14,22,0.228160395019
07/10/2024,FEU,Z14,23,0.192984997286
07/10/2024,FEU,Z14,24,0.168960564075
07/10/2024,FEU,Z14,3,0.138081698087
07/10/2024,FEU,Z14,4,0.135725357876
07/10/2024,FEU,Z14,5,0.134981018664
07/10/2024,FEU,Z14,6,0.136658774609
07/10/2024,FEU,Z14,7,0.133379657708
07/10/2024,FEU,Z14,8,0.141331262497
07/10/2024,FEU,Z14,9,0.155750757119
07/11/2024,FEU,Z14,1,0.138095159701
07/11/2024,FEU,Z14,10,0.147739220303
07/11/2024,FEU,Z14,11,0.185339985373
07/11/2024,FEU,Z14,12,0.171590638397
07/11/2024,FEU,Z14,13,0.16229279942
07/11/2024,FEU,Z14,14,0.154548335885
07/11/2024,FEU,Z14,15,0.101931730885
07/11/2024,FEU,Z14,16,0.101083580862
07/11/2024,FEU,Z14,17,0.109685670885
07/11/2024,FEU,Z14,18,0.111761112908
07/11/2024,FEU,Z14,19,0.167076544397
07/11/2024,FEU,Z14,2,0.134745598212
07/11/2024,FEU,Z14,20,0.192434588443
07/11/2024,FEU,Z14,21,0.208361588932
07/11/2024,FEU,Z14,22,0.21577697142
07/11/2024,FEU,Z14,23,0.168723441002
07/11/2024,FEU,Z14,24,0.152607501978
07/11/2024,FEU,Z14,3,0.135263607701
07/11/2024,FEU,Z14,4,0.132344533654
07/11/2024,FEU,Z14,5,0.131752357654
07/11/2024,FEU,Z14,6,0.131786831119
07/11/2024,FEU,Z14,7,0.132505000584
07/11/2024,FEU,Z14,8,0.143454034049
07/11/2024,FEU,Z14,9,0.158159255815
07/12/2024,FEU,Z14,1,0.123769249949
07/12/2024,FEU,Z14,10,0.109849558715
07/12/2024,FEU,Z14,11,0.15053592161
07/12/2024,FEU,Z14,12,0.15024534561
07/12/2024,FEU,Z14,13,0.150402138989
07/12/2024,FEU,Z14,14,0.149658946231
07/12/2024,FEU,Z14,15,0.09957096961
07/12/2024,FEU,Z14,16,0.093972826231
07/12/2024,FEU,Z14,17,0.08061603361
07/12/2024,FEU,Z14,18,0.098590268368
07/12/2024,FEU,Z14,19,0.153491708368
07/12/2024,FEU,Z14,2,0.109540551949
07/12/2024,FEU,Z14,20,0.166094823126
07/12/2024,FEU,Z14,21,0.189099075022
07/12/2024,FEU,Z14,22,0.20440789778
07/12/2024,FEU,Z14,23,0.152617365191
07/12/2024,FEU,Z14,24,0.145130399054
07/12/2024,FEU,Z14,3,0.113245169328
07/12/2024,FEU,Z14,4,0.100059236328
07/12/2024,FEU,Z14,5,0.093869290707
07/12/2024,FEU,Z14,6,0.097879280328
07/12/2024,FEU,Z14,7,0.108014407812
07/12/2024,FEU,Z14,8,0.114902399675
07/12/2024,FEU,Z14,9,0.135848405473
07/13/2024,FEU,Z14,1,0.13468922976
07/13/2024,FEU,Z14,10,0.08285245575
07/13/2024,FEU,Z14,11,0.040613362794
07/13/2024,FEU,Z14,12,0.032715570794
07/13/2024,FEU,Z14,13,0.029393132838
07/13/2024,FEU,Z14,14,0.029066712706
07/13/2024,FEU,Z14,15,0.028565527574
07/13/2024,FEU,Z14,16,0.028751047662
07/13/2024,FEU,Z14,17,0.02941753575
07/13/2024,FEU,Z14,18,0.034588993013
07/13/2024,FEU,Z14,19,0.069819919365
07/13/2024,FEU,Z14,2,0.130428726629
07/13/2024,FEU,Z14,20,0.09308226976
07/13/2024,FEU,Z14,21,0.121112480112
07/13/2024,FEU,Z14,22,0.1476048922
07/13/2024,FEU,Z14,23,0.1591712602
07/13/2024,FEU,Z14,24,0.1516939882
07/13/2024,FEU,Z14,3,0.120062876629
07/13/2024,FEU,Z14,4,0.118322971497
07/13/2024,FEU,Z14,5,0.122064070453
07/13/2024,FEU,Z14,6,0.127020383497
07/13/2024,FEU,Z14,7,0.128970481409
07/13/2024,FEU,Z14,8,0.133924719233
07/13/2024,FEU,Z14,9,0.093543474926
07/14/2024,FEU,Z14,1,0.156704175621
07/14/2024,FEU,Z14,10,0.038697181636
07/14/2024,FEU,Z14,11,0.031041027845
07/14/2024,FEU,Z14,12,0.028713987845
07/14/2024,FEU,Z14,13,0.02836093074
07/14/2024,FEU,Z14,14,0.028294356397
07/14/2024,FEU,Z14,15,0.028202014949
07/14/2024,FEU,Z14,16,0.028095233397
07/14/2024,FEU,Z14,17,0.028210563845
07/14/2024,FEU,Z14,18,0.031729152531
07/14/2024,FEU,Z14,19,0.043697385218
07/14/2024,FEU,Z14,2,0.146752021726
07/14/2024,FEU,Z14,20,0.0876334528
07/14/2024,FEU,Z14,21,0.120505406591
07/14/2024,FEU,Z14,22,0.145483786039
07/14/2024,FEU,Z14,23,0.157815023487
07/14/2024,FEU,Z14,24,0.144325745487
07/14/2024,FEU,Z14,3,0.145452288383
07/14/2024,FEU,Z14,4,0.14451858783
07/14/2024,FEU,Z14,5,0.144397587935
07/14/2024,FEU,Z14,6,0.142806125487
07/14/2024,FEU,Z14,7,0.143821851144
07/14/2024,FEU,Z14,8,0.136698568248
07/14/2024,FEU,Z14,9,0.092384013218
07/15/2024,FEU,Z14,1,0.13745161833
07/15/2024,FEU,Z14,10,0.129613615134
07/15/2024,FEU,Z14,11,0.148353298593
07/15/2024,FEU,Z14,12,0.120764369577
07/15/2024,FEU,Z14,13,0.109374275577
07/15/2024,FEU,Z14,14,0.10722043161
07/15/2024,FEU,Z14,15,0.058906858102
07/15/2024,FEU,Z14,16,0.064540598118
07/15/2024,FEU,Z14,17,0.063057298118
07/15/2024,FEU,Z14,18,0.072476602593
07/15/2024,FEU,Z14,19,0.15390995961
07/15/2024,FEU,Z14,2,0.120765660822
07/15/2024,FEU,Z14,20,0.175830815577
07/15/2024,FEU,Z14,21,0.198728614069
07/15/2024,FEU,Z14,22,0.227460768085
07/15/2024,FEU,Z14,23,0.179213023036
07/15/2024,FEU,Z14,24,0.16296836456
07/15/2024,FEU,Z14,3,0.10633818633
07/15/2024,FEU,Z14,4,0.107955427855
07/15/2024,FEU,Z14,5,0.10744885538
07/15/2024,FEU,Z14,6,0.106617521412
07/15/2024,FEU,Z14,7,0.113019850462
07/15/2024,FEU,Z14,8,0.14405900897
07/15/2024,FEU,Z14,9,0.153005751118
07/16/2024,FEU,Z14,1,0.13979787689
07/16/2024,FEU,Z14,10,0.144737901341
07/16/2024,FEU,Z14,11,0.1768364738
07/16/2024,FEU,Z14,12,0.164762261915
07/16/2024,FEU,Z14,13,0.164476415972
07/16/2024,FEU,Z14,14,0.1637480568
07/16/2024,FEU,Z14,15,0.1127435708
07/16/2024,FEU,Z14,16,0.112257965685
07/16/2024,FEU,Z14,17,0.1118695568
07/16/2024,FEU,Z14,18,0.112470866915
07/16/2024,FEU,Z14,19,0.172892585915
07/16/2024,FEU,Z14,2,0.13172449289
07/16/2024,FEU,Z14,20,0.208358514087
07/16/2024,FEU,Z14,21,0.219527154087
07/16/2024,FEU,Z14,22,0.23505010403
07/16/2024,FEU,Z14,23,0.176524180374
07/16/2024,FEU,Z14,24,0.159836078316
07/16/2024,FEU,Z14,3,0.132664840948
07/16/2024,FEU,Z14,4,0.132368422948
07/16/2024,FEU,Z14,5,0.132653170948
07/16/2024,FEU,Z14,6,0.13484937289
07/16/2024,FEU,Z14,7,0.135367291603
07/16/2024,FEU,Z14,8,0.159507975489
07/16/2024,FEU,Z14,9,0.157883165399
07/17/2024,FEU,Z14,1,0.132868268585
07/17/2024,FEU,Z14,10,0.149978772623
07/17/2024,FEU,Z14,11,0.196105942496
07/17/2024,FEU,Z14,12,0.176827930496
07/17/2024,FEU,Z14,13,0.17318846007
07/17/2024,FEU,Z14,14,0.170858932921
07/17/2024,FEU,Z14,15,0.120904505347
07/17/2024,FEU,Z14,16,0.120474792197
07/17/2024,FEU,Z14,17,0.120231546197
07/17/2024,FEU,Z14,18,0.120891921347
07/17/2024,FEU,Z14,19,0.194327997921
07/17/2024,FEU,Z14,2,0.126906523734
07/17/2024,FEU,Z14,20,0.210008343645
07/17/2024,FEU,Z14,21,0.22275748222
07/17/2024,FEU,Z14,22,0.231869335369
07/17/2024,FEU,Z14,23,0.184919970816
07/17/2024,FEU,Z14,24,0.170841796242
07/17/2024,FEU,Z14,3,0.123018625159
07/17/2024,FEU,Z14,4,0.125025948585
07/17/2024,FEU,Z14,5,0.12626722801
07/17/2024,FEU,Z14,6,0.125824831137
07/17/2024,FEU,Z14,7,0.137453963966
07/17/2024,FEU,Z14,8,0.146448885391
07/17/2024,FEU,Z14,9,0.159174888197
07/18/2024,FEU,Z14,1,0.13704107909
07/18/2024,FEU,Z14,10,0.143330168823
07/18/2024,FEU,Z14,11,0.193380719576
07/18/2024,FEU,Z14,12,0.191397659827
07/18/2024,FEU,Z14,13,0.186259152078
07/18/2024,FEU,Z14,14,0.184008743701
07/18/2024,FEU,Z14,15,0.132403173701
07/18/2024,FEU,Z14,16,0.12815966645
07/18/2024,FEU,Z14,17,0.129253278701
07/18/2024,FEU,Z14,18,0.139991780952
07/18/2024,FEU,Z14,19,0.208523483827
07/18/2024,FEU,Z14,2,0.129415033215
07/18/2024,FEU,Z14,20,0.225957794329
07/18/2024,FEU,Z14,21,0.235871652203
07/18/2024,FEU,Z14,22,0.245231912078
07/18/2024,FEU,Z14,23,0.180512079956
07/18/2024,FEU,Z14,24,0.167559160705
07/18/2024,FEU,Z14,3,0.12492845909
07/18/2024,FEU,Z14,4,0.123372674588
07/18/2024,FEU,Z14,5,0.123278066588
07/18/2024,FEU,Z14,6,0.124470181211
07/18/2024,FEU,Z14,7,0.136213655835
07/18/2024,FEU,Z14,8,0.141176151458
07/18/2024,FEU,Z14,9,0.158706674948
07/19/2024,FEU,Z14,1,0.137802201161
07/19/2024,FEU,Z14,10,0.153080441657
07/19/2024,FEU,Z14,11,0.197683732158
07/19/2024,FEU,Z14,12,0.184826316158
07/19/2024,FEU,Z14,13,0.181119192658
07/19/2024,FEU,Z14,14,0.178930171658
07/19/2024,FEU,Z14,15,0.128112764158
07/19/2024,FEU,Z14,16,0.124300183658
07/19/2024,FEU,Z14,17,0.117590252158
07/19/2024,FEU,Z14,18,0.129463647158
07/19/2024,FEU,Z14,19,0.188016243158
07/19/2024,FEU,Z14,2,0.136027549161
07/19/2024,FEU,Z14,20,0.201053858159
07/19/2024,FEU,Z14,21,0.216507177659
07/19/2024,FEU,Z14,22,0.22746645766
07/19/2024,FEU,Z14,23,0.170964474161
07/19/2024,FEU,Z14,24,0.16425453166
07/19/2024,FEU,Z14,3,0.134281652661
07/19/2024,FEU,Z14,4,0.133499762661
07/19/2024,FEU,Z14,5,0.133409736161
07/19/2024,FEU,Z14,6,0.135892112661
07/19/2024,FEU,Z14,7,0.139793523661
07/19/2024,FEU,Z14,8,0.14734194016
07/19/2024,FEU,Z14,9,0.161072630658
07/20/2024,FEU,Z14,1,0.145755479559
07/20/2024,FEU,Z14,10,0.090900611248
07/20/2024,FEU,Z14,11,0.039279454392
07/20/2024,FEU,Z14,12,0.028951750392
07/20/2024,FEU,Z14,13,0.028575249536
07/20/2024,FEU,Z14,14,0.027805506104
07/20/2024,FEU,Z14,15,0.028838429673
07/20/2024,FEU,Z14,16,0.03158754296
07/20/2024,FEU,Z14,17,0.033291521248
07/20/2024,FEU,Z14,18,0.035300802112
07/20/2024,FEU,Z14,19,0.036817997263
07/20/2024,FEU,Z14,2,0.142659419127
07/20/2024,FEU,Z14,20,0.043621701559
07/20/2024,FEU,Z14,21,0.10566850671
07/20/2024,FEU,Z14,22,0.135789162998
07/20/2024,FEU,Z14,23,0.135222486998
07/20/2024,FEU,Z14,24,0.127780854998
07/20/2024,FEU,Z14,3,0.146023444127
07/20/2024,FEU,Z14,4,0.142909304695
07/20/2024,FEU,Z14,5,0.141041413551
07/20/2024,FEU,Z14,6,0.140232456695
07/20/2024,FEU,Z14,7,0.140448298407
07/20/2024,FEU,Z14,8,0.145079957832
07/20/2024,FEU,Z14,9,0.117985741824
07/21/2024,FEU,Z14,1,0.120838283953
07/21/2024,FEU,Z14,10,0.042015392649
07/21/2024,FEU,Z14,11,0.040546669159
07/21/2024,FEU,Z14,12,0.039822061159
07/21/2024,FEU,Z14,13,0.039452514904
07/21/2024,FEU,Z14,14,0.038842609287
07/21/2024,FEU,Z14,15,0.038437503414
07/21/2024,FEU,Z14,16,0.040467821287
07/21/2024,FEU,Z14,17,0.040827757159
07/21/2024,FEU,Z14,18,0.040896372394
07/21/2024,FEU,Z14,19,0.04026640763
07/21/2024,FEU,Z14,2,0.100869869208
07/21/2024,FEU,Z14,20,0.07265110261
07/21/2024,FEU,Z14,21,0.1119657941
07/21/2024,FEU,Z14,22,0.150618359972
07/21/2024,FEU,Z14,23,0.151318853845
07/21/2024,FEU,Z14,24,0.150325799845
07/21/2024,FEU,Z14,3,0.09301358959
07/21/2024,FEU,Z14,4,0.095128488463
07/21/2024,FEU,Z14,5,0.087060960718
07/21/2024,FEU,Z14,6,0.081929941845
07/21/2024,FEU,Z14,7,0.083399150227
07/21/2024,FEU,Z14,8,0.085691161482
07/21/2024,FEU,Z14,9,0.07903924763
07/22/2024,FEU,Z14,1,0.130528507159
07/22/2024,FEU,Z14,10,0.118178055937
07/22/2024,FEU,Z14,11,0.160293227399
07/22/2024,FEU,Z14,12,0.157554408384
07/22/2024,FEU,Z14,13,0.158577786384
07/22/2024,FEU,Z14,14,0.158571604414
07/22/2024,FEU,Z14,15,0.108713083907
07/22/2024,FEU,Z14,16,0.109255247922
07/22/2024,FEU,Z14,17,0.108988253922
07/22/2024,FEU,Z14,18,0.110048995399
07/22/2024,FEU,Z14,19,0.168994638414
07/22/2024,FEU,Z14,2,0.126275198651
07/22/2024,FEU,Z14,20,0.200682972384
07/22/2024,FEU,Z14,21,0.216977384877
07/22/2024,FEU,Z14,22,0.245538028892
07/22/2024,FEU,Z14,23,0.174539963847
07/22/2024,FEU,Z14,24,0.162935073369
07/22/2024,FEU,Z14,3,0.115735603159
07/22/2024,FEU,Z14,4,0.113339498681
07/22/2024,FEU,Z14,5,0.111453766204
07/22/2024,FEU,Z14,6,0.116881820234
07/22/2024,FEU,Z14,7,0.127682251279
07/22/2024,FEU,Z14,8,0.129046482786
07/22/2024,FEU,Z14,9,0.152438674922
07/23/2024,FEU,Z14,1,0.132515583586
07/23/2024,FEU,Z14,10,0.14569519147
07/23/2024,FEU,Z14,11,0.173597879653
07/23/2024,FEU,Z14,12,0.166929810698
07/23/2024,FEU,Z14,13,0.171795551221
07/23/2024,FEU,Z14,14,0.173772223653
07/23/2024,FEU,Z14,15,0.126016041653
07/23/2024,FEU,Z14,16,0.122102063607
07/23/2024,FEU,Z14,17,0.122010717653
07/23/2024,FEU,Z14,18,0.133198212698
07/23/2024,FEU,Z14,19,0.189770781698
07/23/2024,FEU,Z14,2,0.130598679586
07/23/2024,FEU,Z14,20,0.207853322267
07/23/2024,FEU,Z14,21,0.212111114267
07/23/2024,FEU,Z14,22,0.229462534744
07/23/2024,FEU,Z14,23,0.166550221881
07/23/2024,FEU,Z14,24,0.162134744358
07/23/2024,FEU,Z14,3,0.126194369109
07/23/2024,FEU,Z14,4,0.125033204109
07/23/2024,FEU,Z14,5,0.127876016109
07/23/2024,FEU,Z14,6,0.132717301586
07/23/2024,FEU,Z14,7,0.135118216972
07/23/2024,FEU,Z14,8,0.136396895926
07/23/2024,FEU,Z14,9,0.156955735993
07/24/2024,FEU,Z14,1,0.134209222539
07/24/2024,FEU,Z14,10,0.146543460663
07/24/2024,FEU,Z14,11,0.188920762584
07/24/2024,FEU,Z14,12,0.176507290584
07/24/2024,FEU,Z14,13,0.181403514368
07/24/2024,FEU,Z14,14,0.1834759278
07/24/2024,FEU,Z14,15,0.131118377016
07/24/2024,FEU,Z14,16,0.126740043447
07/24/2024,FEU,Z14,17,0.126068547447
07/24/2024,FEU,Z14,18,0.127192169016
07/24/2024,FEU,Z14,19,0.1789073778
07/24/2024,FEU,Z14,2,0.129776210107
07/24/2024,FEU,Z14,20,0.202787664152
07/24/2024,FEU,Z14,21,0.213033735936
07/24/2024,FEU,Z14,22,0.230202928504
07/24/2024,FEU,Z14,23,0.166930020209
07/24/2024,FEU,Z14,24,0.161551266425
07/24/2024,FEU,Z14,3,0.127091421323
07/24/2024,FEU,Z14,4,0.126867026539
07/24/2024,FEU,Z14,5,0.128154830755
07/24/2024,FEU,Z14,6,0.130370931834
07/24/2024,FEU,Z14,7,0.137282674777
07/24/2024,FEU,Z14,8,0.140447213993
07/24/2024,FEU,Z14,9,0.158414555447
07/25/2024,FEU,Z14,1,0.137669805414
07/25/2024,FEU,Z14,10,0.127199537646
07/25/2024,FEU,Z14,11,0.173866889134
07/25/2024,FEU,Z14,12,0.170592552297
07/25/2024,FEU,Z14,13,0.17220126746
07/25/2024,FEU,Z14,14,0.171895165716
07/25/2024,FEU,Z14,15,0.121754050716
07/25/2024,FEU,Z14,16,0.113061157553
07/25/2024,FEU,Z14,17,0.108316330716
07/25/2024,FEU,Z14,18,0.108561062879
07/25/2024,FEU,Z14,19,0.174071808297
07/25/2024,FEU,Z14,2,0.131699398995
07/25/2024,FEU,Z14,20,0.191234068623
07/25/2024,FEU,Z14,21,0.211315748042
07/25/2024,FEU,Z14,22,0.22553390346
07/25/2024,FEU,Z14,23,0.17380321153
07/25/2024,FEU,Z14,24,0.167323321367
07/25/2024,FEU,Z14,3,0.132612625414
07/25/2024,FEU,Z14,4,0.132192775088
07/25/2024,FEU,Z14,5,0.132537335088
07/25/2024,FEU,Z14,6,0.135716457344
07/25/2024,FEU,Z14,7,0.1366011316
07/25/2024,FEU,Z14,8,0.141161612856
07/25/2024,FEU,Z14,9,0.155721875227
07/26/2024,FEU,Z14,1,0.1353527668
07/26/2024,FEU,Z14,10,0.158434065617
07/26/2024,FEU,Z14,11,0.18824148154
07/26/2024,FEU,Z14,12,0.17685982554
07/26/2024,FEU,Z14,13,0.176121593324
07/26/2024,FEU,Z14,14,0.175507211755
07/26/2024,FEU,Z14,15,0.12313096954
07/26/2024,FEU,Z14,16,0.122223677755
07/26/2024,FEU,Z14,17,0.12151678554
07/26/2024,FEU,Z14,18,0.123669797109
07/26/2024,FEU,Z14,19,0.179116733109
07/26/2024,FEU,Z14,2,0.1341098108
07/26/2024,FEU,Z14,20,0.200902648678
07/26/2024,FEU,Z14,21,0.211041132601
07/26/2024,FEU,Z14,22,0.23099646617
07/26/2024,FEU,Z14,23,0.172737577231
07/26/2024,FEU,Z14,24,0.168132601877
07/26/2024,FEU,Z14,3,0.133772005585
07/26/2024,FEU,Z14,4,0.133997236585
07/26/2024,FEU,Z14,5,0.134453092369
07/26/2024,FEU,Z14,6,0.135027697585
07/26/2024,FEU,Z14,7,0.136711904446
07/26/2024,FEU,Z14,8,0.139722230093
07/26/2024,FEU,Z14,9,0.158350529186
07/27/2024,FEU,Z14,1,0.14274018622
07/27/2024,FEU,Z14,10,0.10726734036
07/27/2024,FEU,Z14,11,0.090868645832
07/27/2024,FEU,Z14,12,0.087535897832
07/27/2024,FEU,Z14,13,0.060698577304
07/27/2024,FEU,Z14,14,0.039261642888
07/27/2024,FEU,Z14,15,0.039376212471
07/27/2024,FEU,Z14,16,0.040528283416
07/27/2024,FEU,Z14,17,0.03623253036
07/27/2024,FEU,Z14,18,0.055547862193
07/27/2024,FEU,Z14,19,0.08575973497
07/27/2024,FEU,Z14,2,0.145329404804
07/27/2024,FEU,Z14,20,0.10169513222
07/27/2024,FEU,Z14,21,0.146808863997
07/27/2024,FEU,Z14,22,0.163478268942
07/27/2024,FEU,Z14,23,0.159896448942
07/27/2024,FEU,Z14,24,0.149584608942
07/27/2024,FEU,Z14,3,0.140749254804
07/27/2024,FEU,Z14,4,0.141265373387
07/27/2024,FEU,Z14,5,0.141206908915
07/27/2024,FEU,Z14,6,0.141395465387
07/27/2024,FEU,Z14,7,0.143440372443
07/27/2024,FEU,Z14,8,0.141739750554
07/27/2024,FEU,Z14,9,0.138669636249
07/28/2024,FEU,Z14,1,0.149837165597
07/28/2024,FEU,Z14,10,0.088378657022
07/28/2024,FEU,Z14,11,0.025441219011
07/28/2024,FEU,Z14,12,0.024599107011
07/28/2024,FEU,Z14,13,0.024227366016
07/28/2024,FEU,Z14,14,0.023821633509
07/28/2024,FEU,Z14,15,0.023101828006
07/28/2024,FEU,Z14,16,0.023178224509
07/28/2024,FEU,Z14,17,0.025547203011
07/28/2024,FEU,Z14,18,0.025113562027
07/28/2024,FEU,Z14,19,0.074553925043
07/28/2024,FEU,Z14,2,0.146034005592
07/28/2024,FEU,Z14,20,0.106923465063
07/28/2024,FEU,Z14,21,0.152492671074
07/28/2024,FEU,Z14,22,0.159311246576
07/28/2024,FEU,Z14,23,0.171093504079
07/28/2024,FEU,Z14,24,0.160305380079
07/28/2024,FEU,Z14,3,0.139597193084
07/28/2024,FEU,Z14,4,0.142890053587
07/28/2024,FEU,Z14,5,0.142748231582
07/28/2024,FEU,Z14,6,0.143682622079
07/28/2024,FEU,Z14,7,0.143931190571
07/28/2024,FEU,Z14,8,0.143929004566
07/28/2024,FEU,Z14,9,0.111648277043
07/29/2024,FEU,Z14,1,0.142043119422
07/29/2024,FEU,Z14,10,0.162528821733
07/29/2024,FEU,Z14,11,0.21170382888
07/29/2024,FEU,Z14,12,0.206831648539
07/29/2024,FEU,Z14,13,0.205016384539
07/29/2024,FEU,Z14,14,0.200244711221
07/29/2024,FEU,Z14,15,0.149123091051
07/29/2024,FEU,Z14,16,0.142829557392
07/29/2024,FEU,Z14,17,0.143466235392
07/29/2024,FEU,Z14,18,0.15285328488
07/29/2024,FEU,Z14,19,0.207398199221
07/29/2024,FEU,Z14,2,0.138110330252
07/29/2024,FEU,Z14,20,0.208041824539
07/29/2024,FEU,Z14,21,0.214234147368
07/29/2024,FEU,Z14,22,0.23960387971
07/29/2024,FEU,Z14,23,0.183519302686
07/29/2024,FEU,Z14,24,0.163802200198
07/29/2024,FEU,Z14,3,0.133888735422
07/29/2024,FEU,Z14,4,0.133077964934
07/29/2024,FEU,Z14,5,0.133432610446
07/29/2024,FEU,Z14,6,0.133862671128
07/29/2024,FEU,Z14,7,0.136038122151
07/29/2024,FEU,Z14,8,0.138711774322
07/29/2024,FEU,Z14,9,0.163529579392
07/30/2024,FEU,Z14,1,0.139480883899
07/30/2024,FEU,Z14,10,0.158709030668
07/30/2024,FEU,Z14,11,0.193328196217
07/30/2024,FEU,Z14,12,0.177257793605
07/30/2024,FEU,Z14,13,0.175827072799
07/30/2024,FEU,Z14,14,0.174789235217
07/30/2024,FEU,Z14,15,0.124878987217
07/30/2024,FEU,Z14,16,0.11723658183
07/30/2024,FEU,Z14,17,0.113618888217
07/30/2024,FEU,Z14,18,0.124581483605
07/30/2024,FEU,Z14,19,0.187593048605
07/30/2024,FEU,Z14,2,0.137895123899
07/30/2024,FEU,Z14,20,0.211775503186
07/30/2024,FEU,Z14,21,0.217179535186
07/30/2024,FEU,Z14,22,0.253012766992
07/30/2024,FEU,Z14,23,0.204200935155
07/30/2024,FEU,Z14,24,0.175482695961
07/30/2024,FEU,Z14,3,0.137347004092
07/30/2024,FEU,Z14,4,0.136695818092
07/30/2024,FEU,Z14,5,0.136873202092
07/30/2024,FEU,Z14,6,0.137291135899
07/30/2024,FEU,Z14,7,0.13841159193
07/30/2024,FEU,Z14,8,0.140578186542
07/30/2024,FEU,Z14,9,0.162746560861
07/31/2024,FEU,Z14,1,0.145834147922
07/31/2024,FEU,Z14,10,0.163425674682
07/31/2024,FEU,Z14,11,0.210647754507
07/31/2024,FEU,Z14,12,0.186994314507
07/31/2024,FEU,Z14,13,0.182537875271
07/31/2024,FEU,Z14,14,0.182167170742
07/31/2024,FEU,Z14,15,0.131808186977
07/31/2024,FEU,Z14,16,0.129782309447
07/31/2024,FEU,Z14,17,0.130188861447
07/31/2024,FEU,Z14,18,0.130356450977
07/31/2024,FEU,Z14,19,0.198336860742
07/31/2024,FEU,Z14,2,0.141851355452
07/31/2024,FEU,Z14,20,0.214319302036
07/31/2024,FEU,Z14,21,0.222241799801
07/31/2024,FEU,Z14,22,0.251276565331
07/31/2024,FEU,Z14,23,0.19090882292
07/31/2024,FEU,Z14,24,0.173515844155
07/31/2024,FEU,Z14,3,0.141184348687
07/31/2024,FEU,Z14,4,0.141304855922
07/31/2024,FEU,Z14,5,0.141829642157
07/31/2024,FEU,Z14,6,0.141735549333
07/31/2024,FEU,Z14,7,0.14419492845
07/31/2024,FEU,Z14,8,0.147728695685
07/31/2024,FEU,Z14,9,0.169109363447
08/01/2024,FEU,Z14,1,0.146383515887
08/01/2024,FEU,Z14,10,0.164545820761
08/01/2024,FEU,Z14,11,0.214889030664
08/01/2024,FEU,Z14,12,0.19831413264
08/01/2024,FEU,Z14,13,0.19284573164
08/01/2024,FEU,Z14,14,0.192229168176
08/01/2024,FEU,Z14,15,0.13855049064
08/01/2024,FEU,Z14,16,0.13225221864
08/01/2024,FEU,Z14,17,0.131824649616
08/01/2024,FEU,Z14,18,0.132196537568
08/01/2024,FEU,Z14,19,0.19820775208
08/01/2024,FEU,Z14,2,0.1428732604
08/01/2024,FEU,Z14,20,0.211830010544
08/01/2024,FEU,Z14,21,0.222749791008
08/01/2024,FEU,Z14,22,0.240940122496
08/01/2024,FEU,Z14,23,0.183214247448
08/01/2024,FEU,Z14,24,0.173625828496
08/01/2024,FEU,Z14,3,0.1421238204
08/01/2024,FEU,Z14,4,0.141601714424
08/01/2024,FEU,Z14,5,0.141221787448
08/01/2024,FEU,Z14,6,0.141622898472
08/01/2024,FEU,Z14,7,0.145785206032
08/01/2024,FEU,Z14,8,0.149814598544
08/01/2024,FEU,Z14,9,0.169765668176
08/02/2024,FEU,Z14,1,0.147100911652
08/02/2024,FEU,Z14,10,0.160187142832
08/02/2024,FEU,Z14,11,0.181513245239
08/02/2024,FEU,Z14,12,0.167188871638
08/02/2024,FEU,Z14,13,0.172445113239
08/02/2024,FEU,Z14,14,0.160841444037
08/02/2024,FEU,Z14,15,0.108856785239
08/02/2024,FEU,Z14,16,0.103026156436
08/02/2024,FEU,Z14,17,0.101325356037
08/02/2024,FEU,Z14,18,0.111541803839
08/02/2024,FEU,Z14,19,0.16967664644
08/02/2024,FEU,Z14,2,0.147755445652
08/02/2024,FEU,Z14,20,0.196307802645
08/02/2024,FEU,Z14,21,0.22432216285
08/02/2024,FEU,Z14,22,0.241326608052
08/02/2024,FEU,Z14,23,0.190337919055
08/02/2024,FEU,Z14,24,0.178240330854
08/02/2024,FEU,Z14,3,0.144981300652
08/02/2024,FEU,Z14,4,0.145624104652
08/02/2024,FEU,Z14,5,0.144286789451
08/02/2024,FEU,Z14,6,0.144104675249
08/02/2024,FEU,Z14,7,0.145319419246
08/02/2024,FEU,Z14,8,0.146223867645
08/02/2024,FEU,Z14,9,0.165858095436
08/03/2024,FEU,Z14,1,0.159854558653
08/03/2024,FEU,Z14,10,0.102339130083
08/03/2024,FEU,Z14,11,0.059197633055
08/03/2024,FEU,Z14,12,0.044217576026
08/03/2024,FEU,Z14,13,0.037398913055
08/03/2024,FEU,Z14,14,0.027721986998
08/03/2024,FEU,Z14,15,0.025625804941
08/03/2024,FEU,Z14,16,0.031484328998
08/03/2024,FEU,Z14,17,0.031721238026
08/03/2024,FEU,Z14,18,0.04293135714
08/03/2024,FEU,Z14,19,0.09047278334
08/03/2024,FEU,Z14,2,0.156284950596
08/03/2024,FEU,Z14,20,0.116808349568
08/03/2024,FEU,Z14,21,0.169554361853
08/03/2024,FEU,Z14,22,0.184831225967
08/03/2024,FEU,Z14,23,0.178647129967
08/03/2024,FEU,Z14,24,0.174026170938
08/03/2024,FEU,Z14,3,0.155124814596
08/03/2024,FEU,Z14,4,0.154023628596
08/03/2024,FEU,Z14,5,0.152184867568
08/03/2024,FEU,Z14,6,0.151859425511
08/03/2024,FEU,Z14,7,0.152975899454
08/03/2024,FEU,Z14,8,0.153258321368
08/03/2024,FEU,Z14,9,0.144178429254
08/04/2024,FEU,Z14,1,0.159097545471
08/04/2024,FEU,Z14,10,0.10606177663
08/04/2024,FEU,Z14,11,0.038836419658
08/04/2024,FEU,Z14,12,0.023231097669
08/04/2024,FEU,Z14,13,0.021394809669
08/04/2024,FEU,Z14,14,0.02584514368
08/04/2024,FEU,Z14,15,0.031586309691
08/04/2024,FEU,Z14,16,0.02200414368
08/04/2024,FEU,Z14,17,0.021437327674
08/04/2024,FEU,Z14,18,0.045713105658
08/04/2024,FEU,Z14,19,0.096261933603
08/04/2024,FEU,Z14,2,0.155941465477
08/04/2024,FEU,Z14,20,0.119670768553
08/04/2024,FEU,Z14,21,0.163897713521
08/04/2024,FEU,Z14,22,0.190803465504
08/04/2024,FEU,Z14,23,0.192615471504
08/04/2024,FEU,Z14,24,0.180166503499
08/04/2024,FEU,Z14,3,0.148874343488
08/04/2024,FEU,Z14,4,0.154472121493
08/04/2024,FEU,Z14,5,0.154516065504
08/04/2024,FEU,Z14,6,0.155456973515
08/04/2024,FEU,Z14,7,0.155519739521
08/04/2024,FEU,Z14,8,0.155212334531
08/04/2024,FEU,Z14,9,0.141156917575
08/05/2024,FEU,Z14,1,0.152227038852
08/05/2024,FEU,Z14,10,0.169458003056
08/05/2024,FEU,Z14,11,0.219537410022
08/05/2024,FEU,Z14,12,0.188004086022
08/05/2024,FEU,Z14,13,0.181636373598
08/05/2024,FEU,Z14,14,0.180992411903
08/05/2024,FEU,Z14,15,0.130191118327
08/05/2024,FEU,Z14,16,0.130191118327
08/05/2024,FEU,Z14,17,0.129590250174
08/05/2024,FEU,Z14,18,0.131093087717
08/05/2024,FEU,Z14,19,0.189244178717
08/05/2024,FEU,Z14,2,0.147955290852
08/05/2024,FEU,Z14,20,0.223135119412
08/05/2024,FEU,Z14,21,0.237878461107
08/05/2024,FEU,Z14,22,0.261676648683
08/05/2024,FEU,Z14,23,0.200437555802
08/05/2024,FEU,Z14,24,0.185435233225
08/05/2024,FEU,Z14,3,0.145242512429
08/05/2024,FEU,Z14,4,0.147909800581
08/05/2024,FEU,Z14,5,0.14760041831
08/05/2024,FEU,Z14,6,0.149022784615
08/05/2024,FEU,Z14,7,0.153174656073
08/05/2024,FEU,Z14,8,0.157982754802
08/05/2024,FEU,Z14,9,0.176451812022
08/06/2024,FEU,Z14,1,0.143940260278
08/06/2024,FEU,Z14,10,0.162627176787
08/06/2024,FEU,Z14,11,0.208634622439
08/06/2024,FEU,Z14,12,0.192306283265
08/06/2024,FEU,Z14,13,0.184788103207
08/06/2024,FEU,Z14,14,0.183877774439
08/06/2024,FEU,Z14,15,0.133126307323
08/06/2024,FEU,Z14,16,0.132337639439
08/06/2024,FEU,Z14,17,0.132964753381
08/06/2024,FEU,Z14,18,0.134628917149
08/06/2024,FEU,Z14,19,0.194449133149
08/06/2024,FEU,Z14,2,0.139722722278
08/06/2024,FEU,Z14,20,0.221273944916
08/06/2024,FEU,Z14,21,0.2282840028
08/06/2024,FEU,Z14,22,0.2426501508
08/06/2024,FEU,Z14,23,0.18658333951
08/06/2024,FEU,Z14,24,0.176988132684
08/06/2024,FEU,Z14,3,0.128573204278
08/06/2024,FEU,Z14,4,0.139873294162
08/06/2024,FEU,Z14,5,0.139552988162
08/06/2024,FEU,Z14,6,0.142798912394
08/06/2024,FEU,Z14,7,0.150614108568
08/06/2024,FEU,Z14,8,0.161188958626
08/06/2024,FEU,Z14,9,0.175036469149
08/07/2024,FEU,Z14,1,0.138156031869
08/07/2024,FEU,Z14,10,0.143040209907
08/07/2024,FEU,Z14,11,0.183389735609
08/07/2024,FEU,Z14,12,0.182124123411
08/07/2024,FEU,Z14,13,0.183794870861
08/07/2024,FEU,Z14,14,0.184532015411
08/07/2024,FEU,Z14,15,0.135167486861
08/07/2024,FEU,Z14,16,0.131770567961
08/07/2024,FEU,Z14,17,0.132103166861
08/07/2024,FEU,Z14,18,0.135048190213
08/07/2024,FEU,Z14,19,0.189904160663
08/07/2024,FEU,Z14,2,0.138456204419
08/07/2024,FEU,Z14,20,0.196022366014
08/07/2024,FEU,Z14,21,0.226236165915
08/07/2024,FEU,Z14,22,0.240887985915
08/07/2024,FEU,Z14,23,0.184601633167
08/07/2024,FEU,Z14,24,0.177502604266
08/07/2024,FEU,Z14,3,0.138911276969
08/07/2024,FEU,Z14,4,0.138898406969
08/07/2024,FEU,Z14,5,0.125716129518
08/07/2024,FEU,Z14,6,0.133206787617
08/07/2024,FEU,Z14,7,0.136333164266
08/07/2024,FEU,Z14,8,0.145813315365
08/07/2024,FEU,Z14,9,0.16184614651
08/08/2024,FEU,Z14,1,0.138081025438
08/08/2024,FEU,Z14,10,0.163215373434
08/08/2024,FEU,Z14,11,0.193008582048
08/08/2024,FEU,Z14,12,0.184984359951
08/08/2024,FEU,Z14,13,0.184563093951
08/08/2024,FEU,Z14,14,0.184294150596
08/08/2024,FEU,Z14,15,0.134662370951
08/08/2024,FEU,Z14,16,0.133528635951
08/08/2024,FEU,Z14,17,0.133805461855
08/08/2024,FEU,Z14,18,0.139869719662
08/08/2024,FEU,Z14,19,0.20184795421
08/08/2024,FEU,Z14,2,0.133269846986
08/08/2024,FEU,Z14,20,0.215798384565
08/08/2024,FEU,Z14,21,0.22117059092
08/08/2024,FEU,Z14,22,0.251332648372
08/08/2024,FEU,Z14,23,0.186581000179
08/08/2024,FEU,Z14,24,0.170144927372
08/08/2024,FEU,Z14,3,0.127777856986
08/08/2024,FEU,Z14,4,0.132370079083
08/08/2024,FEU,Z14,5,0.131899749179
08/08/2024,FEU,Z14,6,0.130696321276
08/08/2024,FEU,Z14,7,0.136800964017
08/08/2024,FEU,Z14,8,0.144922417565
08/08/2024,FEU,Z14,9,0.161504618596
08/09/2024,FEU,Z14,1,0.149352299615
08/09/2024,FEU,Z14,10,0.165534684223
08/09/2024,FEU,Z14,11,0.189046951706
08/09/2024,FEU,Z14,12,0.183026873764
08/09/2024,FEU,Z14,13,0.182907671706
08/09/2024,FEU,Z14,14,0.182946413821
08/09/2024,FEU,Z14,15,0.132605345706
08/09/2024,FEU,Z14,16,0.130171733878
08/09/2024,FEU,Z14,17,0.130716725821
08/09/2024,FEU,Z14,18,0.132637118649
08/09/2024,FEU,Z14,19,0.185672613591
08/09/2024,FEU,Z14,2,0.148208624615
08/09/2024,FEU,Z14,20,0.203155944189
08/09/2024,FEU,Z14,21,0.220783312787
08/09/2024,FEU,Z14,22,0.239411960672
08/09/2024,FEU,Z14,23,0.181986329385
08/09/2024,FEU,Z14,24,0.1722047575
08/09/2024,FEU,Z14,3,0.142670891615
08/09/2024,FEU,Z14,4,0.148816238615
08/09/2024,FEU,Z14,5,0.14299089273
08/09/2024,FEU,Z14,6,0.140580539844
08/09/2024,FEU,Z14,7,0.148014477132
08/09/2024,FEU,Z14,8,0.149814446189
08/09/2024,FEU,Z14,9,0.171607733878
08/10/2024,FEU,Z14,1,0.148378780753
08/10/2024,FEU,Z14,10,0.106096125199
08/10/2024,FEU,Z14,11,0.035748232171
08/10/2024,FEU,Z14,12,0.020517184143
08/10/2024,FEU,Z14,13,0.022251632171
08/10/2024,FEU,Z14,14,0.023687514115
08/10/2024,FEU,Z14,15,0.02415652806
08/10/2024,FEU,Z14,16,0.021948198115
08/10/2024,FEU,Z14,17,0.022035474143
08/10/2024,FEU,Z14,18,0.023896535254
08/10/2024,FEU,Z14,19,0.081039072448
08/10/2024,FEU,Z14,2,0.143188617698
08/10/2024,FEU,Z14,20,0.11987939467
08/10/2024,FEU,Z14,21,0.155380332947
08/10/2024,FEU,Z14,22,0.171747833058
08/10/2024,FEU,Z14,23,0.167802313058
08/10/2024,FEU,Z14,24,0.154338940031
08/10/2024,FEU,Z14,3,0.136928127698
08/10/2024,FEU,Z14,4,0.159251313698
08/10/2024,FEU,Z14,5,0.15605695267
08/10/2024,FEU,Z14,6,0.156310584615
08/10/2024,FEU,Z14,7,0.156024776559
08/10/2024,FEU,Z14,8,0.156465689476
08/10/2024,FEU,Z14,9,0.154637082365
08/11/2024,FEU,Z14,1,0.162257607617
08/11/2024,FEU,Z14,10,0.088812362213
08/11/2024,FEU,Z14,11,0.027050600315
08/11/2024,FEU,Z14,12,0.025921000356
08/11/2024,FEU,Z14,13,0.025101928356
08/11/2024,FEU,Z14,14,0.024666376397
08/11/2024,FEU,Z14,15,0.024686812438
08/11/2024,FEU,Z14,16,0.024677876397
08/11/2024,FEU,Z14,17,0.026940241377
08/11/2024,FEU,Z14,18,0.031678140315
08/11/2024,FEU,Z14,19,0.06927108411
08/11/2024,FEU,Z14,2,0.158303577638
08/11/2024,FEU,Z14,20,0.121575702925
08/11/2024,FEU,Z14,21,0.163383651802
08/11/2024,FEU,Z14,22,0.17584050974
08/11/2024,FEU,Z14,23,0.18488753774
08/11/2024,FEU,Z14,24,0.16975371972
08/11/2024,FEU,Z14,3,0.144867840679
08/11/2024,FEU,Z14,4,0.152176327699
08/11/2024,FEU,Z14,5,0.15074783174
08/11/2024,FEU,Z14,6,0.152318155781
08/11/2024,FEU,Z14,7,0.158212557802
08/11/2024,FEU,Z14,8,0.155738435843
08/11/2024,FEU,Z14,9,0.144527127007
08/12/2024,FEU,Z14,1,0.146348176374
08/12/2024,FEU,Z14,10,0.169367194167
08/12/2024,FEU,Z14,11,0.203690851535
08/12/2024,FEU,Z14,12,0.184535951535
08/12/2024,FEU,Z14,13,0.182836628768
08/12/2024,FEU,Z14,14,0.181875569701
08/12/2024,FEU,Z14,15,0.132327777468
08/12/2024,FEU,Z14,16,0.131422521468
08/12/2024,FEU,Z14,17,0.129720028002
08/12/2024,FEU,Z14,18,0.133233191602
08/12/2024,FEU,Z14,19,0.194831527602
08/12/2024,FEU,Z14,2,0.137372068374
08/12/2024,FEU,Z14,20,0.22113159067
08/12/2024,FEU,Z14,21,0.230843728737
08/12/2024,FEU,Z14,22,0.24853374597
08/12/2024,FEU,Z14,23,0.191288633804
08/12/2024,FEU,Z14,24,0.183569740571
08/12/2024,FEU,Z14,3,0.134165137607
08/12/2024,FEU,Z14,4,0.141435137073
08/12/2024,FEU,Z14,5,0.141285701773
08/12/2024,FEU,Z14,6,0.151142162705
08/12/2024,FEU,Z14,7,0.152406662105
08/12/2024,FEU,Z14,8,0.160346369804
08/12/2024,FEU,Z14,9,0.174647974535
08/13/2024,FEU,Z14,1,0.145855052039
08/13/2024,FEU,Z14,10,0.157411416235
08/13/2024,FEU,Z14,11,0.213334777574
08/13/2024,FEU,Z14,12,0.198128481744
08/13/2024,FEU,Z14,13,0.191795139467
08/13/2024,FEU,Z14,14,0.189090638574
08/13/2024,FEU,Z14,15,0.135828504021
08/13/2024,FEU,Z14,16,0.131192682574
08/13/2024,FEU,Z14,17,0.129755842298
08/13/2024,FEU,Z14,18,0.135712697191
08/13/2024,FEU,Z14,19,0.200971505191
08/13/2024,FEU,Z14,2,0.145026482039
08/13/2024,FEU,Z14,20,0.204124432084
08/13/2024,FEU,Z14,21,0.22405936553
08/13/2024,FEU,Z14,22,0.24011850953
08/13/2024,FEU,Z14,23,0.189909265146
08/13/2024,FEU,Z14,24,0.180552558977
08/13/2024,FEU,Z14,3,0.139647779039
08/13/2024,FEU,Z14,4,0.145590617486
08/13/2024,FEU,Z14,5,0.142730074486
08/13/2024,FEU,Z14,6,0.138466022593
08/13/2024,FEU,Z14,7,0.145985608423
08/13/2024,FEU,Z14,8,0.1563995797
08/13/2024,FEU,Z14,9,0.172179257191
08/14/2024,FEU,Z14,1,0.148830940254
08/14/2024,FEU,Z14,10,0.1504661615
08/14/2024,FEU,Z14,11,0.186185299904
08/14/2024,FEU,Z14,12,0.17273113884
08/14/2024,FEU,Z14,13,0.172135805574
08/14/2024,FEU,Z14,14,0.17233404384
08/14/2024,FEU,Z14,15,0.122139845574
08/14/2024,FEU,Z14,16,0.120190394106
08/14/2024,FEU,Z14,17,0.116877509574
08/14/2024,FEU,Z14,18,0.121540792776
08/14/2024,FEU,Z14,19,0.17968429251
08/14/2024,FEU,Z14,2,0.14227399652
08/14/2024,FEU,Z14,20,0.200776912712
08/14/2024,FEU,Z14,21,0.22496520018
08/14/2024,FEU,Z14,22,0.23158986618
08/14/2024,FEU,Z14,23,0.17631636785
08/14/2024,FEU,Z14,24,0.161102174382
08/14/2024,FEU,Z14,3,0.138187378786
08/14/2024,FEU,Z14,4,0.139102318786
08/14/2024,FEU,Z14,5,0.128530244052
08/14/2024,FEU,Z14,6,0.129014087584
08/14/2024,FEU,Z14,7,0.134492046382
08/14/2024,FEU,Z14,8,0.147170860914
08/14/2024,FEU,Z14,9,0.169371273372
08/15/2024,FEU,Z14,1,0.126700488423
08/15/2024,FEU,Z14,10,0.045983411309
08/15/2024,FEU,Z14,11,0.033675844034
08/15/2024,FEU,Z14,12,0.037630796126
08/15/2024,FEU,Z14,13,0.037185583309
08/15/2024,FEU,Z14,14,0.036604410217
08/15/2024,FEU,Z14,15,0.036323502217
08/15/2024,FEU,Z14,16,0.036645902493
08/15/2024,FEU,Z14,17,0.036933498769
08/15/2024,FEU,Z14,18,0.039170951136
08/15/2024,FEU,Z14,19,0.054468951688
08/15/2024,FEU,Z14,2,0.114912288423
08/15/2024,FEU,Z14,20,0.112573298515
08/15/2024,FEU,Z14,21,0.159393473158
08/15/2024,FEU,Z14,22,0.178141346974
08/15/2024,FEU,Z14,23,0.168321493882
08/15/2024,FEU,Z14,24,0.154907293882
08/15/2024,FEU,Z14,3,0.117870548423
08/15/2024,FEU,Z14,4,0.113310942239
08/15/2024,FEU,Z14,5,0.113905748423
08/15/2024,FEU,Z14,6,0.113908188239
08/15/2024,FEU,Z14,7,0.111833164055
08/15/2024,FEU,Z14,8,0.111931932963
08/15/2024,FEU,Z14,9,0.11009597932
08/16/2024,FEU,Z14,1,0.142827750688
08/16/2024,FEU,Z14,10,0.127211219004
08/16/2024,FEU,Z14,11,0.17004602401
08/16/2024,FEU,Z14,12,0.168115960342
08/16/2024,FEU,Z14,13,0.16315664401
08/16/2024,FEU,Z14,14,0.156340656675
08/16/2024,FEU,Z14,15,0.10286183201
08/16/2024,FEU,Z14,16,0.109093154008
08/16/2024,FEU,Z14,17,0.115807224675
08/16/2024,FEU,Z14,18,0.117008495677
08/16/2024,FEU,Z14,19,0.170911331344
08/16/2024,FEU,Z14,2,0.142018380688
08/16/2024,FEU,Z14,20,0.216595252015
08/16/2024,FEU,Z14,21,0.236001180686
08/16/2024,FEU,Z14,22,0.24773049402
08/16/2024,FEU,Z14,23,0.192025815357
08/16/2024,FEU,Z14,24,0.183814609022
08/16/2024,FEU,Z14,3,0.128108946688
08/16/2024,FEU,Z14,4,0.126537126688
08/16/2024,FEU,Z14,5,0.141234070353
08/16/2024,FEU,Z14,6,0.142492702019
08/16/2024,FEU,Z14,7,0.142225584682
08/16/2024,FEU,Z14,8,0.151563278015
08/16/2024,FEU,Z14,9,0.164715229008
08/17/2024,FEU,Z14,1,0.152750095089
08/17/2024,FEU,Z14,10,0.108095793196
08/17/2024,FEU,Z14,11,0.103330257802
08/17/2024,FEU,Z14,12,0.082580900407
08/17/2024,FEU,Z14,13,0.071379217802
08/17/2024,FEU,Z14,14,0.064054661012
08/17/2024,FEU,Z14,15,0.061014856223
08/17/2024,FEU,Z14,16,0.064536389012
08/17/2024,FEU,Z14,17,0.076638707407
08/17/2024,FEU,Z14,18,0.086410537985
08/17/2024,FEU,Z14,19,0.103959801748
08/17/2024,FEU,Z14,2,0.1522084003
08/17/2024,FEU,Z14,20,0.127206986905
08/17/2024,FEU,Z14,21,0.149212672852
08/17/2024,FEU,Z14,22,0.165075454431
08/17/2024,FEU,Z14,23,0.157717238431
08/17/2024,FEU,Z14,24,0.149232369036
08/17/2024,FEU,Z14,3,0.1537411003
08/17/2024,FEU,Z14,4,0.1498987393
08/17/2024,FEU,Z14,5,0.144822798905
08/17/2024,FEU,Z14,6,0.140546736116
08/17/2024,FEU,Z14,7,0.138596003327
08/17/2024,FEU,Z14,8,0.138581436143
08/17/2024,FEU,Z14,9,0.139171259564
08/18/2024,FEU,Z14,1,0.171223329042
08/18/2024,FEU,Z14,10,0.087922138434
08/18/2024,FEU,Z14,11,0.036064383019
08/18/2024,FEU,Z14,12,0.034474489253
08/18/2024,FEU,Z14,13,0.034018297253
08/18/2024,FEU,Z14,14,0.033380965487
08/18/2024,FEU,Z14,15,0.032941969721
08/18/2024,FEU,Z14,16,0.033134865487
08/18/2024,FEU,Z14,17,0.03331321737
08/18/2024,FEU,Z14,18,0.033322479019
08/18/2024,FEU,Z14,19,0.036648707849
08/18/2024,FEU,Z14,2,0.162163587159
08/18/2024,FEU,Z14,20,0.108255001797
08/18/2024,FEU,Z14,21,0.139616077095
08/18/2024,FEU,Z14,22,0.162788751744
08/18/2024,FEU,Z14,23,0.164372631744
08/18/2024,FEU,Z14,24,0.152968018627
08/18/2024,FEU,Z14,3,0.155097831393
08/18/2024,FEU,Z14,4,0.14357445351
08/18/2024,FEU,Z14,5,0.136220937744
08/18/2024,FEU,Z14,6,0.132916481978
08/18/2024,FEU,Z14,7,0.128006464095
08/18/2024,FEU,Z14,8,0.124698478329
08/18/2024,FEU,Z14,9,0.115348774264
08/19/2024,FEU,Z14,1,0.12859000979
08/19/2024,FEU,Z14,10,0.172087428427
08/19/2024,FEU,Z14,11,0.188624054988
08/19/2024,FEU,Z14,12,0.177014120988
08/19/2024,FEU,Z14,13,0.17156362205
08/19/2024,FEU,Z14,14,0.169888190302
08/19/2024,FEU,Z14,15,0.120388194239
08/19/2024,FEU,Z14,16,0.117800442239
08/19/2024,FEU,Z14,17,0.121200278113
08/19/2024,FEU,Z14,18,0.133257558737
08/19/2024,FEU,Z14,19,0.210397847737
08/19/2024,FEU,Z14,2,0.11188598579
08/19/2024,FEU,Z14,20,0.223549202485
08/19/2024,FEU,Z14,21,0.241646965234
08/19/2024,FEU,Z14,22,0.272835731297
08/19/2024,FEU,Z14,23,0.193378742983
08/19/2024,FEU,Z14,24,0.18613539492
08/19/2024,FEU,Z14,3,0.111853886853
08/19/2024,FEU,Z14,4,0.112829260979
08/19/2024,FEU,Z14,5,0.112143446167
08/19/2024,FEU,Z14,6,0.116066746418
08/19/2024,FEU,Z14,7,0.121002982795
08/19/2024,FEU,Z14,8,0.150299410983
08/19/2024,FEU,Z14,9,0.177887297988
08/20/2024,FEU,Z14,1,0.154204607641
08/20/2024,FEU,Z14,10,0.155299103175
08/20/2024,FEU,Z14,11,0.173424588821
08/20/2024,FEU,Z14,12,0.161979057144
08/20/2024,FEU,Z14,13,0.162660702585
08/20/2024,FEU,Z14,14,0.163934310821
08/20/2024,FEU,Z14,15,0.110418044703
08/20/2024,FEU,Z14,16,0.109774427821
08/20/2024,FEU,Z14,17,0.105451210262
08/20/2024,FEU,Z14,18,0.110646004026
08/20/2024,FEU,Z14,19,0.166676140026
08/20/2024,FEU,Z14,2,0.147676409641
08/20/2024,FEU,Z14,20,0.20377961779
08/20/2024,FEU,Z14,21,0.225736980672
08/20/2024,FEU,Z14,22,0.236212248672
08/20/2024,FEU,Z14,23,0.178428963877
08/20/2024,FEU,Z14,24,0.166793471554
08/20/2024,FEU,Z14,3,0.154678409641
08/20/2024,FEU,Z14,4,0.150083923523
08/20/2024,FEU,Z14,5,0.147521475523
08/20/2024,FEU,Z14,6,0.146032368759
08/20/2024,FEU,Z14,7,0.154405132436
08/20/2024,FEU,Z14,8,0.159353996995
08/20/2024,FEU,Z14,9,0.192396532026
08/21/2024,FEU,Z14,1,0.145151848574
08/21/2024,FEU,Z14,10,0.116905749679
08/21/2024,FEU,Z14,11,0.104588687142
08/21/2024,FEU,Z14,12,0.100770438451
08/21/2024,FEU,Z14,13,0.102954569029
08/21/2024,FEU,Z14,14,0.141002492451
08/21/2024,FEU,Z14,15,0.106617617029
08/21/2024,FEU,Z14,16,0.115483263874
08/21/2024,FEU,Z14,17,0.121143185029
08/21/2024,FEU,Z14,18,0.138670416761
08/21/2024,FEU,Z14,19,0.212260191338
08/21/2024,FEU,Z14,2,0.121455774997
08/21/2024,FEU,Z14,20,0.22387212407
08/21/2024,FEU,Z14,21,0.246190420224
08/21/2024,FEU,Z14,22,0.286702354224
08/21/2024,FEU,Z14,23,0.220539067111
08/21/2024,FEU,Z14,24,0.196598171956
08/21/2024,FEU,Z14,3,0.11883539542
08/21/2024,FEU,Z14,4,0.10132751542
08/21/2024,FEU,Z14,5,0.095166800842
08/21/2024,FEU,Z14,6,0.100778339688
08/21/2024,FEU,Z14,7,0.120497091956
08/21/2024,FEU,Z14,8,0.143877570802
08/21/2024,FEU,Z14,9,0.158567046297
08/22/2024,FEU,Z14,1,0.149224802662
08/22/2024,FEU,Z14,10,0.169847256046
08/22/2024,FEU,Z14,11,0.209520105398
08/22/2024,FEU,Z14,12,0.181507582986
08/22/2024,FEU,Z14,13,0.179965242986
08/22/2024,FEU,Z14,14,0.181189203604
08/22/2024,FEU,Z14,15,0.129958627986
08/22/2024,FEU,Z14,16,0.127282552986
08/22/2024,FEU,Z14,17,0.126507366575
08/22/2024,FEU,Z14,18,0.130831631751
08/22/2024,FEU,Z14,19,0.188064205957
08/22/2024,FEU,Z14,2,0.144046960868
08/22/2024,FEU,Z14,20,0.220228479339
08/22/2024,FEU,Z14,21,0.239532912721
08/22/2024,FEU,Z14,22,0.276499203515
08/22/2024,FEU,Z14,23,0.196278002692
08/22/2024,FEU,Z14,24,0.176881421515
08/22/2024,FEU,Z14,3,0.147660666868
08/22/2024,FEU,Z14,4,0.14692686728
08/22/2024,FEU,Z14,5,0.146869257692
08/22/2024,FEU,Z14,6,0.146398590103
08/22/2024,FEU,Z14,7,0.149585721133
08/22/2024,FEU,Z14,8,0.155577501339
08/22/2024,FEU,Z14,9,0.174436083604
08/23/2024,FEU,Z14,1,0.145648956877
08/23/2024,FEU,Z14,10,0.173580421823
08/23/2024,FEU,Z14,11,0.212162546912
08/23/2024,FEU,Z14,12,0.182864122124
08/23/2024,FEU,Z14,13,0.182276254912
08/23/2024,FEU,Z14,14,0.182584507337
08/23/2024,FEU,Z14,15,0.132103176912
08/23/2024,FEU,Z14,16,0.126632230549
08/23/2024,FEU,Z14,17,0.127197187337
08/23/2024,FEU,Z14,18,0.132790554699
08/23/2024,FEU,Z14,19,0.211070910487
08/23/2024,FEU,Z14,2,0.143041377877
08/23/2024,FEU,Z14,20,0.224186293
08/23/2024,FEU,Z14,21,0.234075501514
08/23/2024,FEU,Z14,22,0.253441791089
08/23/2024,FEU,Z14,23,0.186503473027
08/23/2024,FEU,Z14,24,0.179125325452
08/23/2024,FEU,Z14,3,0.138087798877
08/23/2024,FEU,Z14,4,0.146054814877
08/23/2024,FEU,Z14,5,0.145857319301
08/23/2024,FEU,Z14,6,0.144557296726
08/23/2024,FEU,Z14,7,0.145912112788
08/23/2024,FEU,Z14,8,0.154584892
08/23/2024,FEU,Z14,9,0.172356856549
08/24/2024,FEU,Z14,1,0.158811852651
08/24/2024,FEU,Z14,10,0.0461863191
08/24/2024,FEU,Z14,11,0.022925707972
08/24/2024,FEU,Z14,12,0.022413423844
08/24/2024,FEU,Z14,13,0.022290027972
08/24/2024,FEU,Z14,14,0.022126645717
08/24/2024,FEU,Z14,15,0.022070063462
08/24/2024,FEU,Z14,16,0.022185703717
08/24/2024,FEU,Z14,17,0.022273184844
08/24/2024,FEU,Z14,18,0.026390123355
08/24/2024,FEU,Z14,19,0.043660029248
08/24/2024,FEU,Z14,2,0.157386253396
08/24/2024,FEU,Z14,20,0.111773694268
08/24/2024,FEU,Z14,21,0.155106023544
08/24/2024,FEU,Z14,22,0.169002776054
08/24/2024,FEU,Z14,23,0.150548232054
08/24/2024,FEU,Z14,24,0.143810618926
08/24/2024,FEU,Z14,3,0.148648684396
08/24/2024,FEU,Z14,4,0.151569067396
08/24/2024,FEU,Z14,5,0.141672512268
08/24/2024,FEU,Z14,6,0.140505262013
08/24/2024,FEU,Z14,7,0.145681953758
08/24/2024,FEU,Z14,8,0.147789867375
08/24/2024,FEU,Z14,9,0.125447027865
08/25/2024,FEU,Z14,1,0.122339506268
08/25/2024,FEU,Z14,10,0.03485384763
08/25/2024,FEU,Z14,11,0.03189267421
08/25/2024,FEU,Z14,12,0.031081850442
08/25/2024,FEU,Z14,13,0.031198202442
08/25/2024,FEU,Z14,14,0.031604216674
08/25/2024,FEU,Z14,15,0.031379542906
08/25/2024,FEU,Z14,16,0.031488066674
08/25/2024,FEU,Z14,17,0.031606285558
08/25/2024,FEU,Z14,18,0.03220887021
08/25/2024,FEU,Z14,19,0.050744749051
08/25/2024,FEU,Z14,2,0.108055380384
08/25/2024,FEU,Z14,20,0.123210753007
08/25/2024,FEU,Z14,21,0.153690980312
08/25/2024,FEU,Z14,22,0.167863078964
08/25/2024,FEU,Z14,23,0.160555954964
08/25/2024,FEU,Z14,24,0.151993227848
08/25/2024,FEU,Z14,3,0.101622337616
08/25/2024,FEU,Z14,4,0.091585014732
08/25/2024,FEU,Z14,5,0.055735012964
08/25/2024,FEU,Z14,6,0.053717243196
08/25/2024,FEU,Z14,7,0.061178387312
08/25/2024,FEU,Z14,8,0.061043965543
08/25/2024,FEU,Z14,9,0.050238982471
08/26/2024,FEU,Z14,1,0.132658445428
08/26/2024,FEU,Z14,10,0.138489340362
08/26/2024,FEU,Z14,11,0.167582331873
08/26/2024,FEU,Z14,12,0.163809848873
08/26/2024,FEU,Z14,13,0.165618165943
08/26/2024,FEU,Z14,14,0.175396048223
08/26/2024,FEU,Z14,15,0.126363790153
08/26/2024,FEU,Z14,16,0.125703136153
08/26/2024,FEU,Z14,17,0.125281050013
08/26/2024,FEU,Z14,18,0.138632720594
08/26/2024,FEU,Z14,19,0.218834669594
08/26/2024,FEU,Z14,2,0.120249809428
08/26/2024,FEU,Z14,20,0.227641359314
08/26/2024,FEU,Z14,21,0.239847030035
08/26/2024,FEU,Z14,22,0.277432983105
08/26/2024,FEU,Z14,23,0.192871666756
08/26/2024,FEU,Z14,24,0.187742870686
08/26/2024,FEU,Z14,3,0.109946563498
08/26/2024,FEU,Z14,4,0.109430195638
08/26/2024,FEU,Z14,5,0.109767917847
08/26/2024,FEU,Z14,6,0.110379022127
08/26/2024,FEU,Z14,7,0.139162258546
08/26/2024,FEU,Z14,8,0.153995416756
08/26/2024,FEU,Z14,9,0.182812507873
08/27/2024,FEU,Z14,1,0.159694015875
08/27/2024,FEU,Z14,10,0.161211608969
08/27/2024,FEU,Z14,11,0.196567450794
08/27/2024,FEU,Z14,12,0.180360499706
08/27/2024,FEU,Z14,13,0.17595114201
08/27/2024,FEU,Z14,14,0.175548675794
08/27/2024,FEU,Z14,15,0.123942766402
08/27/2024,FEU,Z14,16,0.122797308794
08/27/2024,FEU,Z14,17,0.123031525098
08/27/2024,FEU,Z14,18,0.137865302314
08/27/2024,FEU,Z14,19,0.218257934314
08/27/2024,FEU,Z14,2,0.152514631875
08/27/2024,FEU,Z14,20,0.22742081553
08/27/2024,FEU,Z14,21,0.231514084139
08/27/2024,FEU,Z14,22,0.264513610139
08/27/2024,FEU,Z14,23,0.180322168659
08/27/2024,FEU,Z14,24,0.174923752747
08/27/2024,FEU,Z14,3,0.148332103875
08/27/2024,FEU,Z14,4,0.147644060484
08/27/2024,FEU,Z14,5,0.139692522484
08/27/2024,FEU,Z14,6,0.136882299267
08/27/2024,FEU,Z14,7,0.142789621355
08/27/2024,FEU,Z14,8,0.152852238051
08/27/2024,FEU,Z14,9,0.172986326314
08/28/2024,FEU,Z14,1,0.153366034273
08/28/2024,FEU,Z14,10,0.17087926096
08/28/2024,FEU,Z14,11,0.210222444569
08/28/2024,FEU,Z14,12,0.183553455642
08/28/2024,FEU,Z14,13,0.17961059691
08/28/2024,FEU,Z14,14,0.179089877642
08/28/2024,FEU,Z14,15,0.12587294091
08/28/2024,FEU,Z14,16,0.122457658373
08/28/2024,FEU,Z14,17,0.13148663691
08/28/2024,FEU,Z14,18,0.145791789714
08/28/2024,FEU,Z14,19,0.213603105982
08/28/2024,FEU,Z14,2,0.149444655005
08/28/2024,FEU,Z14,20,0.228018667787
08/28/2024,FEU,Z14,21,0.233276258323
08/28/2024,FEU,Z14,22,0.249282965323
08/28/2024,FEU,Z14,23,0.179183018664
08/28/2024,FEU,Z14,24,0.170273952127
08/28/2024,FEU,Z14,3,0.147562043736
08/28/2024,FEU,Z14,4,0.147811253736
08/28/2024,FEU,Z14,5,0.147604272468
08/28/2024,FEU,Z14,6,0.147260755932
08/28/2024,FEU,Z14,7,0.145707808127
08/28/2024,FEU,Z14,8,0.153543889591
08/28/2024,FEU,Z14,9,0.173817368105
08/29/2024,FEU,Z14,1,0.15045418544
08/29/2024,FEU,Z14,10,0.16839243702
08/29/2024,FEU,Z14,11,0.211065466064
08/29/2024,FEU,Z14,12,0.212525837575
08/29/2024,FEU,Z14,13,0.205233101575
08/29/2024,FEU,Z14,14,0.208652763308
08/29/2024,FEU,Z14,15,0.165942296575
08/29/2024,FEU,Z14,16,0.162378800575
08/29/2024,FEU,Z14,17,0.163126602086
08/29/2024,FEU,Z14,18,0.157640434108
08/29/2024,FEU,Z14,19,0.220214833352
08/29/2024,FEU,Z14,2,0.144182751685
08/29/2024,FEU,Z14,20,0.229304563619
08/29/2024,FEU,Z14,21,0.236128207885
08/29/2024,FEU,Z14,22,0.242192984641
08/29/2024,FEU,Z14,23,0.181438385663
08/29/2024,FEU,Z14,24,0.177157007641
08/29/2024,FEU,Z14,3,0.142149895685
08/29/2024,FEU,Z14,4,0.142967419174
08/29/2024,FEU,Z14,5,0.143213001663
08/29/2024,FEU,Z14,6,0.143836710152
08/29/2024,FEU,Z14,7,0.149554356374
08/29/2024,FEU,Z14,8,0.154052212619
08/29/2024,FEU,Z14,9,0.180186371308
08/30/2024,FEU,Z14,1,0.149141976061
08/30/2024,FEU,Z14,10,0.177291196181
08/30/2024,FEU,Z14,11,0.219512200928
08/30/2024,FEU,Z14,12,0.198623154289
08/30/2024,FEU,Z14,13,0.190902232928
08/30/2024,FEU,Z14,14,0.190611471651
08/30/2024,FEU,Z14,15,0.140412958928
08/30/2024,FEU,Z14,16,0.139828274012
08/30/2024,FEU,Z14,17,0.140288343651
08/30/2024,FEU,Z14,18,0.155777192566
08/30/2024,FEU,Z14,19,0.223091982205
08/30/2024,FEU,Z14,2,0.147581886061
08/30/2024,FEU,Z14,20,0.227884459675
08/30/2024,FEU,Z14,21,0.239127387145
08/30/2024,FEU,Z14,22,0.248161756422
08/30/2024,FEU,Z14,23,0.189112706615
08/30/2024,FEU,Z14,24,0.185558275338
08/30/2024,FEU,Z14,3,0.137067114061
08/30/2024,FEU,Z14,4,0.147581886061
08/30/2024,FEU,Z14,5,0.146312663784
08/30/2024,FEU,Z14,6,0.142246009507
08/30/2024,FEU,Z14,7,0.150335139314
08/30/2024,FEU,Z14,8,0.156312936675
08/30/2024,FEU,Z14,9,0.178155423012
08/31/2024,FEU,Z14,1,0.158421276615
08/31/2024,FEU,Z14,10,0.158213860392
08/31/2024,FEU,Z14,11,0.14468891698
08/31/2024,FEU,Z14,12,0.111373956569
08/31/2024,FEU,Z14,13,0.10612123698
08/31/2024,FEU,Z14,14,0.109140252158
08/31/2024,FEU,Z14,15,0.108710279336
08/31/2024,FEU,Z14,16,0.105578244158
08/31/2024,FEU,Z14,17,0.109574029569
08/31/2024,FEU,Z14,18,0.124417397214
08/31/2024,FEU,Z14,19,0.147754091092
08/31/2024,FEU,Z14,2,0.154782176793
08/31/2024,FEU,Z14,20,0.156483840382
08/31/2024,FEU,Z14,21,0.168353748494
08/31/2024,FEU,Z14,22,0.192896754138
08/31/2024,FEU,Z14,23,0.182597874138
08/31/2024,FEU,Z14,24,0.170489356727
08/31/2024,FEU,Z14,3,0.150425771793
08/31/2024,FEU,Z14,4,0.147301421793
08/31/2024,FEU,Z14,5,0.147250676382
08/31/2024,FEU,Z14,6,0.152652499559
08/31/2024,FEU,Z14,7,0.154423890737
08/31/2024,FEU,Z14,8,0.153727169503
08/31/2024,FEU,Z14,9,0.166812840859
09/01/2024,FEU,Z14,1,0.170467915518
09/01/2024,FEU,Z14,10,0.137255218155
09/01/2024,FEU,Z14,11,0.110185502274
09/01/2024,FEU,Z14,12,0.076840964954
09/01/2024,FEU,Z14,13,0.066681017634
09/01/2024,FEU,Z14,14,0.066093444313
09/01/2024,FEU,Z14,15,0.070091238313
09/01/2024,FEU,Z14,16,0.051615119594
09/01/2024,FEU,Z14,17,0.050326486195
09/01/2024,FEU,Z14,18,0.110670750076
09/01/2024,FEU,Z14,19,0.133956981677
09/01/2024,FEU,Z14,2,0.164628317759
09/01/2024,FEU,Z14,20,0.159091337997
09/01/2024,FEU,Z14,21,0.171422144396
09/01/2024,FEU,Z14,22,0.181526172116
09/01/2024,FEU,Z14,23,0.179961110716
09/01/2024,FEU,Z14,24,0.168625864637
09/01/2024,FEU,Z14,3,0.16125801104
09/01/2024,FEU,Z14,4,0.15997230032
09/01/2024,FEU,Z14,5,0.158507788281
09/01/2024,FEU,Z14,6,0.15645106832
09/01/2024,FEU,Z14,7,0.158518702399
09/01/2024,FEU,Z14,8,0.160256443079
09/01/2024,FEU,Z14,9,0.153019141238
09/02/2024,FEU,Z14,1,0.162332061869
09/02/2024,FEU,Z14,10,0.175078791468
09/02/2024,FEU,Z14,11,0.213245991989
09/02/2024,FEU,Z14,12,0.188455606207
09/02/2024,FEU,Z14,13,0.187255881729
09/02/2024,FEU,Z14,14,0.186817615553
09/02/2024,FEU,Z14,15,0.137155100292
09/02/2024,FEU,Z14,16,0.13930393425
09/02/2024,FEU,Z14,17,0.144412562947
09/02/2024,FEU,Z14,18,0.154963989686
09/02/2024,FEU,Z14,19,0.225601571644
09/02/2024,FEU,Z14,2,0.158047433045
09/02/2024,FEU,Z14,20,0.234245753123
09/02/2024,FEU,Z14,21,0.244863690426
09/02/2024,FEU,Z14,22,0.237650463686
09/02/2024,FEU,Z14,23,0.182829048862
09/02/2024,FEU,Z14,24,0.177722309038
09/02/2024,FEU,Z14,3,0.155658758003
09/02/2024,FEU,Z14,4,0.150678992003
09/02/2024,FEU,Z14,5,0.149510859482
09/02/2024,FEU,Z14,6,0.153028699306
09/02/2024,FEU,Z14,7,0.156923817735
09/02/2024,FEU,Z14,8,0.159341450341
09/02/2024,FEU,Z14,9,0.186373724123
09/03/2024,FEU,Z14,1,0.154202589669
09/03/2024,FEU,Z14,10,0.172326482718
09/03/2024,FEU,Z14,11,0.205109658289
09/03/2024,FEU,Z14,12,0.19136222867
09/03/2024,FEU,Z14,13,0.185263957098
09/03/2024,FEU,Z14,14,0.182657471146
09/03/2024,FEU,Z14,15,0.134471897956
09/03/2024,FEU,Z14,16,0.139275754289
09/03/2024,FEU,Z14,17,0.138367712241
09/03/2024,FEU,Z14,18,0.144128267812
09/03/2024,FEU,Z14,19,0.207944132812
09/03/2024,FEU,Z14,2,0.152447095192
09/03/2024,FEU,Z14,20,0.226936519003
09/03/2024,FEU,Z14,21,0.23831368186
09/03/2024,FEU,Z14,22,0.234392065479
09/03/2024,FEU,Z14,23,0.182061401193
09/03/2024,FEU,Z14,24,0.169692883765
09/03/2024,FEU,Z14,3,0.144555152335
09/03/2024,FEU,Z14,4,0.136984304716
09/03/2024,FEU,Z14,5,0.133533984716
09/03/2024,FEU,Z14,6,0.134030273764
09/03/2024,FEU,Z14,7,0.143883620907
09/03/2024,FEU,Z14,8,0.152002152431
09/03/2024,FEU,Z14,9,0.189840475431
09/04/2024,FEU,Z14,1,0.14129360037
09/04/2024,FEU,Z14,10,0.177844329658
09/04/2024,FEU,Z14,11,0.19829045306
09/04/2024,FEU,Z14,12,0.186198917313
09/04/2024,FEU,Z14,13,0.18067170906
09/04/2024,FEU,Z14,14,0.181329567956
09/04/2024,FEU,Z14,15,0.125270318255
09/04/2024,FEU,Z14,16,0.115585924508
09/04/2024,FEU,Z14,17,0.106323574612
09/04/2024,FEU,Z14,18,0.108303206313
09/04/2024,FEU,Z14,19,0.188030658968
09/04/2024,FEU,Z14,2,0.135335055175
09/04/2024,FEU,Z14,20,0.214715834117
09/04/2024,FEU,Z14,21,0.236028216014
09/04/2024,FEU,Z14,22,0.23618774106
09/04/2024,FEU,Z14,23,0.180412778014
09/04/2024,FEU,Z14,24,0.173792082968
09/04/2024,FEU,Z14,3,0.131184767727
09/04/2024,FEU,Z14,4,0.138963200278
09/04/2024,FEU,Z14,5,0.138784448278
09/04/2024,FEU,Z14,6,0.136037524876
09/04/2024,FEU,Z14,7,0.144529346669
09/04/2024,FEU,Z14,8,0.154262562014
09/04/2024,FEU,Z14,9,0.189503209566
09/05/2024,FEU,Z14,1,0.13380980724
09/05/2024,FEU,Z14,10,0.165879692587
09/05/2024,FEU,Z14,11,0.196373724032
09/05/2024,FEU,Z14,12,0.186172673697
09/05/2024,FEU,Z14,13,0.185382184142
09/05/2024,FEU,Z14,14,0.185678514032
09/05/2024,FEU,Z14,15,0.135326028142
09/05/2024,FEU,Z14,16,0.131522863252
09/05/2024,FEU,Z14,17,0.135515650806
09/05/2024,FEU,Z14,18,0.140169157026
09/05/2024,FEU,Z14,19,0.21324847091
09/05/2024,FEU,Z14,2,0.136082184124
09/05/2024,FEU,Z14,20,0.22397465924
09/05/2024,FEU,Z14,21,0.235704538136
09/05/2024,FEU,Z14,22,0.240201707916
09/05/2024,FEU,Z14,23,0.181208929691
09/05/2024,FEU,Z14,24,0.175687386575
09/05/2024,FEU,Z14,3,0.130377396899
09/05/2024,FEU,Z14,4,0.130819615453
09/05/2024,FEU,Z14,5,0.127019097899
09/05/2024,FEU,Z14,6,0.131674644679
09/05/2024,FEU,Z14,7,0.148507786575
09/05/2024,FEU,Z14,8,0.154158631691
09/05/2024,FEU,Z14,9,0.182061820691
09/06/2024,FEU,Z14,1,0.145780395161
09/06/2024,FEU,Z14,10,0.159649268086
09/06/2024,FEU,Z14,11,0.194601416086
09/06/2024,FEU,Z14,12,0.180281603935
09/06/2024,FEU,Z14,13,0.167145270935
09/06/2024,FEU,Z14,14,0.147333018803
09/06/2024,FEU,Z14,15,0.080670930086
09/06/2024,FEU,Z14,16,0.075861459784
09/06/2024,FEU,Z14,17,0.067823284199
09/06/2024,FEU,Z14,18,0.095878875482
09/06/2024,FEU,Z14,19,0.177879505199
09/06/2024,FEU,Z14,2,0.14395467186
09/06/2024,FEU,Z14,20,0.214995446048
09/06/2024,FEU,Z14,21,0.228799060331
09/06/2024,FEU,Z14,22,0.229415602199
09/06/2024,FEU,Z14,23,0.17488745918
09/06/2024,FEU,Z14,24,0.172907212595
09/06/2024,FEU,Z14,3,0.140041066275
09/06/2024,FEU,Z14,4,0.134961780841
09/06/2024,FEU,Z14,5,0.135045276841
09/06/2024,FEU,Z14,6,0.135654787709
09/06/2024,FEU,Z14,7,0.145352288312
09/06/2024,FEU,Z14,8,0.149947960765
09/06/2024,FEU,Z14,9,0.177554612916
09/07/2024,FEU,Z14,1,0.155911394949
09/07/2024,FEU,Z14,10,0.114630569586
09/07/2024,FEU,Z14,11,0.080926387798
09/07/2024,FEU,Z14,12,0.023056811798
09/07/2024,FEU,Z14,13,0.023008121633
09/07/2024,FEU,Z14,14,0.02030233901
09/07/2024,FEU,Z14,15,0.01954456901
09/07/2024,FEU,Z14,16,0.023434383421
09/07/2024,FEU,Z14,17,0.036834660127
09/07/2024,FEU,Z14,18,0.081711216915
09/07/2024,FEU,Z14,19,0.121129729997
09/07/2024,FEU,Z14,2,0.155760177655
09/07/2024,FEU,Z14,20,0.15690674462
09/07/2024,FEU,Z14,21,0.177737288161
09/07/2024,FEU,Z14,22,0.194361082079
09/07/2024,FEU,Z14,23,0.166935094785
09/07/2024,FEU,Z14,24,0.16648039749
09/07/2024,FEU,Z14,3,0.143566985819
09/07/2024,FEU,Z14,4,0.142600204361
09/07/2024,FEU,Z14,5,0.140744735443
09/07/2024,FEU,Z14,6,0.139002156902
09/07/2024,FEU,Z14,7,0.142588310737
09/07/2024,FEU,Z14,8,0.146521752032
09/07/2024,FEU,Z14,9,0.153581621244
09/08/2024,FEU,Z14,1,0.165257581997
09/08/2024,FEU,Z14,10,0.124244248037
09/08/2024,FEU,Z14,11,0.039298724139
09/08/2024,FEU,Z14,12,0.028492553706
09/08/2024,FEU,Z14,13,0.027949451273
09/08/2024,FEU,Z14,14,0.02751082084
09/08/2024,FEU,Z14,15,0.02737312284
09/08/2024,FEU,Z14,16,0.029661440572
09/08/2024,FEU,Z14,17,0.029837754738
09/08/2024,FEU,Z14,18,0.030120800635
09/08/2024,FEU,Z14,19,0.032361485801
09/08/2024,FEU,Z14,2,0.161471951029
09/08/2024,FEU,Z14,20,0.121560031234
09/08/2024,FEU,Z14,21,0.151459397068
09/08/2024,FEU,Z14,22,0.161796166336
09/08/2024,FEU,Z14,23,0.161910337501
09/08/2024,FEU,Z14,24,0.1568137241
09/08/2024,FEU,Z14,3,0.159232320761
09/08/2024,FEU,Z14,4,0.155540006494
09/08/2024,FEU,Z14,5,0.153834438793
09/08/2024,FEU,Z14,6,0.152524862494
09/08/2024,FEU,Z14,7,0.155031935895
09/08/2024,FEU,Z14,8,0.158104794462
09/08/2024,FEU,Z14,9,0.154948123265
09/09/2024,FEU,Z14,1,0.153065602981
09/09/2024,FEU,Z14,10,0.176033247045
09/09/2024,FEU,Z14,11,0.17987680214
09/09/2024,FEU,Z14,12,0.153147418498
09/09/2024,FEU,Z14,13,0.147553789593
09/09/2024,FEU,Z14,14,0.141888491425
09/09/2024,FEU,Z14,15,0.068704393877
09/09/2024,FEU,Z14,16,0.053293308688
09/09/2024,FEU,Z14,17,0.057246695951
09/09/2024,FEU,Z14,18,0.094526033403
09/09/2024,FEU,Z14,19,0.179970703214
09/09/2024,FEU,Z14,2,0.148081215149
09/09/2024,FEU,Z14,20,0.231585531119
09/09/2024,FEU,Z14,21,0.232545750856
09/09/2024,FEU,Z14,22,0.244734605403
09/09/2024,FEU,Z14,23,0.181075723571
09/09/2024,FEU,Z14,24,0.172827087739
09/09/2024,FEU,Z14,3,0.146989630959
09/09/2024,FEU,Z14,4,0.147073552959
09/09/2024,FEU,Z14,5,0.138386839864
09/09/2024,FEU,Z14,6,0.146511312696
09/09/2024,FEU,Z14,7,0.154304205002
09/09/2024,FEU,Z14,8,0.154409920476
09/09/2024,FEU,Z14,9,0.181559436119
09/10/2024,FEU,Z14,1,0.149690976532
09/10/2024,FEU,Z14,10,0.163051832445
09/10/2024,FEU,Z14,11,0.172931226147
09/10/2024,FEU,Z14,12,0.134795208615
09/10/2024,FEU,Z14,13,0.117050966913
09/10/2024,FEU,Z14,14,0.122049655742
09/10/2024,FEU,Z14,15,0.056774803508
09/10/2024,FEU,Z14,16,0.052863310147
09/10/2024,FEU,Z14,17,0.054974488318
09/10/2024,FEU,Z14,18,0.08344847902
09/10/2024,FEU,Z14,19,0.16253455402
09/10/2024,FEU,Z14,2,0.143798958405
09/10/2024,FEU,Z14,20,0.216361169254
09/10/2024,FEU,Z14,21,0.226133563849
09/10/2024,FEU,Z14,22,0.228967615381
09/10/2024,FEU,Z14,23,0.174071209488
09/10/2024,FEU,Z14,24,0.168278130191
09/10/2024,FEU,Z14,3,0.14685348181
09/10/2024,FEU,Z14,4,0.147984316278
09/10/2024,FEU,Z14,5,0.143192336278
09/10/2024,FEU,Z14,6,0.142932125107
09/10/2024,FEU,Z14,7,0.149703391595
09/10/2024,FEU,Z14,8,0.150316112552
09/10/2024,FEU,Z14,9,0.178710037552
09/11/2024,FEU,Z14,1,0.119094038378
09/11/2024,FEU,Z14,10,0.158426009183
09/11/2024,FEU,Z14,11,0.181474094128
09/11/2024,FEU,Z14,12,0.158834776309
09/11/2024,FEU,Z14,13,0.156445662128
09/11/2024,FEU,Z14,14,0.153048430711
09/11/2024,FEU,Z14,15,0.100107220239
09/11/2024,FEU,Z14,16,0.07639986042
09/11/2024,FEU,Z14,17,0.066570143836
09/11/2024,FEU,Z14,18,0.108957430309
09/11/2024,FEU,Z14,19,0.190348263434
09/11/2024,FEU,Z14,2,0.118730866267
09/11/2024,FEU,Z14,20,0.215645351198
09/11/2024,FEU,Z14,21,0.230175824781
09/11/2024,FEU,Z14,22,0.227641358128
09/11/2024,FEU,Z14,23,0.171650658781
09/11/2024,FEU,Z14,24,0.173640831434
09/11/2024,FEU,Z14,3,0.112050070976
09/11/2024,FEU,Z14,4,0.124029629684
09/11/2024,FEU,Z14,5,0.127957469684
09/11/2024,FEU,Z14,6,0.132505568739
09/11/2024,FEU,Z14,7,0.136793753906
09/11/2024,FEU,Z14,8,0.139130808781
09/11/2024,FEU,Z14,9,0.169564842489
09/12/2024,FEU,Z14,1,0.139433094143
09/12/2024,FEU,Z14,10,0.171493606291
09/12/2024,FEU,Z14,11,0.18848898025
09/12/2024,FEU,Z14,12,0.159241442372
09/12/2024,FEU,Z14,13,0.150318667331
09/12/2024,FEU,Z14,14,0.11538454325
09/12/2024,FEU,Z14,15,0.054635062331
09/12/2024,FEU,Z14,16,0.054553798412
09/12/2024,FEU,Z14,17,0.054588502453
09/12/2024,FEU,Z14,18,0.055870926615
09/12/2024,FEU,Z14,19,0.1641753919
09/12/2024,FEU,Z14,2,0.140126367428
09/12/2024,FEU,Z14,20,0.200473100143
09/12/2024,FEU,Z14,21,0.216604746697
09/12/2024,FEU,Z14,22,0.218806444534
09/12/2024,FEU,Z14,23,0.163296475737
09/12/2024,FEU,Z14,24,0.158429117021
09/12/2024,FEU,Z14,3,0.140750805631
09/12/2024,FEU,Z14,4,0.136922637671
09/12/2024,FEU,Z14,5,0.137272860631
09/12/2024,FEU,Z14,6,0.139769368468
09/12/2024,FEU,Z14,7,0.141936699021
09/12/2024,FEU,Z14,8,0.152406217737
09/12/2024,FEU,Z14,9,0.195676407737
09/13/2024,FEU,Z14,1,0.125164554924
09/13/2024,FEU,Z14,10,0.131435480644
09/13/2024,FEU,Z14,11,0.113647018644
09/13/2024,FEU,Z14,12,0.109597302198
09/13/2024,FEU,Z14,13,0.109608712198
09/13/2024,FEU,Z14,14,0.109494304793
09/13/2024,FEU,Z14,15,0.059805208644
09/13/2024,FEU,Z14,16,0.060239645752
09/13/2024,FEU,Z14,17,0.060555363007
09/13/2024,FEU,Z14,18,0.060630878859
09/13/2024,FEU,Z14,19,0.112753689007
09/13/2024,FEU,Z14,2,0.123778396031
09/13/2024,FEU,Z14,20,0.184107524561
09/13/2024,FEU,Z14,21,0.212597759412
09/13/2024,FEU,Z14,22,0.208301082007
09/13/2024,FEU,Z14,23,0.154631527966
09/13/2024,FEU,Z14,24,0.136743883222
09/13/2024,FEU,Z14,3,0.124427533287
09/13/2024,FEU,Z14,4,0.125458016989
09/13/2024,FEU,Z14,5,0.117064904989
09/13/2024,FEU,Z14,6,0.111452481585
09/13/2024,FEU,Z14,7,0.12414234737
09/13/2024,FEU,Z14,8,0.13444119171
09/13/2024,FEU,Z14,9,0.156947517156
09/14/2024,FEU,Z14,1,0.099209552803
09/14/2024,FEU,Z14,10,0.105691134151
09/14/2024,FEU,Z14,11,0.046036027933
09/14/2024,FEU,Z14,12,0.033881049933
09/14/2024,FEU,Z14,13,0.033633285237
09/14/2024,FEU,Z14,14,0.034505021715
09/14/2024,FEU,Z14,15,0.034172507715
09/14/2024,FEU,Z14,16,0.034090904455
09/14/2024,FEU,Z14,17,0.034345127324
09/14/2024,FEU,Z14,18,0.048338361542
09/14/2024,FEU,Z14,19,0.10026885089
09/14/2024,FEU,Z14,2,0.099052901673
09/14/2024,FEU,Z14,20,0.141281425412
09/14/2024,FEU,Z14,21,0.148708548586
09/14/2024,FEU,Z14,22,0.155645123238
09/14/2024,FEU,Z14,23,0.133549246107
09/14/2024,FEU,Z14,24,0.127572188977
09/14/2024,FEU,Z14,3,0.095182404368
09/14/2024,FEU,Z14,4,0.089458684542
09/14/2024,FEU,Z14,5,0.09458083889
09/14/2024,FEU,Z14,6,0.094502885716
09/14/2024,FEU,Z14,7,0.099229108021
09/14/2024,FEU,Z14,8,0.109062395151
09/14/2024,FEU,Z14,9,0.117925723933
09/15/2024,FEU,Z14,1,0.115020958507
09/15/2024,FEU,Z14,10,0.059440056379
09/15/2024,FEU,Z14,11,0.04257057472
09/15/2024,FEU,Z14,12,0.041703476758
09/15/2024,FEU,Z14,13,0.042374349796
09/15/2024,FEU,Z14,14,0.042003852834
09/15/2024,FEU,Z14,15,0.041137834834
09/15/2024,FEU,Z14,16,0.041702150683
09/15/2024,FEU,Z14,17,0.042291340493
09/15/2024,FEU,Z14,18,0.042965728151
09/15/2024,FEU,Z14,19,0.041925256962
09/15/2024,FEU,Z14,2,0.115451395241
09/15/2024,FEU,Z14,20,0.100235621924
09/15/2024,FEU,Z14,21,0.112924967114
09/15/2024,FEU,Z14,22,0.111841898265
09/15/2024,FEU,Z14,23,0.108317552076
09/15/2024,FEU,Z14,24,0.103287799848
09/15/2024,FEU,Z14,3,0.112262483089
09/15/2024,FEU,Z14,4,0.111667794938
09/15/2024,FEU,Z14,5,0.112148877824
09/15/2024,FEU,Z14,6,0.112005186938
09/15/2024,FEU,Z14,7,0.110865949165
09/15/2024,FEU,Z14,8,0.110630400203
09/15/2024,FEU,Z14,9,0.093607804658
09/16/2024,FEU,Z14,1,0.085550695968
09/16/2024,FEU,Z14,10,0.120701672452
09/16/2024,FEU,Z14,11,0.123108871087
09/16/2024,FEU,Z14,12,0.120964096134
09/16/2024,FEU,Z14,13,0.12081749577
09/16/2024,FEU,Z14,14,0.120341910994
09/16/2024,FEU,Z14,15,0.070585506676
09/16/2024,FEU,Z14,16,0.071093774405
09/16/2024,FEU,Z14,17,0.069582897816
09/16/2024,FEU,Z14,18,0.069595445499
09/16/2024,FEU,Z14,19,0.153907331228
09/16/2024,FEU,Z14,2,0.069050643744
09/16/2024,FEU,Z14,20,0.189464513593
09/16/2024,FEU,Z14,21,0.216498629181
09/16/2024,FEU,Z14,22,0.212878147499
09/16/2024,FEU,Z14,23,0.136120307275
09/16/2024,FEU,Z14,24,0.121489913051
09/16/2024,FEU,Z14,3,0.072408066473
09/16/2024,FEU,Z14,4,0.065076120473
09/16/2024,FEU,Z14,5,0.059316039837
09/16/2024,FEU,Z14,6,0.064991386061
09/16/2024,FEU,Z14,7,0.096195431462
09/16/2024,FEU,Z14,8,0.110567584639
09/16/2024,FEU,Z14,9,0.138914239593
09/17/2024,FEU,Z14,1,0.073735317661
09/17/2024,FEU,Z14,10,0.107971491638
09/17/2024,FEU,Z14,11,0.118575124333
09/17/2024,FEU,Z14,12,0.116791812796
09/17/2024,FEU,Z14,13,0.116593824101
09/17/2024,FEU,Z14,14,0.116247532943
09/17/2024,FEU,Z14,15,0.066531736711
09/17/2024,FEU,Z14,16,0.066886197333
09/17/2024,FEU,Z14,17,0.068545417491
09/17/2024,FEU,Z14,18,0.077960852186
09/17/2024,FEU,Z14,19,0.159122021186
09/17/2024,FEU,Z14,2,0.061848027514
09/17/2024,FEU,Z14,20,0.185626266418
09/17/2024,FEU,Z14,21,0.225303017028
09/17/2024,FEU,Z14,22,0.217541902564
09/17/2024,FEU,Z14,23,0.143801057649
09/17/2024,FEU,Z14,24,0.133359241344
09/17/2024,FEU,Z14,3,0.057714218904
09/17/2024,FEU,Z14,4,0.059496113368
09/17/2024,FEU,Z14,5,0.054105873368
09/17/2024,FEU,Z14,6,0.053411222209
09/17/2024,FEU,Z14,7,0.084231828734
09/17/2024,FEU,Z14,8,0.098852513723
09/17/2024,FEU,Z14,9,0.132324207723
09/18/2024,FEU,Z14,1,0.100001612251
09/18/2024,FEU,Z14,10,0.176116917561
09/18/2024,FEU,Z14,11,0.195592587868
09/18/2024,FEU,Z14,12,0.170378021752
09/18/2024,FEU,Z14,13,0.161493379868
09/18/2024,FEU,Z14,14,0.161004576408
09/18/2024,FEU,Z14,15,0.108372007254
09/18/2024,FEU,Z14,16,0.107752647138
09/18/2024,FEU,Z14,17,0.113225906599
09/18/2024,FEU,Z14,18,0.143819630752
09/18/2024,FEU,Z14,19,0.196902937944
09/18/2024,FEU,Z14,2,0.113737704865
09/18/2024,FEU,Z14,20,0.229407103367
09/18/2024,FEU,Z14,21,0.255072346906
09/18/2024,FEU,Z14,22,0.260528315868
09/18/2024,FEU,Z14,23,0.169904983906
09/18/2024,FEU,Z14,24,0.166617955944
09/18/2024,FEU,Z14,3,0.114808193596
09/18/2024,FEU,Z14,4,0.114974830326
09/18/2024,FEU,Z14,5,0.116241382326
09/18/2024,FEU,Z14,6,0.120197624019
09/18/2024,FEU,Z14,7,0.132656429097
09/18/2024,FEU,Z14,8,0.148182664906
09/18/2024,FEU,Z14,9,0.198216747637
09/19/2024,FEU,Z14,1,0.124660083051
09/19/2024,FEU,Z14,10,0.165933387285
09/19/2024,FEU,Z14,11,0.197954770629
09/19/2024,FEU,Z14,12,0.195584010596
09/19/2024,FEU,Z14,13,0.19484347094
09/19/2024,FEU,Z14,14,0.192601470629
09/19/2024,FEU,Z14,15,0.14240034294
09/19/2024,FEU,Z14,16,0.134989697251
09/19/2024,FEU,Z14,17,0.143248061907
09/19/2024,FEU,Z14,18,0.146261708529
09/19/2024,FEU,Z14,19,0.204754717118
09/19/2024,FEU,Z14,2,0.122347789639
09/19/2024,FEU,Z14,20,0.223783211051
09/19/2024,FEU,Z14,21,0.25344800384
09/19/2024,FEU,Z14,22,0.263142451218
09/19/2024,FEU,Z14,23,0.172804443495
09/19/2024,FEU,Z14,24,0.164244147084
09/19/2024,FEU,Z14,3,0.124907815917
09/19/2024,FEU,Z14,4,0.125118789572
09/19/2024,FEU,Z14,5,0.127385191917
09/19/2024,FEU,Z14,6,0.119008647295
09/19/2024,FEU,Z14,7,0.133056709084
09/19/2024,FEU,Z14,8,0.144772342495
09/19/2024,FEU,Z14,9,0.174568926495
09/20/2024,FEU,Z14,1,0.141608821057
09/20/2024,FEU,Z14,10,0.164624708684
09/20/2024,FEU,Z14,11,0.215902604684
09/20/2024,FEU,Z14,12,0.205553717809
09/20/2024,FEU,Z14,13,0.183162733809
09/20/2024,FEU,Z14,14,0.177261237309
09/20/2024,FEU,Z14,15,0.123750024684
09/20/2024,FEU,Z14,16,0.119179124934
09/20/2024,FEU,Z14,17,0.124080727808
09/20/2024,FEU,Z14,18,0.137228381183
09/20/2024,FEU,Z14,19,0.211063879808
09/20/2024,FEU,Z14,2,0.135809187307
09/20/2024,FEU,Z14,20,0.214606175933
09/20/2024,FEU,Z14,21,0.252757353308
09/20/2024,FEU,Z14,22,0.253710163808
09/20/2024,FEU,Z14,23,0.178839929433
09/20/2024,FEU,Z14,24,0.171795081308
09/20/2024,FEU,Z14,3,0.132218812182
09/20/2024,FEU,Z14,4,0.131961912932
09/20/2024,FEU,Z14,5,0.134313912932
09/20/2024,FEU,Z14,6,0.135627939432
09/20/2024,FEU,Z14,7,0.138612794933
09/20/2024,FEU,Z14,8,0.152071661558
09/20/2024,FEU,Z14,9,0.179241130433
09/21/2024,FEU,Z14,1,0.138083193373
09/21/2024,FEU,Z14,10,0.135657289119
09/21/2024,FEU,Z14,11,0.1268150397
09/21/2024,FEU,Z14,12,0.1021147497
09/21/2024,FEU,Z14,13,0.092785349747
09/21/2024,FEU,Z14,14,0.076253980282
09/21/2024,FEU,Z14,15,0.053611360282
09/21/2024,FEU,Z14,16,0.022864964165
09/21/2024,FEU,Z14,17,0.042907253607
09/21/2024,FEU,Z14,18,0.079615002025
09/21/2024,FEU,Z14,19,0.110645734002
09/21/2024,FEU,Z14,2,0.134978378815
09/21/2024,FEU,Z14,20,0.151509245467
09/21/2024,FEU,Z14,21,0.153096886955
09/21/2024,FEU,Z14,22,0.173123128978
09/21/2024,FEU,Z14,23,0.15249485942
09/21/2024,FEU,Z14,24,0.152807763862
09/21/2024,FEU,Z14,3,0.134844898768
09/21/2024,FEU,Z14,4,0.138801662256
09/21/2024,FEU,Z14,5,0.136462643233
09/21/2024,FEU,Z14,6,0.138212327745
09/21/2024,FEU,Z14,7,0.132381975791
09/21/2024,FEU,Z14,8,0.13148485835
09/21/2024,FEU,Z14,9,0.138763716932
09/22/2024,FEU,Z14,1,0.143275998091
09/22/2024,FEU,Z14,10,0.137345475579
09/22/2024,FEU,Z14,11,0.089737053336
09/22/2024,FEU,Z14,12,0.042972117531
09/22/2024,FEU,Z14,13,0.042359363726
09/22/2024,FEU,Z14,14,0.028529753921
09/22/2024,FEU,Z14,15,0.028437575921
09/22/2024,FEU,Z14,16,0.031599839141
09/22/2024,FEU,Z14,17,0.031923427165
09/22/2024,FEU,Z14,18,0.065624302408
09/22/2024,FEU,Z14,19,0.114328517433
09/22/2024,FEU,Z14,2,0.139526749725
09/22/2024,FEU,Z14,20,0.232688333238
09/22/2024,FEU,Z14,21,0.150168615213
09/22/2024,FEU,Z14,22,0.156495100994
09/22/2024,FEU,Z14,23,0.144100728018
09/22/2024,FEU,Z14,24,0.142197808847
09/22/2024,FEU,Z14,3,0.141264376944
09/22/2024,FEU,Z14,4,0.144506304164
09/22/2024,FEU,Z14,5,0.143400530578
09/22/2024,FEU,Z14,6,0.146773008164
09/22/2024,FEU,Z14,7,0.149357593335
09/22/2024,FEU,Z14,8,0.15031299553
09/22/2024,FEU,Z14,9,0.145929722872
09/23/2024,FEU,Z14,1,0.139507289502
09/23/2024,FEU,Z14,10,0.162243638966
09/23/2024,FEU,Z14,11,0.192648388873
09/23/2024,FEU,Z14,12,0.169549695013
09/23/2024,FEU,Z14,13,0.15194555892
09/23/2024,FEU,Z14,14,0.150083922594
09/23/2024,FEU,Z14,15,0.088792756641
09/23/2024,FEU,Z14,16,0.066780052827
09/23/2024,FEU,Z14,17,0.09035297306
09/23/2024,FEU,Z14,18,0.115104646106
09/23/2024,FEU,Z14,19,0.206247988292
09/23/2024,FEU,Z14,2,0.132611240828
09/23/2024,FEU,Z14,20,0.238484270385
09/23/2024,FEU,Z14,21,0.268585665153
09/23/2024,FEU,Z14,22,0.271023923106
09/23/2024,FEU,Z14,23,0.170311609432
09/23/2024,FEU,Z14,24,0.163053008758
09/23/2024,FEU,Z14,3,0.127700093014
09/23/2024,FEU,Z14,4,0.132847703014
09/23/2024,FEU,Z14,5,0.133812567107
09/23/2024,FEU,Z14,6,0.132954148782
09/23/2024,FEU,Z14,7,0.13122669399
09/23/2024,FEU,Z14,8,0.148181053525
09/23/2024,FEU,Z14,9,0.187037042385
09/24/2024,FEU,Z14,1,0.125436545134
09/24/2024,FEU,Z14,10,0.177476960696
09/24/2024,FEU,Z14,11,0.202430479977
09/24/2024,FEU,Z14,12,0.181995233165
09/24/2024,FEU,Z14,13,0.165065326883
09/24/2024,FEU,Z14,14,0.158895001415
09/24/2024,FEU,Z14,15,0.106793116321
09/24/2024,FEU,Z14,16,0.109769383977
09/24/2024,FEU,Z14,17,0.111454937446
09/24/2024,FEU,Z14,18,0.139611437727
09/24/2024,FEU,Z14,19,0.191365100727
09/24/2024,FEU,Z14,2,0.126314897884
09/24/2024,FEU,Z14,20,0.235410757821
09/24/2024,FEU,Z14,21,0.249531635258
09/24/2024,FEU,Z14,22,0.248510501071
09/24/2024,FEU,Z14,23,0.171390368915
09/24/2024,FEU,Z14,24,0.161419746196
09/24/2024,FEU,Z14,3,0.128813424446
09/24/2024,FEU,Z14,4,0.127482830634
09/24/2024,FEU,Z14,5,0.127530030634
09/24/2024,FEU,Z14,6,0.127406685165
09/24/2024,FEU,Z14,7,0.138958148759
09/24/2024,FEU,Z14,8,0.15006705254
09/24/2024,FEU,Z14,9,0.20299645454
09/25/2024,FEU,Z14,1,0.136651062282
09/25/2024,FEU,Z14,10,0.14152016816
09/25/2024,FEU,Z14,11,0.178470310364
09/25/2024,FEU,Z14,12,0.165767055119
09/25/2024,FEU,Z14,13,0.152082806364
09/25/2024,FEU,Z14,14,0.144883639058
09/25/2024,FEU,Z14,15,0.099972393956
09/25/2024,FEU,Z14,16,0.076415052711
09/25/2024,FEU,Z14,17,0.075702919017
09/25/2024,FEU,Z14,18,0.098183619119
09/25/2024,FEU,Z14,19,0.162935294078
09/25/2024,FEU,Z14,2,0.12213242469
09/25/2024,FEU,Z14,20,0.181914537527
09/25/2024,FEU,Z14,21,0.192470578221
09/25/2024,FEU,Z14,22,0.191686942364
09/25/2024,FEU,Z14,23,0.125987398221
09/25/2024,FEU,Z14,24,0.109054904078
09/25/2024,FEU,Z14,3,0.120115988343
09/25/2024,FEU,Z14,4,0.120654879996
09/25/2024,FEU,Z14,5,0.108572655996
09/25/2024,FEU,Z14,6,0.107795489792
09/25/2024,FEU,Z14,7,0.10441271918
09/25/2024,FEU,Z14,8,0.125825611221
09/25/2024,FEU,Z14,9,0.163065877874
09/26/2024,FEU,Z14,1,0.069015138169
09/26/2024,FEU,Z14,10,0.135565540115
09/26/2024,FEU,Z14,11,0.130228164922
09/26/2024,FEU,Z14,12,0.123238924501
09/26/2024,FEU,Z14,13,0.122654155308
09/26/2024,FEU,Z14,14,0.122492076922
09/26/2024,FEU,Z14,15,0.072794251308
09/26/2024,FEU,Z14,16,0.073244308694
09/26/2024,FEU,Z14,17,0.073353708887
09/26/2024,FEU,Z14,18,0.076077049659
09/26/2024,FEU,Z14,19,0.140580073011
09/26/2024,FEU,Z14,2,0.056703313521
09/26/2024,FEU,Z14,20,0.188564900169
09/26/2024,FEU,Z14,21,0.199415872046
09/26/2024,FEU,Z14,22,0.204004883273
09/26/2024,FEU,Z14,23,0.135867170239
09/26/2024,FEU,Z14,24,0.13022272959
09/26/2024,FEU,Z14,3,0.063626234486
09/26/2024,FEU,Z14,4,0.05819555068
09/26/2024,FEU,Z14,5,0.056481491486
09/26/2024,FEU,Z14,6,0.060511346714
09/26/2024,FEU,Z14,7,0.08653699759
09/26/2024,FEU,Z14,8,0.112218077239
09/26/2024,FEU,Z14,9,0.148674347239
09/27/2024,FEU,Z14,1,0.054292994971
09/27/2024,FEU,Z14,10,0.084836005007
09/27/2024,FEU,Z14,11,0.118818577007
09/27/2024,FEU,Z14,12,0.118245428842
09/27/2024,FEU,Z14,13,0.117944204842
09/27/2024,FEU,Z14,14,0.117661861728
09/27/2024,FEU,Z14,15,0.066939817007
09/27/2024,FEU,Z14,16,0.068863606678
09/27/2024,FEU,Z14,17,0.070746335071
09/27/2024,FEU,Z14,18,0.071717370349
09/27/2024,FEU,Z14,19,0.161332751071
09/27/2024,FEU,Z14,2,0.053490432642
09/27/2024,FEU,Z14,20,0.202920176907
09/27/2024,FEU,Z14,21,0.230549309185
09/27/2024,FEU,Z14,22,0.242953115071
09/27/2024,FEU,Z14,23,0.169847294021
09/27/2024,FEU,Z14,24,0.161102159414
09/27/2024,FEU,Z14,3,0.054565643035
09/27/2024,FEU,Z14,4,0.055036111592
09/27/2024,FEU,Z14,5,0.055274839592
09/27/2024,FEU,Z14,6,0.054976646478
09/27/2024,FEU,Z14,7,0.055913963135
09/27/2024,FEU,Z14,8,0.097159642628
09/27/2024,FEU,Z14,9,0.140544235792
09/28/2024,FEU,Z14,1,0.135555612765
09/28/2024,FEU,Z14,10,0.070938755975
09/28/2024,FEU,Z14,11,0.038334701711
09/28/2024,FEU,Z14,12,0.034383565711
09/28/2024,FEU,Z14,13,0.033466108703
09/28/2024,FEU,Z14,14,0.033328304447
09/28/2024,FEU,Z14,15,0.033465155447
09/28/2024,FEU,Z14,16,0.034107537967
09/28/2024,FEU,Z14,17,0.034466119727
09/28/2024,FEU,Z14,18,0.03591199399
09/28/2024,FEU,Z14,19,0.096358688494
09/28/2024,FEU,Z14,2,0.125972526525
09/28/2024,FEU,Z14,20,0.17077172275
09/28/2024,FEU,Z14,21,0.163681180502
09/28/2024,FEU,Z14,22,0.171390247998
09/28/2024,FEU,Z14,23,0.155143363758
09/28/2024,FEU,Z14,24,0.142376258517
09/28/2024,FEU,Z14,3,0.105935508533
09/28/2024,FEU,Z14,4,0.100496124285
09/28/2024,FEU,Z14,5,0.096022213789
09/28/2024,FEU,Z14,6,0.094819002037
09/28/2024,FEU,Z14,7,0.095351848029
09/28/2024,FEU,Z14,8,0.104075710269
09/28/2024,FEU,Z14,9,0.104671258006
09/29/2024,FEU,Z14,1,0.139518873326
09/29/2024,FEU,Z14,10,0.070475269927
09/29/2024,FEU,Z14,11,0.038171834728
09/29/2024,FEU,Z14,12,0.037804491928
09/29/2024,FEU,Z14,13,0.037924092128
09/29/2024,FEU,Z14,14,0.037662198328
09/29/2024,FEU,Z14,15,0.037639438328
09/29/2024,FEU,Z14,16,0.037924229528
09/29/2024,FEU,Z14,17,0.038369561528
09/29/2024,FEU,Z14,18,0.038332292727
09/29/2024,FEU,Z14,19,0.050025365727
09/29/2024,FEU,Z14,2,0.134166003925
09/29/2024,FEU,Z14,20,0.130792547527
09/29/2024,FEU,Z14,21,0.140977401527
09/29/2024,FEU,Z14,22,0.149137802327
09/29/2024,FEU,Z14,23,0.143800800327
09/29/2024,FEU,Z14,24,0.133482935126
09/29/2024,FEU,Z14,3,0.131196819125
09/29/2024,FEU,Z14,4,0.115143690325
09/29/2024,FEU,Z14,5,0.106165100725
09/29/2024,FEU,Z14,6,0.105917682325
09/29/2024,FEU,Z14,7,0.111287731525
09/29/2024,FEU,Z14,8,0.116352153725
09/29/2024,FEU,Z14,9,0.118520174126
09/30/2024,FEU,Z14,1,0.117277519812
09/30/2024,FEU,Z14,10,0.164521257346
09/30/2024,FEU,Z14,11,0.174474004409
09/30/2024,FEU,Z14,12,0.149823834815
09/30/2024,FEU,Z14,13,0.126933175878
09/30/2024,FEU,Z14,14,0.122140629597
09/30/2024,FEU,Z14,15,0.054933356066
09/30/2024,FEU,Z14,16,0.04659342194
09/30/2024,FEU,Z14,17,0.064706874284
09/30/2024,FEU,Z14,18,0.102618023752
09/30/2024,FEU,Z14,19,0.205214536627
09/30/2024,FEU,Z14,2,0.120043656093
09/30/2024,FEU,Z14,20,0.232256544564
09/30/2024,FEU,Z14,21,0.294314265221
09/30/2024,FEU,Z14,22,0.291806578752
09/30/2024,FEU,Z14,23,0.184951390033
09/30/2024,FEU,Z14,24,0.187292326314
09/30/2024,FEU,Z14,3,0.133857629968
09/30/2024,FEU,Z14,4,0.128481893968
09/30/2024,FEU,Z14,5,0.125520330905
09/30/2024,FEU,Z14,6,0.135393389625
09/30/2024,FEU,Z14,7,0.143276103657
09/30/2024,FEU,Z14,8,0.17902798897
09/30/2024,FEU,Z14,9,0.230473269564
10/01/2024,FEU,Z14,1,0.138516679578
10/01/2024,FEU,Z14,10,0.159935150436
10/01/2024,FEU,Z14,11,0.208236600436
10/01/2024,FEU,Z14,12,0.185623095828
10/01/2024,FEU,Z14,13,0.158940216261
10/01/2024,FEU,Z14,14,0.155561937653
10/01/2024,FEU,Z14,15,0.109143211053
10/01/2024,FEU,Z14,16,0.112631714578
10/01/2024,FEU,Z14,17,0.11084190932
10/01/2024,FEU,Z14,18,0.13723214132
10/01/2024,FEU,Z14,19,0.223755049095
10/01/2024,FEU,Z14,2,0.131144319928
10/01/2024,FEU,Z14,20,0.274193593486
10/01/2024,FEU,Z14,21,0.293940763095
10/01/2024,FEU,Z14,22,0.285020218878
10/01/2024,FEU,Z14,23,0.19040507002
10/01/2024,FEU,Z14,24,0.176820093937
10/01/2024,FEU,Z14,3,0.133161011495
10/01/2024,FEU,Z14,4,0.129422730887
10/01/2024,FEU,Z14,5,0.117793538495
10/01/2024,FEU,Z14,6,0.113396776537
10/01/2024,FEU,Z14,7,0.121033087445
10/01/2024,FEU,Z14,8,0.151383855528
10/01/2024,FEU,Z14,9,0.20085310532
10/02/2024,FEU,Z14,1,0.132635658762
10/02/2024,FEU,Z14,10,0.177485417243
10/02/2024,FEU,Z14,11,0.201241156591
10/02/2024,FEU,Z14,12,0.197884019243
10/02/2024,FEU,Z14,13,0.194203882939
10/02/2024,FEU,Z14,14,0.184572686635
10/02/2024,FEU,Z14,15,0.121397672328
10/02/2024,FEU,Z14,16,0.122482931893
10/02/2024,FEU,Z14,17,0.130494324805
10/02/2024,FEU,Z14,18,0.14253848511
10/02/2024,FEU,Z14,19,0.214586716416
10/02/2024,FEU,Z14,2,0.13719166563
10/02/2024,FEU,Z14,20,0.228060795024
10/02/2024,FEU,Z14,21,0.228236803068
10/02/2024,FEU,Z14,22,0.209696794068
10/02/2024,FEU,Z14,23,0.154340103022
10/02/2024,FEU,Z14,24,0.147775761195
10/02/2024,FEU,Z14,3,0.137699852587
10/02/2024,FEU,Z14,4,0.128790224587
10/02/2024,FEU,Z14,5,0.128027258587
10/02/2024,FEU,Z14,6,0.121740478674
10/02/2024,FEU,Z14,7,0.137255982893
10/02/2024,FEU,Z14,8,0.15590715846
10/02/2024,FEU,Z14,9,0.206856112718
10/03/2024,FEU,Z14,1,0.10129759539
10/03/2024,FEU,Z14,10,0.145011739474
10/03/2024,FEU,Z14,11,0.16750509608
10/03/2024,FEU,Z14,12,0.161392308359
10/03/2024,FEU,Z14,13,0.154123594474
10/03/2024,FEU,Z14,14,0.14407070031
10/03/2024,FEU,Z14,15,0.08671777762
10/03/2024,FEU,Z14,16,0.076114765948
10/03/2024,FEU,Z14,17,0.074184648275
10/03/2024,FEU,Z14,18,0.116387611717
10/03/2024,FEU,Z14,19,0.195800734965
10/03/2024,FEU,Z14,2,0.081956740996
10/03/2024,FEU,Z14,20,0.240953316359
10/03/2024,FEU,Z14,21,0.251178330917
10/03/2024,FEU,Z14,22,0.256384314408
10/03/2024,FEU,Z14,23,0.181092950766
10/03/2024,FEU,Z14,24,0.172914215815
10/03/2024,FEU,Z14,3,0.085478730324
10/03/2024,FEU,Z14,4,0.062587265487
10/03/2024,FEU,Z14,5,0.05275366293
10/03/2024,FEU,Z14,6,0.079746711881
10/03/2024,FEU,Z14,7,0.10391006562
10/03/2024,FEU,Z14,8,0.120932188359
10/03/2024,FEU,Z14,9,0.158592019111
10/04/2024,FEU,Z14,1,0.133070463908
10/04/2024,FEU,Z14,10,0.179569967262
10/04/2024,FEU,Z14,11,0.208297410722
10/04/2024,FEU,Z14,12,0.180910552452
10/04/2024,FEU,Z14,13,0.161131993911
10/04/2024,FEU,Z14,14,0.159264314371
10/04/2024,FEU,Z14,15,0.099749489234
10/04/2024,FEU,Z14,16,0.099374266126
10/04/2024,FEU,Z14,17,0.110328601017
10/04/2024,FEU,Z14,18,0.135781813368
10/04/2024,FEU,Z14,19,0.210357074505
10/04/2024,FEU,Z14,2,0.13566985807
10/04/2024,FEU,Z14,20,0.253093246126
10/04/2024,FEU,Z14,21,0.261961624666
10/04/2024,FEU,Z14,22,0.262762267936
10/04/2024,FEU,Z14,23,0.179584067961
10/04/2024,FEU,Z14,24,0.178142887853
10/04/2024,FEU,Z14,3,0.133844687151
10/04/2024,FEU,Z14,4,0.130047755961
10/04/2024,FEU,Z14,5,0.138303124232
10/04/2024,FEU,Z14,6,0.134561091151
10/04/2024,FEU,Z14,7,0.137673518828
10/04/2024,FEU,Z14,8,0.162163418694
10/04/2024,FEU,Z14,9,0.207686990719
10/05/2024,FEU,Z14,1,0.138281699444
10/05/2024,FEU,Z14,10,0.135429095343
10/05/2024,FEU,Z14,11,0.096356766467
10/05/2024,FEU,Z14,12,0.076852397074
10/05/2024,FEU,Z14,13,0.032045654377
10/05/2024,FEU,Z14,14,0.029767665332
10/05/2024,FEU,Z14,15,0.029930059681
10/05/2024,FEU,Z14,16,0.030506227164
10/05/2024,FEU,Z14,17,0.030924007298
10/05/2024,FEU,Z14,18,0.032790957388
10/05/2024,FEU,Z14,19,0.087081972871
10/05/2024,FEU,Z14,2,0.132608079534
10/05/2024,FEU,Z14,20,0.132766183961
10/05/2024,FEU,Z14,21,0.14080576431
10/05/2024,FEU,Z14,22,0.128617734658
10/05/2024,FEU,Z14,23,0.126218748399
10/05/2024,FEU,Z14,24,0.115621534489
10/05/2024,FEU,Z14,3,0.133285149624
10/05/2024,FEU,Z14,4,0.134074305017
10/05/2024,FEU,Z14,5,0.131333149714
10/05/2024,FEU,Z14,6,0.128450366669
10/05/2024,FEU,Z14,7,0.134660603276
10/05/2024,FEU,Z14,8,0.147621015444
10/05/2024,FEU,Z14,9,0.156676697613
10/06/2024,FEU,Z14,1,0.107138840657
10/06/2024,FEU,Z14,10,0.074731432872
10/06/2024,FEU,Z14,11,0.052450471359
10/06/2024,FEU,Z14,12,0.043328242325
10/06/2024,FEU,Z14,13,0.042278806188
10/06/2024,FEU,Z14,14,0.042186863086
10/06/2024,FEU,Z14,15,0.04216293912
10/06/2024,FEU,Z14,16,0.043046524462
10/06/2024,FEU,Z14,17,0.043534729974
10/06/2024,FEU,Z14,18,0.046780616282
10/06/2024,FEU,Z14,19,0.071990168247
10/06/2024,FEU,Z14,2,0.089378222931
10/06/2024,FEU,Z14,20,0.116295450111
10/06/2024,FEU,Z14,21,0.132572620872
10/06/2024,FEU,Z14,22,0.141622369803
10/06/2024,FEU,Z14,23,0.118893287906
10/06/2024,FEU,Z14,24,0.111587460247
10/06/2024,FEU,Z14,3,0.085071189204
10/06/2024,FEU,Z14,4,0.070769475033
10/06/2024,FEU,Z14,5,0.06588199117
10/06/2024,FEU,Z14,6,0.065542117067
10/06/2024,FEU,Z14,7,0.070404298931
10/06/2024,FEU,Z14,8,0.070539320589
10/06/2024,FEU,Z14,9,0.069884912384
10/07/2024,FEU,Z14,1,0.116545927741
10/07/2024,FEU,Z14,10,0.166079499184
10/07/2024,FEU,Z14,11,0.184377095862
10/07/2024,FEU,Z14,12,0.174720880201
10/07/2024,FEU,Z14,13,0.16038318854
10/07/2024,FEU,Z14,14,0.143214629879
10/07/2024,FEU,Z14,15,0.091253563319
10/07/2024,FEU,Z14,16,0.090510595454
10/07/2024,FEU,Z14,17,0.095226873588
10/07/2024,FEU,Z14,18,0.120546014571
10/07/2024,FEU,Z14,19,0.190186873962
10/07/2024,FEU,Z14,2,0.096559988876
10/07/2024,FEU,Z14,20,0.195521022301
10/07/2024,FEU,Z14,21,0.205651443319
10/07/2024,FEU,Z14,22,0.186809047149
10/07/2024,FEU,Z14,23,0.13894512091
10/07/2024,FEU,Z14,24,0.134562277215
10/07/2024,FEU,Z14,3,0.091819157367
10/07/2024,FEU,Z14,4,0.084034642197
10/07/2024,FEU,Z14,5,0.078916996537
10/07/2024,FEU,Z14,6,0.078720924062
10/07/2024,FEU,Z14,7,0.099676941623
10/07/2024,FEU,Z14,8,0.130694591658
10/07/2024,FEU,Z14,9,0.18366468908
10/08/2024,FEU,Z14,1,0.081540081289
10/08/2024,FEU,Z14,10,0.122526377547
10/08/2024,FEU,Z14,11,0.151260577547
10/08/2024,FEU,Z14,12,0.120347160571
10/08/2024,FEU,Z14,13,0.119987674475
10/08/2024,FEU,Z14,14,0.117227499499
10/08/2024,FEU,Z14,15,0.067116032074
10/08/2024,FEU,Z14,16,0.067788710289
10/08/2024,FEU,Z14,17,0.068796964457
10/08/2024,FEU,Z14,18,0.082498168457
10/08/2024,FEU,Z14,19,0.185082573954
10/08/2024,FEU,Z14,2,0.073239649433
10/08/2024,FEU,Z14,20,0.217131691978
10/08/2024,FEU,Z14,21,0.222615627954
10/08/2024,FEU,Z14,22,0.216005536002
10/08/2024,FEU,Z14,23,0.126261028744
10/08/2024,FEU,Z14,24,0.112805808984
10/08/2024,FEU,Z14,3,0.069087155529
10/08/2024,FEU,Z14,4,0.055589812553
10/08/2024,FEU,Z14,5,0.053308787529
10/08/2024,FEU,Z14,6,0.070928052409
10/08/2024,FEU,Z14,7,0.089496551098
10/08/2024,FEU,Z14,8,0.102571154858
10/08/2024,FEU,Z14,9,0.160218316457
10/09/2024,FEU,Z14,1,0.07411180111
10/09/2024,FEU,Z14,10,0.132808195399
10/09/2024,FEU,Z14,11,0.166298826317
10/09/2024,FEU,Z14,12,0.160252465399
10/09/2024,FEU,Z14,13,0.152189766234
10/09/2024,FEU,Z14,14,0.14480503907
10/09/2024,FEU,Z14,15,0.079232115795
10/09/2024,FEU,Z14,16,0.076776318371
10/09/2024,FEU,Z14,17,0.077265339864
10/09/2024,FEU,Z14,18,0.087360311028
10/09/2024,FEU,Z14,19,0.159766775303
10/09/2024,FEU,Z14,2,0.064461380849
10/09/2024,FEU,Z14,20,0.169942775631
10/09/2024,FEU,Z14,21,0.188857343385
10/09/2024,FEU,Z14,22,0.174830141385
10/09/2024,FEU,Z14,23,0.124935062521
10/09/2024,FEU,Z14,24,0.121310060425
10/09/2024,FEU,Z14,3,0.064701594096
10/09/2024,FEU,Z14,4,0.064386378096
10/09/2024,FEU,Z14,5,0.064532046096
10/09/2024,FEU,Z14,6,0.066236441603
10/09/2024,FEU,Z14,7,0.070448272371
10/09/2024,FEU,Z14,8,0.091983406056
10/09/2024,FEU,Z14,9,0.143780257356
10/10/2024,FEU,Z14,1,0.075508141191
10/10/2024,FEU,Z14,10,0.158134546444
10/10/2024,FEU,Z14,11,0.181461991538
10/10/2024,FEU,Z14,12,0.147237509719
10/10/2024,FEU,Z14,13,0.145655624444
10/10/2024,FEU,Z14,14,0.145794888987
10/10/2024,FEU,Z14,15,0.09695706864
10/10/2024,FEU,Z14,16,0.098414337553
10/10/2024,FEU,Z14,17,0.117230634467
10/10/2024,FEU,Z14,18,0.136586168104
10/10/2024,FEU,Z14,19,0.213534542813
10/10/2024,FEU,Z14,2,0.076443718285
10/10/2024,FEU,Z14,20,0.247637306719
10/10/2024,FEU,Z14,21,0.306834783081
10/10/2024,FEU,Z14,22,0.300461244451
10/10/2024,FEU,Z14,23,0.190516008837
10/10/2024,FEU,Z14,24,0.177457335569
10/10/2024,FEU,Z14,3,0.077604981199
10/10/2024,FEU,Z14,4,0.077548982655
10/10/2024,FEU,Z14,5,0.082993696293
10/10/2024,FEU,Z14,6,0.093700843561
10/10/2024,FEU,Z14,7,0.10779875864
10/10/2024,FEU,Z14,8,0.128300007719
10/10/2024,FEU,Z14,9,0.17574072401
10/11/2024,FEU,Z14,1,0.146910900845
10/11/2024,FEU,Z14,10,0.168885810336
10/11/2024,FEU,Z14,11,0.199195802679
10/11/2024,FEU,Z14,12,0.18836935285
10/11/2024,FEU,Z14,13,0.176379705194
10/11/2024,FEU,Z14,14,0.163129328537
10/11/2024,FEU,Z14,15,0.119082687448
10/11/2024,FEU,Z14,16,0.125737359247
10/11/2024,FEU,Z14,17,0.130288824046
10/11/2024,FEU,Z14,18,0.132127729188
10/11/2024,FEU,Z14,19,0.191254156277
10/11/2024,FEU,Z14,2,0.135795683472
10/11/2024,FEU,Z14,20,0.211750779247
10/11/2024,FEU,Z14,21,0.219131538904
10/11/2024,FEU,Z14,22,0.199782206732
10/11/2024,FEU,Z14,23,0.142877352271
10/11/2024,FEU,Z14,24,0.14562980107
10/11/2024,FEU,Z14,3,0.129624670786
10/11/2024,FEU,Z14,4,0.125390310271
10/11/2024,FEU,Z14,5,0.1210093941
10/11/2024,FEU,Z14,6,0.116608602786
10/11/2024,FEU,Z14,7,0.135858157531
10/11/2024,FEU,Z14,8,0.179200580791
10/11/2024,FEU,Z14,9,0.22621434933
10/12/2024,FEU,Z14,1,0.106244705805
10/12/2024,FEU,Z14,10,0.108347604551
10/12/2024,FEU,Z14,11,0.110448080722
10/12/2024,FEU,Z14,12,0.116251269551
10/12/2024,FEU,Z14,13,0.110786964551
10/12/2024,FEU,Z14,14,0.10935926302
10/12/2024,FEU,Z14,15,0.105979854551
10/12/2024,FEU,Z14,16,0.092082907444
10/12/2024,FEU,Z14,17,0.092857833805
10/12/2024,FEU,Z14,18,0.112912693571
10/12/2024,FEU,Z14,19,0.124888026039
10/12/2024,FEU,Z14,2,0.096905103698
10/12/2024,FEU,Z14,20,0.133425037571
10/12/2024,FEU,Z14,21,0.164216406039
10/12/2024,FEU,Z14,22,0.159367332273
10/12/2024,FEU,Z14,23,0.147410777337
10/12/2024,FEU,Z14,24,0.134098218932
10/12/2024,FEU,Z14,3,0.088725514761
10/12/2024,FEU,Z14,4,0.077580021995
10/12/2024,FEU,Z14,5,0.077675844995
10/12/2024,FEU,Z14,6,0.081910410761
10/12/2024,FEU,Z14,7,0.100618563698
10/12/2024,FEU,Z14,8,0.100717166337
10/12/2024,FEU,Z14,9,0.101970990507
10/13/2024,FEU,Z14,1,0.121840912627
10/13/2024,FEU,Z14,10,0.106210887148
10/13/2024,FEU,Z14,11,0.0808699454
10/13/2024,FEU,Z14,12,0.050000223684
10/13/2024,FEU,Z14,13,0.042918467818
10/13/2024,FEU,Z14,14,0.037355387668
10/13/2024,FEU,Z14,15,0.037629520385
10/13/2024,FEU,Z14,16,0.03864907255
10/13/2024,FEU,Z14,17,0.047596598297
10/13/2024,FEU,Z14,18,0.079062440746
10/13/2024,FEU,Z14,19,0.114421354029
10/13/2024,FEU,Z14,2,0.116973772359
10/13/2024,FEU,Z14,20,0.145996103163
10/13/2024,FEU,Z14,21,0.164761611148
10/13/2024,FEU,Z14,22,0.171415709715
10/13/2024,FEU,Z14,23,0.149438452864
10/13/2024,FEU,Z14,24,0.140552928029
10/13/2024,FEU,Z14,3,0.111994756091
10/13/2024,FEU,Z14,4,0.113785310508
10/13/2024,FEU,Z14,5,0.110681098374
10/13/2024,FEU,Z14,6,0.116329841225
10/13/2024,FEU,Z14,7,0.114103364359
10/13/2024,FEU,Z14,8,0.123414447194
10/13/2024,FEU,Z14,9,0.113600806895
10/14/2024,FEU,Z14,1,0.129078116163
10/14/2024,FEU,Z14,10,0.18332009165
10/14/2024,FEU,Z14,11,0.215135078859
10/14/2024,FEU,Z14,12,0.196083398464
10/14/2024,FEU,Z14,13,0.186341928069
10/14/2024,FEU,Z14,14,0.178714830673
10/14/2024,FEU,Z14,15,0.125913049325
10/14/2024,FEU,Z14,16,0.125688450999
10/14/2024,FEU,Z14,17,0.124277912674
10/14/2024,FEU,Z14,18,0.15798330086
10/14/2024,FEU,Z14,19,0.235578702906
10/14/2024,FEU,Z14,2,0.121686681837
10/14/2024,FEU,Z14,20,0.282597747511
10/14/2024,FEU,Z14,21,0.294706809325
10/14/2024,FEU,Z14,22,0.236149071023
10/14/2024,FEU,Z14,23,0.157799991465
10/14/2024,FEU,Z14,24,0.154037782442
10/14/2024,FEU,Z14,3,0.12322875093
10/14/2024,FEU,Z14,4,0.122510502628
10/14/2024,FEU,Z14,5,0.123639637233
10/14/2024,FEU,Z14,6,0.131584491953
10/14/2024,FEU,Z14,7,0.134622346302
10/14/2024,FEU,Z14,8,0.153137635929
10/14/2024,FEU,Z14,9,0.220646011767
10/15/2024,FEU,Z14,1,0.115871280503
10/15/2024,FEU,Z14,10,0.177754669118
10/15/2024,FEU,Z14,11,0.202448919118
10/15/2024,FEU,Z14,12,0.193653891743
10/15/2024,FEU,Z14,13,0.186389341242
10/15/2024,FEU,Z14,14,0.186950821867
10/15/2024,FEU,Z14,15,0.129468308875
10/15/2024,FEU,Z14,16,0.132562546503
10/15/2024,FEU,Z14,17,0.14511004688
10/15/2024,FEU,Z14,18,0.14526686288
10/15/2024,FEU,Z14,19,0.207383478748
10/15/2024,FEU,Z14,2,0.114409084255
10/15/2024,FEU,Z14,20,0.218831834374
10/15/2024,FEU,Z14,21,0.239230908748
10/15/2024,FEU,Z14,22,0.216804665999
10/15/2024,FEU,Z14,23,0.154748550384
10/15/2024,FEU,Z14,24,0.145142576637
10/15/2024,FEU,Z14,3,0.118775200756
10/15/2024,FEU,Z14,4,0.112894737381
10/15/2024,FEU,Z14,5,0.106550776756
10/15/2024,FEU,Z14,6,0.108451433629
10/15/2024,FEU,Z14,7,0.1071978265
10/15/2024,FEU,Z14,8,0.125021243247
10/15/2024,FEU,Z14,9,0.18820355888
10/16/2024,FEU,Z14,1,0.09977357566
10/16/2024,FEU,Z14,10,0.123470811467
10/16/2024,FEU,Z14,11,0.145210604915
10/16/2024,FEU,Z14,12,0.126080595467
10/16/2024,FEU,Z14,13,0.113535257364
10/16/2024,FEU,Z14,14,0.112471921262
10/16/2024,FEU,Z14,15,0.065672082839
10/16/2024,FEU,Z14,16,0.078141067698
10/16/2024,FEU,Z14,17,0.098434838006
10/16/2024,FEU,Z14,18,0.124127757109
10/16/2024,FEU,Z14,19,0.198506679531
10/16/2024,FEU,Z14,2,0.094007076622
10/16/2024,FEU,Z14,20,0.208013105737
10/16/2024,FEU,Z14,21,0.236292865083
10/16/2024,FEU,Z14,22,0.228702247083
10/16/2024,FEU,Z14,23,0.158081407417
10/16/2024,FEU,Z14,24,0.152136360481
10/16/2024,FEU,Z14,3,0.092201168276
10/16/2024,FEU,Z14,4,0.086406686276
10/16/2024,FEU,Z14,5,0.086115350276
10/16/2024,FEU,Z14,6,0.085214110968
10/16/2024,FEU,Z14,7,0.099094655698
10/16/2024,FEU,Z14,8,0.092095020877
10/16/2024,FEU,Z14,9,0.130192418314
10/17/2024,FEU,Z14,1,0.133700512065
10/17/2024,FEU,Z14,10,0.158110341997
10/17/2024,FEU,Z14,11,0.176294670492
10/17/2024,FEU,Z14,12,0.119915789593
10/17/2024,FEU,Z14,13,0.115174551997
10/17/2024,FEU,Z14,14,0.115029341301
10/17/2024,FEU,Z14,15,0.063853006874
10/17/2024,FEU,Z14,16,0.063025856267
10/17/2024,FEU,Z14,17,0.06347009966
10/17/2024,FEU,Z14,18,0.067328679458
10/17/2024,FEU,Z14,19,0.171866460087
10/17/2024,FEU,Z14,2,0.125522541559
10/17/2024,FEU,Z14,20,0.205299212593
10/17/2024,FEU,Z14,21,0.201453959795
10/17/2024,FEU,Z14,22,0.192020713885
10/17/2024,FEU,Z14,23,0.14444213175
10/17/2024,FEU,Z14,24,0.143886010042
10/17/2024,FEU,Z14,3,0.121317122952
10/17/2024,FEU,Z14,4,0.120639878649
10/17/2024,FEU,Z14,5,0.109999126447
10/17/2024,FEU,Z14,6,0.102095814154
10/17/2024,FEU,Z14,7,0.110584822874
10/17/2024,FEU,Z14,8,0.130150734593
10/17/2024,FEU,Z14,9,0.158280048963
10/18/2024,FEU,Z14,1,0.099477232973
10/18/2024,FEU,Z14,10,0.146943413487
10/18/2024,FEU,Z14,11,0.172808800269
10/18/2024,FEU,Z14,12,0.14538271266
10/18/2024,FEU,Z14,13,0.115197326442
10/18/2024,FEU,Z14,14,0.113805912224
10/18/2024,FEU,Z14,15,0.064379564185
10/18/2024,FEU,Z14,16,0.064670122448
10/18/2024,FEU,Z14,17,0.06886799771
10/18/2024,FEU,Z14,18,0.124062683755
10/18/2024,FEU,Z14,19,0.211069836794
10/18/2024,FEU,Z14,2,0.096428429844
10/18/2024,FEU,Z14,20,0.239508772448
10/18/2024,FEU,Z14,21,0.227293089666
10/18/2024,FEU,Z14,22,0.216417435274
10/18/2024,FEU,Z14,23,0.156338262107
10/18/2024,FEU,Z14,24,0.147354116369
10/18/2024,FEU,Z14,3,0.08945674828
10/18/2024,FEU,Z14,4,0.078573893107
10/18/2024,FEU,Z14,5,0.078819530716
10/18/2024,FEU,Z14,6,0.09893983228
10/18/2024,FEU,Z14,7,0.107345558537
10/18/2024,FEU,Z14,8,0.119404181967
10/18/2024,FEU,Z14,9,0.174840728799
10/19/2024,FEU,Z14,1,0.118969902687
10/19/2024,FEU,Z14,10,0.122149827649
10/19/2024,FEU,Z14,11,0.104260186596
10/19/2024,FEU,Z14,12,0.080653822867
10/19/2024,FEU,Z14,13,0.067415359002
10/19/2024,FEU,Z14,14,0.052288998205
10/19/2024,FEU,Z14,15,0.048514547138
10/19/2024,FEU,Z14,16,0.040598572461
10/19/2024,FEU,Z14,17,0.045610506852
10/19/2024,FEU,Z14,18,0.077786190446
10/19/2024,FEU,Z14,19,0.10407620877
10/19/2024,FEU,Z14,2,0.117897893281
10/19/2024,FEU,Z14,20,0.119137211364
10/19/2024,FEU,Z14,21,0.129437574296
10/19/2024,FEU,Z14,22,0.141873920228
10/19/2024,FEU,Z14,23,0.12812331189
10/19/2024,FEU,Z14,24,0.120954619484
10/19/2024,FEU,Z14,3,0.108556474875
10/19/2024,FEU,Z14,4,0.097209072604
10/19/2024,FEU,Z14,5,0.097463713469
10/19/2024,FEU,Z14,6,0.097679868672
10/19/2024,FEU,Z14,7,0.110425762943
10/19/2024,FEU,Z14,8,0.114378586687
10/19/2024,FEU,Z14,9,0.122202944431
10/20/2024,FEU,Z14,1,0.115242239323
10/20/2024,FEU,Z14,10,0.116965838227
10/20/2024,FEU,Z14,11,0.062762690034
10/20/2024,FEU,Z14,12,0.043441706421
10/20/2024,FEU,Z14,13,0.034951286969
10/20/2024,FEU,Z14,14,0.034832749131
10/20/2024,FEU,Z14,15,0.035522601744
10/20/2024,FEU,Z14,16,0.036102177872
10/20/2024,FEU,Z14,17,0.039766837066
10/20/2024,FEU,Z14,18,0.064983879581
10/20/2024,FEU,Z14,19,0.131651837969
10/20/2024,FEU,Z14,2,0.098326778226
10/20/2024,FEU,Z14,20,0.156995187517
10/20/2024,FEU,Z14,21,0.177590321227
10/20/2024,FEU,Z14,22,0.179466904001
10/20/2024,FEU,Z14,23,0.14956564384
10/20/2024,FEU,Z14,24,0.149016735969
10/20/2024,FEU,Z14,3,0.089524439129
10/20/2024,FEU,Z14,4,0.094566784065
10/20/2024,FEU,Z14,5,0.099190093516
10/20/2024,FEU,Z14,6,0.106345904678
10/20/2024,FEU,Z14,7,0.115073620226
10/20/2024,FEU,Z14,8,0.111965568097
10/20/2024,FEU,Z14,9,0.11556635042
10/21/2024,FEU,Z14,1,0.133852926524
10/21/2024,FEU,Z14,10,0.168017234719
10/21/2024,FEU,Z14,11,0.197839380581
10/21/2024,FEU,Z14,12,0.190677679013
10/21/2024,FEU,Z14,13,0.178315662444
10/21/2024,FEU,Z14,14,0.173269939875
10/21/2024,FEU,Z14,15,0.123028809847
10/21/2024,FEU,Z14,16,0.124679735975
10/21/2024,FEU,Z14,17,0.130856436102
10/21/2024,FEU,Z14,18,0.155644825809
10/21/2024,FEU,Z14,19,0.218101436122
10/21/2024,FEU,Z14,2,0.127393458652
10/21/2024,FEU,Z14,20,0.281013837553
10/21/2024,FEU,Z14,21,0.304388849847
10/21/2024,FEU,Z14,22,0.237635832131
10/21/2024,FEU,Z14,23,0.16358125124
10/21/2024,FEU,Z14,24,0.156565632083
10/21/2024,FEU,Z14,3,0.114475366505
10/21/2024,FEU,Z14,4,0.109456285789
10/21/2024,FEU,Z14,5,0.109217541221
10/21/2024,FEU,Z14,6,0.113908368662
10/21/2024,FEU,Z14,7,0.12862561269
10/21/2024,FEU,Z14,8,0.140736135278
10/21/2024,FEU,Z14,9,0.190752711955
10/22/2024,FEU,Z14,1,0.122134977
10/22/2024,FEU,Z14,10,0.179475900212
10/22/2024,FEU,Z14,11,0.209155400212
10/22/2024,FEU,Z14,12,0.16692274856
10/22/2024,FEU,Z14,13,0.160846480168
10/22/2024,FEU,Z14,14,0.157714387516
10/22/2024,FEU,Z14,15,0.112970911868
10/22/2024,FEU,Z14,16,0.112772202
10/22/2024,FEU,Z14,17,0.112611977436
10/22/2024,FEU,Z14,18,0.139061609436
10/22/2024,FEU,Z14,19,0.208478968128
10/22/2024,FEU,Z14,2,0.112812240088
10/22/2024,FEU,Z14,20,0.247580662476
10/22/2024,FEU,Z14,21,0.225480991128
10/22/2024,FEU,Z14,22,0.211838429824
10/22/2024,FEU,Z14,23,0.160651017612
10/22/2024,FEU,Z14,24,0.154852491092
10/22/2024,FEU,Z14,3,0.10804396048
10/22/2024,FEU,Z14,4,0.114678830828
10/22/2024,FEU,Z14,5,0.10529989648
10/22/2024,FEU,Z14,6,0.11303262274
10/22/2024,FEU,Z14,7,0.116074765216
10/22/2024,FEU,Z14,8,0.141344788736
10/22/2024,FEU,Z14,9,0.197906813436
10/23/2024,FEU,Z14,1,0.110673004084
10/23/2024,FEU,Z14,10,0.169992873128
10/23/2024,FEU,Z14,11,0.195094849402
10/23/2024,FEU,Z14,12,0.172428009128
10/23/2024,FEU,Z14,13,0.170701937676
10/23/2024,FEU,Z14,14,0.160668606224
10/23/2024,FEU,Z14,15,0.111900688469
10/23/2024,FEU,Z14,16,0.117096602551
10/23/2024,FEU,Z14,17,0.121550517906
10/23/2024,FEU,Z14,18,0.132044206358
10/23/2024,FEU,Z14,19,0.213936042113
10/23/2024,FEU,Z14,2,0.116585071618
10/23/2024,FEU,Z14,20,0.280018349017
10/23/2024,FEU,Z14,21,0.262674470839
10/23/2024,FEU,Z14,22,0.233055038839
10/23/2024,FEU,Z14,23,0.161735200714
10/23/2024,FEU,Z14,24,0.1562373237
10/23/2024,FEU,Z14,3,0.109258860796
10/23/2024,FEU,Z14,4,0.100615494796
10/23/2024,FEU,Z14,5,0.100967724796
10/23/2024,FEU,Z14,6,0.10013678644
10/23/2024,FEU,Z14,7,0.120568971551
10/23/2024,FEU,Z14,8,0.135828665935
10/23/2024,FEU,Z14,9,0.201992960262
10/24/2024,FEU,Z14,1,0.11778775988
10/24/2024,FEU,Z14,10,0.165432809463
10/24/2024,FEU,Z14,11,0.184415702155
10/24/2024,FEU,Z14,12,0.175294142417
10/24/2024,FEU,Z14,13,0.162856650463
10/24/2024,FEU,Z14,14,0.155066032247
10/24/2024,FEU,Z14,15,0.091304929972
10/24/2024,FEU,Z14,16,0.084787586403
10/24/2024,FEU,Z14,17,0.112475298834
10/24/2024,FEU,Z14,18,0.130697592311
10/24/2024,FEU,Z14,19,0.19760572311
10/24/2024,FEU,Z14,2,0.109192549572
10/24/2024,FEU,Z14,20,0.229337531417
10/24/2024,FEU,Z14,21,0.21886079494
10/24/2024,FEU,Z14,22,0.211638254587
10/24/2024,FEU,Z14,23,0.147673244481
10/24/2024,FEU,Z14,24,0.13857700465
10/24/2024,FEU,Z14,3,0.107285697004
10/24/2024,FEU,Z14,4,0.107218886219
10/24/2024,FEU,Z14,5,0.107795667696
10/24/2024,FEU,Z14,6,0.111066487526
10/24/2024,FEU,Z14,7,0.113304635972
10/24/2024,FEU,Z14,8,0.129247290417
10/24/2024,FEU,Z14,9,0.191785307618
10/25/2024,FEU,Z14,1,0.101869382622
10/25/2024,FEU,Z14,10,0.147387390443
10/25/2024,FEU,Z14,11,0.184448406431
10/25/2024,FEU,Z14,12,0.175115841426
10/25/2024,FEU,Z14,13,0.168284382415
10/25/2024,FEU,Z14,14,0.166800401404
10/25/2024,FEU,Z14,15,0.114015702504
10/25/2024,FEU,Z14,16,0.105648666543
10/25/2024,FEU,Z14,17,0.103950126582
10/25/2024,FEU,Z14,18,0.12156558661
10/25/2024,FEU,Z14,19,0.18628873851
10/25/2024,FEU,Z14,2,0.100432830666
10/25/2024,FEU,Z14,20,0.222688146543
10/25/2024,FEU,Z14,21,0.225269510555
10/25/2024,FEU,Z14,22,0.21121329956
10/25/2024,FEU,Z14,23,0.152356858706
10/25/2024,FEU,Z14,24,0.146031612745
10/25/2024,FEU,Z14,3,0.089481142689
10/25/2024,FEU,Z14,4,0.089966067706
10/25/2024,FEU,Z14,5,0.095581606711
10/25/2024,FEU,Z14,6,0.086979110689
10/25/2024,FEU,Z14,7,0.099209926599
10/25/2024,FEU,Z14,8,0.111000163493
10/25/2024,FEU,Z14,9,0.160969917638
10/26/2024,FEU,Z14,1,0.119089591837
10/26/2024,FEU,Z14,10,0.118246016633
10/26/2024,FEU,Z14,11,0.098743627914
10/26/2024,FEU,Z14,12,0.086347932851
10/26/2024,FEU,Z14,13,0.06300200532
10/26/2024,FEU,Z14,14,0.062474299023
10/26/2024,FEU,Z14,15,0.052782309789
10/26/2024,FEU,Z14,16,0.042553457445
10/26/2024,FEU,Z14,17,0.043323414336
10/26/2024,FEU,Z14,18,0.08794706893
10/26/2024,FEU,Z14,19,0.108284587587
10/26/2024,FEU,Z14,2,0.109710135431
10/26/2024,FEU,Z14,20,0.143776333181
10/26/2024,FEU,Z14,21,0.131637881947
10/26/2024,FEU,Z14,22,0.114319314712
10/26/2024,FEU,Z14,23,0.11768970654
10/26/2024,FEU,Z14,24,0.124566071134
10/26/2024,FEU,Z14,3,0.104514446025
10/26/2024,FEU,Z14,4,0.096353539088
10/26/2024,FEU,Z14,5,0.096423597619
10/26/2024,FEU,Z14,6,0.095006420322
10/26/2024,FEU,Z14,7,0.10329866126
10/26/2024,FEU,Z14,8,0.108014881837
10/26/2024,FEU,Z14,9,0.104687404415
10/27/2024,FEU,Z14,1,0.138912981282
10/27/2024,FEU,Z14,10,0.13112782645
10/27/2024,FEU,Z14,11,0.10668312756
10/27/2024,FEU,Z14,12,0.094674304567
10/27/2024,FEU,Z14,13,0.079309653597
10/27/2024,FEU,Z14,14,0.075323919619
10/27/2024,FEU,Z14,15,0.075398806611
10/27/2024,FEU,Z14,16,0.091980361538
10/27/2024,FEU,Z14,17,0.084372361428
10/27/2024,FEU,Z14,18,0.107180737362
10/27/2024,FEU,Z14,19,0.12943175537
10/27/2024,FEU,Z14,2,0.135073487223
10/27/2024,FEU,Z14,20,0.139990243399
10/27/2024,FEU,Z14,21,0.17513072845
10/27/2024,FEU,Z14,22,0.155697851465
10/27/2024,FEU,Z14,23,0.147387767443
10/27/2024,FEU,Z14,24,0.12986290337
10/27/2024,FEU,Z14,25,0.147850633186
10/27/2024,FEU,Z14,3,0.135258829164
10/27/2024,FEU,Z14,4,0.134209848201
10/27/2024,FEU,Z14,5,0.135626136172
10/27/2024,FEU,Z14,6,0.134624613194
10/27/2024,FEU,Z14,7,0.122546001223
10/27/2024,FEU,Z14,8,0.131303095296
10/27/2024,FEU,Z14,9,0.13466200934
10/28/2024,FEU,Z14,1,0.109647852121
10/28/2024,FEU,Z14,10,0.130823177965
10/28/2024,FEU,Z14,11,0.171701542054
10/28/2024,FEU,Z14,12,0.161777145098
10/28/2024,FEU,Z14,13,0.158825321143
10/28/2024,FEU,Z14,14,0.160427935187
10/28/2024,FEU,Z14,15,0.112635434221
10/28/2024,FEU,Z14,16,0.115566069476
10/28/2024,FEU,Z14,17,0.155184588732
10/28/2024,FEU,Z14,18,0.187141311598
10/28/2024,FEU,Z14,19,0.275617486043
10/28/2024,FEU,Z14,2,0.100872366376
10/28/2024,FEU,Z14,20,0.254739419087
10/28/2024,FEU,Z14,21,0.232037554221
10/28/2024,FEU,Z14,22,0.226536896698
10/28/2024,FEU,Z14,23,0.166018710643
10/28/2024,FEU,Z14,24,0.149771387421
10/28/2024,FEU,Z14,3,0.101104865809
10/28/2024,FEU,Z14,4,0.096781428287
10/28/2024,FEU,Z14,5,0.097392973332
10/28/2024,FEU,Z14,6,0.101338785032
10/28/2024,FEU,Z14,7,0.115706698998
10/28/2024,FEU,Z14,8,0.128421029265
10/28/2024,FEU,Z14,9,0.169595951165
10/29/2024,FEU,Z14,1,0.113266498222
10/29/2024,FEU,Z14,10,0.135860659615
10/29/2024,FEU,Z14,11,0.186812859615
10/29/2024,FEU,Z14,12,0.184010153667
10/29/2024,FEU,Z14,13,0.18307958846
10/29/2024,FEU,Z14,14,0.182798995512
10/29/2024,FEU,Z14,15,0.135961688756
10/29/2024,FEU,Z14,16,0.139141220222
10/29/2024,FEU,Z14,17,0.143105209585
10/29/2024,FEU,Z14,18,0.143237077585
10/29/2024,FEU,Z14,19,0.201859398497
10/29/2024,FEU,Z14,2,0.108175466533
10/29/2024,FEU,Z14,20,0.210267388548
10/29/2024,FEU,Z14,21,0.215543640497
10/29/2024,FEU,Z14,22,0.2051362066
10/29/2024,FEU,Z14,23,0.151773062207
10/29/2024,FEU,Z14,24,0.137228482726
10/29/2024,FEU,Z14,3,0.100478375741
10/29/2024,FEU,Z14,4,0.091557253793
10/29/2024,FEU,Z14,5,0.090260786741
10/29/2024,FEU,Z14,6,0.100621967482
10/29/2024,FEU,Z14,7,0.112219939808
10/29/2024,FEU,Z14,8,0.126069602289
10/29/2024,FEU,Z14,9,0.163342789585
10/30/2024,FEU,Z14,1,0.106178056138
10/30/2024,FEU,Z14,10,0.146808543652
10/30/2024,FEU,Z14,11,0.179447801758
10/30/2024,FEU,Z14,12,0.179350926652
10/30/2024,FEU,Z14,13,0.182258154865
10/30/2024,FEU,Z14,14,0.181562758078
10/30/2024,FEU,Z14,15,0.128951301841
10/30/2024,FEU,Z14,16,0.135571549096
10/30/2024,FEU,Z14,17,0.152735265457
10/30/2024,FEU,Z14,18,0.169901359244
10/30/2024,FEU,Z14,19,0.26680671648
10/30/2024,FEU,Z14,2,0.093531084179
10/30/2024,FEU,Z14,20,0.263230172054
10/30/2024,FEU,Z14,21,0.262621259374
10/30/2024,FEU,Z14,22,0.249301106374
10/30/2024,FEU,Z14,23,0.166681628605
10/30/2024,FEU,Z14,24,0.160413752434
10/30/2024,FEU,Z14,3,0.09231739486
10/30/2024,FEU,Z14,4,0.08460773686
10/30/2024,FEU,Z14,5,0.07972308286
10/30/2024,FEU,Z14,6,0.092880681499
10/30/2024,FEU,Z14,7,0.109212182096
10/30/2024,FEU,Z14,8,0.1126472078
10/30/2024,FEU,Z14,9,0.156751043818
10/31/2024,FEU,Z14,1,0.117795390884
10/31/2024,FEU,Z14,10,0.162986256874
10/31/2024,FEU,Z14,11,0.202944296738
10/31/2024,FEU,Z14,12,0.192664367565
10/31/2024,FEU,Z14,13,0.195284391874
10/31/2024,FEU,Z14,14,0.190490871356
10/31/2024,FEU,Z14,15,0.143610997502
10/31/2024,FEU,Z14,16,0.158443556539
10/31/2024,FEU,Z14,17,0.177685435575
10/31/2024,FEU,Z14,18,0.205154005921
10/31/2024,FEU,Z14,19,0.251438117429
10/31/2024,FEU,Z14,2,0.114169064748
10/31/2024,FEU,Z14,20,0.249547562565
10/31/2024,FEU,Z14,21,0.26532329022
10/31/2024,FEU,Z14,22,0.249994713775
10/31/2024,FEU,Z14,23,0.17882978013
10/31/2024,FEU,Z14,24,0.168042520339
10/31/2024,FEU,Z14,3,0.113661438784
10/31/2024,FEU,Z14,4,0.110771407303
10/31/2024,FEU,Z14,5,0.109182095648
10/31/2024,FEU,Z14,6,0.114677101439
10/31/2024,FEU,Z14,7,0.126826231502
10/31/2024,FEU,Z14,8,0.159488361565
10/31/2024,FEU,Z14,9,0.191902149057
11/01/2024,FEU,Z14,1,0.131224785097
11/01/2024,FEU,Z14,10,0.108474805314
11/01/2024,FEU,Z14,11,0.103903617283
11/01/2024,FEU,Z14,12,0.082883718613
11/01/2024,FEU,Z14,13,0.084719537283
11/01/2024,FEU,Z14,14,0.085249657283
11/01/2024,FEU,Z14,15,0.095881231953
11/01/2024,FEU,Z14,16,0.111227800314
11/01/2024,FEU,Z14,17,0.126010582675
11/01/2024,FEU,Z14,18,0.148274349035
11/01/2024,FEU,Z14,19,0.169866124705
11/01/2024,FEU,Z14,2,0.129232284127
11/01/2024,FEU,Z14,20,0.163692190375
11/01/2024,FEU,Z14,21,0.162686319035
11/01/2024,FEU,Z14,22,0.153587088705
11/01/2024,FEU,Z14,23,0.142993107386
11/01/2024,FEU,Z14,24,0.137598484746
11/01/2024,FEU,Z14,3,0.123589166807
11/01/2024,FEU,Z14,4,0.125027421158
11/01/2024,FEU,Z14,5,0.125295796148
11/01/2024,FEU,Z14,6,0.126178589137
11/01/2024,FEU,Z14,7,0.126865779457
11/01/2024,FEU,Z14,8,0.121381722767
11/01/2024,FEU,Z14,9,0.112889866716
11/02/2024,FEU,Z14,1,0.144931756778
11/02/2024,FEU,Z14,10,0.128866932898
11/02/2024,FEU,Z14,11,0.114337231056
11/02/2024,FEU,Z14,12,0.107092170703
11/02/2024,FEU,Z14,13,0.109604159135
11/02/2024,FEU,Z14,14,0.104535408782
11/02/2024,FEU,Z14,15,0.107479496487
11/02/2024,FEU,Z14,16,0.108734411683
11/02/2024,FEU,Z14,17,0.125919197172
11/02/2024,FEU,Z14,18,0.147048141094
11/02/2024,FEU,Z14,19,0.155643425309
11/02/2024,FEU,Z14,2,0.144166854189
11/02/2024,FEU,Z14,20,0.156341204231
11/02/2024,FEU,Z14,21,0.153829771799
11/02/2024,FEU,Z14,22,0.154111975799
11/02/2024,FEU,Z14,23,0.14682198672
11/02/2024,FEU,Z14,24,0.14048195921
11/02/2024,FEU,Z14,3,0.144140252463
11/02/2024,FEU,Z14,4,0.141392466032
11/02/2024,FEU,Z14,5,0.142451258816
11/02/2024,FEU,Z14,6,0.140583029816
11/02/2024,FEU,Z14,7,0.147318310189
11/02/2024,FEU,Z14,8,0.151145306347
11/02/2024,FEU,Z14,9,0.147746038936
11/03/2024,FEU,Z14,1,0.15596976243
11/03/2024,FEU,Z14,10,0.084693972626
11/03/2024,FEU,Z14,11,0.067036157586
11/03/2024,FEU,Z14,12,0.054315696688
11/03/2024,FEU,Z14,13,0.040212691239
11/03/2024,FEU,Z14,14,0.059491920342
11/03/2024,FEU,Z14,15,0.059368639239
11/03/2024,FEU,Z14,16,0.067938531933
11/03/2024,FEU,Z14,17,0.110069652626
11/03/2024,FEU,Z14,18,0.143124824217
11/03/2024,FEU,Z14,19,0.164124494492
11/03/2024,FEU,Z14,2,0.14995428595
11/03/2024,FEU,Z14,20,0.160582862492
11/03/2024,FEU,Z14,21,0.156600932492
11/03/2024,FEU,Z14,22,0.148053034768
11/03/2024,FEU,Z14,23,0.146287652941
11/03/2024,FEU,Z14,24,0.147809886012
11/03/2024,FEU,Z14,3,0.146546691745
11/03/2024,FEU,Z14,4,0.147187925367
11/03/2024,FEU,Z14,5,0.138010861816
11/03/2024,FEU,Z14,6,0.136478689367
11/03/2024,FEU,Z14,7,0.144512562847
11/03/2024,FEU,Z14,8,0.145412105603
11/03/2024,FEU,Z14,9,0.13032708891
11/04/2024,FEU,Z14,1,0.14044398712
11/04/2024,FEU,Z14,10,0.174448848755
11/04/2024,FEU,Z14,11,0.204219315579
11/04/2024,FEU,Z14,12,0.198316850449
11/04/2024,FEU,Z14,13,0.195241703579
11/04/2024,FEU,Z14,14,0.192134095144
11/04/2024,FEU,Z14,15,0.145138041884
11/04/2024,FEU,Z14,16,0.16648682906
11/04/2024,FEU,Z14,17,0.1783306048
11/04/2024,FEU,Z14,18,0.199056455976
11/04/2024,FEU,Z14,19,0.278079553411
11/04/2024,FEU,Z14,2,0.141181422906
11/04/2024,FEU,Z14,20,0.265190413411
11/04/2024,FEU,Z14,21,0.230538561716
11/04/2024,FEU,Z14,22,0.225767340456
11/04/2024,FEU,Z14,23,0.179570556548
11/04/2024,FEU,Z14,24,0.170394080899
11/04/2024,FEU,Z14,3,0.143528499516
11/04/2024,FEU,Z14,4,0.138749056387
11/04/2024,FEU,Z14,5,0.140294157257
11/04/2024,FEU,Z14,6,0.142896549471
11/04/2024,FEU,Z14,7,0.148858967028
11/04/2024,FEU,Z14,8,0.157626585197
11/04/2024,FEU,Z14,9,0.183687719716
11/05/2024,FEU,Z14,1,0.1364615174
11/05/2024,FEU,Z14,10,0.171512213442
11/05/2024,FEU,Z14,11,0.209503975265
11/05/2024,FEU,Z14,12,0.194630695629
11/05/2024,FEU,Z14,13,0.193715515994
11/05/2024,FEU,Z14,14,0.199159038358
11/05/2024,FEU,Z14,15,0.160896711536
11/05/2024,FEU,Z14,16,0.164842288348
11/05/2024,FEU,Z14,17,0.168368021619
11/05/2024,FEU,Z14,18,0.178230836161
11/05/2024,FEU,Z14,19,0.312538949161
11/05/2024,FEU,Z14,2,0.129654404932
11/05/2024,FEU,Z14,20,0.305231052702
11/05/2024,FEU,Z14,21,0.266233075609
11/05/2024,FEU,Z14,22,0.233779434786
11/05/2024,FEU,Z14,23,0.17776689514
11/05/2024,FEU,Z14,24,0.168586860765
11/05/2024,FEU,Z14,3,0.127837742838
11/05/2024,FEU,Z14,4,0.128352328473
11/05/2024,FEU,Z14,5,0.128425406838
11/05/2024,FEU,Z14,6,0.138635801567
11/05/2024,FEU,Z14,7,0.150958663588
11/05/2024,FEU,Z14,8,0.159270701421
11/05/2024,FEU,Z14,9,0.195486721515
11/06/2024,FEU,Z14,1,0.159168281541
11/06/2024,FEU,Z14,10,0.172891903501
11/06/2024,FEU,Z14,11,0.202666878259
11/06/2024,FEU,Z14,12,0.194370603449
11/06/2024,FEU,Z14,13,0.187831229017
11/06/2024,FEU,Z14,14,0.190120274638
11/06/2024,FEU,Z14,15,0.13599773788
11/06/2024,FEU,Z14,16,0.146929196364
11/06/2024,FEU,Z14,17,0.161055695227
11/06/2024,FEU,Z14,18,0.1827581029
11/06/2024,FEU,Z14,19,0.28981371809
11/06/2024,FEU,Z14,2,0.156084170214
11/06/2024,FEU,Z14,20,0.283737453521
11/06/2024,FEU,Z14,21,0.244248678521
11/06/2024,FEU,Z14,22,0.232204572573
11/06/2024,FEU,Z14,23,0.175823134299
11/06/2024,FEU,Z14,24,0.176447988404
11/06/2024,FEU,Z14,3,0.160373930698
11/06/2024,FEU,Z14,4,0.15791469594
11/06/2024,FEU,Z14,5,0.15184981613
11/06/2024,FEU,Z14,6,0.152959880456
11/06/2024,FEU,Z14,7,0.153663587057
11/06/2024,FEU,Z14,8,0.157205252658
11/06/2024,FEU,Z14,9,0.187454045658
11/07/2024,FEU,Z14,1,0.143214276584
11/07/2024,FEU,Z14,10,0.176834052963
11/07/2024,FEU,Z14,11,0.211817914292
11/07/2024,FEU,Z14,12,0.199832571179
11/07/2024,FEU,Z14,13,0.192613392065
11/07/2024,FEU,Z14,14,0.192601752065
11/07/2024,FEU,Z14,15,0.146066551849
11/07/2024,FEU,Z14,16,0.16655842919
11/07/2024,FEU,Z14,17,0.179814140417
11/07/2024,FEU,Z14,18,0.180593135644
11/07/2024,FEU,Z14,19,0.265063715201
11/07/2024,FEU,Z14,2,0.132661566482
11/07/2024,FEU,Z14,20,0.257099221428
11/07/2024,FEU,Z14,21,0.240887642541
11/07/2024,FEU,Z14,22,0.233200567655
11/07/2024,FEU,Z14,23,0.173124935665
11/07/2024,FEU,Z14,24,0.170772713676
11/07/2024,FEU,Z14,3,0.138263358822
11/07/2024,FEU,Z14,4,0.144049450379
11/07/2024,FEU,Z14,5,0.144877565265
11/07/2024,FEU,Z14,6,0.151526104811
11/07/2024,FEU,Z14,7,0.147431208563
11/07/2024,FEU,Z14,8,0.161003805984
11/07/2024,FEU,Z14,9,0.191624544314
11/08/2024,FEU,Z14,1,0.136487055166
11/08/2024,FEU,Z14,10,0.178401916092
11/08/2024,FEU,Z14,11,0.221792344391
11/08/2024,FEU,Z14,12,0.216674200391
11/08/2024,FEU,Z14,13,0.210240249274
11/08/2024,FEU,Z14,14,0.211510575274
11/08/2024,FEU,Z14,15,0.168898964858
11/08/2024,FEU,Z14,16,0.189317568793
11/08/2024,FEU,Z14,17,0.19781291226
11/08/2024,FEU,Z14,18,0.217893753428
11/08/2024,FEU,Z14,19,0.244034583895
11/08/2024,FEU,Z14,2,0.137121929867
11/08/2024,FEU,Z14,20,0.243705139246
11/08/2024,FEU,Z14,21,0.244331499596
11/08/2024,FEU,Z14,22,0.242476641947
11/08/2024,FEU,Z14,23,0.188895549232
11/08/2024,FEU,Z14,24,0.193172662283
11/08/2024,FEU,Z14,3,0.139638843685
11/08/2024,FEU,Z14,4,0.140324655918
11/08/2024,FEU,Z14,5,0.140099199918
11/08/2024,FEU,Z14,6,0.141132146867
11/08/2024,FEU,Z14,7,0.146722368531
11/08/2024,FEU,Z14,8,0.165532183895
11/08/2024,FEU,Z14,9,0.194090178311
11/09/2024,FEU,Z14,1,0.155063501711
11/09/2024,FEU,Z14,10,0.159306015435
11/09/2024,FEU,Z14,11,0.148584057503
11/09/2024,FEU,Z14,12,0.140071837024
11/09/2024,FEU,Z14,13,0.133436438037
11/09/2024,FEU,Z14,14,0.129232531558
11/09/2024,FEU,Z14,15,0.126230979517
11/09/2024,FEU,Z14,16,0.128490505929
11/09/2024,FEU,Z14,17,0.156018509381
11/09/2024,FEU,Z14,18,0.177345391847
11/09/2024,FEU,Z14,19,0.171819984354
11/09/2024,FEU,Z14,2,0.15776161563
11/09/2024,FEU,Z14,20,0.17536044182
11/09/2024,FEU,Z14,21,0.167591086806
11/09/2024,FEU,Z14,22,0.157686208806
11/09/2024,FEU,Z14,23,0.151505782272
11/09/2024,FEU,Z14,24,0.148507006725
11/09/2024,FEU,Z14,3,0.149465691575
11/09/2024,FEU,Z14,4,0.149411698562
11/09/2024,FEU,Z14,5,0.149542212055
11/09/2024,FEU,Z14,6,0.150778997055
11/09/2024,FEU,Z14,7,0.15205868763
11/09/2024,FEU,Z14,8,0.149544130698
11/09/2024,FEU,Z14,9,0.165951346779
11/10/2024,FEU,Z14,1,0.162566144692
11/10/2024,FEU,Z14,10,0.13024046922
11/10/2024,FEU,Z14,11,0.104540275747
11/10/2024,FEU,Z14,12,0.083997161642
11/10/2024,FEU,Z14,13,0.081506524589
11/10/2024,FEU,Z14,14,0.081601290484
11/10/2024,FEU,Z14,15,0.081624088589
11/10/2024,FEU,Z14,16,0.087356410905
11/10/2024,FEU,Z14,17,0.13032481722
11/10/2024,FEU,Z14,18,0.166512285641
11/10/2024,FEU,Z14,19,0.172800292114
11/10/2024,FEU,Z14,2,0.162374251429
11/10/2024,FEU,Z14,20,0.170040610114
11/10/2024,FEU,Z14,21,0.167658670114
11/10/2024,FEU,Z14,22,0.156173508588
11/10/2024,FEU,Z14,23,0.154084969167
11/10/2024,FEU,Z14,24,0.152060129851
11/10/2024,FEU,Z14,3,0.160672953639
11/10/2024,FEU,Z14,4,0.156865645271
11/10/2024,FEU,Z14,5,0.155882555323
11/10/2024,FEU,Z14,6,0.155118598271
11/10/2024,FEU,Z14,7,0.157978043534
11/10/2024,FEU,Z14,8,0.162633334271
11/10/2024,FEU,Z14,9,0.162650559956
11/11/2024,FEU,Z14,1,0.172262978992
11/11/2024,FEU,Z14,10,0.150204615429
11/11/2024,FEU,Z14,11,0.160660774432
11/11/2024,FEU,Z14,12,0.153419233631
11/11/2024,FEU,Z14,13,0.139815656432
11/11/2024,FEU,Z14,14,0.118085705833
11/11/2024,FEU,Z14,15,0.05843893323
11/11/2024,FEU,Z14,16,0.058225751227
11/11/2024,FEU,Z14,17,0.133333725624
11/11/2024,FEU,Z14,18,0.182426854621
11/11/2024,FEU,Z14,19,0.23399140722
11/11/2024,FEU,Z14,2,0.167674371585
11/11/2024,FEU,Z14,20,0.23456606722
11/11/2024,FEU,Z14,21,0.226499994018
11/11/2024,FEU,Z14,22,0.214171732416
11/11/2024,FEU,Z14,23,0.158704579806
11/11/2024,FEU,Z14,24,0.1477074058
11/11/2024,FEU,Z14,3,0.167367703181
11/11/2024,FEU,Z14,4,0.154684120379
11/11/2024,FEU,Z14,5,0.149675365578
11/11/2024,FEU,Z14,6,0.147035932985
11/11/2024,FEU,Z14,7,0.141171134601
11/11/2024,FEU,Z14,8,0.155457969813
11/11/2024,FEU,Z14,9,0.185689550018
11/12/2024,FEU,Z14,1,0.114953828962
11/12/2024,FEU,Z14,10,0.142481725836
11/12/2024,FEU,Z14,11,0.112542909572
11/12/2024,FEU,Z14,12,0.110929338319
11/12/2024,FEU,Z14,13,0.111076943066
11/12/2024,FEU,Z14,14,0.110929095814
11/12/2024,FEU,Z14,15,0.061208791078
11/12/2024,FEU,Z14,16,0.061404353595
11/12/2024,FEU,Z14,17,0.117467747101
11/12/2024,FEU,Z14,18,0.177823630112
11/12/2024,FEU,Z14,19,0.238973614112
11/12/2024,FEU,Z14,2,0.100007996755
11/12/2024,FEU,Z14,20,0.245203997124
11/12/2024,FEU,Z14,21,0.254372621882
11/12/2024,FEU,Z14,22,0.245942662146
11/12/2024,FEU,Z14,23,0.196385538675
11/12/2024,FEU,Z14,24,0.190420396709
11/12/2024,FEU,Z14,3,0.101345575513
11/12/2024,FEU,Z14,4,0.096356739766
11/12/2024,FEU,Z14,5,0.080445927513
11/12/2024,FEU,Z14,6,0.100923531008
11/12/2024,FEU,Z14,7,0.119649257445
11/12/2024,FEU,Z14,8,0.152553325399
11/12/2024,FEU,Z14,9,0.180337217641
11/13/2024,FEU,Z14,1,0.142358749631
11/13/2024,FEU,Z14,10,0.183181275976
11/13/2024,FEU,Z14,11,0.215464773247
11/13/2024,FEU,Z14,12,0.193473246064
11/13/2024,FEU,Z14,13,0.189753230518
11/13/2024,FEU,Z14,14,0.190384676882
11/13/2024,FEU,Z14,15,0.143140341611
11/13/2024,FEU,Z14,16,0.158781555069
11/13/2024,FEU,Z14,17,0.175990248163
11/13/2024,FEU,Z14,18,0.179431269439
11/13/2024,FEU,Z14,19,0.233885521256
11/13/2024,FEU,Z14,2,0.142851764906
11/13/2024,FEU,Z14,20,0.247200772803
11/13/2024,FEU,Z14,21,0.248232057803
11/13/2024,FEU,Z14,22,0.232269818714
11/13/2024,FEU,Z14,23,0.179371108902
11/13/2024,FEU,Z14,24,0.164554716724
11/13/2024,FEU,Z14,3,0.146979877365
11/13/2024,FEU,Z14,4,0.141016650094
11/13/2024,FEU,Z14,5,0.137459366911
11/13/2024,FEU,Z14,6,0.139748000636
11/13/2024,FEU,Z14,7,0.143463684173
11/13/2024,FEU,Z14,8,0.15881441171
11/13/2024,FEU,Z14,9,0.18703595971
11/14/2024,FEU,Z14,1,0.129837348402
11/14/2024,FEU,Z14,10,0.182020371672
11/14/2024,FEU,Z14,11,0.230307314105
11/14/2024,FEU,Z14,12,0.228896247061
11/14/2024,FEU,Z14,13,0.227029340016
11/14/2024,FEU,Z14,14,0.228612380016
11/14/2024,FEU,Z14,15,0.179324561628
11/14/2024,FEU,Z14,16,0.186865913762
11/14/2024,FEU,Z14,17,0.191619426851
11/14/2024,FEU,Z14,18,0.195957898941
11/14/2024,FEU,Z14,19,0.257181786463
11/14/2024,FEU,Z14,2,0.130024137058
11/14/2024,FEU,Z14,20,0.263942060552
11/14/2024,FEU,Z14,21,0.250786021597
11/14/2024,FEU,Z14,22,0.238867294642
11/14/2024,FEU,Z14,23,0.182468674343
11/14/2024,FEU,Z14,24,0.174007002044
11/14/2024,FEU,Z14,3,0.131549175192
11/14/2024,FEU,Z14,4,0.131452247715
11/14/2024,FEU,Z14,5,0.13158387867
11/14/2024,FEU,Z14,6,0.136458562491
11/14/2024,FEU,Z14,7,0.149372422999
11/14/2024,FEU,Z14,8,0.160163142075
11/14/2024,FEU,Z14,9,0.194818401508
11/15/2024,FEU,Z14,1,0.150898338781
11/15/2024,FEU,Z14,10,0.196478809096
11/15/2024,FEU,Z14,11,0.236951654517
11/15/2024,FEU,Z14,12,0.229021776517
11/15/2024,FEU,Z14,13,0.222988261754
11/15/2024,FEU,Z14,14,0.221824471754
11/15/2024,FEU,Z14,15,0.17300045457
11/15/2024,FEU,Z14,16,0.176494704675
11/15/2024,FEU,Z14,17,0.185029671728
11/15/2024,FEU,Z14,18,0.201765484359
11/15/2024,FEU,Z14,19,0.247007852412
11/15/2024,FEU,Z14,2,0.14678686636
11/15/2024,FEU,Z14,20,0.241264693702
11/15/2024,FEU,Z14,21,0.241508486991
11/15/2024,FEU,Z14,22,0.242506168281
11/15/2024,FEU,Z14,23,0.185486950675
11/15/2024,FEU,Z14,24,0.173997257544
11/15/2024,FEU,Z14,3,0.148421838702
11/15/2024,FEU,Z14,4,0.144844428228
11/15/2024,FEU,Z14,5,0.145619356228
11/15/2024,FEU,Z14,6,0.14910812036
11/15/2024,FEU,Z14,7,0.167159710096
11/15/2024,FEU,Z14,8,0.177305241412
11/15/2024,FEU,Z14,9,0.208349855596
11/16/2024,FEU,Z14,1,0.145724359819
11/16/2024,FEU,Z14,10,0.154859472676
11/16/2024,FEU,Z14,11,0.150112940087
11/16/2024,FEU,Z14,12,0.140762108711
11/16/2024,FEU,Z14,13,0.136517585793
11/16/2024,FEU,Z14,14,0.134418175416
11/16/2024,FEU,Z14,15,0.13582246417
11/16/2024,FEU,Z14,16,0.147557865135
11/16/2024,FEU,Z14,17,0.160058763347
11/16/2024,FEU,Z14,18,0.171339350641
11/16/2024,FEU,Z14,19,0.173036928183
11/16/2024,FEU,Z14,2,0.141440037325
11/16/2024,FEU,Z14,20,0.175556652477
11/16/2024,FEU,Z14,21,0.178733279395
11/16/2024,FEU,Z14,22,0.179957369395
11/16/2024,FEU,Z14,23,0.171287425689
11/16/2024,FEU,Z14,24,0.170517442901
11/16/2024,FEU,Z14,3,0.138815288996
11/16/2024,FEU,Z14,4,0.145767627914
11/16/2024,FEU,Z14,5,0.145782094373
11/16/2024,FEU,Z14,6,0.145453942373
11/16/2024,FEU,Z14,7,0.137461909325
11/16/2024,FEU,Z14,8,0.144841832736
11/16/2024,FEU,Z14,9,0.15726592523
11/17/2024,FEU,Z14,1,0.177685127341
11/17/2024,FEU,Z14,10,0.139258608883
11/17/2024,FEU,Z14,11,0.12362534693
11/17/2024,FEU,Z14,12,0.123258744718
11/17/2024,FEU,Z14,13,0.125380043612
11/17/2024,FEU,Z14,14,0.119329161401
11/17/2024,FEU,Z14,15,0.124671167612
11/17/2024,FEU,Z14,16,0.133509738248
11/17/2024,FEU,Z14,17,0.148931304883
11/17/2024,FEU,Z14,18,0.18054132573
11/17/2024,FEU,Z14,19,0.179319381177
11/17/2024,FEU,Z14,2,0.169123030318
11/17/2024,FEU,Z14,20,0.184509123177
11/17/2024,FEU,Z14,21,0.189822774177
11/17/2024,FEU,Z14,22,0.194743316624
11/17/2024,FEU,Z14,23,0.183196596283
11/17/2024,FEU,Z14,24,0.179274410153
11/17/2024,FEU,Z14,3,0.163431468741
11/17/2024,FEU,Z14,4,0.164292810506
11/17/2024,FEU,Z14,5,0.156449634612
11/17/2024,FEU,Z14,6,0.159329750506
11/17/2024,FEU,Z14,7,0.151438960529
11/17/2024,FEU,Z14,8,0.160546995
11/17/2024,FEU,Z14,9,0.159696928365
11/18/2024,FEU,Z14,1,0.172171266442
11/18/2024,FEU,Z14,10,0.191844354309
11/18/2024,FEU,Z14,11,0.228913180262
11/18/2024,FEU,Z14,12,0.224967997481
11/18/2024,FEU,Z14,13,0.214875058262
11/18/2024,FEU,Z14,14,0.214803983652
11/18/2024,FEU,Z14,15,0.17149287509
11/18/2024,FEU,Z14,16,0.181326143138
11/18/2024,FEU,Z14,17,0.192267363576
11/18/2024,FEU,Z14,18,0.211519870623
11/18/2024,FEU,Z14,19,0.277712779233
11/18/2024,FEU,Z14,2,0.169297094147
11/18/2024,FEU,Z14,20,0.266439059233
11/18/2024,FEU,Z14,21,0.267845856061
11/18/2024,FEU,Z14,22,0.2534756885
11/18/2024,FEU,Z14,23,0.196216626033
11/18/2024,FEU,Z14,24,0.189786035128
11/18/2024,FEU,Z14,3,0.161647595804
11/18/2024,FEU,Z14,4,0.167187347023
11/18/2024,FEU,Z14,5,0.170116786242
11/18/2024,FEU,Z14,6,0.168974714537
11/18/2024,FEU,Z14,7,0.174453707909
11/18/2024,FEU,Z14,8,0.174377016938
11/18/2024,FEU,Z14,9,0.207279312061
11/19/2024,FEU,Z14,1,0.175235081077
11/19/2024,FEU,Z14,10,0.191764544975
11/19/2024,FEU,Z14,11,0.241083263373
11/19/2024,FEU,Z14,12,0.242703529052
11/19/2024,FEU,Z14,13,0.234933032732
11/19/2024,FEU,Z14,14,0.209940870411
11/19/2024,FEU,Z14,15,0.147732584014
11/19/2024,FEU,Z14,16,0.156243828937
11/19/2024,FEU,Z14,17,0.199382951578
11/19/2024,FEU,Z14,18,0.21673660486
11/19/2024,FEU,Z14,19,0.25361215786
11/19/2024,FEU,Z14,2,0.171040592884
11/19/2024,FEU,Z14,20,0.253742971142
11/19/2024,FEU,Z14,21,0.254179384103
11/19/2024,FEU,Z14,22,0.254285697705
11/19/2024,FEU,Z14,23,0.19827479291
11/19/2024,FEU,Z14,24,0.184607782756
11/19/2024,FEU,Z14,3,0.170776250846
11/19/2024,FEU,Z14,4,0.168934902166
11/19/2024,FEU,Z14,5,0.159731370846
11/19/2024,FEU,Z14,6,0.159389204205
11/19/2024,FEU,Z14,7,0.168422339154
11/19/2024,FEU,Z14,8,0.173525454026
11/19/2024,FEU,Z14,9,0.202367090065
11/20/2024,FEU,Z14,1,0.150636356664
11/20/2024,FEU,Z14,10,0.181483956818
11/20/2024,FEU,Z14,11,0.203425757119
11/20/2024,FEU,Z14,12,0.174621066694
11/20/2024,FEU,Z14,13,0.157536933419
11/20/2024,FEU,Z14,14,0.157379616269
11/20/2024,FEU,Z14,15,0.083225641969
11/20/2024,FEU,Z14,16,0.111683321368
11/20/2024,FEU,Z14,17,0.159537157917
11/20/2024,FEU,Z14,18,0.199580135891
11/20/2024,FEU,Z14,19,0.264653714466
11/20/2024,FEU,Z14,2,0.136613538638
11/20/2024,FEU,Z14,20,0.262710967741
11/20/2024,FEU,Z14,21,0.255165737741
11/20/2024,FEU,Z14,22,0.245141309865
11/20/2024,FEU,Z14,23,0.186095578964
11/20/2024,FEU,Z14,24,0.171992105213
11/20/2024,FEU,Z14,3,0.137964332037
11/20/2024,FEU,Z14,4,0.133087014737
11/20/2024,FEU,Z14,5,0.127456862312
11/20/2024,FEU,Z14,6,0.134821893337
11/20/2024,FEU,Z14,7,0.150988609265
11/20/2024,FEU,Z14,8,0.173620128192
11/20/2024,FEU,Z14,9,0.205691658192
11/21/2024,FEU,Z14,1,0.142679822865
11/21/2024,FEU,Z14,10,0.170914726552
11/21/2024,FEU,Z14,11,0.19179146468
11/21/2024,FEU,Z14,12,0.166853505433
11/21/2024,FEU,Z14,13,0.144767250185
11/21/2024,FEU,Z14,14,0.145547130185
11/21/2024,FEU,Z14,15,0.092555655304
11/21/2024,FEU,Z14,16,0.083463683047
11/21/2024,FEU,Z14,17,0.146204466543
11/21/2024,FEU,Z14,18,0.169905993038
11/21/2024,FEU,Z14,19,0.238812146662
11/21/2024,FEU,Z14,2,0.135229988232
11/21/2024,FEU,Z14,20,0.248633613158
11/21/2024,FEU,Z14,21,0.245697702405
11/21/2024,FEU,Z14,22,0.240269207653
11/21/2024,FEU,Z14,23,0.179941892268
11/21/2024,FEU,Z14,24,0.157777394883
11/21/2024,FEU,Z14,3,0.129937361975
11/21/2024,FEU,Z14,4,0.116633133599
11/21/2024,FEU,Z14,5,0.115681894351
11/21/2024,FEU,Z14,6,0.11671349736
11/21/2024,FEU,Z14,7,0.125774265635
11/21/2024,FEU,Z14,8,0.150950890782
11/21/2024,FEU,Z14,9,0.18680946391
11/22/2024,FEU,Z14,1,0.124017737496
11/22/2024,FEU,Z14,10,0.202573397673
11/22/2024,FEU,Z14,11,0.227107579655
11/22/2024,FEU,Z14,12,0.224613411655
11/22/2024,FEU,Z14,13,0.214751878485
11/22/2024,FEU,Z14,14,0.203242516485
11/22/2024,FEU,Z14,15,0.159956719333
11/22/2024,FEU,Z14,16,0.186888976691
11/22/2024,FEU,Z14,17,0.201507174369
11/22/2024,FEU,Z14,18,0.209782491066
11/22/2024,FEU,Z14,19,0.263936128745
11/22/2024,FEU,Z14,2,0.122218516514
11/22/2024,FEU,Z14,20,0.275238370254
11/22/2024,FEU,Z14,21,0.276222527763
11/22/2024,FEU,Z14,22,0.263989191272
11/22/2024,FEU,Z14,23,0.207106780138
11/22/2024,FEU,Z14,24,0.208266182666
11/22/2024,FEU,Z14,3,0.123076958702
11/22/2024,FEU,Z14,4,0.119120769041
11/22/2024,FEU,Z14,5,0.115481441041
11/22/2024,FEU,Z14,6,0.125782338514
11/22/2024,FEU,Z14,7,0.14348275312
11/22/2024,FEU,Z14,8,0.174521086745
11/22/2024,FEU,Z14,9,0.212501440897
11/23/2024,FEU,Z14,1,0.187458685985
11/23/2024,FEU,Z14,10,0.212891266528
11/23/2024,FEU,Z14,11,0.116112310299
11/23/2024,FEU,Z14,12,0.07587097753
11/23/2024,FEU,Z14,13,0.076519933684
11/23/2024,FEU,Z14,14,0.072378718915
11/23/2024,FEU,Z14,15,0.065602659453
11/23/2024,FEU,Z14,16,0.079385036451
11/23/2024,FEU,Z14,17,0.146173417912
11/23/2024,FEU,Z14,18,0.165535507526
11/23/2024,FEU,Z14,19,0.150986675603
11/23/2024,FEU,Z14,2,0.16892529706
11/23/2024,FEU,Z14,20,0.147718323218
11/23/2024,FEU,Z14,21,0.135421555064
11/23/2024,FEU,Z14,22,0.128406253064
11/23/2024,FEU,Z14,23,0.124992668679
11/23/2024,FEU,Z14,24,0.085957140139
11/23/2024,FEU,Z14,3,0.165132384444
11/23/2024,FEU,Z14,4,0.15737469429
11/23/2024,FEU,Z14,5,0.145713063213
11/23/2024,FEU,Z14,6,0.145309088213
11/23/2024,FEU,Z14,7,0.14433580906
11/23/2024,FEU,Z14,8,0.142863981831
11/23/2024,FEU,Z14,9,0.173267526756
11/24/2024,FEU,Z14,1,0.081070946609
11/24/2024,FEU,Z14,10,0.081371266752
11/24/2024,FEU,Z14,11,0.066781225741
11/24/2024,FEU,Z14,12,0.058204434405
11/24/2024,FEU,Z14,13,0.058546982737
11/24/2024,FEU,Z14,14,0.057943447401
11/24/2024,FEU,Z14,15,0.056987222737
11/24/2024,FEU,Z14,16,0.082426980745
11/24/2024,FEU,Z14,17,0.088511146752
11/24/2024,FEU,Z14,18,0.118586232096
11/24/2024,FEU,Z14,19,0.090314561262
11/24/2024,FEU,Z14,2,0.076134073115
11/24/2024,FEU,Z14,20,0.103626959262
11/24/2024,FEU,Z14,21,0.097520531262
11/24/2024,FEU,Z14,22,0.079247080428
11/24/2024,FEU,Z14,23,0.07241525993
11/24/2024,FEU,Z14,24,0.065745498767
11/24/2024,FEU,Z14,3,0.075424939786
11/24/2024,FEU,Z14,4,0.075273571956
11/24/2024,FEU,Z14,5,0.075035169624
11/24/2024,FEU,Z14,6,0.076084121956
11/24/2024,FEU,Z14,7,0.074285910451
11/24/2024,FEU,Z14,8,0.069294660111
11/24/2024,FEU,Z14,9,0.083939254103
11/25/2024,FEU,Z14,1,0.063436562333
11/25/2024,FEU,Z14,10,0.179246379278
11/25/2024,FEU,Z14,11,0.20144561513
11/25/2024,FEU,Z14,12,0.189345895989
11/25/2024,FEU,Z14,13,0.19203109113
11/25/2024,FEU,Z14,14,0.186828318701
11/25/2024,FEU,Z14,15,0.136253745419
11/25/2024,FEU,Z14,16,0.164703742567
11/25/2024,FEU,Z14,17,0.196863362285
11/25/2024,FEU,Z14,18,0.220791314433
11/25/2024,FEU,Z14,19,0.269369966862
11/25/2024,FEU,Z14,2,0.062868074058
11/25/2024,FEU,Z14,20,0.273514126862
11/25/2024,FEU,Z14,21,0.286649428151
11/25/2024,FEU,Z14,22,0.276597047869
11/25/2024,FEU,Z14,23,0.222621595883
11/25/2024,FEU,Z14,24,0.216632476178
11/25/2024,FEU,Z14,3,0.059458972635
11/25/2024,FEU,Z14,4,0.059007681494
11/25/2024,FEU,Z14,5,0.062470754353
11/25/2024,FEU,Z14,6,0.060666539628
11/25/2024,FEU,Z14,7,0.072132193319
11/25/2024,FEU,Z14,8,0.142111421587
11/25/2024,FEU,Z14,9,0.188190211151
11/26/2024,FEU,Z14,1,0.171747275977
11/26/2024,FEU,Z14,10,0.200269291263
11/26/2024,FEU,Z14,11,0.243934034591
11/26/2024,FEU,Z14,12,0.240410465256
11/26/2024,FEU,Z14,13,0.237744019922
11/26/2024,FEU,Z14,14,0.236850482588
11/26/2024,FEU,Z14,15,0.18799176626
11/26/2024,FEU,Z14,16,0.192446144266
11/26/2024,FEU,Z14,17,0.193191892935
11/26/2024,FEU,Z14,18,0.203055505273
11/26/2024,FEU,Z14,19,0.268394476273
11/26/2024,FEU,Z14,2,0.169967692993
11/26/2024,FEU,Z14,20,0.26283552561
11/26/2024,FEU,Z14,21,0.261187474614
11/26/2024,FEU,Z14,22,0.257671727286
11/26/2024,FEU,Z14,23,0.20055550863
11/26/2024,FEU,Z14,24,0.196675936643
11/26/2024,FEU,Z14,3,0.166023211997
11/26/2024,FEU,Z14,4,0.162838967331
11/26/2024,FEU,Z14,5,0.166198155997
11/26/2024,FEU,Z14,6,0.171989341328
11/26/2024,FEU,Z14,7,0.174984211971
11/26/2024,FEU,Z14,8,0.17863199862
11/26/2024,FEU,Z14,9,0.213279748617
11/27/2024,FEU,Z14,1,0.175965740804
11/27/2024,FEU,Z14,10,0.202992911362
11/27/2024,FEU,Z14,11,0.22352060732
11/27/2024,FEU,Z14,12,0.205497963809
11/27/2024,FEU,Z14,13,0.205014221277
11/27/2024,FEU,Z14,14,0.205198804298
11/27/2024,FEU,Z14,15,0.155648310341
11/27/2024,FEU,Z14,16,0.165792322425
11/27/2024,FEU,Z14,17,0.201037771488
11/27/2024,FEU,Z14,18,0.208417982062
11/27/2024,FEU,Z14,19,0.275771600551
11/27/2024,FEU,Z14,2,0.171958343378
11/27/2024,FEU,Z14,20,0.271564825083
11/27/2024,FEU,Z14,21,0.276514515083
11/27/2024,FEU,Z14,22,0.268419012635
11/27/2024,FEU,Z14,23,0.207809874762
11/27/2024,FEU,Z14,24,0.200993935867
11/27/2024,FEU,Z14,3,0.169903963462
11/27/2024,FEU,Z14,4,0.164892075504
11/27/2024,FEU,Z14,5,0.162506269993
11/27/2024,FEU,Z14,6,0.16865038842
11/27/2024,FEU,Z14,7,0.17806361672
11/27/2024,FEU,Z14,8,0.18702739402
11/27/2024,FEU,Z14,9,0.21901450502
11/28/2024,FEU,Z14,1,0.179816832995
11/28/2024,FEU,Z14,10,0.19616289073
11/28/2024,FEU,Z14,11,0.222393297261
11/28/2024,FEU,Z14,12,0.208435629615
11/28/2024,FEU,Z14,13,0.202030461969
11/28/2024,FEU,Z14,14,0.201569517969
11/28/2024,FEU,Z14,15,0.158087690084
11/28/2024,FEU,Z14,16,0.172795642022
11/28/2024,FEU,Z14,17,0.192487525314
11/28/2024,FEU,Z14,18,0.209187743606
11/28/2024,FEU,Z14,19,0.266396030429
11/28/2024,FEU,Z14,2,0.172216534756
11/28/2024,FEU,Z14,20,0.262813817721
11/28/2024,FEU,Z14,21,0.261883129367
11/28/2024,FEU,Z14,22,0.257268557013
11/28/2024,FEU,Z14,23,0.19811806542
11/28/2024,FEU,Z14,24,0.198496555827
11/28/2024,FEU,Z14,3,0.160549581694
11/28/2024,FEU,Z14,4,0.159129420517
11/28/2024,FEU,Z14,5,0.147539594871
11/28/2024,FEU,Z14,6,0.151387442287
11/28/2024,FEU,Z14,7,0.168890442181
11/28/2024,FEU,Z14,8,0.186025438544
11/28/2024,FEU,Z14,9,0.215246422075
11/29/2024,FEU,Z14,1,0.154662277129
11/29/2024,FEU,Z14,10,0.198947211812
11/29/2024,FEU,Z14,11,0.224923321429
11/29/2024,FEU,Z14,12,0.211520645429
11/29/2024,FEU,Z14,13,0.210265084865
11/29/2024,FEU,Z14,14,0.209124454865
11/29/2024,FEU,Z14,15,0.160374694684
11/29/2024,FEU,Z14,16,0.179391525194
11/29/2024,FEU,Z14,17,0.197670087449
11/29/2024,FEU,Z14,18,0.207657068087
11/29/2024,FEU,Z14,19,0.265170779342
11/29/2024,FEU,Z14,2,0.143206901511
11/29/2024,FEU,Z14,20,0.268405104034
11/29/2024,FEU,Z14,21,0.268849848725
11/29/2024,FEU,Z14,22,0.262496955417
11/29/2024,FEU,Z14,23,0.207859254618
11/29/2024,FEU,Z14,24,0.200715062692
11/29/2024,FEU,Z14,3,0.142823863458
11/29/2024,FEU,Z14,4,0.141825782585
11/29/2024,FEU,Z14,5,0.138473510585
11/29/2024,FEU,Z14,6,0.141977786511
11/29/2024,FEU,Z14,7,0.158203135236
11/29/2024,FEU,Z14,8,0.181574703342
11/29/2024,FEU,Z14,9,0.208058355524
11/30/2024,FEU,Z14,1,0.176897612196
11/30/2024,FEU,Z14,10,0.170234501128
11/30/2024,FEU,Z14,11,0.136943306078
11/30/2024,FEU,Z14,12,0.117185660162
11/30/2024,FEU,Z14,13,0.118739337552
11/30/2024,FEU,Z14,14,0.121077367637
11/30/2024,FEU,Z14,15,0.129581858467
11/30/2024,FEU,Z14,16,0.147942594433
11/30/2024,FEU,Z14,17,0.164934179569
11/30/2024,FEU,Z14,18,0.181668766094
11/30/2024,FEU,Z14,19,0.179146847789
11/30/2024,FEU,Z14,2,0.169280583857
11/30/2024,FEU,Z14,20,0.179515219315
11/30/2024,FEU,Z14,21,0.178083059925
11/30/2024,FEU,Z14,22,0.179257703925
11/30/2024,FEU,Z14,23,0.17717391045
11/30/2024,FEU,Z14,24,0.175944663586
11/30/2024,FEU,Z14,3,0.176404458297
11/30/2024,FEU,Z14,4,0.171186208908
11/30/2024,FEU,Z14,5,0.169278332213
11/30/2024,FEU,Z14,6,0.167182634213
11/30/2024,FEU,Z14,7,0.164814583857
11/30/2024,FEU,Z14,8,0.169665352806
11/30/2024,FEU,Z14,9,0.186366239145
12/01/2024,FEU,Z14,1,0.169288488979
12/01/2024,FEU,Z14,10,0.176260672862
12/01/2024,FEU,Z14,11,0.15474334121
12/01/2024,FEU,Z14,12,0.138552074851
12/01/2024,FEU,Z14,13,0.137968845171
12/01/2024,FEU,Z14,14,0.144064641598
12/01/2024,FEU,Z14,15,0.164514705171
12/01/2024,FEU,Z14,16,0.180286487463
12/01/2024,FEU,Z14,17,0.188848410609
12/01/2024,FEU,Z14,18,0.201857897648
12/01/2024,FEU,Z14,19,0.194163599435
12/01/2024,FEU,Z14,2,0.157113101018
12/01/2024,FEU,Z14,20,0.209226326794
12/01/2024,FEU,Z14,21,0.223967368687
12/01/2024,FEU,Z14,22,0.187152791008
12/01/2024,FEU,Z14,23,0.184670906794
12/01/2024,FEU,Z14,24,0.173987308047
12/01/2024,FEU,Z14,3,0.155800419951
12/01/2024,FEU,Z14,4,0.157166084417
12/01/2024,FEU,Z14,5,0.157409256203
12/01/2024,FEU,Z14,6,0.157159977524
12/01/2024,FEU,Z14,7,0.160216653271
12/01/2024,FEU,Z14,8,0.166975382659
12/01/2024,FEU,Z14,9,0.182516922513
12/02/2024,FEU,Z14,1,0.178451649745
12/02/2024,FEU,Z14,10,0.213147575758
12/02/2024,FEU,Z14,11,0.253674942626
12/02/2024,FEU,Z14,12,0.240934653915
12/02/2024,FEU,Z14,13,0.232382259011
12/02/2024,FEU,Z14,14,0.229930740915
12/02/2024,FEU,Z14,15,0.175682939011
12/02/2024,FEU,Z14,16,0.188810628047
12/02/2024,FEU,Z14,17,0.205473218951
12/02/2024,FEU,Z14,18,0.215693364987
12/02/2024,FEU,Z14,19,0.268576290119
12/02/2024,FEU,Z14,2,0.177175978588
12/02/2024,FEU,Z14,20,0.268368947926
12/02/2024,FEU,Z14,21,0.26846766383
12/02/2024,FEU,Z14,22,0.266632913348
12/02/2024,FEU,Z14,23,0.213107594962
12/02/2024,FEU,Z14,24,0.20785558848
12/02/2024,FEU,Z14,3,0.175008843106
12/02/2024,FEU,Z14,4,0.172020486913
12/02/2024,FEU,Z14,5,0.17194846901
12/02/2024,FEU,Z14,6,0.17450722807
12/02/2024,FEU,Z14,7,0.180537252577
12/02/2024,FEU,Z14,8,0.187725100216
12/02/2024,FEU,Z14,9,0.217520685083
12/03/2024,FEU,Z14,1,0.178039828964
12/03/2024,FEU,Z14,10,0.21629461374
12/03/2024,FEU,Z14,11,0.252361867685
12/03/2024,FEU,Z14,12,0.24661069779
12/03/2024,FEU,Z14,13,0.244191756158
12/03/2024,FEU,Z14,14,0.234903942158
12/03/2024,FEU,Z14,15,0.17490392979
12/03/2024,FEU,Z14,16,0.181788545581
12/03/2024,FEU,Z14,17,0.197405197372
12/03/2024,FEU,Z14,18,0.210706648426
12/03/2024,FEU,Z14,19,0.270124052745
12/03/2024,FEU,Z14,2,0.174905161651
12/03/2024,FEU,Z14,20,0.273038293904
12/03/2024,FEU,Z14,21,0.2712850298
12/03/2024,FEU,Z14,22,0.262177828959
12/03/2024,FEU,Z14,23,0.203736490855
12/03/2024,FEU,Z14,24,0.190823162646
12/03/2024,FEU,Z14,3,0.171088329705
12/03/2024,FEU,Z14,4,0.163891313601
12/03/2024,FEU,Z14,5,0.162003381233
12/03/2024,FEU,Z14,6,0.16279153981
12/03/2024,FEU,Z14,7,0.175878794277
12/03/2024,FEU,Z14,8,0.189053230009
12/03/2024,FEU,Z14,9,0.223137130058
12/04/2024,FEU,Z14,1,0.164994839048
12/04/2024,FEU,Z14,10,0.214425799577
12/04/2024,FEU,Z14,11,0.247269726877
12/04/2024,FEU,Z14,12,0.21380484024
12/04/2024,FEU,Z14,13,0.213020149028
12/04/2024,FEU,Z14,14,0.213525489815
12/04/2024,FEU,Z14,15,0.164201673815
12/04/2024,FEU,Z14,16,0.18390451109
12/04/2024,FEU,Z14,17,0.212426575939
12/04/2024,FEU,Z14,18,0.217624093851
12/04/2024,FEU,Z14,19,0.294024880976
12/04/2024,FEU,Z14,2,0.15666187796
12/04/2024,FEU,Z14,20,0.2897405954
12/04/2024,FEU,Z14,21,0.26795985625
12/04/2024,FEU,Z14,22,0.268291186312
12/04/2024,FEU,Z14,23,0.212713990374
12/04/2024,FEU,Z14,24,0.204010701286
12/04/2024,FEU,Z14,3,0.155944327659
12/04/2024,FEU,Z14,4,0.151013312296
12/04/2024,FEU,Z14,5,0.149179813721
12/04/2024,FEU,Z14,6,0.151733962809
12/04/2024,FEU,Z14,7,0.176413124499
12/04/2024,FEU,Z14,8,0.190885955825
12/04/2024,FEU,Z14,9,0.222367048851
12/05/2024,FEU,Z14,1,0.17941514032
12/05/2024,FEU,Z14,10,0.210818921469
12/05/2024,FEU,Z14,11,0.235793926687
12/05/2024,FEU,Z14,12,0.216719007427
12/05/2024,FEU,Z14,13,0.212473945006
12/05/2024,FEU,Z14,14,0.210560873006
12/05/2024,FEU,Z14,15,0.161225462166
12/05/2024,FEU,Z14,16,0.169271529528
12/05/2024,FEU,Z14,17,0.194374784469
12/05/2024,FEU,Z14,18,0.213097631411
12/05/2024,FEU,Z14,19,0.269653952192
12/05/2024,FEU,Z14,2,0.175514572362
12/05/2024,FEU,Z14,20,0.270378197293
12/05/2024,FEU,Z14,21,0.271879782134
12/05/2024,FEU,Z14,22,0.268892712655
12/05/2024,FEU,Z14,23,0.213866373496
12/05/2024,FEU,Z14,24,0.209889928437
12/05/2024,FEU,Z14,3,0.175366899144
12/05/2024,FEU,Z14,4,0.174136680825
12/05/2024,FEU,Z14,5,0.172715514405
12/05/2024,FEU,Z14,6,0.171591983043
12/05/2024,FEU,Z14,7,0.185738763958
12/05/2024,FEU,Z14,8,0.197990848453
12/05/2024,FEU,Z14,9,0.224055737411
12/06/2024,FEU,Z14,1,0.174674942988
12/06/2024,FEU,Z14,10,0.200523312246
12/06/2024,FEU,Z14,11,0.158057601091
12/06/2024,FEU,Z14,12,0.142580619504
12/06/2024,FEU,Z14,13,0.129797574297
12/06/2024,FEU,Z14,14,0.136934243901
12/06/2024,FEU,Z14,15,0.137395379487
12/06/2024,FEU,Z14,16,0.160231983453
12/06/2024,FEU,Z14,17,0.187973797625
12/06/2024,FEU,Z14,18,0.209105514608
12/06/2024,FEU,Z14,19,0.193528850212
12/06/2024,FEU,Z14,2,0.163997038953
12/06/2024,FEU,Z14,20,0.189036176005
12/06/2024,FEU,Z14,21,0.189598533401
12/06/2024,FEU,Z14,22,0.186903060798
12/06/2024,FEU,Z14,23,0.180449357781
12/06/2024,FEU,Z14,24,0.173975359764
12/06/2024,FEU,Z14,3,0.147543924126
12/06/2024,FEU,Z14,4,0.139409332316
12/06/2024,FEU,Z14,5,0.137061566902
12/06/2024,FEU,Z14,6,0.135212844505
12/06/2024,FEU,Z14,7,0.14382630454
12/06/2024,FEU,Z14,8,0.151999853367
12/06/2024,FEU,Z14,9,0.194166085798
12/07/2024,FEU,Z14,1,0.138891932118
12/07/2024,FEU,Z14,10,0.113247691798
12/07/2024,FEU,Z14,11,0.076612246004
12/07/2024,FEU,Z14,12,0.047150741194
12/07/2024,FEU,Z14,13,0.048399989194
12/07/2024,FEU,Z14,14,0.048864934559
12/07/2024,FEU,Z14,15,0.047204716734
12/07/2024,FEU,Z14,16,0.049210002719
12/07/2024,FEU,Z14,17,0.062350764529
12/07/2024,FEU,Z14,18,0.103348073243
12/07/2024,FEU,Z14,19,0.114849425783
12/07/2024,FEU,Z14,2,0.141120900373
12/07/2024,FEU,Z14,20,0.119051515593
12/07/2024,FEU,Z14,21,0.128575016593
12/07/2024,FEU,Z14,22,0.099107602863
12/07/2024,FEU,Z14,23,0.092794931038
12/07/2024,FEU,Z14,24,0.083881267753
12/07/2024,FEU,Z14,3,0.136267231453
12/07/2024,FEU,Z14,4,0.116830503263
12/07/2024,FEU,Z14,5,0.110854011898
12/07/2024,FEU,Z14,6,0.098222722628
12/07/2024,FEU,Z14,7,0.096488472643
12/07/2024,FEU,Z14,8,0.104622209483
12/07/2024,FEU,Z14,9,0.128946184498
12/08/2024,FEU,Z14,1,0.083634545031
12/08/2024,FEU,Z14,10,0.075010406245
12/08/2024,FEU,Z14,11,0.053565275034
12/08/2024,FEU,Z14,12,0.048202017338
12/08/2024,FEU,Z14,13,0.048873860216
12/08/2024,FEU,Z14,14,0.047728441277
12/08/2024,FEU,Z14,15,0.046902589034
12/08/2024,FEU,Z14,16,0.049299998427
12/08/2024,FEU,Z14,17,0.069755531245
12/08/2024,FEU,Z14,18,0.116044196063
12/08/2024,FEU,Z14,19,0.139423631245
12/08/2024,FEU,Z14,2,0.080321649424
12/08/2024,FEU,Z14,20,0.136829736002
12/08/2024,FEU,Z14,21,0.133706725941
12/08/2024,FEU,Z14,22,0.132028095002
12/08/2024,FEU,Z14,23,0.129758029759
12/08/2024,FEU,Z14,24,0.110092785395
12/08/2024,FEU,Z14,3,0.07595794206
12/08/2024,FEU,Z14,4,0.072221283756
12/08/2024,FEU,Z14,5,0.072824645695
12/08/2024,FEU,Z14,6,0.072593453878
12/08/2024,FEU,Z14,7,0.070673080485
12/08/2024,FEU,Z14,8,0.071931189213
12/08/2024,FEU,Z14,9,0.090498376517
12/09/2024,FEU,Z14,1,0.114166433052
12/09/2024,FEU,Z14,10,0.164991963724
12/09/2024,FEU,Z14,11,0.154306885417
12/09/2024,FEU,Z14,12,0.123206922648
12/09/2024,FEU,Z14,13,0.112578488392
12/09/2024,FEU,Z14,14,0.111107427648
12/09/2024,FEU,Z14,15,0.060720700392
12/09/2024,FEU,Z14,16,0.071788316955
12/09/2024,FEU,Z14,17,0.156472593211
12/09/2024,FEU,Z14,18,0.214605769774
12/09/2024,FEU,Z14,19,0.261964512081
12/09/2024,FEU,Z14,2,0.097773742127
12/09/2024,FEU,Z14,20,0.257431032594
12/09/2024,FEU,Z14,21,0.26068860885
12/09/2024,FEU,Z14,22,0.268268050131
12/09/2024,FEU,Z14,23,0.214403361157
12/09/2024,FEU,Z14,24,0.194800528438
12/09/2024,FEU,Z14,3,0.092438401409
12/09/2024,FEU,Z14,4,0.073797961922
12/09/2024,FEU,Z14,5,0.065103231665
12/09/2024,FEU,Z14,6,0.084928470846
12/09/2024,FEU,Z14,7,0.126600988182
12/09/2024,FEU,Z14,8,0.172436793825
12/09/2024,FEU,Z14,9,0.208737257518
12/10/2024,FEU,Z14,1,0.161344473018
12/10/2024,FEU,Z14,10,0.20708411884
12/10/2024,FEU,Z14,11,0.239128186341
12/10/2024,FEU,Z14,12,0.223660677154
12/10/2024,FEU,Z14,13,0.221690602092
12/10/2024,FEU,Z14,14,0.218915284092
12/10/2024,FEU,Z14,15,0.175612357154
12/10/2024,FEU,Z14,16,0.189784733528
12/10/2024,FEU,Z14,17,0.207921969902
12/10/2024,FEU,Z14,18,0.227355104401
12/10/2024,FEU,Z14,19,0.299172275024
12/10/2024,FEU,Z14,2,0.148557762579
12/10/2024,FEU,Z14,20,0.296278212335
12/10/2024,FEU,Z14,21,0.283238295522
12/10/2024,FEU,Z14,22,0.277960408834
12/10/2024,FEU,Z14,23,0.214653576021
12/10/2024,FEU,Z14,24,0.203175640395
12/10/2024,FEU,Z14,3,0.145028975077
12/10/2024,FEU,Z14,4,0.146594222264
12/10/2024,FEU,Z14,5,0.151404898326
12/10/2024,FEU,Z14,6,0.15911707789
12/10/2024,FEU,Z14,7,0.157486592457
12/10/2024,FEU,Z14,8,0.185446603148
12/10/2024,FEU,Z14,9,0.224950459463
12/11/2024,FEU,Z14,1,0.165913739409
12/11/2024,FEU,Z14,10,0.21950551689
12/11/2024,FEU,Z14,11,0.245433579109
12/11/2024,FEU,Z14,12,0.227604238691
12/11/2024,FEU,Z14,13,0.220497936219
12/11/2024,FEU,Z14,14,0.223480635746
12/11/2024,FEU,Z14,15,0.183182619746
12/11/2024,FEU,Z14,16,0.191726112582
12/11/2024,FEU,Z14,17,0.199264656472
12/11/2024,FEU,Z14,18,0.221830804725
12/11/2024,FEU,Z14,19,0.282511419451
12/11/2024,FEU,Z14,2,0.149681051662
12/11/2024,FEU,Z14,20,0.285400537396
12/11/2024,FEU,Z14,21,0.297119840286
12/11/2024,FEU,Z14,22,0.281078958649
12/11/2024,FEU,Z14,23,0.212934088012
12/11/2024,FEU,Z14,24,0.197615021265
12/11/2024,FEU,Z14,3,0.152052515443
12/11/2024,FEU,Z14,4,0.14949804086
12/11/2024,FEU,Z14,5,0.149794932805
12/11/2024,FEU,Z14,6,0.149385569552
12/11/2024,FEU,Z14,7,0.160127314738
12/11/2024,FEU,Z14,8,0.195302747341
12/11/2024,FEU,Z14,9,0.231003624725
12/12/2024,FEU,Z14,1,0.173028490031
12/12/2024,FEU,Z14,10,0.231155135045
12/12/2024,FEU,Z14,11,0.261856916105
12/12/2024,FEU,Z14,12,0.243552937125
12/12/2024,FEU,Z14,13,0.241020308798
12/12/2024,FEU,Z14,14,0.242287836798
12/12/2024,FEU,Z14,15,0.196838160145
12/12/2024,FEU,Z14,16,0.205475770758
12/12/2024,FEU,Z14,17,0.224577242045
12/12/2024,FEU,Z14,18,0.224784009331
12/12/2024,FEU,Z14,19,0.281746772271
12/12/2024,FEU,Z14,2,0.15480820995
12/12/2024,FEU,Z14,20,0.287184887904
12/12/2024,FEU,Z14,21,0.290180718558
12/12/2024,FEU,Z14,22,0.285289398518
12/12/2024,FEU,Z14,23,0.211743645171
12/12/2024,FEU,Z14,24,0.193369595457
12/12/2024,FEU,Z14,3,0.15007287689
12/12/2024,FEU,Z14,4,0.146161946197
12/12/2024,FEU,Z14,5,0.14522656387
12/12/2024,FEU,Z14,6,0.154181154257
12/12/2024,FEU,Z14,7,0.173801138417
12/12/2024,FEU,Z14,8,0.202130145251
12/12/2024,FEU,Z14,9,0.244791807331
12/13/2024,FEU,Z14,1,0.168167192534
12/13/2024,FEU,Z14,10,0.22660436975
12/13/2024,FEU,Z14,11,0.257798614332
12/13/2024,FEU,Z14,12,0.250698325478
12/13/2024,FEU,Z14,13,0.246203211051
12/13/2024,FEU,Z14,14,0.241597136624
12/13/2024,FEU,Z14,15,0.191679008624
12/13/2024,FEU,Z14,16,0.200682392468
12/13/2024,FEU,Z14,17,0.21162676975
12/13/2024,FEU,Z14,18,0.21819002874
12/13/2024,FEU,Z14,19,0.288250026293
12/13/2024,FEU,Z14,2,0.160065039379
12/13/2024,FEU,Z14,20,0.288998819283
12/13/2024,FEU,Z14,21,0.289499786564
12/13/2024,FEU,Z14,22,0.2580740367
12/13/2024,FEU,Z14,23,0.202881021127
12/13/2024,FEU,Z14,24,0.188936108117
12/13/2024,FEU,Z14,3,0.15501446965
12/13/2024,FEU,Z14,4,0.148676406078
12/13/2024,FEU,Z14,5,0.149532464505
12/13/2024,FEU,Z14,6,0.158888792233
12/13/2024,FEU,Z14,7,0.174502177981
12/13/2024,FEU,Z14,8,0.193803349866
12/13/2024,FEU,Z14,9,0.22828613574
12/14/2024,FEU,Z14,1,0.187069316581
12/14/2024,FEU,Z14,10,0.173049006379
12/14/2024,FEU,Z14,11,0.159386260146
12/14/2024,FEU,Z14,12,0.141301566358
12/14/2024,FEU,Z14,13,0.139931652358
12/14/2024,FEU,Z14,14,0.139552107227
12/14/2024,FEU,Z14,15,0.134792848884
12/14/2024,FEU,Z14,16,0.142704913328
12/14/2024,FEU,Z14,17,0.153893890116
12/14/2024,FEU,Z14,18,0.175601020298
12/14/2024,FEU,Z14,19,0.193383039824
12/14/2024,FEU,Z14,2,0.175619097289
12/14/2024,FEU,Z14,20,0.191715444611
12/14/2024,FEU,Z14,21,0.192720750611
12/14/2024,FEU,Z14,22,0.187994210874
12/14/2024,FEU,Z14,23,0.184105821531
12/14/2024,FEU,Z14,24,0.172124701713
12/14/2024,FEU,Z14,3,0.176774922339
12/14/2024,FEU,Z14,4,0.175768746127
12/14/2024,FEU,Z14,5,0.172949408258
12/14/2024,FEU,Z14,6,0.171704725996
12/14/2024,FEU,Z14,7,0.172994768551
12/14/2024,FEU,Z14,8,0.17387255745
12/14/2024,FEU,Z14,9,0.183354221005
12/15/2024,FEU,Z14,1,0.177009224607
12/15/2024,FEU,Z14,10,0.14392720623
12/15/2024,FEU,Z14,11,0.116115453403
12/15/2024,FEU,Z14,12,0.108533416542
12/15/2024,FEU,Z14,13,0.115033812611
12/15/2024,FEU,Z14,14,0.11186625537
12/15/2024,FEU,Z14,15,0.106916208611
12/15/2024,FEU,Z14,16,0.111289361575
12/15/2024,FEU,Z14,17,0.133704128058
12/15/2024,FEU,Z14,18,0.17737979885
12/15/2024,FEU,Z14,19,0.179566381471
12/15/2024,FEU,Z14,2,0.1643800744
12/15/2024,FEU,Z14,20,0.180233500332
12/15/2024,FEU,Z14,21,0.186010081643
12/15/2024,FEU,Z14,22,0.181527507712
12/15/2024,FEU,Z14,23,0.177351495332
12/15/2024,FEU,Z14,24,0.175459899504
12/15/2024,FEU,Z14,3,0.163599672502
12/15/2024,FEU,Z14,4,0.162495534054
12/15/2024,FEU,Z14,5,0.157930034674
12/15/2024,FEU,Z14,6,0.151212703743
12/15/2024,FEU,Z14,7,0.149150701571
12/15/2024,FEU,Z14,8,0.145766634538
12/15/2024,FEU,Z14,9,0.167125317056
12/16/2024,FEU,Z14,1,0.15377861793
12/16/2024,FEU,Z14,10,0.203046798789
12/16/2024,FEU,Z14,11,0.221766696418
12/16/2024,FEU,Z14,12,0.203521980295
12/16/2024,FEU,Z14,13,0.201427556254
12/16/2024,FEU,Z14,14,0.203034012295
12/16/2024,FEU,Z14,15,0.153365876254
12/16/2024,FEU,Z14,16,0.161984118665
12/16/2024,FEU,Z14,17,0.184856057706
12/16/2024,FEU,Z14,18,0.203066817118
12/16/2024,FEU,Z14,19,0.283273309489
12/16/2024,FEU,Z14,2,0.147825899424
12/16/2024,FEU,Z14,20,0.284448533571
12/16/2024,FEU,Z14,21,0.286382564612
12/16/2024,FEU,Z14,22,0.269966629818
12/16/2024,FEU,Z14,23,0.199345857983
12/16/2024,FEU,Z14,24,0.188616279189
12/16/2024,FEU,Z14,3,0.14742728563
12/16/2024,FEU,Z14,4,0.148549787712
12/16/2024,FEU,Z14,5,0.148893036671
12/16/2024,FEU,Z14,6,0.144896467218
12/16/2024,FEU,Z14,7,0.157617096148
12/16/2024,FEU,Z14,8,0.176306157448
12/16/2024,FEU,Z14,9,0.210906441077
12/17/2024,FEU,Z14,1,0.164357859193
12/17/2024,FEU,Z14,10,0.206786701265
12/17/2024,FEU,Z14,11,0.233919978649
12/17/2024,FEU,Z14,12,0.212769496418
12/17/2024,FEU,Z14,13,0.208081473341
12/17/2024,FEU,Z14,14,0.211748271341
12/17/2024,FEU,Z14,15,0.166473958418
12/17/2024,FEU,Z14,16,0.17779595088
12/17/2024,FEU,Z14,17,0.189177257342
12/17/2024,FEU,Z14,18,0.199635217958
12/17/2024,FEU,Z14,19,0.258337428728
12/17/2024,FEU,Z14,2,0.158557620886
12/17/2024,FEU,Z14,20,0.260624820113
12/17/2024,FEU,Z14,21,0.262630677344
12/17/2024,FEU,Z14,22,0.254080452729
12/17/2024,FEU,Z14,23,0.18869565396
12/17/2024,FEU,Z14,24,0.186038630423
12/17/2024,FEU,Z14,3,0.151354137502
12/17/2024,FEU,Z14,4,0.149670184733
12/17/2024,FEU,Z14,5,0.14682566581
12/17/2024,FEU,Z14,6,0.148714596271
12/17/2024,FEU,Z14,7,0.1545234055
12/17/2024,FEU,Z14,8,0.174013740882
12/17/2024,FEU,Z14,9,0.213499987035
12/18/2024,FEU,Z14,1,0.159071426335
12/18/2024,FEU,Z14,10,0.197088495355
12/18/2024,FEU,Z14,11,0.232122909987
12/18/2024,FEU,Z14,12,0.208096939599
12/18/2024,FEU,Z14,13,0.198342468803
12/18/2024,FEU,Z14,14,0.197451432008
12/18/2024,FEU,Z14,15,0.147864192008
12/18/2024,FEU,Z14,16,0.161820712783
12/18/2024,FEU,Z14,17,0.186318663967
12/18/2024,FEU,Z14,18,0.19653423613
12/18/2024,FEU,Z14,19,0.251105894089
12/18/2024,FEU,Z14,2,0.146437524498
12/18/2024,FEU,Z14,20,0.249813739681
12/18/2024,FEU,Z14,21,0.250078936865
12/18/2024,FEU,Z14,22,0.245176951845
12/18/2024,FEU,Z14,23,0.187645130824
12/18/2024,FEU,Z14,24,0.163035198987
12/18/2024,FEU,Z14,3,0.139809502865
12/18/2024,FEU,Z14,4,0.139648312253
12/18/2024,FEU,Z14,5,0.140506446845
12/18/2024,FEU,Z14,6,0.144997511682
12/18/2024,FEU,Z14,7,0.162274576783
12/18/2024,FEU,Z14,8,0.168187686273
12/18/2024,FEU,Z14,9,0.21232974613
12/19/2024,FEU,Z14,1,0.124825010476
12/19/2024,FEU,Z14,10,0.189829874962
12/19/2024,FEU,Z14,11,0.209707133584
12/19/2024,FEU,Z14,12,0.194540785458
12/19/2024,FEU,Z14,13,0.190207336083
12/19/2024,FEU,Z14,14,0.186129100083
12/19/2024,FEU,Z14,15,0.125133969332
12/19/2024,FEU,Z14,16,0.127922644335
12/19/2024,FEU,Z14,17,0.160605116962
12/19/2024,FEU,Z14,18,0.185879017589
12/19/2024,FEU,Z14,19,0.240600200966
12/19/2024,FEU,Z14,2,0.07354827598
12/19/2024,FEU,Z14,20,0.246581734843
12/19/2024,FEU,Z14,21,0.249067453593
12/19/2024,FEU,Z14,22,0.250785417845
12/19/2024,FEU,Z14,23,0.198173394595
12/19/2024,FEU,Z14,24,0.184887097222
12/19/2024,FEU,Z14,3,0.054795146357
12/19/2024,FEU,Z14,4,0.051212899858
12/19/2024,FEU,Z14,5,0.050171217483
12/19/2024,FEU,Z14,6,0.059151895481
12/19/2024,FEU,Z14,7,0.107552093474
12/19/2024,FEU,Z14,8,0.135231724092
12/19/2024,FEU,Z14,9,0.187472357589
12/20/2024,FEU,Z14,1,0.16310695689
12/20/2024,FEU,Z14,10,0.194742507302
12/20/2024,FEU,Z14,11,0.228086554739
12/20/2024,FEU,Z14,12,0.207865690599
12/20/2024,FEU,Z14,13,0.195940915528
12/20/2024,FEU,Z14,14,0.191961346458
12/20/2024,FEU,Z14,15,0.148230206458
12/20/2024,FEU,Z14,16,0.162869894091
12/20/2024,FEU,Z14,17,0.178887563302
12/20/2024,FEU,Z14,18,0.200105459795
12/20/2024,FEU,Z14,19,0.259297008709
12/20/2024,FEU,Z14,2,0.154992807524
12/20/2024,FEU,Z14,20,0.264648810202
12/20/2024,FEU,Z14,21,0.265002047413
12/20/2024,FEU,Z14,22,0.259601008765
12/20/2024,FEU,Z14,23,0.200741925835
12/20/2024,FEU,Z14,24,0.193275569328
12/20/2024,FEU,Z14,3,0.137348924227
12/20/2024,FEU,Z14,4,0.134117958298
12/20/2024,FEU,Z14,5,0.134375864368
12/20/2024,FEU,Z14,6,0.136617343664
12/20/2024,FEU,Z14,7,0.156331823976
12/20/2024,FEU,Z14,8,0.170444269639
12/20/2024,FEU,Z14,9,0.206659532795
12/21/2024,FEU,Z14,1,0.17401209157
12/21/2024,FEU,Z14,10,0.187277356376
12/21/2024,FEU,Z14,11,0.12004815768
12/21/2024,FEU,Z14,12,0.071187485081
12/21/2024,FEU,Z14,13,0.062563415081
12/21/2024,FEU,Z14,14,0.061757557981
12/21/2024,FEU,Z14,15,0.06118694148
12/21/2024,FEU,Z14,16,0.067105085578
12/21/2024,FEU,Z14,17,0.140730520177
12/21/2024,FEU,Z14,18,0.177659443075
12/21/2024,FEU,Z14,19,0.174715438474
12/21/2024,FEU,Z14,2,0.164342543868
12/21/2024,FEU,Z14,20,0.180032087073
12/21/2024,FEU,Z14,21,0.180255896073
12/21/2024,FEU,Z14,22,0.181714822273
12/21/2024,FEU,Z14,23,0.177612612772
12/21/2024,FEU,Z14,24,0.17548359167
12/21/2024,FEU,Z14,3,0.153297050667
12/21/2024,FEU,Z14,4,0.143700956265
12/21/2024,FEU,Z14,5,0.143208496365
12/21/2024,FEU,Z14,6,0.143140814166
12/21/2024,FEU,Z14,7,0.144997697068
12/21/2024,FEU,Z14,8,0.155425137471
12/21/2024,FEU,Z14,9,0.160353196373
12/22/2024,FEU,Z14,1,0.16089536739
12/22/2024,FEU,Z14,10,0.118782320693
12/22/2024,FEU,Z14,11,0.0568861342
12/22/2024,FEU,Z14,12,0.054765162157
12/22/2024,FEU,Z14,13,0.055731858635
12/22/2024,FEU,Z14,14,0.051659299272
12/22/2024,FEU,Z14,15,0.045926106635
12/22/2024,FEU,Z14,16,0.039161972084
12/22/2024,FEU,Z14,17,0.062560370809
12/22/2024,FEU,Z14,18,0.109154629375
12/22/2024,FEU,Z14,19,0.126091355056
12/22/2024,FEU,Z14,2,0.145907139955
12/22/2024,FEU,Z14,20,0.127744791099
12/22/2024,FEU,Z14,21,0.13324004394
12/22/2024,FEU,Z14,22,0.134304609418
12/22/2024,FEU,Z14,23,0.119870588099
12/22/2024,FEU,Z14,24,0.112733554984
12/22/2024,FEU,Z14,3,0.137416108361
12/22/2024,FEU,Z14,4,0.131372317564
12/22/2024,FEU,Z14,5,0.127080893245
12/22/2024,FEU,Z14,6,0.125976773723
12/22/2024,FEU,Z14,7,0.124797294839
12/22/2024,FEU,Z14,8,0.119101146911
12/22/2024,FEU,Z14,9,0.117284933187
12/23/2024,FEU,Z14,1,0.06916538591
12/23/2024,FEU,Z14,10,0.148807019005
12/23/2024,FEU,Z14,11,0.140119408329
12/23/2024,FEU,Z14,12,0.116260204103
12/23/2024,FEU,Z14,13,0.114133520028
12/23/2024,FEU,Z14,14,0.114057310103
12/23/2024,FEU,Z14,15,0.064536520028
12/23/2024,FEU,Z14,16,0.065028244779
12/23/2024,FEU,Z14,17,0.098232105854
12/23/2024,FEU,Z14,18,0.167293559606
12/23/2024,FEU,Z14,19,0.242532762282
12/23/2024,FEU,Z14,2,0.061276486812
12/23/2024,FEU,Z14,20,0.254029514432
12/23/2024,FEU,Z14,21,0.246469390507
12/23/2024,FEU,Z14,22,0.235723670882
12/23/2024,FEU,Z14,23,0.183809127183
12/23/2024,FEU,Z14,24,0.170515389558
12/23/2024,FEU,Z14,3,0.062949110187
12/23/2024,FEU,Z14,4,0.064384014337
12/23/2024,FEU,Z14,5,0.063086219262
12/23/2024,FEU,Z14,6,0.062329741436
12/23/2024,FEU,Z14,7,0.076022099483
12/23/2024,FEU,Z14,8,0.111615534206
12/23/2024,FEU,Z14,9,0.14457048953
12/24/2024,FEU,Z14,1,0.134737682566
12/24/2024,FEU,Z14,10,0.158453461392
12/24/2024,FEU,Z14,11,0.16375954513
12/24/2024,FEU,Z14,12,0.150653691531
12/24/2024,FEU,Z14,13,0.145768728999
12/24/2024,FEU,Z14,14,0.146078400999
12/24/2024,FEU,Z14,15,0.095157515531
12/24/2024,FEU,Z14,16,0.097285088728
12/24/2024,FEU,Z14,17,0.140803229925
12/24/2024,FEU,Z14,18,0.190003764188
12/24/2024,FEU,Z14,19,0.232013721516
12/24/2024,FEU,Z14,2,0.134168638362
12/24/2024,FEU,Z14,20,0.22535400518
12/24/2024,FEU,Z14,21,0.222178305779
12/24/2024,FEU,Z14,22,0.213808043443
12/24/2024,FEU,Z14,23,0.169875270041
12/24/2024,FEU,Z14,24,0.163777481238
12/24/2024,FEU,Z14,3,0.131057361624
12/24/2024,FEU,Z14,4,0.122259813223
12/24/2024,FEU,Z14,5,0.115936720756
12/24/2024,FEU,Z14,6,0.116397666026
12/24/2024,FEU,Z14,7,0.120285756771
12/24/2024,FEU,Z14,8,0.131325508582
12/24/2024,FEU,Z14,9,0.173214691721
12/25/2024,FEU,Z14,1,0.146955742879
12/25/2024,FEU,Z14,10,0.166264673087
12/25/2024,FEU,Z14,11,0.137331580899
12/25/2024,FEU,Z14,12,0.131910116305
12/25/2024,FEU,Z14,13,0.125817195706
12/25/2024,FEU,Z14,14,0.129100907808
12/25/2024,FEU,Z14,15,0.127735941006
12/25/2024,FEU,Z14,16,0.131737679199
12/25/2024,FEU,Z14,17,0.163271013493
12/25/2024,FEU,Z14,18,0.176879921189
12/25/2024,FEU,Z14,19,0.180517647788
12/25/2024,FEU,Z14,2,0.144814610874
12/25/2024,FEU,Z14,20,0.181460128986
12/25/2024,FEU,Z14,21,0.187199583585
12/25/2024,FEU,Z14,22,0.190105653585
12/25/2024,FEU,Z14,23,0.184555146783
12/25/2024,FEU,Z14,24,0.17785781258
12/25/2024,FEU,Z14,3,0.146972567169
12/25/2024,FEU,Z14,4,0.143331854164
12/25/2024,FEU,Z14,5,0.139811697661
12/25/2024,FEU,Z14,6,0.145137023362
12/25/2024,FEU,Z14,7,0.147040306864
12/25/2024,FEU,Z14,8,0.14663081227
12/25/2024,FEU,Z14,9,0.149114930976
12/26/2024,FEU,Z14,1,0.184978801332
12/26/2024,FEU,Z14,10,0.203901586773
12/26/2024,FEU,Z14,11,0.237904972042
12/26/2024,FEU,Z14,12,0.221326532798
12/26/2024,FEU,Z14,13,0.212736632384
12/26/2024,FEU,Z14,14,0.210069640384
12/26/2024,FEU,Z14,15,0.165223855554
12/26/2024,FEU,Z14,16,0.179379330871
12/26/2024,FEU,Z14,17,0.184543072773
12/26/2024,FEU,Z14,18,0.202612728675
12/26/2024,FEU,Z14,19,0.268782491407
12/26/2024,FEU,Z14,2,0.177590335307
12/26/2024,FEU,Z14,20,0.273587566479
12/26/2024,FEU,Z14,21,0.276956723309
12/26/2024,FEU,Z14,22,0.284286665796
12/26/2024,FEU,Z14,23,0.211755972625
12/26/2024,FEU,Z14,24,0.206944008527
12/26/2024,FEU,Z14,3,0.178856796038
12/26/2024,FEU,Z14,4,0.172668329696
12/26/2024,FEU,Z14,5,0.172559666282
12/26/2024,FEU,Z14,6,0.173059969965
12/26/2024,FEU,Z14,7,0.181373032015
12/26/2024,FEU,Z14,8,0.18275694165
12/26/2024,FEU,Z14,9,0.212269806675
12/27/2024,FEU,Z14,1,0.18173818858
12/27/2024,FEU,Z14,10,0.206991008096
12/27/2024,FEU,Z14,11,0.238485943393
12/27/2024,FEU,Z14,12,0.213264937217
12/27/2024,FEU,Z14,13,0.210589360129
12/27/2024,FEU,Z14,14,0.210796579041
12/27/2024,FEU,Z14,15,0.164412031041
12/27/2024,FEU,Z14,16,0.171623486832
12/27/2024,FEU,Z14,17,0.191845280096
12/27/2024,FEU,Z14,18,0.210685133711
12/27/2024,FEU,Z14,19,0.271191345854
12/27/2024,FEU,Z14,2,0.175780069371
12/27/2024,FEU,Z14,20,0.27302047447
12/27/2024,FEU,Z14,21,0.276673464734
12/27/2024,FEU,Z14,22,0.273573208173
12/27/2024,FEU,Z14,23,0.210960667261
12/27/2024,FEU,Z14,24,0.209269535877
12/27/2024,FEU,Z14,3,0.17635712425
12/27/2024,FEU,Z14,4,0.163498785338
12/27/2024,FEU,Z14,5,0.161497950426
12/27/2024,FEU,Z14,6,0.161359187547
12/27/2024,FEU,Z14,7,0.171306233437
12/27/2024,FEU,Z14,8,0.182266171767
12/27/2024,FEU,Z14,9,0.208556816711
12/28/2024,FEU,Z14,1,0.184563393625
12/28/2024,FEU,Z14,10,0.178554190876
12/28/2024,FEU,Z14,11,0.16369023754
12/28/2024,FEU,Z14,12,0.146940725775
12/28/2024,FEU,Z14,13,0.141115633775
12/28/2024,FEU,Z14,14,0.141983279814
12/28/2024,FEU,Z14,15,0.147067413618
12/28/2024,FEU,Z14,16,0.151700491188
12/28/2024,FEU,Z14,17,0.163508828954
12/28/2024,FEU,Z14,18,0.179746847602
12/28/2024,FEU,Z14,19,0.192265626446
12/28/2024,FEU,Z14,2,0.177773106118
12/28/2024,FEU,Z14,20,0.197706713212
12/28/2024,FEU,Z14,21,0.202313754212
12/28/2024,FEU,Z14,22,0.199145177133
12/28/2024,FEU,Z14,23,0.193802931938
12/28/2024,FEU,Z14,24,0.188873292586
12/28/2024,FEU,Z14,3,0.182189666805
12/28/2024,FEU,Z14,4,0.17501838557
12/28/2024,FEU,Z14,5,0.170874218531
12/28/2024,FEU,Z14,6,0.17099414261
12/28/2024,FEU,Z14,7,0.177633161039
12/28/2024,FEU,Z14,8,0.175588065665
12/28/2024,FEU,Z14,9,0.181431644094
12/29/2024,FEU,Z14,1,0.196045231588
12/29/2024,FEU,Z14,10,0.187599946467
12/29/2024,FEU,Z14,11,0.160602789368
12/29/2024,FEU,Z14,12,0.151553163341
12/29/2024,FEU,Z14,13,0.140794041328
12/29/2024,FEU,Z14,14,0.14475267731
12/29/2024,FEU,Z14,15,0.146173305328
12/29/2024,FEU,Z14,16,0.155744285399
12/29/2024,FEU,Z14,17,0.173347065435
12/29/2024,FEU,Z14,18,0.185894679476
12/29/2024,FEU,Z14,19,0.192477218485
12/29/2024,FEU,Z14,2,0.194128210628
12/29/2024,FEU,Z14,20,0.199796346512
12/29/2024,FEU,Z14,21,0.204539655516
12/29/2024,FEU,Z14,22,0.205343202503
12/29/2024,FEU,Z14,23,0.193208906512
12/29/2024,FEU,Z14,24,0.190327365543
12/29/2024,FEU,Z14,3,0.193803690673
12/29/2024,FEU,Z14,4,0.193450125695
12/29/2024,FEU,Z14,5,0.193672845704
12/29/2024,FEU,Z14,6,0.193351998691
12/29/2024,FEU,Z14,7,0.18806029966
12/29/2024,FEU,Z14,8,0.188674398601
12/29/2024,FEU,Z14,9,0.188339832565
12/30/2024,FEU,Z14,1,0.189707256821
12/30/2024,FEU,Z14,10,0.212249483777
12/30/2024,FEU,Z14,11,0.248759399597
12/30/2024,FEU,Z14,12,0.226504544537
12/30/2024,FEU,Z14,13,0.226568103517
12/30/2024,FEU,Z14,14,0.220681772537
12/30/2024,FEU,Z14,15,0.176222195517
12/30/2024,FEU,Z14,16,0.178926881717
12/30/2024,FEU,Z14,17,0.194558998737
12/30/2024,FEU,Z14,18,0.208442449938
12/30/2024,FEU,Z14,19,0.275670634118
12/30/2024,FEU,Z14,2,0.186296322062
12/30/2024,FEU,Z14,20,0.281195300159
12/30/2024,FEU,Z14,21,0.288570819179
12/30/2024,FEU,Z14,22,0.282839794279
12/30/2024,FEU,Z14,23,0.219656052359
12/30/2024,FEU,Z14,24,0.20975249446
12/30/2024,FEU,Z14,3,0.184994591162
12/30/2024,FEU,Z14,4,0.179993721202
12/30/2024,FEU,Z14,5,0.179355625182
12/30/2024,FEU,Z14,6,0.183364652961
12/30/2024,FEU,Z14,7,0.19186844844
12/30/2024,FEU,Z14,8,0.190996764098
12/30/2024,FEU,Z14,9,0.223334207918
12/31/2024,FEU,Z14,1,0.188891604641
12/31/2024,FEU,Z14,10,0.206487261974
12/31/2024,FEU,Z14,11,0.244209675889
12/31/2024,FEU,Z14,12,0.219779812732
12/31/2024,FEU,Z14,13,0.215882285347
12/31/2024,FEU,Z14,14,0.215775542347
12/31/2024,FEU,Z14,15,0.166808910732
12/31/2024,FEU,Z14,16,0.170441375046
12/31/2024,FEU,Z14,17,0.18816715136
12/31/2024,FEU,Z14,18,0.207867022445
12/31/2024,FEU,Z14,19,0.268863168301
12/31/2024,FEU,Z14,2,0.183409450112
12/31/2024,FEU,Z14,20,0.274901065229
12/31/2024,FEU,Z14,21,0.271270187386
12/31/2024,FEU,Z14,22,0.268414654314
12/31/2024,FEU,Z14,23,0.212837390471
12/31/2024,FEU,Z14,24,0.209241058785
12/31/2024,FEU,Z14,3,0.191350284197
12/31/2024,FEU,Z14,4,0.189034868354
12/31/2024,FEU,Z14,5,0.18221563174
12/31/2024,FEU,Z14,6,0.18484498204
12/31/2024,FEU,Z14,7,0.187635606171
12/31/2024,FEU,Z14,8,0.182647867072
12/31/2024,FEU,Z14,9,0.21372023583
