Fecha,TerminoCosteHorario,TipoPrecio,Hour,Ctd
01/01/2023,FEU,Z24,1,0.041447469513
01/01/2023,FEU,Z14,1,0.041447469513
01/01/2023,FEU,Z24,10,0.064650523269
01/01/2023,FEU,Z14,10,0.064650523269
01/01/2023,FEU,Z24,11,0.059838664681
01/01/2023,FEU,Z14,11,0.059838664681
01/01/2023,FEU,Z24,12,0.056375590918
01/01/2023,FEU,Z14,12,0.056375590918
01/01/2023,FEU,Z24,13,0.054245084901
01/01/2023,FEU,Z14,13,0.054245084901
01/01/2023,FEU,Z24,14,0.055413297622
01/01/2023,FEU,Z14,14,0.055413297622
01/01/2023,FEU,Z24,15,0.0556659388
01/01/2023,FEU,Z14,15,0.0556659388
01/01/2023,FEU,Z24,16,0.056446610259
01/01/2023,FEU,Z14,16,0.056446610259
01/01/2023,FEU,Z24,17,0.060462238887
01/01/2023,FEU,Z14,17,0.060462238887
01/01/2023,FEU,Z24,18,0.061316069415
01/01/2023,FEU,Z14,18,0.061316069415
01/01/2023,FEU,Z24,19,0.061482448946
01/01/2023,FEU,Z14,19,0.061482448946
01/01/2023,FEU,Z24,2,0.043008530783
01/01/2023,FEU,Z14,2,0.043008530783
01/01/2023,FEU,Z24,20,0.063146659809
01/01/2023,FEU,Z14,20,0.063146659809
01/01/2023,FEU,Z24,21,0.068395692787
01/01/2023,FEU,Z14,21,0.068395692787
01/01/2023,FEU,Z24,22,0.085451137328
01/01/2023,FEU,Z14,22,0.085451137328
01/01/2023,FEU,Z24,23,0.086186003971
01/01/2023,FEU,Z14,23,0.086186003971
01/01/2023,FEU,Z24,24,0.063539737343
01/01/2023,FEU,Z14,24,0.063539737343
01/01/2023,FEU,Z24,3,0.058071839309
01/01/2023,FEU,Z14,3,0.058071839309
01/01/2023,FEU,Z24,4,0.060694889608
01/01/2023,FEU,Z14,4,0.060694889608
01/01/2023,FEU,Z24,5,0.062908258642
01/01/2023,FEU,Z14,5,0.062908258642
01/01/2023,FEU,Z24,6,0.061477561431
01/01/2023,FEU,Z14,6,0.061477561431
01/01/2023,FEU,Z24,7,0.063013331207
01/01/2023,FEU,Z14,7,0.063013331207
01/01/2023,FEU,Z24,8,0.060315366877
01/01/2023,FEU,Z14,8,0.060315366877
01/01/2023,FEU,Z24,9,0.067927174424
01/01/2023,FEU,Z14,9,0.067927174424
01/02/2023,FEU,Z24,1,0.123498447162
01/02/2023,FEU,Z14,1,0.123498447162
01/02/2023,FEU,Z24,10,0.205157689549
01/02/2023,FEU,Z14,10,0.205157689549
01/02/2023,FEU,Z24,11,0.198047306766
01/02/2023,FEU,Z14,11,0.244107644002
01/02/2023,FEU,Z24,12,0.242737315013
01/02/2023,FEU,Z14,12,0.242737315013
01/02/2023,FEU,Z24,13,0.244215674093
01/02/2023,FEU,Z14,13,0.244215674093
01/02/2023,FEU,Z24,14,0.246380778575
01/02/2023,FEU,Z14,14,0.246380778575
01/02/2023,FEU,Z24,15,0.248121466203
01/02/2023,FEU,Z14,15,0.201900008508
01/02/2023,FEU,Z24,16,0.198369965942
01/02/2023,FEU,Z14,16,0.198369965942
01/02/2023,FEU,Z24,17,0.207342650338
01/02/2023,FEU,Z14,17,0.207342650338
01/02/2023,FEU,Z24,18,0.238027306465
01/02/2023,FEU,Z14,18,0.238027306465
01/02/2023,FEU,Z24,19,0.255933824214
01/02/2023,FEU,Z14,19,0.30219320981
01/02/2023,FEU,Z24,2,0.10445393625
01/02/2023,FEU,Z14,2,0.10445393625
01/02/2023,FEU,Z24,20,0.289553427688
01/02/2023,FEU,Z14,20,0.289553427688
01/02/2023,FEU,Z24,21,0.274102042546
01/02/2023,FEU,Z14,21,0.274102042546
01/02/2023,FEU,Z24,22,0.261422975524
01/02/2023,FEU,Z14,22,0.261422975524
01/02/2023,FEU,Z24,23,0.254498912638
01/02/2023,FEU,Z14,23,0.208244997043
01/02/2023,FEU,Z24,24,0.196322008476
01/02/2023,FEU,Z14,24,0.196322008476
01/02/2023,FEU,Z24,3,0.107627795251
01/02/2023,FEU,Z14,3,0.107627795251
01/02/2023,FEU,Z24,4,0.112154918749
01/02/2023,FEU,Z14,4,0.112154918749
01/02/2023,FEU,Z24,5,0.112286491489
01/02/2023,FEU,Z14,5,0.112286491489
01/02/2023,FEU,Z24,6,0.13500393625
01/02/2023,FEU,Z14,6,0.13500393625
01/02/2023,FEU,Z24,7,0.157131370934
01/02/2023,FEU,Z14,7,0.157131370934
01/02/2023,FEU,Z24,8,0.161611434127
01/02/2023,FEU,Z14,8,0.161611434127
01/02/2023,FEU,Z24,9,0.205905037465
01/02/2023,FEU,Z14,9,0.205905037465
01/03/2023,FEU,Z24,1,0.187295168749
01/03/2023,FEU,Z14,1,0.187295168749
01/03/2023,FEU,Z24,10,0.25332018842
01/03/2023,FEU,Z14,10,0.25332018842
01/03/2023,FEU,Z24,11,0.231685925227
01/03/2023,FEU,Z14,11,0.278034621222
01/03/2023,FEU,Z24,12,0.266949511642
01/03/2023,FEU,Z14,12,0.266949511642
01/03/2023,FEU,Z24,13,0.251135646931
01/03/2023,FEU,Z14,13,0.251135646931
01/03/2023,FEU,Z24,14,0.246695945602
01/03/2023,FEU,Z14,14,0.246695945602
01/03/2023,FEU,Z24,15,0.24232193102
01/03/2023,FEU,Z14,15,0.196266823864
01/03/2023,FEU,Z24,16,0.190703902949
01/03/2023,FEU,Z14,16,0.190703902949
01/03/2023,FEU,Z24,17,0.210105062816
01/03/2023,FEU,Z14,17,0.210105062816
01/03/2023,FEU,Z24,18,0.237682115965
01/03/2023,FEU,Z14,18,0.237682115965
01/03/2023,FEU,Z24,19,0.251710098565
01/03/2023,FEU,Z14,19,0.29814417531
01/03/2023,FEU,Z24,2,0.178787765328
01/03/2023,FEU,Z14,2,0.178787765328
01/03/2023,FEU,Z24,20,0.287766637099
01/03/2023,FEU,Z14,20,0.287766637099
01/03/2023,FEU,Z24,21,0.276712166648
01/03/2023,FEU,Z14,21,0.276712166648
01/03/2023,FEU,Z24,22,0.274489053766
01/03/2023,FEU,Z14,22,0.274489053766
01/03/2023,FEU,Z24,23,0.255262969516
01/03/2023,FEU,Z14,23,0.209004130121
01/03/2023,FEU,Z24,24,0.191695258813
01/03/2023,FEU,Z14,24,0.191695258813
01/03/2023,FEU,Z24,3,0.179602056882
01/03/2023,FEU,Z14,3,0.179602056882
01/03/2023,FEU,Z24,4,0.177625648078
01/03/2023,FEU,Z14,4,0.177625648078
01/03/2023,FEU,Z24,5,0.17574375276
01/03/2023,FEU,Z14,5,0.17574375276
01/03/2023,FEU,Z24,6,0.177202810366
01/03/2023,FEU,Z14,6,0.177202810366
01/03/2023,FEU,Z24,7,0.198896943951
01/03/2023,FEU,Z14,7,0.198896943951
01/03/2023,FEU,Z24,8,0.213772934151
01/03/2023,FEU,Z14,8,0.213772934151
01/03/2023,FEU,Z24,9,0.252172112737
01/03/2023,FEU,Z14,9,0.252172112737
01/04/2023,FEU,Z24,1,0.182597331025
01/04/2023,FEU,Z14,1,0.182597331025
01/04/2023,FEU,Z24,10,0.205253468896
01/04/2023,FEU,Z14,10,0.205253468896
01/04/2023,FEU,Z24,11,0.193692057213
01/04/2023,FEU,Z14,11,0.239738833489
01/04/2023,FEU,Z24,12,0.21122250002
01/04/2023,FEU,Z14,12,0.21122250002
01/04/2023,FEU,Z24,13,0.22163099682
01/04/2023,FEU,Z14,13,0.22163099682
01/04/2023,FEU,Z24,14,0.222671156041
01/04/2023,FEU,Z14,14,0.222671156041
01/04/2023,FEU,Z24,15,0.22257633022
01/04/2023,FEU,Z14,15,0.176588157304
01/04/2023,FEU,Z24,16,0.175720685859
01/04/2023,FEU,Z14,16,0.175720685859
01/04/2023,FEU,Z24,17,0.182432413536
01/04/2023,FEU,Z14,17,0.182432413536
01/04/2023,FEU,Z24,18,0.207479355394
01/04/2023,FEU,Z14,18,0.207479355394
01/04/2023,FEU,Z24,19,0.253930565631
01/04/2023,FEU,Z14,19,0.300185179147
01/04/2023,FEU,Z24,2,0.161807243404
01/04/2023,FEU,Z14,2,0.161807243404
01/04/2023,FEU,Z24,20,0.290872134255
01/04/2023,FEU,Z14,20,0.290872134255
01/04/2023,FEU,Z24,21,0.278019897305
01/04/2023,FEU,Z14,21,0.278019897305
01/04/2023,FEU,Z24,22,0.264617303817
01/04/2023,FEU,Z14,22,0.264617303817
01/04/2023,FEU,Z24,23,0.249956907599
01/04/2023,FEU,Z14,23,0.203722175604
01/04/2023,FEU,Z24,24,0.181226827113
01/04/2023,FEU,Z14,24,0.181226827113
01/04/2023,FEU,Z24,3,0.154170984796
01/04/2023,FEU,Z14,3,0.154170984796
01/04/2023,FEU,Z24,4,0.147806741394
01/04/2023,FEU,Z14,4,0.147806741394
01/04/2023,FEU,Z24,5,0.142740380794
01/04/2023,FEU,Z14,5,0.142740380794
01/04/2023,FEU,Z24,6,0.149928163119
01/04/2023,FEU,Z14,6,0.149928163119
01/04/2023,FEU,Z24,7,0.168089559139
01/04/2023,FEU,Z14,7,0.168089559139
01/04/2023,FEU,Z24,8,0.157929173431
01/04/2023,FEU,Z14,8,0.157929173431
01/04/2023,FEU,Z24,9,0.213245248574
01/04/2023,FEU,Z14,9,0.213245248574
01/05/2023,FEU,Z24,1,0.147833948201
01/05/2023,FEU,Z14,1,0.147833948201
01/05/2023,FEU,Z24,10,0.199075535567
01/05/2023,FEU,Z14,10,0.199075535567
01/05/2023,FEU,Z24,11,0.175476969993
01/05/2023,FEU,Z14,11,0.221461842829
01/05/2023,FEU,Z24,12,0.23171384902
01/05/2023,FEU,Z14,12,0.23171384902
01/05/2023,FEU,Z24,13,0.21630288382
01/05/2023,FEU,Z14,13,0.21630288382
01/05/2023,FEU,Z24,14,0.210552556033
01/05/2023,FEU,Z14,14,0.210552556033
01/05/2023,FEU,Z24,15,0.206964099325
01/05/2023,FEU,Z14,15,0.161032607689
01/05/2023,FEU,Z24,16,0.159010414081
01/05/2023,FEU,Z14,16,0.159010414081
01/05/2023,FEU,Z24,17,0.164276078458
01/05/2023,FEU,Z14,17,0.164276078458
01/05/2023,FEU,Z24,18,0.195820398816
01/05/2023,FEU,Z14,18,0.195820398816
01/05/2023,FEU,Z24,19,0.249995142091
01/05/2023,FEU,Z14,19,0.296423645686
01/05/2023,FEU,Z24,2,0.134529348048
01/05/2023,FEU,Z14,2,0.134529348048
01/05/2023,FEU,Z24,20,0.314565588703
01/05/2023,FEU,Z14,20,0.314565588703
01/05/2023,FEU,Z24,21,0.298017748111
01/05/2023,FEU,Z14,21,0.298017748111
01/05/2023,FEU,Z24,22,0.284260527082
01/05/2023,FEU,Z14,22,0.284260527082
01/05/2023,FEU,Z24,23,0.264064992547
01/05/2023,FEU,Z14,23,0.217771042302
01/05/2023,FEU,Z24,24,0.199296987874
01/05/2023,FEU,Z14,24,0.199296987874
01/05/2023,FEU,Z24,3,0.125306855662
01/05/2023,FEU,Z14,3,0.125306855662
01/05/2023,FEU,Z24,4,0.120355269871
01/05/2023,FEU,Z14,4,0.120355269871
01/05/2023,FEU,Z24,5,0.118386610381
01/05/2023,FEU,Z14,5,0.118386610381
01/05/2023,FEU,Z24,6,0.123989374643
01/05/2023,FEU,Z14,6,0.123989374643
01/05/2023,FEU,Z24,7,0.151448216602
01/05/2023,FEU,Z14,7,0.151448216602
01/05/2023,FEU,Z24,8,0.159469768531
01/05/2023,FEU,Z14,8,0.159469768531
01/05/2023,FEU,Z24,9,0.214608056665
01/05/2023,FEU,Z14,9,0.214608056665
01/06/2023,FEU,Z24,1,0.159690129166
01/06/2023,FEU,Z14,1,0.159690129166
01/06/2023,FEU,Z24,10,0.174901792291
01/06/2023,FEU,Z14,10,0.174901792291
01/06/2023,FEU,Z24,11,0.166470994828
01/06/2023,FEU,Z14,11,0.166470994828
01/06/2023,FEU,Z24,12,0.152300898883
01/06/2023,FEU,Z14,12,0.152300898883
01/06/2023,FEU,Z24,13,0.144536272095
01/06/2023,FEU,Z14,13,0.144536272095
01/06/2023,FEU,Z24,14,0.132083751007
01/06/2023,FEU,Z14,14,0.132083751007
01/06/2023,FEU,Z24,15,0.119599751996
01/06/2023,FEU,Z14,15,0.119599751996
01/06/2023,FEU,Z24,16,0.108736280706
01/06/2023,FEU,Z14,16,0.108736280706
01/06/2023,FEU,Z24,17,0.123793646931
01/06/2023,FEU,Z14,17,0.123793646931
01/06/2023,FEU,Z24,18,0.166412123107
01/06/2023,FEU,Z14,18,0.166412123107
01/06/2023,FEU,Z24,19,0.173493072967
01/06/2023,FEU,Z14,19,0.173493072967
01/06/2023,FEU,Z24,2,0.155714110198
01/06/2023,FEU,Z14,2,0.155714110198
01/06/2023,FEU,Z24,20,0.186173393797
01/06/2023,FEU,Z14,20,0.186173393797
01/06/2023,FEU,Z24,21,0.186113454567
01/06/2023,FEU,Z14,21,0.186113454567
01/06/2023,FEU,Z24,22,0.178447986525
01/06/2023,FEU,Z14,22,0.178447986525
01/06/2023,FEU,Z24,23,0.139372060123
01/06/2023,FEU,Z14,23,0.139372060123
01/06/2023,FEU,Z24,24,0.129349145328
01/06/2023,FEU,Z14,24,0.129349145328
01/06/2023,FEU,Z24,3,0.154405986829
01/06/2023,FEU,Z14,3,0.154405986829
01/06/2023,FEU,Z24,4,0.139365273622
01/06/2023,FEU,Z14,4,0.139365273622
01/06/2023,FEU,Z24,5,0.134016131759
01/06/2023,FEU,Z14,5,0.134016131759
01/06/2023,FEU,Z24,6,0.14002434214
01/06/2023,FEU,Z14,6,0.14002434214
01/06/2023,FEU,Z24,7,0.154046511979
01/06/2023,FEU,Z14,7,0.154046511979
01/06/2023,FEU,Z24,8,0.163149019876
01/06/2023,FEU,Z14,8,0.163149019876
01/06/2023,FEU,Z24,9,0.180499463834
01/06/2023,FEU,Z14,9,0.180499463834
01/07/2023,FEU,Z24,1,0.098986462936
01/07/2023,FEU,Z14,1,0.098986462936
01/07/2023,FEU,Z24,10,0.062022485396
01/07/2023,FEU,Z14,10,0.062022485396
01/07/2023,FEU,Z24,11,0.050663015288
01/07/2023,FEU,Z14,11,0.050663015288
01/07/2023,FEU,Z24,12,0.043248293851
01/07/2023,FEU,Z14,12,0.043248293851
01/07/2023,FEU,Z24,13,0.038763460369
01/07/2023,FEU,Z14,13,0.038763460369
01/07/2023,FEU,Z24,14,0.035874222861
01/07/2023,FEU,Z14,14,0.035874222861
01/07/2023,FEU,Z24,15,0.032886898088
01/07/2023,FEU,Z14,15,0.032886898088
01/07/2023,FEU,Z24,16,0.032627926469
01/07/2023,FEU,Z14,16,0.032627926469
01/07/2023,FEU,Z24,17,0.040938371352
01/07/2023,FEU,Z14,17,0.040938371352
01/07/2023,FEU,Z24,18,0.057115580407
01/07/2023,FEU,Z14,18,0.057115580407
01/07/2023,FEU,Z24,19,0.071476211635
01/07/2023,FEU,Z14,19,0.071476211635
01/07/2023,FEU,Z24,2,0.086973976706
01/07/2023,FEU,Z14,2,0.086973976706
01/07/2023,FEU,Z24,20,0.074066642542
01/07/2023,FEU,Z14,20,0.074066642542
01/07/2023,FEU,Z24,21,0.08197405458
01/07/2023,FEU,Z14,21,0.08197405458
01/07/2023,FEU,Z24,22,0.07442441398
01/07/2023,FEU,Z14,22,0.07442441398
01/07/2023,FEU,Z24,23,0.059402695909
01/07/2023,FEU,Z14,23,0.059402695909
01/07/2023,FEU,Z24,24,0.053634547394
01/07/2023,FEU,Z14,24,0.053634547394
01/07/2023,FEU,Z24,3,0.074282996636
01/07/2023,FEU,Z14,3,0.074282996636
01/07/2023,FEU,Z24,4,0.07765959875
01/07/2023,FEU,Z14,4,0.07765959875
01/07/2023,FEU,Z24,5,0.073135381548
01/07/2023,FEU,Z14,5,0.073135381548
01/07/2023,FEU,Z24,6,0.067678385209
01/07/2023,FEU,Z14,6,0.067678385209
01/07/2023,FEU,Z24,7,0.065213215767
01/07/2023,FEU,Z14,7,0.065213215767
01/07/2023,FEU,Z24,8,0.061977434587
01/07/2023,FEU,Z14,8,0.061977434587
01/07/2023,FEU,Z24,9,0.064980337178
01/07/2023,FEU,Z14,9,0.064980337178
01/08/2023,FEU,Z24,1,0.045770832048
01/08/2023,FEU,Z14,1,0.045770832048
01/08/2023,FEU,Z24,10,0.044024003485
01/08/2023,FEU,Z14,10,0.044024003485
01/08/2023,FEU,Z24,11,0.039308206681
01/08/2023,FEU,Z14,11,0.039308206681
01/08/2023,FEU,Z24,12,0.037886226526
01/08/2023,FEU,Z14,12,0.037886226526
01/08/2023,FEU,Z24,13,0.034614839355
01/08/2023,FEU,Z14,13,0.034614839355
01/08/2023,FEU,Z24,14,0.03408366611
01/08/2023,FEU,Z14,14,0.03408366611
01/08/2023,FEU,Z24,15,0.03332047151
01/08/2023,FEU,Z14,15,0.03332047151
01/08/2023,FEU,Z24,16,0.0332756188
01/08/2023,FEU,Z14,16,0.0332756188
01/08/2023,FEU,Z24,17,0.035354874552
01/08/2023,FEU,Z14,17,0.035354874552
01/08/2023,FEU,Z24,18,0.036171786535
01/08/2023,FEU,Z14,18,0.036171786535
01/08/2023,FEU,Z24,19,0.044670552177
01/08/2023,FEU,Z14,19,0.044670552177
01/08/2023,FEU,Z24,2,0.046038020938
01/08/2023,FEU,Z14,2,0.046038020938
01/08/2023,FEU,Z24,20,0.049308725504
01/08/2023,FEU,Z14,20,0.049308725504
01/08/2023,FEU,Z24,21,0.067500543893
01/08/2023,FEU,Z14,21,0.067500543893
01/08/2023,FEU,Z24,22,0.067663147263
01/08/2023,FEU,Z14,22,0.067663147263
01/08/2023,FEU,Z24,23,0.046418178979
01/08/2023,FEU,Z14,23,0.046418178979
01/08/2023,FEU,Z24,24,0.040946017969
01/08/2023,FEU,Z14,24,0.040946017969
01/08/2023,FEU,Z24,3,0.04694463625
01/08/2023,FEU,Z14,3,0.04694463625
01/08/2023,FEU,Z24,4,0.047182161544
01/08/2023,FEU,Z14,4,0.047182161544
01/08/2023,FEU,Z24,5,0.04756371514
01/08/2023,FEU,Z14,5,0.04756371514
01/08/2023,FEU,Z24,6,0.047767727302
01/08/2023,FEU,Z14,6,0.047767727302
01/08/2023,FEU,Z24,7,0.046817059489
01/08/2023,FEU,Z14,7,0.046817059489
01/08/2023,FEU,Z24,8,0.045197497438
01/08/2023,FEU,Z14,8,0.045197497438
01/08/2023,FEU,Z24,9,0.046457967728
01/08/2023,FEU,Z14,9,0.046457967728
01/09/2023,FEU,Z24,1,0.041065400082
01/09/2023,FEU,Z14,1,0.041065400082
01/09/2023,FEU,Z24,10,0.189492692969
01/09/2023,FEU,Z14,10,0.189492692969
01/09/2023,FEU,Z24,11,0.187140165846
01/09/2023,FEU,Z14,11,0.233163340762
01/09/2023,FEU,Z24,12,0.227505793323
01/09/2023,FEU,Z14,12,0.227505793323
01/09/2023,FEU,Z24,13,0.216578725413
01/09/2023,FEU,Z14,13,0.216578725413
01/09/2023,FEU,Z24,14,0.198728242325
01/09/2023,FEU,Z14,14,0.198728242325
01/09/2023,FEU,Z24,15,0.186288053683
01/09/2023,FEU,Z14,15,0.140329269788
01/09/2023,FEU,Z24,16,0.129403143122
01/09/2023,FEU,Z14,16,0.129403143122
01/09/2023,FEU,Z24,17,0.162014735158
01/09/2023,FEU,Z14,17,0.162014735158
01/09/2023,FEU,Z24,18,0.197507274265
01/09/2023,FEU,Z14,18,0.197507274265
01/09/2023,FEU,Z24,19,0.235847135214
01/09/2023,FEU,Z14,19,0.28203877481
01/09/2023,FEU,Z24,2,0.04311744875
01/09/2023,FEU,Z14,2,0.04311744875
01/09/2023,FEU,Z24,20,0.294123078888
01/09/2023,FEU,Z14,20,0.294123078888
01/09/2023,FEU,Z24,21,0.282121925626
01/09/2023,FEU,Z14,21,0.282121925626
01/09/2023,FEU,Z24,22,0.255401127484
01/09/2023,FEU,Z14,22,0.255401127484
01/09/2023,FEU,Z24,23,0.248545130178
01/09/2023,FEU,Z14,23,0.202314783733
01/09/2023,FEU,Z24,24,0.175993214956
01/09/2023,FEU,Z14,24,0.175993214956
01/09/2023,FEU,Z24,3,0.044456891111
01/09/2023,FEU,Z14,3,0.044456891111
01/09/2023,FEU,Z24,4,0.047636723839
01/09/2023,FEU,Z14,4,0.047636723839
01/09/2023,FEU,Z24,5,0.049812011889
01/09/2023,FEU,Z14,5,0.049812011889
01/09/2023,FEU,Z24,6,0.04895477375
01/09/2023,FEU,Z14,6,0.04895477375
01/09/2023,FEU,Z24,7,0.069218098534
01/09/2023,FEU,Z14,7,0.069218098534
01/09/2023,FEU,Z24,8,0.121636489987
01/09/2023,FEU,Z14,8,0.121636489987
01/09/2023,FEU,Z24,9,0.184622271565
01/09/2023,FEU,Z14,9,0.184622271565
01/10/2023,FEU,Z24,1,0.156839900059
01/10/2023,FEU,Z14,1,0.156839900059
01/10/2023,FEU,Z24,10,0.21460290162
01/10/2023,FEU,Z14,10,0.21460290162
01/10/2023,FEU,Z24,11,0.194065727287
01/10/2023,FEU,Z14,11,0.240254064382
01/10/2023,FEU,Z24,12,0.213738061862
01/10/2023,FEU,Z14,12,0.213738061862
01/10/2023,FEU,Z24,13,0.210177611371
01/10/2023,FEU,Z14,13,0.210177611371
01/10/2023,FEU,Z24,14,0.206856645282
01/10/2023,FEU,Z14,14,0.206856645282
01/10/2023,FEU,Z24,15,0.20358038342
01/10/2023,FEU,Z14,15,0.157656603544
01/10/2023,FEU,Z24,16,0.157152000009
01/10/2023,FEU,Z14,16,0.157152000009
01/10/2023,FEU,Z24,17,0.165676350816
01/10/2023,FEU,Z14,17,0.165676350816
01/10/2023,FEU,Z24,18,0.205411212415
01/10/2023,FEU,Z14,18,0.205411212415
01/10/2023,FEU,Z24,19,0.220160694115
01/10/2023,FEU,Z14,19,0.26646284101
01/10/2023,FEU,Z24,2,0.148277322288
01/10/2023,FEU,Z14,2,0.148277322288
01/10/2023,FEU,Z24,20,0.260759413909
01/10/2023,FEU,Z14,20,0.260759413909
01/10/2023,FEU,Z24,21,0.240793225368
01/10/2023,FEU,Z14,21,0.240793225368
01/10/2023,FEU,Z24,22,0.222570948766
01/10/2023,FEU,Z14,22,0.222570948766
01/10/2023,FEU,Z24,23,0.206512877076
01/10/2023,FEU,Z14,23,0.160457687231
01/10/2023,FEU,Z24,24,0.128578742393
01/10/2023,FEU,Z14,24,0.128578742393
01/10/2023,FEU,Z24,3,0.147509320982
01/10/2023,FEU,Z14,3,0.147509320982
01/10/2023,FEU,Z24,4,0.142318792438
01/10/2023,FEU,Z14,4,0.142318792438
01/10/2023,FEU,Z24,5,0.14594713556
01/10/2023,FEU,Z14,5,0.14594713556
01/10/2023,FEU,Z24,6,0.150538439646
01/10/2023,FEU,Z14,6,0.150538439646
01/10/2023,FEU,Z24,7,0.167881951331
01/10/2023,FEU,Z14,7,0.167881951331
01/10/2023,FEU,Z24,8,0.179576842661
01/10/2023,FEU,Z14,8,0.179576842661
01/10/2023,FEU,Z24,9,0.215267646957
01/10/2023,FEU,Z14,9,0.215267646957
01/11/2023,FEU,Z24,1,0.073948749025
01/11/2023,FEU,Z14,1,0.073948749025
01/11/2023,FEU,Z24,10,0.212582902496
01/11/2023,FEU,Z14,10,0.212582902496
01/11/2023,FEU,Z24,11,0.202640164403
01/11/2023,FEU,Z14,11,0.248717350559
01/11/2023,FEU,Z24,12,0.22075202662
01/11/2023,FEU,Z14,12,0.22075202662
01/11/2023,FEU,Z24,13,0.20892334082
01/11/2023,FEU,Z14,13,0.20892334082
01/11/2023,FEU,Z24,14,0.194324671261
01/11/2023,FEU,Z14,14,0.194324671261
01/11/2023,FEU,Z24,15,0.17173616002
01/11/2023,FEU,Z14,15,0.125921502664
01/11/2023,FEU,Z24,16,0.121699218519
01/11/2023,FEU,Z14,16,0.121699218519
01/11/2023,FEU,Z24,17,0.155327646176
01/11/2023,FEU,Z14,17,0.155327646176
01/11/2023,FEU,Z24,18,0.204766890374
01/11/2023,FEU,Z14,18,0.204766890374
01/11/2023,FEU,Z24,19,0.208912397941
01/11/2023,FEU,Z14,19,0.255015562617
01/11/2023,FEU,Z24,2,0.042750297364
01/11/2023,FEU,Z14,2,0.042750297364
01/11/2023,FEU,Z24,20,0.250107911855
01/11/2023,FEU,Z14,20,0.250107911855
01/11/2023,FEU,Z24,21,0.255381530505
01/11/2023,FEU,Z14,21,0.255381530505
01/11/2023,FEU,Z24,22,0.252867721207
01/11/2023,FEU,Z14,22,0.252867721207
01/11/2023,FEU,Z24,23,0.231012153449
01/11/2023,FEU,Z14,23,0.184855096204
01/11/2023,FEU,Z24,24,0.164608211403
01/11/2023,FEU,Z14,24,0.164608211403
01/11/2023,FEU,Z24,3,0.040448099956
01/11/2023,FEU,Z14,3,0.040448099956
01/11/2023,FEU,Z24,4,0.043560051714
01/11/2023,FEU,Z14,4,0.043560051714
01/11/2023,FEU,Z24,5,0.043955257994
01/11/2023,FEU,Z14,5,0.043955257994
01/11/2023,FEU,Z24,6,0.044978667029
01/11/2023,FEU,Z14,6,0.044978667029
01/11/2023,FEU,Z24,7,0.111261032329
01/11/2023,FEU,Z14,7,0.111261032329
01/11/2023,FEU,Z24,8,0.145183983281
01/11/2023,FEU,Z14,8,0.145183983281
01/11/2023,FEU,Z24,9,0.213196871634
01/11/2023,FEU,Z14,9,0.213196871634
01/12/2023,FEU,Z24,1,0.111460280341
01/12/2023,FEU,Z14,1,0.111460280341
01/12/2023,FEU,Z24,10,0.189046097057
01/12/2023,FEU,Z14,10,0.189046097057
01/12/2023,FEU,Z24,11,0.167584043303
01/12/2023,FEU,Z14,11,0.213540911259
01/12/2023,FEU,Z24,12,0.20819710982
01/12/2023,FEU,Z14,12,0.20819710982
01/12/2023,FEU,Z24,13,0.19341996982
01/12/2023,FEU,Z14,13,0.19341996982
01/12/2023,FEU,Z24,14,0.188388963373
01/12/2023,FEU,Z14,14,0.188388963373
01/12/2023,FEU,Z24,15,0.175027716825
01/12/2023,FEU,Z14,15,0.129203773789
01/12/2023,FEU,Z24,16,0.129374610271
01/12/2023,FEU,Z14,16,0.129374610271
01/12/2023,FEU,Z24,17,0.158457919858
01/12/2023,FEU,Z14,17,0.158457919858
01/12/2023,FEU,Z24,18,0.189285050336
01/12/2023,FEU,Z14,18,0.189285050336
01/12/2023,FEU,Z24,19,0.204940293751
01/12/2023,FEU,Z14,19,0.251179332046
01/12/2023,FEU,Z24,2,0.097953805968
01/12/2023,FEU,Z14,2,0.097953805968
01/12/2023,FEU,Z24,20,0.261459426853
01/12/2023,FEU,Z14,20,0.261459426853
01/12/2023,FEU,Z24,21,0.262401333211
01/12/2023,FEU,Z14,21,0.262401333211
01/12/2023,FEU,Z24,22,0.228111788542
01/12/2023,FEU,Z14,22,0.228111788542
01/12/2023,FEU,Z24,23,0.216488712457
01/12/2023,FEU,Z14,23,0.170392502362
01/12/2023,FEU,Z24,24,0.124164116494
01/12/2023,FEU,Z14,24,0.124164116494
01/12/2023,FEU,Z24,3,0.099316840762
01/12/2023,FEU,Z14,3,0.099316840762
01/12/2023,FEU,Z24,4,0.102640456741
01/12/2023,FEU,Z14,4,0.102640456741
01/12/2023,FEU,Z24,5,0.102090068161
01/12/2023,FEU,Z14,5,0.102090068161
01/12/2023,FEU,Z24,6,0.101023566633
01/12/2023,FEU,Z14,6,0.101023566633
01/12/2023,FEU,Z24,7,0.136797576682
01/12/2023,FEU,Z14,7,0.136797576682
01/12/2023,FEU,Z24,8,0.164150005081
01/12/2023,FEU,Z14,8,0.164150005081
01/12/2023,FEU,Z24,9,0.191631072565
01/12/2023,FEU,Z14,9,0.191631072565
01/13/2023,FEU,Z24,1,0.10067180977
01/13/2023,FEU,Z14,1,0.10067180977
01/13/2023,FEU,Z24,10,0.174948110714
01/13/2023,FEU,Z14,10,0.174948110714
01/13/2023,FEU,Z24,11,0.164904885283
01/13/2023,FEU,Z14,11,0.210853829199
01/13/2023,FEU,Z24,12,0.201508458099
01/13/2023,FEU,Z14,12,0.201508458099
01/13/2023,FEU,Z24,13,0.191197157038
01/13/2023,FEU,Z14,13,0.191197157038
01/13/2023,FEU,Z24,14,0.18191885202
01/13/2023,FEU,Z14,14,0.18191885202
01/13/2023,FEU,Z24,15,0.184157241529
01/13/2023,FEU,Z14,15,0.138298717893
01/13/2023,FEU,Z24,16,0.140674043327
01/13/2023,FEU,Z14,16,0.140674043327
01/13/2023,FEU,Z24,17,0.155614416172
01/13/2023,FEU,Z14,17,0.155614416172
01/13/2023,FEU,Z24,18,0.18089139231
01/13/2023,FEU,Z14,18,0.18089139231
01/13/2023,FEU,Z24,19,0.198095877017
01/13/2023,FEU,Z14,19,0.244164356893
01/13/2023,FEU,Z24,2,0.083404494629
01/13/2023,FEU,Z14,2,0.083404494629
01/13/2023,FEU,Z24,20,0.270396238156
01/13/2023,FEU,Z14,20,0.270396238156
01/13/2023,FEU,Z24,21,0.277585714954
01/13/2023,FEU,Z14,21,0.277585714954
01/13/2023,FEU,Z24,22,0.257655324083
01/13/2023,FEU,Z14,22,0.257655324083
01/13/2023,FEU,Z24,23,0.223769458828
01/13/2023,FEU,Z14,23,0.177639514483
01/13/2023,FEU,Z24,24,0.171139698268
01/13/2023,FEU,Z14,24,0.171139698268
01/13/2023,FEU,Z24,3,0.079039685473
01/13/2023,FEU,Z14,3,0.079039685473
01/13/2023,FEU,Z24,4,0.082404343907
01/13/2023,FEU,Z14,4,0.082404343907
01/13/2023,FEU,Z24,5,0.082064825845
01/13/2023,FEU,Z14,5,0.082064825845
01/13/2023,FEU,Z24,6,0.081603076555
01/13/2023,FEU,Z14,6,0.081603076555
01/13/2023,FEU,Z24,7,0.099229524174
01/13/2023,FEU,Z14,7,0.099229524174
01/13/2023,FEU,Z24,8,0.135212108393
01/13/2023,FEU,Z14,8,0.135212108393
01/13/2023,FEU,Z24,9,0.178320394728
01/13/2023,FEU,Z14,9,0.178320394728
01/14/2023,FEU,Z24,1,0.125039682376
01/14/2023,FEU,Z14,1,0.125039682376
01/14/2023,FEU,Z24,10,0.109184983436
01/14/2023,FEU,Z14,10,0.109184983436
01/14/2023,FEU,Z24,11,0.087268834648
01/14/2023,FEU,Z14,11,0.087268834648
01/14/2023,FEU,Z24,12,0.075910444881
01/14/2023,FEU,Z14,12,0.075910444881
01/14/2023,FEU,Z24,13,0.076032006079
01/14/2023,FEU,Z14,13,0.076032006079
01/14/2023,FEU,Z24,14,0.076284444831
01/14/2023,FEU,Z14,14,0.076284444831
01/14/2023,FEU,Z24,15,0.070467546968
01/14/2023,FEU,Z14,15,0.070467546968
01/14/2023,FEU,Z24,16,0.065969211739
01/14/2023,FEU,Z14,16,0.065969211739
01/14/2023,FEU,Z24,17,0.077524475432
01/14/2023,FEU,Z14,17,0.077524475432
01/14/2023,FEU,Z24,18,0.090123348247
01/14/2023,FEU,Z14,18,0.090123348247
01/14/2023,FEU,Z24,19,0.101796512335
01/14/2023,FEU,Z14,19,0.101796512335
01/14/2023,FEU,Z24,2,0.118772910366
01/14/2023,FEU,Z14,2,0.118772910366
01/14/2023,FEU,Z24,20,0.106760295982
01/14/2023,FEU,Z14,20,0.106760295982
01/14/2023,FEU,Z24,21,0.08913586938
01/14/2023,FEU,Z14,21,0.08913586938
01/14/2023,FEU,Z24,22,0.07740023798
01/14/2023,FEU,Z14,22,0.07740023798
01/14/2023,FEU,Z24,23,0.078048904369
01/14/2023,FEU,Z14,23,0.078048904369
01/14/2023,FEU,Z24,24,0.069597606834
01/14/2023,FEU,Z14,24,0.069597606834
01/14/2023,FEU,Z24,3,0.112225494236
01/14/2023,FEU,Z14,3,0.112225494236
01/14/2023,FEU,Z24,4,0.09736394875
01/14/2023,FEU,Z14,4,0.09736394875
01/14/2023,FEU,Z24,5,0.092041545588
01/14/2023,FEU,Z14,5,0.092041545588
01/14/2023,FEU,Z24,6,0.091602158929
01/14/2023,FEU,Z14,6,0.091602158929
01/14/2023,FEU,Z24,7,0.094230043937
01/14/2023,FEU,Z14,7,0.094230043937
01/14/2023,FEU,Z24,8,0.104710070437
01/14/2023,FEU,Z14,8,0.104710070437
01/14/2023,FEU,Z24,9,0.103133425658
01/14/2023,FEU,Z14,9,0.103133425658
01/15/2023,FEU,Z24,1,0.063037669328
01/15/2023,FEU,Z14,1,0.063037669328
01/15/2023,FEU,Z24,10,0.067662265885
01/15/2023,FEU,Z14,10,0.067662265885
01/15/2023,FEU,Z24,11,0.059815746811
01/15/2023,FEU,Z14,11,0.059815746811
01/15/2023,FEU,Z24,12,0.049210886686
01/15/2023,FEU,Z14,12,0.049210886686
01/15/2023,FEU,Z24,13,0.047844995055
01/15/2023,FEU,Z14,13,0.047844995055
01/15/2023,FEU,Z24,14,0.04667031991
01/15/2023,FEU,Z14,14,0.04667031991
01/15/2023,FEU,Z24,15,0.04336663001
01/15/2023,FEU,Z14,15,0.04336663001
01/15/2023,FEU,Z24,16,0.0369469588
01/15/2023,FEU,Z14,16,0.0369469588
01/15/2023,FEU,Z24,17,0.047748121032
01/15/2023,FEU,Z14,17,0.047748121032
01/15/2023,FEU,Z24,18,0.057397860835
01/15/2023,FEU,Z14,18,0.057397860835
01/15/2023,FEU,Z24,19,0.060651887827
01/15/2023,FEU,Z14,19,0.060651887827
01/15/2023,FEU,Z24,2,0.054631394098
01/15/2023,FEU,Z14,2,0.054631394098
01/15/2023,FEU,Z24,20,0.065864784384
01/15/2023,FEU,Z14,20,0.065864784384
01/15/2023,FEU,Z24,21,0.079992574263
01/15/2023,FEU,Z14,21,0.079992574263
01/15/2023,FEU,Z24,22,0.068027796973
01/15/2023,FEU,Z14,22,0.068027796973
01/15/2023,FEU,Z24,23,0.059299191739
01/15/2023,FEU,Z14,23,0.059299191739
01/15/2023,FEU,Z24,24,0.046114839249
01/15/2023,FEU,Z14,24,0.046114839249
01/15/2023,FEU,Z24,3,0.05610986125
01/15/2023,FEU,Z14,3,0.05610986125
01/15/2023,FEU,Z24,4,0.046877769944
01/15/2023,FEU,Z14,4,0.046877769944
01/15/2023,FEU,Z24,5,0.04880026654
01/15/2023,FEU,Z14,5,0.04880026654
01/15/2023,FEU,Z24,6,0.048545951262
01/15/2023,FEU,Z14,6,0.048545951262
01/15/2023,FEU,Z24,7,0.047739847129
01/15/2023,FEU,Z14,7,0.047739847129
01/15/2023,FEU,Z24,8,0.046346161138
01/15/2023,FEU,Z14,8,0.046346161138
01/15/2023,FEU,Z24,9,0.056634078288
01/15/2023,FEU,Z14,9,0.056634078288
01/16/2023,FEU,Z24,1,0.026735785302
01/16/2023,FEU,Z14,1,0.026735785302
01/16/2023,FEU,Z24,10,0.072760326399
01/16/2023,FEU,Z14,10,0.072760326399
01/16/2023,FEU,Z24,11,0.069305281026
01/16/2023,FEU,Z14,11,0.114926974222
01/16/2023,FEU,Z24,12,0.107105437533
01/16/2023,FEU,Z14,12,0.107105437533
01/16/2023,FEU,Z24,13,0.107179835703
01/16/2023,FEU,Z14,13,0.107179835703
01/16/2023,FEU,Z24,14,0.108590279325
01/16/2023,FEU,Z14,14,0.108590279325
01/16/2023,FEU,Z24,15,0.101863150153
01/16/2023,FEU,Z14,15,0.056263010708
01/16/2023,FEU,Z24,16,0.056853586442
01/16/2023,FEU,Z14,16,0.056853586442
01/16/2023,FEU,Z24,17,0.056618135518
01/16/2023,FEU,Z14,17,0.056618135518
01/16/2023,FEU,Z24,18,0.061512313465
01/16/2023,FEU,Z14,18,0.061512313465
01/16/2023,FEU,Z24,19,0.071575366334
01/16/2023,FEU,Z14,19,0.11721296961
01/16/2023,FEU,Z24,2,0.02648842375
01/16/2023,FEU,Z14,2,0.02648842375
01/16/2023,FEU,Z24,20,0.129537118648
01/16/2023,FEU,Z14,20,0.129537118648
01/16/2023,FEU,Z24,21,0.132445369126
01/16/2023,FEU,Z14,21,0.132445369126
01/16/2023,FEU,Z24,22,0.119530922884
01/16/2023,FEU,Z14,22,0.119530922884
01/16/2023,FEU,Z24,23,0.101996977658
01/16/2023,FEU,Z14,23,0.056376232513
01/16/2023,FEU,Z24,24,0.051310586956
01/16/2023,FEU,Z14,24,0.051310586956
01/16/2023,FEU,Z24,3,0.029257940951
01/16/2023,FEU,Z14,3,0.029257940951
01/16/2023,FEU,Z24,4,0.031275526259
01/16/2023,FEU,Z14,4,0.031275526259
01/16/2023,FEU,Z24,5,0.030778540939
01/16/2023,FEU,Z14,5,0.030778540939
01/16/2023,FEU,Z24,6,0.02984896125
01/16/2023,FEU,Z14,6,0.02984896125
01/16/2023,FEU,Z24,7,0.030981524714
01/16/2023,FEU,Z14,7,0.030981524714
01/16/2023,FEU,Z24,8,0.035038919947
01/16/2023,FEU,Z14,8,0.035038919947
01/16/2023,FEU,Z24,9,0.072283987165
01/16/2023,FEU,Z14,9,0.072283987165
01/17/2023,FEU,Z24,1,0.025636124059
01/17/2023,FEU,Z14,1,0.025636124059
01/17/2023,FEU,Z24,10,0.05056367942
01/17/2023,FEU,Z14,10,0.05056367942
01/17/2023,FEU,Z24,11,0.050060259157
01/17/2023,FEU,Z14,11,0.095633584202
01/17/2023,FEU,Z24,12,0.097136288122
01/17/2023,FEU,Z14,12,0.097136288122
01/17/2023,FEU,Z24,13,0.095843119591
01/17/2023,FEU,Z14,13,0.095843119591
01/17/2023,FEU,Z24,14,0.096530737222
01/17/2023,FEU,Z14,14,0.096530737222
01/17/2023,FEU,Z24,15,0.09642158622
01/17/2023,FEU,Z14,15,0.050861056504
01/17/2023,FEU,Z24,16,0.050940170399
01/17/2023,FEU,Z14,16,0.050940170399
01/17/2023,FEU,Z24,17,0.054417090336
01/17/2023,FEU,Z14,17,0.054417090336
01/17/2023,FEU,Z24,18,0.053465239165
01/17/2023,FEU,Z14,18,0.053465239165
01/17/2023,FEU,Z24,19,0.051642910615
01/17/2023,FEU,Z14,19,0.09723401201
01/17/2023,FEU,Z24,2,0.025814304688
01/17/2023,FEU,Z14,2,0.025814304688
01/17/2023,FEU,Z24,20,0.106603103059
01/17/2023,FEU,Z14,20,0.106603103059
01/17/2023,FEU,Z24,21,0.112745438488
01/17/2023,FEU,Z14,21,0.112745438488
01/17/2023,FEU,Z24,22,0.106584738046
01/17/2023,FEU,Z14,22,0.106584738046
01/17/2023,FEU,Z24,23,0.097910776756
01/17/2023,FEU,Z14,23,0.052306592311
01/17/2023,FEU,Z24,24,0.055617342543
01/17/2023,FEU,Z14,24,0.055617342543
01/17/2023,FEU,Z24,3,0.025604649462
01/17/2023,FEU,Z14,3,0.025604649462
01/17/2023,FEU,Z24,4,0.026606011858
01/17/2023,FEU,Z14,4,0.026606011858
01/17/2023,FEU,Z24,5,0.02583821836
01/17/2023,FEU,Z14,5,0.02583821836
01/17/2023,FEU,Z24,6,0.026109666186
01/17/2023,FEU,Z14,6,0.026109666186
01/17/2023,FEU,Z24,7,0.032670788271
01/17/2023,FEU,Z14,7,0.032670788271
01/17/2023,FEU,Z24,8,0.027613760181
01/17/2023,FEU,Z14,8,0.027613760181
01/17/2023,FEU,Z24,9,0.050074189437
01/17/2023,FEU,Z14,9,0.050074189437
01/18/2023,FEU,Z24,1,0.024444196025
01/18/2023,FEU,Z14,1,0.024444196025
01/18/2023,FEU,Z24,10,0.072465062816
01/18/2023,FEU,Z14,10,0.072465062816
01/18/2023,FEU,Z24,11,0.060132817883
01/18/2023,FEU,Z14,11,0.105725696999
01/18/2023,FEU,Z24,12,0.09533912502
01/18/2023,FEU,Z14,12,0.09533912502
01/18/2023,FEU,Z24,13,0.09562744622
01/18/2023,FEU,Z14,13,0.09562744622
01/18/2023,FEU,Z24,14,0.096384304171
01/18/2023,FEU,Z14,14,0.096384304171
01/18/2023,FEU,Z24,15,0.09550395922
01/18/2023,FEU,Z14,15,0.049947716104
01/18/2023,FEU,Z24,16,0.050045338509
01/18/2023,FEU,Z14,16,0.050045338509
01/18/2023,FEU,Z24,17,0.052970680416
01/18/2023,FEU,Z14,17,0.052970680416
01/18/2023,FEU,Z24,18,0.062601165254
01/18/2023,FEU,Z14,18,0.062601165254
01/18/2023,FEU,Z24,19,0.087808943141
01/18/2023,FEU,Z14,19,0.133504695017
01/18/2023,FEU,Z24,2,0.020825758564
01/18/2023,FEU,Z14,2,0.020825758564
01/18/2023,FEU,Z24,20,0.217686056155
01/18/2023,FEU,Z14,20,0.217686056155
01/18/2023,FEU,Z24,21,0.238697812855
01/18/2023,FEU,Z14,21,0.238697812855
01/18/2023,FEU,Z24,22,0.211249761117
01/18/2023,FEU,Z14,22,0.211249761117
01/18/2023,FEU,Z24,23,0.121554971079
01/18/2023,FEU,Z14,23,0.075853605684
01/18/2023,FEU,Z24,24,0.064362105823
01/18/2023,FEU,Z14,24,0.064362105823
01/18/2023,FEU,Z24,3,0.023524400516
01/18/2023,FEU,Z14,3,0.023524400516
01/18/2023,FEU,Z24,4,0.026212392434
01/18/2023,FEU,Z14,4,0.026212392434
01/18/2023,FEU,Z24,5,0.025928591014
01/18/2023,FEU,Z14,5,0.025928591014
01/18/2023,FEU,Z24,6,0.025816286749
01/18/2023,FEU,Z14,6,0.025816286749
01/18/2023,FEU,Z24,7,0.026378809519
01/18/2023,FEU,Z14,7,0.026378809519
01/18/2023,FEU,Z24,8,0.035923801371
01/18/2023,FEU,Z14,8,0.035923801371
01/18/2023,FEU,Z24,9,0.077416274014
01/18/2023,FEU,Z14,9,0.077416274014
01/19/2023,FEU,Z24,1,0.071834588661
01/19/2023,FEU,Z14,1,0.071834588661
01/19/2023,FEU,Z24,10,0.126533206617
01/19/2023,FEU,Z14,10,0.126533206617
01/19/2023,FEU,Z24,11,0.079936042973
01/19/2023,FEU,Z14,11,0.125595041769
01/19/2023,FEU,Z24,12,0.11977244102
01/19/2023,FEU,Z14,12,0.11977244102
01/19/2023,FEU,Z24,13,0.11869336642
01/19/2023,FEU,Z14,13,0.11869336642
01/19/2023,FEU,Z24,14,0.117634644133
01/19/2023,FEU,Z14,14,0.117634644133
01/19/2023,FEU,Z24,15,0.114460649825
01/19/2023,FEU,Z14,15,0.068844063549
01/19/2023,FEU,Z24,16,0.068915950081
01/19/2023,FEU,Z14,16,0.068915950081
01/19/2023,FEU,Z24,17,0.072668312578
01/19/2023,FEU,Z14,17,0.072668312578
01/19/2023,FEU,Z24,18,0.077556807456
01/19/2023,FEU,Z14,18,0.077556807456
01/19/2023,FEU,Z24,19,0.092807725051
01/19/2023,FEU,Z14,19,0.138575221846
01/19/2023,FEU,Z24,2,0.060250158448
01/19/2023,FEU,Z14,2,0.060250158448
01/19/2023,FEU,Z24,20,0.152847920143
01/19/2023,FEU,Z14,20,0.152847920143
01/19/2023,FEU,Z24,21,0.159522169351
01/19/2023,FEU,Z14,21,0.159522169351
01/19/2023,FEU,Z24,22,0.142835572842
01/19/2023,FEU,Z14,22,0.142835572842
01/19/2023,FEU,Z24,23,0.129542440837
01/19/2023,FEU,Z14,23,0.083807603442
01/19/2023,FEU,Z24,24,0.076981235794
01/19/2023,FEU,Z14,24,0.076981235794
01/19/2023,FEU,Z24,3,0.055834480102
01/19/2023,FEU,Z14,3,0.055834480102
01/19/2023,FEU,Z24,4,0.058226581291
01/19/2023,FEU,Z14,4,0.058226581291
01/19/2023,FEU,Z24,5,0.057102263131
01/19/2023,FEU,Z14,5,0.057102263131
01/19/2023,FEU,Z24,6,0.057412834753
01/19/2023,FEU,Z14,6,0.057412834753
01/19/2023,FEU,Z24,7,0.059204521282
01/19/2023,FEU,Z14,7,0.059204521282
01/19/2023,FEU,Z24,8,0.096432379501
01/19/2023,FEU,Z14,8,0.096432379501
01/19/2023,FEU,Z24,9,0.159808110865
01/19/2023,FEU,Z14,9,0.159808110865
01/20/2023,FEU,Z24,1,0.07909495297
01/20/2023,FEU,Z14,1,0.07909495297
01/20/2023,FEU,Z24,10,0.157737874954
01/20/2023,FEU,Z14,10,0.157737874954
01/20/2023,FEU,Z24,11,0.145318663683
01/20/2023,FEU,Z14,11,0.191199863399
01/20/2023,FEU,Z24,12,0.183760023989
01/20/2023,FEU,Z14,12,0.183760023989
01/20/2023,FEU,Z24,13,0.190792853938
01/20/2023,FEU,Z14,13,0.190792853938
01/20/2023,FEU,Z24,14,0.18391450342
01/20/2023,FEU,Z14,14,0.18391450342
01/20/2023,FEU,Z24,15,0.181959754829
01/20/2023,FEU,Z14,15,0.136108673993
01/20/2023,FEU,Z24,16,0.136501271087
01/20/2023,FEU,Z14,16,0.136501271087
01/20/2023,FEU,Z24,17,0.151882848772
01/20/2023,FEU,Z14,17,0.151882848772
01/20/2023,FEU,Z24,18,0.18515400801
01/20/2023,FEU,Z14,18,0.18515400801
01/20/2023,FEU,Z24,19,0.244750873987
01/20/2023,FEU,Z14,19,0.290975783023
01/20/2023,FEU,Z24,2,0.074485377989
01/20/2023,FEU,Z14,2,0.074485377989
01/20/2023,FEU,Z24,20,0.344677909116
01/20/2023,FEU,Z14,20,0.344677909116
01/20/2023,FEU,Z24,21,0.332988655474
01/20/2023,FEU,Z14,21,0.332988655474
01/20/2023,FEU,Z24,22,0.307069252303
01/20/2023,FEU,Z14,22,0.307069252303
01/20/2023,FEU,Z24,23,0.248618246428
01/20/2023,FEU,Z14,23,0.202384583583
01/20/2023,FEU,Z24,24,0.162127763188
01/20/2023,FEU,Z14,24,0.162127763188
01/20/2023,FEU,Z24,3,0.057769107673
01/20/2023,FEU,Z14,3,0.057769107673
01/20/2023,FEU,Z24,4,0.059535402357
01/20/2023,FEU,Z14,4,0.059535402357
01/20/2023,FEU,Z24,5,0.069066740645
01/20/2023,FEU,Z14,5,0.069066740645
01/20/2023,FEU,Z24,6,0.082123648405
01/20/2023,FEU,Z14,6,0.082123648405
01/20/2023,FEU,Z24,7,0.090495438874
01/20/2023,FEU,Z14,7,0.090495438874
01/20/2023,FEU,Z24,8,0.110087667123
01/20/2023,FEU,Z14,8,0.110087667123
01/20/2023,FEU,Z24,9,0.155622163848
01/20/2023,FEU,Z14,9,0.155622163848
01/21/2023,FEU,Z24,1,0.115763953336
01/21/2023,FEU,Z14,1,0.115763953336
01/21/2023,FEU,Z24,10,0.090986415076
01/21/2023,FEU,Z14,10,0.090986415076
01/21/2023,FEU,Z24,11,0.086549414968
01/21/2023,FEU,Z14,11,0.086549414968
01/21/2023,FEU,Z24,12,0.080900368741
01/21/2023,FEU,Z14,12,0.080900368741
01/21/2023,FEU,Z24,13,0.074066212939
01/21/2023,FEU,Z14,13,0.074066212939
01/21/2023,FEU,Z24,14,0.072733092071
01/21/2023,FEU,Z14,14,0.072733092071
01/21/2023,FEU,Z24,15,0.071434890728
01/21/2023,FEU,Z14,15,0.071434890728
01/21/2023,FEU,Z24,16,0.069298467809
01/21/2023,FEU,Z14,16,0.069298467809
01/21/2023,FEU,Z24,17,0.092738933432
01/21/2023,FEU,Z14,17,0.092738933432
01/21/2023,FEU,Z24,18,0.086498552477
01/21/2023,FEU,Z14,18,0.086498552477
01/21/2023,FEU,Z24,19,0.110089008835
01/21/2023,FEU,Z14,19,0.110089008835
01/21/2023,FEU,Z24,2,0.101026484886
01/21/2023,FEU,Z14,2,0.101026484886
01/21/2023,FEU,Z24,20,0.132805386802
01/21/2023,FEU,Z14,20,0.132805386802
01/21/2023,FEU,Z24,21,0.15598905118
01/21/2023,FEU,Z14,21,0.15598905118
01/21/2023,FEU,Z24,22,0.13162722498
01/21/2023,FEU,Z14,22,0.13162722498
01/21/2023,FEU,Z24,23,0.103861186249
01/21/2023,FEU,Z14,23,0.103861186249
01/21/2023,FEU,Z24,24,0.087086864634
01/21/2023,FEU,Z14,24,0.087086864634
01/21/2023,FEU,Z24,3,0.098488300796
01/21/2023,FEU,Z14,3,0.098488300796
01/21/2023,FEU,Z24,4,0.09639454875
01/21/2023,FEU,Z14,4,0.09639454875
01/21/2023,FEU,Z24,5,0.098280036228
01/21/2023,FEU,Z14,5,0.098280036228
01/21/2023,FEU,Z24,6,0.092521969189
01/21/2023,FEU,Z14,6,0.092521969189
01/21/2023,FEU,Z24,7,0.092785143447
01/21/2023,FEU,Z14,7,0.092785143447
01/21/2023,FEU,Z24,8,0.097020354967
01/21/2023,FEU,Z14,8,0.097020354967
01/21/2023,FEU,Z24,9,0.092609818278
01/21/2023,FEU,Z14,9,0.092609818278
01/22/2023,FEU,Z24,1,0.067327752048
01/22/2023,FEU,Z14,1,0.067327752048
01/22/2023,FEU,Z24,10,0.064526691085
01/22/2023,FEU,Z14,10,0.064526691085
01/22/2023,FEU,Z24,11,0.042446337391
01/22/2023,FEU,Z14,11,0.042446337391
01/22/2023,FEU,Z24,12,0.044039218966
01/22/2023,FEU,Z14,12,0.044039218966
01/22/2023,FEU,Z24,13,0.041764118055
01/22/2023,FEU,Z14,13,0.041764118055
01/22/2023,FEU,Z24,14,0.04437323911
01/22/2023,FEU,Z14,14,0.04437323911
01/22/2023,FEU,Z24,15,0.04430210091
01/22/2023,FEU,Z14,15,0.04430210091
01/22/2023,FEU,Z24,16,0.0457680268
01/22/2023,FEU,Z14,16,0.0457680268
01/22/2023,FEU,Z24,17,0.052550380072
01/22/2023,FEU,Z14,17,0.052550380072
01/22/2023,FEU,Z24,18,0.061931511835
01/22/2023,FEU,Z14,18,0.061931511835
01/22/2023,FEU,Z24,19,0.106415600057
01/22/2023,FEU,Z14,19,0.106415600057
01/22/2023,FEU,Z24,2,0.052345406158
01/22/2023,FEU,Z14,2,0.052345406158
01/22/2023,FEU,Z24,20,0.127234942464
01/22/2023,FEU,Z14,20,0.127234942464
01/22/2023,FEU,Z24,21,0.175440399523
01/22/2023,FEU,Z14,21,0.175440399523
01/22/2023,FEU,Z24,22,0.169937575813
01/22/2023,FEU,Z14,22,0.169937575813
01/22/2023,FEU,Z24,23,0.112724083369
01/22/2023,FEU,Z14,23,0.112724083369
01/22/2023,FEU,Z24,24,0.092220639389
01/22/2023,FEU,Z14,24,0.092220639389
01/22/2023,FEU,Z24,3,0.05754618625
01/22/2023,FEU,Z14,3,0.05754618625
01/22/2023,FEU,Z24,4,0.053590474504
01/22/2023,FEU,Z14,4,0.053590474504
01/22/2023,FEU,Z24,5,0.05379699814
01/22/2023,FEU,Z14,5,0.05379699814
01/22/2023,FEU,Z24,6,0.053671684842
01/22/2023,FEU,Z14,6,0.053671684842
01/22/2023,FEU,Z24,7,0.050055210439
01/22/2023,FEU,Z14,7,0.050055210439
01/22/2023,FEU,Z24,8,0.053905271218
01/22/2023,FEU,Z14,8,0.053905271218
01/22/2023,FEU,Z24,9,0.068992147088
01/22/2023,FEU,Z14,9,0.068992147088
01/23/2023,FEU,Z24,1,0.093690044102
01/23/2023,FEU,Z14,1,0.093690044102
01/23/2023,FEU,Z24,10,0.162193311089
01/23/2023,FEU,Z14,10,0.162193311089
01/23/2023,FEU,Z24,11,0.120826599746
01/23/2023,FEU,Z14,11,0.166622656062
01/23/2023,FEU,Z24,12,0.162356395163
01/23/2023,FEU,Z14,12,0.162356395163
01/23/2023,FEU,Z24,13,0.160662433223
01/23/2023,FEU,Z14,13,0.160662433223
01/23/2023,FEU,Z24,14,0.160972366825
01/23/2023,FEU,Z14,14,0.160972366825
01/23/2023,FEU,Z24,15,0.154552932243
01/23/2023,FEU,Z14,15,0.108730133948
01/23/2023,FEU,Z24,16,0.110383473182
01/23/2023,FEU,Z14,16,0.110383473182
01/23/2023,FEU,Z24,17,0.124200628498
01/23/2023,FEU,Z14,17,0.124200628498
01/23/2023,FEU,Z24,18,0.126974770765
01/23/2023,FEU,Z14,18,0.126974770765
01/23/2023,FEU,Z24,19,0.172338697234
01/23/2023,FEU,Z14,19,0.21831733311
01/23/2023,FEU,Z24,2,0.08144348625
01/23/2023,FEU,Z14,2,0.08144348625
01/23/2023,FEU,Z24,20,0.276140972168
01/23/2023,FEU,Z14,20,0.276140972168
01/23/2023,FEU,Z24,21,0.277907822026
01/23/2023,FEU,Z14,21,0.277907822026
01/23/2023,FEU,Z24,22,0.268872668164
01/23/2023,FEU,Z14,22,0.268872668164
01/23/2023,FEU,Z24,23,0.187197694578
01/23/2023,FEU,Z14,23,0.141223734133
01/23/2023,FEU,Z24,24,0.125669313916
01/23/2023,FEU,Z14,24,0.125669313916
01/23/2023,FEU,Z24,3,0.076442629641
01/23/2023,FEU,Z14,3,0.076442629641
01/23/2023,FEU,Z24,4,0.082337375799
01/23/2023,FEU,Z14,4,0.082337375799
01/23/2023,FEU,Z24,5,0.082887461829
01/23/2023,FEU,Z14,5,0.082887461829
01/23/2023,FEU,Z24,6,0.08445018625
01/23/2023,FEU,Z14,6,0.08445018625
01/23/2023,FEU,Z24,7,0.093708588714
01/23/2023,FEU,Z14,7,0.093708588714
01/23/2023,FEU,Z24,8,0.102490805137
01/23/2023,FEU,Z14,8,0.102490805137
01/23/2023,FEU,Z24,9,0.154498066615
01/23/2023,FEU,Z14,9,0.154498066615
01/24/2023,FEU,Z24,1,0.102554679619
01/24/2023,FEU,Z14,1,0.102554679619
01/24/2023,FEU,Z24,10,0.15215942562
01/24/2023,FEU,Z14,10,0.15215942562
01/24/2023,FEU,Z24,11,0.124412142727
01/24/2023,FEU,Z14,11,0.170302398222
01/24/2023,FEU,Z24,12,0.167043637922
01/24/2023,FEU,Z14,12,0.167043637922
01/24/2023,FEU,Z24,13,0.167374417231
01/24/2023,FEU,Z14,13,0.167374417231
01/24/2023,FEU,Z24,14,0.167444640902
01/24/2023,FEU,Z14,14,0.167444640902
01/24/2023,FEU,Z24,15,0.16791855322
01/24/2023,FEU,Z14,15,0.122115660904
01/24/2023,FEU,Z24,16,0.123686652559
01/24/2023,FEU,Z14,16,0.123686652559
01/24/2023,FEU,Z24,17,0.123812088096
01/24/2023,FEU,Z14,17,0.123812088096
01/24/2023,FEU,Z24,18,0.157963255465
01/24/2023,FEU,Z14,18,0.157963255465
01/24/2023,FEU,Z24,19,0.210318261865
01/24/2023,FEU,Z14,19,0.25657768951
01/24/2023,FEU,Z24,2,0.091102604688
01/24/2023,FEU,Z14,2,0.091102604688
01/24/2023,FEU,Z24,20,0.357196529959
01/24/2023,FEU,Z14,20,0.357196529959
01/24/2023,FEU,Z24,21,0.354704297528
01/24/2023,FEU,Z14,21,0.354704297528
01/24/2023,FEU,Z24,22,0.281651119486
01/24/2023,FEU,Z14,22,0.281651119486
01/24/2023,FEU,Z24,23,0.221261491796
01/24/2023,FEU,Z14,23,0.175145053551
01/24/2023,FEU,Z24,24,0.153149387923
01/24/2023,FEU,Z14,24,0.153149387923
01/24/2023,FEU,Z24,3,0.088514151802
01/24/2023,FEU,Z14,3,0.088514151802
01/24/2023,FEU,Z24,4,0.089711373598
01/24/2023,FEU,Z14,4,0.089711373598
01/24/2023,FEU,Z24,5,0.09264287116
01/24/2023,FEU,Z14,5,0.09264287116
01/24/2023,FEU,Z24,6,0.094302011666
01/24/2023,FEU,Z14,6,0.094302011666
01/24/2023,FEU,Z24,7,0.099457786921
01/24/2023,FEU,Z14,7,0.099457786921
01/24/2023,FEU,Z24,8,0.117354246071
01/24/2023,FEU,Z14,8,0.117354246071
01/24/2023,FEU,Z24,9,0.158807327587
01/24/2023,FEU,Z14,9,0.158807327587
01/25/2023,FEU,Z24,1,0.146672246025
01/25/2023,FEU,Z14,1,0.146672246025
01/25/2023,FEU,Z24,10,0.174389537056
01/25/2023,FEU,Z14,10,0.174389537056
01/25/2023,FEU,Z24,11,0.151382249893
01/25/2023,FEU,Z14,11,0.197285237529
01/25/2023,FEU,Z24,12,0.17295762522
01/25/2023,FEU,Z14,12,0.17295762522
01/25/2023,FEU,Z24,13,0.17053231222
01/25/2023,FEU,Z14,13,0.17053231222
01/25/2023,FEU,Z24,14,0.170145774631
01/25/2023,FEU,Z14,14,0.170145774631
01/25/2023,FEU,Z24,15,0.17023315862
01/25/2023,FEU,Z14,15,0.124423596184
01/25/2023,FEU,Z24,16,0.125908184419
01/25/2023,FEU,Z14,16,0.125908184419
01/25/2023,FEU,Z24,17,0.125587650016
01/25/2023,FEU,Z14,17,0.125587650016
01/25/2023,FEU,Z24,18,0.157889932014
01/25/2023,FEU,Z14,18,0.157889932014
01/25/2023,FEU,Z24,19,0.185846047631
01/25/2023,FEU,Z14,19,0.231871613147
01/25/2023,FEU,Z24,2,0.130489574284
01/25/2023,FEU,Z14,2,0.130489574284
01/25/2023,FEU,Z24,20,0.342598139455
01/25/2023,FEU,Z14,20,0.342598139455
01/25/2023,FEU,Z24,21,0.321122615205
01/25/2023,FEU,Z14,21,0.321122615205
01/25/2023,FEU,Z24,22,0.232449263747
01/25/2023,FEU,Z14,22,0.232449263747
01/25/2023,FEU,Z24,23,0.203101561989
01/25/2023,FEU,Z14,23,0.157060702044
01/25/2023,FEU,Z24,24,0.131821347893
01/25/2023,FEU,Z14,24,0.131821347893
01/25/2023,FEU,Z24,3,0.116244572116
01/25/2023,FEU,Z14,3,0.116244572116
01/25/2023,FEU,Z24,4,0.114834715594
01/25/2023,FEU,Z14,4,0.114834715594
01/25/2023,FEU,Z24,5,0.114642918814
01/25/2023,FEU,Z14,5,0.114642918814
01/25/2023,FEU,Z24,6,0.117492803849
01/25/2023,FEU,Z14,6,0.117492803849
01/25/2023,FEU,Z24,7,0.124408809169
01/25/2023,FEU,Z14,7,0.124408809169
01/25/2023,FEU,Z24,8,0.142145633351
01/25/2023,FEU,Z14,8,0.142145633351
01/25/2023,FEU,Z24,9,0.202644116414
01/25/2023,FEU,Z14,9,0.202644116414
01/26/2023,FEU,Z24,1,0.107267517651
01/26/2023,FEU,Z14,1,0.107267517651
01/26/2023,FEU,Z24,10,0.143407494957
01/26/2023,FEU,Z14,10,0.143407494957
01/26/2023,FEU,Z24,11,0.124479619743
01/26/2023,FEU,Z14,11,0.170291179579
01/26/2023,FEU,Z24,12,0.16163642202
01/26/2023,FEU,Z14,12,0.16163642202
01/26/2023,FEU,Z24,13,0.15992877322
01/26/2023,FEU,Z14,13,0.15992877322
01/26/2023,FEU,Z24,14,0.156497218543
01/26/2023,FEU,Z14,14,0.156497218543
01/26/2023,FEU,Z24,15,0.153058800575
01/26/2023,FEU,Z14,15,0.107310816339
01/26/2023,FEU,Z24,16,0.108380499181
01/26/2023,FEU,Z14,16,0.108380499181
01/26/2023,FEU,Z24,17,0.117382710658
01/26/2023,FEU,Z14,17,0.117382710658
01/26/2023,FEU,Z24,18,0.131319133536
01/26/2023,FEU,Z14,18,0.131319133536
01/26/2023,FEU,Z24,19,0.136592210121
01/26/2023,FEU,Z14,19,0.182542636066
01/26/2023,FEU,Z24,2,0.098818325008
01/26/2023,FEU,Z14,2,0.098818325008
01/26/2023,FEU,Z24,20,0.211012939153
01/26/2023,FEU,Z14,20,0.211012939153
01/26/2023,FEU,Z24,21,0.210799694441
01/26/2023,FEU,Z14,21,0.210799694441
01/26/2023,FEU,Z24,22,0.188497642342
01/26/2023,FEU,Z14,22,0.188497642342
01/26/2023,FEU,Z24,23,0.168155492737
01/26/2023,FEU,Z14,23,0.122258970842
01/26/2023,FEU,Z24,24,0.110930015194
01/26/2023,FEU,Z14,24,0.110930015194
01/26/2023,FEU,Z24,3,0.099016365782
01/26/2023,FEU,Z14,3,0.099016365782
01/26/2023,FEU,Z24,4,0.099587994391
01/26/2023,FEU,Z14,4,0.099587994391
01/26/2023,FEU,Z24,5,0.095196173041
01/26/2023,FEU,Z14,5,0.095196173041
01/26/2023,FEU,Z24,6,0.099164466963
01/26/2023,FEU,Z14,6,0.099164466963
01/26/2023,FEU,Z24,7,0.096689153362
01/26/2023,FEU,Z14,7,0.096689153362
01/26/2023,FEU,Z24,8,0.105289044791
01/26/2023,FEU,Z14,8,0.105289044791
01/26/2023,FEU,Z24,9,0.155470619815
01/26/2023,FEU,Z14,9,0.155470619815
01/27/2023,FEU,Z24,1,0.08078663347
01/27/2023,FEU,Z14,1,0.08078663347
01/27/2023,FEU,Z24,10,0.115532250374
01/27/2023,FEU,Z14,10,0.115532250374
01/27/2023,FEU,Z24,11,0.102022965853
01/27/2023,FEU,Z14,11,0.147758207409
01/27/2023,FEU,Z24,12,0.127403696029
01/27/2023,FEU,Z14,12,0.127403696029
01/27/2023,FEU,Z24,13,0.116696548078
01/27/2023,FEU,Z14,13,0.116696548078
01/27/2023,FEU,Z24,14,0.11533180602
01/27/2023,FEU,Z14,14,0.11533180602
01/27/2023,FEU,Z24,15,0.108622607329
01/27/2023,FEU,Z14,15,0.063019916493
01/27/2023,FEU,Z24,16,0.066195924157
01/27/2023,FEU,Z14,16,0.066195924157
01/27/2023,FEU,Z24,17,0.076904866132
01/27/2023,FEU,Z14,17,0.076904866132
01/27/2023,FEU,Z24,18,0.10286372301
01/27/2023,FEU,Z14,18,0.10286372301
01/27/2023,FEU,Z24,19,0.107932014957
01/27/2023,FEU,Z14,19,0.153696988153
01/27/2023,FEU,Z24,2,0.079474681979
01/27/2023,FEU,Z14,2,0.079474681979
01/27/2023,FEU,Z24,20,0.182944264036
01/27/2023,FEU,Z14,20,0.182944264036
01/27/2023,FEU,Z24,21,0.187750979974
01/27/2023,FEU,Z14,21,0.187750979974
01/27/2023,FEU,Z24,22,0.183168481423
01/27/2023,FEU,Z14,22,0.183168481423
01/27/2023,FEU,Z24,23,0.180624694948
01/27/2023,FEU,Z14,23,0.134672740553
01/27/2023,FEU,Z24,24,0.110006757628
01/27/2023,FEU,Z14,24,0.110006757628
01/27/2023,FEU,Z24,3,0.066605175093
01/27/2023,FEU,Z14,3,0.066605175093
01/27/2023,FEU,Z24,4,0.065250535837
01/27/2023,FEU,Z14,4,0.065250535837
01/27/2023,FEU,Z24,5,0.060826385545
01/27/2023,FEU,Z14,5,0.060826385545
01/27/2023,FEU,Z24,6,0.067380047155
01/27/2023,FEU,Z14,6,0.067380047155
01/27/2023,FEU,Z24,7,0.079154693674
01/27/2023,FEU,Z14,7,0.079154693674
01/27/2023,FEU,Z24,8,0.082348441403
01/27/2023,FEU,Z14,8,0.082348441403
01/27/2023,FEU,Z24,9,0.127948620328
01/27/2023,FEU,Z14,9,0.127948620328
01/28/2023,FEU,Z24,1,0.073253099176
01/28/2023,FEU,Z14,1,0.073253099176
01/28/2023,FEU,Z24,10,0.070737940396
01/28/2023,FEU,Z14,10,0.070737940396
01/28/2023,FEU,Z24,11,0.061742559928
01/28/2023,FEU,Z14,11,0.061742559928
01/28/2023,FEU,Z24,12,0.053485036911
01/28/2023,FEU,Z14,12,0.053485036911
01/28/2023,FEU,Z24,13,0.046613031709
01/28/2023,FEU,Z14,13,0.046613031709
01/28/2023,FEU,Z24,14,0.042295857291
01/28/2023,FEU,Z14,14,0.042295857291
01/28/2023,FEU,Z24,15,0.039153861928
01/28/2023,FEU,Z14,15,0.039153861928
01/28/2023,FEU,Z24,16,0.037138954529
01/28/2023,FEU,Z14,16,0.037138954529
01/28/2023,FEU,Z24,17,0.046357882152
01/28/2023,FEU,Z14,17,0.046357882152
01/28/2023,FEU,Z24,18,0.061650126177
01/28/2023,FEU,Z14,18,0.061650126177
01/28/2023,FEU,Z24,19,0.094140615085
01/28/2023,FEU,Z14,19,0.094140615085
01/28/2023,FEU,Z24,2,0.070436513366
01/28/2023,FEU,Z14,2,0.070436513366
01/28/2023,FEU,Z24,20,0.102819444802
01/28/2023,FEU,Z14,20,0.102819444802
01/28/2023,FEU,Z24,21,0.10871280678
01/28/2023,FEU,Z14,21,0.10871280678
01/28/2023,FEU,Z24,22,0.10896204058
01/28/2023,FEU,Z14,22,0.10896204058
01/28/2023,FEU,Z24,23,0.104857009429
01/28/2023,FEU,Z14,23,0.104857009429
01/28/2023,FEU,Z24,24,0.096586059754
01/28/2023,FEU,Z14,24,0.096586059754
01/28/2023,FEU,Z24,3,0.071416994796
01/28/2023,FEU,Z14,3,0.071416994796
01/28/2023,FEU,Z24,4,0.07365532375
01/28/2023,FEU,Z14,4,0.07365532375
01/28/2023,FEU,Z24,5,0.073243354028
01/28/2023,FEU,Z14,5,0.073243354028
01/28/2023,FEU,Z24,6,0.073055871259
01/28/2023,FEU,Z14,6,0.073055871259
01/28/2023,FEU,Z24,7,0.072565871517
01/28/2023,FEU,Z14,7,0.072565871517
01/28/2023,FEU,Z24,8,0.074754372427
01/28/2023,FEU,Z14,8,0.074754372427
01/28/2023,FEU,Z24,9,0.078752069438
01/28/2023,FEU,Z14,9,0.078752069438
01/29/2023,FEU,Z24,1,0.092338276048
01/29/2023,FEU,Z14,1,0.092338276048
01/29/2023,FEU,Z24,10,0.075822922735
01/29/2023,FEU,Z14,10,0.075822922735
01/29/2023,FEU,Z24,11,0.069910031891
01/29/2023,FEU,Z14,11,0.069910031891
01/29/2023,FEU,Z24,12,0.066553653106
01/29/2023,FEU,Z14,12,0.066553653106
01/29/2023,FEU,Z24,13,0.067634087505
01/29/2023,FEU,Z14,13,0.067634087505
01/29/2023,FEU,Z24,14,0.06892669951
01/29/2023,FEU,Z14,14,0.06892669951
01/29/2023,FEU,Z24,15,0.06999154721
01/29/2023,FEU,Z14,15,0.06999154721
01/29/2023,FEU,Z24,16,0.0713794228
01/29/2023,FEU,Z14,16,0.0713794228
01/29/2023,FEU,Z24,17,0.077583582872
01/29/2023,FEU,Z14,17,0.077583582872
01/29/2023,FEU,Z24,18,0.129844362085
01/29/2023,FEU,Z14,18,0.129844362085
01/29/2023,FEU,Z24,19,0.163880286317
01/29/2023,FEU,Z14,19,0.163880286317
01/29/2023,FEU,Z24,2,0.081981289798
01/29/2023,FEU,Z14,2,0.081981289798
01/29/2023,FEU,Z24,20,0.233294425984
01/29/2023,FEU,Z14,20,0.233294425984
01/29/2023,FEU,Z24,21,0.225877090343
01/29/2023,FEU,Z14,21,0.225877090343
01/29/2023,FEU,Z24,22,0.213384025523
01/29/2023,FEU,Z14,22,0.213384025523
01/29/2023,FEU,Z24,23,0.175068831769
01/29/2023,FEU,Z14,23,0.175068831769
01/29/2023,FEU,Z24,24,0.148089759039
01/29/2023,FEU,Z14,24,0.148089759039
01/29/2023,FEU,Z24,3,0.08143329875
01/29/2023,FEU,Z14,3,0.08143329875
01/29/2023,FEU,Z24,4,0.080819135224
01/29/2023,FEU,Z14,4,0.080819135224
01/29/2023,FEU,Z24,5,0.08151127774
01/29/2023,FEU,Z14,5,0.08151127774
01/29/2023,FEU,Z24,6,0.081295930722
01/29/2023,FEU,Z14,6,0.081295930722
01/29/2023,FEU,Z24,7,0.080981243989
01/29/2023,FEU,Z14,7,0.080981243989
01/29/2023,FEU,Z24,8,0.081122521318
01/29/2023,FEU,Z14,8,0.081122521318
01/29/2023,FEU,Z24,9,0.078865037808
01/29/2023,FEU,Z14,9,0.078865037808
01/30/2023,FEU,Z24,1,0.169486210322
01/30/2023,FEU,Z14,1,0.169486210322
01/30/2023,FEU,Z24,10,0.226500886889
01/30/2023,FEU,Z14,10,0.226500886889
01/30/2023,FEU,Z24,11,0.193289800906
01/30/2023,FEU,Z14,11,0.239332750582
01/30/2023,FEU,Z24,12,0.237702650433
01/30/2023,FEU,Z14,12,0.237702650433
01/30/2023,FEU,Z24,13,0.235000870473
01/30/2023,FEU,Z14,13,0.235000870473
01/30/2023,FEU,Z24,14,0.232594374325
01/30/2023,FEU,Z14,14,0.232594374325
01/30/2023,FEU,Z24,15,0.231632214083
01/30/2023,FEU,Z14,15,0.185480804188
01/30/2023,FEU,Z24,16,0.186909533782
01/30/2023,FEU,Z14,16,0.186909533782
01/30/2023,FEU,Z24,17,0.190327429378
01/30/2023,FEU,Z14,17,0.190327429378
01/30/2023,FEU,Z24,18,0.196571752315
01/30/2023,FEU,Z14,18,0.196571752315
01/30/2023,FEU,Z24,19,0.240991647414
01/30/2023,FEU,Z14,19,0.28720063781
01/30/2023,FEU,Z24,2,0.17301727375
01/30/2023,FEU,Z14,2,0.17301727375
01/30/2023,FEU,Z24,20,0.354593048168
01/30/2023,FEU,Z14,20,0.354593048168
01/30/2023,FEU,Z24,21,0.314196084946
01/30/2023,FEU,Z14,21,0.314196084946
01/30/2023,FEU,Z24,22,0.296487255684
01/30/2023,FEU,Z14,22,0.296487255684
01/30/2023,FEU,Z24,23,0.245839548378
01/30/2023,FEU,Z14,23,0.199620456433
01/30/2023,FEU,Z24,24,0.179510869516
01/30/2023,FEU,Z14,24,0.179510869516
01/30/2023,FEU,Z24,3,0.173993852541
01/30/2023,FEU,Z14,3,0.173993852541
01/30/2023,FEU,Z24,4,0.164406420909
01/30/2023,FEU,Z14,4,0.164406420909
01/30/2023,FEU,Z24,5,0.140802732879
01/30/2023,FEU,Z14,5,0.140802732879
01/30/2023,FEU,Z24,6,0.17343277375
01/30/2023,FEU,Z14,6,0.17343277375
01/30/2023,FEU,Z24,7,0.168963668574
01/30/2023,FEU,Z14,7,0.168963668574
01/30/2023,FEU,Z24,8,0.193562139697
01/30/2023,FEU,Z14,8,0.193562139697
01/30/2023,FEU,Z24,9,0.254289262915
01/30/2023,FEU,Z14,9,0.254289262915
01/31/2023,FEU,Z24,1,0.174375938689
01/31/2023,FEU,Z14,1,0.174375938689
01/31/2023,FEU,Z24,10,0.20982275702
01/31/2023,FEU,Z14,10,0.20982275702
01/31/2023,FEU,Z24,11,0.179487894427
01/31/2023,FEU,Z14,11,0.225612914422
01/31/2023,FEU,Z24,12,0.213515761482
01/31/2023,FEU,Z14,12,0.213515761482
01/31/2023,FEU,Z24,13,0.218550892951
01/31/2023,FEU,Z14,13,0.218550892951
01/31/2023,FEU,Z24,14,0.219051360182
01/31/2023,FEU,Z14,14,0.219051360182
01/31/2023,FEU,Z24,15,0.21822592982
01/31/2023,FEU,Z14,15,0.172253680024
01/31/2023,FEU,Z24,16,0.172262363559
01/31/2023,FEU,Z14,16,0.172262363559
01/31/2023,FEU,Z24,17,0.174024947936
01/31/2023,FEU,Z14,17,0.174024947936
01/31/2023,FEU,Z24,18,0.194377381165
01/31/2023,FEU,Z14,18,0.194377381165
01/31/2023,FEU,Z24,19,0.220412530315
01/31/2023,FEU,Z14,19,0.26671573981
01/31/2023,FEU,Z24,2,0.155186760208
01/31/2023,FEU,Z14,2,0.155186760208
01/31/2023,FEU,Z24,20,0.317038237129
01/31/2023,FEU,Z14,20,0.317038237129
01/31/2023,FEU,Z24,21,0.304603691208
01/31/2023,FEU,Z14,21,0.304603691208
01/31/2023,FEU,Z24,22,0.289886889706
01/31/2023,FEU,Z14,22,0.289886889706
01/31/2023,FEU,Z24,23,0.259468902716
01/31/2023,FEU,Z14,23,0.213193795821
01/31/2023,FEU,Z24,24,0.196955920033
01/31/2023,FEU,Z14,24,0.196955920033
01/31/2023,FEU,Z24,3,0.145428020142
01/31/2023,FEU,Z14,3,0.145428020142
01/31/2023,FEU,Z24,4,0.158062980598
01/31/2023,FEU,Z14,4,0.158062980598
01/31/2023,FEU,Z24,5,0.15945901876
01/31/2023,FEU,Z14,5,0.15945901876
01/31/2023,FEU,Z24,6,0.158256986246
01/31/2023,FEU,Z14,6,0.158256986246
01/31/2023,FEU,Z24,7,0.155332712031
01/31/2023,FEU,Z14,7,0.155332712031
01/31/2023,FEU,Z24,8,0.186483262511
01/31/2023,FEU,Z14,8,0.186483262511
01/31/2023,FEU,Z24,9,0.243330914917
01/31/2023,FEU,Z14,9,0.243330914917
02/01/2023,FEU,Z24,1,0.17974608678
02/01/2023,FEU,Z14,1,0.17974608678
02/01/2023,FEU,Z24,10,0.212999664261
02/01/2023,FEU,Z14,10,0.212999664261
02/01/2023,FEU,Z24,11,0.192849439135
02/01/2023,FEU,Z14,11,0.238888254411
02/01/2023,FEU,Z24,12,0.20552348593
02/01/2023,FEU,Z14,12,0.20552348593
02/01/2023,FEU,Z24,13,0.214201394241
02/01/2023,FEU,Z14,13,0.214201394241
02/01/2023,FEU,Z24,14,0.209169549694
02/01/2023,FEU,Z14,14,0.209169549694
02/01/2023,FEU,Z24,15,0.204034116432
02/01/2023,FEU,Z14,15,0.158115082636
02/01/2023,FEU,Z24,16,0.156959780752
02/01/2023,FEU,Z14,16,0.156959780752
02/01/2023,FEU,Z24,17,0.162800248468
02/01/2023,FEU,Z14,17,0.162800248468
02/01/2023,FEU,Z24,18,0.200926874077
02/01/2023,FEU,Z14,18,0.200926874077
02/01/2023,FEU,Z24,19,0.228329204486
02/01/2023,FEU,Z14,19,0.274492716842
02/01/2023,FEU,Z24,2,0.168049410172
02/01/2023,FEU,Z14,2,0.168049410172
02/01/2023,FEU,Z24,20,0.313535577781
02/01/2023,FEU,Z14,20,0.313535577781
02/01/2023,FEU,Z24,21,0.297089082336
02/01/2023,FEU,Z14,21,0.297089082336
02/01/2023,FEU,Z24,22,0.280862344043
02/01/2023,FEU,Z14,22,0.280862344043
02/01/2023,FEU,Z24,23,0.262507925942
02/01/2023,FEU,Z14,23,0.216220481797
02/01/2023,FEU,Z24,24,0.1992461788
02/01/2023,FEU,Z14,24,0.1992461788
02/01/2023,FEU,Z24,3,0.143757602197
02/01/2023,FEU,Z14,3,0.143757602197
02/01/2023,FEU,Z24,4,0.150705667693
02/01/2023,FEU,Z14,4,0.150705667693
02/01/2023,FEU,Z24,5,0.157621394115
02/01/2023,FEU,Z14,5,0.157621394115
02/01/2023,FEU,Z24,6,0.144676407252
02/01/2023,FEU,Z14,6,0.144676407252
02/01/2023,FEU,Z24,7,0.157489888443
02/01/2023,FEU,Z14,7,0.157489888443
02/01/2023,FEU,Z24,8,0.179656544932
02/01/2023,FEU,Z14,8,0.179656544932
02/01/2023,FEU,Z24,9,0.253508583325
02/01/2023,FEU,Z14,9,0.253508583325
02/02/2023,FEU,Z24,1,0.162213352704
02/02/2023,FEU,Z14,1,0.162213352704
02/02/2023,FEU,Z24,10,0.219273359941
02/02/2023,FEU,Z14,10,0.219273359941
02/02/2023,FEU,Z24,11,0.200901244897
02/02/2023,FEU,Z14,11,0.246965748373
02/02/2023,FEU,Z24,12,0.234412866694
02/02/2023,FEU,Z14,12,0.234412866694
02/02/2023,FEU,Z24,13,0.233475379374
02/02/2023,FEU,Z14,13,0.233475379374
02/02/2023,FEU,Z24,14,0.232778699498
02/02/2023,FEU,Z14,14,0.232778699498
02/02/2023,FEU,Z24,15,0.233441053996
02/02/2023,FEU,Z14,15,0.18742303924
02/02/2023,FEU,Z24,16,0.188307512563
02/02/2023,FEU,Z14,16,0.188307512563
02/02/2023,FEU,Z24,17,0.194104774259
02/02/2023,FEU,Z14,17,0.194104774259
02/02/2023,FEU,Z24,18,0.210404072575
02/02/2023,FEU,Z14,18,0.210404072575
02/02/2023,FEU,Z24,19,0.239891508184
02/02/2023,FEU,Z14,19,0.286275595229
02/02/2023,FEU,Z24,2,0.167262385154
02/02/2023,FEU,Z14,2,0.167262385154
02/02/2023,FEU,Z24,20,0.295806761249
02/02/2023,FEU,Z14,20,0.295806761249
02/02/2023,FEU,Z24,21,0.283308026973
02/02/2023,FEU,Z14,21,0.283308026973
02/02/2023,FEU,Z24,22,0.271216414888
02/02/2023,FEU,Z14,22,0.271216414888
02/02/2023,FEU,Z24,23,0.260744842059
02/02/2023,FEU,Z14,23,0.214464001764
02/02/2023,FEU,Z24,24,0.203879909137
02/02/2023,FEU,Z14,24,0.203879909137
02/02/2023,FEU,Z24,3,0.163997950687
02/02/2023,FEU,Z14,3,0.163997950687
02/02/2023,FEU,Z24,4,0.164886248002
02/02/2023,FEU,Z14,4,0.164886248002
02/02/2023,FEU,Z24,5,0.160442272351
02/02/2023,FEU,Z14,5,0.160442272351
02/02/2023,FEU,Z24,6,0.174471086149
02/02/2023,FEU,Z14,6,0.174471086149
02/02/2023,FEU,Z24,7,0.177877316554
02/02/2023,FEU,Z14,7,0.177877316554
02/02/2023,FEU,Z24,8,0.195001346932
02/02/2023,FEU,Z14,8,0.195001346932
02/02/2023,FEU,Z24,9,0.255210582575
02/02/2023,FEU,Z14,9,0.255210582575
02/03/2023,FEU,Z24,1,0.172331974633
02/03/2023,FEU,Z14,1,0.172331974633
02/03/2023,FEU,Z24,10,0.226389736079
02/03/2023,FEU,Z14,10,0.226389736079
02/03/2023,FEU,Z24,11,0.209611545027
02/03/2023,FEU,Z14,11,0.255707173543
02/03/2023,FEU,Z24,12,0.246965008274
02/03/2023,FEU,Z14,12,0.246965008274
02/03/2023,FEU,Z24,13,0.243889089435
02/03/2023,FEU,Z14,13,0.243889089435
02/03/2023,FEU,Z24,14,0.240444923476
02/03/2023,FEU,Z14,14,0.240444923476
02/03/2023,FEU,Z24,15,0.236144200112
02/03/2023,FEU,Z14,15,0.190116364276
02/03/2023,FEU,Z24,16,0.186954671581
02/03/2023,FEU,Z14,16,0.186954671581
02/03/2023,FEU,Z24,17,0.195535860988
02/03/2023,FEU,Z14,17,0.195535860988
02/03/2023,FEU,Z24,18,0.209650486325
02/03/2023,FEU,Z14,18,0.209650486325
02/03/2023,FEU,Z24,19,0.230162226991
02/03/2023,FEU,Z14,19,0.276504295136
02/03/2023,FEU,Z24,2,0.171728089775
02/03/2023,FEU,Z14,2,0.171728089775
02/03/2023,FEU,Z24,20,0.309412234411
02/03/2023,FEU,Z14,20,0.309412234411
02/03/2023,FEU,Z24,21,0.295695293746
02/03/2023,FEU,Z14,21,0.295695293746
02/03/2023,FEU,Z24,22,0.270275590222
02/03/2023,FEU,Z14,22,0.270275590222
02/03/2023,FEU,Z24,23,0.270320675116
02/03/2023,FEU,Z14,23,0.224000502721
02/03/2023,FEU,Z24,24,0.220015166178
02/03/2023,FEU,Z14,24,0.220015166178
02/03/2023,FEU,Z24,3,0.167321270288
02/03/2023,FEU,Z14,3,0.167321270288
02/03/2023,FEU,Z24,4,0.153129901346
02/03/2023,FEU,Z14,4,0.153129901346
02/03/2023,FEU,Z24,5,0.150953172165
02/03/2023,FEU,Z14,5,0.150953172165
02/03/2023,FEU,Z24,6,0.154472691292
02/03/2023,FEU,Z14,6,0.154472691292
02/03/2023,FEU,Z24,7,0.17525687909
02/03/2023,FEU,Z14,7,0.17525687909
02/03/2023,FEU,Z24,8,0.196090213219
02/03/2023,FEU,Z14,8,0.196090213219
02/03/2023,FEU,Z24,9,0.238450460023
02/03/2023,FEU,Z14,9,0.238450460023
02/04/2023,FEU,Z24,1,0.208764444201
02/04/2023,FEU,Z14,1,0.208764444201
02/04/2023,FEU,Z24,10,0.16968344021
02/04/2023,FEU,Z14,10,0.16968344021
02/04/2023,FEU,Z24,11,0.160116620878
02/04/2023,FEU,Z14,11,0.160116620878
02/04/2023,FEU,Z24,12,0.15480746502
02/04/2023,FEU,Z14,12,0.15480746502
02/04/2023,FEU,Z24,13,0.135480583137
02/04/2023,FEU,Z14,13,0.135480583137
02/04/2023,FEU,Z24,14,0.129884536615
02/04/2023,FEU,Z14,14,0.129884536615
02/04/2023,FEU,Z24,15,0.123686700201
02/04/2023,FEU,Z14,15,0.123686700201
02/04/2023,FEU,Z24,16,0.121812907421
02/04/2023,FEU,Z14,16,0.121812907421
02/04/2023,FEU,Z24,17,0.124775141752
02/04/2023,FEU,Z14,17,0.124775141752
02/04/2023,FEU,Z24,18,0.161179441832
02/04/2023,FEU,Z14,18,0.161179441832
02/04/2023,FEU,Z24,19,0.173263693992
02/04/2023,FEU,Z14,19,0.173263693992
02/04/2023,FEU,Z24,2,0.201963882283
02/04/2023,FEU,Z14,2,0.201963882283
02/04/2023,FEU,Z24,20,0.192693585067
02/04/2023,FEU,Z14,20,0.192693585067
02/04/2023,FEU,Z24,21,0.194087802262
02/04/2023,FEU,Z14,21,0.194087802262
02/04/2023,FEU,Z24,22,0.190448905983
02/04/2023,FEU,Z14,22,0.190448905983
02/04/2023,FEU,Z24,23,0.175707329299
02/04/2023,FEU,Z14,23,0.175707329299
02/04/2023,FEU,Z24,24,0.170516548231
02/04/2023,FEU,Z14,24,0.170516548231
02/04/2023,FEU,Z24,3,0.187369501906
02/04/2023,FEU,Z14,3,0.187369501906
02/04/2023,FEU,Z24,4,0.179226305311
02/04/2023,FEU,Z14,4,0.179226305311
02/04/2023,FEU,Z24,5,0.179710570555
02/04/2023,FEU,Z14,5,0.179710570555
02/04/2023,FEU,Z24,6,0.180405796141
02/04/2023,FEU,Z14,6,0.180405796141
02/04/2023,FEU,Z24,7,0.17700872167
02/04/2023,FEU,Z14,7,0.17700872167
02/04/2023,FEU,Z24,8,0.178404196133
02/04/2023,FEU,Z14,8,0.178404196133
02/04/2023,FEU,Z24,9,0.180933533933
02/04/2023,FEU,Z14,9,0.180933533933
02/05/2023,FEU,Z24,1,0.14993800837
02/05/2023,FEU,Z14,1,0.14993800837
02/05/2023,FEU,Z24,10,0.114961311318
02/05/2023,FEU,Z14,10,0.114961311318
02/05/2023,FEU,Z24,11,0.063325189021
02/05/2023,FEU,Z14,11,0.063325189021
02/05/2023,FEU,Z24,12,0.047257781073
02/05/2023,FEU,Z14,12,0.047257781073
02/05/2023,FEU,Z24,13,0.047167939361
02/05/2023,FEU,Z14,13,0.047167939361
02/05/2023,FEU,Z24,14,0.047263917863
02/05/2023,FEU,Z14,14,0.047263917863
02/05/2023,FEU,Z24,15,0.046634736643
02/05/2023,FEU,Z14,15,0.046634736643
02/05/2023,FEU,Z24,16,0.046514757282
02/05/2023,FEU,Z14,16,0.046514757282
02/05/2023,FEU,Z24,17,0.050918946874
02/05/2023,FEU,Z14,17,0.050918946874
02/05/2023,FEU,Z24,18,0.127234792831
02/05/2023,FEU,Z14,18,0.127234792831
02/05/2023,FEU,Z24,19,0.162159959119
02/05/2023,FEU,Z14,19,0.162159959119
02/05/2023,FEU,Z24,2,0.140652040858
02/05/2023,FEU,Z14,2,0.140652040858
02/05/2023,FEU,Z24,20,0.185918564731
02/05/2023,FEU,Z14,20,0.185918564731
02/05/2023,FEU,Z24,21,0.189756784179
02/05/2023,FEU,Z14,21,0.189756784179
02/05/2023,FEU,Z24,22,0.190107176428
02/05/2023,FEU,Z14,22,0.190107176428
02/05/2023,FEU,Z24,23,0.184103784403
02/05/2023,FEU,Z14,23,0.184103784403
02/05/2023,FEU,Z24,24,0.164077889173
02/05/2023,FEU,Z14,24,0.164077889173
02/05/2023,FEU,Z24,3,0.13671588625
02/05/2023,FEU,Z14,3,0.13671588625
02/05/2023,FEU,Z24,4,0.138772771304
02/05/2023,FEU,Z14,4,0.138772771304
02/05/2023,FEU,Z24,5,0.137861241463
02/05/2023,FEU,Z14,5,0.137861241463
02/05/2023,FEU,Z24,6,0.136957570677
02/05/2023,FEU,Z14,6,0.136957570677
02/05/2023,FEU,Z24,7,0.135991820514
02/05/2023,FEU,Z14,7,0.135991820514
02/05/2023,FEU,Z24,8,0.134598293262
02/05/2023,FEU,Z14,8,0.134598293262
02/05/2023,FEU,Z24,9,0.132558690275
02/05/2023,FEU,Z14,9,0.132558690275
02/06/2023,FEU,Z24,1,0.153518274928
02/06/2023,FEU,Z14,1,0.153518274928
02/06/2023,FEU,Z24,10,0.215779439443
02/06/2023,FEU,Z14,10,0.215779439443
02/06/2023,FEU,Z24,11,0.205505457227
02/06/2023,FEU,Z14,11,0.251586963343
02/06/2023,FEU,Z24,12,0.249446540432
02/06/2023,FEU,Z14,12,0.249446540432
02/06/2023,FEU,Z24,13,0.252052503691
02/06/2023,FEU,Z14,13,0.252052503691
02/06/2023,FEU,Z24,14,0.251851965703
02/06/2023,FEU,Z14,14,0.251851965703
02/06/2023,FEU,Z24,15,0.250606322101
02/06/2023,FEU,Z14,15,0.204528575785
02/06/2023,FEU,Z24,16,0.204727571019
02/06/2023,FEU,Z14,16,0.204727571019
02/06/2023,FEU,Z24,17,0.206465849446
02/06/2023,FEU,Z14,17,0.206465849446
02/06/2023,FEU,Z24,18,0.212959396066
02/06/2023,FEU,Z14,18,0.212959396066
02/06/2023,FEU,Z24,19,0.229758743075
02/06/2023,FEU,Z14,19,0.275927446711
02/06/2023,FEU,Z24,2,0.138002915836
02/06/2023,FEU,Z14,2,0.138002915836
02/06/2023,FEU,Z24,20,0.298895678559
02/06/2023,FEU,Z14,20,0.298895678559
02/06/2023,FEU,Z24,21,0.309392518153
02/06/2023,FEU,Z14,21,0.309392518153
02/06/2023,FEU,Z24,22,0.287485634497
02/06/2023,FEU,Z14,22,0.287485634497
02/06/2023,FEU,Z24,23,0.280071646595
02/06/2023,FEU,Z14,23,0.2337095908
02/06/2023,FEU,Z24,24,0.217349404103
02/06/2023,FEU,Z14,24,0.217349404103
02/06/2023,FEU,Z24,3,0.13778541125
02/06/2023,FEU,Z14,3,0.13778541125
02/06/2023,FEU,Z24,4,0.13777541125
02/06/2023,FEU,Z14,4,0.13777541125
02/06/2023,FEU,Z24,5,0.137771112352
02/06/2023,FEU,Z14,5,0.137771112352
02/06/2023,FEU,Z24,6,0.138314525311
02/06/2023,FEU,Z14,6,0.138314525311
02/06/2023,FEU,Z24,7,0.149182154188
02/06/2023,FEU,Z14,7,0.149182154188
02/06/2023,FEU,Z24,8,0.191260078991
02/06/2023,FEU,Z14,8,0.191260078991
02/06/2023,FEU,Z24,9,0.228969234066
02/06/2023,FEU,Z14,9,0.228969234066
02/07/2023,FEU,Z24,1,0.184569576057
02/07/2023,FEU,Z14,1,0.184569576057
02/07/2023,FEU,Z24,10,0.21647442553
02/07/2023,FEU,Z14,10,0.21647442553
02/07/2023,FEU,Z24,11,0.192650620235
02/07/2023,FEU,Z14,11,0.238687583871
02/07/2023,FEU,Z24,12,0.23936848543
02/07/2023,FEU,Z14,12,0.23936848543
02/07/2023,FEU,Z24,13,0.234409847539
02/07/2023,FEU,Z14,13,0.234409847539
02/07/2023,FEU,Z24,14,0.236924436913
02/07/2023,FEU,Z14,14,0.236924436913
02/07/2023,FEU,Z24,15,0.236385939771
02/07/2023,FEU,Z14,15,0.190355686735
02/07/2023,FEU,Z24,16,0.19185528553
02/07/2023,FEU,Z14,16,0.19185528553
02/07/2023,FEU,Z24,17,0.197895513637
02/07/2023,FEU,Z14,17,0.197895513637
02/07/2023,FEU,Z24,18,0.213865756147
02/07/2023,FEU,Z14,18,0.213865756147
02/07/2023,FEU,Z24,19,0.222084375064
02/07/2023,FEU,Z14,19,0.26822729702
02/07/2023,FEU,Z24,2,0.17916326347
02/07/2023,FEU,Z14,2,0.17916326347
02/07/2023,FEU,Z24,20,0.283997807456
02/07/2023,FEU,Z14,20,0.283997807456
02/07/2023,FEU,Z24,21,0.285426359043
02/07/2023,FEU,Z14,21,0.285426359043
02/07/2023,FEU,Z24,22,0.277510769359
02/07/2023,FEU,Z14,22,0.277510769359
02/07/2023,FEU,Z24,23,0.2646420868
02/07/2023,FEU,Z14,23,0.218345260605
02/07/2023,FEU,Z24,24,0.191487435789
02/07/2023,FEU,Z14,24,0.191487435789
02/07/2023,FEU,Z24,3,0.169522113465
02/07/2023,FEU,Z14,3,0.169522113465
02/07/2023,FEU,Z24,4,0.165981813643
02/07/2023,FEU,Z14,4,0.165981813643
02/07/2023,FEU,Z24,5,0.166893346324
02/07/2023,FEU,Z14,5,0.166893346324
02/07/2023,FEU,Z24,6,0.17780536807
02/07/2023,FEU,Z14,6,0.17780536807
02/07/2023,FEU,Z24,7,0.15191750369
02/07/2023,FEU,Z14,7,0.15191750369
02/07/2023,FEU,Z24,8,0.191989849048
02/07/2023,FEU,Z14,8,0.191989849048
02/07/2023,FEU,Z24,9,0.229567728031
02/07/2023,FEU,Z14,9,0.229567728031
02/08/2023,FEU,Z24,1,0.18505079318
02/08/2023,FEU,Z14,1,0.18505079318
02/08/2023,FEU,Z24,10,0.215322607541
02/08/2023,FEU,Z14,10,0.215322607541
02/08/2023,FEU,Z24,11,0.201791291785
02/08/2023,FEU,Z14,11,0.247860808701
02/08/2023,FEU,Z24,12,0.24922819243
02/08/2023,FEU,Z14,12,0.24922819243
02/08/2023,FEU,Z24,13,0.250818448841
02/08/2023,FEU,Z14,13,0.250818448841
02/08/2023,FEU,Z24,14,0.245349293734
02/08/2023,FEU,Z14,14,0.245349293734
02/08/2023,FEU,Z24,15,0.246503542512
02/08/2023,FEU,Z14,15,0.200440229476
02/08/2023,FEU,Z24,16,0.210590754992
02/08/2023,FEU,Z14,16,0.210590754992
02/08/2023,FEU,Z24,17,0.216282874548
02/08/2023,FEU,Z14,17,0.216282874548
02/08/2023,FEU,Z24,18,0.207447100147
02/08/2023,FEU,Z14,18,0.207447100147
02/08/2023,FEU,Z24,19,0.217274292186
02/08/2023,FEU,Z14,19,0.263400138742
02/08/2023,FEU,Z24,2,0.159029234412
02/08/2023,FEU,Z14,2,0.159029234412
02/08/2023,FEU,Z24,20,0.280590226651
02/08/2023,FEU,Z14,20,0.280590226651
02/08/2023,FEU,Z24,21,0.284509023136
02/08/2023,FEU,Z14,21,0.284509023136
02/08/2023,FEU,Z24,22,0.280695463713
02/08/2023,FEU,Z14,22,0.280695463713
02/08/2023,FEU,Z24,23,0.268819816562
02/08/2023,FEU,Z14,23,0.222506028967
02/08/2023,FEU,Z24,24,0.2215791988
02/08/2023,FEU,Z14,24,0.2215791988
02/08/2023,FEU,Z24,3,0.153837068947
02/08/2023,FEU,Z14,3,0.153837068947
02/08/2023,FEU,Z24,4,0.151632861043
02/08/2023,FEU,Z14,4,0.151632861043
02/08/2023,FEU,Z24,5,0.152574406065
02/08/2023,FEU,Z14,5,0.152574406065
02/08/2023,FEU,Z24,6,0.152620855012
02/08/2023,FEU,Z14,6,0.152620855012
02/08/2023,FEU,Z24,7,0.164537102783
02/08/2023,FEU,Z14,7,0.164537102783
02/08/2023,FEU,Z24,8,0.175244704972
02/08/2023,FEU,Z14,8,0.175244704972
02/08/2023,FEU,Z24,9,0.218686024825
02/08/2023,FEU,Z14,9,0.218686024825
02/09/2023,FEU,Z24,1,0.194206665344
02/09/2023,FEU,Z14,1,0.194206665344
02/09/2023,FEU,Z24,10,0.212620089961
02/09/2023,FEU,Z14,10,0.212620089961
02/09/2023,FEU,Z24,11,0.201543639577
02/09/2023,FEU,Z14,11,0.247610352493
02/09/2023,FEU,Z24,12,0.250667221514
02/09/2023,FEU,Z14,12,0.250667221514
02/09/2023,FEU,Z24,13,0.252568979174
02/09/2023,FEU,Z14,13,0.252568979174
02/09/2023,FEU,Z24,14,0.249836661958
02/09/2023,FEU,Z14,14,0.249836661958
02/09/2023,FEU,Z24,15,0.248721417436
02/09/2023,FEU,Z14,15,0.20265089284
02/09/2023,FEU,Z24,16,0.203638356553
02/09/2023,FEU,Z14,16,0.203638356553
02/09/2023,FEU,Z24,17,0.206015097229
02/09/2023,FEU,Z14,17,0.206015097229
02/09/2023,FEU,Z24,18,0.212630333325
02/09/2023,FEU,Z14,18,0.212630333325
02/09/2023,FEU,Z24,19,0.219000703144
02/09/2023,FEU,Z14,19,0.265294787739
02/09/2023,FEU,Z24,2,0.192118211074
02/09/2023,FEU,Z14,2,0.192118211074
02/09/2023,FEU,Z24,20,0.278947454799
02/09/2023,FEU,Z14,20,0.278947454799
02/09/2023,FEU,Z24,21,0.282812240813
02/09/2023,FEU,Z14,21,0.282812240813
02/09/2023,FEU,Z24,22,0.276712321608
02/09/2023,FEU,Z14,22,0.276712321608
02/09/2023,FEU,Z24,23,0.268680257399
02/09/2023,FEU,Z14,23,0.222367576404
02/09/2023,FEU,Z24,24,0.214509809617
02/09/2023,FEU,Z14,24,0.214509809617
02/09/2023,FEU,Z24,3,0.189066209317
02/09/2023,FEU,Z14,3,0.189066209317
02/09/2023,FEU,Z24,4,0.187141278802
02/09/2023,FEU,Z14,4,0.187141278802
02/09/2023,FEU,Z24,5,0.187413332341
02/09/2023,FEU,Z14,5,0.187413332341
02/09/2023,FEU,Z24,6,0.189581463429
02/09/2023,FEU,Z14,6,0.189581463429
02/09/2023,FEU,Z24,7,0.188336870134
02/09/2023,FEU,Z14,7,0.188336870134
02/09/2023,FEU,Z24,8,0.188845843732
02/09/2023,FEU,Z14,8,0.188845843732
02/09/2023,FEU,Z24,9,0.218889346825
02/09/2023,FEU,Z14,9,0.218889346825
02/10/2023,FEU,Z24,1,0.188516249133
02/10/2023,FEU,Z14,1,0.188516249133
02/10/2023,FEU,Z24,10,0.212773031909
02/10/2023,FEU,Z14,10,0.212773031909
02/10/2023,FEU,Z24,11,0.204755159407
02/10/2023,FEU,Z14,11,0.250834084963
02/10/2023,FEU,Z24,12,0.248325438774
02/10/2023,FEU,Z14,12,0.248325438774
02/10/2023,FEU,Z24,13,0.244552021035
02/10/2023,FEU,Z14,13,0.244552021035
02/10/2023,FEU,Z24,14,0.233088257236
02/10/2023,FEU,Z14,14,0.233088257236
02/10/2023,FEU,Z24,15,0.232251104272
02/10/2023,FEU,Z14,15,0.186236600956
02/10/2023,FEU,Z24,16,0.186121700631
02/10/2023,FEU,Z14,16,0.186121700631
02/10/2023,FEU,Z24,17,0.193925919748
02/10/2023,FEU,Z14,17,0.193925919748
02/10/2023,FEU,Z24,18,0.206766954075
02/10/2023,FEU,Z14,18,0.206766954075
02/10/2023,FEU,Z24,19,0.215479078891
02/10/2023,FEU,Z14,19,0.261758877536
02/10/2023,FEU,Z24,2,0.188949923775
02/10/2023,FEU,Z14,2,0.188949923775
02/10/2023,FEU,Z24,20,0.270114547851
02/10/2023,FEU,Z14,20,0.270114547851
02/10/2023,FEU,Z24,21,0.276679804966
02/10/2023,FEU,Z14,21,0.276679804966
02/10/2023,FEU,Z24,22,0.268620708962
02/10/2023,FEU,Z14,22,0.268620708962
02/10/2023,FEU,Z24,23,0.267876386556
02/10/2023,FEU,Z14,23,0.221565165861
02/10/2023,FEU,Z24,24,0.214085015038
02/10/2023,FEU,Z14,24,0.214085015038
02/10/2023,FEU,Z24,3,0.186477059248
02/10/2023,FEU,Z14,3,0.186477059248
02/10/2023,FEU,Z24,4,0.187218213506
02/10/2023,FEU,Z14,4,0.187218213506
02/10/2023,FEU,Z24,5,0.187539330865
02/10/2023,FEU,Z14,5,0.187539330865
02/10/2023,FEU,Z24,6,0.189725501292
02/10/2023,FEU,Z14,6,0.189725501292
02/10/2023,FEU,Z24,7,0.18665718449
02/10/2023,FEU,Z14,7,0.18665718449
02/10/2023,FEU,Z24,8,0.191611207609
02/10/2023,FEU,Z14,8,0.191611207609
02/10/2023,FEU,Z24,9,0.232130264273
02/10/2023,FEU,Z14,9,0.232130264273
02/11/2023,FEU,Z24,1,0.184675114751
02/11/2023,FEU,Z14,1,0.184675114751
02/11/2023,FEU,Z24,10,0.17372679841
02/11/2023,FEU,Z14,10,0.17372679841
02/11/2023,FEU,Z24,11,0.164235961798
02/11/2023,FEU,Z14,11,0.164235961798
02/11/2023,FEU,Z24,12,0.15302984222
02/11/2023,FEU,Z14,12,0.15302984222
02/11/2023,FEU,Z24,13,0.146112488057
02/11/2023,FEU,Z14,13,0.146112488057
02/11/2023,FEU,Z24,14,0.146077549765
02/11/2023,FEU,Z14,14,0.146077549765
02/11/2023,FEU,Z24,15,0.140594220751
02/11/2023,FEU,Z14,15,0.140594220751
02/11/2023,FEU,Z24,16,0.139075425991
02/11/2023,FEU,Z14,16,0.139075425991
02/11/2023,FEU,Z24,17,0.146716383992
02/11/2023,FEU,Z14,17,0.146716383992
02/11/2023,FEU,Z24,18,0.178395205512
02/11/2023,FEU,Z14,18,0.178395205512
02/11/2023,FEU,Z24,19,0.185640934472
02/11/2023,FEU,Z14,19,0.185640934472
02/11/2023,FEU,Z24,2,0.181453031263
02/11/2023,FEU,Z14,2,0.181453031263
02/11/2023,FEU,Z24,20,0.206608453917
02/11/2023,FEU,Z14,20,0.206608453917
02/11/2023,FEU,Z24,21,0.208680818602
02/11/2023,FEU,Z14,21,0.208680818602
02/11/2023,FEU,Z24,22,0.202374009073
02/11/2023,FEU,Z14,22,0.202374009073
02/11/2023,FEU,Z24,23,0.196072437139
02/11/2023,FEU,Z14,23,0.196072437139
02/11/2023,FEU,Z24,24,0.185079841821
02/11/2023,FEU,Z14,24,0.185079841821
02/11/2023,FEU,Z24,3,0.176740356526
02/11/2023,FEU,Z14,3,0.176740356526
02/11/2023,FEU,Z24,4,0.180932148121
02/11/2023,FEU,Z14,4,0.180932148121
02/11/2023,FEU,Z24,5,0.180499116205
02/11/2023,FEU,Z14,5,0.180499116205
02/11/2023,FEU,Z24,6,0.176313924301
02/11/2023,FEU,Z14,6,0.176313924301
02/11/2023,FEU,Z24,7,0.17952949597
02/11/2023,FEU,Z14,7,0.17952949597
02/11/2023,FEU,Z24,8,0.176047122703
02/11/2023,FEU,Z14,8,0.176047122703
02/11/2023,FEU,Z24,9,0.179571989653
02/11/2023,FEU,Z14,9,0.179571989653
02/12/2023,FEU,Z24,1,0.18949681327
02/12/2023,FEU,Z14,1,0.18949681327
02/12/2023,FEU,Z24,10,0.178378098098
02/12/2023,FEU,Z14,10,0.178378098098
02/12/2023,FEU,Z24,11,0.167526628341
02/12/2023,FEU,Z14,11,0.167526628341
02/12/2023,FEU,Z24,12,0.165051933893
02/12/2023,FEU,Z14,12,0.165051933893
02/12/2023,FEU,Z24,13,0.163494669891
02/12/2023,FEU,Z14,13,0.163494669891
02/12/2023,FEU,Z24,14,0.158194088873
02/12/2023,FEU,Z14,14,0.158194088873
02/12/2023,FEU,Z24,15,0.158182112043
02/12/2023,FEU,Z14,15,0.158182112043
02/12/2023,FEU,Z24,16,0.163873161402
02/12/2023,FEU,Z14,16,0.163873161402
02/12/2023,FEU,Z24,17,0.177308084554
02/12/2023,FEU,Z14,17,0.177308084554
02/12/2023,FEU,Z24,18,0.186553483171
02/12/2023,FEU,Z14,18,0.186553483171
02/12/2023,FEU,Z24,19,0.201982228809
02/12/2023,FEU,Z14,19,0.201982228809
02/12/2023,FEU,Z24,2,0.187021812778
02/12/2023,FEU,Z14,2,0.187021812778
02/12/2023,FEU,Z24,20,0.221310891181
02/12/2023,FEU,Z14,20,0.221310891181
02/12/2023,FEU,Z24,21,0.217721995439
02/12/2023,FEU,Z14,21,0.217721995439
02/12/2023,FEU,Z24,22,0.202233139468
02/12/2023,FEU,Z14,22,0.202233139468
02/12/2023,FEU,Z24,23,0.197972302623
02/12/2023,FEU,Z14,23,0.197972302623
02/12/2023,FEU,Z24,24,0.189329770033
02/12/2023,FEU,Z14,24,0.189329770033
02/12/2023,FEU,Z24,3,0.18653143625
02/12/2023,FEU,Z14,3,0.18653143625
02/12/2023,FEU,Z24,4,0.182744879144
02/12/2023,FEU,Z14,4,0.182744879144
02/12/2023,FEU,Z24,5,0.185112449683
02/12/2023,FEU,Z14,5,0.185112449683
02/12/2023,FEU,Z24,6,0.185827114267
02/12/2023,FEU,Z14,6,0.185827114267
02/12/2023,FEU,Z24,7,0.188439910334
02/12/2023,FEU,Z14,7,0.188439910334
02/12/2023,FEU,Z24,8,0.187388482642
02/12/2023,FEU,Z14,8,0.187388482642
02/12/2023,FEU,Z24,9,0.185626082275
02/12/2023,FEU,Z14,9,0.185626082275
02/13/2023,FEU,Z24,1,0.188535090608
02/13/2023,FEU,Z14,1,0.188535090608
02/13/2023,FEU,Z24,10,0.219320934343
02/13/2023,FEU,Z14,10,0.219320934343
02/13/2023,FEU,Z24,11,0.209768398837
02/13/2023,FEU,Z14,11,0.255864566833
02/13/2023,FEU,Z24,12,0.249118192272
02/13/2023,FEU,Z14,12,0.249118192272
02/13/2023,FEU,Z24,13,0.247291213451
02/13/2023,FEU,Z14,13,0.247291213451
02/13/2023,FEU,Z24,14,0.241921589263
02/13/2023,FEU,Z14,14,0.241921589263
02/13/2023,FEU,Z24,15,0.239003985411
02/13/2023,FEU,Z14,15,0.192965939135
02/13/2023,FEU,Z24,16,0.194799844729
02/13/2023,FEU,Z14,16,0.194799844729
02/13/2023,FEU,Z24,17,0.201312740806
02/13/2023,FEU,Z14,17,0.201312740806
02/13/2023,FEU,Z24,18,0.209700642086
02/13/2023,FEU,Z14,18,0.209700642086
02/13/2023,FEU,Z24,19,0.227686137075
02/13/2023,FEU,Z14,19,0.273846606031
02/13/2023,FEU,Z24,2,0.188531670516
02/13/2023,FEU,Z14,2,0.188531670516
02/13/2023,FEU,Z24,20,0.301052373519
02/13/2023,FEU,Z14,20,0.301052373519
02/13/2023,FEU,Z24,21,0.306341773843
02/13/2023,FEU,Z14,21,0.306341773843
02/13/2023,FEU,Z24,22,0.286706927607
02/13/2023,FEU,Z14,22,0.286706927607
02/13/2023,FEU,Z24,23,0.277564270545
02/13/2023,FEU,Z14,23,0.2312126188
02/13/2023,FEU,Z24,24,0.219824031713
02/13/2023,FEU,Z14,24,0.219824031713
02/13/2023,FEU,Z24,3,0.18595586125
02/13/2023,FEU,Z14,3,0.18595586125
02/13/2023,FEU,Z24,4,0.17906479875
02/13/2023,FEU,Z14,4,0.17906479875
02/13/2023,FEU,Z24,5,0.180717288352
02/13/2023,FEU,Z14,5,0.180717288352
02/13/2023,FEU,Z24,6,0.186501614191
02/13/2023,FEU,Z14,6,0.186501614191
02/13/2023,FEU,Z24,7,0.181068044068
02/13/2023,FEU,Z14,7,0.181068044068
02/13/2023,FEU,Z24,8,0.197508381001
02/13/2023,FEU,Z14,8,0.197508381001
02/13/2023,FEU,Z24,9,0.230528106486
02/13/2023,FEU,Z14,9,0.230528106486
02/14/2023,FEU,Z24,1,0.181414101527
02/14/2023,FEU,Z14,1,0.181414101527
02/14/2023,FEU,Z24,10,0.21869334223
02/14/2023,FEU,Z14,10,0.21869334223
02/14/2023,FEU,Z24,11,0.209533508985
02/14/2023,FEU,Z14,11,0.255629608621
02/14/2023,FEU,Z24,12,0.25335339013
02/14/2023,FEU,Z14,12,0.25335339013
02/14/2023,FEU,Z24,13,0.239680858129
02/14/2023,FEU,Z14,13,0.239680858129
02/14/2023,FEU,Z24,14,0.236269189753
02/14/2023,FEU,Z14,14,0.236269189753
02/14/2023,FEU,Z24,15,0.235815643121
02/14/2023,FEU,Z14,15,0.189788506485
02/14/2023,FEU,Z24,16,0.19377149983
02/14/2023,FEU,Z14,16,0.19377149983
02/14/2023,FEU,Z24,17,0.204843180907
02/14/2023,FEU,Z14,17,0.204843180907
02/14/2023,FEU,Z24,18,0.212027747257
02/14/2023,FEU,Z14,18,0.212027747257
02/14/2023,FEU,Z24,19,0.222944666104
02/14/2023,FEU,Z14,19,0.26909051422
02/14/2023,FEU,Z24,2,0.17819409727
02/14/2023,FEU,Z14,2,0.17819409727
02/14/2023,FEU,Z24,20,0.286444650016
02/14/2023,FEU,Z14,20,0.286444650016
02/14/2023,FEU,Z24,21,0.288271313163
02/14/2023,FEU,Z14,21,0.288271313163
02/14/2023,FEU,Z24,22,0.275780567929
02/14/2023,FEU,Z14,22,0.275780567929
02/14/2023,FEU,Z24,23,0.2665692388
02/14/2023,FEU,Z14,23,0.220264382805
02/14/2023,FEU,Z24,24,0.210681217289
02/14/2023,FEU,Z14,24,0.210681217289
02/14/2023,FEU,Z24,3,0.176316577115
02/14/2023,FEU,Z14,3,0.176316577115
02/14/2023,FEU,Z24,4,0.175730882783
02/14/2023,FEU,Z14,4,0.175730882783
02/14/2023,FEU,Z24,5,0.175555938844
02/14/2023,FEU,Z14,5,0.175555938844
02/14/2023,FEU,Z24,6,0.17573600377
02/14/2023,FEU,Z14,6,0.17573600377
02/14/2023,FEU,Z24,7,0.18132660209
02/14/2023,FEU,Z14,7,0.18132660209
02/14/2023,FEU,Z24,8,0.191684136808
02/14/2023,FEU,Z14,8,0.191684136808
02/14/2023,FEU,Z24,9,0.227630536711
02/14/2023,FEU,Z14,9,0.227630536711
02/15/2023,FEU,Z24,1,0.17373947778
02/15/2023,FEU,Z14,1,0.17373947778
02/15/2023,FEU,Z24,10,0.230065591321
02/15/2023,FEU,Z14,10,0.230065591321
02/15/2023,FEU,Z24,11,0.218174849885
02/15/2023,FEU,Z14,11,0.264300619361
02/15/2023,FEU,Z24,12,0.25010146873
02/15/2023,FEU,Z14,12,0.25010146873
02/15/2023,FEU,Z24,13,0.231607044391
02/15/2023,FEU,Z14,13,0.231607044391
02/15/2023,FEU,Z24,14,0.226585893474
02/15/2023,FEU,Z14,14,0.226585893474
02/15/2023,FEU,Z24,15,0.229804097552
02/15/2023,FEU,Z14,15,0.183796810396
02/15/2023,FEU,Z24,16,0.190099748432
02/15/2023,FEU,Z14,16,0.190099748432
02/15/2023,FEU,Z24,17,0.210642366708
02/15/2023,FEU,Z14,17,0.210642366708
02/15/2023,FEU,Z24,18,0.227727601537
02/15/2023,FEU,Z14,18,0.227727601537
02/15/2023,FEU,Z24,19,0.240782855606
02/15/2023,FEU,Z14,19,0.286988799482
02/15/2023,FEU,Z24,2,0.170359671132
02/15/2023,FEU,Z14,2,0.170359671132
02/15/2023,FEU,Z24,20,0.290571758551
02/15/2023,FEU,Z14,20,0.290571758551
02/15/2023,FEU,Z24,21,0.284423704096
02/15/2023,FEU,Z14,21,0.284423704096
02/15/2023,FEU,Z24,22,0.278611198543
02/15/2023,FEU,Z14,22,0.278611198543
02/15/2023,FEU,Z24,23,0.266899206922
02/15/2023,FEU,Z14,23,0.220593435227
02/15/2023,FEU,Z24,24,0.2115180148
02/15/2023,FEU,Z14,24,0.2115180148
02/15/2023,FEU,Z24,3,0.171104777737
02/15/2023,FEU,Z14,3,0.171104777737
02/15/2023,FEU,Z24,4,0.172328736943
02/15/2023,FEU,Z14,4,0.172328736943
02/15/2023,FEU,Z24,5,0.173144319065
02/15/2023,FEU,Z14,5,0.173144319065
02/15/2023,FEU,Z24,6,0.183094460932
02/15/2023,FEU,Z14,6,0.183094460932
02/15/2023,FEU,Z24,7,0.193140214613
02/15/2023,FEU,Z14,7,0.193140214613
02/15/2023,FEU,Z24,8,0.199891546972
02/15/2023,FEU,Z14,8,0.199891546972
02/15/2023,FEU,Z24,9,0.234035566825
02/15/2023,FEU,Z14,9,0.234035566825
02/16/2023,FEU,Z24,1,0.198189551744
02/16/2023,FEU,Z14,1,0.198189551744
02/16/2023,FEU,Z24,10,0.228337458621
02/16/2023,FEU,Z14,10,0.228337458621
02/16/2023,FEU,Z24,11,0.221335422387
02/16/2023,FEU,Z14,11,0.267471373783
02/16/2023,FEU,Z24,12,0.261446961474
02/16/2023,FEU,Z14,12,0.261446961474
02/16/2023,FEU,Z24,13,0.254897481174
02/16/2023,FEU,Z14,13,0.254897481174
02/16/2023,FEU,Z24,14,0.233598769378
02/16/2023,FEU,Z14,14,0.233598769378
02/16/2023,FEU,Z24,15,0.235561605916
02/16/2023,FEU,Z14,15,0.18953630404
02/16/2023,FEU,Z24,16,0.187046195623
02/16/2023,FEU,Z14,16,0.187046195623
02/16/2023,FEU,Z24,17,0.198262421469
02/16/2023,FEU,Z14,17,0.198262421469
02/16/2023,FEU,Z24,18,0.217530788325
02/16/2023,FEU,Z14,18,0.217530788325
02/16/2023,FEU,Z24,19,0.226569321544
02/16/2023,FEU,Z14,19,0.272896766639
02/16/2023,FEU,Z24,2,0.194236922974
02/16/2023,FEU,Z14,2,0.194236922974
02/16/2023,FEU,Z24,20,0.284095114929
02/16/2023,FEU,Z14,20,0.284095114929
02/16/2023,FEU,Z24,21,0.275135045303
02/16/2023,FEU,Z14,21,0.275135045303
02/16/2023,FEU,Z24,22,0.267975295368
02/16/2023,FEU,Z14,22,0.267975295368
02/16/2023,FEU,Z24,23,0.259788353649
02/16/2023,FEU,Z14,23,0.213511495404
02/16/2023,FEU,Z24,24,0.189705321037
02/16/2023,FEU,Z14,24,0.189705321037
02/16/2023,FEU,Z24,3,0.194210568907
02/16/2023,FEU,Z14,3,0.194210568907
02/16/2023,FEU,Z24,4,0.176743675822
02/16/2023,FEU,Z14,4,0.176743675822
02/16/2023,FEU,Z24,5,0.172466606281
02/16/2023,FEU,Z14,5,0.172466606281
02/16/2023,FEU,Z24,6,0.179042429269
02/16/2023,FEU,Z14,6,0.179042429269
02/16/2023,FEU,Z24,7,0.198322923994
02/16/2023,FEU,Z14,7,0.198322923994
02/16/2023,FEU,Z24,8,0.210065745292
02/16/2023,FEU,Z14,8,0.210065745292
02/16/2023,FEU,Z24,9,0.245979688575
02/16/2023,FEU,Z14,9,0.245979688575
02/17/2023,FEU,Z24,1,0.162447062513
02/17/2023,FEU,Z14,1,0.162447062513
02/17/2023,FEU,Z24,10,0.217223721869
02/17/2023,FEU,Z14,10,0.217223721869
02/17/2023,FEU,Z24,11,0.213736287347
02/17/2023,FEU,Z14,11,0.259846102423
02/17/2023,FEU,Z24,12,0.245016785514
02/17/2023,FEU,Z14,12,0.245016785514
02/17/2023,FEU,Z24,13,0.230501771535
02/17/2023,FEU,Z14,13,0.230501771535
02/17/2023,FEU,Z24,14,0.222796960756
02/17/2023,FEU,Z14,14,0.222796960756
02/17/2023,FEU,Z24,15,0.223715582192
02/17/2023,FEU,Z14,15,0.177729146116
02/17/2023,FEU,Z24,16,0.179320026101
02/17/2023,FEU,Z14,16,0.179320026101
02/17/2023,FEU,Z24,17,0.182929418788
02/17/2023,FEU,Z14,17,0.182929418788
02/17/2023,FEU,Z24,18,0.210351890825
02/17/2023,FEU,Z14,18,0.210351890825
02/17/2023,FEU,Z24,19,0.219959573641
02/17/2023,FEU,Z14,19,0.266258373536
02/17/2023,FEU,Z24,2,0.157469200025
02/17/2023,FEU,Z14,2,0.157469200025
02/17/2023,FEU,Z24,20,0.278359668351
02/17/2023,FEU,Z14,20,0.278359668351
02/17/2023,FEU,Z24,21,0.276071676886
02/17/2023,FEU,Z14,21,0.276071676886
02/17/2023,FEU,Z24,22,0.268177389062
02/17/2023,FEU,Z14,22,0.268177389062
02/17/2023,FEU,Z24,23,0.266487223396
02/17/2023,FEU,Z14,23,0.220181771651
02/17/2023,FEU,Z24,24,0.222314796518
02/17/2023,FEU,Z14,24,0.222314796518
02/17/2023,FEU,Z24,3,0.157530898928
02/17/2023,FEU,Z14,3,0.157530898928
02/17/2023,FEU,Z24,4,0.156653859826
02/17/2023,FEU,Z14,4,0.156653859826
02/17/2023,FEU,Z24,5,0.154944951515
02/17/2023,FEU,Z14,5,0.154944951515
02/17/2023,FEU,Z24,6,0.155979815692
02/17/2023,FEU,Z14,6,0.155979815692
02/17/2023,FEU,Z24,7,0.15848505699
02/17/2023,FEU,Z14,7,0.15848505699
02/17/2023,FEU,Z24,8,0.195550880779
02/17/2023,FEU,Z14,8,0.195550880779
02/17/2023,FEU,Z24,9,0.226311894243
02/17/2023,FEU,Z14,9,0.226311894243
02/18/2023,FEU,Z24,1,0.194727549491
02/18/2023,FEU,Z14,1,0.194727549491
02/18/2023,FEU,Z24,10,0.16925806281
02/18/2023,FEU,Z14,10,0.16925806281
02/18/2023,FEU,Z24,11,0.167867644978
02/18/2023,FEU,Z14,11,0.167867644978
02/18/2023,FEU,Z24,12,0.15213418682
02/18/2023,FEU,Z14,12,0.15213418682
02/18/2023,FEU,Z24,13,0.150562165107
02/18/2023,FEU,Z14,13,0.150562165107
02/18/2023,FEU,Z24,14,0.150389634415
02/18/2023,FEU,Z14,14,0.150389634415
02/18/2023,FEU,Z24,15,0.148579318841
02/18/2023,FEU,Z14,15,0.148579318841
02/18/2023,FEU,Z24,16,0.148986000291
02/18/2023,FEU,Z14,16,0.148986000291
02/18/2023,FEU,Z24,17,0.152108606072
02/18/2023,FEU,Z14,17,0.152108606072
02/18/2023,FEU,Z24,18,0.172521909512
02/18/2023,FEU,Z14,18,0.172521909512
02/18/2023,FEU,Z24,19,0.190870052392
02/18/2023,FEU,Z14,19,0.190870052392
02/18/2023,FEU,Z24,2,0.182509993603
02/18/2023,FEU,Z14,2,0.182509993603
02/18/2023,FEU,Z24,20,0.197394396747
02/18/2023,FEU,Z14,20,0.197394396747
02/18/2023,FEU,Z24,21,0.201152275342
02/18/2023,FEU,Z14,21,0.201152275342
02/18/2023,FEU,Z24,22,0.198365965613
02/18/2023,FEU,Z14,22,0.198365965613
02/18/2023,FEU,Z24,23,0.193793086549
02/18/2023,FEU,Z14,23,0.193793086549
02/18/2023,FEU,Z24,24,0.190502337301
02/18/2023,FEU,Z14,24,0.190502337301
02/18/2023,FEU,Z24,3,0.179945548126
02/18/2023,FEU,Z14,3,0.179945548126
02/18/2023,FEU,Z24,4,0.160973766181
02/18/2023,FEU,Z14,4,0.160973766181
02/18/2023,FEU,Z24,5,0.161380796605
02/18/2023,FEU,Z14,5,0.161380796605
02/18/2023,FEU,Z24,6,0.160580544751
02/18/2023,FEU,Z14,6,0.160580544751
02/18/2023,FEU,Z24,7,0.16151062327
02/18/2023,FEU,Z14,7,0.16151062327
02/18/2023,FEU,Z24,8,0.163133620893
02/18/2023,FEU,Z14,8,0.163133620893
02/18/2023,FEU,Z24,9,0.173357339773
02/18/2023,FEU,Z14,9,0.173357339773
02/19/2023,FEU,Z24,1,0.19311100837
02/19/2023,FEU,Z14,1,0.19311100837
02/19/2023,FEU,Z24,10,0.166700511838
02/19/2023,FEU,Z14,10,0.166700511838
02/19/2023,FEU,Z24,11,0.161188961091
02/19/2023,FEU,Z14,11,0.161188961091
02/19/2023,FEU,Z24,12,0.158634632053
02/19/2023,FEU,Z14,12,0.158634632053
02/19/2023,FEU,Z24,13,0.155576881091
02/19/2023,FEU,Z14,13,0.155576881091
02/19/2023,FEU,Z24,14,0.151054450053
02/19/2023,FEU,Z14,14,0.151054450053
02/19/2023,FEU,Z24,15,0.148355212053
02/19/2023,FEU,Z14,15,0.148355212053
02/19/2023,FEU,Z24,16,0.153945119762
02/19/2023,FEU,Z14,16,0.153945119762
02/19/2023,FEU,Z24,17,0.161195393914
02/19/2023,FEU,Z14,17,0.161195393914
02/19/2023,FEU,Z24,18,0.192323677471
02/19/2023,FEU,Z14,18,0.192323677471
02/19/2023,FEU,Z24,19,0.205545838509
02/19/2023,FEU,Z14,19,0.205545838509
02/19/2023,FEU,Z24,2,0.170552532598
02/19/2023,FEU,Z14,2,0.170552532598
02/19/2023,FEU,Z24,20,0.207224602471
02/19/2023,FEU,Z14,20,0.207224602471
02/19/2023,FEU,Z24,21,0.200762388509
02/19/2023,FEU,Z14,21,0.200762388509
02/19/2023,FEU,Z24,22,0.196127241028
02/19/2023,FEU,Z14,22,0.196127241028
02/19/2023,FEU,Z24,23,0.191153451623
02/19/2023,FEU,Z14,23,0.191153451623
02/19/2023,FEU,Z24,24,0.179905354813
02/19/2023,FEU,Z14,24,0.179905354813
02/19/2023,FEU,Z24,3,0.16762064875
02/19/2023,FEU,Z14,3,0.16762064875
02/19/2023,FEU,Z24,4,0.168652395864
02/19/2023,FEU,Z14,4,0.168652395864
02/19/2023,FEU,Z24,5,0.168593081383
02/19/2023,FEU,Z14,5,0.168593081383
02/19/2023,FEU,Z24,6,0.168689432307
02/19/2023,FEU,Z14,6,0.168689432307
02/19/2023,FEU,Z24,7,0.167511832674
02/19/2023,FEU,Z14,7,0.167511832674
02/19/2023,FEU,Z24,8,0.171095486522
02/19/2023,FEU,Z14,8,0.171095486522
02/19/2023,FEU,Z24,9,0.170860985775
02/19/2023,FEU,Z14,9,0.170860985775
02/20/2023,FEU,Z24,1,0.163239543408
02/20/2023,FEU,Z14,1,0.163239543408
02/20/2023,FEU,Z24,10,0.223931739673
02/20/2023,FEU,Z14,10,0.223931739673
02/20/2023,FEU,Z24,11,0.215232777597
02/20/2023,FEU,Z14,11,0.261347739673
02/20/2023,FEU,Z24,12,0.251987606192
02/20/2023,FEU,Z14,12,0.251987606192
02/20/2023,FEU,Z24,13,0.225508698711
02/20/2023,FEU,Z14,13,0.225508698711
02/20/2023,FEU,Z24,14,0.224181123673
02/20/2023,FEU,Z14,14,0.224181123673
02/20/2023,FEU,Z24,15,0.219966469711
02/20/2023,FEU,Z14,15,0.173992399635
02/20/2023,FEU,Z24,16,0.175490780749
02/20/2023,FEU,Z14,16,0.175490780749
02/20/2023,FEU,Z24,17,0.182744463306
02/20/2023,FEU,Z14,17,0.182744463306
02/20/2023,FEU,Z24,18,0.207094397306
02/20/2023,FEU,Z14,18,0.207094397306
02/20/2023,FEU,Z24,19,0.221381709825
02/20/2023,FEU,Z14,19,0.267521895901
02/20/2023,FEU,Z24,2,0.167652349636
02/20/2023,FEU,Z14,2,0.167652349636
02/20/2023,FEU,Z24,20,0.285321240939
02/20/2023,FEU,Z14,20,0.285321240939
02/20/2023,FEU,Z24,21,0.279350379053
02/20/2023,FEU,Z14,21,0.279350379053
02/20/2023,FEU,Z24,22,0.270134869167
02/20/2023,FEU,Z14,22,0.270134869167
02/20/2023,FEU,Z24,23,0.265902485395
02/20/2023,FEU,Z14,23,0.2196004228
02/20/2023,FEU,Z24,24,0.221352045433
02/20/2023,FEU,Z14,24,0.221352045433
02/20/2023,FEU,Z24,3,0.16606064875
02/20/2023,FEU,Z14,3,0.16606064875
02/20/2023,FEU,Z24,4,0.16537439875
02/20/2023,FEU,Z14,4,0.16537439875
02/20/2023,FEU,Z24,5,0.164620671712
02/20/2023,FEU,Z14,5,0.164620671712
02/20/2023,FEU,Z24,6,0.169105001041
02/20/2023,FEU,Z14,6,0.169105001041
02/20/2023,FEU,Z24,7,0.177141261028
02/20/2023,FEU,Z14,7,0.177141261028
02/20/2023,FEU,Z24,8,0.202605398091
02/20/2023,FEU,Z14,8,0.202605398091
02/20/2023,FEU,Z24,9,0.231920975306
02/20/2023,FEU,Z14,9,0.231920975306
02/21/2023,FEU,Z24,1,0.198524201737
02/21/2023,FEU,Z14,1,0.198524201737
02/21/2023,FEU,Z24,10,0.23087245723
02/21/2023,FEU,Z14,10,0.23087245723
02/21/2023,FEU,Z24,11,0.226423224635
02/21/2023,FEU,Z14,11,0.272577314711
02/21/2023,FEU,Z24,12,0.26932696723
02/21/2023,FEU,Z14,12,0.26932696723
02/21/2023,FEU,Z24,13,0.259401926749
02/21/2023,FEU,Z14,13,0.259401926749
02/21/2023,FEU,Z24,14,0.244570947673
02/21/2023,FEU,Z14,14,0.244570947673
02/21/2023,FEU,Z24,15,0.249090935711
02/21/2023,FEU,Z14,15,0.203017209635
02/21/2023,FEU,Z24,16,0.19427485723
02/21/2023,FEU,Z14,16,0.19427485723
02/21/2023,FEU,Z24,17,0.216374427787
02/21/2023,FEU,Z14,17,0.216374427787
02/21/2023,FEU,Z24,18,0.225126180787
02/21/2023,FEU,Z14,18,0.225126180787
02/21/2023,FEU,Z24,19,0.229449698344
02/21/2023,FEU,Z14,19,0.27561767242
02/21/2023,FEU,Z24,2,0.19582069837
02/21/2023,FEU,Z14,2,0.19582069837
02/21/2023,FEU,Z24,20,0.293961534496
02/21/2023,FEU,Z14,20,0.293961534496
02/21/2023,FEU,Z24,21,0.287412483053
02/21/2023,FEU,Z14,21,0.287412483053
02/21/2023,FEU,Z24,22,0.275608111129
02/21/2023,FEU,Z14,22,0.275608111129
02/21/2023,FEU,Z24,23,0.2705236228
02/21/2023,FEU,Z14,23,0.224203485205
02/21/2023,FEU,Z24,24,0.212688124319
02/21/2023,FEU,Z14,24,0.212688124319
02/21/2023,FEU,Z24,3,0.192517195965
02/21/2023,FEU,Z14,3,0.192517195965
02/21/2023,FEU,Z24,4,0.185012168003
02/21/2023,FEU,Z14,4,0.185012168003
02/21/2023,FEU,Z24,5,0.183145893484
02/21/2023,FEU,Z14,5,0.183145893484
02/21/2023,FEU,Z24,6,0.19745659837
02/21/2023,FEU,Z14,6,0.19745659837
02/21/2023,FEU,Z24,7,0.20682830799
02/21/2023,FEU,Z14,7,0.20682830799
02/21/2023,FEU,Z24,8,0.208771778648
02/21/2023,FEU,Z14,8,0.208771778648
02/21/2023,FEU,Z24,9,0.237802488901
02/21/2023,FEU,Z14,9,0.237802488901
02/22/2023,FEU,Z24,1,0.18847045318
02/22/2023,FEU,Z14,1,0.18847045318
02/22/2023,FEU,Z24,10,0.230923999711
02/22/2023,FEU,Z14,10,0.230923999711
02/22/2023,FEU,Z24,11,0.221953119635
02/22/2023,FEU,Z14,11,0.268090692711
02/22/2023,FEU,Z24,12,0.26263924723
02/22/2023,FEU,Z14,12,0.26263924723
02/22/2023,FEU,Z24,13,0.259380473711
02/22/2023,FEU,Z14,13,0.259380473711
02/22/2023,FEU,Z24,14,0.241417973154
02/22/2023,FEU,Z14,14,0.241417973154
02/22/2023,FEU,Z24,15,0.244576646192
02/22/2023,FEU,Z14,15,0.198518768116
02/22/2023,FEU,Z24,16,0.184801782192
02/22/2023,FEU,Z14,16,0.184801782192
02/22/2023,FEU,Z24,17,0.194047116268
02/22/2023,FEU,Z14,17,0.194047116268
02/22/2023,FEU,Z24,18,0.215445411787
02/22/2023,FEU,Z14,18,0.215445411787
02/22/2023,FEU,Z24,19,0.222052331306
02/22/2023,FEU,Z14,19,0.268194457382
02/22/2023,FEU,Z24,2,0.175411233332
02/22/2023,FEU,Z14,2,0.175411233332
02/22/2023,FEU,Z24,20,0.280747917901
02/22/2023,FEU,Z14,20,0.280747917901
02/22/2023,FEU,Z24,21,0.278780286496
02/22/2023,FEU,Z14,21,0.278780286496
02/22/2023,FEU,Z24,22,0.269733305053
02/22/2023,FEU,Z14,22,0.269733305053
02/22/2023,FEU,Z24,23,0.270243519762
02/22/2023,FEU,Z14,23,0.223923790167
02/22/2023,FEU,Z24,24,0.2042380228
02/22/2023,FEU,Z14,24,0.2042380228
02/22/2023,FEU,Z24,3,0.173270455927
02/22/2023,FEU,Z14,3,0.173270455927
02/22/2023,FEU,Z24,4,0.175881871003
02/22/2023,FEU,Z14,4,0.175881871003
02/22/2023,FEU,Z24,5,0.176191730965
02/22/2023,FEU,Z14,5,0.176191730965
02/22/2023,FEU,Z24,6,0.181906125332
02/22/2023,FEU,Z14,6,0.181906125332
02/22/2023,FEU,Z24,7,0.203736781433
02/22/2023,FEU,Z14,7,0.203736781433
02/22/2023,FEU,Z24,8,0.207671996572
02/22/2023,FEU,Z14,8,0.207671996572
02/22/2023,FEU,Z24,9,0.234587534825
02/22/2023,FEU,Z14,9,0.234587534825
02/23/2023,FEU,Z24,1,0.182246223104
02/23/2023,FEU,Z14,1,0.182246223104
02/23/2023,FEU,Z24,10,0.227494153711
02/23/2023,FEU,Z14,10,0.227494153711
02/23/2023,FEU,Z24,11,0.219802204597
02/23/2023,FEU,Z14,11,0.265932882673
02/23/2023,FEU,Z24,12,0.257871399154
02/23/2023,FEU,Z14,12,0.257871399154
02/23/2023,FEU,Z24,13,0.239842707154
02/23/2023,FEU,Z14,13,0.239842707154
02/23/2023,FEU,Z24,14,0.229361943078
02/23/2023,FEU,Z14,14,0.229361943078
02/23/2023,FEU,Z24,15,0.226416116116
02/23/2023,FEU,Z14,15,0.18042340204
02/23/2023,FEU,Z24,16,0.180640707673
02/23/2023,FEU,Z14,16,0.180640707673
02/23/2023,FEU,Z24,17,0.181755630749
02/23/2023,FEU,Z14,17,0.181755630749
02/23/2023,FEU,Z24,18,0.189925784825
02/23/2023,FEU,Z14,18,0.189925784825
02/23/2023,FEU,Z24,19,0.226763714344
02/23/2023,FEU,Z14,19,0.273090804939
02/23/2023,FEU,Z24,2,0.182175314294
02/23/2023,FEU,Z14,2,0.182175314294
02/23/2023,FEU,Z24,20,0.280692901939
02/23/2023,FEU,Z14,20,0.280692901939
02/23/2023,FEU,Z24,21,0.279109418053
02/23/2023,FEU,Z14,21,0.279109418053
02/23/2023,FEU,Z24,22,0.276443370648
02/23/2023,FEU,Z14,22,0.276443370648
02/23/2023,FEU,Z24,23,0.271066548319
02/23/2023,FEU,Z14,23,0.224742736724
02/23/2023,FEU,Z24,24,0.221090917357
02/23/2023,FEU,Z14,24,0.221090917357
02/23/2023,FEU,Z24,3,0.180593242927
02/23/2023,FEU,Z14,3,0.180593242927
02/23/2023,FEU,Z24,4,0.175945970522
02/23/2023,FEU,Z14,4,0.175945970522
02/23/2023,FEU,Z24,5,0.176526611041
02/23/2023,FEU,Z14,5,0.176526611041
02/23/2023,FEU,Z24,6,0.180168818889
02/23/2023,FEU,Z14,6,0.180168818889
02/23/2023,FEU,Z24,7,0.202799981914
02/23/2023,FEU,Z14,7,0.202799981914
02/23/2023,FEU,Z24,8,0.209891180572
02/23/2023,FEU,Z14,8,0.209891180572
02/23/2023,FEU,Z24,9,0.232476059825
02/23/2023,FEU,Z14,9,0.232476059825
02/24/2023,FEU,Z24,1,0.180441417623
02/24/2023,FEU,Z14,1,0.180441417623
02/24/2023,FEU,Z24,10,0.231246774749
02/24/2023,FEU,Z14,10,0.231246774749
02/24/2023,FEU,Z24,11,0.227996702597
02/24/2023,FEU,Z14,11,0.274155564673
02/24/2023,FEU,Z24,12,0.268419035154
02/24/2023,FEU,Z14,12,0.268419035154
02/24/2023,FEU,Z24,13,0.257712839635
02/24/2023,FEU,Z14,13,0.257712839635
02/24/2023,FEU,Z24,14,0.252886640116
02/24/2023,FEU,Z14,14,0.252886640116
02/24/2023,FEU,Z24,15,0.249805782192
02/24/2023,FEU,Z14,15,0.203729996116
02/24/2023,FEU,Z24,16,0.190786384711
02/24/2023,FEU,Z14,16,0.190786384711
02/24/2023,FEU,Z24,17,0.188788352268
02/24/2023,FEU,Z14,17,0.188788352268
02/24/2023,FEU,Z24,18,0.218901284825
02/24/2023,FEU,Z14,18,0.218901284825
02/24/2023,FEU,Z24,19,0.231374580901
02/24/2023,FEU,Z14,19,0.277722974496
02/24/2023,FEU,Z24,2,0.176047635775
02/24/2023,FEU,Z14,2,0.176047635775
02/24/2023,FEU,Z24,20,0.293917329091
02/24/2023,FEU,Z14,20,0.293917329091
02/24/2023,FEU,Z24,21,0.292276883686
02/24/2023,FEU,Z14,21,0.292276883686
02/24/2023,FEU,Z24,22,0.280009615762
02/24/2023,FEU,Z14,22,0.280009615762
02/24/2023,FEU,Z24,23,0.276854108876
02/24/2023,FEU,Z14,23,0.230505605281
02/24/2023,FEU,Z24,24,0.226081455838
02/24/2023,FEU,Z14,24,0.226081455838
02/24/2023,FEU,Z24,3,0.191732007408
02/24/2023,FEU,Z14,3,0.191732007408
02/24/2023,FEU,Z24,4,0.172970338446
02/24/2023,FEU,Z14,4,0.172970338446
02/24/2023,FEU,Z24,5,0.168932400965
02/24/2023,FEU,Z14,5,0.168932400965
02/24/2023,FEU,Z24,6,0.188388737332
02/24/2023,FEU,Z14,6,0.188388737332
02/24/2023,FEU,Z24,7,0.20278690799
02/24/2023,FEU,Z14,7,0.20278690799
02/24/2023,FEU,Z24,8,0.207474994129
02/24/2023,FEU,Z14,8,0.207474994129
02/24/2023,FEU,Z24,9,0.236288216863
02/24/2023,FEU,Z14,9,0.236288216863
02/25/2023,FEU,Z24,1,0.207016459151
02/25/2023,FEU,Z14,1,0.207016459151
02/25/2023,FEU,Z24,10,0.20036309201
02/25/2023,FEU,Z14,10,0.20036309201
02/25/2023,FEU,Z24,11,0.193723386718
02/25/2023,FEU,Z14,11,0.193723386718
02/25/2023,FEU,Z24,12,0.18769384082
02/25/2023,FEU,Z14,12,0.18769384082
02/25/2023,FEU,Z24,13,0.183939504557
02/25/2023,FEU,Z14,13,0.183939504557
02/25/2023,FEU,Z24,14,0.168422063815
02/25/2023,FEU,Z14,14,0.168422063815
02/25/2023,FEU,Z24,15,0.159503303901
02/25/2023,FEU,Z14,15,0.159503303901
02/25/2023,FEU,Z24,16,0.156964338131
02/25/2023,FEU,Z14,16,0.156964338131
02/25/2023,FEU,Z24,17,0.160925628952
02/25/2023,FEU,Z14,17,0.160925628952
02/25/2023,FEU,Z24,18,0.175403460632
02/25/2023,FEU,Z14,18,0.175403460632
02/25/2023,FEU,Z24,19,0.198649113352
02/25/2023,FEU,Z14,19,0.198649113352
02/25/2023,FEU,Z24,2,0.193792577623
02/25/2023,FEU,Z14,2,0.193792577623
02/25/2023,FEU,Z24,20,0.210590344757
02/25/2023,FEU,Z14,20,0.210590344757
02/25/2023,FEU,Z24,21,0.207783871222
02/25/2023,FEU,Z14,21,0.207783871222
02/25/2023,FEU,Z24,22,0.201155451313
02/25/2023,FEU,Z14,22,0.201155451313
02/25/2023,FEU,Z24,23,0.194809507999
02/25/2023,FEU,Z14,23,0.194809507999
02/25/2023,FEU,Z24,24,0.191970488411
02/25/2023,FEU,Z14,24,0.191970488411
02/25/2023,FEU,Z24,3,0.191198431146
02/25/2023,FEU,Z14,3,0.191198431146
02/25/2023,FEU,Z24,4,0.182588158351
02/25/2023,FEU,Z14,4,0.182588158351
02/25/2023,FEU,Z24,5,0.185513254105
02/25/2023,FEU,Z14,5,0.185513254105
02/25/2023,FEU,Z24,6,0.180229622731
02/25/2023,FEU,Z14,6,0.180229622731
02/25/2023,FEU,Z24,7,0.18298122037
02/25/2023,FEU,Z14,7,0.18298122037
02/25/2023,FEU,Z24,8,0.197753802443
02/25/2023,FEU,Z14,8,0.197753802443
02/25/2023,FEU,Z24,9,0.198721298123
02/25/2023,FEU,Z14,9,0.198721298123
02/26/2023,FEU,Z24,1,0.18605339137
02/26/2023,FEU,Z14,1,0.18605339137
02/26/2023,FEU,Z24,10,0.133350348718
02/26/2023,FEU,Z14,10,0.133350348718
02/26/2023,FEU,Z24,11,0.055277359291
02/26/2023,FEU,Z14,11,0.055277359291
02/26/2023,FEU,Z24,12,0.042287313533
02/26/2023,FEU,Z14,12,0.042287313533
02/26/2023,FEU,Z24,13,0.038438634281
02/26/2023,FEU,Z14,13,0.038438634281
02/26/2023,FEU,Z24,14,0.038019502513
02/26/2023,FEU,Z14,14,0.038019502513
02/26/2023,FEU,Z24,15,0.034143591413
02/26/2023,FEU,Z14,15,0.034143591413
02/26/2023,FEU,Z24,16,0.023152056122
02/26/2023,FEU,Z14,16,0.023152056122
02/26/2023,FEU,Z24,17,0.028668608674
02/26/2023,FEU,Z14,17,0.028668608674
02/26/2023,FEU,Z24,18,0.045893949871
02/26/2023,FEU,Z14,18,0.045893949871
02/26/2023,FEU,Z24,19,0.131700499599
02/26/2023,FEU,Z14,19,0.131700499599
02/26/2023,FEU,Z24,2,0.182776358698
02/26/2023,FEU,Z14,2,0.182776358698
02/26/2023,FEU,Z24,20,0.146845981831
02/26/2023,FEU,Z14,20,0.146845981831
02/26/2023,FEU,Z24,21,0.178382515119
02/26/2023,FEU,Z14,21,0.178382515119
02/26/2023,FEU,Z24,22,0.179360008828
02/26/2023,FEU,Z14,22,0.179360008828
02/26/2023,FEU,Z24,23,0.157011928343
02/26/2023,FEU,Z14,23,0.157011928343
02/26/2023,FEU,Z24,24,0.147213718963
02/26/2023,FEU,Z14,24,0.147213718963
02/26/2023,FEU,Z24,3,0.17500751125
02/26/2023,FEU,Z14,3,0.17500751125
02/26/2023,FEU,Z24,4,0.166196727464
02/26/2023,FEU,Z14,4,0.166196727464
02/26/2023,FEU,Z24,5,0.162777784573
02/26/2023,FEU,Z14,5,0.162777784573
02/26/2023,FEU,Z24,6,0.161540428277
02/26/2023,FEU,Z14,6,0.161540428277
02/26/2023,FEU,Z24,7,0.161313468614
02/26/2023,FEU,Z14,7,0.161313468614
02/26/2023,FEU,Z24,8,0.159791556122
02/26/2023,FEU,Z14,8,0.159791556122
02/26/2023,FEU,Z24,9,0.152819626775
02/26/2023,FEU,Z14,9,0.152819626775
02/27/2023,FEU,Z24,1,0.149242791408
02/27/2023,FEU,Z14,1,0.149242791408
02/27/2023,FEU,Z24,10,0.194454486673
02/27/2023,FEU,Z14,10,0.194454486673
02/27/2023,FEU,Z24,11,0.164250346597
02/27/2023,FEU,Z14,11,0.210188793673
02/27/2023,FEU,Z24,12,0.207555718192
02/27/2023,FEU,Z14,12,0.207555718192
02/27/2023,FEU,Z24,13,0.207113314711
02/27/2023,FEU,Z14,13,0.207113314711
02/27/2023,FEU,Z24,14,0.206955036673
02/27/2023,FEU,Z14,14,0.206955036673
02/27/2023,FEU,Z24,15,0.198770161711
02/27/2023,FEU,Z14,15,0.152868619635
02/27/2023,FEU,Z24,16,0.162223350749
02/27/2023,FEU,Z14,16,0.162223350749
02/27/2023,FEU,Z24,17,0.165820079306
02/27/2023,FEU,Z14,17,0.165820079306
02/27/2023,FEU,Z24,18,0.173257369306
02/27/2023,FEU,Z14,18,0.173257369306
02/27/2023,FEU,Z24,19,0.214893359825
02/27/2023,FEU,Z14,19,0.261010278901
02/27/2023,FEU,Z24,2,0.151260161636
02/27/2023,FEU,Z14,2,0.151260161636
02/27/2023,FEU,Z24,20,0.283318264939
02/27/2023,FEU,Z14,20,0.283318264939
02/27/2023,FEU,Z24,21,0.298655747053
02/27/2023,FEU,Z14,21,0.298655747053
02/27/2023,FEU,Z24,22,0.282694773167
02/27/2023,FEU,Z14,22,0.282694773167
02/27/2023,FEU,Z24,23,0.276655905395
02/27/2023,FEU,Z14,23,0.2303092228
02/27/2023,FEU,Z24,24,0.218104008433
02/27/2023,FEU,Z14,24,0.218104008433
02/27/2023,FEU,Z24,3,0.14391564875
02/27/2023,FEU,Z14,3,0.14391564875
02/27/2023,FEU,Z24,4,0.14467689875
02/27/2023,FEU,Z14,4,0.14467689875
02/27/2023,FEU,Z24,5,0.144817407712
02/27/2023,FEU,Z14,5,0.144817407712
02/27/2023,FEU,Z24,6,0.152237255041
02/27/2023,FEU,Z14,6,0.152237255041
02/27/2023,FEU,Z24,7,0.155731281028
02/27/2023,FEU,Z14,7,0.155731281028
02/27/2023,FEU,Z24,8,0.192887701091
02/27/2023,FEU,Z14,8,0.192887701091
02/27/2023,FEU,Z24,9,0.218512721306
02/27/2023,FEU,Z14,9,0.218512721306
02/28/2023,FEU,Z24,1,0.185424648737
02/28/2023,FEU,Z14,1,0.185424648737
02/28/2023,FEU,Z24,10,0.21920755723
02/28/2023,FEU,Z14,10,0.21920755723
02/28/2023,FEU,Z24,11,0.202153944635
02/28/2023,FEU,Z14,11,0.248224706711
02/28/2023,FEU,Z24,12,0.22006879723
02/28/2023,FEU,Z14,12,0.22006879723
02/28/2023,FEU,Z24,13,0.218101927749
02/28/2023,FEU,Z14,13,0.218101927749
02/28/2023,FEU,Z24,14,0.217665762673
02/28/2023,FEU,Z14,14,0.217665762673
02/28/2023,FEU,Z24,15,0.216228007711
02/28/2023,FEU,Z14,15,0.170266729635
02/28/2023,FEU,Z24,16,0.17142124723
02/28/2023,FEU,Z14,16,0.17142124723
02/28/2023,FEU,Z24,17,0.174836151787
02/28/2023,FEU,Z14,17,0.174836151787
02/28/2023,FEU,Z24,18,0.202083768787
02/28/2023,FEU,Z14,18,0.202083768787
02/28/2023,FEU,Z24,19,0.222931130344
02/28/2023,FEU,Z14,19,0.26907693242
02/28/2023,FEU,Z24,2,0.18624391837
02/28/2023,FEU,Z14,2,0.18624391837
02/28/2023,FEU,Z24,20,0.289190014496
02/28/2023,FEU,Z14,20,0.289190014496
02/28/2023,FEU,Z24,21,0.297535219053
02/28/2023,FEU,Z14,21,0.297535219053
02/28/2023,FEU,Z24,22,0.285607747129
02/28/2023,FEU,Z14,22,0.285607747129
02/28/2023,FEU,Z24,23,0.2795872228
02/28/2023,FEU,Z14,23,0.233229320205
02/28/2023,FEU,Z24,24,0.225124479319
02/28/2023,FEU,Z14,24,0.225124479319
02/28/2023,FEU,Z24,3,0.161610085965
02/28/2023,FEU,Z14,3,0.161610085965
02/28/2023,FEU,Z24,4,0.162293426003
02/28/2023,FEU,Z14,4,0.162293426003
02/28/2023,FEU,Z24,5,0.162002877484
02/28/2023,FEU,Z14,5,0.162002877484
02/28/2023,FEU,Z24,6,0.16372876837
02/28/2023,FEU,Z14,6,0.16372876837
02/28/2023,FEU,Z24,7,0.19475250799
02/28/2023,FEU,Z14,7,0.19475250799
02/28/2023,FEU,Z24,8,0.200567242648
02/28/2023,FEU,Z14,8,0.200567242648
02/28/2023,FEU,Z24,9,0.227317641901
02/28/2023,FEU,Z14,9,0.227317641901
03/01/2023,FEU,Z24,1,0.19575385318
03/01/2023,FEU,Z14,1,0.19575385318
03/01/2023,FEU,Z24,10,0.228623460268
03/01/2023,FEU,Z14,10,0.228623460268
03/01/2023,FEU,Z24,11,0.213229527154
03/01/2023,FEU,Z14,11,0.25933750723
03/01/2023,FEU,Z24,12,0.247746184268
03/01/2023,FEU,Z14,12,0.247746184268
03/01/2023,FEU,Z24,13,0.242358719306
03/01/2023,FEU,Z14,13,0.242358719306
03/01/2023,FEU,Z24,14,0.240594540787
03/01/2023,FEU,Z14,14,0.240594540787
03/01/2023,FEU,Z24,15,0.235934484977
03/01/2023,FEU,Z14,15,0.189900897901
03/01/2023,FEU,Z24,16,0.185680663534
03/01/2023,FEU,Z14,16,0.185680663534
03/01/2023,FEU,Z24,17,0.19289119761
03/01/2023,FEU,Z14,17,0.19289119761
03/01/2023,FEU,Z24,18,0.217963346648
03/01/2023,FEU,Z14,18,0.217963346648
03/01/2023,FEU,Z24,19,0.221976280015
03/01/2023,FEU,Z14,19,0.26828608761
03/01/2023,FEU,Z24,2,0.191480841332
03/01/2023,FEU,Z14,2,0.191480841332
03/01/2023,FEU,Z24,20,0.286838802648
03/01/2023,FEU,Z14,20,0.286838802648
03/01/2023,FEU,Z24,21,0.290858411686
03/01/2023,FEU,Z14,21,0.290858411686
03/01/2023,FEU,Z24,22,0.283239883243
03/01/2023,FEU,Z14,22,0.283239883243
03/01/2023,FEU,Z24,23,0.281689750585
03/01/2023,FEU,Z14,23,0.23531906799
03/01/2023,FEU,Z24,24,0.227770224142
03/01/2023,FEU,Z14,24,0.227770224142
03/01/2023,FEU,Z24,3,0.192748366003
03/01/2023,FEU,Z14,3,0.192748366003
03/01/2023,FEU,Z24,4,0.188342276446
03/01/2023,FEU,Z14,4,0.188342276446
03/01/2023,FEU,Z24,5,0.182504222446
03/01/2023,FEU,Z14,5,0.182504222446
03/01/2023,FEU,Z24,6,0.19225000837
03/01/2023,FEU,Z14,6,0.19225000837
03/01/2023,FEU,Z24,7,0.206202130585
03/01/2023,FEU,Z14,7,0.206202130585
03/01/2023,FEU,Z24,8,0.209272931281
03/01/2023,FEU,Z14,8,0.209272931281
03/01/2023,FEU,Z24,9,0.23678196761
03/01/2023,FEU,Z14,9,0.23678196761
03/02/2023,FEU,Z24,1,0.196675216294
03/02/2023,FEU,Z14,1,0.196675216294
03/02/2023,FEU,Z24,10,0.213232069306
03/02/2023,FEU,Z14,10,0.213232069306
03/02/2023,FEU,Z24,11,0.181777365673
03/02/2023,FEU,Z14,11,0.227779071749
03/02/2023,FEU,Z24,12,0.227850502749
03/02/2023,FEU,Z14,12,0.227850502749
03/02/2023,FEU,Z24,13,0.227209437787
03/02/2023,FEU,Z14,13,0.227209437787
03/02/2023,FEU,Z24,14,0.227327065749
03/02/2023,FEU,Z14,14,0.227327065749
03/02/2023,FEU,Z24,15,0.226626640977
03/02/2023,FEU,Z14,15,0.180623346901
03/02/2023,FEU,Z24,16,0.181695703534
03/02/2023,FEU,Z14,16,0.181695703534
03/02/2023,FEU,Z24,17,0.184633528167
03/02/2023,FEU,Z14,17,0.184633528167
03/02/2023,FEU,Z24,18,0.210066341319
03/02/2023,FEU,Z14,18,0.210066341319
03/02/2023,FEU,Z24,19,0.222609365686
03/02/2023,FEU,Z14,19,0.268922610281
03/02/2023,FEU,Z24,2,0.195004077484
03/02/2023,FEU,Z14,2,0.195004077484
03/02/2023,FEU,Z24,20,0.289648420319
03/02/2023,FEU,Z14,20,0.289648420319
03/02/2023,FEU,Z24,21,0.309084857838
03/02/2023,FEU,Z14,21,0.309084857838
03/02/2023,FEU,Z24,22,0.288796584876
03/02/2023,FEU,Z14,22,0.288796584876
03/02/2023,FEU,Z24,23,0.283699603699
03/02/2023,FEU,Z14,23,0.237319487104
03/02/2023,FEU,Z24,24,0.231650482218
03/02/2023,FEU,Z14,24,0.231650482218
03/02/2023,FEU,Z24,3,0.195632238598
03/02/2023,FEU,Z14,3,0.195632238598
03/02/2023,FEU,Z24,4,0.193996033117
03/02/2023,FEU,Z14,4,0.193996033117
03/02/2023,FEU,Z24,5,0.193854936598
03/02/2023,FEU,Z14,5,0.193854936598
03/02/2023,FEU,Z24,6,0.198384680965
03/02/2023,FEU,Z14,6,0.198384680965
03/02/2023,FEU,Z24,7,0.194717102661
03/02/2023,FEU,Z14,7,0.194717102661
03/02/2023,FEU,Z24,8,0.202003251838
03/02/2023,FEU,Z14,8,0.202003251838
03/02/2023,FEU,Z24,9,0.230972834648
03/02/2023,FEU,Z14,9,0.230972834648
03/03/2023,FEU,Z24,1,0.200163951889
03/03/2023,FEU,Z14,1,0.200163951889
03/03/2023,FEU,Z24,10,0.216901778344
03/03/2023,FEU,Z14,10,0.216901778344
03/03/2023,FEU,Z24,11,0.180473826673
03/03/2023,FEU,Z14,11,0.226471064749
03/03/2023,FEU,Z24,12,0.226328167711
03/03/2023,FEU,Z14,12,0.226328167711
03/03/2023,FEU,Z24,13,0.224690398711
03/03/2023,FEU,Z14,13,0.224690398711
03/03/2023,FEU,Z24,14,0.224108236711
03/03/2023,FEU,Z14,14,0.224108236711
03/03/2023,FEU,Z24,15,0.223345903939
03/03/2023,FEU,Z14,15,0.177354649863
03/03/2023,FEU,Z24,16,0.178185257977
03/03/2023,FEU,Z14,16,0.178185257977
03/03/2023,FEU,Z24,17,0.184005331053
03/03/2023,FEU,Z14,17,0.184005331053
03/03/2023,FEU,Z24,18,0.213040462129
03/03/2023,FEU,Z14,18,0.213040462129
03/03/2023,FEU,Z24,19,0.228701155015
03/03/2023,FEU,Z14,19,0.27503933761
03/03/2023,FEU,Z24,2,0.199887795079
03/03/2023,FEU,Z14,2,0.199887795079
03/03/2023,FEU,Z24,20,0.282815695205
03/03/2023,FEU,Z14,20,0.282815695205
03/03/2023,FEU,Z24,21,0.289897907762
03/03/2023,FEU,Z14,21,0.289897907762
03/03/2023,FEU,Z24,22,0.283336815838
03/03/2023,FEU,Z14,22,0.283336815838
03/03/2023,FEU,Z24,23,0.280631216661
03/03/2023,FEU,Z14,23,0.234094645547
03/03/2023,FEU,Z24,24,0.23270525318
03/03/2023,FEU,Z14,24,0.23270525318
03/03/2023,FEU,Z24,3,0.198124806674
03/03/2023,FEU,Z14,3,0.198124806674
03/03/2023,FEU,Z24,4,0.198260511712
03/03/2023,FEU,Z14,4,0.198260511712
03/03/2023,FEU,Z24,5,0.198762609193
03/03/2023,FEU,Z14,5,0.198762609193
03/03/2023,FEU,Z24,6,0.201339677117
03/03/2023,FEU,Z14,6,0.201339677117
03/03/2023,FEU,Z24,7,0.203652240737
03/03/2023,FEU,Z14,7,0.203652240737
03/03/2023,FEU,Z24,8,0.204892258357
03/03/2023,FEU,Z14,8,0.204892258357
03/03/2023,FEU,Z24,9,0.228841336167
03/03/2023,FEU,Z14,9,0.228841336167
03/04/2023,FEU,Z24,1,0.193414611256
03/04/2023,FEU,Z14,1,0.193414611256
03/04/2023,FEU,Z24,10,0.190619779167
03/04/2023,FEU,Z14,10,0.190619779167
03/04/2023,FEU,Z24,11,0.168134046496
03/04/2023,FEU,Z14,11,0.168134046496
03/04/2023,FEU,Z24,12,0.168139048977
03/04/2023,FEU,Z14,12,0.168139048977
03/04/2023,FEU,Z24,13,0.166781455015
03/04/2023,FEU,Z14,13,0.166781455015
03/04/2023,FEU,Z24,14,0.156600133534
03/04/2023,FEU,Z14,14,0.156600133534
03/04/2023,FEU,Z24,15,0.153259896053
03/04/2023,FEU,Z14,15,0.153259896053
03/04/2023,FEU,Z24,16,0.160712470205
03/04/2023,FEU,Z14,16,0.160712470205
03/04/2023,FEU,Z24,17,0.169213893838
03/04/2023,FEU,Z14,17,0.169213893838
03/04/2023,FEU,Z24,18,0.179545756471
03/04/2023,FEU,Z14,18,0.179545756471
03/04/2023,FEU,Z24,19,0.197257743104
03/04/2023,FEU,Z14,19,0.197257743104
03/04/2023,FEU,Z24,2,0.189380833927
03/04/2023,FEU,Z14,2,0.189380833927
03/04/2023,FEU,Z24,20,0.216706866142
03/04/2023,FEU,Z14,20,0.216706866142
03/04/2023,FEU,Z24,21,0.227031852142
03/04/2023,FEU,Z14,21,0.227031852142
03/04/2023,FEU,Z24,22,0.211976401699
03/04/2023,FEU,Z14,22,0.211976401699
03/04/2023,FEU,Z24,23,0.199627660775
03/04/2023,FEU,Z14,23,0.199627660775
03/04/2023,FEU,Z24,24,0.19748242837
03/04/2023,FEU,Z14,24,0.19748242837
03/04/2023,FEU,Z24,3,0.197254393079
03/04/2023,FEU,Z14,3,0.197254393079
03/04/2023,FEU,Z24,4,0.192900328674
03/04/2023,FEU,Z14,4,0.192900328674
03/04/2023,FEU,Z24,5,0.192139356231
03/04/2023,FEU,Z14,5,0.192139356231
03/04/2023,FEU,Z24,6,0.191218228674
03/04/2023,FEU,Z14,6,0.191218228674
03/04/2023,FEU,Z24,7,0.185921948041
03/04/2023,FEU,Z14,7,0.185921948041
03/04/2023,FEU,Z24,8,0.196522615813
03/04/2023,FEU,Z14,8,0.196522615813
03/04/2023,FEU,Z24,9,0.198630026952
03/04/2023,FEU,Z14,9,0.198630026952
03/05/2023,FEU,Z24,1,0.197272311408
03/05/2023,FEU,Z14,1,0.197272311408
03/05/2023,FEU,Z24,10,0.182662469167
03/05/2023,FEU,Z14,10,0.182662469167
03/05/2023,FEU,Z24,11,0.175818831053
03/05/2023,FEU,Z14,11,0.175818831053
03/05/2023,FEU,Z24,12,0.175336909053
03/05/2023,FEU,Z14,12,0.175336909053
03/05/2023,FEU,Z24,13,0.172067714648
03/05/2023,FEU,Z14,13,0.172067714648
03/05/2023,FEU,Z24,14,0.166742780091
03/05/2023,FEU,Z14,14,0.166742780091
03/05/2023,FEU,Z24,15,0.163560410648
03/05/2023,FEU,Z14,15,0.163560410648
03/05/2023,FEU,Z24,16,0.1752112228
03/05/2023,FEU,Z14,16,0.1752112228
03/05/2023,FEU,Z24,17,0.183549665395
03/05/2023,FEU,Z14,17,0.183549665395
03/05/2023,FEU,Z24,18,0.192537028433
03/05/2023,FEU,Z14,18,0.192537028433
03/05/2023,FEU,Z24,19,0.195599665395
03/05/2023,FEU,Z14,19,0.195599665395
03/05/2023,FEU,Z24,2,0.198010871041
03/05/2023,FEU,Z14,2,0.198010871041
03/05/2023,FEU,Z24,20,0.215047578433
03/05/2023,FEU,Z14,20,0.215047578433
03/05/2023,FEU,Z24,21,0.237182656876
03/05/2023,FEU,Z14,21,0.237182656876
03/05/2023,FEU,Z24,22,0.218725151509
03/05/2023,FEU,Z14,22,0.218725151509
03/05/2023,FEU,Z24,23,0.205072975104
03/05/2023,FEU,Z14,23,0.205072975104
03/05/2023,FEU,Z24,24,0.206181410775
03/05/2023,FEU,Z14,24,0.206181410775
03/05/2023,FEU,Z24,3,0.206535160193
03/05/2023,FEU,Z14,3,0.206535160193
03/05/2023,FEU,Z24,4,0.203289926421
03/05/2023,FEU,Z14,4,0.203289926421
03/05/2023,FEU,Z24,5,0.203373772902
03/05/2023,FEU,Z14,5,0.203373772902
03/05/2023,FEU,Z24,6,0.202933922307
03/05/2023,FEU,Z14,6,0.202933922307
03/05/2023,FEU,Z24,7,0.197723858193
03/05/2023,FEU,Z14,7,0.197723858193
03/05/2023,FEU,Z24,8,0.193583000965
03/05/2023,FEU,Z14,8,0.193583000965
03/05/2023,FEU,Z24,9,0.183430350066
03/05/2023,FEU,Z14,9,0.183430350066
03/06/2023,FEU,Z24,1,0.203488882889
03/06/2023,FEU,Z14,1,0.203488882889
03/06/2023,FEU,Z24,10,0.217719858787
03/06/2023,FEU,Z14,10,0.217719858787
03/06/2023,FEU,Z24,11,0.216842358192
03/06/2023,FEU,Z14,11,0.262963432268
03/06/2023,FEU,Z24,12,0.265242327306
03/06/2023,FEU,Z14,12,0.265242327306
03/06/2023,FEU,Z24,13,0.262245334825
03/06/2023,FEU,Z14,13,0.262245334825
03/06/2023,FEU,Z24,14,0.256230630787
03/06/2023,FEU,Z14,14,0.256230630787
03/06/2023,FEU,Z24,15,0.255391285977
03/06/2023,FEU,Z14,15,0.209290731901
03/06/2023,FEU,Z24,16,0.212326525534
03/06/2023,FEU,Z14,16,0.212326525534
03/06/2023,FEU,Z24,17,0.215987859053
03/06/2023,FEU,Z14,17,0.215987859053
03/06/2023,FEU,Z24,18,0.21945794761
03/06/2023,FEU,Z14,18,0.21945794761
03/06/2023,FEU,Z24,19,0.220839633534
03/06/2023,FEU,Z14,19,0.26698065761
03/06/2023,FEU,Z24,2,0.207560892117
03/06/2023,FEU,Z14,2,0.207560892117
03/06/2023,FEU,Z24,20,0.284128194648
03/06/2023,FEU,Z14,20,0.284128194648
03/06/2023,FEU,Z24,21,0.293192162648
03/06/2023,FEU,Z14,21,0.293192162648
03/06/2023,FEU,Z24,22,0.274913323762
03/06/2023,FEU,Z14,22,0.274913323762
03/06/2023,FEU,Z24,23,0.267774192142
03/06/2023,FEU,Z14,23,0.221460037547
03/06/2023,FEU,Z24,24,0.214035949661
03/06/2023,FEU,Z14,24,0.214035949661
03/06/2023,FEU,Z24,3,0.202294113193
03/06/2023,FEU,Z14,3,0.202294113193
03/06/2023,FEU,Z24,4,0.19303939875
03/06/2023,FEU,Z14,4,0.19303939875
03/06/2023,FEU,Z24,5,0.190453206231
03/06/2023,FEU,Z14,5,0.190453206231
03/06/2023,FEU,Z24,6,0.19328376356
03/06/2023,FEU,Z14,6,0.19328376356
03/06/2023,FEU,Z24,7,0.184296331699
03/06/2023,FEU,Z14,7,0.184296331699
03/06/2023,FEU,Z24,8,0.186875611281
03/06/2023,FEU,Z14,8,0.186875611281
03/06/2023,FEU,Z24,9,0.222265420015
03/06/2023,FEU,Z14,9,0.222265420015
03/07/2023,FEU,Z24,1,0.188608785775
03/07/2023,FEU,Z14,1,0.188608785775
03/07/2023,FEU,Z24,10,0.20317153723
03/07/2023,FEU,Z14,10,0.20317153723
03/07/2023,FEU,Z24,11,0.181630218597
03/07/2023,FEU,Z14,11,0.227629608673
03/07/2023,FEU,Z24,12,0.216416601154
03/07/2023,FEU,Z14,12,0.216416601154
03/07/2023,FEU,Z24,13,0.215343432673
03/07/2023,FEU,Z14,13,0.215343432673
03/07/2023,FEU,Z24,14,0.206994155154
03/07/2023,FEU,Z14,14,0.206994155154
03/07/2023,FEU,Z24,15,0.202716505382
03/07/2023,FEU,Z14,15,0.156687495787
03/07/2023,FEU,Z24,16,0.156014079901
03/07/2023,FEU,Z14,16,0.156014079901
03/07/2023,FEU,Z24,17,0.158909455977
03/07/2023,FEU,Z14,17,0.158909455977
03/07/2023,FEU,Z24,18,0.173122109534
03/07/2023,FEU,Z14,18,0.173122109534
03/07/2023,FEU,Z24,19,0.186127577382
03/07/2023,FEU,Z14,19,0.232283746977
03/07/2023,FEU,Z24,2,0.184947542446
03/07/2023,FEU,Z14,2,0.184947542446
03/07/2023,FEU,Z24,20,0.255624941534
03/07/2023,FEU,Z14,20,0.255624941534
03/07/2023,FEU,Z24,21,0.26884181761
03/07/2023,FEU,Z14,21,0.26884181761
03/07/2023,FEU,Z24,22,0.261886467167
03/07/2023,FEU,Z14,22,0.261886467167
03/07/2023,FEU,Z24,23,0.258491397509
03/07/2023,FEU,Z14,23,0.212217275914
03/07/2023,FEU,Z24,24,0.189047464547
03/07/2023,FEU,Z14,24,0.189047464547
03/07/2023,FEU,Z24,3,0.18317404356
03/07/2023,FEU,Z14,3,0.18317404356
03/07/2023,FEU,Z24,4,0.171624378598
03/07/2023,FEU,Z14,4,0.171624378598
03/07/2023,FEU,Z24,5,0.160237845079
03/07/2023,FEU,Z14,5,0.160237845079
03/07/2023,FEU,Z24,6,0.158964438446
03/07/2023,FEU,Z14,6,0.158964438446
03/07/2023,FEU,Z24,7,0.162207202066
03/07/2023,FEU,Z14,7,0.162207202066
03/07/2023,FEU,Z24,8,0.186954670205
03/07/2023,FEU,Z14,8,0.186954670205
03/07/2023,FEU,Z24,9,0.208129555015
03/07/2023,FEU,Z14,9,0.208129555015
03/08/2023,FEU,Z24,1,0.13662411318
03/08/2023,FEU,Z14,1,0.13662411318
03/08/2023,FEU,Z24,10,0.184218724268
03/08/2023,FEU,Z14,10,0.184218724268
03/08/2023,FEU,Z24,11,0.158930073154
03/08/2023,FEU,Z14,11,0.20485294723
03/08/2023,FEU,Z24,12,0.197961968268
03/08/2023,FEU,Z14,12,0.197961968268
03/08/2023,FEU,Z24,13,0.189809305306
03/08/2023,FEU,Z14,13,0.189809305306
03/08/2023,FEU,Z24,14,0.184433646787
03/08/2023,FEU,Z14,14,0.184433646787
03/08/2023,FEU,Z24,15,0.172712598977
03/08/2023,FEU,Z14,15,0.126892779901
03/08/2023,FEU,Z24,16,0.115941491534
03/08/2023,FEU,Z14,16,0.115941491534
03/08/2023,FEU,Z24,17,0.14047050761
03/08/2023,FEU,Z14,17,0.14047050761
03/08/2023,FEU,Z24,18,0.155725450648
03/08/2023,FEU,Z14,18,0.155725450648
03/08/2023,FEU,Z24,19,0.161643190015
03/08/2023,FEU,Z14,19,0.20769842761
03/08/2023,FEU,Z24,2,0.134145521332
03/08/2023,FEU,Z14,2,0.134145521332
03/08/2023,FEU,Z24,20,0.238625978648
03/08/2023,FEU,Z14,20,0.238625978648
03/08/2023,FEU,Z24,21,0.256347035686
03/08/2023,FEU,Z14,21,0.256347035686
03/08/2023,FEU,Z24,22,0.250962778243
03/08/2023,FEU,Z14,22,0.250962778243
03/08/2023,FEU,Z24,23,0.246830185585
03/08/2023,FEU,Z14,23,0.20060416799
03/08/2023,FEU,Z24,24,0.191181504142
03/08/2023,FEU,Z14,24,0.191181504142
03/08/2023,FEU,Z24,3,0.129416440003
03/08/2023,FEU,Z14,3,0.129416440003
03/08/2023,FEU,Z24,4,0.130438060446
03/08/2023,FEU,Z14,4,0.130438060446
03/08/2023,FEU,Z24,5,0.129949396446
03/08/2023,FEU,Z14,5,0.129949396446
03/08/2023,FEU,Z24,6,0.13052491837
03/08/2023,FEU,Z14,6,0.13052491837
03/08/2023,FEU,Z24,7,0.136644595585
03/08/2023,FEU,Z14,7,0.136644595585
03/08/2023,FEU,Z24,8,0.165232462281
03/08/2023,FEU,Z14,8,0.165232462281
03/08/2023,FEU,Z24,9,0.19000425761
03/08/2023,FEU,Z14,9,0.19000425761
03/09/2023,FEU,Z24,1,0.136159856294
03/09/2023,FEU,Z14,1,0.136159856294
03/09/2023,FEU,Z24,10,0.177857101306
03/09/2023,FEU,Z14,10,0.177857101306
03/09/2023,FEU,Z24,11,0.158023080673
03/09/2023,FEU,Z14,11,0.203942195749
03/09/2023,FEU,Z24,12,0.168871916749
03/09/2023,FEU,Z14,12,0.168871916749
03/09/2023,FEU,Z24,13,0.163569495787
03/09/2023,FEU,Z14,13,0.163569495787
03/09/2023,FEU,Z24,14,0.159302504749
03/09/2023,FEU,Z14,14,0.159302504749
03/09/2023,FEU,Z24,15,0.130785895977
03/09/2023,FEU,Z14,15,0.085106661901
03/09/2023,FEU,Z24,16,0.075039909534
03/09/2023,FEU,Z14,16,0.075039909534
03/09/2023,FEU,Z24,17,0.073400594167
03/09/2023,FEU,Z14,17,0.073400594167
03/09/2023,FEU,Z24,18,0.090965573319
03/09/2023,FEU,Z14,18,0.090965573319
03/09/2023,FEU,Z24,19,0.122494853686
03/09/2023,FEU,Z14,19,0.168388858281
03/09/2023,FEU,Z24,2,0.111457893484
03/09/2023,FEU,Z14,2,0.111457893484
03/09/2023,FEU,Z24,20,0.212613878319
03/09/2023,FEU,Z14,20,0.212613878319
03/09/2023,FEU,Z24,21,0.233878121838
03/09/2023,FEU,Z14,21,0.233878121838
03/09/2023,FEU,Z24,22,0.222105820876
03/09/2023,FEU,Z14,22,0.222105820876
03/09/2023,FEU,Z24,23,0.183390790699
03/09/2023,FEU,Z14,23,0.137422655104
03/09/2023,FEU,Z24,24,0.123692892218
03/09/2023,FEU,Z14,24,0.123692892218
03/09/2023,FEU,Z24,3,0.109651062598
03/09/2023,FEU,Z14,3,0.109651062598
03/09/2023,FEU,Z24,4,0.112058716117
03/09/2023,FEU,Z14,4,0.112058716117
03/09/2023,FEU,Z24,5,0.111114138598
03/09/2023,FEU,Z14,5,0.111114138598
03/09/2023,FEU,Z24,6,0.110831825965
03/09/2023,FEU,Z14,6,0.110831825965
03/09/2023,FEU,Z24,7,0.140573998661
03/09/2023,FEU,Z14,7,0.140573998661
03/09/2023,FEU,Z24,8,0.167309925838
03/09/2023,FEU,Z14,8,0.167309925838
03/09/2023,FEU,Z24,9,0.188617498648
03/09/2023,FEU,Z14,9,0.188617498648
03/10/2023,FEU,Z24,1,0.064241855889
03/10/2023,FEU,Z14,1,0.064241855889
03/10/2023,FEU,Z24,10,0.116685410344
03/10/2023,FEU,Z14,10,0.116685410344
03/10/2023,FEU,Z24,11,0.092967498673
03/10/2023,FEU,Z14,11,0.138663629749
03/10/2023,FEU,Z24,12,0.129093085711
03/10/2023,FEU,Z14,12,0.129093085711
03/10/2023,FEU,Z24,13,0.125378003711
03/10/2023,FEU,Z14,13,0.125378003711
03/10/2023,FEU,Z24,14,0.115041705711
03/10/2023,FEU,Z14,14,0.115041705711
03/10/2023,FEU,Z24,15,0.104322361939
03/10/2023,FEU,Z14,15,0.058734235863
03/10/2023,FEU,Z24,16,0.051490689977
03/10/2023,FEU,Z14,16,0.051490689977
03/10/2023,FEU,Z24,17,0.056713825053
03/10/2023,FEU,Z14,17,0.056713825053
03/10/2023,FEU,Z24,18,0.078561079129
03/10/2023,FEU,Z14,18,0.078561079129
03/10/2023,FEU,Z24,19,0.119092210015
03/10/2023,FEU,Z14,19,0.16496671761
03/10/2023,FEU,Z24,2,0.050009743079
03/10/2023,FEU,Z14,2,0.050009743079
03/10/2023,FEU,Z24,20,0.210848015205
03/10/2023,FEU,Z14,20,0.210848015205
03/10/2023,FEU,Z24,21,0.237124809762
03/10/2023,FEU,Z14,21,0.237124809762
03/10/2023,FEU,Z24,22,0.228471525838
03/10/2023,FEU,Z14,22,0.228471525838
03/10/2023,FEU,Z24,23,0.176837023661
03/10/2023,FEU,Z14,23,0.130811334547
03/10/2023,FEU,Z24,24,0.12139367318
03/10/2023,FEU,Z14,24,0.12139367318
03/10/2023,FEU,Z24,3,0.040028588674
03/10/2023,FEU,Z14,3,0.040028588674
03/10/2023,FEU,Z24,4,0.041303295712
03/10/2023,FEU,Z14,4,0.041303295712
03/10/2023,FEU,Z24,5,0.042412502193
03/10/2023,FEU,Z14,5,0.042412502193
03/10/2023,FEU,Z24,6,0.053328209117
03/10/2023,FEU,Z14,6,0.053328209117
03/10/2023,FEU,Z24,7,0.091247533737
03/10/2023,FEU,Z14,7,0.091247533737
03/10/2023,FEU,Z24,8,0.106966855357
03/10/2023,FEU,Z14,8,0.106966855357
03/10/2023,FEU,Z24,9,0.142545681167
03/10/2023,FEU,Z14,9,0.142545681167
03/11/2023,FEU,Z24,1,0.070343859256
03/11/2023,FEU,Z14,1,0.070343859256
03/11/2023,FEU,Z24,10,0.053830399167
03/11/2023,FEU,Z14,10,0.053830399167
03/11/2023,FEU,Z24,11,0.042653726496
03/11/2023,FEU,Z14,11,0.042653726496
03/11/2023,FEU,Z24,12,0.030838885977
03/11/2023,FEU,Z14,12,0.030838885977
03/11/2023,FEU,Z24,13,0.030199540015
03/11/2023,FEU,Z14,13,0.030199540015
03/11/2023,FEU,Z24,14,0.029319799534
03/11/2023,FEU,Z14,14,0.029319799534
03/11/2023,FEU,Z24,15,0.025871056053
03/11/2023,FEU,Z14,15,0.025871056053
03/11/2023,FEU,Z24,16,0.026448245205
03/11/2023,FEU,Z14,16,0.026448245205
03/11/2023,FEU,Z24,17,0.028024569838
03/11/2023,FEU,Z14,17,0.028024569838
03/11/2023,FEU,Z24,18,0.043598542471
03/11/2023,FEU,Z14,18,0.043598542471
03/11/2023,FEU,Z24,19,0.073843471104
03/11/2023,FEU,Z14,19,0.073843471104
03/11/2023,FEU,Z24,2,0.061624771927
03/11/2023,FEU,Z14,2,0.061624771927
03/11/2023,FEU,Z24,20,0.102412182142
03/11/2023,FEU,Z14,20,0.102412182142
03/11/2023,FEU,Z24,21,0.140435706142
03/11/2023,FEU,Z14,21,0.140435706142
03/11/2023,FEU,Z24,22,0.141567436699
03/11/2023,FEU,Z14,22,0.141567436699
03/11/2023,FEU,Z24,23,0.124236260775
03/11/2023,FEU,Z14,23,0.124236260775
03/11/2023,FEU,Z24,24,0.11253124837
03/11/2023,FEU,Z14,24,0.11253124837
03/11/2023,FEU,Z24,3,0.060504880079
03/11/2023,FEU,Z14,3,0.060504880079
03/11/2023,FEU,Z24,4,0.063974216674
03/11/2023,FEU,Z14,4,0.063974216674
03/11/2023,FEU,Z24,5,0.050286679231
03/11/2023,FEU,Z14,5,0.050286679231
03/11/2023,FEU,Z24,6,0.050401538674
03/11/2023,FEU,Z14,6,0.050401538674
03/11/2023,FEU,Z24,7,0.050161001041
03/11/2023,FEU,Z14,7,0.050161001041
03/11/2023,FEU,Z24,8,0.067655713813
03/11/2023,FEU,Z14,8,0.067655713813
03/11/2023,FEU,Z24,9,0.067565650952
03/11/2023,FEU,Z14,9,0.067565650952
03/12/2023,FEU,Z24,1,0.139362151408
03/12/2023,FEU,Z14,1,0.139362151408
03/12/2023,FEU,Z24,10,0.108744189167
03/12/2023,FEU,Z14,10,0.108744189167
03/12/2023,FEU,Z24,11,0.094548502053
03/12/2023,FEU,Z14,11,0.094548502053
03/12/2023,FEU,Z24,12,0.089969056053
03/12/2023,FEU,Z14,12,0.089969056053
03/12/2023,FEU,Z24,13,0.090927082648
03/12/2023,FEU,Z14,13,0.090927082648
03/12/2023,FEU,Z24,14,0.090272245091
03/12/2023,FEU,Z14,14,0.090272245091
03/12/2023,FEU,Z24,15,0.090781658648
03/12/2023,FEU,Z14,15,0.090781658648
03/12/2023,FEU,Z24,16,0.0920884228
03/12/2023,FEU,Z14,16,0.0920884228
03/12/2023,FEU,Z24,17,0.097133090395
03/12/2023,FEU,Z14,17,0.097133090395
03/12/2023,FEU,Z24,18,0.117666818433
03/12/2023,FEU,Z14,18,0.117666818433
03/12/2023,FEU,Z24,19,0.172123855395
03/12/2023,FEU,Z14,19,0.172123855395
03/12/2023,FEU,Z24,2,0.140438258041
03/12/2023,FEU,Z14,2,0.140438258041
03/12/2023,FEU,Z24,20,0.187561774433
03/12/2023,FEU,Z14,20,0.187561774433
03/12/2023,FEU,Z24,21,0.175309096876
03/12/2023,FEU,Z14,21,0.175309096876
03/12/2023,FEU,Z24,22,0.161494502509
03/12/2023,FEU,Z14,22,0.161494502509
03/12/2023,FEU,Z24,23,0.137691983104
03/12/2023,FEU,Z14,23,0.137691983104
03/12/2023,FEU,Z24,24,0.124622135775
03/12/2023,FEU,Z14,24,0.124622135775
03/12/2023,FEU,Z24,3,0.136272945193
03/12/2023,FEU,Z14,3,0.136272945193
03/12/2023,FEU,Z24,4,0.145363336421
03/12/2023,FEU,Z14,4,0.145363336421
03/12/2023,FEU,Z24,5,0.128698892902
03/12/2023,FEU,Z14,5,0.128698892902
03/12/2023,FEU,Z24,6,0.134216896307
03/12/2023,FEU,Z14,6,0.134216896307
03/12/2023,FEU,Z24,7,0.146325012193
03/12/2023,FEU,Z14,7,0.146325012193
03/12/2023,FEU,Z24,8,0.142791155965
03/12/2023,FEU,Z14,8,0.142791155965
03/12/2023,FEU,Z24,9,0.137532652066
03/12/2023,FEU,Z14,9,0.137532652066
03/13/2023,FEU,Z24,1,0.090649267889
03/13/2023,FEU,Z14,1,0.090649267889
03/13/2023,FEU,Z24,10,0.113971527787
03/13/2023,FEU,Z14,10,0.113971527787
03/13/2023,FEU,Z24,11,0.095192822192
03/13/2023,FEU,Z14,11,0.140897288268
03/13/2023,FEU,Z24,12,0.125423623306
03/13/2023,FEU,Z14,12,0.125423623306
03/13/2023,FEU,Z24,13,0.103339509825
03/13/2023,FEU,Z14,13,0.103339509825
03/13/2023,FEU,Z24,14,0.101859138787
03/13/2023,FEU,Z14,14,0.101859138787
03/13/2023,FEU,Z24,15,0.096364144977
03/13/2023,FEU,Z14,15,0.050802477901
03/13/2023,FEU,Z24,16,0.052282941534
03/13/2023,FEU,Z14,16,0.052282941534
03/13/2023,FEU,Z24,17,0.054784950053
03/13/2023,FEU,Z14,17,0.054784950053
03/13/2023,FEU,Z24,18,0.05555210761
03/13/2023,FEU,Z14,18,0.05555210761
03/13/2023,FEU,Z24,19,0.087080181534
03/13/2023,FEU,Z14,19,0.13277126761
03/13/2023,FEU,Z24,2,0.080674209117
03/13/2023,FEU,Z14,2,0.080674209117
03/13/2023,FEU,Z24,20,0.154569714648
03/13/2023,FEU,Z14,20,0.154569714648
03/13/2023,FEU,Z24,21,0.178337002648
03/13/2023,FEU,Z14,21,0.178337002648
03/13/2023,FEU,Z24,22,0.159224859762
03/13/2023,FEU,Z14,22,0.159224859762
03/13/2023,FEU,Z24,23,0.136218012142
03/13/2023,FEU,Z14,23,0.090443907547
03/13/2023,FEU,Z24,24,0.080292145661
03/13/2023,FEU,Z14,24,0.080292145661
03/13/2023,FEU,Z24,3,0.087582583193
03/13/2023,FEU,Z14,3,0.087582583193
03/13/2023,FEU,Z24,4,0.08315439875
03/13/2023,FEU,Z14,4,0.08315439875
03/13/2023,FEU,Z24,5,0.077993246231
03/13/2023,FEU,Z14,5,0.077993246231
03/13/2023,FEU,Z24,6,0.08392444356
03/13/2023,FEU,Z14,6,0.08392444356
03/13/2023,FEU,Z24,7,0.097536955699
03/13/2023,FEU,Z14,7,0.097536955699
03/13/2023,FEU,Z24,8,0.136663889281
03/13/2023,FEU,Z14,8,0.136663889281
03/13/2023,FEU,Z24,9,0.165119980015
03/13/2023,FEU,Z14,9,0.165119980015
03/14/2023,FEU,Z24,1,0.037839460775
03/14/2023,FEU,Z14,1,0.037839460775
03/14/2023,FEU,Z24,10,0.11410996723
03/14/2023,FEU,Z14,10,0.11410996723
03/14/2023,FEU,Z24,11,0.086843392597
03/14/2023,FEU,Z14,11,0.132515607673
03/14/2023,FEU,Z24,12,0.132251223154
03/14/2023,FEU,Z14,12,0.132251223154
03/14/2023,FEU,Z24,13,0.129838509673
03/14/2023,FEU,Z14,13,0.129838509673
03/14/2023,FEU,Z24,14,0.127267739154
03/14/2023,FEU,Z14,14,0.127267739154
03/14/2023,FEU,Z24,15,0.127169009382
03/14/2023,FEU,Z14,15,0.081460659787
03/14/2023,FEU,Z24,16,0.071209788901
03/14/2023,FEU,Z14,16,0.071209788901
03/14/2023,FEU,Z24,17,0.087220838977
03/14/2023,FEU,Z14,17,0.087220838977
03/14/2023,FEU,Z24,18,0.094497425534
03/14/2023,FEU,Z14,18,0.094497425534
03/14/2023,FEU,Z24,19,0.149627247382
03/14/2023,FEU,Z14,19,0.195628491977
03/14/2023,FEU,Z24,2,0.031229396446
03/14/2023,FEU,Z14,2,0.031229396446
03/14/2023,FEU,Z24,20,0.292516657534
03/14/2023,FEU,Z14,20,0.292516657534
03/14/2023,FEU,Z24,21,0.30430024761
03/14/2023,FEU,Z14,21,0.30430024761
03/14/2023,FEU,Z24,22,0.277801087167
03/14/2023,FEU,Z14,22,0.277801087167
03/14/2023,FEU,Z24,23,0.275186243509
03/14/2023,FEU,Z14,23,0.228844397914
03/14/2023,FEU,Z24,24,0.221878522547
03/14/2023,FEU,Z14,24,0.221878522547
03/14/2023,FEU,Z24,3,0.03302740356
03/14/2023,FEU,Z14,3,0.03302740356
03/14/2023,FEU,Z24,4,0.033731328598
03/14/2023,FEU,Z14,4,0.033731328598
03/14/2023,FEU,Z24,5,0.036188726079
03/14/2023,FEU,Z14,5,0.036188726079
03/14/2023,FEU,Z24,6,0.045674600446
03/14/2023,FEU,Z14,6,0.045674600446
03/14/2023,FEU,Z24,7,0.087530420066
03/14/2023,FEU,Z14,7,0.087530420066
03/14/2023,FEU,Z24,8,0.138414965205
03/14/2023,FEU,Z14,8,0.138414965205
03/14/2023,FEU,Z24,9,0.166011100015
03/14/2023,FEU,Z14,9,0.166011100015
03/15/2023,FEU,Z24,1,0.18082837318
03/15/2023,FEU,Z14,1,0.18082837318
03/15/2023,FEU,Z24,10,0.198615572268
03/15/2023,FEU,Z14,10,0.198615572268
03/15/2023,FEU,Z24,11,0.182131141154
03/15/2023,FEU,Z14,11,0.22813360723
03/15/2023,FEU,Z24,12,0.219701396268
03/15/2023,FEU,Z14,12,0.219701396268
03/15/2023,FEU,Z24,13,0.215755879306
03/15/2023,FEU,Z14,13,0.215755879306
03/15/2023,FEU,Z24,14,0.214277112787
03/15/2023,FEU,Z14,14,0.214277112787
03/15/2023,FEU,Z24,15,0.214364845977
03/15/2023,FEU,Z14,15,0.168403011901
03/15/2023,FEU,Z24,16,0.176987283534
03/15/2023,FEU,Z14,16,0.176987283534
03/15/2023,FEU,Z24,17,0.18053185761
03/15/2023,FEU,Z14,17,0.18053185761
03/15/2023,FEU,Z24,18,0.200573258648
03/15/2023,FEU,Z14,18,0.200573258648
03/15/2023,FEU,Z24,19,0.210343135015
03/15/2023,FEU,Z14,19,0.25660266761
03/15/2023,FEU,Z24,2,0.171459529332
03/15/2023,FEU,Z14,2,0.171459529332
03/15/2023,FEU,Z24,20,0.316341994648
03/15/2023,FEU,Z14,20,0.316341994648
03/15/2023,FEU,Z24,21,0.297344219686
03/15/2023,FEU,Z14,21,0.297344219686
03/15/2023,FEU,Z24,22,0.263637811243
03/15/2023,FEU,Z14,22,0.263637811243
03/15/2023,FEU,Z24,23,0.257684995585
03/15/2023,FEU,Z14,23,0.21141430799
03/15/2023,FEU,Z24,24,0.198723360142
03/15/2023,FEU,Z14,24,0.198723360142
03/15/2023,FEU,Z24,3,0.170770587003
03/15/2023,FEU,Z14,3,0.170770587003
03/15/2023,FEU,Z24,4,0.168685890446
03/15/2023,FEU,Z14,4,0.168685890446
03/15/2023,FEU,Z24,5,0.168936392446
03/15/2023,FEU,Z14,5,0.168936392446
03/15/2023,FEU,Z24,6,0.18013696837
03/15/2023,FEU,Z14,6,0.18013696837
03/15/2023,FEU,Z24,7,0.192151870585
03/15/2023,FEU,Z14,7,0.192151870585
03/15/2023,FEU,Z24,8,0.214933410281
03/15/2023,FEU,Z14,8,0.214933410281
03/15/2023,FEU,Z24,9,0.21495141761
03/15/2023,FEU,Z14,9,0.21495141761
03/16/2023,FEU,Z24,1,0.160891954294
03/16/2023,FEU,Z14,1,0.160891954294
03/16/2023,FEU,Z24,10,0.161659423306
03/16/2023,FEU,Z14,10,0.161659423306
03/16/2023,FEU,Z24,11,0.121413123673
03/16/2023,FEU,Z14,11,0.167207925749
03/16/2023,FEU,Z24,12,0.158077638749
03/16/2023,FEU,Z14,12,0.158077638749
03/16/2023,FEU,Z24,13,0.148339263787
03/16/2023,FEU,Z14,13,0.148339263787
03/16/2023,FEU,Z24,14,0.136571052749
03/16/2023,FEU,Z14,14,0.136571052749
03/16/2023,FEU,Z24,15,0.125044796977
03/16/2023,FEU,Z14,15,0.079384974901
03/16/2023,FEU,Z24,16,0.079326113534
03/16/2023,FEU,Z14,16,0.079326113534
03/16/2023,FEU,Z24,17,0.102819974167
03/16/2023,FEU,Z14,17,0.102819974167
03/16/2023,FEU,Z24,18,0.133519405319
03/16/2023,FEU,Z14,18,0.133519405319
03/16/2023,FEU,Z24,19,0.167527757686
03/16/2023,FEU,Z14,19,0.213610342281
03/16/2023,FEU,Z24,2,0.151060569484
03/16/2023,FEU,Z14,2,0.151060569484
03/16/2023,FEU,Z24,20,0.231756617319
03/16/2023,FEU,Z14,20,0.231756617319
03/16/2023,FEU,Z24,21,0.229619435838
03/16/2023,FEU,Z14,21,0.229619435838
03/16/2023,FEU,Z24,22,0.212535224876
03/16/2023,FEU,Z14,22,0.212535224876
03/16/2023,FEU,Z24,23,0.214665484699
03/16/2023,FEU,Z14,23,0.168569279104
03/16/2023,FEU,Z24,24,0.156022124218
03/16/2023,FEU,Z14,24,0.156022124218
03/16/2023,FEU,Z24,3,0.149987496598
03/16/2023,FEU,Z14,3,0.149987496598
03/16/2023,FEU,Z24,4,0.146497274117
03/16/2023,FEU,Z14,4,0.146497274117
03/16/2023,FEU,Z24,5,0.144035832598
03/16/2023,FEU,Z14,5,0.144035832598
03/16/2023,FEU,Z24,6,0.147480450965
03/16/2023,FEU,Z14,6,0.147480450965
03/16/2023,FEU,Z24,7,0.162960933661
03/16/2023,FEU,Z14,7,0.162960933661
03/16/2023,FEU,Z24,8,0.176376611838
03/16/2023,FEU,Z14,8,0.176376611838
03/16/2023,FEU,Z24,9,0.178682178648
03/16/2023,FEU,Z14,9,0.178682178648
03/17/2023,FEU,Z24,1,0.121068508889
03/17/2023,FEU,Z14,1,0.121068508889
03/17/2023,FEU,Z24,10,0.134760530344
03/17/2023,FEU,Z14,10,0.134760530344
03/17/2023,FEU,Z24,11,0.108427914673
03/17/2023,FEU,Z14,11,0.154178208749
03/17/2023,FEU,Z24,12,0.148011012711
03/17/2023,FEU,Z14,12,0.148011012711
03/17/2023,FEU,Z24,13,0.128132167711
03/17/2023,FEU,Z14,13,0.128132167711
03/17/2023,FEU,Z24,14,0.124642702711
03/17/2023,FEU,Z14,14,0.124642702711
03/17/2023,FEU,Z24,15,0.123050659939
03/17/2023,FEU,Z14,15,0.077399101863
03/17/2023,FEU,Z24,16,0.077696505977
03/17/2023,FEU,Z14,16,0.077696505977
03/17/2023,FEU,Z24,17,0.082802898053
03/17/2023,FEU,Z14,17,0.082802898053
03/17/2023,FEU,Z24,18,0.105306175129
03/17/2023,FEU,Z14,18,0.105306175129
03/17/2023,FEU,Z24,19,0.115819240015
03/17/2023,FEU,Z14,19,0.16168112761
03/17/2023,FEU,Z24,2,0.118019025079
03/17/2023,FEU,Z14,2,0.118019025079
03/17/2023,FEU,Z24,20,0.199469225205
03/17/2023,FEU,Z14,20,0.199469225205
03/17/2023,FEU,Z24,21,0.242112083762
03/17/2023,FEU,Z14,21,0.242112083762
03/17/2023,FEU,Z24,22,0.227202213838
03/17/2023,FEU,Z14,22,0.227202213838
03/17/2023,FEU,Z24,23,0.225522664661
03/17/2023,FEU,Z14,23,0.179257341547
03/17/2023,FEU,Z24,24,0.16275045318
03/17/2023,FEU,Z14,24,0.16275045318
03/17/2023,FEU,Z24,3,0.116748546674
03/17/2023,FEU,Z14,3,0.116748546674
03/17/2023,FEU,Z24,4,0.110735775712
03/17/2023,FEU,Z14,4,0.110735775712
03/17/2023,FEU,Z24,5,0.112434046193
03/17/2023,FEU,Z14,5,0.112434046193
03/17/2023,FEU,Z24,6,0.121295449117
03/17/2023,FEU,Z14,6,0.121295449117
03/17/2023,FEU,Z24,7,0.126956687737
03/17/2023,FEU,Z14,7,0.126956687737
03/17/2023,FEU,Z24,8,0.140980477357
03/17/2023,FEU,Z14,8,0.140980477357
03/17/2023,FEU,Z24,9,0.166224345167
03/17/2023,FEU,Z14,9,0.166224345167
03/18/2023,FEU,Z24,1,0.155415531256
03/18/2023,FEU,Z14,1,0.155415531256
03/18/2023,FEU,Z24,10,0.141228386167
03/18/2023,FEU,Z14,10,0.141228386167
03/18/2023,FEU,Z24,11,0.124500094496
03/18/2023,FEU,Z14,11,0.124500094496
03/18/2023,FEU,Z24,12,0.122055283977
03/18/2023,FEU,Z14,12,0.122055283977
03/18/2023,FEU,Z24,13,0.122437570015
03/18/2023,FEU,Z14,13,0.122437570015
03/18/2023,FEU,Z24,14,0.117781167534
03/18/2023,FEU,Z14,14,0.117781167534
03/18/2023,FEU,Z24,15,0.123879272053
03/18/2023,FEU,Z14,15,0.123879272053
03/18/2023,FEU,Z24,16,0.107818185205
03/18/2023,FEU,Z14,16,0.107818185205
03/18/2023,FEU,Z24,17,0.116569899838
03/18/2023,FEU,Z14,17,0.116569899838
03/18/2023,FEU,Z24,18,0.140281063471
03/18/2023,FEU,Z14,18,0.140281063471
03/18/2023,FEU,Z24,19,0.157876367104
03/18/2023,FEU,Z14,19,0.157876367104
03/18/2023,FEU,Z24,2,0.150852049927
03/18/2023,FEU,Z14,2,0.150852049927
03/18/2023,FEU,Z24,20,0.171894210142
03/18/2023,FEU,Z14,20,0.171894210142
03/18/2023,FEU,Z24,21,0.190974180142
03/18/2023,FEU,Z14,21,0.190974180142
03/18/2023,FEU,Z24,22,0.178011844699
03/18/2023,FEU,Z14,22,0.178011844699
03/18/2023,FEU,Z24,23,0.175089685775
03/18/2023,FEU,Z14,23,0.175089685775
03/18/2023,FEU,Z24,24,0.16209286837
03/18/2023,FEU,Z14,24,0.16209286837
03/18/2023,FEU,Z24,3,0.145787641079
03/18/2023,FEU,Z14,3,0.145787641079
03/18/2023,FEU,Z24,4,0.143325726674
03/18/2023,FEU,Z14,4,0.143325726674
03/18/2023,FEU,Z24,5,0.145540415231
03/18/2023,FEU,Z14,5,0.145540415231
03/18/2023,FEU,Z24,6,0.147917236674
03/18/2023,FEU,Z14,6,0.147917236674
03/18/2023,FEU,Z24,7,0.149909174041
03/18/2023,FEU,Z14,7,0.149909174041
03/18/2023,FEU,Z24,8,0.150530974813
03/18/2023,FEU,Z14,8,0.150530974813
03/18/2023,FEU,Z24,9,0.146520530952
03/18/2023,FEU,Z14,9,0.146520530952
03/19/2023,FEU,Z24,1,0.156247943408
03/19/2023,FEU,Z14,1,0.156247943408
03/19/2023,FEU,Z24,10,0.113565102167
03/19/2023,FEU,Z14,10,0.113565102167
03/19/2023,FEU,Z24,11,0.103995835053
03/19/2023,FEU,Z14,11,0.103995835053
03/19/2023,FEU,Z24,12,0.102212961053
03/19/2023,FEU,Z14,12,0.102212961053
03/19/2023,FEU,Z24,13,0.104239338648
03/19/2023,FEU,Z14,13,0.104239338648
03/19/2023,FEU,Z24,14,0.107593597091
03/19/2023,FEU,Z14,14,0.107593597091
03/19/2023,FEU,Z24,15,0.108147906648
03/19/2023,FEU,Z14,15,0.108147906648
03/19/2023,FEU,Z24,16,0.0863872228
03/19/2023,FEU,Z14,16,0.0863872228
03/19/2023,FEU,Z24,17,0.098783940395
03/19/2023,FEU,Z14,17,0.098783940395
03/19/2023,FEU,Z24,18,0.111711480433
03/19/2023,FEU,Z14,18,0.111711480433
03/19/2023,FEU,Z24,19,0.149051720395
03/19/2023,FEU,Z14,19,0.149051720395
03/19/2023,FEU,Z24,2,0.154224611041
03/19/2023,FEU,Z14,2,0.154224611041
03/19/2023,FEU,Z24,20,0.201237084433
03/19/2023,FEU,Z14,20,0.201237084433
03/19/2023,FEU,Z24,21,0.191235608876
03/19/2023,FEU,Z14,21,0.191235608876
03/19/2023,FEU,Z24,22,0.180956483509
03/19/2023,FEU,Z14,22,0.180956483509
03/19/2023,FEU,Z24,23,0.179184335104
03/19/2023,FEU,Z14,23,0.179184335104
03/19/2023,FEU,Z24,24,0.177539685775
03/19/2023,FEU,Z14,24,0.177539685775
03/19/2023,FEU,Z24,3,0.149806636193
03/19/2023,FEU,Z14,3,0.149806636193
03/19/2023,FEU,Z24,4,0.151281895421
03/19/2023,FEU,Z14,4,0.151281895421
03/19/2023,FEU,Z24,5,0.150691248902
03/19/2023,FEU,Z14,5,0.150691248902
03/19/2023,FEU,Z24,6,0.155383825307
03/19/2023,FEU,Z14,6,0.155383825307
03/19/2023,FEU,Z24,7,0.150249321193
03/19/2023,FEU,Z14,7,0.150249321193
03/19/2023,FEU,Z24,8,0.150777900965
03/19/2023,FEU,Z14,8,0.150777900965
03/19/2023,FEU,Z24,9,0.146394852066
03/19/2023,FEU,Z14,9,0.146394852066
03/20/2023,FEU,Z24,1,0.172557545889
03/20/2023,FEU,Z14,1,0.172557545889
03/20/2023,FEU,Z24,10,0.188828868787
03/20/2023,FEU,Z14,10,0.188828868787
03/20/2023,FEU,Z24,11,0.178730518192
03/20/2023,FEU,Z14,11,0.224722244268
03/20/2023,FEU,Z24,12,0.213789429306
03/20/2023,FEU,Z14,12,0.213789429306
03/20/2023,FEU,Z24,13,0.208720559825
03/20/2023,FEU,Z14,13,0.208720559825
03/20/2023,FEU,Z24,14,0.208084845787
03/20/2023,FEU,Z14,14,0.208084845787
03/20/2023,FEU,Z24,15,0.206245916977
03/20/2023,FEU,Z14,15,0.160311534901
03/20/2023,FEU,Z24,16,0.162743423534
03/20/2023,FEU,Z14,16,0.162743423534
03/20/2023,FEU,Z24,17,0.175858950053
03/20/2023,FEU,Z14,17,0.175858950053
03/20/2023,FEU,Z24,18,0.19323034761
03/20/2023,FEU,Z14,18,0.19323034761
03/20/2023,FEU,Z24,19,0.200394179534
03/20/2023,FEU,Z14,19,0.24646743761
03/20/2023,FEU,Z24,2,0.165109956117
03/20/2023,FEU,Z14,2,0.165109956117
03/20/2023,FEU,Z24,20,0.283644242648
03/20/2023,FEU,Z14,20,0.283644242648
03/20/2023,FEU,Z24,21,0.268008778648
03/20/2023,FEU,Z14,21,0.268008778648
03/20/2023,FEU,Z24,22,0.249189867762
03/20/2023,FEU,Z14,22,0.249189867762
03/20/2023,FEU,Z24,23,0.242473896142
03/20/2023,FEU,Z14,23,0.196264814547
03/20/2023,FEU,Z24,24,0.185608869661
03/20/2023,FEU,Z14,24,0.185608869661
03/20/2023,FEU,Z24,3,0.164352891193
03/20/2023,FEU,Z14,3,0.164352891193
03/20/2023,FEU,Z24,4,0.16246939875
03/20/2023,FEU,Z14,4,0.16246939875
03/20/2023,FEU,Z24,5,0.162391923231
03/20/2023,FEU,Z14,5,0.162391923231
03/20/2023,FEU,Z24,6,0.16832008356
03/20/2023,FEU,Z14,6,0.16832008356
03/20/2023,FEU,Z24,7,0.185102191699
03/20/2023,FEU,Z14,7,0.185102191699
03/20/2023,FEU,Z24,8,0.195347745281
03/20/2023,FEU,Z14,8,0.195347745281
03/20/2023,FEU,Z24,9,0.209356030015
03/20/2023,FEU,Z14,9,0.209356030015
03/21/2023,FEU,Z24,1,0.166545310775
03/21/2023,FEU,Z14,1,0.166545310775
03/21/2023,FEU,Z24,10,0.19074730723
03/21/2023,FEU,Z14,10,0.19074730723
03/21/2023,FEU,Z24,11,0.176033862597
03/21/2023,FEU,Z14,11,0.222012837673
03/21/2023,FEU,Z24,12,0.213043363154
03/21/2023,FEU,Z14,12,0.213043363154
03/21/2023,FEU,Z24,13,0.208507146673
03/21/2023,FEU,Z14,13,0.208507146673
03/21/2023,FEU,Z24,14,0.205928431154
03/21/2023,FEU,Z14,14,0.205928431154
03/21/2023,FEU,Z24,15,0.206483749382
03/21/2023,FEU,Z14,15,0.160438749787
03/21/2023,FEU,Z24,16,0.161138013901
03/21/2023,FEU,Z14,16,0.161138013901
03/21/2023,FEU,Z24,17,0.165947122977
03/21/2023,FEU,Z14,17,0.165947122977
03/21/2023,FEU,Z24,18,0.178179213534
03/21/2023,FEU,Z14,18,0.178179213534
03/21/2023,FEU,Z24,19,0.199295261382
03/21/2023,FEU,Z14,19,0.245506137977
03/21/2023,FEU,Z24,2,0.159239620446
03/21/2023,FEU,Z14,2,0.159239620446
03/21/2023,FEU,Z24,20,0.258695495534
03/21/2023,FEU,Z14,20,0.258695495534
03/21/2023,FEU,Z24,21,0.25131192761
03/21/2023,FEU,Z14,21,0.25131192761
03/21/2023,FEU,Z24,22,0.249108244167
03/21/2023,FEU,Z14,22,0.249108244167
03/21/2023,FEU,Z24,23,0.245864300509
03/21/2023,FEU,Z14,23,0.199643519914
03/21/2023,FEU,Z24,24,0.193986800547
03/21/2023,FEU,Z14,24,0.193986800547
03/21/2023,FEU,Z24,3,0.15991040356
03/21/2023,FEU,Z14,3,0.15991040356
03/21/2023,FEU,Z24,4,0.157968588598
03/21/2023,FEU,Z14,4,0.157968588598
03/21/2023,FEU,Z24,5,0.159281034079
03/21/2023,FEU,Z14,5,0.159281034079
03/21/2023,FEU,Z24,6,0.166580686446
03/21/2023,FEU,Z14,6,0.166580686446
03/21/2023,FEU,Z24,7,0.175949682066
03/21/2023,FEU,Z14,7,0.175949682066
03/21/2023,FEU,Z24,8,0.191103710205
03/21/2023,FEU,Z14,8,0.191103710205
03/21/2023,FEU,Z24,9,0.205218010015
03/21/2023,FEU,Z14,9,0.205218010015
03/22/2023,FEU,Z24,1,0.15084321318
03/22/2023,FEU,Z14,1,0.15084321318
03/22/2023,FEU,Z24,10,0.160826776268
03/22/2023,FEU,Z14,10,0.160826776268
03/22/2023,FEU,Z24,11,0.129597011154
03/22/2023,FEU,Z14,11,0.17541808723
03/22/2023,FEU,Z24,12,0.171726748268
03/22/2023,FEU,Z14,12,0.171726748268
03/22/2023,FEU,Z24,13,0.164588263306
03/22/2023,FEU,Z14,13,0.164588263306
03/22/2023,FEU,Z24,14,0.160545501787
03/22/2023,FEU,Z14,14,0.160545501787
03/22/2023,FEU,Z24,15,0.171295364977
03/22/2023,FEU,Z14,15,0.125480337901
03/22/2023,FEU,Z24,16,0.127765911534
03/22/2023,FEU,Z14,16,0.127765911534
03/22/2023,FEU,Z24,17,0.13369345761
03/22/2023,FEU,Z14,17,0.13369345761
03/22/2023,FEU,Z24,18,0.166072010648
03/22/2023,FEU,Z14,18,0.166072010648
03/22/2023,FEU,Z24,19,0.187245115015
03/22/2023,FEU,Z14,19,0.23340718761
03/22/2023,FEU,Z24,2,0.142198745332
03/22/2023,FEU,Z14,2,0.142198745332
03/22/2023,FEU,Z24,20,0.256753914648
03/22/2023,FEU,Z14,20,0.256753914648
03/22/2023,FEU,Z24,21,0.238976723686
03/22/2023,FEU,Z14,21,0.238976723686
03/22/2023,FEU,Z24,22,0.237352888243
03/22/2023,FEU,Z14,22,0.237352888243
03/22/2023,FEU,Z24,23,0.234766450585
03/22/2023,FEU,Z14,23,0.18859007799
03/22/2023,FEU,Z24,24,0.180682344142
03/22/2023,FEU,Z14,24,0.180682344142
03/22/2023,FEU,Z24,3,0.149773749003
03/22/2023,FEU,Z14,3,0.149773749003
03/22/2023,FEU,Z24,4,0.158989118446
03/22/2023,FEU,Z14,4,0.158989118446
03/22/2023,FEU,Z24,5,0.159740624446
03/22/2023,FEU,Z14,5,0.159740624446
03/22/2023,FEU,Z24,6,0.16280503837
03/22/2023,FEU,Z14,6,0.16280503837
03/22/2023,FEU,Z24,7,0.162695410585
03/22/2023,FEU,Z14,7,0.162695410585
03/22/2023,FEU,Z24,8,0.166194060281
03/22/2023,FEU,Z14,8,0.166194060281
03/22/2023,FEU,Z24,9,0.18569050761
03/22/2023,FEU,Z14,9,0.18569050761
03/23/2023,FEU,Z24,1,0.142856268294
03/23/2023,FEU,Z14,1,0.142856268294
03/23/2023,FEU,Z24,10,0.148454271306
03/23/2023,FEU,Z14,10,0.148454271306
03/23/2023,FEU,Z24,11,0.117859608673
03/23/2023,FEU,Z14,11,0.163641059749
03/23/2023,FEU,Z24,12,0.148697928749
03/23/2023,FEU,Z14,12,0.148697928749
03/23/2023,FEU,Z24,13,0.143420874787
03/23/2023,FEU,Z14,13,0.143420874787
03/23/2023,FEU,Z24,14,0.140993919749
03/23/2023,FEU,Z14,14,0.140993919749
03/23/2023,FEU,Z24,15,0.157364356977
03/23/2023,FEU,Z14,15,0.111595254901
03/23/2023,FEU,Z24,16,0.113618117534
03/23/2023,FEU,Z14,16,0.113618117534
03/23/2023,FEU,Z24,17,0.119266672167
03/23/2023,FEU,Z14,17,0.119266672167
03/23/2023,FEU,Z24,18,0.129203011319
03/23/2023,FEU,Z14,18,0.129203011319
03/23/2023,FEU,Z24,19,0.170266793686
03/23/2023,FEU,Z14,19,0.216362047281
03/23/2023,FEU,Z24,2,0.130895229484
03/23/2023,FEU,Z14,2,0.130895229484
03/23/2023,FEU,Z24,20,0.227099139319
03/23/2023,FEU,Z14,20,0.227099139319
03/23/2023,FEU,Z24,21,0.235512841838
03/23/2023,FEU,Z14,21,0.235512841838
03/23/2023,FEU,Z24,22,0.224317568876
03/23/2023,FEU,Z14,22,0.224317568876
03/23/2023,FEU,Z24,23,0.216859621699
03/23/2023,FEU,Z14,23,0.170754431104
03/23/2023,FEU,Z24,24,0.163962680218
03/23/2023,FEU,Z14,24,0.163962680218
03/23/2023,FEU,Z24,3,0.124189914598
03/23/2023,FEU,Z14,3,0.124189914598
03/23/2023,FEU,Z24,4,0.125775221117
03/23/2023,FEU,Z14,4,0.125775221117
03/23/2023,FEU,Z24,5,0.125651748598
03/23/2023,FEU,Z14,5,0.125651748598
03/23/2023,FEU,Z24,6,0.136734715965
03/23/2023,FEU,Z14,6,0.136734715965
03/23/2023,FEU,Z24,7,0.146192369661
03/23/2023,FEU,Z14,7,0.146192369661
03/23/2023,FEU,Z24,8,0.153569863838
03/23/2023,FEU,Z14,8,0.153569863838
03/23/2023,FEU,Z24,9,0.173320562648
03/23/2023,FEU,Z14,9,0.173320562648
03/24/2023,FEU,Z24,1,0.094311492889
03/24/2023,FEU,Z14,1,0.094311492889
03/24/2023,FEU,Z24,10,0.120458018344
03/24/2023,FEU,Z14,10,0.120458018344
03/24/2023,FEU,Z24,11,0.099696420673
03/24/2023,FEU,Z14,11,0.145416786749
03/24/2023,FEU,Z24,12,0.130564856711
03/24/2023,FEU,Z14,12,0.130564856711
03/24/2023,FEU,Z24,13,0.126185782711
03/24/2023,FEU,Z14,13,0.126185782711
03/24/2023,FEU,Z24,14,0.115729077711
03/24/2023,FEU,Z14,14,0.115729077711
03/24/2023,FEU,Z24,15,0.105569497939
03/24/2023,FEU,Z14,15,0.059977147863
03/24/2023,FEU,Z24,16,0.060017753977
03/24/2023,FEU,Z14,16,0.060017753977
03/24/2023,FEU,Z24,17,0.083670595053
03/24/2023,FEU,Z14,17,0.083670595053
03/24/2023,FEU,Z24,18,0.100373053129
03/24/2023,FEU,Z14,18,0.100373053129
03/24/2023,FEU,Z24,19,0.140891470015
03/24/2023,FEU,Z14,19,0.18685795761
03/24/2023,FEU,Z24,2,0.084442529079
03/24/2023,FEU,Z14,2,0.084442529079
03/24/2023,FEU,Z24,20,0.228549550205
03/24/2023,FEU,Z14,20,0.228549550205
03/24/2023,FEU,Z24,21,0.223551469762
03/24/2023,FEU,Z14,21,0.223551469762
03/24/2023,FEU,Z24,22,0.225567493838
03/24/2023,FEU,Z14,22,0.225567493838
03/24/2023,FEU,Z24,23,0.218047756661
03/24/2023,FEU,Z14,23,0.171819225547
03/24/2023,FEU,Z24,24,0.16756823318
03/24/2023,FEU,Z14,24,0.16756823318
03/24/2023,FEU,Z24,3,0.082783832674
03/24/2023,FEU,Z14,3,0.082783832674
03/24/2023,FEU,Z24,4,0.084482847712
03/24/2023,FEU,Z14,4,0.084482847712
03/24/2023,FEU,Z24,5,0.080532045193
03/24/2023,FEU,Z14,5,0.080532045193
03/24/2023,FEU,Z24,6,0.085582816117
03/24/2023,FEU,Z14,6,0.085582816117
03/24/2023,FEU,Z24,7,0.105762097737
03/24/2023,FEU,Z14,7,0.105762097737
03/24/2023,FEU,Z24,8,0.122770666357
03/24/2023,FEU,Z14,8,0.122770666357
03/24/2023,FEU,Z24,9,0.143599100167
03/24/2023,FEU,Z14,9,0.143599100167
03/25/2023,FEU,Z24,1,0.087306051256
03/25/2023,FEU,Z14,1,0.087306051256
03/25/2023,FEU,Z24,10,0.068195312167
03/25/2023,FEU,Z14,10,0.068195312167
03/25/2023,FEU,Z24,11,0.052498686496
03/25/2023,FEU,Z14,11,0.052498686496
03/25/2023,FEU,Z24,12,0.054487055977
03/25/2023,FEU,Z14,12,0.054487055977
03/25/2023,FEU,Z24,13,0.031186645015
03/25/2023,FEU,Z14,13,0.031186645015
03/25/2023,FEU,Z24,14,0.030005307534
03/25/2023,FEU,Z14,14,0.030005307534
03/25/2023,FEU,Z24,15,0.028004095053
03/25/2023,FEU,Z14,15,0.028004095053
03/25/2023,FEU,Z24,16,0.027309840205
03/25/2023,FEU,Z14,16,0.027309840205
03/25/2023,FEU,Z24,17,0.033100615838
03/25/2023,FEU,Z14,17,0.033100615838
03/25/2023,FEU,Z24,18,0.039412984471
03/25/2023,FEU,Z14,18,0.039412984471
03/25/2023,FEU,Z24,19,0.079472335104
03/25/2023,FEU,Z14,19,0.079472335104
03/25/2023,FEU,Z24,2,0.088449919927
03/25/2023,FEU,Z14,2,0.088449919927
03/25/2023,FEU,Z24,20,0.084544122142
03/25/2023,FEU,Z14,20,0.084544122142
03/25/2023,FEU,Z24,21,0.108285378142
03/25/2023,FEU,Z14,21,0.108285378142
03/25/2023,FEU,Z24,22,0.099718882699
03/25/2023,FEU,Z14,22,0.099718882699
03/25/2023,FEU,Z24,23,0.088605910775
03/25/2023,FEU,Z14,23,0.088605910775
03/25/2023,FEU,Z24,24,0.07692889837
03/25/2023,FEU,Z14,24,0.07692889837
03/25/2023,FEU,Z24,3,0.089973666079
03/25/2023,FEU,Z14,3,0.089973666079
03/25/2023,FEU,Z24,4,0.098710204674
03/25/2023,FEU,Z14,4,0.098710204674
03/25/2023,FEU,Z24,5,0.096112489231
03/25/2023,FEU,Z14,5,0.096112489231
03/25/2023,FEU,Z24,6,0.098735124674
03/25/2023,FEU,Z14,6,0.098735124674
03/25/2023,FEU,Z24,7,0.094740221041
03/25/2023,FEU,Z14,7,0.094740221041
03/25/2023,FEU,Z24,8,0.108464506813
03/25/2023,FEU,Z14,8,0.108464506813
03/25/2023,FEU,Z24,9,0.093380610952
03/25/2023,FEU,Z14,9,0.093380610952
03/26/2023,FEU,Z24,1,0.086993527408
03/26/2023,FEU,Z14,1,0.086993527408
03/26/2023,FEU,Z24,10,0.031592879167
03/26/2023,FEU,Z14,10,0.031592879167
03/26/2023,FEU,Z24,11,0.028233186053
03/26/2023,FEU,Z14,11,0.028233186053
03/26/2023,FEU,Z24,12,0.027859281053
03/26/2023,FEU,Z14,12,0.027859281053
03/26/2023,FEU,Z24,13,0.027878626648
03/26/2023,FEU,Z14,13,0.027878626648
03/26/2023,FEU,Z24,14,0.028287297091
03/26/2023,FEU,Z14,14,0.028287297091
03/26/2023,FEU,Z24,15,0.029112346648
03/26/2023,FEU,Z14,15,0.029112346648
03/26/2023,FEU,Z24,16,0.0307612228
03/26/2023,FEU,Z14,16,0.0307612228
03/26/2023,FEU,Z24,17,0.031719665395
03/26/2023,FEU,Z14,17,0.031719665395
03/26/2023,FEU,Z24,18,0.032601079433
03/26/2023,FEU,Z14,18,0.032601079433
03/26/2023,FEU,Z24,19,0.044626420395
03/26/2023,FEU,Z14,19,0.044626420395
03/26/2023,FEU,Z24,2,0.076324964041
03/26/2023,FEU,Z14,2,0.076324964041
03/26/2023,FEU,Z24,20,0.109186436433
03/26/2023,FEU,Z14,20,0.109186436433
03/26/2023,FEU,Z24,21,0.143796804876
03/26/2023,FEU,Z14,21,0.143796804876
03/26/2023,FEU,Z24,22,0.139302927509
03/26/2023,FEU,Z14,22,0.139302927509
03/26/2023,FEU,Z24,23,0.116347535104
03/26/2023,FEU,Z14,23,0.116347535104
03/26/2023,FEU,Z24,3,0.072429039193
03/26/2023,FEU,Z14,3,0.072429039193
03/26/2023,FEU,Z24,4,0.076188840421
03/26/2023,FEU,Z14,4,0.076188840421
03/26/2023,FEU,Z24,5,0.073959538902
03/26/2023,FEU,Z14,5,0.073959538902
03/26/2023,FEU,Z24,6,0.075522617307
03/26/2023,FEU,Z14,6,0.075522617307
03/26/2023,FEU,Z24,7,0.069593361193
03/26/2023,FEU,Z14,7,0.069593361193
03/26/2023,FEU,Z24,8,0.071385925965
03/26/2023,FEU,Z14,8,0.071385925965
03/26/2023,FEU,Z24,9,0.056583132066
03/26/2023,FEU,Z14,9,0.056583132066
03/27/2023,FEU,Z24,1,0.141364005889
03/27/2023,FEU,Z14,1,0.141364005889
03/27/2023,FEU,Z24,10,0.186900456787
03/27/2023,FEU,Z14,10,0.186900456787
03/27/2023,FEU,Z24,11,0.156390182192
03/27/2023,FEU,Z14,11,0.202305400268
03/27/2023,FEU,Z24,12,0.174159885306
03/27/2023,FEU,Z14,12,0.174159885306
03/27/2023,FEU,Z24,13,0.173684409825
03/27/2023,FEU,Z14,13,0.173684409825
03/27/2023,FEU,Z24,14,0.172322421787
03/27/2023,FEU,Z14,14,0.172322421787
03/27/2023,FEU,Z24,15,0.172688938977
03/27/2023,FEU,Z14,15,0.126869199901
03/27/2023,FEU,Z24,16,0.105310187534
03/27/2023,FEU,Z14,16,0.105310187534
03/27/2023,FEU,Z24,17,0.105230076053
03/27/2023,FEU,Z14,17,0.105230076053
03/27/2023,FEU,Z24,18,0.12552648761
03/27/2023,FEU,Z14,18,0.12552648761
03/27/2023,FEU,Z24,19,0.163526183534
03/27/2023,FEU,Z14,19,0.20947390761
03/27/2023,FEU,Z24,2,0.141599854117
03/27/2023,FEU,Z14,2,0.141599854117
03/27/2023,FEU,Z24,20,0.239618914648
03/27/2023,FEU,Z14,20,0.239618914648
03/27/2023,FEU,Z24,21,0.312470378648
03/27/2023,FEU,Z14,21,0.312470378648
03/27/2023,FEU,Z24,22,0.283889937762
03/27/2023,FEU,Z14,22,0.283889937762
03/27/2023,FEU,Z24,23,0.261752400142
03/27/2023,FEU,Z14,23,0.215462965547
03/27/2023,FEU,Z24,24,0.203652507661
03/27/2023,FEU,Z14,24,0.203652507661
03/27/2023,FEU,Z24,3,0.136614623193
03/27/2023,FEU,Z14,3,0.136614623193
03/27/2023,FEU,Z24,4,0.13339564875
03/27/2023,FEU,Z14,4,0.13339564875
03/27/2023,FEU,Z24,5,0.134128302231
03/27/2023,FEU,Z14,5,0.134128302231
03/27/2023,FEU,Z24,6,0.14525732356
03/27/2023,FEU,Z14,6,0.14525732356
03/27/2023,FEU,Z24,7,0.158822608699
03/27/2023,FEU,Z14,7,0.158822608699
03/27/2023,FEU,Z24,8,0.186632214281
03/27/2023,FEU,Z14,8,0.186632214281
03/27/2023,FEU,Z24,9,0.223901905015
03/27/2023,FEU,Z14,9,0.223901905015
03/28/2023,FEU,Z24,1,0.177577660775
03/28/2023,FEU,Z14,1,0.177577660775
03/28/2023,FEU,Z24,10,0.18780124723
03/28/2023,FEU,Z14,10,0.18780124723
03/28/2023,FEU,Z24,11,0.178229606597
03/28/2023,FEU,Z14,11,0.224217300673
03/28/2023,FEU,Z24,12,0.208604401154
03/28/2023,FEU,Z14,12,0.208604401154
03/28/2023,FEU,Z24,13,0.194395782673
03/28/2023,FEU,Z14,13,0.194395782673
03/28/2023,FEU,Z24,14,0.184999897154
03/28/2023,FEU,Z14,14,0.184999897154
03/28/2023,FEU,Z24,15,0.178091593382
03/28/2023,FEU,Z14,15,0.132168276787
03/28/2023,FEU,Z24,16,0.129764823901
03/28/2023,FEU,Z14,16,0.129764823901
03/28/2023,FEU,Z24,17,0.130121150977
03/28/2023,FEU,Z14,17,0.130121150977
03/28/2023,FEU,Z24,18,0.134508321534
03/28/2023,FEU,Z14,18,0.134508321534
03/28/2023,FEU,Z24,19,0.151397781382
03/28/2023,FEU,Z14,19,0.197406540977
03/28/2023,FEU,Z24,2,0.167182878446
03/28/2023,FEU,Z14,2,0.167182878446
03/28/2023,FEU,Z24,20,0.241440381534
03/28/2023,FEU,Z14,20,0.241440381534
03/28/2023,FEU,Z24,21,0.27919481761
03/28/2023,FEU,Z14,21,0.27919481761
03/28/2023,FEU,Z24,22,0.254813170167
03/28/2023,FEU,Z14,22,0.254813170167
03/28/2023,FEU,Z24,23,0.242582490509
03/28/2023,FEU,Z14,23,0.196374053914
03/28/2023,FEU,Z24,24,0.181856800547
03/28/2023,FEU,Z14,24,0.181856800547
03/28/2023,FEU,Z24,3,0.16329684356
03/28/2023,FEU,Z14,3,0.16329684356
03/28/2023,FEU,Z24,4,0.160087440598
03/28/2023,FEU,Z14,4,0.160087440598
03/28/2023,FEU,Z24,5,0.153397453079
03/28/2023,FEU,Z14,5,0.153397453079
03/28/2023,FEU,Z24,6,0.162684948446
03/28/2023,FEU,Z14,6,0.162684948446
03/28/2023,FEU,Z24,7,0.175110808066
03/28/2023,FEU,Z14,7,0.175110808066
03/28/2023,FEU,Z24,8,0.192947595205
03/28/2023,FEU,Z14,8,0.192947595205
03/28/2023,FEU,Z24,9,0.225573940015
03/28/2023,FEU,Z14,9,0.225573940015
03/29/2023,FEU,Z24,1,0.14135527318
03/29/2023,FEU,Z14,1,0.14135527318
03/29/2023,FEU,Z24,10,0.161290888268
03/29/2023,FEU,Z14,10,0.161290888268
03/29/2023,FEU,Z24,11,0.104170049154
03/29/2023,FEU,Z14,11,0.14990389723
03/29/2023,FEU,Z24,12,0.144264444268
03/29/2023,FEU,Z14,12,0.144264444268
03/29/2023,FEU,Z24,13,0.127091877306
03/29/2023,FEU,Z14,13,0.127091877306
03/29/2023,FEU,Z24,14,0.126343167787
03/29/2023,FEU,Z14,14,0.126343167787
03/29/2023,FEU,Z24,15,0.106946079977
03/29/2023,FEU,Z14,15,0.061347453901
03/29/2023,FEU,Z24,16,0.053474871534
03/29/2023,FEU,Z14,16,0.053474871534
03/29/2023,FEU,Z24,17,0.05335298761
03/29/2023,FEU,Z14,17,0.05335298761
03/29/2023,FEU,Z24,18,0.057654842648
03/29/2023,FEU,Z14,18,0.057654842648
03/29/2023,FEU,Z24,19,0.070560535015
03/29/2023,FEU,Z14,19,0.11623145761
03/29/2023,FEU,Z24,2,0.135590877332
03/29/2023,FEU,Z14,2,0.135590877332
03/29/2023,FEU,Z24,20,0.156251626648
03/29/2023,FEU,Z14,20,0.156251626648
03/29/2023,FEU,Z24,21,0.209981627686
03/29/2023,FEU,Z14,21,0.209981627686
03/29/2023,FEU,Z24,22,0.216644788243
03/29/2023,FEU,Z14,22,0.216644788243
03/29/2023,FEU,Z24,23,0.211219750585
03/29/2023,FEU,Z14,23,0.16513906799
03/29/2023,FEU,Z24,24,0.160106670142
03/29/2023,FEU,Z14,24,0.160106670142
03/29/2023,FEU,Z24,3,0.137365402003
03/29/2023,FEU,Z14,3,0.137365402003
03/29/2023,FEU,Z24,4,0.146085180446
03/29/2023,FEU,Z14,4,0.146085180446
03/29/2023,FEU,Z24,5,0.144957304446
03/29/2023,FEU,Z14,5,0.144957304446
03/29/2023,FEU,Z24,6,0.14502292837
03/29/2023,FEU,Z14,6,0.14502292837
03/29/2023,FEU,Z24,7,0.143022130585
03/29/2023,FEU,Z14,7,0.143022130585
03/29/2023,FEU,Z24,8,0.150382847281
03/29/2023,FEU,Z14,8,0.150382847281
03/29/2023,FEU,Z24,9,0.18781703761
03/29/2023,FEU,Z14,9,0.18781703761
03/30/2023,FEU,Z24,1,0.069607672294
03/30/2023,FEU,Z14,1,0.069607672294
03/30/2023,FEU,Z24,10,0.107823305306
03/30/2023,FEU,Z14,10,0.107823305306
03/30/2023,FEU,Z24,11,0.084140310673
03/30/2023,FEU,Z14,11,0.129807356749
03/30/2023,FEU,Z24,12,0.129819066749
03/30/2023,FEU,Z14,12,0.129819066749
03/30/2023,FEU,Z24,13,0.109016784787
03/30/2023,FEU,Z14,13,0.109016784787
03/30/2023,FEU,Z24,14,0.098314482749
03/30/2023,FEU,Z14,14,0.098314482749
03/30/2023,FEU,Z24,15,0.096196158977
03/30/2023,FEU,Z14,15,0.050635059901
03/30/2023,FEU,Z24,16,0.045949701534
03/30/2023,FEU,Z14,16,0.045949701534
03/30/2023,FEU,Z24,17,0.045131266167
03/30/2023,FEU,Z14,17,0.045131266167
03/30/2023,FEU,Z24,18,0.051021514319
03/30/2023,FEU,Z14,18,0.051021514319
03/30/2023,FEU,Z24,19,0.057861245686
03/30/2023,FEU,Z14,19,0.103484590281
03/30/2023,FEU,Z24,2,0.068681169484
03/30/2023,FEU,Z14,2,0.068681169484
03/30/2023,FEU,Z24,20,0.134590913319
03/30/2023,FEU,Z14,20,0.134590913319
03/30/2023,FEU,Z24,21,0.144612793838
03/30/2023,FEU,Z14,21,0.144612793838
03/30/2023,FEU,Z24,22,0.144352704876
03/30/2023,FEU,Z14,22,0.144352704876
03/30/2023,FEU,Z24,23,0.131687545699
03/30/2023,FEU,Z14,23,0.085931135104
03/30/2023,FEU,Z24,24,0.088595830218
03/30/2023,FEU,Z14,24,0.088595830218
03/30/2023,FEU,Z24,3,0.070234950598
03/30/2023,FEU,Z14,3,0.070234950598
03/30/2023,FEU,Z24,4,0.073115526117
03/30/2023,FEU,Z14,4,0.073115526117
03/30/2023,FEU,Z24,5,0.073147440598
03/30/2023,FEU,Z14,5,0.073147440598
03/30/2023,FEU,Z24,6,0.072038005965
03/30/2023,FEU,Z14,6,0.072038005965
03/30/2023,FEU,Z24,7,0.080465108661
03/30/2023,FEU,Z14,7,0.080465108661
03/30/2023,FEU,Z24,8,0.108137869838
03/30/2023,FEU,Z14,8,0.108137869838
03/30/2023,FEU,Z24,9,0.151332930648
03/30/2023,FEU,Z14,9,0.151332930648
03/31/2023,FEU,Z24,1,0.058749950042
03/31/2023,FEU,Z14,1,0.058749950042
03/31/2023,FEU,Z24,10,0.073628126032
03/31/2023,FEU,Z14,10,0.073628126032
03/31/2023,FEU,Z24,11,0.065665140394
03/31/2023,FEU,Z14,11,0.111267690122
03/31/2023,FEU,Z24,12,0.099369697758
03/31/2023,FEU,Z14,12,0.099369697758
03/31/2023,FEU,Z24,13,0.097661788758
03/31/2023,FEU,Z14,13,0.097661788758
03/31/2023,FEU,Z24,14,0.097816096758
03/31/2023,FEU,Z14,14,0.097816096758
03/31/2023,FEU,Z24,15,0.095313295942
03/31/2023,FEU,Z14,15,0.049755683214
03/31/2023,FEU,Z24,16,0.048567098306
03/31/2023,FEU,Z14,16,0.048567098306
03/31/2023,FEU,Z24,17,0.048308278034
03/31/2023,FEU,Z14,17,0.048308278034
03/31/2023,FEU,Z24,18,0.052075219762
03/31/2023,FEU,Z14,18,0.052075219762
03/31/2023,FEU,Z24,19,0.06131595067
03/31/2023,FEU,Z14,19,0.10694786658
03/31/2023,FEU,Z24,2,0.049135660862
03/31/2023,FEU,Z14,2,0.049135660862
03/31/2023,FEU,Z24,20,0.11516993749
03/31/2023,FEU,Z14,20,0.11516993749
03/31/2023,FEU,Z24,21,0.130722838036
03/31/2023,FEU,Z14,21,0.130722838036
03/31/2023,FEU,Z24,22,0.133526342764
03/31/2023,FEU,Z14,22,0.133526342764
03/31/2023,FEU,Z24,23,0.130980270858
03/31/2023,FEU,Z14,23,0.085180291766
03/31/2023,FEU,Z24,24,0.08434308204
03/31/2023,FEU,Z14,24,0.08434308204
03/31/2023,FEU,Z24,3,0.049117738772
03/31/2023,FEU,Z14,3,0.049117738772
03/31/2023,FEU,Z24,4,0.048101979136
03/31/2023,FEU,Z14,4,0.048101979136
03/31/2023,FEU,Z24,5,0.045014570954
03/31/2023,FEU,Z14,5,0.045014570954
03/31/2023,FEU,Z24,6,0.048465174226
03/31/2023,FEU,Z14,6,0.048465174226
03/31/2023,FEU,Z24,7,0.044570103586
03/31/2023,FEU,Z14,7,0.044570103586
03/31/2023,FEU,Z24,8,0.053980314946
03/31/2023,FEU,Z14,8,0.053980314946
03/31/2023,FEU,Z24,9,0.084077542126
03/31/2023,FEU,Z14,9,0.084077542126
04/01/2023,FEU,Z24,1,0.120841634858
04/01/2023,FEU,Z14,1,0.120841634858
04/01/2023,FEU,Z24,10,0.091616295306
04/01/2023,FEU,Z14,10,0.091616295306
04/01/2023,FEU,Z24,11,0.070541500396
04/01/2023,FEU,Z14,11,0.070541500396
04/01/2023,FEU,Z24,12,0.052243814032
04/01/2023,FEU,Z14,12,0.052243814032
04/01/2023,FEU,Z24,13,0.04738223885
04/01/2023,FEU,Z14,13,0.04738223885
04/01/2023,FEU,Z24,14,0.045425813304
04/01/2023,FEU,Z14,14,0.045425813304
04/01/2023,FEU,Z24,15,0.039745834486
04/01/2023,FEU,Z14,15,0.039745834486
04/01/2023,FEU,Z24,16,0.032551439488
04/01/2023,FEU,Z14,16,0.032551439488
04/01/2023,FEU,Z24,17,0.033355731126
04/01/2023,FEU,Z14,17,0.033355731126
04/01/2023,FEU,Z24,18,0.03593016749
04/01/2023,FEU,Z14,18,0.03593016749
04/01/2023,FEU,Z24,19,0.036510766036
04/01/2023,FEU,Z14,19,0.036510766036
04/01/2023,FEU,Z24,2,0.100720953678
04/01/2023,FEU,Z14,2,0.100720953678
04/01/2023,FEU,Z24,20,0.051737355128
04/01/2023,FEU,Z14,20,0.051737355128
04/01/2023,FEU,Z24,21,0.06552894022
04/01/2023,FEU,Z14,21,0.06552894022
04/01/2023,FEU,Z24,22,0.079733305492
04/01/2023,FEU,Z14,22,0.079733305492
04/01/2023,FEU,Z24,23,0.066262137766
04/01/2023,FEU,Z14,23,0.066262137766
04/01/2023,FEU,Z24,24,0.063975832404
04/01/2023,FEU,Z14,24,0.063975832404
04/01/2023,FEU,Z24,3,0.08539905477
04/01/2023,FEU,Z14,3,0.08539905477
04/01/2023,FEU,Z24,4,0.077356878134
04/01/2023,FEU,Z14,4,0.077356878134
04/01/2023,FEU,Z24,5,0.074181076498
04/01/2023,FEU,Z14,5,0.074181076498
04/01/2023,FEU,Z24,6,0.07309262568
04/01/2023,FEU,Z14,6,0.07309262568
04/01/2023,FEU,Z24,7,0.076718232224
04/01/2023,FEU,Z14,7,0.076718232224
04/01/2023,FEU,Z24,8,0.094928488222
04/01/2023,FEU,Z14,8,0.094928488222
04/01/2023,FEU,Z24,9,0.104372781946
04/01/2023,FEU,Z14,9,0.104372781946
04/02/2023,FEU,Z24,1,0.053611272588
04/02/2023,FEU,Z14,1,0.053611272588
04/02/2023,FEU,Z24,10,0.054854784126
04/02/2023,FEU,Z14,10,0.054854784126
04/02/2023,FEU,Z24,11,0.034519983306
04/02/2023,FEU,Z14,11,0.034519983306
04/02/2023,FEU,Z24,12,0.03332657476
04/02/2023,FEU,Z14,12,0.03332657476
04/02/2023,FEU,Z24,13,0.02896647476
04/02/2023,FEU,Z14,13,0.02896647476
04/02/2023,FEU,Z24,14,0.027266750032
04/02/2023,FEU,Z14,14,0.027266750032
04/02/2023,FEU,Z24,15,0.027398462032
04/02/2023,FEU,Z14,15,0.027398462032
04/02/2023,FEU,Z24,16,0.028254371852
04/02/2023,FEU,Z14,16,0.028254371852
04/02/2023,FEU,Z24,17,0.030656776944
04/02/2023,FEU,Z14,17,0.030656776944
04/02/2023,FEU,Z24,18,0.035544957672
04/02/2023,FEU,Z14,18,0.035544957672
04/02/2023,FEU,Z24,19,0.0382848184
04/02/2023,FEU,Z14,19,0.0382848184
04/02/2023,FEU,Z24,2,0.054089774044
04/02/2023,FEU,Z14,2,0.054089774044
04/02/2023,FEU,Z24,20,0.053638662946
04/02/2023,FEU,Z14,20,0.053638662946
04/02/2023,FEU,Z24,21,0.069412075128
04/02/2023,FEU,Z14,21,0.069412075128
04/02/2023,FEU,Z24,22,0.080259330036
04/02/2023,FEU,Z14,22,0.080259330036
04/02/2023,FEU,Z24,23,0.07540050931
04/02/2023,FEU,Z14,23,0.07540050931
04/02/2023,FEU,Z24,24,0.066215812948
04/02/2023,FEU,Z14,24,0.066215812948
04/02/2023,FEU,Z24,3,0.055195560682
04/02/2023,FEU,Z14,3,0.055195560682
04/02/2023,FEU,Z24,4,0.055634579046
04/02/2023,FEU,Z14,4,0.055634579046
04/02/2023,FEU,Z24,5,0.057855075864
04/02/2023,FEU,Z14,5,0.057855075864
04/02/2023,FEU,Z24,6,0.0590114775
04/02/2023,FEU,Z14,6,0.0590114775
04/02/2023,FEU,Z24,7,0.058862869226
04/02/2023,FEU,Z14,7,0.058862869226
04/02/2023,FEU,Z24,8,0.058450817042
04/02/2023,FEU,Z14,8,0.058450817042
04/02/2023,FEU,Z24,9,0.056305930948
04/02/2023,FEU,Z14,9,0.056305930948
04/03/2023,FEU,Z24,1,0.094333846768
04/03/2023,FEU,Z14,1,0.094333846768
04/03/2023,FEU,Z24,10,0.119756636576
04/03/2023,FEU,Z14,10,0.119756636576
04/03/2023,FEU,Z24,11,0.10253829112
04/03/2023,FEU,Z14,11,0.148263599848
04/03/2023,FEU,Z24,12,0.124324041394
04/03/2023,FEU,Z14,12,0.124324041394
04/03/2023,FEU,Z24,13,0.122101966212
04/03/2023,FEU,Z14,13,0.122101966212
04/03/2023,FEU,Z24,14,0.122416881484
04/03/2023,FEU,Z14,14,0.122416881484
04/03/2023,FEU,Z24,15,0.123143236398
04/03/2023,FEU,Z14,15,0.07748527567
04/03/2023,FEU,Z24,16,0.077781763762
04/03/2023,FEU,Z14,16,0.077781763762
04/03/2023,FEU,Z24,17,0.078572049582
04/03/2023,FEU,Z14,17,0.078572049582
04/03/2023,FEU,Z24,18,0.08982216431
04/03/2023,FEU,Z14,18,0.08982216431
04/03/2023,FEU,Z24,19,0.10864211476
04/03/2023,FEU,Z14,19,0.154400687488
04/03/2023,FEU,Z24,2,0.091062240952
04/03/2023,FEU,Z14,2,0.091062240952
04/03/2023,FEU,Z24,20,0.206357284216
04/03/2023,FEU,Z14,20,0.206357284216
04/03/2023,FEU,Z24,21,0.287583400944
04/03/2023,FEU,Z14,21,0.287583400944
04/03/2023,FEU,Z24,22,0.281623857398
04/03/2023,FEU,Z14,22,0.281623857398
04/03/2023,FEU,Z24,23,0.226963078768
04/03/2023,FEU,Z14,23,0.180689241676
04/03/2023,FEU,Z24,24,0.159030344678
04/03/2023,FEU,Z14,24,0.159030344678
04/03/2023,FEU,Z24,3,0.09128342568
04/03/2023,FEU,Z14,3,0.09128342568
04/03/2023,FEU,Z24,4,0.094932283862
04/03/2023,FEU,Z14,4,0.094932283862
04/03/2023,FEU,Z24,5,0.09440574568
04/03/2023,FEU,Z14,5,0.09440574568
04/03/2023,FEU,Z24,6,0.093703816224
04/03/2023,FEU,Z14,6,0.093703816224
04/03/2023,FEU,Z24,7,0.096011996584
04/03/2023,FEU,Z14,7,0.096011996584
04/03/2023,FEU,Z24,8,0.142684565308
04/03/2023,FEU,Z14,8,0.142684565308
04/03/2023,FEU,Z24,9,0.191716889038
04/03/2023,FEU,Z14,9,0.191716889038
04/04/2023,FEU,Z24,1,0.133365297766
04/04/2023,FEU,Z14,1,0.133365297766
04/04/2023,FEU,Z24,10,0.115499276576
04/04/2023,FEU,Z14,10,0.115499276576
04/04/2023,FEU,Z24,11,0.084913583666
04/04/2023,FEU,Z14,11,0.130579161394
04/04/2023,FEU,Z24,12,0.12357318203
04/04/2023,FEU,Z14,12,0.12357318203
04/04/2023,FEU,Z24,13,0.110333978666
04/04/2023,FEU,Z14,13,0.110333978666
04/04/2023,FEU,Z24,14,0.109714802302
04/04/2023,FEU,Z14,14,0.109714802302
04/04/2023,FEU,Z24,15,0.11064340567
04/04/2023,FEU,Z14,15,0.065030684942
04/04/2023,FEU,Z24,16,0.059628707398
04/04/2023,FEU,Z14,16,0.059628707398
04/04/2023,FEU,Z24,17,0.05715283749
04/04/2023,FEU,Z14,17,0.05715283749
04/04/2023,FEU,Z24,18,0.062125604036
04/04/2023,FEU,Z14,18,0.062125604036
04/04/2023,FEU,Z24,19,0.070488535668
04/04/2023,FEU,Z14,19,0.116113082396
04/04/2023,FEU,Z24,2,0.107905604586
04/04/2023,FEU,Z14,2,0.107905604586
04/04/2023,FEU,Z24,20,0.140733775488
04/04/2023,FEU,Z14,20,0.140733775488
04/04/2023,FEU,Z24,21,0.215259471488
04/04/2023,FEU,Z14,21,0.215259471488
04/04/2023,FEU,Z24,22,0.211779291124
04/04/2023,FEU,Z14,22,0.211779291124
04/04/2023,FEU,Z24,23,0.200499987676
04/04/2023,FEU,Z14,23,0.154359428584
04/04/2023,FEU,Z24,24,0.156662040404
04/04/2023,FEU,Z14,24,0.156662040404
04/04/2023,FEU,Z24,3,0.128716119496
04/04/2023,FEU,Z14,3,0.128716119496
04/04/2023,FEU,Z24,4,0.12398828386
04/04/2023,FEU,Z14,4,0.12398828386
04/04/2023,FEU,Z24,5,0.10770554386
04/04/2023,FEU,Z14,5,0.10770554386
04/04/2023,FEU,Z24,6,0.107083030768
04/04/2023,FEU,Z14,6,0.107083030768
04/04/2023,FEU,Z24,7,0.11590537931
04/04/2023,FEU,Z14,7,0.11590537931
04/04/2023,FEU,Z24,8,0.128249406034
04/04/2023,FEU,Z14,8,0.128249406034
04/04/2023,FEU,Z24,9,0.153957421492
04/04/2023,FEU,Z14,9,0.153957421492
04/05/2023,FEU,Z24,1,0.109099337038
04/05/2023,FEU,Z14,1,0.109099337038
04/05/2023,FEU,Z24,10,0.186772117304
04/05/2023,FEU,Z14,10,0.186772117304
04/05/2023,FEU,Z24,11,0.170004348212
04/05/2023,FEU,Z14,11,0.21596521294
04/05/2023,FEU,Z24,12,0.194467093486
04/05/2023,FEU,Z14,12,0.194467093486
04/05/2023,FEU,Z24,13,0.175243525304
04/05/2023,FEU,Z14,13,0.175243525304
04/05/2023,FEU,Z24,14,0.164755132576
04/05/2023,FEU,Z14,14,0.164755132576
04/05/2023,FEU,Z24,15,0.160022941672
04/05/2023,FEU,Z14,15,0.114164431762
04/05/2023,FEU,Z24,16,0.0999852184
04/05/2023,FEU,Z14,16,0.0999852184
04/05/2023,FEU,Z24,17,0.100117019856
04/05/2023,FEU,Z14,17,0.100117019856
04/05/2023,FEU,Z24,18,0.116203602402
04/05/2023,FEU,Z14,18,0.116203602402
04/05/2023,FEU,Z24,19,0.136245141124
04/05/2023,FEU,Z14,19,0.182191655034
04/05/2023,FEU,Z24,2,0.153500781676
04/05/2023,FEU,Z14,2,0.153500781676
04/05/2023,FEU,Z24,20,0.240537232216
04/05/2023,FEU,Z14,20,0.240537232216
04/05/2023,FEU,Z24,21,0.286706476216
04/05/2023,FEU,Z14,21,0.286706476216
04/05/2023,FEU,Z24,22,0.285249369034
04/05/2023,FEU,Z14,22,0.285249369034
04/05/2023,FEU,Z24,23,0.274651692586
04/05/2023,FEU,Z14,23,0.228145400494
04/05/2023,FEU,Z24,24,0.204621956314
04/05/2023,FEU,Z14,24,0.204621956314
04/05/2023,FEU,Z24,3,0.161025934768
04/05/2023,FEU,Z14,3,0.161025934768
04/05/2023,FEU,Z24,4,0.162280599132
04/05/2023,FEU,Z14,4,0.162280599132
04/05/2023,FEU,Z24,5,0.163711341132
04/05/2023,FEU,Z14,5,0.163711341132
04/05/2023,FEU,Z24,6,0.167221456222
04/05/2023,FEU,Z14,6,0.167221456222
04/05/2023,FEU,Z24,7,0.166553245492
04/05/2023,FEU,Z14,7,0.166553245492
04/05/2023,FEU,Z24,8,0.180534779398
04/05/2023,FEU,Z14,8,0.180534779398
04/05/2023,FEU,Z24,9,0.209781675856
04/05/2023,FEU,Z14,9,0.209781675856
04/06/2023,FEU,Z24,1,0.183732696766
04/06/2023,FEU,Z14,1,0.183732696766
04/06/2023,FEU,Z24,10,0.185687990032
04/06/2023,FEU,Z14,10,0.185687990032
04/06/2023,FEU,Z24,11,0.119801139122
04/06/2023,FEU,Z14,11,0.16559178885
04/06/2023,FEU,Z24,12,0.153356209668
04/06/2023,FEU,Z14,12,0.153356209668
04/06/2023,FEU,Z24,13,0.140928537304
04/06/2023,FEU,Z14,13,0.140928537304
04/06/2023,FEU,Z24,14,0.140199909394
04/06/2023,FEU,Z14,14,0.140199909394
04/06/2023,FEU,Z24,15,0.141230752762
04/06/2023,FEU,Z14,15,0.095511707034
04/06/2023,FEU,Z24,16,0.081570369672
04/06/2023,FEU,Z14,16,0.081570369672
04/06/2023,FEU,Z24,17,0.079681470946
04/06/2023,FEU,Z14,17,0.079681470946
04/06/2023,FEU,Z24,18,0.084192733492
04/06/2023,FEU,Z14,18,0.084192733492
04/06/2023,FEU,Z24,19,0.109603526578
04/06/2023,FEU,Z14,19,0.155364688306
04/06/2023,FEU,Z24,2,0.172467436404
04/06/2023,FEU,Z14,2,0.172467436404
04/06/2023,FEU,Z24,20,0.247253499034
04/06/2023,FEU,Z14,20,0.247253499034
04/06/2023,FEU,Z24,21,0.24016717658
04/06/2023,FEU,Z14,21,0.24016717658
04/06/2023,FEU,Z24,22,0.246735967034
04/06/2023,FEU,Z14,22,0.246735967034
04/06/2023,FEU,Z24,23,0.244601570404
04/06/2023,FEU,Z14,23,0.198381231494
04/06/2023,FEU,Z24,24,0.193401567132
04/06/2023,FEU,Z14,24,0.193401567132
04/06/2023,FEU,Z24,3,0.169722068314
04/06/2023,FEU,Z14,3,0.169722068314
04/06/2023,FEU,Z24,4,0.16525970386
04/06/2023,FEU,Z14,4,0.16525970386
04/06/2023,FEU,Z24,5,0.165460424224
04/06/2023,FEU,Z14,5,0.165460424224
04/06/2023,FEU,Z24,6,0.177130341678
04/06/2023,FEU,Z14,6,0.177130341678
04/06/2023,FEU,Z24,7,0.161568988494
04/06/2023,FEU,Z14,7,0.161568988494
04/06/2023,FEU,Z24,8,0.143266112854
04/06/2023,FEU,Z14,8,0.143266112854
04/06/2023,FEU,Z24,9,0.165042602948
04/06/2023,FEU,Z14,9,0.165042602948
04/07/2023,FEU,Z24,1,0.16504602613
04/07/2023,FEU,Z14,1,0.16504602613
04/07/2023,FEU,Z24,10,0.159714153304
04/07/2023,FEU,Z14,10,0.159714153304
04/07/2023,FEU,Z24,11,0.123112300576
04/07/2023,FEU,Z14,11,0.168913553304
04/07/2023,FEU,Z24,12,0.133879700122
04/07/2023,FEU,Z14,12,0.133879700122
04/07/2023,FEU,Z24,13,0.127257157304
04/07/2023,FEU,Z14,13,0.127257157304
04/07/2023,FEU,Z24,14,0.121196096758
04/07/2023,FEU,Z14,14,0.121196096758
04/07/2023,FEU,Z24,15,0.11066956749
04/07/2023,FEU,Z14,15,0.06501815658
04/07/2023,FEU,Z24,16,0.064801936036
04/07/2023,FEU,Z14,16,0.064801936036
04/07/2023,FEU,Z24,17,0.066461895128
04/07/2023,FEU,Z14,17,0.066461895128
04/07/2023,FEU,Z24,18,0.072646106038
04/07/2023,FEU,Z14,18,0.072646106038
04/07/2023,FEU,Z24,19,0.093326263942
04/07/2023,FEU,Z14,19,0.13903482067
04/07/2023,FEU,Z24,2,0.161114062768
04/07/2023,FEU,Z14,2,0.161114062768
04/07/2023,FEU,Z24,20,0.231552689398
04/07/2023,FEU,Z14,20,0.231552689398
04/07/2023,FEU,Z24,21,0.259385363308
04/07/2023,FEU,Z14,21,0.259385363308
04/07/2023,FEU,Z24,22,0.258985373308
04/07/2023,FEU,Z14,22,0.258985373308
04/07/2023,FEU,Z24,23,0.26007176386
04/07/2023,FEU,Z14,23,0.21378709795
04/07/2023,FEU,Z24,24,0.20993297477
04/07/2023,FEU,Z14,24,0.20993297477
04/07/2023,FEU,Z24,3,0.164808267496
04/07/2023,FEU,Z14,3,0.164808267496
04/07/2023,FEU,Z24,4,0.16685747386
04/07/2023,FEU,Z14,4,0.16685747386
04/07/2023,FEU,Z24,5,0.16447250386
04/07/2023,FEU,Z14,5,0.16447250386
04/07/2023,FEU,Z24,6,0.165411617314
04/07/2023,FEU,Z14,6,0.165411617314
04/07/2023,FEU,Z24,7,0.184592228584
04/07/2023,FEU,Z14,7,0.184592228584
04/07/2023,FEU,Z24,8,0.191837456036
04/07/2023,FEU,Z14,8,0.191837456036
04/07/2023,FEU,Z24,9,0.217843104948
04/07/2023,FEU,Z14,9,0.217843104948
04/08/2023,FEU,Z24,1,0.175232195858
04/08/2023,FEU,Z14,1,0.175232195858
04/08/2023,FEU,Z24,10,0.159630514306
04/08/2023,FEU,Z14,10,0.159630514306
04/08/2023,FEU,Z24,11,0.080288272396
04/08/2023,FEU,Z14,11,0.080288272396
04/08/2023,FEU,Z24,12,0.070522382032
04/08/2023,FEU,Z14,12,0.070522382032
04/08/2023,FEU,Z24,13,0.06905746385
04/08/2023,FEU,Z14,13,0.06905746385
04/08/2023,FEU,Z24,14,0.067901257304
04/08/2023,FEU,Z14,14,0.067901257304
04/08/2023,FEU,Z24,15,0.061026400486
04/08/2023,FEU,Z14,15,0.061026400486
04/08/2023,FEU,Z24,16,0.056352207488
04/08/2023,FEU,Z14,16,0.056352207488
04/08/2023,FEU,Z24,17,0.045031622126
04/08/2023,FEU,Z14,17,0.045031622126
04/08/2023,FEU,Z24,18,0.05598465749
04/08/2023,FEU,Z14,18,0.05598465749
04/08/2023,FEU,Z24,19,0.073023410036
04/08/2023,FEU,Z14,19,0.073023410036
04/08/2023,FEU,Z24,2,0.166649429678
04/08/2023,FEU,Z14,2,0.166649429678
04/08/2023,FEU,Z24,20,0.153997891128
04/08/2023,FEU,Z14,20,0.153997891128
04/08/2023,FEU,Z24,21,0.18608729022
04/08/2023,FEU,Z14,21,0.18608729022
04/08/2023,FEU,Z24,22,0.182506213492
04/08/2023,FEU,Z14,22,0.182506213492
04/08/2023,FEU,Z24,23,0.181084717766
04/08/2023,FEU,Z14,23,0.181084717766
04/08/2023,FEU,Z24,24,0.172442996404
04/08/2023,FEU,Z14,24,0.172442996404
04/08/2023,FEU,Z24,3,0.16833794977
04/08/2023,FEU,Z14,3,0.16833794977
04/08/2023,FEU,Z24,4,0.163920901134
04/08/2023,FEU,Z14,4,0.163920901134
04/08/2023,FEU,Z24,5,0.166885534498
04/08/2023,FEU,Z14,5,0.166885534498
04/08/2023,FEU,Z24,6,0.16786086568
04/08/2023,FEU,Z14,6,0.16786086568
04/08/2023,FEU,Z24,7,0.171663544224
04/08/2023,FEU,Z14,7,0.171663544224
04/08/2023,FEU,Z24,8,0.182221441222
04/08/2023,FEU,Z14,8,0.182221441222
04/08/2023,FEU,Z24,9,0.184624911946
04/08/2023,FEU,Z14,9,0.184624911946
04/09/2023,FEU,Z24,1,0.180731782588
04/09/2023,FEU,Z14,1,0.180731782588
04/09/2023,FEU,Z24,10,0.143027028126
04/09/2023,FEU,Z14,10,0.143027028126
04/09/2023,FEU,Z24,11,0.079643152306
04/09/2023,FEU,Z14,11,0.079643152306
04/09/2023,FEU,Z24,12,0.07030777476
04/09/2023,FEU,Z14,12,0.07030777476
04/09/2023,FEU,Z24,13,0.06125127476
04/09/2023,FEU,Z14,13,0.06125127476
04/09/2023,FEU,Z24,14,0.038131814032
04/09/2023,FEU,Z14,14,0.038131814032
04/09/2023,FEU,Z24,15,0.034263950032
04/09/2023,FEU,Z14,15,0.034263950032
04/09/2023,FEU,Z24,16,0.035599269852
04/09/2023,FEU,Z14,16,0.035599269852
04/09/2023,FEU,Z24,17,0.035824096944
04/09/2023,FEU,Z14,17,0.035824096944
04/09/2023,FEU,Z24,18,0.042648001672
04/09/2023,FEU,Z14,18,0.042648001672
04/09/2023,FEU,Z24,19,0.0453024184
04/09/2023,FEU,Z14,19,0.0453024184
04/09/2023,FEU,Z24,2,0.173473298044
04/09/2023,FEU,Z14,2,0.173473298044
04/09/2023,FEU,Z24,20,0.110455149946
04/09/2023,FEU,Z14,20,0.110455149946
04/09/2023,FEU,Z24,21,0.161100287128
04/09/2023,FEU,Z14,21,0.161100287128
04/09/2023,FEU,Z24,22,0.169397718036
04/09/2023,FEU,Z14,22,0.169397718036
04/09/2023,FEU,Z24,23,0.15732845931
04/09/2023,FEU,Z14,23,0.15732845931
04/09/2023,FEU,Z24,24,0.147930152948
04/09/2023,FEU,Z14,24,0.147930152948
04/09/2023,FEU,Z24,3,0.177463296682
04/09/2023,FEU,Z14,3,0.177463296682
04/09/2023,FEU,Z24,4,0.175846146046
04/09/2023,FEU,Z14,4,0.175846146046
04/09/2023,FEU,Z24,5,0.176241691864
04/09/2023,FEU,Z14,5,0.176241691864
04/09/2023,FEU,Z24,6,0.1756864775
04/09/2023,FEU,Z14,6,0.1756864775
04/09/2023,FEU,Z24,7,0.176474286226
04/09/2023,FEU,Z14,7,0.176474286226
04/09/2023,FEU,Z24,8,0.173677341042
04/09/2023,FEU,Z14,8,0.173677341042
04/09/2023,FEU,Z24,9,0.175339844948
04/09/2023,FEU,Z14,9,0.175339844948
04/10/2023,FEU,Z24,1,0.148997686768
04/10/2023,FEU,Z14,1,0.148997686768
04/10/2023,FEU,Z24,10,0.120812508576
04/10/2023,FEU,Z14,10,0.120812508576
04/10/2023,FEU,Z24,11,0.08686437112
04/10/2023,FEU,Z14,11,0.132534467848
04/10/2023,FEU,Z24,12,0.123411447394
04/10/2023,FEU,Z14,12,0.123411447394
04/10/2023,FEU,Z24,13,0.117141802212
04/10/2023,FEU,Z14,13,0.117141802212
04/10/2023,FEU,Z24,14,0.100898965484
04/10/2023,FEU,Z14,14,0.100898965484
04/10/2023,FEU,Z24,15,0.101741236398
04/10/2023,FEU,Z14,15,0.05615527567
04/10/2023,FEU,Z24,16,0.055618444762
04/10/2023,FEU,Z14,16,0.055618444762
04/10/2023,FEU,Z24,17,0.056832748582
04/10/2023,FEU,Z14,17,0.056832748582
04/10/2023,FEU,Z24,18,0.08047618431
04/10/2023,FEU,Z14,18,0.08047618431
04/10/2023,FEU,Z24,19,0.09476885476
04/10/2023,FEU,Z14,19,0.140481583488
04/10/2023,FEU,Z24,2,0.137163804952
04/10/2023,FEU,Z14,2,0.137163804952
04/10/2023,FEU,Z24,20,0.171464536216
04/10/2023,FEU,Z14,20,0.171464536216
04/10/2023,FEU,Z24,21,0.192079168944
04/10/2023,FEU,Z14,21,0.192079168944
04/10/2023,FEU,Z24,22,0.190753343398
04/10/2023,FEU,Z14,22,0.190753343398
04/10/2023,FEU,Z24,23,0.201538150768
04/10/2023,FEU,Z14,23,0.155390163676
04/10/2023,FEU,Z24,24,0.131044785678
04/10/2023,FEU,Z14,24,0.131044785678
04/10/2023,FEU,Z24,3,0.13428662568
04/10/2023,FEU,Z14,3,0.13428662568
04/10/2023,FEU,Z24,4,0.128609300862
04/10/2023,FEU,Z14,4,0.128609300862
04/10/2023,FEU,Z24,5,0.13027026568
04/10/2023,FEU,Z14,5,0.13027026568
04/10/2023,FEU,Z24,6,0.130326248224
04/10/2023,FEU,Z14,6,0.130326248224
04/10/2023,FEU,Z24,7,0.133590056584
04/10/2023,FEU,Z14,7,0.133590056584
04/10/2023,FEU,Z24,8,0.125326193308
04/10/2023,FEU,Z14,8,0.125326193308
04/10/2023,FEU,Z24,9,0.138963383038
04/10/2023,FEU,Z14,9,0.138963383038
04/11/2023,FEU,Z24,1,0.113427216766
04/11/2023,FEU,Z14,1,0.113427216766
04/11/2023,FEU,Z24,10,0.187406028576
04/11/2023,FEU,Z14,10,0.187406028576
04/11/2023,FEU,Z24,11,0.183939544666
04/11/2023,FEU,Z14,11,0.229945710394
04/11/2023,FEU,Z24,12,0.21372204703
04/11/2023,FEU,Z14,12,0.21372204703
04/11/2023,FEU,Z24,13,0.221226028666
04/11/2023,FEU,Z14,13,0.221226028666
04/11/2023,FEU,Z24,14,0.215348387302
04/11/2023,FEU,Z14,14,0.215348387302
04/11/2023,FEU,Z24,15,0.16832920567
04/11/2023,FEU,Z14,15,0.122521764942
04/11/2023,FEU,Z24,16,0.098195111398
04/11/2023,FEU,Z14,16,0.098195111398
04/11/2023,FEU,Z24,17,0.09317252749
04/11/2023,FEU,Z14,17,0.09317252749
04/11/2023,FEU,Z24,18,0.097676254036
04/11/2023,FEU,Z14,18,0.097676254036
04/11/2023,FEU,Z24,19,0.099856145668
04/11/2023,FEU,Z14,19,0.145580752396
04/11/2023,FEU,Z24,2,0.115801292586
04/11/2023,FEU,Z14,2,0.115801292586
04/11/2023,FEU,Z24,20,0.211425679488
04/11/2023,FEU,Z14,20,0.211425679488
04/11/2023,FEU,Z24,21,0.247522287488
04/11/2023,FEU,Z14,21,0.247522287488
04/11/2023,FEU,Z24,22,0.255663405124
04/11/2023,FEU,Z14,22,0.255663405124
04/11/2023,FEU,Z24,23,0.247019061676
04/11/2023,FEU,Z14,23,0.200649344584
04/11/2023,FEU,Z24,24,0.178447856404
04/11/2023,FEU,Z14,24,0.178447856404
04/11/2023,FEU,Z24,3,0.107572415496
04/11/2023,FEU,Z14,3,0.107572415496
04/11/2023,FEU,Z24,4,0.11769560386
04/11/2023,FEU,Z14,4,0.11769560386
04/11/2023,FEU,Z24,5,0.12504977386
04/11/2023,FEU,Z14,5,0.12504977386
04/11/2023,FEU,Z24,6,0.144014782768
04/11/2023,FEU,Z14,6,0.144014782768
04/11/2023,FEU,Z24,7,0.14691725931
04/11/2023,FEU,Z14,7,0.14691725931
04/11/2023,FEU,Z24,8,0.175402981034
04/11/2023,FEU,Z14,8,0.175402981034
04/11/2023,FEU,Z24,9,0.214685551492
04/11/2023,FEU,Z14,9,0.214685551492
04/12/2023,FEU,Z24,1,0.135390251038
04/12/2023,FEU,Z14,1,0.135390251038
04/12/2023,FEU,Z24,10,0.100115609304
04/12/2023,FEU,Z14,10,0.100115609304
04/12/2023,FEU,Z24,11,0.075943128212
04/12/2023,FEU,Z14,11,0.12158131294
04/12/2023,FEU,Z24,12,0.098126257486
04/12/2023,FEU,Z14,12,0.098126257486
04/12/2023,FEU,Z24,13,0.097771981304
04/12/2023,FEU,Z14,13,0.097771981304
04/12/2023,FEU,Z24,14,0.098920812576
04/12/2023,FEU,Z14,14,0.098920812576
04/12/2023,FEU,Z24,15,0.096810753672
04/12/2023,FEU,Z14,15,0.051216508762
04/12/2023,FEU,Z24,16,0.0519852184
04/12/2023,FEU,Z14,16,0.0519852184
04/12/2023,FEU,Z24,17,0.051896075856
04/12/2023,FEU,Z14,17,0.051896075856
04/12/2023,FEU,Z24,18,0.057497955402
04/12/2023,FEU,Z14,18,0.057497955402
04/12/2023,FEU,Z24,19,0.057093693124
04/12/2023,FEU,Z14,19,0.102704200034
04/12/2023,FEU,Z24,2,0.104348391676
04/12/2023,FEU,Z14,2,0.104348391676
04/12/2023,FEU,Z24,20,0.122195800216
04/12/2023,FEU,Z14,20,0.122195800216
04/12/2023,FEU,Z24,21,0.140480308216
04/12/2023,FEU,Z14,21,0.140480308216
04/12/2023,FEU,Z24,22,0.172779932034
04/12/2023,FEU,Z14,22,0.172779932034
04/12/2023,FEU,Z24,23,0.170914386586
04/12/2023,FEU,Z14,23,0.124915809494
04/12/2023,FEU,Z24,24,0.101142911314
04/12/2023,FEU,Z14,24,0.101142911314
04/12/2023,FEU,Z24,3,0.080516110768
04/12/2023,FEU,Z14,3,0.080516110768
04/12/2023,FEU,Z24,4,0.082322105132
04/12/2023,FEU,Z14,4,0.082322105132
04/12/2023,FEU,Z24,5,0.082981693132
04/12/2023,FEU,Z14,5,0.082981693132
04/12/2023,FEU,Z24,6,0.090391252222
04/12/2023,FEU,Z14,6,0.090391252222
04/12/2023,FEU,Z24,7,0.106633135492
04/12/2023,FEU,Z14,7,0.106633135492
04/12/2023,FEU,Z24,8,0.135110223398
04/12/2023,FEU,Z14,8,0.135110223398
04/12/2023,FEU,Z24,9,0.162577867856
04/12/2023,FEU,Z14,9,0.162577867856
04/13/2023,FEU,Z24,1,0.117454376766
04/13/2023,FEU,Z14,1,0.117454376766
04/13/2023,FEU,Z24,10,0.153691382032
04/13/2023,FEU,Z14,10,0.153691382032
04/13/2023,FEU,Z24,11,0.094847129122
04/13/2023,FEU,Z14,11,0.14055253885
04/13/2023,FEU,Z24,12,0.103273369668
04/13/2023,FEU,Z14,12,0.103273369668
04/13/2023,FEU,Z24,13,0.097153165304
04/13/2023,FEU,Z14,13,0.097153165304
04/13/2023,FEU,Z24,14,0.096279864394
04/13/2023,FEU,Z14,14,0.096279864394
04/13/2023,FEU,Z24,15,0.095416555762
04/13/2023,FEU,Z14,15,0.049851378034
04/13/2023,FEU,Z24,16,0.049563017672
04/13/2023,FEU,Z14,16,0.049563017672
04/13/2023,FEU,Z24,17,0.049576395946
04/13/2023,FEU,Z14,17,0.049576395946
04/13/2023,FEU,Z24,18,0.054819397492
04/13/2023,FEU,Z14,18,0.054819397492
04/13/2023,FEU,Z24,19,0.053239073578
04/13/2023,FEU,Z14,19,0.098809007306
04/13/2023,FEU,Z24,2,0.114741378404
04/13/2023,FEU,Z14,2,0.114741378404
04/13/2023,FEU,Z24,20,0.124974694034
04/13/2023,FEU,Z14,20,0.124974694034
04/13/2023,FEU,Z24,21,0.20822519658
04/13/2023,FEU,Z14,21,0.20822519658
04/13/2023,FEU,Z24,22,0.233636235034
04/13/2023,FEU,Z14,22,0.233636235034
04/13/2023,FEU,Z24,23,0.215931006404
04/13/2023,FEU,Z14,23,0.169827977494
04/13/2023,FEU,Z24,24,0.170113697132
04/13/2023,FEU,Z14,24,0.170113697132
04/13/2023,FEU,Z24,3,0.114786824314
04/13/2023,FEU,Z14,3,0.114786824314
04/13/2023,FEU,Z24,4,0.11650865386
04/13/2023,FEU,Z14,4,0.11650865386
04/13/2023,FEU,Z24,5,0.116768088224
04/13/2023,FEU,Z14,5,0.116768088224
04/13/2023,FEU,Z24,6,0.127832693678
04/13/2023,FEU,Z14,6,0.127832693678
04/13/2023,FEU,Z24,7,0.130940749494
04/13/2023,FEU,Z14,7,0.130940749494
04/13/2023,FEU,Z24,8,0.167034941854
04/13/2023,FEU,Z14,8,0.167034941854
04/13/2023,FEU,Z24,9,0.173719060948
04/13/2023,FEU,Z14,9,0.173719060948
04/14/2023,FEU,Z24,1,0.13139660113
04/14/2023,FEU,Z14,1,0.13139660113
04/14/2023,FEU,Z24,10,0.102042377304
04/14/2023,FEU,Z14,10,0.102042377304
04/14/2023,FEU,Z24,11,0.076700652576
04/14/2023,FEU,Z14,11,0.122342961304
04/14/2023,FEU,Z24,12,0.099427709122
04/14/2023,FEU,Z14,12,0.099427709122
04/14/2023,FEU,Z24,13,0.100139421304
04/14/2023,FEU,Z14,13,0.100139421304
04/14/2023,FEU,Z24,14,0.096510323758
04/14/2023,FEU,Z14,14,0.096510323758
04/14/2023,FEU,Z24,15,0.09395151749
04/14/2023,FEU,Z14,15,0.04837124658
04/14/2023,FEU,Z24,16,0.048698420036
04/14/2023,FEU,Z14,16,0.048698420036
04/14/2023,FEU,Z24,17,0.049117071128
04/14/2023,FEU,Z14,17,0.049117071128
04/14/2023,FEU,Z24,18,0.051902084038
04/14/2023,FEU,Z14,18,0.051902084038
04/14/2023,FEU,Z24,19,0.056494416942
04/14/2023,FEU,Z14,19,0.10207704067
04/14/2023,FEU,Z24,2,0.129152974768
04/14/2023,FEU,Z14,2,0.129152974768
04/14/2023,FEU,Z24,20,0.128743426398
04/14/2023,FEU,Z14,20,0.128743426398
04/14/2023,FEU,Z24,21,0.178483505308
04/14/2023,FEU,Z14,21,0.178483505308
04/14/2023,FEU,Z24,22,0.188072519308
04/14/2023,FEU,Z14,22,0.188072519308
04/14/2023,FEU,Z24,23,0.18216356386
04/14/2023,FEU,Z14,23,0.13619559795
04/14/2023,FEU,Z24,24,0.10235582977
04/14/2023,FEU,Z14,24,0.10235582977
04/14/2023,FEU,Z24,3,0.130025167496
04/14/2023,FEU,Z14,3,0.130025167496
04/14/2023,FEU,Z24,4,0.12574964386
04/14/2023,FEU,Z14,4,0.12574964386
04/14/2023,FEU,Z24,5,0.12226505386
04/14/2023,FEU,Z14,5,0.12226505386
04/14/2023,FEU,Z24,6,0.115373330314
04/14/2023,FEU,Z14,6,0.115373330314
04/14/2023,FEU,Z24,7,0.112438232584
04/14/2023,FEU,Z14,7,0.112438232584
04/14/2023,FEU,Z24,8,0.114326856036
04/14/2023,FEU,Z14,8,0.114326856036
04/14/2023,FEU,Z24,9,0.141280980948
04/14/2023,FEU,Z14,9,0.141280980948
04/15/2023,FEU,Z24,1,0.067044726858
04/15/2023,FEU,Z14,1,0.067044726858
04/15/2023,FEU,Z24,10,0.073193436306
04/15/2023,FEU,Z14,10,0.073193436306
04/15/2023,FEU,Z24,11,0.033048116396
04/15/2023,FEU,Z14,11,0.033048116396
04/15/2023,FEU,Z24,12,0.027697166032
04/15/2023,FEU,Z14,12,0.027697166032
04/15/2023,FEU,Z24,13,0.02601838885
04/15/2023,FEU,Z14,13,0.02601838885
04/15/2023,FEU,Z24,14,0.025757309304
04/15/2023,FEU,Z14,14,0.025757309304
04/15/2023,FEU,Z24,15,0.026419381486
04/15/2023,FEU,Z14,15,0.026419381486
04/15/2023,FEU,Z24,16,0.025050799488
04/15/2023,FEU,Z14,16,0.025050799488
04/15/2023,FEU,Z24,17,0.025096592126
04/15/2023,FEU,Z14,17,0.025096592126
04/15/2023,FEU,Z24,18,0.02728075749
04/15/2023,FEU,Z14,18,0.02728075749
04/15/2023,FEU,Z24,19,0.031123360036
04/15/2023,FEU,Z14,19,0.031123360036
04/15/2023,FEU,Z24,2,0.066508051678
04/15/2023,FEU,Z14,2,0.066508051678
04/15/2023,FEU,Z24,20,0.046176079128
04/15/2023,FEU,Z14,20,0.046176079128
04/15/2023,FEU,Z24,21,0.06449681022
04/15/2023,FEU,Z14,21,0.06449681022
04/15/2023,FEU,Z24,22,0.070624387492
04/15/2023,FEU,Z14,22,0.070624387492
04/15/2023,FEU,Z24,23,0.067604928766
04/15/2023,FEU,Z14,23,0.067604928766
04/15/2023,FEU,Z24,24,0.065167282404
04/15/2023,FEU,Z14,24,0.065167282404
04/15/2023,FEU,Z24,3,0.06590210977
04/15/2023,FEU,Z14,3,0.06590210977
04/15/2023,FEU,Z24,4,0.068514802134
04/15/2023,FEU,Z14,4,0.068514802134
04/15/2023,FEU,Z24,5,0.068394946498
04/15/2023,FEU,Z14,5,0.068394946498
04/15/2023,FEU,Z24,6,0.06927838568
04/15/2023,FEU,Z14,6,0.06927838568
04/15/2023,FEU,Z24,7,0.070114712224
04/15/2023,FEU,Z14,7,0.070114712224
04/15/2023,FEU,Z24,8,0.071946826222
04/15/2023,FEU,Z14,8,0.071946826222
04/15/2023,FEU,Z24,9,0.067538124946
04/15/2023,FEU,Z14,9,0.067538124946
04/16/2023,FEU,Z24,1,0.059587534588
04/16/2023,FEU,Z14,1,0.059587534588
04/16/2023,FEU,Z24,10,0.041713889126
04/16/2023,FEU,Z14,10,0.041713889126
04/16/2023,FEU,Z24,11,0.034412330306
04/16/2023,FEU,Z14,11,0.034412330306
04/16/2023,FEU,Z24,12,0.02973347476
04/16/2023,FEU,Z14,12,0.02973347476
04/16/2023,FEU,Z24,13,0.02978067476
04/16/2023,FEU,Z14,13,0.02978067476
04/16/2023,FEU,Z24,14,0.029475278032
04/16/2023,FEU,Z14,14,0.029475278032
04/16/2023,FEU,Z24,15,0.029213030032
04/16/2023,FEU,Z14,15,0.029213030032
04/16/2023,FEU,Z24,16,0.030457959852
04/16/2023,FEU,Z14,16,0.030457959852
04/16/2023,FEU,Z24,17,0.031346944944
04/16/2023,FEU,Z14,17,0.031346944944
04/16/2023,FEU,Z24,18,0.031732109672
04/16/2023,FEU,Z14,18,0.031732109672
04/16/2023,FEU,Z24,19,0.0324732184
04/16/2023,FEU,Z14,19,0.0324732184
04/16/2023,FEU,Z24,2,0.058502600044
04/16/2023,FEU,Z14,2,0.058502600044
04/16/2023,FEU,Z24,20,0.053199567946
04/16/2023,FEU,Z14,20,0.053199567946
04/16/2023,FEU,Z24,21,0.112866843128
04/16/2023,FEU,Z14,21,0.112866843128
04/16/2023,FEU,Z24,22,0.170176418036
04/16/2023,FEU,Z14,22,0.170176418036
04/16/2023,FEU,Z24,23,0.15223974431
04/16/2023,FEU,Z14,23,0.15223974431
04/16/2023,FEU,Z24,24,0.086649860948
04/16/2023,FEU,Z14,24,0.086649860948
04/16/2023,FEU,Z24,3,0.058496949682
04/16/2023,FEU,Z14,3,0.058496949682
04/16/2023,FEU,Z24,4,0.061664015046
04/16/2023,FEU,Z14,4,0.061664015046
04/16/2023,FEU,Z24,5,0.054092815864
04/16/2023,FEU,Z14,5,0.054092815864
04/16/2023,FEU,Z24,6,0.0592902275
04/16/2023,FEU,Z14,6,0.0592902275
04/16/2023,FEU,Z24,7,0.060465096226
04/16/2023,FEU,Z14,7,0.060465096226
04/16/2023,FEU,Z24,8,0.062324774042
04/16/2023,FEU,Z14,8,0.062324774042
04/16/2023,FEU,Z24,9,0.060250216948
04/16/2023,FEU,Z14,9,0.060250216948
04/17/2023,FEU,Z24,1,0.126642550768
04/17/2023,FEU,Z14,1,0.126642550768
04/17/2023,FEU,Z24,10,0.142488252576
04/17/2023,FEU,Z14,10,0.142488252576
04/17/2023,FEU,Z24,11,0.09619077112
04/17/2023,FEU,Z14,11,0.141894191848
04/17/2023,FEU,Z24,12,0.141278217394
04/17/2023,FEU,Z14,12,0.141278217394
04/17/2023,FEU,Z24,13,0.140698500212
04/17/2023,FEU,Z14,13,0.140698500212
04/17/2023,FEU,Z24,14,0.139664447484
04/17/2023,FEU,Z14,14,0.139664447484
04/17/2023,FEU,Z24,15,0.135370912398
04/17/2023,FEU,Z14,15,0.08967181567
04/17/2023,FEU,Z24,16,0.078640474762
04/17/2023,FEU,Z14,16,0.078640474762
04/17/2023,FEU,Z24,17,0.078791832582
04/17/2023,FEU,Z14,17,0.078791832582
04/17/2023,FEU,Z24,18,0.08144259431
04/17/2023,FEU,Z14,18,0.08144259431
04/17/2023,FEU,Z24,19,0.09775189476
04/17/2023,FEU,Z14,19,0.143474735488
04/17/2023,FEU,Z24,2,0.124214232952
04/17/2023,FEU,Z14,2,0.124214232952
04/17/2023,FEU,Z24,20,0.194018716216
04/17/2023,FEU,Z14,20,0.194018716216
04/17/2023,FEU,Z24,21,0.237277424944
04/17/2023,FEU,Z14,21,0.237277424944
04/17/2023,FEU,Z24,22,0.247957322398
04/17/2023,FEU,Z14,22,0.247957322398
04/17/2023,FEU,Z24,23,0.216276334768
04/17/2023,FEU,Z14,23,0.170054883676
04/17/2023,FEU,Z24,24,0.152567033678
04/17/2023,FEU,Z14,24,0.152567033678
04/17/2023,FEU,Z24,3,0.09620498568
04/17/2023,FEU,Z14,3,0.09620498568
04/17/2023,FEU,Z24,4,0.086591522862
04/17/2023,FEU,Z14,4,0.086591522862
04/17/2023,FEU,Z24,5,0.08634822568
04/17/2023,FEU,Z14,5,0.08634822568
04/17/2023,FEU,Z24,6,0.096130856224
04/17/2023,FEU,Z14,6,0.096130856224
04/17/2023,FEU,Z24,7,0.123758312584
04/17/2023,FEU,Z14,7,0.123758312584
04/17/2023,FEU,Z24,8,0.150538697308
04/17/2023,FEU,Z14,8,0.150538697308
04/17/2023,FEU,Z24,9,0.169059020038
04/17/2023,FEU,Z14,9,0.169059020038
04/18/2023,FEU,Z24,1,0.149805086766
04/18/2023,FEU,Z14,1,0.149805086766
04/18/2023,FEU,Z24,10,0.172299116576
04/18/2023,FEU,Z14,10,0.172299116576
04/18/2023,FEU,Z24,11,0.135318003666
04/18/2023,FEU,Z14,11,0.181156941394
04/18/2023,FEU,Z24,12,0.18442579203
04/18/2023,FEU,Z14,12,0.18442579203
04/18/2023,FEU,Z24,13,0.186205772666
04/18/2023,FEU,Z14,13,0.186205772666
04/18/2023,FEU,Z24,14,0.188133386302
04/18/2023,FEU,Z14,14,0.188133386302
04/18/2023,FEU,Z24,15,0.18875623567
04/18/2023,FEU,Z14,15,0.142881023942
04/18/2023,FEU,Z24,16,0.139997973398
04/18/2023,FEU,Z14,16,0.139997973398
04/18/2023,FEU,Z24,17,0.14028062249
04/18/2023,FEU,Z14,17,0.14028062249
04/18/2023,FEU,Z24,18,0.153270642036
04/18/2023,FEU,Z14,18,0.153270642036
04/18/2023,FEU,Z24,19,0.145731369668
04/18/2023,FEU,Z14,19,0.191612280396
04/18/2023,FEU,Z24,2,0.124107908586
04/18/2023,FEU,Z14,2,0.124107908586
04/18/2023,FEU,Z24,20,0.235490479488
04/18/2023,FEU,Z14,20,0.235490479488
04/18/2023,FEU,Z24,21,0.251416463488
04/18/2023,FEU,Z14,21,0.251416463488
04/18/2023,FEU,Z24,22,0.256119657124
04/18/2023,FEU,Z14,22,0.256119657124
04/18/2023,FEU,Z24,23,0.245770611676
04/18/2023,FEU,Z14,23,0.199405832584
04/18/2023,FEU,Z24,24,0.180333402404
04/18/2023,FEU,Z14,24,0.180333402404
04/18/2023,FEU,Z24,3,0.117820075496
04/18/2023,FEU,Z14,3,0.117820075496
04/18/2023,FEU,Z24,4,0.11976815386
04/18/2023,FEU,Z14,4,0.11976815386
04/18/2023,FEU,Z24,5,0.11976815386
04/18/2023,FEU,Z14,5,0.11976815386
04/18/2023,FEU,Z24,6,0.148749214768
04/18/2023,FEU,Z14,6,0.148749214768
04/18/2023,FEU,Z24,7,0.14246478431
04/18/2023,FEU,Z14,7,0.14246478431
04/18/2023,FEU,Z24,8,0.163461761034
04/18/2023,FEU,Z14,8,0.163461761034
04/18/2023,FEU,Z24,9,0.192108025492
04/18/2023,FEU,Z14,9,0.192108025492
04/19/2023,FEU,Z24,1,0.172531940038
04/19/2023,FEU,Z14,1,0.172531940038
04/19/2023,FEU,Z24,10,0.200300513304
04/19/2023,FEU,Z14,10,0.200300513304
04/19/2023,FEU,Z24,11,0.175816858212
04/19/2023,FEU,Z14,11,0.22179766294
04/19/2023,FEU,Z24,12,0.208936048486
04/19/2023,FEU,Z14,12,0.208936048486
04/19/2023,FEU,Z24,13,0.205013497304
04/19/2023,FEU,Z14,13,0.205013497304
04/19/2023,FEU,Z24,14,0.199108348576
04/19/2023,FEU,Z14,14,0.199108348576
04/19/2023,FEU,Z24,15,0.201548061672
04/19/2023,FEU,Z14,15,0.155517142762
04/19/2023,FEU,Z24,16,0.1556604184
04/19/2023,FEU,Z14,16,0.1556604184
04/19/2023,FEU,Z24,17,0.156408611856
04/19/2023,FEU,Z14,17,0.156408611856
04/19/2023,FEU,Z24,18,0.159984885402
04/19/2023,FEU,Z14,18,0.159984885402
04/19/2023,FEU,Z24,19,0.173049075124
04/19/2023,FEU,Z14,19,0.219151274034
04/19/2023,FEU,Z24,2,0.161130333676
04/19/2023,FEU,Z14,2,0.161130333676
04/19/2023,FEU,Z24,20,0.236594260216
04/19/2023,FEU,Z14,20,0.236594260216
04/19/2023,FEU,Z24,21,0.249933124216
04/19/2023,FEU,Z14,21,0.249933124216
04/19/2023,FEU,Z24,22,0.261015577034
04/19/2023,FEU,Z14,22,0.261015577034
04/19/2023,FEU,Z24,23,0.253196603586
04/19/2023,FEU,Z14,23,0.206795569494
04/19/2023,FEU,Z24,24,0.197733578314
04/19/2023,FEU,Z14,24,0.197733578314
04/19/2023,FEU,Z24,3,0.149407726768
04/19/2023,FEU,Z14,3,0.149407726768
04/19/2023,FEU,Z24,4,0.150667927132
04/19/2023,FEU,Z14,4,0.150667927132
04/19/2023,FEU,Z24,5,0.150779493132
04/19/2023,FEU,Z14,5,0.150779493132
04/19/2023,FEU,Z24,6,0.149718421222
04/19/2023,FEU,Z14,6,0.149718421222
04/19/2023,FEU,Z24,7,0.174720277492
04/19/2023,FEU,Z14,7,0.174720277492
04/19/2023,FEU,Z24,8,0.183068538398
04/19/2023,FEU,Z14,8,0.183068538398
04/19/2023,FEU,Z24,9,0.213939611856
04/19/2023,FEU,Z14,9,0.213939611856
04/20/2023,FEU,Z24,1,0.171110218766
04/20/2023,FEU,Z14,1,0.171110218766
04/20/2023,FEU,Z24,10,0.198379382032
04/20/2023,FEU,Z14,10,0.198379382032
04/20/2023,FEU,Z24,11,0.168649404122
04/20/2023,FEU,Z14,11,0.21460808885
04/20/2023,FEU,Z24,12,0.198253491668
04/20/2023,FEU,Z14,12,0.198253491668
04/20/2023,FEU,Z24,13,0.189236033304
04/20/2023,FEU,Z14,13,0.189236033304
04/20/2023,FEU,Z24,14,0.182579514394
04/20/2023,FEU,Z14,14,0.182579514394
04/20/2023,FEU,Z24,15,0.158920675762
04/20/2023,FEU,Z14,15,0.113142218034
04/20/2023,FEU,Z24,16,0.110359285672
04/20/2023,FEU,Z14,16,0.110359285672
04/20/2023,FEU,Z24,17,0.110153460946
04/20/2023,FEU,Z14,17,0.110153460946
04/20/2023,FEU,Z24,18,0.112879855492
04/20/2023,FEU,Z14,18,0.112879855492
04/20/2023,FEU,Z24,19,0.140078318578
04/20/2023,FEU,Z14,19,0.185942872306
04/20/2023,FEU,Z24,2,0.167529334404
04/20/2023,FEU,Z14,2,0.167529334404
04/20/2023,FEU,Z24,20,0.236251196034
04/20/2023,FEU,Z14,20,0.236251196034
04/20/2023,FEU,Z24,21,0.26487395658
04/20/2023,FEU,Z14,21,0.26487395658
04/20/2023,FEU,Z24,22,0.261822737034
04/20/2023,FEU,Z14,22,0.261822737034
04/20/2023,FEU,Z24,23,0.253831336404
04/20/2023,FEU,Z14,23,0.207573232494
04/20/2023,FEU,Z24,24,0.203183821132
04/20/2023,FEU,Z14,24,0.203183821132
04/20/2023,FEU,Z24,3,0.170706122314
04/20/2023,FEU,Z14,3,0.170706122314
04/20/2023,FEU,Z24,4,0.17260157386
04/20/2023,FEU,Z14,4,0.17260157386
04/20/2023,FEU,Z24,5,0.174641288224
04/20/2023,FEU,Z14,5,0.174641288224
04/20/2023,FEU,Z24,6,0.175670289678
04/20/2023,FEU,Z14,6,0.175670289678
04/20/2023,FEU,Z24,7,0.174220920494
04/20/2023,FEU,Z14,7,0.174220920494
04/20/2023,FEU,Z24,8,0.191012048854
04/20/2023,FEU,Z14,8,0.191012048854
04/20/2023,FEU,Z24,9,0.218939346948
04/20/2023,FEU,Z14,9,0.218939346948
04/21/2023,FEU,Z24,1,0.16641533113
04/21/2023,FEU,Z14,1,0.16641533113
04/21/2023,FEU,Z24,10,0.184285133304
04/21/2023,FEU,Z14,10,0.184285133304
04/21/2023,FEU,Z24,11,0.193654828576
04/21/2023,FEU,Z14,11,0.239697665304
04/21/2023,FEU,Z24,12,0.219024281122
04/21/2023,FEU,Z14,12,0.219024281122
04/21/2023,FEU,Z24,13,0.206108145304
04/21/2023,FEU,Z14,13,0.206108145304
04/21/2023,FEU,Z24,14,0.159588394758
04/21/2023,FEU,Z14,14,0.159588394758
04/21/2023,FEU,Z24,15,0.14268600749
04/21/2023,FEU,Z14,15,0.09690063658
04/21/2023,FEU,Z24,16,0.084054994036
04/21/2023,FEU,Z14,16,0.084054994036
04/21/2023,FEU,Z24,17,0.080079135128
04/21/2023,FEU,Z14,17,0.080079135128
04/21/2023,FEU,Z24,18,0.086785361038
04/21/2023,FEU,Z14,18,0.086785361038
04/21/2023,FEU,Z24,19,0.109129224942
04/21/2023,FEU,Z14,19,0.15489130567
04/21/2023,FEU,Z24,2,0.155757838768
04/21/2023,FEU,Z14,2,0.155757838768
04/21/2023,FEU,Z24,20,0.208412371398
04/21/2023,FEU,Z14,20,0.208412371398
04/21/2023,FEU,Z24,21,0.250523495308
04/21/2023,FEU,Z14,21,0.250523495308
04/21/2023,FEU,Z24,22,0.250923485308
04/21/2023,FEU,Z14,22,0.250923485308
04/21/2023,FEU,Z24,23,0.25412840386
04/21/2023,FEU,Z14,23,0.20786667295
04/21/2023,FEU,Z24,24,0.19632944977
04/21/2023,FEU,Z14,24,0.19632944977
04/21/2023,FEU,Z24,3,0.162925743496
04/21/2023,FEU,Z14,3,0.162925743496
04/21/2023,FEU,Z24,4,0.16674554386
04/21/2023,FEU,Z14,4,0.16674554386
04/21/2023,FEU,Z24,5,0.16097561386
04/21/2023,FEU,Z14,5,0.16097561386
04/21/2023,FEU,Z24,6,0.160653311314
04/21/2023,FEU,Z14,6,0.160653311314
04/21/2023,FEU,Z24,7,0.173173976584
04/21/2023,FEU,Z14,7,0.173173976584
04/21/2023,FEU,Z24,8,0.187689980036
04/21/2023,FEU,Z14,8,0.187689980036
04/21/2023,FEU,Z24,9,0.220553966948
04/21/2023,FEU,Z14,9,0.220553966948
04/22/2023,FEU,Z24,1,0.169515085858
04/22/2023,FEU,Z14,1,0.169515085858
04/22/2023,FEU,Z24,10,0.148856933306
04/22/2023,FEU,Z14,10,0.148856933306
04/22/2023,FEU,Z24,11,0.117074856396
04/22/2023,FEU,Z14,11,0.117074856396
04/22/2023,FEU,Z24,12,0.106101086032
04/22/2023,FEU,Z14,12,0.106101086032
04/22/2023,FEU,Z24,13,0.08401638885
04/22/2023,FEU,Z14,13,0.08401638885
04/22/2023,FEU,Z24,14,0.064736857304
04/22/2023,FEU,Z14,14,0.064736857304
04/22/2023,FEU,Z24,15,0.051034786486
04/22/2023,FEU,Z14,15,0.051034786486
04/22/2023,FEU,Z24,16,0.039354703488
04/22/2023,FEU,Z14,16,0.039354703488
04/22/2023,FEU,Z24,17,0.033428504126
04/22/2023,FEU,Z14,17,0.033428504126
04/22/2023,FEU,Z24,18,0.03529920749
04/22/2023,FEU,Z14,18,0.03529920749
04/22/2023,FEU,Z24,19,0.067002262036
04/22/2023,FEU,Z14,19,0.067002262036
04/22/2023,FEU,Z24,2,0.147808859678
04/22/2023,FEU,Z14,2,0.147808859678
04/22/2023,FEU,Z24,20,0.129258099128
04/22/2023,FEU,Z14,20,0.129258099128
04/22/2023,FEU,Z24,21,0.17366785022
04/22/2023,FEU,Z14,21,0.17366785022
04/22/2023,FEU,Z24,22,0.171878941492
04/22/2023,FEU,Z14,22,0.171878941492
04/22/2023,FEU,Z24,23,0.164226443766
04/22/2023,FEU,Z14,23,0.164226443766
04/22/2023,FEU,Z24,24,0.143548806404
04/22/2023,FEU,Z14,24,0.143548806404
04/22/2023,FEU,Z24,3,0.15062187477
04/22/2023,FEU,Z14,3,0.15062187477
04/22/2023,FEU,Z24,4,0.139646013134
04/22/2023,FEU,Z14,4,0.139646013134
04/22/2023,FEU,Z24,5,0.139791082498
04/22/2023,FEU,Z14,5,0.139791082498
04/22/2023,FEU,Z24,6,0.14487374568
04/22/2023,FEU,Z14,6,0.14487374568
04/22/2023,FEU,Z24,7,0.147224360224
04/22/2023,FEU,Z14,7,0.147224360224
04/22/2023,FEU,Z24,8,0.152929651222
04/22/2023,FEU,Z14,8,0.152929651222
04/22/2023,FEU,Z24,9,0.153799239946
04/22/2023,FEU,Z14,9,0.153799239946
04/23/2023,FEU,Z24,1,0.156165310588
04/23/2023,FEU,Z14,1,0.156165310588
04/23/2023,FEU,Z24,10,0.049598426126
04/23/2023,FEU,Z14,10,0.049598426126
04/23/2023,FEU,Z24,11,0.035817734306
04/23/2023,FEU,Z14,11,0.035817734306
04/23/2023,FEU,Z24,12,0.03368647476
04/23/2023,FEU,Z14,12,0.03368647476
04/23/2023,FEU,Z24,13,0.03545883476
04/23/2023,FEU,Z14,13,0.03545883476
04/23/2023,FEU,Z24,14,0.035003654032
04/23/2023,FEU,Z14,14,0.035003654032
04/23/2023,FEU,Z24,15,0.032962118032
04/23/2023,FEU,Z14,15,0.032962118032
04/23/2023,FEU,Z24,16,0.030217201852
04/23/2023,FEU,Z14,16,0.030217201852
04/23/2023,FEU,Z24,17,0.030015480944
04/23/2023,FEU,Z14,17,0.030015480944
04/23/2023,FEU,Z24,18,0.029413065672
04/23/2023,FEU,Z14,18,0.029413065672
04/23/2023,FEU,Z24,19,0.0380772184
04/23/2023,FEU,Z14,19,0.0380772184
04/23/2023,FEU,Z24,2,0.146212640044
04/23/2023,FEU,Z14,2,0.146212640044
04/23/2023,FEU,Z24,20,0.048167418946
04/23/2023,FEU,Z14,20,0.048167418946
04/23/2023,FEU,Z24,21,0.129087131128
04/23/2023,FEU,Z14,21,0.129087131128
04/23/2023,FEU,Z24,22,0.167501284036
04/23/2023,FEU,Z14,22,0.167501284036
04/23/2023,FEU,Z24,23,0.16261358931
04/23/2023,FEU,Z14,23,0.16261358931
04/23/2023,FEU,Z24,24,0.152403742948
04/23/2023,FEU,Z14,24,0.152403742948
04/23/2023,FEU,Z24,3,0.145166229682
04/23/2023,FEU,Z14,3,0.145166229682
04/23/2023,FEU,Z24,4,0.139643217046
04/23/2023,FEU,Z14,4,0.139643217046
04/23/2023,FEU,Z24,5,0.136762375864
04/23/2023,FEU,Z14,5,0.136762375864
04/23/2023,FEU,Z24,6,0.1257502275
04/23/2023,FEU,Z14,6,0.1257502275
04/23/2023,FEU,Z24,7,0.123094894226
04/23/2023,FEU,Z14,7,0.123094894226
04/23/2023,FEU,Z24,8,0.110890186042
04/23/2023,FEU,Z14,8,0.110890186042
04/23/2023,FEU,Z24,9,0.095191564948
04/23/2023,FEU,Z14,9,0.095191564948
04/24/2023,FEU,Z24,1,0.133701358768
04/24/2023,FEU,Z14,1,0.133701358768
04/24/2023,FEU,Z24,10,0.192137596576
04/24/2023,FEU,Z14,10,0.192137596576
04/24/2023,FEU,Z24,11,0.15264797112
04/24/2023,FEU,Z14,11,0.198546071848
04/24/2023,FEU,Z24,12,0.181975008394
04/24/2023,FEU,Z14,12,0.181975008394
04/24/2023,FEU,Z24,13,0.170292746212
04/24/2023,FEU,Z14,13,0.170292746212
04/24/2023,FEU,Z24,14,0.162975329484
04/24/2023,FEU,Z14,14,0.162975329484
04/24/2023,FEU,Z24,15,0.162543129398
04/24/2023,FEU,Z14,15,0.11675262067
04/24/2023,FEU,Z24,16,0.078326050762
04/24/2023,FEU,Z14,16,0.078326050762
04/24/2023,FEU,Z24,17,0.078524009582
04/24/2023,FEU,Z14,17,0.078524009582
04/24/2023,FEU,Z24,18,0.10809960431
04/24/2023,FEU,Z14,18,0.10809960431
04/24/2023,FEU,Z24,19,0.12511373476
04/24/2023,FEU,Z14,19,0.170929327488
04/24/2023,FEU,Z24,2,0.137590224952
04/24/2023,FEU,Z14,2,0.137590224952
04/24/2023,FEU,Z24,20,0.196202260216
04/24/2023,FEU,Z14,20,0.196202260216
04/24/2023,FEU,Z24,21,0.251811480944
04/24/2023,FEU,Z14,21,0.251811480944
04/24/2023,FEU,Z24,22,0.254777426398
04/24/2023,FEU,Z14,22,0.254777426398
04/24/2023,FEU,Z24,23,0.252623014768
04/24/2023,FEU,Z14,23,0.206224611676
04/24/2023,FEU,Z24,24,0.195189982678
04/24/2023,FEU,Z14,24,0.195189982678
04/24/2023,FEU,Z24,3,0.13893166568
04/24/2023,FEU,Z14,3,0.13893166568
04/24/2023,FEU,Z24,4,0.142014582862
04/24/2023,FEU,Z14,4,0.142014582862
04/24/2023,FEU,Z24,5,0.15111838568
04/24/2023,FEU,Z14,5,0.15111838568
04/24/2023,FEU,Z24,6,0.153553144224
04/24/2023,FEU,Z14,6,0.153553144224
04/24/2023,FEU,Z24,7,0.161361824584
04/24/2023,FEU,Z14,7,0.161361824584
04/24/2023,FEU,Z24,8,0.179486033308
04/24/2023,FEU,Z14,8,0.179486033308
04/24/2023,FEU,Z24,9,0.206899511038
04/24/2023,FEU,Z14,9,0.206899511038
04/25/2023,FEU,Z24,1,0.172083044766
04/25/2023,FEU,Z14,1,0.172083044766
04/25/2023,FEU,Z24,10,0.153100700576
04/25/2023,FEU,Z14,10,0.153100700576
04/25/2023,FEU,Z24,11,0.142094804666
04/25/2023,FEU,Z14,11,0.187958217394
04/25/2023,FEU,Z24,12,0.17244493203
04/25/2023,FEU,Z14,12,0.17244493203
04/25/2023,FEU,Z24,13,0.163878498666
04/25/2023,FEU,Z14,13,0.163878498666
04/25/2023,FEU,Z24,14,0.163545728302
04/25/2023,FEU,Z14,14,0.163545728302
04/25/2023,FEU,Z24,15,0.15508327567
04/25/2023,FEU,Z14,15,0.109321727942
04/25/2023,FEU,Z24,16,0.075103542398
04/25/2023,FEU,Z14,16,0.075103542398
04/25/2023,FEU,Z24,17,0.07521645749
04/25/2023,FEU,Z14,17,0.07521645749
04/25/2023,FEU,Z24,18,0.080758098036
04/25/2023,FEU,Z14,18,0.080758098036
04/25/2023,FEU,Z24,19,0.119116789668
04/25/2023,FEU,Z14,19,0.164907020396
04/25/2023,FEU,Z24,2,0.168744962586
04/25/2023,FEU,Z14,2,0.168744962586
04/25/2023,FEU,Z24,20,0.189537071488
04/25/2023,FEU,Z14,20,0.189537071488
04/25/2023,FEU,Z24,21,0.247594511488
04/25/2023,FEU,Z14,21,0.247594511488
04/25/2023,FEU,Z24,22,0.256287501124
04/25/2023,FEU,Z14,22,0.256287501124
04/25/2023,FEU,Z24,23,0.257344047676
04/25/2023,FEU,Z14,23,0.210923468584
04/25/2023,FEU,Z24,24,0.190890260404
04/25/2023,FEU,Z14,24,0.190890260404
04/25/2023,FEU,Z24,3,0.153737847496
04/25/2023,FEU,Z14,3,0.153737847496
04/25/2023,FEU,Z24,4,0.13853672386
04/25/2023,FEU,Z14,4,0.13853672386
04/25/2023,FEU,Z24,5,0.13345436386
04/25/2023,FEU,Z14,5,0.13345436386
04/25/2023,FEU,Z24,6,0.137963326768
04/25/2023,FEU,Z14,6,0.137963326768
04/25/2023,FEU,Z24,7,0.16361614931
04/25/2023,FEU,Z14,7,0.16361614931
04/25/2023,FEU,Z24,8,0.175849293034
04/25/2023,FEU,Z14,8,0.175849293034
04/25/2023,FEU,Z24,9,0.198940015492
04/25/2023,FEU,Z14,9,0.198940015492
04/26/2023,FEU,Z24,1,0.145652243038
04/26/2023,FEU,Z14,1,0.145652243038
04/26/2023,FEU,Z24,10,0.190365469304
04/26/2023,FEU,Z14,10,0.190365469304
04/26/2023,FEU,Z24,11,0.181925532212
04/26/2023,FEU,Z14,11,0.22792612294
04/26/2023,FEU,Z24,12,0.217498948486
04/26/2023,FEU,Z14,12,0.217498948486
04/26/2023,FEU,Z24,13,0.204156765304
04/26/2023,FEU,Z14,13,0.204156765304
04/26/2023,FEU,Z24,14,0.200139692576
04/26/2023,FEU,Z14,14,0.200139692576
04/26/2023,FEU,Z24,15,0.198111953672
04/26/2023,FEU,Z14,15,0.152095399762
04/26/2023,FEU,Z24,16,0.1464744184
04/26/2023,FEU,Z14,16,0.1464744184
04/26/2023,FEU,Z24,17,0.145506411856
04/26/2023,FEU,Z14,17,0.145506411856
04/26/2023,FEU,Z24,18,0.149595716402
04/26/2023,FEU,Z14,18,0.149595716402
04/26/2023,FEU,Z24,19,0.152410173124
04/26/2023,FEU,Z14,19,0.198423880034
04/26/2023,FEU,Z24,2,0.138514509676
04/26/2023,FEU,Z14,2,0.138514509676
04/26/2023,FEU,Z24,20,0.233614756216
04/26/2023,FEU,Z14,20,0.233614756216
04/26/2023,FEU,Z24,21,0.248896000216
04/26/2023,FEU,Z14,21,0.248896000216
04/26/2023,FEU,Z24,22,0.261750330034
04/26/2023,FEU,Z14,22,0.261750330034
04/26/2023,FEU,Z24,23,0.251930798586
04/26/2023,FEU,Z14,23,0.205534757494
04/26/2023,FEU,Z24,24,0.191430479314
04/26/2023,FEU,Z14,24,0.191430479314
04/26/2023,FEU,Z24,3,0.133154230768
04/26/2023,FEU,Z14,3,0.133154230768
04/26/2023,FEU,Z24,4,0.133590973132
04/26/2023,FEU,Z14,4,0.133590973132
04/26/2023,FEU,Z24,5,0.132806333132
04/26/2023,FEU,Z14,5,0.132806333132
04/26/2023,FEU,Z24,6,0.142479112222
04/26/2023,FEU,Z14,6,0.142479112222
04/26/2023,FEU,Z24,7,0.167961853492
04/26/2023,FEU,Z14,7,0.167961853492
04/26/2023,FEU,Z24,8,0.183009088398
04/26/2023,FEU,Z14,8,0.183009088398
04/26/2023,FEU,Z24,9,0.213325947856
04/26/2023,FEU,Z14,9,0.213325947856
04/27/2023,FEU,Z24,1,0.154448450766
04/27/2023,FEU,Z14,1,0.154448450766
04/27/2023,FEU,Z24,10,0.175695518032
04/27/2023,FEU,Z14,10,0.175695518032
04/27/2023,FEU,Z24,11,0.158295422122
04/27/2023,FEU,Z14,11,0.20421756385
04/27/2023,FEU,Z24,12,0.201543039668
04/27/2023,FEU,Z14,12,0.201543039668
04/27/2023,FEU,Z24,13,0.202728097304
04/27/2023,FEU,Z14,13,0.202728097304
04/27/2023,FEU,Z24,14,0.198786810394
04/27/2023,FEU,Z14,14,0.198786810394
04/27/2023,FEU,Z24,15,0.198968050762
04/27/2023,FEU,Z14,15,0.153053906034
04/27/2023,FEU,Z24,16,0.151739689672
04/27/2023,FEU,Z14,16,0.151739689672
04/27/2023,FEU,Z24,17,0.152155002946
04/27/2023,FEU,Z14,17,0.152155002946
04/27/2023,FEU,Z24,18,0.157384873492
04/27/2023,FEU,Z14,18,0.157384873492
04/27/2023,FEU,Z24,19,0.163107725578
04/27/2023,FEU,Z14,19,0.209050411306
04/27/2023,FEU,Z24,2,0.155583062404
04/27/2023,FEU,Z14,2,0.155583062404
04/27/2023,FEU,Z24,20,0.227514876034
04/27/2023,FEU,Z14,20,0.227514876034
04/27/2023,FEU,Z24,21,0.24219731658
04/27/2023,FEU,Z14,21,0.24219731658
04/27/2023,FEU,Z24,22,0.251447170034
04/27/2023,FEU,Z14,22,0.251447170034
04/27/2023,FEU,Z24,23,0.241996266404
04/27/2023,FEU,Z14,23,0.195786587494
04/27/2023,FEU,Z24,24,0.190339019132
04/27/2023,FEU,Z14,24,0.190339019132
04/27/2023,FEU,Z24,3,0.145779617314
04/27/2023,FEU,Z14,3,0.145779617314
04/27/2023,FEU,Z24,4,0.14077163386
04/27/2023,FEU,Z14,4,0.14077163386
04/27/2023,FEU,Z24,5,0.146961944224
04/27/2023,FEU,Z14,5,0.146961944224
04/27/2023,FEU,Z24,6,0.148733067678
04/27/2023,FEU,Z14,6,0.148733067678
04/27/2023,FEU,Z24,7,0.166635359494
04/27/2023,FEU,Z14,7,0.166635359494
04/27/2023,FEU,Z24,8,0.186528086854
04/27/2023,FEU,Z14,8,0.186528086854
04/27/2023,FEU,Z24,9,0.205813578948
04/27/2023,FEU,Z14,9,0.205813578948
04/28/2023,FEU,Z24,1,0.16186394113
04/28/2023,FEU,Z14,1,0.16186394113
04/28/2023,FEU,Z24,10,0.182916237304
04/28/2023,FEU,Z14,10,0.182916237304
04/28/2023,FEU,Z24,11,0.174918940576
04/28/2023,FEU,Z14,11,0.220897613304
04/28/2023,FEU,Z24,12,0.212924542122
04/28/2023,FEU,Z14,12,0.212924542122
04/28/2023,FEU,Z24,13,0.210748093304
04/28/2023,FEU,Z14,13,0.210748093304
04/28/2023,FEU,Z24,14,0.199488702758
04/28/2023,FEU,Z14,14,0.199488702758
04/28/2023,FEU,Z24,15,0.19550859249
04/28/2023,FEU,Z14,15,0.14950220658
04/28/2023,FEU,Z24,16,0.143054098036
04/28/2023,FEU,Z14,16,0.143054098036
04/28/2023,FEU,Z24,17,0.144837479128
04/28/2023,FEU,Z14,17,0.144837479128
04/28/2023,FEU,Z24,18,0.157484054038
04/28/2023,FEU,Z14,18,0.157484054038
04/28/2023,FEU,Z24,19,0.176463939942
04/28/2023,FEU,Z14,19,0.22245408067
04/28/2023,FEU,Z24,2,0.157186246768
04/28/2023,FEU,Z14,2,0.157186246768
04/28/2023,FEU,Z24,20,0.229561114398
04/28/2023,FEU,Z14,20,0.229561114398
04/28/2023,FEU,Z24,21,0.238595435308
04/28/2023,FEU,Z14,21,0.238595435308
04/28/2023,FEU,Z24,22,0.239613917308
04/28/2023,FEU,Z14,22,0.239613917308
04/28/2023,FEU,Z24,23,0.23617163386
04/28/2023,FEU,Z14,23,0.18998289795
04/28/2023,FEU,Z24,24,0.18722626477
04/28/2023,FEU,Z14,24,0.18722626477
04/28/2023,FEU,Z24,3,0.140323175496
04/28/2023,FEU,Z14,3,0.140323175496
04/28/2023,FEU,Z24,4,0.15836678386
04/28/2023,FEU,Z14,4,0.15836678386
04/28/2023,FEU,Z24,5,0.13414070386
04/28/2023,FEU,Z14,5,0.13414070386
04/28/2023,FEU,Z24,6,0.140697383314
04/28/2023,FEU,Z14,6,0.140697383314
04/28/2023,FEU,Z24,7,0.151825808584
04/28/2023,FEU,Z14,7,0.151825808584
04/28/2023,FEU,Z24,8,0.164983088036
04/28/2023,FEU,Z14,8,0.164983088036
04/28/2023,FEU,Z24,9,0.195288198948
04/28/2023,FEU,Z14,9,0.195288198948
04/29/2023,FEU,Z24,1,0.159304741858
04/29/2023,FEU,Z14,1,0.159304741858
04/29/2023,FEU,Z24,10,0.145794146306
04/29/2023,FEU,Z14,10,0.145794146306
04/29/2023,FEU,Z24,11,0.145490572396
04/29/2023,FEU,Z14,11,0.145490572396
04/29/2023,FEU,Z24,12,0.133787654032
04/29/2023,FEU,Z14,12,0.133787654032
04/29/2023,FEU,Z24,13,0.11412458885
04/29/2023,FEU,Z14,13,0.11412458885
04/29/2023,FEU,Z24,14,0.103644913304
04/29/2023,FEU,Z14,14,0.103644913304
04/29/2023,FEU,Z24,15,0.073982185486
04/29/2023,FEU,Z14,15,0.073982185486
04/29/2023,FEU,Z24,16,0.032900719488
04/29/2023,FEU,Z14,16,0.032900719488
04/29/2023,FEU,Z24,17,0.030982854126
04/29/2023,FEU,Z14,17,0.030982854126
04/29/2023,FEU,Z24,18,0.03112626749
04/29/2023,FEU,Z14,18,0.03112626749
04/29/2023,FEU,Z24,19,0.041692116036
04/29/2023,FEU,Z14,19,0.041692116036
04/29/2023,FEU,Z24,2,0.154547466678
04/29/2023,FEU,Z14,2,0.154547466678
04/29/2023,FEU,Z24,20,0.100020163128
04/29/2023,FEU,Z14,20,0.100020163128
04/29/2023,FEU,Z24,21,0.15675205022
04/29/2023,FEU,Z14,21,0.15675205022
04/29/2023,FEU,Z24,22,0.161398801492
04/29/2023,FEU,Z14,22,0.161398801492
04/29/2023,FEU,Z24,23,0.156922970766
04/29/2023,FEU,Z14,23,0.156922970766
04/29/2023,FEU,Z24,24,0.151947612404
04/29/2023,FEU,Z14,24,0.151947612404
04/29/2023,FEU,Z24,3,0.15136163977
04/29/2023,FEU,Z14,3,0.15136163977
04/29/2023,FEU,Z24,4,0.151275050134
04/29/2023,FEU,Z14,4,0.151275050134
04/29/2023,FEU,Z24,5,0.146998345498
04/29/2023,FEU,Z14,5,0.146998345498
04/29/2023,FEU,Z24,6,0.14892730568
04/29/2023,FEU,Z14,6,0.14892730568
04/29/2023,FEU,Z24,7,0.148387368224
04/29/2023,FEU,Z14,7,0.148387368224
04/29/2023,FEU,Z24,8,0.153871042222
04/29/2023,FEU,Z14,8,0.153871042222
04/29/2023,FEU,Z24,9,0.158525826946
04/29/2023,FEU,Z14,9,0.158525826946
04/30/2023,FEU,Z24,1,0.143962284588
04/30/2023,FEU,Z14,1,0.143962284588
04/30/2023,FEU,Z24,10,0.092691972126
04/30/2023,FEU,Z14,10,0.092691972126
04/30/2023,FEU,Z24,11,0.063272798306
04/30/2023,FEU,Z14,11,0.063272798306
04/30/2023,FEU,Z24,12,0.06552877476
04/30/2023,FEU,Z14,12,0.06552877476
04/30/2023,FEU,Z24,13,0.08144933476
04/30/2023,FEU,Z14,13,0.08144933476
04/30/2023,FEU,Z24,14,0.057126566032
04/30/2023,FEU,Z14,14,0.057126566032
04/30/2023,FEU,Z24,15,0.047145854032
04/30/2023,FEU,Z14,15,0.047145854032
04/30/2023,FEU,Z24,16,0.034383619852
04/30/2023,FEU,Z14,16,0.034383619852
04/30/2023,FEU,Z24,17,0.047537880944
04/30/2023,FEU,Z14,17,0.047537880944
04/30/2023,FEU,Z24,18,0.054547005672
04/30/2023,FEU,Z14,18,0.054547005672
04/30/2023,FEU,Z24,19,0.0843840184
04/30/2023,FEU,Z14,19,0.0843840184
04/30/2023,FEU,Z24,2,0.136477844044
04/30/2023,FEU,Z14,2,0.136477844044
04/30/2023,FEU,Z24,20,0.117000672946
04/30/2023,FEU,Z14,20,0.117000672946
04/30/2023,FEU,Z24,21,0.153900367128
04/30/2023,FEU,Z14,21,0.153900367128
04/30/2023,FEU,Z24,22,0.165007048036
04/30/2023,FEU,Z14,22,0.165007048036
04/30/2023,FEU,Z24,23,0.15951794431
04/30/2023,FEU,Z14,23,0.15951794431
04/30/2023,FEU,Z24,24,0.150591240948
04/30/2023,FEU,Z14,24,0.150591240948
04/30/2023,FEU,Z24,3,0.136630656682
04/30/2023,FEU,Z14,3,0.136630656682
04/30/2023,FEU,Z24,4,0.133969633046
04/30/2023,FEU,Z14,4,0.133969633046
04/30/2023,FEU,Z24,5,0.121917411864
04/30/2023,FEU,Z14,5,0.121917411864
04/30/2023,FEU,Z24,6,0.1221339775
04/30/2023,FEU,Z14,6,0.1221339775
04/30/2023,FEU,Z24,7,0.131928895226
04/30/2023,FEU,Z14,7,0.131928895226
04/30/2023,FEU,Z24,8,0.127685950042
04/30/2023,FEU,Z14,8,0.127685950042
04/30/2023,FEU,Z24,9,0.121665262948
04/30/2023,FEU,Z14,9,0.121665262948
05/01/2023,FEU,Z24,1,0.154655199126
05/01/2023,FEU,Z14,1,0.154655199126
05/01/2023,FEU,Z24,10,0.091359059852
05/01/2023,FEU,Z14,10,0.091359059852
05/01/2023,FEU,Z24,11,0.067671445486
05/01/2023,FEU,Z14,11,0.067671445486
05/01/2023,FEU,Z24,12,0.032166140576
05/01/2023,FEU,Z14,12,0.032166140576
05/01/2023,FEU,Z24,13,0.031885561486
05/01/2023,FEU,Z14,13,0.031885561486
05/01/2023,FEU,Z24,14,0.031417343848
05/01/2023,FEU,Z14,14,0.031417343848
05/01/2023,FEU,Z24,15,0.031356164302
05/01/2023,FEU,Z14,15,0.031356164302
05/01/2023,FEU,Z24,16,0.032332923942
05/01/2023,FEU,Z14,16,0.032332923942
05/01/2023,FEU,Z24,17,0.032458228216
05/01/2023,FEU,Z14,17,0.032458228216
05/01/2023,FEU,Z24,18,0.034544356216
05/01/2023,FEU,Z14,18,0.034544356216
05/01/2023,FEU,Z24,19,0.040974229126
05/01/2023,FEU,Z14,19,0.040974229126
05/01/2023,FEU,Z24,2,0.146948154946
05/01/2023,FEU,Z14,2,0.146948154946
05/01/2023,FEU,Z24,20,0.110652587126
05/01/2023,FEU,Z14,20,0.110652587126
05/01/2023,FEU,Z24,21,0.156992286126
05/01/2023,FEU,Z14,21,0.156992286126
05/01/2023,FEU,Z24,22,0.163413094034
05/01/2023,FEU,Z14,22,0.163413094034
05/01/2023,FEU,Z24,23,0.163457614762
05/01/2023,FEU,Z14,23,0.163457614762
05/01/2023,FEU,Z24,24,0.1610256184
05/01/2023,FEU,Z14,24,0.1610256184
05/01/2023,FEU,Z24,3,0.144196268584
05/01/2023,FEU,Z14,3,0.144196268584
05/01/2023,FEU,Z24,4,0.143209326494
05/01/2023,FEU,Z14,4,0.143209326494
05/01/2023,FEU,Z24,5,0.141066415222
05/01/2023,FEU,Z14,5,0.141066415222
05/01/2023,FEU,Z24,6,0.142275478768
05/01/2023,FEU,Z14,6,0.142275478768
05/01/2023,FEU,Z24,7,0.140969409586
05/01/2023,FEU,Z14,7,0.140969409586
05/01/2023,FEU,Z24,8,0.141665296586
05/01/2023,FEU,Z14,8,0.141665296586
05/01/2023,FEU,Z24,9,0.134899397038
05/01/2023,FEU,Z14,9,0.134899397038
05/02/2023,FEU,Z24,1,0.152934340214
05/02/2023,FEU,Z14,1,0.152934340214
05/02/2023,FEU,Z24,10,0.178634071754
05/02/2023,FEU,Z14,10,0.178634071754
05/02/2023,FEU,Z24,11,0.175641680572
05/02/2023,FEU,Z14,11,0.2216126093
05/02/2023,FEU,Z24,12,0.215040873664
05/02/2023,FEU,Z14,12,0.215040873664
05/02/2023,FEU,Z24,13,0.203920912482
05/02/2023,FEU,Z14,13,0.203920912482
05/02/2023,FEU,Z24,14,0.197387946754
05/02/2023,FEU,Z14,14,0.197387946754
05/02/2023,FEU,Z24,15,0.192346559122
05/02/2023,FEU,Z14,15,0.146465886394
05/02/2023,FEU,Z24,16,0.143237482486
05/02/2023,FEU,Z14,16,0.143237482486
05/02/2023,FEU,Z24,17,0.149557478578
05/02/2023,FEU,Z14,17,0.149557478578
05/02/2023,FEU,Z24,18,0.155817697942
05/02/2023,FEU,Z14,18,0.155817697942
05/02/2023,FEU,Z24,19,0.158489790846
05/02/2023,FEU,Z14,19,0.204404427574
05/02/2023,FEU,Z24,2,0.130602060306
05/02/2023,FEU,Z14,2,0.130602060306
05/02/2023,FEU,Z24,20,0.234466574302
05/02/2023,FEU,Z14,20,0.234466574302
05/02/2023,FEU,Z24,21,0.255423785302
05/02/2023,FEU,Z14,21,0.255423785302
05/02/2023,FEU,Z24,22,0.260462937938
05/02/2023,FEU,Z14,22,0.260462937938
05/02/2023,FEU,Z24,23,0.237733111398
05/02/2023,FEU,Z14,23,0.191553183488
05/02/2023,FEU,Z24,24,0.182573656944
05/02/2023,FEU,Z14,24,0.182573656944
05/02/2023,FEU,Z24,3,0.131719825852
05/02/2023,FEU,Z14,3,0.131719825852
05/02/2023,FEU,Z24,4,0.132755203852
05/02/2023,FEU,Z14,4,0.132755203852
05/02/2023,FEU,Z24,5,0.132827549852
05/02/2023,FEU,Z14,5,0.132827549852
05/02/2023,FEU,Z24,6,0.152316025306
05/02/2023,FEU,Z14,6,0.152316025306
05/02/2023,FEU,Z24,7,0.15526838885
05/02/2023,FEU,Z14,7,0.15526838885
05/02/2023,FEU,Z24,8,0.166832571666
05/02/2023,FEU,Z14,8,0.166832571666
05/02/2023,FEU,Z24,9,0.201379177214
05/02/2023,FEU,Z14,9,0.201379177214
05/03/2023,FEU,Z24,1,0.154959674578
05/03/2023,FEU,Z14,1,0.154959674578
05/03/2023,FEU,Z24,10,0.173147736936
05/03/2023,FEU,Z14,10,0.173147736936
05/03/2023,FEU,Z24,11,0.144026787754
05/03/2023,FEU,Z14,11,0.189886769482
05/03/2023,FEU,Z24,12,0.184912617664
05/03/2023,FEU,Z14,12,0.184912617664
05/03/2023,FEU,Z24,13,0.171681402482
05/03/2023,FEU,Z14,13,0.171681402482
05/03/2023,FEU,Z24,14,0.152997624936
05/03/2023,FEU,Z14,14,0.152997624936
05/03/2023,FEU,Z24,15,0.137806501486
05/03/2023,FEU,Z14,15,0.092110700758
05/03/2023,FEU,Z24,16,0.08445621385
05/03/2023,FEU,Z14,16,0.08445621385
05/03/2023,FEU,Z24,17,0.078488608396
05/03/2023,FEU,Z14,17,0.078488608396
05/03/2023,FEU,Z24,18,0.095087806396
05/03/2023,FEU,Z14,18,0.095087806396
05/03/2023,FEU,Z24,19,0.10270111021
05/03/2023,FEU,Z14,19,0.148422407938
05/03/2023,FEU,Z24,2,0.142356783488
05/03/2023,FEU,Z14,2,0.142356783488
05/03/2023,FEU,Z24,20,0.187241375484
05/03/2023,FEU,Z14,20,0.187241375484
05/03/2023,FEU,Z24,21,0.227528853394
05/03/2023,FEU,Z14,21,0.227528853394
05/03/2023,FEU,Z24,22,0.234815601394
05/03/2023,FEU,Z14,22,0.234815601394
05/03/2023,FEU,Z24,23,0.231170492218
05/03/2023,FEU,Z14,23,0.185013485308
05/03/2023,FEU,Z24,24,0.153028298764
05/03/2023,FEU,Z14,24,0.153028298764
05/03/2023,FEU,Z24,3,0.141083250034
05/03/2023,FEU,Z14,3,0.141083250034
05/03/2023,FEU,Z24,4,0.138762844216
05/03/2023,FEU,Z14,4,0.138762844216
05/03/2023,FEU,Z24,5,0.125356687034
05/03/2023,FEU,Z14,5,0.125356687034
05/03/2023,FEU,Z24,6,0.131202319488
05/03/2023,FEU,Z14,6,0.131202319488
05/03/2023,FEU,Z24,7,0.140468998486
05/03/2023,FEU,Z14,7,0.140468998486
05/03/2023,FEU,Z24,8,0.159223677484
05/03/2023,FEU,Z14,8,0.159223677484
05/03/2023,FEU,Z24,9,0.184269596578
05/03/2023,FEU,Z14,9,0.184269596578
05/04/2023,FEU,Z24,1,0.124583195942
05/04/2023,FEU,Z14,1,0.124583195942
05/04/2023,FEU,Z24,10,0.163340984208
05/04/2023,FEU,Z14,10,0.163340984208
05/04/2023,FEU,Z24,11,0.15077676839
05/04/2023,FEU,Z14,11,0.196551596936
05/04/2023,FEU,Z24,12,0.184511599482
05/04/2023,FEU,Z14,12,0.184511599482
05/04/2023,FEU,Z24,13,0.174052653118
05/04/2023,FEU,Z14,13,0.174052653118
05/04/2023,FEU,Z24,14,0.163746436754
05/04/2023,FEU,Z14,14,0.163746436754
05/04/2023,FEU,Z24,15,0.162246911668
05/04/2023,FEU,Z14,15,0.11646829294
05/04/2023,FEU,Z24,16,0.124880062214
05/04/2023,FEU,Z14,16,0.124880062214
05/04/2023,FEU,Z24,17,0.129644375942
05/04/2023,FEU,Z14,17,0.129644375942
05/04/2023,FEU,Z24,18,0.137773535488
05/04/2023,FEU,Z14,18,0.137773535488
05/04/2023,FEU,Z24,19,0.143447112574
05/04/2023,FEU,Z14,19,0.189311801302
05/04/2023,FEU,Z24,2,0.11760829567
05/04/2023,FEU,Z14,2,0.11760829567
05/04/2023,FEU,Z24,20,0.216136740666
05/04/2023,FEU,Z14,20,0.216136740666
05/04/2023,FEU,Z24,21,0.224733286212
05/04/2023,FEU,Z14,21,0.224733286212
05/04/2023,FEU,Z24,22,0.239897886394
05/04/2023,FEU,Z14,22,0.239897886394
05/04/2023,FEU,Z24,23,0.236015651218
05/04/2023,FEU,Z14,23,0.189838439308
05/04/2023,FEU,Z24,24,0.183454043218
05/04/2023,FEU,Z14,24,0.183454043218
05/04/2023,FEU,Z24,3,0.12042234658
05/04/2023,FEU,Z14,3,0.12042234658
05/04/2023,FEU,Z24,4,0.12172658658
05/04/2023,FEU,Z14,4,0.12172658658
05/04/2023,FEU,Z24,5,0.121132339398
05/04/2023,FEU,Z14,5,0.121132339398
05/04/2023,FEU,Z24,6,0.122879436306
05/04/2023,FEU,Z14,6,0.122879436306
05/04/2023,FEU,Z24,7,0.138380044122
05/04/2023,FEU,Z14,7,0.138380044122
05/04/2023,FEU,Z24,8,0.152441083484
05/04/2023,FEU,Z14,8,0.152441083484
05/04/2023,FEU,Z24,9,0.18432533885
05/04/2023,FEU,Z14,9,0.18432533885
05/05/2023,FEU,Z24,1,0.149473390396
05/05/2023,FEU,Z14,1,0.149473390396
05/05/2023,FEU,Z24,10,0.16075086339
05/05/2023,FEU,Z14,10,0.16075086339
05/05/2023,FEU,Z24,11,0.156512448208
05/05/2023,FEU,Z14,11,0.202414432936
05/05/2023,FEU,Z24,12,0.197184321118
05/05/2023,FEU,Z14,12,0.197184321118
05/05/2023,FEU,Z24,13,0.191231137482
05/05/2023,FEU,Z14,13,0.191231137482
05/05/2023,FEU,Z24,14,0.187624748936
05/05/2023,FEU,Z14,14,0.187624748936
05/05/2023,FEU,Z24,15,0.18692038885
05/05/2023,FEU,Z14,15,0.141057131122
05/05/2023,FEU,Z24,16,0.14306403885
05/05/2023,FEU,Z14,16,0.14306403885
05/05/2023,FEU,Z24,17,0.137693078032
05/05/2023,FEU,Z14,17,0.137693078032
05/05/2023,FEU,Z24,18,0.145218622214
05/05/2023,FEU,Z14,18,0.145218622214
05/05/2023,FEU,Z24,19,0.165690336028
05/05/2023,FEU,Z14,19,0.211630444756
05/05/2023,FEU,Z24,2,0.143068514306
05/05/2023,FEU,Z14,2,0.143068514306
05/05/2023,FEU,Z24,20,0.219828647848
05/05/2023,FEU,Z14,20,0.219828647848
05/05/2023,FEU,Z24,21,0.24193102294
05/05/2023,FEU,Z14,21,0.24193102294
05/05/2023,FEU,Z24,22,0.237938273122
05/05/2023,FEU,Z14,22,0.237938273122
05/05/2023,FEU,Z24,23,0.229304226946
05/05/2023,FEU,Z14,23,0.183153554036
05/05/2023,FEU,Z24,24,0.1774908184
05/05/2023,FEU,Z14,24,0.1774908184
05/05/2023,FEU,Z24,3,0.140889769034
05/05/2023,FEU,Z14,3,0.140889769034
05/05/2023,FEU,Z24,4,0.141612652034
05/05/2023,FEU,Z14,4,0.141612652034
05/05/2023,FEU,Z24,5,0.133970853852
05/05/2023,FEU,Z14,5,0.133970853852
05/05/2023,FEU,Z24,6,0.140806927488
05/05/2023,FEU,Z14,6,0.140806927488
05/05/2023,FEU,Z24,7,0.149322441304
05/05/2023,FEU,Z14,7,0.149322441304
05/05/2023,FEU,Z24,8,0.152040953302
05/05/2023,FEU,Z14,8,0.152040953302
05/05/2023,FEU,Z24,9,0.176648659668
05/05/2023,FEU,Z14,9,0.176648659668
05/06/2023,FEU,Z24,1,0.159017720306
05/06/2023,FEU,Z14,1,0.159017720306
05/06/2023,FEU,Z24,10,0.131831568936
05/06/2023,FEU,Z14,10,0.131831568936
05/06/2023,FEU,Z24,11,0.117411616208
05/06/2023,FEU,Z14,11,0.117411616208
05/06/2023,FEU,Z24,12,0.10742173339
05/06/2023,FEU,Z14,12,0.10742173339
05/06/2023,FEU,Z24,13,0.104243240572
05/06/2023,FEU,Z14,13,0.104243240572
05/06/2023,FEU,Z24,14,0.08556711839
05/06/2023,FEU,Z14,14,0.08556711839
05/06/2023,FEU,Z24,15,0.078868508572
05/06/2023,FEU,Z14,15,0.078868508572
05/06/2023,FEU,Z24,16,0.09641836021
05/06/2023,FEU,Z14,16,0.09641836021
05/06/2023,FEU,Z24,17,0.08150073112
05/06/2023,FEU,Z14,17,0.08150073112
05/06/2023,FEU,Z24,18,0.090893087848
05/06/2023,FEU,Z14,18,0.090893087848
05/06/2023,FEU,Z24,19,0.110227084576
05/06/2023,FEU,Z14,19,0.110227084576
05/06/2023,FEU,Z24,2,0.155736765034
05/06/2023,FEU,Z14,2,0.155736765034
05/06/2023,FEU,Z24,20,0.143457647668
05/06/2023,FEU,Z14,20,0.143457647668
05/06/2023,FEU,Z24,21,0.153766886942
05/06/2023,FEU,Z14,21,0.153766886942
05/06/2023,FEU,Z24,22,0.161108081306
05/06/2023,FEU,Z14,22,0.161108081306
05/06/2023,FEU,Z24,23,0.157565320216
05/06/2023,FEU,Z14,23,0.157565320216
05/06/2023,FEU,Z24,24,0.155066784126
05/06/2023,FEU,Z14,24,0.155066784126
05/06/2023,FEU,Z24,3,0.149195860216
05/06/2023,FEU,Z14,3,0.149195860216
05/06/2023,FEU,Z24,4,0.141487237762
05/06/2023,FEU,Z14,4,0.141487237762
05/06/2023,FEU,Z24,5,0.141705190762
05/06/2023,FEU,Z14,5,0.141705190762
05/06/2023,FEU,Z24,6,0.14898234658
05/06/2023,FEU,Z14,6,0.14898234658
05/06/2023,FEU,Z24,7,0.14987347567
05/06/2023,FEU,Z14,7,0.14987347567
05/06/2023,FEU,Z24,8,0.148082746214
05/06/2023,FEU,Z14,8,0.148082746214
05/06/2023,FEU,Z24,9,0.134579171574
05/06/2023,FEU,Z14,9,0.134579171574
05/07/2023,FEU,Z24,1,0.151635240944
05/07/2023,FEU,Z14,1,0.151635240944
05/07/2023,FEU,Z24,10,0.100657900846
05/07/2023,FEU,Z14,10,0.100657900846
05/07/2023,FEU,Z24,11,0.06385398748
05/07/2023,FEU,Z14,11,0.06385398748
05/07/2023,FEU,Z24,12,0.05431788748
05/07/2023,FEU,Z14,12,0.05431788748
05/07/2023,FEU,Z24,13,0.054351339662
05/07/2023,FEU,Z14,13,0.054351339662
05/07/2023,FEU,Z24,14,0.05386644748
05/07/2023,FEU,Z14,14,0.05386644748
05/07/2023,FEU,Z24,15,0.054094703844
05/07/2023,FEU,Z14,15,0.054094703844
05/07/2023,FEU,Z24,16,0.039328119482
05/07/2023,FEU,Z14,16,0.039328119482
05/07/2023,FEU,Z24,17,0.034292986756
05/07/2023,FEU,Z14,17,0.034292986756
05/07/2023,FEU,Z24,18,0.03685885703
05/07/2023,FEU,Z14,18,0.03685885703
05/07/2023,FEU,Z24,19,0.06137686294
05/07/2023,FEU,Z14,19,0.06137686294
05/07/2023,FEU,Z24,2,0.141084781672
05/07/2023,FEU,Z14,2,0.141084781672
05/07/2023,FEU,Z24,20,0.117565929304
05/07/2023,FEU,Z14,20,0.117565929304
05/07/2023,FEU,Z24,21,0.146694511758
05/07/2023,FEU,Z14,21,0.146694511758
05/07/2023,FEU,Z24,22,0.15482559203
05/07/2023,FEU,Z14,22,0.15482559203
05/07/2023,FEU,Z24,23,0.16035769294
05/07/2023,FEU,Z14,23,0.16035769294
05/07/2023,FEU,Z24,24,0.146592227668
05/07/2023,FEU,Z14,24,0.146592227668
05/07/2023,FEU,Z24,3,0.1384140184
05/07/2023,FEU,Z14,3,0.1384140184
05/07/2023,FEU,Z24,4,0.1336020184
05/07/2023,FEU,Z14,4,0.1336020184
05/07/2023,FEU,Z24,5,0.131059359218
05/07/2023,FEU,Z14,5,0.131059359218
05/07/2023,FEU,Z24,6,0.131996977218
05/07/2023,FEU,Z14,6,0.131996977218
05/07/2023,FEU,Z24,7,0.131528741672
05/07/2023,FEU,Z14,7,0.131528741672
05/07/2023,FEU,Z24,8,0.130435948762
05/07/2023,FEU,Z14,8,0.130435948762
05/07/2023,FEU,Z24,9,0.12689686294
05/07/2023,FEU,Z14,9,0.12689686294
05/08/2023,FEU,Z24,1,0.150850288306
05/08/2023,FEU,Z14,1,0.150850288306
05/08/2023,FEU,Z24,10,0.163413860572
05/08/2023,FEU,Z14,10,0.163413860572
05/08/2023,FEU,Z24,11,0.154409776208
05/08/2023,FEU,Z14,11,0.200194655754
05/08/2023,FEU,Z24,12,0.190176752936
05/08/2023,FEU,Z14,12,0.190176752936
05/08/2023,FEU,Z24,13,0.188817562754
05/08/2023,FEU,Z14,13,0.188817562754
05/08/2023,FEU,Z24,14,0.19166129839
05/08/2023,FEU,Z14,14,0.19166129839
05/08/2023,FEU,Z24,15,0.186903249394
05/08/2023,FEU,Z14,15,0.141044615666
05/08/2023,FEU,Z24,16,0.142809337486
05/08/2023,FEU,Z14,16,0.142809337486
05/08/2023,FEU,Z24,17,0.14473713476
05/08/2023,FEU,Z14,17,0.14473713476
05/08/2023,FEU,Z24,18,0.147357123124
05/08/2023,FEU,Z14,18,0.147357123124
05/08/2023,FEU,Z24,19,0.147725598392
05/08/2023,FEU,Z14,19,0.19360453112
05/08/2023,FEU,Z24,2,0.13383245658
05/08/2023,FEU,Z14,2,0.13383245658
05/08/2023,FEU,Z24,20,0.221050927484
05/08/2023,FEU,Z14,20,0.221050927484
05/08/2023,FEU,Z24,21,0.232722752302
05/08/2023,FEU,Z14,21,0.232722752302
05/08/2023,FEU,Z24,22,0.238579997302
05/08/2023,FEU,Z14,22,0.238579997302
05/08/2023,FEU,Z24,23,0.235797343762
05/08/2023,FEU,Z14,23,0.189624899852
05/08/2023,FEU,Z24,24,0.191304671308
05/08/2023,FEU,Z14,24,0.191304671308
05/08/2023,FEU,Z24,3,0.13601978249
05/08/2023,FEU,Z14,3,0.13601978249
05/08/2023,FEU,Z24,4,0.13444238249
05/08/2023,FEU,Z14,4,0.13444238249
05/08/2023,FEU,Z24,5,0.132659792944
05/08/2023,FEU,Z14,5,0.132659792944
05/08/2023,FEU,Z24,6,0.150362029034
05/08/2023,FEU,Z14,6,0.150362029034
05/08/2023,FEU,Z24,7,0.15895436385
05/08/2023,FEU,Z14,7,0.15895436385
05/08/2023,FEU,Z24,8,0.157991867848
05/08/2023,FEU,Z14,8,0.157991867848
05/08/2023,FEU,Z24,9,0.179643518214
05/08/2023,FEU,Z14,9,0.179643518214
05/09/2023,FEU,Z24,1,0.143757271214
05/09/2023,FEU,Z14,1,0.143757271214
05/09/2023,FEU,Z24,10,0.167362502754
05/09/2023,FEU,Z14,10,0.167362502754
05/09/2023,FEU,Z24,11,0.161668502572
05/09/2023,FEU,Z14,11,0.2075906593
05/09/2023,FEU,Z24,12,0.214092777664
05/09/2023,FEU,Z14,12,0.214092777664
05/09/2023,FEU,Z24,13,0.212287531482
05/09/2023,FEU,Z14,13,0.212287531482
05/09/2023,FEU,Z24,14,0.184496813754
05/09/2023,FEU,Z14,14,0.184496813754
05/09/2023,FEU,Z24,15,0.177438558122
05/09/2023,FEU,Z14,15,0.131608809394
05/09/2023,FEU,Z24,16,0.100176652486
05/09/2023,FEU,Z14,16,0.100176652486
05/09/2023,FEU,Z24,17,0.088274237578
05/09/2023,FEU,Z14,17,0.088274237578
05/09/2023,FEU,Z24,18,0.088099157942
05/09/2023,FEU,Z14,18,0.088099157942
05/09/2023,FEU,Z24,19,0.099446966846
05/09/2023,FEU,Z14,19,0.145156771574
05/09/2023,FEU,Z24,2,0.137495401306
05/09/2023,FEU,Z14,2,0.137495401306
05/09/2023,FEU,Z24,20,0.178527272302
05/09/2023,FEU,Z14,20,0.178527272302
05/09/2023,FEU,Z24,21,0.210186581302
05/09/2023,FEU,Z14,21,0.210186581302
05/09/2023,FEU,Z24,22,0.221821877938
05/09/2023,FEU,Z14,22,0.221821877938
05/09/2023,FEU,Z24,23,0.219638909398
05/09/2023,FEU,Z14,23,0.173535071488
05/09/2023,FEU,Z24,24,0.159205688944
05/09/2023,FEU,Z14,24,0.159205688944
05/09/2023,FEU,Z24,3,0.135031137852
05/09/2023,FEU,Z14,3,0.135031137852
05/09/2023,FEU,Z24,4,0.137174239852
05/09/2023,FEU,Z14,4,0.137174239852
05/09/2023,FEU,Z24,5,0.135187689852
05/09/2023,FEU,Z14,5,0.135187689852
05/09/2023,FEU,Z24,6,0.145542167306
05/09/2023,FEU,Z14,6,0.145542167306
05/09/2023,FEU,Z24,7,0.15043678885
05/09/2023,FEU,Z14,7,0.15043678885
05/09/2023,FEU,Z24,8,0.159192824666
05/09/2023,FEU,Z14,8,0.159192824666
05/09/2023,FEU,Z24,9,0.182643691214
05/09/2023,FEU,Z14,9,0.182643691214
05/10/2023,FEU,Z24,1,0.132134234578
05/10/2023,FEU,Z14,1,0.132134234578
05/10/2023,FEU,Z24,10,0.141492784936
05/10/2023,FEU,Z14,10,0.141492784936
05/10/2023,FEU,Z24,11,0.127828853754
05/10/2023,FEU,Z14,11,0.173633498482
05/10/2023,FEU,Z24,12,0.172001001664
05/10/2023,FEU,Z14,12,0.172001001664
05/10/2023,FEU,Z24,13,0.171377538482
05/10/2023,FEU,Z14,13,0.171377538482
05/10/2023,FEU,Z24,14,0.170736520936
05/10/2023,FEU,Z14,14,0.170736520936
05/10/2023,FEU,Z24,15,0.162064141486
05/10/2023,FEU,Z14,15,0.116285620758
05/10/2023,FEU,Z24,16,0.10016713885
05/10/2023,FEU,Z14,16,0.10016713885
05/10/2023,FEU,Z24,17,0.100027160396
05/10/2023,FEU,Z14,17,0.100027160396
05/10/2023,FEU,Z24,18,0.104811018396
05/10/2023,FEU,Z14,18,0.104811018396
05/10/2023,FEU,Z24,19,0.12768838021
05/10/2023,FEU,Z14,19,0.173497372938
05/10/2023,FEU,Z24,2,0.127836207488
05/10/2023,FEU,Z14,2,0.127836207488
05/10/2023,FEU,Z24,20,0.182935003484
05/10/2023,FEU,Z14,20,0.182935003484
05/10/2023,FEU,Z24,21,0.212684613394
05/10/2023,FEU,Z14,21,0.212684613394
05/10/2023,FEU,Z24,22,0.239897886394
05/10/2023,FEU,Z14,22,0.239897886394
05/10/2023,FEU,Z24,23,0.228090261218
05/10/2023,FEU,Z14,23,0.181947293308
05/10/2023,FEU,Z24,24,0.175677584764
05/10/2023,FEU,Z14,24,0.175677584764
05/10/2023,FEU,Z24,3,0.127007804034
05/10/2023,FEU,Z14,3,0.127007804034
05/10/2023,FEU,Z24,4,0.125918188216
05/10/2023,FEU,Z14,4,0.125918188216
05/10/2023,FEU,Z24,5,0.122802263034
05/10/2023,FEU,Z14,5,0.122802263034
05/10/2023,FEU,Z24,6,0.123389103488
05/10/2023,FEU,Z14,6,0.123389103488
05/10/2023,FEU,Z24,7,0.128667445486
05/10/2023,FEU,Z14,7,0.128667445486
05/10/2023,FEU,Z24,8,0.142554787484
05/10/2023,FEU,Z14,8,0.142554787484
05/10/2023,FEU,Z24,9,0.167823725578
05/10/2023,FEU,Z14,9,0.167823725578
05/11/2023,FEU,Z24,1,0.138024156942
05/11/2023,FEU,Z14,1,0.138024156942
05/11/2023,FEU,Z24,10,0.147627000208
05/11/2023,FEU,Z14,10,0.147627000208
05/11/2023,FEU,Z24,11,0.12845842839
05/11/2023,FEU,Z14,11,0.174174780936
05/11/2023,FEU,Z24,12,0.168129416482
05/11/2023,FEU,Z14,12,0.168129416482
05/11/2023,FEU,Z24,13,0.167228742118
05/11/2023,FEU,Z14,13,0.167228742118
05/11/2023,FEU,Z24,14,0.166704549754
05/11/2023,FEU,Z14,14,0.166704549754
05/11/2023,FEU,Z24,15,0.167837499668
05/11/2023,FEU,Z14,15,0.12203866294
05/11/2023,FEU,Z24,16,0.106610668214
05/11/2023,FEU,Z14,16,0.106610668214
05/11/2023,FEU,Z24,17,0.100928360942
05/11/2023,FEU,Z14,17,0.100928360942
05/11/2023,FEU,Z24,18,0.101292127488
05/11/2023,FEU,Z14,18,0.101292127488
05/11/2023,FEU,Z24,19,0.103463506574
05/11/2023,FEU,Z14,19,0.149188802302
05/11/2023,FEU,Z24,2,0.13585848067
05/11/2023,FEU,Z14,2,0.13585848067
05/11/2023,FEU,Z24,20,0.176748256666
05/11/2023,FEU,Z14,20,0.176748256666
05/11/2023,FEU,Z24,21,0.207379708212
05/11/2023,FEU,Z14,21,0.207379708212
05/11/2023,FEU,Z24,22,0.220763754394
05/11/2023,FEU,Z14,22,0.220763754394
05/11/2023,FEU,Z24,23,0.226738988218
05/11/2023,FEU,Z14,23,0.180601655308
05/11/2023,FEU,Z24,24,0.167202797218
05/11/2023,FEU,Z14,24,0.167202797218
05/11/2023,FEU,Z24,3,0.13582570658
05/11/2023,FEU,Z14,3,0.13582570658
05/11/2023,FEU,Z24,4,0.12521804658
05/11/2023,FEU,Z14,4,0.12521804658
05/11/2023,FEU,Z24,5,0.122762458398
05/11/2023,FEU,Z14,5,0.122762458398
05/11/2023,FEU,Z24,6,0.128572032306
05/11/2023,FEU,Z14,6,0.128572032306
05/11/2023,FEU,Z24,7,0.135145742122
05/11/2023,FEU,Z14,7,0.135145742122
05/11/2023,FEU,Z24,8,0.146483509484
05/11/2023,FEU,Z14,8,0.146483509484
05/11/2023,FEU,Z24,9,0.16699291385
05/11/2023,FEU,Z14,9,0.16699291385
05/12/2023,FEU,Z24,1,0.135110036396
05/12/2023,FEU,Z14,1,0.135110036396
05/12/2023,FEU,Z24,10,0.15062562839
05/12/2023,FEU,Z14,10,0.15062562839
05/12/2023,FEU,Z24,11,0.130519624208
05/12/2023,FEU,Z14,11,0.176330724936
05/12/2023,FEU,Z24,12,0.163041786118
05/12/2023,FEU,Z14,12,0.163041786118
05/12/2023,FEU,Z24,13,0.162661015482
05/12/2023,FEU,Z14,13,0.162661015482
05/12/2023,FEU,Z24,14,0.161809672936
05/12/2023,FEU,Z14,14,0.161809672936
05/12/2023,FEU,Z24,15,0.14639816385
05/12/2023,FEU,Z14,15,0.100672854122
05/12/2023,FEU,Z24,16,0.08501786385
05/12/2023,FEU,Z14,16,0.08501786385
05/12/2023,FEU,Z24,17,0.059467910032
05/12/2023,FEU,Z14,17,0.059467910032
05/12/2023,FEU,Z24,18,0.066054779214
05/12/2023,FEU,Z14,18,0.066054779214
05/12/2023,FEU,Z24,19,0.074554340028
05/12/2023,FEU,Z14,19,0.120177394756
05/12/2023,FEU,Z24,2,0.127574763306
05/12/2023,FEU,Z14,2,0.127574763306
05/12/2023,FEU,Z24,20,0.164300027848
05/12/2023,FEU,Z14,20,0.164300027848
05/12/2023,FEU,Z24,21,0.19673392294
05/12/2023,FEU,Z14,21,0.19673392294
05/12/2023,FEU,Z24,22,0.202570560122
05/12/2023,FEU,Z14,22,0.202570560122
05/12/2023,FEU,Z24,23,0.210032166946
05/12/2023,FEU,Z14,23,0.163961594036
05/12/2023,FEU,Z24,24,0.1566960184
05/12/2023,FEU,Z14,24,0.1566960184
05/12/2023,FEU,Z24,3,0.127947908034
05/12/2023,FEU,Z14,3,0.127947908034
05/12/2023,FEU,Z24,4,0.129297527034
05/12/2023,FEU,Z14,4,0.129297527034
05/12/2023,FEU,Z24,5,0.129539957852
05/12/2023,FEU,Z14,5,0.129539957852
05/12/2023,FEU,Z24,6,0.134387279488
05/12/2023,FEU,Z14,6,0.134387279488
05/12/2023,FEU,Z24,7,0.138888125304
05/12/2023,FEU,Z14,7,0.138888125304
05/12/2023,FEU,Z24,8,0.152182595302
05/12/2023,FEU,Z14,8,0.152182595302
05/12/2023,FEU,Z24,9,0.164896919668
05/12/2023,FEU,Z14,9,0.164896919668
05/13/2023,FEU,Z24,1,0.123767869306
05/13/2023,FEU,Z14,1,0.123767869306
05/13/2023,FEU,Z24,10,0.076739048936
05/13/2023,FEU,Z14,10,0.076739048936
05/13/2023,FEU,Z24,11,0.042859424208
05/13/2023,FEU,Z14,11,0.042859424208
05/13/2023,FEU,Z24,12,0.03515276839
05/13/2023,FEU,Z14,12,0.03515276839
05/13/2023,FEU,Z24,13,0.032981522572
05/13/2023,FEU,Z14,13,0.032981522572
05/13/2023,FEU,Z24,14,0.03258338839
05/13/2023,FEU,Z14,14,0.03258338839
05/13/2023,FEU,Z24,15,0.032236622572
05/13/2023,FEU,Z14,15,0.032236622572
05/13/2023,FEU,Z24,16,0.03532694521
05/13/2023,FEU,Z14,16,0.03532694521
05/13/2023,FEU,Z24,17,0.03727921112
05/13/2023,FEU,Z14,17,0.03727921112
05/13/2023,FEU,Z24,18,0.038873927848
05/13/2023,FEU,Z14,18,0.038873927848
05/13/2023,FEU,Z24,19,0.051530412576
05/13/2023,FEU,Z14,19,0.051530412576
05/13/2023,FEU,Z24,2,0.122199267034
05/13/2023,FEU,Z14,2,0.122199267034
05/13/2023,FEU,Z24,20,0.086022045668
05/13/2023,FEU,Z14,20,0.086022045668
05/13/2023,FEU,Z24,21,0.117185411942
05/13/2023,FEU,Z14,21,0.117185411942
05/13/2023,FEU,Z24,22,0.140534528306
05/13/2023,FEU,Z14,22,0.140534528306
05/13/2023,FEU,Z24,23,0.138256756216
05/13/2023,FEU,Z14,23,0.138256756216
05/13/2023,FEU,Z24,24,0.133301692126
05/13/2023,FEU,Z14,24,0.133301692126
05/13/2023,FEU,Z24,3,0.124820476216
05/13/2023,FEU,Z14,3,0.124820476216
05/13/2023,FEU,Z24,4,0.118005481762
05/13/2023,FEU,Z14,4,0.118005481762
05/13/2023,FEU,Z24,5,0.116083207762
05/13/2023,FEU,Z14,5,0.116083207762
05/13/2023,FEU,Z24,6,0.11758300658
05/13/2023,FEU,Z14,6,0.11758300658
05/13/2023,FEU,Z24,7,0.11853378067
05/13/2023,FEU,Z14,7,0.11853378067
05/13/2023,FEU,Z24,8,0.121233022214
05/13/2023,FEU,Z14,8,0.121233022214
05/13/2023,FEU,Z24,9,0.099634300574
05/13/2023,FEU,Z14,9,0.099634300574
05/14/2023,FEU,Z24,1,0.116213768944
05/14/2023,FEU,Z14,1,0.116213768944
05/14/2023,FEU,Z24,10,0.053519801846
05/14/2023,FEU,Z14,10,0.053519801846
05/14/2023,FEU,Z24,11,0.04349700748
05/14/2023,FEU,Z14,11,0.04349700748
05/14/2023,FEU,Z24,12,0.03684168748
05/14/2023,FEU,Z14,12,0.03684168748
05/14/2023,FEU,Z24,13,0.032886847662
05/14/2023,FEU,Z14,13,0.032886847662
05/14/2023,FEU,Z24,14,0.03393696748
05/14/2023,FEU,Z14,14,0.03393696748
05/14/2023,FEU,Z24,15,0.034524249844
05/14/2023,FEU,Z14,15,0.034524249844
05/14/2023,FEU,Z24,16,0.034771310482
05/14/2023,FEU,Z14,16,0.034771310482
05/14/2023,FEU,Z24,17,0.036232636756
05/14/2023,FEU,Z14,17,0.036232636756
05/14/2023,FEU,Z24,18,0.03691710703
05/14/2023,FEU,Z14,18,0.03691710703
05/14/2023,FEU,Z24,19,0.04509163294
05/14/2023,FEU,Z14,19,0.04509163294
05/14/2023,FEU,Z24,2,0.108118237672
05/14/2023,FEU,Z14,2,0.108118237672
05/14/2023,FEU,Z24,20,0.047924517304
05/14/2023,FEU,Z14,20,0.047924517304
05/14/2023,FEU,Z24,21,0.096290738758
05/14/2023,FEU,Z14,21,0.096290738758
05/14/2023,FEU,Z24,22,0.13529786203
05/14/2023,FEU,Z14,22,0.13529786203
05/14/2023,FEU,Z24,23,0.13728997294
05/14/2023,FEU,Z14,23,0.13728997294
05/14/2023,FEU,Z24,24,0.129369647668
05/14/2023,FEU,Z14,24,0.129369647668
05/14/2023,FEU,Z24,3,0.0993936184
05/14/2023,FEU,Z14,3,0.0993936184
05/14/2023,FEU,Z24,4,0.1097976184
05/14/2023,FEU,Z14,4,0.1097976184
05/14/2023,FEU,Z24,5,0.110061272218
05/14/2023,FEU,Z14,5,0.110061272218
05/14/2023,FEU,Z24,6,0.110243520218
05/14/2023,FEU,Z14,6,0.110243520218
05/14/2023,FEU,Z24,7,0.110753025672
05/14/2023,FEU,Z14,7,0.110753025672
05/14/2023,FEU,Z24,8,0.105285601762
05/14/2023,FEU,Z14,8,0.105285601762
05/14/2023,FEU,Z24,9,0.08716483294
05/14/2023,FEU,Z14,9,0.08716483294
05/15/2023,FEU,Z24,1,0.131586316306
05/15/2023,FEU,Z14,1,0.131586316306
05/15/2023,FEU,Z24,10,0.114060224572
05/15/2023,FEU,Z14,10,0.114060224572
05/15/2023,FEU,Z24,11,0.099858136208
05/15/2023,FEU,Z14,11,0.145498813754
05/15/2023,FEU,Z24,12,0.111518088936
05/15/2023,FEU,Z14,12,0.111518088936
05/15/2023,FEU,Z24,13,0.101878403754
05/15/2023,FEU,Z14,13,0.101878403754
05/15/2023,FEU,Z24,14,0.10083989839
05/15/2023,FEU,Z14,14,0.10083989839
05/15/2023,FEU,Z24,15,0.100972371394
05/15/2023,FEU,Z14,15,0.055407110666
05/15/2023,FEU,Z24,16,0.056388562486
05/15/2023,FEU,Z14,16,0.056388562486
05/15/2023,FEU,Z24,17,0.05637401476
05/15/2023,FEU,Z14,17,0.05637401476
05/15/2023,FEU,Z24,18,0.057033411124
05/15/2023,FEU,Z14,18,0.057033411124
05/15/2023,FEU,Z24,19,0.061348122392
05/15/2023,FEU,Z14,19,0.10692817112
05/15/2023,FEU,Z24,2,0.12788840658
05/15/2023,FEU,Z14,2,0.12788840658
05/15/2023,FEU,Z24,20,0.152062987484
05/15/2023,FEU,Z14,20,0.152062987484
05/15/2023,FEU,Z24,21,0.201427997302
05/15/2023,FEU,Z14,21,0.201427997302
05/15/2023,FEU,Z24,22,0.210562745302
05/15/2023,FEU,Z14,22,0.210562745302
05/15/2023,FEU,Z24,23,0.212594281762
05/15/2023,FEU,Z14,23,0.166519247852
05/15/2023,FEU,Z24,24,0.152223857308
05/15/2023,FEU,Z14,24,0.152223857308
05/15/2023,FEU,Z24,3,0.12309824749
05/15/2023,FEU,Z14,3,0.12309824749
05/15/2023,FEU,Z24,4,0.11613498249
05/15/2023,FEU,Z14,4,0.11613498249
05/15/2023,FEU,Z24,5,0.114144456944
05/15/2023,FEU,Z14,5,0.114144456944
05/15/2023,FEU,Z24,6,0.115210211034
05/15/2023,FEU,Z14,6,0.115210211034
05/15/2023,FEU,Z24,7,0.12441993885
05/15/2023,FEU,Z14,7,0.12441993885
05/15/2023,FEU,Z24,8,0.137158595848
05/15/2023,FEU,Z14,8,0.137158595848
05/15/2023,FEU,Z24,9,0.155386725214
05/15/2023,FEU,Z14,9,0.155386725214
05/16/2023,FEU,Z24,1,0.100608451214
05/16/2023,FEU,Z14,1,0.100608451214
05/16/2023,FEU,Z24,10,0.095561449754
05/16/2023,FEU,Z14,10,0.095561449754
05/16/2023,FEU,Z24,11,0.065951144572
05/16/2023,FEU,Z14,11,0.1115392093
05/16/2023,FEU,Z24,12,0.099056361664
05/16/2023,FEU,Z14,12,0.099056361664
05/16/2023,FEU,Z24,13,0.099139627482
05/16/2023,FEU,Z14,13,0.099139627482
05/16/2023,FEU,Z24,14,0.107991913754
05/16/2023,FEU,Z14,14,0.107991913754
05/16/2023,FEU,Z24,15,0.108842549122
05/16/2023,FEU,Z14,15,0.063248283394
05/16/2023,FEU,Z24,16,0.053839633486
05/16/2023,FEU,Z14,16,0.053839633486
05/16/2023,FEU,Z24,17,0.054962771578
05/16/2023,FEU,Z14,17,0.054962771578
05/16/2023,FEU,Z24,18,0.065605831942
05/16/2023,FEU,Z14,18,0.065605831942
05/16/2023,FEU,Z24,19,0.074115556846
05/16/2023,FEU,Z14,19,0.119737481574
05/16/2023,FEU,Z24,2,0.098462316306
05/16/2023,FEU,Z14,2,0.098462316306
05/16/2023,FEU,Z24,20,0.146655500302
05/16/2023,FEU,Z14,20,0.146655500302
05/16/2023,FEU,Z24,21,0.177536939302
05/16/2023,FEU,Z14,21,0.177536939302
05/16/2023,FEU,Z24,22,0.204490191938
05/16/2023,FEU,Z14,22,0.204490191938
05/16/2023,FEU,Z24,23,0.180323435398
05/16/2023,FEU,Z14,23,0.134384927488
05/16/2023,FEU,Z24,24,0.124522064944
05/16/2023,FEU,Z14,24,0.124522064944
05/16/2023,FEU,Z24,3,0.083027409852
05/16/2023,FEU,Z14,3,0.083027409852
05/16/2023,FEU,Z24,4,0.082665679852
05/16/2023,FEU,Z14,4,0.082665679852
05/16/2023,FEU,Z24,5,0.080860587852
05/16/2023,FEU,Z14,5,0.080860587852
05/16/2023,FEU,Z24,6,0.082561613306
05/16/2023,FEU,Z14,6,0.082561613306
05/16/2023,FEU,Z24,7,0.09880846385
05/16/2023,FEU,Z14,7,0.09880846385
05/16/2023,FEU,Z24,8,0.102282582666
05/16/2023,FEU,Z14,8,0.102282582666
05/16/2023,FEU,Z24,9,0.124378660214
05/16/2023,FEU,Z14,9,0.124378660214
05/17/2023,FEU,Z24,1,0.104628164578
05/17/2023,FEU,Z14,1,0.104628164578
05/17/2023,FEU,Z24,10,0.096995156936
05/17/2023,FEU,Z14,10,0.096995156936
05/17/2023,FEU,Z24,11,0.088598012754
05/17/2023,FEU,Z14,11,0.134265845482
05/17/2023,FEU,Z24,12,0.121500777664
05/17/2023,FEU,Z14,12,0.121500777664
05/17/2023,FEU,Z24,13,0.124005831482
05/17/2023,FEU,Z14,13,0.124005831482
05/17/2023,FEU,Z24,14,0.131367008936
05/17/2023,FEU,Z14,14,0.131367008936
05/17/2023,FEU,Z24,15,0.124099996486
05/17/2023,FEU,Z14,15,0.078450935758
05/17/2023,FEU,Z24,16,0.06928343885
05/17/2023,FEU,Z14,16,0.06928343885
05/17/2023,FEU,Z24,17,0.087984466396
05/17/2023,FEU,Z14,17,0.087984466396
05/17/2023,FEU,Z24,18,0.094514120396
05/17/2023,FEU,Z14,18,0.094514120396
05/17/2023,FEU,Z24,19,0.09016589521
05/17/2023,FEU,Z14,19,0.135843780938
05/17/2023,FEU,Z24,2,0.082736463488
05/17/2023,FEU,Z14,2,0.082736463488
05/17/2023,FEU,Z24,20,0.150824295484
05/17/2023,FEU,Z14,20,0.150824295484
05/17/2023,FEU,Z24,21,0.176406084394
05/17/2023,FEU,Z14,21,0.176406084394
05/17/2023,FEU,Z24,22,0.205386195394
05/17/2023,FEU,Z14,22,0.205386195394
05/17/2023,FEU,Z24,23,0.194993065218
05/17/2023,FEU,Z14,23,0.148988117308
05/17/2023,FEU,Z24,24,0.130269630764
05/17/2023,FEU,Z14,24,0.130269630764
05/17/2023,FEU,Z24,3,0.077189414034
05/17/2023,FEU,Z14,3,0.077189414034
05/17/2023,FEU,Z24,4,0.078578764216
05/17/2023,FEU,Z14,4,0.078578764216
05/17/2023,FEU,Z24,5,0.076382254034
05/17/2023,FEU,Z14,5,0.076382254034
05/17/2023,FEU,Z24,6,0.076474287488
05/17/2023,FEU,Z14,6,0.076474287488
05/17/2023,FEU,Z24,7,0.098657413486
05/17/2023,FEU,Z14,7,0.098657413486
05/17/2023,FEU,Z24,8,0.099449235484
05/17/2023,FEU,Z14,8,0.099449235484
05/17/2023,FEU,Z24,9,0.114953828578
05/17/2023,FEU,Z14,9,0.114953828578
05/18/2023,FEU,Z24,1,0.098326022942
05/18/2023,FEU,Z14,1,0.098326022942
05/18/2023,FEU,Z24,10,0.103818664208
05/18/2023,FEU,Z14,10,0.103818664208
05/18/2023,FEU,Z24,11,0.09438666339
05/18/2023,FEU,Z14,11,0.140014892936
05/18/2023,FEU,Z24,12,0.133143620482
05/18/2023,FEU,Z14,12,0.133143620482
05/18/2023,FEU,Z24,13,0.127299843118
05/18/2023,FEU,Z14,13,0.127299843118
05/18/2023,FEU,Z24,14,0.118576429754
05/18/2023,FEU,Z14,14,0.118576429754
05/18/2023,FEU,Z24,15,0.116253113668
05/18/2023,FEU,Z14,15,0.07063003294
05/18/2023,FEU,Z24,16,0.071108817214
05/18/2023,FEU,Z14,16,0.071108817214
05/18/2023,FEU,Z24,17,0.065342468942
05/18/2023,FEU,Z14,17,0.065342468942
05/18/2023,FEU,Z24,18,0.071578463488
05/18/2023,FEU,Z14,18,0.071578463488
05/18/2023,FEU,Z24,19,0.081368277574
05/18/2023,FEU,Z14,19,0.127018346302
05/18/2023,FEU,Z24,2,0.08796433567
05/18/2023,FEU,Z14,2,0.08796433567
05/18/2023,FEU,Z24,20,0.140547555666
05/18/2023,FEU,Z14,20,0.140547555666
05/18/2023,FEU,Z24,21,0.173015356212
05/18/2023,FEU,Z14,21,0.173015356212
05/18/2023,FEU,Z24,22,0.200291073394
05/18/2023,FEU,Z14,22,0.200291073394
05/18/2023,FEU,Z24,23,0.195564988218
05/18/2023,FEU,Z14,23,0.149557655308
05/18/2023,FEU,Z24,24,0.133838224218
05/18/2023,FEU,Z14,24,0.133838224218
05/18/2023,FEU,Z24,3,0.08683697658
05/18/2023,FEU,Z14,3,0.08683697658
05/18/2023,FEU,Z24,4,0.08833399658
05/18/2023,FEU,Z14,4,0.08833399658
05/18/2023,FEU,Z24,5,0.100840865398
05/18/2023,FEU,Z14,5,0.100840865398
05/18/2023,FEU,Z24,6,0.101464770306
05/18/2023,FEU,Z14,6,0.101464770306
05/18/2023,FEU,Z24,7,0.101632893122
05/18/2023,FEU,Z14,7,0.101632893122
05/18/2023,FEU,Z24,8,0.120683623484
05/18/2023,FEU,Z14,8,0.120683623484
05/18/2023,FEU,Z24,9,0.12973836385
05/18/2023,FEU,Z14,9,0.12973836385
05/19/2023,FEU,Z24,1,0.109314192396
05/19/2023,FEU,Z14,1,0.109314192396
05/19/2023,FEU,Z24,10,0.10425541839
05/19/2023,FEU,Z14,10,0.10425541839
05/19/2023,FEU,Z24,11,0.097453448208
05/19/2023,FEU,Z14,11,0.143150080936
05/19/2023,FEU,Z24,12,0.137915454118
05/19/2023,FEU,Z14,12,0.137915454118
05/19/2023,FEU,Z24,13,0.141065953482
05/19/2023,FEU,Z14,13,0.141065953482
05/19/2023,FEU,Z24,14,0.140829972936
05/19/2023,FEU,Z14,14,0.140829972936
05/19/2023,FEU,Z24,15,0.12881546385
05/19/2023,FEU,Z14,15,0.083148839122
05/19/2023,FEU,Z24,16,0.08428936385
05/19/2023,FEU,Z14,16,0.08428936385
05/19/2023,FEU,Z24,17,0.084289742032
05/19/2023,FEU,Z14,17,0.084289742032
05/19/2023,FEU,Z24,18,0.094278062214
05/19/2023,FEU,Z14,18,0.094278062214
05/19/2023,FEU,Z24,19,0.102098012028
05/19/2023,FEU,Z14,19,0.147816538756
05/19/2023,FEU,Z24,2,0.106341096306
05/19/2023,FEU,Z14,2,0.106341096306
05/19/2023,FEU,Z24,20,0.148925915848
05/19/2023,FEU,Z14,20,0.148925915848
05/19/2023,FEU,Z24,21,0.18531940294
05/19/2023,FEU,Z14,21,0.18531940294
05/19/2023,FEU,Z24,22,0.202367977122
05/19/2023,FEU,Z14,22,0.202367977122
05/19/2023,FEU,Z24,23,0.205158813946
05/19/2023,FEU,Z14,23,0.159108496036
05/19/2023,FEU,Z24,24,0.1493376184
05/19/2023,FEU,Z14,24,0.1493376184
05/19/2023,FEU,Z24,3,0.104219778034
05/19/2023,FEU,Z14,3,0.104219778034
05/19/2023,FEU,Z24,4,0.106991423034
05/19/2023,FEU,Z14,4,0.106991423034
05/19/2023,FEU,Z24,5,0.103929473852
05/19/2023,FEU,Z14,5,0.103929473852
05/19/2023,FEU,Z24,6,0.105430191488
05/19/2023,FEU,Z14,6,0.105430191488
05/19/2023,FEU,Z24,7,0.106012353304
05/19/2023,FEU,Z14,7,0.106012353304
05/19/2023,FEU,Z24,8,0.108041375302
05/19/2023,FEU,Z14,8,0.108041375302
05/19/2023,FEU,Z24,9,0.128723631668
05/19/2023,FEU,Z14,9,0.128723631668
05/20/2023,FEU,Z24,1,0.103771620306
05/20/2023,FEU,Z14,1,0.103771620306
05/20/2023,FEU,Z24,10,0.075072152936
05/20/2023,FEU,Z14,10,0.075072152936
05/20/2023,FEU,Z24,11,0.037447160208
05/20/2023,FEU,Z14,11,0.037447160208
05/20/2023,FEU,Z24,12,0.03108458339
05/20/2023,FEU,Z14,12,0.03108458339
05/20/2023,FEU,Z24,13,0.037170152572
05/20/2023,FEU,Z14,13,0.037170152572
05/20/2023,FEU,Z24,14,0.03131701839
05/20/2023,FEU,Z14,14,0.03131701839
05/20/2023,FEU,Z24,15,0.032457800572
05/20/2023,FEU,Z14,15,0.032457800572
05/20/2023,FEU,Z24,16,0.03281713021
05/20/2023,FEU,Z14,16,0.03281713021
05/20/2023,FEU,Z24,17,0.03520629112
05/20/2023,FEU,Z14,17,0.03520629112
05/20/2023,FEU,Z24,18,0.058408175848
05/20/2023,FEU,Z14,18,0.058408175848
05/20/2023,FEU,Z24,19,0.087044620576
05/20/2023,FEU,Z14,19,0.087044620576
05/20/2023,FEU,Z24,2,0.098290713034
05/20/2023,FEU,Z14,2,0.098290713034
05/20/2023,FEU,Z24,20,0.096855717668
05/20/2023,FEU,Z14,20,0.096855717668
05/20/2023,FEU,Z24,21,0.103648789942
05/20/2023,FEU,Z14,21,0.103648789942
05/20/2023,FEU,Z24,22,0.114580691306
05/20/2023,FEU,Z14,22,0.114580691306
05/20/2023,FEU,Z24,23,0.112264504216
05/20/2023,FEU,Z14,23,0.112264504216
05/20/2023,FEU,Z24,24,0.103409884126
05/20/2023,FEU,Z14,24,0.103409884126
05/20/2023,FEU,Z24,3,0.099974644216
05/20/2023,FEU,Z14,3,0.099974644216
05/20/2023,FEU,Z24,4,0.094947721762
05/20/2023,FEU,Z14,4,0.094947721762
05/20/2023,FEU,Z24,5,0.094560646762
05/20/2023,FEU,Z14,5,0.094560646762
05/20/2023,FEU,Z24,6,0.09043672658
05/20/2023,FEU,Z14,6,0.09043672658
05/20/2023,FEU,Z24,7,0.09915310567
05/20/2023,FEU,Z14,7,0.09915310567
05/20/2023,FEU,Z24,8,0.098039060214
05/20/2023,FEU,Z14,8,0.098039060214
05/20/2023,FEU,Z24,9,0.094371107574
05/20/2023,FEU,Z14,9,0.094371107574
05/21/2023,FEU,Z24,1,0.085077536944
05/21/2023,FEU,Z14,1,0.085077536944
05/21/2023,FEU,Z24,10,0.037377801846
05/21/2023,FEU,Z14,10,0.037377801846
05/21/2023,FEU,Z24,11,0.02978166748
05/21/2023,FEU,Z14,11,0.02978166748
05/21/2023,FEU,Z24,12,0.02936556748
05/21/2023,FEU,Z14,12,0.02936556748
05/21/2023,FEU,Z24,13,0.029260749662
05/21/2023,FEU,Z14,13,0.029260749662
05/21/2023,FEU,Z24,14,0.03069594748
05/21/2023,FEU,Z14,14,0.03069594748
05/21/2023,FEU,Z24,15,0.032472075844
05/21/2023,FEU,Z14,15,0.032472075844
05/21/2023,FEU,Z24,16,0.030775038482
05/21/2023,FEU,Z14,16,0.030775038482
05/21/2023,FEU,Z24,17,0.032764426756
05/21/2023,FEU,Z14,17,0.032764426756
05/21/2023,FEU,Z24,18,0.03701263703
05/21/2023,FEU,Z14,18,0.03701263703
05/21/2023,FEU,Z24,19,0.07529869294
05/21/2023,FEU,Z14,19,0.07529869294
05/21/2023,FEU,Z24,2,0.073234505672
05/21/2023,FEU,Z14,2,0.073234505672
05/21/2023,FEU,Z24,20,0.096957481304
05/21/2023,FEU,Z14,20,0.096957481304
05/21/2023,FEU,Z24,21,0.109547198758
05/21/2023,FEU,Z14,21,0.109547198758
05/21/2023,FEU,Z24,22,0.12326923703
05/21/2023,FEU,Z14,22,0.12326923703
05/21/2023,FEU,Z24,23,0.12254914294
05/21/2023,FEU,Z14,23,0.12254914294
05/21/2023,FEU,Z24,24,0.121134037668
05/21/2023,FEU,Z14,24,0.121134037668
05/21/2023,FEU,Z24,3,0.0671700184
05/21/2023,FEU,Z14,3,0.0671700184
05/21/2023,FEU,Z24,4,0.0613104184
05/21/2023,FEU,Z14,4,0.0613104184
05/21/2023,FEU,Z24,5,0.063062870218
05/21/2023,FEU,Z14,5,0.063062870218
05/21/2023,FEU,Z24,6,0.061456210218
05/21/2023,FEU,Z14,6,0.061456210218
05/21/2023,FEU,Z24,7,0.064091085672
05/21/2023,FEU,Z14,7,0.064091085672
05/21/2023,FEU,Z24,8,0.060426586762
05/21/2023,FEU,Z14,8,0.060426586762
05/21/2023,FEU,Z24,9,0.05692267294
05/21/2023,FEU,Z14,9,0.05692267294
05/22/2023,FEU,Z24,1,0.126662670306
05/22/2023,FEU,Z14,1,0.126662670306
05/22/2023,FEU,Z24,10,0.168718694572
05/22/2023,FEU,Z14,10,0.168718694572
05/22/2023,FEU,Z24,11,0.154525320208
05/22/2023,FEU,Z14,11,0.200310502754
05/22/2023,FEU,Z24,12,0.192205268936
05/22/2023,FEU,Z14,12,0.192205268936
05/22/2023,FEU,Z24,13,0.190633263754
05/22/2023,FEU,Z14,13,0.190633263754
05/22/2023,FEU,Z24,14,0.18739502839
05/22/2023,FEU,Z14,14,0.18739502839
05/22/2023,FEU,Z24,15,0.185824941394
05/22/2023,FEU,Z14,15,0.139970003666
05/22/2023,FEU,Z24,16,0.133139125486
05/22/2023,FEU,Z14,16,0.133139125486
05/22/2023,FEU,Z24,17,0.14085493476
05/22/2023,FEU,Z14,17,0.14085493476
05/22/2023,FEU,Z24,18,0.142101951124
05/22/2023,FEU,Z14,18,0.142101951124
05/22/2023,FEU,Z24,19,0.146164998392
05/22/2023,FEU,Z14,19,0.19203737112
05/22/2023,FEU,Z24,2,0.12229540658
05/22/2023,FEU,Z14,2,0.12229540658
05/22/2023,FEU,Z24,20,0.196277087484
05/22/2023,FEU,Z14,20,0.196277087484
05/22/2023,FEU,Z24,21,0.196395062302
05/22/2023,FEU,Z14,21,0.196395062302
05/22/2023,FEU,Z24,22,0.207958622302
05/22/2023,FEU,Z14,22,0.207958622302
05/22/2023,FEU,Z24,23,0.209136808762
05/22/2023,FEU,Z14,23,0.163075103852
05/22/2023,FEU,Z24,24,0.153484721308
05/22/2023,FEU,Z14,24,0.153484721308
05/22/2023,FEU,Z24,3,0.12338982749
05/22/2023,FEU,Z14,3,0.12338982749
05/22/2023,FEU,Z24,4,0.12505207249
05/22/2023,FEU,Z14,4,0.12505207249
05/22/2023,FEU,Z24,5,0.122991480944
05/22/2023,FEU,Z14,5,0.122991480944
05/22/2023,FEU,Z24,6,0.124392843034
05/22/2023,FEU,Z14,6,0.124392843034
05/22/2023,FEU,Z24,7,0.12906001385
05/22/2023,FEU,Z14,7,0.12906001385
05/22/2023,FEU,Z24,8,0.140147747848
05/22/2023,FEU,Z14,8,0.140147747848
05/22/2023,FEU,Z24,9,0.179321020214
05/22/2023,FEU,Z14,9,0.179321020214
05/23/2023,FEU,Z24,1,0.131688313214
05/23/2023,FEU,Z14,1,0.131688313214
05/23/2023,FEU,Z24,10,0.155764038754
05/23/2023,FEU,Z14,10,0.155764038754
05/23/2023,FEU,Z24,11,0.142285058572
05/23/2023,FEU,Z14,11,0.1881395593
05/23/2023,FEU,Z24,12,0.180456681664
05/23/2023,FEU,Z14,12,0.180456681664
05/23/2023,FEU,Z24,13,0.178446980482
05/23/2023,FEU,Z14,13,0.178446980482
05/23/2023,FEU,Z24,14,0.164863614754
05/23/2023,FEU,Z14,14,0.164863614754
05/23/2023,FEU,Z24,15,0.167297698122
05/23/2023,FEU,Z14,15,0.121502589394
05/23/2023,FEU,Z24,16,0.119409160486
05/23/2023,FEU,Z14,16,0.119409160486
05/23/2023,FEU,Z24,17,0.116066804578
05/23/2023,FEU,Z14,17,0.116066804578
05/23/2023,FEU,Z24,18,0.122137939942
05/23/2023,FEU,Z14,18,0.122137939942
05/23/2023,FEU,Z24,19,0.138976418846
05/23/2023,FEU,Z14,19,0.184823359574
05/23/2023,FEU,Z24,2,0.130674223306
05/23/2023,FEU,Z14,2,0.130674223306
05/23/2023,FEU,Z24,20,0.203290241302
05/23/2023,FEU,Z14,20,0.203290241302
05/23/2023,FEU,Z24,21,0.205860695302
05/23/2023,FEU,Z14,21,0.205860695302
05/23/2023,FEU,Z24,22,0.210891348938
05/23/2023,FEU,Z14,22,0.210891348938
05/23/2023,FEU,Z24,23,0.214472704398
05/23/2023,FEU,Z14,23,0.168389407488
05/23/2023,FEU,Z24,24,0.162339456944
05/23/2023,FEU,Z14,24,0.162339456944
05/23/2023,FEU,Z24,3,0.119775619852
05/23/2023,FEU,Z14,3,0.119775619852
05/23/2023,FEU,Z24,4,0.119498095852
05/23/2023,FEU,Z14,4,0.119498095852
05/23/2023,FEU,Z24,5,0.119065205852
05/23/2023,FEU,Z14,5,0.119065205852
05/23/2023,FEU,Z24,6,0.118591061306
05/23/2023,FEU,Z14,6,0.118591061306
05/23/2023,FEU,Z24,7,0.11652276385
05/23/2023,FEU,Z14,7,0.11652276385
05/23/2023,FEU,Z24,8,0.129568888666
05/23/2023,FEU,Z14,8,0.129568888666
05/23/2023,FEU,Z24,9,0.164134189214
05/23/2023,FEU,Z14,9,0.164134189214
05/24/2023,FEU,Z24,1,0.130266698578
05/24/2023,FEU,Z14,1,0.130266698578
05/24/2023,FEU,Z24,10,0.160047908936
05/24/2023,FEU,Z14,10,0.160047908936
05/24/2023,FEU,Z24,11,0.146844966754
05/24/2023,FEU,Z14,11,0.192714776482
05/24/2023,FEU,Z24,12,0.186339945664
05/24/2023,FEU,Z14,12,0.186339945664
05/24/2023,FEU,Z24,13,0.185937688482
05/24/2023,FEU,Z14,13,0.185937688482
05/24/2023,FEU,Z24,14,0.183172804936
05/24/2023,FEU,Z14,14,0.183172804936
05/24/2023,FEU,Z24,15,0.181809250486
05/24/2023,FEU,Z14,15,0.135963397758
05/24/2023,FEU,Z24,16,0.13584601385
05/24/2023,FEU,Z14,16,0.13584601385
05/24/2023,FEU,Z24,17,0.130727018396
05/24/2023,FEU,Z14,17,0.130727018396
05/24/2023,FEU,Z24,18,0.131145208396
05/24/2023,FEU,Z14,18,0.131145208396
05/24/2023,FEU,Z24,19,0.13520512021
05/24/2023,FEU,Z14,19,0.181038985938
05/24/2023,FEU,Z24,2,0.126995567488
05/24/2023,FEU,Z14,2,0.126995567488
05/24/2023,FEU,Z24,20,0.194838531484
05/24/2023,FEU,Z14,20,0.194838531484
05/24/2023,FEU,Z24,21,0.202969338394
05/24/2023,FEU,Z14,21,0.202969338394
05/24/2023,FEU,Z24,22,0.212222481394
05/24/2023,FEU,Z14,22,0.212222481394
05/24/2023,FEU,Z24,23,0.213009239218
05/24/2023,FEU,Z14,23,0.166927967308
05/24/2023,FEU,Z24,24,0.163022928764
05/24/2023,FEU,Z14,24,0.163022928764
05/24/2023,FEU,Z24,3,0.116655977034
05/24/2023,FEU,Z14,3,0.116655977034
05/24/2023,FEU,Z24,4,0.114158176216
05/24/2023,FEU,Z14,4,0.114158176216
05/24/2023,FEU,Z24,5,0.113703908034
05/24/2023,FEU,Z14,5,0.113703908034
05/24/2023,FEU,Z24,6,0.113725295488
05/24/2023,FEU,Z14,6,0.113725295488
05/24/2023,FEU,Z24,7,0.112197352486
05/24/2023,FEU,Z14,7,0.112197352486
05/24/2023,FEU,Z24,8,0.130522277484
05/24/2023,FEU,Z14,8,0.130522277484
05/24/2023,FEU,Z24,9,0.162041909578
05/24/2023,FEU,Z14,9,0.162041909578
05/25/2023,FEU,Z24,1,0.133887113942
05/25/2023,FEU,Z14,1,0.133887113942
05/25/2023,FEU,Z24,10,0.141854376208
05/25/2023,FEU,Z14,10,0.141854376208
05/25/2023,FEU,Z24,11,0.12902749339
05/25/2023,FEU,Z14,11,0.174746484936
05/25/2023,FEU,Z24,12,0.156712647482
05/25/2023,FEU,Z14,12,0.156712647482
05/25/2023,FEU,Z24,13,0.138871422118
05/25/2023,FEU,Z14,13,0.138871422118
05/25/2023,FEU,Z24,14,0.134727336754
05/25/2023,FEU,Z14,14,0.134727336754
05/25/2023,FEU,Z24,15,0.136062015668
05/25/2023,FEU,Z14,15,0.09037144294
05/25/2023,FEU,Z24,16,0.087407913214
05/25/2023,FEU,Z14,16,0.087407913214
05/25/2023,FEU,Z24,17,0.096120509942
05/25/2023,FEU,Z14,17,0.096120509942
05/25/2023,FEU,Z24,18,0.132484607488
05/25/2023,FEU,Z14,18,0.132484607488
05/25/2023,FEU,Z24,19,0.133650793574
05/25/2023,FEU,Z14,19,0.179481614302
05/25/2023,FEU,Z24,2,0.12601705567
05/25/2023,FEU,Z14,2,0.12601705567
05/25/2023,FEU,Z24,20,0.184812498666
05/25/2023,FEU,Z14,20,0.184812498666
05/25/2023,FEU,Z24,21,0.200466494212
05/25/2023,FEU,Z14,21,0.200466494212
05/25/2023,FEU,Z24,22,0.209022567394
05/25/2023,FEU,Z14,22,0.209022567394
05/25/2023,FEU,Z24,23,0.218145755218
05/25/2023,FEU,Z14,23,0.172043063308
05/25/2023,FEU,Z24,24,0.164171725218
05/25/2023,FEU,Z14,24,0.164171725218
05/25/2023,FEU,Z24,3,0.11639895658
05/25/2023,FEU,Z14,3,0.11639895658
05/25/2023,FEU,Z24,4,0.11465917658
05/25/2023,FEU,Z14,4,0.11465917658
05/25/2023,FEU,Z24,5,0.113068541398
05/25/2023,FEU,Z14,5,0.113068541398
05/25/2023,FEU,Z24,6,0.115000656306
05/25/2023,FEU,Z14,6,0.115000656306
05/25/2023,FEU,Z24,7,0.134920910122
05/25/2023,FEU,Z14,7,0.134920910122
05/25/2023,FEU,Z24,8,0.140171525484
05/25/2023,FEU,Z14,8,0.140171525484
05/25/2023,FEU,Z24,9,0.16658753885
05/25/2023,FEU,Z14,9,0.16658753885
05/26/2023,FEU,Z24,1,0.123592730396
05/26/2023,FEU,Z14,1,0.123592730396
05/26/2023,FEU,Z24,10,0.14029200339
05/26/2023,FEU,Z14,10,0.14029200339
05/26/2023,FEU,Z24,11,0.110333744208
05/26/2023,FEU,Z14,11,0.156075412936
05/26/2023,FEU,Z24,12,0.131791284118
05/26/2023,FEU,Z14,12,0.131791284118
05/26/2023,FEU,Z24,13,0.117753599482
05/26/2023,FEU,Z14,13,0.117753599482
05/26/2023,FEU,Z24,14,0.114094200936
05/26/2023,FEU,Z14,14,0.114094200936
05/26/2023,FEU,Z24,15,0.09660636385
05/26/2023,FEU,Z14,15,0.051050558122
05/26/2023,FEU,Z24,16,0.05079363885
05/26/2023,FEU,Z14,16,0.05079363885
05/26/2023,FEU,Z24,17,0.072840206032
05/26/2023,FEU,Z14,17,0.072840206032
05/26/2023,FEU,Z24,18,0.110816089214
05/26/2023,FEU,Z14,18,0.110816089214
05/26/2023,FEU,Z24,19,0.125071844028
05/26/2023,FEU,Z14,19,0.170871160756
05/26/2023,FEU,Z24,2,0.113355103306
05/26/2023,FEU,Z14,2,0.113355103306
05/26/2023,FEU,Z24,20,0.191846087848
05/26/2023,FEU,Z14,20,0.191846087848
05/26/2023,FEU,Z24,21,0.20093890294
05/26/2023,FEU,Z14,21,0.20093890294
05/26/2023,FEU,Z24,22,0.231066845122
05/26/2023,FEU,Z14,22,0.231066845122
05/26/2023,FEU,Z24,23,0.231527370946
05/26/2023,FEU,Z14,23,0.185367458036
05/26/2023,FEU,Z24,24,0.1644192184
05/26/2023,FEU,Z14,24,0.1644192184
05/26/2023,FEU,Z24,3,0.111835570034
05/26/2023,FEU,Z14,3,0.111835570034
05/26/2023,FEU,Z24,4,0.105424583034
05/26/2023,FEU,Z14,4,0.105424583034
05/26/2023,FEU,Z24,5,0.098848649852
05/26/2023,FEU,Z14,5,0.098848649852
05/26/2023,FEU,Z24,6,0.099035407488
05/26/2023,FEU,Z14,6,0.099035407488
05/26/2023,FEU,Z24,7,0.110164749304
05/26/2023,FEU,Z14,7,0.110164749304
05/26/2023,FEU,Z24,8,0.129528002302
05/26/2023,FEU,Z14,8,0.129528002302
05/26/2023,FEU,Z24,9,0.156100137668
05/26/2023,FEU,Z14,9,0.156100137668
05/27/2023,FEU,Z24,1,0.134828919306
05/27/2023,FEU,Z14,1,0.134828919306
05/27/2023,FEU,Z24,10,0.122170000936
05/27/2023,FEU,Z14,10,0.122170000936
05/27/2023,FEU,Z24,11,0.120698328208
05/27/2023,FEU,Z14,11,0.120698328208
05/27/2023,FEU,Z24,12,0.11960338839
05/27/2023,FEU,Z14,12,0.11960338839
05/27/2023,FEU,Z24,13,0.121206332572
05/27/2023,FEU,Z14,13,0.121206332572
05/27/2023,FEU,Z24,14,0.11604701839
05/27/2023,FEU,Z14,14,0.11604701839
05/27/2023,FEU,Z24,15,0.098553350572
05/27/2023,FEU,Z14,15,0.098553350572
05/27/2023,FEU,Z24,16,0.09311159521
05/27/2023,FEU,Z14,16,0.09311159521
05/27/2023,FEU,Z24,17,0.08967409112
05/27/2023,FEU,Z14,17,0.08967409112
05/27/2023,FEU,Z24,18,0.091319111848
05/27/2023,FEU,Z14,18,0.091319111848
05/27/2023,FEU,Z24,19,0.121053276576
05/27/2023,FEU,Z14,19,0.121053276576
05/27/2023,FEU,Z24,2,0.127983518034
05/27/2023,FEU,Z14,2,0.127983518034
05/27/2023,FEU,Z24,20,0.129811071668
05/27/2023,FEU,Z14,20,0.129811071668
05/27/2023,FEU,Z24,21,0.136728599942
05/27/2023,FEU,Z14,21,0.136728599942
05/27/2023,FEU,Z24,22,0.144905713306
05/27/2023,FEU,Z14,22,0.144905713306
05/27/2023,FEU,Z24,23,0.146927968216
05/27/2023,FEU,Z14,23,0.146927968216
05/27/2023,FEU,Z24,24,0.148453985126
05/27/2023,FEU,Z14,24,0.148453985126
05/27/2023,FEU,Z24,3,0.124024516216
05/27/2023,FEU,Z14,3,0.124024516216
05/27/2023,FEU,Z24,4,0.122213284762
05/27/2023,FEU,Z14,4,0.122213284762
05/27/2023,FEU,Z24,5,0.125998282762
05/27/2023,FEU,Z14,5,0.125998282762
05/27/2023,FEU,Z24,6,0.12817876658
05/27/2023,FEU,Z14,6,0.12817876658
05/27/2023,FEU,Z24,7,0.13068477067
05/27/2023,FEU,Z14,7,0.13068477067
05/27/2023,FEU,Z24,8,0.126657815214
05/27/2023,FEU,Z14,8,0.126657815214
05/27/2023,FEU,Z24,9,0.125216727574
05/27/2023,FEU,Z14,9,0.125216727574
05/28/2023,FEU,Z24,1,0.145693120944
05/28/2023,FEU,Z14,1,0.145693120944
05/28/2023,FEU,Z24,10,0.120171272846
05/28/2023,FEU,Z14,10,0.120171272846
05/28/2023,FEU,Z24,11,0.11599302748
05/28/2023,FEU,Z14,11,0.11599302748
05/28/2023,FEU,Z24,12,0.11307690748
05/28/2023,FEU,Z14,12,0.11307690748
05/28/2023,FEU,Z24,13,0.103860470662
05/28/2023,FEU,Z14,13,0.103860470662
05/28/2023,FEU,Z24,14,0.10273026748
05/28/2023,FEU,Z14,14,0.10273026748
05/28/2023,FEU,Z24,15,0.100829911844
05/28/2023,FEU,Z14,15,0.100829911844
05/28/2023,FEU,Z24,16,0.086630766482
05/28/2023,FEU,Z14,16,0.086630766482
05/28/2023,FEU,Z24,17,0.083645788756
05/28/2023,FEU,Z14,17,0.083645788756
05/28/2023,FEU,Z24,18,0.08551624703
05/28/2023,FEU,Z14,18,0.08551624703
05/28/2023,FEU,Z24,19,0.09336466294
05/28/2023,FEU,Z14,19,0.09336466294
05/28/2023,FEU,Z24,2,0.141290493672
05/28/2023,FEU,Z14,2,0.141290493672
05/28/2023,FEU,Z24,20,0.112330605304
05/28/2023,FEU,Z14,20,0.112330605304
05/28/2023,FEU,Z24,21,0.139015350758
05/28/2023,FEU,Z14,21,0.139015350758
05/28/2023,FEU,Z24,22,0.14410992203
05/28/2023,FEU,Z14,22,0.14410992203
05/28/2023,FEU,Z24,23,0.15244732294
05/28/2023,FEU,Z14,23,0.15244732294
05/28/2023,FEU,Z24,24,0.143744103668
05/28/2023,FEU,Z14,24,0.143744103668
05/28/2023,FEU,Z24,3,0.1414116184
05/28/2023,FEU,Z14,3,0.1414116184
05/28/2023,FEU,Z24,4,0.1421916184
05/28/2023,FEU,Z14,4,0.1421916184
05/28/2023,FEU,Z24,5,0.141844364218
05/28/2023,FEU,Z14,5,0.141844364218
05/28/2023,FEU,Z24,6,0.141929493218
05/28/2023,FEU,Z14,6,0.141929493218
05/28/2023,FEU,Z24,7,0.139518021672
05/28/2023,FEU,Z14,7,0.139518021672
05/28/2023,FEU,Z24,8,0.130665811762
05/28/2023,FEU,Z14,8,0.130665811762
05/28/2023,FEU,Z24,9,0.12491371294
05/28/2023,FEU,Z14,9,0.12491371294
05/29/2023,FEU,Z24,1,0.130037769306
05/29/2023,FEU,Z14,1,0.130037769306
05/29/2023,FEU,Z24,10,0.160365500572
05/29/2023,FEU,Z14,10,0.160365500572
05/29/2023,FEU,Z24,11,0.159159664208
05/29/2023,FEU,Z14,11,0.204956999754
05/29/2023,FEU,Z24,12,0.188370948936
05/29/2023,FEU,Z14,12,0.188370948936
05/29/2023,FEU,Z24,13,0.188351880754
05/29/2023,FEU,Z14,13,0.188351880754
05/29/2023,FEU,Z24,14,0.18788279839
05/29/2023,FEU,Z14,14,0.18788279839
05/29/2023,FEU,Z24,15,0.189521997394
05/29/2023,FEU,Z14,15,0.143653224666
05/29/2023,FEU,Z24,16,0.141987064486
05/29/2023,FEU,Z14,16,0.141987064486
05/29/2023,FEU,Z24,17,0.14085493476
05/29/2023,FEU,Z14,17,0.14085493476
05/29/2023,FEU,Z24,18,0.142233153124
05/29/2023,FEU,Z14,18,0.142233153124
05/29/2023,FEU,Z24,19,0.145003218392
05/29/2023,FEU,Z14,19,0.19087157112
05/29/2023,FEU,Z24,2,0.13165832658
05/29/2023,FEU,Z14,2,0.13165832658
05/29/2023,FEU,Z24,20,0.192938661484
05/29/2023,FEU,Z14,20,0.192938661484
05/29/2023,FEU,Z24,21,0.232439468302
05/29/2023,FEU,Z14,21,0.232439468302
05/29/2023,FEU,Z24,22,0.244733297302
05/29/2023,FEU,Z14,22,0.244733297302
05/29/2023,FEU,Z24,23,0.246594949762
05/29/2023,FEU,Z14,23,0.200377175852
05/29/2023,FEU,Z24,24,0.189329795308
05/29/2023,FEU,Z14,24,0.189329795308
05/29/2023,FEU,Z24,3,0.12525761249
05/29/2023,FEU,Z14,3,0.12525761249
05/29/2023,FEU,Z24,4,0.12655657749
05/29/2023,FEU,Z14,4,0.12655657749
05/29/2023,FEU,Z24,5,0.126258752944
05/29/2023,FEU,Z14,5,0.126258752944
05/29/2023,FEU,Z24,6,0.126404808034
05/29/2023,FEU,Z14,6,0.126404808034
05/29/2023,FEU,Z24,7,0.13891356385
05/29/2023,FEU,Z14,7,0.13891356385
05/29/2023,FEU,Z24,8,0.150346715848
05/29/2023,FEU,Z14,8,0.150346715848
05/29/2023,FEU,Z24,9,0.174086901214
05/29/2023,FEU,Z14,9,0.174086901214
05/30/2023,FEU,Z24,1,0.127780673214
05/30/2023,FEU,Z14,1,0.127780673214
05/30/2023,FEU,Z24,10,0.155729628754
05/30/2023,FEU,Z14,10,0.155729628754
05/30/2023,FEU,Z24,11,0.150766604572
05/30/2023,FEU,Z14,11,0.1966507093
05/30/2023,FEU,Z24,12,0.186889449664
05/30/2023,FEU,Z14,12,0.186889449664
05/30/2023,FEU,Z24,13,0.187573259482
05/30/2023,FEU,Z14,13,0.187573259482
05/30/2023,FEU,Z24,14,0.183949694754
05/30/2023,FEU,Z14,14,0.183949694754
05/30/2023,FEU,Z24,15,0.184321696122
05/30/2023,FEU,Z14,15,0.138469602394
05/30/2023,FEU,Z24,16,0.132757900486
05/30/2023,FEU,Z14,16,0.132757900486
05/30/2023,FEU,Z24,17,0.133183526578
05/30/2023,FEU,Z14,17,0.133183526578
05/30/2023,FEU,Z24,18,0.138971913942
05/30/2023,FEU,Z14,18,0.138971913942
05/30/2023,FEU,Z24,19,0.144805986846
05/30/2023,FEU,Z14,19,0.190673151574
05/30/2023,FEU,Z24,2,0.121233883306
05/30/2023,FEU,Z14,2,0.121233883306
05/30/2023,FEU,Z24,20,0.206261240302
05/30/2023,FEU,Z14,20,0.206261240302
05/30/2023,FEU,Z24,21,0.212401769302
05/30/2023,FEU,Z14,21,0.212401769302
05/30/2023,FEU,Z24,22,0.233906770938
05/30/2023,FEU,Z14,22,0.233906770938
05/30/2023,FEU,Z24,23,0.236731973398
05/30/2023,FEU,Z14,23,0.190555071488
05/30/2023,FEU,Z24,24,0.164723456944
05/30/2023,FEU,Z14,24,0.164723456944
05/30/2023,FEU,Z24,3,0.121509551852
05/30/2023,FEU,Z14,3,0.121509551852
05/30/2023,FEU,Z24,4,0.122556789852
05/30/2023,FEU,Z14,4,0.122556789852
05/30/2023,FEU,Z24,5,0.122533069852
05/30/2023,FEU,Z14,5,0.122533069852
05/30/2023,FEU,Z24,6,0.121954330306
05/30/2023,FEU,Z14,6,0.121954330306
05/30/2023,FEU,Z24,7,0.13576456385
05/30/2023,FEU,Z14,7,0.13576456385
05/30/2023,FEU,Z24,8,0.145497336666
05/30/2023,FEU,Z14,8,0.145497336666
05/30/2023,FEU,Z24,9,0.172808679214
05/30/2023,FEU,Z14,9,0.172808679214
05/31/2023,FEU,Z24,1,0.137317118578
05/31/2023,FEU,Z14,1,0.137317118578
05/31/2023,FEU,Z24,10,0.152064716936
05/31/2023,FEU,Z14,10,0.152064716936
05/31/2023,FEU,Z24,11,0.136364827754
05/31/2023,FEU,Z14,11,0.182198089482
05/31/2023,FEU,Z24,12,0.169978089664
05/31/2023,FEU,Z14,12,0.169978089664
05/31/2023,FEU,Z24,13,0.171284307482
05/31/2023,FEU,Z14,13,0.171284307482
05/31/2023,FEU,Z24,14,0.169209680936
05/31/2023,FEU,Z14,14,0.169209680936
05/31/2023,FEU,Z24,15,0.169876321486
05/31/2023,FEU,Z14,15,0.124071160758
05/31/2023,FEU,Z24,16,0.12280821385
05/31/2023,FEU,Z14,16,0.12280821385
05/31/2023,FEU,Z24,17,0.123204310396
05/31/2023,FEU,Z14,17,0.123204310396
05/31/2023,FEU,Z24,18,0.126935036396
05/31/2023,FEU,Z14,18,0.126935036396
05/31/2023,FEU,Z24,19,0.13987132021
05/31/2023,FEU,Z14,19,0.185722504938
05/31/2023,FEU,Z24,2,0.132597071488
05/31/2023,FEU,Z14,2,0.132597071488
05/31/2023,FEU,Z24,20,0.191534965484
05/31/2023,FEU,Z14,20,0.191534965484
05/31/2023,FEU,Z24,21,0.212388195394
05/31/2023,FEU,Z14,21,0.212388195394
05/31/2023,FEU,Z24,22,0.228086679394
05/31/2023,FEU,Z14,22,0.228086679394
05/31/2023,FEU,Z24,23,0.227713775218
05/31/2023,FEU,Z14,23,0.181571183308
05/31/2023,FEU,Z24,24,0.160667008764
05/31/2023,FEU,Z14,24,0.160667008764
05/31/2023,FEU,Z24,3,0.132815795034
05/31/2023,FEU,Z14,3,0.132815795034
05/31/2023,FEU,Z24,4,0.134191420216
05/31/2023,FEU,Z14,4,0.134191420216
05/31/2023,FEU,Z24,5,0.125188133034
05/31/2023,FEU,Z14,5,0.125188133034
05/31/2023,FEU,Z24,6,0.134459503488
05/31/2023,FEU,Z14,6,0.134459503488
05/31/2023,FEU,Z24,7,0.136205143486
05/31/2023,FEU,Z14,7,0.136205143486
05/31/2023,FEU,Z24,8,0.138497083484
05/31/2023,FEU,Z14,8,0.138497083484
05/31/2023,FEU,Z24,9,0.160677806578
05/31/2023,FEU,Z14,9,0.160677806578
06/01/2023,FEU,Z24,1,0.125713596576
06/01/2023,FEU,Z14,1,0.125713596576
06/01/2023,FEU,Z24,10,0.14342592748
06/01/2023,FEU,Z14,10,0.14342592748
06/01/2023,FEU,Z24,11,0.130628746298
06/01/2023,FEU,Z14,11,0.176347917844
06/01/2023,FEU,Z24,12,0.173096291026
06/01/2023,FEU,Z14,12,0.173096291026
06/01/2023,FEU,Z24,13,0.173026568026
06/01/2023,FEU,Z14,13,0.173026568026
06/01/2023,FEU,Z24,14,0.171878254662
06/01/2023,FEU,Z14,14,0.171878254662
06/01/2023,FEU,Z24,15,0.170733424208
06/01/2023,FEU,Z14,15,0.12494310748
06/01/2023,FEU,Z24,16,0.123572510026
06/01/2023,FEU,Z14,16,0.123572510026
06/01/2023,FEU,Z24,17,0.122517344208
06/01/2023,FEU,Z14,17,0.122517344208
06/01/2023,FEU,Z24,18,0.12805080839
06/01/2023,FEU,Z14,18,0.12805080839
06/01/2023,FEU,Z24,19,0.14570899839
06/01/2023,FEU,Z14,19,0.191573754118
06/01/2023,FEU,Z24,2,0.118291397304
06/01/2023,FEU,Z14,2,0.118291397304
06/01/2023,FEU,Z24,20,0.204660302028
06/01/2023,FEU,Z14,20,0.204660302028
06/01/2023,FEU,Z24,21,0.208456241574
06/01/2023,FEU,Z14,21,0.208456241574
06/01/2023,FEU,Z24,22,0.208950280574
06/01/2023,FEU,Z14,22,0.208950280574
06/01/2023,FEU,Z24,23,0.207598499848
06/01/2023,FEU,Z14,23,0.16166929112
06/01/2023,FEU,Z24,24,0.151185975666
06/01/2023,FEU,Z14,24,0.151185975666
06/01/2023,FEU,Z24,3,0.120284822032
06/01/2023,FEU,Z14,3,0.120284822032
06/01/2023,FEU,Z24,4,0.124331438032
06/01/2023,FEU,Z14,4,0.124331438032
06/01/2023,FEU,Z24,5,0.115126886032
06/01/2023,FEU,Z14,5,0.115126886032
06/01/2023,FEU,Z24,6,0.113208363668
06/01/2023,FEU,Z14,6,0.113208363668
06/01/2023,FEU,Z24,7,0.120720838212
06/01/2023,FEU,Z14,7,0.120720838212
06/01/2023,FEU,Z24,8,0.130991818392
06/01/2023,FEU,Z14,8,0.130991818392
06/01/2023,FEU,Z24,9,0.156244752208
06/01/2023,FEU,Z14,9,0.156244752208
06/02/2023,FEU,Z24,1,0.12339271294
06/02/2023,FEU,Z14,1,0.12339271294
06/02/2023,FEU,Z24,10,0.142838902752
06/02/2023,FEU,Z14,10,0.142838902752
06/02/2023,FEU,Z24,11,0.145837573206
06/02/2023,FEU,Z14,11,0.191697417934
06/02/2023,FEU,Z24,12,0.183063039934
06/02/2023,FEU,Z14,12,0.183063039934
06/02/2023,FEU,Z24,13,0.182085577116
06/02/2023,FEU,Z14,13,0.182085577116
06/02/2023,FEU,Z24,14,0.183017559934
06/02/2023,FEU,Z14,14,0.183017559934
06/02/2023,FEU,Z24,15,0.179709965844
06/02/2023,FEU,Z14,15,0.133889417116
06/02/2023,FEU,Z24,16,0.133599975662
06/02/2023,FEU,Z14,16,0.133599975662
06/02/2023,FEU,Z24,17,0.136858742026
06/02/2023,FEU,Z14,17,0.136858742026
06/02/2023,FEU,Z24,18,0.14727764839
06/02/2023,FEU,Z14,18,0.14727764839
06/02/2023,FEU,Z24,19,0.146576568754
06/02/2023,FEU,Z14,19,0.1923428093
06/02/2023,FEU,Z24,2,0.113494819668
06/02/2023,FEU,Z14,2,0.113494819668
06/02/2023,FEU,Z24,20,0.195805806392
06/02/2023,FEU,Z14,20,0.195805806392
06/02/2023,FEU,Z24,21,0.20595737112
06/02/2023,FEU,Z14,21,0.20595737112
06/02/2023,FEU,Z24,22,0.20954989112
06/02/2023,FEU,Z14,22,0.20954989112
06/02/2023,FEU,Z24,23,0.210007872212
06/02/2023,FEU,Z14,23,0.164069383484
06/02/2023,FEU,Z24,24,0.162403110666
06/02/2023,FEU,Z14,24,0.162403110666
06/02/2023,FEU,Z24,3,0.111207336214
06/02/2023,FEU,Z14,3,0.111207336214
06/02/2023,FEU,Z24,4,0.112999907214
06/02/2023,FEU,Z14,4,0.112999907214
06/02/2023,FEU,Z24,5,0.11004498885
06/02/2023,FEU,Z14,5,0.11004498885
06/02/2023,FEU,Z24,6,0.115506901122
06/02/2023,FEU,Z14,6,0.115506901122
06/02/2023,FEU,Z24,7,0.124418615848
06/02/2023,FEU,Z14,7,0.124418615848
06/02/2023,FEU,Z24,8,0.125123006028
06/02/2023,FEU,Z14,8,0.125123006028
06/02/2023,FEU,Z24,9,0.149677806662
06/02/2023,FEU,Z14,9,0.149677806662
06/03/2023,FEU,Z24,1,0.129665462122
06/03/2023,FEU,Z14,1,0.129665462122
06/03/2023,FEU,Z24,10,0.114594348936
06/03/2023,FEU,Z14,10,0.114594348936
06/03/2023,FEU,Z24,11,0.10285318339
06/03/2023,FEU,Z14,11,0.10285318339
06/03/2023,FEU,Z24,12,0.090152384208
06/03/2023,FEU,Z14,12,0.090152384208
06/03/2023,FEU,Z24,13,0.086714664208
06/03/2023,FEU,Z14,13,0.086714664208
06/03/2023,FEU,Z24,14,0.089032796026
06/03/2023,FEU,Z14,14,0.089032796026
06/03/2023,FEU,Z24,15,0.089293427844
06/03/2023,FEU,Z14,15,0.089293427844
06/03/2023,FEU,Z24,16,0.085877128936
06/03/2023,FEU,Z14,16,0.085877128936
06/03/2023,FEU,Z24,17,0.086000553664
06/03/2023,FEU,Z14,17,0.086000553664
06/03/2023,FEU,Z24,18,0.093002190392
06/03/2023,FEU,Z14,18,0.093002190392
06/03/2023,FEU,Z24,19,0.111151737484
06/03/2023,FEU,Z14,19,0.111151737484
06/03/2023,FEU,Z24,2,0.120628876486
06/03/2023,FEU,Z14,2,0.120628876486
06/03/2023,FEU,Z24,20,0.113712345758
06/03/2023,FEU,Z14,20,0.113712345758
06/03/2023,FEU,Z24,21,0.114171974032
06/03/2023,FEU,Z14,21,0.114171974032
06/03/2023,FEU,Z24,22,0.13762458885
06/03/2023,FEU,Z14,22,0.13762458885
06/03/2023,FEU,Z24,23,0.139430619214
06/03/2023,FEU,Z14,23,0.139430619214
06/03/2023,FEU,Z24,24,0.13072141476
06/03/2023,FEU,Z14,24,0.13072141476
06/03/2023,FEU,Z24,3,0.125501558032
06/03/2023,FEU,Z14,3,0.125501558032
06/03/2023,FEU,Z24,4,0.127326351214
06/03/2023,FEU,Z14,4,0.127326351214
06/03/2023,FEU,Z24,5,0.133564451214
06/03/2023,FEU,Z14,5,0.133564451214
06/03/2023,FEU,Z24,6,0.131640056214
06/03/2023,FEU,Z14,6,0.131640056214
06/03/2023,FEU,Z24,7,0.124880630032
06/03/2023,FEU,Z14,7,0.124880630032
06/03/2023,FEU,Z24,8,0.123210910122
06/03/2023,FEU,Z14,8,0.123210910122
06/03/2023,FEU,Z24,9,0.116959218574
06/03/2023,FEU,Z14,9,0.116959218574
06/04/2023,FEU,Z24,1,0.128058243124
06/04/2023,FEU,Z14,1,0.128058243124
06/04/2023,FEU,Z24,10,0.089938790392
06/04/2023,FEU,Z14,10,0.089938790392
06/04/2023,FEU,Z24,11,0.055189940936
06/04/2023,FEU,Z14,11,0.055189940936
06/04/2023,FEU,Z24,12,0.053539616572
06/04/2023,FEU,Z14,12,0.053539616572
06/04/2023,FEU,Z24,13,0.053889146572
06/04/2023,FEU,Z14,13,0.053889146572
06/04/2023,FEU,Z24,14,0.069956208208
06/04/2023,FEU,Z14,14,0.069956208208
06/04/2023,FEU,Z24,15,0.070107216208
06/04/2023,FEU,Z14,15,0.070107216208
06/04/2023,FEU,Z24,16,0.0597517593
06/04/2023,FEU,Z14,16,0.0597517593
06/04/2023,FEU,Z24,17,0.060534780028
06/04/2023,FEU,Z14,17,0.060534780028
06/04/2023,FEU,Z24,18,0.077938236574
06/04/2023,FEU,Z14,18,0.077938236574
06/04/2023,FEU,Z24,19,0.116141365484
06/04/2023,FEU,Z14,19,0.116141365484
06/04/2023,FEU,Z24,2,0.12663088567
06/04/2023,FEU,Z14,2,0.12663088567
06/04/2023,FEU,Z24,20,0.118606683394
06/04/2023,FEU,Z14,20,0.118606683394
06/04/2023,FEU,Z24,21,0.12346408294
06/04/2023,FEU,Z14,21,0.12346408294
06/04/2023,FEU,Z24,22,0.132984826212
06/04/2023,FEU,Z14,22,0.132984826212
06/04/2023,FEU,Z24,23,0.137973395848
06/04/2023,FEU,Z14,23,0.137973395848
06/04/2023,FEU,Z24,24,0.128771253394
06/04/2023,FEU,Z14,24,0.128771253394
06/04/2023,FEU,Z24,3,0.128233600216
06/04/2023,FEU,Z14,3,0.128233600216
06/04/2023,FEU,Z24,4,0.129292446398
06/04/2023,FEU,Z14,4,0.129292446398
06/04/2023,FEU,Z24,5,0.126617920216
06/04/2023,FEU,Z14,5,0.126617920216
06/04/2023,FEU,Z24,6,0.124440137398
06/04/2023,FEU,Z14,6,0.124440137398
06/04/2023,FEU,Z24,7,0.119598028216
06/04/2023,FEU,Z14,7,0.119598028216
06/04/2023,FEU,Z24,8,0.117582177124
06/04/2023,FEU,Z14,8,0.117582177124
06/04/2023,FEU,Z24,9,0.106693858212
06/04/2023,FEU,Z14,9,0.106693858212
06/05/2023,FEU,Z24,1,0.133283621304
06/05/2023,FEU,Z14,1,0.133283621304
06/05/2023,FEU,Z24,10,0.140625239116
06/05/2023,FEU,Z14,10,0.140625239116
06/05/2023,FEU,Z24,11,0.128652534752
06/05/2023,FEU,Z14,11,0.17445348748
06/05/2023,FEU,Z24,12,0.168778829298
06/05/2023,FEU,Z14,12,0.168778829298
06/05/2023,FEU,Z24,13,0.167447483116
06/05/2023,FEU,Z14,13,0.167447483116
06/05/2023,FEU,Z24,14,0.164351734752
06/05/2023,FEU,Z14,14,0.164351734752
06/05/2023,FEU,Z24,15,0.165286655298
06/05/2023,FEU,Z14,15,0.119599750752
06/05/2023,FEU,Z24,16,0.12184116748
06/05/2023,FEU,Z14,16,0.12184116748
06/05/2023,FEU,Z24,17,0.130268204026
06/05/2023,FEU,Z14,17,0.130268204026
06/05/2023,FEU,Z24,18,0.143887264208
06/05/2023,FEU,Z14,18,0.143887264208
06/05/2023,FEU,Z24,19,0.145803464208
06/05/2023,FEU,Z14,19,0.191565774754
06/05/2023,FEU,Z24,2,0.128376588396
06/05/2023,FEU,Z14,2,0.128376588396
06/05/2023,FEU,Z24,20,0.199590249664
06/05/2023,FEU,Z14,20,0.199590249664
06/05/2023,FEU,Z24,21,0.207110475846
06/05/2023,FEU,Z14,21,0.207110475846
06/05/2023,FEU,Z24,22,0.2091316593
06/05/2023,FEU,Z14,22,0.2091316593
06/05/2023,FEU,Z24,23,0.205916872756
06/05/2023,FEU,Z14,23,0.159996500028
06/05/2023,FEU,Z24,24,0.147194635574
06/05/2023,FEU,Z14,24,0.147194635574
06/05/2023,FEU,Z24,3,0.129055642942
06/05/2023,FEU,Z14,3,0.129055642942
06/05/2023,FEU,Z24,4,0.131346167306
06/05/2023,FEU,Z14,4,0.131346167306
06/05/2023,FEU,Z24,5,0.130434063124
06/05/2023,FEU,Z14,5,0.130434063124
06/05/2023,FEU,Z24,6,0.119807366032
06/05/2023,FEU,Z14,6,0.119807366032
06/05/2023,FEU,Z24,7,0.130179430212
06/05/2023,FEU,Z14,7,0.130179430212
06/05/2023,FEU,Z24,8,0.13498496521
06/05/2023,FEU,Z14,8,0.13498496521
06/05/2023,FEU,Z24,9,0.157065337844
06/05/2023,FEU,Z14,9,0.157065337844
06/06/2023,FEU,Z24,1,0.125101500212
06/06/2023,FEU,Z14,1,0.125101500212
06/06/2023,FEU,Z24,10,0.150953727116
06/06/2023,FEU,Z14,10,0.150953727116
06/06/2023,FEU,Z24,11,0.141980997934
06/06/2023,FEU,Z14,11,0.18772878748
06/06/2023,FEU,Z24,12,0.18240498748
06/06/2023,FEU,Z14,12,0.18240498748
06/06/2023,FEU,Z24,13,0.177035440298
06/06/2023,FEU,Z14,13,0.177035440298
06/06/2023,FEU,Z24,14,0.172471862752
06/06/2023,FEU,Z14,14,0.172471862752
06/06/2023,FEU,Z24,15,0.167622744298
06/06/2023,FEU,Z14,15,0.121929686752
06/06/2023,FEU,Z24,16,0.12645930748
06/06/2023,FEU,Z14,16,0.12645930748
06/06/2023,FEU,Z24,17,0.130047605026
06/06/2023,FEU,Z14,17,0.130047605026
06/06/2023,FEU,Z24,18,0.141331568208
06/06/2023,FEU,Z14,18,0.141331568208
06/06/2023,FEU,Z24,19,0.150627938572
06/06/2023,FEU,Z14,19,0.196403001118
06/06/2023,FEU,Z24,2,0.123114888122
06/06/2023,FEU,Z14,2,0.123114888122
06/06/2023,FEU,Z24,20,0.200489746028
06/06/2023,FEU,Z14,20,0.200489746028
06/06/2023,FEU,Z24,21,0.206256102846
06/06/2023,FEU,Z14,21,0.206256102846
06/06/2023,FEU,Z24,22,0.206408937664
06/06/2023,FEU,Z14,22,0.206408937664
06/06/2023,FEU,Z24,23,0.201980704666
06/06/2023,FEU,Z14,23,0.156071323938
06/06/2023,FEU,Z24,24,0.148972394302
06/06/2023,FEU,Z14,24,0.148972394302
06/06/2023,FEU,Z24,3,0.12363268885
06/06/2023,FEU,Z14,3,0.12363268885
06/06/2023,FEU,Z24,4,0.12003013885
06/06/2023,FEU,Z14,4,0.12003013885
06/06/2023,FEU,Z24,5,0.114221950486
06/06/2023,FEU,Z14,5,0.114221950486
06/06/2023,FEU,Z24,6,0.113926051122
06/06/2023,FEU,Z14,6,0.113926051122
06/06/2023,FEU,Z24,7,0.123759703666
06/06/2023,FEU,Z14,7,0.123759703666
06/06/2023,FEU,Z24,8,0.132175017664
06/06/2023,FEU,Z14,8,0.132175017664
06/06/2023,FEU,Z24,9,0.159987882662
06/06/2023,FEU,Z14,9,0.159987882662
06/07/2023,FEU,Z24,1,0.114850028212
06/07/2023,FEU,Z14,1,0.114850028212
06/07/2023,FEU,Z24,10,0.153727033116
06/07/2023,FEU,Z14,10,0.153727033116
06/07/2023,FEU,Z24,11,0.148607433934
06/07/2023,FEU,Z14,11,0.194478041662
06/07/2023,FEU,Z24,12,0.189709093298
06/07/2023,FEU,Z14,12,0.189709093298
06/07/2023,FEU,Z24,13,0.18968388748
06/07/2023,FEU,Z14,13,0.18968388748
06/07/2023,FEU,Z24,14,0.185072118934
06/07/2023,FEU,Z14,14,0.185072118934
06/07/2023,FEU,Z24,15,0.179812768662
06/07/2023,FEU,Z14,15,0.133993572934
06/07/2023,FEU,Z24,16,0.135789554662
06/07/2023,FEU,Z14,16,0.135789554662
06/07/2023,FEU,Z24,17,0.134920815844
06/07/2023,FEU,Z14,17,0.134920815844
06/07/2023,FEU,Z24,18,0.143921584208
06/07/2023,FEU,Z14,18,0.143921584208
06/07/2023,FEU,Z24,19,0.15725174339
06/07/2023,FEU,Z14,19,0.203156823118
06/07/2023,FEU,Z24,2,0.108135046758
06/07/2023,FEU,Z14,2,0.108135046758
06/07/2023,FEU,Z24,20,0.204566828028
06/07/2023,FEU,Z14,20,0.204566828028
06/07/2023,FEU,Z24,21,0.21063833521
06/07/2023,FEU,Z14,21,0.21063833521
06/07/2023,FEU,Z24,22,0.212920634028
06/07/2023,FEU,Z14,22,0.212920634028
06/07/2023,FEU,Z24,23,0.206245885484
06/07/2023,FEU,Z14,23,0.160323502756
06/07/2023,FEU,Z24,24,0.154735598302
06/07/2023,FEU,Z14,24,0.154735598302
06/07/2023,FEU,Z24,3,0.107107001304
06/07/2023,FEU,Z14,3,0.107107001304
06/07/2023,FEU,Z24,4,0.103146484486
06/07/2023,FEU,Z14,4,0.103146484486
06/07/2023,FEU,Z24,5,0.100741869304
06/07/2023,FEU,Z14,5,0.100741869304
06/07/2023,FEU,Z24,6,0.105357502758
06/07/2023,FEU,Z14,6,0.105357502758
06/07/2023,FEU,Z24,7,0.107405147302
06/07/2023,FEU,Z14,7,0.107405147302
06/07/2023,FEU,Z24,8,0.127648809664
06/07/2023,FEU,Z14,8,0.127648809664
06/07/2023,FEU,Z24,9,0.158585593662
06/07/2023,FEU,Z14,9,0.158585593662
06/08/2023,FEU,Z24,1,0.126270732576
06/08/2023,FEU,Z14,1,0.126270732576
06/08/2023,FEU,Z24,10,0.13838028748
06/08/2023,FEU,Z14,10,0.13838028748
06/08/2023,FEU,Z24,11,0.128952138298
06/08/2023,FEU,Z14,11,0.174665751844
06/08/2023,FEU,Z24,12,0.167130974026
06/08/2023,FEU,Z14,12,0.167130974026
06/08/2023,FEU,Z24,13,0.163511093026
06/08/2023,FEU,Z14,13,0.163511093026
06/08/2023,FEU,Z24,14,0.163595735662
06/08/2023,FEU,Z14,14,0.163595735662
06/08/2023,FEU,Z24,15,0.163229928208
06/08/2023,FEU,Z14,15,0.11746698748
06/08/2023,FEU,Z24,16,0.124070858026
06/08/2023,FEU,Z14,16,0.124070858026
06/08/2023,FEU,Z24,17,0.127488024208
06/08/2023,FEU,Z14,17,0.127488024208
06/08/2023,FEU,Z24,18,0.13224723339
06/08/2023,FEU,Z14,18,0.13224723339
06/08/2023,FEU,Z24,19,0.13087552339
06/08/2023,FEU,Z14,19,0.176689608118
06/08/2023,FEU,Z24,2,0.122170717304
06/08/2023,FEU,Z14,2,0.122170717304
06/08/2023,FEU,Z24,20,0.195077486028
06/08/2023,FEU,Z14,20,0.195077486028
06/08/2023,FEU,Z24,21,0.204885739574
06/08/2023,FEU,Z14,21,0.204885739574
06/08/2023,FEU,Z24,22,0.205613492574
06/08/2023,FEU,Z14,22,0.205613492574
06/08/2023,FEU,Z24,23,0.202091615848
06/08/2023,FEU,Z14,23,0.15618133112
06/08/2023,FEU,Z24,24,0.150513761666
06/08/2023,FEU,Z14,24,0.150513761666
06/08/2023,FEU,Z24,3,0.116308766032
06/08/2023,FEU,Z14,3,0.116308766032
06/08/2023,FEU,Z24,4,0.109157510032
06/08/2023,FEU,Z14,4,0.109157510032
06/08/2023,FEU,Z24,5,0.107783942032
06/08/2023,FEU,Z14,5,0.107783942032
06/08/2023,FEU,Z24,6,0.107499201668
06/08/2023,FEU,Z14,6,0.107499201668
06/08/2023,FEU,Z24,7,0.123574040212
06/08/2023,FEU,Z14,7,0.123574040212
06/08/2023,FEU,Z24,8,0.125452266392
06/08/2023,FEU,Z14,8,0.125452266392
06/08/2023,FEU,Z24,9,0.147278080208
06/08/2023,FEU,Z14,9,0.147278080208
06/09/2023,FEU,Z24,1,0.12863080294
06/09/2023,FEU,Z14,1,0.12863080294
06/09/2023,FEU,Z24,10,0.148271254752
06/09/2023,FEU,Z14,10,0.148271254752
06/09/2023,FEU,Z24,11,0.140374247206
06/09/2023,FEU,Z14,11,0.186214803934
06/09/2023,FEU,Z24,12,0.172790244934
06/09/2023,FEU,Z14,12,0.172790244934
06/09/2023,FEU,Z24,13,0.170371005116
06/09/2023,FEU,Z14,13,0.170371005116
06/09/2023,FEU,Z24,14,0.169130241934
06/09/2023,FEU,Z14,14,0.169130241934
06/09/2023,FEU,Z24,15,0.164080553844
06/09/2023,FEU,Z14,15,0.118315887116
06/09/2023,FEU,Z24,16,0.116050254662
06/09/2023,FEU,Z14,16,0.116050254662
06/09/2023,FEU,Z24,17,0.115786394026
06/09/2023,FEU,Z14,17,0.115786394026
06/09/2023,FEU,Z24,18,0.12029801339
06/09/2023,FEU,Z14,18,0.12029801339
06/09/2023,FEU,Z24,19,0.131438462754
06/09/2023,FEU,Z14,19,0.1771651093
06/09/2023,FEU,Z24,2,0.123613525668
06/09/2023,FEU,Z14,2,0.123613525668
06/09/2023,FEU,Z24,20,0.197202254392
06/09/2023,FEU,Z14,20,0.197202254392
06/09/2023,FEU,Z24,21,0.21046861112
06/09/2023,FEU,Z14,21,0.21046861112
06/09/2023,FEU,Z24,22,0.20938517112
06/09/2023,FEU,Z14,22,0.20938517112
06/09/2023,FEU,Z24,23,0.208385966212
06/09/2023,FEU,Z14,23,0.162453041484
06/09/2023,FEU,Z24,24,0.160443455666
06/09/2023,FEU,Z14,24,0.160443455666
06/09/2023,FEU,Z24,3,0.115186773214
06/09/2023,FEU,Z14,3,0.115186773214
06/09/2023,FEU,Z24,4,0.112580895214
06/09/2023,FEU,Z14,4,0.112580895214
06/09/2023,FEU,Z24,5,0.11226456385
06/09/2023,FEU,Z14,5,0.11226456385
06/09/2023,FEU,Z24,6,0.112463472122
06/09/2023,FEU,Z14,6,0.112463472122
06/09/2023,FEU,Z24,7,0.114409379848
06/09/2023,FEU,Z14,7,0.114409379848
06/09/2023,FEU,Z24,8,0.127337532028
06/09/2023,FEU,Z14,8,0.127337532028
06/09/2023,FEU,Z24,9,0.150534697662
06/09/2023,FEU,Z14,9,0.150534697662
06/10/2023,FEU,Z24,1,0.125802333122
06/10/2023,FEU,Z14,1,0.125802333122
06/10/2023,FEU,Z24,10,0.114349824936
06/10/2023,FEU,Z14,10,0.114349824936
06/10/2023,FEU,Z24,11,0.09930711839
06/10/2023,FEU,Z14,11,0.09930711839
06/10/2023,FEU,Z24,12,0.093276648208
06/10/2023,FEU,Z14,12,0.093276648208
06/10/2023,FEU,Z24,13,0.090873104208
06/10/2023,FEU,Z14,13,0.090873104208
06/10/2023,FEU,Z24,14,0.089763173026
06/10/2023,FEU,Z14,14,0.089763173026
06/10/2023,FEU,Z24,15,0.082418587844
06/10/2023,FEU,Z14,15,0.082418587844
06/10/2023,FEU,Z24,16,0.076937652936
06/10/2023,FEU,Z14,16,0.076937652936
06/10/2023,FEU,Z24,17,0.075896361664
06/10/2023,FEU,Z14,17,0.075896361664
06/10/2023,FEU,Z24,18,0.086018794392
06/10/2023,FEU,Z14,18,0.086018794392
06/10/2023,FEU,Z24,19,0.108662733484
06/10/2023,FEU,Z14,19,0.108662733484
06/10/2023,FEU,Z24,2,0.125011204486
06/10/2023,FEU,Z14,2,0.125011204486
06/10/2023,FEU,Z24,20,0.119587739758
06/10/2023,FEU,Z14,20,0.119587739758
06/10/2023,FEU,Z24,21,0.129035438032
06/10/2023,FEU,Z14,21,0.129035438032
06/10/2023,FEU,Z24,22,0.14658396385
06/10/2023,FEU,Z14,22,0.14658396385
06/10/2023,FEU,Z24,23,0.149277401214
06/10/2023,FEU,Z14,23,0.149277401214
06/10/2023,FEU,Z24,24,0.13969413476
06/10/2023,FEU,Z14,24,0.13969413476
06/10/2023,FEU,Z24,3,0.124773614032
06/10/2023,FEU,Z14,3,0.124773614032
06/10/2023,FEU,Z24,4,0.126287060214
06/10/2023,FEU,Z14,4,0.126287060214
06/10/2023,FEU,Z24,5,0.126704895214
06/10/2023,FEU,Z14,5,0.126704895214
06/10/2023,FEU,Z24,6,0.128425669214
06/10/2023,FEU,Z14,6,0.128425669214
06/10/2023,FEU,Z24,7,0.129274166032
06/10/2023,FEU,Z14,7,0.129274166032
06/10/2023,FEU,Z24,8,0.126455751122
06/10/2023,FEU,Z14,8,0.126455751122
06/10/2023,FEU,Z24,9,0.125604322574
06/10/2023,FEU,Z14,9,0.125604322574
06/11/2023,FEU,Z24,1,0.125741523124
06/11/2023,FEU,Z14,1,0.125741523124
06/11/2023,FEU,Z24,10,0.098235402392
06/11/2023,FEU,Z14,10,0.098235402392
06/11/2023,FEU,Z24,11,0.084384728936
06/11/2023,FEU,Z14,11,0.084384728936
06/11/2023,FEU,Z24,12,0.049910234572
06/11/2023,FEU,Z14,12,0.049910234572
06/11/2023,FEU,Z24,13,0.044046152572
06/11/2023,FEU,Z14,13,0.044046152572
06/11/2023,FEU,Z24,14,0.049177736208
06/11/2023,FEU,Z14,14,0.049177736208
06/11/2023,FEU,Z24,15,0.043172880208
06/11/2023,FEU,Z14,15,0.043172880208
06/11/2023,FEU,Z24,16,0.0440841593
06/11/2023,FEU,Z14,16,0.0440841593
06/11/2023,FEU,Z24,17,0.039621992028
06/11/2023,FEU,Z14,17,0.039621992028
06/11/2023,FEU,Z24,18,0.059731684574
06/11/2023,FEU,Z14,18,0.059731684574
06/11/2023,FEU,Z24,19,0.107694787484
06/11/2023,FEU,Z14,19,0.107694787484
06/11/2023,FEU,Z24,2,0.12584878567
06/11/2023,FEU,Z14,2,0.12584878567
06/11/2023,FEU,Z24,20,0.127492221394
06/11/2023,FEU,Z14,20,0.127492221394
06/11/2023,FEU,Z24,21,0.14066425294
06/11/2023,FEU,Z14,21,0.14066425294
06/11/2023,FEU,Z24,22,0.147402416212
06/11/2023,FEU,Z14,22,0.147402416212
06/11/2023,FEU,Z24,23,0.146931539848
06/11/2023,FEU,Z14,23,0.146931539848
06/11/2023,FEU,Z24,24,0.137669628394
06/11/2023,FEU,Z14,24,0.137669628394
06/11/2023,FEU,Z24,3,0.128860864216
06/11/2023,FEU,Z14,3,0.128860864216
06/11/2023,FEU,Z24,4,0.127614767398
06/11/2023,FEU,Z14,4,0.127614767398
06/11/2023,FEU,Z24,5,0.122793748216
06/11/2023,FEU,Z14,5,0.122793748216
06/11/2023,FEU,Z24,6,0.127385290398
06/11/2023,FEU,Z14,6,0.127385290398
06/11/2023,FEU,Z24,7,0.127956796216
06/11/2023,FEU,Z14,7,0.127956796216
06/11/2023,FEU,Z24,8,0.126150495124
06/11/2023,FEU,Z14,8,0.126150495124
06/11/2023,FEU,Z24,9,0.116412468212
06/11/2023,FEU,Z14,9,0.116412468212
06/12/2023,FEU,Z24,1,0.127441201304
06/12/2023,FEU,Z14,1,0.127441201304
06/12/2023,FEU,Z24,10,0.160011069116
06/12/2023,FEU,Z14,10,0.160011069116
06/12/2023,FEU,Z24,11,0.150324006752
06/12/2023,FEU,Z14,11,0.19620012748
06/12/2023,FEU,Z24,12,0.191282052298
06/12/2023,FEU,Z14,12,0.191282052298
06/12/2023,FEU,Z24,13,0.187700469116
06/12/2023,FEU,Z14,13,0.187700469116
06/12/2023,FEU,Z24,14,0.183196838752
06/12/2023,FEU,Z14,14,0.183196838752
06/12/2023,FEU,Z24,15,0.181048137298
06/12/2023,FEU,Z14,15,0.135319718752
06/12/2023,FEU,Z24,16,0.13256970748
06/12/2023,FEU,Z14,16,0.13256970748
06/12/2023,FEU,Z24,17,0.133320014026
06/12/2023,FEU,Z14,17,0.133320014026
06/12/2023,FEU,Z24,18,0.141912720208
06/12/2023,FEU,Z14,18,0.141912720208
06/12/2023,FEU,Z24,19,0.150100328208
06/12/2023,FEU,Z14,19,0.195873906754
06/12/2023,FEU,Z24,2,0.118569738396
06/12/2023,FEU,Z14,2,0.118569738396
06/12/2023,FEU,Z24,20,0.198772329664
06/12/2023,FEU,Z14,20,0.198772329664
06/12/2023,FEU,Z24,21,0.214683379846
06/12/2023,FEU,Z14,21,0.214683379846
06/12/2023,FEU,Z24,22,0.2235963593
06/12/2023,FEU,Z14,22,0.2235963593
06/12/2023,FEU,Z24,23,0.213182164756
06/12/2023,FEU,Z14,23,0.167236696028
06/12/2023,FEU,Z24,24,0.157331112574
06/12/2023,FEU,Z14,24,0.157331112574
06/12/2023,FEU,Z24,3,0.119295858942
06/12/2023,FEU,Z14,3,0.119295858942
06/12/2023,FEU,Z24,4,0.116621366306
06/12/2023,FEU,Z14,4,0.116621366306
06/12/2023,FEU,Z24,5,0.119058495124
06/12/2023,FEU,Z14,5,0.119058495124
06/12/2023,FEU,Z24,6,0.129739862032
06/12/2023,FEU,Z14,6,0.129739862032
06/12/2023,FEU,Z24,7,0.139601876212
06/12/2023,FEU,Z14,7,0.139601876212
06/12/2023,FEU,Z24,8,0.14151649021
06/12/2023,FEU,Z14,8,0.14151649021
06/12/2023,FEU,Z24,9,0.162178071844
06/12/2023,FEU,Z14,9,0.162178071844
06/13/2023,FEU,Z24,1,0.135873008212
06/13/2023,FEU,Z14,1,0.135873008212
06/13/2023,FEU,Z24,10,0.159041493116
06/13/2023,FEU,Z14,10,0.159041493116
06/13/2023,FEU,Z24,11,0.141185097934
06/13/2023,FEU,Z14,11,0.18692964748
06/13/2023,FEU,Z24,12,0.18090018748
06/13/2023,FEU,Z14,12,0.18090018748
06/13/2023,FEU,Z24,13,0.180897789298
06/13/2023,FEU,Z14,13,0.180897789298
06/13/2023,FEU,Z24,14,0.173958886752
06/13/2023,FEU,Z14,14,0.173958886752
06/13/2023,FEU,Z24,15,0.173300659298
06/13/2023,FEU,Z14,15,0.127591510752
06/13/2023,FEU,Z24,16,0.12445746748
06/13/2023,FEU,Z14,16,0.12445746748
06/13/2023,FEU,Z24,17,0.127737602026
06/13/2023,FEU,Z14,17,0.127737602026
06/13/2023,FEU,Z24,18,0.128045152208
06/13/2023,FEU,Z14,18,0.128045152208
06/13/2023,FEU,Z24,19,0.131732690572
06/13/2023,FEU,Z14,19,0.177459438118
06/13/2023,FEU,Z24,2,0.134706617122
06/13/2023,FEU,Z14,2,0.134706617122
06/13/2023,FEU,Z24,20,0.180210504028
06/13/2023,FEU,Z14,20,0.180210504028
06/13/2023,FEU,Z24,21,0.208854964846
06/13/2023,FEU,Z14,21,0.208854964846
06/13/2023,FEU,Z24,22,0.210818793664
06/13/2023,FEU,Z14,22,0.210818793664
06/13/2023,FEU,Z24,23,0.212288373666
06/13/2023,FEU,Z14,23,0.166343540938
06/13/2023,FEU,Z24,24,0.158672549302
06/13/2023,FEU,Z14,24,0.158672549302
06/13/2023,FEU,Z24,3,0.13565646385
06/13/2023,FEU,Z14,3,0.13565646385
06/13/2023,FEU,Z24,4,0.13627686385
06/13/2023,FEU,Z14,4,0.13627686385
06/13/2023,FEU,Z24,5,0.131108458486
06/13/2023,FEU,Z14,5,0.131108458486
06/13/2023,FEU,Z24,6,0.127811769122
06/13/2023,FEU,Z14,6,0.127811769122
06/13/2023,FEU,Z24,7,0.137208635666
06/13/2023,FEU,Z14,7,0.137208635666
06/13/2023,FEU,Z24,8,0.139706793664
06/13/2023,FEU,Z14,8,0.139706793664
06/13/2023,FEU,Z24,9,0.160891554662
06/13/2023,FEU,Z14,9,0.160891554662
06/14/2023,FEU,Z24,1,0.130345002212
06/14/2023,FEU,Z14,1,0.130345002212
06/14/2023,FEU,Z24,10,0.125802789116
06/14/2023,FEU,Z14,10,0.125802789116
06/14/2023,FEU,Z24,11,0.122334774934
06/14/2023,FEU,Z14,11,0.168114095662
06/14/2023,FEU,Z24,12,0.154544746298
06/14/2023,FEU,Z14,12,0.154544746298
06/14/2023,FEU,Z24,13,0.16625916748
06/14/2023,FEU,Z14,13,0.16625916748
06/14/2023,FEU,Z24,14,0.169246215934
06/14/2023,FEU,Z14,14,0.169246215934
06/14/2023,FEU,Z24,15,0.169214019662
06/14/2023,FEU,Z14,15,0.123430842934
06/14/2023,FEU,Z24,16,0.124020139662
06/14/2023,FEU,Z14,16,0.124020139662
06/14/2023,FEU,Z24,17,0.123987307844
06/14/2023,FEU,Z14,17,0.123987307844
06/14/2023,FEU,Z24,18,0.127697376208
06/14/2023,FEU,Z14,18,0.127697376208
06/14/2023,FEU,Z24,19,0.13562956339
06/14/2023,FEU,Z14,19,0.181460256118
06/14/2023,FEU,Z24,2,0.123752886758
06/14/2023,FEU,Z14,2,0.123752886758
06/14/2023,FEU,Z24,20,0.203864042028
06/14/2023,FEU,Z14,20,0.203864042028
06/14/2023,FEU,Z24,21,0.20750713021
06/14/2023,FEU,Z14,21,0.20750713021
06/14/2023,FEU,Z24,22,0.221636796028
06/14/2023,FEU,Z14,22,0.221636796028
06/14/2023,FEU,Z24,23,0.222065353484
06/14/2023,FEU,Z14,23,0.176088514756
06/14/2023,FEU,Z24,24,0.166039094302
06/14/2023,FEU,Z14,24,0.166039094302
06/14/2023,FEU,Z24,3,0.122480125304
06/14/2023,FEU,Z14,3,0.122480125304
06/14/2023,FEU,Z24,4,0.123106252486
06/14/2023,FEU,Z14,4,0.123106252486
06/14/2023,FEU,Z24,5,0.122694601304
06/14/2023,FEU,Z14,5,0.122694601304
06/14/2023,FEU,Z24,6,0.129319664758
06/14/2023,FEU,Z14,6,0.129319664758
06/14/2023,FEU,Z24,7,0.132180887302
06/14/2023,FEU,Z14,7,0.132180887302
06/14/2023,FEU,Z24,8,0.133285545664
06/14/2023,FEU,Z14,8,0.133285545664
06/14/2023,FEU,Z24,9,0.141048423662
06/14/2023,FEU,Z14,9,0.141048423662
06/15/2023,FEU,Z24,1,0.143299004576
06/15/2023,FEU,Z14,1,0.143299004576
06/15/2023,FEU,Z24,10,0.16762698748
06/15/2023,FEU,Z14,10,0.16762698748
06/15/2023,FEU,Z24,11,0.166116569298
06/15/2023,FEU,Z14,11,0.211929211844
06/15/2023,FEU,Z24,12,0.205157441026
06/15/2023,FEU,Z14,12,0.205157441026
06/15/2023,FEU,Z24,13,0.198497180026
06/15/2023,FEU,Z14,13,0.198497180026
06/15/2023,FEU,Z24,14,0.195219691662
06/15/2023,FEU,Z14,14,0.195219691662
06/15/2023,FEU,Z24,15,0.195227608208
06/15/2023,FEU,Z14,15,0.14935164748
06/15/2023,FEU,Z24,16,0.152687006026
06/15/2023,FEU,Z14,16,0.152687006026
06/15/2023,FEU,Z24,17,0.156128064208
06/15/2023,FEU,Z14,17,0.156128064208
06/15/2023,FEU,Z24,18,0.15975013339
06/15/2023,FEU,Z14,18,0.15975013339
06/15/2023,FEU,Z24,19,0.16266873839
06/15/2023,FEU,Z14,19,0.208592742118
06/15/2023,FEU,Z24,2,0.139685085304
06/15/2023,FEU,Z14,2,0.139685085304
06/15/2023,FEU,Z24,20,0.211983586028
06/15/2023,FEU,Z14,20,0.211983586028
06/15/2023,FEU,Z24,21,0.216854904574
06/15/2023,FEU,Z14,21,0.216854904574
06/15/2023,FEU,Z24,22,0.254184352574
06/15/2023,FEU,Z14,22,0.254184352574
06/15/2023,FEU,Z24,23,0.261071495848
06/15/2023,FEU,Z14,23,0.21495853112
06/15/2023,FEU,Z24,24,0.181861263666
06/15/2023,FEU,Z14,24,0.181861263666
06/15/2023,FEU,Z24,3,0.138635126032
06/15/2023,FEU,Z14,3,0.138635126032
06/15/2023,FEU,Z24,4,0.139076126032
06/15/2023,FEU,Z14,4,0.139076126032
06/15/2023,FEU,Z24,5,0.138658646032
06/15/2023,FEU,Z14,5,0.138658646032
06/15/2023,FEU,Z24,6,0.136091971668
06/15/2023,FEU,Z14,6,0.136091971668
06/15/2023,FEU,Z24,7,0.141554926212
06/15/2023,FEU,Z14,7,0.141554926212
06/15/2023,FEU,Z24,8,0.145415230392
06/15/2023,FEU,Z14,8,0.145415230392
06/15/2023,FEU,Z24,9,0.168462672208
06/15/2023,FEU,Z14,9,0.168462672208
06/16/2023,FEU,Z24,1,0.16711678294
06/16/2023,FEU,Z14,1,0.16711678294
06/16/2023,FEU,Z24,10,0.187321254752
06/16/2023,FEU,Z14,10,0.187321254752
06/16/2023,FEU,Z24,11,0.174491143206
06/16/2023,FEU,Z14,11,0.220451010934
06/16/2023,FEU,Z24,12,0.215302674934
06/16/2023,FEU,Z14,12,0.215302674934
06/16/2023,FEU,Z24,13,0.214411605116
06/16/2023,FEU,Z14,13,0.214411605116
06/16/2023,FEU,Z24,14,0.213895068934
06/16/2023,FEU,Z14,14,0.213895068934
06/16/2023,FEU,Z24,15,0.211001907844
06/16/2023,FEU,Z14,15,0.165071755116
06/16/2023,FEU,Z24,16,0.159188041662
06/16/2023,FEU,Z14,16,0.159188041662
06/16/2023,FEU,Z24,17,0.158698043026
06/16/2023,FEU,Z14,17,0.158698043026
06/16/2023,FEU,Z24,18,0.16213402339
06/16/2023,FEU,Z14,18,0.16213402339
06/16/2023,FEU,Z24,19,0.186575899754
06/16/2023,FEU,Z14,19,0.2324467593
06/16/2023,FEU,Z24,2,0.165341007668
06/16/2023,FEU,Z14,2,0.165341007668
06/16/2023,FEU,Z24,20,0.236611450392
06/16/2023,FEU,Z14,20,0.236611450392
06/16/2023,FEU,Z24,21,0.24874281112
06/16/2023,FEU,Z14,21,0.24874281112
06/16/2023,FEU,Z24,22,0.27107049112
06/16/2023,FEU,Z14,22,0.27107049112
06/16/2023,FEU,Z24,23,0.266957644212
06/16/2023,FEU,Z14,23,0.220824949484
06/16/2023,FEU,Z24,24,0.204743288666
06/16/2023,FEU,Z14,24,0.204743288666
06/16/2023,FEU,Z24,3,0.166114386214
06/16/2023,FEU,Z14,3,0.166114386214
06/16/2023,FEU,Z24,4,0.166495734214
06/16/2023,FEU,Z14,4,0.166495734214
06/16/2023,FEU,Z24,5,0.15424261385
06/16/2023,FEU,Z14,5,0.15424261385
06/16/2023,FEU,Z24,6,0.158007175122
06/16/2023,FEU,Z14,6,0.158007175122
06/16/2023,FEU,Z24,7,0.173248415848
06/16/2023,FEU,Z14,7,0.173248415848
06/16/2023,FEU,Z24,8,0.191691496028
06/16/2023,FEU,Z14,8,0.191691496028
06/16/2023,FEU,Z24,9,0.209728636662
06/16/2023,FEU,Z14,9,0.209728636662
06/17/2023,FEU,Z24,1,0.170977171122
06/17/2023,FEU,Z14,1,0.170977171122
06/17/2023,FEU,Z24,10,0.136622172936
06/17/2023,FEU,Z14,10,0.136622172936
06/17/2023,FEU,Z24,11,0.12091670339
06/17/2023,FEU,Z14,11,0.12091670339
06/17/2023,FEU,Z24,12,0.102301664208
06/17/2023,FEU,Z14,12,0.102301664208
06/17/2023,FEU,Z24,13,0.090384616208
06/17/2023,FEU,Z14,13,0.090384616208
06/17/2023,FEU,Z24,14,0.076940999026
06/17/2023,FEU,Z14,14,0.076940999026
06/17/2023,FEU,Z24,15,0.067184307844
06/17/2023,FEU,Z14,15,0.067184307844
06/17/2023,FEU,Z24,16,0.085597016936
06/17/2023,FEU,Z14,16,0.085597016936
06/17/2023,FEU,Z24,17,0.079276329664
06/17/2023,FEU,Z14,17,0.079276329664
06/17/2023,FEU,Z24,18,0.090795386392
06/17/2023,FEU,Z14,18,0.090795386392
06/17/2023,FEU,Z24,19,0.112036019484
06/17/2023,FEU,Z14,19,0.112036019484
06/17/2023,FEU,Z24,2,0.162750133486
06/17/2023,FEU,Z14,2,0.162750133486
06/17/2023,FEU,Z24,20,0.136712420758
06/17/2023,FEU,Z14,20,0.136712420758
06/17/2023,FEU,Z24,21,0.175168742032
06/17/2023,FEU,Z14,21,0.175168742032
06/17/2023,FEU,Z24,22,0.18396893885
06/17/2023,FEU,Z14,22,0.18396893885
06/17/2023,FEU,Z24,23,0.184575631214
06/17/2023,FEU,Z14,23,0.184575631214
06/17/2023,FEU,Z24,24,0.17871201476
06/17/2023,FEU,Z14,24,0.17871201476
06/17/2023,FEU,Z24,3,0.160709822032
06/17/2023,FEU,Z14,3,0.160709822032
06/17/2023,FEU,Z24,4,0.157654110214
06/17/2023,FEU,Z14,4,0.157654110214
06/17/2023,FEU,Z24,5,0.159852746214
06/17/2023,FEU,Z14,5,0.159852746214
06/17/2023,FEU,Z24,6,0.162624581214
06/17/2023,FEU,Z14,6,0.162624581214
06/17/2023,FEU,Z24,7,0.153092870032
06/17/2023,FEU,Z14,7,0.153092870032
06/17/2023,FEU,Z24,8,0.147937746122
06/17/2023,FEU,Z14,8,0.147937746122
06/17/2023,FEU,Z24,9,0.140427806574
06/17/2023,FEU,Z14,9,0.140427806574
06/18/2023,FEU,Z24,1,0.169085463124
06/18/2023,FEU,Z14,1,0.169085463124
06/18/2023,FEU,Z24,10,0.118222642392
06/18/2023,FEU,Z14,10,0.118222642392
06/18/2023,FEU,Z24,11,0.098789832936
06/18/2023,FEU,Z14,11,0.098789832936
06/18/2023,FEU,Z24,12,0.086232704572
06/18/2023,FEU,Z14,12,0.086232704572
06/18/2023,FEU,Z24,13,0.076669334572
06/18/2023,FEU,Z14,13,0.076669334572
06/18/2023,FEU,Z24,14,0.057702824208
06/18/2023,FEU,Z14,14,0.057702824208
06/18/2023,FEU,Z24,15,0.052883152208
06/18/2023,FEU,Z14,15,0.052883152208
06/18/2023,FEU,Z24,16,0.0800308593
06/18/2023,FEU,Z14,16,0.0800308593
06/18/2023,FEU,Z24,17,0.086671726028
06/18/2023,FEU,Z14,17,0.086671726028
06/18/2023,FEU,Z24,18,0.104872039574
06/18/2023,FEU,Z14,18,0.104872039574
06/18/2023,FEU,Z24,19,0.121096133484
06/18/2023,FEU,Z14,19,0.121096133484
06/18/2023,FEU,Z24,2,0.15060699067
06/18/2023,FEU,Z14,2,0.15060699067
06/18/2023,FEU,Z24,20,0.144446397394
06/18/2023,FEU,Z14,20,0.144446397394
06/18/2023,FEU,Z24,21,0.16579819294
06/18/2023,FEU,Z14,21,0.16579819294
06/18/2023,FEU,Z24,22,0.174060674212
06/18/2023,FEU,Z14,22,0.174060674212
06/18/2023,FEU,Z24,23,0.177561035848
06/18/2023,FEU,Z14,23,0.177561035848
06/18/2023,FEU,Z24,24,0.167110704394
06/18/2023,FEU,Z14,24,0.167110704394
06/18/2023,FEU,Z24,3,0.145673440216
06/18/2023,FEU,Z14,3,0.145673440216
06/18/2023,FEU,Z24,4,0.144453385398
06/18/2023,FEU,Z14,4,0.144453385398
06/18/2023,FEU,Z24,5,0.140294176216
06/18/2023,FEU,Z14,5,0.140294176216
06/18/2023,FEU,Z24,6,0.131452859398
06/18/2023,FEU,Z14,6,0.131452859398
06/18/2023,FEU,Z24,7,0.138400504216
06/18/2023,FEU,Z14,7,0.138400504216
06/18/2023,FEU,Z24,8,0.137490603124
06/18/2023,FEU,Z14,8,0.137490603124
06/18/2023,FEU,Z24,9,0.131943588212
06/18/2023,FEU,Z14,9,0.131943588212
06/19/2023,FEU,Z24,1,0.144634441304
06/19/2023,FEU,Z14,1,0.144634441304
06/19/2023,FEU,Z24,10,0.175065671116
06/19/2023,FEU,Z14,10,0.175065671116
06/19/2023,FEU,Z24,11,0.164312710752
06/19/2023,FEU,Z14,11,0.21023922748
06/19/2023,FEU,Z24,12,0.203700569298
06/19/2023,FEU,Z14,12,0.203700569298
06/19/2023,FEU,Z24,13,0.198745897116
06/19/2023,FEU,Z14,13,0.198745897116
06/19/2023,FEU,Z24,14,0.194729510752
06/19/2023,FEU,Z14,14,0.194729510752
06/19/2023,FEU,Z24,15,0.191409620298
06/19/2023,FEU,Z14,15,0.145652774752
06/19/2023,FEU,Z24,16,0.14534796748
06/19/2023,FEU,Z14,16,0.14534796748
06/19/2023,FEU,Z24,17,0.145619837026
06/19/2023,FEU,Z14,17,0.145619837026
06/19/2023,FEU,Z24,18,0.153294376208
06/19/2023,FEU,Z14,18,0.153294376208
06/19/2023,FEU,Z24,19,0.147685344208
06/19/2023,FEU,Z14,19,0.193451442754
06/19/2023,FEU,Z24,2,0.131713862396
06/19/2023,FEU,Z14,2,0.131713862396
06/19/2023,FEU,Z24,20,0.217098345664
06/19/2023,FEU,Z14,20,0.217098345664
06/19/2023,FEU,Z24,21,0.241489476846
06/19/2023,FEU,Z14,21,0.241489476846
06/19/2023,FEU,Z24,22,0.2560424593
06/19/2023,FEU,Z14,22,0.2560424593
06/19/2023,FEU,Z24,23,0.255292834756
06/19/2023,FEU,Z14,23,0.209203060028
06/19/2023,FEU,Z24,24,0.200451345574
06/19/2023,FEU,Z14,24,0.200451345574
06/19/2023,FEU,Z24,3,0.140181843942
06/19/2023,FEU,Z14,3,0.140181843942
06/19/2023,FEU,Z24,4,0.141747103306
06/19/2023,FEU,Z14,4,0.141747103306
06/19/2023,FEU,Z24,5,0.130422243124
06/19/2023,FEU,Z14,5,0.130422243124
06/19/2023,FEU,Z24,6,0.134730806032
06/19/2023,FEU,Z14,6,0.134730806032
06/19/2023,FEU,Z24,7,0.147817512212
06/19/2023,FEU,Z14,7,0.147817512212
06/19/2023,FEU,Z24,8,0.16921223521
06/19/2023,FEU,Z14,8,0.16921223521
06/19/2023,FEU,Z24,9,0.194583463844
06/19/2023,FEU,Z14,9,0.194583463844
06/20/2023,FEU,Z24,1,0.158281196212
06/20/2023,FEU,Z14,1,0.158281196212
06/20/2023,FEU,Z24,10,0.181801493116
06/20/2023,FEU,Z14,10,0.181801493116
06/20/2023,FEU,Z24,11,0.175629375934
06/20/2023,FEU,Z14,11,0.22146594748
06/20/2023,FEU,Z24,12,0.21536580748
06/20/2023,FEU,Z14,12,0.21536580748
06/20/2023,FEU,Z24,13,0.204903353298
06/20/2023,FEU,Z14,13,0.204903353298
06/20/2023,FEU,Z24,14,0.206355334752
06/20/2023,FEU,Z14,14,0.206355334752
06/20/2023,FEU,Z24,15,0.201550137298
06/20/2023,FEU,Z14,15,0.155767718752
06/20/2023,FEU,Z24,16,0.14679462748
06/20/2023,FEU,Z14,16,0.14679462748
06/20/2023,FEU,Z24,17,0.147081734026
06/20/2023,FEU,Z14,17,0.147081734026
06/20/2023,FEU,Z24,18,0.152725808208
06/20/2023,FEU,Z14,18,0.152725808208
06/20/2023,FEU,Z24,19,0.168963938572
06/20/2023,FEU,Z14,19,0.214787001118
06/20/2023,FEU,Z24,2,0.146297175122
06/20/2023,FEU,Z14,2,0.146297175122
06/20/2023,FEU,Z24,20,0.216727680028
06/20/2023,FEU,Z14,20,0.216727680028
06/20/2023,FEU,Z24,21,0.237509320846
06/20/2023,FEU,Z14,21,0.237509320846
06/20/2023,FEU,Z24,22,0.253237737664
06/20/2023,FEU,Z14,22,0.253237737664
06/20/2023,FEU,Z24,23,0.249940498666
06/20/2023,FEU,Z14,23,0.203867324938
06/20/2023,FEU,Z24,24,0.183837224302
06/20/2023,FEU,Z14,24,0.183837224302
06/20/2023,FEU,Z24,3,0.13948578885
06/20/2023,FEU,Z14,3,0.13948578885
06/20/2023,FEU,Z24,4,0.15005491385
06/20/2023,FEU,Z14,4,0.15005491385
06/20/2023,FEU,Z24,5,0.140432635486
06/20/2023,FEU,Z14,5,0.140432635486
06/20/2023,FEU,Z24,6,0.136846034122
06/20/2023,FEU,Z14,6,0.136846034122
06/20/2023,FEU,Z24,7,0.147952429666
06/20/2023,FEU,Z14,7,0.147952429666
06/20/2023,FEU,Z24,8,0.163144233664
06/20/2023,FEU,Z14,8,0.163144233664
06/20/2023,FEU,Z24,9,0.189734893662
06/20/2023,FEU,Z14,9,0.189734893662
06/21/2023,FEU,Z24,1,0.160318198212
06/21/2023,FEU,Z14,1,0.160318198212
06/21/2023,FEU,Z24,10,0.188271023116
06/21/2023,FEU,Z14,10,0.188271023116
06/21/2023,FEU,Z24,11,0.175745349934
06/21/2023,FEU,Z14,11,0.221711429662
06/21/2023,FEU,Z24,12,0.216802486298
06/21/2023,FEU,Z14,12,0.216802486298
06/21/2023,FEU,Z24,13,0.21099162748
06/21/2023,FEU,Z14,13,0.21099162748
06/21/2023,FEU,Z24,14,0.205249320934
06/21/2023,FEU,Z14,14,0.205249320934
06/21/2023,FEU,Z24,15,0.200849385662
06/21/2023,FEU,Z14,15,0.154955304934
06/21/2023,FEU,Z24,16,0.159929691662
06/21/2023,FEU,Z14,16,0.159929691662
06/21/2023,FEU,Z24,17,0.161145703844
06/21/2023,FEU,Z14,17,0.161145703844
06/21/2023,FEU,Z24,18,0.176778408208
06/21/2023,FEU,Z14,18,0.176778408208
06/21/2023,FEU,Z24,19,0.17350272839
06/21/2023,FEU,Z14,19,0.219464580118
06/21/2023,FEU,Z24,2,0.150313735758
06/21/2023,FEU,Z14,2,0.150313735758
06/21/2023,FEU,Z24,20,0.226803254028
06/21/2023,FEU,Z14,20,0.226803254028
06/21/2023,FEU,Z24,21,0.24709360021
06/21/2023,FEU,Z14,21,0.24709360021
06/21/2023,FEU,Z24,22,0.261306700028
06/21/2023,FEU,Z14,22,0.261306700028
06/21/2023,FEU,Z24,23,0.266174873484
06/21/2023,FEU,Z14,23,0.220045036756
06/21/2023,FEU,Z24,24,0.201175598302
06/21/2023,FEU,Z14,24,0.201175598302
06/21/2023,FEU,Z24,3,0.144158609304
06/21/2023,FEU,Z14,3,0.144158609304
06/21/2023,FEU,Z24,4,0.144088876486
06/21/2023,FEU,Z14,4,0.144088876486
06/21/2023,FEU,Z24,5,0.143825761304
06/21/2023,FEU,Z14,5,0.143825761304
06/21/2023,FEU,Z24,6,0.145589806758
06/21/2023,FEU,Z14,6,0.145589806758
06/21/2023,FEU,Z24,7,0.161070050302
06/21/2023,FEU,Z14,7,0.161070050302
06/21/2023,FEU,Z24,8,0.175692969664
06/21/2023,FEU,Z14,8,0.175692969664
06/21/2023,FEU,Z24,9,0.202303008662
06/21/2023,FEU,Z14,9,0.202303008662
06/22/2023,FEU,Z24,1,0.178160300576
06/22/2023,FEU,Z14,1,0.178160300576
06/22/2023,FEU,Z24,10,0.18904986748
06/22/2023,FEU,Z14,10,0.18904986748
06/22/2023,FEU,Z24,11,0.173217095298
06/22/2023,FEU,Z14,11,0.219047297844
06/22/2023,FEU,Z24,12,0.212166317026
06/22/2023,FEU,Z14,12,0.212166317026
06/22/2023,FEU,Z24,13,0.209114507026
06/22/2023,FEU,Z14,13,0.209114507026
06/22/2023,FEU,Z24,14,0.210359620662
06/22/2023,FEU,Z14,14,0.210359620662
06/22/2023,FEU,Z24,15,0.203205864208
06/22/2023,FEU,Z14,15,0.15730314748
06/22/2023,FEU,Z24,16,0.151921196026
06/22/2023,FEU,Z14,16,0.151921196026
06/22/2023,FEU,Z24,17,0.151402200208
06/22/2023,FEU,Z14,17,0.151402200208
06/22/2023,FEU,Z24,18,0.15189314339
06/22/2023,FEU,Z14,18,0.15189314339
06/22/2023,FEU,Z24,19,0.15407780339
06/22/2023,FEU,Z14,19,0.199972944118
06/22/2023,FEU,Z24,2,0.176202261304
06/22/2023,FEU,Z14,2,0.176202261304
06/22/2023,FEU,Z24,20,0.229954828028
06/22/2023,FEU,Z14,20,0.229954828028
06/22/2023,FEU,Z24,21,0.256169764574
06/22/2023,FEU,Z14,21,0.256169764574
06/22/2023,FEU,Z24,22,0.261044205574
06/22/2023,FEU,Z14,22,0.261044205574
06/22/2023,FEU,Z24,23,0.251877059848
06/22/2023,FEU,Z14,23,0.20579685112
06/22/2023,FEU,Z24,24,0.186501633666
06/22/2023,FEU,Z14,24,0.186501633666
06/22/2023,FEU,Z24,3,0.175323974032
06/22/2023,FEU,Z14,3,0.175323974032
06/22/2023,FEU,Z24,4,0.175013510032
06/22/2023,FEU,Z14,4,0.175013510032
06/22/2023,FEU,Z24,5,0.171801854032
06/22/2023,FEU,Z14,5,0.171801854032
06/22/2023,FEU,Z24,6,0.177474297668
06/22/2023,FEU,Z14,6,0.177474297668
06/22/2023,FEU,Z24,7,0.176309888212
06/22/2023,FEU,Z14,7,0.176309888212
06/22/2023,FEU,Z24,8,0.182031530392
06/22/2023,FEU,Z14,8,0.182031530392
06/22/2023,FEU,Z24,9,0.206766080208
06/22/2023,FEU,Z14,9,0.206766080208
06/23/2023,FEU,Z24,1,0.16609537294
06/23/2023,FEU,Z14,1,0.16609537294
06/23/2023,FEU,Z24,10,0.182857910752
06/23/2023,FEU,Z14,10,0.182857910752
06/23/2023,FEU,Z24,11,0.168256244206
06/23/2023,FEU,Z14,11,0.214195236934
06/23/2023,FEU,Z24,12,0.203575656934
06/23/2023,FEU,Z14,12,0.203575656934
06/23/2023,FEU,Z24,13,0.198214451116
06/23/2023,FEU,Z14,13,0.198214451116
06/23/2023,FEU,Z24,14,0.191870241934
06/23/2023,FEU,Z14,14,0.191870241934
06/23/2023,FEU,Z24,15,0.187048457844
06/23/2023,FEU,Z14,15,0.141203343116
06/23/2023,FEU,Z24,16,0.141325686662
06/23/2023,FEU,Z14,16,0.141325686662
06/23/2023,FEU,Z24,17,0.150795341026
06/23/2023,FEU,Z14,17,0.150795341026
06/23/2023,FEU,Z24,18,0.15320645839
06/23/2023,FEU,Z14,18,0.15320645839
06/23/2023,FEU,Z24,19,0.171566257754
06/23/2023,FEU,Z14,19,0.2173978593
06/23/2023,FEU,Z24,2,0.160263457668
06/23/2023,FEU,Z14,2,0.160263457668
06/23/2023,FEU,Z24,20,0.238759298392
06/23/2023,FEU,Z14,20,0.238759298392
06/23/2023,FEU,Z24,21,0.25072061112
06/23/2023,FEU,Z14,21,0.25072061112
06/23/2023,FEU,Z24,22,0.24621053112
06/23/2023,FEU,Z14,22,0.24621053112
06/23/2023,FEU,Z24,23,0.241613468212
06/23/2023,FEU,Z14,23,0.195567717484
06/23/2023,FEU,Z24,24,0.186277174666
06/23/2023,FEU,Z14,24,0.186277174666
06/23/2023,FEU,Z24,3,0.147305926214
06/23/2023,FEU,Z14,3,0.147305926214
06/23/2023,FEU,Z24,4,0.141904673214
06/23/2023,FEU,Z14,4,0.141904673214
06/23/2023,FEU,Z24,5,0.13520291385
06/23/2023,FEU,Z14,5,0.13520291385
06/23/2023,FEU,Z24,6,0.138677478122
06/23/2023,FEU,Z14,6,0.138677478122
06/23/2023,FEU,Z24,7,0.152200967848
06/23/2023,FEU,Z14,7,0.152200967848
06/23/2023,FEU,Z24,8,0.166093468028
06/23/2023,FEU,Z14,8,0.166093468028
06/23/2023,FEU,Z24,9,0.193175008662
06/23/2023,FEU,Z14,9,0.193175008662
06/24/2023,FEU,Z24,1,0.155772907122
06/24/2023,FEU,Z14,1,0.155772907122
06/24/2023,FEU,Z24,10,0.120840616936
06/24/2023,FEU,Z14,10,0.120840616936
06/24/2023,FEU,Z24,11,0.09083297339
06/24/2023,FEU,Z14,11,0.09083297339
06/24/2023,FEU,Z24,12,0.048620608208
06/24/2023,FEU,Z14,12,0.048620608208
06/24/2023,FEU,Z24,13,0.042755320208
06/24/2023,FEU,Z14,13,0.042755320208
06/24/2023,FEU,Z24,14,0.048232268026
06/24/2023,FEU,Z14,14,0.048232268026
06/24/2023,FEU,Z24,15,0.048714741844
06/24/2023,FEU,Z14,15,0.048714741844
06/24/2023,FEU,Z24,16,0.031845360936
06/24/2023,FEU,Z14,16,0.031845360936
06/24/2023,FEU,Z24,17,0.052738857664
06/24/2023,FEU,Z14,17,0.052738857664
06/24/2023,FEU,Z24,18,0.115475986392
06/24/2023,FEU,Z14,18,0.115475986392
06/24/2023,FEU,Z24,19,0.128610787484
06/24/2023,FEU,Z14,19,0.128610787484
06/24/2023,FEU,Z24,2,0.147613741486
06/24/2023,FEU,Z14,2,0.147613741486
06/24/2023,FEU,Z24,20,0.142113200758
06/24/2023,FEU,Z14,20,0.142113200758
06/24/2023,FEU,Z24,21,0.153595022032
06/24/2023,FEU,Z14,21,0.153595022032
06/24/2023,FEU,Z24,22,0.17064443885
06/24/2023,FEU,Z14,22,0.17064443885
06/24/2023,FEU,Z24,23,0.174215677214
06/24/2023,FEU,Z14,23,0.174215677214
06/24/2023,FEU,Z24,24,0.17263855476
06/24/2023,FEU,Z14,24,0.17263855476
06/24/2023,FEU,Z24,3,0.142992206032
06/24/2023,FEU,Z14,3,0.142992206032
06/24/2023,FEU,Z24,4,0.147449520214
06/24/2023,FEU,Z14,4,0.147449520214
06/24/2023,FEU,Z24,5,0.147723761214
06/24/2023,FEU,Z14,5,0.147723761214
06/24/2023,FEU,Z24,6,0.147568397214
06/24/2023,FEU,Z14,6,0.147568397214
06/24/2023,FEU,Z24,7,0.132856262032
06/24/2023,FEU,Z14,7,0.132856262032
06/24/2023,FEU,Z24,8,0.132198335122
06/24/2023,FEU,Z14,8,0.132198335122
06/24/2023,FEU,Z24,9,0.129563576574
06/24/2023,FEU,Z14,9,0.129563576574
06/25/2023,FEU,Z24,1,0.168677673124
06/25/2023,FEU,Z14,1,0.168677673124
06/25/2023,FEU,Z24,10,0.072639250392
06/25/2023,FEU,Z14,10,0.072639250392
06/25/2023,FEU,Z24,11,0.045399796936
06/25/2023,FEU,Z14,11,0.045399796936
06/25/2023,FEU,Z24,12,0.030596696572
06/25/2023,FEU,Z14,12,0.030596696572
06/25/2023,FEU,Z24,13,0.029724590572
06/25/2023,FEU,Z14,13,0.029724590572
06/25/2023,FEU,Z24,14,0.038713568208
06/25/2023,FEU,Z14,14,0.038713568208
06/25/2023,FEU,Z24,15,0.034520808208
06/25/2023,FEU,Z14,15,0.034520808208
06/25/2023,FEU,Z24,16,0.0286488593
06/25/2023,FEU,Z14,16,0.0286488593
06/25/2023,FEU,Z24,17,0.040265924028
06/25/2023,FEU,Z14,17,0.040265924028
06/25/2023,FEU,Z24,18,0.104602458574
06/25/2023,FEU,Z14,18,0.104602458574
06/25/2023,FEU,Z24,19,0.123266749484
06/25/2023,FEU,Z14,19,0.123266749484
06/25/2023,FEU,Z24,2,0.16505569567
06/25/2023,FEU,Z14,2,0.16505569567
06/25/2023,FEU,Z24,20,0.134316837394
06/25/2023,FEU,Z14,20,0.134316837394
06/25/2023,FEU,Z24,21,0.14375188294
06/25/2023,FEU,Z14,21,0.14375188294
06/25/2023,FEU,Z24,22,0.160589876212
06/25/2023,FEU,Z14,22,0.160589876212
06/25/2023,FEU,Z24,23,0.166028123848
06/25/2023,FEU,Z14,23,0.166028123848
06/25/2023,FEU,Z24,24,0.156578529394
06/25/2023,FEU,Z14,24,0.156578529394
06/25/2023,FEU,Z24,3,0.156721840216
06/25/2023,FEU,Z14,3,0.156721840216
06/25/2023,FEU,Z24,4,0.146433070398
06/25/2023,FEU,Z14,4,0.146433070398
06/25/2023,FEU,Z24,5,0.146771152216
06/25/2023,FEU,Z14,5,0.146771152216
06/25/2023,FEU,Z24,6,0.145093067398
06/25/2023,FEU,Z14,6,0.145093067398
06/25/2023,FEU,Z24,7,0.147747688216
06/25/2023,FEU,Z14,7,0.147747688216
06/25/2023,FEU,Z24,8,0.136410255124
06/25/2023,FEU,Z14,8,0.136410255124
06/25/2023,FEU,Z24,9,0.118827254212
06/25/2023,FEU,Z14,9,0.118827254212
06/26/2023,FEU,Z24,1,0.132426889304
06/26/2023,FEU,Z14,1,0.132426889304
06/26/2023,FEU,Z24,10,0.162322347116
06/26/2023,FEU,Z14,10,0.162322347116
06/26/2023,FEU,Z24,11,0.146805814752
06/26/2023,FEU,Z14,11,0.19267068748
06/26/2023,FEU,Z24,12,0.185870663298
06/26/2023,FEU,Z14,12,0.185870663298
06/26/2023,FEU,Z24,13,0.185182075116
06/26/2023,FEU,Z14,13,0.185182075116
06/26/2023,FEU,Z24,14,0.178699414752
06/26/2023,FEU,Z14,14,0.178699414752
06/26/2023,FEU,Z24,15,0.173612745298
06/26/2023,FEU,Z14,15,0.127903910752
06/26/2023,FEU,Z24,16,0.12713076748
06/26/2023,FEU,Z14,16,0.12713076748
06/26/2023,FEU,Z24,17,0.127494143026
06/26/2023,FEU,Z14,17,0.127494143026
06/26/2023,FEU,Z24,18,0.144630864208
06/26/2023,FEU,Z14,18,0.144630864208
06/26/2023,FEU,Z24,19,0.158834768208
06/26/2023,FEU,Z14,19,0.204631251754
06/26/2023,FEU,Z24,2,0.131282714396
06/26/2023,FEU,Z14,2,0.131282714396
06/26/2023,FEU,Z24,20,0.218268777664
06/26/2023,FEU,Z14,20,0.218268777664
06/26/2023,FEU,Z24,21,0.223977712846
06/26/2023,FEU,Z14,21,0.223977712846
06/26/2023,FEU,Z24,22,0.2350733593
06/26/2023,FEU,Z14,22,0.2350733593
06/26/2023,FEU,Z24,23,0.240186724756
06/26/2023,FEU,Z14,23,0.194147976028
06/26/2023,FEU,Z24,24,0.182750402574
06/26/2023,FEU,Z14,24,0.182750402574
06/26/2023,FEU,Z24,3,0.121860990942
06/26/2023,FEU,Z14,3,0.121860990942
06/26/2023,FEU,Z24,4,0.121497692306
06/26/2023,FEU,Z14,4,0.121497692306
06/26/2023,FEU,Z24,5,0.123330243124
06/26/2023,FEU,Z14,5,0.123330243124
06/26/2023,FEU,Z24,6,0.122732078032
06/26/2023,FEU,Z14,6,0.122732078032
06/26/2023,FEU,Z24,7,0.125681002212
06/26/2023,FEU,Z14,7,0.125681002212
06/26/2023,FEU,Z24,8,0.14789440021
06/26/2023,FEU,Z14,8,0.14789440021
06/26/2023,FEU,Z24,9,0.173458747844
06/26/2023,FEU,Z14,9,0.173458747844
06/27/2023,FEU,Z24,1,0.151214070212
06/27/2023,FEU,Z14,1,0.151214070212
06/27/2023,FEU,Z24,10,0.150953727116
06/27/2023,FEU,Z14,10,0.150953727116
06/27/2023,FEU,Z24,11,0.149345346934
06/27/2023,FEU,Z14,11,0.19511256748
06/27/2023,FEU,Z24,12,0.19253160748
06/27/2023,FEU,Z14,12,0.19253160748
06/27/2023,FEU,Z24,13,0.188564398298
06/27/2023,FEU,Z14,13,0.188564398298
06/27/2023,FEU,Z24,14,0.188640550752
06/27/2023,FEU,Z14,14,0.188640550752
06/27/2023,FEU,Z24,15,0.188217003298
06/27/2023,FEU,Z14,15,0.142469702752
06/27/2023,FEU,Z24,16,0.14115732748
06/27/2023,FEU,Z14,16,0.14115732748
06/27/2023,FEU,Z24,17,0.149228288026
06/27/2023,FEU,Z14,17,0.149228288026
06/27/2023,FEU,Z24,18,0.156825904208
06/27/2023,FEU,Z14,18,0.156825904208
06/27/2023,FEU,Z24,19,0.169138130572
06/27/2023,FEU,Z14,19,0.214961649118
06/27/2023,FEU,Z24,2,0.132792032122
06/27/2023,FEU,Z14,2,0.132792032122
06/27/2023,FEU,Z24,20,0.224506794028
06/27/2023,FEU,Z14,20,0.224506794028
06/27/2023,FEU,Z24,21,0.229936416846
06/27/2023,FEU,Z14,21,0.229936416846
06/27/2023,FEU,Z24,22,0.235975017664
06/27/2023,FEU,Z14,22,0.235975017664
06/27/2023,FEU,Z24,23,0.234462131666
06/27/2023,FEU,Z14,23,0.188441034938
06/27/2023,FEU,Z24,24,0.179005142302
06/27/2023,FEU,Z14,24,0.179005142302
06/27/2023,FEU,Z24,3,0.13036073885
06/27/2023,FEU,Z14,3,0.13036073885
06/27/2023,FEU,Z24,4,0.12835618885
06/27/2023,FEU,Z14,4,0.12835618885
06/27/2023,FEU,Z24,5,0.125368969486
06/27/2023,FEU,Z14,5,0.125368969486
06/27/2023,FEU,Z24,6,0.129047174122
06/27/2023,FEU,Z14,6,0.129047174122
06/27/2023,FEU,Z24,7,0.146016034666
06/27/2023,FEU,Z14,7,0.146016034666
06/27/2023,FEU,Z24,8,0.151962921664
06/27/2023,FEU,Z14,8,0.151962921664
06/27/2023,FEU,Z24,9,0.175660658662
06/27/2023,FEU,Z14,9,0.175660658662
06/28/2023,FEU,Z24,1,0.134287248212
06/28/2023,FEU,Z14,1,0.134287248212
06/28/2023,FEU,Z24,10,0.167232817116
06/28/2023,FEU,Z14,10,0.167232817116
06/28/2023,FEU,Z24,11,0.161154228934
06/28/2023,FEU,Z14,11,0.207070117662
06/28/2023,FEU,Z24,12,0.203538831298
06/28/2023,FEU,Z14,12,0.203538831298
06/28/2023,FEU,Z24,13,0.20556294748
06/28/2023,FEU,Z14,13,0.20556294748
06/28/2023,FEU,Z24,14,0.200896884934
06/28/2023,FEU,Z14,14,0.200896884934
06/28/2023,FEU,Z24,15,0.197942117662
06/28/2023,FEU,Z14,15,0.152058228934
06/28/2023,FEU,Z24,16,0.152504063662
06/28/2023,FEU,Z14,16,0.152504063662
06/28/2023,FEU,Z24,17,0.154896679844
06/28/2023,FEU,Z14,17,0.154896679844
06/28/2023,FEU,Z24,18,0.164375160208
06/28/2023,FEU,Z14,18,0.164375160208
06/28/2023,FEU,Z24,19,0.16619075839
06/28/2023,FEU,Z14,19,0.212127066118
06/28/2023,FEU,Z24,2,0.127954272758
06/28/2023,FEU,Z14,2,0.127954272758
06/28/2023,FEU,Z24,20,0.223769388028
06/28/2023,FEU,Z14,20,0.223769388028
06/28/2023,FEU,Z24,21,0.23263531021
06/28/2023,FEU,Z14,21,0.23263531021
06/28/2023,FEU,Z24,22,0.240510466028
06/28/2023,FEU,Z14,22,0.240510466028
06/28/2023,FEU,Z24,23,0.240528371484
06/28/2023,FEU,Z14,23,0.194486818756
06/28/2023,FEU,Z24,24,0.185239712302
06/28/2023,FEU,Z14,24,0.185239712302
06/28/2023,FEU,Z24,3,0.124586209304
06/28/2023,FEU,Z14,3,0.124586209304
06/28/2023,FEU,Z24,4,0.124606519486
06/28/2023,FEU,Z14,4,0.124606519486
06/28/2023,FEU,Z24,5,0.124859285304
06/28/2023,FEU,Z14,5,0.124859285304
06/28/2023,FEU,Z24,6,0.129686730758
06/28/2023,FEU,Z14,6,0.129686730758
06/28/2023,FEU,Z24,7,0.131202164302
06/28/2023,FEU,Z14,7,0.131202164302
06/28/2023,FEU,Z24,8,0.148162473664
06/28/2023,FEU,Z14,8,0.148162473664
06/28/2023,FEU,Z24,9,0.181173970662
06/28/2023,FEU,Z14,9,0.181173970662
06/29/2023,FEU,Z24,1,0.156602524576
06/29/2023,FEU,Z14,1,0.156602524576
06/29/2023,FEU,Z24,10,0.17661930748
06/29/2023,FEU,Z14,10,0.17661930748
06/29/2023,FEU,Z24,11,0.167805706298
06/29/2023,FEU,Z14,11,0.213621655844
06/29/2023,FEU,Z24,12,0.204253328026
06/29/2023,FEU,Z14,12,0.204253328026
06/29/2023,FEU,Z24,13,0.203348072026
06/29/2023,FEU,Z14,13,0.203348072026
06/29/2023,FEU,Z24,14,0.202656729662
06/29/2023,FEU,Z14,14,0.202656729662
06/29/2023,FEU,Z24,15,0.194123648208
06/29/2023,FEU,Z14,15,0.14825268748
06/29/2023,FEU,Z24,16,0.144111077026
06/29/2023,FEU,Z14,16,0.144111077026
06/29/2023,FEU,Z24,17,0.143016680208
06/29/2023,FEU,Z14,17,0.143016680208
06/29/2023,FEU,Z24,18,0.14260490339
06/29/2023,FEU,Z14,18,0.14260490339
06/29/2023,FEU,Z24,19,0.14311671839
06/29/2023,FEU,Z14,19,0.188972418118
06/29/2023,FEU,Z24,2,0.146765137304
06/29/2023,FEU,Z14,2,0.146765137304
06/29/2023,FEU,Z24,20,0.191655876028
06/29/2023,FEU,Z14,20,0.191655876028
06/29/2023,FEU,Z24,21,0.206518266574
06/29/2023,FEU,Z14,21,0.206518266574
06/29/2023,FEU,Z24,22,0.231021212574
06/29/2023,FEU,Z14,22,0.231021212574
06/29/2023,FEU,Z24,23,0.234978107848
06/29/2023,FEU,Z14,23,0.18895597112
06/29/2023,FEU,Z24,24,0.176217224666
06/29/2023,FEU,Z14,24,0.176217224666
06/29/2023,FEU,Z24,3,0.145834598032
06/29/2023,FEU,Z14,3,0.145834598032
06/29/2023,FEU,Z24,4,0.143315606032
06/29/2023,FEU,Z14,4,0.143315606032
06/29/2023,FEU,Z24,5,0.134049902032
06/29/2023,FEU,Z14,5,0.134049902032
06/29/2023,FEU,Z24,6,0.138023201668
06/29/2023,FEU,Z14,6,0.138023201668
06/29/2023,FEU,Z24,7,0.152303114212
06/29/2023,FEU,Z14,7,0.152303114212
06/29/2023,FEU,Z24,8,0.167831226392
06/29/2023,FEU,Z14,8,0.167831226392
06/29/2023,FEU,Z24,9,0.189554600208
06/29/2023,FEU,Z14,9,0.189554600208
06/30/2023,FEU,Z24,1,0.15215014294
06/30/2023,FEU,Z14,1,0.15215014294
06/30/2023,FEU,Z24,10,0.150807942752
06/30/2023,FEU,Z14,10,0.150807942752
06/30/2023,FEU,Z24,11,0.137659579206
06/30/2023,FEU,Z14,11,0.183490551934
06/30/2023,FEU,Z24,12,0.187483695934
06/30/2023,FEU,Z14,12,0.187483695934
06/30/2023,FEU,Z24,13,0.191570807116
06/30/2023,FEU,Z14,13,0.191570807116
06/30/2023,FEU,Z24,14,0.193729236934
06/30/2023,FEU,Z14,14,0.193729236934
06/30/2023,FEU,Z24,15,0.191697539844
06/30/2023,FEU,Z14,15,0.145836141116
06/30/2023,FEU,Z24,16,0.138569030662
06/30/2023,FEU,Z14,16,0.138569030662
06/30/2023,FEU,Z24,17,0.138797270026
06/30/2023,FEU,Z14,17,0.138797270026
06/30/2023,FEU,Z24,18,0.13686272839
06/30/2023,FEU,Z14,18,0.13686272839
06/30/2023,FEU,Z24,19,0.147846297754
06/30/2023,FEU,Z14,19,0.1936147093
06/30/2023,FEU,Z24,2,0.140311327668
06/30/2023,FEU,Z14,2,0.140311327668
06/30/2023,FEU,Z24,20,0.219148914392
06/30/2023,FEU,Z14,20,0.219148914392
06/30/2023,FEU,Z24,21,0.23035913112
06/30/2023,FEU,Z14,21,0.23035913112
06/30/2023,FEU,Z24,22,0.22929889112
06/30/2023,FEU,Z14,22,0.22929889112
06/30/2023,FEU,Z24,23,0.236192734212
06/30/2023,FEU,Z14,23,0.190164417484
06/30/2023,FEU,Z24,24,0.182711416666
06/30/2023,FEU,Z14,24,0.182711416666
06/30/2023,FEU,Z24,3,0.135475899214
06/30/2023,FEU,Z14,3,0.135475899214
06/30/2023,FEU,Z24,4,0.122989106214
06/30/2023,FEU,Z14,4,0.122989106214
06/30/2023,FEU,Z24,5,0.12073396385
06/30/2023,FEU,Z14,5,0.12073396385
06/30/2023,FEU,Z24,6,0.122888885122
06/30/2023,FEU,Z14,6,0.122888885122
06/30/2023,FEU,Z24,7,0.129548363848
06/30/2023,FEU,Z14,7,0.129548363848
06/30/2023,FEU,Z24,8,0.152948254028
06/30/2023,FEU,Z14,8,0.152948254028
06/30/2023,FEU,Z24,9,0.174675975662
06/30/2023,FEU,Z14,9,0.174675975662
07/01/2023,FEU,Z24,1,0.140731452396
07/01/2023,FEU,Z14,1,0.140731452396
07/01/2023,FEU,Z24,10,0.090354003574
07/01/2023,FEU,Z14,10,0.090354003574
07/01/2023,FEU,Z24,11,0.079305902392
07/01/2023,FEU,Z14,11,0.079305902392
07/01/2023,FEU,Z24,12,0.057559230392
07/01/2023,FEU,Z14,12,0.057559230392
07/01/2023,FEU,Z24,13,0.047844666574
07/01/2023,FEU,Z14,13,0.047844666574
07/01/2023,FEU,Z24,14,0.033487842392
07/01/2023,FEU,Z14,14,0.033487842392
07/01/2023,FEU,Z24,15,0.028866712028
07/01/2023,FEU,Z14,15,0.028866712028
07/01/2023,FEU,Z24,16,0.026842802574
07/01/2023,FEU,Z14,16,0.026842802574
07/01/2023,FEU,Z24,17,0.026863258756
07/01/2023,FEU,Z14,17,0.026863258756
07/01/2023,FEU,Z24,18,0.02943645112
07/01/2023,FEU,Z14,18,0.02943645112
07/01/2023,FEU,Z24,19,0.05737916703
07/01/2023,FEU,Z14,19,0.05737916703
07/01/2023,FEU,Z24,2,0.141039221578
07/01/2023,FEU,Z14,2,0.141039221578
07/01/2023,FEU,Z24,20,0.105937781668
07/01/2023,FEU,Z14,20,0.105937781668
07/01/2023,FEU,Z24,21,0.130625547124
07/01/2023,FEU,Z14,21,0.130625547124
07/01/2023,FEU,Z24,22,0.16589823067
07/01/2023,FEU,Z14,22,0.16589823067
07/01/2023,FEU,Z24,23,0.166566031488
07/01/2023,FEU,Z14,23,0.166566031488
07/01/2023,FEU,Z24,24,0.161902255488
07/01/2023,FEU,Z14,24,0.161902255488
07/01/2023,FEU,Z24,3,0.13003937476
07/01/2023,FEU,Z14,3,0.13003937476
07/01/2023,FEU,Z24,4,0.129428429578
07/01/2023,FEU,Z14,4,0.129428429578
07/01/2023,FEU,Z24,5,0.128879594396
07/01/2023,FEU,Z14,5,0.128879594396
07/01/2023,FEU,Z24,6,0.127254554214
07/01/2023,FEU,Z14,6,0.127254554214
07/01/2023,FEU,Z24,7,0.12716356385
07/01/2023,FEU,Z14,7,0.12716356385
07/01/2023,FEU,Z24,8,0.122057475122
07/01/2023,FEU,Z14,8,0.122057475122
07/01/2023,FEU,Z24,9,0.10532481112
07/01/2023,FEU,Z14,9,0.10532481112
07/02/2023,FEU,Z24,1,0.150126183124
07/02/2023,FEU,Z14,1,0.150126183124
07/02/2023,FEU,Z24,10,0.057016586302
07/02/2023,FEU,Z14,10,0.057016586302
07/02/2023,FEU,Z24,11,0.056619402392
07/02/2023,FEU,Z14,11,0.056619402392
07/02/2023,FEU,Z24,12,0.04516408021
07/02/2023,FEU,Z14,12,0.04516408021
07/02/2023,FEU,Z24,13,0.049683402392
07/02/2023,FEU,Z14,13,0.049683402392
07/02/2023,FEU,Z24,14,0.04598528521
07/02/2023,FEU,Z14,14,0.04598528521
07/02/2023,FEU,Z24,15,0.05014790521
07/02/2023,FEU,Z14,15,0.05014790521
07/02/2023,FEU,Z24,16,0.049799764756
07/02/2023,FEU,Z14,16,0.049799764756
07/02/2023,FEU,Z24,17,0.050664076938
07/02/2023,FEU,Z14,17,0.050664076938
07/02/2023,FEU,Z24,18,0.045003328756
07/02/2023,FEU,Z14,18,0.045003328756
07/02/2023,FEU,Z24,19,0.062248211848
07/02/2023,FEU,Z14,19,0.062248211848
07/02/2023,FEU,Z24,2,0.130026424942
07/02/2023,FEU,Z14,2,0.130026424942
07/02/2023,FEU,Z24,20,0.07466923294
07/02/2023,FEU,Z14,20,0.07466923294
07/02/2023,FEU,Z24,21,0.153582086032
07/02/2023,FEU,Z14,21,0.153582086032
07/02/2023,FEU,Z24,22,0.16751893885
07/02/2023,FEU,Z14,22,0.16751893885
07/02/2023,FEU,Z24,23,0.173919439486
07/02/2023,FEU,Z14,23,0.173919439486
07/02/2023,FEU,Z24,24,0.170097805486
07/02/2023,FEU,Z14,24,0.170097805486
07/02/2023,FEU,Z24,3,0.12164131476
07/02/2023,FEU,Z14,3,0.12164131476
07/02/2023,FEU,Z24,4,0.117520815942
07/02/2023,FEU,Z14,4,0.117520815942
07/02/2023,FEU,Z24,5,0.118108953942
07/02/2023,FEU,Z14,5,0.118108953942
07/02/2023,FEU,Z24,6,0.11820279476
07/02/2023,FEU,Z14,6,0.11820279476
07/02/2023,FEU,Z24,7,0.11874205476
07/02/2023,FEU,Z14,7,0.11874205476
07/02/2023,FEU,Z24,8,0.114994922214
07/02/2023,FEU,Z14,8,0.114994922214
07/02/2023,FEU,Z24,9,0.072743436212
07/02/2023,FEU,Z14,9,0.072743436212
07/03/2023,FEU,Z24,1,0.170311789304
07/03/2023,FEU,Z14,1,0.170311789304
07/03/2023,FEU,Z24,10,0.184641265298
07/03/2023,FEU,Z14,10,0.184641265298
07/03/2023,FEU,Z24,11,0.173482482298
07/03/2023,FEU,Z14,11,0.219442655026
07/03/2023,FEU,Z24,12,0.21360751339
07/03/2023,FEU,Z14,12,0.21360751339
07/03/2023,FEU,Z24,13,0.214498142572
07/03/2023,FEU,Z14,13,0.214498142572
07/03/2023,FEU,Z24,14,0.214902120208
07/03/2023,FEU,Z14,14,0.214902120208
07/03/2023,FEU,Z24,15,0.205017960208
07/03/2023,FEU,Z14,15,0.159223412662
07/03/2023,FEU,Z24,16,0.148137181844
07/03/2023,FEU,Z14,16,0.148137181844
07/03/2023,FEU,Z24,17,0.146025602026
07/03/2023,FEU,Z14,17,0.146025602026
07/03/2023,FEU,Z24,18,0.15365987839
07/03/2023,FEU,Z14,18,0.15365987839
07/03/2023,FEU,Z24,19,0.160252184208
07/03/2023,FEU,Z14,19,0.206051237754
07/03/2023,FEU,Z24,2,0.16942713885
07/03/2023,FEU,Z14,2,0.16942713885
07/03/2023,FEU,Z24,20,0.227800425664
07/03/2023,FEU,Z14,20,0.227800425664
07/03/2023,FEU,Z24,21,0.240394069574
07/03/2023,FEU,Z14,21,0.240394069574
07/03/2023,FEU,Z24,22,0.250002554392
07/03/2023,FEU,Z14,22,0.250002554392
07/03/2023,FEU,Z24,23,0.25166253112
07/03/2023,FEU,Z14,23,0.205584554392
07/03/2023,FEU,Z24,24,0.197063678392
07/03/2023,FEU,Z14,24,0.197063678392
07/03/2023,FEU,Z24,3,0.154773991214
07/03/2023,FEU,Z14,3,0.154773991214
07/03/2023,FEU,Z24,4,0.155099126032
07/03/2023,FEU,Z14,4,0.155099126032
07/03/2023,FEU,Z24,5,0.16433351385
07/03/2023,FEU,Z14,5,0.16433351385
07/03/2023,FEU,Z24,6,0.167527117304
07/03/2023,FEU,Z14,6,0.167527117304
07/03/2023,FEU,Z24,7,0.169170923848
07/03/2023,FEU,Z14,7,0.169170923848
07/03/2023,FEU,Z24,8,0.171277562302
07/03/2023,FEU,Z14,8,0.171277562302
07/03/2023,FEU,Z24,9,0.19069260748
07/03/2023,FEU,Z14,9,0.19069260748
07/04/2023,FEU,Z24,1,0.169836617122
07/04/2023,FEU,Z14,1,0.169836617122
07/04/2023,FEU,Z24,10,0.169099733844
07/04/2023,FEU,Z14,10,0.169099733844
07/04/2023,FEU,Z24,11,0.154207576662
07/04/2023,FEU,Z14,11,0.199988936208
07/04/2023,FEU,Z24,12,0.197912125754
07/04/2023,FEU,Z14,12,0.197912125754
07/04/2023,FEU,Z24,13,0.197480853754
07/04/2023,FEU,Z14,13,0.197480853754
07/04/2023,FEU,Z24,14,0.195405782572
07/04/2023,FEU,Z14,14,0.195405782572
07/04/2023,FEU,Z24,15,0.18989341839
07/04/2023,FEU,Z14,15,0.144036702662
07/04/2023,FEU,Z24,16,0.140636525844
07/04/2023,FEU,Z14,16,0.140636525844
07/04/2023,FEU,Z24,17,0.140467193026
07/04/2023,FEU,Z14,17,0.140467193026
07/04/2023,FEU,Z24,18,0.155710504208
07/04/2023,FEU,Z14,18,0.155710504208
07/04/2023,FEU,Z24,19,0.16305231339
07/04/2023,FEU,Z14,19,0.208977657118
07/04/2023,FEU,Z24,2,0.160106191486
07/04/2023,FEU,Z14,2,0.160106191486
07/04/2023,FEU,Z24,20,0.236855748028
07/04/2023,FEU,Z14,20,0.236855748028
07/04/2023,FEU,Z24,21,0.244641550756
07/04/2023,FEU,Z14,21,0.244641550756
07/04/2023,FEU,Z24,22,0.253044707574
07/04/2023,FEU,Z14,22,0.253044707574
07/04/2023,FEU,Z24,23,0.252571208302
07/04/2023,FEU,Z14,23,0.206489728574
07/04/2023,FEU,Z24,24,0.198073144756
07/04/2023,FEU,Z14,24,0.198073144756
07/04/2023,FEU,Z24,3,0.166847366032
07/04/2023,FEU,Z14,3,0.166847366032
07/04/2023,FEU,Z24,4,0.15312048885
07/04/2023,FEU,Z14,4,0.15312048885
07/04/2023,FEU,Z24,5,0.150489907668
07/04/2023,FEU,Z14,5,0.150489907668
07/04/2023,FEU,Z24,6,0.164291225304
07/04/2023,FEU,Z14,6,0.164291225304
07/04/2023,FEU,Z24,7,0.168934938212
07/04/2023,FEU,Z14,7,0.168934938212
07/04/2023,FEU,Z24,8,0.169428361484
07/04/2023,FEU,Z14,8,0.169428361484
07/04/2023,FEU,Z24,9,0.189041337844
07/04/2023,FEU,Z14,9,0.189041337844
07/05/2023,FEU,Z24,1,0.156295173122
07/05/2023,FEU,Z14,1,0.156295173122
07/05/2023,FEU,Z24,10,0.168335688208
07/05/2023,FEU,Z14,10,0.168335688208
07/05/2023,FEU,Z24,11,0.15415909839
07/05/2023,FEU,Z14,11,0.200054523118
07/05/2023,FEU,Z24,12,0.1973039093
07/05/2023,FEU,Z14,12,0.1973039093
07/05/2023,FEU,Z24,13,0.198514281664
07/05/2023,FEU,Z14,13,0.198514281664
07/05/2023,FEU,Z24,14,0.1992313093
07/05/2023,FEU,Z14,14,0.1992313093
07/05/2023,FEU,Z24,15,0.196634252936
07/05/2023,FEU,Z14,15,0.15085806339
07/05/2023,FEU,Z24,16,0.148335136208
07/05/2023,FEU,Z14,16,0.148335136208
07/05/2023,FEU,Z24,17,0.147336424208
07/05/2023,FEU,Z14,17,0.147336424208
07/05/2023,FEU,Z24,18,0.150088888208
07/05/2023,FEU,Z14,18,0.150088888208
07/05/2023,FEU,Z24,19,0.153794304208
07/05/2023,FEU,Z14,19,0.199576422754
07/05/2023,FEU,Z24,2,0.142945201486
07/05/2023,FEU,Z14,2,0.142945201486
07/05/2023,FEU,Z24,20,0.213302085846
07/05/2023,FEU,Z14,20,0.213302085846
07/05/2023,FEU,Z24,21,0.239290291574
07/05/2023,FEU,Z14,21,0.239290291574
07/05/2023,FEU,Z24,22,0.24662467021
07/05/2023,FEU,Z14,22,0.24662467021
07/05/2023,FEU,Z24,23,0.247132119938
07/05/2023,FEU,Z14,23,0.20106899521
07/05/2023,FEU,Z24,24,0.19486664521
07/05/2023,FEU,Z14,24,0.19486664521
07/05/2023,FEU,Z24,3,0.134288461486
07/05/2023,FEU,Z14,3,0.134288461486
07/05/2023,FEU,Z24,4,0.13083778885
07/05/2023,FEU,Z14,4,0.13083778885
07/05/2023,FEU,Z24,5,0.129024491668
07/05/2023,FEU,Z14,5,0.129024491668
07/05/2023,FEU,Z24,6,0.130453924486
07/05/2023,FEU,Z14,6,0.130453924486
07/05/2023,FEU,Z24,7,0.160314428576
07/05/2023,FEU,Z14,7,0.160314428576
07/05/2023,FEU,Z24,8,0.16798892703
07/05/2023,FEU,Z14,8,0.16798892703
07/05/2023,FEU,Z24,9,0.18330163839
07/05/2023,FEU,Z14,9,0.18330163839
07/06/2023,FEU,Z24,1,0.163571767122
07/06/2023,FEU,Z14,1,0.163571767122
07/06/2023,FEU,Z24,10,0.175560314572
07/06/2023,FEU,Z14,10,0.175560314572
07/06/2023,FEU,Z24,11,0.165391856572
07/06/2023,FEU,Z14,11,0.211205568118
07/06/2023,FEU,Z24,12,0.194700183118
07/06/2023,FEU,Z14,12,0.194700183118
07/06/2023,FEU,Z24,13,0.202192110482
07/06/2023,FEU,Z14,13,0.202192110482
07/06/2023,FEU,Z24,14,0.191866608936
07/06/2023,FEU,Z14,14,0.191866608936
07/06/2023,FEU,Z24,15,0.188727681118
07/06/2023,FEU,Z14,15,0.14287168839
07/06/2023,FEU,Z24,16,0.14129158839
07/06/2023,FEU,Z14,16,0.14129158839
07/06/2023,FEU,Z24,17,0.14440598839
07/06/2023,FEU,Z14,17,0.14440598839
07/06/2023,FEU,Z24,18,0.156488424208
07/06/2023,FEU,Z14,18,0.156488424208
07/06/2023,FEU,Z24,19,0.17168904839
07/06/2023,FEU,Z14,19,0.217644564118
07/06/2023,FEU,Z24,2,0.158544909304
07/06/2023,FEU,Z14,2,0.158544909304
07/06/2023,FEU,Z24,20,0.23011510021
07/06/2023,FEU,Z14,20,0.23011510021
07/06/2023,FEU,Z24,21,0.243119661938
07/06/2023,FEU,Z14,21,0.243119661938
07/06/2023,FEU,Z24,22,0.242549044756
07/06/2023,FEU,Z14,22,0.242549044756
07/06/2023,FEU,Z24,23,0.241117505484
07/06/2023,FEU,Z14,23,0.195075082756
07/06/2023,FEU,Z24,24,0.191935662392
07/06/2023,FEU,Z14,24,0.191935662392
07/06/2023,FEU,Z24,3,0.146270551668
07/06/2023,FEU,Z14,3,0.146270551668
07/06/2023,FEU,Z24,4,0.14509288885
07/06/2023,FEU,Z14,4,0.14509288885
07/06/2023,FEU,Z24,5,0.145512374032
07/06/2023,FEU,Z14,5,0.145512374032
07/06/2023,FEU,Z24,6,0.154220879668
07/06/2023,FEU,Z14,6,0.154220879668
07/06/2023,FEU,Z24,7,0.167036280758
07/06/2023,FEU,Z14,7,0.167036280758
07/06/2023,FEU,Z24,8,0.16910033703
07/06/2023,FEU,Z14,8,0.16910033703
07/06/2023,FEU,Z24,9,0.18878847839
07/06/2023,FEU,Z14,9,0.18878847839
07/07/2023,FEU,Z24,1,0.161828853304
07/07/2023,FEU,Z14,1,0.161828853304
07/07/2023,FEU,Z24,10,0.163859095844
07/07/2023,FEU,Z14,10,0.163859095844
07/07/2023,FEU,Z24,11,0.156813620662
07/07/2023,FEU,Z14,11,0.202601832208
07/07/2023,FEU,Z24,12,0.187944904208
07/07/2023,FEU,Z14,12,0.187944904208
07/07/2023,FEU,Z24,13,0.187133954572
07/07/2023,FEU,Z14,13,0.187133954572
07/07/2023,FEU,Z24,14,0.18205932839
07/07/2023,FEU,Z14,14,0.18205932839
07/07/2023,FEU,Z24,15,0.164947394572
07/07/2023,FEU,Z14,15,0.119255399026
07/07/2023,FEU,Z24,16,0.121007829844
07/07/2023,FEU,Z14,16,0.121007829844
07/07/2023,FEU,Z24,17,0.138793337844
07/07/2023,FEU,Z14,17,0.138793337844
07/07/2023,FEU,Z24,18,0.138680684026
07/07/2023,FEU,Z14,18,0.138680684026
07/07/2023,FEU,Z24,19,0.14415065339
07/07/2023,FEU,Z14,19,0.190011114118
07/07/2023,FEU,Z24,2,0.156092185486
07/07/2023,FEU,Z14,2,0.156092185486
07/07/2023,FEU,Z24,20,0.197965214392
07/07/2023,FEU,Z14,20,0.197965214392
07/07/2023,FEU,Z24,21,0.228238918666
07/07/2023,FEU,Z14,21,0.228238918666
07/07/2023,FEU,Z24,22,0.235890295666
07/07/2023,FEU,Z14,22,0.235890295666
07/07/2023,FEU,Z24,23,0.239721006758
07/07/2023,FEU,Z14,23,0.19368050703
07/07/2023,FEU,Z24,24,0.184340779666
07/07/2023,FEU,Z14,24,0.184340779666
07/07/2023,FEU,Z24,3,0.15193961385
07/07/2023,FEU,Z14,3,0.15193961385
07/07/2023,FEU,Z24,4,0.15217813885
07/07/2023,FEU,Z14,4,0.15217813885
07/07/2023,FEU,Z24,5,0.14967303885
07/07/2023,FEU,Z14,5,0.14967303885
07/07/2023,FEU,Z24,6,0.146696455486
07/07/2023,FEU,Z14,6,0.146696455486
07/07/2023,FEU,Z24,7,0.157597320394
07/07/2023,FEU,Z14,7,0.157597320394
07/07/2023,FEU,Z24,8,0.165710276666
07/07/2023,FEU,Z14,8,0.165710276666
07/07/2023,FEU,Z24,9,0.180310747844
07/07/2023,FEU,Z14,9,0.180310747844
07/08/2023,FEU,Z24,1,0.145335076396
07/08/2023,FEU,Z14,1,0.145335076396
07/08/2023,FEU,Z24,10,0.118839343574
07/08/2023,FEU,Z14,10,0.118839343574
07/08/2023,FEU,Z24,11,0.108023254392
07/08/2023,FEU,Z14,11,0.108023254392
07/08/2023,FEU,Z24,12,0.085361030392
07/08/2023,FEU,Z14,12,0.085361030392
07/08/2023,FEU,Z24,13,0.077691795574
07/08/2023,FEU,Z14,13,0.077691795574
07/08/2023,FEU,Z24,14,0.069564290392
07/08/2023,FEU,Z14,14,0.069564290392
07/08/2023,FEU,Z24,15,0.062385796028
07/08/2023,FEU,Z14,15,0.062385796028
07/08/2023,FEU,Z24,16,0.067719612574
07/08/2023,FEU,Z14,16,0.067719612574
07/08/2023,FEU,Z24,17,0.092616814756
07/08/2023,FEU,Z14,17,0.092616814756
07/08/2023,FEU,Z24,18,0.11870309112
07/08/2023,FEU,Z14,18,0.11870309112
07/08/2023,FEU,Z24,19,0.12374222703
07/08/2023,FEU,Z14,19,0.12374222703
07/08/2023,FEU,Z24,2,0.137640164578
07/08/2023,FEU,Z14,2,0.137640164578
07/08/2023,FEU,Z24,20,0.150144751668
07/08/2023,FEU,Z14,20,0.150144751668
07/08/2023,FEU,Z24,21,0.170622063124
07/08/2023,FEU,Z14,21,0.170622063124
07/08/2023,FEU,Z24,22,0.17676112567
07/08/2023,FEU,Z14,22,0.17676112567
07/08/2023,FEU,Z24,23,0.172769007488
07/08/2023,FEU,Z14,23,0.172769007488
07/08/2023,FEU,Z24,24,0.169282127488
07/08/2023,FEU,Z14,24,0.169282127488
07/08/2023,FEU,Z24,3,0.13075799476
07/08/2023,FEU,Z14,3,0.13075799476
07/08/2023,FEU,Z24,4,0.132588149578
07/08/2023,FEU,Z14,4,0.132588149578
07/08/2023,FEU,Z24,5,0.132252208396
07/08/2023,FEU,Z14,5,0.132252208396
07/08/2023,FEU,Z24,6,0.138523152214
07/08/2023,FEU,Z14,6,0.138523152214
07/08/2023,FEU,Z24,7,0.14231283885
07/08/2023,FEU,Z14,7,0.14231283885
07/08/2023,FEU,Z24,8,0.149257463122
07/08/2023,FEU,Z14,8,0.149257463122
07/08/2023,FEU,Z24,9,0.12706437112
07/08/2023,FEU,Z14,9,0.12706437112
07/09/2023,FEU,Z24,1,0.156582267124
07/09/2023,FEU,Z14,1,0.156582267124
07/09/2023,FEU,Z24,10,0.118377758302
07/09/2023,FEU,Z14,10,0.118377758302
07/09/2023,FEU,Z24,11,0.093330494392
07/09/2023,FEU,Z14,11,0.093330494392
07/09/2023,FEU,Z24,12,0.08069419021
07/09/2023,FEU,Z14,12,0.08069419021
07/09/2023,FEU,Z24,13,0.078707094392
07/09/2023,FEU,Z14,13,0.078707094392
07/09/2023,FEU,Z24,14,0.06929665021
07/09/2023,FEU,Z14,14,0.06929665021
07/09/2023,FEU,Z24,15,0.07383464521
07/09/2023,FEU,Z14,15,0.07383464521
07/09/2023,FEU,Z24,16,0.086538472756
07/09/2023,FEU,Z14,16,0.086538472756
07/09/2023,FEU,Z24,17,0.107342653938
07/09/2023,FEU,Z14,17,0.107342653938
07/09/2023,FEU,Z24,18,0.118703080756
07/09/2023,FEU,Z14,18,0.118703080756
07/09/2023,FEU,Z24,19,0.124348775848
07/09/2023,FEU,Z14,19,0.124348775848
07/09/2023,FEU,Z24,2,0.151260804942
07/09/2023,FEU,Z14,2,0.151260804942
07/09/2023,FEU,Z24,20,0.14049811294
07/09/2023,FEU,Z14,20,0.14049811294
07/09/2023,FEU,Z24,21,0.168004550032
07/09/2023,FEU,Z14,21,0.168004550032
07/09/2023,FEU,Z24,22,0.17793296385
07/09/2023,FEU,Z14,22,0.17793296385
07/09/2023,FEU,Z24,23,0.176433178486
07/09/2023,FEU,Z14,23,0.176433178486
07/09/2023,FEU,Z24,24,0.170013349486
07/09/2023,FEU,Z14,24,0.170013349486
07/09/2023,FEU,Z24,3,0.15020085476
07/09/2023,FEU,Z14,3,0.15020085476
07/09/2023,FEU,Z24,4,0.153311020942
07/09/2023,FEU,Z14,4,0.153311020942
07/09/2023,FEU,Z24,5,0.148503169942
07/09/2023,FEU,Z14,5,0.148503169942
07/09/2023,FEU,Z24,6,0.14871523476
07/09/2023,FEU,Z14,6,0.14871523476
07/09/2023,FEU,Z24,7,0.14825975476
07/09/2023,FEU,Z14,7,0.14825975476
07/09/2023,FEU,Z24,8,0.137662765214
07/09/2023,FEU,Z14,8,0.137662765214
07/09/2023,FEU,Z24,9,0.128036322212
07/09/2023,FEU,Z14,9,0.128036322212
07/10/2023,FEU,Z24,1,0.151559789304
07/10/2023,FEU,Z14,1,0.151559789304
07/10/2023,FEU,Z24,10,0.177564658298
07/10/2023,FEU,Z14,10,0.177564658298
07/10/2023,FEU,Z24,11,0.164001446298
07/10/2023,FEU,Z14,11,0.209927180026
07/10/2023,FEU,Z24,12,0.20464559839
07/10/2023,FEU,Z14,12,0.20464559839
07/10/2023,FEU,Z24,13,0.197582036572
07/10/2023,FEU,Z14,13,0.197582036572
07/10/2023,FEU,Z24,14,0.196969920208
07/10/2023,FEU,Z14,14,0.196969920208
07/10/2023,FEU,Z24,15,0.192626152208
07/10/2023,FEU,Z14,15,0.146862959662
07/10/2023,FEU,Z24,16,0.147430283844
07/10/2023,FEU,Z14,16,0.147430283844
07/10/2023,FEU,Z24,17,0.143484713026
07/10/2023,FEU,Z14,17,0.143484713026
07/10/2023,FEU,Z24,18,0.15379956839
07/10/2023,FEU,Z14,18,0.15379956839
07/10/2023,FEU,Z24,19,0.157290368208
07/10/2023,FEU,Z14,19,0.203081654754
07/10/2023,FEU,Z24,2,0.14370873885
07/10/2023,FEU,Z14,2,0.14370873885
07/10/2023,FEU,Z24,20,0.221496681664
07/10/2023,FEU,Z14,20,0.221496681664
07/10/2023,FEU,Z24,21,0.245256940574
07/10/2023,FEU,Z14,21,0.245256940574
07/10/2023,FEU,Z24,22,0.264790106392
07/10/2023,FEU,Z14,22,0.264790106392
07/10/2023,FEU,Z24,23,0.26554773112
07/10/2023,FEU,Z14,23,0.219420718392
07/10/2023,FEU,Z24,24,0.199047374392
07/10/2023,FEU,Z14,24,0.199047374392
07/10/2023,FEU,Z24,3,0.130540738214
07/10/2023,FEU,Z14,3,0.130540738214
07/10/2023,FEU,Z24,4,0.128259278032
07/10/2023,FEU,Z14,4,0.128259278032
07/10/2023,FEU,Z24,5,0.12982376385
07/10/2023,FEU,Z14,5,0.12982376385
07/10/2023,FEU,Z24,6,0.142659621304
07/10/2023,FEU,Z14,6,0.142659621304
07/10/2023,FEU,Z24,7,0.152402339848
07/10/2023,FEU,Z14,7,0.152402339848
07/10/2023,FEU,Z24,8,0.165737270302
07/10/2023,FEU,Z14,8,0.165737270302
07/10/2023,FEU,Z24,9,0.19268304748
07/10/2023,FEU,Z14,9,0.19268304748
07/11/2023,FEU,Z24,1,0.163012029122
07/11/2023,FEU,Z14,1,0.163012029122
07/11/2023,FEU,Z24,10,0.164253085844
07/11/2023,FEU,Z14,10,0.164253085844
07/11/2023,FEU,Z24,11,0.157009872662
07/11/2023,FEU,Z14,11,0.202799744208
07/11/2023,FEU,Z24,12,0.204141482754
07/11/2023,FEU,Z14,12,0.204141482754
07/11/2023,FEU,Z24,13,0.200730304754
07/11/2023,FEU,Z14,13,0.200730304754
07/11/2023,FEU,Z24,14,0.196534592572
07/11/2023,FEU,Z14,14,0.196534592572
07/11/2023,FEU,Z24,15,0.19350932839
07/11/2023,FEU,Z14,15,0.147638839662
07/11/2023,FEU,Z24,16,0.144439385844
07/11/2023,FEU,Z14,16,0.144439385844
07/11/2023,FEU,Z24,17,0.146061035026
07/11/2023,FEU,Z14,17,0.146061035026
07/11/2023,FEU,Z24,18,0.149439096208
07/11/2023,FEU,Z14,18,0.149439096208
07/11/2023,FEU,Z24,19,0.15320645839
07/11/2023,FEU,Z14,19,0.199097406118
07/11/2023,FEU,Z24,2,0.149316937486
07/11/2023,FEU,Z14,2,0.149316937486
07/11/2023,FEU,Z24,20,0.219399190028
07/11/2023,FEU,Z14,20,0.219399190028
07/11/2023,FEU,Z24,21,0.238375612756
07/11/2023,FEU,Z14,21,0.238375612756
07/11/2023,FEU,Z24,22,0.240571090574
07/11/2023,FEU,Z14,22,0.240571090574
07/11/2023,FEU,Z24,23,0.238710029302
07/11/2023,FEU,Z14,23,0.192676305574
07/11/2023,FEU,Z24,24,0.179333230756
07/11/2023,FEU,Z14,24,0.179333230756
07/11/2023,FEU,Z24,3,0.139828766032
07/11/2023,FEU,Z14,3,0.139828766032
07/11/2023,FEU,Z24,4,0.14055973885
07/11/2023,FEU,Z14,4,0.14055973885
07/11/2023,FEU,Z24,5,0.137188487668
07/11/2023,FEU,Z14,5,0.137188487668
07/11/2023,FEU,Z24,6,0.139899561304
07/11/2023,FEU,Z14,6,0.139899561304
07/11/2023,FEU,Z24,7,0.150540122212
07/11/2023,FEU,Z14,7,0.150540122212
07/11/2023,FEU,Z24,8,0.159389843484
07/11/2023,FEU,Z14,8,0.159389843484
07/11/2023,FEU,Z24,9,0.181168389844
07/11/2023,FEU,Z14,9,0.181168389844
07/12/2023,FEU,Z24,1,0.133529762122
07/12/2023,FEU,Z14,1,0.133529762122
07/12/2023,FEU,Z24,10,0.165802872208
07/12/2023,FEU,Z14,10,0.165802872208
07/12/2023,FEU,Z24,11,0.15461251839
07/12/2023,FEU,Z14,11,0.200509527118
07/12/2023,FEU,Z24,12,0.1943035593
07/12/2023,FEU,Z14,12,0.1943035593
07/12/2023,FEU,Z24,13,0.198702057664
07/12/2023,FEU,Z14,13,0.198702057664
07/12/2023,FEU,Z24,14,0.1930316593
07/12/2023,FEU,Z14,14,0.1930316593
07/12/2023,FEU,Z24,15,0.191319012936
07/12/2023,FEU,Z14,15,0.14555785839
07/12/2023,FEU,Z24,16,0.144085176208
07/12/2023,FEU,Z14,16,0.144085176208
07/12/2023,FEU,Z24,17,0.142237616208
07/12/2023,FEU,Z14,17,0.142237616208
07/12/2023,FEU,Z24,18,0.145036984208
07/12/2023,FEU,Z14,18,0.145036984208
07/12/2023,FEU,Z24,19,0.154804456208
07/12/2023,FEU,Z14,19,0.200590370754
07/12/2023,FEU,Z24,2,0.125690371486
07/12/2023,FEU,Z14,2,0.125690371486
07/12/2023,FEU,Z24,20,0.218465219846
07/12/2023,FEU,Z14,20,0.218465219846
07/12/2023,FEU,Z24,21,0.229106377574
07/12/2023,FEU,Z14,21,0.229106377574
07/12/2023,FEU,Z24,22,0.23618809021
07/12/2023,FEU,Z14,22,0.23618809021
07/12/2023,FEU,Z24,23,0.237613252938
07/12/2023,FEU,Z14,23,0.19158298021
07/12/2023,FEU,Z24,24,0.18134621521
07/12/2023,FEU,Z14,24,0.18134621521
07/12/2023,FEU,Z24,3,0.124999474486
07/12/2023,FEU,Z14,3,0.124999474486
07/12/2023,FEU,Z24,4,0.12623296385
07/12/2023,FEU,Z14,4,0.12623296385
07/12/2023,FEU,Z24,5,0.126843199668
07/12/2023,FEU,Z14,5,0.126843199668
07/12/2023,FEU,Z24,6,0.127024072486
07/12/2023,FEU,Z14,6,0.127024072486
07/12/2023,FEU,Z24,7,0.137440316576
07/12/2023,FEU,Z14,7,0.137440316576
07/12/2023,FEU,Z24,8,0.15520305203
07/12/2023,FEU,Z14,8,0.15520305203
07/12/2023,FEU,Z24,9,0.18089484839
07/12/2023,FEU,Z14,9,0.18089484839
07/13/2023,FEU,Z24,1,0.140270038122
07/13/2023,FEU,Z14,1,0.140270038122
07/13/2023,FEU,Z24,10,0.162668960572
07/13/2023,FEU,Z14,10,0.162668960572
07/13/2023,FEU,Z24,11,0.147952028572
07/13/2023,FEU,Z14,11,0.193720086118
07/13/2023,FEU,Z24,12,0.189520491118
07/13/2023,FEU,Z14,12,0.189520491118
07/13/2023,FEU,Z24,13,0.192306171482
07/13/2023,FEU,Z14,13,0.192306171482
07/13/2023,FEU,Z24,14,0.191330492936
07/13/2023,FEU,Z14,14,0.191330492936
07/13/2023,FEU,Z24,15,0.191281908118
07/13/2023,FEU,Z14,15,0.14541816839
07/13/2023,FEU,Z24,16,0.14516168839
07/13/2023,FEU,Z14,16,0.14516168839
07/13/2023,FEU,Z24,17,0.14449987839
07/13/2023,FEU,Z14,17,0.14449987839
07/13/2023,FEU,Z24,18,0.145629576208
07/13/2023,FEU,Z14,18,0.145629576208
07/13/2023,FEU,Z24,19,0.15362438339
07/13/2023,FEU,Z14,19,0.199517940118
07/13/2023,FEU,Z24,2,0.126835277304
07/13/2023,FEU,Z14,2,0.126835277304
07/13/2023,FEU,Z24,20,0.22490836021
07/13/2023,FEU,Z14,20,0.22490836021
07/13/2023,FEU,Z24,21,0.242637517938
07/13/2023,FEU,Z14,21,0.242637517938
07/13/2023,FEU,Z24,22,0.247404538756
07/13/2023,FEU,Z14,22,0.247404538756
07/13/2023,FEU,Z24,23,0.239985717484
07/13/2023,FEU,Z14,23,0.193946032756
07/13/2023,FEU,Z24,24,0.179694778392
07/13/2023,FEU,Z14,24,0.179694778392
07/13/2023,FEU,Z24,3,0.123541911668
07/13/2023,FEU,Z14,3,0.123541911668
07/13/2023,FEU,Z24,4,0.12389471385
07/13/2023,FEU,Z14,4,0.12389471385
07/13/2023,FEU,Z24,5,0.124069190032
07/13/2023,FEU,Z14,5,0.124069190032
07/13/2023,FEU,Z24,6,0.126771585668
07/13/2023,FEU,Z14,6,0.126771585668
07/13/2023,FEU,Z24,7,0.140807427758
07/13/2023,FEU,Z14,7,0.140807427758
07/13/2023,FEU,Z24,8,0.15497937203
07/13/2023,FEU,Z14,8,0.15497937203
07/13/2023,FEU,Z24,9,0.17934909839
07/13/2023,FEU,Z14,9,0.17934909839
07/14/2023,FEU,Z24,1,0.154963277304
07/14/2023,FEU,Z14,1,0.154963277304
07/14/2023,FEU,Z24,10,0.140601123844
07/14/2023,FEU,Z14,10,0.140601123844
07/14/2023,FEU,Z24,11,0.136322401662
07/14/2023,FEU,Z14,11,0.182056736208
07/14/2023,FEU,Z24,12,0.175785328208
07/14/2023,FEU,Z14,12,0.175785328208
07/14/2023,FEU,Z24,13,0.175034486572
07/14/2023,FEU,Z14,13,0.175034486572
07/14/2023,FEU,Z24,14,0.16423854839
07/14/2023,FEU,Z14,14,0.16423854839
07/14/2023,FEU,Z24,15,0.155267132572
07/14/2023,FEU,Z14,15,0.109600478026
07/14/2023,FEU,Z24,16,0.103095559844
07/14/2023,FEU,Z14,16,0.103095559844
07/14/2023,FEU,Z24,17,0.096695791844
07/14/2023,FEU,Z14,17,0.096695791844
07/14/2023,FEU,Z24,18,0.110343428026
07/14/2023,FEU,Z14,18,0.110343428026
07/14/2023,FEU,Z24,19,0.12719091339
07/14/2023,FEU,Z14,19,0.172990977118
07/14/2023,FEU,Z24,2,0.145112905486
07/14/2023,FEU,Z14,2,0.145112905486
07/14/2023,FEU,Z24,20,0.183693238392
07/14/2023,FEU,Z14,20,0.183693238392
07/14/2023,FEU,Z24,21,0.208863338666
07/14/2023,FEU,Z14,21,0.208863338666
07/14/2023,FEU,Z24,22,0.220446818666
07/14/2023,FEU,Z14,22,0.220446818666
07/14/2023,FEU,Z24,23,0.231045857758
07/14/2023,FEU,Z14,23,0.18503504203
07/14/2023,FEU,Z24,24,0.166901594666
07/14/2023,FEU,Z14,24,0.166901594666
07/14/2023,FEU,Z24,3,0.13995108885
07/14/2023,FEU,Z14,3,0.13995108885
07/14/2023,FEU,Z24,4,0.13603833885
07/14/2023,FEU,Z14,4,0.13603833885
07/14/2023,FEU,Z24,5,0.12595801385
07/14/2023,FEU,Z14,5,0.12595801385
07/14/2023,FEU,Z24,6,0.125201230486
07/14/2023,FEU,Z14,6,0.125201230486
07/14/2023,FEU,Z24,7,0.133901385394
07/14/2023,FEU,Z14,7,0.133901385394
07/14/2023,FEU,Z24,8,0.138672852666
07/14/2023,FEU,Z14,8,0.138672852666
07/14/2023,FEU,Z24,9,0.161064621844
07/14/2023,FEU,Z14,9,0.161064621844
07/15/2023,FEU,Z24,1,0.146077216396
07/15/2023,FEU,Z14,1,0.146077216396
07/15/2023,FEU,Z24,10,0.093278899574
07/15/2023,FEU,Z14,10,0.093278899574
07/15/2023,FEU,Z24,11,0.079223826392
07/15/2023,FEU,Z14,11,0.079223826392
07/15/2023,FEU,Z24,12,0.048216438392
07/15/2023,FEU,Z14,12,0.048216438392
07/15/2023,FEU,Z24,13,0.046952619574
07/15/2023,FEU,Z14,13,0.046952619574
07/15/2023,FEU,Z24,14,0.035177914392
07/15/2023,FEU,Z14,14,0.035177914392
07/15/2023,FEU,Z24,15,0.022317762028
07/15/2023,FEU,Z14,15,0.022317762028
07/15/2023,FEU,Z24,16,0.022331659574
07/15/2023,FEU,Z14,16,0.022331659574
07/15/2023,FEU,Z24,17,0.019420792756
07/15/2023,FEU,Z14,17,0.019420792756
07/15/2023,FEU,Z24,18,0.02288825112
07/15/2023,FEU,Z14,18,0.02288825112
07/15/2023,FEU,Z24,19,0.05778109203
07/15/2023,FEU,Z14,19,0.05778109203
07/15/2023,FEU,Z24,2,0.135342293578
07/15/2023,FEU,Z14,2,0.135342293578
07/15/2023,FEU,Z24,20,0.102266683668
07/15/2023,FEU,Z14,20,0.102266683668
07/15/2023,FEU,Z24,21,0.128118525124
07/15/2023,FEU,Z14,21,0.128118525124
07/15/2023,FEU,Z24,22,0.15025860067
07/15/2023,FEU,Z14,22,0.15025860067
07/15/2023,FEU,Z24,23,0.150265903488
07/15/2023,FEU,Z14,23,0.150265903488
07/15/2023,FEU,Z24,24,0.146852431488
07/15/2023,FEU,Z14,24,0.146852431488
07/15/2023,FEU,Z24,3,0.12912841476
07/15/2023,FEU,Z14,3,0.12912841476
07/15/2023,FEU,Z24,4,0.130278488578
07/15/2023,FEU,Z14,4,0.130278488578
07/15/2023,FEU,Z24,5,0.125709596396
07/15/2023,FEU,Z14,5,0.125709596396
07/15/2023,FEU,Z24,6,0.125952792214
07/15/2023,FEU,Z14,6,0.125952792214
07/15/2023,FEU,Z24,7,0.13081311385
07/15/2023,FEU,Z14,7,0.13081311385
07/15/2023,FEU,Z24,8,0.129558901122
07/15/2023,FEU,Z14,8,0.129558901122
07/15/2023,FEU,Z24,9,0.11289729112
07/15/2023,FEU,Z14,9,0.11289729112
07/16/2023,FEU,Z24,1,0.114642543124
07/16/2023,FEU,Z14,1,0.114642543124
07/16/2023,FEU,Z24,10,0.063251156302
07/16/2023,FEU,Z14,10,0.063251156302
07/16/2023,FEU,Z24,11,0.052453178392
07/16/2023,FEU,Z14,11,0.052453178392
07/16/2023,FEU,Z24,12,0.05174296021
07/16/2023,FEU,Z14,12,0.05174296021
07/16/2023,FEU,Z24,13,0.051092566392
07/16/2023,FEU,Z14,13,0.051092566392
07/16/2023,FEU,Z24,14,0.05099221021
07/16/2023,FEU,Z14,14,0.05099221021
07/16/2023,FEU,Z24,15,0.05081665021
07/16/2023,FEU,Z14,15,0.05081665021
07/16/2023,FEU,Z24,16,0.045343780756
07/16/2023,FEU,Z14,16,0.045343780756
07/16/2023,FEU,Z24,17,0.040202942938
07/16/2023,FEU,Z14,17,0.040202942938
07/16/2023,FEU,Z24,18,0.040335430756
07/16/2023,FEU,Z14,18,0.040335430756
07/16/2023,FEU,Z24,19,0.063844055848
07/16/2023,FEU,Z14,19,0.063844055848
07/16/2023,FEU,Z24,2,0.107365396942
07/16/2023,FEU,Z14,2,0.107365396942
07/16/2023,FEU,Z24,20,0.13200508294
07/16/2023,FEU,Z14,20,0.13200508294
07/16/2023,FEU,Z24,21,0.138396398032
07/16/2023,FEU,Z14,21,0.138396398032
07/16/2023,FEU,Z24,22,0.14960136385
07/16/2023,FEU,Z14,22,0.14960136385
07/16/2023,FEU,Z24,23,0.154342069486
07/16/2023,FEU,Z14,23,0.154342069486
07/16/2023,FEU,Z24,24,0.149018995486
07/16/2023,FEU,Z14,24,0.149018995486
07/16/2023,FEU,Z24,3,0.10699043476
07/16/2023,FEU,Z14,3,0.10699043476
07/16/2023,FEU,Z24,4,0.107029992942
07/16/2023,FEU,Z14,4,0.107029992942
07/16/2023,FEU,Z24,5,0.107053612942
07/16/2023,FEU,Z14,5,0.107053612942
07/16/2023,FEU,Z24,6,0.10918287476
07/16/2023,FEU,Z14,6,0.10918287476
07/16/2023,FEU,Z24,7,0.11713725476
07/16/2023,FEU,Z14,7,0.11713725476
07/16/2023,FEU,Z24,8,0.118257566214
07/16/2023,FEU,Z14,8,0.118257566214
07/16/2023,FEU,Z24,9,0.108883606212
07/16/2023,FEU,Z14,9,0.108883606212
07/17/2023,FEU,Z24,1,0.125394889304
07/17/2023,FEU,Z14,1,0.125394889304
07/17/2023,FEU,Z24,10,0.152425789298
07/17/2023,FEU,Z14,10,0.152425789298
07/17/2023,FEU,Z24,11,0.131912399298
07/17/2023,FEU,Z14,11,0.177725441026
07/17/2023,FEU,Z24,12,0.17358518339
07/17/2023,FEU,Z14,12,0.17358518339
07/17/2023,FEU,Z24,13,0.182527034572
07/17/2023,FEU,Z14,13,0.182527034572
07/17/2023,FEU,Z24,14,0.173741000208
07/17/2023,FEU,Z14,14,0.173741000208
07/17/2023,FEU,Z24,15,0.173578552208
07/17/2023,FEU,Z14,15,0.127865309662
07/17/2023,FEU,Z24,16,0.127512661844
07/17/2023,FEU,Z14,16,0.127512661844
07/17/2023,FEU,Z24,17,0.127367270026
07/17/2023,FEU,Z14,17,0.127367270026
07/17/2023,FEU,Z24,18,0.12956220839
07/17/2023,FEU,Z14,18,0.12956220839
07/17/2023,FEU,Z24,19,0.140379760208
07/17/2023,FEU,Z14,19,0.186127847754
07/17/2023,FEU,Z24,2,0.10738478885
07/17/2023,FEU,Z14,2,0.10738478885
07/17/2023,FEU,Z24,20,0.192538857664
07/17/2023,FEU,Z14,20,0.192538857664
07/17/2023,FEU,Z24,21,0.221589348574
07/17/2023,FEU,Z14,21,0.221589348574
07/17/2023,FEU,Z24,22,0.235121366392
07/17/2023,FEU,Z14,22,0.235121366392
07/17/2023,FEU,Z24,23,0.23748385112
07/17/2023,FEU,Z14,23,0.191454766392
07/17/2023,FEU,Z24,24,0.174248862392
07/17/2023,FEU,Z14,24,0.174248862392
07/17/2023,FEU,Z24,3,0.106332202214
07/17/2023,FEU,Z14,3,0.106332202214
07/17/2023,FEU,Z24,4,0.106506806032
07/17/2023,FEU,Z14,4,0.106506806032
07/17/2023,FEU,Z24,5,0.10600181385
07/17/2023,FEU,Z14,5,0.10600181385
07/17/2023,FEU,Z24,6,0.105714665304
07/17/2023,FEU,Z14,6,0.105714665304
07/17/2023,FEU,Z24,7,0.117966563848
07/17/2023,FEU,Z14,7,0.117966563848
07/17/2023,FEU,Z24,8,0.144992522302
07/17/2023,FEU,Z14,8,0.144992522302
07/17/2023,FEU,Z24,9,0.16893456748
07/17/2023,FEU,Z14,9,0.16893456748
07/18/2023,FEU,Z24,1,0.134278031122
07/18/2023,FEU,Z14,1,0.134278031122
07/18/2023,FEU,Z24,10,0.153795791844
07/18/2023,FEU,Z14,10,0.153795791844
07/18/2023,FEU,Z24,11,0.147314795662
07/18/2023,FEU,Z14,11,0.193079176208
07/18/2023,FEU,Z24,12,0.190575913754
07/18/2023,FEU,Z14,12,0.190575913754
07/18/2023,FEU,Z24,13,0.185009522754
07/18/2023,FEU,Z14,13,0.185009522754
07/18/2023,FEU,Z24,14,0.181677848572
07/18/2023,FEU,Z14,14,0.181677848572
07/18/2023,FEU,Z24,15,0.18116393839
07/18/2023,FEU,Z14,15,0.135337718662
07/18/2023,FEU,Z24,16,0.135755617844
07/18/2023,FEU,Z14,16,0.135755617844
07/18/2023,FEU,Z24,17,0.139156172026
07/18/2023,FEU,Z14,17,0.139156172026
07/18/2023,FEU,Z24,18,0.154037976208
07/18/2023,FEU,Z14,18,0.154037976208
07/18/2023,FEU,Z24,19,0.15775096339
07/18/2023,FEU,Z14,19,0.203658936118
07/18/2023,FEU,Z24,2,0.124058728486
07/18/2023,FEU,Z14,2,0.124058728486
07/18/2023,FEU,Z24,20,0.204052144028
07/18/2023,FEU,Z14,20,0.204052144028
07/18/2023,FEU,Z24,21,0.217990180756
07/18/2023,FEU,Z14,21,0.217990180756
07/18/2023,FEU,Z24,22,0.228718782574
07/18/2023,FEU,Z14,22,0.228718782574
07/18/2023,FEU,Z24,23,0.226475411302
07/18/2023,FEU,Z14,23,0.180482682574
07/18/2023,FEU,Z24,24,0.170726974756
07/18/2023,FEU,Z14,24,0.170726974756
07/18/2023,FEU,Z24,3,0.123997454032
07/18/2023,FEU,Z14,3,0.123997454032
07/18/2023,FEU,Z24,4,0.12545746385
07/18/2023,FEU,Z14,4,0.12545746385
07/18/2023,FEU,Z24,5,0.123338809668
07/18/2023,FEU,Z14,5,0.123338809668
07/18/2023,FEU,Z24,6,0.125038601304
07/18/2023,FEU,Z14,6,0.125038601304
07/18/2023,FEU,Z24,7,0.130156110212
07/18/2023,FEU,Z14,7,0.130156110212
07/18/2023,FEU,Z24,8,0.143569213484
07/18/2023,FEU,Z14,8,0.143569213484
07/18/2023,FEU,Z24,9,0.167974863844
07/18/2023,FEU,Z14,9,0.167974863844
07/19/2023,FEU,Z24,1,0.143682332122
07/19/2023,FEU,Z14,1,0.143682332122
07/19/2023,FEU,Z24,10,0.156732096208
07/19/2023,FEU,Z14,10,0.156732096208
07/19/2023,FEU,Z24,11,0.14914972339
07/19/2023,FEU,Z14,11,0.195026499118
07/19/2023,FEU,Z24,12,0.1881395593
07/19/2023,FEU,Z14,12,0.1881395593
07/19/2023,FEU,Z24,13,0.188866281664
07/19/2023,FEU,Z14,13,0.188866281664
07/19/2023,FEU,Z24,14,0.1882442093
07/19/2023,FEU,Z14,14,0.1882442093
07/19/2023,FEU,Z24,15,0.183906376936
07/19/2023,FEU,Z14,15,0.13816459339
07/19/2023,FEU,Z24,16,0.135756856208
07/19/2023,FEU,Z14,16,0.135756856208
07/19/2023,FEU,Z24,17,0.131762008208
07/19/2023,FEU,Z14,17,0.131762008208
07/19/2023,FEU,Z24,18,0.130984088208
07/19/2023,FEU,Z14,18,0.130984088208
07/19/2023,FEU,Z24,19,0.139624720208
07/19/2023,FEU,Z14,19,0.185370827754
07/19/2023,FEU,Z24,2,0.136288426486
07/19/2023,FEU,Z14,2,0.136288426486
07/19/2023,FEU,Z24,20,0.203762163846
07/19/2023,FEU,Z14,20,0.203762163846
07/19/2023,FEU,Z24,21,0.209889764574
07/19/2023,FEU,Z14,21,0.209889764574
07/19/2023,FEU,Z24,22,0.22107376021
07/19/2023,FEU,Z14,22,0.22107376021
07/19/2023,FEU,Z24,23,0.225151684938
07/19/2023,FEU,Z14,23,0.17916557521
07/19/2023,FEU,Z24,24,0.16420255021
07/19/2023,FEU,Z14,24,0.16420255021
07/19/2023,FEU,Z24,3,0.131942461486
07/19/2023,FEU,Z14,3,0.131942461486
07/19/2023,FEU,Z24,4,0.12691328885
07/19/2023,FEU,Z14,4,0.12691328885
07/19/2023,FEU,Z24,5,0.124316751668
07/19/2023,FEU,Z14,5,0.124316751668
07/19/2023,FEU,Z24,6,0.124439953486
07/19/2023,FEU,Z14,6,0.124439953486
07/19/2023,FEU,Z24,7,0.132199500576
07/19/2023,FEU,Z14,7,0.132199500576
07/19/2023,FEU,Z24,8,0.14004057703
07/19/2023,FEU,Z14,8,0.14004057703
07/19/2023,FEU,Z24,9,0.16997956339
07/19/2023,FEU,Z14,9,0.16997956339
07/20/2023,FEU,Z24,1,0.135443176122
07/20/2023,FEU,Z14,1,0.135443176122
07/20/2023,FEU,Z24,10,0.158561696572
07/20/2023,FEU,Z14,10,0.158561696572
07/20/2023,FEU,Z24,11,0.154164494572
07/20/2023,FEU,Z14,11,0.199948815118
07/20/2023,FEU,Z24,12,0.199074426118
07/20/2023,FEU,Z14,12,0.199074426118
07/20/2023,FEU,Z24,13,0.194912035482
07/20/2023,FEU,Z14,13,0.194912035482
07/20/2023,FEU,Z24,14,0.181949036936
07/20/2023,FEU,Z14,14,0.181949036936
07/20/2023,FEU,Z24,15,0.177319260118
07/20/2023,FEU,Z14,15,0.13150298339
07/20/2023,FEU,Z24,16,0.13104956339
07/20/2023,FEU,Z14,16,0.13104956339
07/20/2023,FEU,Z24,17,0.13315407339
07/20/2023,FEU,Z14,17,0.13315407339
07/20/2023,FEU,Z24,18,0.134572816208
07/20/2023,FEU,Z14,18,0.134572816208
07/20/2023,FEU,Z24,19,0.13589749339
07/20/2023,FEU,Z14,19,0.181729122118
07/20/2023,FEU,Z24,2,0.128369425304
07/20/2023,FEU,Z14,2,0.128369425304
07/20/2023,FEU,Z24,20,0.19235699521
07/20/2023,FEU,Z14,20,0.19235699521
07/20/2023,FEU,Z24,21,0.210667661938
07/20/2023,FEU,Z14,21,0.210667661938
07/20/2023,FEU,Z24,22,0.220577152756
07/20/2023,FEU,Z14,22,0.220577152756
07/20/2023,FEU,Z24,23,0.222561527484
07/20/2023,FEU,Z14,23,0.176581822756
07/20/2023,FEU,Z24,24,0.171314934392
07/20/2023,FEU,Z14,24,0.171314934392
07/20/2023,FEU,Z24,3,0.123958681668
07/20/2023,FEU,Z14,3,0.123958681668
07/20/2023,FEU,Z24,4,0.12490873885
07/20/2023,FEU,Z14,4,0.12490873885
07/20/2023,FEU,Z24,5,0.124857110032
07/20/2023,FEU,Z14,5,0.124857110032
07/20/2023,FEU,Z24,6,0.131550939668
07/20/2023,FEU,Z14,6,0.131550939668
07/20/2023,FEU,Z24,7,0.136653970758
07/20/2023,FEU,Z14,7,0.136653970758
07/20/2023,FEU,Z24,8,0.14551724203
07/20/2023,FEU,Z14,8,0.14551724203
07/20/2023,FEU,Z24,9,0.17017764839
07/20/2023,FEU,Z14,9,0.17017764839
07/21/2023,FEU,Z24,1,0.140458605304
07/21/2023,FEU,Z14,1,0.140458605304
07/21/2023,FEU,Z24,10,0.161169685844
07/21/2023,FEU,Z14,10,0.161169685844
07/21/2023,FEU,Z24,11,0.153060871662
07/21/2023,FEU,Z14,11,0.198839216208
07/21/2023,FEU,Z24,12,0.195820200208
07/21/2023,FEU,Z14,12,0.195820200208
07/21/2023,FEU,Z24,13,0.191986118572
07/21/2023,FEU,Z14,13,0.191986118572
07/21/2023,FEU,Z24,14,0.19584512839
07/21/2023,FEU,Z14,14,0.19584512839
07/21/2023,FEU,Z24,15,0.188169938572
07/21/2023,FEU,Z14,15,0.142417151026
07/21/2023,FEU,Z24,16,0.133215809844
07/21/2023,FEU,Z14,16,0.133215809844
07/21/2023,FEU,Z24,17,0.131025453844
07/21/2023,FEU,Z14,17,0.131025453844
07/21/2023,FEU,Z24,18,0.129872726026
07/21/2023,FEU,Z14,18,0.129872726026
07/21/2023,FEU,Z24,19,0.14012826839
07/21/2023,FEU,Z14,19,0.185974677118
07/21/2023,FEU,Z24,2,0.126952519486
07/21/2023,FEU,Z14,2,0.126952519486
07/21/2023,FEU,Z24,20,0.200029830392
07/21/2023,FEU,Z14,20,0.200029830392
07/21/2023,FEU,Z24,21,0.211024192666
07/21/2023,FEU,Z14,21,0.211024192666
07/21/2023,FEU,Z24,22,0.217790526666
07/21/2023,FEU,Z14,22,0.217790526666
07/21/2023,FEU,Z24,23,0.224055237758
07/21/2023,FEU,Z14,23,0.17806834203
07/21/2023,FEU,Z24,24,0.171565224666
07/21/2023,FEU,Z14,24,0.171565224666
07/21/2023,FEU,Z24,3,0.11862248885
07/21/2023,FEU,Z14,3,0.11862248885
07/21/2023,FEU,Z24,4,0.11958833885
07/21/2023,FEU,Z14,4,0.11958833885
07/21/2023,FEU,Z24,5,0.11939798885
07/21/2023,FEU,Z14,5,0.11939798885
07/21/2023,FEU,Z24,6,0.125607088486
07/21/2023,FEU,Z14,6,0.125607088486
07/21/2023,FEU,Z24,7,0.138131760394
07/21/2023,FEU,Z14,7,0.138131760394
07/21/2023,FEU,Z24,8,0.145261247666
07/21/2023,FEU,Z14,8,0.145261247666
07/21/2023,FEU,Z24,9,0.170502109844
07/21/2023,FEU,Z14,9,0.170502109844
07/22/2023,FEU,Z24,1,0.134093422396
07/22/2023,FEU,Z14,1,0.134093422396
07/22/2023,FEU,Z24,10,0.117276236574
07/22/2023,FEU,Z14,10,0.117276236574
07/22/2023,FEU,Z24,11,0.110710954392
07/22/2023,FEU,Z14,11,0.110710954392
07/22/2023,FEU,Z24,12,0.103446650392
07/22/2023,FEU,Z14,12,0.103446650392
07/22/2023,FEU,Z24,13,0.103544960574
07/22/2023,FEU,Z14,13,0.103544960574
07/22/2023,FEU,Z24,14,0.103704438392
07/22/2023,FEU,Z14,14,0.103704438392
07/22/2023,FEU,Z24,15,0.103625140028
07/22/2023,FEU,Z14,15,0.103625140028
07/22/2023,FEU,Z24,16,0.103544960574
07/22/2023,FEU,Z14,16,0.103544960574
07/22/2023,FEU,Z24,17,0.102115888756
07/22/2023,FEU,Z14,17,0.102115888756
07/22/2023,FEU,Z24,18,0.10459401112
07/22/2023,FEU,Z14,18,0.10459401112
07/22/2023,FEU,Z24,19,0.11818401203
07/22/2023,FEU,Z14,19,0.11818401203
07/22/2023,FEU,Z24,2,0.141984779578
07/22/2023,FEU,Z14,2,0.141984779578
07/22/2023,FEU,Z24,20,0.132659195668
07/22/2023,FEU,Z14,20,0.132659195668
07/22/2023,FEU,Z24,21,0.152297517124
07/22/2023,FEU,Z14,21,0.152297517124
07/22/2023,FEU,Z24,22,0.15585298567
07/22/2023,FEU,Z14,22,0.15585298567
07/22/2023,FEU,Z24,23,0.158488783488
07/22/2023,FEU,Z14,23,0.158488783488
07/22/2023,FEU,Z24,24,0.155038607488
07/22/2023,FEU,Z14,24,0.155038607488
07/22/2023,FEU,Z24,3,0.14280933476
07/22/2023,FEU,Z14,3,0.14280933476
07/22/2023,FEU,Z24,4,0.140679626578
07/22/2023,FEU,Z14,4,0.140679626578
07/22/2023,FEU,Z24,5,0.138482650396
07/22/2023,FEU,Z14,5,0.138482650396
07/22/2023,FEU,Z24,6,0.133300803214
07/22/2023,FEU,Z14,6,0.133300803214
07/22/2023,FEU,Z24,7,0.14038113885
07/22/2023,FEU,Z14,7,0.14038113885
07/22/2023,FEU,Z24,8,0.142018341122
07/22/2023,FEU,Z14,8,0.142018341122
07/22/2023,FEU,Z24,9,0.14017237112
07/22/2023,FEU,Z14,9,0.14017237112
07/23/2023,FEU,Z24,1,0.143658279124
07/23/2023,FEU,Z14,1,0.143658279124
07/23/2023,FEU,Z24,10,0.111035594302
07/23/2023,FEU,Z14,10,0.111035594302
07/23/2023,FEU,Z24,11,0.070046342392
07/23/2023,FEU,Z14,11,0.070046342392
07/23/2023,FEU,Z24,12,0.04809547021
07/23/2023,FEU,Z14,12,0.04809547021
07/23/2023,FEU,Z24,13,0.028148278392
07/23/2023,FEU,Z14,13,0.028148278392
07/23/2023,FEU,Z24,14,0.02594603521
07/23/2023,FEU,Z14,14,0.02594603521
07/23/2023,FEU,Z24,15,0.02595758521
07/23/2023,FEU,Z14,15,0.02595758521
07/23/2023,FEU,Z24,16,0.025569772756
07/23/2023,FEU,Z14,16,0.025569772756
07/23/2023,FEU,Z24,17,0.025530002938
07/23/2023,FEU,Z14,17,0.025530002938
07/23/2023,FEU,Z24,18,0.031153648756
07/23/2023,FEU,Z14,18,0.031153648756
07/23/2023,FEU,Z24,19,0.051967763848
07/23/2023,FEU,Z14,19,0.051967763848
07/23/2023,FEU,Z24,2,0.140756990942
07/23/2023,FEU,Z14,2,0.140756990942
07/23/2023,FEU,Z24,20,0.10915147294
07/23/2023,FEU,Z14,20,0.10915147294
07/23/2023,FEU,Z24,21,0.129190670032
07/23/2023,FEU,Z14,21,0.129190670032
07/23/2023,FEU,Z24,22,0.14206256385
07/23/2023,FEU,Z14,22,0.14206256385
07/23/2023,FEU,Z24,23,0.156997741486
07/23/2023,FEU,Z14,23,0.156997741486
07/23/2023,FEU,Z24,24,0.159653413486
07/23/2023,FEU,Z14,24,0.159653413486
07/23/2023,FEU,Z24,3,0.13388499476
07/23/2023,FEU,Z14,3,0.13388499476
07/23/2023,FEU,Z24,4,0.133323776942
07/23/2023,FEU,Z14,4,0.133323776942
07/23/2023,FEU,Z24,5,0.130829504942
07/23/2023,FEU,Z14,5,0.130829504942
07/23/2023,FEU,Z24,6,0.13181173476
07/23/2023,FEU,Z14,6,0.13181173476
07/23/2023,FEU,Z24,7,0.13062583476
07/23/2023,FEU,Z14,7,0.13062583476
07/23/2023,FEU,Z24,8,0.125593807214
07/23/2023,FEU,Z14,8,0.125593807214
07/23/2023,FEU,Z24,9,0.118128820212
07/23/2023,FEU,Z14,9,0.118128820212
07/24/2023,FEU,Z24,1,0.139399117304
07/24/2023,FEU,Z14,1,0.139399117304
07/24/2023,FEU,Z24,10,0.162462657298
07/24/2023,FEU,Z14,10,0.162462657298
07/24/2023,FEU,Z24,11,0.157722139298
07/24/2023,FEU,Z14,11,0.203625821026
07/24/2023,FEU,Z24,12,0.19782139839
07/24/2023,FEU,Z14,12,0.19782139839
07/24/2023,FEU,Z24,13,0.190764482572
07/24/2023,FEU,Z14,13,0.190764482572
07/24/2023,FEU,Z24,14,0.185541360208
07/24/2023,FEU,Z14,14,0.185541360208
07/24/2023,FEU,Z24,15,0.178339880208
07/24/2023,FEU,Z14,15,0.132615292662
07/24/2023,FEU,Z24,16,0.124903191844
07/24/2023,FEU,Z14,16,0.124903191844
07/24/2023,FEU,Z24,17,0.122933573026
07/24/2023,FEU,Z14,17,0.122933573026
07/24/2023,FEU,Z24,18,0.12497075839
07/24/2023,FEU,Z14,18,0.12497075839
07/24/2023,FEU,Z24,19,0.126349744208
07/24/2023,FEU,Z14,19,0.172061039754
07/24/2023,FEU,Z24,2,0.13844826385
07/24/2023,FEU,Z14,2,0.13844826385
07/24/2023,FEU,Z24,20,0.176842857664
07/24/2023,FEU,Z14,20,0.176842857664
07/24/2023,FEU,Z24,21,0.210934535574
07/24/2023,FEU,Z14,21,0.210934535574
07/24/2023,FEU,Z24,22,0.216073954392
07/24/2023,FEU,Z14,22,0.216073954392
07/24/2023,FEU,Z24,23,0.21745181112
07/24/2023,FEU,Z14,23,0.171490646392
07/24/2023,FEU,Z24,24,0.169683818392
07/24/2023,FEU,Z14,24,0.169683818392
07/24/2023,FEU,Z24,3,0.125904535214
07/24/2023,FEU,Z14,3,0.125904535214
07/24/2023,FEU,Z24,4,0.121418486032
07/24/2023,FEU,Z14,4,0.121418486032
07/24/2023,FEU,Z24,5,0.12034033885
07/24/2023,FEU,Z14,5,0.12034033885
07/24/2023,FEU,Z24,6,0.128881589304
07/24/2023,FEU,Z14,6,0.128881589304
07/24/2023,FEU,Z24,7,0.142216175848
07/24/2023,FEU,Z14,7,0.142216175848
07/24/2023,FEU,Z24,8,0.141480497302
07/24/2023,FEU,Z14,8,0.141480497302
07/24/2023,FEU,Z24,9,0.16414314748
07/24/2023,FEU,Z14,9,0.16414314748
07/25/2023,FEU,Z24,1,0.136204326122
07/25/2023,FEU,Z14,1,0.136204326122
07/25/2023,FEU,Z24,10,0.157992641844
07/25/2023,FEU,Z14,10,0.157992641844
07/25/2023,FEU,Z24,11,0.147870462662
07/25/2023,FEU,Z14,11,0.193636304208
07/25/2023,FEU,Z24,12,0.182132846754
07/25/2023,FEU,Z14,12,0.182132846754
07/25/2023,FEU,Z24,13,0.179792966754
07/25/2023,FEU,Z14,13,0.179792966754
07/25/2023,FEU,Z24,14,0.181759214572
07/25/2023,FEU,Z14,14,0.181759214572
07/25/2023,FEU,Z24,15,0.17604922339
07/25/2023,FEU,Z14,15,0.130240871662
07/25/2023,FEU,Z24,16,0.129169703844
07/25/2023,FEU,Z14,16,0.129169703844
07/25/2023,FEU,Z24,17,0.128759444026
07/25/2023,FEU,Z14,17,0.128759444026
07/25/2023,FEU,Z24,18,0.130206168208
07/25/2023,FEU,Z14,18,0.130206168208
07/25/2023,FEU,Z24,19,0.13404946339
07/25/2023,FEU,Z14,19,0.179873487118
07/25/2023,FEU,Z24,2,0.127476850486
07/25/2023,FEU,Z14,2,0.127476850486
07/25/2023,FEU,Z24,20,0.198908766028
07/25/2023,FEU,Z14,20,0.198908766028
07/25/2023,FEU,Z24,21,0.220200802756
07/25/2023,FEU,Z14,21,0.220200802756
07/25/2023,FEU,Z24,22,0.236846707574
07/25/2023,FEU,Z14,22,0.236846707574
07/25/2023,FEU,Z24,23,0.227005988302
07/25/2023,FEU,Z14,23,0.181011431574
07/25/2023,FEU,Z24,24,0.175888180756
07/25/2023,FEU,Z14,24,0.175888180756
07/25/2023,FEU,Z24,3,0.128045246032
07/25/2023,FEU,Z14,3,0.128045246032
07/25/2023,FEU,Z24,4,0.12876156385
07/25/2023,FEU,Z14,4,0.12876156385
07/25/2023,FEU,Z24,5,0.124733521668
07/25/2023,FEU,Z14,5,0.124733521668
07/25/2023,FEU,Z24,6,0.127441201304
07/25/2023,FEU,Z14,6,0.127441201304
07/25/2023,FEU,Z24,7,0.139093500212
07/25/2023,FEU,Z14,7,0.139093500212
07/25/2023,FEU,Z24,8,0.139747395484
07/25/2023,FEU,Z14,8,0.139747395484
07/25/2023,FEU,Z24,9,0.162432737844
07/25/2023,FEU,Z14,9,0.162432737844
07/26/2023,FEU,Z24,1,0.144526623122
07/26/2023,FEU,Z14,1,0.144526623122
07/26/2023,FEU,Z24,10,0.169600952208
07/26/2023,FEU,Z14,10,0.169600952208
07/26/2023,FEU,Z24,11,0.16168060339
07/26/2023,FEU,Z14,11,0.207601155118
07/26/2023,FEU,Z24,12,0.2015773093
07/26/2023,FEU,Z14,12,0.2015773093
07/26/2023,FEU,Z24,13,0.199578729664
07/26/2023,FEU,Z14,13,0.199578729664
07/26/2023,FEU,Z24,14,0.1982388593
07/26/2023,FEU,Z14,14,0.1982388593
07/26/2023,FEU,Z24,15,0.196295592936
07/26/2023,FEU,Z14,15,0.15052143339
07/26/2023,FEU,Z24,16,0.149114200208
07/26/2023,FEU,Z14,16,0.149114200208
07/26/2023,FEU,Z24,17,0.145954472208
07/26/2023,FEU,Z14,17,0.145954472208
07/26/2023,FEU,Z24,18,0.153573512208
07/26/2023,FEU,Z14,18,0.153573512208
07/26/2023,FEU,Z24,19,0.164224152208
07/26/2023,FEU,Z14,19,0.210033621754
07/26/2023,FEU,Z24,2,0.137157619486
07/26/2023,FEU,Z14,2,0.137157619486
07/26/2023,FEU,Z24,20,0.221005278846
07/26/2023,FEU,Z14,20,0.221005278846
07/26/2023,FEU,Z24,21,0.231138069574
07/26/2023,FEU,Z14,21,0.231138069574
07/26/2023,FEU,Z24,22,0.23364362521
07/26/2023,FEU,Z14,22,0.23364362521
07/26/2023,FEU,Z24,23,0.240107420938
07/26/2023,FEU,Z14,23,0.19406854021
07/26/2023,FEU,Z24,24,0.18059546521
07/26/2023,FEU,Z14,24,0.18059546521
07/26/2023,FEU,Z24,3,0.131727802486
07/26/2023,FEU,Z14,3,0.131727802486
07/26/2023,FEU,Z24,4,0.13590673885
07/26/2023,FEU,Z14,4,0.13590673885
07/26/2023,FEU,Z24,5,0.132945651668
07/26/2023,FEU,Z14,5,0.132945651668
07/26/2023,FEU,Z24,6,0.135479056486
07/26/2023,FEU,Z14,6,0.135479056486
07/26/2023,FEU,Z24,7,0.143773212576
07/26/2023,FEU,Z14,7,0.143773212576
07/26/2023,FEU,Z24,8,0.14801267203
07/26/2023,FEU,Z14,8,0.14801267203
07/26/2023,FEU,Z24,9,0.17504847839
07/26/2023,FEU,Z14,9,0.17504847839
07/27/2023,FEU,Z24,1,0.159993191122
07/27/2023,FEU,Z14,1,0.159993191122
07/27/2023,FEU,Z24,10,0.157456952572
07/27/2023,FEU,Z14,10,0.157456952572
07/27/2023,FEU,Z24,11,0.156584846572
07/27/2023,FEU,Z14,11,0.202375503118
07/27/2023,FEU,Z24,12,0.194607114118
07/27/2023,FEU,Z14,12,0.194607114118
07/27/2023,FEU,Z24,13,0.191406089482
07/27/2023,FEU,Z14,13,0.191406089482
07/27/2023,FEU,Z24,14,0.183964924936
07/27/2023,FEU,Z14,14,0.183964924936
07/27/2023,FEU,Z24,15,0.183793875118
07/27/2023,FEU,Z14,15,0.13795505839
07/27/2023,FEU,Z24,16,0.13521163839
07/27/2023,FEU,Z14,16,0.13521163839
07/27/2023,FEU,Z24,17,0.13251516339
07/27/2023,FEU,Z14,17,0.13251516339
07/27/2023,FEU,Z24,18,0.135826640208
07/27/2023,FEU,Z14,18,0.135826640208
07/27/2023,FEU,Z24,19,0.14055878839
07/27/2023,FEU,Z14,19,0.186406701118
07/27/2023,FEU,Z24,2,0.151548069304
07/27/2023,FEU,Z14,2,0.151548069304
07/27/2023,FEU,Z24,20,0.19684879021
07/27/2023,FEU,Z14,20,0.19684879021
07/27/2023,FEU,Z24,21,0.219692794938
07/27/2023,FEU,Z14,21,0.219692794938
07/27/2023,FEU,Z24,22,0.227030686756
07/27/2023,FEU,Z14,22,0.227030686756
07/27/2023,FEU,Z24,23,0.231408995484
07/27/2023,FEU,Z14,23,0.185398834756
07/27/2023,FEU,Z24,24,0.178731830392
07/27/2023,FEU,Z14,24,0.178731830392
07/27/2023,FEU,Z24,3,0.149108109668
07/27/2023,FEU,Z14,3,0.149108109668
07/27/2023,FEU,Z24,4,0.14904088885
07/27/2023,FEU,Z14,4,0.14904088885
07/27/2023,FEU,Z24,5,0.146312054032
07/27/2023,FEU,Z14,5,0.146312054032
07/27/2023,FEU,Z24,6,0.149000101668
07/27/2023,FEU,Z14,6,0.149000101668
07/27/2023,FEU,Z24,7,0.151725887758
07/27/2023,FEU,Z14,7,0.151725887758
07/27/2023,FEU,Z24,8,0.15298023203
07/27/2023,FEU,Z14,8,0.15298023203
07/27/2023,FEU,Z24,9,0.17081655839
07/27/2023,FEU,Z14,9,0.17081655839
07/28/2023,FEU,Z24,1,0.148691905304
07/28/2023,FEU,Z14,1,0.148691905304
07/28/2023,FEU,Z24,10,0.166548505844
07/28/2023,FEU,Z14,10,0.166548505844
07/28/2023,FEU,Z24,11,0.158933598662
07/28/2023,FEU,Z14,11,0.204727384208
07/28/2023,FEU,Z24,12,0.196841792208
07/28/2023,FEU,Z14,12,0.196841792208
07/28/2023,FEU,Z24,13,0.191241218572
07/28/2023,FEU,Z14,13,0.191241218572
07/28/2023,FEU,Z24,14,0.18263984339
07/28/2023,FEU,Z14,14,0.18263984339
07/28/2023,FEU,Z24,15,0.178466756572
07/28/2023,FEU,Z14,15,0.132739370026
07/28/2023,FEU,Z24,16,0.134480003844
07/28/2023,FEU,Z14,16,0.134480003844
07/28/2023,FEU,Z24,17,0.137054071844
07/28/2023,FEU,Z14,17,0.137054071844
07/28/2023,FEU,Z24,18,0.137543399026
07/28/2023,FEU,Z14,18,0.137543399026
07/28/2023,FEU,Z24,19,0.14769671839
07/28/2023,FEU,Z14,19,0.193568418118
07/28/2023,FEU,Z24,2,0.147792037486
07/28/2023,FEU,Z14,2,0.147792037486
07/28/2023,FEU,Z24,20,0.210040790392
07/28/2023,FEU,Z14,20,0.210040790392
07/28/2023,FEU,Z24,21,0.219596665666
07/28/2023,FEU,Z14,21,0.219596665666
07/28/2023,FEU,Z24,22,0.224237035666
07/28/2023,FEU,Z14,22,0.224237035666
07/28/2023,FEU,Z24,23,0.224411782758
07/28/2023,FEU,Z14,23,0.17842250203
07/28/2023,FEU,Z24,24,0.174860003666
07/28/2023,FEU,Z14,24,0.174860003666
07/28/2023,FEU,Z24,3,0.14110846385
07/28/2023,FEU,Z14,3,0.14110846385
07/28/2023,FEU,Z24,4,0.14170418885
07/28/2023,FEU,Z14,4,0.14170418885
07/28/2023,FEU,Z24,5,0.13613351385
07/28/2023,FEU,Z14,5,0.13613351385
07/28/2023,FEU,Z24,6,0.139956397486
07/28/2023,FEU,Z14,6,0.139956397486
07/28/2023,FEU,Z24,7,0.146223738394
07/28/2023,FEU,Z14,7,0.146223738394
07/28/2023,FEU,Z24,8,0.149617845666
07/28/2023,FEU,Z14,8,0.149617845666
07/28/2023,FEU,Z24,9,0.174525375844
07/28/2023,FEU,Z14,9,0.174525375844
07/29/2023,FEU,Z24,1,0.139236570396
07/29/2023,FEU,Z14,1,0.139236570396
07/29/2023,FEU,Z24,10,0.123631637574
07/29/2023,FEU,Z14,10,0.123631637574
07/29/2023,FEU,Z24,11,0.111638066392
07/29/2023,FEU,Z14,11,0.111638066392
07/29/2023,FEU,Z24,12,0.094950050392
07/29/2023,FEU,Z14,12,0.094950050392
07/29/2023,FEU,Z24,13,0.090178139574
07/29/2023,FEU,Z14,13,0.090178139574
07/29/2023,FEU,Z24,14,0.068226798392
07/29/2023,FEU,Z14,14,0.068226798392
07/29/2023,FEU,Z24,15,0.049158648028
07/29/2023,FEU,Z14,15,0.049158648028
07/29/2023,FEU,Z24,16,0.049289759574
07/29/2023,FEU,Z14,16,0.049289759574
07/29/2023,FEU,Z24,17,0.059157562756
07/29/2023,FEU,Z14,17,0.059157562756
07/29/2023,FEU,Z24,18,0.08029897112
07/29/2023,FEU,Z14,18,0.08029897112
07/29/2023,FEU,Z24,19,0.10828384203
07/29/2023,FEU,Z14,19,0.10828384203
07/29/2023,FEU,Z24,2,0.137568245578
07/29/2023,FEU,Z14,2,0.137568245578
07/29/2023,FEU,Z24,20,0.123673399668
07/29/2023,FEU,Z14,20,0.123673399668
07/29/2023,FEU,Z24,21,0.139757679124
07/29/2023,FEU,Z14,21,0.139757679124
07/29/2023,FEU,Z24,22,0.15283242067
07/29/2023,FEU,Z14,22,0.15283242067
07/29/2023,FEU,Z24,23,0.153199855488
07/29/2023,FEU,Z14,23,0.153199855488
07/29/2023,FEU,Z24,24,0.144665583488
07/29/2023,FEU,Z14,24,0.144665583488
07/29/2023,FEU,Z24,3,0.13720315476
07/29/2023,FEU,Z14,3,0.13720315476
07/29/2023,FEU,Z24,4,0.137089571578
07/29/2023,FEU,Z14,4,0.137089571578
07/29/2023,FEU,Z24,5,0.136449422396
07/29/2023,FEU,Z14,5,0.136449422396
07/29/2023,FEU,Z24,6,0.137208443214
07/29/2023,FEU,Z14,6,0.137208443214
07/29/2023,FEU,Z24,7,0.13822148885
07/29/2023,FEU,Z14,7,0.13822148885
07/29/2023,FEU,Z24,8,0.136596611122
07/29/2023,FEU,Z14,8,0.136596611122
07/29/2023,FEU,Z24,9,0.13646269112
07/29/2023,FEU,Z14,9,0.13646269112
07/30/2023,FEU,Z24,1,0.140453877124
07/30/2023,FEU,Z14,1,0.140453877124
07/30/2023,FEU,Z24,10,0.104516579302
07/30/2023,FEU,Z14,10,0.104516579302
07/30/2023,FEU,Z24,11,0.063262934392
07/30/2023,FEU,Z14,11,0.063262934392
07/30/2023,FEU,Z24,12,0.04052098021
07/30/2023,FEU,Z14,12,0.04052098021
07/30/2023,FEU,Z24,13,0.054284282392
07/30/2023,FEU,Z14,13,0.054284282392
07/30/2023,FEU,Z24,14,0.05420542021
07/30/2023,FEU,Z14,14,0.05420542021
07/30/2023,FEU,Z24,15,0.05691389521
07/30/2023,FEU,Z14,15,0.05691389521
07/30/2023,FEU,Z24,16,0.054326386756
07/30/2023,FEU,Z14,16,0.054326386756
07/30/2023,FEU,Z24,17,0.043863064938
07/30/2023,FEU,Z14,17,0.043863064938
07/30/2023,FEU,Z24,18,0.046260916756
07/30/2023,FEU,Z14,18,0.046260916756
07/30/2023,FEU,Z24,19,0.073380707848
07/30/2023,FEU,Z14,19,0.073380707848
07/30/2023,FEU,Z24,2,0.133503288942
07/30/2023,FEU,Z14,2,0.133503288942
07/30/2023,FEU,Z24,20,0.11101645294
07/30/2023,FEU,Z14,20,0.11101645294
07/30/2023,FEU,Z24,21,0.133859390032
07/30/2023,FEU,Z14,21,0.133859390032
07/30/2023,FEU,Z24,22,0.15442121385
07/30/2023,FEU,Z14,22,0.15442121385
07/30/2023,FEU,Z24,23,0.155497474486
07/30/2023,FEU,Z14,23,0.155497474486
07/30/2023,FEU,Z24,24,0.152365564486
07/30/2023,FEU,Z14,24,0.152365564486
07/30/2023,FEU,Z24,3,0.13159579476
07/30/2023,FEU,Z14,3,0.13159579476
07/30/2023,FEU,Z24,4,0.133670990942
07/30/2023,FEU,Z14,4,0.133670990942
07/30/2023,FEU,Z24,5,0.132988372942
07/30/2023,FEU,Z14,5,0.132988372942
07/30/2023,FEU,Z24,6,0.13781439476
07/30/2023,FEU,Z14,6,0.13781439476
07/30/2023,FEU,Z24,7,0.14197035476
07/30/2023,FEU,Z14,7,0.14197035476
07/30/2023,FEU,Z24,8,0.138451355214
07/30/2023,FEU,Z14,8,0.138451355214
07/30/2023,FEU,Z24,9,0.122662228212
07/30/2023,FEU,Z14,9,0.122662228212
07/31/2023,FEU,Z24,1,0.133082037304
07/31/2023,FEU,Z14,1,0.133082037304
07/31/2023,FEU,Z24,10,0.150183098298
07/31/2023,FEU,Z14,10,0.150183098298
07/31/2023,FEU,Z24,11,0.141625791298
07/31/2023,FEU,Z14,11,0.187472945026
07/31/2023,FEU,Z24,12,0.18079181339
07/31/2023,FEU,Z14,12,0.18079181339
07/31/2023,FEU,Z24,13,0.180734690572
07/31/2023,FEU,Z14,13,0.180734690572
07/31/2023,FEU,Z24,14,0.178885568208
07/31/2023,FEU,Z14,14,0.178885568208
07/31/2023,FEU,Z24,15,0.175773888208
07/31/2023,FEU,Z14,15,0.130054888662
07/31/2023,FEU,Z24,16,0.127790167844
07/31/2023,FEU,Z14,16,0.127790167844
07/31/2023,FEU,Z24,17,0.126241415026
07/31/2023,FEU,Z14,17,0.126241415026
07/31/2023,FEU,Z24,18,0.13132894339
07/31/2023,FEU,Z14,18,0.13132894339
07/31/2023,FEU,Z24,19,0.137510608208
07/31/2023,FEU,Z14,19,0.183251171754
07/31/2023,FEU,Z24,2,0.12579116385
07/31/2023,FEU,Z14,2,0.12579116385
07/31/2023,FEU,Z24,20,0.193193193664
07/31/2023,FEU,Z14,20,0.193193193664
07/31/2023,FEU,Z24,21,0.202548599574
07/31/2023,FEU,Z14,21,0.202548599574
07/31/2023,FEU,Z24,22,0.215521386392
07/31/2023,FEU,Z14,22,0.215521386392
07/31/2023,FEU,Z24,23,0.21247077112
07/31/2023,FEU,Z14,23,0.166526782392
07/31/2023,FEU,Z24,24,0.166925602392
07/31/2023,FEU,Z14,24,0.166925602392
07/31/2023,FEU,Z24,3,0.119654665214
07/31/2023,FEU,Z14,3,0.119654665214
07/31/2023,FEU,Z24,4,0.123568214032
07/31/2023,FEU,Z14,4,0.123568214032
07/31/2023,FEU,Z24,5,0.12611311385
07/31/2023,FEU,Z14,5,0.12611311385
07/31/2023,FEU,Z24,6,0.131285361304
07/31/2023,FEU,Z14,6,0.131285361304
07/31/2023,FEU,Z24,7,0.137677739848
07/31/2023,FEU,Z14,7,0.137677739848
07/31/2023,FEU,Z24,8,0.140691017302
07/31/2023,FEU,Z14,8,0.140691017302
07/31/2023,FEU,Z24,9,0.15497640748
07/31/2023,FEU,Z14,9,0.15497640748
08/01/2023,FEU,Z24,1,0.135638092576
08/01/2023,FEU,Z14,1,0.135638092576
08/01/2023,FEU,Z24,10,0.143469704208
08/01/2023,FEU,Z14,10,0.143469704208
08/01/2023,FEU,Z24,11,0.132017120208
08/01/2023,FEU,Z14,11,0.177743277754
08/01/2023,FEU,Z24,12,0.179792966754
08/01/2023,FEU,Z14,12,0.179792966754
08/01/2023,FEU,Z24,13,0.175044240118
08/01/2023,FEU,Z14,13,0.175044240118
08/01/2023,FEU,Z24,14,0.167555412936
08/01/2023,FEU,Z14,14,0.167555412936
08/01/2023,FEU,Z24,15,0.163860969664
08/01/2023,FEU,Z14,15,0.118168782118
08/01/2023,FEU,Z24,16,0.119512028936
08/01/2023,FEU,Z14,16,0.119512028936
08/01/2023,FEU,Z24,17,0.1183744093
08/01/2023,FEU,Z14,17,0.1183744093
08/01/2023,FEU,Z24,18,0.124355097664
08/01/2023,FEU,Z14,18,0.124355097664
08/01/2023,FEU,Z24,19,0.137149341482
08/01/2023,FEU,Z14,19,0.182893554028
08/01/2023,FEU,Z24,2,0.129309478122
08/01/2023,FEU,Z14,2,0.129309478122
08/01/2023,FEU,Z24,20,0.198888744938
08/01/2023,FEU,Z14,20,0.198888744938
08/01/2023,FEU,Z24,21,0.210929907484
08/01/2023,FEU,Z14,21,0.210929907484
08/01/2023,FEU,Z24,22,0.220903949938
08/01/2023,FEU,Z14,22,0.220903949938
08/01/2023,FEU,Z24,23,0.22469751203
08/01/2023,FEU,Z14,23,0.178839565484
08/01/2023,FEU,Z24,24,0.16754585112
08/01/2023,FEU,Z14,24,0.16754585112
08/01/2023,FEU,Z24,3,0.122515285304
08/01/2023,FEU,Z14,3,0.122515285304
08/01/2023,FEU,Z24,4,0.116958833304
08/01/2023,FEU,Z14,4,0.116958833304
08/01/2023,FEU,Z24,5,0.112375648486
08/01/2023,FEU,Z14,5,0.112375648486
08/01/2023,FEU,Z24,6,0.11290483294
08/01/2023,FEU,Z14,6,0.11290483294
08/01/2023,FEU,Z24,7,0.126273330212
08/01/2023,FEU,Z14,7,0.126273330212
08/01/2023,FEU,Z24,8,0.125293943848
08/01/2023,FEU,Z14,8,0.125293943848
08/01/2023,FEU,Z24,9,0.157119191482
08/01/2023,FEU,Z14,9,0.157119191482
08/02/2023,FEU,Z24,1,0.124719429394
08/02/2023,FEU,Z14,1,0.124719429394
08/02/2023,FEU,Z24,10,0.13003548748
08/02/2023,FEU,Z14,10,0.13003548748
08/02/2023,FEU,Z24,11,0.121331943662
08/02/2023,FEU,Z14,11,0.167028008208
08/02/2023,FEU,Z24,12,0.16368093339
08/02/2023,FEU,Z14,12,0.16368093339
08/02/2023,FEU,Z24,13,0.163326634754
08/02/2023,FEU,Z14,13,0.163326634754
08/02/2023,FEU,Z24,14,0.162201578572
08/02/2023,FEU,Z14,14,0.162201578572
08/02/2023,FEU,Z24,15,0.1455723093
08/02/2023,FEU,Z14,15,0.099928078754
08/02/2023,FEU,Z24,16,0.072947197754
08/02/2023,FEU,Z14,16,0.072947197754
08/02/2023,FEU,Z24,17,0.077228892936
08/02/2023,FEU,Z14,17,0.077228892936
08/02/2023,FEU,Z24,18,0.104835786118
08/02/2023,FEU,Z14,18,0.104835786118
08/02/2023,FEU,Z24,19,0.119423504572
08/02/2023,FEU,Z14,19,0.1651982093
08/02/2023,FEU,Z24,2,0.126767737758
08/02/2023,FEU,Z14,2,0.126767737758
08/02/2023,FEU,Z24,20,0.16994884021
08/02/2023,FEU,Z14,20,0.16994884021
08/02/2023,FEU,Z24,21,0.192864262938
08/02/2023,FEU,Z14,21,0.192864262938
08/02/2023,FEU,Z24,22,0.197708868574
08/02/2023,FEU,Z14,22,0.197708868574
08/02/2023,FEU,Z24,23,0.198568462666
08/02/2023,FEU,Z14,23,0.152670817938
08/02/2023,FEU,Z24,24,0.151988218756
08/02/2023,FEU,Z14,24,0.151988218756
08/02/2023,FEU,Z24,3,0.12688516294
08/02/2023,FEU,Z14,3,0.12688516294
08/02/2023,FEU,Z24,4,0.12681379294
08/02/2023,FEU,Z14,4,0.12681379294
08/02/2023,FEU,Z24,5,0.124946332122
08/02/2023,FEU,Z14,5,0.124946332122
08/02/2023,FEU,Z24,6,0.12485404294
08/02/2023,FEU,Z14,6,0.12485404294
08/02/2023,FEU,Z24,7,0.124260814212
08/02/2023,FEU,Z14,7,0.124260814212
08/02/2023,FEU,Z24,8,0.127172231484
08/02/2023,FEU,Z14,8,0.127172231484
08/02/2023,FEU,Z24,9,0.1489172593
08/02/2023,FEU,Z14,9,0.1489172593
08/03/2023,FEU,Z24,1,0.117246764576
08/03/2023,FEU,Z14,1,0.117246764576
08/03/2023,FEU,Z24,10,0.120082745298
08/03/2023,FEU,Z14,10,0.120082745298
08/03/2023,FEU,Z24,11,0.107790270934
08/03/2023,FEU,Z14,11,0.15344784748
08/03/2023,FEU,Z24,12,0.130303637662
08/03/2023,FEU,Z14,12,0.130303637662
08/03/2023,FEU,Z24,13,0.130300085026
08/03/2023,FEU,Z14,13,0.130300085026
08/03/2023,FEU,Z24,14,0.130059648208
08/03/2023,FEU,Z14,14,0.130059648208
08/03/2023,FEU,Z24,15,0.117197835118
08/03/2023,FEU,Z14,15,0.071629574572
08/03/2023,FEU,Z24,16,0.074746694572
08/03/2023,FEU,Z14,16,0.074746694572
08/03/2023,FEU,Z24,17,0.075812403754
08/03/2023,FEU,Z14,17,0.075812403754
08/03/2023,FEU,Z24,18,0.104018847118
08/03/2023,FEU,Z14,18,0.104018847118
08/03/2023,FEU,Z24,19,0.108731160936
08/03/2023,FEU,Z14,19,0.154469865664
08/03/2023,FEU,Z24,2,0.11516176294
08/03/2023,FEU,Z14,2,0.11516176294
08/03/2023,FEU,Z24,20,0.16839077112
08/03/2023,FEU,Z14,20,0.16839077112
08/03/2023,FEU,Z24,21,0.197044492576
08/03/2023,FEU,Z14,21,0.197044492576
08/03/2023,FEU,Z24,22,0.207154670212
08/03/2023,FEU,Z14,22,0.207154670212
08/03/2023,FEU,Z24,23,0.208364797486
08/03/2023,FEU,Z14,23,0.162429557758
08/03/2023,FEU,Z24,24,0.157401843394
08/03/2023,FEU,Z14,24,0.157401843394
08/03/2023,FEU,Z24,3,0.10852201294
08/03/2023,FEU,Z14,3,0.10852201294
08/03/2023,FEU,Z24,4,0.109622626122
08/03/2023,FEU,Z14,4,0.109622626122
08/03/2023,FEU,Z24,5,0.106654609304
08/03/2023,FEU,Z14,5,0.106654609304
08/03/2023,FEU,Z24,6,0.11189512294
08/03/2023,FEU,Z14,6,0.11189512294
08/03/2023,FEU,Z24,7,0.11645748203
08/03/2023,FEU,Z14,7,0.11645748203
08/03/2023,FEU,Z24,8,0.116875906666
08/03/2023,FEU,Z14,8,0.116875906666
08/03/2023,FEU,Z24,9,0.138151041118
08/03/2023,FEU,Z14,9,0.138151041118
08/04/2023,FEU,Z24,1,0.121992573304
08/04/2023,FEU,Z14,1,0.121992573304
08/04/2023,FEU,Z24,10,0.117305441026
08/04/2023,FEU,Z14,10,0.117305441026
08/04/2023,FEU,Z24,11,0.096312095662
08/04/2023,FEU,Z14,11,0.141941232208
08/04/2023,FEU,Z24,12,0.14982528839
08/04/2023,FEU,Z14,12,0.14982528839
08/04/2023,FEU,Z24,13,0.149938232572
08/04/2023,FEU,Z14,13,0.149938232572
08/04/2023,FEU,Z24,14,0.151473872572
08/04/2023,FEU,Z14,14,0.151473872572
08/04/2023,FEU,Z24,15,0.148942246482
08/04/2023,FEU,Z14,15,0.103223409754
08/04/2023,FEU,Z24,16,0.089868912118
08/04/2023,FEU,Z14,16,0.089868912118
08/04/2023,FEU,Z24,17,0.0813064593
08/04/2023,FEU,Z14,17,0.0813064593
08/04/2023,FEU,Z24,18,0.090298521664
08/04/2023,FEU,Z14,18,0.090298521664
08/04/2023,FEU,Z24,19,0.1069215593
08/04/2023,FEU,Z14,19,0.152654138028
08/04/2023,FEU,Z24,2,0.117686992486
08/04/2023,FEU,Z14,2,0.117686992486
08/04/2023,FEU,Z24,20,0.177029582302
08/04/2023,FEU,Z14,20,0.177029582302
08/04/2023,FEU,Z24,21,0.192949316758
08/04/2023,FEU,Z14,21,0.192949316758
08/04/2023,FEU,Z24,22,0.203049476758
08/04/2023,FEU,Z14,22,0.203049476758
08/04/2023,FEU,Z24,23,0.203314358032
08/04/2023,FEU,Z14,23,0.157394765304
08/04/2023,FEU,Z24,24,0.155687934758
08/04/2023,FEU,Z14,24,0.155687934758
08/04/2023,FEU,Z24,3,0.11496001385
08/04/2023,FEU,Z14,3,0.11496001385
08/04/2023,FEU,Z24,4,0.113839975668
08/04/2023,FEU,Z14,4,0.113839975668
08/04/2023,FEU,Z24,5,0.111182039668
08/04/2023,FEU,Z14,5,0.111182039668
08/04/2023,FEU,Z24,6,0.112914261304
08/04/2023,FEU,Z14,6,0.112914261304
08/04/2023,FEU,Z24,7,0.110788850212
08/04/2023,FEU,Z14,7,0.110788850212
08/04/2023,FEU,Z24,8,0.116392098666
08/04/2023,FEU,Z14,8,0.116392098666
08/04/2023,FEU,Z24,9,0.138342681664
08/04/2023,FEU,Z14,9,0.138342681664
08/05/2023,FEU,Z24,1,0.13364133885
08/05/2023,FEU,Z14,1,0.13364133885
08/05/2023,FEU,Z24,10,0.112366918938
08/05/2023,FEU,Z14,10,0.112366918938
08/05/2023,FEU,Z24,11,0.094955974756
08/05/2023,FEU,Z14,11,0.094955974756
08/05/2023,FEU,Z24,12,0.081815343574
08/05/2023,FEU,Z14,12,0.081815343574
08/05/2023,FEU,Z24,13,0.064477038938
08/05/2023,FEU,Z14,13,0.064477038938
08/05/2023,FEU,Z24,14,0.070478340938
08/05/2023,FEU,Z14,14,0.070478340938
08/05/2023,FEU,Z24,15,0.064049014392
08/05/2023,FEU,Z14,15,0.064049014392
08/05/2023,FEU,Z24,16,0.053651978938
08/05/2023,FEU,Z14,16,0.053651978938
08/05/2023,FEU,Z24,17,0.05424885112
08/05/2023,FEU,Z14,17,0.05424885112
08/05/2023,FEU,Z24,18,0.054758913666
08/05/2023,FEU,Z14,18,0.054758913666
08/05/2023,FEU,Z24,19,0.080966265394
08/05/2023,FEU,Z14,19,0.080966265394
08/05/2023,FEU,Z24,2,0.126815150032
08/05/2023,FEU,Z14,2,0.126815150032
08/05/2023,FEU,Z24,20,0.10250618885
08/05/2023,FEU,Z14,20,0.10250618885
08/05/2023,FEU,Z24,21,0.124868057578
08/05/2023,FEU,Z14,21,0.124868057578
08/05/2023,FEU,Z24,22,0.130637170396
08/05/2023,FEU,Z14,22,0.130637170396
08/05/2023,FEU,Z24,23,0.129967539214
08/05/2023,FEU,Z14,23,0.129967539214
08/05/2023,FEU,Z24,24,0.124917086032
08/05/2023,FEU,Z14,24,0.124917086032
08/05/2023,FEU,Z24,3,0.125219548396
08/05/2023,FEU,Z14,3,0.125219548396
08/05/2023,FEU,Z24,4,0.122803470396
08/05/2023,FEU,Z14,4,0.122803470396
08/05/2023,FEU,Z24,5,0.123169118578
08/05/2023,FEU,Z14,5,0.123169118578
08/05/2023,FEU,Z24,6,0.123336536578
08/05/2023,FEU,Z14,6,0.123336536578
08/05/2023,FEU,Z24,7,0.123060903214
08/05/2023,FEU,Z14,7,0.123060903214
08/05/2023,FEU,Z24,8,0.119144107668
08/05/2023,FEU,Z14,8,0.119144107668
08/05/2023,FEU,Z24,9,0.122354404212
08/05/2023,FEU,Z14,9,0.122354404212
08/06/2023,FEU,Z24,1,0.109133990032
08/06/2023,FEU,Z14,1,0.109133990032
08/06/2023,FEU,Z24,10,0.040597218574
08/06/2023,FEU,Z14,10,0.040597218574
08/06/2023,FEU,Z24,11,0.038220644846
08/06/2023,FEU,Z14,11,0.038220644846
08/06/2023,FEU,Z24,12,0.030985641664
08/06/2023,FEU,Z14,12,0.030985641664
08/06/2023,FEU,Z24,13,0.031620156028
08/06/2023,FEU,Z14,13,0.031620156028
08/06/2023,FEU,Z24,14,0.028680722846
08/06/2023,FEU,Z14,14,0.028680722846
08/06/2023,FEU,Z24,15,0.024292668936
08/06/2023,FEU,Z14,15,0.024292668936
08/06/2023,FEU,Z24,16,0.024184412482
08/06/2023,FEU,Z14,16,0.024184412482
08/06/2023,FEU,Z24,17,0.024555368028
08/06/2023,FEU,Z14,17,0.024555368028
08/06/2023,FEU,Z24,18,0.028087734574
08/06/2023,FEU,Z14,18,0.028087734574
08/06/2023,FEU,Z24,19,0.030389411666
08/06/2023,FEU,Z14,19,0.030389411666
08/06/2023,FEU,Z24,2,0.076757723214
08/06/2023,FEU,Z14,2,0.076757723214
08/06/2023,FEU,Z24,20,0.06573628294
08/06/2023,FEU,Z14,20,0.06573628294
08/06/2023,FEU,Z24,21,0.10875718885
08/06/2023,FEU,Z14,21,0.10875718885
08/06/2023,FEU,Z24,22,0.11404441294
08/06/2023,FEU,Z14,22,0.11404441294
08/06/2023,FEU,Z24,23,0.114828740758
08/06/2023,FEU,Z14,23,0.114828740758
08/06/2023,FEU,Z24,24,0.110273804576
08/06/2023,FEU,Z14,24,0.110273804576
08/06/2023,FEU,Z24,3,0.064226242396
08/06/2023,FEU,Z14,3,0.064226242396
08/06/2023,FEU,Z24,4,0.063449940396
08/06/2023,FEU,Z14,4,0.063449940396
08/06/2023,FEU,Z24,5,0.063568918396
08/06/2023,FEU,Z14,5,0.063568918396
08/06/2023,FEU,Z24,6,0.062814998396
08/06/2023,FEU,Z14,6,0.062814998396
08/06/2023,FEU,Z24,7,0.06293806385
08/06/2023,FEU,Z14,7,0.06293806385
08/06/2023,FEU,Z24,8,0.061719071668
08/06/2023,FEU,Z14,8,0.061719071668
08/06/2023,FEU,Z24,9,0.04167263703
08/06/2023,FEU,Z14,9,0.04167263703
08/07/2023,FEU,Z24,1,0.104985466122
08/07/2023,FEU,Z14,1,0.104985466122
08/07/2023,FEU,Z24,10,0.135408275026
08/07/2023,FEU,Z14,10,0.135408275026
08/07/2023,FEU,Z24,11,0.111918651844
08/07/2023,FEU,Z14,11,0.157663418572
08/07/2023,FEU,Z24,12,0.150252236572
08/07/2023,FEU,Z14,12,0.150252236572
08/07/2023,FEU,Z24,13,0.158289904936
08/07/2023,FEU,Z14,13,0.158289904936
08/07/2023,FEU,Z24,14,0.150484874572
08/07/2023,FEU,Z14,14,0.150484874572
08/07/2023,FEU,Z24,15,0.1533359593
08/07/2023,FEU,Z14,15,0.107602514572
08/07/2023,FEU,Z24,16,0.106718948572
08/07/2023,FEU,Z14,16,0.106718948572
08/07/2023,FEU,Z24,17,0.110790686572
08/07/2023,FEU,Z14,17,0.110790686572
08/07/2023,FEU,Z24,18,0.126193398118
08/07/2023,FEU,Z14,18,0.126193398118
08/07/2023,FEU,Z24,19,0.145265649118
08/07/2023,FEU,Z14,19,0.191029737664
08/07/2023,FEU,Z24,2,0.090991587668
08/07/2023,FEU,Z14,2,0.090991587668
08/07/2023,FEU,Z24,20,0.212520782574
08/07/2023,FEU,Z14,20,0.212520782574
08/07/2023,FEU,Z24,21,0.224672378302
08/07/2023,FEU,Z14,21,0.224672378302
08/07/2023,FEU,Z24,22,0.234073642756
08/07/2023,FEU,Z14,22,0.234073642756
08/07/2023,FEU,Z24,23,0.21882008703
08/07/2023,FEU,Z14,23,0.172851842302
08/07/2023,FEU,Z24,24,0.16057425112
08/07/2023,FEU,Z14,24,0.16057425112
08/07/2023,FEU,Z24,3,0.085661030032
08/07/2023,FEU,Z14,3,0.085661030032
08/07/2023,FEU,Z24,4,0.08767886385
08/07/2023,FEU,Z14,4,0.08767886385
08/07/2023,FEU,Z24,5,0.08355108885
08/07/2023,FEU,Z14,5,0.08355108885
08/07/2023,FEU,Z24,6,0.098669143486
08/07/2023,FEU,Z14,6,0.098669143486
08/07/2023,FEU,Z24,7,0.10520940703
08/07/2023,FEU,Z14,7,0.10520940703
08/07/2023,FEU,Z24,8,0.125425745484
08/07/2023,FEU,Z14,8,0.125425745484
08/07/2023,FEU,Z24,9,0.155694253482
08/07/2023,FEU,Z14,9,0.155694253482
08/08/2023,FEU,Z24,1,0.138176156576
08/08/2023,FEU,Z14,1,0.138176156576
08/08/2023,FEU,Z24,10,0.153492288208
08/08/2023,FEU,Z14,10,0.153492288208
08/08/2023,FEU,Z24,11,0.141250344208
08/08/2023,FEU,Z14,11,0.187000714754
08/08/2023,FEU,Z24,12,0.179221760754
08/08/2023,FEU,Z14,12,0.179221760754
08/08/2023,FEU,Z24,13,0.178999098118
08/08/2023,FEU,Z14,13,0.178999098118
08/08/2023,FEU,Z24,14,0.179967588936
08/08/2023,FEU,Z14,14,0.179967588936
08/08/2023,FEU,Z24,15,0.180328809664
08/08/2023,FEU,Z14,15,0.134592588118
08/08/2023,FEU,Z24,16,0.133125012936
08/08/2023,FEU,Z14,16,0.133125012936
08/08/2023,FEU,Z24,17,0.1332956593
08/08/2023,FEU,Z14,17,0.1332956593
08/08/2023,FEU,Z24,18,0.136027161664
08/08/2023,FEU,Z14,18,0.136027161664
08/08/2023,FEU,Z24,19,0.153730647482
08/08/2023,FEU,Z14,19,0.199518078028
08/08/2023,FEU,Z24,2,0.137417482122
08/08/2023,FEU,Z14,2,0.137417482122
08/08/2023,FEU,Z24,20,0.206231009938
08/08/2023,FEU,Z14,20,0.206231009938
08/08/2023,FEU,Z24,21,0.222408143484
08/08/2023,FEU,Z14,21,0.222408143484
08/08/2023,FEU,Z24,22,0.235601228938
08/08/2023,FEU,Z14,22,0.235601228938
08/08/2023,FEU,Z24,23,0.23425400703
08/08/2023,FEU,Z14,23,0.188371451484
08/08/2023,FEU,Z24,24,0.18148905112
08/08/2023,FEU,Z14,24,0.18148905112
08/08/2023,FEU,Z24,3,0.132629645304
08/08/2023,FEU,Z14,3,0.132629645304
08/08/2023,FEU,Z24,4,0.131962777304
08/08/2023,FEU,Z14,4,0.131962777304
08/08/2023,FEU,Z24,5,0.123046429486
08/08/2023,FEU,Z14,5,0.123046429486
08/08/2023,FEU,Z24,6,0.12390400294
08/08/2023,FEU,Z14,6,0.12390400294
08/08/2023,FEU,Z24,7,0.127491800212
08/08/2023,FEU,Z14,7,0.127491800212
08/08/2023,FEU,Z24,8,0.130824107848
08/08/2023,FEU,Z14,8,0.130824107848
08/08/2023,FEU,Z24,9,0.155903735482
08/08/2023,FEU,Z14,9,0.155903735482
08/09/2023,FEU,Z24,1,0.142243101394
08/09/2023,FEU,Z14,1,0.142243101394
08/09/2023,FEU,Z24,10,0.15423540748
08/09/2023,FEU,Z14,10,0.15423540748
08/09/2023,FEU,Z24,11,0.144499948662
08/09/2023,FEU,Z14,11,0.190256928208
08/09/2023,FEU,Z24,12,0.18394285339
08/09/2023,FEU,Z14,12,0.18394285339
08/09/2023,FEU,Z24,13,0.181644224754
08/09/2023,FEU,Z14,13,0.181644224754
08/09/2023,FEU,Z24,14,0.178548122572
08/09/2023,FEU,Z14,14,0.178548122572
08/09/2023,FEU,Z24,15,0.1780759093
08/09/2023,FEU,Z14,15,0.132346886754
08/09/2023,FEU,Z24,16,0.131648363754
08/09/2023,FEU,Z14,16,0.131648363754
08/09/2023,FEU,Z24,17,0.132880488936
08/09/2023,FEU,Z14,17,0.132880488936
08/09/2023,FEU,Z24,18,0.136879098118
08/09/2023,FEU,Z14,18,0.136879098118
08/09/2023,FEU,Z24,19,0.155339144572
08/09/2023,FEU,Z14,19,0.2012392093
08/09/2023,FEU,Z24,2,0.133330503758
08/09/2023,FEU,Z14,2,0.133330503758
08/09/2023,FEU,Z24,20,0.22361822521
08/09/2023,FEU,Z14,20,0.22361822521
08/09/2023,FEU,Z24,21,0.231105467938
08/09/2023,FEU,Z14,21,0.231105467938
08/09/2023,FEU,Z24,22,0.239490452574
08/09/2023,FEU,Z14,22,0.239490452574
08/09/2023,FEU,Z24,23,0.230564918666
08/09/2023,FEU,Z14,23,0.184558384938
08/09/2023,FEU,Z24,24,0.185163760756
08/09/2023,FEU,Z14,24,0.185163760756
08/09/2023,FEU,Z24,3,0.13321603294
08/09/2023,FEU,Z14,3,0.13321603294
08/09/2023,FEU,Z24,4,0.13091230294
08/09/2023,FEU,Z14,4,0.13091230294
08/09/2023,FEU,Z24,5,0.123947469122
08/09/2023,FEU,Z14,5,0.123947469122
08/09/2023,FEU,Z24,6,0.12673072294
08/09/2023,FEU,Z14,6,0.12673072294
08/09/2023,FEU,Z24,7,0.128201894212
08/09/2023,FEU,Z14,7,0.128201894212
08/09/2023,FEU,Z24,8,0.136750597484
08/09/2023,FEU,Z14,8,0.136750597484
08/09/2023,FEU,Z24,9,0.1631956593
08/09/2023,FEU,Z14,9,0.1631956593
08/10/2023,FEU,Z24,1,0.151955052576
08/10/2023,FEU,Z14,1,0.151955052576
08/10/2023,FEU,Z24,10,0.162902311298
08/10/2023,FEU,Z14,10,0.162902311298
08/10/2023,FEU,Z24,11,0.163139430934
08/10/2023,FEU,Z14,11,0.20894304748
08/10/2023,FEU,Z24,12,0.186253713662
08/10/2023,FEU,Z14,12,0.186253713662
08/10/2023,FEU,Z24,13,0.185094362026
08/10/2023,FEU,Z14,13,0.185094362026
08/10/2023,FEU,Z24,14,0.184437400208
08/10/2023,FEU,Z14,14,0.184437400208
08/10/2023,FEU,Z24,15,0.183454920118
08/10/2023,FEU,Z14,15,0.137713664572
08/10/2023,FEU,Z24,16,0.136747586572
08/10/2023,FEU,Z14,16,0.136747586572
08/10/2023,FEU,Z24,17,0.136283390754
08/10/2023,FEU,Z14,17,0.136283390754
08/10/2023,FEU,Z24,18,0.147470580118
08/10/2023,FEU,Z14,18,0.147470580118
08/10/2023,FEU,Z24,19,0.160957124936
08/10/2023,FEU,Z14,19,0.206876649664
08/10/2023,FEU,Z24,2,0.14621122294
08/10/2023,FEU,Z14,2,0.14621122294
08/10/2023,FEU,Z24,20,0.21652149112
08/10/2023,FEU,Z14,20,0.21652149112
08/10/2023,FEU,Z24,21,0.228112124576
08/10/2023,FEU,Z14,21,0.228112124576
08/10/2023,FEU,Z24,22,0.234523022212
08/10/2023,FEU,Z14,22,0.234523022212
08/10/2023,FEU,Z24,23,0.234742048486
08/10/2023,FEU,Z14,23,0.188716860758
08/10/2023,FEU,Z24,24,0.178633074394
08/10/2023,FEU,Z14,24,0.178633074394
08/10/2023,FEU,Z24,3,0.14470192294
08/10/2023,FEU,Z14,3,0.14470192294
08/10/2023,FEU,Z24,4,0.144240899122
08/10/2023,FEU,Z14,4,0.144240899122
08/10/2023,FEU,Z24,5,0.143231557304
08/10/2023,FEU,Z14,5,0.143231557304
08/10/2023,FEU,Z24,6,0.14554549294
08/10/2023,FEU,Z14,6,0.14554549294
08/10/2023,FEU,Z24,7,0.14704222703
08/10/2023,FEU,Z14,7,0.14704222703
08/10/2023,FEU,Z24,8,0.145025158666
08/10/2023,FEU,Z14,8,0.145025158666
08/10/2023,FEU,Z24,9,0.163789827118
08/10/2023,FEU,Z14,9,0.163789827118
08/11/2023,FEU,Z24,1,0.158092517304
08/11/2023,FEU,Z14,1,0.158092517304
08/11/2023,FEU,Z24,10,0.175303547026
08/11/2023,FEU,Z14,10,0.175303547026
08/11/2023,FEU,Z24,11,0.169925992662
08/11/2023,FEU,Z14,11,0.215749824208
08/11/2023,FEU,Z24,12,0.19870533839
08/11/2023,FEU,Z14,12,0.19870533839
08/11/2023,FEU,Z24,13,0.199338854572
08/11/2023,FEU,Z14,13,0.199338854572
08/11/2023,FEU,Z24,14,0.199013390572
08/11/2023,FEU,Z14,14,0.199013390572
08/11/2023,FEU,Z24,15,0.193100361482
08/11/2023,FEU,Z14,15,0.147229211754
08/11/2023,FEU,Z24,16,0.145324248118
08/11/2023,FEU,Z14,16,0.145324248118
08/11/2023,FEU,Z24,17,0.1450877593
08/11/2023,FEU,Z14,17,0.1450877593
08/11/2023,FEU,Z24,18,0.154307097664
08/11/2023,FEU,Z14,18,0.154307097664
08/11/2023,FEU,Z24,19,0.1716251593
08/11/2023,FEU,Z14,19,0.217582794028
08/11/2023,FEU,Z24,2,0.157330873486
08/11/2023,FEU,Z14,2,0.157330873486
08/11/2023,FEU,Z24,20,0.230105858302
08/11/2023,FEU,Z14,20,0.230105858302
08/11/2023,FEU,Z24,21,0.241204467758
08/11/2023,FEU,Z14,21,0.241204467758
08/11/2023,FEU,Z24,22,0.240017932758
08/11/2023,FEU,Z14,22,0.240017932758
08/11/2023,FEU,Z24,23,0.229246334032
08/11/2023,FEU,Z14,23,0.183238537304
08/11/2023,FEU,Z24,24,0.178545391758
08/11/2023,FEU,Z14,24,0.178545391758
08/11/2023,FEU,Z24,3,0.15500518885
08/11/2023,FEU,Z14,3,0.15500518885
08/11/2023,FEU,Z24,4,0.154352367668
08/11/2023,FEU,Z14,4,0.154352367668
08/11/2023,FEU,Z24,5,0.152576105668
08/11/2023,FEU,Z14,5,0.152576105668
08/11/2023,FEU,Z24,6,0.152547785304
08/11/2023,FEU,Z14,6,0.152547785304
08/11/2023,FEU,Z24,7,0.153961166212
08/11/2023,FEU,Z14,7,0.153961166212
08/11/2023,FEU,Z24,8,0.161271105666
08/11/2023,FEU,Z14,8,0.161271105666
08/11/2023,FEU,Z24,9,0.191861145664
08/11/2023,FEU,Z14,9,0.191861145664
08/12/2023,FEU,Z24,1,0.15508861385
08/12/2023,FEU,Z14,1,0.15508861385
08/12/2023,FEU,Z24,10,0.124498171938
08/12/2023,FEU,Z14,10,0.124498171938
08/12/2023,FEU,Z24,11,0.113977282756
08/12/2023,FEU,Z14,11,0.113977282756
08/12/2023,FEU,Z24,12,0.106987035574
08/12/2023,FEU,Z14,12,0.106987035574
08/12/2023,FEU,Z24,13,0.106542943938
08/12/2023,FEU,Z14,13,0.106542943938
08/12/2023,FEU,Z24,14,0.106965978938
08/12/2023,FEU,Z14,14,0.106965978938
08/12/2023,FEU,Z24,15,0.105699694392
08/12/2023,FEU,Z14,15,0.105699694392
08/12/2023,FEU,Z24,16,0.103130847938
08/12/2023,FEU,Z14,16,0.103130847938
08/12/2023,FEU,Z24,17,0.10088433112
08/12/2023,FEU,Z14,17,0.10088433112
08/12/2023,FEU,Z24,18,0.102696610666
08/12/2023,FEU,Z14,18,0.102696610666
08/12/2023,FEU,Z24,19,0.120561408394
08/12/2023,FEU,Z14,19,0.120561408394
08/12/2023,FEU,Z24,2,0.148472366032
08/12/2023,FEU,Z14,2,0.148472366032
08/12/2023,FEU,Z24,20,0.14490136385
08/12/2023,FEU,Z14,20,0.14490136385
08/12/2023,FEU,Z24,21,0.153175847578
08/12/2023,FEU,Z14,21,0.153175847578
08/12/2023,FEU,Z24,22,0.166264602396
08/12/2023,FEU,Z14,22,0.166264602396
08/12/2023,FEU,Z24,23,0.164118194214
08/12/2023,FEU,Z14,23,0.164118194214
08/12/2023,FEU,Z24,24,0.163552214032
08/12/2023,FEU,Z14,24,0.163552214032
08/12/2023,FEU,Z24,3,0.145861642396
08/12/2023,FEU,Z14,3,0.145861642396
08/12/2023,FEU,Z24,4,0.145132460396
08/12/2023,FEU,Z14,4,0.145132460396
08/12/2023,FEU,Z24,5,0.145611383578
08/12/2023,FEU,Z14,5,0.145611383578
08/12/2023,FEU,Z24,6,0.145743431578
08/12/2023,FEU,Z14,6,0.145743431578
08/12/2023,FEU,Z24,7,0.149229144214
08/12/2023,FEU,Z14,7,0.149229144214
08/12/2023,FEU,Z24,8,0.148356749668
08/12/2023,FEU,Z14,8,0.148356749668
08/12/2023,FEU,Z24,9,0.139530750212
08/12/2023,FEU,Z14,9,0.139530750212
08/13/2023,FEU,Z24,1,0.144854990032
08/13/2023,FEU,Z14,1,0.144854990032
08/13/2023,FEU,Z24,10,0.106716297574
08/13/2023,FEU,Z14,10,0.106716297574
08/13/2023,FEU,Z24,11,0.065154724846
08/13/2023,FEU,Z14,11,0.065154724846
08/13/2023,FEU,Z24,12,0.040891689664
08/13/2023,FEU,Z14,12,0.040891689664
08/13/2023,FEU,Z24,13,0.042996288028
08/13/2023,FEU,Z14,13,0.042996288028
08/13/2023,FEU,Z24,14,0.039402469846
08/13/2023,FEU,Z14,14,0.039402469846
08/13/2023,FEU,Z24,15,0.033546696936
08/13/2023,FEU,Z14,15,0.033546696936
08/13/2023,FEU,Z24,16,0.030237521482
08/13/2023,FEU,Z14,16,0.030237521482
08/13/2023,FEU,Z24,17,0.043569826028
08/13/2023,FEU,Z14,17,0.043569826028
08/13/2023,FEU,Z24,18,0.103392236574
08/13/2023,FEU,Z14,18,0.103392236574
08/13/2023,FEU,Z24,19,0.111185347666
08/13/2023,FEU,Z14,19,0.111185347666
08/13/2023,FEU,Z24,2,0.135499439214
08/13/2023,FEU,Z14,2,0.135499439214
08/13/2023,FEU,Z24,20,0.13505761294
08/13/2023,FEU,Z14,20,0.13505761294
08/13/2023,FEU,Z24,21,0.14999498885
08/13/2023,FEU,Z14,21,0.14999498885
08/13/2023,FEU,Z24,22,0.16071454294
08/13/2023,FEU,Z14,22,0.16071454294
08/13/2023,FEU,Z24,23,0.160472345758
08/13/2023,FEU,Z14,23,0.160472345758
08/13/2023,FEU,Z24,24,0.154491948576
08/13/2023,FEU,Z14,24,0.154491948576
08/13/2023,FEU,Z24,3,0.132718696396
08/13/2023,FEU,Z14,3,0.132718696396
08/13/2023,FEU,Z24,4,0.133889628396
08/13/2023,FEU,Z14,4,0.133889628396
08/13/2023,FEU,Z24,5,0.127216258396
08/13/2023,FEU,Z14,5,0.127216258396
08/13/2023,FEU,Z24,6,0.134093422396
08/13/2023,FEU,Z14,6,0.134093422396
08/13/2023,FEU,Z24,7,0.13609826385
08/13/2023,FEU,Z14,7,0.13609826385
08/13/2023,FEU,Z24,8,0.132290559668
08/13/2023,FEU,Z14,8,0.132290559668
08/13/2023,FEU,Z24,9,0.12221724203
08/13/2023,FEU,Z14,9,0.12221724203
08/14/2023,FEU,Z24,1,0.148639175122
08/14/2023,FEU,Z14,1,0.148639175122
08/14/2023,FEU,Z24,10,0.157653341026
08/14/2023,FEU,Z14,10,0.157653341026
08/14/2023,FEU,Z24,11,0.141900719844
08/14/2023,FEU,Z14,11,0.187750502572
08/14/2023,FEU,Z24,12,0.178593962572
08/14/2023,FEU,Z14,12,0.178593962572
08/14/2023,FEU,Z24,13,0.175887596936
08/14/2023,FEU,Z14,13,0.175887596936
08/14/2023,FEU,Z24,14,0.175464236572
08/14/2023,FEU,Z14,14,0.175464236572
08/14/2023,FEU,Z24,15,0.1665517593
08/14/2023,FEU,Z14,15,0.120773492572
08/14/2023,FEU,Z24,16,0.129115226572
08/14/2023,FEU,Z14,16,0.129115226572
08/14/2023,FEU,Z24,17,0.133059758572
08/14/2023,FEU,Z14,17,0.133059758572
08/14/2023,FEU,Z24,18,0.134207673118
08/14/2023,FEU,Z14,18,0.134207673118
08/14/2023,FEU,Z24,19,0.137683398118
08/14/2023,FEU,Z14,19,0.183427689664
08/14/2023,FEU,Z24,2,0.145329003668
08/14/2023,FEU,Z14,2,0.145329003668
08/14/2023,FEU,Z24,20,0.216585323574
08/14/2023,FEU,Z14,20,0.216585323574
08/14/2023,FEU,Z24,21,0.224931281302
08/14/2023,FEU,Z14,21,0.224931281302
08/14/2023,FEU,Z24,22,0.235707580756
08/14/2023,FEU,Z14,22,0.235707580756
08/14/2023,FEU,Z24,23,0.22602211703
08/14/2023,FEU,Z14,23,0.180030305302
08/14/2023,FEU,Z24,24,0.18002861112
08/14/2023,FEU,Z14,24,0.18002861112
08/14/2023,FEU,Z24,3,0.135984422032
08/14/2023,FEU,Z14,3,0.135984422032
08/14/2023,FEU,Z24,4,0.13736256385
08/14/2023,FEU,Z14,4,0.13736256385
08/14/2023,FEU,Z24,5,0.13732731385
08/14/2023,FEU,Z14,5,0.13732731385
08/14/2023,FEU,Z24,6,0.140504188486
08/14/2023,FEU,Z14,6,0.140504188486
08/14/2023,FEU,Z24,7,0.15173834203
08/14/2023,FEU,Z14,7,0.15173834203
08/14/2023,FEU,Z24,8,0.157384231484
08/14/2023,FEU,Z14,8,0.157384231484
08/14/2023,FEU,Z24,9,0.174822722482
08/14/2023,FEU,Z14,9,0.174822722482
08/15/2023,FEU,Z24,1,0.153422559668
08/15/2023,FEU,Z14,1,0.153422559668
08/15/2023,FEU,Z24,10,0.122797440574
08/15/2023,FEU,Z14,10,0.122797440574
08/15/2023,FEU,Z24,11,0.113484969664
08/15/2023,FEU,Z14,11,0.113484969664
08/15/2023,FEU,Z24,12,0.104855304028
08/15/2023,FEU,Z14,12,0.104855304028
08/15/2023,FEU,Z24,13,0.104878934392
08/15/2023,FEU,Z14,13,0.104878934392
08/15/2023,FEU,Z24,14,0.103376134392
08/15/2023,FEU,Z14,14,0.103376134392
08/15/2023,FEU,Z24,15,0.10008895021
08/15/2023,FEU,Z14,15,0.10008895021
08/15/2023,FEU,Z24,16,0.071666315938
08/15/2023,FEU,Z14,16,0.071666315938
08/15/2023,FEU,Z24,17,0.100771845666
08/15/2023,FEU,Z14,17,0.100771845666
08/15/2023,FEU,Z24,18,0.109199496394
08/15/2023,FEU,Z14,18,0.109199496394
08/15/2023,FEU,Z24,19,0.11893852294
08/15/2023,FEU,Z14,19,0.11893852294
08/15/2023,FEU,Z24,2,0.149420995214
08/15/2023,FEU,Z14,2,0.149420995214
08/15/2023,FEU,Z24,20,0.152737628396
08/15/2023,FEU,Z14,20,0.152737628396
08/15/2023,FEU,Z24,21,0.167657607124
08/15/2023,FEU,Z14,21,0.167657607124
08/15/2023,FEU,Z24,22,0.17398021476
08/15/2023,FEU,Z14,22,0.17398021476
08/15/2023,FEU,Z24,23,0.16504407476
08/15/2023,FEU,Z14,23,0.16504407476
08/15/2023,FEU,Z24,24,0.15474149476
08/15/2023,FEU,Z14,24,0.15474149476
08/15/2023,FEU,Z24,3,0.131484692214
08/15/2023,FEU,Z14,3,0.131484692214
08/15/2023,FEU,Z24,4,0.130839696214
08/15/2023,FEU,Z14,4,0.130839696214
08/15/2023,FEU,Z24,5,0.131667350578
08/15/2023,FEU,Z14,5,0.131667350578
08/15/2023,FEU,Z24,6,0.137387347214
08/15/2023,FEU,Z14,6,0.137387347214
08/15/2023,FEU,Z24,7,0.146032229668
08/15/2023,FEU,Z14,7,0.146032229668
08/15/2023,FEU,Z24,8,0.14892221385
08/15/2023,FEU,Z14,8,0.14892221385
08/15/2023,FEU,Z24,9,0.140760940576
08/15/2023,FEU,Z14,9,0.140760940576
08/16/2023,FEU,Z24,1,0.138996507394
08/16/2023,FEU,Z14,1,0.138996507394
08/16/2023,FEU,Z24,10,0.16597170748
08/16/2023,FEU,Z14,10,0.16597170748
08/16/2023,FEU,Z24,11,0.157531309662
08/16/2023,FEU,Z14,11,0.203322552208
08/16/2023,FEU,Z24,12,0.19535735839
08/16/2023,FEU,Z14,12,0.19535735839
08/16/2023,FEU,Z24,13,0.191565774754
08/16/2023,FEU,Z14,13,0.191565774754
08/16/2023,FEU,Z24,14,0.186587312572
08/16/2023,FEU,Z14,14,0.186587312572
08/16/2023,FEU,Z24,15,0.1876496593
08/16/2023,FEU,Z14,15,0.141895661754
08/16/2023,FEU,Z24,16,0.144399562754
08/16/2023,FEU,Z14,16,0.144399562754
08/16/2023,FEU,Z24,17,0.151144020936
08/16/2023,FEU,Z14,17,0.151144020936
08/16/2023,FEU,Z24,18,0.161842272118
08/16/2023,FEU,Z14,18,0.161842272118
08/16/2023,FEU,Z24,19,0.176048510572
08/16/2023,FEU,Z14,19,0.2220208593
08/16/2023,FEU,Z24,2,0.130778576758
08/16/2023,FEU,Z14,2,0.130778576758
08/16/2023,FEU,Z24,20,0.23227264021
08/16/2023,FEU,Z14,20,0.23227264021
08/16/2023,FEU,Z24,21,0.241624551938
08/16/2023,FEU,Z14,21,0.241624551938
08/16/2023,FEU,Z24,22,0.244764058574
08/16/2023,FEU,Z14,22,0.244764058574
08/16/2023,FEU,Z24,23,0.234272562666
08/16/2023,FEU,Z14,23,0.188253276938
08/16/2023,FEU,Z24,24,0.186327550756
08/16/2023,FEU,Z14,24,0.186327550756
08/16/2023,FEU,Z24,3,0.12445039294
08/16/2023,FEU,Z14,3,0.12445039294
08/16/2023,FEU,Z24,4,0.12298906294
08/16/2023,FEU,Z14,4,0.12298906294
08/16/2023,FEU,Z24,5,0.120809189122
08/16/2023,FEU,Z14,5,0.120809189122
08/16/2023,FEU,Z24,6,0.12351205294
08/16/2023,FEU,Z14,6,0.12351205294
08/16/2023,FEU,Z24,7,0.150515636212
08/16/2023,FEU,Z14,7,0.150515636212
08/16/2023,FEU,Z24,8,0.159861615484
08/16/2023,FEU,Z14,8,0.159861615484
08/16/2023,FEU,Z24,9,0.1856701093
08/16/2023,FEU,Z14,9,0.1856701093
08/17/2023,FEU,Z24,1,0.157041692576
08/17/2023,FEU,Z14,1,0.157041692576
08/17/2023,FEU,Z24,10,0.179045358298
08/17/2023,FEU,Z14,10,0.179045358298
08/17/2023,FEU,Z24,11,0.164490186934
08/17/2023,FEU,Z14,11,0.21029736748
08/17/2023,FEU,Z24,12,0.195161500662
08/17/2023,FEU,Z14,12,0.195161500662
08/17/2023,FEU,Z24,13,0.190733924026
08/17/2023,FEU,Z14,13,0.190733924026
08/17/2023,FEU,Z24,14,0.189664336208
08/17/2023,FEU,Z14,14,0.189664336208
08/17/2023,FEU,Z24,15,0.189567600118
08/17/2023,FEU,Z14,15,0.143809238572
08/17/2023,FEU,Z24,16,0.146985950572
08/17/2023,FEU,Z14,16,0.146985950572
08/17/2023,FEU,Z24,17,0.149918926754
08/17/2023,FEU,Z14,17,0.149918926754
08/17/2023,FEU,Z24,18,0.152218248118
08/17/2023,FEU,Z14,18,0.152218248118
08/17/2023,FEU,Z24,19,0.153603036936
08/17/2023,FEU,Z14,19,0.199496937664
08/17/2023,FEU,Z24,2,0.15198400294
08/17/2023,FEU,Z14,2,0.15198400294
08/17/2023,FEU,Z24,20,0.23300857112
08/17/2023,FEU,Z14,20,0.23300857112
08/17/2023,FEU,Z24,21,0.241985628576
08/17/2023,FEU,Z14,21,0.241985628576
08/17/2023,FEU,Z24,22,0.245638500212
08/17/2023,FEU,Z14,22,0.245638500212
08/17/2023,FEU,Z24,23,0.245221630486
08/17/2023,FEU,Z14,23,0.199160706758
08/17/2023,FEU,Z24,24,0.196665558394
08/17/2023,FEU,Z14,24,0.196665558394
08/17/2023,FEU,Z24,3,0.14539105294
08/17/2023,FEU,Z14,3,0.14539105294
08/17/2023,FEU,Z24,4,0.146225744122
08/17/2023,FEU,Z14,4,0.146225744122
08/17/2023,FEU,Z24,5,0.157199453304
08/17/2023,FEU,Z14,5,0.157199453304
08/17/2023,FEU,Z24,6,0.16082101294
08/17/2023,FEU,Z14,6,0.16082101294
08/17/2023,FEU,Z24,7,0.16583600703
08/17/2023,FEU,Z14,7,0.16583600703
08/17/2023,FEU,Z24,8,0.168650340666
08/17/2023,FEU,Z14,8,0.168650340666
08/17/2023,FEU,Z24,9,0.191098110118
08/17/2023,FEU,Z14,9,0.191098110118
08/18/2023,FEU,Z24,1,0.166159393304
08/18/2023,FEU,Z14,1,0.166159393304
08/18/2023,FEU,Z24,10,0.164162726026
08/18/2023,FEU,Z14,10,0.164162726026
08/18/2023,FEU,Z24,11,0.153708959662
08/18/2023,FEU,Z14,11,0.199490152208
08/18/2023,FEU,Z24,12,0.19110253839
08/18/2023,FEU,Z14,12,0.19110253839
08/18/2023,FEU,Z24,13,0.187820408572
08/18/2023,FEU,Z14,13,0.187820408572
08/18/2023,FEU,Z24,14,0.183620318572
08/18/2023,FEU,Z14,14,0.183620318572
08/18/2023,FEU,Z24,15,0.185668354482
08/18/2023,FEU,Z14,15,0.139823032754
08/18/2023,FEU,Z24,16,0.143516871118
08/18/2023,FEU,Z14,16,0.143516871118
08/18/2023,FEU,Z24,17,0.1433478093
08/18/2023,FEU,Z14,17,0.1433478093
08/18/2023,FEU,Z24,18,0.145968921664
08/18/2023,FEU,Z14,18,0.145968921664
08/18/2023,FEU,Z24,19,0.1502834593
08/18/2023,FEU,Z14,19,0.196166862028
08/18/2023,FEU,Z24,2,0.158855773486
08/18/2023,FEU,Z14,2,0.158855773486
08/18/2023,FEU,Z24,20,0.227689817302
08/18/2023,FEU,Z14,20,0.227689817302
08/18/2023,FEU,Z24,21,0.231342783758
08/18/2023,FEU,Z14,21,0.231342783758
08/18/2023,FEU,Z24,22,0.238700469758
08/18/2023,FEU,Z14,22,0.238700469758
08/18/2023,FEU,Z24,23,0.240647654032
08/18/2023,FEU,Z14,23,0.194601077304
08/18/2023,FEU,Z24,24,0.192586250758
08/18/2023,FEU,Z14,24,0.192586250758
08/18/2023,FEU,Z24,3,0.15591228885
08/18/2023,FEU,Z14,3,0.15591228885
08/18/2023,FEU,Z24,4,0.147403461668
08/18/2023,FEU,Z14,4,0.147403461668
08/18/2023,FEU,Z24,5,0.147522035668
08/18/2023,FEU,Z14,5,0.147522035668
08/18/2023,FEU,Z24,6,0.147264409304
08/18/2023,FEU,Z14,6,0.147264409304
08/18/2023,FEU,Z24,7,0.154884638212
08/18/2023,FEU,Z14,7,0.154884638212
08/18/2023,FEU,Z24,8,0.151376301666
08/18/2023,FEU,Z14,8,0.151376301666
08/18/2023,FEU,Z24,9,0.167651865664
08/18/2023,FEU,Z14,9,0.167651865664
08/19/2023,FEU,Z24,1,0.15937148885
08/19/2023,FEU,Z14,1,0.15937148885
08/19/2023,FEU,Z24,10,0.146677954938
08/19/2023,FEU,Z14,10,0.146677954938
08/19/2023,FEU,Z24,11,0.124169998756
08/19/2023,FEU,Z14,11,0.124169998756
08/19/2023,FEU,Z24,12,0.116888641574
08/19/2023,FEU,Z14,12,0.116888641574
08/19/2023,FEU,Z24,13,0.116579883938
08/19/2023,FEU,Z14,13,0.116579883938
08/19/2023,FEU,Z24,14,0.116579883938
08/19/2023,FEU,Z14,14,0.116579883938
08/19/2023,FEU,Z24,15,0.115746490392
08/19/2023,FEU,Z14,15,0.115746490392
08/19/2023,FEU,Z24,16,0.116333016938
08/19/2023,FEU,Z14,16,0.116333016938
08/19/2023,FEU,Z24,17,0.11638309112
08/19/2023,FEU,Z14,17,0.11638309112
08/19/2023,FEU,Z24,18,0.118399436666
08/19/2023,FEU,Z14,18,0.118399436666
08/19/2023,FEU,Z24,19,0.134363517394
08/19/2023,FEU,Z14,19,0.134363517394
08/19/2023,FEU,Z24,2,0.157498166032
08/19/2023,FEU,Z14,2,0.157498166032
08/19/2023,FEU,Z24,20,0.15978861385
08/19/2023,FEU,Z14,20,0.15978861385
08/19/2023,FEU,Z24,21,0.174230429578
08/19/2023,FEU,Z14,21,0.174230429578
08/19/2023,FEU,Z24,22,0.180938948396
08/19/2023,FEU,Z14,22,0.180938948396
08/19/2023,FEU,Z24,23,0.178362248214
08/19/2023,FEU,Z14,23,0.178362248214
08/19/2023,FEU,Z24,24,0.172589774032
08/19/2023,FEU,Z14,24,0.172589774032
08/19/2023,FEU,Z24,3,0.153515108396
08/19/2023,FEU,Z14,3,0.153515108396
08/19/2023,FEU,Z24,4,0.147799452396
08/19/2023,FEU,Z14,4,0.147799452396
08/19/2023,FEU,Z24,5,0.147718256578
08/19/2023,FEU,Z14,5,0.147718256578
08/19/2023,FEU,Z24,6,0.153810149578
08/19/2023,FEU,Z14,6,0.153810149578
08/19/2023,FEU,Z24,7,0.156889060214
08/19/2023,FEU,Z14,7,0.156889060214
08/19/2023,FEU,Z24,8,0.157725269668
08/19/2023,FEU,Z14,8,0.157725269668
08/19/2023,FEU,Z24,9,0.159879782212
08/19/2023,FEU,Z14,9,0.159879782212
08/20/2023,FEU,Z24,1,0.172184054032
08/20/2023,FEU,Z14,1,0.172184054032
08/20/2023,FEU,Z24,10,0.134907759574
08/20/2023,FEU,Z14,10,0.134907759574
08/20/2023,FEU,Z24,11,0.121470703846
08/20/2023,FEU,Z14,11,0.121470703846
08/20/2023,FEU,Z24,12,0.114760233664
08/20/2023,FEU,Z14,12,0.114760233664
08/20/2023,FEU,Z24,13,0.114087304028
08/20/2023,FEU,Z14,13,0.114087304028
08/20/2023,FEU,Z24,14,0.114307114846
08/20/2023,FEU,Z14,14,0.114307114846
08/20/2023,FEU,Z24,15,0.114081192936
08/20/2023,FEU,Z14,15,0.114081192936
08/20/2023,FEU,Z24,16,0.112887378482
08/20/2023,FEU,Z14,16,0.112887378482
08/20/2023,FEU,Z24,17,0.113723794028
08/20/2023,FEU,Z14,17,0.113723794028
08/20/2023,FEU,Z24,18,0.127413870574
08/20/2023,FEU,Z14,18,0.127413870574
08/20/2023,FEU,Z24,19,0.146334696666
08/20/2023,FEU,Z14,19,0.146334696666
08/20/2023,FEU,Z24,2,0.170618765214
08/20/2023,FEU,Z14,2,0.170618765214
08/20/2023,FEU,Z24,20,0.16652242294
08/20/2023,FEU,Z14,20,0.16652242294
08/20/2023,FEU,Z24,21,0.17701411385
08/20/2023,FEU,Z14,21,0.17701411385
08/20/2023,FEU,Z24,22,0.17872201294
08/20/2023,FEU,Z14,22,0.17872201294
08/20/2023,FEU,Z24,23,0.172625269758
08/20/2023,FEU,Z14,23,0.172625269758
08/20/2023,FEU,Z24,24,0.170772700576
08/20/2023,FEU,Z14,24,0.170772700576
08/20/2023,FEU,Z24,3,0.169684336396
08/20/2023,FEU,Z14,3,0.169684336396
08/20/2023,FEU,Z24,4,0.168082256396
08/20/2023,FEU,Z14,4,0.168082256396
08/20/2023,FEU,Z24,5,0.168309610396
08/20/2023,FEU,Z14,5,0.168309610396
08/20/2023,FEU,Z24,6,0.168142334396
08/20/2023,FEU,Z14,6,0.168142334396
08/20/2023,FEU,Z24,7,0.16753068885
08/20/2023,FEU,Z14,7,0.16753068885
08/20/2023,FEU,Z24,8,0.157915457668
08/20/2023,FEU,Z14,8,0.157915457668
08/20/2023,FEU,Z24,9,0.14876992203
08/20/2023,FEU,Z14,9,0.14876992203
08/21/2023,FEU,Z24,1,0.162097478122
08/21/2023,FEU,Z14,1,0.162097478122
08/21/2023,FEU,Z24,10,0.172274597026
08/21/2023,FEU,Z14,10,0.172274597026
08/21/2023,FEU,Z24,11,0.160763133844
08/21/2023,FEU,Z14,11,0.206680130572
08/21/2023,FEU,Z24,12,0.202771124572
08/21/2023,FEU,Z14,12,0.202771124572
08/21/2023,FEU,Z24,13,0.202484460936
08/21/2023,FEU,Z14,13,0.202484460936
08/21/2023,FEU,Z24,14,0.202154576572
08/21/2023,FEU,Z14,14,0.202154576572
08/21/2023,FEU,Z24,15,0.1986126093
08/21/2023,FEU,Z14,15,0.152721680572
08/21/2023,FEU,Z24,16,0.152128052572
08/21/2023,FEU,Z14,16,0.152128052572
08/21/2023,FEU,Z24,17,0.157585304572
08/21/2023,FEU,Z14,17,0.157585304572
08/21/2023,FEU,Z24,18,0.177018264118
08/21/2023,FEU,Z14,18,0.177018264118
08/21/2023,FEU,Z24,19,0.187061673118
08/21/2023,FEU,Z14,19,0.232934889664
08/21/2023,FEU,Z24,2,0.154220879668
08/21/2023,FEU,Z14,2,0.154220879668
08/21/2023,FEU,Z24,20,0.246326008574
08/21/2023,FEU,Z14,20,0.246326008574
08/21/2023,FEU,Z24,21,0.261918419302
08/21/2023,FEU,Z14,21,0.261918419302
08/21/2023,FEU,Z24,22,0.260853550756
08/21/2023,FEU,Z14,22,0.260853550756
08/21/2023,FEU,Z24,23,0.24564421203
08/21/2023,FEU,Z14,23,0.199583867302
08/21/2023,FEU,Z24,24,0.19268885112
08/21/2023,FEU,Z14,24,0.19268885112
08/21/2023,FEU,Z24,3,0.141930278032
08/21/2023,FEU,Z14,3,0.141930278032
08/21/2023,FEU,Z24,4,0.13391511385
08/21/2023,FEU,Z14,4,0.13391511385
08/21/2023,FEU,Z24,5,0.13288933885
08/21/2023,FEU,Z14,5,0.13288933885
08/21/2023,FEU,Z24,6,0.144671857486
08/21/2023,FEU,Z14,6,0.144671857486
08/21/2023,FEU,Z24,7,0.15617349703
08/21/2023,FEU,Z14,7,0.15617349703
08/21/2023,FEU,Z24,8,0.168979829484
08/21/2023,FEU,Z14,8,0.168979829484
08/21/2023,FEU,Z24,9,0.194114633482
08/21/2023,FEU,Z14,9,0.194114633482
08/22/2023,FEU,Z24,1,0.173393692576
08/22/2023,FEU,Z14,1,0.173393692576
08/22/2023,FEU,Z24,10,0.176685744208
08/22/2023,FEU,Z14,10,0.176685744208
08/22/2023,FEU,Z24,11,0.159113904208
08/22/2023,FEU,Z14,11,0.204909972754
08/22/2023,FEU,Z24,12,0.200321972754
08/22/2023,FEU,Z14,12,0.200321972754
08/22/2023,FEU,Z24,13,0.200333730118
08/22/2023,FEU,Z14,13,0.200333730118
08/22/2023,FEU,Z24,14,0.200235528936
08/22/2023,FEU,Z14,14,0.200235528936
08/22/2023,FEU,Z24,15,0.200584425664
08/22/2023,FEU,Z14,15,0.154796604118
08/22/2023,FEU,Z24,16,0.154849764936
08/22/2023,FEU,Z14,16,0.154849764936
08/22/2023,FEU,Z24,17,0.1587359593
08/22/2023,FEU,Z14,17,0.1587359593
08/22/2023,FEU,Z24,18,0.168528537664
08/22/2023,FEU,Z14,18,0.168528537664
08/22/2023,FEU,Z24,19,0.178550811482
08/22/2023,FEU,Z14,19,0.224401780028
08/22/2023,FEU,Z24,2,0.168064894122
08/22/2023,FEU,Z14,2,0.168064894122
08/22/2023,FEU,Z24,20,0.248426722938
08/22/2023,FEU,Z14,20,0.248426722938
08/22/2023,FEU,Z24,21,0.259969793484
08/22/2023,FEU,Z14,21,0.259969793484
08/22/2023,FEU,Z24,22,0.271006360938
08/22/2023,FEU,Z14,22,0.271006360938
08/22/2023,FEU,Z24,23,0.25710548203
08/22/2023,FEU,Z14,23,0.211162919484
08/22/2023,FEU,Z24,24,0.19889485112
08/22/2023,FEU,Z14,24,0.19889485112
08/22/2023,FEU,Z24,3,0.144777425304
08/22/2023,FEU,Z14,3,0.144777425304
08/22/2023,FEU,Z24,4,0.143397981304
08/22/2023,FEU,Z14,4,0.143397981304
08/22/2023,FEU,Z24,5,0.142029088486
08/22/2023,FEU,Z14,5,0.142029088486
08/22/2023,FEU,Z24,6,0.14571163294
08/22/2023,FEU,Z14,6,0.14571163294
08/22/2023,FEU,Z24,7,0.169621712212
08/22/2023,FEU,Z14,7,0.169621712212
08/22/2023,FEU,Z24,8,0.177336383848
08/22/2023,FEU,Z14,8,0.177336383848
08/22/2023,FEU,Z24,9,0.199244640482
08/22/2023,FEU,Z14,9,0.199244640482
08/23/2023,FEU,Z24,1,0.183673935394
08/23/2023,FEU,Z14,1,0.183673935394
08/23/2023,FEU,Z24,10,0.19661832748
08/23/2023,FEU,Z14,10,0.19661832748
08/23/2023,FEU,Z24,11,0.177466861662
08/23/2023,FEU,Z14,11,0.223310520208
08/23/2023,FEU,Z24,12,0.21760699839
08/23/2023,FEU,Z14,12,0.21760699839
08/23/2023,FEU,Z24,13,0.216554316754
08/23/2023,FEU,Z14,13,0.216554316754
08/23/2023,FEU,Z24,14,0.216185054572
08/23/2023,FEU,Z14,14,0.216185054572
08/23/2023,FEU,Z24,15,0.2169539593
08/23/2023,FEU,Z14,15,0.171123515754
08/23/2023,FEU,Z24,16,0.171740601754
08/23/2023,FEU,Z14,16,0.171740601754
08/23/2023,FEU,Z24,17,0.177145072936
08/23/2023,FEU,Z14,17,0.177145072936
08/23/2023,FEU,Z24,18,0.196463940118
08/23/2023,FEU,Z14,18,0.196463940118
08/23/2023,FEU,Z24,19,0.200876600572
08/23/2023,FEU,Z14,19,0.2469356093
08/23/2023,FEU,Z24,2,0.178464424758
08/23/2023,FEU,Z14,2,0.178464424758
08/23/2023,FEU,Z24,20,0.26482285021
08/23/2023,FEU,Z14,20,0.26482285021
08/23/2023,FEU,Z24,21,0.282514071938
08/23/2023,FEU,Z14,21,0.282514071938
08/23/2023,FEU,Z24,22,0.296130230574
08/23/2023,FEU,Z14,22,0.296130230574
08/23/2023,FEU,Z24,23,0.285043327666
08/23/2023,FEU,Z14,23,0.238848262938
08/23/2023,FEU,Z24,24,0.208512514756
08/23/2023,FEU,Z14,24,0.208512514756
08/23/2023,FEU,Z24,3,0.15551155294
08/23/2023,FEU,Z14,3,0.15551155294
08/23/2023,FEU,Z24,4,0.14913271294
08/23/2023,FEU,Z14,4,0.14913271294
08/23/2023,FEU,Z24,5,0.145632047122
08/23/2023,FEU,Z14,5,0.145632047122
08/23/2023,FEU,Z24,6,0.14933512294
08/23/2023,FEU,Z14,6,0.14933512294
08/23/2023,FEU,Z24,7,0.176238762212
08/23/2023,FEU,Z14,7,0.176238762212
08/23/2023,FEU,Z24,8,0.193682787484
08/23/2023,FEU,Z14,8,0.193682787484
08/23/2023,FEU,Z24,9,0.2216294593
08/23/2023,FEU,Z14,9,0.2216294593
08/24/2023,FEU,Z24,1,0.184136956576
08/24/2023,FEU,Z14,1,0.184136956576
08/24/2023,FEU,Z24,10,0.191012831298
08/24/2023,FEU,Z14,10,0.191012831298
08/24/2023,FEU,Z24,11,0.179565669934
08/24/2023,FEU,Z14,11,0.22541262748
08/24/2023,FEU,Z24,12,0.213626303662
08/24/2023,FEU,Z14,12,0.213626303662
08/24/2023,FEU,Z24,13,0.216889193026
08/24/2023,FEU,Z14,13,0.216889193026
08/24/2023,FEU,Z24,14,0.213705496208
08/24/2023,FEU,Z14,14,0.213705496208
08/24/2023,FEU,Z24,15,0.215638410118
08/24/2023,FEU,Z14,15,0.169813124572
08/24/2023,FEU,Z24,16,0.176630678572
08/24/2023,FEU,Z14,16,0.176630678572
08/24/2023,FEU,Z24,17,0.177528363754
08/24/2023,FEU,Z14,17,0.177528363754
08/24/2023,FEU,Z24,18,0.170695317118
08/24/2023,FEU,Z14,18,0.170695317118
08/24/2023,FEU,Z24,19,0.185955972936
08/24/2023,FEU,Z14,19,0.231963753664
08/24/2023,FEU,Z24,2,0.17728408294
08/24/2023,FEU,Z14,2,0.17728408294
08/24/2023,FEU,Z24,20,0.25856453112
08/24/2023,FEU,Z14,20,0.25856453112
08/24/2023,FEU,Z24,21,0.278970348576
08/24/2023,FEU,Z14,21,0.278970348576
08/24/2023,FEU,Z24,22,0.286714348212
08/24/2023,FEU,Z14,22,0.286714348212
08/24/2023,FEU,Z24,23,0.274826977486
08/24/2023,FEU,Z14,23,0.228663928758
08/24/2023,FEU,Z24,24,0.205526589394
08/24/2023,FEU,Z14,24,0.205526589394
08/24/2023,FEU,Z24,3,0.16010848294
08/24/2023,FEU,Z14,3,0.16010848294
08/24/2023,FEU,Z24,4,0.160623189122
08/24/2023,FEU,Z14,4,0.160623189122
08/24/2023,FEU,Z24,5,0.155153141304
08/24/2023,FEU,Z14,5,0.155153141304
08/24/2023,FEU,Z24,6,0.16203313294
08/24/2023,FEU,Z14,6,0.16203313294
08/24/2023,FEU,Z24,7,0.17759318703
08/24/2023,FEU,Z14,7,0.17759318703
08/24/2023,FEU,Z24,8,0.192465091666
08/24/2023,FEU,Z14,8,0.192465091666
08/24/2023,FEU,Z24,9,0.218498313118
08/24/2023,FEU,Z14,9,0.218498313118
08/25/2023,FEU,Z24,1,0.148918101304
08/25/2023,FEU,Z14,1,0.148918101304
08/25/2023,FEU,Z24,10,0.189483605026
08/25/2023,FEU,Z14,10,0.189483605026
08/25/2023,FEU,Z24,11,0.172416795662
08/25/2023,FEU,Z14,11,0.218247176208
08/25/2023,FEU,Z24,12,0.21266632339
08/25/2023,FEU,Z14,12,0.21266632339
08/25/2023,FEU,Z24,13,0.203340686572
08/25/2023,FEU,Z14,13,0.203340686572
08/25/2023,FEU,Z24,14,0.200641856572
08/25/2023,FEU,Z14,14,0.200641856572
08/25/2023,FEU,Z24,15,0.197704361482
08/25/2023,FEU,Z14,15,0.151817211754
08/25/2023,FEU,Z24,16,0.148205940118
08/25/2023,FEU,Z14,16,0.148205940118
08/25/2023,FEU,Z24,17,0.1468852093
08/25/2023,FEU,Z14,17,0.1468852093
08/25/2023,FEU,Z24,18,0.146670489664
08/25/2023,FEU,Z14,18,0.146670489664
08/25/2023,FEU,Z24,19,0.1486838093
08/25/2023,FEU,Z14,19,0.194561648028
08/25/2023,FEU,Z24,2,0.135347680486
08/25/2023,FEU,Z14,2,0.135347680486
08/25/2023,FEU,Z24,20,0.233240558302
08/25/2023,FEU,Z14,20,0.233240558302
08/25/2023,FEU,Z24,21,0.250948082758
08/25/2023,FEU,Z14,21,0.250948082758
08/25/2023,FEU,Z24,22,0.251458935758
08/25/2023,FEU,Z14,22,0.251458935758
08/25/2023,FEU,Z24,23,0.238619054032
08/25/2023,FEU,Z14,23,0.192578205304
08/25/2023,FEU,Z24,24,0.168529399758
08/25/2023,FEU,Z14,24,0.168529399758
08/25/2023,FEU,Z24,3,0.13038423885
08/25/2023,FEU,Z14,3,0.13038423885
08/25/2023,FEU,Z24,4,0.131074295668
08/25/2023,FEU,Z14,4,0.131074295668
08/25/2023,FEU,Z24,5,0.129977779668
08/25/2023,FEU,Z14,5,0.129977779668
08/25/2023,FEU,Z24,6,0.135520969304
08/25/2023,FEU,Z14,6,0.135520969304
08/25/2023,FEU,Z24,7,0.159654744212
08/25/2023,FEU,Z14,7,0.159654744212
08/25/2023,FEU,Z24,8,0.172062582666
08/25/2023,FEU,Z14,8,0.172062582666
08/25/2023,FEU,Z24,9,0.201696921664
08/25/2023,FEU,Z14,9,0.201696921664
08/26/2023,FEU,Z24,1,0.14380391385
08/26/2023,FEU,Z14,1,0.14380391385
08/26/2023,FEU,Z24,10,0.141312943938
08/26/2023,FEU,Z14,10,0.141312943938
08/26/2023,FEU,Z24,11,0.132623398756
08/26/2023,FEU,Z14,11,0.132623398756
08/26/2023,FEU,Z24,12,0.124758555574
08/26/2023,FEU,Z14,12,0.124758555574
08/26/2023,FEU,Z24,13,0.123580243938
08/26/2023,FEU,Z14,13,0.123580243938
08/26/2023,FEU,Z24,14,0.122522076938
08/26/2023,FEU,Z14,14,0.122522076938
08/26/2023,FEU,Z24,15,0.113011394392
08/26/2023,FEU,Z14,15,0.113011394392
08/26/2023,FEU,Z24,16,0.112990460938
08/26/2023,FEU,Z14,16,0.112990460938
08/26/2023,FEU,Z24,17,0.12003361112
08/26/2023,FEU,Z14,17,0.12003361112
08/26/2023,FEU,Z24,18,0.123713183666
08/26/2023,FEU,Z14,18,0.123713183666
08/26/2023,FEU,Z24,19,0.125905101394
08/26/2023,FEU,Z14,19,0.125905101394
08/26/2023,FEU,Z24,2,0.137596718032
08/26/2023,FEU,Z14,2,0.137596718032
08/26/2023,FEU,Z24,20,0.13447558885
08/26/2023,FEU,Z14,20,0.13447558885
08/26/2023,FEU,Z24,21,0.158694746578
08/26/2023,FEU,Z14,21,0.158694746578
08/26/2023,FEU,Z24,22,0.167328336396
08/26/2023,FEU,Z14,22,0.167328336396
08/26/2023,FEU,Z24,23,0.161214535214
08/26/2023,FEU,Z14,23,0.161214535214
08/26/2023,FEU,Z24,24,0.145821662032
08/26/2023,FEU,Z14,24,0.145821662032
08/26/2023,FEU,Z24,3,0.138601628396
08/26/2023,FEU,Z14,3,0.138601628396
08/26/2023,FEU,Z24,4,0.139068116396
08/26/2023,FEU,Z14,4,0.139068116396
08/26/2023,FEU,Z24,5,0.138645851578
08/26/2023,FEU,Z14,5,0.138645851578
08/26/2023,FEU,Z24,6,0.138525593578
08/26/2023,FEU,Z14,6,0.138525593578
08/26/2023,FEU,Z24,7,0.144999006214
08/26/2023,FEU,Z14,7,0.144999006214
08/26/2023,FEU,Z24,8,0.139882817668
08/26/2023,FEU,Z14,8,0.139882817668
08/26/2023,FEU,Z24,9,0.139412984212
08/26/2023,FEU,Z14,9,0.139412984212
08/27/2023,FEU,Z24,1,0.139327790032
08/27/2023,FEU,Z14,1,0.139327790032
08/27/2023,FEU,Z24,10,0.038682383574
08/27/2023,FEU,Z14,10,0.038682383574
08/27/2023,FEU,Z24,11,0.030237272846
08/27/2023,FEU,Z14,11,0.030237272846
08/27/2023,FEU,Z24,12,0.027628713664
08/27/2023,FEU,Z14,12,0.027628713664
08/27/2023,FEU,Z24,13,0.027249958028
08/27/2023,FEU,Z14,13,0.027249958028
08/27/2023,FEU,Z24,14,0.026315919846
08/27/2023,FEU,Z14,14,0.026315919846
08/27/2023,FEU,Z24,15,0.025387860936
08/27/2023,FEU,Z14,15,0.025387860936
08/27/2023,FEU,Z24,16,0.027398004482
08/27/2023,FEU,Z14,16,0.027398004482
08/27/2023,FEU,Z24,17,0.027636548028
08/27/2023,FEU,Z14,17,0.027636548028
08/27/2023,FEU,Z24,18,0.029966702574
08/27/2023,FEU,Z14,18,0.029966702574
08/27/2023,FEU,Z24,19,0.032007144666
08/27/2023,FEU,Z14,19,0.032007144666
08/27/2023,FEU,Z24,2,0.130791439214
08/27/2023,FEU,Z14,2,0.130791439214
08/27/2023,FEU,Z24,20,0.07845769294
08/27/2023,FEU,Z14,20,0.07845769294
08/27/2023,FEU,Z24,21,0.14073833885
08/27/2023,FEU,Z14,21,0.14073833885
08/27/2023,FEU,Z24,22,0.16753213294
08/27/2023,FEU,Z14,22,0.16753213294
08/27/2023,FEU,Z24,23,0.157719350758
08/27/2023,FEU,Z14,23,0.157719350758
08/27/2023,FEU,Z24,24,0.140167596576
08/27/2023,FEU,Z14,24,0.140167596576
08/27/2023,FEU,Z24,3,0.129859690396
08/27/2023,FEU,Z14,3,0.129859690396
08/27/2023,FEU,Z24,4,0.129093990396
08/27/2023,FEU,Z14,4,0.129093990396
08/27/2023,FEU,Z24,5,0.123353596396
08/27/2023,FEU,Z14,5,0.123353596396
08/27/2023,FEU,Z24,6,0.122863548396
08/27/2023,FEU,Z14,6,0.122863548396
08/27/2023,FEU,Z24,7,0.12234371385
08/27/2023,FEU,Z14,7,0.12234371385
08/27/2023,FEU,Z24,8,0.118119205668
08/27/2023,FEU,Z14,8,0.118119205668
08/27/2023,FEU,Z24,9,0.07797054203
08/27/2023,FEU,Z14,9,0.07797054203
08/28/2023,FEU,Z24,1,0.129690053122
08/28/2023,FEU,Z14,1,0.129690053122
08/28/2023,FEU,Z24,10,0.166356143026
08/28/2023,FEU,Z14,10,0.166356143026
08/28/2023,FEU,Z24,11,0.145459191844
08/28/2023,FEU,Z14,11,0.191322584572
08/28/2023,FEU,Z24,12,0.176593046572
08/28/2023,FEU,Z14,12,0.176593046572
08/28/2023,FEU,Z24,13,0.166703596936
08/28/2023,FEU,Z14,13,0.166703596936
08/28/2023,FEU,Z24,14,0.169461488572
08/28/2023,FEU,Z14,14,0.169461488572
08/28/2023,FEU,Z24,15,0.1670658093
08/28/2023,FEU,Z14,15,0.121285754572
08/28/2023,FEU,Z24,16,0.104135864572
08/28/2023,FEU,Z14,16,0.104135864572
08/28/2023,FEU,Z24,17,0.092652944572
08/28/2023,FEU,Z14,17,0.092652944572
08/28/2023,FEU,Z24,18,0.104333673118
08/28/2023,FEU,Z14,18,0.104333673118
08/28/2023,FEU,Z24,19,0.141533697118
08/28/2023,FEU,Z14,19,0.187286889664
08/28/2023,FEU,Z24,2,0.125949785668
08/28/2023,FEU,Z14,2,0.125949785668
08/28/2023,FEU,Z24,20,0.216772757574
08/28/2023,FEU,Z14,20,0.216772757574
08/28/2023,FEU,Z24,21,0.244804118302
08/28/2023,FEU,Z14,21,0.244804118302
08/28/2023,FEU,Z24,22,0.253001152756
08/28/2023,FEU,Z14,22,0.253001152756
08/28/2023,FEU,Z24,23,0.23833500203
08/28/2023,FEU,Z14,23,0.192299753302
08/28/2023,FEU,Z24,24,0.17905189112
08/28/2023,FEU,Z14,24,0.17905189112
08/28/2023,FEU,Z24,3,0.123412982032
08/28/2023,FEU,Z14,3,0.123412982032
08/28/2023,FEU,Z24,4,0.11911128885
08/28/2023,FEU,Z14,4,0.11911128885
08/28/2023,FEU,Z24,5,0.11034343885
08/28/2023,FEU,Z14,5,0.11034343885
08/28/2023,FEU,Z24,6,0.125404159486
08/28/2023,FEU,Z14,6,0.125404159486
08/28/2023,FEU,Z24,7,0.14369518203
08/28/2023,FEU,Z14,7,0.14369518203
08/28/2023,FEU,Z24,8,0.149892817484
08/28/2023,FEU,Z14,8,0.149892817484
08/28/2023,FEU,Z24,9,0.180197892482
08/28/2023,FEU,Z14,9,0.180197892482
08/29/2023,FEU,Z24,1,0.148836492576
08/29/2023,FEU,Z14,1,0.148836492576
08/29/2023,FEU,Z24,10,0.174850768208
08/29/2023,FEU,Z14,10,0.174850768208
08/29/2023,FEU,Z24,11,0.150112912208
08/29/2023,FEU,Z14,11,0.195885376754
08/29/2023,FEU,Z24,12,0.193021317754
08/29/2023,FEU,Z14,12,0.193021317754
08/29/2023,FEU,Z24,13,0.191363487118
08/29/2023,FEU,Z14,13,0.191363487118
08/29/2023,FEU,Z24,14,0.190608400936
08/29/2023,FEU,Z14,14,0.190608400936
08/29/2023,FEU,Z24,15,0.186292713664
08/29/2023,FEU,Z14,15,0.140542110118
08/29/2023,FEU,Z24,16,0.138963740936
08/29/2023,FEU,Z14,16,0.138963740936
08/29/2023,FEU,Z24,17,0.1378956593
08/29/2023,FEU,Z14,17,0.1378956593
08/29/2023,FEU,Z24,18,0.139009689664
08/29/2023,FEU,Z14,18,0.139009689664
08/29/2023,FEU,Z24,19,0.147257423482
08/29/2023,FEU,Z14,19,0.193026828028
08/29/2023,FEU,Z24,2,0.140805185122
08/29/2023,FEU,Z14,2,0.140805185122
08/29/2023,FEU,Z24,20,0.221398842938
08/29/2023,FEU,Z14,20,0.221398842938
08/29/2023,FEU,Z24,21,0.244668577484
08/29/2023,FEU,Z14,21,0.244668577484
08/29/2023,FEU,Z24,22,0.250085251938
08/29/2023,FEU,Z14,22,0.250085251938
08/29/2023,FEU,Z24,23,0.23408857703
08/29/2023,FEU,Z14,23,0.188206447484
08/29/2023,FEU,Z24,24,0.18068865112
08/29/2023,FEU,Z14,24,0.18068865112
08/29/2023,FEU,Z24,3,0.134890433304
08/29/2023,FEU,Z14,3,0.134890433304
08/29/2023,FEU,Z24,4,0.135104909304
08/29/2023,FEU,Z14,4,0.135104909304
08/29/2023,FEU,Z24,5,0.129513178486
08/29/2023,FEU,Z14,5,0.129513178486
08/29/2023,FEU,Z24,6,0.12939130294
08/29/2023,FEU,Z14,6,0.12939130294
08/29/2023,FEU,Z24,7,0.147248504212
08/29/2023,FEU,Z14,7,0.147248504212
08/29/2023,FEU,Z24,8,0.158913755848
08/29/2023,FEU,Z14,8,0.158913755848
08/29/2023,FEU,Z24,9,0.202972729482
08/29/2023,FEU,Z14,9,0.202972729482
08/30/2023,FEU,Z24,1,0.149339628394
08/30/2023,FEU,Z14,1,0.149339628394
08/30/2023,FEU,Z24,10,0.18410796748
08/30/2023,FEU,Z14,10,0.18410796748
08/30/2023,FEU,Z24,11,0.170748653662
08/30/2023,FEU,Z14,11,0.216574648208
08/30/2023,FEU,Z24,12,0.20505207339
08/30/2023,FEU,Z14,12,0.20505207339
08/30/2023,FEU,Z24,13,0.202045913754
08/30/2023,FEU,Z14,13,0.202045913754
08/30/2023,FEU,Z24,14,0.200152514572
08/30/2023,FEU,Z14,14,0.200152514572
08/30/2023,FEU,Z24,15,0.1957399093
08/30/2023,FEU,Z14,15,0.149965953754
08/30/2023,FEU,Z24,16,0.147182184754
08/30/2023,FEU,Z14,16,0.147182184754
08/30/2023,FEU,Z24,17,0.144605012936
08/30/2023,FEU,Z14,17,0.144605012936
08/30/2023,FEU,Z24,18,0.147225843118
08/30/2023,FEU,Z14,18,0.147225843118
08/30/2023,FEU,Z24,19,0.168056306572
08/30/2023,FEU,Z14,19,0.2139996093
08/30/2023,FEU,Z24,2,0.147144576758
08/30/2023,FEU,Z14,2,0.147144576758
08/30/2023,FEU,Z24,20,0.23629435021
08/30/2023,FEU,Z14,20,0.23629435021
08/30/2023,FEU,Z24,21,0.249391010938
08/30/2023,FEU,Z14,21,0.249391010938
08/30/2023,FEU,Z24,22,0.247618377574
08/30/2023,FEU,Z14,22,0.247618377574
08/30/2023,FEU,Z24,23,0.236893964666
08/30/2023,FEU,Z14,23,0.190864503938
08/30/2023,FEU,Z24,24,0.190360864756
08/30/2023,FEU,Z14,24,0.190360864756
08/30/2023,FEU,Z24,3,0.13430881294
08/30/2023,FEU,Z14,3,0.13430881294
08/30/2023,FEU,Z24,4,0.13087603294
08/30/2023,FEU,Z14,4,0.13087603294
08/30/2023,FEU,Z24,5,0.132316606122
08/30/2023,FEU,Z14,5,0.132316606122
08/30/2023,FEU,Z24,6,0.13321603294
08/30/2023,FEU,Z14,6,0.13321603294
08/30/2023,FEU,Z24,7,0.152954908212
08/30/2023,FEU,Z14,7,0.152954908212
08/30/2023,FEU,Z24,8,0.161842825484
08/30/2023,FEU,Z14,8,0.161842825484
08/30/2023,FEU,Z24,9,0.1916708093
08/30/2023,FEU,Z14,9,0.1916708093
08/31/2023,FEU,Z24,1,0.153389356576
08/31/2023,FEU,Z14,1,0.153389356576
08/31/2023,FEU,Z24,10,0.171967612298
08/31/2023,FEU,Z14,10,0.171967612298
08/31/2023,FEU,Z24,11,0.153431724934
08/31/2023,FEU,Z14,11,0.19920972748
08/31/2023,FEU,Z24,12,0.193238915662
08/31/2023,FEU,Z14,12,0.193238915662
08/31/2023,FEU,Z24,13,0.190907660026
08/31/2023,FEU,Z14,13,0.190907660026
08/31/2023,FEU,Z24,14,0.190128800208
08/31/2023,FEU,Z14,14,0.190128800208
08/31/2023,FEU,Z24,15,0.188634612118
08/31/2023,FEU,Z14,15,0.142878686572
08/31/2023,FEU,Z24,16,0.142820240572
08/31/2023,FEU,Z14,16,0.142820240572
08/31/2023,FEU,Z24,17,0.145505270754
08/31/2023,FEU,Z14,17,0.145505270754
08/31/2023,FEU,Z24,18,0.157665657118
08/31/2023,FEU,Z14,18,0.157665657118
08/31/2023,FEU,Z24,19,0.172867624936
08/31/2023,FEU,Z14,19,0.218829801664
08/31/2023,FEU,Z24,2,0.14985811294
08/31/2023,FEU,Z14,2,0.14985811294
08/31/2023,FEU,Z24,20,0.23289141112
08/31/2023,FEU,Z14,20,0.23289141112
08/31/2023,FEU,Z24,21,0.248935228576
08/31/2023,FEU,Z14,21,0.248935228576
08/31/2023,FEU,Z24,22,0.249592406212
08/31/2023,FEU,Z14,22,0.249592406212
08/31/2023,FEU,Z24,23,0.243055099486
08/31/2023,FEU,Z14,23,0.197000394758
08/31/2023,FEU,Z24,24,0.189627381394
08/31/2023,FEU,Z14,24,0.189627381394
08/31/2023,FEU,Z24,3,0.13869163294
08/31/2023,FEU,Z14,3,0.13869163294
08/31/2023,FEU,Z24,4,0.139568609122
08/31/2023,FEU,Z14,4,0.139568609122
08/31/2023,FEU,Z24,5,0.139685085304
08/31/2023,FEU,Z14,5,0.139685085304
08/31/2023,FEU,Z24,6,0.14786209294
08/31/2023,FEU,Z14,6,0.14786209294
08/31/2023,FEU,Z24,7,0.15913026703
08/31/2023,FEU,Z14,7,0.15913026703
08/31/2023,FEU,Z24,8,0.160633781666
08/31/2023,FEU,Z14,8,0.160633781666
08/31/2023,FEU,Z24,9,0.188730021118
08/31/2023,FEU,Z14,9,0.188730021118
09/01/2023,FEU,Z24,1,0.153875244576
09/01/2023,FEU,Z14,1,0.153875244576
09/01/2023,FEU,Z24,10,0.168061598662
09/01/2023,FEU,Z14,10,0.168061598662
09/01/2023,FEU,Z24,11,0.159939341026
09/01/2023,FEU,Z14,11,0.205738118572
09/01/2023,FEU,Z24,12,0.1994647593
09/01/2023,FEU,Z14,12,0.1994647593
09/01/2023,FEU,Z24,13,0.194725353664
09/01/2023,FEU,Z14,13,0.194725353664
09/01/2023,FEU,Z24,14,0.191141730118
09/01/2023,FEU,Z14,14,0.191141730118
09/01/2023,FEU,Z24,15,0.183252585664
09/01/2023,FEU,Z14,15,0.137413940936
09/01/2023,FEU,Z24,16,0.131911065664
09/01/2023,FEU,Z14,16,0.131911065664
09/01/2023,FEU,Z24,17,0.131808896028
09/01/2023,FEU,Z14,17,0.131808896028
09/01/2023,FEU,Z24,18,0.13889881021
09/01/2023,FEU,Z14,18,0.13889881021
09/01/2023,FEU,Z24,19,0.168477259482
09/01/2023,FEU,Z14,19,0.21442558021
09/01/2023,FEU,Z24,2,0.151288227668
09/01/2023,FEU,Z14,2,0.151288227668
09/01/2023,FEU,Z24,20,0.22737082021
09/01/2023,FEU,Z14,20,0.22737082021
09/01/2023,FEU,Z24,21,0.236071192756
09/01/2023,FEU,Z14,21,0.236071192756
09/01/2023,FEU,Z24,22,0.237574398392
09/01/2023,FEU,Z14,22,0.237574398392
09/01/2023,FEU,Z24,23,0.228769978212
09/01/2023,FEU,Z14,23,0.182767125484
09/01/2023,FEU,Z24,24,0.18268057703
09/01/2023,FEU,Z14,24,0.18268057703
09/01/2023,FEU,Z24,3,0.143768366032
09/01/2023,FEU,Z14,3,0.143768366032
09/01/2023,FEU,Z24,4,0.144497604214
09/01/2023,FEU,Z14,4,0.144497604214
09/01/2023,FEU,Z24,5,0.143362976214
09/01/2023,FEU,Z14,5,0.143362976214
09/01/2023,FEU,Z24,6,0.14419753885
09/01/2023,FEU,Z14,6,0.14419753885
09/01/2023,FEU,Z24,7,0.146751788212
09/01/2023,FEU,Z14,7,0.146751788212
09/01/2023,FEU,Z24,8,0.148506526756
09/01/2023,FEU,Z14,8,0.148506526756
09/01/2023,FEU,Z24,9,0.178546434118
09/01/2023,FEU,Z14,9,0.178546434118
09/02/2023,FEU,Z24,1,0.15603096385
09/02/2023,FEU,Z14,1,0.15603096385
09/02/2023,FEU,Z24,10,0.149972088028
09/02/2023,FEU,Z14,10,0.149972088028
09/02/2023,FEU,Z24,11,0.1542622093
09/02/2023,FEU,Z14,11,0.1542622093
09/02/2023,FEU,Z24,12,0.127960874482
09/02/2023,FEU,Z14,12,0.127960874482
09/02/2023,FEU,Z24,13,0.116455977664
09/02/2023,FEU,Z14,13,0.116455977664
09/02/2023,FEU,Z24,14,0.115717461118
09/02/2023,FEU,Z14,14,0.115717461118
09/02/2023,FEU,Z24,15,0.114866052118
09/02/2023,FEU,Z14,15,0.114866052118
09/02/2023,FEU,Z24,16,0.11269346521
09/02/2023,FEU,Z14,16,0.11269346521
09/02/2023,FEU,Z24,17,0.114005432302
09/02/2023,FEU,Z14,17,0.114005432302
09/02/2023,FEU,Z24,18,0.129208152212
09/02/2023,FEU,Z14,18,0.129208152212
09/02/2023,FEU,Z24,19,0.144842815758
09/02/2023,FEU,Z14,19,0.144842815758
09/02/2023,FEU,Z24,2,0.14034195476
09/02/2023,FEU,Z14,2,0.14034195476
09/02/2023,FEU,Z24,20,0.159305537304
09/02/2023,FEU,Z14,20,0.159305537304
09/02/2023,FEU,Z24,21,0.167572336486
09/02/2023,FEU,Z14,21,0.167572336486
09/02/2023,FEU,Z24,22,0.17306740294
09/02/2023,FEU,Z14,22,0.17306740294
09/02/2023,FEU,Z24,23,0.160558969486
09/02/2023,FEU,Z14,23,0.160558969486
09/02/2023,FEU,Z24,24,0.14271821385
09/02/2023,FEU,Z14,24,0.14271821385
09/02/2023,FEU,Z24,3,0.13477117476
09/02/2023,FEU,Z14,3,0.13477117476
09/02/2023,FEU,Z24,4,0.129472295306
09/02/2023,FEU,Z14,4,0.129472295306
09/02/2023,FEU,Z24,5,0.127031087488
09/02/2023,FEU,Z14,5,0.127031087488
09/02/2023,FEU,Z24,6,0.128835841306
09/02/2023,FEU,Z14,6,0.128835841306
09/02/2023,FEU,Z24,7,0.130661663578
09/02/2023,FEU,Z14,7,0.130661663578
09/02/2023,FEU,Z24,8,0.136454992486
09/02/2023,FEU,Z14,8,0.136454992486
09/02/2023,FEU,Z24,9,0.145028399848
09/02/2023,FEU,Z14,9,0.145028399848
09/03/2023,FEU,Z24,1,0.141809336214
09/03/2023,FEU,Z14,1,0.141809336214
09/03/2023,FEU,Z24,10,0.116266175574
09/03/2023,FEU,Z14,10,0.116266175574
09/03/2023,FEU,Z24,11,0.094395957846
09/03/2023,FEU,Z14,11,0.094395957846
09/03/2023,FEU,Z24,12,0.0734816093
09/03/2023,FEU,Z14,12,0.0734816093
09/03/2023,FEU,Z24,13,0.0486956593
09/03/2023,FEU,Z14,13,0.0486956593
09/03/2023,FEU,Z24,14,0.037199816754
09/03/2023,FEU,Z14,14,0.037199816754
09/03/2023,FEU,Z24,15,0.02934074839
09/03/2023,FEU,Z14,15,0.02934074839
09/03/2023,FEU,Z24,16,0.027460473118
09/03/2023,FEU,Z14,16,0.027460473118
09/03/2023,FEU,Z24,17,0.02784485521
09/03/2023,FEU,Z14,17,0.02784485521
09/03/2023,FEU,Z24,18,0.02908265112
09/03/2023,FEU,Z14,18,0.02908265112
09/03/2023,FEU,Z24,19,0.049918507666
09/03/2023,FEU,Z14,19,0.049918507666
09/03/2023,FEU,Z24,2,0.136962249124
09/03/2023,FEU,Z14,2,0.136962249124
09/03/2023,FEU,Z24,20,0.116736348576
09/03/2023,FEU,Z14,20,0.116736348576
09/03/2023,FEU,Z24,21,0.142147407394
09/03/2023,FEU,Z14,21,0.142147407394
09/03/2023,FEU,Z24,22,0.151765906666
09/03/2023,FEU,Z14,22,0.151765906666
09/03/2023,FEU,Z24,23,0.144342803848
09/03/2023,FEU,Z14,23,0.144342803848
09/03/2023,FEU,Z24,24,0.137041782394
09/03/2023,FEU,Z14,24,0.137041782394
09/03/2023,FEU,Z24,3,0.126445683852
09/03/2023,FEU,Z14,3,0.126445683852
09/03/2023,FEU,Z24,4,0.122211137034
09/03/2023,FEU,Z14,4,0.122211137034
09/03/2023,FEU,Z24,5,0.119827312216
09/03/2023,FEU,Z14,5,0.119827312216
09/03/2023,FEU,Z24,6,0.119787479852
09/03/2023,FEU,Z14,6,0.119787479852
09/03/2023,FEU,Z24,7,0.119781159306
09/03/2023,FEU,Z14,7,0.119781159306
09/03/2023,FEU,Z24,8,0.11916095476
09/03/2023,FEU,Z14,8,0.11916095476
09/03/2023,FEU,Z24,9,0.119596033122
09/03/2023,FEU,Z14,9,0.119596033122
09/04/2023,FEU,Z24,1,0.123177805486
09/04/2023,FEU,Z14,1,0.123177805486
09/04/2023,FEU,Z24,10,0.17045076748
09/04/2023,FEU,Z14,10,0.17045076748
09/04/2023,FEU,Z24,11,0.153408984934
09/04/2023,FEU,Z14,11,0.19918578748
09/04/2023,FEU,Z24,12,0.18645540748
09/04/2023,FEU,Z14,12,0.18645540748
09/04/2023,FEU,Z24,13,0.18187260748
09/04/2023,FEU,Z14,13,0.18187260748
09/04/2023,FEU,Z24,14,0.171878048298
09/04/2023,FEU,Z14,14,0.171878048298
09/04/2023,FEU,Z24,15,0.155098613026
09/04/2023,FEU,Z14,15,0.109363616298
09/04/2023,FEU,Z24,16,0.106642611844
09/04/2023,FEU,Z14,16,0.106642611844
09/04/2023,FEU,Z24,17,0.107116816208
09/04/2023,FEU,Z14,17,0.107116816208
09/04/2023,FEU,Z24,18,0.120017132572
09/04/2023,FEU,Z14,18,0.120017132572
09/04/2023,FEU,Z24,19,0.160390608208
09/04/2023,FEU,Z14,19,0.206191171754
09/04/2023,FEU,Z24,2,0.113648316942
09/04/2023,FEU,Z14,2,0.113648316942
09/04/2023,FEU,Z24,20,0.2273442093
09/04/2023,FEU,Z14,20,0.2273442093
09/04/2023,FEU,Z24,21,0.250574904118
09/04/2023,FEU,Z14,21,0.250574904118
09/04/2023,FEU,Z24,22,0.24915518339
09/04/2023,FEU,Z14,22,0.24915518339
09/04/2023,FEU,Z24,23,0.232476475846
09/04/2023,FEU,Z14,23,0.1866039093
09/04/2023,FEU,Z24,24,0.180245083482
09/04/2023,FEU,Z14,24,0.180245083482
09/04/2023,FEU,Z24,3,0.104129835124
09/04/2023,FEU,Z14,3,0.104129835124
09/04/2023,FEU,Z24,4,0.097622386306
09/04/2023,FEU,Z14,4,0.097622386306
09/04/2023,FEU,Z24,5,0.093839152306
09/04/2023,FEU,Z14,5,0.093839152306
09/04/2023,FEU,Z24,6,0.09558573476
09/04/2023,FEU,Z14,6,0.09558573476
09/04/2023,FEU,Z24,7,0.125297788576
09/04/2023,FEU,Z14,7,0.125297788576
09/04/2023,FEU,Z24,8,0.151738148938
09/04/2023,FEU,Z14,8,0.151738148938
09/04/2023,FEU,Z24,9,0.183589944936
09/04/2023,FEU,Z14,9,0.183589944936
09/05/2023,FEU,Z24,1,0.134704696666
09/05/2023,FEU,Z14,1,0.134704696666
09/05/2023,FEU,Z24,10,0.165818767844
09/05/2023,FEU,Z14,10,0.165818767844
09/05/2023,FEU,Z24,11,0.145947877662
09/05/2023,FEU,Z14,11,0.191708664208
09/05/2023,FEU,Z24,12,0.186783744208
09/05/2023,FEU,Z14,12,0.186783744208
09/05/2023,FEU,Z24,13,0.183102352208
09/05/2023,FEU,Z14,13,0.183102352208
09/05/2023,FEU,Z24,14,0.181368149844
09/05/2023,FEU,Z14,14,0.181368149844
09/05/2023,FEU,Z24,15,0.182098436754
09/05/2023,FEU,Z14,15,0.136360888208
09/05/2023,FEU,Z24,16,0.139601661754
09/05/2023,FEU,Z14,16,0.139601661754
09/05/2023,FEU,Z24,17,0.147167244118
09/05/2023,FEU,Z14,17,0.147167244118
09/05/2023,FEU,Z24,18,0.1609888093
09/05/2023,FEU,Z14,18,0.1609888093
09/05/2023,FEU,Z24,19,0.17737282839
09/05/2023,FEU,Z14,19,0.223349349118
09/05/2023,FEU,Z24,2,0.12408184294
09/05/2023,FEU,Z14,2,0.12408184294
09/05/2023,FEU,Z24,20,0.2491654593
09/05/2023,FEU,Z14,20,0.2491654593
09/05/2023,FEU,Z24,21,0.259743924118
09/05/2023,FEU,Z14,21,0.259743924118
09/05/2023,FEU,Z24,22,0.251623958572
09/05/2023,FEU,Z14,22,0.251623958572
09/05/2023,FEU,Z24,23,0.249566241846
09/05/2023,FEU,Z14,23,0.2036503593
09/05/2023,FEU,Z24,24,0.1910406093
09/05/2023,FEU,Z14,24,0.1910406093
09/05/2023,FEU,Z24,3,0.121348879668
09/05/2023,FEU,Z14,3,0.121348879668
09/05/2023,FEU,Z24,4,0.12125801385
09/05/2023,FEU,Z14,4,0.12125801385
09/05/2023,FEU,Z24,5,0.12125801385
09/05/2023,FEU,Z14,5,0.12125801385
09/05/2023,FEU,Z24,6,0.122493529668
09/05/2023,FEU,Z14,6,0.122493529668
09/05/2023,FEU,Z24,7,0.137085244576
09/05/2023,FEU,Z14,7,0.137085244576
09/05/2023,FEU,Z24,8,0.153937930938
09/05/2023,FEU,Z14,8,0.153937930938
09/05/2023,FEU,Z24,9,0.1843625593
09/05/2023,FEU,Z14,9,0.1843625593
09/06/2023,FEU,Z24,1,0.151022749666
09/06/2023,FEU,Z14,1,0.151022749666
09/06/2023,FEU,Z24,10,0.161784143026
09/06/2023,FEU,Z14,10,0.161784143026
09/06/2023,FEU,Z24,11,0.14277840748
09/06/2023,FEU,Z14,11,0.188630160208
09/06/2023,FEU,Z24,12,0.181494911844
09/06/2023,FEU,Z14,12,0.181494911844
09/06/2023,FEU,Z24,13,0.178504041662
09/06/2023,FEU,Z14,13,0.178504041662
09/06/2023,FEU,Z24,14,0.178065096298
09/06/2023,FEU,Z14,14,0.178065096298
09/06/2023,FEU,Z24,15,0.177773133844
09/06/2023,FEU,Z14,15,0.132051357298
09/06/2023,FEU,Z24,16,0.13567164748
09/06/2023,FEU,Z14,16,0.13567164748
09/06/2023,FEU,Z24,17,0.145991312026
09/06/2023,FEU,Z14,17,0.145991312026
09/06/2023,FEU,Z24,18,0.16329619839
09/06/2023,FEU,Z14,18,0.16329619839
09/06/2023,FEU,Z24,19,0.181429554662
09/06/2023,FEU,Z14,19,0.227282488208
09/06/2023,FEU,Z24,2,0.14783869294
09/06/2023,FEU,Z14,2,0.14783869294
09/06/2023,FEU,Z24,20,0.240258252936
09/06/2023,FEU,Z14,20,0.240258252936
09/06/2023,FEU,Z24,21,0.262693616936
09/06/2023,FEU,Z14,21,0.262693616936
09/06/2023,FEU,Z24,22,0.243577624208
09/06/2023,FEU,Z14,22,0.243577624208
09/06/2023,FEU,Z24,23,0.233017041482
09/06/2023,FEU,Z14,23,0.187007171754
09/06/2023,FEU,Z24,24,0.175781248936
09/06/2023,FEU,Z14,24,0.175781248936
09/06/2023,FEU,Z24,3,0.139528252486
09/06/2023,FEU,Z14,3,0.139528252486
09/06/2023,FEU,Z24,4,0.132814163668
09/06/2023,FEU,Z14,4,0.132814163668
09/06/2023,FEU,Z24,5,0.131813915668
09/06/2023,FEU,Z14,5,0.131813915668
09/06/2023,FEU,Z24,6,0.132629645304
09/06/2023,FEU,Z14,6,0.132629645304
09/06/2023,FEU,Z24,7,0.13662246703
09/06/2023,FEU,Z14,7,0.13662246703
09/06/2023,FEU,Z24,8,0.159892017574
09/06/2023,FEU,Z14,8,0.159892017574
09/06/2023,FEU,Z24,9,0.1821913593
09/06/2023,FEU,Z14,9,0.1821913593
09/07/2023,FEU,Z24,1,0.153608098666
09/07/2023,FEU,Z14,1,0.153608098666
09/07/2023,FEU,Z24,10,0.170268224298
09/07/2023,FEU,Z14,10,0.170268224298
09/07/2023,FEU,Z24,11,0.151843643116
09/07/2023,FEU,Z14,11,0.197616932662
09/07/2023,FEU,Z24,12,0.186739779662
09/07/2023,FEU,Z14,12,0.186739779662
09/07/2023,FEU,Z24,13,0.184677992662
09/07/2023,FEU,Z14,13,0.184677992662
09/07/2023,FEU,Z24,14,0.181602830298
09/07/2023,FEU,Z14,14,0.181602830298
09/07/2023,FEU,Z24,15,0.180891935844
09/07/2023,FEU,Z14,15,0.135161966298
09/07/2023,FEU,Z24,16,0.136300351844
09/07/2023,FEU,Z14,16,0.136300351844
09/07/2023,FEU,Z24,17,0.14291863339
09/07/2023,FEU,Z14,17,0.14291863339
09/07/2023,FEU,Z24,18,0.159280740754
09/07/2023,FEU,Z14,18,0.159280740754
09/07/2023,FEU,Z24,19,0.174269616208
09/07/2023,FEU,Z14,19,0.220106575754
09/07/2023,FEU,Z24,2,0.143619036576
09/07/2023,FEU,Z14,2,0.143619036576
09/07/2023,FEU,Z24,20,0.240870314482
09/07/2023,FEU,Z14,20,0.240870314482
09/07/2023,FEU,Z24,21,0.2566140093
09/07/2023,FEU,Z14,21,0.2566140093
09/07/2023,FEU,Z24,22,0.244781986754
09/07/2023,FEU,Z14,22,0.244781986754
09/07/2023,FEU,Z24,23,0.242068926392
09/07/2023,FEU,Z14,23,0.196024473664
09/07/2023,FEU,Z24,24,0.193995648028
09/07/2023,FEU,Z14,24,0.193995648028
09/07/2023,FEU,Z24,3,0.129974606122
09/07/2023,FEU,Z14,3,0.129974606122
09/07/2023,FEU,Z24,4,0.126594754486
09/07/2023,FEU,Z14,4,0.126594754486
09/07/2023,FEU,Z24,5,0.125558995486
09/07/2023,FEU,Z14,5,0.125558995486
09/07/2023,FEU,Z24,6,0.125406609304
09/07/2023,FEU,Z14,6,0.125406609304
09/07/2023,FEU,Z24,7,0.135287639484
09/07/2023,FEU,Z14,7,0.135287639484
09/07/2023,FEU,Z24,8,0.16513162021
09/07/2023,FEU,Z14,8,0.16513162021
09/07/2023,FEU,Z24,9,0.186380846572
09/07/2023,FEU,Z14,9,0.186380846572
09/08/2023,FEU,Z24,1,0.150947068576
09/08/2023,FEU,Z14,1,0.150947068576
09/08/2023,FEU,Z24,10,0.161713074662
09/08/2023,FEU,Z14,10,0.161713074662
09/08/2023,FEU,Z24,11,0.144854027026
09/08/2023,FEU,Z14,11,0.190613210572
09/08/2023,FEU,Z24,12,0.1830726593
09/08/2023,FEU,Z14,12,0.1830726593
09/08/2023,FEU,Z24,13,0.181322985664
09/08/2023,FEU,Z14,13,0.181322985664
09/08/2023,FEU,Z24,14,0.180025155118
09/08/2023,FEU,Z14,14,0.180025155118
09/08/2023,FEU,Z24,15,0.179240169664
09/08/2023,FEU,Z14,15,0.133416604936
09/08/2023,FEU,Z24,16,0.134109081664
09/08/2023,FEU,Z14,16,0.134109081664
09/08/2023,FEU,Z24,17,0.145750370028
09/08/2023,FEU,Z14,17,0.145750370028
09/08/2023,FEU,Z24,18,0.16660726021
09/08/2023,FEU,Z14,18,0.16660726021
09/08/2023,FEU,Z24,19,0.170218722482
09/08/2023,FEU,Z14,19,0.21617309521
09/08/2023,FEU,Z24,2,0.138857915668
09/08/2023,FEU,Z14,2,0.138857915668
09/08/2023,FEU,Z24,20,0.23070068521
09/08/2023,FEU,Z14,20,0.23070068521
09/08/2023,FEU,Z24,21,0.260960086756
09/08/2023,FEU,Z14,21,0.260960086756
09/08/2023,FEU,Z24,22,0.241904774392
09/08/2023,FEU,Z14,22,0.241904774392
09/08/2023,FEU,Z24,23,0.223040254212
09/08/2023,FEU,Z14,23,0.177058219484
09/08/2023,FEU,Z24,24,0.17408287703
09/08/2023,FEU,Z14,24,0.17408287703
09/08/2023,FEU,Z24,3,0.129287102032
09/08/2023,FEU,Z14,3,0.129287102032
09/08/2023,FEU,Z24,4,0.128748167214
09/08/2023,FEU,Z14,4,0.128748167214
09/08/2023,FEU,Z24,5,0.125104175214
09/08/2023,FEU,Z14,5,0.125104175214
09/08/2023,FEU,Z24,6,0.12039908885
09/08/2023,FEU,Z14,6,0.12039908885
09/08/2023,FEU,Z24,7,0.134121676212
09/08/2023,FEU,Z14,7,0.134121676212
09/08/2023,FEU,Z24,8,0.154642768756
09/08/2023,FEU,Z14,8,0.154642768756
09/08/2023,FEU,Z24,9,0.182069268118
09/08/2023,FEU,Z14,9,0.182069268118
09/09/2023,FEU,Z24,1,0.16433351385
09/09/2023,FEU,Z14,1,0.16433351385
09/09/2023,FEU,Z24,10,0.122510350028
09/09/2023,FEU,Z14,10,0.122510350028
09/09/2023,FEU,Z24,11,0.1194344593
09/09/2023,FEU,Z14,11,0.1194344593
09/09/2023,FEU,Z24,12,0.111029664482
09/09/2023,FEU,Z14,12,0.111029664482
09/09/2023,FEU,Z24,13,0.108315945664
09/09/2023,FEU,Z14,13,0.108315945664
09/09/2023,FEU,Z24,14,0.102384465118
09/09/2023,FEU,Z14,14,0.102384465118
09/09/2023,FEU,Z24,15,0.092504214118
09/09/2023,FEU,Z14,15,0.092504214118
09/09/2023,FEU,Z24,16,0.08522063521
09/09/2023,FEU,Z14,16,0.08522063521
09/09/2023,FEU,Z24,17,0.110917172302
09/09/2023,FEU,Z14,17,0.110917172302
09/09/2023,FEU,Z24,18,0.116518574212
09/09/2023,FEU,Z14,18,0.116518574212
09/09/2023,FEU,Z24,19,0.137863885758
09/09/2023,FEU,Z14,19,0.137863885758
09/09/2023,FEU,Z24,2,0.15333965476
09/09/2023,FEU,Z14,2,0.15333965476
09/09/2023,FEU,Z24,20,0.163600917304
09/09/2023,FEU,Z14,20,0.163600917304
09/09/2023,FEU,Z24,21,0.177742246486
09/09/2023,FEU,Z14,21,0.177742246486
09/09/2023,FEU,Z24,22,0.17683246294
09/09/2023,FEU,Z14,22,0.17683246294
09/09/2023,FEU,Z24,23,0.176539921486
09/09/2023,FEU,Z14,23,0.176539921486
09/09/2023,FEU,Z24,24,0.17028606385
09/09/2023,FEU,Z14,24,0.17028606385
09/09/2023,FEU,Z24,3,0.14491799476
09/09/2023,FEU,Z14,3,0.14491799476
09/09/2023,FEU,Z24,4,0.134360451306
09/09/2023,FEU,Z14,4,0.134360451306
09/09/2023,FEU,Z24,5,0.132224111488
09/09/2023,FEU,Z14,5,0.132224111488
09/09/2023,FEU,Z24,6,0.132163620306
09/09/2023,FEU,Z14,6,0.132163620306
09/09/2023,FEU,Z24,7,0.140811674578
09/09/2023,FEU,Z14,7,0.140811674578
09/09/2023,FEU,Z24,8,0.137717140486
09/09/2023,FEU,Z14,8,0.137717140486
09/09/2023,FEU,Z24,9,0.136567283848
09/09/2023,FEU,Z14,9,0.136567283848
09/10/2023,FEU,Z24,1,0.164141734214
09/10/2023,FEU,Z14,1,0.164141734214
09/10/2023,FEU,Z24,10,0.136868874574
09/10/2023,FEU,Z14,10,0.136868874574
09/10/2023,FEU,Z24,11,0.117221898846
09/10/2023,FEU,Z14,11,0.117221898846
09/10/2023,FEU,Z24,12,0.1105507093
09/10/2023,FEU,Z14,12,0.1105507093
09/10/2023,FEU,Z24,13,0.1055183093
09/10/2023,FEU,Z14,13,0.1055183093
09/10/2023,FEU,Z24,14,0.104959988754
09/10/2023,FEU,Z14,14,0.104959988754
09/10/2023,FEU,Z24,15,0.10359743339
09/10/2023,FEU,Z14,15,0.10359743339
09/10/2023,FEU,Z24,16,0.081761064118
09/10/2023,FEU,Z14,16,0.081761064118
09/10/2023,FEU,Z24,17,0.11182606021
09/10/2023,FEU,Z14,17,0.11182606021
09/10/2023,FEU,Z24,18,0.11773681112
09/10/2023,FEU,Z14,18,0.11773681112
09/10/2023,FEU,Z24,19,0.136617831666
09/10/2023,FEU,Z14,19,0.136617831666
09/10/2023,FEU,Z24,2,0.152814051124
09/10/2023,FEU,Z14,2,0.152814051124
09/10/2023,FEU,Z24,20,0.157172508576
09/10/2023,FEU,Z14,20,0.157172508576
09/10/2023,FEU,Z24,21,0.168046638394
09/10/2023,FEU,Z14,21,0.168046638394
09/10/2023,FEU,Z24,22,0.170811194666
09/10/2023,FEU,Z14,22,0.170811194666
09/10/2023,FEU,Z24,23,0.164243711848
09/10/2023,FEU,Z14,23,0.164243711848
09/10/2023,FEU,Z24,24,0.152727429394
09/10/2023,FEU,Z14,24,0.152727429394
09/10/2023,FEU,Z24,3,0.152911273852
09/10/2023,FEU,Z14,3,0.152911273852
09/10/2023,FEU,Z24,4,0.150675397034
09/10/2023,FEU,Z14,4,0.150675397034
09/10/2023,FEU,Z24,5,0.147410296216
09/10/2023,FEU,Z14,5,0.147410296216
09/10/2023,FEU,Z24,6,0.137595269852
09/10/2023,FEU,Z14,6,0.137595269852
09/10/2023,FEU,Z24,7,0.148917266306
09/10/2023,FEU,Z14,7,0.148917266306
09/10/2023,FEU,Z24,8,0.14831993476
09/10/2023,FEU,Z14,8,0.14831993476
09/10/2023,FEU,Z24,9,0.148984620122
09/10/2023,FEU,Z14,9,0.148984620122
09/11/2023,FEU,Z24,1,0.156211831486
09/11/2023,FEU,Z14,1,0.156211831486
09/11/2023,FEU,Z24,10,0.18722016748
09/11/2023,FEU,Z14,10,0.18722016748
09/11/2023,FEU,Z24,11,0.175848816934
09/11/2023,FEU,Z14,11,0.22168596748
09/11/2023,FEU,Z24,12,0.20012400748
09/11/2023,FEU,Z14,12,0.20012400748
09/11/2023,FEU,Z24,13,0.19461438748
09/11/2023,FEU,Z14,13,0.19461438748
09/11/2023,FEU,Z24,14,0.192265009298
09/11/2023,FEU,Z14,14,0.192265009298
09/11/2023,FEU,Z24,15,0.190443602026
09/11/2023,FEU,Z14,15,0.144586052298
09/11/2023,FEU,Z24,16,0.147801433844
09/11/2023,FEU,Z14,16,0.147801433844
09/11/2023,FEU,Z24,17,0.156442664208
09/11/2023,FEU,Z14,17,0.156442664208
09/11/2023,FEU,Z24,18,0.176793410572
09/11/2023,FEU,Z14,18,0.176793410572
09/11/2023,FEU,Z24,19,0.179403888208
09/11/2023,FEU,Z14,19,0.225253164754
09/11/2023,FEU,Z24,2,0.154833329942
09/11/2023,FEU,Z14,2,0.154833329942
09/11/2023,FEU,Z24,20,0.2397205093
09/11/2023,FEU,Z14,20,0.2397205093
09/11/2023,FEU,Z24,21,0.257083989118
09/11/2023,FEU,Z14,21,0.257083989118
09/11/2023,FEU,Z24,22,0.25915217839
09/11/2023,FEU,Z14,22,0.25915217839
09/11/2023,FEU,Z24,23,0.240682376846
09/11/2023,FEU,Z14,23,0.1947884593
09/11/2023,FEU,Z24,24,0.184159634482
09/11/2023,FEU,Z14,24,0.184159634482
09/11/2023,FEU,Z24,3,0.143574357124
09/11/2023,FEU,Z14,3,0.143574357124
09/11/2023,FEU,Z24,4,0.147679848306
09/11/2023,FEU,Z14,4,0.147679848306
09/11/2023,FEU,Z24,5,0.149637713306
09/11/2023,FEU,Z14,5,0.149637713306
09/11/2023,FEU,Z24,6,0.15130297476
09/11/2023,FEU,Z14,6,0.15130297476
09/11/2023,FEU,Z24,7,0.162436684576
09/11/2023,FEU,Z14,7,0.162436684576
09/11/2023,FEU,Z24,8,0.164951907938
09/11/2023,FEU,Z14,8,0.164951907938
09/11/2023,FEU,Z24,9,0.198881304936
09/11/2023,FEU,Z14,9,0.198881304936
09/12/2023,FEU,Z24,1,0.154364048666
09/12/2023,FEU,Z14,1,0.154364048666
09/12/2023,FEU,Z24,10,0.183533471844
09/12/2023,FEU,Z14,10,0.183533471844
09/12/2023,FEU,Z24,11,0.173934325662
09/12/2023,FEU,Z14,11,0.219768696208
09/12/2023,FEU,Z24,12,0.203194424208
09/12/2023,FEU,Z14,12,0.203194424208
09/12/2023,FEU,Z24,13,0.199211016208
09/12/2023,FEU,Z14,13,0.199211016208
09/12/2023,FEU,Z24,14,0.197831221844
09/12/2023,FEU,Z14,14,0.197831221844
09/12/2023,FEU,Z24,15,0.198470714754
09/12/2023,FEU,Z14,15,0.152690344208
09/12/2023,FEU,Z24,16,0.156113873754
09/12/2023,FEU,Z14,16,0.156113873754
09/12/2023,FEU,Z24,17,0.167231082118
09/12/2023,FEU,Z14,17,0.167231082118
09/12/2023,FEU,Z24,18,0.1772636093
09/12/2023,FEU,Z14,18,0.1772636093
09/12/2023,FEU,Z24,19,0.18180168839
09/12/2023,FEU,Z14,19,0.227793681118
09/12/2023,FEU,Z24,2,0.14445271294
09/12/2023,FEU,Z14,2,0.14445271294
09/12/2023,FEU,Z24,20,0.2443205093
09/12/2023,FEU,Z14,20,0.2443205093
09/12/2023,FEU,Z24,21,0.256723203118
09/12/2023,FEU,Z14,21,0.256723203118
09/12/2023,FEU,Z24,22,0.245759876572
09/12/2023,FEU,Z14,22,0.245759876572
09/12/2023,FEU,Z24,23,0.229350692846
09/12/2023,FEU,Z14,23,0.1834874093
09/12/2023,FEU,Z24,24,0.1698392093
09/12/2023,FEU,Z14,24,0.1698392093
09/12/2023,FEU,Z24,3,0.146866943668
09/12/2023,FEU,Z14,3,0.146866943668
09/12/2023,FEU,Z24,4,0.14494953885
09/12/2023,FEU,Z14,4,0.14494953885
09/12/2023,FEU,Z24,5,0.14244443885
09/12/2023,FEU,Z14,5,0.14244443885
09/12/2023,FEU,Z24,6,0.147581909668
09/12/2023,FEU,Z14,6,0.147581909668
09/12/2023,FEU,Z24,7,0.154717372576
09/12/2023,FEU,Z14,7,0.154717372576
09/12/2023,FEU,Z24,8,0.172235063938
09/12/2023,FEU,Z14,8,0.172235063938
09/12/2023,FEU,Z24,9,0.2055064593
09/12/2023,FEU,Z14,9,0.2055064593
09/13/2023,FEU,Z24,1,0.147220902666
09/13/2023,FEU,Z14,1,0.147220902666
09/13/2023,FEU,Z24,10,0.187337051026
09/13/2023,FEU,Z14,10,0.187337051026
09/13/2023,FEU,Z24,11,0.16252206748
09/13/2023,FEU,Z14,11,0.208444240208
09/13/2023,FEU,Z24,12,0.198839607844
09/13/2023,FEU,Z14,12,0.198839607844
09/13/2023,FEU,Z24,13,0.196563789662
09/13/2023,FEU,Z14,13,0.196563789662
09/13/2023,FEU,Z24,14,0.194137525298
09/13/2023,FEU,Z14,14,0.194137525298
09/13/2023,FEU,Z24,15,0.193251801844
09/13/2023,FEU,Z14,15,0.147488224298
09/13/2023,FEU,Z24,16,0.14628504748
09/13/2023,FEU,Z14,16,0.14628504748
09/13/2023,FEU,Z24,17,0.148068143026
09/13/2023,FEU,Z14,17,0.148068143026
09/13/2023,FEU,Z24,18,0.15947189839
09/13/2023,FEU,Z14,18,0.15947189839
09/13/2023,FEU,Z24,19,0.177675664662
09/13/2023,FEU,Z14,19,0.223519872208
09/13/2023,FEU,Z24,2,0.13198051294
09/13/2023,FEU,Z14,2,0.13198051294
09/13/2023,FEU,Z24,20,0.238532808936
09/13/2023,FEU,Z14,20,0.238532808936
09/13/2023,FEU,Z24,21,0.244581620936
09/13/2023,FEU,Z14,21,0.244581620936
09/13/2023,FEU,Z24,22,0.240232568208
09/13/2023,FEU,Z14,22,0.240232568208
09/13/2023,FEU,Z24,23,0.233578729482
09/13/2023,FEU,Z14,23,0.187565760754
09/13/2023,FEU,Z24,24,0.174371504936
09/13/2023,FEU,Z14,24,0.174371504936
09/13/2023,FEU,Z24,3,0.130465654486
09/13/2023,FEU,Z14,3,0.130465654486
09/13/2023,FEU,Z24,4,0.126699971668
09/13/2023,FEU,Z14,4,0.126699971668
09/13/2023,FEU,Z24,5,0.125818297668
09/13/2023,FEU,Z14,5,0.125818297668
09/13/2023,FEU,Z24,6,0.125812121304
09/13/2023,FEU,Z14,6,0.125812121304
09/13/2023,FEU,Z24,7,0.14025377203
09/13/2023,FEU,Z14,7,0.14025377203
09/13/2023,FEU,Z24,8,0.157601157574
09/13/2023,FEU,Z14,8,0.157601157574
09/13/2023,FEU,Z24,9,0.2023658093
09/13/2023,FEU,Z14,9,0.2023658093
09/14/2023,FEU,Z24,1,0.127597603666
09/14/2023,FEU,Z14,1,0.127597603666
09/14/2023,FEU,Z24,10,0.178906400298
09/14/2023,FEU,Z14,10,0.178906400298
09/14/2023,FEU,Z24,11,0.153715653116
09/14/2023,FEU,Z14,11,0.199493877662
09/14/2023,FEU,Z24,12,0.191617554662
09/14/2023,FEU,Z14,12,0.191617554662
09/14/2023,FEU,Z24,13,0.190192445662
09/14/2023,FEU,Z14,13,0.190192445662
09/14/2023,FEU,Z24,14,0.189096311298
09/14/2023,FEU,Z14,14,0.189096311298
09/14/2023,FEU,Z24,15,0.189820091844
09/14/2023,FEU,Z14,15,0.144065529298
09/14/2023,FEU,Z24,16,0.145169123844
09/14/2023,FEU,Z14,16,0.145169123844
09/14/2023,FEU,Z24,17,0.15060272839
09/14/2023,FEU,Z14,17,0.15060272839
09/14/2023,FEU,Z24,18,0.150210264754
09/14/2023,FEU,Z14,18,0.150210264754
09/14/2023,FEU,Z24,19,0.179798568208
09/14/2023,FEU,Z14,19,0.225648879754
09/14/2023,FEU,Z24,2,0.124681084576
09/14/2023,FEU,Z14,2,0.124681084576
09/14/2023,FEU,Z24,20,0.238065327482
09/14/2023,FEU,Z14,20,0.238065327482
09/14/2023,FEU,Z24,21,0.2550730093
09/14/2023,FEU,Z14,21,0.2550730093
09/14/2023,FEU,Z24,22,0.240007025754
09/14/2023,FEU,Z14,22,0.240007025754
09/14/2023,FEU,Z24,23,0.234980334392
09/14/2023,FEU,Z14,23,0.188960409664
09/14/2023,FEU,Z24,24,0.188267192028
09/14/2023,FEU,Z14,24,0.188267192028
09/14/2023,FEU,Z24,3,0.121153463122
09/14/2023,FEU,Z14,3,0.121153463122
09/14/2023,FEU,Z24,4,0.122843500486
09/14/2023,FEU,Z14,4,0.122843500486
09/14/2023,FEU,Z24,5,0.122986606486
09/14/2023,FEU,Z14,5,0.122986606486
09/14/2023,FEU,Z24,6,0.125990265304
09/14/2023,FEU,Z14,6,0.125990265304
09/14/2023,FEU,Z24,7,0.148771487484
09/14/2023,FEU,Z14,7,0.148771487484
09/14/2023,FEU,Z24,8,0.15974932021
09/14/2023,FEU,Z14,8,0.15974932021
09/14/2023,FEU,Z24,9,0.188020772572
09/14/2023,FEU,Z14,9,0.188020772572
09/15/2023,FEU,Z24,1,0.154208124576
09/15/2023,FEU,Z14,1,0.154208124576
09/15/2023,FEU,Z24,10,0.183224347662
09/15/2023,FEU,Z14,10,0.183224347662
09/15/2023,FEU,Z24,11,0.184540130026
09/15/2023,FEU,Z14,11,0.230402330572
09/15/2023,FEU,Z24,12,0.2279284093
09/15/2023,FEU,Z14,12,0.2279284093
09/15/2023,FEU,Z24,13,0.226420329664
09/15/2023,FEU,Z14,13,0.226420329664
09/15/2023,FEU,Z24,14,0.212291373118
09/15/2023,FEU,Z14,14,0.212291373118
09/15/2023,FEU,Z24,15,0.201356265664
09/15/2023,FEU,Z14,15,0.155455908936
09/15/2023,FEU,Z24,16,0.150752025664
09/15/2023,FEU,Z14,16,0.150752025664
09/15/2023,FEU,Z24,17,0.152533582028
09/15/2023,FEU,Z14,17,0.152533582028
09/15/2023,FEU,Z24,18,0.16647790021
09/15/2023,FEU,Z14,18,0.16647790021
09/15/2023,FEU,Z24,19,0.178480600482
09/15/2023,FEU,Z14,19,0.22446253021
09/15/2023,FEU,Z24,2,0.143600875668
09/15/2023,FEU,Z14,2,0.143600875668
09/15/2023,FEU,Z24,20,0.23092360021
09/15/2023,FEU,Z14,20,0.23092360021
09/15/2023,FEU,Z24,21,0.240303682756
09/15/2023,FEU,Z14,21,0.240303682756
09/15/2023,FEU,Z24,22,0.239921078392
09/15/2023,FEU,Z14,22,0.239921078392
09/15/2023,FEU,Z24,23,0.234795866212
09/15/2023,FEU,Z14,23,0.188772341484
09/15/2023,FEU,Z24,24,0.18831102203
09/15/2023,FEU,Z14,24,0.18831102203
09/15/2023,FEU,Z24,3,0.136366622032
09/15/2023,FEU,Z14,3,0.136366622032
09/15/2023,FEU,Z24,4,0.136897715214
09/15/2023,FEU,Z14,4,0.136897715214
09/15/2023,FEU,Z24,5,0.137089566214
09/15/2023,FEU,Z14,5,0.137089566214
09/15/2023,FEU,Z24,6,0.13745773885
09/15/2023,FEU,Z14,6,0.13745773885
09/15/2023,FEU,Z24,7,0.158151770212
09/15/2023,FEU,Z14,7,0.158151770212
09/15/2023,FEU,Z24,8,0.161579188756
09/15/2023,FEU,Z14,8,0.161579188756
09/15/2023,FEU,Z24,9,0.185499033118
09/15/2023,FEU,Z14,9,0.185499033118
09/16/2023,FEU,Z24,1,0.15706966385
09/16/2023,FEU,Z14,1,0.15706966385
09/16/2023,FEU,Z24,10,0.133699534028
09/16/2023,FEU,Z14,10,0.133699534028
09/16/2023,FEU,Z24,11,0.1210341093
09/16/2023,FEU,Z14,11,0.1210341093
09/16/2023,FEU,Z24,12,0.111964276482
09/16/2023,FEU,Z14,12,0.111964276482
09/16/2023,FEU,Z24,13,0.107544105664
09/16/2023,FEU,Z14,13,0.107544105664
09/16/2023,FEU,Z24,14,0.106898886118
09/16/2023,FEU,Z14,14,0.106898886118
09/16/2023,FEU,Z24,15,0.103749477118
09/16/2023,FEU,Z14,15,0.103749477118
09/16/2023,FEU,Z24,16,0.10550590021
09/16/2023,FEU,Z14,16,0.10550590021
09/16/2023,FEU,Z24,17,0.108972497302
09/16/2023,FEU,Z14,17,0.108972497302
09/16/2023,FEU,Z24,18,0.115962392212
09/16/2023,FEU,Z14,18,0.115962392212
09/16/2023,FEU,Z24,19,0.141685346758
09/16/2023,FEU,Z14,19,0.141685346758
09/16/2023,FEU,Z24,2,0.15529255476
09/16/2023,FEU,Z14,2,0.15529255476
09/16/2023,FEU,Z24,20,0.156271229304
09/16/2023,FEU,Z14,20,0.156271229304
09/16/2023,FEU,Z24,21,0.162214072486
09/16/2023,FEU,Z14,21,0.162214072486
09/16/2023,FEU,Z24,22,0.16362433294
09/16/2023,FEU,Z14,22,0.16362433294
09/16/2023,FEU,Z24,23,0.161118490486
09/16/2023,FEU,Z14,23,0.161118490486
09/16/2023,FEU,Z24,24,0.15655618885
09/16/2023,FEU,Z14,24,0.15655618885
09/16/2023,FEU,Z24,3,0.15036841476
09/16/2023,FEU,Z14,3,0.15036841476
09/16/2023,FEU,Z24,4,0.135945671306
09/16/2023,FEU,Z14,4,0.135945671306
09/16/2023,FEU,Z24,5,0.136899727488
09/16/2023,FEU,Z14,5,0.136899727488
09/16/2023,FEU,Z24,6,0.127623266306
09/16/2023,FEU,Z14,6,0.127623266306
09/16/2023,FEU,Z24,7,0.136658057578
09/16/2023,FEU,Z14,7,0.136658057578
09/16/2023,FEU,Z24,8,0.135943564486
09/16/2023,FEU,Z14,8,0.135943564486
09/16/2023,FEU,Z24,9,0.138411059848
09/16/2023,FEU,Z14,9,0.138411059848
09/17/2023,FEU,Z24,1,0.153245068214
09/17/2023,FEU,Z14,1,0.153245068214
09/17/2023,FEU,Z24,10,0.111004139574
09/17/2023,FEU,Z14,10,0.111004139574
09/17/2023,FEU,Z24,11,0.083860996846
09/17/2023,FEU,Z14,11,0.083860996846
09/17/2023,FEU,Z24,12,0.0504344593
09/17/2023,FEU,Z14,12,0.0504344593
09/17/2023,FEU,Z24,13,0.0328176093
09/17/2023,FEU,Z14,13,0.0328176093
09/17/2023,FEU,Z24,14,0.030317816754
09/17/2023,FEU,Z14,14,0.030317816754
09/17/2023,FEU,Z24,15,0.03058421839
09/17/2023,FEU,Z14,15,0.03058421839
09/17/2023,FEU,Z24,16,0.031157955118
09/17/2023,FEU,Z14,16,0.031157955118
09/17/2023,FEU,Z24,17,0.03182036521
09/17/2023,FEU,Z14,17,0.03182036521
09/17/2023,FEU,Z24,18,0.03272157112
09/17/2023,FEU,Z14,18,0.03272157112
09/17/2023,FEU,Z24,19,0.081006660666
09/17/2023,FEU,Z14,19,0.081006660666
09/17/2023,FEU,Z24,2,0.146153481124
09/17/2023,FEU,Z14,2,0.146153481124
09/17/2023,FEU,Z24,20,0.126365340576
09/17/2023,FEU,Z14,20,0.126365340576
09/17/2023,FEU,Z24,21,0.162702945394
09/17/2023,FEU,Z14,21,0.162702945394
09/17/2023,FEU,Z24,22,0.158413614666
09/17/2023,FEU,Z14,22,0.158413614666
09/17/2023,FEU,Z24,23,0.150381635848
09/17/2023,FEU,Z14,23,0.150381635848
09/17/2023,FEU,Z24,24,0.139979121394
09/17/2023,FEU,Z14,24,0.139979121394
09/17/2023,FEU,Z24,3,0.129432031852
09/17/2023,FEU,Z14,3,0.129432031852
09/17/2023,FEU,Z24,4,0.120777241034
09/17/2023,FEU,Z14,4,0.120777241034
09/17/2023,FEU,Z24,5,0.120285880216
09/17/2023,FEU,Z14,5,0.120285880216
09/17/2023,FEU,Z24,6,0.119859825852
09/17/2023,FEU,Z14,6,0.119859825852
09/17/2023,FEU,Z24,7,0.120644749306
09/17/2023,FEU,Z14,7,0.120644749306
09/17/2023,FEU,Z24,8,0.11914915476
09/17/2023,FEU,Z14,8,0.11914915476
09/17/2023,FEU,Z24,9,0.119025756122
09/17/2023,FEU,Z14,9,0.119025756122
09/18/2023,FEU,Z24,1,0.122951416486
09/18/2023,FEU,Z14,1,0.122951416486
09/18/2023,FEU,Z24,10,0.18575070748
09/18/2023,FEU,Z14,10,0.18575070748
09/18/2023,FEU,Z24,11,0.168218409934
09/18/2023,FEU,Z14,11,0.21403542748
09/18/2023,FEU,Z24,12,0.19322586748
09/18/2023,FEU,Z14,12,0.19322586748
09/18/2023,FEU,Z24,13,0.19176780748
09/18/2023,FEU,Z14,13,0.19176780748
09/18/2023,FEU,Z24,14,0.189628224298
09/18/2023,FEU,Z14,14,0.189628224298
09/18/2023,FEU,Z24,15,0.188076449026
09/18/2023,FEU,Z14,15,0.142227183298
09/18/2023,FEU,Z24,16,0.142502553844
09/18/2023,FEU,Z14,16,0.142502553844
09/18/2023,FEU,Z24,17,0.145431664208
09/18/2023,FEU,Z14,17,0.145431664208
09/18/2023,FEU,Z24,18,0.166019864572
09/18/2023,FEU,Z14,18,0.166019864572
09/18/2023,FEU,Z24,19,0.183364416208
09/18/2023,FEU,Z14,19,0.229224078754
09/18/2023,FEU,Z24,2,0.122449128942
09/18/2023,FEU,Z14,2,0.122449128942
09/18/2023,FEU,Z24,20,0.2359841593
09/18/2023,FEU,Z14,20,0.2359841593
09/18/2023,FEU,Z24,21,0.260864199118
09/18/2023,FEU,Z14,21,0.260864199118
09/18/2023,FEU,Z24,22,0.27819238339
09/18/2023,FEU,Z14,22,0.27819238339
09/18/2023,FEU,Z24,23,0.239219219846
09/18/2023,FEU,Z14,23,0.1933291093
09/18/2023,FEU,Z24,24,0.189499123482
09/18/2023,FEU,Z14,24,0.189499123482
09/18/2023,FEU,Z24,3,0.122885811124
09/18/2023,FEU,Z14,3,0.122885811124
09/18/2023,FEU,Z24,4,0.121378209306
09/18/2023,FEU,Z14,4,0.121378209306
09/18/2023,FEU,Z24,5,0.123166905306
09/18/2023,FEU,Z14,5,0.123166905306
09/18/2023,FEU,Z24,6,0.12358241476
09/18/2023,FEU,Z14,6,0.12358241476
09/18/2023,FEU,Z24,7,0.144935372576
09/18/2023,FEU,Z14,7,0.144935372576
09/18/2023,FEU,Z24,8,0.161762339938
09/18/2023,FEU,Z14,8,0.161762339938
09/18/2023,FEU,Z24,9,0.191481296936
09/18/2023,FEU,Z14,9,0.191481296936
09/19/2023,FEU,Z24,1,0.165013639666
09/19/2023,FEU,Z14,1,0.165013639666
09/19/2023,FEU,Z24,10,0.172995095844
09/19/2023,FEU,Z14,10,0.172995095844
09/19/2023,FEU,Z24,11,0.149029718662
09/19/2023,FEU,Z14,11,0.194797464208
09/19/2023,FEU,Z24,12,0.190093336208
09/19/2023,FEU,Z14,12,0.190093336208
09/19/2023,FEU,Z24,13,0.189048864208
09/19/2023,FEU,Z14,13,0.189048864208
09/19/2023,FEU,Z24,14,0.188799143844
09/19/2023,FEU,Z14,14,0.188799143844
09/19/2023,FEU,Z24,15,0.185952356754
09/19/2023,FEU,Z14,15,0.140205872208
09/19/2023,FEU,Z24,16,0.140055873754
09/19/2023,FEU,Z14,16,0.140055873754
09/19/2023,FEU,Z24,17,0.141334920118
09/19/2023,FEU,Z14,17,0.141334920118
09/19/2023,FEU,Z24,18,0.1436399093
09/19/2023,FEU,Z14,18,0.1436399093
09/19/2023,FEU,Z24,19,0.15572889339
09/19/2023,FEU,Z14,19,0.201628653118
09/19/2023,FEU,Z24,2,0.16073794294
09/19/2023,FEU,Z14,2,0.16073794294
09/19/2023,FEU,Z24,20,0.2270406093
09/19/2023,FEU,Z14,20,0.2270406093
09/19/2023,FEU,Z24,21,0.249700515118
09/19/2023,FEU,Z14,21,0.249700515118
09/19/2023,FEU,Z24,22,0.253392236572
09/19/2023,FEU,Z14,22,0.253392236572
09/19/2023,FEU,Z24,23,0.239371415846
09/19/2023,FEU,Z14,23,0.1934809093
09/19/2023,FEU,Z24,24,0.1766334093
09/19/2023,FEU,Z14,24,0.1766334093
09/19/2023,FEU,Z24,3,0.149381651668
09/19/2023,FEU,Z14,3,0.149381651668
09/19/2023,FEU,Z24,4,0.14394726385
09/19/2023,FEU,Z14,4,0.14394726385
09/19/2023,FEU,Z24,5,0.13737431385
09/19/2023,FEU,Z14,5,0.13737431385
09/19/2023,FEU,Z24,6,0.139619841668
09/19/2023,FEU,Z14,6,0.139619841668
09/19/2023,FEU,Z24,7,0.157207548576
09/19/2023,FEU,Z14,7,0.157207548576
09/19/2023,FEU,Z24,8,0.164798919938
09/19/2023,FEU,Z14,8,0.164798919938
09/19/2023,FEU,Z24,9,0.1917524593
09/19/2023,FEU,Z14,9,0.1917524593
09/20/2023,FEU,Z24,1,0.143041080666
09/20/2023,FEU,Z14,1,0.143041080666
09/20/2023,FEU,Z24,10,0.175222394026
09/20/2023,FEU,Z14,10,0.175222394026
09/20/2023,FEU,Z24,11,0.16374984748
09/20/2023,FEU,Z14,11,0.209675184208
09/20/2023,FEU,Z24,12,0.185135607844
09/20/2023,FEU,Z14,12,0.185135607844
09/20/2023,FEU,Z24,13,0.182825008662
09/20/2023,FEU,Z14,13,0.182825008662
09/20/2023,FEU,Z24,14,0.177127699298
09/20/2023,FEU,Z14,14,0.177127699298
09/20/2023,FEU,Z24,15,0.158179839844
09/20/2023,FEU,Z14,15,0.112508395298
09/20/2023,FEU,Z24,16,0.08964414748
09/20/2023,FEU,Z14,16,0.08964414748
09/20/2023,FEU,Z24,17,0.084048713026
09/20/2023,FEU,Z14,17,0.084048713026
09/20/2023,FEU,Z24,18,0.11541573339
09/20/2023,FEU,Z14,18,0.11541573339
09/20/2023,FEU,Z24,19,0.141963505662
09/20/2023,FEU,Z14,19,0.187712672208
09/20/2023,FEU,Z24,2,0.13100707294
09/20/2023,FEU,Z14,2,0.13100707294
09/20/2023,FEU,Z24,20,0.221773156936
09/20/2023,FEU,Z14,20,0.221773156936
09/20/2023,FEU,Z24,21,0.221761676936
09/20/2023,FEU,Z14,21,0.221761676936
09/20/2023,FEU,Z24,22,0.221998352208
09/20/2023,FEU,Z14,22,0.221998352208
09/20/2023,FEU,Z24,23,0.218329130482
09/20/2023,FEU,Z14,23,0.172370304754
09/20/2023,FEU,Z24,24,0.153462980936
09/20/2023,FEU,Z14,24,0.153462980936
09/20/2023,FEU,Z24,3,0.143945770486
09/20/2023,FEU,Z14,3,0.143945770486
09/20/2023,FEU,Z24,4,0.138381271668
09/20/2023,FEU,Z14,4,0.138381271668
09/20/2023,FEU,Z24,5,0.136843331668
09/20/2023,FEU,Z14,5,0.136843331668
09/20/2023,FEU,Z24,6,0.136412861304
09/20/2023,FEU,Z14,6,0.136412861304
09/20/2023,FEU,Z24,7,0.14507920203
09/20/2023,FEU,Z14,7,0.14507920203
09/20/2023,FEU,Z24,8,0.149507942574
09/20/2023,FEU,Z14,8,0.149507942574
09/20/2023,FEU,Z24,9,0.1756179593
09/20/2023,FEU,Z14,9,0.1756179593
09/21/2023,FEU,Z24,1,0.113098482666
09/21/2023,FEU,Z14,1,0.113098482666
09/21/2023,FEU,Z24,10,0.166302226298
09/21/2023,FEU,Z14,10,0.166302226298
09/21/2023,FEU,Z24,11,0.162102713116
09/21/2023,FEU,Z14,11,0.207904188662
09/21/2023,FEU,Z24,12,0.200154516662
09/21/2023,FEU,Z14,12,0.200154516662
09/21/2023,FEU,Z24,13,0.195033708662
09/21/2023,FEU,Z14,13,0.195033708662
09/21/2023,FEU,Z24,14,0.188310401298
09/21/2023,FEU,Z14,14,0.188310401298
09/21/2023,FEU,Z24,15,0.183384921844
09/21/2023,FEU,Z14,15,0.137647264298
09/21/2023,FEU,Z24,16,0.135454129844
09/21/2023,FEU,Z14,16,0.135454129844
09/21/2023,FEU,Z24,17,0.13524598839
09/21/2023,FEU,Z14,17,0.13524598839
09/21/2023,FEU,Z24,18,0.148649197754
09/21/2023,FEU,Z14,18,0.148649197754
09/21/2023,FEU,Z24,19,0.164177248208
09/21/2023,FEU,Z14,19,0.209987741754
09/21/2023,FEU,Z24,2,0.111969740576
09/21/2023,FEU,Z14,2,0.111969740576
09/21/2023,FEU,Z24,20,0.226439076482
09/21/2023,FEU,Z14,20,0.226439076482
09/21/2023,FEU,Z24,21,0.2277881093
09/21/2023,FEU,Z14,21,0.2277881093
09/21/2023,FEU,Z24,22,0.223914615754
09/21/2023,FEU,Z14,22,0.223914615754
09/21/2023,FEU,Z24,23,0.214430122392
09/21/2023,FEU,Z14,23,0.168482457664
09/21/2023,FEU,Z24,24,0.162163712028
09/21/2023,FEU,Z14,24,0.162163712028
09/21/2023,FEU,Z24,3,0.110121472122
09/21/2023,FEU,Z14,3,0.110121472122
09/21/2023,FEU,Z24,4,0.110184484486
09/21/2023,FEU,Z14,4,0.110184484486
09/21/2023,FEU,Z24,5,0.107088937486
09/21/2023,FEU,Z14,5,0.107088937486
09/21/2023,FEU,Z24,6,0.108094997304
09/21/2023,FEU,Z14,6,0.108094997304
09/21/2023,FEU,Z24,7,0.112590293484
09/21/2023,FEU,Z14,7,0.112590293484
09/21/2023,FEU,Z24,8,0.14404940521
09/21/2023,FEU,Z14,8,0.14404940521
09/21/2023,FEU,Z24,9,0.176734964572
09/21/2023,FEU,Z14,9,0.176734964572
09/22/2023,FEU,Z24,1,0.139990060576
09/22/2023,FEU,Z14,1,0.139990060576
09/22/2023,FEU,Z24,10,0.181417003662
09/22/2023,FEU,Z14,10,0.181417003662
09/22/2023,FEU,Z24,11,0.158975792026
09/22/2023,FEU,Z14,11,0.204772040572
09/22/2023,FEU,Z24,12,0.1976316593
09/22/2023,FEU,Z14,12,0.1976316593
09/22/2023,FEU,Z24,13,0.191767017664
09/22/2023,FEU,Z14,13,0.191767017664
09/22/2023,FEU,Z24,14,0.182230086118
09/22/2023,FEU,Z14,14,0.182230086118
09/22/2023,FEU,Z24,15,0.173989353664
09/22/2023,FEU,Z14,15,0.128184020936
09/22/2023,FEU,Z24,16,0.129594393664
09/22/2023,FEU,Z14,16,0.129594393664
09/22/2023,FEU,Z24,17,0.136495290028
09/22/2023,FEU,Z14,17,0.136495290028
09/22/2023,FEU,Z24,18,0.13842988021
09/22/2023,FEU,Z14,18,0.13842988021
09/22/2023,FEU,Z24,19,0.166596525482
09/22/2023,FEU,Z14,19,0.21253715521
09/22/2023,FEU,Z24,2,0.132087457668
09/22/2023,FEU,Z14,2,0.132087457668
09/22/2023,FEU,Z24,20,0.22907098021
09/22/2023,FEU,Z14,20,0.22907098021
09/22/2023,FEU,Z24,21,0.243701254756
09/22/2023,FEU,Z14,21,0.243701254756
09/22/2023,FEU,Z24,22,0.241340646392
09/22/2023,FEU,Z14,22,0.241340646392
09/22/2023,FEU,Z24,23,0.233493444212
09/22/2023,FEU,Z14,23,0.187474387484
09/22/2023,FEU,Z24,24,0.18695030203
09/22/2023,FEU,Z14,24,0.18695030203
09/22/2023,FEU,Z24,3,0.132951518032
09/22/2023,FEU,Z14,3,0.132951518032
09/22/2023,FEU,Z24,4,0.132393336214
09/22/2023,FEU,Z14,4,0.132393336214
09/22/2023,FEU,Z24,5,0.130325347214
09/22/2023,FEU,Z14,5,0.130325347214
09/22/2023,FEU,Z24,6,0.14193096385
09/22/2023,FEU,Z14,6,0.14193096385
09/22/2023,FEU,Z24,7,0.148089190212
09/22/2023,FEU,Z14,7,0.148089190212
09/22/2023,FEU,Z24,8,0.157217002756
09/22/2023,FEU,Z14,8,0.157217002756
09/22/2023,FEU,Z24,9,0.187317900118
09/22/2023,FEU,Z14,9,0.187317900118
09/23/2023,FEU,Z24,1,0.15970518885
09/23/2023,FEU,Z14,1,0.15970518885
09/23/2023,FEU,Z24,10,0.146222742028
09/23/2023,FEU,Z14,10,0.146222742028
09/23/2023,FEU,Z24,11,0.1246888093
09/23/2023,FEU,Z14,11,0.1246888093
09/23/2023,FEU,Z24,12,0.117280745482
09/23/2023,FEU,Z14,12,0.117280745482
09/23/2023,FEU,Z24,13,0.111836457664
09/23/2023,FEU,Z14,13,0.111836457664
09/23/2023,FEU,Z24,14,0.100027866118
09/23/2023,FEU,Z14,14,0.100027866118
09/23/2023,FEU,Z24,15,0.087885234118
09/23/2023,FEU,Z14,15,0.087885234118
09/23/2023,FEU,Z24,16,0.10318435021
09/23/2023,FEU,Z14,16,0.10318435021
09/23/2023,FEU,Z24,17,0.112402091302
09/23/2023,FEU,Z14,17,0.112402091302
09/23/2023,FEU,Z24,18,0.123289536212
09/23/2023,FEU,Z14,18,0.123289536212
09/23/2023,FEU,Z24,19,0.154503431758
09/23/2023,FEU,Z14,19,0.154503431758
09/23/2023,FEU,Z24,2,0.15956887476
09/23/2023,FEU,Z14,2,0.15956887476
09/23/2023,FEU,Z24,20,0.179378381304
09/23/2023,FEU,Z14,20,0.179378381304
09/23/2023,FEU,Z24,21,0.186661738486
09/23/2023,FEU,Z14,21,0.186661738486
09/23/2023,FEU,Z24,22,0.19417537294
09/23/2023,FEU,Z14,22,0.19417537294
09/23/2023,FEU,Z24,23,0.177111172486
09/23/2023,FEU,Z14,23,0.177111172486
09/23/2023,FEU,Z24,24,0.16805591385
09/23/2023,FEU,Z14,24,0.16805591385
09/23/2023,FEU,Z24,3,0.15895763476
09/23/2023,FEU,Z14,3,0.15895763476
09/23/2023,FEU,Z24,4,0.160158132306
09/23/2023,FEU,Z14,4,0.160158132306
09/23/2023,FEU,Z24,5,0.160351215488
09/23/2023,FEU,Z14,5,0.160351215488
09/23/2023,FEU,Z24,6,0.158248770306
09/23/2023,FEU,Z14,6,0.158248770306
09/23/2023,FEU,Z24,7,0.159747593578
09/23/2023,FEU,Z14,7,0.159747593578
09/23/2023,FEU,Z24,8,0.160570699486
09/23/2023,FEU,Z14,8,0.160570699486
09/23/2023,FEU,Z24,9,0.158228159848
09/23/2023,FEU,Z14,9,0.158228159848
09/24/2023,FEU,Z24,1,0.177729022214
09/24/2023,FEU,Z14,1,0.177729022214
09/24/2023,FEU,Z24,10,0.121986383574
09/24/2023,FEU,Z14,10,0.121986383574
09/24/2023,FEU,Z24,11,0.039040427846
09/24/2023,FEU,Z14,11,0.039040427846
09/24/2023,FEU,Z24,12,0.0285327093
09/24/2023,FEU,Z14,12,0.0285327093
09/24/2023,FEU,Z24,13,0.0259291093
09/24/2023,FEU,Z14,13,0.0259291093
09/24/2023,FEU,Z24,14,0.024914299754
09/24/2023,FEU,Z14,14,0.024914299754
09/24/2023,FEU,Z24,15,0.02484204339
09/24/2023,FEU,Z14,15,0.02484204339
09/24/2023,FEU,Z24,16,0.025990902118
09/24/2023,FEU,Z14,16,0.025990902118
09/24/2023,FEU,Z24,17,0.03543205021
09/24/2023,FEU,Z14,17,0.03543205021
09/24/2023,FEU,Z24,18,0.05977277112
09/24/2023,FEU,Z14,18,0.05977277112
09/24/2023,FEU,Z24,19,0.126097333666
09/24/2023,FEU,Z14,19,0.126097333666
09/24/2023,FEU,Z24,2,0.166914129124
09/24/2023,FEU,Z14,2,0.166914129124
09/24/2023,FEU,Z24,20,0.172100716576
09/24/2023,FEU,Z14,20,0.172100716576
09/24/2023,FEU,Z24,21,0.186102462394
09/24/2023,FEU,Z14,21,0.186102462394
09/24/2023,FEU,Z24,22,0.203776429666
09/24/2023,FEU,Z14,22,0.203776429666
09/24/2023,FEU,Z24,23,0.187133771848
09/24/2023,FEU,Z14,23,0.187133771848
09/24/2023,FEU,Z24,24,0.182726331394
09/24/2023,FEU,Z14,24,0.182726331394
09/24/2023,FEU,Z24,3,0.164505609852
09/24/2023,FEU,Z14,3,0.164505609852
09/24/2023,FEU,Z24,4,0.163352557034
09/24/2023,FEU,Z14,4,0.163352557034
09/24/2023,FEU,Z24,5,0.159362764216
09/24/2023,FEU,Z14,5,0.159362764216
09/24/2023,FEU,Z24,6,0.159906301852
09/24/2023,FEU,Z14,6,0.159906301852
09/24/2023,FEU,Z24,7,0.162056847306
09/24/2023,FEU,Z14,7,0.162056847306
09/24/2023,FEU,Z24,8,0.16146159476
09/24/2023,FEU,Z14,8,0.16146159476
09/24/2023,FEU,Z24,9,0.150565470122
09/24/2023,FEU,Z14,9,0.150565470122
09/25/2023,FEU,Z24,1,0.166333648486
09/25/2023,FEU,Z14,1,0.166333648486
09/25/2023,FEU,Z24,10,0.19458114748
09/25/2023,FEU,Z14,10,0.19458114748
09/25/2023,FEU,Z24,11,0.153859236934
09/25/2023,FEU,Z14,11,0.19963722748
09/25/2023,FEU,Z24,12,0.19099260748
09/25/2023,FEU,Z14,12,0.19099260748
09/25/2023,FEU,Z24,13,0.18845724748
09/25/2023,FEU,Z14,13,0.18845724748
09/25/2023,FEU,Z24,14,0.187835438298
09/25/2023,FEU,Z14,14,0.187835438298
09/25/2023,FEU,Z24,15,0.187995296026
09/25/2023,FEU,Z14,15,0.142146314298
09/25/2023,FEU,Z24,16,0.150897395844
09/25/2023,FEU,Z14,16,0.150897395844
09/25/2023,FEU,Z24,17,0.156883104208
09/25/2023,FEU,Z14,17,0.156883104208
09/25/2023,FEU,Z24,18,0.162634580572
09/25/2023,FEU,Z14,18,0.162634580572
09/25/2023,FEU,Z24,19,0.192550736208
09/25/2023,FEU,Z14,19,0.238435635754
09/25/2023,FEU,Z24,2,0.153599184942
09/25/2023,FEU,Z14,2,0.153599184942
09/25/2023,FEU,Z24,20,0.2609460593
09/25/2023,FEU,Z14,20,0.2609460593
09/25/2023,FEU,Z24,21,0.267582402118
09/25/2023,FEU,Z14,21,0.267582402118
09/25/2023,FEU,Z24,22,0.27136932839
09/25/2023,FEU,Z14,22,0.27136932839
09/25/2023,FEU,Z24,23,0.248700338846
09/25/2023,FEU,Z14,23,0.2027855593
09/25/2023,FEU,Z24,24,0.197258014482
09/25/2023,FEU,Z14,24,0.197258014482
09/25/2023,FEU,Z24,3,0.153834117124
09/25/2023,FEU,Z14,3,0.153834117124
09/25/2023,FEU,Z24,4,0.154945834306
09/25/2023,FEU,Z14,4,0.154945834306
09/25/2023,FEU,Z24,5,0.154754188306
09/25/2023,FEU,Z14,5,0.154754188306
09/25/2023,FEU,Z24,6,0.15899421476
09/25/2023,FEU,Z14,6,0.15899421476
09/25/2023,FEU,Z24,7,0.171081052576
09/25/2023,FEU,Z14,7,0.171081052576
09/25/2023,FEU,Z24,8,0.177506195938
09/25/2023,FEU,Z14,8,0.177506195938
09/25/2023,FEU,Z24,9,0.206585532936
09/25/2023,FEU,Z14,9,0.206585532936
09/26/2023,FEU,Z24,1,0.158578760666
09/26/2023,FEU,Z14,1,0.158578760666
09/26/2023,FEU,Z24,10,0.191244255844
09/26/2023,FEU,Z14,10,0.191244255844
09/26/2023,FEU,Z24,11,0.171130888662
09/26/2023,FEU,Z14,11,0.216957888208
09/26/2023,FEU,Z24,12,0.203984928208
09/26/2023,FEU,Z14,12,0.203984928208
09/26/2023,FEU,Z24,13,0.202648736208
09/26/2023,FEU,Z14,13,0.202648736208
09/26/2023,FEU,Z24,14,0.202224495844
09/26/2023,FEU,Z14,14,0.202224495844
09/26/2023,FEU,Z24,15,0.201824542754
09/26/2023,FEU,Z14,15,0.156035400208
09/26/2023,FEU,Z24,16,0.156545145754
09/26/2023,FEU,Z14,16,0.156545145754
09/26/2023,FEU,Z24,17,0.166554321118
09/26/2023,FEU,Z14,17,0.166554321118
09/26/2023,FEU,Z24,18,0.1850859093
09/26/2023,FEU,Z14,18,0.1850859093
09/26/2023,FEU,Z24,19,0.19777443839
09/26/2023,FEU,Z14,19,0.243821082118
09/26/2023,FEU,Z24,2,0.14564026294
09/26/2023,FEU,Z14,2,0.14564026294
09/26/2023,FEU,Z24,20,0.2620316593
09/26/2023,FEU,Z14,20,0.2620316593
09/26/2023,FEU,Z24,21,0.276588264118
09/26/2023,FEU,Z14,21,0.276588264118
09/26/2023,FEU,Z24,22,0.277010150572
09/26/2023,FEU,Z14,22,0.277010150572
09/26/2023,FEU,Z24,23,0.252481025846
09/26/2023,FEU,Z14,23,0.2065575593
09/26/2023,FEU,Z24,24,0.2004855593
09/26/2023,FEU,Z14,24,0.2004855593
09/26/2023,FEU,Z24,3,0.143315593668
09/26/2023,FEU,Z14,3,0.143315593668
09/26/2023,FEU,Z24,4,0.15031693885
09/26/2023,FEU,Z14,4,0.15031693885
09/26/2023,FEU,Z24,5,0.15134388885
09/26/2023,FEU,Z14,5,0.15134388885
09/26/2023,FEU,Z24,6,0.162957787668
09/26/2023,FEU,Z14,6,0.162957787668
09/26/2023,FEU,Z24,7,0.169872172576
09/26/2023,FEU,Z14,7,0.169872172576
09/26/2023,FEU,Z24,8,0.178506412938
09/26/2023,FEU,Z14,8,0.178506412938
09/26/2023,FEU,Z24,9,0.2108769593
09/26/2023,FEU,Z14,9,0.2108769593
09/27/2023,FEU,Z24,1,0.159050938666
09/27/2023,FEU,Z14,1,0.159050938666
09/27/2023,FEU,Z24,10,0.189123560026
09/27/2023,FEU,Z14,10,0.189123560026
09/27/2023,FEU,Z24,11,0.16672410748
09/27/2023,FEU,Z14,11,0.212659880208
09/27/2023,FEU,Z24,12,0.200891781844
09/27/2023,FEU,Z14,12,0.200891781844
09/27/2023,FEU,Z24,13,0.195925970662
09/27/2023,FEU,Z14,13,0.195925970662
09/27/2023,FEU,Z24,14,0.192137441298
09/27/2023,FEU,Z14,14,0.192137441298
09/27/2023,FEU,Z24,15,0.186782371844
09/27/2023,FEU,Z14,15,0.141035789298
09/27/2023,FEU,Z24,16,0.13557930748
09/27/2023,FEU,Z14,16,0.13557930748
09/27/2023,FEU,Z24,17,0.146338784026
09/27/2023,FEU,Z14,17,0.146338784026
09/27/2023,FEU,Z24,18,0.14659179339
09/27/2023,FEU,Z14,18,0.14659179339
09/27/2023,FEU,Z24,19,0.169856391662
09/27/2023,FEU,Z14,19,0.215680040208
09/27/2023,FEU,Z24,2,0.15984757294
09/27/2023,FEU,Z14,2,0.15984757294
09/27/2023,FEU,Z24,20,0.241143360936
09/27/2023,FEU,Z14,20,0.241143360936
09/27/2023,FEU,Z24,21,0.283613620936
09/27/2023,FEU,Z14,21,0.283613620936
09/27/2023,FEU,Z24,22,0.277433160208
09/27/2023,FEU,Z14,22,0.277433160208
09/27/2023,FEU,Z24,23,0.246397416482
09/27/2023,FEU,Z14,23,0.200339899754
09/27/2023,FEU,Z24,24,0.197646056936
09/27/2023,FEU,Z14,24,0.197646056936
09/27/2023,FEU,Z24,3,0.154092220486
09/27/2023,FEU,Z14,3,0.154092220486
09/27/2023,FEU,Z24,4,0.152874301668
09/27/2023,FEU,Z14,4,0.152874301668
09/27/2023,FEU,Z24,5,0.140644743668
09/27/2023,FEU,Z14,5,0.140644743668
09/27/2023,FEU,Z24,6,0.141743117304
09/27/2023,FEU,Z14,6,0.141743117304
09/27/2023,FEU,Z24,7,0.15694239703
09/27/2023,FEU,Z14,7,0.15694239703
09/27/2023,FEU,Z24,8,0.170204358574
09/27/2023,FEU,Z14,8,0.170204358574
09/27/2023,FEU,Z24,9,0.2039654593
09/27/2023,FEU,Z14,9,0.2039654593
09/28/2023,FEU,Z24,1,0.150999489666
09/28/2023,FEU,Z14,1,0.150999489666
09/28/2023,FEU,Z24,10,0.188261007298
09/28/2023,FEU,Z14,10,0.188261007298
09/28/2023,FEU,Z24,11,0.151000385116
09/28/2023,FEU,Z14,11,0.196771451662
09/28/2023,FEU,Z24,12,0.190482259662
09/28/2023,FEU,Z14,12,0.190482259662
09/28/2023,FEU,Z24,13,0.185210839662
09/28/2023,FEU,Z14,13,0.185210839662
09/28/2023,FEU,Z24,14,0.183429786298
09/28/2023,FEU,Z14,14,0.183429786298
09/28/2023,FEU,Z24,15,0.189656785844
09/28/2023,FEU,Z14,15,0.143903791298
09/28/2023,FEU,Z24,16,0.151523211844
09/28/2023,FEU,Z14,16,0.151523211844
09/28/2023,FEU,Z24,17,0.15363583339
09/28/2023,FEU,Z14,17,0.15363583339
09/28/2023,FEU,Z24,18,0.157395072754
09/28/2023,FEU,Z14,18,0.157395072754
09/28/2023,FEU,Z24,19,0.179008064208
09/28/2023,FEU,Z14,19,0.224857449754
09/28/2023,FEU,Z24,2,0.153745596576
09/28/2023,FEU,Z14,2,0.153745596576
09/28/2023,FEU,Z24,20,0.242283742482
09/28/2023,FEU,Z14,20,0.242283742482
09/28/2023,FEU,Z24,21,0.2581320093
09/28/2023,FEU,Z14,21,0.2581320093
09/28/2023,FEU,Z24,22,0.256996389754
09/28/2023,FEU,Z14,22,0.256996389754
09/28/2023,FEU,Z24,23,0.238477234392
09/28/2023,FEU,Z14,23,0.192446361664
09/28/2023,FEU,Z24,24,0.183463090028
09/28/2023,FEU,Z14,24,0.183463090028
09/28/2023,FEU,Z24,3,0.156260043122
09/28/2023,FEU,Z14,3,0.156260043122
09/28/2023,FEU,Z24,4,0.153687535486
09/28/2023,FEU,Z14,4,0.153687535486
09/28/2023,FEU,Z24,5,0.151162066486
09/28/2023,FEU,Z14,5,0.151162066486
09/28/2023,FEU,Z24,6,0.156878325304
09/28/2023,FEU,Z14,6,0.156878325304
09/28/2023,FEU,Z24,7,0.160368247484
09/28/2023,FEU,Z14,7,0.160368247484
09/28/2023,FEU,Z24,8,0.16603483021
09/28/2023,FEU,Z14,8,0.16603483021
09/28/2023,FEU,Z24,9,0.195280682572
09/28/2023,FEU,Z14,9,0.195280682572
09/29/2023,FEU,Z24,1,0.153200140576
09/29/2023,FEU,Z14,1,0.153200140576
09/29/2023,FEU,Z24,10,0.179505828662
09/29/2023,FEU,Z14,10,0.179505828662
09/29/2023,FEU,Z24,11,0.170545238026
09/29/2023,FEU,Z14,11,0.216371852572
09/29/2023,FEU,Z24,12,0.2004215593
09/29/2023,FEU,Z14,12,0.2004215593
09/29/2023,FEU,Z24,13,0.198035049664
09/29/2023,FEU,Z14,13,0.198035049664
09/29/2023,FEU,Z24,14,0.197102742118
09/29/2023,FEU,Z14,14,0.197102742118
09/29/2023,FEU,Z24,15,0.197158377664
09/29/2023,FEU,Z14,15,0.151271448936
09/29/2023,FEU,Z24,16,0.148881177664
09/29/2023,FEU,Z14,16,0.148881177664
09/29/2023,FEU,Z24,17,0.157395384028
09/29/2023,FEU,Z14,17,0.157395384028
09/29/2023,FEU,Z24,18,0.17429956021
09/29/2023,FEU,Z14,18,0.17429956021
09/29/2023,FEU,Z24,19,0.183785559482
09/29/2023,FEU,Z14,19,0.22978592521
09/29/2023,FEU,Z24,2,0.158535329668
09/29/2023,FEU,Z14,2,0.158535329668
09/29/2023,FEU,Z24,20,0.25144448521
09/29/2023,FEU,Z14,20,0.25144448521
09/29/2023,FEU,Z24,21,0.261147682756
09/29/2023,FEU,Z14,21,0.261147682756
09/29/2023,FEU,Z24,22,0.253734122392
09/29/2023,FEU,Z14,22,0.253734122392
09/29/2023,FEU,Z24,23,0.240062688212
09/29/2023,FEU,Z14,23,0.194022257484
09/29/2023,FEU,Z24,24,0.19248521703
09/29/2023,FEU,Z14,24,0.19248521703
09/29/2023,FEU,Z24,3,0.159754910032
09/29/2023,FEU,Z14,3,0.159754910032
09/29/2023,FEU,Z24,4,0.166986543214
09/29/2023,FEU,Z14,4,0.166986543214
09/29/2023,FEU,Z24,5,0.167177217214
09/29/2023,FEU,Z14,5,0.167177217214
09/29/2023,FEU,Z24,6,0.15754671385
09/29/2023,FEU,Z14,6,0.15754671385
09/29/2023,FEU,Z24,7,0.166615764212
09/29/2023,FEU,Z14,7,0.166615764212
09/29/2023,FEU,Z24,8,0.173759032756
09/29/2023,FEU,Z14,8,0.173759032756
09/29/2023,FEU,Z24,9,0.201246078118
09/29/2023,FEU,Z14,9,0.201246078118
09/30/2023,FEU,Z24,1,0.16576583885
09/30/2023,FEU,Z14,1,0.16576583885
09/30/2023,FEU,Z24,10,0.138982546028
09/30/2023,FEU,Z14,10,0.138982546028
09/30/2023,FEU,Z24,11,0.1226694093
09/30/2023,FEU,Z14,11,0.1226694093
09/30/2023,FEU,Z24,12,0.101785983482
09/30/2023,FEU,Z14,12,0.101785983482
09/30/2023,FEU,Z24,13,0.069604137664
09/30/2023,FEU,Z14,13,0.069604137664
09/30/2023,FEU,Z24,14,0.083323704118
09/30/2023,FEU,Z14,14,0.083323704118
09/30/2023,FEU,Z24,15,0.066444894118
09/30/2023,FEU,Z14,15,0.066444894118
09/30/2023,FEU,Z24,16,0.08578312021
09/30/2023,FEU,Z14,16,0.08578312021
09/30/2023,FEU,Z24,17,0.117352595302
09/30/2023,FEU,Z14,17,0.117352595302
09/30/2023,FEU,Z24,18,0.127349548212
09/30/2023,FEU,Z14,18,0.127349548212
09/30/2023,FEU,Z24,19,0.151999433758
09/30/2023,FEU,Z14,19,0.151999433758
09/30/2023,FEU,Z24,2,0.16624177476
09/30/2023,FEU,Z14,2,0.16624177476
09/30/2023,FEU,Z24,20,0.169562881304
09/30/2023,FEU,Z14,20,0.169562881304
09/30/2023,FEU,Z24,21,0.186899857486
09/30/2023,FEU,Z14,21,0.186899857486
09/30/2023,FEU,Z24,22,0.19278541294
09/30/2023,FEU,Z14,22,0.19278541294
09/30/2023,FEU,Z24,23,0.173110069486
09/30/2023,FEU,Z14,23,0.173110069486
09/30/2023,FEU,Z24,24,0.16794781385
09/30/2023,FEU,Z14,24,0.16794781385
09/30/2023,FEU,Z24,3,0.16110287476
09/30/2023,FEU,Z14,3,0.16110287476
09/30/2023,FEU,Z24,4,0.168049925306
09/30/2023,FEU,Z14,4,0.168049925306
09/30/2023,FEU,Z24,5,0.167491919488
09/30/2023,FEU,Z14,5,0.167491919488
09/30/2023,FEU,Z24,6,0.159593841306
09/30/2023,FEU,Z14,6,0.159593841306
09/30/2023,FEU,Z24,7,0.155546816578
09/30/2023,FEU,Z14,7,0.155546816578
09/30/2023,FEU,Z24,8,0.160141381486
09/30/2023,FEU,Z14,8,0.160141381486
09/30/2023,FEU,Z24,9,0.150877499848
09/30/2023,FEU,Z14,9,0.150877499848
10/01/2023,FEU,Z24,1,0.168729198398
10/01/2023,FEU,Z14,1,0.168729198398
10/01/2023,FEU,Z24,10,0.139410792394
10/01/2023,FEU,Z14,10,0.139410792394
10/01/2023,FEU,Z24,11,0.087180574392
10/01/2023,FEU,Z14,11,0.087180574392
10/01/2023,FEU,Z24,12,0.0630913593
10/01/2023,FEU,Z14,12,0.0630913593
10/01/2023,FEU,Z24,13,0.062897146482
10/01/2023,FEU,Z14,13,0.062897146482
10/01/2023,FEU,Z24,14,0.065600683754
10/01/2023,FEU,Z14,14,0.065600683754
10/01/2023,FEU,Z24,15,0.063021620572
10/01/2023,FEU,Z14,15,0.063021620572
10/01/2023,FEU,Z24,16,0.03049558021
10/01/2023,FEU,Z14,16,0.03049558021
10/01/2023,FEU,Z24,17,0.096891131302
10/01/2023,FEU,Z14,17,0.096891131302
10/01/2023,FEU,Z24,18,0.13061456203
10/01/2023,FEU,Z14,18,0.13061456203
10/01/2023,FEU,Z24,19,0.15953869294
10/01/2023,FEU,Z14,19,0.15953869294
10/01/2023,FEU,Z24,2,0.16443210249
10/01/2023,FEU,Z14,2,0.16443210249
10/01/2023,FEU,Z24,20,0.169242586396
10/01/2023,FEU,Z14,20,0.169242586396
10/01/2023,FEU,Z24,21,0.177654245578
10/01/2023,FEU,Z14,21,0.177654245578
10/01/2023,FEU,Z24,22,0.182456753668
10/01/2023,FEU,Z14,22,0.182456753668
10/01/2023,FEU,Z24,23,0.17675208885
10/01/2023,FEU,Z14,23,0.17675208885
10/01/2023,FEU,Z24,24,0.168862681214
10/01/2023,FEU,Z14,24,0.168862681214
10/01/2023,FEU,Z24,3,0.156278622946
10/01/2023,FEU,Z14,3,0.156278622946
10/01/2023,FEU,Z24,4,0.153583055854
10/01/2023,FEU,Z14,4,0.153583055854
10/01/2023,FEU,Z24,5,0.152409952218
10/01/2023,FEU,Z14,5,0.152409952218
10/01/2023,FEU,Z24,6,0.1519860184
10/01/2023,FEU,Z14,6,0.1519860184
10/01/2023,FEU,Z24,7,0.157223642036
10/01/2023,FEU,Z14,7,0.157223642036
10/01/2023,FEU,Z24,8,0.169835888944
10/01/2023,FEU,Z14,8,0.169835888944
10/01/2023,FEU,Z24,9,0.16547477476
10/01/2023,FEU,Z14,9,0.16547477476
10/02/2023,FEU,Z24,1,0.163740544216
10/02/2023,FEU,Z14,1,0.163740544216
10/02/2023,FEU,Z24,10,0.188714839662
10/02/2023,FEU,Z14,10,0.188714839662
10/02/2023,FEU,Z24,11,0.167139078752
10/02/2023,FEU,Z14,11,0.212951527298
10/02/2023,FEU,Z24,12,0.194806141116
10/02/2023,FEU,Z14,12,0.194806141116
10/02/2023,FEU,Z24,13,0.192947270298
10/02/2023,FEU,Z14,13,0.192947270298
10/02/2023,FEU,Z24,14,0.190831008298
10/02/2023,FEU,Z14,14,0.190831008298
10/02/2023,FEU,Z24,15,0.193795787848
10/02/2023,FEU,Z14,15,0.14791401112
10/02/2023,FEU,Z24,16,0.151606828576
10/02/2023,FEU,Z14,16,0.151606828576
10/02/2023,FEU,Z24,17,0.158953525304
10/02/2023,FEU,Z14,17,0.158953525304
10/02/2023,FEU,Z24,18,0.168865039668
10/02/2023,FEU,Z14,18,0.168865039668
10/02/2023,FEU,Z24,19,0.193450116936
10/02/2023,FEU,Z14,19,0.239484009664
10/02/2023,FEU,Z24,2,0.156201025672
10/02/2023,FEU,Z14,2,0.156201025672
10/02/2023,FEU,Z24,20,0.25648606021
10/02/2023,FEU,Z14,20,0.25648606021
10/02/2023,FEU,Z24,21,0.272670138028
10/02/2023,FEU,Z14,21,0.272670138028
10/02/2023,FEU,Z24,22,0.251837651846
10/02/2023,FEU,Z14,22,0.251837651846
10/02/2023,FEU,Z24,23,0.245166127488
10/02/2023,FEU,Z14,23,0.198956399578
10/02/2023,FEU,Z24,24,0.195303984034
10/02/2023,FEU,Z14,24,0.195303984034
10/02/2023,FEU,Z24,3,0.142523972854
10/02/2023,FEU,Z14,3,0.142523972854
10/02/2023,FEU,Z24,4,0.140645718036
10/02/2023,FEU,Z14,4,0.140645718036
10/02/2023,FEU,Z24,5,0.139482141672
10/02/2023,FEU,Z14,5,0.139482141672
10/02/2023,FEU,Z24,6,0.141811751308
10/02/2023,FEU,Z14,6,0.141811751308
10/02/2023,FEU,Z24,7,0.163764886396
10/02/2023,FEU,Z14,7,0.163764886396
10/02/2023,FEU,Z24,8,0.177073159484
10/02/2023,FEU,Z14,8,0.177073159484
10/02/2023,FEU,Z24,9,0.212924125304
10/02/2023,FEU,Z14,9,0.212924125304
10/03/2023,FEU,Z24,1,0.16373778885
10/03/2023,FEU,Z14,1,0.16373778885
10/03/2023,FEU,Z24,10,0.186083180026
10/03/2023,FEU,Z14,10,0.186083180026
10/03/2023,FEU,Z24,11,0.167906871934
10/03/2023,FEU,Z14,11,0.21372306748
10/03/2023,FEU,Z24,12,0.195117953116
10/03/2023,FEU,Z14,12,0.195117953116
10/03/2023,FEU,Z24,13,0.195725808934
10/03/2023,FEU,Z14,13,0.195725808934
10/03/2023,FEU,Z24,14,0.192436825116
10/03/2023,FEU,Z14,14,0.192436825116
10/03/2023,FEU,Z24,15,0.178507875666
10/03/2023,FEU,Z14,15,0.132679226938
10/03/2023,FEU,Z24,16,0.121151280212
10/03/2023,FEU,Z14,16,0.121151280212
10/03/2023,FEU,Z24,17,0.086195665486
10/03/2023,FEU,Z14,17,0.086195665486
10/03/2023,FEU,Z24,18,0.12908271385
10/03/2023,FEU,Z14,18,0.12908271385
10/03/2023,FEU,Z24,19,0.153894089482
10/03/2023,FEU,Z14,19,0.199681946028
10/03/2023,FEU,Z24,2,0.16083855476
10/03/2023,FEU,Z14,2,0.16083855476
10/03/2023,FEU,Z24,20,0.232151602392
10/03/2023,FEU,Z14,20,0.232151602392
10/03/2023,FEU,Z24,21,0.238538241574
10/03/2023,FEU,Z14,21,0.238538241574
10/03/2023,FEU,Z24,22,0.233593223574
10/03/2023,FEU,Z14,22,0.233593223574
10/03/2023,FEU,Z24,23,0.224926392398
10/03/2023,FEU,Z14,23,0.178799135488
10/03/2023,FEU,Z24,24,0.157246796398
10/03/2023,FEU,Z14,24,0.157246796398
10/03/2023,FEU,Z24,3,0.149842372306
10/03/2023,FEU,Z14,3,0.149842372306
10/03/2023,FEU,Z24,4,0.15621322567
10/03/2023,FEU,Z14,4,0.15621322567
10/03/2023,FEU,Z24,5,0.164959432216
10/03/2023,FEU,Z14,5,0.164959432216
10/03/2023,FEU,Z24,6,0.16880977567
10/03/2023,FEU,Z14,6,0.16880977567
10/03/2023,FEU,Z24,7,0.168131857486
10/03/2023,FEU,Z14,7,0.168131857486
10/03/2023,FEU,Z24,8,0.170381270302
10/03/2023,FEU,Z14,8,0.170381270302
10/03/2023,FEU,Z24,9,0.199978742032
10/03/2023,FEU,Z14,9,0.199978742032
10/04/2023,FEU,Z24,1,0.119229711488
10/04/2023,FEU,Z14,1,0.119229711488
10/04/2023,FEU,Z24,10,0.186087277754
10/04/2023,FEU,Z14,10,0.186087277754
10/04/2023,FEU,Z24,11,0.151153526298
10/04/2023,FEU,Z14,11,0.196926757844
10/04/2023,FEU,Z24,12,0.185886497116
10/04/2023,FEU,Z14,12,0.185886497116
10/04/2023,FEU,Z24,13,0.184823605116
10/04/2023,FEU,Z14,13,0.184823605116
10/04/2023,FEU,Z24,14,0.184610496934
10/04/2023,FEU,Z14,14,0.184610496934
10/04/2023,FEU,Z24,15,0.186370918666
10/04/2023,FEU,Z14,15,0.140516384938
10/04/2023,FEU,Z24,16,0.140626460576
10/04/2023,FEU,Z14,16,0.140626460576
10/04/2023,FEU,Z24,17,0.145433173668
10/04/2023,FEU,Z14,17,0.145433173668
10/04/2023,FEU,Z24,18,0.154442514396
10/04/2023,FEU,Z14,18,0.154442514396
10/04/2023,FEU,Z24,19,0.170697538482
10/04/2023,FEU,Z14,19,0.21665357521
10/04/2023,FEU,Z24,2,0.119662162762
10/04/2023,FEU,Z14,2,0.119662162762
10/04/2023,FEU,Z24,20,0.238518431938
10/04/2023,FEU,Z14,20,0.238518431938
10/04/2023,FEU,Z24,21,0.25034361112
10/04/2023,FEU,Z14,21,0.25034361112
10/04/2023,FEU,Z24,22,0.240713915302
10/04/2023,FEU,Z14,22,0.240713915302
10/04/2023,FEU,Z24,23,0.236830424944
10/04/2023,FEU,Z14,23,0.190788676216
10/04/2023,FEU,Z24,24,0.186796127308
10/04/2023,FEU,Z14,24,0.186796127308
10/04/2023,FEU,Z24,3,0.121501061854
10/04/2023,FEU,Z14,3,0.121501061854
10/04/2023,FEU,Z24,4,0.123891085672
10/04/2023,FEU,Z14,4,0.123891085672
10/04/2023,FEU,Z24,5,0.128106177126
10/04/2023,FEU,Z14,5,0.128106177126
10/04/2023,FEU,Z24,6,0.129988132762
10/04/2023,FEU,Z14,6,0.129988132762
10/04/2023,FEU,Z24,7,0.156781953214
10/04/2023,FEU,Z14,7,0.156781953214
10/04/2023,FEU,Z24,8,0.162057870212
10/04/2023,FEU,Z14,8,0.162057870212
10/04/2023,FEU,Z24,9,0.195552442942
10/04/2023,FEU,Z14,9,0.195552442942
10/05/2023,FEU,Z24,1,0.137825615488
10/05/2023,FEU,Z14,1,0.137825615488
10/05/2023,FEU,Z24,10,0.170103062572
10/05/2023,FEU,Z14,10,0.170103062572
10/05/2023,FEU,Z24,11,0.144151943662
10/05/2023,FEU,Z14,11,0.189908008208
10/05/2023,FEU,Z24,12,0.185056549754
10/05/2023,FEU,Z14,12,0.185056549754
10/05/2023,FEU,Z24,13,0.183119516572
10/05/2023,FEU,Z14,13,0.183119516572
10/05/2023,FEU,Z24,14,0.18147766839
10/05/2023,FEU,Z14,14,0.18147766839
10/05/2023,FEU,Z24,15,0.182955139122
10/05/2023,FEU,Z14,15,0.137106546394
10/05/2023,FEU,Z24,16,0.14158471385
10/05/2023,FEU,Z14,16,0.14158471385
10/05/2023,FEU,Z24,17,0.141825363124
10/05/2023,FEU,Z14,17,0.141825363124
10/05/2023,FEU,Z24,18,0.144142083124
10/05/2023,FEU,Z14,18,0.144142083124
10/05/2023,FEU,Z24,19,0.173414222846
10/05/2023,FEU,Z14,19,0.219380635574
10/05/2023,FEU,Z24,2,0.125198836126
10/05/2023,FEU,Z14,2,0.125198836126
10/05/2023,FEU,Z24,20,0.246676156756
10/05/2023,FEU,Z14,20,0.246676156756
10/05/2023,FEU,Z24,21,0.250614914938
10/05/2023,FEU,Z14,21,0.250614914938
10/05/2023,FEU,Z24,22,0.238542770938
10/05/2023,FEU,Z14,22,0.238542770938
10/05/2023,FEU,Z24,23,0.23355910658
10/05/2023,FEU,Z14,23,0.187529237852
10/05/2023,FEU,Z24,24,0.177688673126
10/05/2023,FEU,Z14,24,0.177688673126
10/05/2023,FEU,Z24,3,0.135246267218
10/05/2023,FEU,Z14,3,0.135246267218
10/05/2023,FEU,Z24,4,0.139940096036
10/05/2023,FEU,Z14,4,0.139940096036
10/05/2023,FEU,Z24,5,0.137885526036
10/05/2023,FEU,Z14,5,0.137885526036
10/05/2023,FEU,Z24,6,0.14207245749
10/05/2023,FEU,Z14,6,0.14207245749
10/05/2023,FEU,Z24,7,0.137994135124
10/05/2023,FEU,Z14,7,0.137994135124
10/05/2023,FEU,Z24,8,0.155962353394
10/05/2023,FEU,Z14,8,0.155962353394
10/05/2023,FEU,Z24,9,0.189734216396
10/05/2023,FEU,Z14,9,0.189734216396
10/06/2023,FEU,Z24,1,0.155451685852
10/06/2023,FEU,Z14,1,0.155451685852
10/06/2023,FEU,Z24,10,0.170867734754
10/06/2023,FEU,Z14,10,0.170867734754
10/06/2023,FEU,Z24,11,0.152907605026
10/06/2023,FEU,Z14,11,0.198686780572
10/06/2023,FEU,Z24,12,0.186144956572
10/06/2023,FEU,Z14,12,0.186144956572
10/06/2023,FEU,Z24,13,0.185237324572
10/06/2023,FEU,Z14,13,0.185237324572
10/06/2023,FEU,Z24,14,0.184008400208
10/06/2023,FEU,Z14,14,0.184008400208
10/06/2023,FEU,Z24,15,0.185487977304
10/06/2023,FEU,Z14,15,0.139535073394
10/06/2023,FEU,Z24,16,0.139758134032
10/06/2023,FEU,Z14,16,0.139758134032
10/06/2023,FEU,Z24,17,0.144781631488
10/06/2023,FEU,Z14,17,0.144781631488
10/06/2023,FEU,Z24,18,0.14941596067
10/06/2023,FEU,Z14,18,0.14941596067
10/06/2023,FEU,Z24,19,0.171755431574
10/06/2023,FEU,Z14,19,0.217717988302
10/06/2023,FEU,Z24,2,0.153753424944
10/06/2023,FEU,Z14,2,0.153753424944
10/06/2023,FEU,Z24,20,0.22550252703
10/06/2023,FEU,Z14,20,0.22550252703
10/06/2023,FEU,Z24,21,0.238311356212
10/06/2023,FEU,Z14,21,0.238311356212
10/06/2023,FEU,Z24,22,0.229259514394
10/06/2023,FEU,Z14,22,0.229259514394
10/06/2023,FEU,Z24,23,0.227292420036
10/06/2023,FEU,Z14,23,0.181279847308
10/06/2023,FEU,Z24,24,0.176233906036
10/06/2023,FEU,Z14,24,0.176233906036
10/06/2023,FEU,Z24,3,0.15063821749
10/06/2023,FEU,Z14,3,0.15063821749
10/06/2023,FEU,Z24,4,0.14997140749
10/06/2023,FEU,Z14,4,0.14997140749
10/06/2023,FEU,Z24,5,0.143217089308
10/06/2023,FEU,Z14,5,0.143217089308
10/06/2023,FEU,Z24,6,0.13360278658
10/06/2023,FEU,Z14,6,0.13360278658
10/06/2023,FEU,Z24,7,0.149154278578
10/06/2023,FEU,Z14,7,0.149154278578
10/06/2023,FEU,Z24,8,0.156778222212
10/06/2023,FEU,Z14,8,0.156778222212
10/06/2023,FEU,Z24,9,0.187447239942
10/06/2023,FEU,Z14,9,0.187447239942
10/07/2023,FEU,Z24,1,0.153089457124
10/07/2023,FEU,Z14,1,0.153089457124
10/07/2023,FEU,Z24,10,0.132523087938
10/07/2023,FEU,Z14,10,0.132523087938
10/07/2023,FEU,Z24,11,0.121215526392
10/07/2023,FEU,Z14,11,0.121215526392
10/07/2023,FEU,Z24,12,0.112835682392
10/07/2023,FEU,Z14,12,0.112835682392
10/07/2023,FEU,Z24,13,0.094526954392
10/07/2023,FEU,Z14,13,0.094526954392
10/07/2023,FEU,Z24,14,0.107014389846
10/07/2023,FEU,Z14,14,0.107014389846
10/07/2023,FEU,Z24,15,0.103941336028
10/07/2023,FEU,Z14,15,0.103941336028
10/07/2023,FEU,Z24,16,0.088832041484
10/07/2023,FEU,Z14,16,0.088832041484
10/07/2023,FEU,Z24,17,0.107338786486
10/07/2023,FEU,Z14,17,0.107338786486
10/07/2023,FEU,Z24,18,0.126265958032
10/07/2023,FEU,Z14,18,0.126265958032
10/07/2023,FEU,Z24,19,0.136808712396
10/07/2023,FEU,Z14,19,0.136808712396
10/07/2023,FEU,Z24,2,0.15096369658
10/07/2023,FEU,Z14,2,0.15096369658
10/07/2023,FEU,Z24,20,0.156152506942
10/07/2023,FEU,Z14,20,0.156152506942
10/07/2023,FEU,Z24,21,0.162207493942
10/07/2023,FEU,Z14,21,0.162207493942
10/07/2023,FEU,Z24,22,0.161745998578
10/07/2023,FEU,Z14,22,0.161745998578
10/07/2023,FEU,Z24,23,0.159039335852
10/07/2023,FEU,Z14,23,0.159039335852
10/07/2023,FEU,Z24,24,0.15857493658
10/07/2023,FEU,Z14,24,0.15857493658
10/07/2023,FEU,Z24,3,0.136913963308
10/07/2023,FEU,Z14,3,0.136913963308
10/07/2023,FEU,Z24,4,0.136713401672
10/07/2023,FEU,Z14,4,0.136713401672
10/07/2023,FEU,Z24,5,0.13663759749
10/07/2023,FEU,Z14,5,0.13663759749
10/07/2023,FEU,Z24,6,0.137526681672
10/07/2023,FEU,Z14,6,0.137526681672
10/07/2023,FEU,Z24,7,0.147593494762
10/07/2023,FEU,Z14,7,0.147593494762
10/07/2023,FEU,Z24,8,0.151193529124
10/07/2023,FEU,Z14,8,0.151193529124
10/07/2023,FEU,Z24,9,0.14901454294
10/07/2023,FEU,Z14,9,0.14901454294
10/08/2023,FEU,Z24,1,0.162403718398
10/08/2023,FEU,Z14,1,0.162403718398
10/08/2023,FEU,Z24,10,0.143060001394
10/08/2023,FEU,Z14,10,0.143060001394
10/08/2023,FEU,Z24,11,0.123327538392
10/08/2023,FEU,Z14,11,0.123327538392
10/08/2023,FEU,Z24,12,0.1083197093
10/08/2023,FEU,Z14,12,0.1083197093
10/08/2023,FEU,Z24,13,0.100933092482
10/08/2023,FEU,Z14,13,0.100933092482
10/08/2023,FEU,Z24,14,0.083441121754
10/08/2023,FEU,Z14,14,0.083441121754
10/08/2023,FEU,Z24,15,0.082917326572
10/08/2023,FEU,Z14,15,0.082917326572
10/08/2023,FEU,Z24,16,0.10173020521
10/08/2023,FEU,Z14,16,0.10173020521
10/08/2023,FEU,Z24,17,0.114076253302
10/08/2023,FEU,Z14,17,0.114076253302
10/08/2023,FEU,Z24,18,0.12306885703
10/08/2023,FEU,Z14,18,0.12306885703
10/08/2023,FEU,Z24,19,0.15321952294
10/08/2023,FEU,Z14,19,0.15321952294
10/08/2023,FEU,Z24,2,0.16039180749
10/08/2023,FEU,Z14,2,0.16039180749
10/08/2023,FEU,Z24,20,0.179658462396
10/08/2023,FEU,Z14,20,0.179658462396
10/08/2023,FEU,Z24,21,0.170245409578
10/08/2023,FEU,Z14,21,0.170245409578
10/08/2023,FEU,Z24,22,0.167188883668
10/08/2023,FEU,Z14,22,0.167188883668
10/08/2023,FEU,Z24,23,0.16311738885
10/08/2023,FEU,Z14,23,0.16311738885
10/08/2023,FEU,Z24,24,0.155371907214
10/08/2023,FEU,Z14,24,0.155371907214
10/08/2023,FEU,Z24,3,0.157622373946
10/08/2023,FEU,Z14,3,0.157622373946
10/08/2023,FEU,Z24,4,0.162647936854
10/08/2023,FEU,Z14,4,0.162647936854
10/08/2023,FEU,Z24,5,0.157096843218
10/08/2023,FEU,Z14,5,0.157096843218
10/08/2023,FEU,Z24,6,0.1572492184
10/08/2023,FEU,Z14,6,0.1572492184
10/08/2023,FEU,Z24,7,0.157065506036
10/08/2023,FEU,Z14,7,0.157065506036
10/08/2023,FEU,Z24,8,0.159937520944
10/08/2023,FEU,Z14,8,0.159937520944
10/08/2023,FEU,Z24,9,0.15513679476
10/08/2023,FEU,Z14,9,0.15513679476
10/09/2023,FEU,Z24,1,0.166514524216
10/09/2023,FEU,Z14,1,0.166514524216
10/09/2023,FEU,Z24,10,0.186351828662
10/09/2023,FEU,Z14,10,0.186351828662
10/09/2023,FEU,Z24,11,0.171567206752
10/09/2023,FEU,Z14,11,0.217392488298
10/09/2023,FEU,Z24,12,0.210160037116
10/09/2023,FEU,Z14,12,0.210160037116
10/09/2023,FEU,Z24,13,0.204186922298
10/09/2023,FEU,Z14,13,0.204186922298
10/09/2023,FEU,Z24,14,0.197572749298
10/09/2023,FEU,Z14,14,0.197572749298
10/09/2023,FEU,Z24,15,0.200436407848
10/09/2023,FEU,Z14,15,0.15453297112
10/09/2023,FEU,Z24,16,0.152294780576
10/09/2023,FEU,Z14,16,0.152294780576
10/09/2023,FEU,Z24,17,0.164402153304
10/09/2023,FEU,Z14,17,0.164402153304
10/09/2023,FEU,Z24,18,0.170832663668
10/09/2023,FEU,Z14,18,0.170832663668
10/09/2023,FEU,Z24,19,0.191108196936
10/09/2023,FEU,Z14,19,0.237132777664
10/09/2023,FEU,Z24,2,0.167432661672
10/09/2023,FEU,Z14,2,0.167432661672
10/09/2023,FEU,Z24,20,0.25275772021
10/09/2023,FEU,Z14,20,0.25275772021
10/09/2023,FEU,Z24,21,0.301456668028
10/09/2023,FEU,Z14,21,0.301456668028
10/09/2023,FEU,Z24,22,0.241688945846
10/09/2023,FEU,Z14,22,0.241688945846
10/09/2023,FEU,Z24,23,0.241139343488
10/09/2023,FEU,Z14,23,0.194946620578
10/09/2023,FEU,Z24,24,0.186338573034
10/09/2023,FEU,Z14,24,0.186338573034
10/09/2023,FEU,Z24,3,0.163548080854
10/09/2023,FEU,Z14,3,0.163548080854
10/09/2023,FEU,Z24,4,0.163985154036
10/09/2023,FEU,Z14,4,0.163985154036
10/09/2023,FEU,Z24,5,0.163668849672
10/09/2023,FEU,Z14,5,0.163668849672
10/09/2023,FEU,Z24,6,0.163593893308
10/09/2023,FEU,Z14,6,0.163593893308
10/09/2023,FEU,Z24,7,0.165738036396
10/09/2023,FEU,Z14,7,0.165738036396
10/09/2023,FEU,Z24,8,0.169180855484
10/09/2023,FEU,Z14,8,0.169180855484
10/09/2023,FEU,Z24,9,0.201430321304
10/09/2023,FEU,Z14,9,0.201430321304
10/10/2023,FEU,Z24,1,0.16969033885
10/10/2023,FEU,Z14,1,0.16969033885
10/10/2023,FEU,Z24,10,0.201342230026
10/10/2023,FEU,Z14,10,0.201342230026
10/10/2023,FEU,Z24,11,0.180593517934
10/10/2023,FEU,Z14,11,0.22644204748
10/10/2023,FEU,Z24,12,0.209328159116
10/10/2023,FEU,Z14,12,0.209328159116
10/10/2023,FEU,Z24,13,0.205710942934
10/10/2023,FEU,Z14,13,0.205710942934
10/10/2023,FEU,Z24,14,0.204776159116
10/10/2023,FEU,Z14,14,0.204776159116
10/10/2023,FEU,Z24,15,0.208640042666
10/10/2023,FEU,Z14,15,0.162707757938
10/10/2023,FEU,Z24,16,0.162867262212
10/10/2023,FEU,Z14,16,0.162867262212
10/10/2023,FEU,Z24,17,0.164411305486
10/10/2023,FEU,Z14,17,0.164411305486
10/10/2023,FEU,Z24,18,0.17868298885
10/10/2023,FEU,Z14,18,0.17868298885
10/10/2023,FEU,Z24,19,0.191812633482
10/10/2023,FEU,Z14,19,0.237699322028
10/10/2023,FEU,Z24,2,0.16496029476
10/10/2023,FEU,Z14,2,0.16496029476
10/10/2023,FEU,Z24,20,0.253276346392
10/10/2023,FEU,Z14,20,0.253276346392
10/10/2023,FEU,Z24,21,0.270088474574
10/10/2023,FEU,Z14,21,0.270088474574
10/10/2023,FEU,Z24,22,0.260362732574
10/10/2023,FEU,Z14,22,0.260362732574
10/10/2023,FEU,Z24,23,0.248694502398
10/10/2023,FEU,Z14,23,0.202467295488
10/10/2023,FEU,Z24,24,0.191094059398
10/10/2023,FEU,Z14,24,0.191094059398
10/10/2023,FEU,Z24,3,0.164962295306
10/10/2023,FEU,Z14,3,0.164962295306
10/10/2023,FEU,Z24,4,0.16562094067
10/10/2023,FEU,Z14,4,0.16562094067
10/10/2023,FEU,Z24,5,0.165900328216
10/10/2023,FEU,Z14,5,0.165900328216
10/10/2023,FEU,Z24,6,0.16566952567
10/10/2023,FEU,Z14,6,0.16566952567
10/10/2023,FEU,Z24,7,0.164012281486
10/10/2023,FEU,Z14,7,0.164012281486
10/10/2023,FEU,Z24,8,0.190796294302
10/10/2023,FEU,Z14,8,0.190796294302
10/10/2023,FEU,Z24,9,0.230841686032
10/10/2023,FEU,Z14,9,0.230841686032
10/11/2023,FEU,Z24,1,0.175016239488
10/11/2023,FEU,Z14,1,0.175016239488
10/11/2023,FEU,Z24,10,0.199327098754
10/11/2023,FEU,Z14,10,0.199327098754
10/11/2023,FEU,Z24,11,0.168995961298
10/11/2023,FEU,Z14,11,0.214816187844
10/11/2023,FEU,Z24,12,0.203609709116
10/11/2023,FEU,Z14,12,0.203609709116
10/11/2023,FEU,Z24,13,0.202038131116
10/11/2023,FEU,Z14,13,0.202038131116
10/11/2023,FEU,Z24,14,0.203206131934
10/11/2023,FEU,Z14,14,0.203206131934
10/11/2023,FEU,Z24,15,0.203066946666
10/11/2023,FEU,Z14,15,0.157153829938
10/11/2023,FEU,Z24,16,0.154251180576
10/11/2023,FEU,Z14,16,0.154251180576
10/11/2023,FEU,Z24,17,0.159604527668
10/11/2023,FEU,Z14,17,0.159604527668
10/11/2023,FEU,Z24,18,0.170157034396
10/11/2023,FEU,Z14,18,0.170157034396
10/11/2023,FEU,Z24,19,0.195774375482
10/11/2023,FEU,Z14,19,0.24181756021
10/11/2023,FEU,Z24,2,0.175041280762
10/11/2023,FEU,Z14,2,0.175041280762
10/11/2023,FEU,Z24,20,0.254403685938
10/11/2023,FEU,Z14,20,0.254403685938
10/11/2023,FEU,Z24,21,0.27260169112
10/11/2023,FEU,Z14,21,0.27260169112
10/11/2023,FEU,Z24,22,0.260881646302
10/11/2023,FEU,Z14,22,0.260881646302
10/11/2023,FEU,Z24,23,0.256386376944
10/11/2023,FEU,Z14,23,0.210279004216
10/11/2023,FEU,Z24,24,0.207039203308
10/11/2023,FEU,Z14,24,0.207039203308
10/11/2023,FEU,Z24,3,0.175249952854
10/11/2023,FEU,Z14,3,0.175249952854
10/11/2023,FEU,Z24,4,0.175082277672
10/11/2023,FEU,Z14,4,0.175082277672
10/11/2023,FEU,Z24,5,0.175535085126
10/11/2023,FEU,Z14,5,0.175535085126
10/11/2023,FEU,Z24,6,0.174157558762
10/11/2023,FEU,Z14,6,0.174157558762
10/11/2023,FEU,Z24,7,0.171753393214
10/11/2023,FEU,Z14,7,0.171753393214
10/11/2023,FEU,Z24,8,0.177529524212
10/11/2023,FEU,Z14,8,0.177529524212
10/11/2023,FEU,Z24,9,0.212637969942
10/11/2023,FEU,Z14,9,0.212637969942
10/12/2023,FEU,Z24,1,0.174781141668
10/12/2023,FEU,Z14,1,0.174781141668
10/12/2023,FEU,Z24,10,0.17785298203
10/12/2023,FEU,Z14,10,0.17785298203
10/12/2023,FEU,Z24,11,0.171712846756
10/12/2023,FEU,Z14,11,0.171712846756
10/12/2023,FEU,Z24,12,0.135749998756
10/12/2023,FEU,Z14,12,0.135749998756
10/12/2023,FEU,Z24,13,0.131111425938
10/12/2023,FEU,Z14,13,0.131111425938
10/12/2023,FEU,Z24,14,0.129342784756
10/12/2023,FEU,Z14,14,0.129342784756
10/12/2023,FEU,Z24,15,0.128181473938
10/12/2023,FEU,Z14,15,0.128181473938
10/12/2023,FEU,Z24,16,0.126792828576
10/12/2023,FEU,Z14,16,0.126792828576
10/12/2023,FEU,Z24,17,0.128882104486
10/12/2023,FEU,Z14,17,0.128882104486
10/12/2023,FEU,Z24,18,0.138432670486
10/12/2023,FEU,Z14,18,0.138432670486
10/12/2023,FEU,Z24,19,0.176059277304
10/12/2023,FEU,Z14,19,0.176059277304
10/12/2023,FEU,Z24,2,0.176626479488
10/12/2023,FEU,Z14,2,0.176626479488
10/12/2023,FEU,Z24,20,0.182660635486
10/12/2023,FEU,Z14,20,0.182660635486
10/12/2023,FEU,Z24,21,0.196138549668
10/12/2023,FEU,Z14,21,0.196138549668
10/12/2023,FEU,Z24,22,0.179576818486
10/12/2023,FEU,Z14,22,0.179576818486
10/12/2023,FEU,Z24,23,0.177996304396
10/12/2023,FEU,Z14,23,0.177996304396
10/12/2023,FEU,Z24,24,0.173177547124
10/12/2023,FEU,Z14,24,0.173177547124
10/12/2023,FEU,Z24,3,0.176043926398
10/12/2023,FEU,Z14,3,0.176043926398
10/12/2023,FEU,Z24,4,0.176576479762
10/12/2023,FEU,Z14,4,0.176576479762
10/12/2023,FEU,Z24,5,0.17479939658
10/12/2023,FEU,Z14,5,0.17479939658
10/12/2023,FEU,Z24,6,0.174654205762
10/12/2023,FEU,Z14,6,0.174654205762
10/12/2023,FEU,Z24,7,0.172651709398
10/12/2023,FEU,Z14,7,0.172651709398
10/12/2023,FEU,Z24,8,0.177036143488
10/12/2023,FEU,Z14,8,0.177036143488
10/12/2023,FEU,Z24,9,0.179054897578
10/12/2023,FEU,Z14,9,0.179054897578
10/13/2023,FEU,Z24,1,0.174234367852
10/13/2023,FEU,Z14,1,0.174234367852
10/13/2023,FEU,Z24,10,0.198314297754
10/13/2023,FEU,Z14,10,0.198314297754
10/13/2023,FEU,Z24,11,0.180466478026
10/13/2023,FEU,Z14,11,0.226319132572
10/13/2023,FEU,Z24,12,0.201909332572
10/13/2023,FEU,Z14,12,0.201909332572
10/13/2023,FEU,Z24,13,0.201060146572
10/13/2023,FEU,Z14,13,0.201060146572
10/13/2023,FEU,Z24,14,0.197549928208
10/13/2023,FEU,Z14,14,0.197549928208
10/13/2023,FEU,Z24,15,0.199457045304
10/13/2023,FEU,Z14,15,0.153444546394
10/13/2023,FEU,Z24,16,0.154252334032
10/13/2023,FEU,Z14,16,0.154252334032
10/13/2023,FEU,Z24,17,0.160624735488
10/13/2023,FEU,Z14,17,0.160624735488
10/13/2023,FEU,Z24,18,0.19818700567
10/13/2023,FEU,Z14,18,0.19818700567
10/13/2023,FEU,Z24,19,0.199687725574
10/13/2023,FEU,Z14,19,0.245746850302
10/13/2023,FEU,Z24,2,0.174229600944
10/13/2023,FEU,Z14,2,0.174229600944
10/13/2023,FEU,Z24,20,0.25324933203
10/13/2023,FEU,Z14,20,0.25324933203
10/13/2023,FEU,Z24,21,0.262472042212
10/13/2023,FEU,Z14,21,0.262472042212
10/13/2023,FEU,Z24,22,0.252811908394
10/13/2023,FEU,Z14,22,0.252811908394
10/13/2023,FEU,Z24,23,0.252565428036
10/13/2023,FEU,Z14,23,0.206469665308
10/13/2023,FEU,Z24,24,0.205326138036
10/13/2023,FEU,Z14,24,0.205326138036
10/13/2023,FEU,Z24,3,0.17218406749
10/13/2023,FEU,Z14,3,0.17218406749
10/13/2023,FEU,Z24,4,0.15353728749
10/13/2023,FEU,Z14,4,0.15353728749
10/13/2023,FEU,Z24,5,0.151023461308
10/13/2023,FEU,Z14,5,0.151023461308
10/13/2023,FEU,Z24,6,0.15313782658
10/13/2023,FEU,Z14,6,0.15313782658
10/13/2023,FEU,Z24,7,0.172638779578
10/13/2023,FEU,Z14,7,0.172638779578
10/13/2023,FEU,Z24,8,0.176274908212
10/13/2023,FEU,Z14,8,0.176274908212
10/13/2023,FEU,Z24,9,0.215467645942
10/13/2023,FEU,Z14,9,0.215467645942
10/14/2023,FEU,Z24,1,0.186893475124
10/14/2023,FEU,Z14,1,0.186893475124
10/14/2023,FEU,Z24,10,0.175647159938
10/14/2023,FEU,Z14,10,0.175647159938
10/14/2023,FEU,Z24,11,0.174179978392
10/14/2023,FEU,Z14,11,0.174179978392
10/14/2023,FEU,Z24,12,0.176856118392
10/14/2023,FEU,Z14,12,0.176856118392
10/14/2023,FEU,Z24,13,0.175929006392
10/14/2023,FEU,Z14,13,0.175929006392
10/14/2023,FEU,Z24,14,0.175292743846
10/14/2023,FEU,Z14,14,0.175292743846
10/14/2023,FEU,Z24,15,0.168167206028
10/14/2023,FEU,Z14,15,0.168167206028
10/14/2023,FEU,Z24,16,0.150247227484
10/14/2023,FEU,Z14,16,0.150247227484
10/14/2023,FEU,Z24,17,0.147994966486
10/14/2023,FEU,Z14,17,0.147994966486
10/14/2023,FEU,Z24,18,0.160901510032
10/14/2023,FEU,Z14,18,0.160901510032
10/14/2023,FEU,Z24,19,0.180878870396
10/14/2023,FEU,Z14,19,0.180878870396
10/14/2023,FEU,Z24,2,0.18853556658
10/14/2023,FEU,Z14,2,0.18853556658
10/14/2023,FEU,Z24,20,0.187996990942
10/14/2023,FEU,Z14,20,0.187996990942
10/14/2023,FEU,Z24,21,0.187421843942
10/14/2023,FEU,Z14,21,0.187421843942
10/14/2023,FEU,Z24,22,0.181831442578
10/14/2023,FEU,Z14,22,0.181831442578
10/14/2023,FEU,Z24,23,0.181146375852
10/14/2023,FEU,Z14,23,0.181146375852
10/14/2023,FEU,Z24,24,0.18219405658
10/14/2023,FEU,Z14,24,0.18219405658
10/14/2023,FEU,Z24,3,0.189414143308
10/14/2023,FEU,Z14,3,0.189414143308
10/14/2023,FEU,Z24,4,0.190041845672
10/14/2023,FEU,Z14,4,0.190041845672
10/14/2023,FEU,Z24,5,0.18940043249
10/14/2023,FEU,Z14,5,0.18940043249
10/14/2023,FEU,Z24,6,0.188524121672
10/14/2023,FEU,Z14,6,0.188524121672
10/14/2023,FEU,Z24,7,0.187289524762
10/14/2023,FEU,Z14,7,0.187289524762
10/14/2023,FEU,Z24,8,0.183485769124
10/14/2023,FEU,Z14,8,0.183485769124
10/14/2023,FEU,Z24,9,0.18397180294
10/14/2023,FEU,Z14,9,0.18397180294
10/15/2023,FEU,Z24,1,0.192556758398
10/15/2023,FEU,Z14,1,0.192556758398
10/15/2023,FEU,Z24,10,0.196019628394
10/15/2023,FEU,Z14,10,0.196019628394
10/15/2023,FEU,Z24,11,0.159861762392
10/15/2023,FEU,Z14,11,0.159861762392
10/15/2023,FEU,Z24,12,0.1429485093
10/15/2023,FEU,Z14,12,0.1429485093
10/15/2023,FEU,Z24,13,0.142953800482
10/15/2023,FEU,Z14,13,0.142953800482
10/15/2023,FEU,Z24,14,0.146380452754
10/15/2023,FEU,Z14,14,0.146380452754
10/15/2023,FEU,Z24,15,0.146406872572
10/15/2023,FEU,Z14,15,0.146406872572
10/15/2023,FEU,Z24,16,0.14293483021
10/15/2023,FEU,Z14,16,0.14293483021
10/15/2023,FEU,Z24,17,0.146230148302
10/15/2023,FEU,Z14,17,0.146230148302
10/15/2023,FEU,Z24,18,0.18691318703
10/15/2023,FEU,Z14,18,0.18691318703
10/15/2023,FEU,Z24,19,0.19476856294
10/15/2023,FEU,Z14,19,0.19476856294
10/15/2023,FEU,Z24,2,0.19824462749
10/15/2023,FEU,Z14,2,0.19824462749
10/15/2023,FEU,Z24,20,0.205418966396
10/15/2023,FEU,Z14,20,0.205418966396
10/15/2023,FEU,Z24,21,0.208905998578
10/15/2023,FEU,Z14,21,0.208905998578
10/15/2023,FEU,Z24,22,0.208426807668
10/15/2023,FEU,Z14,22,0.208426807668
10/15/2023,FEU,Z24,23,0.19843906385
10/15/2023,FEU,Z14,23,0.19843906385
10/15/2023,FEU,Z24,24,0.193107704214
10/15/2023,FEU,Z14,24,0.193107704214
10/15/2023,FEU,Z24,3,0.198268134946
10/15/2023,FEU,Z14,3,0.198268134946
10/15/2023,FEU,Z24,4,0.196116056854
10/15/2023,FEU,Z14,4,0.196116056854
10/15/2023,FEU,Z24,5,0.196644659218
10/15/2023,FEU,Z14,5,0.196644659218
10/15/2023,FEU,Z24,6,0.2009976184
10/15/2023,FEU,Z14,6,0.2009976184
10/15/2023,FEU,Z24,7,0.200399562036
10/15/2023,FEU,Z14,7,0.200399562036
10/15/2023,FEU,Z24,8,0.196350736944
10/15/2023,FEU,Z14,8,0.196350736944
10/15/2023,FEU,Z24,9,0.19966527476
10/15/2023,FEU,Z14,9,0.19966527476
10/16/2023,FEU,Z24,1,0.186970696216
10/16/2023,FEU,Z14,1,0.186970696216
10/16/2023,FEU,Z24,10,0.222285341662
10/16/2023,FEU,Z14,10,0.222285341662
10/16/2023,FEU,Z24,11,0.206777526752
10/16/2023,FEU,Z14,11,0.252695793298
10/16/2023,FEU,Z24,12,0.247986019116
10/16/2023,FEU,Z14,12,0.247986019116
10/16/2023,FEU,Z24,13,0.243340047298
10/16/2023,FEU,Z14,13,0.243340047298
10/16/2023,FEU,Z24,14,0.242080313298
10/16/2023,FEU,Z14,14,0.242080313298
10/16/2023,FEU,Z24,15,0.237401555848
10/16/2023,FEU,Z14,15,0.19136993112
10/16/2023,FEU,Z24,16,0.182876524576
10/16/2023,FEU,Z14,16,0.182876524576
10/16/2023,FEU,Z24,17,0.206523833304
10/16/2023,FEU,Z14,17,0.206523833304
10/16/2023,FEU,Z24,18,0.214276533668
10/16/2023,FEU,Z14,18,0.214276533668
10/16/2023,FEU,Z24,19,0.221177760936
10/16/2023,FEU,Z14,19,0.267307113664
10/16/2023,FEU,Z24,2,0.185682425672
10/16/2023,FEU,Z14,2,0.185682425672
10/16/2023,FEU,Z24,20,0.34570865521
10/16/2023,FEU,Z14,20,0.34570865521
10/16/2023,FEU,Z24,21,0.276864928028
10/16/2023,FEU,Z14,21,0.276864928028
10/16/2023,FEU,Z24,22,0.258744121846
10/16/2023,FEU,Z14,22,0.258744121846
10/16/2023,FEU,Z24,23,0.253016047488
10/16/2023,FEU,Z14,23,0.206771990578
10/16/2023,FEU,Z24,24,0.191411811034
10/16/2023,FEU,Z14,24,0.191411811034
10/16/2023,FEU,Z24,3,0.170827037854
10/16/2023,FEU,Z14,3,0.170827037854
10/16/2023,FEU,Z24,4,0.158293456036
10/16/2023,FEU,Z14,4,0.158293456036
10/16/2023,FEU,Z24,5,0.155812325672
10/16/2023,FEU,Z14,5,0.155812325672
10/16/2023,FEU,Z24,6,0.156066917308
10/16/2023,FEU,Z14,6,0.156066917308
10/16/2023,FEU,Z24,7,0.184490618396
10/16/2023,FEU,Z14,7,0.184490618396
10/16/2023,FEU,Z24,8,0.202023623484
10/16/2023,FEU,Z14,8,0.202023623484
10/16/2023,FEU,Z24,9,0.249536233304
10/16/2023,FEU,Z14,9,0.249536233304
10/17/2023,FEU,Z24,1,0.17023906385
10/17/2023,FEU,Z14,1,0.17023906385
10/17/2023,FEU,Z24,10,0.202398362026
10/17/2023,FEU,Z14,10,0.202398362026
10/17/2023,FEU,Z24,11,0.193601934934
10/17/2023,FEU,Z14,11,0.23948592748
10/17/2023,FEU,Z24,12,0.221932647116
10/17/2023,FEU,Z14,12,0.221932647116
10/17/2023,FEU,Z24,13,0.203367585934
10/17/2023,FEU,Z14,13,0.203367585934
10/17/2023,FEU,Z24,14,0.201367849116
10/17/2023,FEU,Z14,14,0.201367849116
10/17/2023,FEU,Z24,15,0.199712854666
10/17/2023,FEU,Z14,15,0.153812432938
10/17/2023,FEU,Z24,16,0.154367122212
10/17/2023,FEU,Z14,16,0.154367122212
10/17/2023,FEU,Z24,17,0.154967482486
10/17/2023,FEU,Z14,17,0.154967482486
10/17/2023,FEU,Z24,18,0.15704418885
10/17/2023,FEU,Z14,18,0.15704418885
10/17/2023,FEU,Z24,19,0.171352457482
10/17/2023,FEU,Z14,19,0.217184664028
10/17/2023,FEU,Z24,2,0.15755579476
10/17/2023,FEU,Z14,2,0.15755579476
10/17/2023,FEU,Z24,20,0.228032774392
10/17/2023,FEU,Z14,20,0.228032774392
10/17/2023,FEU,Z24,21,0.242133040574
10/17/2023,FEU,Z14,21,0.242133040574
10/17/2023,FEU,Z24,22,0.214798915574
10/17/2023,FEU,Z14,22,0.214798915574
10/17/2023,FEU,Z24,23,0.206530184398
10/17/2023,FEU,Z14,23,0.160480287488
10/17/2023,FEU,Z24,24,0.151513438398
10/17/2023,FEU,Z14,24,0.151513438398
10/17/2023,FEU,Z24,3,0.152592847306
10/17/2023,FEU,Z14,3,0.152592847306
10/17/2023,FEU,Z24,4,0.14396625067
10/17/2023,FEU,Z14,4,0.14396625067
10/17/2023,FEU,Z24,5,0.141211312216
10/17/2023,FEU,Z14,5,0.141211312216
10/17/2023,FEU,Z24,6,0.14269119067
10/17/2023,FEU,Z14,6,0.14269119067
10/17/2023,FEU,Z24,7,0.157771921486
10/17/2023,FEU,Z14,7,0.157771921486
10/17/2023,FEU,Z24,8,0.178903010302
10/17/2023,FEU,Z14,8,0.178903010302
10/17/2023,FEU,Z24,9,0.214329470032
10/17/2023,FEU,Z14,9,0.214329470032
10/18/2023,FEU,Z24,1,0.099095791488
10/18/2023,FEU,Z14,1,0.099095791488
10/18/2023,FEU,Z24,10,0.156823866754
10/18/2023,FEU,Z14,10,0.156823866754
10/18/2023,FEU,Z24,11,0.147360656298
10/18/2023,FEU,Z14,11,0.193123897844
10/18/2023,FEU,Z24,12,0.174333521116
10/18/2023,FEU,Z14,12,0.174333521116
10/18/2023,FEU,Z24,13,0.163911717116
10/18/2023,FEU,Z14,13,0.163911717116
10/18/2023,FEU,Z24,14,0.161743152934
10/18/2023,FEU,Z14,14,0.161743152934
10/18/2023,FEU,Z24,15,0.151551861666
10/18/2023,FEU,Z14,15,0.105817083938
10/18/2023,FEU,Z24,16,0.101400348576
10/18/2023,FEU,Z14,16,0.101400348576
10/18/2023,FEU,Z24,17,0.103443889668
10/18/2023,FEU,Z14,17,0.103443889668
10/18/2023,FEU,Z24,18,0.120405382396
10/18/2023,FEU,Z14,18,0.120405382396
10/18/2023,FEU,Z24,19,0.145679402482
10/18/2023,FEU,Z14,19,0.19154849521
10/18/2023,FEU,Z24,2,0.073485901762
10/18/2023,FEU,Z14,2,0.073485901762
10/18/2023,FEU,Z24,20,0.213515324938
10/18/2023,FEU,Z14,20,0.213515324938
10/18/2023,FEU,Z24,21,0.21232925112
10/18/2023,FEU,Z14,21,0.21232925112
10/18/2023,FEU,Z24,22,0.195110996302
10/18/2023,FEU,Z14,22,0.195110996302
10/18/2023,FEU,Z24,23,0.177980192944
10/18/2023,FEU,Z14,23,0.132137116216
10/18/2023,FEU,Z24,24,0.118186499308
10/18/2023,FEU,Z14,24,0.118186499308
10/18/2023,FEU,Z24,3,0.062901926854
10/18/2023,FEU,Z14,3,0.062901926854
10/18/2023,FEU,Z24,4,0.046108029672
10/18/2023,FEU,Z14,4,0.046108029672
10/18/2023,FEU,Z24,5,0.040586504126
10/18/2023,FEU,Z14,5,0.040586504126
10/18/2023,FEU,Z24,6,0.045602209762
10/18/2023,FEU,Z14,6,0.045602209762
10/18/2023,FEU,Z24,7,0.085742941214
10/18/2023,FEU,Z14,7,0.085742941214
10/18/2023,FEU,Z24,8,0.110694404212
10/18/2023,FEU,Z14,8,0.110694404212
10/18/2023,FEU,Z24,9,0.163827239942
10/18/2023,FEU,Z14,9,0.163827239942
10/19/2023,FEU,Z24,1,0.056387727488
10/19/2023,FEU,Z14,1,0.056387727488
10/19/2023,FEU,Z24,10,0.157875242572
10/19/2023,FEU,Z14,10,0.157875242572
10/19/2023,FEU,Z24,11,0.156233992662
10/19/2023,FEU,Z14,11,0.202021824208
10/19/2023,FEU,Z24,12,0.202534535754
10/19/2023,FEU,Z14,12,0.202534535754
10/19/2023,FEU,Z24,13,0.203771582572
10/19/2023,FEU,Z14,13,0.203771582572
10/19/2023,FEU,Z24,14,0.20373875839
10/19/2023,FEU,Z14,14,0.20373875839
10/19/2023,FEU,Z24,15,0.205007411122
10/19/2023,FEU,Z14,15,0.159084657394
10/19/2023,FEU,Z24,16,0.15994291385
10/19/2023,FEU,Z14,16,0.15994291385
10/19/2023,FEU,Z24,17,0.161794071124
10/19/2023,FEU,Z14,17,0.161794071124
10/19/2023,FEU,Z24,18,0.160534059124
10/19/2023,FEU,Z14,18,0.160534059124
10/19/2023,FEU,Z24,19,0.153959653846
10/19/2023,FEU,Z14,19,0.199858574574
10/19/2023,FEU,Z24,2,0.036239212126
10/19/2023,FEU,Z14,2,0.036239212126
10/19/2023,FEU,Z24,20,0.199968226756
10/19/2023,FEU,Z14,20,0.199968226756
10/19/2023,FEU,Z24,21,0.205113733938
10/19/2023,FEU,Z14,21,0.205113733938
10/19/2023,FEU,Z24,22,0.202677515938
10/19/2023,FEU,Z14,22,0.202677515938
10/19/2023,FEU,Z24,23,0.18408604658
10/19/2023,FEU,Z14,23,0.138223659852
10/19/2023,FEU,Z24,24,0.126879996126
10/19/2023,FEU,Z14,24,0.126879996126
10/19/2023,FEU,Z24,3,0.037573329218
10/19/2023,FEU,Z14,3,0.037573329218
10/19/2023,FEU,Z24,4,0.039758544036
10/19/2023,FEU,Z14,4,0.039758544036
10/19/2023,FEU,Z24,5,0.039892720036
10/19/2023,FEU,Z14,5,0.039892720036
10/19/2023,FEU,Z24,6,0.04198403749
10/19/2023,FEU,Z14,6,0.04198403749
10/19/2023,FEU,Z24,7,0.091121925124
10/19/2023,FEU,Z14,7,0.091121925124
10/19/2023,FEU,Z24,8,0.108571650394
10/19/2023,FEU,Z14,8,0.108571650394
10/19/2023,FEU,Z24,9,0.158268658396
10/19/2023,FEU,Z14,9,0.158268658396
10/20/2023,FEU,Z24,1,0.072154161852
10/20/2023,FEU,Z14,1,0.072154161852
10/20/2023,FEU,Z24,10,0.090600674754
10/20/2023,FEU,Z14,10,0.090600674754
10/20/2023,FEU,Z24,11,0.057161924026
10/20/2023,FEU,Z14,11,0.102690944572
10/20/2023,FEU,Z24,12,0.101876138572
10/20/2023,FEU,Z14,12,0.101876138572
10/20/2023,FEU,Z24,13,0.101142698572
10/20/2023,FEU,Z14,13,0.101142698572
10/20/2023,FEU,Z24,14,0.101047808208
10/20/2023,FEU,Z14,14,0.101047808208
10/20/2023,FEU,Z24,15,0.098284145304
10/20/2023,FEU,Z14,15,0.052703271394
10/20/2023,FEU,Z24,16,0.053199830032
10/20/2023,FEU,Z14,16,0.053199830032
10/20/2023,FEU,Z24,17,0.055338719488
10/20/2023,FEU,Z14,17,0.055338719488
10/20/2023,FEU,Z24,18,0.05751447067
10/20/2023,FEU,Z14,18,0.05751447067
10/20/2023,FEU,Z24,19,0.086454449574
10/20/2023,FEU,Z14,19,0.132122102302
10/20/2023,FEU,Z24,2,0.036913584944
10/20/2023,FEU,Z14,2,0.036913584944
10/20/2023,FEU,Z24,20,0.15572019203
10/20/2023,FEU,Z14,20,0.15572019203
10/20/2023,FEU,Z24,21,0.182472782212
10/20/2023,FEU,Z14,21,0.182472782212
10/20/2023,FEU,Z24,22,0.180848853394
10/20/2023,FEU,Z14,22,0.180848853394
10/20/2023,FEU,Z24,23,0.179092088036
10/20/2023,FEU,Z14,23,0.133241645308
10/20/2023,FEU,Z24,24,0.119313332036
10/20/2023,FEU,Z14,24,0.119313332036
10/20/2023,FEU,Z24,3,0.03657307749
10/20/2023,FEU,Z14,3,0.03657307749
10/20/2023,FEU,Z24,4,0.03868464249
10/20/2023,FEU,Z14,4,0.03868464249
10/20/2023,FEU,Z24,5,0.038727761308
10/20/2023,FEU,Z14,5,0.038727761308
10/20/2023,FEU,Z24,6,0.03793154658
10/20/2023,FEU,Z14,6,0.03793154658
10/20/2023,FEU,Z24,7,0.035575313578
10/20/2023,FEU,Z14,7,0.035575313578
10/20/2023,FEU,Z24,8,0.052713888212
10/20/2023,FEU,Z14,8,0.052713888212
10/20/2023,FEU,Z24,9,0.096264591942
10/20/2023,FEU,Z14,9,0.096264591942
10/21/2023,FEU,Z24,1,0.094110021124
10/21/2023,FEU,Z14,1,0.094110021124
10/21/2023,FEU,Z24,10,0.091657906938
10/21/2023,FEU,Z14,10,0.091657906938
10/21/2023,FEU,Z24,11,0.075702650392
10/21/2023,FEU,Z14,11,0.075702650392
10/21/2023,FEU,Z24,12,0.060352126392
10/21/2023,FEU,Z14,12,0.060352126392
10/21/2023,FEU,Z24,13,0.048311230392
10/21/2023,FEU,Z14,13,0.048311230392
10/21/2023,FEU,Z24,14,0.034124035846
10/21/2023,FEU,Z14,14,0.034124035846
10/21/2023,FEU,Z24,15,0.038519922028
10/21/2023,FEU,Z14,15,0.038519922028
10/21/2023,FEU,Z24,16,0.043790597484
10/21/2023,FEU,Z14,16,0.043790597484
10/21/2023,FEU,Z24,17,0.045901738486
10/21/2023,FEU,Z14,17,0.045901738486
10/21/2023,FEU,Z24,18,0.086174942032
10/21/2023,FEU,Z14,18,0.086174942032
10/21/2023,FEU,Z24,19,0.129286004396
10/21/2023,FEU,Z14,19,0.129286004396
10/21/2023,FEU,Z24,2,0.07764303658
10/21/2023,FEU,Z14,2,0.07764303658
10/21/2023,FEU,Z24,20,0.185551139942
10/21/2023,FEU,Z14,20,0.185551139942
10/21/2023,FEU,Z24,21,0.255619869942
10/21/2023,FEU,Z14,21,0.255619869942
10/21/2023,FEU,Z24,22,0.230392094578
10/21/2023,FEU,Z14,22,0.230392094578
10/21/2023,FEU,Z24,23,0.189237267852
10/21/2023,FEU,Z14,23,0.189237267852
10/21/2023,FEU,Z24,24,0.17849672658
10/21/2023,FEU,Z14,24,0.17849672658
10/21/2023,FEU,Z24,3,0.081517139308
10/21/2023,FEU,Z14,3,0.081517139308
10/21/2023,FEU,Z24,4,0.066834709672
10/21/2023,FEU,Z14,4,0.066834709672
10/21/2023,FEU,Z24,5,0.05780464249
10/21/2023,FEU,Z14,5,0.05780464249
10/21/2023,FEU,Z24,6,0.057874277672
10/21/2023,FEU,Z14,6,0.057874277672
10/21/2023,FEU,Z24,7,0.070970509762
10/21/2023,FEU,Z14,7,0.070970509762
10/21/2023,FEU,Z24,8,0.093509565124
10/21/2023,FEU,Z14,8,0.093509565124
10/21/2023,FEU,Z24,9,0.09341263294
10/21/2023,FEU,Z14,9,0.09341263294
10/22/2023,FEU,Z24,1,0.176913085398
10/22/2023,FEU,Z14,1,0.176913085398
10/22/2023,FEU,Z24,10,0.125667033394
10/22/2023,FEU,Z14,10,0.125667033394
10/22/2023,FEU,Z24,11,0.108986202392
10/22/2023,FEU,Z14,11,0.108986202392
10/22/2023,FEU,Z24,12,0.0925934593
10/22/2023,FEU,Z14,12,0.0925934593
10/22/2023,FEU,Z24,13,0.085345099482
10/22/2023,FEU,Z14,13,0.085345099482
10/22/2023,FEU,Z24,14,0.083556968754
10/22/2023,FEU,Z14,14,0.083556968754
10/22/2023,FEU,Z24,15,0.077146070572
10/22/2023,FEU,Z14,15,0.077146070572
10/22/2023,FEU,Z24,16,0.08592403021
10/22/2023,FEU,Z14,16,0.08592403021
10/22/2023,FEU,Z24,17,0.105271229302
10/22/2023,FEU,Z14,17,0.105271229302
10/22/2023,FEU,Z24,18,0.11515617703
10/22/2023,FEU,Z14,18,0.11515617703
10/22/2023,FEU,Z24,19,0.12529396294
10/22/2023,FEU,Z14,19,0.12529396294
10/22/2023,FEU,Z24,2,0.16241852749
10/22/2023,FEU,Z14,2,0.16241852749
10/22/2023,FEU,Z24,20,0.144438618396
10/22/2023,FEU,Z14,20,0.144438618396
10/22/2023,FEU,Z24,21,0.153762989578
10/22/2023,FEU,Z14,21,0.153762989578
10/22/2023,FEU,Z24,22,0.148261655668
10/22/2023,FEU,Z14,22,0.148261655668
10/22/2023,FEU,Z24,23,0.13173196385
10/22/2023,FEU,Z14,23,0.13173196385
10/22/2023,FEU,Z24,24,0.114278129214
10/22/2023,FEU,Z14,24,0.114278129214
10/22/2023,FEU,Z24,3,0.163008204946
10/22/2023,FEU,Z14,3,0.163008204946
10/22/2023,FEU,Z24,4,0.161324054854
10/22/2023,FEU,Z14,4,0.161324054854
10/22/2023,FEU,Z24,5,0.160931245218
10/22/2023,FEU,Z14,5,0.160931245218
10/22/2023,FEU,Z24,6,0.1567620184
10/22/2023,FEU,Z14,6,0.1567620184
10/22/2023,FEU,Z24,7,0.151811078036
10/22/2023,FEU,Z14,7,0.151811078036
10/22/2023,FEU,Z24,8,0.140889360944
10/22/2023,FEU,Z14,8,0.140889360944
10/22/2023,FEU,Z24,9,0.13380003476
10/22/2023,FEU,Z14,9,0.13380003476
10/23/2023,FEU,Z24,1,0.154973104216
10/23/2023,FEU,Z14,1,0.154973104216
10/23/2023,FEU,Z24,10,0.214801522662
10/23/2023,FEU,Z14,10,0.214801522662
10/23/2023,FEU,Z24,11,0.188612886752
10/23/2023,FEU,Z14,11,0.234483183298
10/23/2023,FEU,Z24,12,0.213245155116
10/23/2023,FEU,Z14,12,0.213245155116
10/23/2023,FEU,Z24,13,0.207297531298
10/23/2023,FEU,Z14,13,0.207297531298
10/23/2023,FEU,Z24,14,0.207401180298
10/23/2023,FEU,Z14,14,0.207401180298
10/23/2023,FEU,Z24,15,0.214452131848
10/23/2023,FEU,Z14,15,0.16849937112
10/23/2023,FEU,Z24,16,0.174077980576
10/23/2023,FEU,Z14,16,0.174077980576
10/23/2023,FEU,Z24,17,0.180215949304
10/23/2023,FEU,Z14,17,0.180215949304
10/23/2023,FEU,Z24,18,0.196350727668
10/23/2023,FEU,Z14,18,0.196350727668
10/23/2023,FEU,Z24,19,0.199720492936
10/23/2023,FEU,Z14,19,0.245776233664
10/23/2023,FEU,Z24,2,0.152825913672
10/23/2023,FEU,Z14,2,0.152825913672
10/23/2023,FEU,Z24,20,0.27056897521
10/23/2023,FEU,Z14,20,0.27056897521
10/23/2023,FEU,Z24,21,0.337587254028
10/23/2023,FEU,Z14,21,0.337587254028
10/23/2023,FEU,Z24,22,0.279193729846
10/23/2023,FEU,Z14,22,0.279193729846
10/23/2023,FEU,Z24,23,0.239132463488
10/23/2023,FEU,Z14,23,0.192947036578
10/23/2023,FEU,Z24,24,0.193315759034
10/23/2023,FEU,Z14,24,0.193315759034
10/23/2023,FEU,Z24,3,0.154446092854
10/23/2023,FEU,Z14,3,0.154446092854
10/23/2023,FEU,Z24,4,0.153137264036
10/23/2023,FEU,Z14,4,0.153137264036
10/23/2023,FEU,Z24,5,0.151089321672
10/23/2023,FEU,Z14,5,0.151089321672
10/23/2023,FEU,Z24,6,0.150890927308
10/23/2023,FEU,Z14,6,0.150890927308
10/23/2023,FEU,Z24,7,0.148038586396
10/23/2023,FEU,Z14,7,0.148038586396
10/23/2023,FEU,Z24,8,0.177910961484
10/23/2023,FEU,Z14,8,0.177910961484
10/23/2023,FEU,Z24,9,0.228630097304
10/23/2023,FEU,Z14,9,0.228630097304
10/24/2023,FEU,Z24,1,0.16843778885
10/24/2023,FEU,Z14,1,0.16843778885
10/24/2023,FEU,Z24,10,0.188102861026
10/24/2023,FEU,Z14,10,0.188102861026
10/24/2023,FEU,Z24,11,0.171797685934
10/24/2023,FEU,Z14,11,0.21762300748
10/24/2023,FEU,Z24,12,0.184027005116
10/24/2023,FEU,Z14,12,0.184027005116
10/24/2023,FEU,Z24,13,0.176563947934
10/24/2023,FEU,Z14,13,0.176563947934
10/24/2023,FEU,Z24,14,0.166916037116
10/24/2023,FEU,Z14,14,0.166916037116
10/24/2023,FEU,Z24,15,0.168754957666
10/24/2023,FEU,Z14,15,0.122961011938
10/24/2023,FEU,Z24,16,0.124844002212
10/24/2023,FEU,Z14,16,0.124844002212
10/24/2023,FEU,Z24,17,0.139594144486
10/24/2023,FEU,Z14,17,0.139594144486
10/24/2023,FEU,Z24,18,0.16049163885
10/24/2023,FEU,Z14,18,0.16049163885
10/24/2023,FEU,Z24,19,0.175208307482
10/24/2023,FEU,Z14,19,0.221051718028
10/24/2023,FEU,Z24,2,0.16753505476
10/24/2023,FEU,Z14,2,0.16753505476
10/24/2023,FEU,Z24,20,0.233372338392
10/24/2023,FEU,Z14,20,0.233372338392
10/24/2023,FEU,Z24,21,0.240641667574
10/24/2023,FEU,Z14,21,0.240641667574
10/24/2023,FEU,Z24,22,0.230221725574
10/24/2023,FEU,Z14,22,0.230221725574
10/24/2023,FEU,Z24,23,0.230153236398
10/24/2023,FEU,Z14,23,0.184003999488
10/24/2023,FEU,Z24,24,0.165830187398
10/24/2023,FEU,Z14,24,0.165830187398
10/24/2023,FEU,Z24,3,0.164314011306
10/24/2023,FEU,Z14,3,0.164314011306
10/24/2023,FEU,Z24,4,0.15674292067
10/24/2023,FEU,Z14,4,0.15674292067
10/24/2023,FEU,Z24,5,0.151921132216
10/24/2023,FEU,Z14,5,0.151921132216
10/24/2023,FEU,Z24,6,0.14586699067
10/24/2023,FEU,Z14,6,0.14586699067
10/24/2023,FEU,Z24,7,0.153341500486
10/24/2023,FEU,Z14,7,0.153341500486
10/24/2023,FEU,Z24,8,0.160728716302
10/24/2023,FEU,Z14,8,0.160728716302
10/24/2023,FEU,Z24,9,0.201077126032
10/24/2023,FEU,Z14,9,0.201077126032
10/25/2023,FEU,Z24,1,0.108579631488
10/25/2023,FEU,Z14,1,0.108579631488
10/25/2023,FEU,Z24,10,0.157942191754
10/25/2023,FEU,Z14,10,0.157942191754
10/25/2023,FEU,Z24,11,0.130119613298
10/25/2023,FEU,Z14,11,0.175837443844
10/25/2023,FEU,Z24,12,0.166465389116
10/25/2023,FEU,Z14,12,0.166465389116
10/25/2023,FEU,Z24,13,0.146605013116
10/25/2023,FEU,Z14,13,0.146605013116
10/25/2023,FEU,Z24,14,0.134720073934
10/25/2023,FEU,Z14,14,0.134720073934
10/25/2023,FEU,Z24,15,0.118740142666
10/25/2023,FEU,Z14,15,0.073118216938
10/25/2023,FEU,Z24,16,0.070795244576
10/25/2023,FEU,Z14,16,0.070795244576
10/25/2023,FEU,Z24,17,0.095553435668
10/25/2023,FEU,Z14,17,0.095553435668
10/25/2023,FEU,Z24,18,0.127438042396
10/25/2023,FEU,Z14,18,0.127438042396
10/25/2023,FEU,Z24,19,0.146427552482
10/25/2023,FEU,Z14,19,0.19229809021
10/25/2023,FEU,Z24,2,0.106216963762
10/25/2023,FEU,Z14,2,0.106216963762
10/25/2023,FEU,Z24,20,0.207020288938
10/25/2023,FEU,Z14,20,0.207020288938
10/25/2023,FEU,Z24,21,0.21946557112
10/25/2023,FEU,Z14,21,0.21946557112
10/25/2023,FEU,Z24,22,0.215737322302
10/25/2023,FEU,Z14,22,0.215737322302
10/25/2023,FEU,Z24,23,0.207326040944
10/25/2023,FEU,Z14,23,0.161384488216
10/25/2023,FEU,Z24,24,0.152503253308
10/25/2023,FEU,Z14,24,0.152503253308
10/25/2023,FEU,Z24,3,0.105264953854
10/25/2023,FEU,Z14,3,0.105264953854
10/25/2023,FEU,Z24,4,0.104184593672
10/25/2023,FEU,Z14,4,0.104184593672
10/25/2023,FEU,Z24,5,0.085618675126
10/25/2023,FEU,Z14,5,0.085618675126
10/25/2023,FEU,Z24,6,0.101718556762
10/25/2023,FEU,Z14,6,0.101718556762
10/25/2023,FEU,Z24,7,0.106105041214
10/25/2023,FEU,Z14,7,0.106105041214
10/25/2023,FEU,Z24,8,0.126190544212
10/25/2023,FEU,Z14,8,0.126190544212
10/25/2023,FEU,Z24,9,0.171932442942
10/25/2023,FEU,Z14,9,0.171932442942
10/26/2023,FEU,Z24,1,0.090225263488
10/26/2023,FEU,Z14,1,0.090225263488
10/26/2023,FEU,Z24,10,0.138748502572
10/26/2023,FEU,Z14,10,0.138748502572
10/26/2023,FEU,Z24,11,0.133078538662
10/26/2023,FEU,Z14,11,0.178804344208
10/26/2023,FEU,Z24,12,0.159111409754
10/26/2023,FEU,Z14,12,0.159111409754
10/26/2023,FEU,Z24,13,0.147425054572
10/26/2023,FEU,Z14,13,0.147425054572
10/26/2023,FEU,Z24,14,0.13695663339
10/26/2023,FEU,Z14,14,0.13695663339
10/26/2023,FEU,Z24,15,0.134271985122
10/26/2023,FEU,Z14,15,0.088589688394
10/26/2023,FEU,Z24,16,0.07626176385
10/26/2023,FEU,Z14,16,0.07626176385
10/26/2023,FEU,Z24,17,0.090177873124
10/26/2023,FEU,Z14,17,0.090177873124
10/26/2023,FEU,Z24,18,0.099045237124
10/26/2023,FEU,Z14,18,0.099045237124
10/26/2023,FEU,Z24,19,0.113119240846
10/26/2023,FEU,Z14,19,0.158875320574
10/26/2023,FEU,Z24,2,0.080107015126
10/26/2023,FEU,Z14,2,0.080107015126
10/26/2023,FEU,Z24,20,0.159008608756
10/26/2023,FEU,Z14,20,0.159008608756
10/26/2023,FEU,Z24,21,0.181863034938
10/26/2023,FEU,Z14,21,0.181863034938
10/26/2023,FEU,Z24,22,0.180945106938
10/26/2023,FEU,Z14,22,0.180945106938
10/26/2023,FEU,Z24,23,0.18272111658
10/26/2023,FEU,Z14,23,0.136863317852
10/26/2023,FEU,Z24,24,0.118499171126
10/26/2023,FEU,Z14,24,0.118499171126
10/26/2023,FEU,Z24,3,0.076269855218
10/26/2023,FEU,Z14,3,0.076269855218
10/26/2023,FEU,Z24,4,0.078070584036
10/26/2023,FEU,Z14,4,0.078070584036
10/26/2023,FEU,Z24,5,0.077194846036
10/26/2023,FEU,Z14,5,0.077194846036
10/26/2023,FEU,Z24,6,0.07725207249
10/26/2023,FEU,Z14,6,0.07725207249
10/26/2023,FEU,Z24,7,0.094074561124
10/26/2023,FEU,Z14,7,0.094074561124
10/26/2023,FEU,Z24,8,0.110075913394
10/26/2023,FEU,Z14,8,0.110075913394
10/26/2023,FEU,Z24,9,0.142625996396
10/26/2023,FEU,Z14,9,0.142625996396
10/27/2023,FEU,Z24,1,0.055381749852
10/27/2023,FEU,Z14,1,0.055381749852
10/27/2023,FEU,Z24,10,0.102059204754
10/27/2023,FEU,Z14,10,0.102059204754
10/27/2023,FEU,Z24,11,0.083352626026
10/27/2023,FEU,Z14,11,0.128949242572
10/27/2023,FEU,Z24,12,0.101841758572
10/27/2023,FEU,Z14,12,0.101841758572
10/27/2023,FEU,Z24,13,0.101433782572
10/27/2023,FEU,Z14,13,0.101433782572
10/27/2023,FEU,Z24,14,0.101117592208
10/27/2023,FEU,Z14,14,0.101117592208
10/27/2023,FEU,Z24,15,0.101318453304
10/27/2023,FEU,Z14,15,0.055724634394
10/27/2023,FEU,Z24,16,0.056339750032
10/27/2023,FEU,Z14,16,0.056339750032
10/27/2023,FEU,Z24,17,0.055170591488
10/27/2023,FEU,Z14,17,0.055170591488
10/27/2023,FEU,Z24,18,0.06769243567
10/27/2023,FEU,Z14,18,0.06769243567
10/27/2023,FEU,Z24,19,0.099505409574
10/27/2023,FEU,Z14,19,0.145217021302
10/27/2023,FEU,Z24,2,0.044331400944
10/27/2023,FEU,Z14,2,0.044331400944
10/27/2023,FEU,Z24,20,0.17208960703
10/27/2023,FEU,Z14,20,0.17208960703
10/27/2023,FEU,Z24,21,0.207521960212
10/27/2023,FEU,Z14,21,0.207521960212
10/27/2023,FEU,Z24,22,0.181643580394
10/27/2023,FEU,Z14,22,0.181643580394
10/27/2023,FEU,Z24,23,0.168012984036
10/27/2023,FEU,Z14,23,0.122198339308
10/27/2023,FEU,Z24,24,0.107260254036
10/27/2023,FEU,Z14,24,0.107260254036
10/27/2023,FEU,Z24,3,0.03725303249
10/27/2023,FEU,Z14,3,0.03725303249
10/27/2023,FEU,Z24,4,0.03948529249
10/27/2023,FEU,Z14,4,0.03948529249
10/27/2023,FEU,Z24,5,0.039612515308
10/27/2023,FEU,Z14,5,0.039612515308
10/27/2023,FEU,Z24,6,0.03898231658
10/27/2023,FEU,Z14,6,0.03898231658
10/27/2023,FEU,Z24,7,0.059754245578
10/27/2023,FEU,Z14,7,0.059754245578
10/27/2023,FEU,Z24,8,0.076980680212
10/27/2023,FEU,Z14,8,0.076980680212
10/27/2023,FEU,Z24,9,0.111275101942
10/27/2023,FEU,Z14,9,0.111275101942
10/28/2023,FEU,Z24,1,0.049326405124
10/28/2023,FEU,Z14,1,0.049326405124
10/28/2023,FEU,Z24,10,0.030072123938
10/28/2023,FEU,Z14,10,0.030072123938
10/28/2023,FEU,Z24,11,0.028758646392
10/28/2023,FEU,Z14,11,0.028758646392
10/28/2023,FEU,Z24,12,0.027103254392
10/28/2023,FEU,Z14,12,0.027103254392
10/28/2023,FEU,Z24,13,0.025613170392
10/28/2023,FEU,Z14,13,0.025613170392
10/28/2023,FEU,Z24,14,0.024419234846
10/28/2023,FEU,Z14,14,0.024419234846
10/28/2023,FEU,Z24,15,0.023828348028
10/28/2023,FEU,Z14,15,0.023828348028
10/28/2023,FEU,Z24,16,0.026874201484
10/28/2023,FEU,Z14,16,0.026874201484
10/28/2023,FEU,Z24,17,0.027229924486
10/28/2023,FEU,Z14,17,0.027229924486
10/28/2023,FEU,Z24,18,0.032054246032
10/28/2023,FEU,Z14,18,0.032054246032
10/28/2023,FEU,Z24,19,0.029364510396
10/28/2023,FEU,Z14,19,0.029364510396
10/28/2023,FEU,Z24,2,0.03913939658
10/28/2023,FEU,Z14,2,0.03913939658
10/28/2023,FEU,Z24,20,0.044131113942
10/28/2023,FEU,Z14,20,0.044131113942
10/28/2023,FEU,Z24,21,0.051684789942
10/28/2023,FEU,Z14,21,0.051684789942
10/28/2023,FEU,Z24,22,0.046707431578
10/28/2023,FEU,Z14,22,0.046707431578
10/28/2023,FEU,Z24,23,0.040536587852
10/28/2023,FEU,Z14,23,0.040536587852
10/28/2023,FEU,Z24,24,0.02597085658
10/28/2023,FEU,Z14,24,0.02597085658
10/28/2023,FEU,Z24,3,0.041042927308
10/28/2023,FEU,Z14,3,0.041042927308
10/28/2023,FEU,Z24,4,0.041773725672
10/28/2023,FEU,Z14,4,0.041773725672
10/28/2023,FEU,Z24,5,0.04243335749
10/28/2023,FEU,Z14,5,0.04243335749
10/28/2023,FEU,Z24,6,0.042563085672
10/28/2023,FEU,Z14,6,0.042563085672
10/28/2023,FEU,Z24,7,0.041854132762
10/28/2023,FEU,Z14,7,0.041854132762
10/28/2023,FEU,Z24,8,0.039665919124
10/28/2023,FEU,Z14,8,0.039665919124
10/28/2023,FEU,Z24,9,0.04042450294
10/28/2023,FEU,Z14,9,0.04042450294
10/29/2023,FEU,Z24,1,0.041053189398
10/29/2023,FEU,Z14,1,0.041053189398
10/29/2023,FEU,Z24,10,0.038444286394
10/29/2023,FEU,Z14,10,0.038444286394
10/29/2023,FEU,Z24,11,0.039578806392
10/29/2023,FEU,Z14,11,0.039578806392
10/29/2023,FEU,Z24,12,0.0369035593
10/29/2023,FEU,Z14,12,0.0369035593
10/29/2023,FEU,Z24,13,0.034595207482
10/29/2023,FEU,Z14,13,0.034595207482
10/29/2023,FEU,Z24,14,0.034824379754
10/29/2023,FEU,Z14,14,0.034824379754
10/29/2023,FEU,Z24,15,0.035203616572
10/29/2023,FEU,Z14,15,0.035203616572
10/29/2023,FEU,Z24,16,0.03697975021
10/29/2023,FEU,Z14,16,0.03697975021
10/29/2023,FEU,Z24,17,0.040891457302
10/29/2023,FEU,Z14,17,0.040891457302
10/29/2023,FEU,Z24,18,0.04220504203
10/29/2023,FEU,Z14,18,0.04220504203
10/29/2023,FEU,Z24,19,0.05400118294
10/29/2023,FEU,Z14,19,0.05400118294
10/29/2023,FEU,Z24,2,0.03973982749
10/29/2023,FEU,Z14,2,0.03973982749
10/29/2023,FEU,Z24,20,0.067921628396
10/29/2023,FEU,Z14,20,0.067921628396
10/29/2023,FEU,Z24,21,0.103706186578
10/29/2023,FEU,Z14,21,0.103706186578
10/29/2023,FEU,Z24,22,0.102123455668
10/29/2023,FEU,Z14,22,0.102123455668
10/29/2023,FEU,Z24,23,0.09438223885
10/29/2023,FEU,Z14,23,0.09438223885
10/29/2023,FEU,Z24,24,0.066743807214
10/29/2023,FEU,Z14,24,0.066743807214
10/29/2023,FEU,Z24,25,0.062279069668
10/29/2023,FEU,Z14,25,0.062279069668
10/29/2023,FEU,Z24,3,0.039984612946
10/29/2023,FEU,Z14,3,0.039984612946
10/29/2023,FEU,Z24,4,0.040930991854
10/29/2023,FEU,Z14,4,0.040930991854
10/29/2023,FEU,Z24,5,0.039959339218
10/29/2023,FEU,Z14,5,0.039959339218
10/29/2023,FEU,Z24,6,0.0403560184
10/29/2023,FEU,Z14,6,0.0403560184
10/29/2023,FEU,Z24,7,0.040183834036
10/29/2023,FEU,Z14,7,0.040183834036
10/29/2023,FEU,Z24,8,0.039284472944
10/29/2023,FEU,Z14,8,0.039284472944
10/29/2023,FEU,Z24,9,0.03807135476
10/29/2023,FEU,Z14,9,0.03807135476
10/30/2023,FEU,Z24,1,0.046351888216
10/30/2023,FEU,Z14,1,0.046351888216
10/30/2023,FEU,Z24,10,0.098720746662
10/30/2023,FEU,Z14,10,0.098720746662
10/30/2023,FEU,Z24,11,0.090375014752
10/30/2023,FEU,Z14,11,0.135985880298
10/30/2023,FEU,Z24,12,0.119097277116
10/30/2023,FEU,Z14,12,0.119097277116
10/30/2023,FEU,Z24,13,0.105804658298
10/30/2023,FEU,Z14,13,0.105804658298
10/30/2023,FEU,Z24,14,0.103364920298
10/30/2023,FEU,Z14,14,0.103364920298
10/30/2023,FEU,Z24,15,0.103476371848
10/30/2023,FEU,Z14,15,0.05790497112
10/30/2023,FEU,Z24,16,0.059388556576
10/30/2023,FEU,Z14,16,0.059388556576
10/30/2023,FEU,Z24,17,0.061124341304
10/30/2023,FEU,Z14,17,0.061124341304
10/30/2023,FEU,Z24,18,0.095898591668
10/30/2023,FEU,Z14,18,0.095898591668
10/30/2023,FEU,Z24,19,0.122961768936
10/30/2023,FEU,Z14,19,0.168750057664
10/30/2023,FEU,Z24,2,0.048160365672
10/30/2023,FEU,Z14,2,0.048160365672
10/30/2023,FEU,Z24,20,0.19612114021
10/30/2023,FEU,Z14,20,0.19612114021
10/30/2023,FEU,Z24,21,0.207027156028
10/30/2023,FEU,Z14,21,0.207027156028
10/30/2023,FEU,Z24,22,0.205424789846
10/30/2023,FEU,Z14,22,0.205424789846
10/30/2023,FEU,Z24,23,0.175159759488
10/30/2023,FEU,Z14,23,0.129245666578
10/30/2023,FEU,Z24,24,0.096536088034
10/30/2023,FEU,Z14,24,0.096536088034
10/30/2023,FEU,Z24,3,0.047808953854
10/30/2023,FEU,Z14,3,0.047808953854
10/30/2023,FEU,Z24,4,0.045596398036
10/30/2023,FEU,Z14,4,0.045596398036
10/30/2023,FEU,Z24,5,0.044347517672
10/30/2023,FEU,Z14,5,0.044347517672
10/30/2023,FEU,Z24,6,0.046012355308
10/30/2023,FEU,Z14,6,0.046012355308
10/30/2023,FEU,Z24,7,0.068914682396
10/30/2023,FEU,Z14,7,0.068914682396
10/30/2023,FEU,Z24,8,0.118229479484
10/30/2023,FEU,Z14,8,0.118229479484
10/30/2023,FEU,Z24,9,0.154859729304
10/30/2023,FEU,Z14,9,0.154859729304
10/31/2023,FEU,Z24,1,0.10275646385
10/31/2023,FEU,Z14,1,0.10275646385
10/31/2023,FEU,Z24,10,0.178134758026
10/31/2023,FEU,Z14,10,0.178134758026
10/31/2023,FEU,Z24,11,0.166522005934
10/31/2023,FEU,Z14,11,0.21233340748
10/31/2023,FEU,Z24,12,0.210101999116
10/31/2023,FEU,Z14,12,0.210101999116
10/31/2023,FEU,Z24,13,0.206911614934
10/31/2023,FEU,Z14,13,0.206911614934
10/31/2023,FEU,Z24,14,0.206381877116
10/31/2023,FEU,Z14,14,0.206381877116
10/31/2023,FEU,Z24,15,0.218167338666
10/31/2023,FEU,Z14,15,0.172203444938
10/31/2023,FEU,Z24,16,0.186293368212
10/31/2023,FEU,Z14,16,0.186293368212
10/31/2023,FEU,Z24,17,0.206900884486
10/31/2023,FEU,Z14,17,0.206900884486
10/31/2023,FEU,Z24,18,0.24088043885
10/31/2023,FEU,Z14,18,0.24088043885
10/31/2023,FEU,Z24,19,0.244923226482
10/31/2023,FEU,Z14,19,0.290947190028
10/31/2023,FEU,Z24,2,0.10241439476
10/31/2023,FEU,Z14,2,0.10241439476
10/31/2023,FEU,Z24,20,0.270106550392
10/31/2023,FEU,Z14,20,0.270106550392
10/31/2023,FEU,Z24,21,0.240558363574
10/31/2023,FEU,Z14,21,0.240558363574
10/31/2023,FEU,Z24,22,0.231326660574
10/31/2023,FEU,Z14,22,0.231326660574
10/31/2023,FEU,Z24,23,0.213784273398
10/31/2023,FEU,Z14,23,0.167705055488
10/31/2023,FEU,Z24,24,0.140879022398
10/31/2023,FEU,Z14,24,0.140879022398
10/31/2023,FEU,Z24,3,0.108466947306
10/31/2023,FEU,Z14,3,0.108466947306
10/31/2023,FEU,Z24,4,0.11067841567
10/31/2023,FEU,Z14,4,0.11067841567
10/31/2023,FEU,Z24,5,0.112397560216
10/31/2023,FEU,Z14,5,0.112397560216
10/31/2023,FEU,Z24,6,0.12049495567
10/31/2023,FEU,Z14,6,0.12049495567
10/31/2023,FEU,Z24,7,0.137681950486
10/31/2023,FEU,Z14,7,0.137681950486
10/31/2023,FEU,Z24,8,0.152642351302
10/31/2023,FEU,Z14,8,0.152642351302
10/31/2023,FEU,Z24,9,0.199095566032
10/31/2023,FEU,Z14,9,0.199095566032
11/01/2023,FEU,Z24,1,0.050104256944
11/01/2023,FEU,Z14,1,0.050104256944
11/01/2023,FEU,Z24,10,0.034990325304
11/01/2023,FEU,Z14,10,0.034990325304
11/01/2023,FEU,Z24,11,0.030200969302
11/01/2023,FEU,Z14,11,0.030200969302
11/01/2023,FEU,Z24,12,0.022566530574
11/01/2023,FEU,Z14,12,0.022566530574
11/01/2023,FEU,Z24,13,0.021930148938
11/01/2023,FEU,Z14,13,0.021930148938
11/01/2023,FEU,Z24,14,0.021683281938
11/01/2023,FEU,Z14,14,0.021683281938
11/01/2023,FEU,Z24,15,0.021859449938
11/01/2023,FEU,Z14,15,0.021859449938
11/01/2023,FEU,Z24,16,0.02322136703
11/01/2023,FEU,Z14,16,0.02322136703
11/01/2023,FEU,Z24,17,0.027699466122
11/01/2023,FEU,Z14,17,0.027699466122
11/01/2023,FEU,Z24,18,0.030955945214
11/01/2023,FEU,Z14,18,0.030955945214
11/01/2023,FEU,Z24,19,0.030882655942
11/01/2023,FEU,Z14,19,0.030882655942
11/01/2023,FEU,Z24,2,0.046787577946
11/01/2023,FEU,Z14,2,0.046787577946
11/01/2023,FEU,Z24,20,0.03169816567
11/01/2023,FEU,Z14,20,0.03169816567
11/01/2023,FEU,Z24,21,0.035766501124
11/01/2023,FEU,Z14,21,0.035766501124
11/01/2023,FEU,Z24,22,0.040689071488
11/01/2023,FEU,Z14,22,0.040689071488
11/01/2023,FEU,Z24,23,0.033407541852
11/01/2023,FEU,Z14,23,0.033407541852
11/01/2023,FEU,Z24,24,0.030849238126
11/01/2023,FEU,Z14,24,0.030849238126
11/01/2023,FEU,Z24,3,0.038633981038
11/01/2023,FEU,Z14,3,0.038633981038
11/01/2023,FEU,Z24,4,0.03792179113
11/01/2023,FEU,Z14,4,0.03792179113
11/01/2023,FEU,Z24,5,0.038073205312
11/01/2023,FEU,Z14,5,0.038073205312
11/01/2023,FEU,Z24,6,0.038377760584
11/01/2023,FEU,Z14,6,0.038377760584
11/01/2023,FEU,Z24,7,0.037762093492
11/01/2023,FEU,Z14,7,0.037762093492
11/01/2023,FEU,Z24,8,0.038060123218
11/01/2023,FEU,Z14,8,0.038060123218
11/01/2023,FEU,Z24,9,0.039614929034
11/01/2023,FEU,Z14,9,0.039614929034
11/02/2023,FEU,Z24,1,0.034917952402
11/02/2023,FEU,Z14,1,0.034917952402
11/02/2023,FEU,Z24,10,0.05356129703
11/02/2023,FEU,Z14,10,0.05356129703
11/02/2023,FEU,Z24,11,0.054052517302
11/02/2023,FEU,Z14,11,0.09961146203
11/02/2023,FEU,Z24,12,0.100036582212
11/02/2023,FEU,Z14,12,0.100036582212
11/02/2023,FEU,Z24,13,0.09996562203
11/02/2023,FEU,Z14,13,0.09996562203
11/02/2023,FEU,Z24,14,0.099848370666
11/02/2023,FEU,Z14,14,0.099848370666
11/02/2023,FEU,Z24,15,0.099791078032
11/02/2023,FEU,Z14,15,0.054222433304
11/02/2023,FEU,Z24,16,0.054304141486
11/02/2023,FEU,Z14,16,0.054304141486
11/02/2023,FEU,Z24,17,0.055336622032
11/02/2023,FEU,Z14,17,0.055336622032
11/02/2023,FEU,Z24,18,0.053612782396
11/02/2023,FEU,Z14,18,0.053612782396
11/02/2023,FEU,Z24,19,0.053047536394
11/02/2023,FEU,Z14,19,0.098628713304
11/02/2023,FEU,Z24,2,0.03646658204
11/02/2023,FEU,Z14,2,0.03646658204
11/02/2023,FEU,Z24,20,0.102889810486
11/02/2023,FEU,Z14,20,0.102889810486
11/02/2023,FEU,Z24,21,0.101663021304
11/02/2023,FEU,Z14,21,0.101663021304
11/02/2023,FEU,Z24,22,0.095623130122
11/02/2023,FEU,Z14,22,0.095623130122
11/02/2023,FEU,Z24,23,0.096018831488
11/02/2023,FEU,Z14,23,0.05045631476
11/02/2023,FEU,Z24,24,0.05175181567
11/02/2023,FEU,Z14,24,0.05175181567
11/02/2023,FEU,Z24,3,0.033967439132
11/02/2023,FEU,Z14,3,0.033967439132
11/02/2023,FEU,Z24,4,0.035101995496
11/02/2023,FEU,Z14,4,0.035101995496
11/02/2023,FEU,Z24,5,0.034577834314
11/02/2023,FEU,Z14,5,0.034577834314
11/02/2023,FEU,Z24,6,0.035728080404
11/02/2023,FEU,Z14,6,0.035728080404
11/02/2023,FEU,Z24,7,0.036024247492
11/02/2023,FEU,Z14,7,0.036024247492
11/02/2023,FEU,Z24,8,0.032240824216
11/02/2023,FEU,Z14,8,0.032240824216
11/02/2023,FEU,Z24,9,0.057367342214
11/02/2023,FEU,Z14,9,0.057367342214
11/03/2023,FEU,Z24,1,0.03417384431
11/03/2023,FEU,Z14,1,0.03417384431
11/03/2023,FEU,Z24,10,0.051320783758
11/03/2023,FEU,Z14,10,0.051320783758
11/03/2023,FEU,Z24,11,0.05150274203
11/03/2023,FEU,Z14,11,0.097056246758
11/03/2023,FEU,Z24,12,0.096261273304
11/03/2023,FEU,Z14,12,0.096261273304
11/03/2023,FEU,Z24,13,0.09536673885
11/03/2023,FEU,Z14,13,0.09536673885
11/03/2023,FEU,Z24,14,0.096554437486
11/03/2023,FEU,Z14,14,0.096554437486
11/03/2023,FEU,Z24,15,0.09659167567
11/03/2023,FEU,Z14,15,0.051026386942
11/03/2023,FEU,Z24,16,0.052513265942
11/03/2023,FEU,Z14,16,0.052513265942
11/03/2023,FEU,Z24,17,0.05291189476
11/03/2023,FEU,Z14,17,0.05291189476
11/03/2023,FEU,Z24,18,0.060429868396
11/03/2023,FEU,Z14,18,0.060429868396
11/03/2023,FEU,Z24,19,0.05858605294
11/03/2023,FEU,Z14,19,0.104166783668
11/03/2023,FEU,Z24,2,0.033505909312
11/03/2023,FEU,Z14,2,0.033505909312
11/03/2023,FEU,Z24,20,0.104551865578
11/03/2023,FEU,Z14,20,0.104551865578
11/03/2023,FEU,Z24,21,0.107667549124
11/03/2023,FEU,Z14,21,0.107667549124
11/03/2023,FEU,Z24,22,0.105303549124
11/03/2023,FEU,Z14,22,0.105303549124
11/03/2023,FEU,Z24,23,0.106288430036
11/03/2023,FEU,Z14,23,0.060679877308
11/03/2023,FEU,Z24,24,0.0562848184
11/03/2023,FEU,Z14,24,0.0562848184
11/03/2023,FEU,Z24,3,0.03354346204
11/03/2023,FEU,Z14,3,0.03354346204
11/03/2023,FEU,Z24,4,0.035688010222
11/03/2023,FEU,Z14,4,0.035688010222
11/03/2023,FEU,Z24,5,0.035764740404
11/03/2023,FEU,Z14,5,0.035764740404
11/03/2023,FEU,Z24,6,0.035049013312
11/03/2023,FEU,Z14,6,0.035049013312
11/03/2023,FEU,Z24,7,0.036725930854
11/03/2023,FEU,Z14,7,0.036725930854
11/03/2023,FEU,Z24,8,0.02870248567
11/03/2023,FEU,Z14,8,0.02870248567
11/03/2023,FEU,Z24,9,0.050270032214
11/03/2023,FEU,Z14,9,0.050270032214
11/04/2023,FEU,Z24,1,0.03436913113
11/04/2023,FEU,Z14,1,0.03436913113
11/04/2023,FEU,Z24,10,0.027154767488
11/04/2023,FEU,Z14,10,0.027154767488
11/04/2023,FEU,Z24,11,0.02434205476
11/04/2023,FEU,Z14,11,0.02434205476
11/04/2023,FEU,Z24,12,0.019743463942
11/04/2023,FEU,Z14,12,0.019743463942
11/04/2023,FEU,Z24,13,0.021108079488
11/04/2023,FEU,Z14,13,0.021108079488
11/04/2023,FEU,Z24,14,0.020859508942
11/04/2023,FEU,Z14,14,0.020859508942
11/04/2023,FEU,Z24,15,0.02089173476
11/04/2023,FEU,Z14,15,0.02089173476
11/04/2023,FEU,Z24,16,0.023837875762
11/04/2023,FEU,Z14,16,0.023837875762
11/04/2023,FEU,Z24,17,0.025163677672
11/04/2023,FEU,Z14,17,0.025163677672
11/04/2023,FEU,Z24,18,0.024999416218
11/04/2023,FEU,Z14,18,0.024999416218
11/04/2023,FEU,Z24,19,0.023914086582
11/04/2023,FEU,Z14,19,0.023914086582
11/04/2023,FEU,Z24,2,0.03128039795
11/04/2023,FEU,Z14,2,0.03128039795
11/04/2023,FEU,Z24,20,0.02600153431
11/04/2023,FEU,Z14,20,0.02600153431
11/04/2023,FEU,Z24,21,0.025696632674
11/04/2023,FEU,Z14,21,0.025696632674
11/04/2023,FEU,Z24,22,0.024518906038
11/04/2023,FEU,Z14,22,0.024518906038
11/04/2023,FEU,Z24,23,0.021674152948
11/04/2023,FEU,Z14,23,0.021674152948
11/04/2023,FEU,Z24,24,0.016836554858
11/04/2023,FEU,Z14,24,0.016836554858
11/04/2023,FEU,Z24,3,0.031274319496
11/04/2023,FEU,Z14,3,0.031274319496
11/04/2023,FEU,Z24,4,0.032370118678
11/04/2023,FEU,Z14,4,0.032370118678
11/04/2023,FEU,Z24,5,0.032229480224
11/04/2023,FEU,Z14,5,0.032229480224
11/04/2023,FEU,Z24,6,0.03017126386
11/04/2023,FEU,Z14,6,0.03017126386
11/04/2023,FEU,Z24,7,0.030213382768
11/04/2023,FEU,Z14,7,0.030213382768
11/04/2023,FEU,Z24,8,0.029136260584
11/04/2023,FEU,Z14,8,0.029136260584
11/04/2023,FEU,Z24,9,0.0334848184
11/04/2023,FEU,Z14,9,0.0334848184
11/05/2023,FEU,Z24,1,0.031752057132
11/05/2023,FEU,Z14,1,0.031752057132
11/05/2023,FEU,Z24,10,0.026053720216
11/05/2023,FEU,Z14,10,0.026053720216
11/05/2023,FEU,Z24,11,0.024659966942
11/05/2023,FEU,Z14,11,0.024659966942
11/05/2023,FEU,Z24,12,0.022053529306
11/05/2023,FEU,Z14,12,0.022053529306
11/05/2023,FEU,Z24,13,0.021941829124
11/05/2023,FEU,Z14,13,0.021941829124
11/05/2023,FEU,Z24,14,0.021516405214
11/05/2023,FEU,Z14,14,0.021516405214
11/05/2023,FEU,Z24,15,0.021662588942
11/05/2023,FEU,Z14,15,0.021662588942
11/05/2023,FEU,Z24,16,0.024181832944
11/05/2023,FEU,Z14,16,0.024181832944
11/05/2023,FEU,Z24,17,0.025984994218
11/05/2023,FEU,Z14,17,0.025984994218
11/05/2023,FEU,Z24,18,0.027819876946
11/05/2023,FEU,Z14,18,0.027819876946
11/05/2023,FEU,Z24,19,0.033845089674
11/05/2023,FEU,Z14,19,0.033845089674
11/05/2023,FEU,Z24,2,0.031915221406
11/05/2023,FEU,Z14,2,0.031915221406
11/05/2023,FEU,Z24,20,0.050208947038
11/05/2023,FEU,Z14,20,0.050208947038
11/05/2023,FEU,Z24,21,0.05339264022
11/05/2023,FEU,Z14,21,0.05339264022
11/05/2023,FEU,Z24,22,0.050461858674
11/05/2023,FEU,Z14,22,0.050461858674
11/05/2023,FEU,Z24,23,0.04684412022
11/05/2023,FEU,Z14,23,0.04684412022
11/05/2023,FEU,Z24,24,0.040399824858
11/05/2023,FEU,Z14,24,0.040399824858
11/05/2023,FEU,Z24,3,0.03274550568
11/05/2023,FEU,Z14,3,0.03274550568
11/05/2023,FEU,Z24,4,0.033838793226
11/05/2023,FEU,Z14,4,0.033838793226
11/05/2023,FEU,Z24,5,0.034646743226
11/05/2023,FEU,Z14,5,0.034646743226
11/05/2023,FEU,Z24,6,0.034078670044
11/05/2023,FEU,Z14,6,0.034078670044
11/05/2023,FEU,Z24,7,0.033941889134
11/05/2023,FEU,Z14,7,0.033941889134
11/05/2023,FEU,Z24,8,0.03246252295
11/05/2023,FEU,Z14,8,0.03246252295
11/05/2023,FEU,Z24,9,0.03316023022
11/05/2023,FEU,Z14,9,0.03316023022
11/06/2023,FEU,Z24,1,0.048555022768
11/06/2023,FEU,Z14,1,0.048555022768
11/06/2023,FEU,Z24,10,0.088970485484
11/06/2023,FEU,Z14,10,0.088970485484
11/06/2023,FEU,Z24,11,0.084062045302
11/06/2023,FEU,Z14,11,0.12972321703
11/06/2023,FEU,Z24,12,0.117757261484
11/06/2023,FEU,Z14,12,0.117757261484
11/06/2023,FEU,Z24,13,0.117330694212
11/06/2023,FEU,Z14,13,0.117330694212
11/06/2023,FEU,Z24,14,0.117252665666
11/06/2023,FEU,Z14,14,0.117252665666
11/06/2023,FEU,Z24,15,0.120442232396
11/06/2023,FEU,Z14,15,0.074802985668
11/06/2023,FEU,Z24,16,0.082688143214
11/06/2023,FEU,Z14,16,0.082688143214
11/06/2023,FEU,Z24,17,0.118789978306
11/06/2023,FEU,Z14,17,0.118789978306
11/06/2023,FEU,Z24,18,0.16592182567
11/06/2023,FEU,Z14,18,0.16592182567
11/06/2023,FEU,Z24,19,0.220434074396
11/06/2023,FEU,Z14,19,0.266735857306
11/06/2023,FEU,Z24,2,0.04392281477
11/06/2023,FEU,Z14,2,0.04392281477
11/06/2023,FEU,Z24,20,0.25444315567
11/06/2023,FEU,Z14,20,0.25444315567
11/06/2023,FEU,Z24,21,0.22245408067
11/06/2023,FEU,Z14,21,0.22245408067
11/06/2023,FEU,Z24,22,0.216928083124
11/06/2023,FEU,Z14,22,0.216928083124
11/06/2023,FEU,Z24,23,0.211200977672
11/06/2023,FEU,Z14,23,0.165129703762
11/06/2023,FEU,Z24,24,0.151914348218
11/06/2023,FEU,Z14,24,0.151914348218
11/06/2023,FEU,Z24,3,0.038629255042
11/06/2023,FEU,Z14,3,0.038629255042
11/06/2023,FEU,Z24,4,0.035655672224
11/06/2023,FEU,Z14,4,0.035655672224
11/06/2023,FEU,Z24,5,0.03848852386
11/06/2023,FEU,Z14,5,0.03848852386
11/06/2023,FEU,Z24,6,0.05024038204
11/06/2023,FEU,Z14,6,0.05024038204
11/06/2023,FEU,Z24,7,0.081663811856
11/06/2023,FEU,Z14,7,0.081663811856
11/06/2023,FEU,Z24,8,0.125615483852
11/06/2023,FEU,Z14,8,0.125615483852
11/06/2023,FEU,Z24,9,0.154537932396
11/06/2023,FEU,Z14,9,0.154537932396
11/07/2023,FEU,Z24,1,0.122799221312
11/07/2023,FEU,Z14,1,0.122799221312
11/07/2023,FEU,Z24,10,0.143178832486
11/07/2023,FEU,Z14,10,0.143178832486
11/07/2023,FEU,Z24,11,0.134283052576
11/07/2023,FEU,Z14,11,0.180121389304
11/07/2023,FEU,Z24,12,0.181317367668
11/07/2023,FEU,Z14,12,0.181317367668
11/07/2023,FEU,Z24,13,0.185107039668
11/07/2023,FEU,Z14,13,0.185107039668
11/07/2023,FEU,Z24,14,0.188644321486
11/07/2023,FEU,Z14,14,0.188644321486
11/07/2023,FEU,Z24,15,0.190798031488
11/07/2023,FEU,Z14,15,0.14491649476
11/07/2023,FEU,Z24,16,0.146750936034
11/07/2023,FEU,Z14,16,0.146750936034
11/07/2023,FEU,Z24,17,0.156124380398
11/07/2023,FEU,Z14,17,0.156124380398
11/07/2023,FEU,Z24,18,0.206708398126
11/07/2023,FEU,Z14,18,0.206708398126
11/07/2023,FEU,Z24,19,0.220119843306
11/07/2023,FEU,Z14,19,0.266420188216
11/07/2023,FEU,Z24,2,0.117856678768
11/07/2023,FEU,Z14,2,0.117856678768
11/07/2023,FEU,Z24,20,0.250054300216
11/07/2023,FEU,Z14,20,0.250054300216
11/07/2023,FEU,Z24,21,0.251145672034
11/07/2023,FEU,Z14,21,0.251145672034
11/07/2023,FEU,Z24,22,0.229767802034
11/07/2023,FEU,Z14,22,0.229767802034
11/07/2023,FEU,Z24,23,0.2012352184
11/07/2023,FEU,Z14,23,0.15520378249
11/07/2023,FEU,Z24,24,0.1483620184
11/07/2023,FEU,Z14,24,0.1483620184
11/07/2023,FEU,Z24,3,0.113372279678
11/07/2023,FEU,Z14,3,0.113372279678
11/07/2023,FEU,Z24,4,0.109939112224
11/07/2023,FEU,Z14,4,0.109939112224
11/07/2023,FEU,Z24,5,0.112966136224
11/07/2023,FEU,Z14,5,0.112966136224
11/07/2023,FEU,Z24,6,0.126547471496
11/07/2023,FEU,Z14,6,0.126547471496
11/07/2023,FEU,Z24,7,0.144208388584
11/07/2023,FEU,Z14,7,0.144208388584
11/07/2023,FEU,Z24,8,0.175445063854
11/07/2023,FEU,Z14,8,0.175445063854
11/07/2023,FEU,Z24,9,0.202835499034
11/07/2023,FEU,Z14,9,0.202835499034
11/08/2023,FEU,Z24,1,0.13545470113
11/08/2023,FEU,Z14,1,0.13545470113
11/08/2023,FEU,Z24,10,0.155268567394
11/08/2023,FEU,Z14,10,0.155268567394
11/08/2023,FEU,Z24,11,0.146105082938
11/08/2023,FEU,Z14,11,0.191980067666
11/08/2023,FEU,Z24,12,0.18383397203
11/08/2023,FEU,Z14,12,0.18383397203
11/08/2023,FEU,Z24,13,0.180630947848
11/08/2023,FEU,Z14,13,0.180630947848
11/08/2023,FEU,Z24,14,0.180363497484
11/08/2023,FEU,Z14,14,0.180363497484
11/08/2023,FEU,Z24,15,0.183314955214
11/08/2023,FEU,Z14,15,0.137461630486
11/08/2023,FEU,Z24,16,0.143690260486
11/08/2023,FEU,Z14,16,0.143690260486
11/08/2023,FEU,Z24,17,0.16059856385
11/08/2023,FEU,Z14,17,0.16059856385
11/08/2023,FEU,Z24,18,0.18541999476
11/08/2023,FEU,Z14,18,0.18541999476
11/08/2023,FEU,Z24,19,0.191543329304
11/08/2023,FEU,Z14,19,0.237579470032
11/08/2023,FEU,Z24,2,0.122069686768
11/08/2023,FEU,Z14,2,0.122069686768
11/08/2023,FEU,Z24,20,0.23194665476
11/08/2023,FEU,Z14,20,0.23194665476
11/08/2023,FEU,Z24,21,0.225833872942
11/08/2023,FEU,Z14,21,0.225833872942
11/08/2023,FEU,Z24,22,0.208773146942
11/08/2023,FEU,Z14,22,0.208773146942
11/08/2023,FEU,Z24,23,0.203163485308
11/08/2023,FEU,Z14,23,0.157126707398
11/08/2023,FEU,Z24,24,0.14291320749
11/08/2023,FEU,Z14,24,0.14291320749
11/08/2023,FEU,Z24,3,0.121344802678
11/08/2023,FEU,Z14,3,0.121344802678
11/08/2023,FEU,Z24,4,0.119725073042
11/08/2023,FEU,Z14,4,0.119725073042
11/08/2023,FEU,Z24,5,0.108715009042
11/08/2023,FEU,Z14,5,0.108715009042
11/08/2023,FEU,Z24,6,0.117372219132
11/08/2023,FEU,Z14,6,0.117372219132
11/08/2023,FEU,Z24,7,0.124157627856
11/08/2023,FEU,Z14,7,0.124157627856
11/08/2023,FEU,Z24,8,0.14509223658
11/08/2023,FEU,Z14,8,0.14509223658
11/08/2023,FEU,Z24,9,0.17559649476
11/08/2023,FEU,Z14,9,0.17559649476
11/09/2023,FEU,Z24,1,0.116270510402
11/09/2023,FEU,Z14,1,0.116270510402
11/09/2023,FEU,Z24,10,0.13764167703
11/09/2023,FEU,Z14,10,0.13764167703
11/09/2023,FEU,Z24,11,0.127331354302
11/09/2023,FEU,Z14,11,0.17314276703
11/09/2023,FEU,Z24,12,0.159248394212
11/09/2023,FEU,Z14,12,0.159248394212
11/09/2023,FEU,Z24,13,0.15743507203
11/09/2023,FEU,Z14,13,0.15743507203
11/09/2023,FEU,Z24,14,0.153370793666
11/09/2023,FEU,Z14,14,0.153370793666
11/09/2023,FEU,Z24,15,0.145983182032
11/09/2023,FEU,Z14,15,0.100257421304
11/09/2023,FEU,Z24,16,0.082825636486
11/09/2023,FEU,Z14,16,0.082825636486
11/09/2023,FEU,Z24,17,0.110423990032
11/09/2023,FEU,Z14,17,0.110423990032
11/09/2023,FEU,Z24,18,0.136622908396
11/09/2023,FEU,Z14,18,0.136622908396
11/09/2023,FEU,Z24,19,0.159770853394
11/09/2023,FEU,Z14,19,0.205810457304
11/09/2023,FEU,Z24,2,0.09894034204
11/09/2023,FEU,Z14,2,0.09894034204
11/09/2023,FEU,Z24,20,0.219725302486
11/09/2023,FEU,Z14,20,0.219725302486
11/09/2023,FEU,Z24,21,0.210558229304
11/09/2023,FEU,Z14,21,0.210558229304
11/09/2023,FEU,Z24,22,0.198539978122
11/09/2023,FEU,Z14,22,0.198539978122
11/09/2023,FEU,Z24,23,0.191110607488
11/09/2023,FEU,Z14,23,0.14522801476
11/09/2023,FEU,Z24,24,0.13161015067
11/09/2023,FEU,Z14,24,0.13161015067
11/09/2023,FEU,Z24,3,0.098316501132
11/09/2023,FEU,Z14,3,0.098316501132
11/09/2023,FEU,Z24,4,0.098334171496
11/09/2023,FEU,Z14,4,0.098334171496
11/09/2023,FEU,Z24,5,0.096624770314
11/09/2023,FEU,Z14,5,0.096624770314
11/09/2023,FEU,Z24,6,0.098973912404
11/09/2023,FEU,Z14,6,0.098973912404
11/09/2023,FEU,Z24,7,0.109449145492
11/09/2023,FEU,Z14,7,0.109449145492
11/09/2023,FEU,Z24,8,0.119476852216
11/09/2023,FEU,Z14,8,0.119476852216
11/09/2023,FEU,Z24,9,0.155972871214
11/09/2023,FEU,Z14,9,0.155972871214
11/10/2023,FEU,Z24,1,0.10254674931
11/10/2023,FEU,Z14,1,0.10254674931
11/10/2023,FEU,Z24,10,0.108880005758
11/10/2023,FEU,Z14,10,0.108880005758
11/10/2023,FEU,Z24,11,0.08661817203
11/10/2023,FEU,Z14,11,0.132292244758
11/10/2023,FEU,Z24,12,0.125840209304
11/10/2023,FEU,Z14,12,0.125840209304
11/10/2023,FEU,Z24,13,0.12401911385
11/10/2023,FEU,Z14,13,0.12401911385
11/10/2023,FEU,Z24,14,0.118216228486
11/10/2023,FEU,Z14,14,0.118216228486
11/10/2023,FEU,Z24,15,0.11801766067
11/10/2023,FEU,Z14,15,0.072380047942
11/10/2023,FEU,Z24,16,0.086840211942
11/10/2023,FEU,Z14,16,0.086840211942
11/10/2023,FEU,Z24,17,0.10150193476
11/10/2023,FEU,Z14,17,0.10150193476
11/10/2023,FEU,Z24,18,0.120298184396
11/10/2023,FEU,Z14,18,0.120298184396
11/10/2023,FEU,Z24,19,0.13904812294
11/10/2023,FEU,Z14,19,0.184905111668
11/10/2023,FEU,Z24,2,0.097897973312
11/10/2023,FEU,Z14,2,0.097897973312
11/10/2023,FEU,Z24,20,0.206652086578
11/10/2023,FEU,Z14,20,0.206652086578
11/10/2023,FEU,Z24,21,0.214071189124
11/10/2023,FEU,Z14,21,0.214071189124
11/10/2023,FEU,Z24,22,0.187731501124
11/10/2023,FEU,Z14,22,0.187731501124
11/10/2023,FEU,Z24,23,0.170213710036
11/10/2023,FEU,Z14,23,0.124392911308
11/10/2023,FEU,Z24,24,0.1080252184
11/10/2023,FEU,Z14,24,0.1080252184
11/10/2023,FEU,Z24,3,0.09150932204
11/10/2023,FEU,Z14,3,0.09150932204
11/10/2023,FEU,Z24,4,0.083760001222
11/10/2023,FEU,Z14,4,0.083760001222
11/10/2023,FEU,Z24,5,0.083019480404
11/10/2023,FEU,Z14,5,0.083019480404
11/10/2023,FEU,Z24,6,0.087960821312
11/10/2023,FEU,Z14,6,0.087960821312
11/10/2023,FEU,Z24,7,0.080633087854
11/10/2023,FEU,Z14,7,0.080633087854
11/10/2023,FEU,Z24,8,0.09600100567
11/10/2023,FEU,Z14,8,0.09600100567
11/10/2023,FEU,Z24,9,0.131942062214
11/10/2023,FEU,Z14,9,0.131942062214
11/11/2023,FEU,Z24,1,0.04885071613
11/11/2023,FEU,Z14,1,0.04885071613
11/11/2023,FEU,Z24,10,0.033958031488
11/11/2023,FEU,Z14,10,0.033958031488
11/11/2023,FEU,Z24,11,0.03295605476
11/11/2023,FEU,Z14,11,0.03295605476
11/11/2023,FEU,Z24,12,0.026817653942
11/11/2023,FEU,Z14,12,0.026817653942
11/11/2023,FEU,Z24,13,0.026781807488
11/11/2023,FEU,Z14,13,0.026781807488
11/11/2023,FEU,Z24,14,0.026530670942
11/11/2023,FEU,Z14,14,0.026530670942
11/11/2023,FEU,Z24,15,0.02671385476
11/11/2023,FEU,Z14,15,0.02671385476
11/11/2023,FEU,Z24,16,0.026486659762
11/11/2023,FEU,Z14,16,0.026486659762
11/11/2023,FEU,Z24,17,0.031307529672
11/11/2023,FEU,Z14,17,0.031307529672
11/11/2023,FEU,Z24,18,0.034494297218
11/11/2023,FEU,Z14,18,0.034494297218
11/11/2023,FEU,Z24,19,0.032582904582
11/11/2023,FEU,Z14,19,0.032582904582
11/11/2023,FEU,Z24,2,0.03863039795
11/11/2023,FEU,Z14,2,0.03863039795
11/11/2023,FEU,Z24,20,0.04270042431
11/11/2023,FEU,Z14,20,0.04270042431
11/11/2023,FEU,Z24,21,0.043857154674
11/11/2023,FEU,Z14,21,0.043857154674
11/11/2023,FEU,Z24,22,0.042574112038
11/11/2023,FEU,Z14,22,0.042574112038
11/11/2023,FEU,Z24,23,0.033185300948
11/11/2023,FEU,Z14,23,0.033185300948
11/11/2023,FEU,Z24,24,0.029398349858
11/11/2023,FEU,Z14,24,0.029398349858
11/11/2023,FEU,Z24,3,0.036273507496
11/11/2023,FEU,Z14,3,0.036273507496
11/11/2023,FEU,Z24,4,0.033181258678
11/11/2023,FEU,Z14,4,0.033181258678
11/11/2023,FEU,Z24,5,0.033955512224
11/11/2023,FEU,Z14,5,0.033955512224
11/11/2023,FEU,Z24,6,0.03612815386
11/11/2023,FEU,Z14,6,0.03612815386
11/11/2023,FEU,Z24,7,0.037644286768
11/11/2023,FEU,Z14,7,0.037644286768
11/11/2023,FEU,Z24,8,0.038832260584
11/11/2023,FEU,Z14,8,0.038832260584
11/11/2023,FEU,Z24,9,0.0370056184
11/11/2023,FEU,Z14,9,0.0370056184
11/12/2023,FEU,Z24,1,0.036057769132
11/12/2023,FEU,Z14,1,0.036057769132
11/12/2023,FEU,Z24,10,0.040827688216
11/12/2023,FEU,Z14,10,0.040827688216
11/12/2023,FEU,Z24,11,0.032909251942
11/12/2023,FEU,Z14,11,0.032909251942
11/12/2023,FEU,Z24,12,0.034952961306
11/12/2023,FEU,Z14,12,0.034952961306
11/12/2023,FEU,Z24,13,0.032669661124
11/12/2023,FEU,Z14,13,0.032669661124
11/12/2023,FEU,Z24,14,0.032950960214
11/12/2023,FEU,Z14,14,0.032950960214
11/12/2023,FEU,Z24,15,0.034359519942
11/12/2023,FEU,Z14,15,0.034359519942
11/12/2023,FEU,Z24,16,0.037687192944
11/12/2023,FEU,Z14,16,0.037687192944
11/12/2023,FEU,Z24,17,0.047007061218
11/12/2023,FEU,Z14,17,0.047007061218
11/12/2023,FEU,Z24,18,0.071542911946
11/12/2023,FEU,Z14,18,0.071542911946
11/12/2023,FEU,Z24,19,0.081965765674
11/12/2023,FEU,Z14,19,0.081965765674
11/12/2023,FEU,Z24,2,0.037722651406
11/12/2023,FEU,Z14,2,0.037722651406
11/12/2023,FEU,Z24,20,0.108277217038
11/12/2023,FEU,Z14,20,0.108277217038
11/12/2023,FEU,Z24,21,0.11190219022
11/12/2023,FEU,Z14,21,0.11190219022
11/12/2023,FEU,Z24,22,0.109989891674
11/12/2023,FEU,Z14,22,0.109989891674
11/12/2023,FEU,Z24,23,0.08126499022
11/12/2023,FEU,Z14,23,0.08126499022
11/12/2023,FEU,Z24,24,0.070361625858
11/12/2023,FEU,Z14,24,0.070361625858
11/12/2023,FEU,Z24,3,0.03809486568
11/12/2023,FEU,Z14,3,0.03809486568
11/12/2023,FEU,Z24,4,0.037549148226
11/12/2023,FEU,Z14,4,0.037549148226
11/12/2023,FEU,Z24,5,0.038343425226
11/12/2023,FEU,Z14,5,0.038343425226
11/12/2023,FEU,Z24,6,0.039765788044
11/12/2023,FEU,Z14,6,0.039765788044
11/12/2023,FEU,Z24,7,0.039241197134
11/12/2023,FEU,Z14,7,0.039241197134
11/12/2023,FEU,Z24,8,0.03926494795
11/12/2023,FEU,Z14,8,0.03926494795
11/12/2023,FEU,Z24,9,0.04425230022
11/12/2023,FEU,Z14,9,0.04425230022
11/13/2023,FEU,Z24,1,0.078304342768
11/13/2023,FEU,Z14,1,0.078304342768
11/13/2023,FEU,Z24,10,0.109484433484
11/13/2023,FEU,Z14,10,0.109484433484
11/13/2023,FEU,Z24,11,0.100952273302
11/13/2023,FEU,Z14,11,0.14667280203
11/13/2023,FEU,Z24,12,0.141020501484
11/13/2023,FEU,Z14,12,0.141020501484
11/13/2023,FEU,Z24,13,0.120137256212
11/13/2023,FEU,Z14,13,0.120137256212
11/13/2023,FEU,Z24,14,0.116024537666
11/13/2023,FEU,Z14,14,0.116024537666
11/13/2023,FEU,Z24,15,0.119545774396
11/13/2023,FEU,Z14,15,0.073908397668
11/13/2023,FEU,Z24,16,0.095759905214
11/13/2023,FEU,Z14,16,0.095759905214
11/13/2023,FEU,Z24,17,0.107764418306
11/13/2023,FEU,Z14,17,0.107764418306
11/13/2023,FEU,Z24,18,0.14841700567
11/13/2023,FEU,Z14,18,0.14841700567
11/13/2023,FEU,Z24,19,0.153174986396
11/13/2023,FEU,Z14,19,0.199190106306
11/13/2023,FEU,Z24,2,0.07398888977
11/13/2023,FEU,Z14,2,0.07398888977
11/13/2023,FEU,Z24,20,0.21239698567
11/13/2023,FEU,Z14,20,0.21239698567
11/13/2023,FEU,Z24,21,0.19344883567
11/13/2023,FEU,Z14,21,0.19344883567
11/13/2023,FEU,Z24,22,0.166875111124
11/13/2023,FEU,Z14,22,0.166875111124
11/13/2023,FEU,Z24,23,0.159099629672
11/13/2023,FEU,Z14,23,0.113244979762
11/13/2023,FEU,Z24,24,0.102505956218
11/13/2023,FEU,Z14,24,0.102505956218
11/13/2023,FEU,Z24,3,0.062387555042
11/13/2023,FEU,Z14,3,0.062387555042
11/13/2023,FEU,Z24,4,0.063485320224
11/13/2023,FEU,Z14,4,0.063485320224
11/13/2023,FEU,Z24,5,0.06511064386
11/13/2023,FEU,Z14,5,0.06511064386
11/13/2023,FEU,Z24,6,0.07935934204
11/13/2023,FEU,Z14,6,0.07935934204
11/13/2023,FEU,Z24,7,0.085612763856
11/13/2023,FEU,Z14,7,0.085612763856
11/13/2023,FEU,Z24,8,0.126169345852
11/13/2023,FEU,Z14,8,0.126169345852
11/13/2023,FEU,Z24,9,0.171364484396
11/13/2023,FEU,Z14,9,0.171364484396
11/14/2023,FEU,Z24,1,0.080554165312
11/14/2023,FEU,Z14,1,0.080554165312
11/14/2023,FEU,Z24,10,0.140141935486
11/14/2023,FEU,Z14,10,0.140141935486
11/14/2023,FEU,Z24,11,0.100866572576
11/14/2023,FEU,Z14,11,0.146591641304
11/14/2023,FEU,Z24,12,0.138528589668
11/14/2023,FEU,Z14,12,0.138528589668
11/14/2023,FEU,Z24,13,0.138111819668
11/14/2023,FEU,Z14,13,0.138111819668
11/14/2023,FEU,Z24,14,0.136949038486
11/14/2023,FEU,Z14,14,0.136949038486
11/14/2023,FEU,Z24,15,0.137548815488
11/14/2023,FEU,Z14,15,0.09184599476
11/14/2023,FEU,Z24,16,0.094475456034
11/14/2023,FEU,Z14,16,0.094475456034
11/14/2023,FEU,Z24,17,0.128035444398
11/14/2023,FEU,Z14,17,0.128035444398
11/14/2023,FEU,Z24,18,0.157994629126
11/14/2023,FEU,Z14,18,0.157994629126
11/14/2023,FEU,Z24,19,0.179093403306
11/14/2023,FEU,Z14,19,0.225220348216
11/14/2023,FEU,Z24,2,0.076341046768
11/14/2023,FEU,Z14,2,0.076341046768
11/14/2023,FEU,Z24,20,0.227331424216
11/14/2023,FEU,Z14,20,0.227331424216
11/14/2023,FEU,Z24,21,0.228225889034
11/14/2023,FEU,Z14,21,0.228225889034
11/14/2023,FEU,Z24,22,0.218500798034
11/14/2023,FEU,Z14,22,0.218500798034
11/14/2023,FEU,Z24,23,0.1982868184
11/14/2023,FEU,Z14,23,0.15226766749
11/14/2023,FEU,Z24,24,0.1512132184
11/14/2023,FEU,Z14,24,0.1512132184
11/14/2023,FEU,Z24,3,0.075316294678
11/14/2023,FEU,Z14,3,0.075316294678
11/14/2023,FEU,Z24,4,0.079057800224
11/14/2023,FEU,Z14,4,0.079057800224
11/14/2023,FEU,Z24,5,0.079045480224
11/14/2023,FEU,Z14,5,0.079045480224
11/14/2023,FEU,Z24,6,0.077988667496
11/14/2023,FEU,Z14,6,0.077988667496
11/14/2023,FEU,Z24,7,0.088801808584
11/14/2023,FEU,Z14,7,0.088801808584
11/14/2023,FEU,Z24,8,0.115182098854
11/14/2023,FEU,Z14,8,0.115182098854
11/14/2023,FEU,Z24,9,0.149209213034
11/14/2023,FEU,Z14,9,0.149209213034
11/15/2023,FEU,Z24,1,0.11993793613
11/15/2023,FEU,Z14,1,0.11993793613
11/15/2023,FEU,Z24,10,0.161513184394
11/15/2023,FEU,Z14,10,0.161513184394
11/15/2023,FEU,Z24,11,0.150834961938
11/15/2023,FEU,Z14,11,0.196726270666
11/15/2023,FEU,Z24,12,0.18785555203
11/15/2023,FEU,Z14,12,0.18785555203
11/15/2023,FEU,Z24,13,0.187319291848
11/15/2023,FEU,Z14,13,0.187319291848
11/15/2023,FEU,Z24,14,0.185659893484
11/15/2023,FEU,Z14,14,0.185659893484
11/15/2023,FEU,Z24,15,0.186756503214
11/15/2023,FEU,Z14,15,0.140891482486
11/15/2023,FEU,Z24,16,0.143404048486
11/15/2023,FEU,Z14,16,0.143404048486
11/15/2023,FEU,Z24,17,0.16284163885
11/15/2023,FEU,Z14,17,0.16284163885
11/15/2023,FEU,Z24,18,0.18265289476
11/15/2023,FEU,Z14,18,0.18265289476
11/15/2023,FEU,Z24,19,0.193684573304
11/15/2023,FEU,Z14,19,0.239729198032
11/15/2023,FEU,Z24,2,0.116005990768
11/15/2023,FEU,Z14,2,0.116005990768
11/15/2023,FEU,Z24,20,0.22940611476
11/15/2023,FEU,Z14,20,0.22940611476
11/15/2023,FEU,Z24,21,0.225942524942
11/15/2023,FEU,Z14,21,0.225942524942
11/15/2023,FEU,Z24,22,0.209564416942
11/15/2023,FEU,Z14,22,0.209564416942
11/15/2023,FEU,Z24,23,0.196314701308
11/15/2023,FEU,Z14,23,0.150306603398
11/15/2023,FEU,Z24,24,0.14622574749
11/15/2023,FEU,Z14,24,0.14622574749
11/15/2023,FEU,Z24,3,0.114769652678
11/15/2023,FEU,Z14,3,0.114769652678
11/15/2023,FEU,Z24,4,0.116600795042
11/15/2023,FEU,Z14,4,0.116600795042
11/15/2023,FEU,Z24,5,0.116750977042
11/15/2023,FEU,Z14,5,0.116750977042
11/15/2023,FEU,Z24,6,0.122051861132
11/15/2023,FEU,Z14,6,0.122051861132
11/15/2023,FEU,Z24,7,0.133061795856
11/15/2023,FEU,Z14,7,0.133061795856
11/15/2023,FEU,Z24,8,0.14970705658
11/15/2023,FEU,Z14,8,0.14970705658
11/15/2023,FEU,Z24,9,0.17996957476
11/15/2023,FEU,Z14,9,0.17996957476
11/16/2023,FEU,Z24,1,0.127863413402
11/16/2023,FEU,Z14,1,0.127863413402
11/16/2023,FEU,Z24,10,0.17942789703
11/16/2023,FEU,Z14,10,0.17942789703
11/16/2023,FEU,Z24,11,0.166368818302
11/16/2023,FEU,Z14,11,0.21231472703
11/16/2023,FEU,Z24,12,0.222212394212
11/16/2023,FEU,Z14,12,0.222212394212
11/16/2023,FEU,Z24,13,0.22025070703
11/16/2023,FEU,Z14,13,0.22025070703
11/16/2023,FEU,Z24,14,0.205629035666
11/16/2023,FEU,Z14,14,0.205629035666
11/16/2023,FEU,Z24,15,0.197488454032
11/16/2023,FEU,Z14,15,0.151587505304
11/16/2023,FEU,Z24,16,0.148966414486
11/16/2023,FEU,Z14,16,0.148966414486
11/16/2023,FEU,Z24,17,0.154586318032
11/16/2023,FEU,Z14,17,0.154586318032
11/16/2023,FEU,Z24,18,0.173589726396
11/16/2023,FEU,Z14,18,0.173589726396
11/16/2023,FEU,Z24,19,0.182565864394
11/16/2023,FEU,Z14,19,0.228703133304
11/16/2023,FEU,Z24,2,0.12586818204
11/16/2023,FEU,Z14,2,0.12586818204
11/16/2023,FEU,Z24,20,0.234933247486
11/16/2023,FEU,Z14,20,0.234933247486
11/16/2023,FEU,Z24,21,0.230083749304
11/16/2023,FEU,Z14,21,0.230083749304
11/16/2023,FEU,Z24,22,0.222471705122
11/16/2023,FEU,Z14,22,0.222471705122
11/16/2023,FEU,Z24,23,0.219407023488
11/16/2023,FEU,Z14,23,0.17342765476
11/16/2023,FEU,Z24,24,0.16341910567
11/16/2023,FEU,Z14,24,0.16341910567
11/16/2023,FEU,Z24,3,0.125923569132
11/16/2023,FEU,Z14,3,0.125923569132
11/16/2023,FEU,Z24,4,0.125064047496
11/16/2023,FEU,Z14,4,0.125064047496
11/16/2023,FEU,Z24,5,0.130034753314
11/16/2023,FEU,Z14,5,0.130034753314
11/16/2023,FEU,Z24,6,0.135696234404
11/16/2023,FEU,Z14,6,0.135696234404
11/16/2023,FEU,Z24,7,0.137193175492
11/16/2023,FEU,Z14,7,0.137193175492
11/16/2023,FEU,Z24,8,0.156673132216
11/16/2023,FEU,Z14,8,0.156673132216
11/16/2023,FEU,Z24,9,0.190278890214
11/16/2023,FEU,Z14,9,0.190278890214
11/17/2023,FEU,Z24,1,0.15008640931
11/17/2023,FEU,Z14,1,0.15008640931
11/17/2023,FEU,Z24,10,0.190935622758
11/17/2023,FEU,Z14,10,0.190935622758
11/17/2023,FEU,Z24,11,0.18523542203
11/17/2023,FEU,Z14,11,0.231248094758
11/17/2023,FEU,Z24,12,0.224431193304
11/17/2023,FEU,Z14,12,0.224431193304
11/17/2023,FEU,Z24,13,0.22576118885
11/17/2023,FEU,Z14,13,0.22576118885
11/17/2023,FEU,Z24,14,0.219177511486
11/17/2023,FEU,Z14,14,0.219177511486
11/17/2023,FEU,Z24,15,0.20907661567
11/17/2023,FEU,Z14,15,0.163131630942
11/17/2023,FEU,Z24,16,0.179102293942
11/17/2023,FEU,Z14,16,0.179102293942
11/17/2023,FEU,Z24,17,0.18887031476
11/17/2023,FEU,Z14,17,0.18887031476
11/17/2023,FEU,Z24,18,0.191743884396
11/17/2023,FEU,Z14,18,0.191743884396
11/17/2023,FEU,Z24,19,0.21637576294
11/17/2023,FEU,Z14,19,0.262495945668
11/17/2023,FEU,Z24,2,0.145452085312
11/17/2023,FEU,Z14,2,0.145452085312
11/17/2023,FEU,Z24,20,0.253452491578
11/17/2023,FEU,Z14,20,0.253452491578
11/17/2023,FEU,Z24,21,0.239031483124
11/17/2023,FEU,Z14,21,0.239031483124
11/17/2023,FEU,Z24,22,0.231171183124
11/17/2023,FEU,Z14,22,0.231171183124
11/17/2023,FEU,Z24,23,0.231208682036
11/17/2023,FEU,Z14,23,0.185183033308
11/17/2023,FEU,Z24,24,0.1785396184
11/17/2023,FEU,Z14,24,0.1785396184
11/17/2023,FEU,Z24,3,0.14333126204
11/17/2023,FEU,Z14,3,0.14333126204
11/17/2023,FEU,Z24,4,0.140000482222
11/17/2023,FEU,Z14,4,0.140000482222
11/17/2023,FEU,Z24,5,0.143325180404
11/17/2023,FEU,Z14,5,0.143325180404
11/17/2023,FEU,Z24,6,0.150328245312
11/17/2023,FEU,Z14,6,0.150328245312
11/17/2023,FEU,Z24,7,0.162890927854
11/17/2023,FEU,Z14,7,0.162890927854
11/17/2023,FEU,Z24,8,0.16995211567
11/17/2023,FEU,Z14,8,0.16995211567
11/17/2023,FEU,Z24,9,0.207211212214
11/17/2023,FEU,Z14,9,0.207211212214
11/18/2023,FEU,Z24,1,0.15521546113
11/18/2023,FEU,Z14,1,0.15521546113
11/18/2023,FEU,Z24,10,0.136082767488
11/18/2023,FEU,Z14,10,0.136082767488
11/18/2023,FEU,Z24,11,0.10994869476
11/18/2023,FEU,Z14,11,0.10994869476
11/18/2023,FEU,Z24,12,0.107965344942
11/18/2023,FEU,Z14,12,0.107965344942
11/18/2023,FEU,Z24,13,0.105430191488
11/18/2023,FEU,Z14,13,0.105430191488
11/18/2023,FEU,Z24,14,0.105412022942
11/18/2023,FEU,Z14,14,0.105412022942
11/18/2023,FEU,Z24,15,0.10072463476
11/18/2023,FEU,Z14,15,0.10072463476
11/18/2023,FEU,Z24,16,0.110472406762
11/18/2023,FEU,Z14,16,0.110472406762
11/18/2023,FEU,Z24,17,0.121656957672
11/18/2023,FEU,Z14,17,0.121656957672
11/18/2023,FEU,Z24,18,0.148161895218
11/18/2023,FEU,Z14,18,0.148161895218
11/18/2023,FEU,Z24,19,0.147343258582
11/18/2023,FEU,Z14,19,0.147343258582
11/18/2023,FEU,Z24,2,0.14485137295
11/18/2023,FEU,Z14,2,0.14485137295
11/18/2023,FEU,Z24,20,0.14920555431
11/18/2023,FEU,Z14,20,0.14920555431
11/18/2023,FEU,Z24,21,0.150758730674
11/18/2023,FEU,Z14,21,0.150758730674
11/18/2023,FEU,Z24,22,0.147394412038
11/18/2023,FEU,Z14,22,0.147394412038
11/18/2023,FEU,Z24,23,0.127568944948
11/18/2023,FEU,Z14,23,0.127568944948
11/18/2023,FEU,Z24,24,0.119121625858
11/18/2023,FEU,Z14,24,0.119121625858
11/18/2023,FEU,Z24,3,0.139512695496
11/18/2023,FEU,Z14,3,0.139512695496
11/18/2023,FEU,Z24,4,0.136443067678
11/18/2023,FEU,Z14,4,0.136443067678
11/18/2023,FEU,Z24,5,0.133115496224
11/18/2023,FEU,Z14,5,0.133115496224
11/18/2023,FEU,Z24,6,0.13297958386
11/18/2023,FEU,Z14,6,0.13297958386
11/18/2023,FEU,Z24,7,0.135228910768
11/18/2023,FEU,Z14,7,0.135228910768
11/18/2023,FEU,Z24,8,0.139631876584
11/18/2023,FEU,Z14,8,0.139631876584
11/18/2023,FEU,Z24,9,0.1503288184
11/18/2023,FEU,Z14,9,0.1503288184
11/19/2023,FEU,Z24,1,0.125935829132
11/19/2023,FEU,Z14,1,0.125935829132
11/19/2023,FEU,Z24,10,0.109141252216
11/19/2023,FEU,Z14,10,0.109141252216
11/19/2023,FEU,Z24,11,0.075472491942
11/19/2023,FEU,Z14,11,0.075472491942
11/19/2023,FEU,Z24,12,0.052043762306
11/19/2023,FEU,Z14,12,0.052043762306
11/19/2023,FEU,Z24,13,0.056430225124
11/19/2023,FEU,Z14,13,0.056430225124
11/19/2023,FEU,Z24,14,0.071463577214
11/19/2023,FEU,Z14,14,0.071463577214
11/19/2023,FEU,Z24,15,0.073302994942
11/19/2023,FEU,Z14,15,0.073302994942
11/19/2023,FEU,Z24,16,0.079450104944
11/19/2023,FEU,Z14,16,0.079450104944
11/19/2023,FEU,Z24,17,0.109562488218
11/19/2023,FEU,Z14,17,0.109562488218
11/19/2023,FEU,Z24,18,0.134233647946
11/19/2023,FEU,Z14,18,0.134233647946
11/19/2023,FEU,Z24,19,0.144203513674
11/19/2023,FEU,Z14,19,0.144203513674
11/19/2023,FEU,Z24,2,0.122819379406
11/19/2023,FEU,Z14,2,0.122819379406
11/19/2023,FEU,Z24,20,0.143037176038
11/19/2023,FEU,Z14,20,0.143037176038
11/19/2023,FEU,Z24,21,0.15403681022
11/19/2023,FEU,Z14,21,0.15403681022
11/19/2023,FEU,Z24,22,0.143872795674
11/19/2023,FEU,Z14,22,0.143872795674
11/19/2023,FEU,Z24,23,0.13283398022
11/19/2023,FEU,Z14,23,0.13283398022
11/19/2023,FEU,Z24,24,0.134590735858
11/19/2023,FEU,Z14,24,0.134590735858
11/19/2023,FEU,Z24,3,0.12398842568
11/19/2023,FEU,Z14,3,0.12398842568
11/19/2023,FEU,Z24,4,0.125947579226
11/19/2023,FEU,Z14,4,0.125947579226
11/19/2023,FEU,Z24,5,0.125619427226
11/19/2023,FEU,Z14,5,0.125619427226
11/19/2023,FEU,Z24,6,0.125583020044
11/19/2023,FEU,Z14,6,0.125583020044
11/19/2023,FEU,Z24,7,0.128129543134
11/19/2023,FEU,Z14,7,0.128129543134
11/19/2023,FEU,Z24,8,0.12578547295
11/19/2023,FEU,Z14,8,0.12578547295
11/19/2023,FEU,Z24,9,0.11967765022
11/19/2023,FEU,Z14,9,0.11967765022
11/20/2023,FEU,Z24,1,0.136372126768
11/20/2023,FEU,Z14,1,0.136372126768
11/20/2023,FEU,Z24,10,0.173589649484
11/20/2023,FEU,Z14,10,0.173589649484
11/20/2023,FEU,Z24,11,0.154405874302
11/20/2023,FEU,Z14,11,0.20030940203
11/20/2023,FEU,Z24,12,0.185766797484
11/20/2023,FEU,Z14,12,0.185766797484
11/20/2023,FEU,Z24,13,0.193624406212
11/20/2023,FEU,Z14,13,0.193624406212
11/20/2023,FEU,Z24,14,0.182887733666
11/20/2023,FEU,Z14,14,0.182887733666
11/20/2023,FEU,Z24,15,0.171269398396
11/20/2023,FEU,Z14,15,0.125457563668
11/20/2023,FEU,Z24,16,0.126816227214
11/20/2023,FEU,Z14,16,0.126816227214
11/20/2023,FEU,Z24,17,0.154471624306
11/20/2023,FEU,Z14,17,0.154471624306
11/20/2023,FEU,Z24,18,0.16275787567
11/20/2023,FEU,Z14,18,0.16275787567
11/20/2023,FEU,Z24,19,0.178767036396
11/20/2023,FEU,Z14,19,0.224891964306
11/20/2023,FEU,Z24,2,0.14225845477
11/20/2023,FEU,Z14,2,0.14225845477
11/20/2023,FEU,Z24,20,0.22442710567
11/20/2023,FEU,Z14,20,0.22442710567
11/20/2023,FEU,Z24,21,0.22429438567
11/20/2023,FEU,Z14,21,0.22429438567
11/20/2023,FEU,Z24,22,0.206247531124
11/20/2023,FEU,Z14,22,0.206247531124
11/20/2023,FEU,Z24,23,0.194032397672
11/20/2023,FEU,Z14,23,0.148032898762
11/20/2023,FEU,Z24,24,0.121397400218
11/20/2023,FEU,Z14,24,0.121397400218
11/20/2023,FEU,Z24,3,0.141945854042
11/20/2023,FEU,Z14,3,0.141945854042
11/20/2023,FEU,Z24,4,0.143809256224
11/20/2023,FEU,Z14,4,0.143809256224
11/20/2023,FEU,Z24,5,0.14087126386
11/20/2023,FEU,Z14,5,0.14087126386
11/20/2023,FEU,Z24,6,0.14115112204
11/20/2023,FEU,Z14,6,0.14115112204
11/20/2023,FEU,Z24,7,0.148465003856
11/20/2023,FEU,Z14,7,0.148465003856
11/20/2023,FEU,Z24,8,0.169863957852
11/20/2023,FEU,Z14,8,0.169863957852
11/20/2023,FEU,Z24,9,0.187306358396
11/20/2023,FEU,Z14,9,0.187306358396
11/21/2023,FEU,Z24,1,0.079800245312
11/21/2023,FEU,Z14,1,0.079800245312
11/21/2023,FEU,Z24,10,0.098247067486
11/21/2023,FEU,Z14,10,0.098247067486
11/21/2023,FEU,Z24,11,0.094368988576
11/21/2023,FEU,Z14,11,0.140071805304
11/21/2023,FEU,Z24,12,0.121819047668
11/21/2023,FEU,Z14,12,0.121819047668
11/21/2023,FEU,Z24,13,0.116610009668
11/21/2023,FEU,Z14,13,0.116610009668
11/21/2023,FEU,Z24,14,0.111845665486
11/21/2023,FEU,Z14,14,0.111845665486
11/21/2023,FEU,Z24,15,0.104805295488
11/21/2023,FEU,Z14,15,0.05921427476
11/21/2023,FEU,Z24,16,0.063541049034
11/21/2023,FEU,Z14,16,0.063541049034
11/21/2023,FEU,Z24,17,0.076926279398
11/21/2023,FEU,Z14,17,0.076926279398
11/21/2023,FEU,Z24,18,0.098356559126
11/21/2023,FEU,Z14,18,0.098356559126
11/21/2023,FEU,Z24,19,0.102899922306
11/21/2023,FEU,Z14,19,0.148706020216
11/21/2023,FEU,Z24,2,0.076278622768
11/21/2023,FEU,Z14,2,0.076278622768
11/21/2023,FEU,Z24,20,0.160477912216
11/21/2023,FEU,Z14,20,0.160477912216
11/21/2023,FEU,Z24,21,0.181010590034
11/21/2023,FEU,Z14,21,0.181010590034
11/21/2023,FEU,Z24,22,0.177600339034
11/21/2023,FEU,Z14,22,0.177600339034
11/21/2023,FEU,Z24,23,0.1486296184
11/21/2023,FEU,Z14,23,0.10281737249
11/21/2023,FEU,Z24,24,0.0971100184
11/21/2023,FEU,Z14,24,0.0971100184
11/21/2023,FEU,Z24,3,0.073969310678
11/21/2023,FEU,Z14,3,0.073969310678
11/21/2023,FEU,Z24,4,0.075668568224
11/21/2023,FEU,Z14,4,0.075668568224
11/21/2023,FEU,Z24,5,0.075730168224
11/21/2023,FEU,Z14,5,0.075730168224
11/21/2023,FEU,Z24,6,0.078449167496
11/21/2023,FEU,Z14,6,0.078449167496
11/21/2023,FEU,Z24,7,0.085946336584
11/21/2023,FEU,Z14,7,0.085946336584
11/21/2023,FEU,Z24,8,0.081154979854
11/21/2023,FEU,Z14,8,0.081154979854
11/21/2023,FEU,Z24,9,0.121721854034
11/21/2023,FEU,Z14,9,0.121721854034
11/22/2023,FEU,Z24,1,0.06593483113
11/22/2023,FEU,Z14,1,0.06593483113
11/22/2023,FEU,Z24,10,0.082665996394
11/22/2023,FEU,Z14,10,0.082665996394
11/22/2023,FEU,Z24,11,0.073717419938
11/22/2023,FEU,Z14,11,0.119342576666
11/22/2023,FEU,Z24,12,0.11039819703
11/22/2023,FEU,Z14,12,0.11039819703
11/22/2023,FEU,Z24,13,0.106974191848
11/22/2023,FEU,Z14,13,0.106974191848
11/22/2023,FEU,Z24,14,0.107021543484
11/22/2023,FEU,Z14,14,0.107021543484
11/22/2023,FEU,Z24,15,0.102741066214
11/22/2023,FEU,Z14,15,0.057162742486
11/22/2023,FEU,Z24,16,0.060854173486
11/22/2023,FEU,Z14,16,0.060854173486
11/22/2023,FEU,Z24,17,0.07381658885
11/22/2023,FEU,Z14,17,0.07381658885
11/22/2023,FEU,Z24,18,0.09406203476
11/22/2023,FEU,Z14,18,0.09406203476
11/22/2023,FEU,Z24,19,0.121913637304
11/22/2023,FEU,Z14,19,0.167712134032
11/22/2023,FEU,Z24,2,0.065418070768
11/22/2023,FEU,Z14,2,0.065418070768
11/22/2023,FEU,Z24,20,0.14502195476
11/22/2023,FEU,Z14,20,0.14502195476
11/22/2023,FEU,Z24,21,0.160021466942
11/22/2023,FEU,Z14,21,0.160021466942
11/22/2023,FEU,Z24,22,0.140178304942
11/22/2023,FEU,Z14,22,0.140178304942
11/22/2023,FEU,Z24,23,0.149779745308
11/22/2023,FEU,Z14,23,0.103965328398
11/22/2023,FEU,Z24,24,0.08641480249
11/22/2023,FEU,Z14,24,0.08641480249
11/22/2023,FEU,Z24,3,0.061279885678
11/22/2023,FEU,Z14,3,0.061279885678
11/22/2023,FEU,Z24,4,0.060787255042
11/22/2023,FEU,Z14,4,0.060787255042
11/22/2023,FEU,Z24,5,0.060437651042
11/22/2023,FEU,Z14,5,0.060437651042
11/22/2023,FEU,Z24,6,0.058649271132
11/22/2023,FEU,Z14,6,0.058649271132
11/22/2023,FEU,Z24,7,0.064002851856
11/22/2023,FEU,Z14,7,0.064002851856
11/22/2023,FEU,Z24,8,0.06017264658
11/22/2023,FEU,Z14,8,0.06017264658
11/22/2023,FEU,Z24,9,0.08784461476
11/22/2023,FEU,Z14,9,0.08784461476
11/23/2023,FEU,Z24,1,0.066981599402
11/23/2023,FEU,Z14,1,0.066981599402
11/23/2023,FEU,Z24,10,0.09984208703
11/23/2023,FEU,Z14,10,0.09984208703
11/23/2023,FEU,Z24,11,0.075975680302
11/23/2023,FEU,Z14,11,0.12161015703
11/23/2023,FEU,Z24,12,0.122231392212
11/23/2023,FEU,Z14,12,0.122231392212
11/23/2023,FEU,Z24,13,0.12276933203
11/23/2023,FEU,Z14,13,0.12276933203
11/23/2023,FEU,Z24,14,0.125706512666
11/23/2023,FEU,Z14,14,0.125706512666
11/23/2023,FEU,Z24,15,0.128838278032
11/23/2023,FEU,Z14,15,0.083172005304
11/23/2023,FEU,Z24,16,0.085766347486
11/23/2023,FEU,Z14,16,0.085766347486
11/23/2023,FEU,Z24,17,0.116298110032
11/23/2023,FEU,Z14,17,0.116298110032
11/23/2023,FEU,Z24,18,0.133693222396
11/23/2023,FEU,Z14,18,0.133693222396
11/23/2023,FEU,Z24,19,0.169474458394
11/23/2023,FEU,Z14,19,0.215555637304
11/23/2023,FEU,Z24,2,0.06526346204
11/23/2023,FEU,Z14,2,0.06526346204
11/23/2023,FEU,Z24,20,0.235004800486
11/23/2023,FEU,Z14,20,0.235004800486
11/23/2023,FEU,Z24,21,0.210676601304
11/23/2023,FEU,Z14,21,0.210676601304
11/23/2023,FEU,Z24,22,0.191763401122
11/23/2023,FEU,Z14,22,0.191763401122
11/23/2023,FEU,Z24,23,0.178778063488
11/23/2023,FEU,Z14,23,0.13293713476
11/23/2023,FEU,Z24,24,0.09443670067
11/23/2023,FEU,Z14,24,0.09443670067
11/23/2023,FEU,Z24,3,0.062918203132
11/23/2023,FEU,Z14,3,0.062918203132
11/23/2023,FEU,Z24,4,0.062691471496
11/23/2023,FEU,Z14,4,0.062691471496
11/23/2023,FEU,Z24,5,0.060363239314
11/23/2023,FEU,Z14,5,0.060363239314
11/23/2023,FEU,Z24,6,0.066606798404
11/23/2023,FEU,Z14,6,0.066606798404
11/23/2023,FEU,Z24,7,0.068493385492
11/23/2023,FEU,Z14,7,0.068493385492
11/23/2023,FEU,Z24,8,0.110854348216
11/23/2023,FEU,Z14,8,0.110854348216
11/23/2023,FEU,Z24,9,0.150105526214
11/23/2023,FEU,Z14,9,0.150105526214
11/24/2023,FEU,Z24,1,0.07263623931
11/24/2023,FEU,Z14,1,0.07263623931
11/24/2023,FEU,Z24,10,0.129460250758
11/24/2023,FEU,Z14,10,0.129460250758
11/24/2023,FEU,Z24,11,0.12249085203
11/24/2023,FEU,Z14,11,0.168288092758
11/24/2023,FEU,Z24,12,0.153754905304
11/24/2023,FEU,Z14,12,0.153754905304
11/24/2023,FEU,Z24,13,0.15427183885
11/24/2023,FEU,Z14,13,0.15427183885
11/24/2023,FEU,Z24,14,0.154205041486
11/24/2023,FEU,Z14,14,0.154205041486
11/24/2023,FEU,Z24,15,0.15461401567
11/24/2023,FEU,Z14,15,0.108854051942
11/24/2023,FEU,Z24,16,0.111323522942
11/24/2023,FEU,Z14,16,0.111323522942
11/24/2023,FEU,Z24,17,0.13847133476
11/24/2023,FEU,Z14,17,0.13847133476
11/24/2023,FEU,Z24,18,0.145926752396
11/24/2023,FEU,Z14,18,0.145926752396
11/24/2023,FEU,Z24,19,0.16390945294
11/24/2023,FEU,Z14,19,0.209851437668
11/24/2023,FEU,Z24,2,0.069221045312
11/24/2023,FEU,Z14,2,0.069221045312
11/24/2023,FEU,Z24,20,0.212540012578
11/24/2023,FEU,Z14,20,0.212540012578
11/24/2023,FEU,Z24,21,0.203536023124
11/24/2023,FEU,Z14,21,0.203536023124
11/24/2023,FEU,Z24,22,0.187144047124
11/24/2023,FEU,Z14,22,0.187144047124
11/24/2023,FEU,Z24,23,0.189235554036
11/24/2023,FEU,Z14,23,0.143351243308
11/24/2023,FEU,Z24,24,0.1406628184
11/24/2023,FEU,Z14,24,0.1406628184
11/24/2023,FEU,Z24,3,0.06547452204
11/24/2023,FEU,Z14,3,0.06547452204
11/24/2023,FEU,Z24,4,0.065984683222
11/24/2023,FEU,Z14,4,0.065984683222
11/24/2023,FEU,Z24,5,0.065774616404
11/24/2023,FEU,Z14,5,0.065774616404
11/24/2023,FEU,Z24,6,0.071171509312
11/24/2023,FEU,Z14,6,0.071171509312
11/24/2023,FEU,Z24,7,0.108717101854
11/24/2023,FEU,Z14,7,0.108717101854
11/24/2023,FEU,Z24,8,0.13152730567
11/24/2023,FEU,Z14,8,0.13152730567
11/24/2023,FEU,Z24,9,0.162532292214
11/24/2023,FEU,Z14,9,0.162532292214
11/25/2023,FEU,Z24,1,0.12411875113
11/25/2023,FEU,Z14,1,0.12411875113
11/25/2023,FEU,Z24,10,0.116224719488
11/25/2023,FEU,Z14,10,0.116224719488
11/25/2023,FEU,Z24,11,0.09483053476
11/25/2023,FEU,Z14,11,0.09483053476
11/25/2023,FEU,Z24,12,0.094116938942
11/25/2023,FEU,Z14,12,0.094116938942
11/25/2023,FEU,Z24,13,0.095418287488
11/25/2023,FEU,Z14,13,0.095418287488
11/25/2023,FEU,Z24,14,0.100171925942
11/25/2023,FEU,Z14,14,0.100171925942
11/25/2023,FEU,Z24,15,0.09782537476
11/25/2023,FEU,Z14,15,0.09782537476
11/25/2023,FEU,Z24,16,0.104994997762
11/25/2023,FEU,Z14,16,0.104994997762
11/25/2023,FEU,Z24,17,0.121159421672
11/25/2023,FEU,Z14,17,0.121159421672
11/25/2023,FEU,Z24,18,0.151885989218
11/25/2023,FEU,Z14,18,0.151885989218
11/25/2023,FEU,Z24,19,0.172118687582
11/25/2023,FEU,Z14,19,0.172118687582
11/25/2023,FEU,Z24,2,0.12195489795
11/25/2023,FEU,Z14,2,0.12195489795
11/25/2023,FEU,Z24,20,0.17060153431
11/25/2023,FEU,Z14,20,0.17060153431
11/25/2023,FEU,Z24,21,0.170463005674
11/25/2023,FEU,Z14,21,0.170463005674
11/25/2023,FEU,Z24,22,0.160663187038
11/25/2023,FEU,Z14,22,0.160663187038
11/25/2023,FEU,Z24,23,0.161536664948
11/25/2023,FEU,Z14,23,0.161536664948
11/25/2023,FEU,Z24,24,0.160863842858
11/25/2023,FEU,Z14,24,0.160863842858
11/25/2023,FEU,Z24,3,0.122757863496
11/25/2023,FEU,Z14,3,0.122757863496
11/25/2023,FEU,Z24,4,0.124301776678
11/25/2023,FEU,Z14,4,0.124301776678
11/25/2023,FEU,Z24,5,0.123147384224
11/25/2023,FEU,Z14,5,0.123147384224
11/25/2023,FEU,Z24,6,0.12753560386
11/25/2023,FEU,Z14,6,0.12753560386
11/25/2023,FEU,Z24,7,0.132209302768
11/25/2023,FEU,Z14,7,0.132209302768
11/25/2023,FEU,Z24,8,0.137404220584
11/25/2023,FEU,Z14,8,0.137404220584
11/25/2023,FEU,Z24,9,0.1424352184
11/25/2023,FEU,Z14,9,0.1424352184
11/26/2023,FEU,Z24,1,0.162529477132
11/26/2023,FEU,Z14,1,0.162529477132
11/26/2023,FEU,Z24,10,0.164669560216
11/26/2023,FEU,Z14,10,0.164669560216
11/26/2023,FEU,Z24,11,0.156799694942
11/26/2023,FEU,Z14,11,0.156799694942
11/26/2023,FEU,Z24,12,0.154826351306
11/26/2023,FEU,Z14,12,0.154826351306
11/26/2023,FEU,Z24,13,0.154001961124
11/26/2023,FEU,Z14,13,0.154001961124
11/26/2023,FEU,Z24,14,0.149539872214
11/26/2023,FEU,Z14,14,0.149539872214
11/26/2023,FEU,Z24,15,0.155037642942
11/26/2023,FEU,Z14,15,0.155037642942
11/26/2023,FEU,Z24,16,0.160287968944
11/26/2023,FEU,Z14,16,0.160287968944
11/26/2023,FEU,Z24,17,0.171703061218
11/26/2023,FEU,Z14,17,0.171703061218
11/26/2023,FEU,Z24,18,0.191318403946
11/26/2023,FEU,Z14,18,0.191318403946
11/26/2023,FEU,Z24,19,0.205043555674
11/26/2023,FEU,Z14,19,0.205043555674
11/26/2023,FEU,Z24,2,0.158318682406
11/26/2023,FEU,Z14,2,0.158318682406
11/26/2023,FEU,Z24,20,0.192170936038
11/26/2023,FEU,Z14,20,0.192170936038
11/26/2023,FEU,Z24,21,0.18270897022
11/26/2023,FEU,Z14,21,0.18270897022
11/26/2023,FEU,Z24,22,0.169421364674
11/26/2023,FEU,Z14,22,0.169421364674
11/26/2023,FEU,Z24,23,0.15974922022
11/26/2023,FEU,Z14,23,0.15974922022
11/26/2023,FEU,Z24,24,0.142523987858
11/26/2023,FEU,Z14,24,0.142523987858
11/26/2023,FEU,Z24,3,0.15755026568
11/26/2023,FEU,Z14,3,0.15755026568
11/26/2023,FEU,Z24,4,0.155753476226
11/26/2023,FEU,Z14,4,0.155753476226
11/26/2023,FEU,Z24,5,0.152194767226
11/26/2023,FEU,Z14,5,0.152194767226
11/26/2023,FEU,Z24,6,0.154345256044
11/26/2023,FEU,Z14,6,0.154345256044
11/26/2023,FEU,Z24,7,0.156549618134
11/26/2023,FEU,Z14,7,0.156549618134
11/26/2023,FEU,Z24,8,0.16636604795
11/26/2023,FEU,Z14,8,0.16636604795
11/26/2023,FEU,Z24,9,0.16576897022
11/26/2023,FEU,Z14,9,0.16576897022
11/27/2023,FEU,Z24,1,0.147991558768
11/27/2023,FEU,Z14,1,0.147991558768
11/27/2023,FEU,Z24,10,0.197749953484
11/27/2023,FEU,Z14,10,0.197749953484
11/27/2023,FEU,Z24,11,0.169209785302
11/27/2023,FEU,Z14,11,0.21516548203
11/27/2023,FEU,Z24,12,0.208475763484
11/27/2023,FEU,Z14,12,0.208475763484
11/27/2023,FEU,Z24,13,0.216624922212
11/27/2023,FEU,Z14,13,0.216624922212
11/27/2023,FEU,Z24,14,0.207659633666
11/27/2023,FEU,Z14,14,0.207659633666
11/27/2023,FEU,Z24,15,0.193812784396
11/27/2023,FEU,Z14,15,0.147924401668
11/27/2023,FEU,Z24,16,0.157453537214
11/27/2023,FEU,Z14,16,0.157453537214
11/27/2023,FEU,Z24,17,0.167310723306
11/27/2023,FEU,Z14,17,0.167310723306
11/27/2023,FEU,Z24,18,0.18791305567
11/27/2023,FEU,Z14,18,0.18791305567
11/27/2023,FEU,Z24,19,0.193369524396
11/27/2023,FEU,Z14,19,0.239556432306
11/27/2023,FEU,Z24,2,0.14563123977
11/27/2023,FEU,Z14,2,0.14563123977
11/27/2023,FEU,Z24,20,0.23772043567
11/27/2023,FEU,Z14,20,0.23772043567
11/27/2023,FEU,Z24,21,0.22958778067
11/27/2023,FEU,Z14,21,0.22958778067
11/27/2023,FEU,Z24,22,0.219171519124
11/27/2023,FEU,Z14,22,0.219171519124
11/27/2023,FEU,Z24,23,0.209452425672
11/27/2023,FEU,Z14,23,0.163388461762
11/27/2023,FEU,Z24,24,0.148639879218
11/27/2023,FEU,Z14,24,0.148639879218
11/27/2023,FEU,Z24,3,0.139796528042
11/27/2023,FEU,Z14,3,0.139796528042
11/27/2023,FEU,Z24,4,0.140145288224
11/27/2023,FEU,Z14,4,0.140145288224
11/27/2023,FEU,Z24,5,0.13859945386
11/27/2023,FEU,Z14,5,0.13859945386
11/27/2023,FEU,Z24,6,0.14361674204
11/27/2023,FEU,Z14,6,0.14361674204
11/27/2023,FEU,Z24,7,0.169595339856
11/27/2023,FEU,Z14,7,0.169595339856
11/27/2023,FEU,Z24,8,0.171380851852
11/27/2023,FEU,Z14,8,0.171380851852
11/27/2023,FEU,Z24,9,0.211369364396
11/27/2023,FEU,Z14,9,0.211369364396
11/28/2023,FEU,Z24,1,0.117193461312
11/28/2023,FEU,Z14,1,0.117193461312
11/28/2023,FEU,Z24,10,0.193480591486
11/28/2023,FEU,Z14,10,0.193480591486
11/28/2023,FEU,Z24,11,0.181761084576
11/28/2023,FEU,Z14,11,0.227763189304
11/28/2023,FEU,Z24,12,0.226215823668
11/28/2023,FEU,Z14,12,0.226215823668
11/28/2023,FEU,Z24,13,0.221340201668
11/28/2023,FEU,Z14,13,0.221340201668
11/28/2023,FEU,Z24,14,0.209961250486
11/28/2023,FEU,Z14,14,0.209961250486
11/28/2023,FEU,Z24,15,0.207218927488
11/28/2023,FEU,Z14,15,0.16128073476
11/28/2023,FEU,Z24,16,0.173889317034
11/28/2023,FEU,Z14,16,0.173889317034
11/28/2023,FEU,Z24,17,0.186930181398
11/28/2023,FEU,Z14,17,0.186930181398
11/28/2023,FEU,Z24,18,0.198641332126
11/28/2023,FEU,Z14,18,0.198641332126
11/28/2023,FEU,Z24,19,0.213886616306
11/28/2023,FEU,Z14,19,0.260160616216
11/28/2023,FEU,Z24,2,0.110488198768
11/28/2023,FEU,Z14,2,0.110488198768
11/28/2023,FEU,Z24,20,0.279519076216
11/28/2023,FEU,Z14,20,0.279519076216
11/28/2023,FEU,Z24,21,0.253315508034
11/28/2023,FEU,Z14,21,0.253315508034
11/28/2023,FEU,Z24,22,0.239228192034
11/28/2023,FEU,Z14,22,0.239228192034
11/28/2023,FEU,Z24,23,0.2302176184
11/28/2023,FEU,Z14,23,0.18406542249
11/28/2023,FEU,Z24,24,0.1737396184
11/28/2023,FEU,Z14,24,0.1737396184
11/28/2023,FEU,Z24,3,0.108543538678
11/28/2023,FEU,Z14,3,0.108543538678
11/28/2023,FEU,Z24,4,0.106586840224
11/28/2023,FEU,Z14,4,0.106586840224
11/28/2023,FEU,Z24,5,0.111002328224
11/28/2023,FEU,Z14,5,0.111002328224
11/28/2023,FEU,Z24,6,0.123629743496
11/28/2023,FEU,Z14,6,0.123629743496
11/28/2023,FEU,Z24,7,0.137958104584
11/28/2023,FEU,Z14,7,0.137958104584
11/28/2023,FEU,Z24,8,0.158479982854
11/28/2023,FEU,Z14,8,0.158479982854
11/28/2023,FEU,Z24,9,0.195268374034
11/28/2023,FEU,Z14,9,0.195268374034
11/29/2023,FEU,Z24,1,0.13246944613
11/29/2023,FEU,Z14,1,0.13246944613
11/29/2023,FEU,Z24,10,0.155139030394
11/29/2023,FEU,Z14,10,0.155139030394
11/29/2023,FEU,Z24,11,0.153435757938
11/29/2023,FEU,Z14,11,0.199336042666
11/29/2023,FEU,Z24,12,0.18494538203
11/29/2023,FEU,Z14,12,0.18494538203
11/29/2023,FEU,Z24,13,0.168116783848
11/29/2023,FEU,Z14,13,0.168116783848
11/29/2023,FEU,Z24,14,0.162078265484
11/29/2023,FEU,Z14,14,0.162078265484
11/29/2023,FEU,Z24,15,0.160635342214
11/29/2023,FEU,Z14,15,0.114859093486
11/29/2023,FEU,Z24,16,0.117348199486
11/29/2023,FEU,Z14,16,0.117348199486
11/29/2023,FEU,Z24,17,0.12918963885
11/29/2023,FEU,Z14,17,0.12918963885
11/29/2023,FEU,Z24,18,0.15414055476
11/29/2023,FEU,Z14,18,0.15414055476
11/29/2023,FEU,Z24,19,0.159833697304
11/29/2023,FEU,Z14,19,0.205762790032
11/29/2023,FEU,Z24,2,0.131675638768
11/29/2023,FEU,Z14,2,0.131675638768
11/29/2023,FEU,Z24,20,0.20281127476
11/29/2023,FEU,Z14,20,0.20281127476
11/29/2023,FEU,Z24,21,0.207189425942
11/29/2023,FEU,Z14,21,0.207189425942
11/29/2023,FEU,Z24,22,0.204912457942
11/29/2023,FEU,Z14,22,0.204912457942
11/29/2023,FEU,Z24,23,0.201588599308
11/29/2023,FEU,Z14,23,0.155557227398
11/29/2023,FEU,Z24,24,0.15039868749
11/29/2023,FEU,Z14,24,0.15039868749
11/29/2023,FEU,Z24,3,0.132736403678
11/29/2023,FEU,Z14,3,0.132736403678
11/29/2023,FEU,Z24,4,0.127935843042
11/29/2023,FEU,Z14,4,0.127935843042
11/29/2023,FEU,Z24,5,0.122562528042
11/29/2023,FEU,Z14,5,0.122562528042
11/29/2023,FEU,Z24,6,0.123210431132
11/29/2023,FEU,Z14,6,0.123210431132
11/29/2023,FEU,Z24,7,0.130363123856
11/29/2023,FEU,Z14,7,0.130363123856
11/29/2023,FEU,Z24,8,0.12802168658
11/29/2023,FEU,Z14,8,0.12802168658
11/29/2023,FEU,Z24,9,0.15687225476
11/29/2023,FEU,Z14,9,0.15687225476
11/30/2023,FEU,Z24,1,0.109692358402
11/30/2023,FEU,Z14,1,0.109692358402
11/30/2023,FEU,Z24,10,0.16062246703
11/30/2023,FEU,Z14,10,0.16062246703
11/30/2023,FEU,Z24,11,0.162243785302
11/30/2023,FEU,Z14,11,0.20817548203
11/30/2023,FEU,Z24,12,0.205615550212
11/30/2023,FEU,Z14,12,0.205615550212
11/30/2023,FEU,Z24,13,0.20844692703
11/30/2023,FEU,Z14,13,0.20844692703
11/30/2023,FEU,Z24,14,0.209394829666
11/30/2023,FEU,Z14,14,0.209394829666
11/30/2023,FEU,Z24,15,0.211397006032
11/30/2023,FEU,Z14,15,0.165449921304
11/30/2023,FEU,Z24,16,0.165388414486
11/30/2023,FEU,Z14,16,0.165388414486
11/30/2023,FEU,Z24,17,0.177450110032
11/30/2023,FEU,Z14,17,0.177450110032
11/30/2023,FEU,Z24,18,0.177810500396
11/30/2023,FEU,Z14,18,0.177810500396
11/30/2023,FEU,Z24,19,0.187767183394
11/30/2023,FEU,Z14,19,0.233926737304
11/30/2023,FEU,Z24,2,0.10250762204
11/30/2023,FEU,Z14,2,0.10250762204
11/30/2023,FEU,Z24,20,0.258416707486
11/30/2023,FEU,Z14,20,0.258416707486
11/30/2023,FEU,Z24,21,0.264660093304
11/30/2023,FEU,Z14,21,0.264660093304
11/30/2023,FEU,Z24,22,0.243026268122
11/30/2023,FEU,Z14,22,0.243026268122
11/30/2023,FEU,Z24,23,0.210259439488
11/30/2023,FEU,Z14,23,0.16431097476
11/30/2023,FEU,Z24,24,0.17562934567
11/30/2023,FEU,Z14,24,0.17562934567
11/30/2023,FEU,Z24,3,0.098117889132
11/30/2023,FEU,Z14,3,0.098117889132
11/30/2023,FEU,Z24,4,0.098970275496
11/30/2023,FEU,Z14,4,0.098970275496
11/30/2023,FEU,Z24,5,0.098592878314
11/30/2023,FEU,Z14,5,0.098592878314
11/30/2023,FEU,Z24,6,0.098973912404
11/30/2023,FEU,Z14,6,0.098973912404
11/30/2023,FEU,Z24,7,0.109779589492
11/30/2023,FEU,Z14,7,0.109779589492
11/30/2023,FEU,Z24,8,0.138123700216
11/30/2023,FEU,Z14,8,0.138123700216
11/30/2023,FEU,Z24,9,0.160680871214
11/30/2023,FEU,Z14,9,0.160680871214
12/01/2023,FEU,Z24,1,0.15058890568
12/01/2023,FEU,Z14,1,0.15058890568
12/01/2023,FEU,Z24,10,0.180715129762
12/01/2023,FEU,Z14,10,0.180715129762
12/01/2023,FEU,Z24,11,0.17183465476
12/01/2023,FEU,Z14,11,0.21793093567
12/01/2023,FEU,Z24,12,0.203419471488
12/01/2023,FEU,Z14,12,0.203419471488
12/01/2023,FEU,Z24,13,0.199203993124
12/01/2023,FEU,Z14,13,0.199203993124
12/01/2023,FEU,Z24,14,0.190044848942
12/01/2023,FEU,Z14,14,0.190044848942
12/01/2023,FEU,Z24,15,0.184700555852
12/01/2023,FEU,Z14,15,0.138837267124
12/01/2023,FEU,Z24,16,0.125034688762
12/01/2023,FEU,Z14,16,0.125034688762
12/01/2023,FEU,Z24,17,0.140861966218
12/01/2023,FEU,Z14,17,0.140861966218
12/01/2023,FEU,Z24,18,0.15762028431
12/01/2023,FEU,Z14,18,0.15762028431
12/01/2023,FEU,Z24,19,0.160933050036
12/01/2023,FEU,Z14,19,0.206990982946
12/01/2023,FEU,Z24,2,0.147719879864
12/01/2023,FEU,Z14,2,0.147719879864
12/01/2023,FEU,Z24,20,0.21665734431
12/01/2023,FEU,Z14,20,0.21665734431
12/01/2023,FEU,Z24,21,0.216678883492
12/01/2023,FEU,Z14,21,0.216678883492
12/01/2023,FEU,Z24,22,0.213679561492
12/01/2023,FEU,Z14,22,0.213679561492
12/01/2023,FEU,Z24,23,0.20838926204
12/01/2023,FEU,Z14,23,0.16231799113
12/01/2023,FEU,Z24,24,0.150335005222
12/01/2023,FEU,Z14,24,0.150335005222
12/01/2023,FEU,Z24,3,0.144300184956
12/01/2023,FEU,Z14,3,0.144300184956
12/01/2023,FEU,Z24,4,0.141615375502
12/01/2023,FEU,Z14,4,0.141615375502
12/01/2023,FEU,Z24,5,0.14182562932
12/01/2023,FEU,Z14,5,0.14182562932
12/01/2023,FEU,Z24,6,0.147940147774
12/01/2023,FEU,Z14,6,0.147940147774
12/01/2023,FEU,Z24,7,0.136093771862
12/01/2023,FEU,Z14,7,0.136093771862
12/01/2023,FEU,Z24,8,0.15593149795
12/01/2023,FEU,Z14,8,0.15593149795
12/01/2023,FEU,Z24,9,0.195478923128
12/01/2023,FEU,Z14,9,0.195478923128
12/02/2023,FEU,Z24,1,0.104016403862
12/02/2023,FEU,Z14,1,0.104016403862
12/02/2023,FEU,Z24,10,0.126700149312
12/02/2023,FEU,Z14,10,0.126700149312
12/02/2023,FEU,Z24,11,0.102626025946
12/02/2023,FEU,Z14,11,0.102626025946
12/02/2023,FEU,Z24,12,0.092652640036
12/02/2023,FEU,Z14,12,0.092652640036
12/02/2023,FEU,Z24,13,0.089612981854
12/02/2023,FEU,Z14,13,0.089612981854
12/02/2023,FEU,Z24,14,0.09009951749
12/02/2023,FEU,Z14,14,0.09009951749
12/02/2023,FEU,Z24,15,0.088374086854
12/02/2023,FEU,Z14,15,0.088374086854
12/02/2023,FEU,Z24,16,0.091768731856
12/02/2023,FEU,Z14,16,0.091768731856
12/02/2023,FEU,Z24,17,0.105990557858
12/02/2023,FEU,Z14,17,0.105990557858
12/02/2023,FEU,Z24,18,0.147655645132
12/02/2023,FEU,Z14,18,0.147655645132
12/02/2023,FEU,Z24,19,0.159962440678
12/02/2023,FEU,Z14,19,0.159962440678
12/02/2023,FEU,Z24,2,0.0981102275
12/02/2023,FEU,Z14,2,0.0981102275
12/02/2023,FEU,Z24,20,0.177487596588
12/02/2023,FEU,Z14,20,0.177487596588
12/02/2023,FEU,Z24,21,0.16930371977
12/02/2023,FEU,Z14,21,0.16930371977
12/02/2023,FEU,Z24,22,0.160567191042
12/02/2023,FEU,Z14,22,0.160567191042
12/02/2023,FEU,Z24,23,0.156090036588
12/02/2023,FEU,Z14,23,0.156090036588
12/02/2023,FEU,Z24,24,0.153208481134
12/02/2023,FEU,Z14,24,0.153208481134
12/02/2023,FEU,Z24,3,0.10192772932
12/02/2023,FEU,Z14,3,0.10192772932
12/02/2023,FEU,Z24,4,0.10188191523
12/02/2023,FEU,Z14,4,0.10188191523
12/02/2023,FEU,Z24,5,0.110895634776
12/02/2023,FEU,Z14,5,0.110895634776
12/02/2023,FEU,Z24,6,0.11166795523
12/02/2023,FEU,Z14,6,0.11166795523
12/02/2023,FEU,Z24,7,0.112248780592
12/02/2023,FEU,Z14,7,0.112248780592
12/02/2023,FEU,Z24,8,0.13013908159
12/02/2023,FEU,Z14,8,0.13013908159
12/02/2023,FEU,Z24,9,0.141369864406
12/02/2023,FEU,Z14,9,0.141369864406
12/03/2023,FEU,Z24,1,0.14169143659
12/03/2023,FEU,Z14,1,0.14169143659
12/03/2023,FEU,Z24,10,0.129047417132
12/03/2023,FEU,Z14,10,0.129047417132
12/03/2023,FEU,Z24,11,0.098202080584
12/03/2023,FEU,Z14,11,0.098202080584
12/03/2023,FEU,Z24,12,0.095043619856
12/03/2023,FEU,Z14,12,0.095043619856
12/03/2023,FEU,Z24,13,0.094758758674
12/03/2023,FEU,Z14,13,0.094758758674
12/03/2023,FEU,Z24,14,0.09427683431
12/03/2023,FEU,Z14,14,0.09427683431
12/03/2023,FEU,Z24,15,0.094589411856
12/03/2023,FEU,Z14,15,0.094589411856
12/03/2023,FEU,Z24,16,0.096820020858
12/03/2023,FEU,Z14,16,0.096820020858
12/03/2023,FEU,Z24,17,0.112439254768
12/03/2023,FEU,Z14,17,0.112439254768
12/03/2023,FEU,Z24,18,0.134349867132
12/03/2023,FEU,Z14,18,0.134349867132
12/03/2023,FEU,Z24,19,0.12571074795
12/03/2023,FEU,Z14,19,0.12571074795
12/03/2023,FEU,Z24,2,0.138118372956
12/03/2023,FEU,Z14,2,0.138118372956
12/03/2023,FEU,Z24,20,0.133516187132
12/03/2023,FEU,Z14,20,0.133516187132
12/03/2023,FEU,Z24,21,0.13455402295
12/03/2023,FEU,Z14,21,0.13455402295
12/03/2023,FEU,Z24,22,0.126229400404
12/03/2023,FEU,Z14,22,0.126229400404
12/03/2023,FEU,Z24,23,0.117403422586
12/03/2023,FEU,Z14,23,0.117403422586
12/03/2023,FEU,Z24,24,0.115801243496
12/03/2023,FEU,Z14,24,0.115801243496
12/03/2023,FEU,Z24,3,0.135339300412
12/03/2023,FEU,Z14,3,0.135339300412
12/03/2023,FEU,Z24,4,0.137648479868
12/03/2023,FEU,Z14,4,0.137648479868
12/03/2023,FEU,Z24,5,0.136994612596
12/03/2023,FEU,Z14,5,0.136994612596
12/03/2023,FEU,Z24,6,0.132367680232
12/03/2023,FEU,Z14,6,0.132367680232
12/03/2023,FEU,Z24,7,0.128823996958
12/03/2023,FEU,Z14,7,0.128823996958
12/03/2023,FEU,Z24,8,0.127511692592
12/03/2023,FEU,Z14,8,0.127511692592
12/03/2023,FEU,Z24,9,0.127091172772
12/03/2023,FEU,Z14,9,0.127091172772
12/04/2023,FEU,Z24,1,0.102386514226
12/04/2023,FEU,Z14,1,0.102386514226
12/04/2023,FEU,Z24,10,0.149613535488
12/04/2023,FEU,Z14,10,0.149613535488
12/04/2023,FEU,Z24,11,0.141571887668
12/04/2023,FEU,Z14,11,0.187438626396
12/04/2023,FEU,Z24,12,0.17504233476
12/04/2023,FEU,Z14,12,0.17504233476
12/04/2023,FEU,Z24,13,0.16826205476
12/04/2023,FEU,Z14,13,0.16826205476
12/04/2023,FEU,Z24,14,0.162284319214
12/04/2023,FEU,Z14,14,0.162284319214
12/04/2023,FEU,Z24,15,0.162398071398
12/04/2023,FEU,Z14,15,0.116533759488
12/04/2023,FEU,Z24,16,0.118916521762
12/04/2023,FEU,Z14,16,0.118916521762
12/04/2023,FEU,Z24,17,0.129687286218
12/04/2023,FEU,Z14,17,0.129687286218
12/04/2023,FEU,Z24,18,0.160826599128
12/04/2023,FEU,Z14,18,0.160826599128
12/04/2023,FEU,Z24,19,0.18010997249
12/04/2023,FEU,Z14,19,0.2262468184
12/04/2023,FEU,Z24,2,0.104049612592
12/04/2023,FEU,Z14,2,0.104049612592
12/04/2023,FEU,Z24,20,0.235703554764
12/04/2023,FEU,Z14,20,0.235703554764
12/04/2023,FEU,Z24,21,0.228507507582
12/04/2023,FEU,Z14,21,0.228507507582
12/04/2023,FEU,Z24,22,0.2175240184
12/04/2023,FEU,Z14,22,0.2175240184
12/04/2023,FEU,Z24,23,0.213338959766
12/04/2023,FEU,Z14,23,0.167250411856
12/04/2023,FEU,Z24,24,0.15395514613
12/04/2023,FEU,Z14,24,0.15395514613
12/04/2023,FEU,Z24,3,0.097095486048
12/04/2023,FEU,Z14,3,0.097095486048
12/04/2023,FEU,Z24,4,0.09752734114
12/04/2023,FEU,Z14,4,0.09752734114
12/04/2023,FEU,Z24,5,0.092672696322
12/04/2023,FEU,Z14,5,0.092672696322
12/04/2023,FEU,Z24,6,0.097556846048
12/04/2023,FEU,Z14,6,0.097556846048
12/04/2023,FEU,Z24,7,0.105514147498
12/04/2023,FEU,Z14,7,0.105514147498
12/04/2023,FEU,Z24,8,0.125902922858
12/04/2023,FEU,Z14,8,0.125902922858
12/04/2023,FEU,Z24,9,0.1522116184
12/04/2023,FEU,Z14,9,0.1522116184
12/05/2023,FEU,Z24,1,0.137453907862
12/05/2023,FEU,Z14,1,0.137453907862
12/05/2023,FEU,Z24,10,0.186012343852
12/05/2023,FEU,Z14,10,0.186012343852
12/05/2023,FEU,Z24,11,0.182606138396
12/05/2023,FEU,Z14,11,0.228747361306
12/05/2023,FEU,Z24,12,0.222231717124
12/05/2023,FEU,Z14,12,0.222231717124
12/05/2023,FEU,Z24,13,0.222988197124
12/05/2023,FEU,Z14,13,0.222988197124
12/05/2023,FEU,Z24,14,0.222492372396
12/05/2023,FEU,Z14,14,0.222492372396
12/05/2023,FEU,Z24,15,0.222507863852
12/05/2023,FEU,Z14,15,0.176517063124
12/05/2023,FEU,Z24,16,0.178199737762
12/05/2023,FEU,Z14,16,0.178199737762
12/05/2023,FEU,Z24,17,0.1946448184
12/05/2023,FEU,Z14,17,0.1946448184
12/05/2023,FEU,Z24,18,0.21855592931
12/05/2023,FEU,Z14,18,0.21855592931
12/05/2023,FEU,Z24,19,0.216736871308
12/05/2023,FEU,Z14,19,0.263025524218
12/05/2023,FEU,Z24,2,0.135190055046
12/05/2023,FEU,Z14,2,0.135190055046
12/05/2023,FEU,Z24,20,0.256252946764
12/05/2023,FEU,Z14,20,0.256252946764
12/05/2023,FEU,Z24,21,0.240980544946
12/05/2023,FEU,Z14,21,0.240980544946
12/05/2023,FEU,Z24,22,0.228015851128
12/05/2023,FEU,Z14,22,0.228015851128
12/05/2023,FEU,Z24,23,0.222745539676
12/05/2023,FEU,Z14,23,0.176617444766
12/05/2023,FEU,Z24,24,0.16786062204
12/05/2023,FEU,Z14,24,0.16786062204
12/05/2023,FEU,Z24,3,0.134365547138
12/05/2023,FEU,Z14,3,0.134365547138
12/05/2023,FEU,Z24,4,0.13298546932
12/05/2023,FEU,Z14,4,0.13298546932
12/05/2023,FEU,Z24,5,0.134550691684
12/05/2023,FEU,Z14,5,0.134550691684
12/05/2023,FEU,Z24,6,0.143214530956
12/05/2023,FEU,Z14,6,0.143214530956
12/05/2023,FEU,Z24,7,0.157057984862
12/05/2023,FEU,Z14,7,0.157057984862
12/05/2023,FEU,Z24,8,0.155371656404
12/05/2023,FEU,Z14,8,0.155371656404
12/05/2023,FEU,Z24,9,0.189321063582
12/05/2023,FEU,Z14,9,0.189321063582
12/06/2023,FEU,Z24,1,0.133903191496
12/06/2023,FEU,Z14,1,0.133903191496
12/06/2023,FEU,Z24,10,0.151579970038
12/06/2023,FEU,Z14,10,0.151579970038
12/06/2023,FEU,Z24,11,0.145718050036
12/06/2023,FEU,Z14,11,0.145718050036
12/06/2023,FEU,Z24,12,0.140919992854
12/06/2023,FEU,Z14,12,0.140919992854
12/06/2023,FEU,Z24,13,0.141272441218
12/06/2023,FEU,Z14,13,0.141272441218
12/06/2023,FEU,Z24,14,0.142853922218
12/06/2023,FEU,Z14,14,0.142853922218
12/06/2023,FEU,Z24,15,0.143258657582
12/06/2023,FEU,Z14,15,0.143258657582
12/06/2023,FEU,Z24,16,0.146367915856
12/06/2023,FEU,Z14,16,0.146367915856
12/06/2023,FEU,Z24,17,0.15170046613
12/06/2023,FEU,Z14,17,0.15170046613
12/06/2023,FEU,Z24,18,0.154477529494
12/06/2023,FEU,Z14,18,0.154477529494
12/06/2023,FEU,Z24,19,0.16217255113
12/06/2023,FEU,Z14,19,0.16217255113
12/06/2023,FEU,Z24,2,0.134364847316
12/06/2023,FEU,Z14,2,0.134364847316
12/06/2023,FEU,Z24,20,0.168674037312
12/06/2023,FEU,Z14,20,0.168674037312
12/06/2023,FEU,Z24,21,0.173590514494
12/06/2023,FEU,Z14,21,0.173590514494
12/06/2023,FEU,Z24,22,0.15668294204
12/06/2023,FEU,Z14,22,0.15668294204
12/06/2023,FEU,Z24,23,0.147411527314
12/06/2023,FEU,Z14,23,0.147411527314
12/06/2023,FEU,Z24,24,0.138283629042
12/06/2023,FEU,Z14,24,0.138283629042
12/06/2023,FEU,Z24,3,0.138210476772
12/06/2023,FEU,Z14,3,0.138210476772
12/06/2023,FEU,Z24,4,0.138079314682
12/06/2023,FEU,Z14,4,0.138079314682
12/06/2023,FEU,Z24,5,0.138142123046
12/06/2023,FEU,Z14,5,0.138142123046
12/06/2023,FEU,Z24,6,0.1421589775
12/06/2023,FEU,Z14,6,0.1421589775
12/06/2023,FEU,Z24,7,0.138419090044
12/06/2023,FEU,Z14,7,0.138419090044
12/06/2023,FEU,Z24,8,0.148950392224
12/06/2023,FEU,Z14,8,0.148950392224
12/06/2023,FEU,Z24,9,0.151110310768
12/06/2023,FEU,Z14,9,0.151110310768
12/07/2023,FEU,Z24,1,0.141938881862
12/07/2023,FEU,Z14,1,0.141938881862
12/07/2023,FEU,Z24,10,0.154586901852
12/07/2023,FEU,Z14,10,0.154586901852
12/07/2023,FEU,Z24,11,0.14096431385
12/07/2023,FEU,Z14,11,0.18692611476
12/07/2023,FEU,Z24,12,0.178469006032
12/07/2023,FEU,Z14,12,0.178469006032
12/07/2023,FEU,Z24,13,0.186512980486
12/07/2023,FEU,Z14,13,0.186512980486
12/07/2023,FEU,Z24,14,0.189044997304
12/07/2023,FEU,Z14,14,0.189044997304
12/07/2023,FEU,Z24,15,0.178695111124
12/07/2023,FEU,Z14,15,0.132767139214
12/07/2023,FEU,Z24,16,0.14384527567
12/07/2023,FEU,Z14,16,0.14384527567
12/07/2023,FEU,Z24,17,0.147696928944
12/07/2023,FEU,Z14,17,0.147696928944
12/07/2023,FEU,Z24,18,0.157062854218
12/07/2023,FEU,Z14,18,0.157062854218
12/07/2023,FEU,Z24,19,0.154158760944
12/07/2023,FEU,Z14,19,0.200185634854
12/07/2023,FEU,Z24,2,0.140753826318
12/07/2023,FEU,Z14,2,0.140753826318
12/07/2023,FEU,Z24,20,0.199720738582
12/07/2023,FEU,Z14,20,0.199720738582
12/07/2023,FEU,Z24,21,0.199584595128
12/07/2023,FEU,Z14,21,0.199584595128
12/07/2023,FEU,Z24,22,0.201421092946
12/07/2023,FEU,Z14,22,0.201421092946
12/07/2023,FEU,Z24,23,0.201346994494
12/07/2023,FEU,Z14,23,0.155306000584
12/07/2023,FEU,Z24,24,0.124867129494
12/07/2023,FEU,Z14,24,0.124867129494
12/07/2023,FEU,Z24,3,0.13984849341
12/07/2023,FEU,Z14,3,0.13984849341
12/07/2023,FEU,Z24,4,0.12580976932
12/07/2023,FEU,Z14,4,0.12580976932
12/07/2023,FEU,Z24,5,0.120639281866
12/07/2023,FEU,Z14,5,0.120639281866
12/07/2023,FEU,Z24,6,0.119446108228
12/07/2023,FEU,Z14,6,0.119446108228
12/07/2023,FEU,Z24,7,0.127237218406
12/07/2023,FEU,Z14,7,0.127237218406
12/07/2023,FEU,Z24,8,0.135173440948
12/07/2023,FEU,Z14,8,0.135173440948
12/07/2023,FEU,Z24,9,0.157930613854
12/07/2023,FEU,Z14,9,0.157930613854
12/08/2023,FEU,Z24,1,0.076529803496
12/08/2023,FEU,Z14,1,0.076529803496
12/08/2023,FEU,Z24,10,0.040598696766
12/08/2023,FEU,Z14,10,0.040598696766
12/08/2023,FEU,Z24,11,0.028736562946
12/08/2023,FEU,Z14,11,0.028736562946
12/08/2023,FEU,Z24,12,0.024541970764
12/08/2023,FEU,Z14,12,0.024541970764
12/08/2023,FEU,Z24,13,0.024004676764
12/08/2023,FEU,Z14,13,0.024004676764
12/08/2023,FEU,Z24,14,0.024187380764
12/08/2023,FEU,Z14,14,0.024187380764
12/08/2023,FEU,Z24,15,0.02624614931
12/08/2023,FEU,Z14,15,0.02624614931
12/08/2023,FEU,Z24,16,0.030081986766
12/08/2023,FEU,Z14,16,0.030081986766
12/08/2023,FEU,Z24,17,0.044317123494
12/08/2023,FEU,Z14,17,0.044317123494
12/08/2023,FEU,Z24,18,0.069898479676
12/08/2023,FEU,Z14,18,0.069898479676
12/08/2023,FEU,Z24,19,0.075904274766
12/08/2023,FEU,Z14,19,0.075904274766
12/08/2023,FEU,Z24,2,0.055157607316
12/08/2023,FEU,Z14,2,0.055157607316
12/08/2023,FEU,Z24,20,0.092172346948
12/08/2023,FEU,Z14,20,0.092172346948
12/08/2023,FEU,Z24,21,0.093256448948
12/08/2023,FEU,Z14,21,0.093256448948
12/08/2023,FEU,Z24,22,0.087025058766
12/08/2023,FEU,Z14,22,0.087025058766
12/08/2023,FEU,Z24,23,0.074069122494
12/08/2023,FEU,Z14,23,0.074069122494
12/08/2023,FEU,Z24,24,0.067917526222
12/08/2023,FEU,Z14,24,0.067917526222
12/08/2023,FEU,Z24,3,0.054370811954
12/08/2023,FEU,Z14,3,0.054370811954
12/08/2023,FEU,Z24,4,0.044298099682
12/08/2023,FEU,Z14,4,0.044298099682
12/08/2023,FEU,Z24,5,0.044814243864
12/08/2023,FEU,Z14,5,0.044814243864
12/08/2023,FEU,Z24,6,0.0446839775
12/08/2023,FEU,Z14,6,0.0446839775
12/08/2023,FEU,Z24,7,0.043516412862
12/08/2023,FEU,Z14,7,0.043516412862
12/08/2023,FEU,Z24,8,0.043103940042
12/08/2023,FEU,Z14,8,0.043103940042
12/08/2023,FEU,Z24,9,0.048566647132
12/08/2023,FEU,Z14,9,0.048566647132
12/09/2023,FEU,Z24,1,0.081338369862
12/09/2023,FEU,Z14,1,0.081338369862
12/09/2023,FEU,Z24,10,0.062776245312
12/09/2023,FEU,Z14,10,0.062776245312
12/09/2023,FEU,Z24,11,0.047263965946
12/09/2023,FEU,Z14,11,0.047263965946
12/09/2023,FEU,Z24,12,0.043443592036
12/09/2023,FEU,Z14,12,0.043443592036
12/09/2023,FEU,Z24,13,0.043810973854
12/09/2023,FEU,Z14,13,0.043810973854
12/09/2023,FEU,Z24,14,0.04407050749
12/09/2023,FEU,Z14,14,0.04407050749
12/09/2023,FEU,Z24,15,0.043945037854
12/09/2023,FEU,Z14,15,0.043945037854
12/09/2023,FEU,Z24,16,0.048194963856
12/09/2023,FEU,Z14,16,0.048194963856
12/09/2023,FEU,Z24,17,0.070633462858
12/09/2023,FEU,Z14,17,0.070633462858
12/09/2023,FEU,Z24,18,0.095528577132
12/09/2023,FEU,Z14,18,0.095528577132
12/09/2023,FEU,Z24,19,0.113098212678
12/09/2023,FEU,Z14,19,0.113098212678
12/09/2023,FEU,Z24,2,0.0726152275
12/09/2023,FEU,Z14,2,0.0726152275
12/09/2023,FEU,Z24,20,0.113757666588
12/09/2023,FEU,Z14,20,0.113757666588
12/09/2023,FEU,Z24,21,0.10647556477
12/09/2023,FEU,Z14,21,0.10647556477
12/09/2023,FEU,Z24,22,0.100278966042
12/09/2023,FEU,Z14,22,0.100278966042
12/09/2023,FEU,Z24,23,0.095204476588
12/09/2023,FEU,Z14,23,0.095204476588
12/09/2023,FEU,Z24,24,0.083409519134
12/09/2023,FEU,Z14,24,0.083409519134
12/09/2023,FEU,Z24,3,0.06366656932
12/09/2023,FEU,Z14,3,0.06366656932
12/09/2023,FEU,Z24,4,0.06198002023
12/09/2023,FEU,Z14,4,0.06198002023
12/09/2023,FEU,Z24,5,0.060677762776
12/09/2023,FEU,Z14,5,0.060677762776
12/09/2023,FEU,Z24,6,0.06033678523
12/09/2023,FEU,Z14,6,0.06033678523
12/09/2023,FEU,Z24,7,0.060759060592
12/09/2023,FEU,Z14,7,0.060759060592
12/09/2023,FEU,Z24,8,0.06068426659
12/09/2023,FEU,Z14,8,0.06068426659
12/09/2023,FEU,Z24,9,0.068879328406
12/09/2023,FEU,Z14,9,0.068879328406
12/10/2023,FEU,Z24,1,0.07400576659
12/10/2023,FEU,Z14,1,0.07400576659
12/10/2023,FEU,Z24,10,0.085259601132
12/10/2023,FEU,Z14,10,0.085259601132
12/10/2023,FEU,Z24,11,0.074072372584
12/10/2023,FEU,Z14,11,0.074072372584
12/10/2023,FEU,Z24,12,0.073311699856
12/10/2023,FEU,Z14,12,0.073311699856
12/10/2023,FEU,Z24,13,0.069933182674
12/10/2023,FEU,Z14,13,0.069933182674
12/10/2023,FEU,Z24,14,0.07056845931
12/10/2023,FEU,Z14,14,0.07056845931
12/10/2023,FEU,Z24,15,0.069080075856
12/10/2023,FEU,Z14,15,0.069080075856
12/10/2023,FEU,Z24,16,0.067873646858
12/10/2023,FEU,Z14,16,0.067873646858
12/10/2023,FEU,Z24,17,0.077943262768
12/10/2023,FEU,Z14,17,0.077943262768
12/10/2023,FEU,Z24,18,0.084027471132
12/10/2023,FEU,Z14,18,0.084027471132
12/10/2023,FEU,Z24,19,0.08886152295
12/10/2023,FEU,Z14,19,0.08886152295
12/10/2023,FEU,Z24,2,0.060556382956
12/10/2023,FEU,Z14,2,0.060556382956
12/10/2023,FEU,Z24,20,0.097768479132
12/10/2023,FEU,Z14,20,0.097768479132
12/10/2023,FEU,Z24,21,0.09001792295
12/10/2023,FEU,Z14,21,0.09001792295
12/10/2023,FEU,Z24,22,0.084235370404
12/10/2023,FEU,Z14,22,0.084235370404
12/10/2023,FEU,Z24,23,0.081359166586
12/10/2023,FEU,Z14,23,0.081359166586
12/10/2023,FEU,Z24,24,0.077727103496
12/10/2023,FEU,Z14,24,0.077727103496
12/10/2023,FEU,Z24,3,0.056435850412
12/10/2023,FEU,Z14,3,0.056435850412
12/10/2023,FEU,Z24,4,0.059191737868
12/10/2023,FEU,Z14,4,0.059191737868
12/10/2023,FEU,Z24,5,0.059380394596
12/10/2023,FEU,Z14,5,0.059380394596
12/10/2023,FEU,Z24,6,0.062076668232
12/10/2023,FEU,Z14,6,0.062076668232
12/10/2023,FEU,Z24,7,0.067796517958
12/10/2023,FEU,Z14,7,0.067796517958
12/10/2023,FEU,Z24,8,0.085075220592
12/10/2023,FEU,Z14,8,0.085075220592
12/10/2023,FEU,Z24,9,0.088699420772
12/10/2023,FEU,Z14,9,0.088699420772
12/11/2023,FEU,Z24,1,0.074246237226
12/11/2023,FEU,Z14,1,0.074246237226
12/11/2023,FEU,Z24,10,0.151657119488
12/11/2023,FEU,Z14,10,0.151657119488
12/11/2023,FEU,Z24,11,0.142334987668
12/11/2023,FEU,Z14,11,0.188204326396
12/11/2023,FEU,Z24,12,0.17997827476
12/11/2023,FEU,Z14,12,0.17997827476
12/11/2023,FEU,Z24,13,0.17642057476
12/11/2023,FEU,Z14,13,0.17642057476
12/11/2023,FEU,Z24,14,0.175309001214
12/11/2023,FEU,Z14,14,0.175309001214
12/11/2023,FEU,Z24,15,0.180468493398
12/11/2023,FEU,Z14,15,0.134528191488
12/11/2023,FEU,Z24,16,0.143438020762
12/11/2023,FEU,Z14,16,0.143438020762
12/11/2023,FEU,Z24,17,0.148530770218
12/11/2023,FEU,Z14,17,0.148530770218
12/11/2023,FEU,Z24,18,0.183353439128
12/11/2023,FEU,Z14,18,0.183353439128
12/11/2023,FEU,Z24,19,0.19034992749
12/11/2023,FEU,Z14,19,0.2365284184
12/11/2023,FEU,Z24,2,0.054854604592
12/11/2023,FEU,Z14,2,0.054854604592
12/11/2023,FEU,Z24,20,0.236032902764
12/11/2023,FEU,Z14,20,0.236032902764
12/11/2023,FEU,Z24,21,0.226252029582
12/11/2023,FEU,Z14,21,0.226252029582
12/11/2023,FEU,Z24,22,0.2106156184
12/11/2023,FEU,Z14,22,0.2106156184
12/11/2023,FEU,Z24,23,0.207304284766
12/11/2023,FEU,Z14,23,0.161240611856
12/11/2023,FEU,Z24,24,0.14926767613
12/11/2023,FEU,Z14,24,0.14926767613
12/11/2023,FEU,Z24,3,0.053618942048
12/11/2023,FEU,Z14,3,0.053618942048
12/11/2023,FEU,Z24,4,0.05169177114
12/11/2023,FEU,Z14,4,0.05169177114
12/11/2023,FEU,Z24,5,0.055278605322
12/11/2023,FEU,Z14,5,0.055278605322
12/11/2023,FEU,Z24,6,0.081656990048
12/11/2023,FEU,Z14,6,0.081656990048
12/11/2023,FEU,Z24,7,0.110885212498
12/11/2023,FEU,Z14,7,0.110885212498
12/11/2023,FEU,Z24,8,0.126781821858
12/11/2023,FEU,Z14,8,0.126781821858
12/11/2023,FEU,Z24,9,0.1661124184
12/11/2023,FEU,Z14,9,0.1661124184
12/12/2023,FEU,Z24,1,0.103310274862
12/12/2023,FEU,Z14,1,0.103310274862
12/12/2023,FEU,Z24,10,0.132456141852
12/12/2023,FEU,Z14,10,0.132456141852
12/12/2023,FEU,Z24,11,0.131683554396
12/12/2023,FEU,Z14,11,0.177608637306
12/12/2023,FEU,Z24,12,0.172659819124
12/12/2023,FEU,Z14,12,0.172659819124
12/12/2023,FEU,Z24,13,0.159375321124
12/12/2023,FEU,Z14,13,0.159375321124
12/12/2023,FEU,Z24,14,0.150580184396
12/12/2023,FEU,Z14,14,0.150580184396
12/12/2023,FEU,Z24,15,0.151793799852
12/12/2023,FEU,Z14,15,0.106041495124
12/12/2023,FEU,Z24,16,0.127283296762
12/12/2023,FEU,Z14,16,0.127283296762
12/12/2023,FEU,Z24,17,0.1455480184
12/12/2023,FEU,Z14,17,0.1455480184
12/12/2023,FEU,Z24,18,0.14316028431
12/12/2023,FEU,Z14,18,0.14316028431
12/12/2023,FEU,Z24,19,0.151169555308
12/12/2023,FEU,Z14,19,0.197184837218
12/12/2023,FEU,Z24,2,0.105448847046
12/12/2023,FEU,Z14,2,0.105448847046
12/12/2023,FEU,Z24,20,0.200911664764
12/12/2023,FEU,Z14,20,0.200911664764
12/12/2023,FEU,Z24,21,0.199161858946
12/12/2023,FEU,Z14,21,0.199161858946
12/12/2023,FEU,Z24,22,0.191591239128
12/12/2023,FEU,Z14,22,0.191591239128
12/12/2023,FEU,Z24,23,0.184239687676
12/12/2023,FEU,Z14,23,0.138269662766
12/12/2023,FEU,Z24,24,0.12603292204
12/12/2023,FEU,Z14,24,0.12603292204
12/12/2023,FEU,Z24,3,0.091815124138
12/12/2023,FEU,Z14,3,0.091815124138
12/12/2023,FEU,Z24,4,0.08987708932
12/12/2023,FEU,Z14,4,0.08987708932
12/12/2023,FEU,Z24,5,0.088656799684
12/12/2023,FEU,Z14,5,0.088656799684
12/12/2023,FEU,Z24,6,0.090518168956
12/12/2023,FEU,Z14,6,0.090518168956
12/12/2023,FEU,Z24,7,0.097010958862
12/12/2023,FEU,Z14,7,0.097010958862
12/12/2023,FEU,Z24,8,0.106739722404
12/12/2023,FEU,Z14,8,0.106739722404
12/12/2023,FEU,Z24,9,0.136354561582
12/12/2023,FEU,Z14,9,0.136354561582
12/13/2023,FEU,Z24,1,0.081049139316
12/13/2023,FEU,Z14,1,0.081049139316
12/13/2023,FEU,Z24,10,0.135472062034
12/13/2023,FEU,Z14,10,0.135472062034
12/13/2023,FEU,Z24,11,0.113276966032
12/13/2023,FEU,Z14,11,0.159122725942
12/13/2023,FEU,Z24,12,0.141465176578
12/13/2023,FEU,Z14,12,0.141465176578
12/13/2023,FEU,Z24,13,0.139285393304
12/13/2023,FEU,Z14,13,0.139285393304
12/13/2023,FEU,Z24,14,0.13777366385
12/13/2023,FEU,Z14,14,0.13777366385
12/13/2023,FEU,Z24,15,0.13662927067
12/13/2023,FEU,Z14,15,0.09087603476
12/13/2023,FEU,Z24,16,0.095238068398
12/13/2023,FEU,Z14,16,0.095238068398
12/13/2023,FEU,Z24,17,0.102868613854
12/13/2023,FEU,Z14,17,0.102868613854
12/13/2023,FEU,Z24,18,0.133966673854
12/13/2023,FEU,Z14,18,0.133966673854
12/13/2023,FEU,Z24,19,0.138542430036
12/13/2023,FEU,Z14,19,0.184505709946
12/13/2023,FEU,Z24,2,0.0759277275
12/13/2023,FEU,Z14,2,0.0759277275
12/13/2023,FEU,Z24,20,0.19582409931
12/13/2023,FEU,Z14,20,0.19582409931
12/13/2023,FEU,Z24,21,0.198000906582
12/13/2023,FEU,Z14,21,0.198000906582
12/13/2023,FEU,Z24,22,0.192278529218
12/13/2023,FEU,Z14,22,0.192278529218
12/13/2023,FEU,Z24,23,0.174522959766
12/13/2023,FEU,Z14,23,0.128594411856
12/13/2023,FEU,Z24,24,0.120783804948
12/13/2023,FEU,Z14,24,0.120783804948
12/13/2023,FEU,Z24,3,0.073348510774
12/13/2023,FEU,Z14,3,0.073348510774
12/13/2023,FEU,Z24,4,0.071862492138
12/13/2023,FEU,Z14,4,0.071862492138
12/13/2023,FEU,Z24,5,0.071191047502
12/13/2023,FEU,Z14,5,0.071191047502
12/13/2023,FEU,Z24,6,0.07150495841
12/13/2023,FEU,Z14,6,0.07150495841
12/13/2023,FEU,Z24,7,0.07475335477
12/13/2023,FEU,Z14,7,0.07475335477
12/13/2023,FEU,Z24,8,0.073743823402
12/13/2023,FEU,Z14,8,0.073743823402
12/13/2023,FEU,Z24,9,0.1283340184
12/13/2023,FEU,Z14,9,0.1283340184
12/14/2023,FEU,Z24,1,0.087537164862
12/14/2023,FEU,Z14,1,0.087537164862
12/14/2023,FEU,Z24,10,0.120715927852
12/14/2023,FEU,Z14,10,0.120715927852
12/14/2023,FEU,Z24,11,0.10435366385
12/14/2023,FEU,Z14,11,0.15016085476
12/14/2023,FEU,Z24,12,0.146854598032
12/14/2023,FEU,Z14,12,0.146854598032
12/14/2023,FEU,Z24,13,0.144260347486
12/14/2023,FEU,Z14,13,0.144260347486
12/14/2023,FEU,Z24,14,0.145794681304
12/14/2023,FEU,Z14,14,0.145794681304
12/14/2023,FEU,Z24,15,0.147075429124
12/14/2023,FEU,Z14,15,0.101281212214
12/14/2023,FEU,Z24,16,0.10493935567
12/14/2023,FEU,Z14,16,0.10493935567
12/14/2023,FEU,Z24,17,0.117879048944
12/14/2023,FEU,Z14,17,0.117879048944
12/14/2023,FEU,Z24,18,0.149175832218
12/14/2023,FEU,Z14,18,0.149175832218
12/14/2023,FEU,Z24,19,0.162085560944
12/14/2023,FEU,Z14,19,0.208145684854
12/14/2023,FEU,Z24,2,0.083946808318
12/14/2023,FEU,Z14,2,0.083946808318
12/14/2023,FEU,Z24,20,0.212474157582
12/14/2023,FEU,Z14,20,0.212474157582
12/14/2023,FEU,Z24,21,0.211894291128
12/14/2023,FEU,Z14,21,0.211894291128
12/14/2023,FEU,Z24,22,0.204890544946
12/14/2023,FEU,Z14,22,0.204890544946
12/14/2023,FEU,Z24,23,0.200655738494
12/14/2023,FEU,Z14,23,0.154617584584
12/14/2023,FEU,Z24,24,0.147440045494
12/14/2023,FEU,Z14,24,0.147440045494
12/14/2023,FEU,Z24,3,0.08316265341
12/14/2023,FEU,Z14,3,0.08316265341
12/14/2023,FEU,Z24,4,0.08450444932
12/14/2023,FEU,Z14,4,0.08450444932
12/14/2023,FEU,Z24,5,0.084416441866
12/14/2023,FEU,Z14,5,0.084416441866
12/14/2023,FEU,Z24,6,0.084907186228
12/14/2023,FEU,Z14,6,0.084907186228
12/14/2023,FEU,Z24,7,0.090647943406
12/14/2023,FEU,Z14,7,0.090647943406
12/14/2023,FEU,Z24,8,0.106924874948
12/14/2023,FEU,Z14,8,0.106924874948
12/14/2023,FEU,Z24,9,0.143165618854
12/14/2023,FEU,Z14,9,0.143165618854
12/15/2023,FEU,Z24,1,0.12309562568
12/15/2023,FEU,Z14,1,0.12309562568
12/15/2023,FEU,Z24,10,0.132253339762
12/15/2023,FEU,Z14,10,0.132253339762
12/15/2023,FEU,Z24,11,0.11193667476
12/15/2023,FEU,Z14,11,0.15777796567
12/15/2023,FEU,Z24,12,0.152225679488
12/15/2023,FEU,Z14,12,0.152225679488
12/15/2023,FEU,Z24,13,0.152655651124
12/15/2023,FEU,Z14,13,0.152655651124
12/15/2023,FEU,Z24,14,0.148476010942
12/15/2023,FEU,Z14,14,0.148476010942
12/15/2023,FEU,Z24,15,0.148216823852
12/15/2023,FEU,Z14,15,0.102477765124
12/15/2023,FEU,Z24,16,0.104902024762
12/15/2023,FEU,Z14,16,0.104902024762
12/15/2023,FEU,Z24,17,0.114045132218
12/15/2023,FEU,Z14,17,0.114045132218
12/15/2023,FEU,Z24,18,0.13821857931
12/15/2023,FEU,Z14,18,0.13821857931
12/15/2023,FEU,Z24,19,0.148551720036
12/15/2023,FEU,Z14,19,0.194557977946
12/15/2023,FEU,Z24,2,0.122603507864
12/15/2023,FEU,Z14,2,0.122603507864
12/15/2023,FEU,Z24,20,0.19540837431
12/15/2023,FEU,Z14,20,0.19540837431
12/15/2023,FEU,Z24,21,0.194714005492
12/15/2023,FEU,Z14,21,0.194714005492
12/15/2023,FEU,Z24,22,0.191860609492
12/15/2023,FEU,Z14,22,0.191860609492
12/15/2023,FEU,Z24,23,0.18690018204
12/15/2023,FEU,Z14,23,0.14091698113
12/15/2023,FEU,Z24,24,0.134728183222
12/15/2023,FEU,Z14,24,0.134728183222
12/15/2023,FEU,Z24,3,0.119306240956
12/15/2023,FEU,Z14,3,0.119306240956
12/15/2023,FEU,Z24,4,0.117124233502
12/15/2023,FEU,Z14,4,0.117124233502
12/15/2023,FEU,Z24,5,0.11556344932
12/15/2023,FEU,Z14,5,0.11556344932
12/15/2023,FEU,Z24,6,0.119647591774
12/15/2023,FEU,Z14,6,0.119647591774
12/15/2023,FEU,Z24,7,0.120432351862
12/15/2023,FEU,Z14,7,0.120432351862
12/15/2023,FEU,Z24,8,0.12578547295
12/15/2023,FEU,Z14,8,0.12578547295
12/15/2023,FEU,Z24,9,0.149885851128
12/15/2023,FEU,Z14,9,0.149885851128
12/16/2023,FEU,Z24,1,0.104847873862
12/16/2023,FEU,Z14,1,0.104847873862
12/16/2023,FEU,Z24,10,0.120231029312
12/16/2023,FEU,Z14,10,0.120231029312
12/16/2023,FEU,Z24,11,0.117673149946
12/16/2023,FEU,Z14,11,0.117673149946
12/16/2023,FEU,Z24,12,0.108135592036
12/16/2023,FEU,Z14,12,0.108135592036
12/16/2023,FEU,Z24,13,0.103259978854
12/16/2023,FEU,Z14,13,0.103259978854
12/16/2023,FEU,Z24,14,0.10172208749
12/16/2023,FEU,Z14,14,0.10172208749
12/16/2023,FEU,Z24,15,0.107550026854
12/16/2023,FEU,Z14,15,0.107550026854
12/16/2023,FEU,Z24,16,0.116137715856
12/16/2023,FEU,Z14,16,0.116137715856
12/16/2023,FEU,Z24,17,0.119417842858
12/16/2023,FEU,Z14,17,0.119417842858
12/16/2023,FEU,Z24,18,0.130155721132
12/16/2023,FEU,Z14,18,0.130155721132
12/16/2023,FEU,Z24,19,0.139661818678
12/16/2023,FEU,Z14,19,0.139661818678
12/16/2023,FEU,Z24,2,0.1013714775
12/16/2023,FEU,Z14,2,0.1013714775
12/16/2023,FEU,Z24,20,0.143135504588
12/16/2023,FEU,Z14,20,0.143135504588
12/16/2023,FEU,Z24,21,0.14398868977
12/16/2023,FEU,Z14,21,0.14398868977
12/16/2023,FEU,Z24,22,0.143308571042
12/16/2023,FEU,Z14,22,0.143308571042
12/16/2023,FEU,Z24,23,0.139878978588
12/16/2023,FEU,Z14,23,0.139878978588
12/16/2023,FEU,Z24,24,0.138188827134
12/16/2023,FEU,Z14,24,0.138188827134
12/16/2023,FEU,Z24,3,0.09994448932
12/16/2023,FEU,Z14,3,0.09994448932
12/16/2023,FEU,Z24,4,0.09864604523
12/16/2023,FEU,Z14,4,0.09864604523
12/16/2023,FEU,Z24,5,0.094482642776
12/16/2023,FEU,Z14,5,0.094482642776
12/16/2023,FEU,Z24,6,0.09688643023
12/16/2023,FEU,Z14,6,0.09688643023
12/16/2023,FEU,Z24,7,0.101270084592
12/16/2023,FEU,Z14,7,0.101270084592
12/16/2023,FEU,Z24,8,0.10539097159
12/16/2023,FEU,Z14,8,0.10539097159
12/16/2023,FEU,Z24,9,0.115407816406
12/16/2023,FEU,Z14,9,0.115407816406
12/17/2023,FEU,Z24,1,0.13362757159
12/17/2023,FEU,Z14,1,0.13362757159
12/17/2023,FEU,Z24,10,0.108310853132
12/17/2023,FEU,Z14,10,0.108310853132
12/17/2023,FEU,Z24,11,0.088346096584
12/17/2023,FEU,Z14,11,0.088346096584
12/17/2023,FEU,Z24,12,0.080755395856
12/17/2023,FEU,Z14,12,0.080755395856
12/17/2023,FEU,Z24,13,0.074197513674
12/17/2023,FEU,Z14,13,0.074197513674
12/17/2023,FEU,Z24,14,0.07723572431
12/17/2023,FEU,Z14,14,0.07723572431
12/17/2023,FEU,Z24,15,0.078339395856
12/17/2023,FEU,Z14,15,0.078339395856
12/17/2023,FEU,Z24,16,0.093033806858
12/17/2023,FEU,Z14,16,0.093033806858
12/17/2023,FEU,Z24,17,0.104697454768
12/17/2023,FEU,Z14,17,0.104697454768
12/17/2023,FEU,Z24,18,0.131151233132
12/17/2023,FEU,Z14,18,0.131151233132
12/17/2023,FEU,Z24,19,0.14431604795
12/17/2023,FEU,Z14,19,0.14431604795
12/17/2023,FEU,Z24,2,0.123456382956
12/17/2023,FEU,Z14,2,0.123456382956
12/17/2023,FEU,Z24,20,0.146410029132
12/17/2023,FEU,Z14,20,0.146410029132
12/17/2023,FEU,Z24,21,0.15437697295
12/17/2023,FEU,Z14,21,0.15437697295
12/17/2023,FEU,Z24,22,0.149727238404
12/17/2023,FEU,Z14,22,0.149727238404
12/17/2023,FEU,Z24,23,0.141217678586
12/17/2023,FEU,Z14,23,0.141217678586
12/17/2023,FEU,Z24,24,0.135012075496
12/17/2023,FEU,Z14,24,0.135012075496
12/17/2023,FEU,Z24,3,0.113965422412
12/17/2023,FEU,Z14,3,0.113965422412
12/17/2023,FEU,Z24,4,0.114470597868
12/17/2023,FEU,Z14,4,0.114470597868
12/17/2023,FEU,Z24,5,0.114418742596
12/17/2023,FEU,Z14,5,0.114418742596
12/17/2023,FEU,Z24,6,0.112534812232
12/17/2023,FEU,Z14,6,0.112534812232
12/17/2023,FEU,Z24,7,0.113235600958
12/17/2023,FEU,Z14,7,0.113235600958
12/17/2023,FEU,Z24,8,0.112337956592
12/17/2023,FEU,Z14,8,0.112337956592
12/17/2023,FEU,Z24,9,0.117843360772
12/17/2023,FEU,Z14,9,0.117843360772
12/18/2023,FEU,Z24,1,0.122918388226
12/18/2023,FEU,Z14,1,0.122918388226
12/18/2023,FEU,Z24,10,0.163305311488
12/18/2023,FEU,Z14,10,0.163305311488
12/18/2023,FEU,Z24,11,0.143716785668
12/18/2023,FEU,Z14,11,0.189592010396
12/18/2023,FEU,Z24,12,0.18090103476
12/18/2023,FEU,Z14,12,0.18090103476
12/18/2023,FEU,Z24,13,0.17386823476
12/18/2023,FEU,Z14,13,0.17386823476
12/18/2023,FEU,Z24,14,0.173743591214
12/18/2023,FEU,Z14,14,0.173743591214
12/18/2023,FEU,Z24,15,0.182183031398
12/18/2023,FEU,Z14,15,0.136235519488
12/18/2023,FEU,Z24,16,0.139894795762
12/18/2023,FEU,Z14,16,0.139894795762
12/18/2023,FEU,Z24,17,0.154458626218
12/18/2023,FEU,Z14,17,0.154458626218
12/18/2023,FEU,Z24,18,0.169688039128
12/18/2023,FEU,Z14,18,0.169688039128
12/18/2023,FEU,Z24,19,0.18192995749
12/18/2023,FEU,Z14,19,0.2280744184
12/18/2023,FEU,Z24,2,0.123648236592
12/18/2023,FEU,Z14,2,0.123648236592
12/18/2023,FEU,Z24,20,0.266136992764
12/18/2023,FEU,Z14,20,0.266136992764
12/18/2023,FEU,Z24,21,0.294471231582
12/18/2023,FEU,Z14,21,0.294471231582
12/18/2023,FEU,Z24,22,0.2406828184
12/18/2023,FEU,Z14,22,0.2406828184
12/18/2023,FEU,Z24,23,0.218879943766
12/18/2023,FEU,Z14,23,0.172769763856
12/18/2023,FEU,Z24,24,0.16741248613
12/18/2023,FEU,Z14,24,0.16741248613
12/18/2023,FEU,Z24,3,0.120540158048
12/18/2023,FEU,Z14,3,0.120540158048
12/18/2023,FEU,Z24,4,0.12061975114
12/18/2023,FEU,Z14,4,0.12061975114
12/18/2023,FEU,Z24,5,0.119654755322
12/18/2023,FEU,Z14,5,0.119654755322
12/18/2023,FEU,Z24,6,0.120193822048
12/18/2023,FEU,Z14,6,0.120193822048
12/18/2023,FEU,Z24,7,0.125074240498
12/18/2023,FEU,Z14,7,0.125074240498
12/18/2023,FEU,Z24,8,0.142659296858
12/18/2023,FEU,Z14,8,0.142659296858
12/18/2023,FEU,Z24,9,0.1713636184
12/18/2023,FEU,Z14,9,0.1713636184
12/19/2023,FEU,Z24,1,0.132187103862
12/19/2023,FEU,Z14,1,0.132187103862
12/19/2023,FEU,Z24,10,0.158319243852
12/19/2023,FEU,Z14,10,0.158319243852
12/19/2023,FEU,Z24,11,0.141932154396
12/19/2023,FEU,Z14,11,0.187900737306
12/19/2023,FEU,Z24,12,0.181119393124
12/19/2023,FEU,Z14,12,0.181119393124
12/19/2023,FEU,Z24,13,0.178119477124
12/19/2023,FEU,Z14,13,0.178119477124
12/19/2023,FEU,Z24,14,0.176280610396
12/19/2023,FEU,Z14,14,0.176280610396
12/19/2023,FEU,Z24,15,0.183086409852
12/19/2023,FEU,Z14,15,0.137229747124
12/19/2023,FEU,Z24,16,0.144078778762
12/19/2023,FEU,Z14,16,0.144078778762
12/19/2023,FEU,Z24,17,0.1496904184
12/19/2023,FEU,Z14,17,0.1496904184
12/19/2023,FEU,Z24,18,0.15511267931
12/19/2023,FEU,Z14,18,0.15511267931
12/19/2023,FEU,Z24,19,0.155630339308
12/19/2023,FEU,Z14,19,0.201664301218
12/19/2023,FEU,Z24,2,0.129873576046
12/19/2023,FEU,Z14,2,0.129873576046
12/19/2023,FEU,Z24,20,0.200875604764
12/19/2023,FEU,Z14,20,0.200875604764
12/19/2023,FEU,Z24,21,0.200505609946
12/19/2023,FEU,Z14,21,0.200505609946
12/19/2023,FEU,Z24,22,0.195513871128
12/19/2023,FEU,Z14,22,0.195513871128
12/19/2023,FEU,Z24,23,0.192648759676
12/19/2023,FEU,Z14,23,0.146643001766
12/19/2023,FEU,Z24,24,0.11746242204
12/19/2023,FEU,Z14,24,0.11746242204
12/19/2023,FEU,Z24,3,0.117506278138
12/19/2023,FEU,Z14,3,0.117506278138
12/19/2023,FEU,Z24,4,0.11375912932
12/19/2023,FEU,Z14,4,0.11375912932
12/19/2023,FEU,Z24,5,0.109489895684
12/19/2023,FEU,Z14,5,0.109489895684
12/19/2023,FEU,Z24,6,0.113060270956
12/19/2023,FEU,Z14,6,0.113060270956
12/19/2023,FEU,Z24,7,0.129643053862
12/19/2023,FEU,Z14,7,0.129643053862
12/19/2023,FEU,Z24,8,0.137594000404
12/19/2023,FEU,Z14,8,0.137594000404
12/19/2023,FEU,Z24,9,0.172762876582
12/19/2023,FEU,Z14,9,0.172762876582
12/20/2023,FEU,Z24,1,0.091858117316
12/20/2023,FEU,Z14,1,0.091858117316
12/20/2023,FEU,Z24,10,0.133025655034
12/20/2023,FEU,Z14,10,0.133025655034
12/20/2023,FEU,Z24,11,0.120154214032
12/20/2023,FEU,Z14,11,0.166029213942
12/20/2023,FEU,Z24,12,0.163297898578
12/20/2023,FEU,Z14,12,0.163297898578
12/20/2023,FEU,Z24,13,0.155087469304
12/20/2023,FEU,Z14,13,0.155087469304
12/20/2023,FEU,Z24,14,0.14924988885
12/20/2023,FEU,Z14,14,0.14924988885
12/20/2023,FEU,Z24,15,0.14857525567
12/20/2023,FEU,Z14,15,0.10277161476
12/20/2023,FEU,Z24,16,0.104436172398
12/20/2023,FEU,Z14,16,0.104436172398
12/20/2023,FEU,Z24,17,0.118666619854
12/20/2023,FEU,Z14,17,0.118666619854
12/20/2023,FEU,Z24,18,0.135983618854
12/20/2023,FEU,Z14,18,0.135983618854
12/20/2023,FEU,Z24,19,0.146325836036
12/20/2023,FEU,Z14,19,0.192322803946
12/20/2023,FEU,Z24,2,0.0830602275
12/20/2023,FEU,Z14,2,0.0830602275
12/20/2023,FEU,Z24,20,0.18853264431
12/20/2023,FEU,Z14,20,0.18853264431
12/20/2023,FEU,Z24,21,0.182748206582
12/20/2023,FEU,Z14,21,0.182748206582
12/20/2023,FEU,Z24,22,0.175419390218
12/20/2023,FEU,Z14,22,0.175419390218
12/20/2023,FEU,Z24,23,0.165606196766
12/20/2023,FEU,Z14,23,0.119715611856
12/20/2023,FEU,Z24,24,0.104368096948
12/20/2023,FEU,Z14,24,0.104368096948
12/20/2023,FEU,Z24,3,0.081018724774
12/20/2023,FEU,Z14,3,0.081018724774
12/20/2023,FEU,Z24,4,0.071951881138
12/20/2023,FEU,Z14,4,0.071951881138
12/20/2023,FEU,Z24,5,0.064137013502
12/20/2023,FEU,Z14,5,0.064137013502
12/20/2023,FEU,Z24,6,0.07379784341
12/20/2023,FEU,Z14,6,0.07379784341
12/20/2023,FEU,Z24,7,0.08195093477
12/20/2023,FEU,Z14,7,0.08195093477
12/20/2023,FEU,Z24,8,0.095541823402
12/20/2023,FEU,Z14,8,0.095541823402
12/20/2023,FEU,Z24,9,0.1372152184
12/20/2023,FEU,Z14,9,0.1372152184
12/21/2023,FEU,Z24,1,0.076273848862
12/21/2023,FEU,Z14,1,0.076273848862
12/21/2023,FEU,Z24,10,0.119079247852
12/21/2023,FEU,Z14,10,0.119079247852
12/21/2023,FEU,Z24,11,0.10441358885
12/21/2023,FEU,Z14,11,0.15022103476
12/21/2023,FEU,Z24,12,0.141888350032
12/21/2023,FEU,Z14,12,0.141888350032
12/21/2023,FEU,Z24,13,0.138354292486
12/21/2023,FEU,Z14,13,0.138354292486
12/21/2023,FEU,Z24,14,0.135573669304
12/21/2023,FEU,Z14,14,0.135573669304
12/21/2023,FEU,Z24,15,0.136156113124
12/21/2023,FEU,Z14,15,0.090406909214
12/21/2023,FEU,Z24,16,0.09206670067
12/21/2023,FEU,Z14,16,0.09206670067
12/21/2023,FEU,Z24,17,0.098480440944
12/21/2023,FEU,Z14,17,0.098480440944
12/21/2023,FEU,Z24,18,0.123978847218
12/21/2023,FEU,Z14,18,0.123978847218
12/21/2023,FEU,Z24,19,0.127887080944
12/21/2023,FEU,Z14,19,0.173802557854
12/21/2023,FEU,Z24,2,0.073841149318
12/21/2023,FEU,Z14,2,0.073841149318
12/21/2023,FEU,Z24,20,0.176919753582
12/21/2023,FEU,Z14,20,0.176919753582
12/21/2023,FEU,Z24,21,0.178059483128
12/21/2023,FEU,Z14,21,0.178059483128
12/21/2023,FEU,Z24,22,0.174259758946
12/21/2023,FEU,Z14,22,0.174259758946
12/21/2023,FEU,Z24,23,0.172028247494
12/21/2023,FEU,Z14,23,0.126107708584
12/21/2023,FEU,Z24,24,0.123124385494
12/21/2023,FEU,Z14,24,0.123124385494
12/21/2023,FEU,Z24,3,0.07268967841
12/21/2023,FEU,Z14,3,0.07268967841
12/21/2023,FEU,Z24,4,0.07430978932
12/21/2023,FEU,Z14,4,0.07430978932
12/21/2023,FEU,Z24,5,0.071453009866
12/21/2023,FEU,Z14,5,0.071453009866
12/21/2023,FEU,Z24,6,0.073996132228
12/21/2023,FEU,Z14,6,0.073996132228
12/21/2023,FEU,Z24,7,0.074750874406
12/21/2023,FEU,Z14,7,0.074750874406
12/21/2023,FEU,Z24,8,0.084690464948
12/21/2023,FEU,Z14,8,0.084690464948
12/21/2023,FEU,Z24,9,0.125556551854
12/21/2023,FEU,Z14,9,0.125556551854
12/22/2023,FEU,Z24,1,0.07359606568
12/22/2023,FEU,Z14,1,0.07359606568
12/22/2023,FEU,Z24,10,0.113873827762
12/22/2023,FEU,Z14,10,0.113873827762
12/22/2023,FEU,Z24,11,0.09564441476
12/22/2023,FEU,Z14,11,0.14141667067
12/22/2023,FEU,Z24,12,0.138594287488
12/22/2023,FEU,Z14,12,0.138594287488
12/22/2023,FEU,Z24,13,0.136563903124
12/22/2023,FEU,Z14,13,0.136563903124
12/22/2023,FEU,Z24,14,0.135142520942
12/22/2023,FEU,Z14,14,0.135142520942
12/22/2023,FEU,Z24,15,0.135274005852
12/22/2023,FEU,Z14,15,0.089577417124
12/22/2023,FEU,Z24,16,0.093500581762
12/22/2023,FEU,Z14,16,0.093500581762
12/22/2023,FEU,Z24,17,0.097648807218
12/22/2023,FEU,Z14,17,0.097648807218
12/22/2023,FEU,Z24,18,0.12060268431
12/22/2023,FEU,Z14,18,0.12060268431
12/22/2023,FEU,Z24,19,0.128070712036
12/22/2023,FEU,Z14,19,0.173990286946
12/22/2023,FEU,Z24,2,0.073069379864
12/22/2023,FEU,Z14,2,0.073069379864
12/22/2023,FEU,Z24,20,0.17659350431
12/22/2023,FEU,Z14,20,0.17659350431
12/22/2023,FEU,Z24,21,0.178588579492
12/22/2023,FEU,Z14,21,0.178588579492
12/22/2023,FEU,Z24,22,0.176176579492
12/22/2023,FEU,Z14,22,0.176176579492
12/22/2023,FEU,Z24,23,0.17448912204
12/22/2023,FEU,Z14,23,0.12855678613
12/22/2023,FEU,Z24,24,0.118589005222
12/22/2023,FEU,Z14,24,0.118589005222
12/22/2023,FEU,Z24,3,0.071782774956
12/22/2023,FEU,Z14,3,0.071782774956
12/22/2023,FEU,Z24,4,0.068144471502
12/22/2023,FEU,Z14,4,0.068144471502
12/22/2023,FEU,Z24,5,0.05805074932
12/22/2023,FEU,Z14,5,0.05805074932
12/22/2023,FEU,Z24,6,0.069533515774
12/22/2023,FEU,Z14,6,0.069533515774
12/22/2023,FEU,Z24,7,0.074660548862
12/22/2023,FEU,Z14,7,0.074660548862
12/22/2023,FEU,Z24,8,0.09051527295
12/22/2023,FEU,Z14,8,0.09051527295
12/22/2023,FEU,Z24,9,0.128886887128
12/22/2023,FEU,Z14,9,0.128886887128
12/23/2023,FEU,Z24,1,0.076122446862
12/23/2023,FEU,Z14,1,0.076122446862
12/23/2023,FEU,Z24,10,0.070529461312
12/23/2023,FEU,Z14,10,0.070529461312
12/23/2023,FEU,Z24,11,0.066597378946
12/23/2023,FEU,Z14,11,0.066597378946
12/23/2023,FEU,Z24,12,0.060848136036
12/23/2023,FEU,Z14,12,0.060848136036
12/23/2023,FEU,Z24,13,0.059523992854
12/23/2023,FEU,Z14,13,0.059523992854
12/23/2023,FEU,Z24,14,0.05000368249
12/23/2023,FEU,Z14,14,0.05000368249
12/23/2023,FEU,Z24,15,0.053339093854
12/23/2023,FEU,Z14,15,0.053339093854
12/23/2023,FEU,Z24,16,0.052817979856
12/23/2023,FEU,Z14,16,0.052817979856
12/23/2023,FEU,Z24,17,0.068505088858
12/23/2023,FEU,Z14,17,0.068505088858
12/23/2023,FEU,Z24,18,0.095678149132
12/23/2023,FEU,Z14,18,0.095678149132
12/23/2023,FEU,Z24,19,0.103627538678
12/23/2023,FEU,Z14,19,0.103627538678
12/23/2023,FEU,Z24,2,0.0723364775
12/23/2023,FEU,Z14,2,0.0723364775
12/23/2023,FEU,Z24,20,0.108295982588
12/23/2023,FEU,Z14,20,0.108295982588
12/23/2023,FEU,Z24,21,0.10764140477
12/23/2023,FEU,Z14,21,0.10764140477
12/23/2023,FEU,Z24,22,0.109076923042
12/23/2023,FEU,Z14,22,0.109076923042
12/23/2023,FEU,Z24,23,0.104048554588
12/23/2023,FEU,Z14,23,0.104048554588
12/23/2023,FEU,Z24,24,0.093946285134
12/23/2023,FEU,Z14,24,0.093946285134
12/23/2023,FEU,Z24,3,0.07272344932
12/23/2023,FEU,Z14,3,0.07272344932
12/23/2023,FEU,Z24,4,0.07238338023
12/23/2023,FEU,Z14,4,0.07238338023
12/23/2023,FEU,Z24,5,0.072263478776
12/23/2023,FEU,Z14,5,0.072263478776
12/23/2023,FEU,Z24,6,0.07215188523
12/23/2023,FEU,Z14,6,0.07215188523
12/23/2023,FEU,Z24,7,0.072502660592
12/23/2023,FEU,Z14,7,0.072502660592
12/23/2023,FEU,Z24,8,0.07246445659
12/23/2023,FEU,Z14,8,0.07246445659
12/23/2023,FEU,Z24,9,0.072910005406
12/23/2023,FEU,Z14,9,0.072910005406
12/24/2023,FEU,Z24,1,0.11670304159
12/24/2023,FEU,Z14,1,0.11670304159
12/24/2023,FEU,Z24,10,0.108759569132
12/24/2023,FEU,Z14,10,0.108759569132
12/24/2023,FEU,Z24,11,0.095089664584
12/24/2023,FEU,Z14,11,0.095089664584
12/24/2023,FEU,Z24,12,0.080902771856
12/24/2023,FEU,Z14,12,0.080902771856
12/24/2023,FEU,Z24,13,0.080531849674
12/24/2023,FEU,Z14,13,0.080531849674
12/24/2023,FEU,Z24,14,0.08070973931
12/24/2023,FEU,Z14,14,0.08070973931
12/24/2023,FEU,Z24,15,0.079615043856
12/24/2023,FEU,Z14,15,0.079615043856
12/24/2023,FEU,Z24,16,0.080558560858
12/24/2023,FEU,Z14,16,0.080558560858
12/24/2023,FEU,Z24,17,0.105182158768
12/24/2023,FEU,Z14,17,0.105182158768
12/24/2023,FEU,Z24,18,0.112767363132
12/24/2023,FEU,Z14,18,0.112767363132
12/24/2023,FEU,Z24,19,0.14138094795
12/24/2023,FEU,Z14,19,0.14138094795
12/24/2023,FEU,Z24,2,0.117722418956
12/24/2023,FEU,Z14,2,0.117722418956
12/24/2023,FEU,Z24,20,0.151090897132
12/24/2023,FEU,Z14,20,0.151090897132
12/24/2023,FEU,Z24,21,0.15098249795
12/24/2023,FEU,Z14,21,0.15098249795
12/24/2023,FEU,Z24,22,0.134579326404
12/24/2023,FEU,Z14,22,0.134579326404
12/24/2023,FEU,Z24,23,0.117776437586
12/24/2023,FEU,Z14,23,0.117776437586
12/24/2023,FEU,Z24,24,0.112073035496
12/24/2023,FEU,Z14,24,0.112073035496
12/24/2023,FEU,Z24,3,0.115661862412
12/24/2023,FEU,Z14,3,0.115661862412
12/24/2023,FEU,Z24,4,0.110228177868
12/24/2023,FEU,Z14,4,0.110228177868
12/24/2023,FEU,Z24,5,0.112225694596
12/24/2023,FEU,Z14,5,0.112225694596
12/24/2023,FEU,Z24,6,0.110798176232
12/24/2023,FEU,Z14,6,0.110798176232
12/24/2023,FEU,Z24,7,0.106034025958
12/24/2023,FEU,Z14,7,0.106034025958
12/24/2023,FEU,Z24,8,0.113459564592
12/24/2023,FEU,Z14,8,0.113459564592
12/24/2023,FEU,Z24,9,0.112606422772
12/24/2023,FEU,Z14,9,0.112606422772
12/25/2023,FEU,Z24,1,0.123616934044
12/25/2023,FEU,Z14,1,0.123616934044
12/25/2023,FEU,Z24,10,0.102921357132
12/25/2023,FEU,Z14,10,0.102921357132
12/25/2023,FEU,Z24,11,0.092430073492
12/25/2023,FEU,Z14,11,0.092430073492
12/25/2023,FEU,Z24,12,0.089649254036
12/25/2023,FEU,Z14,12,0.089649254036
12/25/2023,FEU,Z24,13,0.089408013672
12/25/2023,FEU,Z14,13,0.089408013672
12/25/2023,FEU,Z24,14,0.088923521308
12/25/2023,FEU,Z14,14,0.088923521308
12/25/2023,FEU,Z24,15,0.088545697672
12/25/2023,FEU,Z14,15,0.088545697672
12/25/2023,FEU,Z24,16,0.090199539856
12/25/2023,FEU,Z14,16,0.090199539856
12/25/2023,FEU,Z24,17,0.098499555676
12/25/2023,FEU,Z14,17,0.098499555676
12/25/2023,FEU,Z24,18,0.122375525132
12/25/2023,FEU,Z14,18,0.122375525132
12/25/2023,FEU,Z24,19,0.128201477132
12/25/2023,FEU,Z14,19,0.128201477132
12/25/2023,FEU,Z24,2,0.120820492228
12/25/2023,FEU,Z14,2,0.120820492228
12/25/2023,FEU,Z24,20,0.12215312386
12/25/2023,FEU,Z14,20,0.12215312386
12/25/2023,FEU,Z24,21,0.122243568406
12/25/2023,FEU,Z14,21,0.122243568406
12/25/2023,FEU,Z24,22,0.122005599406
12/25/2023,FEU,Z14,22,0.122005599406
12/25/2023,FEU,Z24,23,0.120916453316
12/25/2023,FEU,Z14,23,0.120916453316
12/25/2023,FEU,Z24,24,0.114500654044
12/25/2023,FEU,Z14,24,0.114500654044
12/25/2023,FEU,Z24,3,0.113610910048
12/25/2023,FEU,Z14,3,0.113610910048
12/25/2023,FEU,Z24,4,0.116889923868
12/25/2023,FEU,Z14,4,0.116889923868
12/25/2023,FEU,Z24,5,0.106413350596
12/25/2023,FEU,Z14,5,0.106413350596
12/25/2023,FEU,Z24,6,0.10633930705
12/25/2023,FEU,Z14,6,0.10633930705
12/25/2023,FEU,Z24,7,0.105963543322
12/25/2023,FEU,Z14,7,0.105963543322
12/25/2023,FEU,Z24,8,0.108865761138
12/25/2023,FEU,Z14,8,0.108865761138
12/25/2023,FEU,Z24,9,0.122842203136
12/25/2023,FEU,Z14,9,0.122842203136
12/26/2023,FEU,Z24,1,0.142745531862
12/26/2023,FEU,Z14,1,0.142745531862
12/26/2023,FEU,Z24,10,0.156573451852
12/26/2023,FEU,Z14,10,0.156573451852
12/26/2023,FEU,Z24,11,0.153031270396
12/26/2023,FEU,Z14,11,0.199045780306
12/26/2023,FEU,Z24,12,0.194823501124
12/26/2023,FEU,Z14,12,0.194823501124
12/26/2023,FEU,Z24,13,0.186651153124
12/26/2023,FEU,Z14,13,0.186651153124
12/26/2023,FEU,Z24,14,0.180096152396
12/26/2023,FEU,Z14,14,0.180096152396
12/26/2023,FEU,Z24,15,0.177307031852
12/26/2023,FEU,Z14,15,0.131469861124
12/26/2023,FEU,Z24,16,0.132676144762
12/26/2023,FEU,Z14,16,0.132676144762
12/26/2023,FEU,Z24,17,0.1530036184
12/26/2023,FEU,Z14,17,0.1530036184
12/26/2023,FEU,Z24,18,0.16085088931
12/26/2023,FEU,Z14,18,0.16085088931
12/26/2023,FEU,Z24,19,0.173825705308
12/26/2023,FEU,Z14,19,0.219934663218
12/26/2023,FEU,Z24,2,0.144235462046
12/26/2023,FEU,Z14,2,0.144235462046
12/26/2023,FEU,Z24,20,0.219546270764
12/26/2023,FEU,Z14,20,0.219546270764
12/26/2023,FEU,Z24,21,0.256600296946
12/26/2023,FEU,Z14,21,0.256600296946
12/26/2023,FEU,Z24,22,0.217516971128
12/26/2023,FEU,Z14,22,0.217516971128
12/26/2023,FEU,Z24,23,0.208736103676
12/26/2023,FEU,Z14,23,0.162664305766
12/26/2023,FEU,Z24,24,0.15713438204
12/26/2023,FEU,Z14,24,0.15713438204
12/26/2023,FEU,Z24,3,0.145626043138
12/26/2023,FEU,Z14,3,0.145626043138
12/26/2023,FEU,Z24,4,0.13461086932
12/26/2023,FEU,Z14,4,0.13461086932
12/26/2023,FEU,Z24,5,0.132410339684
12/26/2023,FEU,Z14,5,0.132410339684
12/26/2023,FEU,Z24,6,0.135972224956
12/26/2023,FEU,Z14,6,0.135972224956
12/26/2023,FEU,Z24,7,0.144093257862
12/26/2023,FEU,Z14,7,0.144093257862
12/26/2023,FEU,Z24,8,0.138313758404
12/26/2023,FEU,Z14,8,0.138313758404
12/26/2023,FEU,Z24,9,0.160899398582
12/26/2023,FEU,Z14,9,0.160899398582
12/27/2023,FEU,Z24,1,0.116479461316
12/27/2023,FEU,Z14,1,0.116479461316
12/27/2023,FEU,Z24,10,0.143847534034
12/27/2023,FEU,Z14,10,0.143847534034
12/27/2023,FEU,Z24,11,0.130159622032
12/27/2023,FEU,Z14,11,0.176075980942
12/27/2023,FEU,Z24,12,0.168659990578
12/27/2023,FEU,Z14,12,0.168659990578
12/27/2023,FEU,Z24,13,0.163558685304
12/27/2023,FEU,Z14,13,0.163558685304
12/27/2023,FEU,Z24,14,0.16178713885
12/27/2023,FEU,Z14,14,0.16178713885
12/27/2023,FEU,Z24,15,0.16411890067
12/27/2023,FEU,Z14,15,0.11824967476
12/27/2023,FEU,Z24,16,0.121203450398
12/27/2023,FEU,Z14,16,0.121203450398
12/27/2023,FEU,Z24,17,0.131231528854
12/27/2023,FEU,Z14,17,0.131231528854
12/27/2023,FEU,Z24,18,0.139434569854
12/27/2023,FEU,Z14,18,0.139434569854
12/27/2023,FEU,Z24,19,0.171161574036
12/27/2023,FEU,Z14,19,0.217262196946
12/27/2023,FEU,Z24,2,0.1152302275
12/27/2023,FEU,Z14,2,0.1152302275
12/27/2023,FEU,Z24,20,0.22057238931
12/27/2023,FEU,Z14,20,0.22057238931
12/27/2023,FEU,Z24,21,0.232116512582
12/27/2023,FEU,Z14,21,0.232116512582
12/27/2023,FEU,Z24,22,0.230610559218
12/27/2023,FEU,Z14,22,0.230610559218
12/27/2023,FEU,Z24,23,0.214286312766
12/27/2023,FEU,Z14,23,0.168195067856
12/27/2023,FEU,Z24,24,0.151953254948
12/27/2023,FEU,Z14,24,0.151953254948
12/27/2023,FEU,Z24,3,0.098936002774
12/27/2023,FEU,Z14,3,0.098936002774
12/27/2023,FEU,Z24,4,0.094550931138
12/27/2023,FEU,Z14,4,0.094550931138
12/27/2023,FEU,Z24,5,0.089729008502
12/27/2023,FEU,Z14,5,0.089729008502
12/27/2023,FEU,Z24,6,0.09297298841
12/27/2023,FEU,Z14,6,0.09297298841
12/27/2023,FEU,Z24,7,0.10277673977
12/27/2023,FEU,Z14,7,0.10277673977
12/27/2023,FEU,Z24,8,0.113111011402
12/27/2023,FEU,Z14,8,0.113111011402
12/27/2023,FEU,Z24,9,0.1513956184
12/27/2023,FEU,Z14,9,0.1513956184
12/28/2023,FEU,Z24,1,0.138725932862
12/28/2023,FEU,Z14,1,0.138725932862
12/28/2023,FEU,Z24,10,0.170083177852
12/28/2023,FEU,Z14,10,0.170083177852
12/28/2023,FEU,Z24,11,0.15588681385
12/28/2023,FEU,Z14,11,0.20191329476
12/28/2023,FEU,Z24,12,0.192008294032
12/28/2023,FEU,Z14,12,0.192008294032
12/28/2023,FEU,Z24,13,0.182523607486
12/28/2023,FEU,Z14,13,0.182523607486
12/28/2023,FEU,Z24,14,0.191829669304
12/28/2023,FEU,Z14,14,0.191829669304
12/28/2023,FEU,Z24,15,0.194860143124
12/28/2023,FEU,Z14,15,0.148862614214
12/28/2023,FEU,Z24,16,0.15047416567
12/28/2023,FEU,Z14,16,0.15047416567
12/28/2023,FEU,Z24,17,0.163659000944
12/28/2023,FEU,Z14,17,0.163659000944
12/28/2023,FEU,Z24,18,0.174178579218
12/28/2023,FEU,Z14,18,0.174178579218
12/28/2023,FEU,Z24,19,0.181084848944
12/28/2023,FEU,Z14,19,0.227224667854
12/28/2023,FEU,Z24,2,0.131320129318
12/28/2023,FEU,Z14,2,0.131320129318
12/28/2023,FEU,Z24,20,0.232690590582
12/28/2023,FEU,Z14,20,0.232690590582
12/28/2023,FEU,Z24,21,0.241523527128
12/28/2023,FEU,Z14,21,0.241523527128
12/28/2023,FEU,Z24,22,0.233554425946
12/28/2023,FEU,Z14,22,0.233554425946
12/28/2023,FEU,Z24,23,0.222895196494
12/28/2023,FEU,Z14,23,0.176765672584
12/28/2023,FEU,Z24,24,0.162513807494
12/28/2023,FEU,Z14,24,0.162513807494
12/28/2023,FEU,Z24,3,0.12156439841
12/28/2023,FEU,Z14,3,0.12156439841
12/28/2023,FEU,Z24,4,0.11949086932
12/28/2023,FEU,Z14,4,0.11949086932
12/28/2023,FEU,Z24,5,0.118651319866
12/28/2023,FEU,Z14,5,0.118651319866
12/28/2023,FEU,Z24,6,0.119013478228
12/28/2023,FEU,Z14,6,0.119013478228
12/28/2023,FEU,Z24,7,0.132431847406
12/28/2023,FEU,Z14,7,0.132431847406
12/28/2023,FEU,Z24,8,0.138352906948
12/28/2023,FEU,Z14,8,0.138352906948
12/28/2023,FEU,Z24,9,0.171285542854
12/28/2023,FEU,Z14,9,0.171285542854
12/29/2023,FEU,Z24,1,0.14581862568
12/29/2023,FEU,Z14,1,0.14581862568
12/29/2023,FEU,Z24,10,0.169457797762
12/29/2023,FEU,Z14,10,0.169457797762
12/29/2023,FEU,Z24,11,0.16482663476
12/29/2023,FEU,Z14,11,0.21089322067
12/29/2023,FEU,Z24,12,0.200703375488
12/29/2023,FEU,Z14,12,0.200703375488
12/29/2023,FEU,Z24,13,0.204195579124
12/29/2023,FEU,Z14,13,0.204195579124
12/29/2023,FEU,Z24,14,0.200654952942
12/29/2023,FEU,Z14,14,0.200654952942
12/29/2023,FEU,Z24,15,0.197439381852
12/29/2023,FEU,Z14,15,0.151533129124
12/29/2023,FEU,Z24,16,0.154102234762
12/29/2023,FEU,Z14,16,0.154102234762
12/29/2023,FEU,Z24,17,0.164707678218
12/29/2023,FEU,Z14,17,0.164707678218
12/29/2023,FEU,Z24,18,0.17391549931
12/29/2023,FEU,Z14,18,0.17391549931
12/29/2023,FEU,Z24,19,0.187399266036
12/29/2023,FEU,Z14,19,0.233566455946
12/29/2023,FEU,Z24,2,0.139025991864
12/29/2023,FEU,Z14,2,0.139025991864
12/29/2023,FEU,Z24,20,0.23630486931
12/29/2023,FEU,Z14,20,0.23630486931
12/29/2023,FEU,Z24,21,0.239893177492
12/29/2023,FEU,Z14,21,0.239893177492
12/29/2023,FEU,Z24,22,0.236048449492
12/29/2023,FEU,Z14,22,0.236048449492
12/29/2023,FEU,Z24,23,0.21994510204
12/29/2023,FEU,Z14,23,0.17382647113
12/29/2023,FEU,Z24,24,0.165184807222
12/29/2023,FEU,Z14,24,0.165184807222
12/29/2023,FEU,Z24,3,0.139139868956
12/29/2023,FEU,Z14,3,0.139139868956
12/29/2023,FEU,Z24,4,0.138837392502
12/29/2023,FEU,Z14,4,0.138837392502
12/29/2023,FEU,Z24,5,0.13105388932
12/29/2023,FEU,Z14,5,0.13105388932
12/29/2023,FEU,Z24,6,0.130085719774
12/29/2023,FEU,Z14,6,0.130085719774
12/29/2023,FEU,Z24,7,0.134392360862
12/29/2023,FEU,Z14,7,0.134392360862
12/29/2023,FEU,Z24,8,0.14450347295
12/29/2023,FEU,Z14,8,0.14450347295
12/29/2023,FEU,Z24,9,0.173073687128
12/29/2023,FEU,Z14,9,0.173073687128
12/30/2023,FEU,Z24,1,0.129252138862
12/30/2023,FEU,Z14,1,0.129252138862
12/30/2023,FEU,Z24,10,0.126946997312
12/30/2023,FEU,Z14,10,0.126946997312
12/30/2023,FEU,Z24,11,0.112665060946
12/30/2023,FEU,Z14,11,0.112665060946
12/30/2023,FEU,Z24,12,0.091193476036
12/30/2023,FEU,Z14,12,0.091193476036
12/30/2023,FEU,Z24,13,0.084046931854
12/30/2023,FEU,Z14,13,0.084046931854
12/30/2023,FEU,Z24,14,0.07714213249
12/30/2023,FEU,Z14,14,0.07714213249
12/30/2023,FEU,Z24,15,0.071689103854
12/30/2023,FEU,Z14,15,0.071689103854
12/30/2023,FEU,Z24,16,0.078057931856
12/30/2023,FEU,Z14,16,0.078057931856
12/30/2023,FEU,Z24,17,0.089407281858
12/30/2023,FEU,Z14,17,0.089407281858
12/30/2023,FEU,Z24,18,0.111697065132
12/30/2023,FEU,Z14,18,0.111697065132
12/30/2023,FEU,Z24,19,0.120758569678
12/30/2023,FEU,Z14,19,0.120758569678
12/30/2023,FEU,Z24,2,0.1286302275
12/30/2023,FEU,Z14,2,0.1286302275
12/30/2023,FEU,Z24,20,0.118393804588
12/30/2023,FEU,Z14,20,0.118393804588
12/30/2023,FEU,Z24,21,0.11710767977
12/30/2023,FEU,Z14,21,0.11710767977
12/30/2023,FEU,Z24,22,0.110577512042
12/30/2023,FEU,Z14,22,0.110577512042
12/30/2023,FEU,Z24,23,0.088676616588
12/30/2023,FEU,Z14,23,0.088676616588
12/30/2023,FEU,Z24,24,0.073852457134
12/30/2023,FEU,Z14,24,0.073852457134
12/30/2023,FEU,Z24,3,0.12746036932
12/30/2023,FEU,Z14,3,0.12746036932
12/30/2023,FEU,Z24,4,0.11706191523
12/30/2023,FEU,Z14,4,0.11706191523
12/30/2023,FEU,Z24,5,0.108784414776
12/30/2023,FEU,Z14,5,0.108784414776
12/30/2023,FEU,Z24,6,0.10505453523
12/30/2023,FEU,Z14,6,0.10505453523
12/30/2023,FEU,Z24,7,0.126236852592
12/30/2023,FEU,Z14,7,0.126236852592
12/30/2023,FEU,Z24,8,0.12450172159
12/30/2023,FEU,Z14,8,0.12450172159
12/30/2023,FEU,Z24,9,0.129678558406
12/30/2023,FEU,Z14,9,0.129678558406
12/31/2023,FEU,Z24,1,0.05387162659
12/31/2023,FEU,Z14,1,0.05387162659
12/31/2023,FEU,Z24,10,0.043775439132
12/31/2023,FEU,Z14,10,0.043775439132
12/31/2023,FEU,Z24,11,0.042093752584
12/31/2023,FEU,Z14,11,0.042093752584
12/31/2023,FEU,Z24,12,0.039757083856
12/31/2023,FEU,Z14,12,0.039757083856
12/31/2023,FEU,Z24,13,0.037460054674
12/31/2023,FEU,Z14,13,0.037460054674
12/31/2023,FEU,Z24,14,0.03117700931
12/31/2023,FEU,Z14,14,0.03117700931
12/31/2023,FEU,Z24,15,0.034545771856
12/31/2023,FEU,Z14,15,0.034545771856
12/31/2023,FEU,Z24,16,0.042441649858
12/31/2023,FEU,Z14,16,0.042441649858
12/31/2023,FEU,Z24,17,0.070972582768
12/31/2023,FEU,Z14,17,0.070972582768
12/31/2023,FEU,Z24,18,0.099548631132
12/31/2023,FEU,Z14,18,0.099548631132
12/31/2023,FEU,Z24,19,0.11153382295
12/31/2023,FEU,Z14,19,0.11153382295
12/31/2023,FEU,Z24,2,0.040696336956
12/31/2023,FEU,Z14,2,0.040696336956
12/31/2023,FEU,Z24,20,0.141133325132
12/31/2023,FEU,Z14,20,0.141133325132
12/31/2023,FEU,Z24,21,0.13143149795
12/31/2023,FEU,Z14,21,0.13143149795
12/31/2023,FEU,Z24,22,0.122222462404
12/31/2023,FEU,Z14,22,0.122222462404
12/31/2023,FEU,Z24,23,0.111344680586
12/31/2023,FEU,Z14,23,0.111344680586
12/31/2023,FEU,Z24,24,0.105229391496
12/31/2023,FEU,Z14,24,0.105229391496
12/31/2023,FEU,Z24,3,0.041024832412
12/31/2023,FEU,Z14,3,0.041024832412
12/31/2023,FEU,Z24,4,0.037798729868
12/31/2023,FEU,Z14,4,0.037798729868
12/31/2023,FEU,Z24,5,0.037310612596
12/31/2023,FEU,Z14,5,0.037310612596
12/31/2023,FEU,Z24,6,0.036984128232
12/31/2023,FEU,Z14,6,0.036984128232
12/31/2023,FEU,Z24,7,0.036438258958
12/31/2023,FEU,Z14,7,0.036438258958
12/31/2023,FEU,Z24,8,0.039361844592
12/31/2023,FEU,Z14,8,0.039361844592
12/31/2023,FEU,Z24,9,0.040111650772
12/31/2023,FEU,Z14,9,0.040111650772
