Fecha,TerminoCosteHorario,TipoPrecio,Hour,Ctd
01/01/2021,FEU,Z01,1,0.12066765262
01/01/2021,FEU,Z02,1,0.07036965944
01/01/2021,FEU,Z03,1,0.0754173965
01/01/2021,FEU,Z01,10,0.10341926612
01/01/2021,FEU,Z02,10,0.0542801791
01/01/2021,FEU,Z03,10,0.05811335214
01/01/2021,FEU,Z01,11,0.10191785692
01/01/2021,FEU,Z02,11,0.05305464634
01/01/2021,FEU,Z03,11,0.05663698408
01/01/2021,FEU,Z01,12,0.10112548046
01/01/2021,FEU,Z02,12,0.05244782446
01/01/2021,FEU,Z03,12,0.05588283062
01/01/2021,FEU,Z01,13,0.1043623827
01/01/2021,FEU,Z02,13,0.12312706902
01/01/2021,FEU,Z03,13,0.05919732486
01/01/2021,FEU,Z01,14,0.1042297377
01/01/2021,FEU,Z02,14,0.12294136316
01/01/2021,FEU,Z03,14,0.12294136316
01/01/2021,FEU,Z01,15,0.103506032
01/01/2021,FEU,Z02,15,0.12226035032
01/01/2021,FEU,Z03,15,0.12226035032
01/01/2021,FEU,Z01,16,0.09897936918
01/01/2021,FEU,Z02,16,0.1176831785
01/01/2021,FEU,Z03,16,0.1176831785
01/01/2021,FEU,Z01,17,0.10000664892
01/01/2021,FEU,Z02,17,0.1187637821
01/01/2021,FEU,Z03,17,0.1187637821
01/01/2021,FEU,Z01,18,0.10314787294
01/01/2021,FEU,Z02,18,0.12193584212
01/01/2021,FEU,Z03,18,0.12193584212
01/01/2021,FEU,Z01,19,0.11863456322
01/01/2021,FEU,Z02,19,0.1375873464
01/01/2021,FEU,Z03,19,0.1375873464
01/01/2021,FEU,Z01,2,0.11738057332
01/01/2021,FEU,Z02,2,0.06735947386
01/01/2021,FEU,Z03,2,0.06367039546
01/01/2021,FEU,Z01,20,0.12534787106
01/01/2021,FEU,Z02,20,0.14437515724
01/01/2021,FEU,Z03,20,0.14437515724
01/01/2021,FEU,Z01,21,0.12781578178
01/01/2021,FEU,Z02,21,0.1467995171
01/01/2021,FEU,Z03,21,0.1467995171
01/01/2021,FEU,Z01,22,0.12313413778
01/01/2021,FEU,Z02,22,0.14213676296
01/01/2021,FEU,Z03,22,0.14213676296
01/01/2021,FEU,Z01,23,0.12475510586
01/01/2021,FEU,Z02,23,0.07450724912
01/01/2021,FEU,Z03,23,0.1438244329
01/01/2021,FEU,Z01,24,0.12184187246
01/01/2021,FEU,Z02,24,0.07154700714
01/01/2021,FEU,Z03,24,0.07656483848
01/01/2021,FEU,Z01,3,0.11466726994
01/01/2021,FEU,Z02,3,0.06449995418
01/01/2021,FEU,Z03,3,0.06082347106
01/01/2021,FEU,Z01,4,0.1082905008
01/01/2021,FEU,Z02,4,0.05845095204
01/01/2021,FEU,Z03,4,0.05498418392
01/01/2021,FEU,Z01,5,0.1063282608
01/01/2021,FEU,Z02,5,0.05658989004
01/01/2021,FEU,Z03,5,0.05318750792
01/01/2021,FEU,Z01,6,0.1061337008
01/01/2021,FEU,Z02,6,0.05640536204
01/01/2021,FEU,Z03,6,0.05300936392
01/01/2021,FEU,Z01,7,0.1061849008
01/01/2021,FEU,Z02,7,0.05645392204
01/01/2021,FEU,Z03,7,0.05305741592
01/01/2021,FEU,Z01,8,0.1058866608
01/01/2021,FEU,Z02,8,0.05617106004
01/01/2021,FEU,Z03,8,0.06049234768
01/01/2021,FEU,Z01,9,0.10438811444
01/01/2021,FEU,Z02,9,0.05505172084
01/01/2021,FEU,Z03,9,0.05904124146
01/02/2021,FEU,Z01,1,0.11599939216
01/02/2021,FEU,Z02,1,0.0660505377
01/02/2021,FEU,Z03,1,0.07070950118
01/02/2021,FEU,Z01,10,0.1186088106
01/02/2021,FEU,Z02,10,0.06926723146
01/02/2021,FEU,Z03,10,0.07345668576
01/02/2021,FEU,Z01,11,0.11754186744
01/02/2021,FEU,Z02,11,0.06831029416
01/02/2021,FEU,Z03,11,0.0724078506
01/02/2021,FEU,Z01,12,0.11652803258
01/02/2021,FEU,Z02,12,0.0673383583
01/02/2021,FEU,Z03,12,0.07139286074
01/02/2021,FEU,Z01,13,0.1148627734
01/02/2021,FEU,Z02,13,0.13367430086
01/02/2021,FEU,Z03,13,0.06976991656
01/02/2021,FEU,Z01,14,0.11504261712
01/02/2021,FEU,Z02,14,0.13385499158
01/02/2021,FEU,Z03,14,0.13385499158
01/02/2021,FEU,Z01,15,0.11518285256
01/02/2021,FEU,Z02,15,0.13399610402
01/02/2021,FEU,Z03,15,0.13399610402
01/02/2021,FEU,Z01,16,0.11315158786
01/02/2021,FEU,Z02,16,0.13200071718
01/02/2021,FEU,Z03,16,0.13200071718
01/02/2021,FEU,Z01,17,0.11450097758
01/02/2021,FEU,Z02,17,0.13330398004
01/02/2021,FEU,Z03,17,0.13330398004
01/02/2021,FEU,Z01,18,0.1192537763
01/02/2021,FEU,Z02,18,0.13816317062
01/02/2021,FEU,Z03,18,0.13816317062
01/02/2021,FEU,Z01,19,0.12446106572
01/02/2021,FEU,Z02,19,0.14342267004
01/02/2021,FEU,Z03,19,0.14342267004
01/02/2021,FEU,Z01,2,0.11195096318
01/02/2021,FEU,Z02,2,0.06213992786
01/02/2021,FEU,Z03,2,0.05867558332
01/02/2021,FEU,Z01,20,0.12613800086
01/02/2021,FEU,Z02,20,0.14511688618
01/02/2021,FEU,Z03,20,0.14511688618
01/02/2021,FEU,Z01,21,0.12587925716
01/02/2021,FEU,Z02,21,0.14478486762
01/02/2021,FEU,Z03,21,0.14478486762
01/02/2021,FEU,Z01,22,0.1200329806
01/02/2021,FEU,Z02,22,0.13894650492
01/02/2021,FEU,Z03,22,0.13894650492
01/02/2021,FEU,Z01,23,0.11891869426
01/02/2021,FEU,Z02,23,0.06906939424
01/02/2021,FEU,Z03,23,0.1379280293
01/02/2021,FEU,Z01,24,0.11454137612
01/02/2021,FEU,Z02,24,0.0648906691
01/02/2021,FEU,Z03,24,0.06929814714
01/02/2021,FEU,Z01,3,0.10945138634
01/02/2021,FEU,Z02,3,0.05970846916
01/02/2021,FEU,Z03,3,0.0562349869
01/02/2021,FEU,Z01,4,0.10865208806
01/02/2021,FEU,Z02,4,0.05889796502
01/02/2021,FEU,Z03,4,0.05545347076
01/02/2021,FEU,Z01,5,0.10704795978
01/02/2021,FEU,Z02,5,0.05737182874
01/02/2021,FEU,Z03,5,0.05398194848
01/02/2021,FEU,Z01,6,0.10701249806
01/02/2021,FEU,Z02,6,0.05734214202
01/02/2021,FEU,Z03,6,0.05399600662
01/02/2021,FEU,Z01,7,0.10925707932
01/02/2021,FEU,Z02,7,0.05962863686
01/02/2021,FEU,Z03,7,0.05619819946
01/02/2021,FEU,Z01,8,0.11295893388
01/02/2021,FEU,Z02,8,0.06315649642
01/02/2021,FEU,Z03,8,0.06769549076
01/02/2021,FEU,Z01,9,0.11589276464
01/02/2021,FEU,Z02,9,0.06642076606
01/02/2021,FEU,Z03,9,0.07072785466
01/03/2021,FEU,Z01,1,0.11527216816
01/03/2021,FEU,Z02,1,0.06541266856
01/03/2021,FEU,Z03,1,0.06997822418
01/03/2021,FEU,Z01,10,0.1119592035
01/03/2021,FEU,Z02,10,0.06265721992
01/03/2021,FEU,Z03,10,0.06671602566
01/03/2021,FEU,Z01,11,0.1138832549
01/03/2021,FEU,Z02,11,0.06461920504
01/03/2021,FEU,Z03,11,0.06868828706
01/03/2021,FEU,Z01,12,0.11817820232
01/03/2021,FEU,Z02,12,0.06879395132
01/03/2021,FEU,Z03,12,0.07301614148
01/03/2021,FEU,Z01,13,0.11458639142
01/03/2021,FEU,Z02,13,0.13345164074
01/03/2021,FEU,Z03,13,0.06946488158
01/03/2021,FEU,Z01,14,0.11297044142
01/03/2021,FEU,Z02,14,0.13176175088
01/03/2021,FEU,Z03,14,0.13176175088
01/03/2021,FEU,Z01,15,0.10989629514
01/03/2021,FEU,Z02,15,0.12871371046
01/03/2021,FEU,Z03,15,0.12871371046
01/03/2021,FEU,Z01,16,0.1074483913
01/03/2021,FEU,Z02,16,0.12624022162
01/03/2021,FEU,Z03,16,0.12624022162
01/03/2021,FEU,Z01,17,0.11465540174
01/03/2021,FEU,Z02,17,0.13351603106
01/03/2021,FEU,Z03,17,0.13351603106
01/03/2021,FEU,Z01,18,0.12107173818
01/03/2021,FEU,Z02,18,0.1399941035
01/03/2021,FEU,Z03,18,0.1399941035
01/03/2021,FEU,Z01,19,0.12545708602
01/03/2021,FEU,Z02,19,0.14442598134
01/03/2021,FEU,Z03,19,0.14442598134
01/03/2021,FEU,Z01,2,0.11260767104
01/03/2021,FEU,Z02,2,0.06276437972
01/03/2021,FEU,Z03,2,0.05922985732
01/03/2021,FEU,Z01,20,0.12703825602
01/03/2021,FEU,Z02,20,0.14595395348
01/03/2021,FEU,Z03,20,0.14595395348
01/03/2021,FEU,Z01,21,0.12588701174
01/03/2021,FEU,Z02,21,0.14485912106
01/03/2021,FEU,Z03,21,0.14485912106
01/03/2021,FEU,Z01,22,0.12508907174
01/03/2021,FEU,Z02,22,0.14405326106
01/03/2021,FEU,Z03,22,0.14405326106
01/03/2021,FEU,Z01,23,0.12240653096
01/03/2021,FEU,Z02,23,0.0724614148
01/03/2021,FEU,Z03,23,0.14139451814
01/03/2021,FEU,Z01,24,0.12005558354
01/03/2021,FEU,Z02,24,0.07021367438
01/03/2021,FEU,Z03,24,0.07485526156
01/03/2021,FEU,Z01,3,0.10914142306
01/03/2021,FEU,Z02,3,0.05936386702
01/03/2021,FEU,Z03,3,0.05595073162
01/03/2021,FEU,Z01,4,0.1070819465
01/03/2021,FEU,Z02,4,0.0573569506
01/03/2021,FEU,Z03,4,0.05396778834
01/03/2021,FEU,Z01,5,0.10513573736
01/03/2021,FEU,Z02,5,0.05550851846
01/03/2021,FEU,Z03,5,0.0521844862
01/03/2021,FEU,Z01,6,0.1049067965
01/03/2021,FEU,Z02,6,0.0552926906
01/03/2021,FEU,Z03,6,0.05197464334
01/03/2021,FEU,Z01,7,0.10606315634
01/03/2021,FEU,Z02,7,0.05648844916
01/03/2021,FEU,Z03,7,0.0531244369
01/03/2021,FEU,Z01,8,0.10626338276
01/03/2021,FEU,Z02,8,0.05672833944
01/03/2021,FEU,Z03,8,0.06092608364
01/03/2021,FEU,Z01,9,0.10669686268
01/03/2021,FEU,Z02,9,0.05746033252
01/03/2021,FEU,Z03,9,0.0614249507
01/04/2021,FEU,Z01,1,0.12114599788
01/04/2021,FEU,Z02,1,0.07094537542
01/04/2021,FEU,Z03,1,0.07593461876
01/04/2021,FEU,Z01,10,0.13486131368
01/04/2021,FEU,Z02,10,0.08517035098
01/04/2021,FEU,Z03,10,0.08980439198
01/04/2021,FEU,Z01,11,0.13170073166
01/04/2021,FEU,Z02,11,0.08227655468
01/04/2021,FEU,Z03,11,0.08665787396
01/04/2021,FEU,Z01,12,0.12957847466
01/04/2021,FEU,Z02,12,0.08023156868
01/04/2021,FEU,Z03,12,0.08452663196
01/04/2021,FEU,Z01,13,0.1288167362
01/04/2021,FEU,Z02,13,0.1476951748
01/04/2021,FEU,Z03,13,0.0838046105
01/04/2021,FEU,Z01,14,0.12899895578
01/04/2021,FEU,Z02,14,0.14787752338
01/04/2021,FEU,Z03,14,0.14787752338
01/04/2021,FEU,Z01,15,0.12656557136
01/04/2021,FEU,Z02,15,0.14542202796
01/04/2021,FEU,Z03,15,0.14542202796
01/04/2021,FEU,Z01,16,0.12762116338
01/04/2021,FEU,Z02,16,0.14648339098
01/04/2021,FEU,Z03,16,0.14648339098
01/04/2021,FEU,Z01,17,0.12943425196
01/04/2021,FEU,Z02,17,0.14838256442
01/04/2021,FEU,Z03,17,0.14838256442
01/04/2021,FEU,Z01,18,0.13329576454
01/04/2021,FEU,Z02,18,0.152278232
01/04/2021,FEU,Z03,18,0.152278232
01/04/2021,FEU,Z01,19,0.13809895782
01/04/2021,FEU,Z02,19,0.15704764742
01/04/2021,FEU,Z03,19,0.15704764742
01/04/2021,FEU,Z01,2,0.11811819218
01/04/2021,FEU,Z02,2,0.06800561186
01/04/2021,FEU,Z03,2,0.06429501346
01/04/2021,FEU,Z01,20,0.13978568482
01/04/2021,FEU,Z02,20,0.15882940028
01/04/2021,FEU,Z03,20,0.15882940028
01/04/2021,FEU,Z01,21,0.13674737426
01/04/2021,FEU,Z02,21,0.15576061972
01/04/2021,FEU,Z03,21,0.15576061972
01/04/2021,FEU,Z01,22,0.1323875227
01/04/2021,FEU,Z02,22,0.15135834116
01/04/2021,FEU,Z03,22,0.15135834116
01/04/2021,FEU,Z01,23,0.13009511906
01/04/2021,FEU,Z02,23,0.08007841934
01/04/2021,FEU,Z03,23,0.14917418324
01/04/2021,FEU,Z01,24,0.12938019608
01/04/2021,FEU,Z02,24,0.07925506364
01/04/2021,FEU,Z03,24,0.0842764421
01/04/2021,FEU,Z01,3,0.11448931634
01/04/2021,FEU,Z02,3,0.06449628916
01/04/2021,FEU,Z03,3,0.0608588719
01/04/2021,FEU,Z01,4,0.11225435792
01/04/2021,FEU,Z02,4,0.06231766288
01/04/2021,FEU,Z03,4,0.05875853362
01/04/2021,FEU,Z01,5,0.11206679534
01/04/2021,FEU,Z02,5,0.06219403516
01/04/2021,FEU,Z03,5,0.0586360519
01/04/2021,FEU,Z01,6,0.1147569236
01/04/2021,FEU,Z02,6,0.06486498014
01/04/2021,FEU,Z03,6,0.0613079176
01/04/2021,FEU,Z01,7,0.12642229496
01/04/2021,FEU,Z02,7,0.0762952348
01/04/2021,FEU,Z03,7,0.0725811597
01/04/2021,FEU,Z01,8,0.13225874948
01/04/2021,FEU,Z02,8,0.08221968862
01/04/2021,FEU,Z03,8,0.08714266064
01/04/2021,FEU,Z01,9,0.131832032
01/04/2021,FEU,Z02,9,0.08210274958
01/04/2021,FEU,Z03,9,0.0867155013
01/05/2021,FEU,Z01,1,0.13822083188
01/05/2021,FEU,Z02,1,0.08719345342
01/05/2021,FEU,Z03,1,0.09311803676
01/05/2021,FEU,Z01,10,0.14166958964
01/05/2021,FEU,Z02,10,0.09204701238
01/05/2021,FEU,Z03,10,0.09669658094
01/05/2021,FEU,Z01,11,0.1391033762
01/05/2021,FEU,Z02,11,0.0896531118
01/05/2021,FEU,Z03,11,0.0941352105
01/05/2021,FEU,Z01,12,0.1378198862
01/05/2021,FEU,Z02,12,0.0884135018
01/05/2021,FEU,Z03,12,0.0928474105
01/05/2021,FEU,Z01,13,0.13600241846
01/05/2021,FEU,Z02,13,0.15494708006
01/05/2021,FEU,Z03,13,0.09105642076
01/05/2021,FEU,Z01,14,0.13768227704
01/05/2021,FEU,Z02,14,0.15663975764
01/05/2021,FEU,Z03,14,0.15663975764
01/05/2021,FEU,Z01,15,0.13449967862
01/05/2021,FEU,Z02,15,0.15335057936
01/05/2021,FEU,Z03,15,0.15335057936
01/05/2021,FEU,Z01,16,0.13318556392
01/05/2021,FEU,Z02,16,0.15210032852
01/05/2021,FEU,Z03,16,0.15210032852
01/05/2021,FEU,Z01,17,0.1351551355
01/05/2021,FEU,Z02,17,0.1540851491
01/05/2021,FEU,Z03,17,0.1540851491
01/05/2021,FEU,Z01,18,0.13790317822
01/05/2021,FEU,Z02,18,0.15693659768
01/05/2021,FEU,Z03,18,0.15693659768
01/05/2021,FEU,Z01,19,0.1480507605
01/05/2021,FEU,Z02,19,0.1670905241
01/05/2021,FEU,Z03,19,0.1670905241
01/05/2021,FEU,Z01,2,0.1287252836
01/05/2021,FEU,Z02,2,0.07815709414
01/05/2021,FEU,Z03,2,0.0741688376
01/05/2021,FEU,Z01,20,0.14760636622
01/05/2021,FEU,Z02,20,0.16664113582
01/05/2021,FEU,Z03,20,0.16664113582
01/05/2021,FEU,Z01,21,0.14328290038
01/05/2021,FEU,Z02,21,0.16236156284
01/05/2021,FEU,Z03,21,0.16236156284
01/05/2021,FEU,Z01,22,0.14324070626
01/05/2021,FEU,Z02,22,0.16231392372
01/05/2021,FEU,Z03,22,0.16231392372
01/05/2021,FEU,Z01,23,0.14237868462
01/05/2021,FEU,Z02,23,0.09191754876
01/05/2021,FEU,Z03,23,0.16150920994
01/05/2021,FEU,Z01,24,0.1395625892
01/05/2021,FEU,Z02,24,0.08914206848
01/05/2021,FEU,Z03,24,0.09447451436
01/05/2021,FEU,Z01,3,0.12407566248
01/05/2021,FEU,Z02,3,0.0736074663
01/05/2021,FEU,Z03,3,0.06965844904
01/05/2021,FEU,Z01,4,0.1232481522
01/05/2021,FEU,Z02,4,0.07281829602
01/05/2021,FEU,Z03,4,0.06890094876
01/05/2021,FEU,Z01,5,0.12274933448
01/05/2021,FEU,Z02,5,0.0723470363
01/05/2021,FEU,Z03,5,0.0685001069
01/05/2021,FEU,Z01,6,0.1232183529
01/05/2021,FEU,Z02,6,0.07279506972
01/05/2021,FEU,Z03,6,0.06898530218
01/05/2021,FEU,Z01,7,0.1296215464
01/05/2021,FEU,Z02,7,0.07934651424
01/05/2021,FEU,Z03,7,0.07548517528
01/05/2021,FEU,Z01,8,0.13880286034
01/05/2021,FEU,Z02,8,0.08849032448
01/05/2021,FEU,Z03,8,0.09378918036
01/05/2021,FEU,Z01,9,0.13667081252
01/05/2021,FEU,Z02,9,0.08706464554
01/05/2021,FEU,Z03,9,0.09171984968
01/06/2021,FEU,Z01,1,0.14227691214
01/06/2021,FEU,Z02,1,0.0912030334
01/06/2021,FEU,Z03,1,0.09716172016
01/06/2021,FEU,Z01,10,0.14172922106
01/06/2021,FEU,Z02,10,0.09218702266
01/06/2021,FEU,Z03,10,0.09676832336
01/06/2021,FEU,Z01,11,0.14289974462
01/06/2021,FEU,Z02,11,0.09332264922
01/06/2021,FEU,Z03,11,0.09787855306
01/06/2021,FEU,Z01,12,0.1437822919
01/06/2021,FEU,Z02,12,0.09425858636
01/06/2021,FEU,Z03,12,0.0988539362
01/06/2021,FEU,Z01,13,0.1427042633
01/06/2021,FEU,Z02,13,0.16162462904
01/06/2021,FEU,Z03,13,0.09772907974
01/06/2021,FEU,Z01,14,0.13931518388
01/06/2021,FEU,Z02,14,0.15820764662
01/06/2021,FEU,Z03,14,0.15820764662
01/06/2021,FEU,Z01,15,0.13871335346
01/06/2021,FEU,Z02,15,0.1575996662
01/06/2021,FEU,Z03,15,0.1575996662
01/06/2021,FEU,Z01,16,0.1367212269
01/06/2021,FEU,Z02,16,0.1556710855
01/06/2021,FEU,Z03,16,0.1556710855
01/06/2021,FEU,Z01,17,0.13926088448
01/06/2021,FEU,Z02,17,0.15822969708
01/06/2021,FEU,Z03,17,0.15822969708
01/06/2021,FEU,Z01,18,0.14548921992
01/06/2021,FEU,Z02,18,0.16450896452
01/06/2021,FEU,Z03,18,0.16450896452
01/06/2021,FEU,Z01,19,0.16091605606
01/06/2021,FEU,Z02,19,0.18006813766
01/06/2021,FEU,Z03,19,0.18006813766
01/06/2021,FEU,Z01,2,0.14205145502
01/06/2021,FEU,Z02,2,0.09083723656
01/06/2021,FEU,Z03,2,0.08650372588
01/06/2021,FEU,Z01,20,0.15974680478
01/06/2021,FEU,Z02,20,0.17888750238
01/06/2021,FEU,Z03,20,0.17888750238
01/06/2021,FEU,Z01,21,0.1477983948
01/06/2021,FEU,Z02,21,0.1668329834
01/06/2021,FEU,Z03,21,0.1668329834
01/06/2021,FEU,Z01,22,0.14319513368
01/06/2021,FEU,Z02,22,0.16218619628
01/06/2021,FEU,Z03,22,0.16218619628
01/06/2021,FEU,Z01,23,0.14167454318
01/06/2021,FEU,Z02,23,0.09132040818
01/06/2021,FEU,Z03,23,0.1608007285
01/06/2021,FEU,Z01,24,0.1368394649
01/06/2021,FEU,Z02,24,0.08661182104
01/06/2021,FEU,Z03,24,0.09175786106
01/06/2021,FEU,Z01,3,0.13429974818
01/06/2021,FEU,Z02,3,0.08339282386
01/06/2021,FEU,Z03,3,0.07916974546
01/06/2021,FEU,Z01,4,0.12880203904
01/06/2021,FEU,Z02,4,0.07816440372
01/06/2021,FEU,Z03,4,0.07411740132
01/06/2021,FEU,Z01,5,0.12820956218
01/06/2021,FEU,Z02,5,0.07760160186
01/06/2021,FEU,Z03,5,0.07357140346
01/06/2021,FEU,Z01,6,0.1257775243
01/06/2021,FEU,Z02,6,0.0754169477
01/06/2021,FEU,Z03,6,0.07157043902
01/06/2021,FEU,Z01,7,0.12590025924
01/06/2021,FEU,Z02,7,0.07586106994
01/06/2021,FEU,Z03,7,0.07215932784
01/06/2021,FEU,Z01,8,0.13824858976
01/06/2021,FEU,Z02,8,0.0879611669
01/06/2021,FEU,Z03,8,0.09324385278
01/06/2021,FEU,Z01,9,0.1382864148
01/06/2021,FEU,Z02,9,0.08870056468
01/06/2021,FEU,Z03,9,0.0932753741
01/07/2021,FEU,Z01,1,0.15437373728
01/07/2021,FEU,Z02,1,0.1028126734
01/07/2021,FEU,Z03,1,0.1093304343
01/07/2021,FEU,Z01,10,0.18028838078
01/07/2021,FEU,Z02,10,0.12943034738
01/07/2021,FEU,Z03,10,0.13548511708
01/07/2021,FEU,Z01,11,0.17094522048
01/07/2021,FEU,Z02,11,0.12051146194
01/07/2021,FEU,Z03,11,0.12612125378
01/07/2021,FEU,Z01,12,0.17144106362
01/07/2021,FEU,Z02,12,0.12098985808
01/07/2021,FEU,Z03,12,0.12662328392
01/07/2021,FEU,Z01,13,0.17026968188
01/07/2021,FEU,Z02,13,0.18940272362
01/07/2021,FEU,Z03,13,0.12537803932
01/07/2021,FEU,Z01,14,0.1707231976
01/07/2021,FEU,Z02,14,0.18985835234
01/07/2021,FEU,Z03,14,0.18985835234
01/07/2021,FEU,Z01,15,0.17100643304
01/07/2021,FEU,Z02,15,0.19025020364
01/07/2021,FEU,Z03,15,0.19025020364
01/07/2021,FEU,Z01,16,0.17154018734
01/07/2021,FEU,Z02,16,0.19067535108
01/07/2021,FEU,Z03,16,0.19067535108
01/07/2021,FEU,Z01,17,0.16951170392
01/07/2021,FEU,Z02,17,0.18862920666
01/07/2021,FEU,Z03,17,0.18862920666
01/07/2021,FEU,Z01,18,0.17143232336
01/07/2021,FEU,Z02,18,0.19067029996
01/07/2021,FEU,Z03,18,0.19067029996
01/07/2021,FEU,Z01,19,0.18377797136
01/07/2021,FEU,Z02,19,0.20312092796
01/07/2021,FEU,Z03,19,0.20312092796
01/07/2021,FEU,Z01,2,0.14157783216
01/07/2021,FEU,Z02,2,0.0903879077
01/07/2021,FEU,Z03,2,0.08606533502
01/07/2021,FEU,Z01,20,0.18237423194
01/07/2021,FEU,Z02,20,0.20170268754
01/07/2021,FEU,Z03,20,0.20170268754
01/07/2021,FEU,Z01,21,0.17469556996
01/07/2021,FEU,Z02,21,0.19406367542
01/07/2021,FEU,Z03,21,0.19406367542
01/07/2021,FEU,Z01,22,0.17720081684
01/07/2021,FEU,Z02,22,0.1965850263
01/07/2021,FEU,Z03,22,0.1965850263
01/07/2021,FEU,Z01,23,0.17854687664
01/07/2021,FEU,Z02,23,0.12636191406
01/07/2021,FEU,Z03,23,0.19802744696
01/07/2021,FEU,Z01,24,0.16696643036
01/07/2021,FEU,Z02,24,0.11528499778
01/07/2021,FEU,Z03,24,0.12208526738
01/07/2021,FEU,Z01,3,0.1392021836
01/07/2021,FEU,Z02,3,0.08812677914
01/07/2021,FEU,Z03,3,0.0838130776
01/07/2021,FEU,Z01,4,0.13415129132
01/07/2021,FEU,Z02,4,0.083252032
01/07/2021,FEU,Z03,4,0.07910008546
01/07/2021,FEU,Z01,5,0.13252457332
01/07/2021,FEU,Z02,5,0.081705232
01/07/2021,FEU,Z03,5,0.07760239546
01/07/2021,FEU,Z01,6,0.1351799843
01/07/2021,FEU,Z02,6,0.0843698877
01/07/2021,FEU,Z03,6,0.08023984002
01/07/2021,FEU,Z01,7,0.14124193496
01/07/2021,FEU,Z02,7,0.0904434348
01/07/2021,FEU,Z03,7,0.0863097097
01/07/2021,FEU,Z01,8,0.16210043636
01/07/2021,FEU,Z02,8,0.11062818778
01/07/2021,FEU,Z03,8,0.11719149038
01/07/2021,FEU,Z01,9,0.17044931238
01/07/2021,FEU,Z02,9,0.1196154604
01/07/2021,FEU,Z03,9,0.12556240568
01/08/2021,FEU,Z01,1,0.17844655156
01/08/2021,FEU,Z02,1,0.12576445768
01/08/2021,FEU,Z03,1,0.13354667658
01/08/2021,FEU,Z01,10,0.18570775304
01/08/2021,FEU,Z02,10,0.1347803425
01/08/2021,FEU,Z03,10,0.14096345434
01/08/2021,FEU,Z01,11,0.18199543346
01/08/2021,FEU,Z02,11,0.13130593878
01/08/2021,FEU,Z03,11,0.13724751076
01/08/2021,FEU,Z01,12,0.1826885976
01/08/2021,FEU,Z02,12,0.13197750892
01/08/2021,FEU,Z03,12,0.1379477719
01/08/2021,FEU,Z01,13,0.18128589086
01/08/2021,FEU,Z02,13,0.2005100376
01/08/2021,FEU,Z03,13,0.13657601816
01/08/2021,FEU,Z01,14,0.18138372858
01/08/2021,FEU,Z02,14,0.20060706332
01/08/2021,FEU,Z03,14,0.20060706332
01/08/2021,FEU,Z01,15,0.17948612174
01/08/2021,FEU,Z02,15,0.19869002848
01/08/2021,FEU,Z03,15,0.19869002848
01/08/2021,FEU,Z01,16,0.17244424676
01/08/2021,FEU,Z02,16,0.1915884855
01/08/2021,FEU,Z03,16,0.1915884855
01/08/2021,FEU,Z01,17,0.17160864448
01/08/2021,FEU,Z02,17,0.19085558508
01/08/2021,FEU,Z03,17,0.19085558508
01/08/2021,FEU,Z01,18,0.18323026478
01/08/2021,FEU,Z02,18,0.20257116238
01/08/2021,FEU,Z03,18,0.20257116238
01/08/2021,FEU,Z01,19,0.18760086278
01/08/2021,FEU,Z02,19,0.20697902038
01/08/2021,FEU,Z03,19,0.20697902038
01/08/2021,FEU,Z01,2,0.15715768844
01/08/2021,FEU,Z02,2,0.10529643484
01/08/2021,FEU,Z03,2,0.10049835816
01/08/2021,FEU,Z01,20,0.18898615522
01/08/2021,FEU,Z02,20,0.20837368182
01/08/2021,FEU,Z03,20,0.20837368182
01/08/2021,FEU,Z01,21,0.1839812591
01/08/2021,FEU,Z02,21,0.20343644056
01/08/2021,FEU,Z03,21,0.20343644056
01/08/2021,FEU,Z01,22,0.18555284684
01/08/2021,FEU,Z02,22,0.2050140013
01/08/2021,FEU,Z03,22,0.2050140013
01/08/2021,FEU,Z01,23,0.1747882285
01/08/2021,FEU,Z02,23,0.12276792792
01/08/2021,FEU,Z03,23,0.19433793268
01/08/2021,FEU,Z01,24,0.1483492778
01/08/2021,FEU,Z02,24,0.09739086736
01/08/2021,FEU,Z03,24,0.10334549282
01/08/2021,FEU,Z01,3,0.14537256188
01/08/2021,FEU,Z02,3,0.09399839842
01/08/2021,FEU,Z03,3,0.08949020788
01/08/2021,FEU,Z01,4,0.14000920674
01/08/2021,FEU,Z02,4,0.08889372628
01/08/2021,FEU,Z03,4,0.08455404774
01/08/2021,FEU,Z01,5,0.13384047588
01/08/2021,FEU,Z02,5,0.08302549942
01/08/2021,FEU,Z03,5,0.07887366388
01/08/2021,FEU,Z01,6,0.134449325
01/08/2021,FEU,Z02,6,0.08374473826
01/08/2021,FEU,Z03,6,0.07962536158
01/08/2021,FEU,Z01,7,0.14703429082
01/08/2021,FEU,Z02,7,0.09597324366
01/08/2021,FEU,Z03,7,0.0915984647
01/08/2021,FEU,Z01,8,0.16328431062
01/08/2021,FEU,Z02,8,0.11194709676
01/08/2021,FEU,Z03,8,0.11832513678
01/08/2021,FEU,Z01,9,0.17634133164
01/08/2021,FEU,Z02,9,0.12550790138
01/08/2021,FEU,Z03,9,0.13151598794
01/09/2021,FEU,Z01,1,0.14736673616
01/09/2021,FEU,Z02,1,0.0958956627
01/09/2021,FEU,Z03,1,0.10225166318
01/09/2021,FEU,Z01,10,0.1435820006
01/09/2021,FEU,Z02,10,0.09323027146
01/09/2021,FEU,Z03,10,0.09855370976
01/09/2021,FEU,Z01,11,0.16636165944
01/09/2021,FEU,Z02,11,0.11518378216
01/09/2021,FEU,Z03,11,0.1214709306
01/09/2021,FEU,Z01,12,0.17042483858
01/09/2021,FEU,Z02,12,0.1190846683
01/09/2021,FEU,Z03,12,0.12555847874
01/09/2021,FEU,Z01,13,0.1450780634
01/09/2021,FEU,Z02,13,0.16416889186
01/09/2021,FEU,Z03,13,0.10013755256
01/09/2021,FEU,Z01,14,0.14696556912
01/09/2021,FEU,Z02,14,0.16607373758
01/09/2021,FEU,Z03,14,0.16607373758
01/09/2021,FEU,Z01,15,0.14750594856
01/09/2021,FEU,Z02,15,0.16661527902
01/09/2021,FEU,Z03,15,0.16661527902
01/09/2021,FEU,Z01,16,0.14341438586
01/09/2021,FEU,Z02,16,0.16256589118
01/09/2021,FEU,Z03,16,0.16256589118
01/09/2021,FEU,Z01,17,0.14682919658
01/09/2021,FEU,Z02,17,0.16592780204
01/09/2021,FEU,Z03,17,0.16592780204
01/09/2021,FEU,Z01,18,0.1756634413
01/09/2021,FEU,Z02,18,0.19513337462
01/09/2021,FEU,Z03,18,0.19513337462
01/09/2021,FEU,Z01,19,0.19483576172
01/09/2021,FEU,Z02,19,0.21449994204
01/09/2021,FEU,Z03,19,0.21449994204
01/09/2021,FEU,Z01,2,0.13735115618
01/09/2021,FEU,Z02,2,0.08629443986
01/09/2021,FEU,Z03,2,0.08204572732
01/09/2021,FEU,Z01,20,0.20035499686
01/09/2021,FEU,Z02,20,0.22007664718
01/09/2021,FEU,Z03,20,0.22007664718
01/09/2021,FEU,Z01,21,0.20272075316
01/09/2021,FEU,Z02,21,0.22232723962
01/09/2021,FEU,Z03,21,0.22232723962
01/09/2021,FEU,Z01,22,0.2025465106
01/09/2021,FEU,Z02,22,0.22227835092
01/09/2021,FEU,Z03,22,0.22227835092
01/09/2021,FEU,Z01,23,0.19942608726
01/09/2021,FEU,Z02,23,0.14587902624
01/09/2021,FEU,Z03,23,0.2193436443
01/09/2021,FEU,Z01,24,0.18184908212
01/09/2021,FEU,Z02,24,0.1291093741
01/09/2021,FEU,Z03,24,0.13698520414
01/09/2021,FEU,Z01,3,0.13050282734
01/09/2021,FEU,Z02,3,0.07971480316
01/09/2021,FEU,Z03,3,0.0755600069
01/09/2021,FEU,Z01,4,0.12568475906
01/09/2021,FEU,Z02,4,0.07507297202
01/09/2021,FEU,Z03,4,0.07107903676
01/09/2021,FEU,Z01,5,0.12418508578
01/09/2021,FEU,Z02,5,0.07364738674
01/09/2021,FEU,Z03,5,0.06970556448
01/09/2021,FEU,Z01,6,0.12389137806
01/09/2021,FEU,Z02,6,0.07336989502
01/09/2021,FEU,Z03,6,0.06949259962
01/09/2021,FEU,Z01,7,0.12465726532
01/09/2021,FEU,Z02,7,0.07428443986
01/09/2021,FEU,Z03,7,0.07036588246
01/09/2021,FEU,Z01,8,0.13103010388
01/09/2021,FEU,Z02,8,0.08035140142
01/09/2021,FEU,Z03,8,0.08588158076
01/09/2021,FEU,Z01,9,0.13355018864
01/09/2021,FEU,Z02,9,0.08331478306
01/09/2021,FEU,Z03,9,0.08848626066
01/10/2021,FEU,Z01,1,0.13938485616
01/10/2021,FEU,Z02,1,0.08837347656
01/10/2021,FEU,Z03,1,0.09422529818
01/10/2021,FEU,Z01,10,0.1322550035
01/10/2021,FEU,Z02,10,0.08207491592
01/10/2021,FEU,Z03,10,0.08711123366
01/10/2021,FEU,Z01,11,0.1345078799
01/10/2021,FEU,Z02,11,0.08437810504
01/10/2021,FEU,Z03,11,0.08941476206
01/10/2021,FEU,Z01,12,0.13288218632
01/10/2021,FEU,Z02,12,0.08289133532
01/10/2021,FEU,Z03,12,0.08779291748
01/10/2021,FEU,Z01,13,0.13043347442
01/10/2021,FEU,Z02,13,0.14945759174
01/10/2021,FEU,Z03,13,0.08539139858
01/10/2021,FEU,Z01,14,0.12575440142
01/10/2021,FEU,Z02,14,0.14466319088
01/10/2021,FEU,Z03,14,0.14466319088
01/10/2021,FEU,Z01,15,0.12656119614
01/10/2021,FEU,Z02,15,0.14554539946
01/10/2021,FEU,Z03,15,0.14554539946
01/10/2021,FEU,Z01,16,0.1266066863
01/10/2021,FEU,Z02,16,0.14558808762
01/10/2021,FEU,Z03,16,0.14558808762
01/10/2021,FEU,Z01,17,0.12711414674
01/10/2021,FEU,Z02,17,0.14609843606
01/10/2021,FEU,Z03,17,0.14609843606
01/10/2021,FEU,Z01,18,0.13460517918
01/10/2021,FEU,Z02,18,0.1536614285
01/10/2021,FEU,Z03,18,0.1536614285
01/10/2021,FEU,Z01,19,0.17271958502
01/10/2021,FEU,Z02,19,0.19215836434
01/10/2021,FEU,Z03,19,0.19215836434
01/10/2021,FEU,Z01,2,0.13360144704
01/10/2021,FEU,Z02,2,0.08272839772
01/10/2021,FEU,Z03,2,0.07852951532
01/10/2021,FEU,Z01,20,0.18697063402
01/10/2021,FEU,Z02,20,0.20643374348
01/10/2021,FEU,Z03,20,0.20643374348
01/10/2021,FEU,Z01,21,0.18960131174
01/10/2021,FEU,Z02,21,0.20920582106
01/10/2021,FEU,Z03,21,0.20920582106
01/10/2021,FEU,Z01,22,0.18919629674
01/10/2021,FEU,Z02,22,0.20879678606
01/10/2021,FEU,Z03,22,0.20879678606
01/10/2021,FEU,Z01,23,0.18130811096
01/10/2021,FEU,Z02,23,0.1286943148
01/10/2021,FEU,Z03,23,0.20091561314
01/10/2021,FEU,Z01,24,0.14283583754
01/10/2021,FEU,Z02,24,0.09196431238
01/10/2021,FEU,Z03,24,0.09776421756
01/10/2021,FEU,Z01,3,0.13038110406
01/10/2021,FEU,Z02,3,0.07953404402
01/10/2021,FEU,Z03,3,0.07545130162
01/10/2021,FEU,Z01,4,0.1265881715
01/10/2021,FEU,Z02,4,0.0758687406
01/10/2021,FEU,Z03,4,0.07185348834
01/10/2021,FEU,Z01,5,0.12675755736
01/10/2021,FEU,Z02,5,0.07602770246
01/10/2021,FEU,Z03,5,0.0720089662
01/10/2021,FEU,Z01,6,0.1269515465
01/10/2021,FEU,Z02,6,0.0762123806
01/10/2021,FEU,Z03,6,0.07218548434
01/10/2021,FEU,Z01,7,0.12894449534
01/10/2021,FEU,Z02,7,0.07823383516
01/10/2021,FEU,Z03,7,0.0741293869
01/10/2021,FEU,Z01,8,0.12775373276
01/10/2021,FEU,Z02,8,0.07716623944
01/10/2021,FEU,Z03,8,0.08255223364
01/10/2021,FEU,Z01,9,0.12665589868
01/10/2021,FEU,Z02,9,0.07651653652
01/10/2021,FEU,Z03,9,0.0814968407
01/11/2021,FEU,Z01,1,0.13289571788
01/11/2021,FEU,Z02,1,0.08212535542
01/11/2021,FEU,Z03,1,0.08775905876
01/11/2021,FEU,Z01,10,0.17114045768
01/11/2021,FEU,Z02,10,0.12007528498
01/11/2021,FEU,Z03,10,0.12623622598
01/11/2021,FEU,Z01,11,0.16703388966
01/11/2021,FEU,Z02,11,0.11632437668
01/11/2021,FEU,Z03,11,0.12214062196
01/11/2021,FEU,Z01,12,0.15226312266
01/11/2021,FEU,Z02,12,0.10209027268
01/11/2021,FEU,Z03,12,0.10730731996
01/11/2021,FEU,Z01,13,0.1473226262
01/11/2021,FEU,Z02,13,0.1663592348
01/11/2021,FEU,Z03,13,0.1023895855
01/11/2021,FEU,Z01,14,0.14876635178
01/11/2021,FEU,Z02,14,0.16781462238
01/11/2021,FEU,Z03,14,0.16781462238
01/11/2021,FEU,Z01,15,0.14533335536
01/11/2021,FEU,Z02,15,0.16434940196
01/11/2021,FEU,Z03,15,0.16434940196
01/11/2021,FEU,Z01,16,0.14281443238
01/11/2021,FEU,Z02,16,0.16180508998
01/11/2021,FEU,Z03,16,0.16180508998
01/11/2021,FEU,Z01,17,0.15276880196
01/11/2021,FEU,Z02,17,0.17193353942
01/11/2021,FEU,Z03,17,0.17193353942
01/11/2021,FEU,Z01,18,0.17176704854
01/11/2021,FEU,Z02,18,0.191105432
01/11/2021,FEU,Z03,18,0.191105432
01/11/2021,FEU,Z01,19,0.18566323482
01/11/2021,FEU,Z02,19,0.20501263442
01/11/2021,FEU,Z03,19,0.20501263442
01/11/2021,FEU,Z01,2,0.12708044018
01/11/2021,FEU,Z02,2,0.07652790786
01/11/2021,FEU,Z03,2,0.07253463046
01/11/2021,FEU,Z01,20,0.19776232582
01/11/2021,FEU,Z02,20,0.21734331428
01/11/2021,FEU,Z03,20,0.21734331428
01/11/2021,FEU,Z01,21,0.19954999526
01/11/2021,FEU,Z02,21,0.21914328172
01/11/2021,FEU,Z03,21,0.21914328172
01/11/2021,FEU,Z01,22,0.1988223527
01/11/2021,FEU,Z02,22,0.21840470516
01/11/2021,FEU,Z03,22,0.21840470516
01/11/2021,FEU,Z01,23,0.18461276906
01/11/2021,FEU,Z02,23,0.13227426934
01/11/2021,FEU,Z03,23,0.20427104924
01/11/2021,FEU,Z01,24,0.15923778808
01/11/2021,FEU,Z02,24,0.10780087364
01/11/2021,FEU,Z03,24,0.1143042321
01/11/2021,FEU,Z01,3,0.12428092034
01/11/2021,FEU,Z02,3,0.07380057916
01/11/2021,FEU,Z03,3,0.0698480119
01/11/2021,FEU,Z01,4,0.12051854192
01/11/2021,FEU,Z02,4,0.07016724688
01/11/2021,FEU,Z03,4,0.06634053262
01/11/2021,FEU,Z01,5,0.11880518534
01/11/2021,FEU,Z02,5,0.06859789516
01/11/2021,FEU,Z03,5,0.0648210369
01/11/2021,FEU,Z01,6,0.1256042636
01/11/2021,FEU,Z02,6,0.07518717114
01/11/2021,FEU,Z03,6,0.0712943576
01/11/2021,FEU,Z01,7,0.13584555896
01/11/2021,FEU,Z02,7,0.0852915548
01/11/2021,FEU,Z03,7,0.0813117847
01/11/2021,FEU,Z01,8,0.15156039548
01/11/2021,FEU,Z02,8,0.10071430462
01/11/2021,FEU,Z03,8,0.10653938864
01/11/2021,FEU,Z01,9,0.169658432
01/11/2021,FEU,Z02,9,0.11844876858
01/11/2021,FEU,Z03,9,0.1246995113
01/12/2021,FEU,Z01,1,0.15091656788
01/12/2021,FEU,Z02,1,0.09927238042
01/12/2021,FEU,Z03,1,0.10589450876
01/12/2021,FEU,Z01,10,0.17501823364
01/12/2021,FEU,Z02,10,0.12423101038
01/12/2021,FEU,Z03,10,0.13018725494
01/12/2021,FEU,Z01,11,0.1708536662
01/12/2021,FEU,Z02,11,0.1203179218
01/12/2021,FEU,Z03,11,0.1260211855
01/12/2021,FEU,Z01,12,0.1679193062
01/12/2021,FEU,Z02,12,0.1174838818
01/12/2021,FEU,Z03,12,0.1230742855
01/12/2021,FEU,Z01,13,0.16219341746
01/12/2021,FEU,Z02,13,0.18136366906
01/12/2021,FEU,Z03,13,0.11736021476
01/12/2021,FEU,Z01,14,0.16254531704
01/12/2021,FEU,Z02,14,0.18171639764
01/12/2021,FEU,Z03,14,0.18171639764
01/12/2021,FEU,Z01,15,0.15631090862
01/12/2021,FEU,Z02,15,0.17533001936
01/12/2021,FEU,Z03,15,0.17533001936
01/12/2021,FEU,Z01,16,0.14008629992
01/12/2021,FEU,Z02,16,0.15906112652
01/12/2021,FEU,Z03,16,0.15906112652
01/12/2021,FEU,Z01,17,0.1411194355
01/12/2021,FEU,Z02,17,0.1601013941
01/12/2021,FEU,Z03,17,0.1601013941
01/12/2021,FEU,Z01,18,0.15741666122
01/12/2021,FEU,Z02,18,0.17663126168
01/12/2021,FEU,Z03,18,0.17663126168
01/12/2021,FEU,Z01,19,0.1738890105
01/12/2021,FEU,Z02,19,0.1931486741
01/12/2021,FEU,Z03,19,0.1931486741
01/12/2021,FEU,Z01,2,0.1359665036
01/12/2021,FEU,Z02,2,0.08504654814
01/12/2021,FEU,Z03,2,0.0808341976
01/12/2021,FEU,Z01,20,0.18448177622
01/12/2021,FEU,Z02,20,0.20382984582
01/12/2021,FEU,Z03,20,0.20382984582
01/12/2021,FEU,Z01,21,0.18889701438
01/12/2021,FEU,Z02,21,0.20839981484
01/12/2021,FEU,Z03,21,0.20839981484
01/12/2021,FEU,Z01,22,0.18291172526
01/12/2021,FEU,Z02,22,0.20235134172
01/12/2021,FEU,Z03,22,0.20235134172
01/12/2021,FEU,Z01,23,0.16371634562
01/12/2021,FEU,Z02,23,0.11236102676
01/12/2021,FEU,Z03,23,0.18305726694
01/12/2021,FEU,Z01,24,0.1392771092
01/12/2021,FEU,Z02,24,0.08886992448
01/12/2021,FEU,Z03,24,0.09418763036
01/12/2021,FEU,Z01,3,0.12908299448
01/12/2021,FEU,Z02,3,0.0783660113
01/12/2021,FEU,Z03,3,0.07425508504
01/12/2021,FEU,Z01,4,0.1283154522
01/12/2021,FEU,Z02,4,0.07763422602
01/12/2021,FEU,Z03,4,0.07355328876
01/12/2021,FEU,Z01,5,0.12765395848
01/12/2021,FEU,Z02,5,0.0770079763
01/12/2021,FEU,Z03,5,0.0730063269
01/12/2021,FEU,Z01,6,0.1279962579
01/12/2021,FEU,Z02,6,0.07733382172
01/12/2021,FEU,Z03,6,0.07337795318
01/12/2021,FEU,Z01,7,0.1385979064
01/12/2021,FEU,Z02,7,0.08791749024
01/12/2021,FEU,Z03,7,0.08379439928
01/12/2021,FEU,Z01,8,0.15693304734
01/12/2021,FEU,Z02,8,0.10586198848
01/12/2021,FEU,Z03,8,0.11202347836
01/12/2021,FEU,Z01,9,0.17060603252
01/12/2021,FEU,Z02,9,0.11976647454
01/12/2021,FEU,Z03,9,0.12582732968
01/13/2021,FEU,Z01,1,0.15144457214
01/13/2021,FEU,Z02,1,0.0999376334
01/13/2021,FEU,Z03,1,0.10638076016
01/13/2021,FEU,Z01,10,0.16891749906
01/13/2021,FEU,Z02,10,0.11844771166
01/13/2021,FEU,Z03,10,0.12407269136
01/13/2021,FEU,Z01,11,0.16758996362
01/13/2021,FEU,Z02,11,0.11716658822
01/13/2021,FEU,Z03,11,0.12265340006
01/13/2021,FEU,Z01,12,0.1667747319
01/13/2021,FEU,Z02,12,0.11648132236
01/13/2021,FEU,Z03,12,0.1219450562
01/13/2021,FEU,Z01,13,0.1648305983
01/13/2021,FEU,Z02,13,0.18392337704
01/13/2021,FEU,Z03,13,0.11993204274
01/13/2021,FEU,Z01,14,0.16514437388
01/13/2021,FEU,Z02,14,0.18423758162
01/13/2021,FEU,Z03,14,0.18423758162
01/13/2021,FEU,Z01,15,0.16592951546
01/13/2021,FEU,Z02,15,0.1850268062
01/13/2021,FEU,Z03,15,0.1850268062
01/13/2021,FEU,Z01,16,0.1659708819
01/13/2021,FEU,Z02,16,0.1851706355
01/13/2021,FEU,Z03,16,0.1851706355
01/13/2021,FEU,Z01,17,0.16775541248
01/13/2021,FEU,Z02,17,0.18696818508
01/13/2021,FEU,Z03,17,0.18696818508
01/13/2021,FEU,Z01,18,0.17068956392
01/13/2021,FEU,Z02,18,0.18992432852
01/13/2021,FEU,Z03,18,0.18992432852
01/13/2021,FEU,Z01,19,0.17311436306
01/13/2021,FEU,Z02,19,0.19237061466
01/13/2021,FEU,Z03,19,0.19237061466
01/13/2021,FEU,Z01,2,0.14928674702
01/13/2021,FEU,Z02,2,0.09772260856
01/13/2021,FEU,Z03,2,0.09316917388
01/13/2021,FEU,Z01,20,0.18197984678
01/13/2021,FEU,Z02,20,0.20131008438
01/13/2021,FEU,Z03,20,0.20131008438
01/13/2021,FEU,Z01,21,0.1869484348
01/13/2021,FEU,Z02,21,0.2063148034
01/13/2021,FEU,Z03,21,0.2063148034
01/13/2021,FEU,Z01,22,0.17682147368
01/13/2021,FEU,Z02,22,0.19609558628
01/13/2021,FEU,Z03,22,0.19609558628
01/13/2021,FEU,Z01,23,0.17576105618
01/13/2021,FEU,Z02,23,0.12400303418
01/13/2021,FEU,Z03,23,0.1952244535
01/13/2021,FEU,Z01,24,0.1569331349
01/13/2021,FEU,Z02,24,0.10586205304
01/13/2021,FEU,Z03,24,0.11195075906
01/13/2021,FEU,Z01,3,0.14072336618
01/13/2021,FEU,Z02,3,0.08950110986
01/13/2021,FEU,Z03,3,0.08507575246
01/13/2021,FEU,Z01,4,0.13833639104
01/13/2021,FEU,Z02,4,0.08723108972
01/13/2021,FEU,Z03,4,0.08288236732
01/13/2021,FEU,Z01,5,0.13628771018
01/13/2021,FEU,Z02,5,0.08528199686
01/13/2021,FEU,Z03,5,0.08099715946
01/13/2021,FEU,Z01,6,0.1397670093
01/13/2021,FEU,Z02,6,0.0887376127
01/13/2021,FEU,Z03,6,0.08446867502
01/13/2021,FEU,Z01,7,0.14826280724
01/13/2021,FEU,Z02,7,0.09722690794
01/13/2021,FEU,Z03,7,0.09288975184
01/13/2021,FEU,Z01,8,0.16344532576
01/13/2021,FEU,Z02,8,0.1121011319
01/13/2021,FEU,Z03,8,0.11858563578
01/13/2021,FEU,Z01,9,0.1688826348
01/13/2021,FEU,Z02,9,0.11820776668
01/13/2021,FEU,Z03,9,0.1240012391
01/14/2021,FEU,Z01,1,0.17506432928
01/14/2021,FEU,Z02,1,0.1225416834
01/14/2021,FEU,Z03,1,0.1301370793
01/14/2021,FEU,Z01,10,0.16888095578
01/14/2021,FEU,Z02,10,0.11841078938
01/14/2021,FEU,Z03,10,0.12402788908
01/14/2021,FEU,Z01,11,0.16637950848
01/14/2021,FEU,Z02,11,0.11609820094
01/14/2021,FEU,Z03,11,0.12153599678
01/14/2021,FEU,Z01,12,0.16386956762
01/14/2021,FEU,Z02,12,0.11367252208
01/14/2021,FEU,Z03,12,0.11901934792
01/14/2021,FEU,Z01,13,0.15549244388
01/14/2021,FEU,Z02,13,0.17451063662
01/14/2021,FEU,Z03,13,0.11054975732
01/14/2021,FEU,Z01,14,0.1550724776
01/14/2021,FEU,Z02,14,0.17408620434
01/14/2021,FEU,Z03,14,0.17408620434
01/14/2021,FEU,Z01,15,0.15599898104
01/14/2021,FEU,Z02,15,0.17511382164
01/14/2021,FEU,Z03,15,0.17511382164
01/14/2021,FEU,Z01,16,0.14958402934
01/14/2021,FEU,Z02,16,0.16855133308
01/14/2021,FEU,Z03,16,0.16855133308
01/14/2021,FEU,Z01,17,0.15681659992
01/14/2021,FEU,Z02,17,0.17583661466
01/14/2021,FEU,Z03,17,0.17583661466
01/14/2021,FEU,Z01,18,0.16598861936
01/14/2021,FEU,Z02,18,0.18518030596
01/14/2021,FEU,Z03,18,0.18518030596
01/14/2021,FEU,Z01,19,0.17164753136
01/14/2021,FEU,Z02,19,0.19088733796
01/14/2021,FEU,Z03,19,0.19088733796
01/14/2021,FEU,Z01,2,0.14658927216
01/14/2021,FEU,Z02,2,0.0951559577
01/14/2021,FEU,Z03,2,0.09068176502
01/14/2021,FEU,Z01,20,0.17653346594
01/14/2021,FEU,Z02,20,0.19581238154
01/14/2021,FEU,Z03,20,0.19581238154
01/14/2021,FEU,Z01,21,0.18211162796
01/14/2021,FEU,Z02,21,0.20154971342
01/14/2021,FEU,Z03,21,0.20154971342
01/14/2021,FEU,Z01,22,0.17755185284
01/14/2021,FEU,Z02,22,0.1969405013
01/14/2021,FEU,Z03,22,0.1969405013
01/14/2021,FEU,Z01,23,0.17563865264
01/14/2021,FEU,Z02,23,0.12358078906
01/14/2021,FEU,Z03,23,0.19509071096
01/14/2021,FEU,Z01,24,0.17177112436
01/14/2021,FEU,Z02,24,0.11988198478
01/14/2021,FEU,Z03,24,0.12691739438
01/14/2021,FEU,Z01,3,0.1431031436
01/14/2021,FEU,Z02,3,0.09183888314
01/14/2021,FEU,Z03,3,0.0874055976
01/14/2021,FEU,Z01,4,0.13677751332
01/14/2021,FEU,Z02,4,0.085749232
01/14/2021,FEU,Z03,4,0.08151612646
01/14/2021,FEU,Z01,5,0.13421565332
01/14/2021,FEU,Z02,5,0.083313232
01/14/2021,FEU,Z03,5,0.07915813546
01/14/2021,FEU,Z01,6,0.1339827143
01/14/2021,FEU,Z02,6,0.0832298577
01/14/2021,FEU,Z03,6,0.07913490502
01/14/2021,FEU,Z01,7,0.14224556696
01/14/2021,FEU,Z02,7,0.0914015948
01/14/2021,FEU,Z03,7,0.0872394497
01/14/2021,FEU,Z01,8,0.15915068036
01/14/2021,FEU,Z02,8,0.10780594978
01/14/2021,FEU,Z03,8,0.11422489238
01/14/2021,FEU,Z01,9,0.16682223438
01/14/2021,FEU,Z02,9,0.1161202204
01/14/2021,FEU,Z03,9,0.12191999768
01/15/2021,FEU,Z01,1,0.14271127156
01/15/2021,FEU,Z02,1,0.09169261768
01/15/2021,FEU,Z03,1,0.09761063658
01/15/2021,FEU,Z01,10,0.16698946904
01/15/2021,FEU,Z02,10,0.1166880925
01/15/2021,FEU,Z03,10,0.12216476534
01/15/2021,FEU,Z01,11,0.15827968646
01/15/2021,FEU,Z02,11,0.10836754078
01/15/2021,FEU,Z03,11,0.11342962876
01/15/2021,FEU,Z01,12,0.1539530776
01/15/2021,FEU,Z02,12,0.10418332492
01/15/2021,FEU,Z03,12,0.1090895569
01/15/2021,FEU,Z01,13,0.14425476786
01/15/2021,FEU,Z02,13,0.1631893576
01/15/2021,FEU,Z03,13,0.09938403016
01/15/2021,FEU,Z01,14,0.14136194558
01/15/2021,FEU,Z02,14,0.16027288132
01/15/2021,FEU,Z03,14,0.16027288132
01/15/2021,FEU,Z01,15,0.14246882074
01/15/2021,FEU,Z02,15,0.16138527648
01/15/2021,FEU,Z03,15,0.16138527648
01/15/2021,FEU,Z01,16,0.14288614676
01/15/2021,FEU,Z02,16,0.1618022355
01/15/2021,FEU,Z03,16,0.1618022355
01/15/2021,FEU,Z01,17,0.14897280448
01/15/2021,FEU,Z02,17,0.16802476708
01/15/2021,FEU,Z03,17,0.16802476708
01/15/2021,FEU,Z01,18,0.15662662478
01/15/2021,FEU,Z02,18,0.17574072238
01/15/2021,FEU,Z03,18,0.17574072238
01/15/2021,FEU,Z01,19,0.16815369578
01/15/2021,FEU,Z02,19,0.18736606338
01/15/2021,FEU,Z03,19,0.18736606338
01/15/2021,FEU,Z01,2,0.13312227044
01/15/2021,FEU,Z02,2,0.08240984284
01/15/2021,FEU,Z03,2,0.07834015016
01/15/2021,FEU,Z01,20,0.16729875322
01/15/2021,FEU,Z02,20,0.18650083282
01/15/2021,FEU,Z03,20,0.18650083282
01/15/2021,FEU,Z01,21,0.1703857541
01/15/2021,FEU,Z02,21,0.18971592856
01/15/2021,FEU,Z03,21,0.18971592856
01/15/2021,FEU,Z01,22,0.16714017284
01/15/2021,FEU,Z02,22,0.1864316963
01/15/2021,FEU,Z03,22,0.1864316963
01/15/2021,FEU,Z01,23,0.1583720035
01/15/2021,FEU,Z02,23,0.10706195592
01/15/2021,FEU,Z03,23,0.17774749468
01/15/2021,FEU,Z01,24,0.1532200778
01/15/2021,FEU,Z02,24,0.10204665136
01/15/2021,FEU,Z03,24,0.10824401282
01/15/2021,FEU,Z01,3,0.12782471988
01/15/2021,FEU,Z02,3,0.07730144542
01/15/2021,FEU,Z03,3,0.07333610788
01/15/2021,FEU,Z01,4,0.12694582274
01/15/2021,FEU,Z02,4,0.07646447628
01/15/2021,FEU,Z03,4,0.07252826374
01/15/2021,FEU,Z01,5,0.12464449588
01/15/2021,FEU,Z02,5,0.07427542942
01/15/2021,FEU,Z03,5,0.07040984188
01/15/2021,FEU,Z01,6,0.125984325
01/15/2021,FEU,Z02,6,0.07567928626
01/15/2021,FEU,Z03,6,0.07181839858
01/15/2021,FEU,Z01,7,0.13516651282
01/15/2021,FEU,Z02,7,0.08464272966
01/15/2021,FEU,Z03,7,0.0806133347
01/15/2021,FEU,Z01,8,0.15017478662
01/15/2021,FEU,Z02,8,0.09938694476
01/15/2021,FEU,Z03,8,0.10515098078
01/15/2021,FEU,Z01,9,0.15995229164
01/15/2021,FEU,Z02,9,0.10969235438
01/15/2021,FEU,Z03,9,0.11505714794
01/16/2021,FEU,Z01,1,0.13858101616
01/16/2021,FEU,Z02,1,0.0875366377
01/16/2021,FEU,Z03,1,0.09341697818
01/16/2021,FEU,Z01,10,0.1368132606
01/16/2021,FEU,Z02,10,0.08673563746
01/16/2021,FEU,Z03,10,0.09175140576
01/16/2021,FEU,Z01,11,0.13857815544
01/16/2021,FEU,Z02,11,0.08850792616
01/16/2021,FEU,Z03,11,0.0935489706
01/16/2021,FEU,Z01,12,0.13711978358
01/16/2021,FEU,Z02,12,0.0871084933
01/16/2021,FEU,Z03,12,0.09208731374
01/16/2021,FEU,Z01,13,0.1350987234
01/16/2021,FEU,Z02,13,0.15409730586
01/16/2021,FEU,Z03,13,0.09010789656
01/16/2021,FEU,Z01,14,0.13379992912
01/16/2021,FEU,Z02,14,0.15278539958
01/16/2021,FEU,Z03,14,0.15278539958
01/16/2021,FEU,Z01,15,0.13498741656
01/16/2021,FEU,Z02,15,0.15398161002
01/16/2021,FEU,Z03,15,0.15398161002
01/16/2021,FEU,Z01,16,0.13294166586
01/16/2021,FEU,Z02,16,0.15198853118
01/16/2021,FEU,Z03,16,0.15198853118
01/16/2021,FEU,Z01,17,0.13467649058
01/16/2021,FEU,Z02,17,0.15366397404
01/16/2021,FEU,Z03,17,0.15366397404
01/16/2021,FEU,Z01,18,0.1385711313
01/16/2021,FEU,Z02,18,0.15767168062
01/16/2021,FEU,Z03,18,0.15767168062
01/16/2021,FEU,Z01,19,0.15634772172
01/16/2021,FEU,Z02,19,0.17562766204
01/16/2021,FEU,Z03,19,0.17562766204
01/16/2021,FEU,Z01,2,0.13482515618
01/16/2021,FEU,Z02,2,0.08389243986
01/16/2021,FEU,Z03,2,0.07972172732
01/16/2021,FEU,Z01,20,0.16125283886
01/16/2021,FEU,Z02,20,0.18058258018
01/16/2021,FEU,Z03,20,0.18058258018
01/16/2021,FEU,Z01,21,0.16765509716
01/16/2021,FEU,Z02,21,0.18694174762
01/16/2021,FEU,Z03,21,0.18694174762
01/16/2021,FEU,Z01,22,0.1625366506
01/16/2021,FEU,Z02,22,0.18187169892
01/16/2021,FEU,Z03,22,0.18187169892
01/16/2021,FEU,Z01,23,0.15947457426
01/16/2021,FEU,Z02,23,0.10776251424
01/16/2021,FEU,Z03,23,0.1789426843
01/16/2021,FEU,Z01,24,0.14318934812
01/16/2021,FEU,Z02,24,0.0922238791
01/16/2021,FEU,Z03,24,0.09810758114
01/16/2021,FEU,Z01,3,0.12945970934
01/16/2021,FEU,Z02,3,0.07872347116
01/16/2021,FEU,Z03,3,0.0746023769
01/16/2021,FEU,Z01,4,0.12649692806
01/16/2021,FEU,Z02,4,0.07584545202
01/16/2021,FEU,Z03,4,0.07182527676
01/16/2021,FEU,Z01,5,0.12663942978
01/16/2021,FEU,Z02,5,0.07597954774
01/16/2021,FEU,Z03,5,0.07195863648
01/16/2021,FEU,Z01,6,0.12652361906
01/16/2021,FEU,Z02,6,0.07586959202
01/16/2021,FEU,Z03,6,0.07190945662
01/16/2021,FEU,Z01,7,0.12757879532
01/16/2021,FEU,Z02,7,0.07706475486
01/16/2021,FEU,Z03,7,0.07305243646
01/16/2021,FEU,Z01,8,0.12787629788
01/16/2021,FEU,Z02,8,0.07735052242
01/16/2021,FEU,Z03,8,0.08270771876
01/16/2021,FEU,Z01,9,0.13394798864
01/16/2021,FEU,Z02,9,0.08369535806
01/16/2021,FEU,Z03,9,0.08888633566
01/17/2021,FEU,Z01,1,0.14100384016
01/17/2021,FEU,Z02,1,0.08991512056
01/17/2021,FEU,Z03,1,0.09585330518
01/17/2021,FEU,Z01,10,0.1328528035
01/17/2021,FEU,Z02,10,0.08264567992
01/17/2021,FEU,Z03,10,0.08771196166
01/17/2021,FEU,Z01,11,0.1315481399
01/17/2021,FEU,Z02,11,0.08154143704
01/17/2021,FEU,Z03,11,0.08644040606
01/17/2021,FEU,Z01,12,0.13197076232
01/17/2021,FEU,Z02,12,0.08201867332
01/17/2021,FEU,Z03,12,0.08687698148
01/17/2021,FEU,Z01,13,0.13184234342
01/17/2021,FEU,Z02,13,0.15088179374
01/17/2021,FEU,Z03,13,0.08680732958
01/17/2021,FEU,Z01,14,0.13011746642
01/17/2021,FEU,Z02,14,0.14906635088
01/17/2021,FEU,Z03,14,0.14906635088
01/17/2021,FEU,Z01,15,0.13016419114
01/17/2021,FEU,Z02,15,0.14918445446
01/17/2021,FEU,Z03,15,0.14918445446
01/17/2021,FEU,Z01,16,0.1233158313
01/17/2021,FEU,Z02,16,0.14226446062
01/17/2021,FEU,Z03,16,0.14226446062
01/17/2021,FEU,Z01,17,0.12966755474
01/17/2021,FEU,Z02,17,0.14867718806
01/17/2021,FEU,Z03,17,0.14867718806
01/17/2021,FEU,Z01,18,0.13709304218
01/17/2021,FEU,Z02,18,0.1561739035
01/17/2021,FEU,Z03,18,0.1561739035
01/17/2021,FEU,Z01,19,0.14247699302
01/17/2021,FEU,Z02,19,0.16161631934
01/17/2021,FEU,Z03,19,0.16161631934
01/17/2021,FEU,Z01,2,0.13529520704
01/17/2021,FEU,Z02,2,0.08433907772
01/17/2021,FEU,Z03,2,0.08008659532
01/17/2021,FEU,Z01,20,0.15463389702
01/17/2021,FEU,Z02,20,0.17380108748
01/17/2021,FEU,Z03,20,0.17380108748
01/17/2021,FEU,Z01,21,0.16024195574
01/17/2021,FEU,Z02,21,0.17955505706
01/17/2021,FEU,Z03,21,0.17955505706
01/17/2021,FEU,Z01,22,0.16182574574
01/17/2021,FEU,Z02,22,0.18115456706
01/17/2021,FEU,Z03,22,0.18115456706
01/17/2021,FEU,Z01,23,0.15973743896
01/17/2021,FEU,Z02,23,0.1081009548
01/17/2021,FEU,Z03,23,0.17911806514
01/17/2021,FEU,Z01,24,0.14473522454
01/17/2021,FEU,Z02,24,0.09377785138
01/17/2021,FEU,Z03,24,0.09967433556
01/17/2021,FEU,Z01,3,0.13065182706
01/17/2021,FEU,Z02,3,0.07979113502
01/17/2021,FEU,Z03,3,0.07570103962
01/17/2021,FEU,Z01,4,0.1316754215
01/17/2021,FEU,Z02,4,0.0806966406
01/17/2021,FEU,Z03,4,0.07651662934
01/17/2021,FEU,Z01,5,0.13188707736
01/17/2021,FEU,Z02,5,0.08089713346
01/17/2021,FEU,Z03,5,0.0767123662
01/17/2021,FEU,Z01,6,0.1317786965
01/17/2021,FEU,Z02,6,0.0807946506
01/17/2021,FEU,Z03,6,0.07661248734
01/17/2021,FEU,Z01,7,0.13134036734
01/17/2021,FEU,Z02,7,0.08051076316
01/17/2021,FEU,Z03,7,0.0763289069
01/17/2021,FEU,Z01,8,0.13121117876
01/17/2021,FEU,Z02,8,0.08045436344
01/17/2021,FEU,Z03,8,0.08603152764
01/17/2021,FEU,Z01,9,0.12942159068
01/17/2021,FEU,Z02,9,0.07915594252
01/17/2021,FEU,Z03,9,0.0842781707
01/18/2021,FEU,Z01,1,0.15857904588
01/18/2021,FEU,Z02,1,0.10656450442
01/18/2021,FEU,Z03,1,0.11360571476
01/18/2021,FEU,Z01,10,0.15456904568
01/18/2021,FEU,Z02,10,0.10413043498
01/18/2021,FEU,Z03,10,0.10959506898
01/18/2021,FEU,Z01,11,0.15057193066
01/18/2021,FEU,Z02,11,0.10046179468
01/18/2021,FEU,Z03,11,0.10560896796
01/18/2021,FEU,Z01,12,0.14440947266
01/18/2021,FEU,Z02,12,0.09452371068
01/18/2021,FEU,Z03,12,0.09942041996
01/18/2021,FEU,Z01,13,0.1432966562
01/18/2021,FEU,Z02,13,0.1622988548
01/18/2021,FEU,Z03,13,0.0983464105
01/18/2021,FEU,Z01,14,0.14227614278
01/18/2021,FEU,Z02,14,0.16126908338
01/18/2021,FEU,Z03,14,0.16126908338
01/18/2021,FEU,Z01,15,0.13856429936
01/18/2021,FEU,Z02,15,0.15752278596
01/18/2021,FEU,Z03,15,0.15752278596
01/18/2021,FEU,Z01,16,0.13773344738
01/18/2021,FEU,Z02,16,0.15668115498
01/18/2021,FEU,Z03,16,0.15668115498
01/18/2021,FEU,Z01,17,0.14252294796
01/18/2021,FEU,Z02,17,0.16159265642
01/18/2021,FEU,Z03,17,0.16159265642
01/18/2021,FEU,Z01,18,0.15137807654
01/18/2021,FEU,Z02,18,0.170527832
01/18/2021,FEU,Z03,18,0.170527832
01/18/2021,FEU,Z01,19,0.16352568482
01/18/2021,FEU,Z02,19,0.18268858442
01/18/2021,FEU,Z03,19,0.18268858442
01/18/2021,FEU,Z01,2,0.15675209918
01/18/2021,FEU,Z02,2,0.10474300086
01/18/2021,FEU,Z03,2,0.09980884246
01/18/2021,FEU,Z01,20,0.18533799682
01/18/2021,FEU,Z02,20,0.20480384828
01/18/2021,FEU,Z03,20,0.20480384828
01/18/2021,FEU,Z01,21,0.19206456026
01/18/2021,FEU,Z02,21,0.21158991372
01/18/2021,FEU,Z03,21,0.21158991372
01/18/2021,FEU,Z01,22,0.1718535927
01/18/2021,FEU,Z02,22,0.19118769716
01/18/2021,FEU,Z03,22,0.19118769716
01/18/2021,FEU,Z01,23,0.15488752406
01/18/2021,FEU,Z02,23,0.10381496434
01/18/2021,FEU,Z03,23,0.17422931924
01/18/2021,FEU,Z01,24,0.14299380408
01/18/2021,FEU,Z02,24,0.09227120164
01/18/2021,FEU,Z03,24,0.0979676521
01/18/2021,FEU,Z01,3,0.14834623634
01/18/2021,FEU,Z02,3,0.09667236916
01/18/2021,FEU,Z03,3,0.0919410719
01/18/2021,FEU,Z01,4,0.14686293392
01/18/2021,FEU,Z02,4,0.09518492688
01/18/2021,FEU,Z03,4,0.09051026962
01/18/2021,FEU,Z01,5,0.14591102534
01/18/2021,FEU,Z02,5,0.09435805516
01/18/2021,FEU,Z03,5,0.0897066019
01/18/2021,FEU,Z01,6,0.1506127436
01/18/2021,FEU,Z02,6,0.09898492314
01/18/2021,FEU,Z03,6,0.0943180376
01/18/2021,FEU,Z01,7,0.15318787496
01/18/2021,FEU,Z02,7,0.1018481348
01/18/2021,FEU,Z03,7,0.0973761347
01/18/2021,FEU,Z01,8,0.15159815348
01/18/2021,FEU,Z02,8,0.10075048162
01/18/2021,FEU,Z03,8,0.10657733264
01/18/2021,FEU,Z01,9,0.153333632
01/18/2021,FEU,Z02,9,0.10276335658
01/18/2021,FEU,Z03,9,0.1083066913
01/19/2021,FEU,Z01,1,0.16113278588
01/19/2021,FEU,Z02,1,0.10899441442
01/19/2021,FEU,Z03,1,0.11617569476
01/19/2021,FEU,Z01,10,0.16349190164
01/19/2021,FEU,Z02,10,0.11310834938
01/19/2021,FEU,Z03,10,0.11861183294
01/19/2021,FEU,Z01,11,0.1608759062
01/19/2021,FEU,Z02,11,0.1106812818
01/19/2021,FEU,Z03,11,0.1160007855
01/19/2021,FEU,Z01,12,0.1544736662
01/19/2021,FEU,Z02,12,0.1044979218
01/19/2021,FEU,Z03,12,0.1095711855
01/19/2021,FEU,Z01,13,0.15075988946
01/19/2021,FEU,Z02,13,0.16983166106
01/19/2021,FEU,Z03,13,0.10587744676
01/19/2021,FEU,Z01,14,0.14643904904
01/19/2021,FEU,Z02,14,0.16547175964
01/19/2021,FEU,Z03,14,0.16547175964
01/19/2021,FEU,Z01,15,0.14008027262
01/19/2021,FEU,Z02,15,0.15897421136
01/19/2021,FEU,Z03,15,0.15897421136
01/19/2021,FEU,Z01,16,0.13646950792
01/19/2021,FEU,Z02,16,0.15541229252
01/19/2021,FEU,Z03,16,0.15541229252
01/19/2021,FEU,Z01,17,0.1396647855
01/19/2021,FEU,Z02,17,0.1586331791
01/19/2021,FEU,Z03,17,0.1586331791
01/19/2021,FEU,Z01,18,0.14590913222
01/19/2021,FEU,Z02,18,0.16501737368
01/19/2021,FEU,Z03,18,0.16501737368
01/19/2021,FEU,Z01,19,0.1532160605
01/19/2021,FEU,Z02,19,0.1722997841
01/19/2021,FEU,Z03,19,0.1722997841
01/19/2021,FEU,Z01,2,0.1453547636
01/19/2021,FEU,Z02,2,0.09398149614
01/19/2021,FEU,Z03,2,0.0894785176
01/19/2021,FEU,Z01,20,0.16144317822
01/19/2021,FEU,Z02,20,0.18059669482
01/19/2021,FEU,Z03,20,0.18059669482
01/19/2021,FEU,Z01,21,0.16294317738
01/19/2021,FEU,Z02,21,0.18220464884
01/19/2021,FEU,Z03,21,0.18220464884
01/19/2021,FEU,Z01,22,0.15545202926
01/19/2021,FEU,Z02,22,0.17463802972
01/19/2021,FEU,Z03,22,0.17463802972
01/19/2021,FEU,Z01,23,0.13910495462
01/19/2021,FEU,Z02,23,0.08878100876
01/19/2021,FEU,Z03,23,0.15820319994
01/19/2021,FEU,Z01,24,0.1266440092
01/19/2021,FEU,Z02,24,0.07677528448
01/19/2021,FEU,Z03,24,0.08149240036
01/19/2021,FEU,Z01,3,0.13662632648
01/19/2021,FEU,Z02,3,0.0855345563
01/19/2021,FEU,Z03,3,0.08118088504
01/19/2021,FEU,Z01,4,0.1326855222
01/19/2021,FEU,Z02,4,0.08178872002
01/19/2021,FEU,Z03,4,0.07756549476
01/19/2021,FEU,Z01,5,0.13101415848
01/19/2021,FEU,Z02,5,0.0802012263
01/19/2021,FEU,Z03,5,0.0760924119
01/19/2021,FEU,Z01,6,0.1321315429
01/19/2021,FEU,Z02,6,0.08126315972
01/19/2021,FEU,Z03,6,0.07717980018
01/19/2021,FEU,Z01,7,0.1334990264
01/19/2021,FEU,Z02,7,0.08304888224
01/19/2021,FEU,Z03,7,0.07907497128
01/19/2021,FEU,Z01,8,0.14579504434
01/19/2021,FEU,Z02,8,0.09518997248
01/19/2021,FEU,Z03,8,0.10082151636
01/19/2021,FEU,Z01,9,0.16177412852
01/19/2021,FEU,Z02,9,0.11125586654
01/19/2021,FEU,Z03,9,0.11695059368
01/20/2021,FEU,Z01,1,0.11987110114
01/20/2021,FEU,Z02,1,0.0698556234
01/20/2021,FEU,Z03,1,0.07463033616
01/20/2021,FEU,Z01,10,0.12897234706
01/20/2021,FEU,Z02,10,0.07986703966
01/20/2021,FEU,Z03,10,0.08395697936
01/20/2021,FEU,Z01,11,0.12820838162
01/20/2021,FEU,Z02,11,0.07913484622
01/20/2021,FEU,Z03,11,0.08313683406
01/20/2021,FEU,Z01,12,0.1233691619
01/20/2021,FEU,Z02,12,0.07452768836
01/20/2021,FEU,Z03,12,0.0783531962
01/20/2021,FEU,Z01,13,0.1175287283
01/20/2021,FEU,Z02,13,0.13625292104
01/20/2021,FEU,Z03,13,0.07246635674
01/20/2021,FEU,Z01,14,0.11382760388
01/20/2021,FEU,Z02,14,0.13252197662
01/20/2021,FEU,Z03,14,0.13252197662
01/20/2021,FEU,Z01,15,0.11212297046
01/20/2021,FEU,Z02,15,0.1308031562
01/20/2021,FEU,Z03,15,0.1308031562
01/20/2021,FEU,Z01,16,0.1068692669
01/20/2021,FEU,Z02,16,0.1255617105
01/20/2021,FEU,Z03,16,0.1255617105
01/20/2021,FEU,Z01,17,0.11056546048
01/20/2021,FEU,Z02,17,0.12928859308
01/20/2021,FEU,Z03,17,0.12928859308
01/20/2021,FEU,Z01,18,0.11771750792
01/20/2021,FEU,Z02,18,0.13650029252
01/20/2021,FEU,Z03,18,0.13650029252
01/20/2021,FEU,Z01,19,0.12261264606
01/20/2021,FEU,Z02,19,0.14143762766
01/20/2021,FEU,Z03,19,0.14143762766
01/20/2021,FEU,Z01,2,0.11429563802
01/20/2021,FEU,Z02,2,0.06442836056
01/20/2021,FEU,Z03,2,0.06093392788
01/20/2021,FEU,Z01,20,0.13065405878
01/20/2021,FEU,Z02,20,0.14954673638
01/20/2021,FEU,Z03,20,0.14954673638
01/20/2021,FEU,Z01,21,0.1347641148
01/20/2021,FEU,Z02,21,0.1536894334
01/20/2021,FEU,Z03,21,0.1536894334
01/20/2021,FEU,Z01,22,0.12956639768
01/20/2021,FEU,Z02,22,0.14844274028
01/20/2021,FEU,Z03,22,0.14844274028
01/20/2021,FEU,Z01,23,0.11817752018
01/20/2021,FEU,Z02,23,0.06879309818
01/20/2021,FEU,Z03,23,0.1370712535
01/20/2021,FEU,Z01,24,0.1092212999
01/20/2021,FEU,Z02,24,0.06015293704
01/20/2021,FEU,Z03,24,0.06400331006
01/20/2021,FEU,Z01,3,0.10886040218
01/20/2021,FEU,Z02,3,0.05920228186
01/20/2021,FEU,Z03,3,0.05578488346
01/20/2021,FEU,Z01,4,0.10675535104
01/20/2021,FEU,Z02,4,0.05719911972
01/20/2021,FEU,Z03,4,0.05385095932
01/20/2021,FEU,Z01,5,0.09615335918
01/20/2021,FEU,Z02,5,0.04711902086
01/20/2021,FEU,Z03,5,0.04410406246
01/20/2021,FEU,Z01,6,0.1050474343
01/20/2021,FEU,Z02,6,0.0556779377
01/20/2021,FEU,Z03,6,0.05246027002
01/20/2021,FEU,Z01,7,0.11299632124
01/20/2021,FEU,Z02,7,0.06353226694
01/20/2021,FEU,Z03,7,0.06019651984
01/20/2021,FEU,Z01,8,0.12423662176
01/20/2021,FEU,Z02,8,0.0745368719
01/20/2021,FEU,Z03,8,0.07915122378
01/20/2021,FEU,Z01,9,0.1259117548
01/20/2021,FEU,Z02,9,0.07676635868
01/20/2021,FEU,Z03,9,0.0808482791
01/21/2021,FEU,Z01,1,0.09635796128
01/21/2021,FEU,Z02,1,0.0474931434
01/21/2021,FEU,Z03,1,0.0509892493
01/21/2021,FEU,Z01,10,0.12322310378
01/21/2021,FEU,Z02,10,0.07430989738
01/21/2021,FEU,Z03,10,0.07817541708
01/21/2021,FEU,Z01,11,0.11918530048
01/21/2021,FEU,Z02,11,0.07047982694
01/21/2021,FEU,Z03,11,0.07413975878
01/21/2021,FEU,Z01,12,0.11745097562
01/21/2021,FEU,Z02,12,0.06880519408
01/21/2021,FEU,Z03,12,0.07240187592
01/21/2021,FEU,Z01,13,0.11276919188
01/21/2021,FEU,Z02,13,0.13145650562
01/21/2021,FEU,Z03,13,0.06767892932
01/21/2021,FEU,Z01,14,0.1119111976
01/21/2021,FEU,Z02,14,0.13059005234
01/21/2021,FEU,Z03,14,0.13059005234
01/21/2021,FEU,Z01,15,0.10565714504
01/21/2021,FEU,Z02,15,0.12433949564
01/21/2021,FEU,Z03,15,0.12433949564
01/21/2021,FEU,Z01,16,0.10944641434
01/21/2021,FEU,Z02,16,0.12810470308
01/21/2021,FEU,Z03,16,0.12810470308
01/21/2021,FEU,Z01,17,0.11012646392
01/21/2021,FEU,Z02,17,0.12878793666
01/21/2021,FEU,Z03,17,0.12878793666
01/21/2021,FEU,Z01,18,0.11478087536
01/21/2021,FEU,Z02,18,0.13353830796
01/21/2021,FEU,Z03,18,0.13353830796
01/21/2021,FEU,Z01,19,0.11965304336
01/21/2021,FEU,Z02,19,0.13845071996
01/21/2021,FEU,Z03,19,0.13845071996
01/21/2021,FEU,Z01,2,0.08529396016
01/21/2021,FEU,Z02,2,0.0368375677
01/21/2021,FEU,Z03,2,0.03421785102
01/21/2021,FEU,Z01,20,0.12147298694
01/21/2021,FEU,Z02,20,0.14028489254
01/21/2021,FEU,Z03,20,0.14028489254
01/21/2021,FEU,Z01,21,0.12009094396
01/21/2021,FEU,Z02,21,0.13895259842
01/21/2021,FEU,Z03,21,0.13895259842
01/21/2021,FEU,Z01,22,0.11691933884
01/21/2021,FEU,Z02,22,0.1357481913
01/21/2021,FEU,Z03,22,0.1357481913
01/21/2021,FEU,Z01,23,0.11568101264
01/21/2021,FEU,Z02,23,0.06621935406
01/21/2021,FEU,Z03,23,0.13454525096
01/21/2021,FEU,Z01,24,0.10852914036
01/21/2021,FEU,Z02,24,0.05937395278
01/21/2021,FEU,Z03,24,0.06331432238
01/21/2021,FEU,Z01,3,0.0731063636
01/21/2021,FEU,Z02,3,0.02523083614
01/21/2021,FEU,Z03,3,0.0229629576
01/21/2021,FEU,Z01,4,0.06540131732
01/21/2021,FEU,Z02,4,0.017879632
01/21/2021,FEU,Z03,4,0.01585112746
01/21/2021,FEU,Z01,5,0.06483720332
01/21/2021,FEU,Z02,5,0.017343232
01/21/2021,FEU,Z03,5,0.01533332146
01/21/2021,FEU,Z01,6,0.0811459593
01/21/2021,FEU,Z02,6,0.0329179677
01/21/2021,FEU,Z03,6,0.03042404802
01/21/2021,FEU,Z01,7,0.10418665496
01/21/2021,FEU,Z02,7,0.0550670348
01/21/2021,FEU,Z03,7,0.0519826097
01/21/2021,FEU,Z01,8,0.11645768236
01/21/2021,FEU,Z02,8,0.06695974378
01/21/2021,FEU,Z03,8,0.07128813338
01/21/2021,FEU,Z01,9,0.12172390838
01/21/2021,FEU,Z02,9,0.0726611404
01/21/2021,FEU,Z03,9,0.07663106168
01/22/2021,FEU,Z01,1,0.10149857556
01/22/2021,FEU,Z02,1,0.05239832968
01/22/2021,FEU,Z03,1,0.05616640858
01/22/2021,FEU,Z01,10,0.11592711704
01/22/2021,FEU,Z02,10,0.0673365925
01/22/2021,FEU,Z03,10,0.07088307334
01/22/2021,FEU,Z01,11,0.11304248246
01/22/2021,FEU,Z02,11,0.06460984578
01/22/2021,FEU,Z03,11,0.06799760476
01/22/2021,FEU,Z01,12,0.1088139976
01/22/2021,FEU,Z02,12,0.06052293892
01/22/2021,FEU,Z03,12,0.0637547469
01/22/2021,FEU,Z01,13,0.10454872086
01/22/2021,FEU,Z02,13,0.1231728376
01/22/2021,FEU,Z03,13,0.05950549816
01/22/2021,FEU,Z01,14,0.10313192458
01/22/2021,FEU,Z02,14,0.12174444732
01/22/2021,FEU,Z03,14,0.12174444732
01/22/2021,FEU,Z01,15,0.09769780974
01/22/2021,FEU,Z02,15,0.11626660448
01/22/2021,FEU,Z03,15,0.11626660448
01/22/2021,FEU,Z01,16,0.09829364276
01/22/2021,FEU,Z02,16,0.1168655355
01/22/2021,FEU,Z03,16,0.1168655355
01/22/2021,FEU,Z01,17,0.10037933248
01/22/2021,FEU,Z02,17,0.11901525508
01/22/2021,FEU,Z03,17,0.11901525508
01/22/2021,FEU,Z01,18,0.11167139978
01/22/2021,FEU,Z02,18,0.13040224738
01/22/2021,FEU,Z03,18,0.13040224738
01/22/2021,FEU,Z01,19,0.11822143178
01/22/2021,FEU,Z02,19,0.13700811938
01/22/2021,FEU,Z03,19,0.13700811938
01/22/2021,FEU,Z01,2,0.09308330444
01/22/2021,FEU,Z02,2,0.04428781084
01/22/2021,FEU,Z03,2,0.04143022616
01/22/2021,FEU,Z01,20,0.12198778422
01/22/2021,FEU,Z02,20,0.14080489382
01/22/2021,FEU,Z03,20,0.14080489382
01/22/2021,FEU,Z01,21,0.1205565041
01/22/2021,FEU,Z02,21,0.13942293256
01/22/2021,FEU,Z03,21,0.13942293256
01/22/2021,FEU,Z01,22,0.11820408284
01/22/2021,FEU,Z02,22,0.1370447713
01/22/2021,FEU,Z03,22,0.1370447713
01/22/2021,FEU,Z01,23,0.1181025785
01/22/2021,FEU,Z02,23,0.06853479992
01/22/2021,FEU,Z03,23,0.13705072068
01/22/2021,FEU,Z01,24,0.1130101478
01/22/2021,FEU,Z02,24,0.06360321136
01/22/2021,FEU,Z03,24,0.06780524582
01/22/2021,FEU,Z01,3,0.08859021588
01/22/2021,FEU,Z02,3,0.03996940942
01/22/2021,FEU,Z03,3,0.03722156188
01/22/2021,FEU,Z01,4,0.08760333174
01/22/2021,FEU,Z02,4,0.03902817428
01/22/2021,FEU,Z03,4,0.03631067274
01/22/2021,FEU,Z01,5,0.08643274588
01/22/2021,FEU,Z02,5,0.03791535742
01/22/2021,FEU,Z03,5,0.03523443388
01/22/2021,FEU,Z01,6,0.091988075
01/22/2021,FEU,Z02,6,0.04328646826
01/22/2021,FEU,Z03,6,0.04045910458
01/22/2021,FEU,Z01,7,0.09470424282
01/22/2021,FEU,Z02,7,0.04601103866
01/22/2021,FEU,Z03,7,0.0431603847
01/22/2021,FEU,Z01,8,0.10579444762
01/22/2021,FEU,Z02,8,0.05686642276
01/22/2021,FEU,Z03,8,0.06055183978
01/22/2021,FEU,Z01,9,0.11401719364
01/22/2021,FEU,Z02,9,0.06536146338
01/22/2021,FEU,Z03,9,0.06892641494
01/23/2021,FEU,Z01,1,0.09685920816
01/23/2021,FEU,Z02,1,0.0478411277
01/23/2021,FEU,Z03,1,0.05146264418
01/23/2021,FEU,Z01,10,0.0874549406
01/23/2021,FEU,Z02,10,0.03937612546
01/23/2021,FEU,Z03,10,0.04214833376
01/23/2021,FEU,Z01,11,0.09280207544
01/23/2021,FEU,Z02,11,0.04455565016
01/23/2021,FEU,Z03,11,0.0475447706
01/23/2021,FEU,Z01,12,0.09161269958
01/23/2021,FEU,Z02,12,0.0434171533
01/23/2021,FEU,Z03,12,0.04635326174
01/23/2021,FEU,Z01,13,0.0870274834
01/23/2021,FEU,Z02,13,0.10558170986
01/23/2021,FEU,Z03,13,0.04179428056
01/23/2021,FEU,Z01,14,0.08896284912
01/23/2021,FEU,Z02,14,0.10753575758
01/23/2021,FEU,Z03,14,0.10753575758
01/23/2021,FEU,Z01,15,0.08917463656
01/23/2021,FEU,Z02,15,0.10774747502
01/23/2021,FEU,Z03,15,0.10774747502
01/23/2021,FEU,Z01,16,0.08485242486
01/23/2021,FEU,Z02,16,0.10341879818
01/23/2021,FEU,Z03,16,0.10341879818
01/23/2021,FEU,Z01,17,0.08510326658
01/23/2021,FEU,Z02,17,0.10363746204
01/23/2021,FEU,Z03,17,0.10363746204
01/23/2021,FEU,Z01,18,0.0870067713
01/23/2021,FEU,Z02,18,0.10559381662
01/23/2021,FEU,Z03,18,0.10559381662
01/23/2021,FEU,Z01,19,0.09383170172
01/23/2021,FEU,Z02,19,0.11248752204
01/23/2021,FEU,Z03,19,0.11248752204
01/23/2021,FEU,Z01,2,0.08797290818
01/23/2021,FEU,Z02,2,0.03934014386
01/23/2021,FEU,Z03,2,0.03661501332
01/23/2021,FEU,Z01,20,0.10589754786
01/23/2021,FEU,Z02,20,0.12467419718
01/23/2021,FEU,Z03,20,0.12467419718
01/23/2021,FEU,Z01,21,0.11288822516
01/23/2021,FEU,Z02,21,0.13167656062
01/23/2021,FEU,Z03,21,0.13167656062
01/23/2021,FEU,Z01,22,0.1140265406
01/23/2021,FEU,Z02,22,0.13288049692
01/23/2021,FEU,Z03,22,0.13288049692
01/23/2021,FEU,Z01,23,0.10392617326
01/23/2021,FEU,Z02,23,0.05476549024
01/23/2021,FEU,Z03,23,0.1227663743
01/23/2021,FEU,Z01,24,0.09500968412
01/23/2021,FEU,Z02,24,0.0462553591
01/23/2021,FEU,Z03,24,0.04965637314
01/23/2021,FEU,Z01,3,0.07482164534
01/23/2021,FEU,Z02,3,0.02679793516
01/23/2021,FEU,Z03,3,0.0244421369
01/23/2021,FEU,Z01,4,0.07257348206
01/23/2021,FEU,Z02,4,0.02463727002
01/23/2021,FEU,Z03,4,0.02235539476
01/23/2021,FEU,Z01,5,0.07065416278
01/23/2021,FEU,Z02,5,0.02280893674
01/23/2021,FEU,Z03,5,0.02058999648
01/23/2021,FEU,Z01,6,0.07059961906
01/23/2021,FEU,Z02,6,0.02276159202
01/23/2021,FEU,Z03,6,0.02056145662
01/23/2021,FEU,Z01,7,0.07624063532
01/23/2021,FEU,Z02,7,0.02820807486
01/23/2021,FEU,Z03,7,0.02582295646
01/23/2021,FEU,Z01,8,0.08068494388
01/23/2021,FEU,Z02,8,0.03244746142
01/23/2021,FEU,Z03,8,0.03521626076
01/23/2021,FEU,Z01,9,0.08477623664
01/23/2021,FEU,Z02,9,0.03665277506
01/23/2021,FEU,Z03,9,0.03943337266
01/24/2021,FEU,Z01,1,0.08482170416
01/24/2021,FEU,Z02,1,0.03641684456
01/24/2021,FEU,Z03,1,0.03935805218
01/24/2021,FEU,Z01,10,0.0892121785
01/24/2021,FEU,Z02,10,0.04089435192
01/24/2021,FEU,Z03,10,0.04385758666
01/24/2021,FEU,Z01,11,0.0916317449
01/24/2021,FEU,Z02,11,0.04330054504
01/24/2021,FEU,Z03,11,0.04632689306
01/24/2021,FEU,Z01,12,0.09092274632
01/24/2021,FEU,Z02,12,0.04266405732
01/24/2021,FEU,Z03,12,0.04562575748
01/24/2021,FEU,Z01,13,0.08946734642
01/24/2021,FEU,Z02,13,0.10808198474
01/24/2021,FEU,Z03,13,0.04421992658
01/24/2021,FEU,Z01,14,0.09007542242
01/24/2021,FEU,Z02,14,0.10865633488
01/24/2021,FEU,Z03,14,0.10865633488
01/24/2021,FEU,Z01,15,0.09037177914
01/24/2021,FEU,Z02,15,0.10899378646
01/24/2021,FEU,Z03,15,0.10899378646
01/24/2021,FEU,Z01,16,0.0904928363
01/24/2021,FEU,Z02,16,0.10911581462
01/24/2021,FEU,Z03,16,0.10911581462
01/24/2021,FEU,Z01,17,0.09096625574
01/24/2021,FEU,Z02,17,0.10959297806
01/24/2021,FEU,Z03,17,0.10959297806
01/24/2021,FEU,Z01,18,0.10653999818
01/24/2021,FEU,Z02,18,0.1253186035
01/24/2021,FEU,Z03,18,0.1253186035
01/24/2021,FEU,Z01,19,0.11814145902
01/24/2021,FEU,Z02,19,0.13703762234
01/24/2021,FEU,Z03,19,0.13703762234
01/24/2021,FEU,Z01,2,0.07437925504
01/24/2021,FEU,Z02,2,0.02641109172
01/24/2021,FEU,Z03,2,0.02408632932
01/24/2021,FEU,Z01,20,0.12281013502
01/24/2021,FEU,Z02,20,0.14168729948
01/24/2021,FEU,Z03,20,0.14168729948
01/24/2021,FEU,Z01,21,0.12567785474
01/24/2021,FEU,Z02,21,0.14464788806
01/24/2021,FEU,Z03,21,0.14464788806
01/24/2021,FEU,Z01,22,0.12148020674
01/24/2021,FEU,Z02,22,0.14040857606
01/24/2021,FEU,Z03,22,0.14040857606
01/24/2021,FEU,Z01,23,0.12123974696
01/24/2021,FEU,Z02,23,0.0713474948
01/24/2021,FEU,Z03,23,0.14021546214
01/24/2021,FEU,Z01,24,0.11463495854
01/24/2021,FEU,Z02,24,0.06503804938
01/24/2021,FEU,Z03,24,0.06940401156
01/24/2021,FEU,Z01,3,0.06382518906
01/24/2021,FEU,Z02,3,0.01632828202
01/24/2021,FEU,Z03,3,0.01434134662
01/24/2021,FEU,Z01,4,0.0622822715
01/24/2021,FEU,Z02,4,0.0148411806
01/24/2021,FEU,Z03,4,0.01289263534
01/24/2021,FEU,Z01,5,0.06268449336
01/24/2021,FEU,Z02,5,0.01521975946
01/24/2021,FEU,Z03,5,0.0132597562
01/24/2021,FEU,Z01,6,0.0642878465
01/24/2021,FEU,Z02,6,0.0167445106
01/24/2021,FEU,Z03,6,0.01473264134
01/24/2021,FEU,Z01,7,0.07076338334
01/24/2021,FEU,Z02,7,0.02294114716
01/24/2021,FEU,Z03,7,0.0207164669
01/24/2021,FEU,Z01,8,0.07690864076
01/24/2021,FEU,Z02,8,0.02880998744
01/24/2021,FEU,Z03,8,0.03138584564
01/24/2021,FEU,Z01,9,0.08157289068
01/24/2021,FEU,Z02,9,0.03347282452
01/24/2021,FEU,Z03,9,0.0361589207
01/25/2021,FEU,Z01,1,0.11604983988
01/25/2021,FEU,Z02,1,0.06609752542
01/25/2021,FEU,Z03,1,0.07080605276
01/25/2021,FEU,Z01,10,0.14284586168
01/25/2021,FEU,Z02,10,0.09285131098
01/25/2021,FEU,Z03,10,0.09782254498
01/25/2021,FEU,Z01,11,0.14211951366
01/25/2021,FEU,Z02,11,0.09231712868
01/25/2021,FEU,Z03,11,0.09712076596
01/25/2021,FEU,Z01,12,0.13695145766
01/25/2021,FEU,Z02,12,0.08733724068
01/25/2021,FEU,Z03,12,0.09193082996
01/25/2021,FEU,Z01,13,0.1344947462
01/25/2021,FEU,Z02,13,0.1534217148
01/25/2021,FEU,Z03,13,0.0895068855
01/25/2021,FEU,Z01,14,0.13239244478
01/25/2021,FEU,Z02,14,0.15129994238
01/25/2021,FEU,Z03,14,0.15129994238
01/25/2021,FEU,Z01,15,0.12818845136
01/25/2021,FEU,Z02,15,0.14705989396
01/25/2021,FEU,Z03,15,0.14705989396
01/25/2021,FEU,Z01,16,0.12679188038
01/25/2021,FEU,Z02,16,0.14564829098
01/25/2021,FEU,Z03,16,0.14564829098
01/25/2021,FEU,Z01,17,0.13084321996
01/25/2021,FEU,Z02,17,0.14980460042
01/25/2021,FEU,Z03,17,0.14980460042
01/25/2021,FEU,Z01,18,0.13624091754
01/25/2021,FEU,Z02,18,0.155250632
01/25/2021,FEU,Z03,18,0.155250632
01/25/2021,FEU,Z01,19,0.14207540782
01/25/2021,FEU,Z02,19,0.16105759742
01/25/2021,FEU,Z03,19,0.16105759742
01/25/2021,FEU,Z01,2,0.11173246418
01/25/2021,FEU,Z02,2,0.06193335586
01/25/2021,FEU,Z03,2,0.05842499746
01/25/2021,FEU,Z01,20,0.14299177182
01/25/2021,FEU,Z02,20,0.16206519828
01/25/2021,FEU,Z03,20,0.16206519828
01/25/2021,FEU,Z01,21,0.13785976826
01/25/2021,FEU,Z02,21,0.15688328772
01/25/2021,FEU,Z03,21,0.15688328772
01/25/2021,FEU,Z01,22,0.1354323827
01/25/2021,FEU,Z02,22,0.15443243516
01/25/2021,FEU,Z03,22,0.15443243516
01/25/2021,FEU,Z01,23,0.12593028806
01/25/2021,FEU,Z02,23,0.07609096034
01/25/2021,FEU,Z03,23,0.14496377524
01/25/2021,FEU,Z01,24,0.12138837208
01/25/2021,FEU,Z02,24,0.07161584564
01/25/2021,FEU,Z03,24,0.0762390621
01/25/2021,FEU,Z01,3,0.10433731634
01/25/2021,FEU,Z02,3,0.05484828916
01/25/2021,FEU,Z03,3,0.0515388719
01/25/2021,FEU,Z01,4,0.09955979792
01/25/2021,FEU,Z02,4,0.05026303088
01/25/2021,FEU,Z03,4,0.04711187362
01/25/2021,FEU,Z01,5,0.09910649834
01/25/2021,FEU,Z02,5,0.04987715716
01/25/2021,FEU,Z03,5,0.0467367419
01/25/2021,FEU,Z01,6,0.1051632836
01/25/2021,FEU,Z02,6,0.05573579414
01/25/2021,FEU,Z03,6,0.0524756776
01/25/2021,FEU,Z01,7,0.12112727096
01/25/2021,FEU,Z02,7,0.0712389348
01/25/2021,FEU,Z03,7,0.0676759797
01/25/2021,FEU,Z01,8,0.12877161548
01/25/2021,FEU,Z02,8,0.07887856762
01/25/2021,FEU,Z03,8,0.08363834864
01/25/2021,FEU,Z01,9,0.140590832
01/25/2021,FEU,Z02,9,0.09051964958
01/25/2021,FEU,Z03,9,0.0955107963
01/26/2021,FEU,Z01,1,0.12847636388
01/26/2021,FEU,Z02,1,0.07792149142
01/26/2021,FEU,Z03,1,0.08331160076
01/26/2021,FEU,Z01,10,0.14697254764
01/26/2021,FEU,Z02,10,0.09716590638
01/26/2021,FEU,Z03,10,0.10202212394
01/26/2021,FEU,Z01,11,0.1396497662
01/26/2021,FEU,Z02,11,0.0901808218
01/26/2021,FEU,Z03,11,0.0946839355
01/26/2021,FEU,Z01,12,0.1374279362
01/26/2021,FEU,Z02,12,0.0880349518
01/26/2021,FEU,Z03,12,0.0924537855
01/26/2021,FEU,Z01,13,0.13448266946
01/26/2021,FEU,Z02,13,0.15341424106
01/26/2021,FEU,Z03,13,0.08953012676
01/26/2021,FEU,Z01,14,0.13316828504
01/26/2021,FEU,Z02,14,0.15208698564
01/26/2021,FEU,Z03,14,0.15208698564
01/26/2021,FEU,Z01,15,0.13284137162
01/26/2021,FEU,Z02,15,0.15167948336
01/26/2021,FEU,Z03,15,0.15167948336
01/26/2021,FEU,Z01,16,0.13332854792
01/26/2021,FEU,Z02,16,0.15224453252
01/26/2021,FEU,Z03,16,0.15224453252
01/26/2021,FEU,Z01,17,0.1342374605
01/26/2021,FEU,Z02,17,0.1531596641
01/26/2021,FEU,Z03,17,0.1531596641
01/26/2021,FEU,Z01,18,0.14030543522
01/26/2021,FEU,Z02,18,0.15936011768
01/26/2021,FEU,Z03,18,0.15936011768
01/26/2021,FEU,Z01,19,0.1507344605
01/26/2021,FEU,Z02,19,0.1697970641
01/26/2021,FEU,Z03,19,0.1697970641
01/26/2021,FEU,Z01,2,0.1226117636
01/26/2021,FEU,Z02,2,0.07233834714
01/26/2021,FEU,Z03,2,0.0685393576
01/26/2021,FEU,Z01,20,0.14201443922
01/26/2021,FEU,Z02,20,0.16100169882
01/26/2021,FEU,Z03,20,0.16100169882
01/26/2021,FEU,Z01,21,0.14142085838
01/26/2021,FEU,Z02,21,0.16048220684
01/26/2021,FEU,Z03,21,0.16048220684
01/26/2021,FEU,Z01,22,0.13854816626
01/26/2021,FEU,Z02,22,0.15757924572
01/26/2021,FEU,Z03,22,0.15757924572
01/26/2021,FEU,Z01,23,0.13590424462
01/26/2021,FEU,Z02,23,0.08571442876
01/26/2021,FEU,Z03,23,0.15497215894
01/26/2021,FEU,Z01,24,0.1253678892
01/26/2021,FEU,Z02,24,0.07555355648
01/26/2021,FEU,Z03,24,0.08021000436
01/26/2021,FEU,Z01,3,0.12178438648
01/26/2021,FEU,Z02,3,0.0714300313
01/26/2021,FEU,Z03,3,0.06755510104
01/26/2021,FEU,Z01,4,0.1189288822
01/26/2021,FEU,Z02,4,0.06871328902
01/26/2021,FEU,Z03,4,0.06493538276
01/26/2021,FEU,Z01,5,0.11860424248
01/26/2021,FEU,Z02,5,0.0684078913
01/26/2021,FEU,Z03,5,0.0646917219
01/26/2021,FEU,Z01,6,0.1224353179
01/26/2021,FEU,Z02,6,0.07204982972
01/26/2021,FEU,Z03,6,0.06826540518
01/26/2021,FEU,Z01,7,0.1300369464
01/26/2021,FEU,Z02,7,0.07974315424
01/26/2021,FEU,Z03,7,0.07586975528
01/26/2021,FEU,Z01,8,0.13934775334
01/26/2021,FEU,Z02,8,0.08901242048
01/26/2021,FEU,Z03,8,0.09433720236
01/26/2021,FEU,Z01,9,0.14106194252
01/26/2021,FEU,Z02,9,0.09129716954
01/26/2021,FEU,Z03,9,0.09613326968
01/27/2021,FEU,Z01,1,0.11760166814
01/27/2021,FEU,Z02,1,0.0676922034
01/27/2021,FEU,Z03,1,0.07234818416
01/27/2021,FEU,Z01,10,0.13660492506
01/27/2021,FEU,Z02,10,0.08723889766
01/27/2021,FEU,Z03,10,0.09162214736
01/27/2021,FEU,Z01,11,0.13332684362
01/27/2021,FEU,Z02,11,0.08407786822
01/27/2021,FEU,Z03,11,0.08827284006
01/27/2021,FEU,Z01,12,0.1323932519
01/27/2021,FEU,Z02,12,0.08325081036
01/27/2021,FEU,Z03,12,0.0874160162
01/27/2021,FEU,Z01,13,0.1296643133
01/27/2021,FEU,Z02,13,0.14848306904
01/27/2021,FEU,Z03,13,0.08464396974
01/27/2021,FEU,Z01,14,0.12828754988
01/27/2021,FEU,Z02,14,0.14709547262
01/27/2021,FEU,Z03,14,0.14709547262
01/27/2021,FEU,Z01,15,0.12708013346
01/27/2021,FEU,Z02,15,0.1458762662
01/27/2021,FEU,Z03,15,0.1458762662
01/27/2021,FEU,Z01,16,0.1281468269
01/27/2021,FEU,Z02,16,0.1470219105
01/27/2021,FEU,Z03,16,0.1470219105
01/27/2021,FEU,Z01,17,0.13086530048
01/27/2021,FEU,Z02,17,0.14976223308
01/27/2021,FEU,Z03,17,0.14976223308
01/27/2021,FEU,Z01,18,0.13312579192
01/27/2021,FEU,Z02,18,0.15204004652
01/27/2021,FEU,Z03,18,0.15204004652
01/27/2021,FEU,Z01,19,0.13697379006
01/27/2021,FEU,Z02,19,0.15592141166
01/27/2021,FEU,Z03,19,0.15592141166
01/27/2021,FEU,Z01,2,0.11299338602
01/27/2021,FEU,Z02,2,0.06319050056
01/27/2021,FEU,Z03,2,0.05973423988
01/27/2021,FEU,Z01,20,0.13642991078
01/27/2021,FEU,Z02,20,0.15537182838
01/27/2021,FEU,Z03,20,0.15537182838
01/27/2021,FEU,Z01,21,0.1331947148
01/27/2021,FEU,Z02,21,0.1521067334
01/27/2021,FEU,Z03,21,0.1521067334
01/27/2021,FEU,Z01,22,0.13137572168
01/27/2021,FEU,Z02,22,0.15026729428
01/27/2021,FEU,Z03,22,0.15026729428
01/27/2021,FEU,Z01,23,0.12857050418
01/27/2021,FEU,Z02,23,0.07875768218
01/27/2021,FEU,Z03,23,0.1475682785
01/27/2021,FEU,Z01,24,0.1194965549
01/27/2021,FEU,Z02,24,0.06999572104
01/27/2021,FEU,Z03,24,0.07432930706
01/27/2021,FEU,Z01,3,0.11116790318
01/27/2021,FEU,Z02,3,0.06139650886
01/27/2021,FEU,Z03,3,0.05790719146
01/27/2021,FEU,Z01,4,0.10968151104
01/27/2021,FEU,Z02,4,0.05998174972
01/27/2021,FEU,Z03,4,0.05653982732
01/27/2021,FEU,Z01,5,0.10993774118
01/27/2021,FEU,Z02,5,0.06022673486
01/27/2021,FEU,Z03,5,0.05677521646
01/27/2021,FEU,Z01,6,0.1126163393
01/27/2021,FEU,Z02,6,0.0628849827
01/27/2021,FEU,Z03,6,0.05943698002
01/27/2021,FEU,Z01,7,0.12011279924
01/27/2021,FEU,Z02,7,0.07033155994
01/27/2021,FEU,Z03,7,0.06679282384
01/27/2021,FEU,Z01,8,0.13474286176
01/27/2021,FEU,Z02,8,0.0846024719
01/27/2021,FEU,Z03,8,0.08971794378
01/27/2021,FEU,Z01,9,0.1334944348
01/27/2021,FEU,Z02,9,0.08407914668
01/27/2021,FEU,Z03,9,0.0884630891
01/28/2021,FEU,Z01,1,0.11479341728
01/28/2021,FEU,Z02,1,0.0650706334
01/28/2021,FEU,Z03,1,0.0695281093
01/28/2021,FEU,Z01,10,0.13060596578
01/28/2021,FEU,Z02,10,0.08144213238
01/28/2021,FEU,Z03,10,0.08558974908
01/28/2021,FEU,Z01,11,0.12957349248
01/28/2021,FEU,Z02,11,0.08052002394
01/28/2021,FEU,Z03,11,0.08457242078
01/28/2021,FEU,Z01,12,0.12835075562
01/28/2021,FEU,Z02,12,0.07934071408
01/28/2021,FEU,Z03,12,0.08334835592
01/28/2021,FEU,Z01,13,0.12433761188
01/28/2021,FEU,Z02,13,0.14311366862
01/28/2021,FEU,Z03,13,0.07928730932
01/28/2021,FEU,Z01,14,0.1228279576
01/28/2021,FEU,Z02,14,0.14159151134
01/28/2021,FEU,Z03,14,0.14159151134
01/28/2021,FEU,Z01,15,0.11974387304
01/28/2021,FEU,Z02,15,0.13854724364
01/28/2021,FEU,Z03,15,0.13854724364
01/28/2021,FEU,Z01,16,0.11642534434
01/28/2021,FEU,Z02,16,0.13513618508
01/28/2021,FEU,Z03,16,0.13513618508
01/28/2021,FEU,Z01,17,0.11866917192
01/28/2021,FEU,Z02,17,0.13739624566
01/28/2021,FEU,Z03,17,0.13739624566
01/28/2021,FEU,Z01,18,0.12467926736
01/28/2021,FEU,Z02,18,0.14351968396
01/28/2021,FEU,Z03,18,0.14351968396
01/28/2021,FEU,Z01,19,0.13024292336
01/28/2021,FEU,Z02,19,0.14913064996
01/28/2021,FEU,Z03,19,0.14913064996
01/28/2021,FEU,Z01,2,0.11278528816
01/28/2021,FEU,Z02,2,0.0629937277
01/28/2021,FEU,Z03,2,0.05954226702
01/28/2021,FEU,Z01,20,0.12843969794
01/28/2021,FEU,Z02,20,0.14731069354
01/28/2021,FEU,Z03,20,0.14731069354
01/28/2021,FEU,Z01,21,0.12460604596
01/28/2021,FEU,Z02,21,0.14350957742
01/28/2021,FEU,Z03,21,0.14350957742
01/28/2021,FEU,Z01,22,0.12391379084
01/28/2021,FEU,Z02,22,0.1428070813
01/28/2021,FEU,Z03,22,0.1428070813
01/28/2021,FEU,Z01,23,0.11784382064
01/28/2021,FEU,Z02,23,0.06828734006
01/28/2021,FEU,Z03,23,0.13672926296
01/28/2021,FEU,Z01,24,0.11047112436
01/28/2021,FEU,Z02,24,0.06123198478
01/28/2021,FEU,Z03,24,0.06526739438
01/28/2021,FEU,Z01,3,0.1117127636
01/28/2021,FEU,Z02,3,0.06196819614
01/28/2021,FEU,Z03,3,0.0585053576
01/28/2021,FEU,Z01,4,0.11026920332
01/28/2021,FEU,Z02,4,0.060543232
01/28/2021,FEU,Z03,4,0.05712932146
01/28/2021,FEU,Z01,5,0.11167885732
01/28/2021,FEU,Z02,5,0.061883632
01/28/2021,FEU,Z03,5,0.05842499746
01/28/2021,FEU,Z01,6,0.1120177043
01/28/2021,FEU,Z02,6,0.0623137727
01/28/2021,FEU,Z03,6,0.05888509102
01/28/2021,FEU,Z01,7,0.12186763496
01/28/2021,FEU,Z02,7,0.0719457548
01/28/2021,FEU,Z03,7,0.0683618347
01/28/2021,FEU,Z01,8,0.13307366036
01/28/2021,FEU,Z02,8,0.08285741278
01/28/2021,FEU,Z03,8,0.08800021538
01/28/2021,FEU,Z01,9,0.13129674438
01/28/2021,FEU,Z02,9,0.0818848804
01/28/2021,FEU,Z03,9,0.08624435768
01/29/2021,FEU,Z01,1,0.11058066956
01/29/2021,FEU,Z02,1,0.06105766168
01/29/2021,FEU,Z03,1,0.06529952558
01/29/2021,FEU,Z01,10,0.12306476504
01/29/2021,FEU,Z02,10,0.0742350925
01/29/2021,FEU,Z03,10,0.07805138134
01/29/2021,FEU,Z01,11,0.12058549946
01/29/2021,FEU,Z02,11,0.07190709978
01/29/2021,FEU,Z03,11,0.07557310676
01/29/2021,FEU,Z01,12,0.1181647576
01/29/2021,FEU,Z02,12,0.06956625892
01/29/2021,FEU,Z03,12,0.0731458119
01/29/2021,FEU,Z01,13,0.11594131886
01/29/2021,FEU,Z02,13,0.1346545176
01/29/2021,FEU,Z03,13,0.07094758616
01/29/2021,FEU,Z01,14,0.11150155158
01/29/2021,FEU,Z02,14,0.13017940532
01/29/2021,FEU,Z03,14,0.13017940532
01/29/2021,FEU,Z01,15,0.10780428974
01/29/2021,FEU,Z02,15,0.12645273248
01/29/2021,FEU,Z03,15,0.12645273248
01/29/2021,FEU,Z01,16,0.10772774876
01/29/2021,FEU,Z02,16,0.1263736355
01/29/2021,FEU,Z03,16,0.1263736355
01/29/2021,FEU,Z01,17,0.11246229248
01/29/2021,FEU,Z02,17,0.13120166508
01/29/2021,FEU,Z03,17,0.13120166508
01/29/2021,FEU,Z01,18,0.11907889478
01/29/2021,FEU,Z02,18,0.13787289238
01/29/2021,FEU,Z03,18,0.13787289238
01/29/2021,FEU,Z01,19,0.12475856078
01/29/2021,FEU,Z02,19,0.14360216138
01/29/2021,FEU,Z03,19,0.14360216138
01/29/2021,FEU,Z01,2,0.10503768644
01/29/2021,FEU,Z02,2,0.05567021284
01/29/2021,FEU,Z03,2,0.05245037416
01/29/2021,FEU,Z01,20,0.12336134322
01/29/2021,FEU,Z02,20,0.14219012282
01/29/2021,FEU,Z03,20,0.14219012282
01/29/2021,FEU,Z01,21,0.1182587891
01/29/2021,FEU,Z02,21,0.13710388856
01/29/2021,FEU,Z03,21,0.13710388856
01/29/2021,FEU,Z01,22,0.11437373084
01/29/2021,FEU,Z02,22,0.1331791313
01/29/2021,FEU,Z03,22,0.1331791313
01/29/2021,FEU,Z01,23,0.1114496035
01/29/2021,FEU,Z02,23,0.06216849592
01/29/2021,FEU,Z03,23,0.13032714268
01/29/2021,FEU,Z01,24,0.0979512578
01/29/2021,FEU,Z02,24,0.04920426736
01/29/2021,FEU,Z03,24,0.05266065482
01/29/2021,FEU,Z01,3,0.09989334588
01/29/2021,FEU,Z02,3,0.05072445442
01/29/2021,FEU,Z03,3,0.04762503388
01/29/2021,FEU,Z01,4,0.09560553574
01/29/2021,FEU,Z02,4,0.04664146428
01/29/2021,FEU,Z03,4,0.04367727674
01/29/2021,FEU,Z01,5,0.09435059788
01/29/2021,FEU,Z02,5,0.04545047242
01/29/2021,FEU,Z03,5,0.04252288588
01/29/2021,FEU,Z01,6,0.098688075
01/29/2021,FEU,Z02,6,0.04967141926
01/29/2021,FEU,Z03,6,0.04663918458
01/29/2021,FEU,Z01,7,0.11528668582
01/29/2021,FEU,Z02,7,0.06566287866
01/29/2021,FEU,Z03,7,0.0622120397
01/29/2021,FEU,Z01,8,0.12452529462
01/29/2021,FEU,Z02,8,0.07481232876
01/29/2021,FEU,Z03,8,0.07937503278
01/29/2021,FEU,Z01,9,0.12354068164
01/29/2021,FEU,Z02,9,0.07455235938
01/29/2021,FEU,Z03,9,0.07849046294
01/30/2021,FEU,Z01,1,0.07300148816
01/30/2021,FEU,Z02,1,0.0251421027
01/30/2021,FEU,Z03,1,0.02747195918
01/30/2021,FEU,Z01,10,0.0601960606
01/30/2021,FEU,Z02,10,0.01322111746
01/30/2021,FEU,Z03,10,0.01475428576
01/30/2021,FEU,Z01,11,0.06092376744
01/30/2021,FEU,Z02,11,0.01394823816
01/30/2021,FEU,Z03,11,0.0155076006
01/30/2021,FEU,Z01,12,0.05687848058
01/30/2021,FEU,Z02,12,0.0100688383
01/30/2021,FEU,Z03,12,0.01144580474
01/30/2021,FEU,Z01,13,0.0567277034
01/30/2021,FEU,Z02,13,0.07500184786
01/30/2021,FEU,Z03,13,0.01134172856
01/30/2021,FEU,Z01,14,0.05621622512
01/30/2021,FEU,Z02,14,0.07448694158
01/30/2021,FEU,Z03,14,0.07448694158
01/30/2021,FEU,Z01,15,0.05664582856
01/30/2021,FEU,Z02,15,0.07491948902
01/30/2021,FEU,Z03,15,0.07491948902
01/30/2021,FEU,Z01,16,0.05686912486
01/30/2021,FEU,Z02,16,0.07515711118
01/30/2021,FEU,Z03,16,0.07515711118
01/30/2021,FEU,Z01,17,0.05675697758
01/30/2021,FEU,Z02,17,0.07503198004
01/30/2021,FEU,Z03,17,0.07503198004
01/30/2021,FEU,Z01,18,0.0569251513
01/30/2021,FEU,Z02,18,0.07521262862
01/30/2021,FEU,Z03,18,0.07521262862
01/30/2021,FEU,Z01,19,0.06176113972
01/30/2021,FEU,Z02,19,0.08009678804
01/30/2021,FEU,Z03,19,0.08009678804
01/30/2021,FEU,Z01,2,0.06354648818
01/30/2021,FEU,Z02,2,0.01611280386
01/30/2021,FEU,Z03,2,0.01414193332
01/30/2021,FEU,Z01,20,0.06457594186
01/30/2021,FEU,Z02,20,0.08293971918
01/30/2021,FEU,Z03,20,0.08293971918
01/30/2021,FEU,Z01,21,0.07135840916
01/30/2021,FEU,Z02,21,0.08976673162
01/30/2021,FEU,Z03,21,0.08976673162
01/30/2021,FEU,Z01,22,0.0678868206
01/30/2021,FEU,Z02,22,0.08628319292
01/30/2021,FEU,Z03,22,0.08628319292
01/30/2021,FEU,Z01,23,0.06168129226
01/30/2021,FEU,Z02,23,0.01446094624
01/30/2021,FEU,Z03,23,0.0800461743
01/30/2021,FEU,Z01,24,0.05821543412
01/30/2021,FEU,Z02,24,0.0111509191
01/30/2021,FEU,Z03,24,0.01265474814
01/30/2021,FEU,Z01,3,0.06041849534
01/30/2021,FEU,Z02,3,0.01310983516
01/30/2021,FEU,Z03,3,0.0112193869
01/30/2021,FEU,Z01,4,0.06010878506
01/30/2021,FEU,Z02,4,0.01280022102
01/30/2021,FEU,Z03,4,0.01092043276
01/30/2021,FEU,Z01,5,0.06019901378
01/30/2021,FEU,Z02,5,0.01287821074
01/30/2021,FEU,Z03,5,0.01099721248
01/30/2021,FEU,Z01,6,0.06019902606
01/30/2021,FEU,Z02,6,0.01288591802
01/30/2021,FEU,Z03,6,0.01101189562
01/30/2021,FEU,Z01,7,0.06019935332
01/30/2021,FEU,Z02,7,0.01294216386
01/30/2021,FEU,Z03,7,0.01106664646
01/30/2021,FEU,Z01,8,0.05981598188
01/30/2021,FEU,Z02,8,0.01259042842
01/30/2021,FEU,Z03,8,0.01421458676
01/30/2021,FEU,Z01,9,0.05911630064
01/30/2021,FEU,Z02,9,0.01210393106
01/30/2021,FEU,Z03,9,0.01362668866
01/31/2021,FEU,Z01,1,0.06054322416
01/31/2021,FEU,Z02,1,0.01329816456
01/31/2021,FEU,Z03,1,0.01494426218
01/31/2021,FEU,Z01,10,0.0568403285
01/31/2021,FEU,Z02,10,0.00992307992
01/31/2021,FEU,Z03,10,0.01132718066
01/31/2021,FEU,Z01,11,0.0570066749
01/31/2021,FEU,Z02,11,0.01013003704
01/31/2021,FEU,Z03,11,0.01153083506
01/31/2021,FEU,Z01,12,0.05659405832
01/31/2021,FEU,Z02,12,0.00975040732
01/31/2021,FEU,Z03,12,0.01112712548
01/31/2021,FEU,Z01,13,0.05645049542
01/31/2021,FEU,Z02,13,0.07473292874
01/31/2021,FEU,Z03,13,0.01103757758
01/31/2021,FEU,Z01,14,0.05638944842
01/31/2021,FEU,Z02,14,0.07466079888
01/31/2021,FEU,Z03,14,0.07466079888
01/31/2021,FEU,Z01,15,0.05641010414
01/31/2021,FEU,Z02,15,0.07469221146
01/31/2021,FEU,Z03,15,0.07469221146
01/31/2021,FEU,Z01,16,0.0566190813
01/31/2021,FEU,Z02,16,0.07490351062
01/31/2021,FEU,Z03,16,0.07490351062
01/31/2021,FEU,Z01,17,0.05673462974
01/31/2021,FEU,Z02,17,0.07502036306
01/31/2021,FEU,Z03,17,0.07502036306
01/31/2021,FEU,Z01,18,0.05685066618
01/31/2021,FEU,Z02,18,0.0751377035
01/31/2021,FEU,Z03,18,0.0751377035
01/31/2021,FEU,Z01,19,0.05737504402
01/31/2021,FEU,Z02,19,0.07566706734
01/31/2021,FEU,Z03,19,0.07566706734
01/31/2021,FEU,Z01,2,0.06107186304
01/31/2021,FEU,Z02,2,0.01375643572
01/31/2021,FEU,Z03,2,0.01185395532
01/31/2021,FEU,Z01,20,0.05676188802
01/31/2021,FEU,Z02,20,0.07503712148
01/31/2021,FEU,Z03,20,0.07503712148
01/31/2021,FEU,Z01,21,0.05651338274
01/31/2021,FEU,Z02,21,0.07479692006
01/31/2021,FEU,Z03,21,0.07479692006
01/31/2021,FEU,Z01,22,0.05659922174
01/31/2021,FEU,Z02,22,0.07488361106
01/31/2021,FEU,Z03,22,0.07488361106
01/31/2021,FEU,Z01,23,0.05706786296
01/31/2021,FEU,Z02,23,0.0100830748
01/31/2021,FEU,Z03,23,0.07536863114
01/31/2021,FEU,Z01,24,0.05784167654
01/31/2021,FEU,Z02,24,0.01081169538
01/31/2021,FEU,Z03,24,0.01228986356
01/31/2021,FEU,Z01,3,0.05991559306
01/31/2021,FEU,Z02,3,0.01261555002
01/31/2021,FEU,Z03,3,0.01075165462
01/31/2021,FEU,Z01,4,0.0591100715
01/31/2021,FEU,Z02,4,0.0118307006
01/31/2021,FEU,Z03,4,0.00998533234
01/31/2021,FEU,Z01,5,0.05921377336
01/31/2021,FEU,Z02,5,0.01192462846
01/31/2021,FEU,Z03,5,0.0100761862
01/31/2021,FEU,Z01,6,0.0592018715
01/31/2021,FEU,Z02,6,0.0119166106
01/31/2021,FEU,Z03,6,0.01006833134
01/31/2021,FEU,Z01,7,0.05855052734
01/31/2021,FEU,Z02,7,0.01133339716
01/31/2021,FEU,Z03,7,0.0095045069
01/31/2021,FEU,Z01,8,0.05829717476
01/31/2021,FEU,Z02,8,0.01111118744
01/31/2021,FEU,Z03,8,0.01265677164
01/31/2021,FEU,Z01,9,0.05765473068
01/31/2021,FEU,Z02,9,0.01063658452
01/31/2021,FEU,Z03,9,0.0121055207
02/01/2021,FEU,Z01,1,0.06087153986
02/01/2021,FEU,Z02,1,0.01363657712
02/01/2021,FEU,Z03,1,0.01529276788
02/01/2021,FEU,Z01,10,0.07959643214
02/01/2021,FEU,Z02,10,0.03237528004
02/01/2021,FEU,Z03,10,0.03442491858
02/01/2021,FEU,Z01,11,0.07494679926
02/01/2021,FEU,Z02,11,0.02791495702
02/01/2021,FEU,Z03,11,0.0297897747
02/01/2021,FEU,Z01,12,0.06607445268
02/01/2021,FEU,Z02,12,0.01934678516
02/01/2021,FEU,Z03,12,0.02089617412
02/01/2021,FEU,Z01,13,0.06000783694
02/01/2021,FEU,Z02,13,0.07826866682
02/01/2021,FEU,Z03,13,0.01484105538
02/01/2021,FEU,Z01,14,0.05834869466
02/01/2021,FEU,Z02,14,0.07658506868
02/01/2021,FEU,Z03,14,0.07658506868
02/01/2021,FEU,Z01,15,0.0567978611
02/01/2021,FEU,Z02,15,0.07503632498
02/01/2021,FEU,Z03,15,0.07503632498
02/01/2021,FEU,Z01,16,0.0586826804
02/01/2021,FEU,Z02,16,0.07693469128
02/01/2021,FEU,Z03,16,0.07693469128
02/01/2021,FEU,Z01,17,0.0621425804
02/01/2021,FEU,Z02,17,0.08042001928
02/01/2021,FEU,Z03,17,0.08042001928
02/01/2021,FEU,Z01,18,0.06538680812
02/01/2021,FEU,Z02,18,0.083685889
02/01/2021,FEU,Z03,18,0.083685889
02/01/2021,FEU,Z01,19,0.08208664556
02/01/2021,FEU,Z02,19,0.10050235444
02/01/2021,FEU,Z03,19,0.10050235444
02/01/2021,FEU,Z01,2,0.05921187218
02/01/2021,FEU,Z02,2,0.01199097186
02/01/2021,FEU,Z03,2,0.01015511132
02/01/2021,FEU,Z01,20,0.09678436616
02/01/2021,FEU,Z02,20,0.1153467019
02/01/2021,FEU,Z03,20,0.1153467019
02/01/2021,FEU,Z01,21,0.10020962504
02/01/2021,FEU,Z02,21,0.11879676578
02/01/2021,FEU,Z03,21,0.11879676578
02/01/2021,FEU,Z01,22,0.09766454764
02/01/2021,FEU,Z02,22,0.11627573824
02/01/2021,FEU,Z03,22,0.11627573824
02/01/2021,FEU,Z01,23,0.08175504586
02/01/2021,FEU,Z02,23,0.03398561244
02/01/2021,FEU,Z03,23,0.10029047118
02/01/2021,FEU,Z01,24,0.06955187088
02/01/2021,FEU,Z02,24,0.02220411074
02/01/2021,FEU,Z03,24,0.02416389204
02/01/2021,FEU,Z01,3,0.05842883904
02/01/2021,FEU,Z02,3,0.01124305372
02/01/2021,FEU,Z03,3,0.00942305132
02/01/2021,FEU,Z01,4,0.05856683276
02/01/2021,FEU,Z02,4,0.01136003758
02/01/2021,FEU,Z03,4,0.00953739418
02/01/2021,FEU,Z01,5,0.05849448818
02/01/2021,FEU,Z02,5,0.01130880386
02/01/2021,FEU,Z03,5,0.00949393332
02/01/2021,FEU,Z01,6,0.06021225188
02/01/2021,FEU,Z02,6,0.01296748342
02/01/2021,FEU,Z03,6,0.01109823988
02/01/2021,FEU,Z01,7,0.06108657694
02/01/2021,FEU,Z02,7,0.0139624855
02/01/2021,FEU,Z03,7,0.01210757526
02/01/2021,FEU,Z01,8,0.0628212163
02/01/2021,FEU,Z02,8,0.01576793602
02/01/2021,FEU,Z03,8,0.01741083046
02/01/2021,FEU,Z01,9,0.0736935619
02/01/2021,FEU,Z02,9,0.02651617436
02/01/2021,FEU,Z03,9,0.0284643962
02/02/2021,FEU,Z01,1,0.06986680838
02/02/2021,FEU,Z02,1,0.02232800708
02/02/2021,FEU,Z03,1,0.0244052264
02/02/2021,FEU,Z01,10,0.09801489956
02/02/2021,FEU,Z02,10,0.05028215632
02/02/2021,FEU,Z03,10,0.052918789
02/02/2021,FEU,Z01,11,0.09781389812
02/02/2021,FEU,Z02,11,0.05009817288
02/02/2021,FEU,Z03,11,0.05273327756
02/02/2021,FEU,Z01,12,0.09616827612
02/02/2021,FEU,Z02,12,0.04854331974
02/02/2021,FEU,Z03,12,0.05108074556
02/02/2021,FEU,Z01,13,0.09464308952
02/02/2021,FEU,Z02,13,0.11310396354
02/02/2021,FEU,Z03,13,0.0495466361
02/02/2021,FEU,Z01,14,0.09468035868
02/02/2021,FEU,Z02,14,0.11318532356
02/02/2021,FEU,Z03,14,0.11318532356
02/02/2021,FEU,Z01,15,0.09035998384
02/02/2021,FEU,Z02,15,0.10883372672
02/02/2021,FEU,Z03,15,0.10883372672
02/02/2021,FEU,Z01,16,0.08876545214
02/02/2021,FEU,Z02,16,0.10726647788
02/02/2021,FEU,Z03,16,0.10726647788
02/02/2021,FEU,Z01,17,0.090777789
02/02/2021,FEU,Z02,17,0.10925360588
02/02/2021,FEU,Z03,17,0.10925360588
02/02/2021,FEU,Z01,18,0.092155489
02/02/2021,FEU,Z02,18,0.11068288374
02/02/2021,FEU,Z03,18,0.11068288374
02/02/2021,FEU,Z01,19,0.096977439
02/02/2021,FEU,Z02,19,0.11554257074
02/02/2021,FEU,Z03,19,0.11554257074
02/02/2021,FEU,Z01,2,0.06788798984
02/02/2021,FEU,Z02,2,0.02037237282
02/02/2021,FEU,Z03,2,0.018289939
02/02/2021,FEU,Z01,20,0.10856631816
02/02/2021,FEU,Z02,20,0.1272215469
02/02/2021,FEU,Z03,20,0.1272215469
02/02/2021,FEU,Z01,21,0.1090687869
02/02/2021,FEU,Z02,21,0.12772531164
02/02/2021,FEU,Z03,21,0.12772531164
02/02/2021,FEU,Z01,22,0.09944080964
02/02/2021,FEU,Z02,22,0.11806713024
02/02/2021,FEU,Z03,22,0.11806713024
02/02/2021,FEU,Z01,23,0.08774144558
02/02/2021,FEU,Z02,23,0.0397003633
02/02/2021,FEU,Z03,23,0.1063362449
02/02/2021,FEU,Z01,24,0.07131637874
02/02/2021,FEU,Z02,24,0.0238929176
02/02/2021,FEU,Z03,24,0.0259334549
02/02/2021,FEU,Z01,3,0.06513870086
02/02/2021,FEU,Z02,3,0.01770248912
02/02/2021,FEU,Z03,3,0.01569050444
02/02/2021,FEU,Z01,4,0.0617662493
02/02/2021,FEU,Z02,4,0.0144659727
02/02/2021,FEU,Z03,4,0.01254756616
02/02/2021,FEU,Z01,5,0.06168628472
02/02/2021,FEU,Z02,5,0.01439826512
02/02/2021,FEU,Z03,5,0.0125028283
02/02/2021,FEU,Z01,6,0.06453348812
02/02/2021,FEU,Z02,6,0.0171778291
02/02/2021,FEU,Z03,6,0.01520697514
02/02/2021,FEU,Z01,7,0.06813864934
02/02/2021,FEU,Z02,7,0.02076546862
02/02/2021,FEU,Z03,7,0.01872706324
02/02/2021,FEU,Z01,8,0.09057156456
02/02/2021,FEU,Z02,8,0.042503939
02/02/2021,FEU,Z03,8,0.04533347172
02/02/2021,FEU,Z01,9,0.09625021874
02/02/2021,FEU,Z02,9,0.04841431492
02/02/2021,FEU,Z03,9,0.05114060504
02/03/2021,FEU,Z01,1,0.08256654296
02/03/2021,FEU,Z02,1,0.03445259166
02/03/2021,FEU,Z03,1,0.03716573798
02/03/2021,FEU,Z01,10,0.10849506272
02/03/2021,FEU,Z02,10,0.06038708662
02/03/2021,FEU,Z03,10,0.06346514302
02/03/2021,FEU,Z01,11,0.10885227014
02/03/2021,FEU,Z02,11,0.06073994804
02/03/2021,FEU,Z03,11,0.06378260458
02/03/2021,FEU,Z01,12,0.10745278814
02/03/2021,FEU,Z02,12,0.05938309604
02/03/2021,FEU,Z03,12,0.06237825058
02/03/2021,FEU,Z01,13,0.1048378604
02/03/2021,FEU,Z02,13,0.12341376728
02/03/2021,FEU,Z03,13,0.05978826384
02/03/2021,FEU,Z01,14,0.10700814012
02/03/2021,FEU,Z02,14,0.125598789
02/03/2021,FEU,Z03,14,0.125598789
02/03/2021,FEU,Z01,15,0.10401764756
02/03/2021,FEU,Z02,15,0.12258645244
02/03/2021,FEU,Z03,15,0.12258645244
02/03/2021,FEU,Z01,16,0.10222254986
02/03/2021,FEU,Z02,16,0.12077893274
02/03/2021,FEU,Z03,16,0.12077893274
02/03/2021,FEU,Z01,17,0.10326728672
02/03/2021,FEU,Z02,17,0.1218307176
02/03/2021,FEU,Z03,17,0.1218307176
02/03/2021,FEU,Z01,18,0.1100593433
02/03/2021,FEU,Z02,18,0.12872533304
02/03/2021,FEU,Z03,18,0.12872533304
02/03/2021,FEU,Z01,19,0.11716043444
02/03/2021,FEU,Z02,19,0.13588210818
02/03/2021,FEU,Z03,19,0.13588210818
02/03/2021,FEU,Z01,2,0.08033526556
02/03/2021,FEU,Z02,2,0.03222014968
02/03/2021,FEU,Z03,2,0.02976788186
02/03/2021,FEU,Z01,20,0.1161857976
02/03/2021,FEU,Z02,20,0.13489781734
02/03/2021,FEU,Z03,20,0.13489781734
02/03/2021,FEU,Z01,21,0.11619528362
02/03/2021,FEU,Z02,21,0.13496700322
02/03/2021,FEU,Z03,21,0.13496700322
02/03/2021,FEU,Z01,22,0.11328853136
02/03/2021,FEU,Z02,22,0.13203327396
02/03/2021,FEU,Z03,22,0.13203327396
02/03/2021,FEU,Z01,23,0.1066410413
02/03/2021,FEU,Z02,23,0.05784224102
02/03/2021,FEU,Z03,23,0.12542483162
02/03/2021,FEU,Z01,24,0.10069991474
02/03/2021,FEU,Z02,24,0.0520867176
02/03/2021,FEU,Z03,24,0.0554628149
02/03/2021,FEU,Z01,3,0.06905421728
02/03/2021,FEU,Z02,3,0.0214583234
02/03/2021,FEU,Z03,3,0.01934190958
02/03/2021,FEU,Z01,4,0.068294325
02/03/2021,FEU,Z02,4,0.02071225426
02/03/2021,FEU,Z03,4,0.01860514258
02/03/2021,FEU,Z01,5,0.06638802942
02/03/2021,FEU,Z02,5,0.01891909454
02/03/2021,FEU,Z03,5,0.01688135872
02/03/2021,FEU,Z01,6,0.07299960254
02/03/2021,FEU,Z02,6,0.02526501652
02/03/2021,FEU,Z03,6,0.02306537842
02/03/2021,FEU,Z01,7,0.08300648348
02/03/2021,FEU,Z02,7,0.03503087662
02/03/2021,FEU,Z03,7,0.03258794524
02/03/2021,FEU,Z01,8,0.10063282114
02/03/2021,FEU,Z02,8,0.05212869472
02/03/2021,FEU,Z03,8,0.0554337013
02/03/2021,FEU,Z01,9,0.1038647319
02/03/2021,FEU,Z02,9,0.05567732236
02/03/2021,FEU,Z03,9,0.0587650562
02/04/2021,FEU,Z01,1,0.10355128524
02/04/2021,FEU,Z02,1,0.05450702194
02/04/2021,FEU,Z03,1,0.05827706626
02/04/2021,FEU,Z01,10,0.12314347816
02/04/2021,FEU,Z02,10,0.07445300734
02/04/2021,FEU,Z03,10,0.07816156046
02/04/2021,FEU,Z01,11,0.12151561186
02/04/2021,FEU,Z02,11,0.0729504439
02/04/2021,FEU,Z03,11,0.0764823683
02/04/2021,FEU,Z01,12,0.118634239
02/04/2021,FEU,Z02,12,0.0702220389
02/04/2021,FEU,Z03,12,0.07359480444
02/04/2021,FEU,Z01,13,0.1176503204
02/04/2021,FEU,Z02,13,0.13631613928
02/04/2021,FEU,Z03,13,0.07264567984
02/04/2021,FEU,Z01,14,0.11711826612
02/04/2021,FEU,Z02,14,0.135779739
02/04/2021,FEU,Z03,14,0.135779739
02/04/2021,FEU,Z01,15,0.11863029356
02/04/2021,FEU,Z02,15,0.1373675033
02/04/2021,FEU,Z03,15,0.1373675033
02/04/2021,FEU,Z01,16,0.12052229886
02/04/2021,FEU,Z02,16,0.13920471474
02/04/2021,FEU,Z03,16,0.13920471474
02/04/2021,FEU,Z01,17,0.12195989786
02/04/2021,FEU,Z02,17,0.1407201576
02/04/2021,FEU,Z03,17,0.1407201576
02/04/2021,FEU,Z01,18,0.12445833044
02/04/2021,FEU,Z02,18,0.14323808318
02/04/2021,FEU,Z03,18,0.14323808318
02/04/2021,FEU,Z01,19,0.13073839844
02/04/2021,FEU,Z02,19,0.14956596618
02/04/2021,FEU,Z03,19,0.14956596618
02/04/2021,FEU,Z01,2,0.10150286012
02/04/2021,FEU,Z02,2,0.0524517241
02/04/2021,FEU,Z03,2,0.04940810914
02/04/2021,FEU,Z01,20,0.13212467846
02/04/2021,FEU,Z02,20,0.1509599162
02/04/2021,FEU,Z03,20,0.1509599162
02/04/2021,FEU,Z01,21,0.12291680134
02/04/2021,FEU,Z02,21,0.14174524694
02/04/2021,FEU,Z03,21,0.14174524694
02/04/2021,FEU,Z01,22,0.12097073294
02/04/2021,FEU,Z02,22,0.13977837854
02/04/2021,FEU,Z03,22,0.13977837854
02/04/2021,FEU,Z01,23,0.11975997488
02/04/2021,FEU,Z02,23,0.07037562774
02/04/2021,FEU,Z03,23,0.1386729692
02/04/2021,FEU,Z01,24,0.11600988918
02/04/2021,FEU,Z02,24,0.06671481718
02/04/2021,FEU,Z03,24,0.07083320334
02/04/2021,FEU,Z01,3,0.10066375556
02/04/2021,FEU,Z02,3,0.05160236968
02/04/2021,FEU,Z03,3,0.04854644686
02/04/2021,FEU,Z01,4,0.09956407328
02/04/2021,FEU,Z02,4,0.05050844654
02/04/2021,FEU,Z03,4,0.04748884672
02/04/2021,FEU,Z01,5,0.10156964042
02/04/2021,FEU,Z02,5,0.05246435154
02/04/2021,FEU,Z03,5,0.04938273472
02/04/2021,FEU,Z01,6,0.10620631412
02/04/2021,FEU,Z02,6,0.0569393191
02/04/2021,FEU,Z03,6,0.05375937214
02/04/2021,FEU,Z01,7,0.11534030492
02/04/2021,FEU,Z02,7,0.0659505862
02/04/2021,FEU,Z03,7,0.06263858482
02/04/2021,FEU,Z01,8,0.12509535716
02/04/2021,FEU,Z02,8,0.07549690402
02/04/2021,FEU,Z03,8,0.07992749446
02/04/2021,FEU,Z01,9,0.1233528362
02/04/2021,FEU,Z02,9,0.0744410518
02/04/2021,FEU,Z03,9,0.0783173605
02/05/2021,FEU,Z01,1,0.11288672954
02/05/2021,FEU,Z02,1,0.06331596052
02/05/2021,FEU,Z03,1,0.0675939257
02/05/2021,FEU,Z01,10,0.12372438086
02/05/2021,FEU,Z02,10,0.07515437176
02/05/2021,FEU,Z03,10,0.07876445816
02/05/2021,FEU,Z01,11,0.12140471184
02/05/2021,FEU,Z02,11,0.0729817846
02/05/2021,FEU,Z03,11,0.07646194814
02/05/2021,FEU,Z01,12,0.12031835156
02/05/2021,FEU,Z02,12,0.07186121246
02/05/2021,FEU,Z03,12,0.075300089
02/05/2021,FEU,Z01,13,0.11827223668
02/05/2021,FEU,Z02,13,0.1368776647
02/05/2021,FEU,Z03,13,0.07321578526
02/05/2021,FEU,Z01,14,0.1155208004
02/05/2021,FEU,Z02,14,0.13417167528
02/05/2021,FEU,Z03,14,0.13417167528
02/05/2021,FEU,Z01,15,0.11096355356
02/05/2021,FEU,Z02,15,0.12958084644
02/05/2021,FEU,Z03,15,0.12958084644
02/05/2021,FEU,Z01,16,0.108885689
02/05/2021,FEU,Z02,16,0.12754401574
02/05/2021,FEU,Z03,16,0.12754401574
02/05/2021,FEU,Z01,17,0.10910331872
02/05/2021,FEU,Z02,17,0.12776391146
02/05/2021,FEU,Z03,17,0.12776391146
02/05/2021,FEU,Z01,18,0.1103400083
02/05/2021,FEU,Z02,18,0.12900818504
02/05/2021,FEU,Z03,18,0.12900818504
02/05/2021,FEU,Z01,19,0.11953104358
02/05/2021,FEU,Z02,19,0.13827157332
02/05/2021,FEU,Z03,19,0.13827157332
02/05/2021,FEU,Z01,2,0.11168530442
02/05/2021,FEU,Z02,2,0.06210951954
02/05/2021,FEU,Z03,2,0.05872775872
02/05/2021,FEU,Z01,20,0.1204240419
02/05/2021,FEU,Z02,20,0.13916711564
02/05/2021,FEU,Z03,20,0.13916711564
02/05/2021,FEU,Z01,21,0.11460212336
02/05/2021,FEU,Z02,21,0.13341700582
02/05/2021,FEU,Z03,21,0.13341700582
02/05/2021,FEU,Z01,22,0.11323614968
02/05/2021,FEU,Z02,22,0.13197503228
02/05/2021,FEU,Z03,22,0.13197503228
02/05/2021,FEU,Z01,23,0.11374470806
02/05/2021,FEU,Z02,23,0.06442434034
02/05/2021,FEU,Z03,23,0.13259244638
02/05/2021,FEU,Z01,24,0.1113626285
02/05/2021,FEU,Z02,24,0.06208528392
02/05/2021,FEU,Z03,24,0.06616789952
02/05/2021,FEU,Z01,3,0.10983192686
02/05/2021,FEU,Z02,3,0.06028788112
02/05/2021,FEU,Z03,3,0.05691830844
02/05/2021,FEU,Z01,4,0.10880441858
02/05/2021,FEU,Z02,4,0.05925812798
02/05/2021,FEU,Z03,4,0.0559238983
02/05/2021,FEU,Z01,5,0.10791414386
02/05/2021,FEU,Z02,5,0.05846054512
02/05/2021,FEU,Z03,5,0.05514922644
02/05/2021,FEU,Z01,6,0.11069490212
02/05/2021,FEU,Z02,6,0.0612219091
02/05/2021,FEU,Z03,6,0.05791185814
02/05/2021,FEU,Z01,7,0.11788450892
02/05/2021,FEU,Z02,7,0.0683853562
02/05/2021,FEU,Z03,7,0.06500468182
02/05/2021,FEU,Z01,8,0.12624437944
02/05/2021,FEU,Z02,8,0.07666586216
02/05/2021,FEU,Z03,8,0.0811537306
02/05/2021,FEU,Z01,9,0.12523486562
02/05/2021,FEU,Z02,9,0.07626325022
02/05/2021,FEU,Z03,9,0.08015312606
02/06/2021,FEU,Z01,1,0.11201617286
02/06/2021,FEU,Z02,1,0.06236911312
02/06/2021,FEU,Z03,1,0.06672358188
02/06/2021,FEU,Z01,10,0.10072677026
02/06/2021,FEU,Z02,10,0.05232254356
02/06/2021,FEU,Z03,10,0.05555880242
02/06/2021,FEU,Z01,11,0.10238856224
02/06/2021,FEU,Z02,11,0.0539811004
02/06/2021,FEU,Z03,11,0.05721018854
02/06/2021,FEU,Z01,12,0.09945790652
02/06/2021,FEU,Z02,12,0.05120664754
02/06/2021,FEU,Z03,12,0.05431804568
02/06/2021,FEU,Z01,13,0.09890692206
02/06/2021,FEU,Z02,13,0.1174824548
02/06/2021,FEU,Z03,13,0.05376317936
02/06/2021,FEU,Z01,14,0.10160823278
02/06/2021,FEU,Z02,14,0.12025329038
02/06/2021,FEU,Z03,14,0.12025329038
02/06/2021,FEU,Z01,15,0.09957064222
02/06/2021,FEU,Z02,15,0.11819729182
02/06/2021,FEU,Z03,15,0.11819729182
02/06/2021,FEU,Z01,16,0.09596290038
02/06/2021,FEU,Z02,16,0.11460156284
02/06/2021,FEU,Z03,16,0.11460156284
02/06/2021,FEU,Z01,17,0.0938371241
02/06/2021,FEU,Z02,17,0.1124133477
02/06/2021,FEU,Z03,17,0.1124133477
02/06/2021,FEU,Z01,18,0.09557632396
02/06/2021,FEU,Z02,18,0.11416700056
02/06/2021,FEU,Z03,18,0.11416700056
02/06/2021,FEU,Z01,19,0.10402894596
02/06/2021,FEU,Z02,19,0.12269089256
02/06/2021,FEU,Z03,19,0.12269089256
02/06/2021,FEU,Z01,2,0.10564492816
02/06/2021,FEU,Z02,2,0.0562001527
02/06/2021,FEU,Z03,2,0.05296472202
02/06/2021,FEU,Z01,20,0.1049560234
02/06/2021,FEU,Z02,20,0.123624632
02/06/2021,FEU,Z03,20,0.123624632
02/06/2021,FEU,Z01,21,0.09908045342
02/06/2021,FEU,Z02,21,0.11774411888
02/06/2021,FEU,Z03,21,0.11774411888
02/06/2021,FEU,Z01,22,0.09331133558
02/06/2021,FEU,Z02,22,0.11192058404
02/06/2021,FEU,Z03,22,0.11192058404
02/06/2021,FEU,Z01,23,0.09024653952
02/06/2021,FEU,Z02,23,0.04179969922
02/06/2021,FEU,Z03,23,0.1088972807
02/06/2021,FEU,Z01,24,0.08780622068
02/06/2021,FEU,Z02,24,0.03942419452
02/06/2021,FEU,Z03,24,0.0424274957
02/06/2021,FEU,Z01,3,0.1037949236
02/06/2021,FEU,Z02,3,0.05443248114
02/06/2021,FEU,Z03,3,0.0512159176
02/06/2021,FEU,Z01,4,0.10112831618
02/06/2021,FEU,Z02,4,0.05184975986
02/06/2021,FEU,Z03,4,0.04871840532
02/06/2021,FEU,Z01,5,0.09924392018
02/06/2021,FEU,Z02,5,0.05005786786
02/06/2021,FEU,Z03,5,0.04694502946
02/06/2021,FEU,Z01,6,0.09755627346
02/06/2021,FEU,Z02,6,0.048494032
02/06/2021,FEU,Z03,6,0.0454333176
02/06/2021,FEU,Z01,7,0.10032640844
02/06/2021,FEU,Z02,7,0.05118435484
02/06/2021,FEU,Z03,7,0.04810843816
02/06/2021,FEU,Z01,8,0.09985693426
02/06/2021,FEU,Z02,8,0.05088315424
02/06/2021,FEU,Z03,8,0.05449340242
02/06/2021,FEU,Z01,9,0.09906625916
02/06/2021,FEU,Z02,9,0.05052421602
02/06/2021,FEU,Z03,9,0.05383252232
02/07/2021,FEU,Z01,1,0.0809347436
02/07/2021,FEU,Z02,1,0.03268022314
02/07/2021,FEU,Z03,1,0.03546008248
02/07/2021,FEU,Z01,10,0.08232553274
02/07/2021,FEU,Z02,10,0.0344570376
02/07/2021,FEU,Z03,10,0.0369972449
02/07/2021,FEU,Z01,11,0.08477440628
02/07/2021,FEU,Z02,11,0.03689446886
02/07/2021,FEU,Z03,11,0.03946927958
02/07/2021,FEU,Z01,12,0.07465447142
02/07/2021,FEU,Z02,12,0.027174439
02/07/2021,FEU,Z03,12,0.02931081172
02/07/2021,FEU,Z01,13,0.06995045852
02/07/2021,FEU,Z02,13,0.08832523312
02/07/2021,FEU,Z03,13,0.02464247882
02/07/2021,FEU,Z01,14,0.07225417652
02/07/2021,FEU,Z02,14,0.09064844112
02/07/2021,FEU,Z03,14,0.09064844112
02/07/2021,FEU,Z01,15,0.0714121841
02/07/2021,FEU,Z02,15,0.08982242056
02/07/2021,FEU,Z03,15,0.08982242056
02/07/2021,FEU,Z01,16,0.06051409298
02/07/2021,FEU,Z02,16,0.07882328344
02/07/2021,FEU,Z03,16,0.07882328344
02/07/2021,FEU,Z01,17,0.06050771256
02/07/2021,FEU,Z02,17,0.07883081488
02/07/2021,FEU,Z03,17,0.07883081488
02/07/2021,FEU,Z01,18,0.07062962028
02/07/2021,FEU,Z02,18,0.08903177174
02/07/2021,FEU,Z03,18,0.08903177174
02/07/2021,FEU,Z01,19,0.08728062228
02/07/2021,FEU,Z02,19,0.10583566274
02/07/2021,FEU,Z03,19,0.10583566274
02/07/2021,FEU,Z01,2,0.07678049206
02/07/2021,FEU,Z02,2,0.02863123302
02/07/2021,FEU,Z03,2,0.02621485476
02/07/2021,FEU,Z01,20,0.08476045914
02/07/2021,FEU,Z02,20,0.1032921906
02/07/2021,FEU,Z03,20,0.1032921906
02/07/2021,FEU,Z01,21,0.08591629514
02/07/2021,FEU,Z02,21,0.10449371046
02/07/2021,FEU,Z03,21,0.10449371046
02/07/2021,FEU,Z01,22,0.084148832
02/07/2021,FEU,Z02,22,0.10267478846
02/07/2021,FEU,Z03,22,0.10267478846
02/07/2021,FEU,Z01,23,0.07869443036
02/07/2021,FEU,Z02,23,0.03082899778
02/07/2021,FEU,Z03,23,0.09722420654
02/07/2021,FEU,Z01,24,0.07182926594
02/07/2021,FEU,Z02,24,0.0242331605
02/07/2021,FEU,Z03,24,0.02639372696
02/07/2021,FEU,Z01,3,0.06244713178
02/07/2021,FEU,Z02,3,0.01501451374
02/07/2021,FEU,Z03,3,0.01305990048
02/07/2021,FEU,Z01,4,0.06058475318
02/07/2021,FEU,Z02,4,0.01329525786
02/07/2021,FEU,Z03,4,0.01141704332
02/07/2021,FEU,Z01,5,0.06049421504
02/07/2021,FEU,Z02,5,0.01320712172
02/07/2021,FEU,Z03,5,0.01132292132
02/07/2021,FEU,Z01,6,0.0605723822
02/07/2021,FEU,Z02,6,0.01325284602
02/07/2021,FEU,Z03,6,0.01135884876
02/07/2021,FEU,Z01,7,0.06054728006
02/07/2021,FEU,Z02,7,0.01321663602
02/07/2021,FEU,Z03,7,0.01132270276
02/07/2021,FEU,Z01,8,0.06211965146
02/07/2021,FEU,Z02,8,0.01476236714
02/07/2021,FEU,Z03,8,0.01651109048
02/07/2021,FEU,Z01,9,0.06977553208
02/07/2021,FEU,Z02,9,0.02227145164
02/07/2021,FEU,Z03,9,0.0243320121
02/08/2021,FEU,Z01,1,0.05917017986
02/08/2021,FEU,Z02,1,0.01201426512
02/08/2021,FEU,Z03,1,0.01358188788
02/08/2021,FEU,Z01,10,0.07932871514
02/08/2021,FEU,Z02,10,0.03211571804
02/08/2021,FEU,Z03,10,0.03415626958
02/08/2021,FEU,Z01,11,0.06749949226
02/08/2021,FEU,Z02,11,0.02068846102
02/08/2021,FEU,Z03,11,0.0223152147
02/08/2021,FEU,Z01,12,0.06237709068
02/08/2021,FEU,Z02,12,0.01575449716
02/08/2021,FEU,Z03,12,0.01718581612
02/08/2021,FEU,Z01,13,0.06095958394
02/08/2021,FEU,Z02,13,0.07922715782
02/08/2021,FEU,Z03,13,0.01579617438
02/08/2021,FEU,Z01,14,0.05817678266
02/08/2021,FEU,Z02,14,0.07641209268
02/08/2021,FEU,Z03,14,0.07641209268
02/08/2021,FEU,Z01,15,0.0566480411
02/08/2021,FEU,Z02,15,0.07488544898
02/08/2021,FEU,Z03,15,0.07488544898
02/08/2021,FEU,Z01,16,0.0568427204
02/08/2021,FEU,Z02,16,0.07508181928
02/08/2021,FEU,Z03,16,0.07508181928
02/08/2021,FEU,Z01,17,0.0570274004
02/08/2021,FEU,Z02,17,0.07526779528
02/08/2021,FEU,Z03,17,0.07526779528
02/08/2021,FEU,Z01,18,0.05935704812
02/08/2021,FEU,Z02,18,0.077615039
02/08/2021,FEU,Z03,18,0.077615039
02/08/2021,FEU,Z01,19,0.06527482556
02/08/2021,FEU,Z02,19,0.08357317444
02/08/2021,FEU,Z03,19,0.08357317444
02/08/2021,FEU,Z01,2,0.05890496318
02/08/2021,FEU,Z02,2,0.01169792786
02/08/2021,FEU,Z03,2,0.00987158332
02/08/2021,FEU,Z01,20,0.08137488616
02/08/2021,FEU,Z02,20,0.0998172519
02/08/2021,FEU,Z03,20,0.0998172519
02/08/2021,FEU,Z01,21,0.08260179704
02/08/2021,FEU,Z02,21,0.10105279478
02/08/2021,FEU,Z03,21,0.10105279478
02/08/2021,FEU,Z01,22,0.07964364764
02/08/2021,FEU,Z02,22,0.09810133824
02/08/2021,FEU,Z03,22,0.09810133824
02/08/2021,FEU,Z01,23,0.06851402086
02/08/2021,FEU,Z02,23,0.02126276244
02/08/2021,FEU,Z03,23,0.08691714618
02/08/2021,FEU,Z01,24,0.06306370288
02/08/2021,FEU,Z02,24,0.01597912174
02/08/2021,FEU,Z03,24,0.01764349804
02/08/2021,FEU,Z01,3,0.05867279104
02/08/2021,FEU,Z02,3,0.01147503972
02/08/2021,FEU,Z03,3,0.00964731732
02/08/2021,FEU,Z01,4,0.05816930876
02/08/2021,FEU,Z02,4,0.01098109258
02/08/2021,FEU,Z03,4,0.00917104918
02/08/2021,FEU,Z01,5,0.05795518718
02/08/2021,FEU,Z02,5,0.01079597686
02/08/2021,FEU,Z03,5,0.00899892132
02/08/2021,FEU,Z01,6,0.06132306588
02/08/2021,FEU,Z02,6,0.01402443442
02/08/2021,FEU,Z03,6,0.01212191188
02/08/2021,FEU,Z01,7,0.06027543694
02/08/2021,FEU,Z02,7,0.0131869855
02/08/2021,FEU,Z03,7,0.01135451526
02/08/2021,FEU,Z01,8,0.0683015563
02/08/2021,FEU,Z02,8,0.02102997202
02/08/2021,FEU,Z03,8,0.02291845846
02/08/2021,FEU,Z01,9,0.0790397469
02/08/2021,FEU,Z02,9,0.03168338836
02/08/2021,FEU,Z03,9,0.0338335262
02/09/2021,FEU,Z01,1,0.05881419638
02/09/2021,FEU,Z02,1,0.01176841508
02/09/2021,FEU,Z03,1,0.0132898664
02/09/2021,FEU,Z01,10,0.06869563556
02/09/2021,FEU,Z02,10,0.02183386032
02/09/2021,FEU,Z03,10,0.023497189
02/09/2021,FEU,Z01,11,0.06579221812
02/09/2021,FEU,Z02,11,0.01902985288
02/09/2021,FEU,Z03,11,0.02059829156
02/09/2021,FEU,Z01,12,0.06467876812
02/09/2021,FEU,Z02,12,0.01796375374
02/09/2021,FEU,Z03,12,0.01948094156
02/09/2021,FEU,Z01,13,0.06282030552
02/09/2021,FEU,Z02,13,0.08108439554
02/09/2021,FEU,Z03,13,0.0176395161
02/09/2021,FEU,Z01,14,0.06339332468
02/09/2021,FEU,Z02,14,0.08167834556
02/09/2021,FEU,Z03,14,0.08167834556
02/09/2021,FEU,Z01,15,0.06120743184
02/09/2021,FEU,Z02,15,0.07947731072
02/09/2021,FEU,Z03,15,0.07947731072
02/09/2021,FEU,Z01,16,0.06218103914
02/09/2021,FEU,Z02,16,0.08047383188
02/09/2021,FEU,Z03,16,0.08047383188
02/09/2021,FEU,Z01,17,0.062266989
02/09/2021,FEU,Z02,17,0.08054446988
02/09/2021,FEU,Z03,17,0.08054446988
02/09/2021,FEU,Z01,18,0.061542489
02/09/2021,FEU,Z02,18,0.07983146274
02/09/2021,FEU,Z03,18,0.07983146274
02/09/2021,FEU,Z01,19,0.066504739
02/09/2021,FEU,Z02,19,0.08483138874
02/09/2021,FEU,Z03,19,0.08483138874
02/09/2021,FEU,Z01,2,0.05836516984
02/09/2021,FEU,Z02,2,0.01128707482
02/09/2021,FEU,Z03,2,0.009486689
02/09/2021,FEU,Z01,20,0.07036629816
02/09/2021,FEU,Z02,20,0.0887229569
02/09/2021,FEU,Z03,20,0.0887229569
02/09/2021,FEU,Z01,21,0.0703581669
02/09/2021,FEU,Z02,21,0.08871446564
02/09/2021,FEU,Z03,21,0.08871446564
02/09/2021,FEU,Z01,22,0.06795178164
02/09/2021,FEU,Z02,22,0.08630988224
02/09/2021,FEU,Z03,22,0.08630988224
02/09/2021,FEU,Z01,23,0.06210551558
02/09/2021,FEU,Z02,23,0.0150873133
02/09/2021,FEU,Z03,23,0.0804458099
02/09/2021,FEU,Z01,24,0.05647590374
02/09/2021,FEU,Z02,24,0.0096550776
02/09/2021,FEU,Z03,24,0.0110205449
02/09/2021,FEU,Z01,3,0.05778532286
02/09/2021,FEU,Z02,3,0.01069591312
02/09/2021,FEU,Z03,3,0.00890729244
02/09/2021,FEU,Z01,4,0.0574088893
02/09/2021,FEU,Z02,4,0.0103169327
02/09/2021,FEU,Z03,4,0.00853393416
02/09/2021,FEU,Z01,5,0.05794906472
02/09/2021,FEU,Z02,5,0.01084133712
02/09/2021,FEU,Z03,5,0.0090551533
02/09/2021,FEU,Z01,6,0.06124218812
02/09/2021,FEU,Z02,6,0.0140387641
02/09/2021,FEU,Z03,6,0.01216212514
02/09/2021,FEU,Z01,7,0.05903028134
02/09/2021,FEU,Z02,7,0.01204564462
02/09/2021,FEU,Z03,7,0.01025381524
02/09/2021,FEU,Z01,8,0.06360415656
02/09/2021,FEU,Z02,8,0.016572589
02/09/2021,FEU,Z03,8,0.01823077572
02/09/2021,FEU,Z01,9,0.06876337474
02/09/2021,FEU,Z02,9,0.02180496292
02/09/2021,FEU,Z03,9,0.02353518104
02/10/2021,FEU,Z01,1,0.06834883496
02/10/2021,FEU,Z02,1,0.02086872966
02/10/2021,FEU,Z03,1,0.02286750898
02/10/2021,FEU,Z01,10,0.08552533472
02/10/2021,FEU,Z02,10,0.03811522362
02/10/2021,FEU,Z03,10,0.04039572002
02/10/2021,FEU,Z01,11,0.08628131414
02/10/2021,FEU,Z02,11,0.03885541804
02/10/2021,FEU,Z03,11,0.04113307258
02/10/2021,FEU,Z01,12,0.08188294214
02/10/2021,FEU,Z02,12,0.03459214004
02/10/2021,FEU,Z03,12,0.03671938858
02/10/2021,FEU,Z01,13,0.0768998804
02/10/2021,FEU,Z02,13,0.09527973128
02/10/2021,FEU,Z03,13,0.03175225584
02/10/2021,FEU,Z01,14,0.07975088412
02/10/2021,FEU,Z02,14,0.098150589
02/10/2021,FEU,Z03,14,0.098150589
02/10/2021,FEU,Z01,15,0.07357071956
02/10/2021,FEU,Z02,15,0.09192698044
02/10/2021,FEU,Z03,15,0.09192698044
02/10/2021,FEU,Z01,16,0.07416692486
02/10/2021,FEU,Z02,16,0.09252714874
02/10/2021,FEU,Z03,16,0.09252714874
02/10/2021,FEU,Z01,17,0.08454383072
02/10/2021,FEU,Z02,17,0.1029760776
02/10/2021,FEU,Z03,17,0.1029760776
02/10/2021,FEU,Z01,18,0.0914026283
02/10/2021,FEU,Z02,18,0.10992324104
02/10/2021,FEU,Z03,18,0.10992324104
02/10/2021,FEU,Z01,19,0.12353282244
02/10/2021,FEU,Z02,19,0.14230535718
02/10/2021,FEU,Z03,19,0.14230535718
02/10/2021,FEU,Z01,2,0.05970399756
02/10/2021,FEU,Z02,2,0.01254805768
02/10/2021,FEU,Z03,2,0.01070962386
02/10/2021,FEU,Z01,20,0.1483363576
02/10/2021,FEU,Z02,20,0.16729782134
02/10/2021,FEU,Z03,20,0.16729782134
02/10/2021,FEU,Z01,21,0.13970099762
02/10/2021,FEU,Z02,21,0.15867413722
02/10/2021,FEU,Z03,21,0.15867413722
02/10/2021,FEU,Z01,22,0.12897754736
02/10/2021,FEU,Z02,22,0.14785451396
02/10/2021,FEU,Z03,22,0.14785451396
02/10/2021,FEU,Z01,23,0.1274019863
02/10/2021,FEU,Z02,23,0.07777619402
02/10/2021,FEU,Z03,23,0.14639130762
02/10/2021,FEU,Z01,24,0.10127660774
02/10/2021,FEU,Z02,24,0.0526400376
02/10/2021,FEU,Z03,24,0.0560423699
02/10/2021,FEU,Z01,3,0.05868957728
02/10/2021,FEU,Z02,3,0.0115753734
02/10/2021,FEU,Z03,3,0.00976739758
02/10/2021,FEU,Z01,4,0.058586825
02/10/2021,FEU,Z02,4,0.01146175726
02/10/2021,FEU,Z03,4,0.00964979158
02/10/2021,FEU,Z01,5,0.05855188142
02/10/2021,FEU,Z02,5,0.01144622954
02/10/2021,FEU,Z03,5,0.00964219072
02/10/2021,FEU,Z01,6,0.05883535454
02/10/2021,FEU,Z02,6,0.01175239252
02/10/2021,FEU,Z03,6,0.00995402142
02/10/2021,FEU,Z01,7,0.06000698948
02/10/2021,FEU,Z02,7,0.01299441562
02/10/2021,FEU,Z03,7,0.01117462324
02/10/2021,FEU,Z01,8,0.07272130014
02/10/2021,FEU,Z02,8,0.02531128672
02/10/2021,FEU,Z03,8,0.0273825063
02/10/2021,FEU,Z01,9,0.0874137669
02/10/2021,FEU,Z02,9,0.03977595036
02/10/2021,FEU,Z03,9,0.0422434862
02/11/2021,FEU,Z01,1,0.11566546324
02/11/2021,FEU,Z02,1,0.06608244394
02/11/2021,FEU,Z03,1,0.07045996326
02/11/2021,FEU,Z01,10,0.12349490216
02/11/2021,FEU,Z02,10,0.07479430234
02/11/2021,FEU,Z03,10,0.07851450446
02/11/2021,FEU,Z01,11,0.12213484986
02/11/2021,FEU,Z02,11,0.0735503139
02/11/2021,FEU,Z03,11,0.0771037583
02/11/2021,FEU,Z01,12,0.118833189
02/11/2021,FEU,Z02,12,0.0704138189
02/11/2021,FEU,Z03,12,0.07379444644
02/11/2021,FEU,Z01,13,0.1156131404
02/11/2021,FEU,Z02,13,0.13426466328
02/11/2021,FEU,Z03,13,0.07060135184
02/11/2021,FEU,Z01,14,0.11573873012
02/11/2021,FEU,Z02,14,0.134390539
02/11/2021,FEU,Z03,14,0.134390539
02/11/2021,FEU,Z01,15,0.11153426156
02/11/2021,FEU,Z02,15,0.1302145883
02/11/2021,FEU,Z03,15,0.1302145883
02/11/2021,FEU,Z01,16,0.11494800586
02/11/2021,FEU,Z02,16,0.13359167774
02/11/2021,FEU,Z03,16,0.13359167774
02/11/2021,FEU,Z01,17,0.11668946886
02/11/2021,FEU,Z02,17,0.1354085176
02/11/2021,FEU,Z03,17,0.1354085176
02/11/2021,FEU,Z01,18,0.12249076044
02/11/2021,FEU,Z02,18,0.14125400518
02/11/2021,FEU,Z03,18,0.14125400518
02/11/2021,FEU,Z01,19,0.12470528644
02/11/2021,FEU,Z02,19,0.14348580218
02/11/2021,FEU,Z03,19,0.14348580218
02/11/2021,FEU,Z01,2,0.08677522412
02/11/2021,FEU,Z02,2,0.0383999941
02/11/2021,FEU,Z03,2,0.03578441614
02/11/2021,FEU,Z01,20,0.13799469446
02/11/2021,FEU,Z02,20,0.1568754362
02/11/2021,FEU,Z03,20,0.1568754362
02/11/2021,FEU,Z01,21,0.13717041834
02/11/2021,FEU,Z02,21,0.15612079394
02/11/2021,FEU,Z03,21,0.15612079394
02/11/2021,FEU,Z01,22,0.12656037194
02/11/2021,FEU,Z02,22,0.14541542754
02/11/2021,FEU,Z03,22,0.14541542754
02/11/2021,FEU,Z01,23,0.12466566288
02/11/2021,FEU,Z02,23,0.07508232674
02/11/2021,FEU,Z03,23,0.1436261692
02/11/2021,FEU,Z01,24,0.11703244818
02/11/2021,FEU,Z02,24,0.06769522618
02/11/2021,FEU,Z03,24,0.07186082034
02/11/2021,FEU,Z01,3,0.07378255156
02/11/2021,FEU,Z02,3,0.02597245768
02/11/2021,FEU,Z03,3,0.02371592386
02/11/2021,FEU,Z01,4,0.06847140128
02/11/2021,FEU,Z02,4,0.02088688954
02/11/2021,FEU,Z03,4,0.01878791872
02/11/2021,FEU,Z01,5,0.06183024442
02/11/2021,FEU,Z02,5,0.01457329954
02/11/2021,FEU,Z03,5,0.01267079872
02/11/2021,FEU,Z01,6,0.07198548812
02/11/2021,FEU,Z02,6,0.0242878291
02/11/2021,FEU,Z03,6,0.02210097514
02/11/2021,FEU,Z01,7,0.09942375492
02/11/2021,FEU,Z02,7,0.0507113362
02/11/2021,FEU,Z03,7,0.04782802282
02/11/2021,FEU,Z01,8,0.12292817516
02/11/2021,FEU,Z02,8,0.07341777502
02/11/2021,FEU,Z03,8,0.07775132746
02/11/2021,FEU,Z01,9,0.1237330862
02/11/2021,FEU,Z02,9,0.0748083018
02/11/2021,FEU,Z03,9,0.0786992355
02/12/2021,FEU,Z01,1,0.09655918754
02/12/2021,FEU,Z02,1,0.04774074652
02/12/2021,FEU,Z03,1,0.0511873157
02/12/2021,FEU,Z01,10,0.11802117586
02/12/2021,FEU,Z02,10,0.06962570776
02/12/2021,FEU,Z03,10,0.07303647816
02/12/2021,FEU,Z01,11,0.11434279984
02/12/2021,FEU,Z02,11,0.0661308646
02/12/2021,FEU,Z03,11,0.06936917114
02/12/2021,FEU,Z01,12,0.10855580756
02/12/2021,FEU,Z02,12,0.06045790846
02/12/2021,FEU,Z03,12,0.063496489
02/12/2021,FEU,Z01,13,0.09816946668
02/12/2021,FEU,Z02,13,0.1166512397
02/12/2021,FEU,Z03,13,0.05306002026
02/12/2021,FEU,Z01,14,0.0909378404
02/12/2021,FEU,Z02,14,0.10941620328
02/12/2021,FEU,Z03,14,0.10941620328
02/12/2021,FEU,Z01,15,0.08454137756
02/12/2021,FEU,Z02,15,0.10297422244
02/12/2021,FEU,Z03,15,0.10297422244
02/12/2021,FEU,Z01,16,0.071303689
02/12/2021,FEU,Z02,16,0.08966789574
02/12/2021,FEU,Z03,16,0.08966789574
02/12/2021,FEU,Z01,17,0.07386594272
02/12/2021,FEU,Z02,17,0.09225008246
02/12/2021,FEU,Z03,17,0.09225008246
02/12/2021,FEU,Z01,18,0.0911219633
02/12/2021,FEU,Z02,18,0.10964038904
02/12/2021,FEU,Z03,18,0.10964038904
02/12/2021,FEU,Z01,19,0.11372568858
02/12/2021,FEU,Z02,19,0.13242090332
02/12/2021,FEU,Z03,19,0.13242090332
02/12/2021,FEU,Z01,2,0.08739125042
02/12/2021,FEU,Z02,2,0.03894423254
02/12/2021,FEU,Z03,2,0.03628449472
02/12/2021,FEU,Z01,20,0.1215948669
02/12/2021,FEU,Z02,20,0.14034698564
02/12/2021,FEU,Z03,20,0.14034698564
02/12/2021,FEU,Z01,21,0.12469102736
02/12/2021,FEU,Z02,21,0.14360027882
02/12/2021,FEU,Z03,21,0.14360027882
02/12/2021,FEU,Z01,22,0.12376539368
02/12/2021,FEU,Z02,22,0.14259290628
02/12/2021,FEU,Z03,22,0.14259290628
02/12/2021,FEU,Z01,23,0.12016594706
02/12/2021,FEU,Z02,23,0.07057211134
02/12/2021,FEU,Z03,23,0.13907679338
02/12/2021,FEU,Z01,24,0.1098203535
02/12/2021,FEU,Z02,24,0.06060973592
02/12/2021,FEU,Z03,24,0.06461681152
02/12/2021,FEU,Z01,3,0.07775003186
02/12/2021,FEU,Z02,3,0.02971904112
02/12/2021,FEU,Z03,3,0.02732513244
02/12/2021,FEU,Z01,4,0.07094752958
02/12/2021,FEU,Z02,4,0.02321401898
02/12/2021,FEU,Z03,4,0.0210278833
02/12/2021,FEU,Z01,5,0.07085451986
02/12/2021,FEU,Z02,5,0.02314754512
02/12/2021,FEU,Z03,5,0.02096313044
02/12/2021,FEU,Z01,6,0.07783530812
02/12/2021,FEU,Z02,6,0.0298703641
02/12/2021,FEU,Z03,6,0.02751391414
02/12/2021,FEU,Z01,7,0.09162006292
02/12/2021,FEU,Z02,7,0.0432397162
02/12/2021,FEU,Z03,7,0.04056827782
02/12/2021,FEU,Z01,8,0.11743230344
02/12/2021,FEU,Z02,8,0.06820394216
02/12/2021,FEU,Z03,8,0.0722977406
02/12/2021,FEU,Z01,9,0.11827954562
02/12/2021,FEU,Z02,9,0.06954633022
02/12/2021,FEU,Z03,9,0.07317396606
02/13/2021,FEU,Z01,1,0.09159359786
02/13/2021,FEU,Z02,1,0.04290971312
02/13/2021,FEU,Z03,1,0.04618673188
02/13/2021,FEU,Z01,10,0.10439028626
02/13/2021,FEU,Z02,10,0.05584763956
02/13/2021,FEU,Z03,10,0.05924077442
02/13/2021,FEU,Z01,11,0.10986552224
02/13/2021,FEU,Z02,11,0.0611802004
02/13/2021,FEU,Z03,11,0.06471872354
02/13/2021,FEU,Z01,12,0.10644234452
02/13/2021,FEU,Z02,12,0.05793699854
02/13/2021,FEU,Z03,12,0.06133793768
02/13/2021,FEU,Z01,13,0.10237776606
02/13/2021,FEU,Z02,13,0.1209811548
02/13/2021,FEU,Z03,13,0.05725001936
02/13/2021,FEU,Z01,14,0.10399059578
02/13/2021,FEU,Z02,14,0.12265596338
02/13/2021,FEU,Z03,14,0.12265596338
02/13/2021,FEU,Z01,15,0.10333468822
02/13/2021,FEU,Z02,15,0.12199331782
02/13/2021,FEU,Z03,15,0.12199331782
02/13/2021,FEU,Z01,16,0.09808756838
02/13/2021,FEU,Z02,16,0.11674718084
02/13/2021,FEU,Z03,16,0.11674718084
02/13/2021,FEU,Z01,17,0.0960376691
02/13/2021,FEU,Z02,17,0.1146336577
02/13/2021,FEU,Z03,17,0.1146336577
02/13/2021,FEU,Z01,18,0.10857962796
02/13/2021,FEU,Z02,18,0.12728114056
02/13/2021,FEU,Z03,18,0.12728114056
02/13/2021,FEU,Z01,19,0.12171694996
02/13/2021,FEU,Z02,19,0.14052803656
02/13/2021,FEU,Z03,19,0.14052803656
02/13/2021,FEU,Z01,2,0.08683632816
02/13/2021,FEU,Z02,2,0.0383050277
02/13/2021,FEU,Z03,2,0.03563980402
02/13/2021,FEU,Z01,20,0.1353521934
02/13/2021,FEU,Z02,20,0.154276232
02/13/2021,FEU,Z03,20,0.154276232
02/13/2021,FEU,Z01,21,0.13077342242
02/13/2021,FEU,Z02,21,0.14972833488
02/13/2021,FEU,Z03,21,0.14972833488
02/13/2021,FEU,Z01,22,0.12472286858
02/13/2021,FEU,Z02,22,0.14361933804
02/13/2021,FEU,Z03,22,0.14361933804
02/13/2021,FEU,Z01,23,0.12046503552
02/13/2021,FEU,Z02,23,0.07066915522
02/13/2021,FEU,Z03,23,0.1394346407
02/13/2021,FEU,Z01,24,0.11716662868
02/13/2021,FEU,Z02,24,0.06745650652
02/13/2021,FEU,Z03,24,0.0719539157
02/13/2021,FEU,Z01,3,0.0750253436
02/13/2021,FEU,Z02,3,0.02705691314
02/13/2021,FEU,Z03,3,0.0247296376
02/13/2021,FEU,Z01,4,0.07216267418
02/13/2021,FEU,Z02,4,0.02430602586
02/13/2021,FEU,Z03,4,0.02206909732
02/13/2021,FEU,Z01,5,0.07048288418
02/13/2021,FEU,Z02,5,0.02270869586
02/13/2021,FEU,Z03,5,0.02050789846
02/13/2021,FEU,Z01,6,0.07446105846
02/13/2021,FEU,Z02,6,0.026517232
02/13/2021,FEU,Z03,6,0.0241879176
02/13/2021,FEU,Z01,7,0.07772932844
02/13/2021,FEU,Z02,7,0.02966847484
02/13/2021,FEU,Z03,7,0.02727616216
02/13/2021,FEU,Z01,8,0.08589692526
02/13/2021,FEU,Z02,8,0.03756433824
02/13/2021,FEU,Z03,8,0.04046589942
02/13/2021,FEU,Z01,9,0.09655536716
02/13/2021,FEU,Z02,9,0.04811649902
02/13/2021,FEU,Z03,9,0.05130913832
02/14/2021,FEU,Z01,1,0.1009800836
02/14/2021,FEU,Z02,1,0.05175511414
02/14/2021,FEU,Z03,1,0.05563269448
02/14/2021,FEU,Z01,10,0.07487567474
02/14/2021,FEU,Z02,10,0.0273079576
02/14/2021,FEU,Z03,10,0.0295104149
02/14/2021,FEU,Z01,11,0.07343893028
02/14/2021,FEU,Z02,11,0.02600370686
02/14/2021,FEU,Z03,11,0.02808649358
02/14/2021,FEU,Z01,12,0.07300141442
02/14/2021,FEU,Z02,12,0.025586289
02/14/2021,FEU,Z03,12,0.02765084972
02/14/2021,FEU,Z01,13,0.06631462652
02/14/2021,FEU,Z02,13,0.08465864112
02/14/2021,FEU,Z03,13,0.02099126682
02/14/2021,FEU,Z01,14,0.06948238652
02/14/2021,FEU,Z02,14,0.08785320112
02/14/2021,FEU,Z03,14,0.08785320112
02/14/2021,FEU,Z01,15,0.0664790291
02/14/2021,FEU,Z02,15,0.08484347256
02/14/2021,FEU,Z03,15,0.08484347256
02/14/2021,FEU,Z01,16,0.06359083998
02/14/2021,FEU,Z02,16,0.08192839944
02/14/2021,FEU,Z03,16,0.08192839944
02/14/2021,FEU,Z01,17,0.06038572056
02/14/2021,FEU,Z02,17,0.07870759888
02/14/2021,FEU,Z03,17,0.07870759888
02/14/2021,FEU,Z01,18,0.06049813428
02/14/2021,FEU,Z02,18,0.07880725874
02/14/2021,FEU,Z03,18,0.07880725874
02/14/2021,FEU,Z01,19,0.07079973628
02/14/2021,FEU,Z02,19,0.08920344974
02/14/2021,FEU,Z03,19,0.08920344974
02/14/2021,FEU,Z01,2,0.09385129306
02/14/2021,FEU,Z02,2,0.04484365702
02/14/2021,FEU,Z03,2,0.04187540076
02/14/2021,FEU,Z01,20,0.08310464014
02/14/2021,FEU,Z02,20,0.1016211806
02/14/2021,FEU,Z03,20,0.1016211806
02/14/2021,FEU,Z01,21,0.08873994014
02/14/2021,FEU,Z02,21,0.10734682646
02/14/2021,FEU,Z03,21,0.10734682646
02/14/2021,FEU,Z01,22,0.085366832
02/14/2021,FEU,Z02,22,0.10390395346
02/14/2021,FEU,Z03,22,0.10390395346
02/14/2021,FEU,Z01,23,0.07564536836
02/14/2021,FEU,Z02,23,0.02791174678
02/14/2021,FEU,Z03,23,0.09414281354
02/14/2021,FEU,Z01,24,0.06522953594
02/14/2021,FEU,Z02,24,0.0179234105
02/14/2021,FEU,Z03,24,0.01975640696
02/14/2021,FEU,Z01,3,0.08608546878
02/14/2021,FEU,Z02,3,0.03746322574
02/14/2021,FEU,Z03,3,0.03474849248
02/14/2021,FEU,Z01,4,0.08034312518
02/14/2021,FEU,Z02,4,0.03208490286
02/14/2021,FEU,Z03,4,0.02959653332
02/14/2021,FEU,Z01,5,0.07946179904
02/14/2021,FEU,Z02,5,0.03124313172
02/14/2021,FEU,Z03,5,0.02875873132
02/14/2021,FEU,Z01,6,0.0788819722
02/14/2021,FEU,Z02,6,0.03065295802
02/14/2021,FEU,Z03,6,0.02816790476
02/14/2021,FEU,Z01,7,0.07836670006
02/14/2021,FEU,Z02,7,0.03013877602
02/14/2021,FEU,Z03,7,0.02767118876
02/14/2021,FEU,Z01,8,0.07840420546
02/14/2021,FEU,Z02,8,0.03024625314
02/14/2021,FEU,Z03,8,0.03288604248
02/14/2021,FEU,Z01,9,0.07578413608
02/14/2021,FEU,Z02,9,0.02801700764
02/14/2021,FEU,Z03,9,0.0303748671
02/15/2021,FEU,Z01,1,0.06339855986
02/15/2021,FEU,Z02,1,0.01604441712
02/15/2021,FEU,Z03,1,0.01783392788
02/15/2021,FEU,Z01,10,0.09988202714
02/15/2021,FEU,Z02,10,0.05204295004
02/15/2021,FEU,Z03,10,0.05478113358
02/15/2021,FEU,Z01,11,0.08168896826
02/15/2021,FEU,Z02,11,0.03445622002
02/15/2021,FEU,Z03,11,0.0365544347
02/15/2021,FEU,Z01,12,0.07084494868
02/15/2021,FEU,Z02,12,0.02398424316
02/15/2021,FEU,Z03,12,0.02568458012
02/15/2021,FEU,Z01,13,0.06963594894
02/15/2021,FEU,Z02,13,0.08796500282
02/15/2021,FEU,Z03,13,0.02450327938
02/15/2021,FEU,Z01,14,0.06760366766
02/15/2021,FEU,Z02,14,0.08589732268
02/15/2021,FEU,Z03,14,0.08589732268
02/15/2021,FEU,Z01,15,0.0610268711
02/15/2021,FEU,Z02,15,0.07929514298
02/15/2021,FEU,Z03,15,0.07929514298
02/15/2021,FEU,Z01,16,0.0590987804
02/15/2021,FEU,Z02,16,0.07735371128
02/15/2021,FEU,Z03,16,0.07735371128
02/15/2021,FEU,Z01,17,0.0589950404
02/15/2021,FEU,Z02,17,0.07724924328
02/15/2021,FEU,Z03,17,0.07724924328
02/15/2021,FEU,Z01,18,0.06218692412
02/15/2021,FEU,Z02,18,0.080463589
02/15/2021,FEU,Z03,18,0.080463589
02/15/2021,FEU,Z01,19,0.08393628956
02/15/2021,FEU,Z02,19,0.10236606444
02/15/2021,FEU,Z03,19,0.10236606444
02/15/2021,FEU,Z01,2,0.06209782718
02/15/2021,FEU,Z02,2,0.01473405586
02/15/2021,FEU,Z03,2,0.01280911932
02/15/2021,FEU,Z01,20,0.10544511816
02/15/2021,FEU,Z02,20,0.1240748819
02/15/2021,FEU,Z03,20,0.1240748819
02/15/2021,FEU,Z01,21,0.10767784904
02/15/2021,FEU,Z02,21,0.12632273378
02/15/2021,FEU,Z03,21,0.12632273378
02/15/2021,FEU,Z01,22,0.10444674564
02/15/2021,FEU,Z02,22,0.12311570624
02/15/2021,FEU,Z03,22,0.12311570624
02/15/2021,FEU,Z01,23,0.08225466186
02/15/2021,FEU,Z02,23,0.03446567644
02/15/2021,FEU,Z03,23,0.10079629218
02/15/2021,FEU,Z01,24,0.06160443888
02/15/2021,FEU,Z02,24,0.01457904974
02/15/2021,FEU,Z03,24,0.01617698604
02/15/2021,FEU,Z01,3,0.06061050304
02/15/2021,FEU,Z02,3,0.01331770572
02/15/2021,FEU,Z03,3,0.01142866332
02/15/2021,FEU,Z01,4,0.06130519076
02/15/2021,FEU,Z02,4,0.01396092358
02/15/2021,FEU,Z03,4,0.01205180018
02/15/2021,FEU,Z01,5,0.06167472218
02/15/2021,FEU,Z02,5,0.01433172086
02/15/2021,FEU,Z03,5,0.01241984932
02/15/2021,FEU,Z01,6,0.06336731588
02/15/2021,FEU,Z02,6,0.01596836242
02/15/2021,FEU,Z03,6,0.01400250388
02/15/2021,FEU,Z01,7,0.06399439094
02/15/2021,FEU,Z02,7,0.0167413605
02/15/2021,FEU,Z03,7,0.01480604026
02/15/2021,FEU,Z01,8,0.0759111313
02/15/2021,FEU,Z02,8,0.02833642702
02/15/2021,FEU,Z03,8,0.03056592346
02/15/2021,FEU,Z01,9,0.1035932869
02/15/2021,FEU,Z02,9,0.05541496436
02/15/2021,FEU,Z03,9,0.0584924462
02/16/2021,FEU,Z01,1,0.06491014838
02/16/2021,FEU,Z02,1,0.01759244708
02/16/2021,FEU,Z03,1,0.0194204264
02/16/2021,FEU,Z01,10,0.09168554156
02/16/2021,FEU,Z02,10,0.04414169232
02/16/2021,FEU,Z03,10,0.046567339
02/16/2021,FEU,Z01,11,0.08474827612
02/16/2021,FEU,Z02,11,0.03742154488
02/16/2021,FEU,Z03,11,0.03962074556
02/16/2021,FEU,Z01,12,0.07149650812
02/16/2021,FEU,Z02,12,0.02458448374
02/16/2021,FEU,Z03,12,0.02632256156
02/16/2021,FEU,Z01,13,0.06918667352
02/16/2021,FEU,Z02,13,0.08749127054
02/16/2021,FEU,Z03,13,0.0240227561
02/16/2021,FEU,Z01,14,0.06929726868
02/16/2021,FEU,Z02,14,0.08762379356
02/16/2021,FEU,Z03,14,0.08762379356
02/16/2021,FEU,Z01,15,0.06908272784
02/16/2021,FEU,Z02,15,0.08740767872
02/16/2021,FEU,Z03,15,0.08740767872
02/16/2021,FEU,Z01,16,0.06954153314
02/16/2021,FEU,Z02,16,0.08789197988
02/16/2021,FEU,Z03,16,0.08789197988
02/16/2021,FEU,Z01,17,0.082826689
02/16/2021,FEU,Z02,17,0.10124719388
02/16/2021,FEU,Z03,17,0.10124719388
02/16/2021,FEU,Z01,18,0.098949689
02/16/2021,FEU,Z02,18,0.11753141474
02/16/2021,FEU,Z03,18,0.11753141474
02/16/2021,FEU,Z01,19,0.115307289
02/16/2021,FEU,Z02,19,0.13401587174
02/16/2021,FEU,Z03,19,0.13401587174
02/16/2021,FEU,Z01,2,0.06550075384
02/16/2021,FEU,Z02,2,0.01809570682
02/16/2021,FEU,Z03,2,0.016083089
02/16/2021,FEU,Z01,20,0.13213253416
02/16/2021,FEU,Z02,20,0.1509700719
02/16/2021,FEU,Z03,20,0.1509700719
02/16/2021,FEU,Z01,21,0.1244689219
02/16/2021,FEU,Z02,21,0.14324324364
02/16/2021,FEU,Z03,21,0.14324324364
02/16/2021,FEU,Z01,22,0.11230080564
02/16/2021,FEU,Z02,22,0.13103666624
02/16/2021,FEU,Z03,22,0.13103666624
02/16/2021,FEU,Z01,23,0.11153317658
02/16/2021,FEU,Z02,23,0.0625416433
02/16/2021,FEU,Z03,23,0.1303652999
02/16/2021,FEU,Z01,24,0.10537632674
02/16/2021,FEU,Z02,24,0.0565735976
02/16/2021,FEU,Z03,24,0.0601624349
02/16/2021,FEU,Z01,3,0.06450444386
02/16/2021,FEU,Z02,3,0.01709695312
02/16/2021,FEU,Z03,3,0.01510542644
02/16/2021,FEU,Z01,4,0.0635621543
02/16/2021,FEU,Z02,4,0.0161760177
02/16/2021,FEU,Z03,4,0.01420295816
02/16/2021,FEU,Z01,5,0.06357930872
02/16/2021,FEU,Z02,5,0.01620176112
02/16/2021,FEU,Z03,5,0.0142503433
02/16/2021,FEU,Z01,6,0.06420560012
02/16/2021,FEU,Z02,6,0.0168649891
02/16/2021,FEU,Z03,6,0.01490363914
02/16/2021,FEU,Z01,7,0.06718539134
02/16/2021,FEU,Z02,7,0.01985404162
02/16/2021,FEU,Z03,7,0.01784027524
02/16/2021,FEU,Z01,8,0.07795615656
02/16/2021,FEU,Z02,8,0.030372589
02/16/2021,FEU,Z03,8,0.03265477572
02/16/2021,FEU,Z01,9,0.09409679674
02/16/2021,FEU,Z02,9,0.04632963892
02/16/2021,FEU,Z03,9,0.04897789304
02/17/2021,FEU,Z01,1,0.10808870696
02/17/2021,FEU,Z02,1,0.05884024166
02/17/2021,FEU,Z03,1,0.06283368798
02/17/2021,FEU,Z01,10,0.12415535072
02/17/2021,FEU,Z02,10,0.07557158462
02/17/2021,FEU,Z03,10,0.07919340102
02/17/2021,FEU,Z01,11,0.11812584914
02/17/2021,FEU,Z02,11,0.06973104204
02/17/2021,FEU,Z03,11,0.07308846758
02/17/2021,FEU,Z01,12,0.10952903114
02/17/2021,FEU,Z02,12,0.06139609404
02/17/2021,FEU,Z03,12,0.06446172158
02/17/2021,FEU,Z01,13,0.1001159804
02/17/2021,FEU,Z02,13,0.11865875128
02/17/2021,FEU,Z03,13,0.05504981584
02/17/2021,FEU,Z01,14,0.09579712612
02/17/2021,FEU,Z02,14,0.114309239
02/17/2021,FEU,Z03,14,0.114309239
02/17/2021,FEU,Z01,15,0.08918382356
02/17/2021,FEU,Z02,15,0.10764907644
02/17/2021,FEU,Z03,15,0.10764907644
02/17/2021,FEU,Z01,16,0.08621444186
02/17/2021,FEU,Z02,16,0.10465840174
02/17/2021,FEU,Z03,16,0.10465840174
02/17/2021,FEU,Z01,17,0.08578338272
02/17/2021,FEU,Z02,17,0.1042242376
02/17/2021,FEU,Z03,17,0.1042242376
02/17/2021,FEU,Z01,18,0.0900893933
02/17/2021,FEU,Z02,18,0.10859977304
02/17/2021,FEU,Z03,18,0.10859977304
02/17/2021,FEU,Z01,19,0.10206957644
02/17/2021,FEU,Z02,19,0.12067472018
02/17/2021,FEU,Z03,19,0.12067472018
02/17/2021,FEU,Z01,2,0.10751924756
02/17/2021,FEU,Z02,2,0.05813874568
02/17/2021,FEU,Z03,2,0.05488039986
02/17/2021,FEU,Z01,20,0.1154793576
02/17/2021,FEU,Z02,20,0.13418589634
02/17/2021,FEU,Z03,20,0.13418589634
02/17/2021,FEU,Z01,21,0.12062638262
02/17/2021,FEU,Z02,21,0.13943607222
02/17/2021,FEU,Z03,21,0.13943607222
02/17/2021,FEU,Z01,22,0.11180912336
02/17/2021,FEU,Z02,22,0.13054009996
02/17/2021,FEU,Z03,22,0.13054009996
02/17/2021,FEU,Z01,23,0.1000472813
02/17/2021,FEU,Z02,23,0.05151113702
02/17/2021,FEU,Z03,23,0.11876540762
02/17/2021,FEU,Z01,24,0.08852407574
02/17/2021,FEU,Z02,24,0.0404043576
02/17/2021,FEU,Z03,24,0.0432265499
02/17/2021,FEU,Z01,3,0.10597504928
02/17/2021,FEU,Z02,3,0.0566620934
02/17/2021,FEU,Z03,3,0.05345226158
02/17/2021,FEU,Z01,4,0.103116825
02/17/2021,FEU,Z02,4,0.05389113226
02/17/2021,FEU,Z03,4,0.05072426358
02/17/2021,FEU,Z01,5,0.10372196242
02/17/2021,FEU,Z02,5,0.05451656554
02/17/2021,FEU,Z03,5,0.05137108672
02/17/2021,FEU,Z01,6,0.10433267354
02/17/2021,FEU,Z02,6,0.05515661452
02/17/2021,FEU,Z03,6,0.05207186142
02/17/2021,FEU,Z01,7,0.10831895948
02/17/2021,FEU,Z02,7,0.05928347062
02/17/2021,FEU,Z03,7,0.05615473324
02/17/2021,FEU,Z01,8,0.11971970214
02/17/2021,FEU,Z02,8,0.07046738272
02/17/2021,FEU,Z03,8,0.0746160963
02/17/2021,FEU,Z01,9,0.1239959319
02/17/2021,FEU,Z02,9,0.07513347636
02/17/2021,FEU,Z03,9,0.0789826562
02/18/2021,FEU,Z01,1,0.08489690724
02/18/2021,FEU,Z02,1,0.03668525794
02/18/2021,FEU,Z03,1,0.03951686926
02/18/2021,FEU,Z01,10,0.11031534616
02/18/2021,FEU,Z02,10,0.06203658334
02/18/2021,FEU,Z03,10,0.06527794346
02/18/2021,FEU,Z01,11,0.10791424486
02/18/2021,FEU,Z02,11,0.0597733739
02/18/2021,FEU,Z03,11,0.0628337333
02/18/2021,FEU,Z01,12,0.104869889
02/18/2021,FEU,Z02,12,0.0568754889
02/18/2021,FEU,Z03,12,0.05978257844
02/18/2021,FEU,Z01,13,0.1000931804
02/18/2021,FEU,Z02,13,0.11863579128
02/18/2021,FEU,Z03,13,0.05502693584
02/18/2021,FEU,Z01,14,0.10399440212
02/18/2021,FEU,Z02,14,0.122563939
02/18/2021,FEU,Z03,14,0.122563939
02/18/2021,FEU,Z01,15,0.09818909156
02/18/2021,FEU,Z02,15,0.1167646133
02/18/2021,FEU,Z03,15,0.1167646133
02/18/2021,FEU,Z01,16,0.09844842086
02/18/2021,FEU,Z02,16,0.11697741274
02/18/2021,FEU,Z03,16,0.11697741274
02/18/2021,FEU,Z01,17,0.09845993086
02/18/2021,FEU,Z02,17,0.1170375976
02/18/2021,FEU,Z03,17,0.1170375976
02/18/2021,FEU,Z01,18,0.10847889244
02/18/2021,FEU,Z02,18,0.12713285918
02/18/2021,FEU,Z03,18,0.12713285918
02/18/2021,FEU,Z01,19,0.11985502444
02/18/2021,FEU,Z02,19,0.13859771318
02/18/2021,FEU,Z03,19,0.13859771318
02/18/2021,FEU,Z01,2,0.07052241212
02/18/2021,FEU,Z02,2,0.0228930841
02/18/2021,FEU,Z03,2,0.02074745314
02/18/2021,FEU,Z01,20,0.12667958846
02/18/2021,FEU,Z02,20,0.1454726162
02/18/2021,FEU,Z03,20,0.1454726162
02/18/2021,FEU,Z01,21,0.12512504234
02/18/2021,FEU,Z02,21,0.14397237794
02/18/2021,FEU,Z03,21,0.14397237794
02/18/2021,FEU,Z01,22,0.11749975694
02/18/2021,FEU,Z02,22,0.13627796254
02/18/2021,FEU,Z03,22,0.13627796254
02/18/2021,FEU,Z01,23,0.11660830288
02/18/2021,FEU,Z02,23,0.06735179674
02/18/2021,FEU,Z03,23,0.1354887692
02/18/2021,FEU,Z01,24,0.10952033918
02/18/2021,FEU,Z02,24,0.06049276718
02/18/2021,FEU,Z03,24,0.06431155334
02/18/2021,FEU,Z01,3,0.06411857556
02/18/2021,FEU,Z02,3,0.01675832968
02/18/2021,FEU,Z03,3,0.01478761686
02/18/2021,FEU,Z01,4,0.06352932128
02/18/2021,FEU,Z02,4,0.01617844954
02/18/2021,FEU,Z03,4,0.01422715072
02/18/2021,FEU,Z01,5,0.06528692842
02/18/2021,FEU,Z02,5,0.01786801854
02/18/2021,FEU,Z03,5,0.01586414272
02/18/2021,FEU,Z01,6,0.07180912412
02/18/2021,FEU,Z02,6,0.0241195591
02/18/2021,FEU,Z03,6,0.02193781714
02/18/2021,FEU,Z01,7,0.09055325692
02/18/2021,FEU,Z02,7,0.0422183062
02/18/2021,FEU,Z03,7,0.03957453982
02/18/2021,FEU,Z01,8,0.10032652916
02/18/2021,FEU,Z02,8,0.05173443802
02/18/2021,FEU,Z03,8,0.05505597646
02/18/2021,FEU,Z01,9,0.1099785662
02/18/2021,FEU,Z02,9,0.0615228918
02/18/2021,FEU,Z03,9,0.0648859355
02/19/2021,FEU,Z01,1,0.08873490254
02/19/2021,FEU,Z02,1,0.04027641652
02/19/2021,FEU,Z03,1,0.0433251407
02/19/2021,FEU,Z01,10,0.09724562586
02/19/2021,FEU,Z02,10,0.04948079176
02/19/2021,FEU,Z03,10,0.05217067816
02/19/2021,FEU,Z01,11,0.08368131184
02/19/2021,FEU,Z02,11,0.0363806446
02/19/2021,FEU,Z03,11,0.03857367314
02/19/2021,FEU,Z01,12,0.07815471956
02/19/2021,FEU,Z02,12,0.03098530046
02/19/2021,FEU,Z03,12,0.032989289
02/19/2021,FEU,Z01,13,0.07462310868
02/19/2021,FEU,Z02,13,0.0929600447
02/19/2021,FEU,Z03,13,0.02945158926
02/19/2021,FEU,Z01,14,0.0714256004
02/19/2021,FEU,Z02,14,0.08976703528
02/19/2021,FEU,Z03,14,0.08976703528
02/19/2021,FEU,Z01,15,0.06511209356
02/19/2021,FEU,Z02,15,0.08340930644
02/19/2021,FEU,Z03,15,0.08340930644
02/19/2021,FEU,Z01,16,0.061893239
02/19/2021,FEU,Z02,16,0.08018379874
02/19/2021,FEU,Z03,16,0.08018379874
02/19/2021,FEU,Z01,17,0.06185403872
02/19/2021,FEU,Z02,17,0.08014433546
02/19/2021,FEU,Z03,17,0.08014433546
02/19/2021,FEU,Z01,18,0.0730161833
02/19/2021,FEU,Z02,18,0.09139468904
02/19/2021,FEU,Z03,18,0.09139468904
02/19/2021,FEU,Z01,19,0.08051698258
02/19/2021,FEU,Z02,19,0.09895297932
02/19/2021,FEU,Z03,19,0.09895297932
02/19/2021,FEU,Z01,2,0.08595969442
02/19/2021,FEU,Z02,2,0.03758044954
02/19/2021,FEU,Z03,2,0.03496315072
02/19/2021,FEU,Z01,20,0.0987911569
02/19/2021,FEU,Z02,20,0.11736710964
02/19/2021,FEU,Z03,20,0.11736710964
02/19/2021,FEU,Z01,21,0.10220943536
02/19/2021,FEU,Z02,21,0.12090839982
02/19/2021,FEU,Z03,21,0.12090839982
02/19/2021,FEU,Z01,22,0.09916072568
02/19/2021,FEU,Z02,22,0.11778112828
02/19/2021,FEU,Z03,22,0.11778112828
02/19/2021,FEU,Z01,23,0.08486317406
02/19/2021,FEU,Z02,23,0.03677164534
02/19/2021,FEU,Z03,23,0.10342583138
02/19/2021,FEU,Z01,24,0.0768752035
02/19/2021,FEU,Z02,24,0.02909113992
02/19/2021,FEU,Z03,24,0.03148340352
02/19/2021,FEU,Z01,3,0.07983294686
02/19/2021,FEU,Z02,3,0.03170372112
02/19/2021,FEU,Z03,3,0.02924654244
02/19/2021,FEU,Z01,4,0.08055177458
02/19/2021,FEU,Z02,4,0.03235836398
02/19/2021,FEU,Z03,4,0.0298809583
02/19/2021,FEU,Z01,5,0.07978290686
02/19/2021,FEU,Z02,5,0.03165484912
02/19/2021,FEU,Z03,5,0.02919922844
02/19/2021,FEU,Z01,6,0.08107568612
02/19/2021,FEU,Z02,6,0.0329620291
02/19/2021,FEU,Z03,6,0.03051165514
02/19/2021,FEU,Z01,7,0.08591332292
02/19/2021,FEU,Z02,7,0.0377758162
02/19/2021,FEU,Z03,7,0.03525735082
02/19/2021,FEU,Z01,8,0.09429262744
02/19/2021,FEU,Z02,8,0.04598793416
02/19/2021,FEU,Z03,8,0.0490427506
02/19/2021,FEU,Z01,9,0.09969040262
02/19/2021,FEU,Z02,9,0.05159434722
02/19/2021,FEU,Z03,9,0.05452227806
02/20/2021,FEU,Z01,1,0.05891622686
02/20/2021,FEU,Z02,1,0.01177228912
02/20/2021,FEU,Z03,1,0.01332651388
02/20/2021,FEU,Z01,10,0.05857608926
02/20/2021,FEU,Z02,10,0.01176445756
02/20/2021,FEU,Z03,10,0.01319577542
02/20/2021,FEU,Z01,11,0.05923649824
02/20/2021,FEU,Z02,11,0.0124315204
02/20/2021,FEU,Z03,11,0.01387589454
02/20/2021,FEU,Z01,12,0.05789051252
02/20/2021,FEU,Z02,12,0.01115143454
02/20/2021,FEU,Z03,12,0.01253964968
02/20/2021,FEU,Z01,13,0.05748748106
02/20/2021,FEU,Z02,13,0.0757458548
02/20/2021,FEU,Z03,13,0.01216688336
02/20/2021,FEU,Z01,14,0.05747528078
02/20/2021,FEU,Z02,14,0.07574409838
02/20/2021,FEU,Z03,14,0.07574409838
02/20/2021,FEU,Z01,15,0.05762824722
02/20/2021,FEU,Z02,15,0.07589854682
02/20/2021,FEU,Z03,15,0.07589854682
02/20/2021,FEU,Z01,16,0.05815422038
02/20/2021,FEU,Z02,16,0.07644132284
02/20/2021,FEU,Z03,16,0.07644132284
02/20/2021,FEU,Z01,17,0.0554348291
02/20/2021,FEU,Z02,17,0.0736881777
02/20/2021,FEU,Z03,17,0.0736881777
02/20/2021,FEU,Z01,18,0.05668501196
02/20/2021,FEU,Z02,18,0.07494776856
02/20/2021,FEU,Z03,18,0.07494776856
02/20/2021,FEU,Z01,19,0.06055018596
02/20/2021,FEU,Z02,19,0.07884553256
02/20/2021,FEU,Z03,19,0.07884553256
02/20/2021,FEU,Z01,2,0.05901341616
02/20/2021,FEU,Z02,2,0.0118333877
02/20/2021,FEU,Z03,2,0.01000878302
02/20/2021,FEU,Z01,20,0.0616090834
02/20/2021,FEU,Z02,20,0.079913432
02/20/2021,FEU,Z03,20,0.079913432
02/20/2021,FEU,Z01,21,0.06425134442
02/20/2021,FEU,Z02,21,0.08259615088
02/20/2021,FEU,Z03,21,0.08259615088
02/20/2021,FEU,Z01,22,0.06717495758
02/20/2021,FEU,Z02,22,0.08554522004
02/20/2021,FEU,Z03,22,0.08554522004
02/20/2021,FEU,Z01,23,0.06471826752
02/20/2021,FEU,Z02,23,0.01741225922
02/20/2021,FEU,Z03,23,0.0830996357
02/20/2021,FEU,Z01,24,0.06236779668
02/20/2021,FEU,Z02,24,0.01513645852
02/20/2021,FEU,Z03,24,0.0168452357
02/20/2021,FEU,Z01,3,0.0575138636
02/20/2021,FEU,Z02,3,0.01039201214
02/20/2021,FEU,Z03,3,0.0086079576
02/20/2021,FEU,Z01,4,0.05762175518
02/20/2021,FEU,Z02,4,0.01047891286
02/20/2021,FEU,Z03,4,0.00869215332
02/20/2021,FEU,Z01,5,0.05771269118
02/20/2021,FEU,Z02,5,0.01056418386
02/20/2021,FEU,Z03,5,0.00876786646
02/20/2021,FEU,Z01,6,0.05778055046
02/20/2021,FEU,Z02,6,0.010642432
02/20/2021,FEU,Z03,6,0.0088434376
02/20/2021,FEU,Z01,7,0.06084798044
02/20/2021,FEU,Z02,7,0.01359484684
02/20/2021,FEU,Z03,7,0.01171524616
02/20/2021,FEU,Z01,8,0.06077412126
02/20/2021,FEU,Z02,8,0.01359544224
02/20/2021,FEU,Z03,8,0.01522163142
02/20/2021,FEU,Z01,9,0.06190578116
02/20/2021,FEU,Z02,9,0.01487473202
02/20/2021,FEU,Z03,9,0.01648716632
02/21/2021,FEU,Z01,1,0.0629495036
02/21/2021,FEU,Z02,1,0.01556569714
02/21/2021,FEU,Z03,1,0.01736065048
02/21/2021,FEU,Z01,10,0.06046560374
02/21/2021,FEU,Z02,10,0.0134830776
02/21/2021,FEU,Z03,10,0.0150288299
02/21/2021,FEU,Z01,11,0.06423230028
02/21/2021,FEU,Z02,11,0.01715827186
02/21/2021,FEU,Z03,11,0.01884143858
02/21/2021,FEU,Z01,12,0.06707147642
02/21/2021,FEU,Z02,12,0.019889189
02/21/2021,FEU,Z03,12,0.02169614172
02/21/2021,FEU,Z01,13,0.06378278252
02/21/2021,FEU,Z02,13,0.08210537712
02/21/2021,FEU,Z03,13,0.01844871282
02/21/2021,FEU,Z01,14,0.06751435652
02/21/2021,FEU,Z02,14,0.08586852112
02/21/2021,FEU,Z03,14,0.08586852112
02/21/2021,FEU,Z01,15,0.0660583541
02/21/2021,FEU,Z02,15,0.08441889256
02/21/2021,FEU,Z03,15,0.08441889256
02/21/2021,FEU,Z01,16,0.06319118498
02/21/2021,FEU,Z02,16,0.08152505944
02/21/2021,FEU,Z03,16,0.08152505944
02/21/2021,FEU,Z01,17,0.06357904056
02/21/2021,FEU,Z02,17,0.08193295888
02/21/2021,FEU,Z03,17,0.08193295888
02/21/2021,FEU,Z01,18,0.06378185228
02/21/2021,FEU,Z02,18,0.08212233674
02/21/2021,FEU,Z03,18,0.08212233674
02/21/2021,FEU,Z01,19,0.06490078428
02/21/2021,FEU,Z02,19,0.08325154274
02/21/2021,FEU,Z03,19,0.08325154274
02/21/2021,FEU,Z01,2,0.06209535806
02/21/2021,FEU,Z02,2,0.01468676202
02/21/2021,FEU,Z03,2,0.01274405676
02/21/2021,FEU,Z01,20,0.07457135714
02/21/2021,FEU,Z02,20,0.0930096106
02/21/2021,FEU,Z03,20,0.0930096106
02/21/2021,FEU,Z01,21,0.08594027514
02/21/2021,FEU,Z02,21,0.10451914146
02/21/2021,FEU,Z03,21,0.10451914146
02/21/2021,FEU,Z01,22,0.084757232
02/21/2021,FEU,Z02,22,0.10328876546
02/21/2021,FEU,Z03,22,0.10328876546
02/21/2021,FEU,Z01,23,0.07137643636
02/21/2021,FEU,Z02,23,0.02382618778
02/21/2021,FEU,Z03,23,0.08982861554
02/21/2021,FEU,Z01,24,0.06873587294
02/21/2021,FEU,Z02,24,0.0212745105
02/21/2021,FEU,Z03,24,0.02328271496
02/21/2021,FEU,Z01,3,0.06207286978
02/21/2021,FEU,Z02,3,0.01465785874
02/21/2021,FEU,Z03,3,0.01271650848
02/21/2021,FEU,Z01,4,0.06227717318
02/21/2021,FEU,Z02,4,0.01490459786
02/21/2021,FEU,Z03,4,0.01297412332
02/21/2021,FEU,Z01,5,0.06241928704
02/21/2021,FEU,Z02,5,0.01503776772
02/21/2021,FEU,Z03,5,0.01309264732
02/21/2021,FEU,Z01,6,0.0629587122
02/21/2021,FEU,Z02,6,0.01551959202
02/21/2021,FEU,Z03,6,0.01354859676
02/21/2021,FEU,Z01,7,0.06711453706
02/21/2021,FEU,Z02,7,0.01945320502
02/21/2021,FEU,Z03,7,0.01734859076
02/21/2021,FEU,Z01,8,0.06653693446
02/21/2021,FEU,Z02,8,0.01896246414
02/21/2021,FEU,Z03,8,0.02095289448
02/21/2021,FEU,Z01,9,0.06221964808
02/21/2021,FEU,Z02,9,0.01504900364
02/21/2021,FEU,Z03,9,0.0167330571
02/22/2021,FEU,Z01,1,0.09535285286
02/22/2021,FEU,Z02,1,0.04649167312
02/22/2021,FEU,Z03,1,0.04996702188
02/22/2021,FEU,Z01,10,0.11753181614
02/22/2021,FEU,Z02,10,0.06915399004
02/22/2021,FEU,Z03,10,0.07249236658
02/22/2021,FEU,Z01,11,0.09962092426
02/22/2021,FEU,Z02,11,0.05185383202
02/22/2021,FEU,Z03,11,0.0545492547
02/22/2021,FEU,Z01,12,0.09481805668
02/22/2021,FEU,Z02,12,0.04728323916
02/22/2021,FEU,Z03,12,0.04974195212
02/22/2021,FEU,Z01,13,0.09438249994
02/22/2021,FEU,Z02,13,0.11288690582
02/22/2021,FEU,Z03,13,0.04933750638
02/22/2021,FEU,Z01,14,0.09448301366
02/22/2021,FEU,Z02,14,0.11294303068
02/22/2021,FEU,Z03,14,0.11294303068
02/22/2021,FEU,Z01,15,0.0914119561
02/22/2021,FEU,Z02,15,0.10989439598
02/22/2021,FEU,Z03,15,0.10989439598
02/22/2021,FEU,Z01,16,0.0912388004
02/22/2021,FEU,Z02,16,0.10971927528
02/22/2021,FEU,Z03,16,0.10971927528
02/22/2021,FEU,Z01,17,0.0946759004
02/22/2021,FEU,Z02,17,0.11318164328
02/22/2021,FEU,Z03,17,0.11318164328
02/22/2021,FEU,Z01,18,0.10595293212
02/22/2021,FEU,Z02,18,0.124537339
02/22/2021,FEU,Z03,18,0.124537339
02/22/2021,FEU,Z01,19,0.12875291156
02/22/2021,FEU,Z02,19,0.14749438844
02/22/2021,FEU,Z03,19,0.14749438844
02/22/2021,FEU,Z01,2,0.08399824718
02/22/2021,FEU,Z02,2,0.03555939586
02/22/2021,FEU,Z03,2,0.03295819932
02/22/2021,FEU,Z01,20,0.12959742616
02/22/2021,FEU,Z02,20,0.1484152269
02/22/2021,FEU,Z03,20,0.1484152269
02/22/2021,FEU,Z01,21,0.12500166104
02/22/2021,FEU,Z02,21,0.14378166578
02/22/2021,FEU,Z03,21,0.14378166578
02/22/2021,FEU,Z01,22,0.12258739364
02/22/2021,FEU,Z02,22,0.14141087424
02/22/2021,FEU,Z03,22,0.14141087424
02/22/2021,FEU,Z01,23,0.11393223786
02/22/2021,FEU,Z02,23,0.06490358044
02/22/2021,FEU,Z03,23,0.13278916718
02/22/2021,FEU,Z01,24,0.10904139088
02/22/2021,FEU,Z02,24,0.06009182074
02/22/2021,FEU,Z03,24,0.06384955204
02/22/2021,FEU,Z01,3,0.08295170304
02/22/2021,FEU,Z02,3,0.03456305572
02/22/2021,FEU,Z03,3,0.03196701332
02/22/2021,FEU,Z01,4,0.08368174076
02/22/2021,FEU,Z02,4,0.03522515158
02/22/2021,FEU,Z03,4,0.03260782518
02/22/2021,FEU,Z01,5,0.08576771018
02/22/2021,FEU,Z02,5,0.03724199686
02/22/2021,FEU,Z03,5,0.03458616132
02/22/2021,FEU,Z01,6,0.09159180388
02/22/2021,FEU,Z02,6,0.04282545142
02/22/2021,FEU,Z03,6,0.03998339188
02/22/2021,FEU,Z01,7,0.09710856694
02/22/2021,FEU,Z02,7,0.0484017355
02/22/2021,FEU,Z03,7,0.04554914426
02/22/2021,FEU,Z01,8,0.1046600213
02/22/2021,FEU,Z02,8,0.05594013302
02/22/2021,FEU,Z03,8,0.05945796146
02/22/2021,FEU,Z01,9,0.1159178219
02/22/2021,FEU,Z02,9,0.06732579236
02/22/2021,FEU,Z03,9,0.0708698762
02/23/2021,FEU,Z01,1,0.10742028938
02/23/2021,FEU,Z02,1,0.05820635308
02/23/2021,FEU,Z03,1,0.0621719064
02/23/2021,FEU,Z01,10,0.11785101356
02/23/2021,FEU,Z02,10,0.06953087632
02/23/2021,FEU,Z03,10,0.072824139
02/23/2021,FEU,Z01,11,0.11072991812
02/23/2021,FEU,Z02,11,0.06262965288
02/23/2021,FEU,Z03,11,0.06569339156
02/23/2021,FEU,Z01,12,0.10176750212
02/23/2021,FEU,Z02,12,0.05398074674
02/23/2021,FEU,Z03,12,0.05669958356
02/23/2021,FEU,Z01,13,0.09907826552
02/23/2021,FEU,Z02,13,0.11756770454
02/23/2021,FEU,Z03,13,0.0539947011
02/23/2021,FEU,Z01,14,0.09823888468
02/23/2021,FEU,Z02,14,0.11676886556
02/23/2021,FEU,Z03,14,0.11676886556
02/23/2021,FEU,Z01,15,0.09860593584
02/23/2021,FEU,Z02,15,0.11713734272
02/23/2021,FEU,Z03,15,0.11713734272
02/23/2021,FEU,Z01,16,0.09326838314
02/23/2021,FEU,Z02,16,0.11180467988
02/23/2021,FEU,Z03,16,0.11180467988
02/23/2021,FEU,Z01,17,0.092808689
02/23/2021,FEU,Z02,17,0.11129863388
02/23/2021,FEU,Z03,17,0.11129863388
02/23/2021,FEU,Z01,18,0.100141089
02/23/2021,FEU,Z02,18,0.11873097974
02/23/2021,FEU,Z03,18,0.11873097974
02/23/2021,FEU,Z01,19,0.111699739
02/23/2021,FEU,Z02,19,0.13038008874
02/23/2021,FEU,Z03,19,0.13038008874
02/23/2021,FEU,Z01,2,0.10633132184
02/23/2021,FEU,Z02,2,0.05705542082
02/23/2021,FEU,Z03,2,0.053829539
02/23/2021,FEU,Z01,20,0.12043150216
02/23/2021,FEU,Z02,20,0.1391791069
02/23/2021,FEU,Z03,20,0.1391791069
02/23/2021,FEU,Z01,21,0.1133862769
02/23/2021,FEU,Z02,21,0.13207498164
02/23/2021,FEU,Z03,21,0.13207498164
02/23/2021,FEU,Z01,22,0.10568648964
02/23/2021,FEU,Z02,22,0.12436601024
02/23/2021,FEU,Z03,22,0.12436601024
02/23/2021,FEU,Z01,23,0.10234827158
02/23/2021,FEU,Z02,23,0.0537243733
02/23/2021,FEU,Z03,23,0.1210887749
02/23/2021,FEU,Z01,24,0.09731229674
02/23/2021,FEU,Z02,24,0.0488363976
02/23/2021,FEU,Z03,24,0.0520583849
02/23/2021,FEU,Z01,3,0.10550096486
02/23/2021,FEU,Z02,3,0.05616117712
02/23/2021,FEU,Z03,3,0.05292316044
02/23/2021,FEU,Z01,4,0.1041174793
02/23/2021,FEU,Z02,4,0.0547924427
02/23/2021,FEU,Z03,4,0.05155909816
02/23/2021,FEU,Z01,5,0.10385990472
02/23/2021,FEU,Z02,5,0.05455197712
02/23/2021,FEU,Z03,5,0.0514090033
02/23/2021,FEU,Z01,6,0.10507112612
02/23/2021,FEU,Z02,6,0.0558562291
02/23/2021,FEU,Z03,6,0.05271033514
02/23/2021,FEU,Z01,7,0.10903975634
02/23/2021,FEU,Z02,7,0.05992298662
02/23/2021,FEU,Z03,7,0.05677616524
02/23/2021,FEU,Z01,8,0.12358594856
02/23/2021,FEU,Z02,8,0.074248539
02/23/2021,FEU,Z03,8,0.07851347972
02/23/2021,FEU,Z01,9,0.12220718274
02/23/2021,FEU,Z02,9,0.07354262692
02/23/2021,FEU,Z03,9,0.07720954904
02/24/2021,FEU,Z01,1,0.08240339096
02/24/2021,FEU,Z02,1,0.03429669966
02/24/2021,FEU,Z03,1,0.03700166198
02/24/2021,FEU,Z01,10,0.09587605472
02/24/2021,FEU,Z02,10,0.04815146862
02/24/2021,FEU,Z03,10,0.05079136502
02/24/2021,FEU,Z01,11,0.09008335514
02/24/2021,FEU,Z02,11,0.04254275804
02/24/2021,FEU,Z03,11,0.04494834958
02/24/2021,FEU,Z01,12,0.08191856114
02/24/2021,FEU,Z02,12,0.03462556004
02/24/2021,FEU,Z03,12,0.03675513158
02/24/2021,FEU,Z01,13,0.0754646204
02/24/2021,FEU,Z02,13,0.09383439928
02/24/2021,FEU,Z03,13,0.03031195984
02/24/2021,FEU,Z01,14,0.06683600612
02/24/2021,FEU,Z02,14,0.085145239
02/24/2021,FEU,Z03,14,0.085145239
02/24/2021,FEU,Z01,15,0.05910819956
02/24/2021,FEU,Z02,15,0.07736465444
02/24/2021,FEU,Z03,15,0.07736465444
02/24/2021,FEU,Z01,16,0.05714133286
02/24/2021,FEU,Z02,16,0.07538322074
02/24/2021,FEU,Z03,16,0.07538322074
02/24/2021,FEU,Z01,17,0.05745685472
02/24/2021,FEU,Z02,17,0.0757009976
02/24/2021,FEU,Z03,17,0.0757009976
02/24/2021,FEU,Z01,18,0.0722781383
02/24/2021,FEU,Z02,18,0.09064972904
02/24/2021,FEU,Z03,18,0.09064972904
02/24/2021,FEU,Z01,19,0.09433777644
02/24/2021,FEU,Z02,19,0.11288145718
02/24/2021,FEU,Z03,19,0.11288145718
02/24/2021,FEU,Z01,2,0.07915904156
02/24/2021,FEU,Z02,2,0.03109867768
02/24/2021,FEU,Z03,2,0.02868133786
02/24/2021,FEU,Z01,20,0.1151139576
02/24/2021,FEU,Z02,20,0.13381766134
02/24/2021,FEU,Z03,20,0.13381766134
02/24/2021,FEU,Z01,21,0.11386128362
02/24/2021,FEU,Z02,21,0.13261300322
02/24/2021,FEU,Z03,21,0.13261300322
02/24/2021,FEU,Z01,22,0.10622077136
02/24/2021,FEU,Z02,22,0.12490422796
02/24/2021,FEU,Z03,22,0.12490422796
02/24/2021,FEU,Z01,23,0.1069724163
02/24/2021,FEU,Z02,23,0.05815925902
02/24/2021,FEU,Z03,23,0.12575828962
02/24/2021,FEU,Z01,24,0.09914151374
02/24/2021,FEU,Z02,24,0.0505914776
02/24/2021,FEU,Z03,24,0.0538966799
02/24/2021,FEU,Z01,3,0.07867005728
02/24/2021,FEU,Z02,3,0.0306272734
02/24/2021,FEU,Z03,3,0.02822692758
02/24/2021,FEU,Z01,4,0.073979325
02/24/2021,FEU,Z02,4,0.02612892226
02/24/2021,FEU,Z03,4,0.02384898658
02/24/2021,FEU,Z01,5,0.06998313042
02/24/2021,FEU,Z02,5,0.02234698154
02/24/2021,FEU,Z03,5,0.02020372672
02/24/2021,FEU,Z01,6,0.07813154054
02/24/2021,FEU,Z02,6,0.03016086052
02/24/2021,FEU,Z03,6,0.02781625242
02/24/2021,FEU,Z01,7,0.08015027348
02/24/2021,FEU,Z02,7,0.03229426162
02/24/2021,FEU,Z03,7,0.02992871524
02/24/2021,FEU,Z01,8,0.09441240914
02/24/2021,FEU,Z02,8,0.04615211872
02/24/2021,FEU,Z03,8,0.0491821613
02/24/2021,FEU,Z01,9,0.1071057619
02/24/2021,FEU,Z02,9,0.05880985436
02/24/2021,FEU,Z03,9,0.0620199962
02/25/2021,FEU,Z01,1,0.10001834324
02/25/2021,FEU,Z02,1,0.05113154494
02/25/2021,FEU,Z03,1,0.05472408326
02/25/2021,FEU,Z01,10,0.11157076216
02/25/2021,FEU,Z02,10,0.06325181734
02/25/2021,FEU,Z03,10,0.06653878946
02/25/2021,FEU,Z01,11,0.10318133286
02/25/2021,FEU,Z02,11,0.0551896089
02/25/2021,FEU,Z03,11,0.0580843733
02/25/2021,FEU,Z01,12,0.101868389
02/25/2021,FEU,Z02,12,0.0539664539
02/25/2021,FEU,Z03,12,0.05677179244
02/25/2021,FEU,Z01,13,0.1011579404
02/25/2021,FEU,Z02,13,0.11970802328
02/25/2021,FEU,Z03,13,0.05609543184
02/25/2021,FEU,Z01,14,0.10044620812
02/25/2021,FEU,Z02,14,0.118990889
02/25/2021,FEU,Z03,14,0.118990889
02/25/2021,FEU,Z01,15,0.10276163156
02/25/2021,FEU,Z02,15,0.1213730633
02/25/2021,FEU,Z03,15,0.1213730633
02/25/2021,FEU,Z01,16,0.10735255686
02/25/2021,FEU,Z02,16,0.12594343674
02/25/2021,FEU,Z03,16,0.12594343674
02/25/2021,FEU,Z01,17,0.11270470686
02/25/2021,FEU,Z02,17,0.1313925976
02/25/2021,FEU,Z03,17,0.1313925976
02/25/2021,FEU,Z01,18,0.11741777644
02/25/2021,FEU,Z02,18,0.13614145718
02/25/2021,FEU,Z03,18,0.13614145718
02/25/2021,FEU,Z01,19,0.12348666244
02/25/2021,FEU,Z02,19,0.14225767418
02/25/2021,FEU,Z03,19,0.14225767418
02/25/2021,FEU,Z01,2,0.10030557212
02/25/2021,FEU,Z02,2,0.0513081991
02/25/2021,FEU,Z03,2,0.04830047314
02/25/2021,FEU,Z01,20,0.13084061246
02/25/2021,FEU,Z02,20,0.1496658962
02/25/2021,FEU,Z03,20,0.1496658962
02/25/2021,FEU,Z01,21,0.12036604334
02/25/2021,FEU,Z02,21,0.13917266894
02/25/2021,FEU,Z03,21,0.13917266894
02/25/2021,FEU,Z01,22,0.11728399994
02/25/2021,FEU,Z02,22,0.13606037554
02/25/2021,FEU,Z03,22,0.13606037554
02/25/2021,FEU,Z01,23,0.11193575888
02/25/2021,FEU,Z02,23,0.06286878474
02/25/2021,FEU,Z03,23,0.1307698092
02/25/2021,FEU,Z01,24,0.10628162918
02/25/2021,FEU,Z02,24,0.05738755718
02/25/2021,FEU,Z03,24,0.06105682334
02/25/2021,FEU,Z01,3,0.09867763156
02/25/2021,FEU,Z02,3,0.04970869768
02/25/2021,FEU,Z03,3,0.04671175286
02/25/2021,FEU,Z01,4,0.09834727328
02/25/2021,FEU,Z02,4,0.04935036054
02/25/2021,FEU,Z03,4,0.04636564672
02/25/2021,FEU,Z01,5,0.10225299642
02/25/2021,FEU,Z02,5,0.05311592354
02/25/2021,FEU,Z03,5,0.05001518272
02/25/2021,FEU,Z01,6,0.10692543212
02/25/2021,FEU,Z02,6,0.0576242491
02/25/2021,FEU,Z03,6,0.05442464314
02/25/2021,FEU,Z01,7,0.11045230492
02/25/2021,FEU,Z02,7,0.0612705862
02/25/2021,FEU,Z03,7,0.05809058482
02/25/2021,FEU,Z01,8,0.12183915716
02/25/2021,FEU,Z02,8,0.07237300402
02/25/2021,FEU,Z03,8,0.07665779446
02/25/2021,FEU,Z01,9,0.1174490162
02/25/2021,FEU,Z02,9,0.0687390718
02/25/2021,FEU,Z03,9,0.0723883105
02/26/2021,FEU,Z01,1,0.11194261154
02/26/2021,FEU,Z02,1,0.06241645852
02/26/2021,FEU,Z03,1,0.0666452357
02/26/2021,FEU,Z01,10,0.11742610886
02/26/2021,FEU,Z02,10,0.06904761976
02/26/2021,FEU,Z03,10,0.07243882616
02/26/2021,FEU,Z01,11,0.11131119984
02/26/2021,FEU,Z02,11,0.0631893646
02/26/2021,FEU,Z03,11,0.06632432114
02/26/2021,FEU,Z01,12,0.10572862556
02/26/2021,FEU,Z02,12,0.05771707146
02/26/2021,FEU,Z03,12,0.060659439
02/26/2021,FEU,Z01,13,0.10394595468
02/26/2021,FEU,Z02,13,0.1224632597
02/26/2021,FEU,Z03,13,0.05885173626
02/26/2021,FEU,Z01,14,0.0996873404
02/26/2021,FEU,Z02,14,0.11822825128
02/26/2021,FEU,Z03,14,0.11822825128
02/26/2021,FEU,Z01,15,0.09859592156
02/26/2021,FEU,Z02,15,0.11712687844
02/26/2021,FEU,Z03,15,0.11712687844
02/26/2021,FEU,Z01,16,0.100152589
02/26/2021,FEU,Z02,16,0.11874256974
02/26/2021,FEU,Z03,16,0.11874256974
02/26/2021,FEU,Z01,17,0.10352533472
02/26/2021,FEU,Z02,17,0.12214118846
02/26/2021,FEU,Z03,17,0.12214118846
02/26/2021,FEU,Z01,18,0.1135878683
02/26/2021,FEU,Z02,18,0.13228251704
02/26/2021,FEU,Z03,18,0.13228251704
02/26/2021,FEU,Z01,19,0.12157992458
02/26/2021,FEU,Z02,19,0.14033644732
02/26/2021,FEU,Z03,19,0.14033644732
02/26/2021,FEU,Z01,2,0.10883715642
02/26/2021,FEU,Z02,2,0.05939265454
02/26/2021,FEU,Z03,2,0.05609659072
02/26/2021,FEU,Z01,20,0.1217241819
02/26/2021,FEU,Z02,20,0.14047847364
02/26/2021,FEU,Z03,20,0.14047847364
02/26/2021,FEU,Z01,21,0.11896037936
02/26/2021,FEU,Z02,21,0.13781602782
02/26/2021,FEU,Z03,21,0.13781602782
02/26/2021,FEU,Z01,22,0.11230713368
02/26/2021,FEU,Z02,22,0.13103819628
02/26/2021,FEU,Z03,22,0.13103819628
02/26/2021,FEU,Z01,23,0.11119159706
02/26/2021,FEU,Z02,23,0.06197996134
02/26/2021,FEU,Z03,23,0.13001301038
02/26/2021,FEU,Z01,24,0.1066488285
02/26/2021,FEU,Z02,24,0.05757659992
02/26/2021,FEU,Z03,24,0.06142716352
02/26/2021,FEU,Z01,3,0.10139893586
02/26/2021,FEU,Z02,3,0.05225260912
02/26/2021,FEU,Z03,3,0.04913919444
02/26/2021,FEU,Z01,4,0.10038425858
02/26/2021,FEU,Z02,4,0.05123997498
02/26/2021,FEU,Z03,4,0.0481611433
02/26/2021,FEU,Z01,5,0.10015419086
02/26/2021,FEU,Z02,5,0.05106656912
02/26/2021,FEU,Z03,5,0.04799096444
02/26/2021,FEU,Z01,6,0.10664722412
02/26/2021,FEU,Z02,6,0.0573599941
02/26/2021,FEU,Z03,6,0.05416841614
02/26/2021,FEU,Z01,7,0.11757412092
02/26/2021,FEU,Z02,7,0.0680893462
02/26/2021,FEU,Z03,7,0.06471588382
02/26/2021,FEU,Z01,8,0.12081795144
02/26/2021,FEU,Z02,8,0.07145461416
02/26/2021,FEU,Z03,8,0.0757002606
02/26/2021,FEU,Z01,9,0.12061354562
02/26/2021,FEU,Z02,9,0.07180033022
02/26/2021,FEU,Z03,9,0.07551596606
02/27/2021,FEU,Z01,1,0.10666939886
02/27/2021,FEU,Z02,1,0.05727450512
02/27/2021,FEU,Z03,1,0.06134688988
02/27/2021,FEU,Z01,10,0.08718510026
02/27/2021,FEU,Z02,10,0.03929137756
02/27/2021,FEU,Z03,10,0.04194891242
02/27/2021,FEU,Z01,11,0.08834987424
02/27/2021,FEU,Z02,11,0.0404629804
02/27/2021,FEU,Z03,11,0.04311221554
02/27/2021,FEU,Z01,12,0.08937899252
02/27/2021,FEU,Z02,12,0.04149325554
02/27/2021,FEU,Z03,12,0.04418796968
02/27/2021,FEU,Z01,13,0.08906349606
02/27/2021,FEU,Z02,13,0.1075633748
02/27/2021,FEU,Z03,13,0.04387772336
02/27/2021,FEU,Z01,14,0.09028409078
02/27/2021,FEU,Z02,14,0.10883260838
02/27/2021,FEU,Z03,14,0.10883260838
02/27/2021,FEU,Z01,15,0.09005930522
02/27/2021,FEU,Z02,15,0.10860514482
02/27/2021,FEU,Z03,15,0.10860514482
02/27/2021,FEU,Z01,16,0.08660655338
02/27/2021,FEU,Z02,16,0.10515821684
02/27/2021,FEU,Z03,16,0.10515821684
02/27/2021,FEU,Z01,17,0.0865102691
02/27/2021,FEU,Z02,17,0.1050246627
02/27/2021,FEU,Z03,17,0.1050246627
02/27/2021,FEU,Z01,18,0.08380052996
02/27/2021,FEU,Z02,18,0.10229191656
02/27/2021,FEU,Z03,18,0.10229191656
02/27/2021,FEU,Z01,19,0.08902604596
02/27/2021,FEU,Z02,19,0.10756149256
02/27/2021,FEU,Z03,19,0.10756149256
02/27/2021,FEU,Z01,2,0.09880977616
02/27/2021,FEU,Z02,2,0.0496969627
02/27/2021,FEU,Z03,2,0.04666948502
02/27/2021,FEU,Z01,20,0.0994832134
02/27/2021,FEU,Z02,20,0.118105832
02/27/2021,FEU,Z03,20,0.118105832
02/27/2021,FEU,Z01,21,0.10792748042
02/27/2021,FEU,Z02,21,0.12667244688
02/27/2021,FEU,Z03,21,0.12667244688
02/27/2021,FEU,Z01,22,0.10138346558
02/27/2021,FEU,Z02,22,0.12006652404
02/27/2021,FEU,Z03,22,0.12006652404
02/27/2021,FEU,Z01,23,0.09094631552
02/27/2021,FEU,Z02,23,0.04246941222
02/27/2021,FEU,Z03,23,0.1096044407
02/27/2021,FEU,Z01,24,0.08754252668
02/27/2021,FEU,Z02,24,0.03917242852
02/27/2021,FEU,Z03,24,0.0421623107
02/27/2021,FEU,Z01,3,0.0900684836
02/27/2021,FEU,Z02,3,0.04137177414
02/27/2021,FEU,Z03,3,0.0385788776
02/27/2021,FEU,Z01,4,0.08879385818
02/27/2021,FEU,Z02,4,0.04011959286
02/27/2021,FEU,Z03,4,0.03737031332
02/27/2021,FEU,Z01,5,0.08869029218
02/27/2021,FEU,Z02,5,0.04002231186
02/27/2021,FEU,Z03,5,0.03724487446
02/27/2021,FEU,Z01,6,0.08837745446
02/27/2021,FEU,Z02,6,0.039759232
02/27/2021,FEU,Z03,6,0.0369896776
02/27/2021,FEU,Z01,7,0.08810492444
02/27/2021,FEU,Z02,7,0.03954763084
02/27/2021,FEU,Z03,7,0.03684206216
02/27/2021,FEU,Z01,8,0.08972665126
02/27/2021,FEU,Z02,8,0.04121816224
02/27/2021,FEU,Z03,8,0.04431414142
02/27/2021,FEU,Z01,9,0.08775277316
02/27/2021,FEU,Z02,9,0.03967155602
02/27/2021,FEU,Z03,9,0.04246275032
02/28/2021,FEU,Z01,1,0.0758443436
02/28/2021,FEU,Z02,1,0.02783626314
02/28/2021,FEU,Z03,1,0.03033736248
02/28/2021,FEU,Z01,10,0.07314438674
02/28/2021,FEU,Z02,10,0.0256479976
02/28/2021,FEU,Z03,10,0.0277705349
02/28/2021,FEU,Z01,11,0.07345091028
02/28/2021,FEU,Z02,11,0.02601521686
02/28/2021,FEU,Z03,11,0.02809852358
02/28/2021,FEU,Z01,12,0.07263752642
02/28/2021,FEU,Z02,12,0.025235539
02/28/2021,FEU,Z03,12,0.02728544172
02/28/2021,FEU,Z01,13,0.07254258452
02/28/2021,FEU,Z02,13,0.09093928912
02/28/2021,FEU,Z03,13,0.02724556982
02/28/2021,FEU,Z01,14,0.07416192452
02/28/2021,FEU,Z02,14,0.09257352112
02/28/2021,FEU,Z03,14,0.09257352112
02/28/2021,FEU,Z01,15,0.0742869941
02/28/2021,FEU,Z02,15,0.09272391656
02/28/2021,FEU,Z03,15,0.09272391656
02/28/2021,FEU,Z01,16,0.07234745998
02/28/2021,FEU,Z02,16,0.09076575944
02/28/2021,FEU,Z03,16,0.09076575944
02/28/2021,FEU,Z01,17,0.07161735656
02/28/2021,FEU,Z02,17,0.09005192688
02/28/2021,FEU,Z03,17,0.09005192688
02/28/2021,FEU,Z01,18,0.07296452228
02/28/2021,FEU,Z02,18,0.09138811274
02/28/2021,FEU,Z03,18,0.09138811274
02/28/2021,FEU,Z01,19,0.07727013428
02/28/2021,FEU,Z02,19,0.09573325874
02/28/2021,FEU,Z03,19,0.09573325874
02/28/2021,FEU,Z01,2,0.07607000306
02/28/2021,FEU,Z02,2,0.02795772702
02/28/2021,FEU,Z03,2,0.02556306076
02/28/2021,FEU,Z01,20,0.09521573914
02/28/2021,FEU,Z02,20,0.1138446006
02/28/2021,FEU,Z03,20,0.1138446006
02/28/2021,FEU,Z01,21,0.10332337714
02/28/2021,FEU,Z02,21,0.12207500846
02/28/2021,FEU,Z03,21,0.12207500846
02/28/2021,FEU,Z01,22,0.101581232
02/28/2021,FEU,Z02,22,0.12026819646
02/28/2021,FEU,Z03,22,0.12026819646
02/28/2021,FEU,Z01,23,0.09396671236
02/28/2021,FEU,Z02,23,0.04544105878
02/28/2021,FEU,Z03,23,0.11265842954
02/28/2021,FEU,Z01,24,0.08853629194
02/28/2021,FEU,Z02,24,0.0402061105
02/28/2021,FEU,Z03,24,0.04319591096
02/28/2021,FEU,Z01,3,0.07521659478
02/28/2021,FEU,Z02,3,0.02714078374
02/28/2021,FEU,Z03,3,0.02477610848
02/28/2021,FEU,Z01,4,0.07430472218
02/28/2021,FEU,Z02,4,0.02634172086
02/28/2021,FEU,Z03,4,0.02403984932
02/28/2021,FEU,Z01,5,0.07449554304
02/28/2021,FEU,Z02,5,0.02652047372
02/28/2021,FEU,Z03,5,0.02419323332
02/28/2021,FEU,Z01,6,0.0756587122
02/28/2021,FEU,Z02,6,0.02758959202
02/28/2021,FEU,Z03,6,0.02520859676
02/28/2021,FEU,Z01,7,0.07603187306
02/28/2021,FEU,Z02,7,0.02792031002
02/28/2021,FEU,Z03,7,0.02552808076
02/28/2021,FEU,Z01,8,0.07599695646
02/28/2021,FEU,Z02,8,0.02795736214
02/28/2021,FEU,Z03,8,0.03046543048
02/28/2021,FEU,Z01,9,0.07504856408
02/28/2021,FEU,Z02,9,0.02731378164
02/28/2021,FEU,Z03,9,0.0296351021
03/01/2021,FEU,Z01,1,0.10106194202
03/01/2021,FEU,Z02,1,0.05183687256
03/01/2021,FEU,Z03,1,0.05568495104
03/01/2021,FEU,Z01,10,0.11676350106
03/01/2021,FEU,Z02,10,0.06807410266
03/01/2021,FEU,Z03,10,0.07169600336
03/01/2021,FEU,Z01,11,0.11227299662
03/01/2021,FEU,Z02,11,0.06374566122
03/01/2021,FEU,Z03,11,0.06714682906
03/01/2021,FEU,Z01,12,0.10458880448
03/01/2021,FEU,Z02,12,0.05637071394
03/01/2021,FEU,Z03,12,0.05948077778
03/01/2021,FEU,Z01,13,0.1055520776
03/01/2021,FEU,Z02,13,0.12418159434
03/01/2021,FEU,Z03,13,0.06042932504
03/01/2021,FEU,Z01,14,0.10118060474
03/01/2021,FEU,Z02,14,0.11977644448
03/01/2021,FEU,Z03,14,0.11977644448
03/01/2021,FEU,Z01,15,0.10110571418
03/01/2021,FEU,Z02,15,0.11974924178
03/01/2021,FEU,Z03,15,0.11974924178
03/01/2021,FEU,Z01,16,0.10015253462
03/01/2021,FEU,Z02,16,0.11873972336
03/01/2021,FEU,Z03,16,0.11873972336
03/01/2021,FEU,Z01,17,0.10024872234
03/01/2021,FEU,Z02,17,0.11888443694
03/01/2021,FEU,Z03,17,0.11888443694
03/01/2021,FEU,Z01,18,0.10237776606
03/01/2021,FEU,Z02,18,0.12103112866
03/01/2021,FEU,Z03,18,0.12103112866
03/01/2021,FEU,Z01,19,0.11252738764
03/01/2021,FEU,Z02,19,0.13126517824
03/01/2021,FEU,Z03,19,0.13126517824
03/01/2021,FEU,Z01,2,0.09825719876
03/01/2021,FEU,Z02,2,0.04911303944
03/01/2021,FEU,Z03,2,0.04603623304
03/01/2021,FEU,Z01,20,0.1312547948
03/01/2021,FEU,Z02,20,0.1501491834
03/01/2021,FEU,Z03,20,0.1501491834
03/01/2021,FEU,Z01,21,0.1213860041
03/01/2021,FEU,Z02,21,0.1401947077
03/01/2021,FEU,Z03,21,0.1401947077
03/01/2021,FEU,Z01,22,0.11460417284
03/01/2021,FEU,Z02,22,0.1334116963
03/01/2021,FEU,Z03,22,0.1334116963
03/01/2021,FEU,Z01,23,0.1134635035
03/01/2021,FEU,Z02,23,0.06409643592
03/01/2021,FEU,Z03,23,0.13236241468
03/01/2021,FEU,Z01,24,0.10981308212
03/01/2021,FEU,Z02,24,0.0603793741
03/01/2021,FEU,Z03,24,0.06454320414
03/01/2021,FEU,Z01,3,0.09193186248
03/01/2021,FEU,Z02,3,0.0430595113
03/01/2021,FEU,Z03,3,0.04015104904
03/01/2021,FEU,Z01,4,0.0909888822
03/01/2021,FEU,Z02,4,0.04212619516
03/01/2021,FEU,Z03,4,0.03928338276
03/01/2021,FEU,Z01,5,0.0926005122
03/01/2021,FEU,Z02,5,0.04369097202
03/01/2021,FEU,Z03,5,0.04076303676
03/01/2021,FEU,Z01,6,0.0935389229
03/01/2021,FEU,Z02,6,0.04459374572
03/01/2021,FEU,Z03,6,0.04169899618
03/01/2021,FEU,Z01,7,0.1006179464
03/01/2021,FEU,Z02,7,0.05165157024
03/01/2021,FEU,Z03,7,0.04863230728
03/01/2021,FEU,Z01,8,0.11389966762
03/01/2021,FEU,Z02,8,0.06463198276
03/01/2021,FEU,Z03,8,0.06869701978
03/01/2021,FEU,Z01,9,0.11408081768
03/01/2021,FEU,Z02,9,0.06517585198
03/01/2021,FEU,Z03,9,0.06893643598
03/02/2021,FEU,Z01,1,0.11114683614
03/02/2021,FEU,Z02,1,0.0615434734
03/02/2021,FEU,Z03,1,0.06585717616
03/02/2021,FEU,Z01,10,0.12262101022
03/02/2021,FEU,Z02,10,0.0735961261
03/02/2021,FEU,Z03,10,0.07755523052
03/02/2021,FEU,Z01,11,0.11561006606
03/02/2021,FEU,Z02,11,0.06696119866
03/02/2021,FEU,Z03,11,0.07053764336
03/02/2021,FEU,Z01,12,0.11029606806
03/02/2021,FEU,Z02,12,0.06182872066
03/02/2021,FEU,Z03,12,0.06520095536
03/02/2021,FEU,Z01,13,0.10919644532
03/02/2021,FEU,Z02,13,0.12785365306
03/02/2021,FEU,Z03,13,0.06407867876
03/02/2021,FEU,Z01,14,0.10815778474
03/02/2021,FEU,Z02,14,0.12680780448
03/02/2021,FEU,Z03,14,0.12680780448
03/02/2021,FEU,Z01,15,0.10756848332
03/02/2021,FEU,Z02,15,0.12626790792
03/02/2021,FEU,Z03,15,0.12626790792
03/02/2021,FEU,Z01,16,0.1079457269
03/02/2021,FEU,Z02,16,0.12659240164
03/02/2021,FEU,Z03,16,0.12659240164
03/02/2021,FEU,Z01,17,0.11542218276
03/02/2021,FEU,Z02,17,0.1341274605
03/02/2021,FEU,Z03,17,0.1341274605
03/02/2021,FEU,Z01,18,0.11982012034
03/02/2021,FEU,Z02,18,0.13862207594
03/02/2021,FEU,Z03,18,0.13862207594
03/02/2021,FEU,Z01,19,0.12123320806
03/02/2021,FEU,Z02,19,0.14004640966
03/02/2021,FEU,Z03,19,0.14004640966
03/02/2021,FEU,Z01,2,0.11133306932
03/02/2021,FEU,Z02,2,0.061554832
03/02/2021,FEU,Z03,2,0.05810688346
03/02/2021,FEU,Z01,20,0.14677865936
03/02/2021,FEU,Z02,20,0.16580699596
03/02/2021,FEU,Z03,20,0.16580699596
03/02/2021,FEU,Z01,21,0.12867855266
03/02/2021,FEU,Z02,21,0.14755064426
03/02/2021,FEU,Z03,21,0.14755064426
03/02/2021,FEU,Z01,22,0.1254335434
03/02/2021,FEU,Z02,22,0.14434278386
03/02/2021,FEU,Z03,22,0.14434278386
03/02/2021,FEU,Z01,23,0.12358120734
03/02/2021,FEU,Z02,23,0.07390550848
03/02/2021,FEU,Z03,23,0.14259078752
03/02/2021,FEU,Z01,24,0.1208388871
03/02/2021,FEU,Z02,24,0.07096586194
03/02/2021,FEU,Z03,24,0.07560018526
03/02/2021,FEU,Z01,3,0.11064881048
03/02/2021,FEU,Z02,3,0.06079906344
03/02/2021,FEU,Z03,3,0.05733285304
03/02/2021,FEU,Z01,4,0.10927176248
03/02/2021,FEU,Z02,4,0.0595390913
03/02/2021,FEU,Z03,4,0.0561161569
03/02/2021,FEU,Z01,5,0.11030311706
03/02/2021,FEU,Z02,5,0.06046706502
03/02/2021,FEU,Z03,5,0.05696810476
03/02/2021,FEU,Z01,6,0.11619464318
03/02/2021,FEU,Z02,6,0.06617648886
03/02/2021,FEU,Z03,6,0.06257990332
03/02/2021,FEU,Z01,7,0.12374160854
03/02/2021,FEU,Z02,7,0.07373309938
03/02/2021,FEU,Z03,7,0.07003961642
03/02/2021,FEU,Z01,8,0.1278701092
03/02/2021,FEU,Z02,8,0.07794912448
03/02/2021,FEU,Z03,8,0.08272453036
03/02/2021,FEU,Z01,9,0.12653103884
03/02/2021,FEU,Z02,9,0.07708280728
03/02/2021,FEU,Z03,9,0.08141692914
03/03/2021,FEU,Z01,1,0.1185185864
03/03/2021,FEU,Z02,1,0.06868878738
03/03/2021,FEU,Z03,1,0.07330564442
03/03/2021,FEU,Z01,10,0.12096416448
03/03/2021,FEU,Z02,10,0.07219929394
03/03/2021,FEU,Z03,10,0.07592623778
03/03/2021,FEU,Z01,11,0.11567343332
03/03/2021,FEU,Z02,11,0.06715394264
03/03/2021,FEU,Z03,11,0.07057796276
03/03/2021,FEU,Z01,12,0.11266515746
03/03/2021,FEU,Z02,12,0.06424599378
03/03/2021,FEU,Z03,12,0.0675631319
03/03/2021,FEU,Z01,13,0.109959789
03/03/2021,FEU,Z02,13,0.12862652174
03/03/2021,FEU,Z03,13,0.0649439183
03/03/2021,FEU,Z01,14,0.107169889
03/03/2021,FEU,Z02,14,0.12581478774
03/03/2021,FEU,Z03,14,0.12581478774
03/03/2021,FEU,Z01,15,0.10445441558
03/03/2021,FEU,Z02,15,0.12307726132
03/03/2021,FEU,Z03,15,0.12307726132
03/03/2021,FEU,Z01,16,0.1054970933
03/03/2021,FEU,Z02,16,0.12412753304
03/03/2021,FEU,Z03,16,0.12412753304
03/03/2021,FEU,Z01,17,0.10789815016
03/03/2021,FEU,Z02,17,0.1265470119
03/03/2021,FEU,Z03,17,0.1265470119
03/03/2021,FEU,Z01,18,0.1187644776
03/03/2021,FEU,Z02,18,0.13749767334
03/03/2021,FEU,Z03,18,0.13749767334
03/03/2021,FEU,Z01,19,0.1248347319
03/03/2021,FEU,Z02,19,0.14361305364
03/03/2021,FEU,Z03,19,0.14361305364
03/03/2021,FEU,Z01,2,0.11180384472
03/03/2021,FEU,Z02,2,0.06216546898
03/03/2021,FEU,Z03,2,0.0587374783
03/03/2021,FEU,Z01,20,0.1357402855
03/03/2021,FEU,Z02,20,0.1546752791
03/03/2021,FEU,Z03,20,0.1546752791
03/03/2021,FEU,Z01,21,0.1262834548
03/03/2021,FEU,Z02,21,0.14520556526
03/03/2021,FEU,Z03,21,0.14520556526
03/03/2021,FEU,Z01,22,0.12331804996
03/03/2021,FEU,Z02,22,0.14220963542
03/03/2021,FEU,Z03,22,0.14220963542
03/03/2021,FEU,Z01,23,0.11859400748
03/03/2021,FEU,Z02,23,0.06912828262
03/03/2021,FEU,Z03,23,0.13755091166
03/03/2021,FEU,Z01,24,0.11854744622
03/03/2021,FEU,Z02,24,0.06890105878
03/03/2021,FEU,Z03,24,0.07332874838
03/03/2021,FEU,Z01,3,0.1108957343
03/03/2021,FEU,Z02,3,0.0612466377
03/03/2021,FEU,Z03,3,0.05785189002
03/03/2021,FEU,Z01,4,0.11146344518
03/03/2021,FEU,Z02,4,0.06167754286
03/03/2021,FEU,Z03,4,0.05817770446
03/03/2021,FEU,Z01,5,0.11239693532
03/03/2021,FEU,Z02,5,0.062565232
03/03/2021,FEU,Z03,5,0.05908560646
03/03/2021,FEU,Z01,6,0.11849436044
03/03/2021,FEU,Z02,6,0.06848302684
03/03/2021,FEU,Z03,6,0.06485541016
03/03/2021,FEU,Z01,7,0.12807427238
03/03/2021,FEU,Z02,7,0.07793903108
03/03/2021,FEU,Z03,7,0.07417385698
03/03/2021,FEU,Z01,8,0.13497790202
03/03/2021,FEU,Z02,8,0.08497709788
03/03/2021,FEU,Z03,8,0.08984710232
03/03/2021,FEU,Z01,9,0.13318639484
03/03/2021,FEU,Z02,9,0.08348175928
03/03/2021,FEU,Z03,9,0.088170032
03/04/2021,FEU,Z01,1,0.12064105384
03/04/2021,FEU,Z02,1,0.07065177796
03/04/2021,FEU,Z03,1,0.07542431486
03/04/2021,FEU,Z01,10,0.12931186048
03/04/2021,FEU,Z02,10,0.08019912208
03/04/2021,FEU,Z03,10,0.08424024792
03/04/2021,FEU,Z01,11,0.12315037918
03/04/2021,FEU,Z02,11,0.07431944264
03/04/2021,FEU,Z03,11,0.07807681562
03/04/2021,FEU,Z01,12,0.11905950132
03/04/2021,FEU,Z02,12,0.07042815464
03/04/2021,FEU,Z03,12,0.07403666162
03/04/2021,FEU,Z01,13,0.11705203386
03/04/2021,FEU,Z02,13,0.1357739176
03/04/2021,FEU,Z03,13,0.07206312616
03/04/2021,FEU,Z01,14,0.11598441558
03/04/2021,FEU,Z02,14,0.13469726132
03/04/2021,FEU,Z03,14,0.13469726132
03/04/2021,FEU,Z01,15,0.11521242002
03/04/2021,FEU,Z02,15,0.13391789076
03/04/2021,FEU,Z03,15,0.13391789076
03/04/2021,FEU,Z01,16,0.1156916376
03/04/2021,FEU,Z02,16,0.13439982334
03/04/2021,FEU,Z03,16,0.13439982334
03/04/2021,FEU,Z01,17,0.11528416332
03/04/2021,FEU,Z02,17,0.13398852206
03/04/2021,FEU,Z03,17,0.13398852206
03/04/2021,FEU,Z01,18,0.11853326918
03/04/2021,FEU,Z02,18,0.13726243992
03/04/2021,FEU,Z03,18,0.13726243992
03/04/2021,FEU,Z01,19,0.1256630469
03/04/2021,FEU,Z02,19,0.1445168105
03/04/2021,FEU,Z03,19,0.1445168105
03/04/2021,FEU,Z01,2,0.11365318416
03/04/2021,FEU,Z02,2,0.06386982856
03/04/2021,FEU,Z03,2,0.06034175402
03/04/2021,FEU,Z01,20,0.13158762794
03/04/2021,FEU,Z02,20,0.15048532354
03/04/2021,FEU,Z03,20,0.15048532354
03/04/2021,FEU,Z01,21,0.12716452538
03/04/2021,FEU,Z02,21,0.14609331284
03/04/2021,FEU,Z03,21,0.14609331284
03/04/2021,FEU,Z01,22,0.12769101026
03/04/2021,FEU,Z02,22,0.14662061172
03/04/2021,FEU,Z03,22,0.14662061172
03/04/2021,FEU,Z01,23,0.1238858035
03/04/2021,FEU,Z02,23,0.07406781192
03/04/2021,FEU,Z03,23,0.14289531868
03/04/2021,FEU,Z01,24,0.1206882171
03/04/2021,FEU,Z02,24,0.0708802148
03/04/2021,FEU,Z03,24,0.07550726012
03/04/2021,FEU,Z01,3,0.11171983418
03/04/2021,FEU,Z02,3,0.06192134586
03/04/2021,FEU,Z03,3,0.05841338746
03/04/2021,FEU,Z01,4,0.1106379836
03/04/2021,FEU,Z02,4,0.06094544914
03/04/2021,FEU,Z03,4,0.0575158776
03/04/2021,FEU,Z01,5,0.11232888846
03/04/2021,FEU,Z02,5,0.06250295014
03/04/2021,FEU,Z03,5,0.0590238776
03/04/2021,FEU,Z01,6,0.1154864636
03/04/2021,FEU,Z02,6,0.06555800214
03/04/2021,FEU,Z03,6,0.0619795576
03/04/2021,FEU,Z01,7,0.12509725668
03/04/2021,FEU,Z02,7,0.07502839852
03/04/2021,FEU,Z03,7,0.07129493356
03/04/2021,FEU,Z01,8,0.12976548374
03/04/2021,FEU,Z02,8,0.0799742776
03/04/2021,FEU,Z03,8,0.0846726299
03/04/2021,FEU,Z01,9,0.13192018538
03/04/2021,FEU,Z02,9,0.0824868004
03/04/2021,FEU,Z03,9,0.08687162168
03/05/2021,FEU,Z01,1,0.11620443242
03/05/2021,FEU,Z02,1,0.06641845554
03/05/2021,FEU,Z03,1,0.07095096044
03/05/2021,FEU,Z01,10,0.12713036406
03/05/2021,FEU,Z02,10,0.07808684566
03/05/2021,FEU,Z03,10,0.08210713136
03/05/2021,FEU,Z01,11,0.11922150848
03/05/2021,FEU,Z02,11,0.07045320208
03/05/2021,FEU,Z03,11,0.07417612178
03/05/2021,FEU,Z01,12,0.11616465734
03/05/2021,FEU,Z02,12,0.06749926694
03/05/2021,FEU,Z03,12,0.07110232364
03/05/2021,FEU,Z01,13,0.11399450874
03/05/2021,FEU,Z02,13,0.13268985248
03/05/2021,FEU,Z03,13,0.06890467318
03/05/2021,FEU,Z01,14,0.11051055474
03/05/2021,FEU,Z02,14,0.12918001248
03/05/2021,FEU,Z03,14,0.12918001248
03/05/2021,FEU,Z01,15,0.11027013332
03/05/2021,FEU,Z02,15,0.12899280792
03/05/2021,FEU,Z03,15,0.12899280792
03/05/2021,FEU,Z01,16,0.1050949719
03/05/2021,FEU,Z02,16,0.12371962364
03/05/2021,FEU,Z03,16,0.12371962364
03/05/2021,FEU,Z01,17,0.11032093276
03/05/2021,FEU,Z02,17,0.12904265936
03/05/2021,FEU,Z03,17,0.12904265936
03/05/2021,FEU,Z01,18,0.11456118848
03/05/2021,FEU,Z02,18,0.13325799922
03/05/2021,FEU,Z03,18,0.13325799922
03/05/2021,FEU,Z01,19,0.12050749234
03/05/2021,FEU,Z02,19,0.13931650694
03/05/2021,FEU,Z03,19,0.13931650694
03/05/2021,FEU,Z01,2,0.1118526236
03/05/2021,FEU,Z02,2,0.06205133828
03/05/2021,FEU,Z03,2,0.0586352776
03/05/2021,FEU,Z01,20,0.13085603708
03/05/2021,FEU,Z02,20,0.14982186154
03/05/2021,FEU,Z03,20,0.14982186154
03/05/2021,FEU,Z01,21,0.12316149796
03/05/2021,FEU,Z02,21,0.14198476456
03/05/2021,FEU,Z03,21,0.14198476456
03/05/2021,FEU,Z01,22,0.11944948598
03/05/2021,FEU,Z02,22,0.13830208744
03/05/2021,FEU,Z03,22,0.13830208744
03/05/2021,FEU,Z01,23,0.11924560636
03/05/2021,FEU,Z02,23,0.06962714578
03/05/2021,FEU,Z03,23,0.13820537054
03/05/2021,FEU,Z01,24,0.1138179121
03/05/2021,FEU,Z02,24,0.0643146948
03/05/2021,FEU,Z03,24,0.06859801412
03/05/2021,FEU,Z01,3,0.11042852276
03/05/2021,FEU,Z02,3,0.06063972958
03/05/2021,FEU,Z03,3,0.05722692904
03/05/2021,FEU,Z01,4,0.1096324822
03/05/2021,FEU,Z02,4,0.05983148116
03/05/2021,FEU,Z03,4,0.05640026276
03/05/2021,FEU,Z01,5,0.11220409262
03/05/2021,FEU,Z02,5,0.06232693944
03/05/2021,FEU,Z03,5,0.05880996904
03/05/2021,FEU,Z01,6,0.1152306836
03/05/2021,FEU,Z02,6,0.06526197828
03/05/2021,FEU,Z03,6,0.06169161374
03/05/2021,FEU,Z01,7,0.12541159524
03/05/2021,FEU,Z02,7,0.07539418594
03/05/2021,FEU,Z03,7,0.07170630384
03/05/2021,FEU,Z01,8,0.13059683944
03/05/2021,FEU,Z02,8,0.08084364616
03/05/2021,FEU,Z03,8,0.08545957574
03/05/2021,FEU,Z01,9,0.13494748238
03/05/2021,FEU,Z02,9,0.0854040604
03/05/2021,FEU,Z03,9,0.08991052568
03/06/2021,FEU,Z01,1,0.11586430914
03/06/2021,FEU,Z02,1,0.0660369134
03/06/2021,FEU,Z03,1,0.07060108816
03/06/2021,FEU,Z01,10,0.11144776358
03/06/2021,FEU,Z02,10,0.0624596383
03/06/2021,FEU,Z03,10,0.06628725374
03/06/2021,FEU,Z01,11,0.1043158034
03/06/2021,FEU,Z02,11,0.0557779397
03/06/2021,FEU,Z03,11,0.05916976856
03/06/2021,FEU,Z01,12,0.10262255768
03/06/2021,FEU,Z02,12,0.05415275998
03/06/2021,FEU,Z03,12,0.05742995098
03/06/2021,FEU,Z01,13,0.10186855192
03/06/2021,FEU,Z02,13,0.12051610652
03/06/2021,FEU,Z03,13,0.05673364722
03/06/2021,FEU,Z01,14,0.10166462706
03/06/2021,FEU,Z02,14,0.12031071866
03/06/2021,FEU,Z03,14,0.12031071866
03/06/2021,FEU,Z01,15,0.1020530355
03/06/2021,FEU,Z02,15,0.1207013291
03/06/2021,FEU,Z03,15,0.1207013291
03/06/2021,FEU,Z01,16,0.10237295866
03/06/2021,FEU,Z02,16,0.12102231026
03/06/2021,FEU,Z03,16,0.12102231026
03/06/2021,FEU,Z01,17,0.10311080224
03/06/2021,FEU,Z02,17,0.12176556284
03/06/2021,FEU,Z03,17,0.12176556284
03/06/2021,FEU,Z01,18,0.1130127941
03/06/2021,FEU,Z02,18,0.1317508377
03/06/2021,FEU,Z03,18,0.1317508377
03/06/2021,FEU,Z01,19,0.12001859796
03/06/2021,FEU,Z02,19,0.13887958142
03/06/2021,FEU,Z03,19,0.13887958142
03/06/2021,FEU,Z01,2,0.1102736079
03/06/2021,FEU,Z02,2,0.06049380172
03/06/2021,FEU,Z03,2,0.05708432318
03/06/2021,FEU,Z01,20,0.12376218098
03/06/2021,FEU,Z02,20,0.14265454744
03/06/2021,FEU,Z03,20,0.14265454744
03/06/2021,FEU,Z01,21,0.11917175914
03/06/2021,FEU,Z02,21,0.1380191906
03/06/2021,FEU,Z03,21,0.1380191906
03/06/2021,FEU,Z01,22,0.11892200258
03/06/2021,FEU,Z02,22,0.13776543004
03/06/2021,FEU,Z03,22,0.13776543004
03/06/2021,FEU,Z01,23,0.1173907671
03/06/2021,FEU,Z02,23,0.0677296148
03/06/2021,FEU,Z03,23,0.13638602814
03/06/2021,FEU,Z01,24,0.11178750584
03/06/2021,FEU,Z02,24,0.06226160282
03/06/2021,FEU,Z03,24,0.06652094786
03/06/2021,FEU,Z01,3,0.10869021806
03/06/2021,FEU,Z02,3,0.05893538202
03/06/2021,FEU,Z03,3,0.05548845076
03/06/2021,FEU,Z01,4,0.1081950215
03/06/2021,FEU,Z02,4,0.0584132806
03/06/2021,FEU,Z03,4,0.05498832534
03/06/2021,FEU,Z01,5,0.10776557336
03/06/2021,FEU,Z02,5,0.05800438946
03/06/2021,FEU,Z03,5,0.05454995034
03/06/2021,FEU,Z01,6,0.10808967736
03/06/2021,FEU,Z02,6,0.05831198346
03/06/2021,FEU,Z03,6,0.0548918662
03/06/2021,FEU,Z01,7,0.10874328434
03/06/2021,FEU,Z02,7,0.0589884063
03/06/2021,FEU,Z03,7,0.0555837519
03/06/2021,FEU,Z01,8,0.11174658644
03/06/2021,FEU,Z02,8,0.06205811284
03/06/2021,FEU,Z03,8,0.06649119532
03/06/2021,FEU,Z01,9,0.11483577122
03/06/2021,FEU,Z02,9,0.06540538564
03/06/2021,FEU,Z03,9,0.06965303524
03/07/2021,FEU,Z01,1,0.11398983672
03/07/2021,FEU,Z02,1,0.06424844698
03/07/2021,FEU,Z03,1,0.0687566636
03/07/2021,FEU,Z01,10,0.11424529562
03/07/2021,FEU,Z02,10,0.06496312676
03/07/2021,FEU,Z03,10,0.06904557478
03/07/2021,FEU,Z01,11,0.1116080513
03/07/2021,FEU,Z02,11,0.06261139502
03/07/2021,FEU,Z03,11,0.06644058746
03/07/2021,FEU,Z01,12,0.10939606086
03/07/2021,FEU,Z02,12,0.06054492244
03/07/2021,FEU,Z03,12,0.06423305502
03/07/2021,FEU,Z01,13,0.1081412591
03/07/2021,FEU,Z02,13,0.1268381927
03/07/2021,FEU,Z03,13,0.0629833534
03/07/2021,FEU,Z01,14,0.10885557024
03/07/2021,FEU,Z02,14,0.1276137477
03/07/2021,FEU,Z03,14,0.1276137477
03/07/2021,FEU,Z01,15,0.1067921934
03/07/2021,FEU,Z02,15,0.12552911886
03/07/2021,FEU,Z03,15,0.12552911886
03/07/2021,FEU,Z01,16,0.10357876414
03/07/2021,FEU,Z02,16,0.1222831406
03/07/2021,FEU,Z03,16,0.1222831406
03/07/2021,FEU,Z01,17,0.1060783063
03/07/2021,FEU,Z02,17,0.12485649262
03/07/2021,FEU,Z03,17,0.12485649262
03/07/2021,FEU,Z01,18,0.11300242288
03/07/2021,FEU,Z02,18,0.1318482892
03/07/2021,FEU,Z03,18,0.1318482892
03/07/2021,FEU,Z01,19,0.12147775088
03/07/2021,FEU,Z02,19,0.1404065892
03/07/2021,FEU,Z03,19,0.1404065892
03/07/2021,FEU,Z01,2,0.11215760874
03/07/2021,FEU,Z02,2,0.06239157028
03/07/2021,FEU,Z03,2,0.05891464974
03/07/2021,FEU,Z01,20,0.12836186818
03/07/2021,FEU,Z02,20,0.14742602236
03/07/2021,FEU,Z03,20,0.14742602236
03/07/2021,FEU,Z01,21,0.12279593762
03/07/2021,FEU,Z02,21,0.14173337094
03/07/2021,FEU,Z03,21,0.14173337094
03/07/2021,FEU,Z01,22,0.12079397262
03/07/2021,FEU,Z02,22,0.13971166594
03/07/2021,FEU,Z03,22,0.13971166594
03/07/2021,FEU,Z01,23,0.12130017326
03/07/2021,FEU,Z02,23,0.07134149024
03/07/2021,FEU,Z03,23,0.1403363743
03/07/2021,FEU,Z01,24,0.11761312472
03/07/2021,FEU,Z02,24,0.06764490512
03/07/2021,FEU,Z03,24,0.07234792574
03/07/2021,FEU,Z01,3,0.11265161876
03/07/2021,FEU,Z02,3,0.06275340058
03/07/2021,FEU,Z03,3,0.05922075418
03/07/2021,FEU,Z01,4,0.11315524106
03/07/2021,FEU,Z02,4,0.06317557302
03/07/2021,FEU,Z03,4,0.05963495062
03/07/2021,FEU,Z01,5,0.11172718164
03/07/2021,FEU,Z02,5,0.0618158006
03/07/2021,FEU,Z03,5,0.05822646048
03/07/2021,FEU,Z01,6,0.11380365392
03/07/2021,FEU,Z02,6,0.06379021488
03/07/2021,FEU,Z03,6,0.06017993962
03/07/2021,FEU,Z01,7,0.11515401448
03/07/2021,FEU,Z02,7,0.0651290863
03/07/2021,FEU,Z03,7,0.06146970904
03/07/2021,FEU,Z01,8,0.11407011904
03/07/2021,FEU,Z02,8,0.06415509372
03/07/2021,FEU,Z03,8,0.06879004592
03/07/2021,FEU,Z01,9,0.11479350212
03/07/2021,FEU,Z02,9,0.0651312241
03/07/2021,FEU,Z03,9,0.06955169414
03/08/2021,FEU,Z01,1,0.11666885402
03/08/2021,FEU,Z02,1,0.06668760456
03/08/2021,FEU,Z03,1,0.07137877504
03/08/2021,FEU,Z01,10,0.12616663106
03/08/2021,FEU,Z02,10,0.07715716366
03/08/2021,FEU,Z03,10,0.08113928336
03/08/2021,FEU,Z01,11,0.12299539262
03/08/2021,FEU,Z02,11,0.07410053722
03/08/2021,FEU,Z03,11,0.07790597706
03/08/2021,FEU,Z01,12,0.12126083648
03/08/2021,FEU,Z02,12,0.07248605994
03/08/2021,FEU,Z03,12,0.07622417978
03/08/2021,FEU,Z01,13,0.1194013176
03/08/2021,FEU,Z02,13,0.13813828534
03/08/2021,FEU,Z03,13,0.07432632104
03/08/2021,FEU,Z01,14,0.11818313474
03/08/2021,FEU,Z02,14,0.13691100448
03/08/2021,FEU,Z03,14,0.13691100448
03/08/2021,FEU,Z01,15,0.11673876018
03/08/2021,FEU,Z02,15,0.13551670778
03/08/2021,FEU,Z03,15,0.13551670778
03/08/2021,FEU,Z01,16,0.11836240262
03/08/2021,FEU,Z02,16,0.13709002736
03/08/2021,FEU,Z03,16,0.13709002736
03/08/2021,FEU,Z01,17,0.12144503034
03/08/2021,FEU,Z02,17,0.14026206494
03/08/2021,FEU,Z03,17,0.14026206494
03/08/2021,FEU,Z01,18,0.12057979006
03/08/2021,FEU,Z02,18,0.13938741166
03/08/2021,FEU,Z03,18,0.13938741166
03/08/2021,FEU,Z01,19,0.12102597364
03/08/2021,FEU,Z02,19,0.13983615424
03/08/2021,FEU,Z03,19,0.13983615424
03/08/2021,FEU,Z01,2,0.11546593676
03/08/2021,FEU,Z02,2,0.06548021544
03/08/2021,FEU,Z03,2,0.06185964904
03/08/2021,FEU,Z01,20,0.1266067748
03/08/2021,FEU,Z02,20,0.1454617734
03/08/2021,FEU,Z03,20,0.1454617734
03/08/2021,FEU,Z01,21,0.1323946541
03/08/2021,FEU,Z02,21,0.1512962577
03/08/2021,FEU,Z03,21,0.1512962577
03/08/2021,FEU,Z01,22,0.12445825484
03/08/2021,FEU,Z02,22,0.1433577663
03/08/2021,FEU,Z03,22,0.1433577663
03/08/2021,FEU,Z01,23,0.1240095285
03/08/2021,FEU,Z02,23,0.07418618392
03/08/2021,FEU,Z03,23,0.14302159468
03/08/2021,FEU,Z01,24,0.12111031412
03/08/2021,FEU,Z02,24,0.0711593191
03/08/2021,FEU,Z03,24,0.07590410814
03/08/2021,FEU,Z01,3,0.11390630248
03/08/2021,FEU,Z02,3,0.0639421613
03/08/2021,FEU,Z03,3,0.06032316904
03/08/2021,FEU,Z01,4,0.1123528222
03/08/2021,FEU,Z02,4,0.06241473316
03/08/2021,FEU,Z03,4,0.05889783476
03/08/2021,FEU,Z01,5,0.1145702422
03/08/2021,FEU,Z02,5,0.06457207202
03/08/2021,FEU,Z03,5,0.06093367076
03/08/2021,FEU,Z01,6,0.1199698329
03/08/2021,FEU,Z02,6,0.06970713172
03/08/2021,FEU,Z03,6,0.06599871818
03/08/2021,FEU,Z01,7,0.1094045864
03/08/2021,FEU,Z02,7,0.06004257824
03/08/2021,FEU,Z03,7,0.05676703528
03/08/2021,FEU,Z01,8,0.12564980262
03/08/2021,FEU,Z02,8,0.07588971276
03/08/2021,FEU,Z03,8,0.08050508478
03/08/2021,FEU,Z01,9,0.12522425768
03/08/2021,FEU,Z02,9,0.07589833498
03/08/2021,FEU,Z03,9,0.08012677598
03/09/2021,FEU,Z01,1,0.12262264814
03/09/2021,FEU,Z02,1,0.0724771934
03/09/2021,FEU,Z03,1,0.07739730416
03/09/2021,FEU,Z01,10,0.12854720522
03/09/2021,FEU,Z02,10,0.0793119861
03/09/2021,FEU,Z03,10,0.08350660052
03/09/2021,FEU,Z01,11,0.12647577506
03/09/2021,FEU,Z02,11,0.07745574766
03/09/2021,FEU,Z03,11,0.08144974736
03/09/2021,FEU,Z01,12,0.12413377506
03/09/2021,FEU,Z02,12,0.07519374766
03/09/2021,FEU,Z03,12,0.07909774736
03/09/2021,FEU,Z01,13,0.12156012532
03/09/2021,FEU,Z02,13,0.14031309306
03/09/2021,FEU,Z03,13,0.07648491876
03/09/2021,FEU,Z01,14,0.11960638674
03/09/2021,FEU,Z02,14,0.13834530848
03/09/2021,FEU,Z03,14,0.13834530848
03/09/2021,FEU,Z01,15,0.11975553932
03/09/2021,FEU,Z02,15,0.13855984392
03/09/2021,FEU,Z03,15,0.13855984392
03/09/2021,FEU,Z01,16,0.1203413269
03/09/2021,FEU,Z02,16,0.13908376164
03/09/2021,FEU,Z03,16,0.13908376164
03/09/2021,FEU,Z01,17,0.12000339676
03/09/2021,FEU,Z02,17,0.1387440355
03/09/2021,FEU,Z03,17,0.1387440355
03/09/2021,FEU,Z01,18,0.12291680134
03/09/2021,FEU,Z02,18,0.14174524694
03/09/2021,FEU,Z03,18,0.14174524694
03/09/2021,FEU,Z01,19,0.12779549206
03/09/2021,FEU,Z02,19,0.14666473366
03/09/2021,FEU,Z03,19,0.14666473366
03/09/2021,FEU,Z01,2,0.11589393732
03/09/2021,FEU,Z02,2,0.065891632
03/09/2021,FEU,Z03,2,0.06230389846
03/09/2021,FEU,Z01,20,0.14249213936
03/09/2021,FEU,Z02,20,0.16148402596
03/09/2021,FEU,Z03,20,0.16148402596
03/09/2021,FEU,Z01,21,0.13637631066
03/09/2021,FEU,Z02,21,0.15531358226
03/09/2021,FEU,Z03,21,0.15531358226
03/09/2021,FEU,Z01,22,0.1278623334
03/09/2021,FEU,Z02,22,0.14679402486
03/09/2021,FEU,Z03,22,0.14679402486
03/09/2021,FEU,Z01,23,0.12557305334
03/09/2021,FEU,Z02,23,0.07581402048
03/09/2021,FEU,Z03,23,0.14460510752
03/09/2021,FEU,Z01,24,0.1242623071
03/09/2021,FEU,Z02,24,0.07423287094
03/09/2021,FEU,Z03,24,0.07904023726
03/09/2021,FEU,Z01,3,0.11248994648
03/09/2021,FEU,Z02,3,0.06254727144
03/09/2021,FEU,Z03,3,0.05902298104
03/09/2021,FEU,Z01,4,0.11167842648
03/09/2021,FEU,Z02,4,0.0618261813
03/09/2021,FEU,Z03,4,0.0583284919
03/09/2021,FEU,Z01,5,0.11244475206
03/09/2021,FEU,Z02,5,0.06250086002
03/09/2021,FEU,Z03,5,0.05893398076
03/09/2021,FEU,Z01,6,0.11769508718
03/09/2021,FEU,Z02,6,0.06760327686
03/09/2021,FEU,Z03,6,0.06396035932
03/09/2021,FEU,Z01,7,0.12155353454
03/09/2021,FEU,Z02,7,0.07164273838
03/09/2021,FEU,Z03,7,0.06801401442
03/09/2021,FEU,Z01,8,0.1269282692
03/09/2021,FEU,Z02,8,0.07704742848
03/09/2021,FEU,Z03,8,0.08177805836
03/09/2021,FEU,Z01,9,0.12998647484
03/09/2021,FEU,Z02,9,0.08040511928
03/09/2021,FEU,Z03,9,0.08488563614
03/10/2021,FEU,Z01,1,0.1240824664
03/10/2021,FEU,Z02,1,0.07399690838
03/10/2021,FEU,Z03,1,0.07890093342
03/10/2021,FEU,Z01,10,0.12658458048
03/10/2021,FEU,Z02,10,0.07763204194
03/10/2021,FEU,Z03,10,0.08157071378
03/10/2021,FEU,Z01,11,0.12226778332
03/10/2021,FEU,Z02,11,0.07353264264
03/10/2021,FEU,Z03,11,0.07719501276
03/10/2021,FEU,Z01,12,0.11834593046
03/10/2021,FEU,Z02,12,0.06974083278
03/10/2021,FEU,Z03,12,0.0732634769
03/10/2021,FEU,Z01,13,0.115505089
03/10/2021,FEU,Z02,13,0.13421521974
03/10/2021,FEU,Z03,13,0.0705133283
03/10/2021,FEU,Z01,14,0.113100439
03/10/2021,FEU,Z02,14,0.13179175074
03/10/2021,FEU,Z03,14,0.13179175074
03/10/2021,FEU,Z01,15,0.11285863258
03/10/2021,FEU,Z02,15,0.13154824132
03/10/2021,FEU,Z03,15,0.13154824132
03/10/2021,FEU,Z01,16,0.1097070683
03/10/2021,FEU,Z02,16,0.12837031304
03/10/2021,FEU,Z03,16,0.12837031304
03/10/2021,FEU,Z01,17,0.11021015016
03/10/2021,FEU,Z02,17,0.1288770119
03/10/2021,FEU,Z03,17,0.1288770119
03/10/2021,FEU,Z01,18,0.1162565576
03/10/2021,FEU,Z02,18,0.13496912634
03/10/2021,FEU,Z03,18,0.13496912634
03/10/2021,FEU,Z01,19,0.1208143169
03/10/2021,FEU,Z02,19,0.13956040564
03/10/2021,FEU,Z03,19,0.13956040564
03/10/2021,FEU,Z01,2,0.12244208872
03/10/2021,FEU,Z02,2,0.07230238998
03/10/2021,FEU,Z03,2,0.0685526683
03/10/2021,FEU,Z01,20,0.1271157855
03/10/2021,FEU,Z02,20,0.1459773791
03/10/2021,FEU,Z03,20,0.1459773791
03/10/2021,FEU,Z01,21,0.1285596748
03/10/2021,FEU,Z02,21,0.14750300426
03/10/2021,FEU,Z03,21,0.14750300426
03/10/2021,FEU,Z01,22,0.12608735996
03/10/2021,FEU,Z02,22,0.14500463042
03/10/2021,FEU,Z03,22,0.14500463042
03/10/2021,FEU,Z01,23,0.11999227148
03/10/2021,FEU,Z02,23,0.07046683162
03/10/2021,FEU,Z03,23,0.13896409966
03/10/2021,FEU,Z01,24,0.11750081522
03/10/2021,FEU,Z02,24,0.06790048978
03/10/2021,FEU,Z03,24,0.07227699938
03/10/2021,FEU,Z01,3,0.1183617293
03/10/2021,FEU,Z02,3,0.0683556927
03/10/2021,FEU,Z03,3,0.06473488302
03/10/2021,FEU,Z01,4,0.11769508718
03/10/2021,FEU,Z02,4,0.06760327686
03/10/2021,FEU,Z03,4,0.06390607846
03/10/2021,FEU,Z01,5,0.11743105332
03/10/2021,FEU,Z02,5,0.067353232
03/10/2021,FEU,Z03,5,0.06371799646
03/10/2021,FEU,Z01,6,0.12193157444
03/10/2021,FEU,Z02,6,0.07175578084
03/10/2021,FEU,Z03,6,0.06802400616
03/10/2021,FEU,Z01,7,0.12766121738
03/10/2021,FEU,Z02,7,0.07754440108
03/10/2021,FEU,Z03,7,0.07379095198
03/10/2021,FEU,Z01,8,0.13858079702
03/10/2021,FEU,Z02,8,0.08843372788
03/10/2021,FEU,Z03,8,0.09346492232
03/10/2021,FEU,Z01,9,0.13476247484
03/10/2021,FEU,Z02,9,0.08499711928
03/10/2021,FEU,Z03,9,0.089754032
03/11/2021,FEU,Z01,1,0.10631888184
03/11/2021,FEU,Z02,1,0.05699735996
03/11/2021,FEU,Z03,1,0.06102155186
03/11/2021,FEU,Z01,10,0.11694390848
03/11/2021,FEU,Z02,10,0.06825473008
03/11/2021,FEU,Z03,10,0.07182993992
03/11/2021,FEU,Z01,11,0.10801277118
03/11/2021,FEU,Z02,11,0.05969058264
03/11/2021,FEU,Z03,11,0.06288714362
03/11/2021,FEU,Z01,12,0.10329813332
03/11/2021,FEU,Z02,12,0.05518334264
03/11/2021,FEU,Z03,12,0.05820747362
03/11/2021,FEU,Z01,13,0.10219952986
03/11/2021,FEU,Z02,13,0.1208052776
03/11/2021,FEU,Z03,13,0.05714610216
03/11/2021,FEU,Z01,14,0.09916329858
03/11/2021,FEU,Z02,14,0.11774484332
03/11/2021,FEU,Z03,14,0.11774484332
03/11/2021,FEU,Z01,15,0.09675942702
03/11/2021,FEU,Z02,15,0.11532135676
03/11/2021,FEU,Z03,15,0.11532135676
03/11/2021,FEU,Z01,16,0.0929266376
03/11/2021,FEU,Z02,16,0.11145819834
03/11/2021,FEU,Z03,16,0.11145819834
03/11/2021,FEU,Z01,17,0.09432052132
03/11/2021,FEU,Z02,17,0.11286251106
03/11/2021,FEU,Z03,17,0.11286251106
03/11/2021,FEU,Z01,18,0.10031487418
03/11/2021,FEU,Z02,18,0.11890305992
03/11/2021,FEU,Z03,18,0.11890305992
03/11/2021,FEU,Z01,19,0.1115770319
03/11/2021,FEU,Z02,19,0.1303098855
03/11/2021,FEU,Z03,19,0.1303098855
03/11/2021,FEU,Z01,2,0.10496920016
03/11/2021,FEU,Z02,2,0.05560188056
03/11/2021,FEU,Z03,2,0.05234225602
03/11/2021,FEU,Z01,20,0.12171232394
03/11/2021,FEU,Z02,20,0.14052744854
03/11/2021,FEU,Z03,20,0.14052744854
03/11/2021,FEU,Z01,21,0.11991036938
03/11/2021,FEU,Z02,21,0.13877170484
03/11/2021,FEU,Z03,21,0.13877170484
03/11/2021,FEU,Z01,22,0.11697796526
03/11/2021,FEU,Z02,22,0.13580862172
03/11/2021,FEU,Z03,22,0.13580862172
03/11/2021,FEU,Z01,23,0.1169216785
03/11/2021,FEU,Z02,23,0.06740381992
03/11/2021,FEU,Z03,23,0.13585728868
03/11/2021,FEU,Z01,24,0.1107835171
03/11/2021,FEU,Z02,24,0.0614166148
03/11/2021,FEU,Z03,24,0.06554642012
03/11/2021,FEU,Z01,3,0.09837118718
03/11/2021,FEU,Z02,3,0.04922797686
03/11/2021,FEU,Z03,3,0.04614393946
03/11/2021,FEU,Z01,4,0.0925242236
03/11/2021,FEU,Z02,4,0.04370862514
03/11/2021,FEU,Z03,4,0.0408408776
03/11/2021,FEU,Z01,5,0.07995271346
03/11/2021,FEU,Z02,5,0.03171862514
03/11/2021,FEU,Z03,5,0.0292408776
03/11/2021,FEU,Z01,6,0.0845685836
03/11/2021,FEU,Z02,6,0.03613694014
03/11/2021,FEU,Z03,6,0.0335154776
03/11/2021,FEU,Z01,7,0.09813856868
03/11/2021,FEU,Z02,7,0.04928798452
03/11/2021,FEU,Z03,7,0.04633849156
03/11/2021,FEU,Z01,8,0.11458165274
03/11/2021,FEU,Z02,8,0.0654058376
03/11/2021,FEU,Z03,8,0.0694134449
03/11/2021,FEU,Z01,9,0.11759287238
03/11/2021,FEU,Z02,9,0.0686802604
03/11/2021,FEU,Z03,9,0.07248256568
03/12/2021,FEU,Z01,1,0.09584715742
03/12/2021,FEU,Z02,1,0.04700803054
03/12/2021,FEU,Z03,1,0.05047941044
03/12/2021,FEU,Z01,10,0.11493205706
03/12/2021,FEU,Z02,10,0.06630634966
03/12/2021,FEU,Z03,10,0.06985673936
03/12/2021,FEU,Z01,11,0.10659192448
03/12/2021,FEU,Z02,11,0.05825726608
03/12/2021,FEU,Z03,11,0.06149364578
03/12/2021,FEU,Z01,12,0.09763834534
03/12/2021,FEU,Z02,12,0.04960800394
03/12/2021,FEU,Z03,12,0.05249677164
03/12/2021,FEU,Z01,13,0.09536706074
03/12/2021,FEU,Z02,13,0.11391892448
03/12/2021,FEU,Z03,13,0.05021410018
03/12/2021,FEU,Z01,14,0.09021414674
03/12/2021,FEU,Z02,14,0.10872482848
03/12/2021,FEU,Z03,14,0.10872482848
03/12/2021,FEU,Z01,15,0.08888236132
03/12/2021,FEU,Z02,15,0.10742097592
03/12/2021,FEU,Z03,15,0.10742097592
03/12/2021,FEU,Z01,16,0.0918838719
03/12/2021,FEU,Z02,16,0.11040646364
03/12/2021,FEU,Z03,16,0.11040646364
03/12/2021,FEU,Z01,17,0.09080092676
03/12/2021,FEU,Z02,17,0.10935524336
03/12/2021,FEU,Z03,17,0.10935524336
03/12/2021,FEU,Z01,18,0.10272701248
03/12/2021,FEU,Z02,18,0.12133263522
03/12/2021,FEU,Z03,18,0.12133263522
03/12/2021,FEU,Z01,19,0.11332749434
03/12/2021,FEU,Z02,19,0.13207390994
03/12/2021,FEU,Z03,19,0.13207390994
03/12/2021,FEU,Z01,2,0.0949421636
03/12/2021,FEU,Z02,2,0.04597298028
03/12/2021,FEU,Z03,2,0.0430657576
03/12/2021,FEU,Z01,20,0.11883690308
03/12/2021,FEU,Z02,20,0.13769049454
03/12/2021,FEU,Z03,20,0.13769049454
03/12/2021,FEU,Z01,21,0.11619018996
03/12/2021,FEU,Z02,21,0.13495467656
03/12/2021,FEU,Z03,21,0.13495467656
03/12/2021,FEU,Z01,22,0.11586452098
03/12/2021,FEU,Z02,22,0.13468406744
03/12/2021,FEU,Z03,22,0.13468406744
03/12/2021,FEU,Z01,23,0.11681935236
03/12/2021,FEU,Z02,23,0.06730460578
03/12/2021,FEU,Z03,23,0.13575338954
03/12/2021,FEU,Z01,24,0.1115232821
03/12/2021,FEU,Z02,24,0.0621234348
03/12/2021,FEU,Z03,24,0.06629037812
03/12/2021,FEU,Z01,3,0.09443894276
03/12/2021,FEU,Z02,3,0.04544704258
03/12/2021,FEU,Z03,3,0.04252677304
03/12/2021,FEU,Z01,4,0.0909241122
03/12/2021,FEU,Z02,4,0.04206589516
03/12/2021,FEU,Z03,4,0.03922391676
03/12/2021,FEU,Z01,5,0.08951465662
03/12/2021,FEU,Z02,5,0.04076450344
03/12/2021,FEU,Z03,5,0.03796505704
03/12/2021,FEU,Z01,6,0.0940601636
03/12/2021,FEU,Z02,6,0.04513318228
03/12/2021,FEU,Z03,6,0.04221809574
03/12/2021,FEU,Z01,7,0.11002731724
03/12/2021,FEU,Z02,7,0.06069559294
03/12/2021,FEU,Z03,7,0.05744405584
03/12/2021,FEU,Z01,8,0.11776219944
03/12/2021,FEU,Z02,8,0.06852068616
03/12/2021,FEU,Z03,8,0.07257163574
03/12/2021,FEU,Z01,9,0.12288916338
03/12/2021,FEU,Z02,9,0.0737840404
03/12/2021,FEU,Z03,9,0.07780124168
03/13/2021,FEU,Z01,1,0.10816672214
03/13/2021,FEU,Z02,1,0.0587041334
03/13/2021,FEU,Z03,1,0.06286036016
03/13/2021,FEU,Z01,10,0.08954955458
03/13/2021,FEU,Z02,10,0.0414351733
03/13/2021,FEU,Z03,10,0.04427982674
03/13/2021,FEU,Z01,11,0.0877640934
03/13/2021,FEU,Z02,11,0.0398521347
03/13/2021,FEU,Z03,11,0.04253460456
03/13/2021,FEU,Z01,12,0.08336151368
03/13/2021,FEU,Z02,12,0.03562015798
03/13/2021,FEU,Z03,12,0.03808784198
03/13/2021,FEU,Z01,13,0.08336618792
03/13/2021,FEU,Z02,13,0.10185705452
03/13/2021,FEU,Z03,13,0.03815352522
03/13/2021,FEU,Z01,14,0.07936293206
03/13/2021,FEU,Z02,14,0.09781857366
03/13/2021,FEU,Z03,14,0.09781857366
03/13/2021,FEU,Z01,15,0.0789466605
03/13/2021,FEU,Z02,15,0.0973983041
03/13/2021,FEU,Z03,15,0.0973983041
03/13/2021,FEU,Z01,16,0.06344247466
03/13/2021,FEU,Z02,16,0.08176218626
03/13/2021,FEU,Z03,16,0.08176218626
03/13/2021,FEU,Z01,17,0.06213256224
03/13/2021,FEU,Z02,17,0.08044241684
03/13/2021,FEU,Z03,17,0.08044241684
03/13/2021,FEU,Z01,18,0.0770658191
03/13/2021,FEU,Z02,18,0.0955005127
03/13/2021,FEU,Z03,18,0.0955005127
03/13/2021,FEU,Z01,19,0.09275838796
03/13/2021,FEU,Z02,19,0.11136653642
03/13/2021,FEU,Z03,19,0.11136653642
03/13/2021,FEU,Z01,2,0.0946559179
03/13/2021,FEU,Z02,2,0.04565511172
03/13/2021,FEU,Z03,2,0.04272708818
03/13/2021,FEU,Z01,20,0.10980885298
03/13/2021,FEU,Z02,20,0.12857256344
03/13/2021,FEU,Z03,20,0.12857256344
03/13/2021,FEU,Z01,21,0.10972603714
03/13/2021,FEU,Z02,21,0.1284868106
03/13/2021,FEU,Z03,21,0.1284868106
03/13/2021,FEU,Z01,22,0.10915123658
03/13/2021,FEU,Z02,22,0.12790532204
03/13/2021,FEU,Z03,22,0.12790532204
03/13/2021,FEU,Z01,23,0.0999130471
03/13/2021,FEU,Z02,23,0.0510302548
03/13/2021,FEU,Z03,23,0.11871018014
03/13/2021,FEU,Z01,24,0.09924674184
03/13/2021,FEU,Z02,24,0.05029545582
03/13/2021,FEU,Z03,24,0.05390961686
03/13/2021,FEU,Z01,3,0.09297430306
03/13/2021,FEU,Z02,3,0.04400962002
03/13/2021,FEU,Z03,3,0.04107086076
03/13/2021,FEU,Z01,4,0.0911992715
03/13/2021,FEU,Z02,4,0.0422839806
03/13/2021,FEU,Z03,4,0.03940555534
03/13/2021,FEU,Z01,5,0.09333528936
03/13/2021,FEU,Z02,5,0.04430797946
03/13/2021,FEU,Z03,5,0.04132856034
03/13/2021,FEU,Z01,6,0.09259648536
03/13/2021,FEU,Z02,6,0.04360802146
03/13/2021,FEU,Z03,6,0.0406857262
03/13/2021,FEU,Z01,7,0.09350259434
03/13/2021,FEU,Z02,7,0.0445163563
03/13/2021,FEU,Z03,7,0.0415921019
03/13/2021,FEU,Z01,8,0.09307076444
03/13/2021,FEU,Z02,8,0.04427467684
03/13/2021,FEU,Z03,8,0.04769622932
03/13/2021,FEU,Z01,9,0.09649825622
03/13/2021,FEU,Z02,9,0.04786112964
03/13/2021,FEU,Z03,9,0.05121213924
03/14/2021,FEU,Z01,1,0.08972607672
03/14/2021,FEU,Z02,1,0.04112691398
03/14/2021,FEU,Z03,1,0.0443378636
03/14/2021,FEU,Z01,10,0.08605105662
03/14/2021,FEU,Z02,10,0.03795040476
03/14/2021,FEU,Z03,10,0.04071111078
03/14/2021,FEU,Z01,11,0.0758617263
03/14/2021,FEU,Z02,11,0.02828899002
03/14/2021,FEU,Z03,11,0.03051627246
03/14/2021,FEU,Z01,12,0.07435448386
03/14/2021,FEU,Z02,12,0.02687466444
03/14/2021,FEU,Z03,12,0.02901641602
03/14/2021,FEU,Z01,13,0.0744552641
03/14/2021,FEU,Z02,13,0.0928679277
03/14/2021,FEU,Z03,13,0.0291552234
03/14/2021,FEU,Z01,14,0.06950177824
03/14/2021,FEU,Z02,14,0.0878943377
03/14/2021,FEU,Z03,14,0.0878943377
03/14/2021,FEU,Z01,15,0.0690144534
03/14/2021,FEU,Z02,15,0.08740217286
03/14/2021,FEU,Z03,15,0.08740217286
03/14/2021,FEU,Z01,16,0.06452853314
03/14/2021,FEU,Z02,16,0.0828758606
03/14/2021,FEU,Z03,16,0.0828758606
03/14/2021,FEU,Z01,17,0.0717888263
03/14/2021,FEU,Z02,17,0.09022432362
03/14/2021,FEU,Z03,17,0.09022432362
03/14/2021,FEU,Z01,18,0.08878202288
03/14/2021,FEU,Z02,18,0.1073860692
03/14/2021,FEU,Z03,18,0.1073860692
03/14/2021,FEU,Z01,19,0.10802425488
03/14/2021,FEU,Z02,19,0.1268194492
03/14/2021,FEU,Z03,19,0.1268194492
03/14/2021,FEU,Z01,2,0.08778210974
03/14/2021,FEU,Z02,2,0.03919829028
03/14/2021,FEU,Z03,2,0.03647640974
03/14/2021,FEU,Z01,20,0.12394048318
03/14/2021,FEU,Z02,20,0.14295725236
03/14/2021,FEU,Z03,20,0.14295725236
03/14/2021,FEU,Z01,21,0.12288234462
03/14/2021,FEU,Z02,21,0.14182062994
03/14/2021,FEU,Z03,21,0.14182062994
03/14/2021,FEU,Z01,22,0.11687766662
03/14/2021,FEU,Z02,22,0.13575674394
03/14/2021,FEU,Z03,22,0.13575674394
03/14/2021,FEU,Z01,23,0.11520189926
03/14/2021,FEU,Z02,23,0.06552331424
03/14/2021,FEU,Z03,23,0.1341693043
03/14/2021,FEU,Z01,24,0.11297321272
03/14/2021,FEU,Z02,24,0.06322854512
03/14/2021,FEU,Z03,24,0.06768207174
03/14/2021,FEU,Z01,3,0.08533893476
03/14/2021,FEU,Z02,3,0.03679987858
03/14/2021,FEU,Z03,3,0.03413135518
03/14/2021,FEU,Z01,4,0.08284443306
03/14/2021,FEU,Z02,4,0.03439103702
03/14/2021,FEU,Z03,4,0.03180433462
03/14/2021,FEU,Z01,5,0.08284560164
03/14/2021,FEU,Z02,5,0.0343851006
03/14/2021,FEU,Z03,5,0.03174790048
03/14/2021,FEU,Z01,6,0.08066678192
03/14/2021,FEU,Z02,6,0.03232060688
03/14/2021,FEU,Z03,6,0.02977842262
03/14/2021,FEU,Z01,7,0.08425919448
03/14/2021,FEU,Z02,7,0.0357692613
03/14/2021,FEU,Z03,7,0.03310768504
03/14/2021,FEU,Z01,8,0.08356727104
03/14/2021,FEU,Z02,8,0.03514842972
03/14/2021,FEU,Z03,8,0.03809414192
03/14/2021,FEU,Z01,9,0.08357334812
03/14/2021,FEU,Z02,9,0.0353438791
03/14/2021,FEU,Z03,9,0.03815558114
03/15/2021,FEU,Z01,1,0.11550738602
03/15/2021,FEU,Z02,1,0.06558250056
03/15/2021,FEU,Z03,1,0.07021083904
03/15/2021,FEU,Z01,10,0.11547891406
03/15/2021,FEU,Z02,10,0.06683452666
03/15/2021,FEU,Z03,10,0.07040593136
03/15/2021,FEU,Z01,11,0.11374224962
03/15/2021,FEU,Z02,11,0.06516455422
03/15/2021,FEU,Z03,11,0.06862111806
03/15/2021,FEU,Z01,12,0.11300774848
03/15/2021,FEU,Z02,12,0.06450854594
03/15/2021,FEU,Z03,12,0.06793576178
03/15/2021,FEU,Z01,13,0.1107569976
03/15/2021,FEU,Z02,13,0.12942689734
03/15/2021,FEU,Z03,13,0.06565219304
03/15/2021,FEU,Z01,14,0.10800479674
03/15/2021,FEU,Z02,14,0.12665362848
03/15/2021,FEU,Z03,14,0.12665362848
03/15/2021,FEU,Z01,15,0.10488430118
03/15/2021,FEU,Z02,15,0.12356031878
03/15/2021,FEU,Z03,15,0.12356031878
03/15/2021,FEU,Z01,16,0.10184701862
03/15/2021,FEU,Z02,16,0.12044609936
03/15/2021,FEU,Z03,16,0.12044609936
03/15/2021,FEU,Z01,17,0.10607618734
03/15/2021,FEU,Z02,17,0.12476057294
03/15/2021,FEU,Z03,17,0.12476057294
03/15/2021,FEU,Z01,18,0.11084292506
03/15/2021,FEU,Z02,18,0.12956739666
03/15/2021,FEU,Z03,18,0.12956739666
03/15/2021,FEU,Z01,19,0.11333862164
03/15/2021,FEU,Z02,19,0.13208332224
03/15/2021,FEU,Z03,19,0.13208332224
03/15/2021,FEU,Z01,2,0.10933596476
03/15/2021,FEU,Z02,2,0.05965044744
03/15/2021,FEU,Z03,2,0.05622239704
03/15/2021,FEU,Z01,20,0.1222336948
03/15/2021,FEU,Z02,20,0.1410516334
03/15/2021,FEU,Z03,20,0.1410516334
03/15/2021,FEU,Z01,21,0.1250192141
03/15/2021,FEU,Z02,21,0.1438585777
03/15/2021,FEU,Z03,21,0.1438585777
03/15/2021,FEU,Z01,22,0.12094311884
03/15/2021,FEU,Z02,22,0.1398090413
03/15/2021,FEU,Z03,22,0.1398090413
03/15/2021,FEU,Z01,23,0.1169082035
03/15/2021,FEU,Z02,23,0.06739209992
03/15/2021,FEU,Z03,23,0.13584490868
03/15/2021,FEU,Z01,24,0.11536109612
03/15/2021,FEU,Z02,24,0.0656727691
03/15/2021,FEU,Z03,24,0.07012248714
03/15/2021,FEU,Z01,3,0.10578349448
03/15/2021,FEU,Z02,3,0.0562229313
03/15/2021,FEU,Z03,3,0.05286658504
03/15/2021,FEU,Z01,4,0.1029281522
03/15/2021,FEU,Z02,4,0.05346380116
03/15/2021,FEU,Z03,4,0.05024494876
03/15/2021,FEU,Z01,5,0.1010841122
03/15/2021,FEU,Z02,5,0.05175493902
03/15/2021,FEU,Z03,5,0.04855191676
03/15/2021,FEU,Z01,6,0.1098877829
03/15/2021,FEU,Z02,6,0.06012839372
03/15/2021,FEU,Z03,6,0.05672960818
03/15/2021,FEU,Z01,7,0.1189587864
03/15/2021,FEU,Z02,7,0.06916529824
03/15/2021,FEU,Z03,7,0.06561352328
03/15/2021,FEU,Z01,8,0.12016356662
03/15/2021,FEU,Z02,8,0.07063338476
03/15/2021,FEU,Z03,8,0.07499180078
03/15/2021,FEU,Z01,9,0.11871164168
03/15/2021,FEU,Z02,9,0.06963240898
03/15/2021,FEU,Z03,9,0.07358674998
03/16/2021,FEU,Z01,1,0.10949815614
03/16/2021,FEU,Z02,1,0.0599726734
03/16/2021,FEU,Z03,1,0.06419925616
03/16/2021,FEU,Z01,10,0.10078883722
03/16/2021,FEU,Z02,10,0.0525441461
03/16/2021,FEU,Z03,10,0.05563031252
03/16/2021,FEU,Z01,11,0.09801579106
03/16/2021,FEU,Z02,11,0.04996679266
03/16/2021,FEU,Z03,11,0.05286824336
03/16/2021,FEU,Z01,12,0.09660005206
03/16/2021,FEU,Z02,12,0.04860054466
03/16/2021,FEU,Z03,12,0.05144645936
03/16/2021,FEU,Z01,13,0.09249269532
03/16/2021,FEU,Z02,13,0.11102052806
03/16/2021,FEU,Z03,13,0.04731742876
03/16/2021,FEU,Z01,14,0.09016662774
03/16/2021,FEU,Z02,14,0.10867694048
03/16/2021,FEU,Z03,14,0.10867694048
03/16/2021,FEU,Z01,15,0.08803293932
03/16/2021,FEU,Z02,15,0.10656424392
03/16/2021,FEU,Z03,15,0.10656424392
03/16/2021,FEU,Z01,16,0.0859586819
03/16/2021,FEU,Z02,16,0.10443549964
03/16/2021,FEU,Z03,16,0.10443549964
03/16/2021,FEU,Z01,17,0.08502339676
03/16/2021,FEU,Z02,17,0.1034940355
03/16/2021,FEU,Z03,17,0.1034940355
03/16/2021,FEU,Z01,18,0.08616227234
03/16/2021,FEU,Z02,18,0.10467630794
03/16/2021,FEU,Z03,18,0.10467630794
03/16/2021,FEU,Z01,19,0.08795807206
03/16/2021,FEU,Z02,19,0.10648711366
03/16/2021,FEU,Z03,19,0.10648711366
03/16/2021,FEU,Z01,2,0.10602888332
03/16/2021,FEU,Z02,2,0.056511232
03/16/2021,FEU,Z03,2,0.05322720046
03/16/2021,FEU,Z01,20,0.10905022736
03/16/2021,FEU,Z02,20,0.12775892996
03/16/2021,FEU,Z03,20,0.12775892996
03/16/2021,FEU,Z01,21,0.11331964766
03/16/2021,FEU,Z02,21,0.13206168926
03/16/2021,FEU,Z03,21,0.13206168926
03/16/2021,FEU,Z01,22,0.1111904334
03/16/2021,FEU,Z02,22,0.12996801486
03/16/2021,FEU,Z03,22,0.12996801486
03/16/2021,FEU,Z01,23,0.10313613934
03/16/2021,FEU,Z02,23,0.05431581248
03/16/2021,FEU,Z03,23,0.12192891552
03/16/2021,FEU,Z01,24,0.0899824121
03/16/2021,FEU,Z02,24,0.04150854694
03/16/2021,FEU,Z03,24,0.04459380026
03/16/2021,FEU,Z01,3,0.09347628648
03/16/2021,FEU,Z02,3,0.04449329144
03/16/2021,FEU,Z03,3,0.04156880104
03/16/2021,FEU,Z01,4,0.09346360648
03/16/2021,FEU,Z02,4,0.0445163563
03/16/2021,FEU,Z03,4,0.0415921019
03/16/2021,FEU,Z01,5,0.09013488906
03/16/2021,FEU,Z02,5,0.04131438902
03/16/2021,FEU,Z03,5,0.03846601676
03/16/2021,FEU,Z01,6,0.09139690118
03/16/2021,FEU,Z02,6,0.04259485386
03/16/2021,FEU,Z03,6,0.03976519532
03/16/2021,FEU,Z01,7,0.09186709454
03/16/2021,FEU,Z02,7,0.04329924138
03/16/2021,FEU,Z03,7,0.04053189442
03/16/2021,FEU,Z01,8,0.1057490692
03/16/2021,FEU,Z02,8,0.05677094848
03/16/2021,FEU,Z03,8,0.06049469836
03/16/2021,FEU,Z01,9,0.10696734884
03/16/2021,FEU,Z02,9,0.05827167928
03/16/2021,FEU,Z03,9,0.06177011514
03/17/2021,FEU,Z01,1,0.0832827464
03/17/2021,FEU,Z02,1,0.03507265938
03/17/2021,FEU,Z03,1,0.03787089242
03/17/2021,FEU,Z01,10,0.08134677248
03/17/2021,FEU,Z02,10,0.03390474294
03/17/2021,FEU,Z03,10,0.03613925078
03/17/2021,FEU,Z01,11,0.07788751732
03/17/2021,FEU,Z02,11,0.03060371064
03/17/2021,FEU,Z03,11,0.03266197476
03/17/2021,FEU,Z01,12,0.07248410846
03/17/2021,FEU,Z02,12,0.02537896378
03/17/2021,FEU,Z03,12,0.0272436469
03/17/2021,FEU,Z01,13,0.072225989
03/17/2021,FEU,Z02,13,0.09059741374
03/17/2021,FEU,Z03,13,0.0270460583
03/17/2021,FEU,Z01,14,0.069878839
03/17/2021,FEU,Z02,14,0.08823189474
03/17/2021,FEU,Z03,14,0.08823189474
03/17/2021,FEU,Z01,15,0.06666945258
03/17/2021,FEU,Z02,15,0.08499735932
03/17/2021,FEU,Z03,15,0.08499735932
03/17/2021,FEU,Z01,16,0.0651956783
03/17/2021,FEU,Z02,16,0.08351208104
03/17/2021,FEU,Z03,16,0.08351208104
03/17/2021,FEU,Z01,17,0.06494350216
03/17/2021,FEU,Z02,17,0.0832591069
03/17/2021,FEU,Z03,17,0.0832591069
03/17/2021,FEU,Z01,18,0.0686431976
03/17/2021,FEU,Z02,18,0.08698635234
03/17/2021,FEU,Z03,18,0.08698635234
03/17/2021,FEU,Z01,19,0.0728419469
03/17/2021,FEU,Z02,19,0.09121743364
03/17/2021,FEU,Z03,19,0.09121743364
03/17/2021,FEU,Z01,2,0.07787965272
03/17/2021,FEU,Z02,2,0.02983874798
03/17/2021,FEU,Z03,2,0.0274415983
03/17/2021,FEU,Z01,20,0.0794237105
03/17/2021,FEU,Z02,20,0.0978794141
03/17/2021,FEU,Z03,20,0.0978794141
03/17/2021,FEU,Z01,21,0.0856713948
03/17/2021,FEU,Z02,21,0.10421610926
03/17/2021,FEU,Z03,21,0.10421610926
03/17/2021,FEU,Z01,22,0.08072997596
03/17/2021,FEU,Z02,22,0.09922656242
03/17/2021,FEU,Z03,22,0.09922656242
03/17/2021,FEU,Z01,23,0.07438791548
03/17/2021,FEU,Z02,23,0.02677318462
03/17/2021,FEU,Z03,23,0.09287299766
03/17/2021,FEU,Z01,24,0.07360366322
03/17/2021,FEU,Z02,24,0.02593406878
03/17/2021,FEU,Z03,24,0.02816519138
03/17/2021,FEU,Z01,3,0.0768387993
03/17/2021,FEU,Z02,3,0.0288179227
03/17/2021,FEU,Z03,3,0.02645322402
03/17/2021,FEU,Z01,4,0.07799647118
03/17/2021,FEU,Z02,4,0.02985344486
03/17/2021,FEU,Z03,4,0.02741468746
03/17/2021,FEU,Z01,5,0.07524113132
03/17/2021,FEU,Z02,5,0.027236032
03/17/2021,FEU,Z03,5,0.02490344446
03/17/2021,FEU,Z01,6,0.07701705644
03/17/2021,FEU,Z02,6,0.02898908884
03/17/2021,FEU,Z03,6,0.02661955416
03/17/2021,FEU,Z01,7,0.08109573938
03/17/2021,FEU,Z02,7,0.03305605308
03/17/2021,FEU,Z03,7,0.03062327098
03/17/2021,FEU,Z01,8,0.08511793902
03/17/2021,FEU,Z02,8,0.03714011788
03/17/2021,FEU,Z03,8,0.03978059432
03/17/2021,FEU,Z01,9,0.08889377084
03/17/2021,FEU,Z02,9,0.04089440328
03/17/2021,FEU,Z03,9,0.043654832
03/18/2021,FEU,Z01,1,0.08387712184
03/18/2021,FEU,Z02,1,0.03560073396
03/18/2021,FEU,Z03,1,0.03845351186
03/18/2021,FEU,Z01,10,0.09739042048
03/18/2021,FEU,Z02,10,0.04937088208
03/18/2021,FEU,Z03,10,0.05220948792
03/18/2021,FEU,Z01,11,0.09164819818
03/18/2021,FEU,Z02,11,0.04387477864
03/18/2021,FEU,Z03,11,0.04646628662
03/18/2021,FEU,Z01,12,0.09525244532
03/18/2021,FEU,Z02,12,0.04740076664
03/18/2021,FEU,Z03,12,0.05012716562
03/18/2021,FEU,Z01,13,0.09730317586
03/18/2021,FEU,Z02,13,0.1158706376
03/18/2021,FEU,Z03,13,0.05222847816
03/18/2021,FEU,Z01,14,0.09731388658
03/18/2021,FEU,Z02,14,0.11588099532
03/18/2021,FEU,Z03,14,0.11588099532
03/18/2021,FEU,Z01,15,0.09464443102
03/18/2021,FEU,Z02,15,0.11318990876
03/18/2021,FEU,Z03,15,0.11318990876
03/18/2021,FEU,Z01,16,0.0884989176
03/18/2021,FEU,Z02,16,0.10699612534
03/18/2021,FEU,Z03,16,0.10699612534
03/18/2021,FEU,Z01,17,0.08354994332
03/18/2021,FEU,Z02,17,0.10200851206
03/18/2021,FEU,Z03,17,0.10200851206
03/18/2021,FEU,Z01,18,0.08496560018
03/18/2021,FEU,Z02,18,0.10343500392
03/18/2021,FEU,Z03,18,0.10343500392
03/18/2021,FEU,Z01,19,0.0921320169
03/18/2021,FEU,Z02,19,0.1106991355
03/18/2021,FEU,Z03,19,0.1106991355
03/18/2021,FEU,Z01,2,0.08484808016
03/18/2021,FEU,Z02,2,0.03644076456
03/18/2021,FEU,Z03,2,0.03380711602
03/18/2021,FEU,Z01,20,0.10602101294
03/18/2021,FEU,Z02,20,0.12470185854
03/18/2021,FEU,Z03,20,0.12470185854
03/18/2021,FEU,Z01,21,0.11556284438
03/18/2021,FEU,Z02,21,0.13438375484
03/18/2021,FEU,Z03,21,0.13438375484
03/18/2021,FEU,Z01,22,0.10802998226
03/18/2021,FEU,Z02,22,0.12677799572
03/18/2021,FEU,Z03,22,0.12677799572
03/18/2021,FEU,Z01,23,0.1027067785
03/18/2021,FEU,Z02,23,0.05380393192
03/18/2021,FEU,Z03,23,0.12149153668
03/18/2021,FEU,Z01,24,0.0982322121
03/18/2021,FEU,Z02,24,0.0494242748
03/18/2021,FEU,Z03,24,0.05292397412
03/18/2021,FEU,Z01,3,0.08493413018
03/18/2021,FEU,Z02,3,0.03645053786
03/18/2021,FEU,Z03,3,0.03379089946
03/18/2021,FEU,Z01,4,0.0848495636
03/18/2021,FEU,Z02,4,0.03640551614
03/18/2021,FEU,Z03,4,0.0337741576
03/18/2021,FEU,Z01,5,0.08959305846
03/18/2021,FEU,Z02,5,0.04088498014
03/18/2021,FEU,Z03,5,0.0381079176
03/18/2021,FEU,Z01,6,0.0882780236
03/18/2021,FEU,Z02,6,0.03966799514
03/18/2021,FEU,Z03,6,0.0369305176
03/18/2021,FEU,Z01,7,0.09363843868
03/18/2021,FEU,Z02,7,0.04499259652
03/18/2021,FEU,Z03,7,0.04217278156
03/18/2021,FEU,Z01,8,0.10060198574
03/18/2021,FEU,Z02,8,0.0519927576
03/18/2021,FEU,Z03,8,0.0553643999
03/18/2021,FEU,Z01,9,0.10555821338
03/18/2021,FEU,Z02,9,0.0570830404
03/18/2021,FEU,Z03,9,0.06039704168
03/19/2021,FEU,Z01,1,0.09399910342
03/19/2021,FEU,Z02,1,0.04524593254
03/19/2021,FEU,Z03,1,0.04862098244
03/19/2021,FEU,Z01,10,0.09024035106
03/19/2021,FEU,Z02,10,0.04245808366
03/19/2021,FEU,Z03,10,0.04505960336
03/19/2021,FEU,Z01,11,0.08954146048
03/19/2021,FEU,Z02,11,0.04178959408
03/19/2021,FEU,Z03,11,0.04436901878
03/19/2021,FEU,Z01,12,0.08783511134
03/19/2021,FEU,Z02,12,0.04014020994
03/19/2021,FEU,Z03,12,0.04265160764
03/19/2021,FEU,Z01,13,0.08662472374
03/19/2021,FEU,Z02,13,0.10510753248
03/19/2021,FEU,Z03,13,0.04144042818
03/19/2021,FEU,Z01,14,0.08607188074
03/19/2021,FEU,Z02,14,0.10455039648
03/19/2021,FEU,Z03,14,0.10455039648
03/19/2021,FEU,Z01,15,0.08242977532
03/19/2021,FEU,Z02,15,0.10091285992
03/19/2021,FEU,Z03,15,0.10091285992
03/19/2021,FEU,Z01,16,0.0821269969
03/19/2021,FEU,Z02,16,0.10057421364
03/19/2021,FEU,Z03,16,0.10057421364
03/19/2021,FEU,Z01,17,0.08002825276
03/19/2021,FEU,Z02,17,0.09849017936
03/19/2021,FEU,Z03,17,0.09849017936
03/19/2021,FEU,Z01,18,0.08217722048
03/19/2021,FEU,Z02,18,0.10062449722
03/19/2021,FEU,Z03,18,0.10062449722
03/19/2021,FEU,Z01,19,0.08746687634
03/19/2021,FEU,Z02,19,0.10599325094
03/19/2021,FEU,Z03,19,0.10599325094
03/19/2021,FEU,Z01,2,0.0909126836
03/19/2021,FEU,Z02,2,0.04214177628
03/19/2021,FEU,Z03,2,0.0393560776
03/19/2021,FEU,Z01,20,0.09891221108
03/19/2021,FEU,Z02,20,0.11757974854
03/19/2021,FEU,Z03,20,0.11757974854
03/19/2021,FEU,Z01,21,0.10944659396
03/19/2021,FEU,Z02,21,0.12815541656
03/19/2021,FEU,Z03,21,0.12815541656
03/19/2021,FEU,Z01,22,0.10939726798
03/19/2021,FEU,Z02,22,0.12815718344
03/19/2021,FEU,Z03,22,0.12815718344
03/19/2021,FEU,Z01,23,0.09898227836
03/19/2021,FEU,Z02,23,0.05023980178
03/19/2021,FEU,Z03,23,0.11772841754
03/19/2021,FEU,Z01,24,0.0935688521
03/19/2021,FEU,Z02,24,0.0449674148
03/19/2021,FEU,Z03,24,0.04823418212
03/19/2021,FEU,Z01,3,0.09082831076
03/19/2021,FEU,Z02,3,0.04201488358
03/19/2021,FEU,Z03,3,0.03920588104
03/19/2021,FEU,Z01,4,0.0910790522
03/19/2021,FEU,Z02,4,0.04221182116
03/19/2021,FEU,Z03,4,0.03936616876
03/19/2021,FEU,Z01,5,0.09217662362
03/19/2021,FEU,Z02,5,0.04329531144
03/19/2021,FEU,Z03,5,0.04041062104
03/19/2021,FEU,Z01,6,0.0921789836
03/19/2021,FEU,Z02,6,0.04334576628
03/19/2021,FEU,Z03,6,0.04048886774
03/19/2021,FEU,Z01,7,0.09010808924
03/19/2021,FEU,Z02,7,0.04166417494
03/19/2021,FEU,Z03,7,0.03897646384
03/19/2021,FEU,Z01,8,0.09242281544
03/19/2021,FEU,Z02,8,0.04419266616
03/19/2021,FEU,Z03,8,0.04712702174
03/19/2021,FEU,Z01,9,0.09262329138
03/19/2021,FEU,Z02,9,0.0446182804
03/19/2021,FEU,Z03,9,0.04740744968
03/20/2021,FEU,Z01,1,0.08676260914
03/20/2021,FEU,Z02,1,0.0383111034
03/20/2021,FEU,Z03,1,0.04133628816
03/20/2021,FEU,Z01,10,0.07869127658
03/20/2021,FEU,Z02,10,0.0310112983
03/20/2021,FEU,Z03,10,0.03336739274
03/20/2021,FEU,Z01,11,0.0758283934
03/20/2021,FEU,Z02,11,0.0283677847
03/20/2021,FEU,Z03,11,0.03053872456
03/20/2021,FEU,Z01,12,0.07195196168
03/20/2021,FEU,Z02,12,0.02464278598
03/20/2021,FEU,Z03,12,0.02663026998
03/20/2021,FEU,Z01,13,0.07130161992
03/20/2021,FEU,Z02,13,0.08968836452
03/20/2021,FEU,Z03,13,0.02603631022
03/20/2021,FEU,Z01,14,0.07522578906
03/20/2021,FEU,Z02,14,0.09364610066
03/20/2021,FEU,Z03,14,0.09364610066
03/20/2021,FEU,Z01,15,0.0762147855
03/20/2021,FEU,Z02,15,0.0946431791
03/20/2021,FEU,Z03,15,0.0946431791
03/20/2021,FEU,Z01,16,0.07607917466
03/20/2021,FEU,Z02,16,0.09450588626
03/20/2021,FEU,Z03,16,0.09450588626
03/20/2021,FEU,Z01,17,0.07516248224
03/20/2021,FEU,Z02,17,0.09358238684
03/20/2021,FEU,Z03,17,0.09358238684
03/20/2021,FEU,Z01,18,0.0784131641
03/20/2021,FEU,Z02,18,0.0968592277
03/20/2021,FEU,Z03,18,0.0968592277
03/20/2021,FEU,Z01,19,0.08068253596
03/20/2021,FEU,Z02,19,0.09917868242
03/20/2021,FEU,Z03,19,0.09917868242
03/20/2021,FEU,Z01,2,0.0835985529
03/20/2021,FEU,Z02,2,0.03514842972
03/20/2021,FEU,Z03,2,0.03256130518
03/20/2021,FEU,Z01,20,0.09149630298
03/20/2021,FEU,Z02,20,0.11009116344
03/20/2021,FEU,Z03,20,0.11009116344
03/20/2021,FEU,Z01,21,0.11030995014
03/20/2021,FEU,Z02,21,0.1290760806
03/20/2021,FEU,Z03,21,0.1290760806
03/20/2021,FEU,Z01,22,0.10967694758
03/20/2021,FEU,Z02,22,0.12843584004
03/20/2021,FEU,Z03,22,0.12843584004
03/20/2021,FEU,Z01,23,0.0993239521
03/20/2021,FEU,Z02,23,0.0504662148
03/20/2021,FEU,Z03,23,0.11811440714
03/20/2021,FEU,Z01,24,0.09291975784
03/20/2021,FEU,Z02,24,0.04425718682
03/20/2021,FEU,Z03,24,0.04754703086
03/20/2021,FEU,Z01,3,0.08283172306
03/20/2021,FEU,Z02,3,0.03437896702
03/20/2021,FEU,Z03,3,0.03176618076
03/20/2021,FEU,Z01,4,0.0825394715
03/20/2021,FEU,Z02,4,0.0340656606
03/20/2021,FEU,Z03,4,0.03146570734
03/20/2021,FEU,Z01,5,0.08253139736
03/20/2021,FEU,Z02,5,0.03405444246
03/20/2021,FEU,Z03,5,0.03143063734
03/20/2021,FEU,Z01,6,0.08293206136
03/20/2021,FEU,Z02,6,0.03443590746
03/20/2021,FEU,Z03,6,0.0318253162
03/20/2021,FEU,Z01,7,0.08213996834
03/20/2021,FEU,Z02,7,0.0337255813
03/20/2021,FEU,Z03,7,0.0311606919
03/20/2021,FEU,Z01,8,0.08168946044
03/20/2021,FEU,Z02,8,0.03343793284
03/20/2021,FEU,Z03,8,0.03624231732
03/20/2021,FEU,Z01,9,0.07939510322
03/20/2021,FEU,Z02,9,0.03149674364
03/20/2021,FEU,Z03,9,0.03401017924
03/21/2021,FEU,Z01,1,0.10030046872
03/21/2021,FEU,Z02,1,0.05120418498
03/21/2021,FEU,Z03,1,0.0549798236
03/21/2021,FEU,Z01,10,0.08337000562
03/21/2021,FEU,Z02,10,0.03538170676
03/21/2021,FEU,Z03,10,0.03801684178
03/21/2021,FEU,Z01,11,0.0802419013
03/21/2021,FEU,Z02,11,0.03249468502
03/21/2021,FEU,Z03,11,0.03491825746
03/21/2021,FEU,Z01,12,0.08060929186
03/21/2021,FEU,Z02,12,0.03288469644
03/21/2021,FEU,Z03,12,0.03530247202
03/21/2021,FEU,Z01,13,0.0812050241
03/21/2021,FEU,Z02,13,0.0996746477
03/21/2021,FEU,Z03,13,0.0359334634
03/21/2021,FEU,Z01,14,0.08391342624
03/21/2021,FEU,Z02,14,0.1024398777
03/21/2021,FEU,Z03,14,0.1024398777
03/21/2021,FEU,Z01,15,0.0816272634
03/21/2021,FEU,Z02,15,0.10013157186
03/21/2021,FEU,Z03,15,0.10013157186
03/21/2021,FEU,Z01,16,0.08126657314
03/21/2021,FEU,Z02,16,0.0997662506
03/21/2021,FEU,Z03,16,0.0997662506
03/21/2021,FEU,Z01,17,0.0809998463
03/21/2021,FEU,Z02,17,0.09952707162
03/21/2021,FEU,Z03,17,0.09952707162
03/21/2021,FEU,Z01,18,0.08262484688
03/21/2021,FEU,Z02,18,0.1011677292
03/21/2021,FEU,Z03,18,0.1011677292
03/21/2021,FEU,Z01,19,0.10151192688
03/21/2021,FEU,Z02,19,0.1202424292
03/21/2021,FEU,Z03,19,0.1202424292
03/21/2021,FEU,Z01,2,0.09147601574
03/21/2021,FEU,Z02,2,0.04271322228
03/21/2021,FEU,Z03,2,0.03987691574
03/21/2021,FEU,Z01,20,0.11906422318
03/21/2021,FEU,Z02,20,0.13802873236
03/21/2021,FEU,Z03,20,0.13802873236
03/21/2021,FEU,Z01,21,0.12587251362
03/21/2021,FEU,Z02,21,0.14484028294
03/21/2021,FEU,Z03,21,0.14484028294
03/21/2021,FEU,Z01,22,0.12046051462
03/21/2021,FEU,Z02,22,0.13937491994
03/21/2021,FEU,Z03,22,0.13937491994
03/21/2021,FEU,Z01,23,0.12271119026
03/21/2021,FEU,Z02,23,0.07268769824
03/21/2021,FEU,Z03,23,0.1417633093
03/21/2021,FEU,Z01,24,0.11735896872
03/21/2021,FEU,Z02,24,0.06740292912
03/21/2021,FEU,Z03,24,0.07209234874
03/21/2021,FEU,Z01,3,0.08922049076
03/21/2021,FEU,Z02,3,0.04048827658
03/21/2021,FEU,Z03,3,0.03769711318
03/21/2021,FEU,Z01,4,0.08894777506
03/21/2021,FEU,Z02,4,0.04018705102
03/21/2021,FEU,Z03,4,0.03740826862
03/21/2021,FEU,Z01,5,0.08963602164
03/21/2021,FEU,Z02,5,0.0408344006
03/21/2021,FEU,Z03,5,0.03797334048
03/21/2021,FEU,Z01,6,0.08937107792
03/21/2021,FEU,Z02,6,0.04058574288
03/21/2021,FEU,Z03,6,0.03776420362
03/21/2021,FEU,Z01,7,0.09276874248
03/21/2021,FEU,Z02,7,0.0438548113
03/21/2021,FEU,Z03,7,0.04091928904
03/21/2021,FEU,Z01,8,0.08905935104
03/21/2021,FEU,Z02,8,0.04037111972
03/21/2021,FEU,Z03,8,0.04362098192
03/21/2021,FEU,Z01,9,0.08586732212
03/21/2021,FEU,Z02,9,0.0375337591
03/21/2021,FEU,Z03,9,0.04046248414
03/22/2021,FEU,Z01,1,0.11857069502
03/22/2021,FEU,Z02,1,0.06849595656
03/22/2021,FEU,Z03,1,0.07329120704
03/22/2021,FEU,Z01,10,0.11883148706
03/22/2021,FEU,Z02,10,0.07007257966
03/22/2021,FEU,Z03,10,0.07377281936
03/22/2021,FEU,Z01,11,0.11803097462
03/22/2021,FEU,Z02,11,0.06930627922
03/22/2021,FEU,Z03,11,0.07292454306
03/22/2021,FEU,Z01,12,0.11807102848
03/22/2021,FEU,Z02,12,0.06940276094
03/22/2021,FEU,Z03,12,0.07302071678
03/22/2021,FEU,Z01,13,0.1176578376
03/22/2021,FEU,Z02,13,0.13638127834
03/22/2021,FEU,Z03,13,0.07257682904
03/22/2021,FEU,Z01,14,0.11828860374
03/22/2021,FEU,Z02,14,0.13701729248
03/22/2021,FEU,Z03,14,0.13701729248
03/22/2021,FEU,Z01,15,0.11579440418
03/22/2021,FEU,Z02,15,0.13456423178
03/22/2021,FEU,Z03,15,0.13456423178
03/22/2021,FEU,Z01,16,0.11444128262
03/22/2021,FEU,Z02,16,0.13313749136
03/22/2021,FEU,Z03,16,0.13313749136
03/22/2021,FEU,Z01,17,0.11794387534
03/22/2021,FEU,Z02,17,0.13673095994
03/22/2021,FEU,Z03,17,0.13673095994
03/22/2021,FEU,Z01,18,0.12128121906
03/22/2021,FEU,Z02,18,0.14009483066
03/22/2021,FEU,Z03,18,0.14009483066
03/22/2021,FEU,Z01,19,0.12460080364
03/22/2021,FEU,Z02,19,0.14344261824
03/22/2021,FEU,Z03,19,0.14344261824
03/22/2021,FEU,Z01,2,0.11802452276
03/22/2021,FEU,Z02,2,0.06791229544
03/22/2021,FEU,Z03,2,0.06421092904
03/22/2021,FEU,Z01,20,0.1426594948
03/22/2021,FEU,Z02,20,0.1616505334
03/22/2021,FEU,Z03,20,0.1616505334
03/22/2021,FEU,Z01,21,0.1430406941
03/22/2021,FEU,Z02,21,0.1620321377
03/22/2021,FEU,Z03,21,0.1620321377
03/22/2021,FEU,Z01,22,0.13233746084
03/22/2021,FEU,Z02,22,0.1513095613
03/22/2021,FEU,Z03,22,0.1513095613
03/22/2021,FEU,Z01,23,0.1287355785
03/22/2021,FEU,Z02,23,0.07870775992
03/22/2021,FEU,Z03,23,0.14779656068
03/22/2021,FEU,Z01,24,0.12480526412
03/22/2021,FEU,Z02,24,0.0746835091
03/22/2021,FEU,Z03,24,0.07961988314
03/22/2021,FEU,Z01,3,0.11723987448
03/22/2021,FEU,Z02,3,0.0671113113
03/22/2021,FEU,Z03,3,0.06338332504
03/22/2021,FEU,Z01,4,0.1173553522
03/22/2021,FEU,Z02,4,0.06716516716
03/22/2021,FEU,Z03,4,0.06349070876
03/22/2021,FEU,Z01,5,0.1178455722
03/22/2021,FEU,Z02,5,0.06768492502
03/22/2021,FEU,Z03,5,0.06394078476
03/22/2021,FEU,Z01,6,0.1217926979
03/22/2021,FEU,Z02,6,0.07144041572
03/22/2021,FEU,Z03,6,0.06767460118
03/22/2021,FEU,Z01,7,0.1245363064
03/22/2021,FEU,Z02,7,0.07449093024
03/22/2021,FEU,Z03,7,0.07077607928
03/22/2021,FEU,Z01,8,0.12354926062
03/22/2021,FEU,Z02,8,0.07387719676
03/22/2021,FEU,Z03,8,0.07839418678
03/22/2021,FEU,Z01,9,0.12276390968
03/22/2021,FEU,Z02,9,0.07353118198
03/22/2021,FEU,Z03,9,0.07765607298
03/23/2021,FEU,Z01,1,0.13138438314
03/23/2021,FEU,Z02,1,0.0808250434
03/23/2021,FEU,Z03,1,0.08620814416
03/23/2021,FEU,Z01,10,0.13492772222
03/23/2021,FEU,Z02,10,0.0854648211
03/23/2021,FEU,Z03,10,0.08991540452
03/23/2021,FEU,Z01,11,0.12784350306
03/23/2021,FEU,Z02,11,0.07877562466
03/23/2021,FEU,Z03,11,0.08282331536
03/23/2021,FEU,Z01,12,0.12487150506
03/23/2021,FEU,Z02,12,0.07590514666
03/23/2021,FEU,Z03,12,0.07983862736
03/23/2021,FEU,Z01,13,0.12394338732
03/23/2021,FEU,Z02,13,0.14271481406
03/23/2021,FEU,Z03,13,0.07887638476
03/23/2021,FEU,Z01,14,0.12334879774
03/23/2021,FEU,Z02,14,0.14211678048
03/23/2021,FEU,Z03,14,0.14211678048
03/23/2021,FEU,Z01,15,0.12052129732
03/23/2021,FEU,Z02,15,0.13933336392
03/23/2021,FEU,Z03,15,0.13933336392
03/23/2021,FEU,Z01,16,0.1207549019
03/23/2021,FEU,Z02,16,0.13950053164
03/23/2021,FEU,Z03,16,0.13950053164
03/23/2021,FEU,Z01,17,0.12342444076
03/23/2021,FEU,Z02,17,0.1421914855
03/23/2021,FEU,Z03,17,0.1421914855
03/23/2021,FEU,Z01,18,0.12902950234
03/23/2021,FEU,Z02,18,0.14791023794
03/23/2021,FEU,Z03,18,0.14791023794
03/23/2021,FEU,Z01,19,0.13647377306
03/23/2021,FEU,Z02,19,0.15541712466
03/23/2021,FEU,Z03,19,0.15541712466
03/23/2021,FEU,Z01,2,0.12720776732
03/23/2021,FEU,Z02,2,0.076648432
03/23/2021,FEU,Z03,2,0.07271110246
03/23/2021,FEU,Z01,20,0.15203185136
03/23/2021,FEU,Z02,20,0.17110485796
03/23/2021,FEU,Z03,20,0.17110485796
03/23/2021,FEU,Z01,21,0.14317414666
03/23/2021,FEU,Z02,21,0.16216897826
03/23/2021,FEU,Z03,21,0.16216897826
03/23/2021,FEU,Z01,22,0.1397623334
03/23/2021,FEU,Z02,22,0.15880402486
03/23/2021,FEU,Z03,22,0.15880402486
03/23/2021,FEU,Z01,23,0.13468264034
03/23/2021,FEU,Z02,23,0.08454131648
03/23/2021,FEU,Z03,23,0.15381061152
03/23/2021,FEU,Z01,24,0.1335779121
03/23/2021,FEU,Z02,24,0.08312606794
03/23/2021,FEU,Z03,24,0.08840110026
03/23/2021,FEU,Z01,3,0.12598019848
03/23/2021,FEU,Z02,3,0.07535662744
03/23/2021,FEU,Z03,3,0.07140794104
03/23/2021,FEU,Z01,4,0.12635425848
03/23/2021,FEU,Z02,4,0.0757728513
03/23/2021,FEU,Z03,4,0.0718110369
03/23/2021,FEU,Z01,5,0.12814922806
03/23/2021,FEU,Z02,5,0.07741455202
03/23/2021,FEU,Z03,5,0.07333991076
03/23/2021,FEU,Z01,6,0.13023541418
03/23/2021,FEU,Z02,6,0.07952800586
03/23/2021,FEU,Z03,6,0.07549785732
03/23/2021,FEU,Z01,7,0.13596806054
03/23/2021,FEU,Z02,7,0.08540694338
03/23/2021,FEU,Z03,7,0.08135821242
03/23/2021,FEU,Z01,8,0.1451855692
03/23/2021,FEU,Z02,8,0.09452654848
03/23/2021,FEU,Z03,8,0.10012514836
03/23/2021,FEU,Z01,9,0.14477535884
03/23/2021,FEU,Z02,9,0.09462309928
03/23/2021,FEU,Z03,9,0.09973645014
03/24/2021,FEU,Z01,1,0.1330340264
03/24/2021,FEU,Z02,1,0.08253580238
03/24/2021,FEU,Z03,1,0.08790302642
03/24/2021,FEU,Z01,10,0.13271541248
03/24/2021,FEU,Z02,10,0.08355816294
03/24/2021,FEU,Z03,10,0.08772779078
03/24/2021,FEU,Z01,11,0.12590135732
03/24/2021,FEU,Z02,11,0.07704739064
03/24/2021,FEU,Z03,11,0.08084109476
03/24/2021,FEU,Z01,12,0.12587849846
03/24/2021,FEU,Z02,12,0.07702573378
03/24/2021,FEU,Z03,12,0.0808219969
03/24/2021,FEU,Z01,13,0.124004739
03/24/2021,FEU,Z02,13,0.14278138874
03/24/2021,FEU,Z03,13,0.0790499333
03/24/2021,FEU,Z01,14,0.123736789
03/24/2021,FEU,Z02,14,0.14251134174
03/24/2021,FEU,Z03,14,0.14251134174
03/24/2021,FEU,Z01,15,0.12282055258
03/24/2021,FEU,Z02,15,0.14158675932
03/24/2021,FEU,Z03,15,0.14158675932
03/24/2021,FEU,Z01,16,0.1207881383
03/24/2021,FEU,Z02,16,0.13953772904
03/24/2021,FEU,Z03,16,0.13953772904
03/24/2021,FEU,Z01,17,0.12120602216
03/24/2021,FEU,Z02,17,0.1399596569
03/24/2021,FEU,Z03,17,0.1399596569
03/24/2021,FEU,Z01,18,0.1250655976
03/24/2021,FEU,Z02,18,0.14384651234
03/24/2021,FEU,Z03,18,0.14384651234
03/24/2021,FEU,Z01,19,0.1318375469
03/24/2021,FEU,Z02,19,0.15066879364
03/24/2021,FEU,Z03,19,0.15066879364
03/24/2021,FEU,Z01,2,0.13309410472
03/24/2021,FEU,Z02,2,0.08245243398
03/24/2021,FEU,Z03,2,0.0783782533
03/24/2021,FEU,Z01,20,0.1528459355
03/24/2021,FEU,Z02,20,0.1719265091
03/24/2021,FEU,Z03,20,0.1719265091
03/24/2021,FEU,Z01,21,0.1403466948
03/24/2021,FEU,Z02,21,0.15940109426
03/24/2021,FEU,Z03,21,0.15940109426
03/24/2021,FEU,Z01,22,0.13328756596
03/24/2021,FEU,Z02,22,0.15227161742
03/24/2021,FEU,Z03,22,0.15227161742
03/24/2021,FEU,Z01,23,0.13114549748
03/24/2021,FEU,Z02,23,0.08115421762
03/24/2021,FEU,Z03,23,0.15023636666
03/24/2021,FEU,Z01,24,0.12959658122
03/24/2021,FEU,Z02,24,0.07946392378
03/24/2021,FEU,Z03,24,0.08443191338
03/24/2021,FEU,Z01,3,0.1325055793
03/24/2021,FEU,Z02,3,0.0818221477
03/24/2021,FEU,Z03,3,0.07777311602
03/24/2021,FEU,Z01,4,0.13345353818
03/24/2021,FEU,Z02,4,0.08258815386
03/24/2021,FEU,Z03,4,0.07839187546
03/24/2021,FEU,Z01,5,0.13345971532
03/24/2021,FEU,Z02,5,0.082594432
03/24/2021,FEU,Z03,5,0.07846269646
03/24/2021,FEU,Z01,6,0.13294420244
03/24/2021,FEU,Z02,6,0.08224029484
03/24/2021,FEU,Z03,6,0.07817599816
03/24/2021,FEU,Z01,7,0.13548583538
03/24/2021,FEU,Z02,7,0.08501881108
03/24/2021,FEU,Z03,7,0.08104328698
03/24/2021,FEU,Z01,8,0.14425490402
03/24/2021,FEU,Z02,8,0.09387632788
03/24/2021,FEU,Z03,8,0.09916253432
03/24/2021,FEU,Z01,9,0.14484819284
03/24/2021,FEU,Z02,9,0.09469312728
03/24/2021,FEU,Z03,9,0.099890432
03/25/2021,FEU,Z01,1,0.13358611784
03/25/2021,FEU,Z02,1,0.08299329396
03/25/2021,FEU,Z03,1,0.08844222086
03/25/2021,FEU,Z01,10,0.13194453248
03/25/2021,FEU,Z02,10,0.08274163408
03/25/2021,FEU,Z03,10,0.08688193592
03/25/2021,FEU,Z01,11,0.12675102718
03/25/2021,FEU,Z02,11,0.07780047064
03/25/2021,FEU,Z03,11,0.08168984762
03/25/2021,FEU,Z01,12,0.12642077132
03/25/2021,FEU,Z02,12,0.07754869464
03/25/2021,FEU,Z03,12,0.08142960662
03/25/2021,FEU,Z01,13,0.12541865286
03/25/2021,FEU,Z02,13,0.1442059576
03/25/2021,FEU,Z03,13,0.08046609016
03/25/2021,FEU,Z01,14,0.12533755158
03/25/2021,FEU,Z02,14,0.14412340532
03/25/2021,FEU,Z03,14,0.14412340532
03/25/2021,FEU,Z01,15,0.12430412602
03/25/2021,FEU,Z02,15,0.14308031876
03/25/2021,FEU,Z03,15,0.14308031876
03/25/2021,FEU,Z01,16,0.1222514376
03/25/2021,FEU,Z02,16,0.14101051834
03/25/2021,FEU,Z03,16,0.14101051834
03/25/2021,FEU,Z01,17,0.12079320532
03/25/2021,FEU,Z02,17,0.13954023306
03/25/2021,FEU,Z03,17,0.13954023306
03/25/2021,FEU,Z01,18,0.12606602018
03/25/2021,FEU,Z02,18,0.14485348392
03/25/2021,FEU,Z03,18,0.14485348392
03/25/2021,FEU,Z01,19,0.1359534919
03/25/2021,FEU,Z02,19,0.1548955855
03/25/2021,FEU,Z03,19,0.1548955855
03/25/2021,FEU,Z01,2,0.13418250416
03/25/2021,FEU,Z02,2,0.08341844856
03/25/2021,FEU,Z03,2,0.07925291902
03/25/2021,FEU,Z01,20,0.15480803294
03/25/2021,FEU,Z02,20,0.17390386754
03/25/2021,FEU,Z03,20,0.17390386754
03/25/2021,FEU,Z01,21,0.14891516338
03/25/2021,FEU,Z02,21,0.16804619684
03/25/2021,FEU,Z03,21,0.16804619684
03/25/2021,FEU,Z01,22,0.13916510426
03/25/2021,FEU,Z02,22,0.15820067972
03/25/2021,FEU,Z03,22,0.15820067972
03/25/2021,FEU,Z01,23,0.1366576535
03/25/2021,FEU,Z02,23,0.08628708392
03/25/2021,FEU,Z03,23,0.15580270668
03/25/2021,FEU,Z01,24,0.1345053971
03/25/2021,FEU,Z02,24,0.0840820548
03/25/2021,FEU,Z03,24,0.08940275612
03/25/2021,FEU,Z01,3,0.13405598918
03/25/2021,FEU,Z02,3,0.08316103086
03/25/2021,FEU,Z03,3,0.07894683346
03/25/2021,FEU,Z01,4,0.1342264436
03/25/2021,FEU,Z02,4,0.08339192814
03/25/2021,FEU,Z03,4,0.0792322376
03/25/2021,FEU,Z01,5,0.13431064046
03/25/2021,FEU,Z02,5,0.08340391814
03/25/2021,FEU,Z03,5,0.0792438376
03/25/2021,FEU,Z01,6,0.1343411036
03/25/2021,FEU,Z02,6,0.08350103714
03/25/2021,FEU,Z03,6,0.0793377976
03/25/2021,FEU,Z01,7,0.14011667268
03/25/2021,FEU,Z02,7,0.08936842252
03/25/2021,FEU,Z03,7,0.08519820556
03/25/2021,FEU,Z01,8,0.14520562274
03/25/2021,FEU,Z02,8,0.0947886376
03/25/2021,FEU,Z03,8,0.1001893949
03/25/2021,FEU,Z01,9,0.14252578038
03/25/2021,FEU,Z02,9,0.0927069004
03/25/2021,FEU,Z03,9,0.09752085368
03/26/2021,FEU,Z01,1,0.13257380142
03/26/2021,FEU,Z02,1,0.08202645854
03/26/2021,FEU,Z03,1,0.08741221844
03/26/2021,FEU,Z01,10,0.12906719806
03/26/2021,FEU,Z02,10,0.07995865066
03/26/2021,FEU,Z03,10,0.08405223536
03/26/2021,FEU,Z01,11,0.12525656448
03/26/2021,FEU,Z02,11,0.07628270608
03/26/2021,FEU,Z03,11,0.08023701278
03/26/2021,FEU,Z01,12,0.12277418334
03/26/2021,FEU,Z02,12,0.07388376194
03/26/2021,FEU,Z03,12,0.07774011964
03/26/2021,FEU,Z01,13,0.12378342274
03/26/2021,FEU,Z02,13,0.14255478048
03/26/2021,FEU,Z03,13,0.07872737118
03/26/2021,FEU,Z01,14,0.12341949674
03/26/2021,FEU,Z02,14,0.14218802848
03/26/2021,FEU,Z03,14,0.14218802848
03/26/2021,FEU,Z01,15,0.11804391332
03/26/2021,FEU,Z02,15,0.13683465992
03/26/2021,FEU,Z03,15,0.13683465992
03/26/2021,FEU,Z01,16,0.1128189219
03/26/2021,FEU,Z02,16,0.13150324364
03/26/2021,FEU,Z03,16,0.13150324364
03/26/2021,FEU,Z01,17,0.11021366076
03/26/2021,FEU,Z02,17,0.12893564336
03/26/2021,FEU,Z03,17,0.12893564336
03/26/2021,FEU,Z01,18,0.12306306048
03/26/2021,FEU,Z02,18,0.14182538222
03/26/2021,FEU,Z03,18,0.14182538222
03/26/2021,FEU,Z01,19,0.12591996234
03/26/2021,FEU,Z02,19,0.14477409794
03/26/2021,FEU,Z03,19,0.14477409794
03/26/2021,FEU,Z01,2,0.1321928036
03/26/2021,FEU,Z02,2,0.08138945428
03/26/2021,FEU,Z03,2,0.0773599976
03/26/2021,FEU,Z01,20,0.13494605308
03/26/2021,FEU,Z02,20,0.15395006954
03/26/2021,FEU,Z03,20,0.15395006954
03/26/2021,FEU,Z01,21,0.12963942996
03/26/2021,FEU,Z02,21,0.14851731656
03/26/2021,FEU,Z03,21,0.14851731656
03/26/2021,FEU,Z01,22,0.12722545998
03/26/2021,FEU,Z02,22,0.14614975944
03/26/2021,FEU,Z03,22,0.14614975944
03/26/2021,FEU,Z01,23,0.12810836036
03/26/2021,FEU,Z02,23,0.07810558978
03/26/2021,FEU,Z03,23,0.14716210154
03/26/2021,FEU,Z01,24,0.1221677471
03/26/2021,FEU,Z02,24,0.0722938548
03/26/2021,FEU,Z03,24,0.07699517612
03/26/2021,FEU,Z01,3,0.13271518676
03/26/2021,FEU,Z02,3,0.08181854458
03/26/2021,FEU,Z03,3,0.07771798504
03/26/2021,FEU,Z01,4,0.1334716522
03/26/2021,FEU,Z02,4,0.08246930716
03/26/2021,FEU,Z03,4,0.07828841476
03/26/2021,FEU,Z01,5,0.13320968562
03/26/2021,FEU,Z02,5,0.08228805544
03/26/2021,FEU,Z03,5,0.07810792504
03/26/2021,FEU,Z01,6,0.1327421636
03/26/2021,FEU,Z02,6,0.08191298028
03/26/2021,FEU,Z03,6,0.07779939574
03/26/2021,FEU,Z01,7,0.13083625924
03/26/2021,FEU,Z02,7,0.08057706994
03/26/2021,FEU,Z03,7,0.07673532784
03/26/2021,FEU,Z01,8,0.13375011544
03/26/2021,FEU,Z02,8,0.08387236616
03/26/2021,FEU,Z03,8,0.08862594674
03/26/2021,FEU,Z01,9,0.13166820638
03/26/2021,FEU,Z02,9,0.0822439804
03/26/2021,FEU,Z03,9,0.08661738968
03/27/2021,FEU,Z01,1,0.11028502614
03/27/2021,FEU,Z02,1,0.0607211834
03/27/2021,FEU,Z03,1,0.06499053616
03/27/2021,FEU,Z01,10,0.09930708758
03/27/2021,FEU,Z02,10,0.0508045333
03/27/2021,FEU,Z03,10,0.05408602574
03/27/2021,FEU,Z01,11,0.0925121934
03/27/2021,FEU,Z02,11,0.0444206847
03/27/2021,FEU,Z03,11,0.04730664456
03/27/2021,FEU,Z01,12,0.09415568168
03/27/2021,FEU,Z02,12,0.04600659898
03/27/2021,FEU,Z03,12,0.04892743998
03/27/2021,FEU,Z01,13,0.10328432792
03/27/2021,FEU,Z02,13,0.12194514452
03/27/2021,FEU,Z03,13,0.05815546322
03/27/2021,FEU,Z01,14,0.09749235406
03/27/2021,FEU,Z02,14,0.11610281566
03/27/2021,FEU,Z03,14,0.11610281566
03/27/2021,FEU,Z01,15,0.0978900105
03/27/2021,FEU,Z02,15,0.1165028741
03/27/2021,FEU,Z03,15,0.1165028741
03/27/2021,FEU,Z01,16,0.09782847066
03/27/2021,FEU,Z02,16,0.11643934226
03/27/2021,FEU,Z03,16,0.11643934226
03/27/2021,FEU,Z01,17,0.09847070624
03/27/2021,FEU,Z02,17,0.11708627684
03/27/2021,FEU,Z03,17,0.11708627684
03/27/2021,FEU,Z01,18,0.1073828591
03/27/2021,FEU,Z02,18,0.1260733927
03/27/2021,FEU,Z03,18,0.1260733927
03/27/2021,FEU,Z01,19,0.12353508796
03/27/2021,FEU,Z02,19,0.14242868642
03/27/2021,FEU,Z03,19,0.14242868642
03/27/2021,FEU,Z01,2,0.1055728679
03/27/2021,FEU,Z02,2,0.05602837172
03/27/2021,FEU,Z03,2,0.05276261518
03/27/2021,FEU,Z01,20,0.13398380498
03/27/2021,FEU,Z02,20,0.15297041944
03/27/2021,FEU,Z03,20,0.15297041944
03/27/2021,FEU,Z01,21,0.13237874414
03/27/2021,FEU,Z02,21,0.1513473406
03/27/2021,FEU,Z03,21,0.1513473406
03/27/2021,FEU,Z01,22,0.12803232158
03/27/2021,FEU,Z02,22,0.14696026604
03/27/2021,FEU,Z03,22,0.14696026604
03/27/2021,FEU,Z01,23,0.1270706971
03/27/2021,FEU,Z02,23,0.0769772748
03/27/2021,FEU,Z03,23,0.14617569014
03/27/2021,FEU,Z01,24,0.12253566584
03/27/2021,FEU,Z02,24,0.07251609582
03/27/2021,FEU,Z03,24,0.07732958786
03/27/2021,FEU,Z01,3,0.10376128006
03/27/2021,FEU,Z02,3,0.05425463602
03/27/2021,FEU,Z03,3,0.05096670276
03/27/2021,FEU,Z01,4,0.1030299965
03/27/2021,FEU,Z02,4,0.0535115706
03/27/2021,FEU,Z03,4,0.05025270634
03/27/2021,FEU,Z01,5,0.09890502936
03/27/2021,FEU,Z02,5,0.04959520546
03/27/2021,FEU,Z03,5,0.04643124534
03/27/2021,FEU,Z01,6,0.10292060136
03/27/2021,FEU,Z02,6,0.05340622246
03/27/2021,FEU,Z03,6,0.0501533662
03/27/2021,FEU,Z01,7,0.10253406734
03/27/2021,FEU,Z02,7,0.0530911363
03/27/2021,FEU,Z03,7,0.0498834069
03/27/2021,FEU,Z01,8,0.09799773044
03/27/2021,FEU,Z02,8,0.04896590284
03/27/2021,FEU,Z03,8,0.05265462732
03/27/2021,FEU,Z01,9,0.09223811222
03/27/2021,FEU,Z02,9,0.04378500164
03/27/2021,FEU,Z03,9,0.04692645724
03/28/2021,FEU,Z01,1,0.11686317672
03/28/2021,FEU,Z02,1,0.06698518898
03/28/2021,FEU,Z03,1,0.0716483636
03/28/2021,FEU,Z01,10,0.10133414262
03/28/2021,FEU,Z02,10,0.05259303276
03/28/2021,FEU,Z03,10,0.05606954478
03/28/2021,FEU,Z01,11,0.0990447213
03/28/2021,FEU,Z02,11,0.05054851302
03/28/2021,FEU,Z03,11,0.05381470146
03/28/2021,FEU,Z01,12,0.09783763686
03/28/2021,FEU,Z02,12,0.04943882644
03/28/2021,FEU,Z03,12,0.05261688702
03/28/2021,FEU,Z01,13,0.0968683541
03/28/2021,FEU,Z02,13,0.1154701577
03/28/2021,FEU,Z03,13,0.1154701577
03/28/2021,FEU,Z01,14,0.09550123424
03/28/2021,FEU,Z02,14,0.1141353427
03/28/2021,FEU,Z03,14,0.1141353427
03/28/2021,FEU,Z01,15,0.0916672934
03/28/2021,FEU,Z02,15,0.11026440886
03/28/2021,FEU,Z03,15,0.11026440886
03/28/2021,FEU,Z01,16,0.08220419114
03/28/2021,FEU,Z02,16,0.1007124706
03/28/2021,FEU,Z03,16,0.1007124706
03/28/2021,FEU,Z01,17,0.0914845513
03/28/2021,FEU,Z02,17,0.11011618862
03/28/2021,FEU,Z03,17,0.11011618862
03/28/2021,FEU,Z01,18,0.10136455088
03/28/2021,FEU,Z02,18,0.1200935892
03/28/2021,FEU,Z03,18,0.1200935892
03/28/2021,FEU,Z01,19,0.11730773488
03/28/2021,FEU,Z02,19,0.1361951492
03/28/2021,FEU,Z03,19,0.1361951492
03/28/2021,FEU,Z01,2,0.10787574974
03/28/2021,FEU,Z02,2,0.05831717228
03/28/2021,FEU,Z03,2,0.05497289074
03/28/2021,FEU,Z01,20,0.12217920718
03/28/2021,FEU,Z02,20,0.14117832636
03/28/2021,FEU,Z03,20,0.14117832636
03/28/2021,FEU,Z01,21,0.12269736062
03/28/2021,FEU,Z02,21,0.14163382194
03/28/2021,FEU,Z03,21,0.14163382194
03/28/2021,FEU,Z01,22,0.12049824162
03/28/2021,FEU,Z02,22,0.13941301894
03/28/2021,FEU,Z03,22,0.13941301894
03/28/2021,FEU,Z01,23,0.11466082326
03/28/2021,FEU,Z02,23,0.06500709024
03/28/2021,FEU,Z03,23,0.06942218528
03/28/2021,FEU,Z01,3,0.10500371276
03/28/2021,FEU,Z02,3,0.05548607758
03/28/2021,FEU,Z03,3,0.05219623418
03/28/2021,FEU,Z01,4,0.10558008106
03/28/2021,FEU,Z02,4,0.05598185302
03/28/2021,FEU,Z03,4,0.05268079762
03/28/2021,FEU,Z01,5,0.10580308164
03/28/2021,FEU,Z02,5,0.0561893006
03/28/2021,FEU,Z03,5,0.05279642848
03/28/2021,FEU,Z01,6,0.10689414992
03/28/2021,FEU,Z02,6,0.05722835888
03/28/2021,FEU,Z03,6,0.05384196262
03/28/2021,FEU,Z01,7,0.11070079848
03/28/2021,FEU,Z02,7,0.0608959213
03/28/2021,FEU,Z03,7,0.0653346965
03/28/2021,FEU,Z01,8,0.11641863104
03/28/2021,FEU,Z02,8,0.06638840972
03/28/2021,FEU,Z03,8,0.07115342192
03/28/2021,FEU,Z01,9,0.10399928012
03/28/2021,FEU,Z02,9,0.0548335741
03/28/2021,FEU,Z03,9,0.05869663514
03/29/2021,FEU,Z01,1,0.10708422902
03/29/2021,FEU,Z02,1,0.05756810456
03/29/2021,FEU,Z03,1,0.06174203904
03/29/2021,FEU,Z01,10,0.12658350706
03/29/2021,FEU,Z02,10,0.07755866866
03/29/2021,FEU,Z03,10,0.08155793936
03/29/2021,FEU,Z01,11,0.12414488762
03/29/2021,FEU,Z02,11,0.07521063222
03/29/2021,FEU,Z03,11,0.07905941206
03/29/2021,FEU,Z01,12,0.11631552448
03/29/2021,FEU,Z02,12,0.06770587394
03/29/2021,FEU,Z03,12,0.07125769778
03/29/2021,FEU,Z01,13,0.1123589576
03/29/2021,FEU,Z02,13,0.06395064892
03/29/2021,FEU,Z03,13,0.06725967704
03/29/2021,FEU,Z01,14,0.09832135174
03/29/2021,FEU,Z02,14,0.11689498848
03/29/2021,FEU,Z03,14,0.11689498848
03/29/2021,FEU,Z01,15,0.08934662118
03/29/2021,FEU,Z02,15,0.10788903878
03/29/2021,FEU,Z03,15,0.10788903878
03/29/2021,FEU,Z01,16,0.07978721762
03/29/2021,FEU,Z02,16,0.09821617136
03/29/2021,FEU,Z03,16,0.09821617136
03/29/2021,FEU,Z01,17,0.08375296334
03/29/2021,FEU,Z02,17,0.10224638894
03/29/2021,FEU,Z03,17,0.10224638894
03/29/2021,FEU,Z01,18,0.09673120406
03/29/2021,FEU,Z02,18,0.11533516566
03/29/2021,FEU,Z03,18,0.11533516566
03/29/2021,FEU,Z01,19,0.10634158164
03/29/2021,FEU,Z02,19,0.12502668224
03/29/2021,FEU,Z03,19,0.12502668224
03/29/2021,FEU,Z01,2,0.10407953276
03/29/2021,FEU,Z02,2,0.05465023544
03/29/2021,FEU,Z03,2,0.05138946904
03/29/2021,FEU,Z01,20,0.1209286148
03/29/2021,FEU,Z02,20,0.1397354934
03/29/2021,FEU,Z03,20,0.1397354934
03/29/2021,FEU,Z01,21,0.1351485941
03/29/2021,FEU,Z02,21,0.1540746327
03/29/2021,FEU,Z03,21,0.1540746327
03/29/2021,FEU,Z01,22,0.13056795284
03/29/2021,FEU,Z02,22,0.1495225463
03/29/2021,FEU,Z03,22,0.1495225463
03/29/2021,FEU,Z01,23,0.1271443035
03/29/2021,FEU,Z02,23,0.14618839868
03/29/2021,FEU,Z03,23,0.14618839868
03/29/2021,FEU,Z01,24,0.12480526412
03/29/2021,FEU,Z02,24,0.0746835091
03/29/2021,FEU,Z03,24,0.07961988314
03/29/2021,FEU,Z01,3,0.10168912248
03/29/2021,FEU,Z02,3,0.0523331913
03/29/2021,FEU,Z03,3,0.04910802904
03/29/2021,FEU,Z01,4,0.1011869822
03/29/2021,FEU,Z02,4,0.05181158116
03/29/2021,FEU,Z03,4,0.04864636276
03/29/2021,FEU,Z01,5,0.1011095122
03/29/2021,FEU,Z02,5,0.05177907902
03/29/2021,FEU,Z03,5,0.04857640276
03/29/2021,FEU,Z01,6,0.1065228829
03/29/2021,FEU,Z02,6,0.05693107372
03/29/2021,FEU,Z03,6,0.05363602818
03/29/2021,FEU,Z01,7,0.1221071464
03/29/2021,FEU,Z02,7,0.07217029024
03/29/2021,FEU,Z03,7,0.06852714728
03/29/2021,FEU,Z01,8,0.12606966762
03/29/2021,FEU,Z02,8,0.07629198276
03/29/2021,FEU,Z03,8,0.08092701978
03/29/2021,FEU,Z01,9,0.13020554168
03/29/2021,FEU,Z02,9,0.08069093398
03/29/2021,FEU,Z03,9,0.08512902498
03/30/2021,FEU,Z01,1,0.11582559014
03/30/2021,FEU,Z02,1,0.0660012134
03/30/2021,FEU,Z03,1,0.07056215216
03/30/2021,FEU,Z01,10,0.12985014422
03/30/2021,FEU,Z02,10,0.0805684311
03/30/2021,FEU,Z03,10,0.08481507452
03/30/2021,FEU,Z01,11,0.12043692806
03/30/2021,FEU,Z02,11,0.07162318066
03/30/2021,FEU,Z03,11,0.07538511536
03/30/2021,FEU,Z01,12,0.11203149006
03/30/2021,FEU,Z02,12,0.06350486266
03/30/2021,FEU,Z03,12,0.06694378736
03/30/2021,FEU,Z01,13,0.10753362332
03/30/2021,FEU,Z02,13,0.05928032264
03/30/2021,FEU,Z03,13,0.06241013276
03/30/2021,FEU,Z01,14,0.10472250874
03/30/2021,FEU,Z02,14,0.12334585248
03/30/2021,FEU,Z03,14,0.12334585248
03/30/2021,FEU,Z01,15,0.10181193532
03/30/2021,FEU,Z02,15,0.12046181992
03/30/2021,FEU,Z03,15,0.12046181992
03/30/2021,FEU,Z01,16,0.1019727719
03/30/2021,FEU,Z02,16,0.12057330364
03/30/2021,FEU,Z03,16,0.12057330364
03/30/2021,FEU,Z01,17,0.10435451076
03/30/2021,FEU,Z02,17,0.1229731855
03/30/2021,FEU,Z03,17,0.1229731855
03/30/2021,FEU,Z01,18,0.11356480134
03/30/2021,FEU,Z02,18,0.13231324694
03/30/2021,FEU,Z03,18,0.13231324694
03/30/2021,FEU,Z01,19,0.12128121906
03/30/2021,FEU,Z02,19,0.14009483066
03/30/2021,FEU,Z03,19,0.14009483066
03/30/2021,FEU,Z01,2,0.11586869732
03/30/2021,FEU,Z02,2,0.065867632
03/30/2021,FEU,Z03,2,0.06227951746
03/30/2021,FEU,Z01,20,0.12402188336
03/30/2021,FEU,Z02,20,0.14285670996
03/30/2021,FEU,Z03,20,0.14285670996
03/30/2021,FEU,Z01,21,0.13440994566
03/30/2021,FEU,Z02,21,0.15333056726
03/30/2021,FEU,Z03,21,0.15333056726
03/30/2021,FEU,Z01,22,0.1328877034
03/30/2021,FEU,Z02,22,0.15186584786
03/30/2021,FEU,Z03,22,0.15186584786
03/30/2021,FEU,Z01,23,0.12761609734
03/30/2021,FEU,Z02,23,0.14666870752
03/30/2021,FEU,Z03,23,0.14666870752
03/30/2021,FEU,Z01,24,0.1259036221
03/30/2021,FEU,Z02,24,0.07580094094
03/30/2021,FEU,Z03,24,0.08069076726
03/30/2021,FEU,Z01,3,0.11427909448
03/30/2021,FEU,Z02,3,0.06424611544
03/30/2021,FEU,Z03,3,0.06066538504
03/30/2021,FEU,Z01,4,0.11595285448
03/30/2021,FEU,Z02,4,0.0658882363
03/30/2021,FEU,Z03,4,0.0622545419
03/30/2021,FEU,Z01,5,0.11692248506
03/30/2021,FEU,Z02,5,0.06675312102
03/30/2021,FEU,Z03,5,0.06304179876
03/30/2021,FEU,Z01,6,0.12460622318
03/30/2021,FEU,Z02,6,0.07417514886
03/30/2021,FEU,Z03,6,0.07031882332
03/30/2021,FEU,Z01,7,0.13153987454
03/30/2021,FEU,Z02,7,0.08117890138
03/30/2021,FEU,Z03,7,0.07725998142
03/30/2021,FEU,Z01,8,0.1348802292
03/30/2021,FEU,Z02,8,0.08466045248
03/30/2021,FEU,Z03,8,0.08976912636
03/30/2021,FEU,Z01,9,0.14589055484
03/30/2021,FEU,Z02,9,0.09569533128
03/30/2021,FEU,Z03,9,0.10085631614
03/31/2021,FEU,Z01,1,0.1265761064
03/31/2021,FEU,Z02,1,0.07637473838
03/31/2021,FEU,Z03,1,0.08140865042
03/31/2021,FEU,Z01,10,0.13058147648
03/31/2021,FEU,Z02,10,0.08149435094
03/31/2021,FEU,Z03,10,0.08558471978
03/31/2021,FEU,Z01,11,0.11996702332
03/31/2021,FEU,Z02,11,0.07130712264
03/31/2021,FEU,Z03,11,0.07488633276
03/31/2021,FEU,Z01,12,0.11357305946
03/31/2021,FEU,Z02,12,0.06512305678
03/31/2021,FEU,Z03,12,0.0684741619
03/31/2021,FEU,Z01,13,0.111104039
03/31/2021,FEU,Z02,13,0.0629210189
03/31/2021,FEU,Z03,13,0.0660931433
03/31/2021,FEU,Z01,14,0.108605089
03/31/2021,FEU,Z02,14,0.12726121974
03/31/2021,FEU,Z03,14,0.12726121974
03/31/2021,FEU,Z01,15,0.10504013958
03/31/2021,FEU,Z02,15,0.12366755732
03/31/2021,FEU,Z03,15,0.12366755732
03/31/2021,FEU,Z01,16,0.1061427383
03/31/2021,FEU,Z02,16,0.12477820904
03/31/2021,FEU,Z03,16,0.12477820904
03/31/2021,FEU,Z01,17,0.10447061016
03/31/2021,FEU,Z02,17,0.1230927869
03/31/2021,FEU,Z03,17,0.1230927869
03/31/2021,FEU,Z01,18,0.1121234776
03/31/2021,FEU,Z02,18,0.13080397934
03/31/2021,FEU,Z03,18,0.13080397934
03/31/2021,FEU,Z01,19,0.1189573069
03/31/2021,FEU,Z02,19,0.13768904964
03/31/2021,FEU,Z03,19,0.13768904964
03/31/2021,FEU,Z01,2,0.12118382872
03/31/2021,FEU,Z02,2,0.07110342498
03/31/2021,FEU,Z03,2,0.0673918933
03/31/2021,FEU,Z01,20,0.1237400105
03/31/2021,FEU,Z02,20,0.1425728741
03/31/2021,FEU,Z03,20,0.1425728741
03/31/2021,FEU,Z01,21,0.1293018948
03/31/2021,FEU,Z02,21,0.14825214326
03/31/2021,FEU,Z03,21,0.14825214326
03/31/2021,FEU,Z01,22,0.13208377596
03/31/2021,FEU,Z02,22,0.15105666242
03/31/2021,FEU,Z03,22,0.15105666242
03/31/2021,FEU,Z01,23,0.12849878348
03/31/2021,FEU,Z02,23,0.14756140366
03/31/2021,FEU,Z03,23,0.14756140366
03/31/2021,FEU,Z01,24,0.12325667222
03/31/2021,FEU,Z02,24,0.07340185978
03/31/2021,FEU,Z03,24,0.07806100238
03/31/2021,FEU,Z01,3,0.1203496493
03/31/2021,FEU,Z02,3,0.0702485727
03/31/2021,FEU,Z03,3,0.06656757102
03/31/2021,FEU,Z01,4,0.12047747618
03/31/2021,FEU,Z02,4,0.07024907986
03/31/2021,FEU,Z03,4,0.06646376146
03/31/2021,FEU,Z01,5,0.11949442332
03/31/2021,FEU,Z02,5,0.069315232
03/31/2021,FEU,Z03,5,0.06561507046
03/31/2021,FEU,Z01,6,0.12474555044
03/31/2021,FEU,Z02,6,0.07443392284
03/31/2021,FEU,Z03,6,0.07061807016
03/31/2021,FEU,Z01,7,0.13146748838
03/31/2021,FEU,Z02,7,0.08118088708
03/31/2021,FEU,Z03,7,0.07731824998
03/31/2021,FEU,Z01,8,0.13763692302
03/31/2021,FEU,Z02,8,0.08752817188
03/31/2021,FEU,Z03,8,0.09251713832
03/31/2021,FEU,Z01,9,0.14538071684
03/31/2021,FEU,Z02,9,0.09520628328
03/31/2021,FEU,Z03,9,0.100425632
04/01/2021,FEU,Z01,1,0.12521899542
04/01/2021,FEU,Z02,1,0.07501254754
04/01/2021,FEU,Z03,1,0.08001612644
04/01/2021,FEU,Z01,10,0.12741449276
04/01/2021,FEU,Z02,10,0.07843610622
04/01/2021,FEU,Z03,10,0.08241198506
04/01/2021,FEU,Z01,11,0.1195300776
04/01/2021,FEU,Z02,11,0.07094918078
04/01/2021,FEU,Z03,11,0.0745170169
04/01/2021,FEU,Z01,12,0.11532936962
04/01/2021,FEU,Z02,12,0.06675449008
04/01/2021,FEU,Z03,12,0.07027235192
04/01/2021,FEU,Z01,13,0.11203609562
04/01/2021,FEU,Z02,13,0.06357127408
04/01/2021,FEU,Z03,13,0.06696379592
04/01/2021,FEU,Z01,14,0.1069754933
04/01/2021,FEU,Z02,14,0.12561745304
04/01/2021,FEU,Z03,14,0.12561745304
04/01/2021,FEU,Z01,15,0.10563927774
04/01/2021,FEU,Z02,15,0.12427090848
04/01/2021,FEU,Z03,15,0.12427090848
04/01/2021,FEU,Z01,16,0.10461108188
04/01/2021,FEU,Z02,16,0.12323382362
04/01/2021,FEU,Z03,16,0.12323382362
04/01/2021,FEU,Z01,17,0.1074243176
04/01/2021,FEU,Z02,17,0.12606836034
04/01/2021,FEU,Z03,17,0.12606836034
04/01/2021,FEU,Z01,18,0.11488493818
04/01/2021,FEU,Z02,18,0.13364694578
04/01/2021,FEU,Z03,18,0.13364694578
04/01/2021,FEU,Z01,19,0.12353403334
04/01/2021,FEU,Z02,19,0.14229960308
04/01/2021,FEU,Z03,19,0.14229960308
04/01/2021,FEU,Z01,2,0.11798594486
04/01/2021,FEU,Z02,2,0.06805733712
04/01/2021,FEU,Z03,2,0.06444008044
04/01/2021,FEU,Z01,20,0.12920565908
04/01/2021,FEU,Z02,20,0.14808362168
04/01/2021,FEU,Z03,20,0.14808362168
04/01/2021,FEU,Z01,21,0.1330914341
04/01/2021,FEU,Z02,21,0.1520001127
04/01/2021,FEU,Z03,21,0.1520001127
04/01/2021,FEU,Z01,22,0.13420268828
04/01/2021,FEU,Z02,22,0.1532639806
04/01/2021,FEU,Z03,22,0.1532639806
04/01/2021,FEU,Z01,23,0.13213818976
04/01/2021,FEU,Z02,23,0.15116831208
04/01/2021,FEU,Z03,23,0.15116831208
04/01/2021,FEU,Z01,24,0.13158617742
04/01/2021,FEU,Z02,24,0.08108477054
04/01/2021,FEU,Z03,24,0.08641905044
04/01/2021,FEU,Z01,3,0.11375492016
04/01/2021,FEU,Z02,3,0.0639150727
04/01/2021,FEU,Z03,3,0.06043547102
04/01/2021,FEU,Z01,4,0.11477296988
04/01/2021,FEU,Z02,4,0.06488137342
04/01/2021,FEU,Z03,4,0.06132185788
04/01/2021,FEU,Z01,5,0.11467776602
04/01/2021,FEU,Z02,5,0.06479314056
04/01/2021,FEU,Z03,5,0.06128595988
04/01/2021,FEU,Z01,6,0.11713716128
04/01/2021,FEU,Z02,6,0.06725075554
04/01/2021,FEU,Z03,6,0.06371015872
04/01/2021,FEU,Z01,7,0.12022231582
04/01/2021,FEU,Z02,7,0.07037506866
04/01/2021,FEU,Z03,7,0.06683813956
04/01/2021,FEU,Z01,8,0.12384863774
04/01/2021,FEU,Z02,8,0.0742972376
04/01/2021,FEU,Z03,8,0.0787264199
04/01/2021,FEU,Z01,9,0.12896304854
04/01/2021,FEU,Z02,9,0.07949318384
04/01/2021,FEU,Z03,9,0.08387740484
04/02/2021,FEU,Z01,1,0.13094571212
04/02/2021,FEU,Z02,1,0.0805421491
04/02/2021,FEU,Z03,1,0.08579493914
04/02/2021,FEU,Z01,10,0.12471453238
04/02/2021,FEU,Z02,10,0.0755430604
04/02/2021,FEU,Z03,10,0.07963432568
04/02/2021,FEU,Z01,11,0.11978622964
04/02/2021,FEU,Z02,11,0.07092902538
04/02/2021,FEU,Z03,11,0.07472002094
04/02/2021,FEU,Z01,12,0.11866167536
04/02/2021,FEU,Z02,12,0.06978082924
04/02/2021,FEU,Z03,12,0.07358294266
04/02/2021,FEU,Z01,13,0.11260172792
04/02/2021,FEU,Z02,13,0.06405260552
04/02/2021,FEU,Z03,13,0.06751261322
04/02/2021,FEU,Z01,14,0.11019495788
04/02/2021,FEU,Z02,14,0.12886109762
04/02/2021,FEU,Z03,14,0.12886109762
04/02/2021,FEU,Z01,15,0.10632979132
04/02/2021,FEU,Z02,15,0.12501855592
04/02/2021,FEU,Z03,15,0.12501855592
04/02/2021,FEU,Z01,16,0.10427228846
04/02/2021,FEU,Z02,16,0.1228927862
04/02/2021,FEU,Z03,16,0.1228927862
04/02/2021,FEU,Z01,17,0.10293627618
04/02/2021,FEU,Z02,17,0.12159554378
04/02/2021,FEU,Z03,17,0.12159554378
04/02/2021,FEU,Z01,18,0.10170464462
04/02/2021,FEU,Z02,18,0.12035337122
04/02/2021,FEU,Z03,18,0.12035337122
04/02/2021,FEU,Z01,19,0.10948023578
04/02/2021,FEU,Z02,19,0.12819240338
04/02/2021,FEU,Z03,19,0.12819240338
04/02/2021,FEU,Z01,2,0.13132447588
04/02/2021,FEU,Z02,2,0.08063149942
04/02/2021,FEU,Z03,2,0.07662301074
04/02/2021,FEU,Z01,20,0.11739645966
04/02/2021,FEU,Z02,20,0.13617302126
04/02/2021,FEU,Z03,20,0.13617302126
04/02/2021,FEU,Z01,21,0.12236036238
04/02/2021,FEU,Z02,21,0.14124447884
04/02/2021,FEU,Z03,21,0.14124447884
04/02/2021,FEU,Z01,22,0.12548129398
04/02/2021,FEU,Z02,22,0.14438951144
04/02/2021,FEU,Z03,22,0.14438951144
04/02/2021,FEU,Z01,23,0.12236958002
04/02/2021,FEU,Z02,23,0.14130777934
04/02/2021,FEU,Z03,23,0.14130777934
04/02/2021,FEU,Z01,24,0.11634858326
04/02/2021,FEU,Z02,24,0.06661733024
04/02/2021,FEU,Z03,24,0.07111946528
04/02/2021,FEU,Z01,3,0.12959852072
04/02/2021,FEU,Z02,3,0.07912157798
04/02/2021,FEU,Z03,3,0.0751546483
04/02/2021,FEU,Z01,4,0.1293580393
04/02/2021,FEU,Z02,4,0.0788262827
04/02/2021,FEU,Z03,4,0.07487136002
04/02/2021,FEU,Z01,5,0.12750419058
04/02/2021,FEU,Z02,5,0.07706245998
04/02/2021,FEU,Z03,5,0.0731611183
04/02/2021,FEU,Z01,6,0.12653196156
04/02/2021,FEU,Z02,6,0.07626643768
04/02/2021,FEU,Z03,6,0.07244350886
04/02/2021,FEU,Z01,7,0.12615852722
04/02/2021,FEU,Z02,7,0.07617717778
04/02/2021,FEU,Z03,7,0.07251755054
04/02/2021,FEU,Z01,8,0.13130258702
04/02/2021,FEU,Z02,8,0.08151825374
04/02/2021,FEU,Z03,8,0.08622527318
04/02/2021,FEU,Z01,9,0.1313222806
04/02/2021,FEU,Z02,9,0.08146701946
04/02/2021,FEU,Z03,9,0.08623319776
04/03/2021,FEU,Z01,1,0.11451559784
04/03/2021,FEU,Z02,1,0.06486469382
04/03/2021,FEU,Z03,1,0.06926439086
04/03/2021,FEU,Z01,10,0.11566249874
04/03/2021,FEU,Z02,10,0.0664428776
04/03/2021,FEU,Z03,10,0.0704996549
04/03/2021,FEU,Z01,11,0.1061551991
04/03/2021,FEU,Z02,11,0.05760582626
04/03/2021,FEU,Z03,11,0.0609889134
04/03/2021,FEU,Z01,12,0.10188417824
04/03/2021,FEU,Z02,12,0.05354044326
04/03/2021,FEU,Z03,12,0.05670367454
04/03/2021,FEU,Z01,13,0.09822271652
04/03/2021,FEU,Z02,13,0.05001639254
04/03/2021,FEU,Z03,13,0.05307658568
04/03/2021,FEU,Z01,14,0.08627917876
04/03/2021,FEU,Z02,14,0.1047583355
04/03/2021,FEU,Z03,14,0.1047583355
04/03/2021,FEU,Z01,15,0.07910034334
04/03/2021,FEU,Z02,15,0.09755396894
04/03/2021,FEU,Z03,15,0.09755396894
04/03/2021,FEU,Z01,16,0.07152781592
04/03/2021,FEU,Z02,16,0.08991649052
04/03/2021,FEU,Z03,16,0.08991649052
04/03/2021,FEU,Z01,17,0.06541394252
04/03/2021,FEU,Z02,17,0.08375152912
04/03/2021,FEU,Z03,17,0.08375152912
04/03/2021,FEU,Z01,18,0.07120792224
04/03/2021,FEU,Z02,18,0.0896175277
04/03/2021,FEU,Z03,18,0.0896175277
04/03/2021,FEU,Z01,19,0.08758149796
04/03/2021,FEU,Z02,19,0.10614163142
04/03/2021,FEU,Z03,19,0.10614163142
04/03/2021,FEU,Z01,2,0.1087442036
04/03/2021,FEU,Z02,2,0.05909587228
04/03/2021,FEU,Z03,2,0.05572624074
04/03/2021,FEU,Z01,20,0.1035185034
04/03/2021,FEU,Z02,20,0.12222516786
04/03/2021,FEU,Z03,20,0.12222516786
04/03/2021,FEU,Z01,21,0.11321678726
04/03/2021,FEU,Z02,21,0.13201390772
04/03/2021,FEU,Z03,21,0.13201390772
04/03/2021,FEU,Z01,22,0.11916850742
04/03/2021,FEU,Z02,22,0.13801677488
04/03/2021,FEU,Z03,22,0.13801677488
04/03/2021,FEU,Z01,23,0.1180304306
04/03/2021,FEU,Z02,23,0.13692531692
04/03/2021,FEU,Z03,23,0.13692531692
04/03/2021,FEU,Z01,24,0.11600590984
04/03/2021,FEU,Z02,24,0.06623274196
04/03/2021,FEU,Z03,24,0.07076308886
04/03/2021,FEU,Z01,3,0.10936055018
04/03/2021,FEU,Z02,3,0.05967787786
04/03/2021,FEU,Z03,3,0.05624463946
04/03/2021,FEU,Z01,4,0.10900003674
04/03/2021,FEU,Z02,4,0.05938818428
04/03/2021,FEU,Z03,4,0.05600787774
04/03/2021,FEU,Z01,5,0.1091945629
04/03/2021,FEU,Z02,5,0.05951612758
04/03/2021,FEU,Z03,5,0.05609228418
04/03/2021,FEU,Z01,6,0.10969415104
04/03/2021,FEU,Z02,6,0.05999376972
04/03/2021,FEU,Z03,6,0.05655260932
04/03/2021,FEU,Z01,7,0.11189718332
04/03/2021,FEU,Z02,7,0.06213992786
04/03/2021,FEU,Z03,7,0.05862585046
04/03/2021,FEU,Z01,8,0.11308293398
04/03/2021,FEU,Z02,8,0.06349901196
04/03/2021,FEU,Z03,8,0.067827575
04/03/2021,FEU,Z01,9,0.11717200956
04/03/2021,FEU,Z02,9,0.06734099368
04/03/2021,FEU,Z03,9,0.07192789558
04/04/2021,FEU,Z01,1,0.10426006184
04/04/2021,FEU,Z02,1,0.05503452996
04/04/2021,FEU,Z03,1,0.05895114686
04/04/2021,FEU,Z01,10,0.1041241035
04/04/2021,FEU,Z02,10,0.05516110792
04/04/2021,FEU,Z03,10,0.05884254966
04/04/2021,FEU,Z01,11,0.08888778486
04/04/2021,FEU,Z02,11,0.04083921844
04/04/2021,FEU,Z03,11,0.04362232302
04/04/2021,FEU,Z01,12,0.08389052342
04/04/2021,FEU,Z02,12,0.03607610786
04/04/2021,FEU,Z03,12,0.03861514958
04/04/2021,FEU,Z01,13,0.08357211284
04/04/2021,FEU,Z02,13,0.03580815214
04/04/2021,FEU,Z03,13,0.038306432
04/04/2021,FEU,Z01,14,0.06955014278
04/04/2021,FEU,Z02,14,0.08792308338
04/04/2021,FEU,Z03,14,0.08792308338
04/04/2021,FEU,Z01,15,0.06541883678
04/04/2021,FEU,Z02,15,0.08373699452
04/04/2021,FEU,Z03,15,0.08373699452
04/04/2021,FEU,Z01,16,0.06257915708
04/04/2021,FEU,Z02,16,0.08090742154
04/04/2021,FEU,Z03,16,0.08090742154
04/04/2021,FEU,Z01,17,0.0626955534
04/04/2021,FEU,Z02,17,0.081009032
04/04/2021,FEU,Z03,17,0.081009032
04/04/2021,FEU,Z01,18,0.06960509914
04/04/2021,FEU,Z02,18,0.0879977906
04/04/2021,FEU,Z03,18,0.0879977906
04/04/2021,FEU,Z01,19,0.09509981172
04/04/2021,FEU,Z02,19,0.11376950604
04/04/2021,FEU,Z03,19,0.11376950604
04/04/2021,FEU,Z01,2,0.1006222436
04/04/2021,FEU,Z02,2,0.05141459814
04/04/2021,FEU,Z03,2,0.0482950376
04/04/2021,FEU,Z01,20,0.1053324113
04/04/2021,FEU,Z02,20,0.12405093376
04/04/2021,FEU,Z03,20,0.12405093376
04/04/2021,FEU,Z01,21,0.1138842963
04/04/2021,FEU,Z02,21,0.13273900162
04/04/2021,FEU,Z03,21,0.13273900162
04/04/2021,FEU,Z01,22,0.11267143088
04/04/2021,FEU,Z02,22,0.1315140092
04/04/2021,FEU,Z03,22,0.1315140092
04/04/2021,FEU,Z01,23,0.10915863206
04/04/2021,FEU,Z02,23,0.12796006538
04/04/2021,FEU,Z03,23,0.12796006538
04/04/2021,FEU,Z01,24,0.10652106574
04/04/2021,FEU,Z02,24,0.05702812428
04/04/2021,FEU,Z03,24,0.06116672876
04/04/2021,FEU,Z01,3,0.1002136757
04/04/2021,FEU,Z02,3,0.05117502282
04/04/2021,FEU,Z03,3,0.04817237186
04/04/2021,FEU,Z01,4,0.10182870044
04/04/2021,FEU,Z02,4,0.05261476684
04/04/2021,FEU,Z03,4,0.04949332616
04/04/2021,FEU,Z01,5,0.1023858622
04/04/2021,FEU,Z02,5,0.05299211402
04/04/2021,FEU,Z03,5,0.04974823276
04/04/2021,FEU,Z01,6,0.10305349048
04/04/2021,FEU,Z02,6,0.0536297713
04/04/2021,FEU,Z03,6,0.0504041619
04/04/2021,FEU,Z01,7,0.10666783418
04/04/2021,FEU,Z02,7,0.05711734586
04/04/2021,FEU,Z03,7,0.05376938746
04/04/2021,FEU,Z01,8,0.10232528444
04/04/2021,FEU,Z02,8,0.05308759084
04/04/2021,FEU,Z03,8,0.05696689646
04/04/2021,FEU,Z01,9,0.10578808146
04/04/2021,FEU,Z02,9,0.056327632
04/04/2021,FEU,Z03,9,0.06046731134
04/05/2021,FEU,Z01,1,0.11481837728
04/05/2021,FEU,Z02,1,0.0650956234
04/05/2021,FEU,Z03,1,0.0695532093
04/05/2021,FEU,Z01,10,0.11211244778
04/05/2021,FEU,Z02,10,0.06352396152
04/05/2021,FEU,Z03,10,0.06701740108
04/05/2021,FEU,Z01,11,0.1118845919
04/05/2021,FEU,Z02,11,0.06342758036
04/05/2021,FEU,Z03,11,0.0668193362
04/05/2021,FEU,Z01,12,0.11202979192
04/05/2021,FEU,Z02,12,0.06350132152
04/05/2021,FEU,Z03,12,0.06693823722
04/05/2021,FEU,Z01,13,0.11128322106
04/05/2021,FEU,Z02,13,0.06278102266
04/05/2021,FEU,Z03,13,0.06619232336
04/05/2021,FEU,Z01,14,0.11068970702
04/05/2021,FEU,Z02,14,0.12935999676
04/05/2021,FEU,Z03,14,0.12935999676
04/05/2021,FEU,Z01,15,0.11051962946
04/05/2021,FEU,Z02,15,0.12924480106
04/05/2021,FEU,Z03,15,0.12924480106
04/05/2021,FEU,Z01,16,0.10001291102
04/05/2021,FEU,Z02,16,0.11860014876
04/05/2021,FEU,Z03,16,0.11860014876
04/05/2021,FEU,Z01,17,0.09519089274
04/05/2021,FEU,Z02,17,0.11374022048
04/05/2021,FEU,Z03,17,0.11374022048
04/05/2021,FEU,Z01,18,0.09365262146
04/05/2021,FEU,Z02,18,0.1121896262
04/05/2021,FEU,Z03,18,0.1121896262
04/05/2021,FEU,Z01,19,0.09664118834
04/05/2021,FEU,Z02,19,0.11519971308
04/05/2021,FEU,Z03,19,0.11519971308
04/05/2021,FEU,Z01,2,0.10787263784
04/05/2021,FEU,Z02,2,0.05852611382
04/05/2021,FEU,Z03,2,0.055253239
04/05/2021,FEU,Z01,20,0.11373027308
04/05/2021,FEU,Z02,20,0.13253617954
04/05/2021,FEU,Z03,20,0.13253617954
04/05/2021,FEU,Z01,21,0.11956603424
04/05/2021,FEU,Z02,21,0.13835977484
04/05/2021,FEU,Z03,21,0.13835977484
04/05/2021,FEU,Z01,22,0.1279349527
04/05/2021,FEU,Z02,22,0.14686478516
04/05/2021,FEU,Z03,22,0.14686478516
04/05/2021,FEU,Z01,23,0.1252192049
04/05/2021,FEU,Z02,23,0.14418279122
04/05/2021,FEU,Z03,23,0.14418279122
04/05/2021,FEU,Z01,24,0.126974325
04/05/2021,FEU,Z02,24,0.07662255826
04/05/2021,FEU,Z03,24,0.08176940102
04/05/2021,FEU,Z01,3,0.10484108816
04/05/2021,FEU,Z02,3,0.05547988856
04/05/2021,FEU,Z03,3,0.05222539902
04/05/2021,FEU,Z01,4,0.10593426188
04/05/2021,FEU,Z02,4,0.05647244842
04/05/2021,FEU,Z03,4,0.05318574988
04/05/2021,FEU,Z01,5,0.1060452836
04/05/2021,FEU,Z02,5,0.05657509414
04/05/2021,FEU,Z03,5,0.0532888376
04/05/2021,FEU,Z01,6,0.10763468472
04/05/2021,FEU,Z02,6,0.05819277898
04/05/2021,FEU,Z03,6,0.0548913283
04/05/2021,FEU,Z01,7,0.11949824126
04/05/2021,FEU,Z02,7,0.06962232224
04/05/2021,FEU,Z03,7,0.06605665128
04/05/2021,FEU,Z01,8,0.11377679746
04/05/2021,FEU,Z02,8,0.06457679146
04/05/2021,FEU,Z03,8,0.06859682962
04/05/2021,FEU,Z01,9,0.11373135884
04/05/2021,FEU,Z02,9,0.06482959414
04/05/2021,FEU,Z03,9,0.068617232
04/06/2021,FEU,Z01,1,0.12888565556
04/06/2021,FEU,Z02,1,0.07850938168
04/06/2021,FEU,Z03,1,0.08370734858
04/06/2021,FEU,Z01,10,0.13133594162
04/06/2021,FEU,Z02,10,0.08222613808
04/06/2021,FEU,Z03,10,0.08634633192
04/06/2021,FEU,Z01,11,0.1269378376
04/06/2021,FEU,Z02,11,0.07805306692
04/06/2021,FEU,Z03,11,0.0819567069
04/06/2021,FEU,Z01,12,0.12491510762
04/06/2021,FEU,Z02,12,0.07595332522
04/06/2021,FEU,Z03,12,0.07983227206
04/06/2021,FEU,Z01,13,0.12362615876
04/06/2021,FEU,Z02,13,0.07477561022
04/06/2021,FEU,Z03,13,0.0785427362
04/06/2021,FEU,Z01,14,0.12032776658
04/06/2021,FEU,Z02,14,0.13907451532
04/06/2021,FEU,Z03,14,0.13907451532
04/06/2021,FEU,Z01,15,0.11762013702
04/06/2021,FEU,Z02,15,0.13634433676
04/06/2021,FEU,Z03,15,0.13634433676
04/06/2021,FEU,Z01,16,0.11037858272
04/06/2021,FEU,Z02,16,0.12904797746
04/06/2021,FEU,Z03,16,0.12904797746
04/06/2021,FEU,Z01,17,0.10786037758
04/06/2021,FEU,Z02,17,0.12651097132
04/06/2021,FEU,Z03,17,0.12651097132
04/06/2021,FEU,Z01,18,0.1070574983
04/06/2021,FEU,Z02,18,0.12570009704
04/06/2021,FEU,Z03,18,0.12570009704
04/06/2021,FEU,Z01,19,0.11674712132
04/06/2021,FEU,Z02,19,0.13546281106
04/06/2021,FEU,Z03,19,0.13546281106
04/06/2021,FEU,Z01,2,0.12084078072
04/06/2021,FEU,Z02,2,0.07077654298
04/06/2021,FEU,Z03,2,0.0670754233
04/06/2021,FEU,Z01,20,0.12277892806
04/06/2021,FEU,Z02,20,0.14160532966
04/06/2021,FEU,Z03,20,0.14160532966
04/06/2021,FEU,Z01,21,0.13032287964
04/06/2021,FEU,Z02,21,0.14921225024
04/06/2021,FEU,Z03,21,0.14921225024
04/06/2021,FEU,Z01,22,0.1334922234
04/06/2021,FEU,Z02,22,0.15247595586
04/06/2021,FEU,Z03,22,0.15247595586
04/06/2021,FEU,Z01,23,0.13096452046
04/06/2021,FEU,Z02,23,0.14998588778
04/06/2021,FEU,Z03,23,0.14998588778
04/06/2021,FEU,Z01,24,0.13055448984
04/06/2021,FEU,Z02,24,0.08016868482
04/06/2021,FEU,Z03,24,0.08539353386
04/06/2021,FEU,Z01,3,0.11826410528
04/06/2021,FEU,Z02,3,0.06832561154
04/06/2021,FEU,Z03,3,0.06475156672
04/06/2021,FEU,Z01,4,0.11407406786
04/06/2021,FEU,Z02,4,0.06432995312
04/06/2021,FEU,Z03,4,0.06083152244
04/06/2021,FEU,Z01,5,0.11398524686
04/06/2021,FEU,Z02,5,0.06424532112
04/06/2021,FEU,Z03,5,0.06074958844
04/06/2021,FEU,Z01,6,0.11918155244
04/06/2021,FEU,Z02,6,0.06913733884
04/06/2021,FEU,Z03,6,0.06548889816
04/06/2021,FEU,Z01,7,0.12919503668
04/06/2021,FEU,Z02,7,0.07894081852
04/06/2021,FEU,Z03,7,0.07508704756
04/06/2021,FEU,Z01,8,0.131478032
04/06/2021,FEU,Z02,8,0.08176376758
04/06/2021,FEU,Z03,8,0.08642930516
04/06/2021,FEU,Z01,9,0.13582596968
04/06/2021,FEU,Z02,9,0.08617185584
04/06/2021,FEU,Z03,9,0.09077310798
04/07/2021,FEU,Z01,1,0.1401047207
04/07/2021,FEU,Z02,1,0.08927978968
04/07/2021,FEU,Z03,1,0.09499347272
04/07/2021,FEU,Z01,10,0.13203467978
04/07/2021,FEU,Z02,10,0.08275098152
04/07/2021,FEU,Z03,10,0.08702455308
04/07/2021,FEU,Z01,11,0.12969374504
04/07/2021,FEU,Z02,11,0.0806430925
04/07/2021,FEU,Z03,11,0.08470883634
04/07/2021,FEU,Z01,12,0.1275215462
04/07/2021,FEU,Z02,12,0.0784672418
04/07/2021,FEU,Z03,12,0.0825038855
04/07/2021,FEU,Z01,13,0.12953918634
04/07/2021,FEU,Z02,13,0.08041728494
04/07/2021,FEU,Z03,13,0.08453405764
04/07/2021,FEU,Z01,14,0.12871771016
04/07/2021,FEU,Z02,14,0.1475286619
04/07/2021,FEU,Z03,14,0.1475286619
04/07/2021,FEU,Z01,15,0.12901978474
04/07/2021,FEU,Z02,15,0.14783180448
04/07/2021,FEU,Z03,15,0.14783180448
04/07/2021,FEU,Z01,16,0.12755593016
04/07/2021,FEU,Z02,16,0.1463578369
04/07/2021,FEU,Z03,16,0.1463578369
04/07/2021,FEU,Z01,17,0.12541947402
04/07/2021,FEU,Z02,17,0.14420434276
04/07/2021,FEU,Z03,17,0.14420434276
04/07/2021,FEU,Z01,18,0.1277266376
04/07/2021,FEU,Z02,18,0.14652819834
04/07/2021,FEU,Z03,18,0.14652819834
04/07/2021,FEU,Z01,19,0.13053634334
04/07/2021,FEU,Z02,19,0.14942996894
04/07/2021,FEU,Z03,19,0.14942996894
04/07/2021,FEU,Z01,2,0.13723822472
04/07/2021,FEU,Z02,2,0.08632950512
04/07/2021,FEU,Z03,2,0.0822013033
04/07/2021,FEU,Z01,20,0.13532890308
04/07/2021,FEU,Z02,20,0.15425884568
04/07/2021,FEU,Z03,20,0.15425884568
04/07/2021,FEU,Z01,21,0.14407601824
04/07/2021,FEU,Z02,21,0.1631614127
04/07/2021,FEU,Z03,21,0.1631614127
04/07/2021,FEU,Z01,22,0.15748447742
04/07/2021,FEU,Z02,22,0.17668485488
04/07/2021,FEU,Z03,22,0.17668485488
04/07/2021,FEU,Z01,23,0.1435000949
04/07/2021,FEU,Z02,23,0.16272502008
04/07/2021,FEU,Z03,23,0.16272502008
04/07/2021,FEU,Z01,24,0.140503075
04/07/2021,FEU,Z02,24,0.08951156026
04/07/2021,FEU,Z03,24,0.09537391202
04/07/2021,FEU,Z01,3,0.13497320674
04/07/2021,FEU,Z02,3,0.08410172628
04/07/2021,FEU,Z03,3,0.07991804774
04/07/2021,FEU,Z01,4,0.13256073476
04/07/2021,FEU,Z02,4,0.08167177858
04/07/2021,FEU,Z03,4,0.07757597704
04/07/2021,FEU,Z01,5,0.13074030262
04/07/2021,FEU,Z02,5,0.07994025544
04/07/2021,FEU,Z03,5,0.07583928904
04/07/2021,FEU,Z01,6,0.13184081474
04/07/2021,FEU,Z02,6,0.08112230028
04/07/2021,FEU,Z03,6,0.07703561474
04/07/2021,FEU,Z01,7,0.13153097726
04/07/2021,FEU,Z02,7,0.08110120224
04/07/2021,FEU,Z03,7,0.07718651128
04/07/2021,FEU,Z01,8,0.1339395106
04/07/2021,FEU,Z02,8,0.08397710146
04/07/2021,FEU,Z03,8,0.08886340576
04/07/2021,FEU,Z01,9,0.13410118056
04/07/2021,FEU,Z02,9,0.084358189
04/07/2021,FEU,Z03,9,0.08908146372
04/08/2021,FEU,Z01,1,0.14503133142
04/08/2021,FEU,Z02,1,0.09390456854
04/08/2021,FEU,Z03,1,0.09993967844
04/08/2021,FEU,Z01,10,0.14811798876
04/08/2021,FEU,Z02,10,0.09844824522
04/08/2021,FEU,Z03,10,0.10320426106
04/08/2021,FEU,Z01,11,0.1397859976
04/08/2021,FEU,Z02,11,0.09055900678
04/08/2021,FEU,Z03,11,0.0948602469
04/08/2021,FEU,Z01,12,0.13502132762
04/08/2021,FEU,Z02,12,0.08578723408
04/08/2021,FEU,Z03,12,0.09004750792
04/08/2021,FEU,Z01,13,0.13210616162
04/08/2021,FEU,Z02,13,0.08297061808
04/08/2021,FEU,Z03,13,0.08711985192
04/08/2021,FEU,Z01,14,0.1297232183
04/08/2021,FEU,Z02,14,0.14854243304
04/08/2021,FEU,Z03,14,0.14854243304
04/08/2021,FEU,Z01,15,0.12688954274
04/08/2021,FEU,Z02,15,0.14568618848
04/08/2021,FEU,Z03,15,0.14568618848
04/08/2021,FEU,Z01,16,0.12291558788
04/08/2021,FEU,Z02,16,0.14168059262
04/08/2021,FEU,Z03,16,0.14168059262
04/08/2021,FEU,Z01,17,0.1195892376
04/08/2021,FEU,Z02,17,0.13832766334
04/08/2021,FEU,Z03,17,0.13832766334
04/08/2021,FEU,Z01,18,0.12604276018
04/08/2021,FEU,Z02,18,0.14490070778
04/08/2021,FEU,Z03,18,0.14490070778
04/08/2021,FEU,Z01,19,0.13548588934
04/08/2021,FEU,Z02,19,0.15434347508
04/08/2021,FEU,Z03,19,0.15434347508
04/08/2021,FEU,Z01,2,0.13842102986
04/08/2021,FEU,Z02,2,0.08752865712
04/08/2021,FEU,Z03,2,0.08329067044
04/08/2021,FEU,Z01,20,0.14139206908
04/08/2021,FEU,Z02,20,0.16037348168
04/08/2021,FEU,Z03,20,0.16037348168
04/08/2021,FEU,Z01,21,0.1494053291
04/08/2021,FEU,Z02,21,0.1684504827
04/08/2021,FEU,Z03,21,0.1684504827
04/08/2021,FEU,Z01,22,0.14837143428
04/08/2021,FEU,Z02,22,0.1675758606
04/08/2021,FEU,Z03,22,0.1675758606
04/08/2021,FEU,Z01,23,0.14360628576
04/08/2021,FEU,Z02,23,0.16275080808
04/08/2021,FEU,Z03,23,0.16275080808
04/08/2021,FEU,Z01,24,0.14095488842
04/08/2021,FEU,Z02,24,0.09001772754
04/08/2021,FEU,Z03,24,0.09584035244
04/08/2021,FEU,Z01,3,0.13702608816
04/08/2021,FEU,Z02,3,0.0860560327
04/08/2021,FEU,Z03,3,0.08187236702
04/08/2021,FEU,Z01,4,0.13519408388
04/08/2021,FEU,Z02,4,0.08431347142
04/08/2021,FEU,Z03,4,0.08011967188
04/08/2021,FEU,Z01,5,0.13355162102
04/08/2021,FEU,Z02,5,0.08275108056
04/08/2021,FEU,Z03,5,0.07867448788
04/08/2021,FEU,Z01,6,0.13743463328
04/08/2021,FEU,Z02,6,0.08658865154
04/08/2021,FEU,Z03,6,0.08244628672
04/08/2021,FEU,Z01,7,0.14316619182
04/08/2021,FEU,Z02,7,0.09228025666
04/08/2021,FEU,Z03,7,0.08809414756
04/08/2021,FEU,Z01,8,0.14660564474
04/08/2021,FEU,Z02,8,0.0961307576
04/08/2021,FEU,Z03,8,0.1015963649
04/08/2021,FEU,Z01,9,0.15075028454
04/08/2021,FEU,Z02,9,0.10045698384
04/08/2021,FEU,Z03,9,0.10575626084
04/09/2021,FEU,Z01,1,0.14579879012
04/09/2021,FEU,Z02,1,0.0947147491
04/09/2021,FEU,Z03,1,0.10073173014
04/09/2021,FEU,Z01,10,0.15572451138
04/09/2021,FEU,Z02,10,0.1054258804
04/09/2021,FEU,Z03,10,0.11077536968
04/09/2021,FEU,Z01,11,0.14766403364
04/09/2021,FEU,Z02,11,0.09783324338
04/09/2021,FEU,Z03,11,0.10271655494
04/09/2021,FEU,Z01,12,0.14036710736
04/09/2021,FEU,Z02,12,0.09071106724
04/09/2021,FEU,Z03,12,0.09538065966
04/09/2021,FEU,Z01,13,0.13632652392
04/09/2021,FEU,Z02,13,0.08696881352
04/09/2021,FEU,Z03,13,0.09133862422
04/09/2021,FEU,Z01,14,0.12888739388
04/09/2021,FEU,Z02,14,0.14769881162
04/09/2021,FEU,Z03,14,0.14769881162
04/09/2021,FEU,Z01,15,0.12587811732
04/09/2021,FEU,Z02,15,0.14473511192
04/09/2021,FEU,Z03,15,0.14473511192
04/09/2021,FEU,Z01,16,0.12438080846
04/09/2021,FEU,Z02,16,0.1431560162
04/09/2021,FEU,Z03,16,0.1431560162
04/09/2021,FEU,Z01,17,0.12106046818
04/09/2021,FEU,Z02,17,0.13987557578
04/09/2021,FEU,Z03,17,0.13987557578
04/09/2021,FEU,Z01,18,0.12803099762
04/09/2021,FEU,Z02,18,0.14690413722
04/09/2021,FEU,Z03,18,0.14690413722
04/09/2021,FEU,Z01,19,0.13628680478
04/09/2021,FEU,Z02,19,0.15522750238
04/09/2021,FEU,Z03,19,0.15522750238
04/09/2021,FEU,Z01,2,0.14302261788
04/09/2021,FEU,Z02,2,0.09176240242
04/09/2021,FEU,Z03,2,0.08740171074
04/09/2021,FEU,Z01,20,0.14111212066
04/09/2021,FEU,Z02,20,0.16008949226
04/09/2021,FEU,Z03,20,0.16008949226
04/09/2021,FEU,Z01,21,0.15194127738
04/09/2021,FEU,Z02,21,0.17110044884
04/09/2021,FEU,Z03,21,0.17110044884
04/09/2021,FEU,Z01,22,0.14495701898
04/09/2021,FEU,Z02,22,0.16404481144
04/09/2021,FEU,Z03,22,0.16404481144
04/09/2021,FEU,Z01,23,0.14213420502
04/09/2021,FEU,Z02,23,0.16126890434
04/09/2021,FEU,Z03,23,0.16126890434
04/09/2021,FEU,Z01,24,0.14100477126
04/09/2021,FEU,Z02,24,0.09014104224
04/09/2021,FEU,Z03,24,0.09591472928
04/09/2021,FEU,Z01,3,0.14125464072
04/09/2021,FEU,Z02,3,0.09022840798
04/09/2021,FEU,Z03,3,0.0859065433
04/09/2021,FEU,Z01,4,0.1406718643
04/09/2021,FEU,Z02,4,0.0895992077
04/09/2021,FEU,Z03,4,0.08530171502
04/09/2021,FEU,Z01,5,0.13741416758
04/09/2021,FEU,Z02,5,0.08649789698
04/09/2021,FEU,Z03,5,0.0822948583
04/09/2021,FEU,Z01,6,0.14391241556
04/09/2021,FEU,Z02,6,0.09283784968
04/09/2021,FEU,Z03,6,0.08849880786
04/09/2021,FEU,Z01,7,0.14560402322
04/09/2021,FEU,Z02,7,0.09476688178
04/09/2021,FEU,Z03,7,0.09056842254
04/09/2021,FEU,Z01,8,0.15079805102
04/09/2021,FEU,Z02,8,0.10023958074
04/09/2021,FEU,Z03,8,0.10581764918
04/09/2021,FEU,Z01,9,0.1556457006
04/09/2021,FEU,Z02,9,0.10480428046
04/09/2021,FEU,Z03,9,0.11067722976
04/10/2021,FEU,Z01,1,0.13820882184
04/10/2021,FEU,Z02,1,0.08747110882
04/10/2021,FEU,Z03,1,0.09309093686
04/10/2021,FEU,Z01,10,0.13970709074
04/10/2021,FEU,Z02,10,0.0895129576
04/10/2021,FEU,Z03,10,0.0946635749
04/10/2021,FEU,Z01,11,0.1378681691
04/10/2021,FEU,Z02,11,0.08814126826
04/10/2021,FEU,Z03,11,0.0928356934
04/10/2021,FEU,Z01,12,0.13663457824
04/10/2021,FEU,Z02,12,0.08702879326
04/10/2021,FEU,Z03,12,0.09160082454
04/10/2021,FEU,Z01,13,0.13524295652
04/10/2021,FEU,Z02,13,0.08568873354
04/10/2021,FEU,Z03,13,0.09028474568
04/10/2021,FEU,Z01,14,0.13141503876
04/10/2021,FEU,Z02,14,0.1502425855
04/10/2021,FEU,Z03,14,0.1502425855
04/10/2021,FEU,Z01,15,0.12853033934
04/10/2021,FEU,Z02,15,0.14740680494
04/10/2021,FEU,Z03,15,0.14740680494
04/10/2021,FEU,Z01,16,0.12369119192
04/10/2021,FEU,Z02,16,0.14252494652
04/10/2021,FEU,Z03,16,0.14252494652
04/10/2021,FEU,Z01,17,0.12126226052
04/10/2021,FEU,Z02,17,0.14007114512
04/10/2021,FEU,Z03,17,0.14007114512
04/10/2021,FEU,Z01,18,0.12679080224
04/10/2021,FEU,Z02,18,0.1457156077
04/10/2021,FEU,Z03,18,0.1457156077
04/10/2021,FEU,Z01,19,0.13342039796
04/10/2021,FEU,Z02,19,0.15240568142
04/10/2021,FEU,Z03,19,0.15240568142
04/10/2021,FEU,Z01,2,0.1362852836
04/10/2021,FEU,Z02,2,0.08528175628
04/10/2021,FEU,Z03,2,0.08105966274
04/10/2021,FEU,Z01,20,0.1372609534
04/10/2021,FEU,Z02,20,0.15627952286
04/10/2021,FEU,Z03,20,0.15627952286
04/10/2021,FEU,Z01,21,0.13799196926
04/10/2021,FEU,Z02,21,0.15701791172
04/10/2021,FEU,Z03,21,0.15701791172
04/10/2021,FEU,Z01,22,0.14243938442
04/10/2021,FEU,Z02,22,0.16150150288
04/10/2021,FEU,Z03,22,0.16150150288
04/10/2021,FEU,Z01,23,0.1394788906
04/10/2021,FEU,Z02,23,0.15858526692
04/10/2021,FEU,Z03,23,0.15858526692
04/10/2021,FEU,Z01,24,0.13798116984
04/10/2021,FEU,Z02,24,0.08718343196
04/10/2021,FEU,Z03,24,0.09286200386
04/10/2021,FEU,Z01,3,0.13536445718
04/10/2021,FEU,Z02,3,0.08440526686
04/10/2021,FEU,Z03,3,0.08014846846
04/10/2021,FEU,Z01,4,0.13416744674
04/10/2021,FEU,Z02,4,0.08333620428
04/10/2021,FEU,Z03,4,0.07917628774
04/10/2021,FEU,Z01,5,0.1341606029
04/10/2021,FEU,Z02,5,0.08325973858
04/10/2021,FEU,Z03,5,0.07904525218
04/10/2021,FEU,Z01,6,0.13580839104
04/10/2021,FEU,Z02,6,0.08482708972
04/10/2021,FEU,Z03,6,0.08055836732
04/10/2021,FEU,Z01,7,0.13643172532
04/10/2021,FEU,Z02,7,0.08548976986
04/10/2021,FEU,Z03,7,0.08119801246
04/10/2021,FEU,Z01,8,0.13558371998
04/10/2021,FEU,Z02,8,0.08496798396
04/10/2021,FEU,Z03,8,0.090455075
04/10/2021,FEU,Z01,9,0.14178798556
04/10/2021,FEU,Z02,9,0.09081230968
04/10/2021,FEU,Z03,9,0.09668216358
04/11/2021,FEU,Z01,1,0.13286584184
04/11/2021,FEU,Z02,1,0.08230659996
04/11/2021,FEU,Z03,1,0.08771789186
04/11/2021,FEU,Z01,10,0.1252161535
04/11/2021,FEU,Z02,10,0.07534060392
04/11/2021,FEU,Z03,10,0.08003790766
04/11/2021,FEU,Z01,11,0.12416235586
04/11/2021,FEU,Z02,11,0.07473335244
04/11/2021,FEU,Z03,11,0.07907312002
04/11/2021,FEU,Z01,12,0.12005548442
04/11/2021,FEU,Z02,12,0.07085127086
04/11/2021,FEU,Z03,12,0.07496138858
04/11/2021,FEU,Z01,13,0.11992463684
04/11/2021,FEU,Z02,13,0.07079060614
04/11/2021,FEU,Z03,13,0.074842832
04/11/2021,FEU,Z01,14,0.11108841878
04/11/2021,FEU,Z02,14,0.12981429638
04/11/2021,FEU,Z03,14,0.12981429638
04/11/2021,FEU,Z01,15,0.10665799778
04/11/2021,FEU,Z02,15,0.12529256852
04/11/2021,FEU,Z03,15,0.12529256852
04/11/2021,FEU,Z01,16,0.10664931508
04/11/2021,FEU,Z02,16,0.12539028954
04/11/2021,FEU,Z03,16,0.12539028954
04/11/2021,FEU,Z01,17,0.1025403234
04/11/2021,FEU,Z02,17,0.121188632
04/11/2021,FEU,Z03,17,0.121188632
04/11/2021,FEU,Z01,18,0.09963525314
04/11/2021,FEU,Z02,18,0.1183034506
04/11/2021,FEU,Z03,18,0.1183034506
04/11/2021,FEU,Z01,19,0.10593704372
04/11/2021,FEU,Z02,19,0.12471371604
04/11/2021,FEU,Z03,19,0.12471371604
04/11/2021,FEU,Z01,2,0.1343801636
04/11/2021,FEU,Z02,2,0.08353700714
04/11/2021,FEU,Z03,2,0.0793737576
04/11/2021,FEU,Z01,20,0.1139578013
04/11/2021,FEU,Z02,20,0.13275506176
04/11/2021,FEU,Z03,20,0.13275506176
04/11/2021,FEU,Z01,21,0.1284045463
04/11/2021,FEU,Z02,21,0.14740385162
04/11/2021,FEU,Z03,21,0.14740385162
04/11/2021,FEU,Z01,22,0.13551954288
04/11/2021,FEU,Z02,22,0.1545878692
04/11/2021,FEU,Z03,22,0.1545878692
04/11/2021,FEU,Z01,23,0.13268608106
04/11/2021,FEU,Z02,23,0.15171874238
04/11/2021,FEU,Z03,23,0.15171874238
04/11/2021,FEU,Z01,24,0.12965519074
04/11/2021,FEU,Z02,24,0.07904257228
04/11/2021,FEU,Z03,24,0.08442947876
04/11/2021,FEU,Z01,3,0.1294873607
04/11/2021,FEU,Z02,3,0.07908376682
04/11/2021,FEU,Z03,3,0.07523583486
04/11/2021,FEU,Z01,4,0.12703660844
04/11/2021,FEU,Z02,4,0.07661655484
04/11/2021,FEU,Z03,4,0.07273008216
04/11/2021,FEU,Z01,5,0.1256713122
04/11/2021,FEU,Z02,5,0.07512245902
04/11/2021,FEU,Z03,5,0.07112684276
04/11/2021,FEU,Z01,6,0.12509259848
04/11/2021,FEU,Z02,6,0.0745738763
04/11/2021,FEU,Z03,6,0.0706518619
04/11/2021,FEU,Z01,7,0.12549158618
04/11/2021,FEU,Z02,7,0.07501584886
04/11/2021,FEU,Z03,7,0.07107293146
04/11/2021,FEU,Z01,8,0.12214726244
04/11/2021,FEU,Z02,8,0.07196114884
04/11/2021,FEU,Z03,8,0.07690078446
04/11/2021,FEU,Z01,9,0.12602713146
04/11/2021,FEU,Z02,9,0.075588832
04/11/2021,FEU,Z03,9,0.08083476134
04/12/2021,FEU,Z01,1,0.13258116128
04/12/2021,FEU,Z02,1,0.0820328934
04/12/2021,FEU,Z03,1,0.0874156243
04/12/2021,FEU,Z01,10,0.13577420378
04/12/2021,FEU,Z02,10,0.08635979752
04/12/2021,FEU,Z03,10,0.09078001708
04/12/2021,FEU,Z01,11,0.1279103319
04/12/2021,FEU,Z02,11,0.07891796236
04/12/2021,FEU,Z03,11,0.0829138562
04/12/2021,FEU,Z01,12,0.12501086392
04/12/2021,FEU,Z02,12,0.07603935352
04/12/2021,FEU,Z03,12,0.07997586622
04/12/2021,FEU,Z01,13,0.12705893306
04/12/2021,FEU,Z02,13,0.07801785466
04/12/2021,FEU,Z03,13,0.08203539536
04/12/2021,FEU,Z01,14,0.12606623702
04/12/2021,FEU,Z02,14,0.14485613676
04/12/2021,FEU,Z03,14,0.14485613676
04/12/2021,FEU,Z01,15,0.12557199446
04/12/2021,FEU,Z02,15,0.14442681606
04/12/2021,FEU,Z03,15,0.14442681606
04/12/2021,FEU,Z01,16,0.12307076402
04/12/2021,FEU,Z02,16,0.14183736276
04/12/2021,FEU,Z03,16,0.14183736276
04/12/2021,FEU,Z01,17,0.12220718274
04/12/2021,FEU,Z02,17,0.14096630048
04/12/2021,FEU,Z03,17,0.14096630048
04/12/2021,FEU,Z01,18,0.12565442546
04/12/2021,FEU,Z02,18,0.1444395062
04/12/2021,FEU,Z03,18,0.1444395062
04/12/2021,FEU,Z01,19,0.13166442834
04/12/2021,FEU,Z02,19,0.15049259308
04/12/2021,FEU,Z03,19,0.15049259308
04/12/2021,FEU,Z01,2,0.12408817784
04/12/2021,FEU,Z02,2,0.07399865882
04/12/2021,FEU,Z03,2,0.070244639
04/12/2021,FEU,Z01,20,0.13866499908
04/12/2021,FEU,Z02,20,0.15770374254
04/12/2021,FEU,Z03,20,0.15770374254
04/12/2021,FEU,Z01,21,0.14742910624
04/12/2021,FEU,Z02,21,0.16645817684
04/12/2021,FEU,Z03,21,0.16645817684
04/12/2021,FEU,Z01,22,0.1471887927
04/12/2021,FEU,Z02,22,0.16629585716
04/12/2021,FEU,Z03,22,0.16629585716
04/12/2021,FEU,Z01,23,0.1426617449
04/12/2021,FEU,Z02,23,0.16179637622
04/12/2021,FEU,Z03,23,0.16179637622
04/12/2021,FEU,Z01,24,0.144069325
04/12/2021,FEU,Z02,24,0.09290948326
04/12/2021,FEU,Z03,24,0.09896013302
04/12/2021,FEU,Z01,3,0.12107363216
04/12/2021,FEU,Z02,3,0.07093699256
04/12/2021,FEU,Z03,3,0.06717731002
04/12/2021,FEU,Z01,4,0.12155358988
04/12/2021,FEU,Z02,4,0.07133440042
04/12/2021,FEU,Z03,4,0.06756463588
04/12/2021,FEU,Z01,5,0.1217801636
04/12/2021,FEU,Z02,5,0.07154700714
04/12/2021,FEU,Z03,5,0.0677737576
04/12/2021,FEU,Z01,6,0.12545565272
04/12/2021,FEU,Z02,6,0.07517274798
04/12/2021,FEU,Z03,6,0.0713315983
04/12/2021,FEU,Z01,7,0.13226068526
04/12/2021,FEU,Z02,7,0.08179857824
04/12/2021,FEU,Z03,7,0.07786268328
04/12/2021,FEU,Z01,8,0.14077483146
04/12/2021,FEU,Z02,8,0.09046012546
04/12/2021,FEU,Z03,8,0.09572862762
04/12/2021,FEU,Z01,9,0.14005905884
04/12/2021,FEU,Z02,9,0.09016619314
04/12/2021,FEU,Z03,9,0.095077232
04/13/2021,FEU,Z01,1,0.15060468156
04/13/2021,FEU,Z02,1,0.09921859768
04/13/2021,FEU,Z03,1,0.10554839158
04/13/2021,FEU,Z01,10,0.15371666762
04/13/2021,FEU,Z02,10,0.10385892208
04/13/2021,FEU,Z03,10,0.10882294792
04/13/2021,FEU,Z01,11,0.1471229976
04/13/2021,FEU,Z02,11,0.09757698892
04/13/2021,FEU,Z03,11,0.1022288719
04/13/2021,FEU,Z01,12,0.14499684362
04/13/2021,FEU,Z02,12,0.09534786822
04/13/2021,FEU,Z03,12,0.09998284006
04/13/2021,FEU,Z01,13,0.14429467476
04/13/2021,FEU,Z02,13,0.09475281222
04/13/2021,FEU,Z03,13,0.0992821562
04/13/2021,FEU,Z01,14,0.13629335758
04/13/2021,FEU,Z02,14,0.15516472932
04/13/2021,FEU,Z03,14,0.15516472932
04/13/2021,FEU,Z01,15,0.12964830902
04/13/2021,FEU,Z02,15,0.14846607276
04/13/2021,FEU,Z03,15,0.14846607276
04/13/2021,FEU,Z01,16,0.12511496672
04/13/2021,FEU,Z02,16,0.14389948946
04/13/2021,FEU,Z03,16,0.14389948946
04/13/2021,FEU,Z01,17,0.12521994558
04/13/2021,FEU,Z02,17,0.14400488132
04/13/2021,FEU,Z03,17,0.14400488132
04/13/2021,FEU,Z01,18,0.1296874133
04/13/2021,FEU,Z02,18,0.14850751304
04/13/2021,FEU,Z03,18,0.14850751304
04/13/2021,FEU,Z01,19,0.13995109932
04/13/2021,FEU,Z02,19,0.15884651006
04/13/2021,FEU,Z03,19,0.15884651006
04/13/2021,FEU,Z01,2,0.14575432872
04/13/2021,FEU,Z02,2,0.09451604998
04/13/2021,FEU,Z03,2,0.0900576133
04/13/2021,FEU,Z01,20,0.14820836406
04/13/2021,FEU,Z02,20,0.16725192566
04/13/2021,FEU,Z03,20,0.16725192566
04/13/2021,FEU,Z01,21,0.15764068564
04/13/2021,FEU,Z02,21,0.17676274624
04/13/2021,FEU,Z03,21,0.17676274624
04/13/2021,FEU,Z01,22,0.1568935734
04/13/2021,FEU,Z02,22,0.17609362086
04/13/2021,FEU,Z03,22,0.17609362086
04/13/2021,FEU,Z01,23,0.15153335546
04/13/2021,FEU,Z02,23,0.17075854278
04/13/2021,FEU,Z03,23,0.17075854278
04/13/2021,FEU,Z01,24,0.15235310184
04/13/2021,FEU,Z02,24,0.10096848582
04/13/2021,FEU,Z03,24,0.10731480686
04/13/2021,FEU,Z01,3,0.14205847328
04/13/2021,FEU,Z02,3,0.09099508554
04/13/2021,FEU,Z03,3,0.08671559872
04/13/2021,FEU,Z01,4,0.14239545686
04/13/2021,FEU,Z02,4,0.09131564112
04/13/2021,FEU,Z03,4,0.08695808244
04/13/2021,FEU,Z01,5,0.13868749286
04/13/2021,FEU,Z02,5,0.08778255312
04/13/2021,FEU,Z03,5,0.08353647244
04/13/2021,FEU,Z01,6,0.14511427244
04/13/2021,FEU,Z02,6,0.09382925884
04/13/2021,FEU,Z03,6,0.08939497816
04/13/2021,FEU,Z01,7,0.15017170868
04/13/2021,FEU,Z02,7,0.09896862652
04/13/2021,FEU,Z03,7,0.09450487156
04/13/2021,FEU,Z01,8,0.151018832
04/13/2021,FEU,Z02,8,0.10053921958
04/13/2021,FEU,Z03,8,0.10606780916
04/13/2021,FEU,Z01,9,0.15812710568
04/13/2021,FEU,Z02,9,0.10764587984
04/13/2021,FEU,Z03,9,0.11316810398
04/14/2021,FEU,Z01,1,0.1519471607
04/14/2021,FEU,Z02,1,0.10058123368
04/14/2021,FEU,Z03,1,0.10690249672
04/14/2021,FEU,Z01,10,0.15388766978
04/14/2021,FEU,Z02,10,0.10384014152
04/14/2021,FEU,Z03,10,0.10897069308
04/14/2021,FEU,Z01,11,0.14784516104
04/14/2021,FEU,Z02,11,0.0981863425
04/14/2021,FEU,Z03,11,0.10293822234
04/14/2021,FEU,Z01,12,0.1443531662
04/14/2021,FEU,Z02,12,0.0947234218
04/14/2021,FEU,Z03,12,0.0994074355
04/14/2021,FEU,Z01,13,0.13807288634
04/14/2021,FEU,Z02,13,0.08865785594
04/14/2021,FEU,Z03,13,0.09310425764
04/14/2021,FEU,Z01,14,0.13239147816
04/14/2021,FEU,Z02,14,0.1512310319
04/14/2021,FEU,Z03,14,0.1512310319
04/14/2021,FEU,Z01,15,0.13044303674
04/14/2021,FEU,Z02,15,0.14926727648
04/14/2021,FEU,Z03,15,0.14926727648
04/14/2021,FEU,Z01,16,0.12547859816
04/14/2021,FEU,Z02,16,0.1442643319
04/14/2021,FEU,Z03,16,0.1442643319
04/14/2021,FEU,Z01,17,0.12585450602
04/14/2021,FEU,Z02,17,0.14464275876
04/14/2021,FEU,Z03,17,0.14464275876
04/14/2021,FEU,Z01,18,0.1302241176
04/14/2021,FEU,Z02,18,0.14904505534
04/14/2021,FEU,Z03,18,0.14904505534
04/14/2021,FEU,Z01,19,0.13914018334
04/14/2021,FEU,Z02,19,0.15810858794
04/14/2021,FEU,Z03,19,0.15810858794
04/14/2021,FEU,Z01,2,0.14533490872
04/14/2021,FEU,Z02,2,0.09403936112
04/14/2021,FEU,Z03,2,0.0896706883
04/14/2021,FEU,Z01,20,0.14210947108
04/14/2021,FEU,Z02,20,0.16109697368
04/14/2021,FEU,Z03,20,0.16109697368
04/14/2021,FEU,Z01,21,0.14665950624
04/14/2021,FEU,Z02,21,0.1657689027
04/14/2021,FEU,Z03,21,0.1657689027
04/14/2021,FEU,Z01,22,0.15133548842
04/14/2021,FEU,Z02,22,0.17047935888
04/14/2021,FEU,Z03,22,0.17047935888
04/14/2021,FEU,Z01,23,0.1467198449
04/14/2021,FEU,Z02,23,0.16597922008
04/14/2021,FEU,Z03,23,0.16597922008
04/14/2021,FEU,Z01,24,0.142838075
04/14/2021,FEU,Z02,24,0.09173634826
04/14/2021,FEU,Z03,24,0.09772198802
04/14/2021,FEU,Z01,3,0.14411102874
04/14/2021,FEU,Z02,3,0.09279800828
04/14/2021,FEU,Z03,3,0.08833122874
04/14/2021,FEU,Z01,4,0.14310018476
04/14/2021,FEU,Z02,4,0.09168675358
04/14/2021,FEU,Z03,4,0.08726627704
04/14/2021,FEU,Z01,5,0.14191777662
04/14/2021,FEU,Z02,5,0.09056314744
04/14/2021,FEU,Z03,5,0.08610809704
04/14/2021,FEU,Z01,6,0.14452020374
04/14/2021,FEU,Z02,6,0.09318735828
04/14/2021,FEU,Z03,6,0.08870790374
04/14/2021,FEU,Z01,7,0.15244430926
04/14/2021,FEU,Z02,7,0.10105515424
04/14/2021,FEU,Z03,7,0.09653375528
04/14/2021,FEU,Z01,8,0.1550310206
04/14/2021,FEU,Z02,8,0.10421565346
04/14/2021,FEU,Z03,8,0.11005950176
04/14/2021,FEU,Z01,9,0.15932003656
04/14/2021,FEU,Z02,9,0.108608239
04/14/2021,FEU,Z03,9,0.11442683572
04/15/2021,FEU,Z01,1,0.13676496842
04/15/2021,FEU,Z02,1,0.08602149854
04/15/2021,FEU,Z03,1,0.09162691244
04/15/2021,FEU,Z01,10,0.14275555476
04/15/2021,FEU,Z02,10,0.09326517222
04/15/2021,FEU,Z03,10,0.09781883206
04/15/2021,FEU,Z01,11,0.1422707176
04/15/2021,FEU,Z02,11,0.09296447278
04/15/2021,FEU,Z03,11,0.0973556769
04/15/2021,FEU,Z01,12,0.14108739362
04/15/2021,FEU,Z02,12,0.09165057808
04/15/2021,FEU,Z03,12,0.09613956392
04/15/2021,FEU,Z01,13,0.13593275462
04/15/2021,FEU,Z02,13,0.08666933008
04/15/2021,FEU,Z03,13,0.09096283992
04/15/2021,FEU,Z01,14,0.1331119883
04/15/2021,FEU,Z02,14,0.15195760904
04/15/2021,FEU,Z03,14,0.15195760904
04/15/2021,FEU,Z01,15,0.12744354474
04/15/2021,FEU,Z02,15,0.14624332448
04/15/2021,FEU,Z03,15,0.14624332448
04/15/2021,FEU,Z01,16,0.12373892588
04/15/2021,FEU,Z02,16,0.14251032962
04/15/2021,FEU,Z03,16,0.14251032962
04/15/2021,FEU,Z01,17,0.1222862376
04/15/2021,FEU,Z02,17,0.14104558834
04/15/2021,FEU,Z03,17,0.14104558834
04/15/2021,FEU,Z01,18,0.12487394518
04/15/2021,FEU,Z02,18,0.14372184278
04/15/2021,FEU,Z03,18,0.14372184278
04/15/2021,FEU,Z01,19,0.13556888834
04/15/2021,FEU,Z02,19,0.15442711308
04/15/2021,FEU,Z03,19,0.15442711308
04/15/2021,FEU,Z01,2,0.13348083086
04/15/2021,FEU,Z02,2,0.08282025712
04/15/2021,FEU,Z03,2,0.07873352444
04/15/2021,FEU,Z01,20,0.13844942508
04/15/2021,FEU,Z02,20,0.15740585768
04/15/2021,FEU,Z03,20,0.15740585768
04/15/2021,FEU,Z01,21,0.1442920541
04/15/2021,FEU,Z02,21,0.1632940577
04/15/2021,FEU,Z03,21,0.1632940577
04/15/2021,FEU,Z01,22,0.14699732828
04/15/2021,FEU,Z02,22,0.1661867806
04/15/2021,FEU,Z03,22,0.1661867806
04/15/2021,FEU,Z01,23,0.14145882976
04/15/2021,FEU,Z02,23,0.16058093208
04/15/2021,FEU,Z03,23,0.16058093208
04/15/2021,FEU,Z01,24,0.13894223042
04/15/2021,FEU,Z02,24,0.08809749254
04/15/2021,FEU,Z03,24,0.09381639644
04/15/2021,FEU,Z01,3,0.13151727216
04/15/2021,FEU,Z02,3,0.0808159577
04/15/2021,FEU,Z03,3,0.07679776502
04/15/2021,FEU,Z01,4,0.13046903588
04/15/2021,FEU,Z02,4,0.07981634242
04/15/2021,FEU,Z03,4,0.07577022388
04/15/2021,FEU,Z01,5,0.13216137902
04/15/2021,FEU,Z02,5,0.08142710856
04/15/2021,FEU,Z03,5,0.07739258188
04/15/2021,FEU,Z01,6,0.13159274528
04/15/2021,FEU,Z02,6,0.08102413154
04/15/2021,FEU,Z03,6,0.07705492672
04/15/2021,FEU,Z01,7,0.13524196982
04/15/2021,FEU,Z02,7,0.08471477066
04/15/2021,FEU,Z03,7,0.08075287156
04/15/2021,FEU,Z01,8,0.14238260774
04/15/2021,FEU,Z02,8,0.0920800376
04/15/2021,FEU,Z03,8,0.0973523699
04/15/2021,FEU,Z01,9,0.14597050454
04/15/2021,FEU,Z02,9,0.09585810384
04/15/2021,FEU,Z03,9,0.10095638084
04/16/2021,FEU,Z01,1,0.14790522212
04/16/2021,FEU,Z02,1,0.0967233241
04/16/2021,FEU,Z03,1,0.10285003414
04/16/2021,FEU,Z01,10,0.14443514238
04/16/2021,FEU,Z02,10,0.0945468604
04/16/2021,FEU,Z03,10,0.09943828568
04/16/2021,FEU,Z01,11,0.14302790764
04/16/2021,FEU,Z02,11,0.09335902638
04/16/2021,FEU,Z03,11,0.09806068394
04/16/2021,FEU,Z01,12,0.13955449136
04/16/2021,FEU,Z02,12,0.08992747324
04/16/2021,FEU,Z03,12,0.09456576966
04/16/2021,FEU,Z01,13,0.13685040792
04/16/2021,FEU,Z02,13,0.08747481752
04/16/2021,FEU,Z03,13,0.09186474322
04/16/2021,FEU,Z01,14,0.12779424188
04/16/2021,FEU,Z02,14,0.14659716362
04/16/2021,FEU,Z03,14,0.14659716362
04/16/2021,FEU,Z01,15,0.12592459732
04/16/2021,FEU,Z02,15,0.14478199192
04/16/2021,FEU,Z03,15,0.14478199192
04/16/2021,FEU,Z01,16,0.12433436846
04/16/2021,FEU,Z02,16,0.1431092162
04/16/2021,FEU,Z03,16,0.1431092162
04/16/2021,FEU,Z01,17,0.11867515518
04/16/2021,FEU,Z02,17,0.13746975278
04/16/2021,FEU,Z03,17,0.13746975278
04/16/2021,FEU,Z01,18,0.12368275562
04/16/2021,FEU,Z02,18,0.14251863522
04/16/2021,FEU,Z03,18,0.14251863522
04/16/2021,FEU,Z01,19,0.13167808778
04/16/2021,FEU,Z02,19,0.15057949538
04/16/2021,FEU,Z03,19,0.15057949538
04/16/2021,FEU,Z01,2,0.14284398188
04/16/2021,FEU,Z02,2,0.09159242842
04/16/2021,FEU,Z03,2,0.08723713274
04/16/2021,FEU,Z01,20,0.13866626966
04/16/2021,FEU,Z02,20,0.15762293126
04/16/2021,FEU,Z03,20,0.15762293126
04/16/2021,FEU,Z01,21,0.14791789438
04/16/2021,FEU,Z02,21,0.16703965484
04/16/2021,FEU,Z03,21,0.16703965484
04/16/2021,FEU,Z01,22,0.15016565698
04/16/2021,FEU,Z02,22,0.16930147544
04/16/2021,FEU,Z03,22,0.16930147544
04/16/2021,FEU,Z01,23,0.14489099302
04/16/2021,FEU,Z02,23,0.16405431934
04/16/2021,FEU,Z03,23,0.16405431934
04/16/2021,FEU,Z01,24,0.14754360026
04/16/2021,FEU,Z02,24,0.09637953824
04/16/2021,FEU,Z03,24,0.10249044128
04/16/2021,FEU,Z01,3,0.14087278072
04/16/2021,FEU,Z02,3,0.08986454298
04/16/2021,FEU,Z03,3,0.0855554233
04/16/2021,FEU,Z01,4,0.1392198293
04/16/2021,FEU,Z02,4,0.0882165927
04/16/2021,FEU,Z03,4,0.08396306602
04/16/2021,FEU,Z01,5,0.13523895958
04/16/2021,FEU,Z02,5,0.08442684898
04/16/2021,FEU,Z03,5,0.0802897783
04/16/2021,FEU,Z01,6,0.13705692356
04/16/2021,FEU,Z02,6,0.08630147368
04/16/2021,FEU,Z03,6,0.08216485486
04/16/2021,FEU,Z01,7,0.14227762622
04/16/2021,FEU,Z02,7,0.09158687878
04/16/2021,FEU,Z03,7,0.08748059354
04/16/2021,FEU,Z01,8,0.14403402302
04/16/2021,FEU,Z02,8,0.09374454474
04/16/2021,FEU,Z03,8,0.09901999718
04/16/2021,FEU,Z01,9,0.1473160606
04/16/2021,FEU,Z02,9,0.09681311746
04/16/2021,FEU,Z03,9,0.10230628576
04/17/2021,FEU,Z01,1,0.14514163384
04/17/2021,FEU,Z02,1,0.09408744682
04/17/2021,FEU,Z03,1,0.10006275986
04/17/2021,FEU,Z01,10,0.14264012474
04/17/2021,FEU,Z02,10,0.0923271176
04/17/2021,FEU,Z03,10,0.0976123799
04/17/2021,FEU,Z01,11,0.1284237191
04/17/2021,FEU,Z02,11,0.07904749826
04/17/2021,FEU,Z03,11,0.0833513934
04/17/2021,FEU,Z01,12,0.12594897824
04/17/2021,FEU,Z02,12,0.07673126826
04/17/2021,FEU,Z03,12,0.08087009954
04/17/2021,FEU,Z01,13,0.12805403252
04/17/2021,FEU,Z02,13,0.07876247454
04/17/2021,FEU,Z03,13,0.08305932968
04/17/2021,FEU,Z01,14,0.12020511476
04/17/2021,FEU,Z02,14,0.1389461355
04/17/2021,FEU,Z03,14,0.1389461355
04/17/2021,FEU,Z01,15,0.11629441634
04/17/2021,FEU,Z02,15,0.13506621194
04/17/2021,FEU,Z03,15,0.13506621194
04/17/2021,FEU,Z01,16,0.11523052392
04/17/2021,FEU,Z02,16,0.13399208852
04/17/2021,FEU,Z03,16,0.13399208852
04/17/2021,FEU,Z01,17,0.11594680652
04/17/2021,FEU,Z02,17,0.13471072112
04/17/2021,FEU,Z03,17,0.13471072112
04/17/2021,FEU,Z01,18,0.11999819424
04/17/2021,FEU,Z02,18,0.1388610877
04/17/2021,FEU,Z03,18,0.1388610877
04/17/2021,FEU,Z01,19,0.12738721596
04/17/2021,FEU,Z02,19,0.14631654242
04/17/2021,FEU,Z03,19,0.14631654242
04/17/2021,FEU,Z01,2,0.1394201636
04/17/2021,FEU,Z02,2,0.08826118228
04/17/2021,FEU,Z03,2,0.08394209574
04/17/2021,FEU,Z01,20,0.1364636534
04/17/2021,FEU,Z02,20,0.15547485286
04/17/2021,FEU,Z03,20,0.15547485286
04/17/2021,FEU,Z01,21,0.14813690726
04/17/2021,FEU,Z02,21,0.16725534572
04/17/2021,FEU,Z03,21,0.16725534572
04/17/2021,FEU,Z01,22,0.14734947842
04/17/2021,FEU,Z02,22,0.16645671888
04/17/2021,FEU,Z03,22,0.16645671888
04/17/2021,FEU,Z01,23,0.1464811606
04/17/2021,FEU,Z02,23,0.16565698092
04/17/2021,FEU,Z03,23,0.16565698092
04/17/2021,FEU,Z01,24,0.14579846584
04/17/2021,FEU,Z02,24,0.09463625596
04/17/2021,FEU,Z03,24,0.10072328786
04/17/2021,FEU,Z01,3,0.13686490118
04/17/2021,FEU,Z02,3,0.08583085386
04/17/2021,FEU,Z03,3,0.08152773646
04/17/2021,FEU,Z01,4,0.13327229774
04/17/2021,FEU,Z02,4,0.08248442628
04/17/2021,FEU,Z03,4,0.07835339774
04/17/2021,FEU,Z01,5,0.1309500329
04/17/2021,FEU,Z02,5,0.08020532158
04/17/2021,FEU,Z03,5,0.07609355818
04/17/2021,FEU,Z01,6,0.13207453504
04/17/2021,FEU,Z02,6,0.08127638172
04/17/2021,FEU,Z03,6,0.07712581932
04/17/2021,FEU,Z01,7,0.13932801532
04/17/2021,FEU,Z02,7,0.08824486386
04/17/2021,FEU,Z03,7,0.08386134646
04/17/2021,FEU,Z01,8,0.14136366998
04/17/2021,FEU,Z02,8,0.09048169796
04/17/2021,FEU,Z03,8,0.096267575
04/17/2021,FEU,Z01,9,0.14717693556
04/17/2021,FEU,Z02,9,0.09595040968
04/17/2021,FEU,Z03,9,0.10210138858
04/18/2021,FEU,Z01,1,0.14798292984
04/18/2021,FEU,Z02,1,0.09671887196
04/18/2021,FEU,Z03,1,0.10292129486
04/18/2021,FEU,Z01,10,0.1349291785
04/18/2021,FEU,Z02,10,0.08463339192
04/18/2021,FEU,Z03,10,0.08979850666
04/18/2021,FEU,Z01,11,0.12842950886
04/18/2021,FEU,Z02,11,0.07883351444
04/18/2021,FEU,Z03,11,0.08336159102
04/18/2021,FEU,Z01,12,0.12807538442
04/18/2021,FEU,Z02,12,0.07856412186
04/18/2021,FEU,Z03,12,0.08302148858
04/18/2021,FEU,Z01,13,0.12918649484
04/18/2021,FEU,Z02,13,0.07970339914
04/18/2021,FEU,Z03,13,0.084150032
04/18/2021,FEU,Z01,14,0.12219907478
04/18/2021,FEU,Z02,14,0.14101967238
04/18/2021,FEU,Z03,14,0.14101967238
04/18/2021,FEU,Z01,15,0.12166301378
04/18/2021,FEU,Z02,15,0.14041271252
04/18/2021,FEU,Z03,15,0.14041271252
04/18/2021,FEU,Z01,16,0.11914789508
04/18/2021,FEU,Z02,16,0.13800439054
04/18/2021,FEU,Z03,16,0.13800439054
04/18/2021,FEU,Z01,17,0.1185470134
04/18/2021,FEU,Z02,17,0.137329832
04/18/2021,FEU,Z03,17,0.137329832
04/18/2021,FEU,Z01,18,0.12290904214
04/18/2021,FEU,Z02,18,0.1417907606
04/18/2021,FEU,Z03,18,0.1417907606
04/18/2021,FEU,Z01,19,0.13512641172
04/18/2021,FEU,Z02,19,0.15419449204
04/18/2021,FEU,Z03,19,0.15419449204
04/18/2021,FEU,Z01,2,0.1413769436
04/18/2021,FEU,Z02,2,0.09019625314
04/18/2021,FEU,Z03,2,0.0858152376
04/18/2021,FEU,Z01,20,0.1479785663
04/18/2021,FEU,Z02,20,0.16708638976
04/18/2021,FEU,Z03,20,0.16708638976
04/18/2021,FEU,Z01,21,0.1520273663
04/18/2021,FEU,Z02,21,0.17126313662
04/18/2021,FEU,Z03,21,0.17126313662
04/18/2021,FEU,Z01,22,0.15390288688
04/18/2021,FEU,Z02,22,0.1731550492
04/18/2021,FEU,Z03,22,0.1731550492
04/18/2021,FEU,Z01,23,0.15268117706
04/18/2021,FEU,Z02,23,0.17191035038
04/18/2021,FEU,Z03,23,0.17191035038
04/18/2021,FEU,Z01,24,0.15601109674
04/18/2021,FEU,Z02,24,0.10412150428
04/18/2021,FEU,Z03,24,0.11093192276
04/18/2021,FEU,Z01,3,0.1394336657
04/18/2021,FEU,Z02,3,0.08856789682
04/18/2021,FEU,Z03,3,0.08443232486
04/18/2021,FEU,Z01,4,0.13785737444
04/18/2021,FEU,Z02,4,0.08691958084
04/18/2021,FEU,Z03,4,0.08270636216
04/18/2021,FEU,Z01,5,0.1378429922
04/18/2021,FEU,Z02,5,0.08669034702
04/18/2021,FEU,Z03,5,0.08230062076
04/18/2021,FEU,Z01,6,0.13754055448
04/18/2021,FEU,Z02,6,0.0864033613
04/18/2021,FEU,Z03,6,0.0820898319
04/18/2021,FEU,Z01,7,0.13701772418
04/18/2021,FEU,Z02,7,0.08597737586
04/18/2021,FEU,Z03,7,0.08166937846
04/18/2021,FEU,Z01,8,0.13825238444
04/18/2021,FEU,Z02,8,0.08729569084
04/18/2021,FEU,Z03,8,0.09309454646
04/18/2021,FEU,Z01,9,0.14014780946
04/18/2021,FEU,Z02,9,0.089026432
04/18/2021,FEU,Z03,9,0.09504502334
04/19/2021,FEU,Z01,1,0.15844096928
04/19/2021,FEU,Z02,1,0.1066908834
04/19/2021,FEU,Z03,1,0.1134204793
04/19/2021,FEU,Z01,10,0.15406596578
04/19/2021,FEU,Z02,10,0.10401220552
04/19/2021,FEU,Z03,10,0.10914974908
04/19/2021,FEU,Z01,11,0.1518138019
04/19/2021,FEU,Z02,11,0.10202123036
04/19/2021,FEU,Z03,11,0.1069199162
04/19/2021,FEU,Z01,12,0.15124725592
04/19/2021,FEU,Z02,12,0.10138030552
04/19/2021,FEU,Z03,12,0.10632301122
04/19/2021,FEU,Z01,13,0.14792264006
04/19/2021,FEU,Z02,13,0.09817001266
04/19/2021,FEU,Z03,13,0.10298818736
04/19/2021,FEU,Z01,14,0.14359131602
04/19/2021,FEU,Z02,14,0.16251753876
04/19/2021,FEU,Z03,14,0.16251753876
04/19/2021,FEU,Z01,15,0.13919749046
04/19/2021,FEU,Z02,15,0.15816967206
04/19/2021,FEU,Z03,15,0.15816967206
04/19/2021,FEU,Z01,16,0.13316096102
04/19/2021,FEU,Z02,16,0.15200604876
04/19/2021,FEU,Z03,16,0.15200604876
04/19/2021,FEU,Z01,17,0.12880768774
04/19/2021,FEU,Z02,17,0.14761806048
04/19/2021,FEU,Z03,17,0.14761806048
04/19/2021,FEU,Z01,18,0.13463592146
04/19/2021,FEU,Z02,18,0.1534906262
04/19/2021,FEU,Z03,18,0.1534906262
04/19/2021,FEU,Z01,19,0.14571580834
04/19/2021,FEU,Z02,19,0.16465215308
04/19/2021,FEU,Z03,19,0.16465215308
04/19/2021,FEU,Z01,2,0.15638241784
04/19/2021,FEU,Z02,2,0.10481317882
04/19/2021,FEU,Z03,2,0.100097489
04/19/2021,FEU,Z01,20,0.14958388108
04/19/2021,FEU,Z02,20,0.16872458354
04/19/2021,FEU,Z03,20,0.16872458354
04/19/2021,FEU,Z01,21,0.15510971424
04/19/2021,FEU,Z02,21,0.17420365484
04/19/2021,FEU,Z03,21,0.17420365484
04/19/2021,FEU,Z01,22,0.1603397677
04/19/2021,FEU,Z02,22,0.17956788716
04/19/2021,FEU,Z03,22,0.17956788716
04/19/2021,FEU,Z01,23,0.1537753499
04/19/2021,FEU,Z02,23,0.17301974522
04/19/2021,FEU,Z03,23,0.17301974522
04/19/2021,FEU,Z01,24,0.154550575
04/19/2021,FEU,Z02,24,0.10289720926
04/19/2021,FEU,Z03,24,0.10950007802
04/19/2021,FEU,Z01,3,0.15324481616
04/19/2021,FEU,Z02,3,0.10157133656
04/19/2021,FEU,Z03,3,0.09681386502
04/19/2021,FEU,Z01,4,0.14857920388
04/19/2021,FEU,Z02,4,0.09704835442
04/19/2021,FEU,Z03,4,0.09244079188
04/19/2021,FEU,Z01,5,0.1453812236
04/19/2021,FEU,Z02,5,0.09400547614
04/19/2021,FEU,Z03,5,0.0895017176
04/19/2021,FEU,Z01,6,0.14608485672
04/19/2021,FEU,Z02,6,0.09482980898
04/19/2021,FEU,Z03,6,0.0903625333
04/19/2021,FEU,Z01,7,0.16178035226
04/19/2021,FEU,Z02,7,0.10996238624
04/19/2021,FEU,Z03,7,0.10517015928
04/19/2021,FEU,Z01,8,0.15713907446
04/19/2021,FEU,Z02,8,0.10614871846
04/19/2021,FEU,Z03,8,0.11217394862
04/19/2021,FEU,Z01,9,0.15802398284
04/19/2021,FEU,Z02,9,0.10745404714
04/19/2021,FEU,Z03,9,0.113132432
04/20/2021,FEU,Z01,1,0.15060468156
04/20/2021,FEU,Z02,1,0.09921859768
04/20/2021,FEU,Z03,1,0.10554839158
04/20/2021,FEU,Z01,10,0.15843251462
04/20/2021,FEU,Z02,10,0.10841604208
04/20/2021,FEU,Z03,10,0.11355899992
04/20/2021,FEU,Z01,11,0.1518337576
04/20/2021,FEU,Z02,11,0.10213343092
04/20/2021,FEU,Z03,11,0.1069599369
04/20/2021,FEU,Z01,12,0.14807655662
04/20/2021,FEU,Z02,12,0.09832202122
04/20/2021,FEU,Z03,12,0.10307310906
04/20/2021,FEU,Z01,13,0.14476807076
04/20/2021,FEU,Z02,13,0.09521037422
04/20/2021,FEU,Z03,13,0.0997571762
04/20/2021,FEU,Z01,14,0.13638790358
04/20/2021,FEU,Z02,14,0.15526001332
04/20/2021,FEU,Z03,14,0.15526001332
04/20/2021,FEU,Z01,15,0.13297237002
04/20/2021,FEU,Z02,15,0.15181599076
04/20/2021,FEU,Z03,15,0.15181599076
04/20/2021,FEU,Z01,16,0.12994530272
04/20/2021,FEU,Z02,16,0.14876756246
04/20/2021,FEU,Z03,16,0.14876756246
04/20/2021,FEU,Z01,17,0.12939957058
04/20/2021,FEU,Z02,17,0.14821713132
04/20/2021,FEU,Z03,17,0.14821713132
04/20/2021,FEU,Z01,18,0.1341203033
04/20/2021,FEU,Z02,18,0.15297378104
04/20/2021,FEU,Z03,18,0.15297378104
04/20/2021,FEU,Z01,19,0.14605043732
04/20/2021,FEU,Z02,19,0.16499308906
04/20/2021,FEU,Z03,19,0.16499308906
04/20/2021,FEU,Z01,2,0.14666954072
04/20/2021,FEU,Z02,2,0.09538693998
04/20/2021,FEU,Z03,2,0.0909019183
04/20/2021,FEU,Z01,20,0.15029977006
04/20/2021,FEU,Z02,20,0.16936119166
04/20/2021,FEU,Z03,20,0.16936119166
04/20/2021,FEU,Z01,21,0.15986893764
04/20/2021,FEU,Z02,21,0.17900997824
04/20/2021,FEU,Z03,21,0.17900997824
04/20/2021,FEU,Z01,22,0.1651807334
04/20/2021,FEU,Z02,22,0.18445738486
04/20/2021,FEU,Z03,22,0.18445738486
04/20/2021,FEU,Z01,23,0.15919171946
04/20/2021,FEU,Z02,23,0.17849401778
04/20/2021,FEU,Z03,23,0.17849401778
04/20/2021,FEU,Z01,24,0.14740198184
04/20/2021,FEU,Z02,24,0.09624422582
04/20/2021,FEU,Z03,24,0.10233707786
04/20/2021,FEU,Z01,3,0.14441594528
04/20/2021,FEU,Z02,3,0.09323991754
04/20/2021,FEU,Z03,3,0.08889057472
04/20/2021,FEU,Z01,4,0.14125329386
04/20/2021,FEU,Z02,4,0.09022734512
04/20/2021,FEU,Z03,4,0.08590332644
04/20/2021,FEU,Z01,5,0.14080793786
04/20/2021,FEU,Z02,5,0.08980299312
04/20/2021,FEU,Z03,5,0.08549365644
04/20/2021,FEU,Z01,6,0.14503777844
04/20/2021,FEU,Z02,6,0.09375642484
04/20/2021,FEU,Z03,6,0.08932561816
04/20/2021,FEU,Z01,7,0.15741153268
04/20/2021,FEU,Z02,7,0.10588096252
04/20/2021,FEU,Z03,7,0.10120667956
04/20/2021,FEU,Z01,8,0.162069632
04/20/2021,FEU,Z02,8,0.11115604358
04/20/2021,FEU,Z03,8,0.11717386316
04/20/2021,FEU,Z01,9,0.16314402968
04/20/2021,FEU,Z02,9,0.11247813584
04/20/2021,FEU,Z03,9,0.11820614298
04/21/2021,FEU,Z01,1,0.1552090607
04/21/2021,FEU,Z02,1,0.10369260568
04/21/2021,FEU,Z03,1,0.11018273672
04/21/2021,FEU,Z01,10,0.15906763778
04/21/2021,FEU,Z02,10,0.10883905352
04/21/2021,FEU,Z03,10,0.11417274108
04/21/2021,FEU,Z01,11,0.15188656904
04/21/2021,FEU,Z02,11,0.1020923425
04/21/2021,FEU,Z03,11,0.10699699034
04/21/2021,FEU,Z01,12,0.1499832062
04/21/2021,FEU,Z02,12,0.1001609818
04/21/2021,FEU,Z03,12,0.1050615355
04/21/2021,FEU,Z01,13,0.14570411834
04/21/2021,FEU,Z02,13,0.09602796794
04/21/2021,FEU,Z03,13,0.10076812964
04/21/2021,FEU,Z01,14,0.14013667816
04/21/2021,FEU,Z02,14,0.1590365319
04/21/2021,FEU,Z03,14,0.1590365319
04/21/2021,FEU,Z01,15,0.13657414674
04/21/2021,FEU,Z02,15,0.15544482848
04/21/2021,FEU,Z03,15,0.15544482848
04/21/2021,FEU,Z01,16,0.13126437816
04/21/2021,FEU,Z02,16,0.1500951569
04/21/2021,FEU,Z03,16,0.1500951569
04/21/2021,FEU,Z01,17,0.13262064202
04/21/2021,FEU,Z02,17,0.15146152676
04/21/2021,FEU,Z03,17,0.15146152676
04/21/2021,FEU,Z01,18,0.1348989176
04/21/2021,FEU,Z02,18,0.15375612534
04/21/2021,FEU,Z03,18,0.15375612534
04/21/2021,FEU,Z01,19,0.14702158134
04/21/2021,FEU,Z02,19,0.16605622694
04/21/2021,FEU,Z03,19,0.16605622694
04/21/2021,FEU,Z01,2,0.15329136872
04/21/2021,FEU,Z02,2,0.10161452112
04/21/2021,FEU,Z03,2,0.0970107133
04/21/2021,FEU,Z01,20,0.15361381908
04/21/2021,FEU,Z02,20,0.17270016968
04/21/2021,FEU,Z03,20,0.17270016968
04/21/2021,FEU,Z01,21,0.15700885024
04/21/2021,FEU,Z02,21,0.1762155927
04/21/2021,FEU,Z03,21,0.1762155927
04/21/2021,FEU,Z01,22,0.15701046542
04/21/2021,FEU,Z02,22,0.17620648688
04/21/2021,FEU,Z03,22,0.17620648688
04/21/2021,FEU,Z01,23,0.1530232649
04/21/2021,FEU,Z02,23,0.17235008408
04/21/2021,FEU,Z03,23,0.17235008408
04/21/2021,FEU,Z01,24,0.145591825
04/21/2021,FEU,Z02,24,0.09436131226
04/21/2021,FEU,Z03,24,0.10049115902
04/21/2021,FEU,Z01,3,0.15272636574
04/21/2021,FEU,Z02,3,0.10099592228
04/21/2021,FEU,Z03,3,0.09626110674
04/21/2021,FEU,Z01,4,0.15432074276
04/21/2021,FEU,Z02,4,0.10234894258
04/21/2021,FEU,Z03,4,0.09758280904
04/21/2021,FEU,Z01,5,0.15358431262
04/21/2021,FEU,Z02,5,0.10164957944
04/21/2021,FEU,Z03,5,0.09682620904
04/21/2021,FEU,Z01,6,0.14655348874
04/21/2021,FEU,Z02,6,0.09512093028
04/21/2021,FEU,Z03,6,0.09057852974
04/21/2021,FEU,Z01,7,0.15505289126
04/21/2021,FEU,Z02,7,0.10354392224
04/21/2021,FEU,Z03,7,0.09894570328
04/21/2021,FEU,Z01,8,0.1602279706
04/21/2021,FEU,Z02,8,0.10920098746
04/21/2021,FEU,Z03,8,0.11528222176
04/21/2021,FEU,Z01,9,0.16434682456
04/21/2021,FEU,Z02,9,0.113441689
04/21/2021,FEU,Z03,9,0.11947884172
04/22/2021,FEU,Z01,1,0.14708264642
04/22/2021,FEU,Z02,1,0.09585928454
04/22/2021,FEU,Z03,1,0.10200250844
04/22/2021,FEU,Z01,10,0.15036720276
04/22/2021,FEU,Z02,10,0.10062222822
04/22/2021,FEU,Z03,10,0.10546312006
04/22/2021,FEU,Z01,11,0.1465812776
04/22/2021,FEU,Z02,11,0.09713754078
04/22/2021,FEU,Z03,11,0.1016848169
04/22/2021,FEU,Z01,12,0.14237809562
04/22/2021,FEU,Z02,12,0.09289927408
04/22/2021,FEU,Z03,12,0.09743579592
04/22/2021,FEU,Z01,13,0.13805436062
04/22/2021,FEU,Z02,13,0.08871890608
04/22/2021,FEU,Z03,13,0.09309353592
04/22/2021,FEU,Z01,14,0.1360549283
04/22/2021,FEU,Z02,14,0.15492348104
04/22/2021,FEU,Z03,14,0.15492348104
04/22/2021,FEU,Z01,15,0.13212590474
04/22/2021,FEU,Z02,15,0.15096204448
04/22/2021,FEU,Z03,15,0.15096204448
04/22/2021,FEU,Z01,16,0.12978136988
04/22/2021,FEU,Z02,16,0.14859973562
04/22/2021,FEU,Z03,16,0.14859973562
04/22/2021,FEU,Z01,17,0.1309061976
04/22/2021,FEU,Z02,17,0.14973359634
04/22/2021,FEU,Z03,17,0.14973359634
04/22/2021,FEU,Z01,18,0.13142628718
04/22/2021,FEU,Z02,18,0.15033052478
04/22/2021,FEU,Z03,18,0.15033052478
04/22/2021,FEU,Z01,19,0.13559226834
04/22/2021,FEU,Z02,19,0.15445067308
04/22/2021,FEU,Z03,19,0.15445067308
04/22/2021,FEU,Z01,2,0.14257434986
04/22/2021,FEU,Z02,2,0.09148490512
04/22/2021,FEU,Z03,2,0.08712195044
04/22/2021,FEU,Z01,20,0.14776622708
04/22/2021,FEU,Z02,20,0.16680174968
04/22/2021,FEU,Z03,20,0.16680174968
04/22/2021,FEU,Z01,21,0.1540374941
04/22/2021,FEU,Z02,21,0.1731217377
04/22/2021,FEU,Z03,21,0.1731217377
04/22/2021,FEU,Z01,22,0.15646033028
04/22/2021,FEU,Z02,22,0.1757445706
04/22/2021,FEU,Z03,22,0.1757445706
04/22/2021,FEU,Z01,23,0.15497710176
04/22/2021,FEU,Z02,23,0.17423260808
04/22/2021,FEU,Z03,23,0.17423260808
04/22/2021,FEU,Z01,24,0.15510833842
04/22/2021,FEU,Z02,24,0.10351287754
04/22/2021,FEU,Z03,24,0.11007325244
04/22/2021,FEU,Z01,3,0.14192197616
04/22/2021,FEU,Z02,3,0.0907153377
04/22/2021,FEU,Z03,3,0.08638235302
04/22/2021,FEU,Z01,4,0.14347046588
04/22/2021,FEU,Z02,4,0.09218733742
04/22/2021,FEU,Z03,4,0.08773815388
04/22/2021,FEU,Z01,5,0.14128594202
04/22/2021,FEU,Z02,5,0.09010887256
04/22/2021,FEU,Z03,5,0.08579850388
04/22/2021,FEU,Z01,6,0.14063949728
04/22/2021,FEU,Z02,6,0.08964319254
04/22/2021,FEU,Z03,6,0.08540577472
04/22/2021,FEU,Z01,7,0.14680791982
04/22/2021,FEU,Z02,7,0.09575712066
04/22/2021,FEU,Z03,7,0.09146911756
04/22/2021,FEU,Z01,8,0.15410507174
04/22/2021,FEU,Z02,8,0.1033262376
04/22/2021,FEU,Z03,8,0.1091330099
04/22/2021,FEU,Z01,9,0.15469776454
04/22/2021,FEU,Z02,9,0.10425506384
04/22/2021,FEU,Z03,9,0.10972034084
04/23/2021,FEU,Z01,1,0.15639056612
04/23/2021,FEU,Z02,1,0.1048204291
04/23/2021,FEU,Z03,1,0.11138320214
04/23/2021,FEU,Z01,10,0.14588904938
04/23/2021,FEU,Z02,10,0.0959467804
04/23/2021,FEU,Z03,10,0.10089833768
04/23/2021,FEU,Z01,11,0.13461267564
04/23/2021,FEU,Z02,11,0.08523768238
04/23/2021,FEU,Z03,11,0.08960961194
04/23/2021,FEU,Z01,12,0.13141304336
04/23/2021,FEU,Z02,12,0.08207565724
04/23/2021,FEU,Z03,12,0.08638852566
04/23/2021,FEU,Z01,13,0.12561795992
04/23/2021,FEU,Z02,13,0.07662572952
04/23/2021,FEU,Z03,13,0.08058437522
04/23/2021,FEU,Z01,14,0.11864835788
04/23/2021,FEU,Z02,14,0.13738019762
04/23/2021,FEU,Z03,14,0.13738019762
04/23/2021,FEU,Z01,15,0.11856332732
04/23/2021,FEU,Z02,15,0.13735737192
04/23/2021,FEU,Z03,15,0.13735737192
04/23/2021,FEU,Z01,16,0.11635365446
04/23/2021,FEU,Z02,16,0.1350678062
04/23/2021,FEU,Z03,16,0.1350678062
04/23/2021,FEU,Z01,17,0.11558157518
04/23/2021,FEU,Z02,17,0.13434957278
04/23/2021,FEU,Z03,17,0.13434957278
04/23/2021,FEU,Z01,18,0.11820835862
04/23/2021,FEU,Z02,18,0.13699850522
04/23/2021,FEU,Z03,18,0.13699850522
04/23/2021,FEU,Z01,19,0.13022474078
04/23/2021,FEU,Z02,19,0.14911375838
04/23/2021,FEU,Z03,19,0.14911375838
04/23/2021,FEU,Z01,2,0.15555229788
04/23/2021,FEU,Z02,2,0.10368452242
04/23/2021,FEU,Z03,2,0.09894419174
04/23/2021,FEU,Z01,20,0.14635221766
04/23/2021,FEU,Z02,20,0.16537395926
04/23/2021,FEU,Z03,20,0.16537395926
04/23/2021,FEU,Z01,21,0.15003191538
04/23/2021,FEU,Z02,21,0.16917333284
04/23/2021,FEU,Z03,21,0.16917333284
04/23/2021,FEU,Z01,22,0.14750049498
04/23/2021,FEU,Z02,22,0.16661173944
04/23/2021,FEU,Z03,22,0.16661173944
04/23/2021,FEU,Z01,23,0.14067614902
04/23/2021,FEU,Z02,23,0.15979635234
04/23/2021,FEU,Z03,23,0.15979635234
04/23/2021,FEU,Z01,24,0.13740214826
04/23/2021,FEU,Z02,24,0.08670270624
04/23/2021,FEU,Z03,24,0.09229178528
04/23/2021,FEU,Z01,3,0.14325032872
04/23/2021,FEU,Z02,3,0.09213004998
04/23/2021,FEU,Z03,3,0.0877476133
04/23/2021,FEU,Z01,4,0.1400481293
04/23/2021,FEU,Z02,4,0.0890040977
04/23/2021,FEU,Z03,4,0.08472668602
04/23/2021,FEU,Z01,5,0.13165162058
04/23/2021,FEU,Z02,5,0.08101128998
04/23/2021,FEU,Z03,5,0.0769830133
04/23/2021,FEU,Z01,6,0.13995387356
04/23/2021,FEU,Z02,6,0.08906357368
04/23/2021,FEU,Z03,6,0.08484092986
04/23/2021,FEU,Z01,7,0.14934023822
04/23/2021,FEU,Z02,7,0.09833866678
04/23/2021,FEU,Z03,7,0.09403781654
04/23/2021,FEU,Z01,8,0.15562605102
04/23/2021,FEU,Z02,8,0.10487558074
04/23/2021,FEU,Z03,8,0.11066964918
04/23/2021,FEU,Z01,9,0.1544417506
04/23/2021,FEU,Z02,9,0.10365024646
04/23/2021,FEU,Z03,9,0.10946730976
04/24/2021,FEU,Z01,1,0.14213612984
04/24/2021,FEU,Z02,1,0.09121965482
04/24/2021,FEU,Z03,1,0.09704034386
04/24/2021,FEU,Z01,10,0.12216691874
04/24/2021,FEU,Z02,10,0.0726836776
04/24/2021,FEU,Z03,10,0.0770375699
04/24/2021,FEU,Z01,11,0.1202187791
04/24/2021,FEU,Z02,11,0.07114721426
04/24/2021,FEU,Z03,11,0.0751130234
04/24/2021,FEU,Z01,12,0.11761835424
04/24/2021,FEU,Z02,12,0.06870319226
04/24/2021,FEU,Z03,12,0.07250429554
04/24/2021,FEU,Z01,13,0.11555083652
04/24/2021,FEU,Z02,13,0.06671299354
04/24/2021,FEU,Z03,13,0.07049266568
04/24/2021,FEU,Z01,14,0.11454651676
04/24/2021,FEU,Z02,14,0.1332438605
04/24/2021,FEU,Z03,14,0.1332438605
04/24/2021,FEU,Z01,15,0.11383834734
04/24/2021,FEU,Z02,15,0.13258913294
04/24/2021,FEU,Z03,15,0.13258913294
04/24/2021,FEU,Z01,16,0.10336753992
04/24/2021,FEU,Z02,16,0.12202906652
04/24/2021,FEU,Z03,16,0.12202906652
04/24/2021,FEU,Z01,17,0.09463416452
04/24/2021,FEU,Z02,17,0.11321776912
04/24/2021,FEU,Z03,17,0.11321776912
04/24/2021,FEU,Z01,18,0.11171729824
04/24/2021,FEU,Z02,18,0.1305020627
04/24/2021,FEU,Z03,18,0.1305020627
04/24/2021,FEU,Z01,19,0.12131963996
04/24/2021,FEU,Z02,19,0.14019269042
04/24/2021,FEU,Z03,19,0.14019269042
04/24/2021,FEU,Z01,2,0.1386011636
04/24/2021,FEU,Z02,2,0.08748368028
04/24/2021,FEU,Z03,2,0.08318874574
04/24/2021,FEU,Z01,20,0.1356782534
04/24/2021,FEU,Z02,20,0.15468219286
04/24/2021,FEU,Z03,20,0.15468219286
04/24/2021,FEU,Z01,21,0.14215213226
04/24/2021,FEU,Z02,21,0.16121529572
04/24/2021,FEU,Z03,21,0.16121529572
04/24/2021,FEU,Z01,22,0.14631646742
04/24/2021,FEU,Z02,22,0.16541421488
04/24/2021,FEU,Z03,22,0.16541421488
04/24/2021,FEU,Z01,23,0.1435941006
04/24/2021,FEU,Z02,23,0.16274128892
04/24/2021,FEU,Z03,23,0.16274128892
04/24/2021,FEU,Z01,24,0.13812049784
04/24/2021,FEU,Z02,24,0.08731507796
04/24/2021,FEU,Z03,24,0.09300211586
04/24/2021,FEU,Z01,3,0.13555643318
04/24/2021,FEU,Z02,3,0.08458781886
04/24/2021,FEU,Z03,3,0.08032494046
04/24/2021,FEU,Z01,4,0.13040933174
04/24/2021,FEU,Z02,4,0.07976017428
04/24/2021,FEU,Z03,4,0.07571667274
04/24/2021,FEU,Z01,5,0.1286768279
04/24/2021,FEU,Z02,5,0.07804473358
04/24/2021,FEU,Z03,5,0.07400364718
04/24/2021,FEU,Z01,6,0.12855808704
04/24/2021,FEU,Z02,6,0.07793241772
04/24/2021,FEU,Z03,6,0.07389313532
04/24/2021,FEU,Z01,7,0.13183299732
04/24/2021,FEU,Z02,7,0.08111212486
04/24/2021,FEU,Z03,7,0.07696616746
04/24/2021,FEU,Z01,8,0.12952658098
04/24/2021,FEU,Z02,8,0.07918860596
04/24/2021,FEU,Z03,8,0.084363825
04/24/2021,FEU,Z01,9,0.12736678156
04/24/2021,FEU,Z02,9,0.07706239768
04/24/2021,FEU,Z03,9,0.08217994158
04/25/2021,FEU,Z01,1,0.14259018984
04/25/2021,FEU,Z02,1,0.09157756196
04/25/2021,FEU,Z03,1,0.09749820986
04/25/2021,FEU,Z01,10,0.1271185785
04/25/2021,FEU,Z02,10,0.07716071992
04/25/2021,FEU,Z03,10,0.08195088166
04/25/2021,FEU,Z01,11,0.12318714386
04/25/2021,FEU,Z02,11,0.07379515044
04/25/2021,FEU,Z03,11,0.07809303602
04/25/2021,FEU,Z01,12,0.12151343042
04/25/2021,FEU,Z02,12,0.07225433986
04/25/2021,FEU,Z03,12,0.07642664258
04/25/2021,FEU,Z01,13,0.12125833484
04/25/2021,FEU,Z02,13,0.07207403914
04/25/2021,FEU,Z03,13,0.076182032
04/25/2021,FEU,Z01,14,0.11985307478
04/25/2021,FEU,Z02,14,0.13865367238
04/25/2021,FEU,Z03,14,0.13865367238
04/25/2021,FEU,Z01,15,0.11887596578
04/25/2021,FEU,Z02,15,0.13760428052
04/25/2021,FEU,Z03,15,0.13760428052
04/25/2021,FEU,Z01,16,0.11579884108
04/25/2021,FEU,Z02,16,0.13462406354
04/25/2021,FEU,Z03,16,0.13462406354
04/25/2021,FEU,Z01,17,0.1161313134
04/25/2021,FEU,Z02,17,0.134893832
04/25/2021,FEU,Z03,17,0.134893832
04/25/2021,FEU,Z01,18,0.11719940414
04/25/2021,FEU,Z02,18,0.1360299506
04/25/2021,FEU,Z03,18,0.1360299506
04/25/2021,FEU,Z01,19,0.12219048772
04/25/2021,FEU,Z02,19,0.14113063804
04/25/2021,FEU,Z03,19,0.14113063804
04/25/2021,FEU,Z01,2,0.1406348036
04/25/2021,FEU,Z02,2,0.08949004214
04/25/2021,FEU,Z03,2,0.0851319976
04/25/2021,FEU,Z01,20,0.1345211263
04/25/2021,FEU,Z02,20,0.15350731776
04/25/2021,FEU,Z03,20,0.15350731776
04/25/2021,FEU,Z01,21,0.1466699363
04/25/2021,FEU,Z02,21,0.16585113762
04/25/2021,FEU,Z03,21,0.16585113762
04/25/2021,FEU,Z01,22,0.16006006288
04/25/2021,FEU,Z02,22,0.1793721692
04/25/2021,FEU,Z03,22,0.1793721692
04/25/2021,FEU,Z01,23,0.15957250106
04/25/2021,FEU,Z02,23,0.17887063538
04/25/2021,FEU,Z03,23,0.17887063538
04/25/2021,FEU,Z01,24,0.15754455874
04/25/2021,FEU,Z02,24,0.10558066828
04/25/2021,FEU,Z03,24,0.11247517676
04/25/2021,FEU,Z01,3,0.1352255657
04/25/2021,FEU,Z02,3,0.08455583682
04/25/2021,FEU,Z03,3,0.08054079386
04/25/2021,FEU,Z01,4,0.13657202444
04/25/2021,FEU,Z02,4,0.08569573084
04/25/2021,FEU,Z03,4,0.08152030616
04/25/2021,FEU,Z01,5,0.1340266422
04/25/2021,FEU,Z02,5,0.08306331202
04/25/2021,FEU,Z03,5,0.07879679076
04/25/2021,FEU,Z01,6,0.13230117848
04/25/2021,FEU,Z02,6,0.0814243013
04/25/2021,FEU,Z03,6,0.0772760519
04/25/2021,FEU,Z01,7,0.13170933518
04/25/2021,FEU,Z02,7,0.08092957286
04/25/2021,FEU,Z03,7,0.07678969546
04/25/2021,FEU,Z01,8,0.12974775644
04/25/2021,FEU,Z02,8,0.07919798284
04/25/2021,FEU,Z03,8,0.08454244446
04/25/2021,FEU,Z01,9,0.12959954446
04/25/2021,FEU,Z02,9,0.078988432
04/25/2021,FEU,Z03,9,0.08442983834
04/26/2021,FEU,Z01,1,0.15424768928
04/26/2021,FEU,Z02,1,0.1026924834
04/26/2021,FEU,Z03,1,0.1092036793
04/26/2021,FEU,Z01,10,0.15001676978
04/26/2021,FEU,Z02,10,0.10010454152
04/26/2021,FEU,Z03,10,0.10508329308
04/26/2021,FEU,Z01,11,0.1467274119
04/26/2021,FEU,Z02,11,0.09710511436
04/26/2021,FEU,Z03,11,0.1018116962
04/26/2021,FEU,Z01,12,0.14557243192
04/26/2021,FEU,Z02,12,0.09589802952
04/26/2021,FEU,Z03,12,0.10062397722
04/26/2021,FEU,Z01,13,0.14366605506
04/26/2021,FEU,Z02,13,0.09405882766
04/26/2021,FEU,Z03,13,0.09871342736
04/26/2021,FEU,Z01,14,0.14025568502
04/26/2021,FEU,Z02,14,0.15915596076
04/26/2021,FEU,Z03,14,0.15915596076
04/26/2021,FEU,Z01,15,0.13692193046
04/26/2021,FEU,Z02,15,0.15587451206
04/26/2021,FEU,Z03,15,0.15587451206
04/26/2021,FEU,Z01,16,0.13154000402
04/26/2021,FEU,Z02,16,0.15037248276
04/26/2021,FEU,Z03,16,0.15037248276
04/26/2021,FEU,Z01,17,0.13056125474
04/26/2021,FEU,Z02,17,0.14938524448
04/26/2021,FEU,Z03,17,0.14938524448
04/26/2021,FEU,Z01,18,0.13346911646
04/26/2021,FEU,Z02,18,0.1523147762
04/26/2021,FEU,Z03,18,0.1523147762
04/26/2021,FEU,Z01,19,0.13484410834
04/26/2021,FEU,Z02,19,0.15369675308
04/26/2021,FEU,Z03,19,0.15369675308
04/26/2021,FEU,Z01,2,0.15005418984
04/26/2021,FEU,Z02,2,0.09877490982
04/26/2021,FEU,Z03,2,0.094248589
04/26/2021,FEU,Z01,20,0.14706060508
04/26/2021,FEU,Z02,20,0.16617774554
04/26/2021,FEU,Z03,20,0.16617774554
04/26/2021,FEU,Z01,21,0.15109477024
04/26/2021,FEU,Z02,21,0.17015599484
04/26/2021,FEU,Z03,21,0.17015599484
04/26/2021,FEU,Z01,22,0.1562516727
04/26/2021,FEU,Z02,22,0.17544216116
04/26/2021,FEU,Z03,22,0.17544216116
04/26/2021,FEU,Z01,23,0.1497658499
04/26/2021,FEU,Z02,23,0.16897187222
04/26/2021,FEU,Z03,23,0.16897187222
04/26/2021,FEU,Z01,24,0.148941825
04/26/2021,FEU,Z02,24,0.09755319226
04/26/2021,FEU,Z03,24,0.10385991902
04/26/2021,FEU,Z01,3,0.14777493616
04/26/2021,FEU,Z02,3,0.09636275656
04/26/2021,FEU,Z03,3,0.09177397302
04/26/2021,FEU,Z01,4,0.14930632788
04/26/2021,FEU,Z02,4,0.09774141742
04/26/2021,FEU,Z03,4,0.09311127388
04/26/2021,FEU,Z01,5,0.1460717036
04/26/2021,FEU,Z02,5,0.09466372714
04/26/2021,FEU,Z03,5,0.0901373976
04/26/2021,FEU,Z01,6,0.15108033672
04/26/2021,FEU,Z02,6,0.09958987898
04/26/2021,FEU,Z03,6,0.0949709833
04/26/2021,FEU,Z01,7,0.15335148026
04/26/2021,FEU,Z02,7,0.10192065824
04/26/2021,FEU,Z03,7,0.09737294328
04/26/2021,FEU,Z01,8,0.15378218246
04/26/2021,FEU,Z02,8,0.10293042646
04/26/2021,FEU,Z03,8,0.10880164162
04/26/2021,FEU,Z01,9,0.15382946084
04/26/2021,FEU,Z02,9,0.10341761014
04/26/2021,FEU,Z03,9,0.108916832
04/27/2021,FEU,Z01,1,0.15909243356
04/27/2021,FEU,Z02,1,0.10731125368
04/27/2021,FEU,Z03,1,0.11408382758
04/27/2021,FEU,Z01,10,0.14842082162
04/27/2021,FEU,Z02,10,0.09874005808
04/27/2021,FEU,Z03,10,0.10350441192
04/27/2021,FEU,Z01,11,0.1467227976
04/27/2021,FEU,Z02,11,0.09718989892
04/27/2021,FEU,Z03,11,0.1018269469
04/27/2021,FEU,Z01,12,0.14712895262
04/27/2021,FEU,Z02,12,0.09740689722
04/27/2021,FEU,Z03,12,0.10212225706
04/27/2021,FEU,Z01,13,0.14685171276
04/27/2021,FEU,Z02,13,0.09722432322
04/27/2021,FEU,Z03,13,0.1018479662
04/27/2021,FEU,Z01,14,0.14439433558
04/27/2021,FEU,Z02,14,0.16332894132
04/27/2021,FEU,Z03,14,0.16332894132
04/27/2021,FEU,Z01,15,0.14134789302
04/27/2021,FEU,Z02,15,0.16025666476
04/27/2021,FEU,Z03,15,0.16025666476
04/27/2021,FEU,Z01,16,0.13196821472
04/27/2021,FEU,Z02,16,0.15080627846
04/27/2021,FEU,Z03,16,0.15080627846
04/27/2021,FEU,Z01,17,0.12998414158
04/27/2021,FEU,Z02,17,0.14880626532
04/27/2021,FEU,Z03,17,0.14880626532
04/27/2021,FEU,Z01,18,0.1300627883
04/27/2021,FEU,Z02,18,0.14888581304
04/27/2021,FEU,Z03,18,0.14888581304
04/27/2021,FEU,Z01,19,0.13965595132
04/27/2021,FEU,Z02,19,0.15855024706
04/27/2021,FEU,Z03,19,0.15855024706
04/27/2021,FEU,Z01,2,0.15664672872
04/27/2021,FEU,Z02,2,0.10489514998
04/27/2021,FEU,Z03,2,0.1001072683
04/27/2021,FEU,Z01,20,0.14756548506
04/27/2021,FEU,Z02,20,0.16660355666
04/27/2021,FEU,Z03,20,0.16660355666
04/27/2021,FEU,Z01,21,0.14849874764
04/27/2021,FEU,Z02,21,0.16754293824
04/27/2021,FEU,Z03,21,0.16754293824
04/27/2021,FEU,Z01,22,0.1533902134
04/27/2021,FEU,Z02,22,0.17255787686
04/27/2021,FEU,Z03,22,0.17255787686
04/27/2021,FEU,Z01,23,0.15070866446
04/27/2021,FEU,Z02,23,0.16992690278
04/27/2021,FEU,Z03,23,0.16992690278
04/27/2021,FEU,Z01,24,0.14664438584
04/27/2021,FEU,Z02,24,0.09552134282
04/27/2021,FEU,Z03,24,0.10157396786
04/27/2021,FEU,Z01,3,0.15531223328
04/27/2021,FEU,Z02,3,0.10362107654
04/27/2021,FEU,Z03,3,0.09894868672
04/27/2021,FEU,Z01,4,0.15469028486
04/27/2021,FEU,Z02,4,0.10303061712
04/27/2021,FEU,Z03,4,0.09829844044
04/27/2021,FEU,Z01,5,0.15213699386
04/27/2021,FEU,Z02,5,0.10059774512
04/27/2021,FEU,Z03,5,0.09594428044
04/27/2021,FEU,Z01,6,0.15207773444
04/27/2021,FEU,Z02,6,0.10045954084
04/27/2021,FEU,Z03,6,0.09581540216
04/27/2021,FEU,Z01,7,0.15416921068
04/27/2021,FEU,Z02,7,0.10278412252
04/27/2021,FEU,Z03,7,0.09820530556
04/27/2021,FEU,Z01,8,0.153808832
04/27/2021,FEU,Z02,8,0.10321994458
04/27/2021,FEU,Z03,8,0.10887175916
04/27/2021,FEU,Z01,9,0.15473774168
04/27/2021,FEU,Z02,9,0.10438319184
04/27/2021,FEU,Z03,9,0.10976447498
04/28/2021,FEU,Z01,1,0.1522633907
04/28/2021,FEU,Z02,1,0.10088298568
04/28/2021,FEU,Z03,1,0.10722050472
04/28/2021,FEU,Z01,10,0.15187480178
04/28/2021,FEU,Z02,10,0.10189762952
04/28/2021,FEU,Z03,10,0.10694924508
04/28/2021,FEU,Z01,11,0.14612011304
04/28/2021,FEU,Z02,11,0.0965179675
04/28/2021,FEU,Z03,11,0.10120576434
04/28/2021,FEU,Z01,12,0.1459923362
04/28/2021,FEU,Z02,12,0.0963065518
04/28/2021,FEU,Z03,12,0.1010536105
04/28/2021,FEU,Z01,13,0.14331818934
04/28/2021,FEU,Z02,13,0.09372480794
04/28/2021,FEU,Z03,13,0.09837199564
04/28/2021,FEU,Z01,14,0.14219089016
04/28/2021,FEU,Z02,14,0.1611067369
04/28/2021,FEU,Z03,14,0.1611067369
04/28/2021,FEU,Z01,15,0.13476147074
04/28/2021,FEU,Z02,15,0.15361807648
04/28/2021,FEU,Z03,15,0.15361807648
04/28/2021,FEU,Z01,16,0.12590053816
04/28/2021,FEU,Z02,16,0.1446907219
04/28/2021,FEU,Z03,16,0.1446907219
04/28/2021,FEU,Z01,17,0.12213128002
04/28/2021,FEU,Z02,17,0.14089057076
04/28/2021,FEU,Z03,17,0.14089057076
04/28/2021,FEU,Z01,18,0.1297055976
04/28/2021,FEU,Z02,18,0.14852251234
04/28/2021,FEU,Z03,18,0.14852251234
04/28/2021,FEU,Z01,19,0.13715872834
04/28/2021,FEU,Z02,19,0.15610900394
04/28/2021,FEU,Z03,19,0.15610900394
04/28/2021,FEU,Z01,2,0.14914724872
04/28/2021,FEU,Z02,2,0.09766900112
04/28/2021,FEU,Z03,2,0.0931888183
04/28/2021,FEU,Z01,20,0.14544556708
04/28/2021,FEU,Z02,20,0.16446257768
04/28/2021,FEU,Z03,20,0.16446257768
04/28/2021,FEU,Z01,21,0.14603435424
04/28/2021,FEU,Z02,21,0.1651379427
04/28/2021,FEU,Z03,21,0.1651379427
04/28/2021,FEU,Z01,22,0.15064242542
04/28/2021,FEU,Z02,22,0.16977992688
04/28/2021,FEU,Z03,22,0.16977992688
04/28/2021,FEU,Z01,23,0.1471633199
04/28/2021,FEU,Z02,23,0.16642744008
04/28/2021,FEU,Z03,23,0.16642744008
04/28/2021,FEU,Z01,24,0.143358075
04/28/2021,FEU,Z02,24,0.09223299526
04/28/2021,FEU,Z03,24,0.09824490002
04/28/2021,FEU,Z01,3,0.14926285674
04/28/2021,FEU,Z02,3,0.09770022428
04/28/2021,FEU,Z03,3,0.09307269774
04/28/2021,FEU,Z01,4,0.14944917476
04/28/2021,FEU,Z02,4,0.09771979858
04/28/2021,FEU,Z03,4,0.09310373704
04/28/2021,FEU,Z01,5,0.14454173362
04/28/2021,FEU,Z02,5,0.09305663144
04/28/2021,FEU,Z03,5,0.08851874104
04/28/2021,FEU,Z01,6,0.14499358774
04/28/2021,FEU,Z02,6,0.09363780628
04/28/2021,FEU,Z03,6,0.08914252874
04/28/2021,FEU,Z01,7,0.14755601026
04/28/2021,FEU,Z02,7,0.09639137824
04/28/2021,FEU,Z03,7,0.09201178328
04/28/2021,FEU,Z01,8,0.1529679706
04/28/2021,FEU,Z02,8,0.10223498746
04/28/2021,FEU,Z03,8,0.10798622176
04/28/2021,FEU,Z01,9,0.15583489256
04/28/2021,FEU,Z02,9,0.105257139
04/28/2021,FEU,Z03,9,0.11092420772
04/29/2021,FEU,Z01,1,0.15261433842
04/29/2021,FEU,Z02,1,0.10113487754
04/29/2021,FEU,Z03,1,0.10756525244
04/29/2021,FEU,Z01,10,0.15178739076
04/29/2021,FEU,Z02,10,0.10199491422
04/29/2021,FEU,Z03,10,0.10688939806
04/29/2021,FEU,Z01,11,0.1462750376
04/29/2021,FEU,Z02,11,0.09684106878
04/29/2021,FEU,Z03,11,0.1013772569
04/29/2021,FEU,Z01,12,0.14516255762
04/29/2021,FEU,Z02,12,0.09559068208
04/29/2021,FEU,Z03,12,0.10023218792
04/29/2021,FEU,Z01,13,0.14377616162
04/29/2021,FEU,Z02,13,0.09425061808
04/29/2021,FEU,Z03,13,0.09883985192
04/29/2021,FEU,Z01,14,0.1425980033
04/29/2021,FEU,Z02,14,0.16151754104
04/29/2021,FEU,Z03,14,0.16151754104
04/29/2021,FEU,Z01,15,0.13882144774
04/29/2021,FEU,Z02,15,0.15770958048
04/29/2021,FEU,Z03,15,0.15770958048
04/29/2021,FEU,Z01,16,0.13135624988
04/29/2021,FEU,Z02,16,0.15018685562
04/29/2021,FEU,Z03,16,0.15018685562
04/29/2021,FEU,Z01,17,0.1294585176
04/29/2021,FEU,Z02,17,0.14827351534
04/29/2021,FEU,Z03,17,0.14827351534
04/29/2021,FEU,Z01,18,0.13333942218
04/29/2021,FEU,Z02,18,0.15226010978
04/29/2021,FEU,Z03,18,0.15226010978
04/29/2021,FEU,Z01,19,0.13485579834
04/29/2021,FEU,Z02,19,0.15370971108
04/29/2021,FEU,Z03,19,0.15370971108
04/29/2021,FEU,Z01,2,0.14591451986
04/29/2021,FEU,Z02,2,0.09466754512
04/29/2021,FEU,Z03,2,0.09020313044
04/29/2021,FEU,Z01,20,0.14401076308
04/29/2021,FEU,Z02,20,0.16301440568
04/29/2021,FEU,Z03,20,0.16301440568
04/29/2021,FEU,Z01,21,0.1513416191
04/29/2021,FEU,Z02,21,0.1704043077
04/29/2021,FEU,Z03,21,0.1704043077
04/29/2021,FEU,Z01,22,0.15753014428
04/29/2021,FEU,Z02,22,0.1768251006
04/29/2021,FEU,Z03,22,0.1768251006
04/29/2021,FEU,Z01,23,0.15412468576
04/29/2021,FEU,Z02,23,0.17337178008
04/29/2021,FEU,Z03,23,0.17337178008
04/29/2021,FEU,Z01,24,0.15014527842
04/29/2021,FEU,Z02,24,0.09878065754
04/29/2021,FEU,Z03,24,0.10508358644
04/29/2021,FEU,Z01,3,0.14179512016
04/29/2021,FEU,Z02,3,0.0905934477
04/29/2021,FEU,Z03,3,0.08626549602
04/29/2021,FEU,Z01,4,0.14200112188
04/29/2021,FEU,Z02,4,0.09079043842
04/29/2021,FEU,Z03,4,0.08638676788
04/29/2021,FEU,Z01,5,0.14036707502
04/29/2021,FEU,Z02,5,0.08923459656
04/29/2021,FEU,Z03,5,0.08495200588
04/29/2021,FEU,Z01,6,0.13958868128
04/29/2021,FEU,Z02,6,0.08864086554
04/29/2021,FEU,Z03,6,0.08443463872
04/29/2021,FEU,Z01,7,0.14608056382
04/29/2021,FEU,Z02,7,0.09506151166
04/29/2021,FEU,Z03,7,0.09079412356
04/29/2021,FEU,Z01,8,0.15232542374
04/29/2021,FEU,Z02,8,0.1016187176
04/29/2021,FEU,Z03,8,0.1073445299
04/29/2021,FEU,Z01,9,0.15466209454
04/29/2021,FEU,Z02,9,0.10421959984
04/29/2021,FEU,Z03,9,0.10968452084
04/30/2021,FEU,Z01,1,0.16103067812
04/30/2021,FEU,Z02,1,0.1092475891
04/30/2021,FEU,Z03,1,0.11604946614
04/30/2021,FEU,Z01,10,0.15670995038
04/30/2021,FEU,Z02,10,0.1063755004
04/30/2021,FEU,Z03,10,0.11176497368
04/30/2021,FEU,Z01,11,0.14814067764
04/30/2021,FEU,Z02,11,0.09829324138
04/30/2021,FEU,Z03,11,0.10319522894
04/30/2021,FEU,Z01,12,0.14536981136
04/30/2021,FEU,Z02,12,0.09553396924
04/30/2021,FEU,Z03,12,0.10040463366
04/30/2021,FEU,Z01,13,0.14984319992
04/30/2021,FEU,Z02,13,0.10002416952
04/30/2021,FEU,Z03,13,0.10491296522
04/30/2021,FEU,Z01,14,0.14373642788
04/30/2021,FEU,Z02,14,0.16266325262
04/30/2021,FEU,Z03,14,0.16266325262
04/30/2021,FEU,Z01,15,0.14098992732
04/30/2021,FEU,Z02,15,0.15997697192
04/30/2021,FEU,Z03,15,0.15997697192
04/30/2021,FEU,Z01,16,0.13958642546
04/30/2021,FEU,Z02,16,0.1584795062
04/30/2021,FEU,Z03,16,0.1584795062
04/30/2021,FEU,Z01,17,0.13224155018
04/30/2021,FEU,Z02,17,0.15115279778
04/30/2021,FEU,Z03,17,0.15115279778
04/30/2021,FEU,Z01,18,0.13492563362
04/30/2021,FEU,Z02,18,0.15385903022
04/30/2021,FEU,Z03,18,0.15385903022
04/30/2021,FEU,Z01,19,0.14239578878
04/30/2021,FEU,Z02,19,0.16138856638
04/30/2021,FEU,Z03,19,0.16138856638
04/30/2021,FEU,Z01,2,0.16007354988
04/30/2021,FEU,Z02,2,0.10798534342
04/30/2021,FEU,Z03,2,0.10310963774
04/30/2021,FEU,Z01,20,0.14702302566
04/30/2021,FEU,Z02,20,0.16605044726
04/30/2021,FEU,Z03,20,0.16605044726
04/30/2021,FEU,Z01,21,0.14958710738
04/30/2021,FEU,Z02,21,0.16872558284
04/30/2021,FEU,Z03,21,0.16872558284
04/30/2021,FEU,Z01,22,0.15314457798
04/30/2021,FEU,Z02,22,0.17230786344
04/30/2021,FEU,Z03,22,0.17230786344
04/30/2021,FEU,Z01,23,0.14588435402
04/30/2021,FEU,Z02,23,0.16505633734
04/30/2021,FEU,Z03,23,0.16505633734
04/30/2021,FEU,Z01,24,0.13976997626
04/30/2021,FEU,Z02,24,0.08896296224
04/30/2021,FEU,Z03,24,0.09467296928
04/30/2021,FEU,Z01,3,0.15735911672
04/30/2021,FEU,Z02,3,0.10557396698
04/30/2021,FEU,Z03,3,0.1007633083
04/30/2021,FEU,Z01,4,0.1578088893
04/30/2021,FEU,Z02,4,0.1059169327
04/30/2021,FEU,Z03,4,0.10110055002
04/30/2021,FEU,Z01,5,0.15701735258
04/30/2021,FEU,Z02,5,0.10516118898
04/30/2021,FEU,Z03,5,0.1003648333
04/30/2021,FEU,Z01,6,0.15668889956
04/30/2021,FEU,Z02,6,0.10501960168
04/30/2021,FEU,Z03,6,0.10030116186
04/30/2021,FEU,Z01,7,0.15801022022
04/30/2021,FEU,Z02,7,0.10662708478
04/30/2021,FEU,Z03,7,0.10208599054
04/30/2021,FEU,Z01,8,0.15644681102
04/30/2021,FEU,Z02,8,0.10566370074
04/30/2021,FEU,Z03,8,0.11149448918
04/30/2021,FEU,Z01,9,0.1628064806
04/30/2021,FEU,Z02,9,0.11167623946
04/30/2021,FEU,Z03,9,0.11787473376
05/01/2021,FEU,Z01,1,0.14198315962
05/01/2021,FEU,Z02,1,0.09153859876
05/01/2021,FEU,Z03,1,0.09691896778
05/01/2021,FEU,Z01,10,0.12686059958
05/01/2021,FEU,Z02,10,0.0772586533
05/01/2021,FEU,Z03,10,0.08177696174
05/01/2021,FEU,Z01,11,0.12276390968
05/01/2021,FEU,Z02,11,0.07353118198
05/01/2021,FEU,Z03,11,0.07765607298
05/01/2021,FEU,Z01,12,0.12097980138
05/01/2021,FEU,Z02,12,0.0719429404
05/01/2021,FEU,Z03,12,0.07588380968
05/01/2021,FEU,Z01,13,0.1207129241
05/01/2021,FEU,Z02,13,0.07168270012
05/01/2021,FEU,Z03,13,0.0756080634
05/01/2021,FEU,Z01,14,0.11770656834
05/01/2021,FEU,Z02,14,0.13642845108
05/01/2021,FEU,Z03,14,0.13642845108
05/01/2021,FEU,Z01,15,0.1157279269
05/01/2021,FEU,Z02,15,0.13443472164
05/01/2021,FEU,Z03,15,0.13443472164
05/01/2021,FEU,Z01,16,0.11228459622
05/01/2021,FEU,Z02,16,0.13101926582
05/01/2021,FEU,Z03,16,0.13101926582
05/01/2021,FEU,Z01,17,0.11650952866
05/01/2021,FEU,Z02,17,0.13534009712
05/01/2021,FEU,Z03,17,0.13534009712
05/01/2021,FEU,Z01,18,0.1181367348
05/01/2021,FEU,Z02,18,0.1369199534
05/01/2021,FEU,Z03,18,0.1369199534
05/01/2021,FEU,Z01,19,0.1237560041
05/01/2021,FEU,Z02,19,0.1425847077
05/01/2021,FEU,Z03,19,0.1425847077
05/01/2021,FEU,Z01,2,0.13763361294
05/01/2021,FEU,Z02,2,0.0871461855
05/01/2021,FEU,Z03,2,0.08317361926
05/01/2021,FEU,Z01,20,0.13053133954
05/01/2021,FEU,Z02,20,0.149488232
05/01/2021,FEU,Z03,20,0.149488232
05/01/2021,FEU,Z01,21,0.1375558977
05/01/2021,FEU,Z02,21,0.15657429116
05/01/2021,FEU,Z03,21,0.15657429116
05/01/2021,FEU,Z01,22,0.15117519884
05/01/2021,FEU,Z02,22,0.1703196413
05/01/2021,FEU,Z03,22,0.1703196413
05/01/2021,FEU,Z01,23,0.15164802284
05/01/2021,FEU,Z02,23,0.1707968213
05/01/2021,FEU,Z03,23,0.1707968213
05/01/2021,FEU,Z01,24,0.14186633348
05/01/2021,FEU,Z02,24,0.09134970676
05/01/2021,FEU,Z03,24,0.09679757264
05/01/2021,FEU,Z01,3,0.13515229268
05/01/2021,FEU,Z02,3,0.08462860252
05/01/2021,FEU,Z03,3,0.08060159956
05/01/2021,FEU,Z01,4,0.13509149198
05/01/2021,FEU,Z02,4,0.08449832796
05/01/2021,FEU,Z03,4,0.08041387414
05/01/2021,FEU,Z01,5,0.13529039784
05/01/2021,FEU,Z02,5,0.08461811396
05/01/2021,FEU,Z03,5,0.080600389
05/01/2021,FEU,Z01,6,0.13359055156
05/01/2021,FEU,Z02,6,0.08299645768
05/01/2021,FEU,Z03,6,0.07896392386
05/01/2021,FEU,Z01,7,0.13270521086
05/01/2021,FEU,Z02,7,0.08208240912
05/01/2021,FEU,Z03,7,0.07801919844
05/01/2021,FEU,Z01,8,0.13238296872
05/01/2021,FEU,Z02,8,0.08170692912
05/01/2021,FEU,Z03,8,0.08720034874
05/01/2021,FEU,Z01,9,0.12993449264
05/01/2021,FEU,Z02,9,0.07985564906
05/01/2021,FEU,Z03,9,0.0847832978
05/02/2021,FEU,Z01,1,0.13402663776
05/02/2021,FEU,Z02,1,0.0839162869
05/02/2021,FEU,Z03,1,0.08892718092
05/02/2021,FEU,Z01,10,0.12948252482
05/02/2021,FEU,Z02,10,0.08006456998
05/02/2021,FEU,Z03,10,0.08440686512
05/02/2021,FEU,Z01,11,0.12572393978
05/02/2021,FEU,Z02,11,0.07665968952
05/02/2021,FEU,Z03,11,0.08068691308
05/02/2021,FEU,Z01,12,0.12761592448
05/02/2021,FEU,Z02,12,0.07862894894
05/02/2021,FEU,Z03,12,0.08260764578
05/02/2021,FEU,Z01,13,0.13015641834
05/02/2021,FEU,Z02,13,0.08101339694
05/02/2021,FEU,Z03,13,0.08515392964
05/02/2021,FEU,Z01,14,0.13398735758
05/02/2021,FEU,Z02,14,0.15276256346
05/02/2021,FEU,Z03,14,0.15276256346
05/02/2021,FEU,Z01,15,0.12656533472
05/02/2021,FEU,Z02,15,0.14536118846
05/02/2021,FEU,Z03,15,0.14536118846
05/02/2021,FEU,Z01,16,0.12344678902
05/02/2021,FEU,Z02,16,0.14221631276
05/02/2021,FEU,Z03,16,0.14221631276
05/02/2021,FEU,Z01,17,0.12151662146
05/02/2021,FEU,Z02,17,0.1402696262
05/02/2021,FEU,Z03,17,0.1402696262
05/02/2021,FEU,Z01,18,0.1201991969
05/02/2021,FEU,Z02,18,0.1390060605
05/02/2021,FEU,Z03,18,0.1390060605
05/02/2021,FEU,Z01,19,0.12469234206
05/02/2021,FEU,Z02,19,0.1434660548
05/02/2021,FEU,Z03,19,0.1434660548
05/02/2021,FEU,Z01,2,0.1311573121
05/02/2021,FEU,Z02,2,0.0808830748
05/02/2021,FEU,Z03,2,0.07696755984
05/02/2021,FEU,Z01,20,0.13516658978
05/02/2021,FEU,Z02,20,0.15409892038
05/02/2021,FEU,Z03,20,0.15409892038
05/02/2021,FEU,Z01,21,0.14403269936
05/02/2021,FEU,Z02,21,0.16303768596
05/02/2021,FEU,Z03,21,0.16303768596
05/02/2021,FEU,Z01,22,0.15179151878
05/02/2021,FEU,Z02,22,0.17086439638
05/02/2021,FEU,Z03,22,0.17086439638
05/02/2021,FEU,Z01,23,0.1496944691
05/02/2021,FEU,Z02,23,0.1687420627
05/02/2021,FEU,Z03,23,0.1687420627
05/02/2021,FEU,Z01,24,0.14275669148
05/02/2021,FEU,Z02,24,0.09227922862
05/02/2021,FEU,Z03,24,0.0977697785
05/02/2021,FEU,Z01,3,0.13233832156
05/02/2021,FEU,Z02,3,0.08180251768
05/02/2021,FEU,Z03,3,0.07780601786
05/02/2021,FEU,Z01,4,0.13346848928
05/02/2021,FEU,Z02,4,0.0828789834
05/02/2021,FEU,Z03,4,0.07885285158
05/02/2021,FEU,Z01,5,0.133954325
05/02/2021,FEU,Z02,5,0.08327310226
05/02/2021,FEU,Z03,5,0.07916877358
05/02/2021,FEU,Z01,6,0.13397058156
05/02/2021,FEU,Z02,6,0.08335879768
05/02/2021,FEU,Z03,6,0.07931382786
05/02/2021,FEU,Z01,7,0.13746477254
05/02/2021,FEU,Z02,7,0.08683600738
05/02/2021,FEU,Z03,7,0.08274493542
05/02/2021,FEU,Z01,8,0.13368562752
05/02/2021,FEU,Z02,8,0.08329954222
05/02/2021,FEU,Z03,8,0.08859036854
05/02/2021,FEU,Z01,9,0.1313999099
05/02/2021,FEU,Z02,9,0.08139942904
05/02/2021,FEU,Z03,9,0.08629144406
05/03/2021,FEU,Z01,1,0.1309786692
05/03/2021,FEU,Z02,1,0.08092518848
05/03/2021,FEU,Z03,1,0.08584837836
05/03/2021,FEU,Z01,10,0.1494312404
05/03/2021,FEU,Z02,10,0.10026958402
05/03/2021,FEU,Z03,10,0.10453811184
05/03/2021,FEU,Z01,11,0.14427781268
05/03/2021,FEU,Z02,11,0.0952680003
05/03/2021,FEU,Z03,11,0.09937441412
05/03/2021,FEU,Z01,12,0.14123388012
05/03/2021,FEU,Z02,12,0.09230667774
05/03/2021,FEU,Z03,12,0.09630419756
05/03/2021,FEU,Z01,13,0.14130354212
05/03/2021,FEU,Z02,13,0.09237321774
05/03/2021,FEU,Z03,13,0.09637410356
05/03/2021,FEU,Z01,14,0.14061735738
05/03/2021,FEU,Z02,14,0.1593621404
05/03/2021,FEU,Z03,14,0.1593621404
05/03/2021,FEU,Z01,15,0.13967747324
05/03/2021,FEU,Z02,15,0.15841607126
05/03/2021,FEU,Z03,15,0.15841607126
05/03/2021,FEU,Z01,16,0.13476244766
05/03/2021,FEU,Z02,16,0.15355327054
05/03/2021,FEU,Z03,16,0.15355327054
05/03/2021,FEU,Z01,17,0.1340516818
05/03/2021,FEU,Z02,17,0.15275694782
05/03/2021,FEU,Z03,17,0.15275694782
05/03/2021,FEU,Z01,18,0.1392146518
05/03/2021,FEU,Z02,18,0.15795190082
05/03/2021,FEU,Z03,18,0.15795190082
05/03/2021,FEU,Z01,19,0.14103223668
05/03/2021,FEU,Z02,19,0.15986304956
05/03/2021,FEU,Z03,19,0.15986304956
05/03/2021,FEU,Z01,2,0.12717348008
05/03/2021,FEU,Z02,2,0.07714538564
05/03/2021,FEU,Z03,2,0.0734605204
05/03/2021,FEU,Z01,20,0.14843595542
05/03/2021,FEU,Z02,20,0.1673154983
05/03/2021,FEU,Z03,20,0.1673154983
05/03/2021,FEU,Z01,21,0.1541018033
05/03/2021,FEU,Z02,21,0.17311098104
05/03/2021,FEU,Z03,21,0.17311098104
05/03/2021,FEU,Z01,22,0.15409584104
05/03/2021,FEU,Z02,22,0.17310080078
05/03/2021,FEU,Z03,22,0.17310080078
05/03/2021,FEU,Z01,23,0.15271736108
05/03/2021,FEU,Z02,23,0.17179491368
05/03/2021,FEU,Z03,23,0.17179491368
05/03/2021,FEU,Z01,24,0.15386810516
05/03/2021,FEU,Z02,24,0.10318780588
05/03/2021,FEU,Z03,24,0.10890701432
05/03/2021,FEU,Z01,3,0.1273461021
05/03/2021,FEU,Z02,3,0.0772415948
05/03/2021,FEU,Z03,3,0.07343603184
05/03/2021,FEU,Z01,4,0.12637982468
05/03/2021,FEU,Z02,4,0.07625295052
05/03/2021,FEU,Z03,4,0.07248104356
05/03/2021,FEU,Z01,5,0.13020671054
05/03/2021,FEU,Z02,5,0.07984032052
05/03/2021,FEU,Z03,5,0.07602580942
05/03/2021,FEU,Z01,6,0.1352128778
05/03/2021,FEU,Z02,6,0.08483118736
05/03/2021,FEU,Z03,6,0.08092633612
05/03/2021,FEU,Z01,7,0.1483460913
05/03/2021,FEU,Z02,7,0.09788485402
05/03/2021,FEU,Z03,7,0.09380899236
05/03/2021,FEU,Z01,8,0.15345654964
05/03/2021,FEU,Z02,8,0.10342346538
05/03/2021,FEU,Z03,8,0.10853374094
05/03/2021,FEU,Z01,9,0.15390348216
05/03/2021,FEU,Z02,9,0.10422847834
05/03/2021,FEU,Z03,9,0.10905460946
05/04/2021,FEU,Z01,1,0.15828809516
05/04/2021,FEU,Z02,1,0.10734101502
05/04/2021,FEU,Z03,1,0.11334899432
05/04/2021,FEU,Z01,10,0.1502178404
05/04/2021,FEU,Z02,10,0.10103341402
05/04/2021,FEU,Z03,10,0.10532747184
05/04/2021,FEU,Z01,11,0.14879567268
05/04/2021,FEU,Z02,11,0.09974303116
05/04/2021,FEU,Z03,11,0.10390815412
05/04/2021,FEU,Z01,12,0.14852760726
05/04/2021,FEU,Z02,12,0.09939087688
05/04/2021,FEU,Z03,12,0.1036273897
05/04/2021,FEU,Z01,13,0.14739564654
05/04/2021,FEU,Z02,13,0.09829417116
05/04/2021,FEU,Z03,13,0.10249929098
05/04/2021,FEU,Z01,14,0.1457302318
05/04/2021,FEU,Z02,14,0.16450784282
05/04/2021,FEU,Z03,14,0.16450784282
05/04/2021,FEU,Z01,15,0.14399149752
05/04/2021,FEU,Z02,15,0.16275752954
05/04/2021,FEU,Z03,15,0.16275752954
05/04/2021,FEU,Z01,16,0.13589680208
05/04/2021,FEU,Z02,16,0.15469580896
05/04/2021,FEU,Z03,16,0.15469580896
05/04/2021,FEU,Z01,17,0.13374393122
05/04/2021,FEU,Z02,17,0.1525280911
05/04/2021,FEU,Z03,17,0.1525280911
05/04/2021,FEU,Z01,18,0.1333748118
05/04/2021,FEU,Z02,18,0.15215509668
05/04/2021,FEU,Z03,18,0.15215509668
05/04/2021,FEU,Z01,19,0.13555460254
05/04/2021,FEU,Z02,19,0.15434763342
05/04/2021,FEU,Z03,19,0.15434763342
05/04/2021,FEU,Z01,2,0.15911140034
05/04/2021,FEU,Z02,2,0.10785867862
05/04/2021,FEU,Z03,2,0.10335634924
05/04/2021,FEU,Z01,20,0.14687214186
05/04/2021,FEU,Z02,20,0.1658271976
05/04/2021,FEU,Z03,20,0.1658271976
05/04/2021,FEU,Z01,21,0.15043592672
05/04/2021,FEU,Z02,21,0.16941826946
05/04/2021,FEU,Z03,21,0.16941826946
05/04/2021,FEU,Z01,22,0.15222296474
05/04/2021,FEU,Z02,22,0.17121516448
05/04/2021,FEU,Z03,22,0.17121516448
05/04/2021,FEU,Z01,23,0.15174342578
05/04/2021,FEU,Z02,23,0.17081707638
05/04/2021,FEU,Z03,23,0.17081707638
05/04/2021,FEU,Z01,24,0.15235708172
05/04/2021,FEU,Z02,24,0.10173810644
05/04/2021,FEU,Z03,24,0.10731812702
05/04/2021,FEU,Z01,3,0.15969243722
05/04/2021,FEU,Z02,3,0.10823526778
05/04/2021,FEU,Z03,3,0.10364642054
05/04/2021,FEU,Z01,4,0.16019808408
05/04/2021,FEU,Z02,4,0.1088096605
05/04/2021,FEU,Z03,4,0.1041185404
05/04/2021,FEU,Z01,5,0.15974274422
05/04/2021,FEU,Z02,5,0.10837261164
05/04/2021,FEU,Z03,5,0.1037833804
05/04/2021,FEU,Z01,6,0.15961850434
05/04/2021,FEU,Z02,6,0.10834415062
05/04/2021,FEU,Z03,6,0.10382922724
05/04/2021,FEU,Z01,7,0.15840588228
05/04/2021,FEU,Z02,7,0.10763723086
05/04/2021,FEU,Z03,7,0.10346805892
05/04/2021,FEU,Z01,8,0.15754391078
05/04/2021,FEU,Z02,8,0.10736745352
05/04/2021,FEU,Z03,8,0.11264251908
05/04/2021,FEU,Z01,9,0.15761647002
05/04/2021,FEU,Z02,9,0.1078218832
05/04/2021,FEU,Z03,9,0.11268505646
05/05/2021,FEU,Z01,1,0.14758648344
05/05/2021,FEU,Z02,1,0.09715711816
05/05/2021,FEU,Z03,1,0.10251977474
05/05/2021,FEU,Z01,10,0.1474820911
05/05/2021,FEU,Z02,10,0.09847034658
05/05/2021,FEU,Z03,10,0.10251415468
05/05/2021,FEU,Z01,11,0.14045173352
05/05/2021,FEU,Z02,11,0.09172284286
05/05/2021,FEU,Z03,11,0.09555826496
05/05/2021,FEU,Z01,12,0.13906232896
05/05/2021,FEU,Z02,12,0.09028644544
05/05/2021,FEU,Z03,12,0.0941483804
05/05/2021,FEU,Z01,13,0.13899303296
05/05/2021,FEU,Z02,13,0.09021910144
05/05/2021,FEU,Z03,13,0.0940788404
05/05/2021,FEU,Z01,14,0.13734807722
05/05/2021,FEU,Z02,14,0.15607487324
05/05/2021,FEU,Z03,14,0.15607487324
05/05/2021,FEU,Z01,15,0.13311402608
05/05/2021,FEU,Z02,15,0.1518141761
05/05/2021,FEU,Z03,15,0.1518141761
05/05/2021,FEU,Z01,16,0.13159993064
05/05/2021,FEU,Z02,16,0.15037010152
05/05/2021,FEU,Z03,16,0.15037010152
05/05/2021,FEU,Z01,17,0.12855276664
05/05/2021,FEU,Z02,17,0.14722590566
05/05/2021,FEU,Z03,17,0.14722590566
05/05/2021,FEU,Z01,18,0.12949249436
05/05/2021,FEU,Z02,18,0.14824687124
05/05/2021,FEU,Z03,18,0.14824687124
05/05/2021,FEU,Z01,19,0.1349108311
05/05/2021,FEU,Z02,19,0.15361965412
05/05/2021,FEU,Z03,19,0.15361965412
05/05/2021,FEU,Z01,2,0.14450689818
05/05/2021,FEU,Z02,2,0.09403601318
05/05/2021,FEU,Z03,2,0.08999620066
05/05/2021,FEU,Z01,20,0.1431162847
05/05/2021,FEU,Z02,20,0.16195849058
05/05/2021,FEU,Z03,20,0.16195849058
05/05/2021,FEU,Z01,21,0.15060023086
05/05/2021,FEU,Z02,21,0.16949170274
05/05/2021,FEU,Z03,21,0.16949170274
05/05/2021,FEU,Z01,22,0.15348215588
05/05/2021,FEU,Z02,22,0.17248472462
05/05/2021,FEU,Z03,22,0.17248472462
05/05/2021,FEU,Z01,23,0.15288922792
05/05/2021,FEU,Z02,23,0.17197211252
05/05/2021,FEU,Z03,23,0.17197211252
05/05/2021,FEU,Z01,24,0.15267704628
05/05/2021,FEU,Z02,24,0.10221995872
05/05/2021,FEU,Z03,24,0.10774241544
05/05/2021,FEU,Z01,3,0.14434687234
05/05/2021,FEU,Z02,3,0.09372397462
05/05/2021,FEU,Z03,3,0.0897007261
05/05/2021,FEU,Z01,4,0.1473156892
05/05/2021,FEU,Z02,4,0.09656587648
05/05/2021,FEU,Z03,4,0.0923850011
05/05/2021,FEU,Z01,5,0.1458297292
05/05/2021,FEU,Z02,5,0.09514208448
05/05/2021,FEU,Z03,5,0.0910025711
05/05/2021,FEU,Z01,6,0.15049184018
05/05/2021,FEU,Z02,6,0.09977425518
05/05/2021,FEU,Z03,6,0.09557655466
05/05/2021,FEU,Z01,7,0.15036634512
05/05/2021,FEU,Z02,7,0.10000072756
05/05/2021,FEU,Z03,7,0.09609919548
05/05/2021,FEU,Z01,8,0.1520735969
05/05/2021,FEU,Z02,8,0.10227232836
05/05/2021,FEU,Z03,8,0.1071808262
05/05/2021,FEU,Z01,9,0.151184989
05/05/2021,FEU,Z02,9,0.10169170204
05/05/2021,FEU,Z03,9,0.10625877444
05/06/2021,FEU,Z01,1,0.14828109972
05/06/2021,FEU,Z02,1,0.0979077433
05/06/2021,FEU,Z03,1,0.10330832688
05/06/2021,FEU,Z01,10,0.14583801068
05/06/2021,FEU,Z02,10,0.0967829553
05/06/2021,FEU,Z03,10,0.10094009612
05/06/2021,FEU,Z01,11,0.13915156454
05/06/2021,FEU,Z02,11,0.09028783716
05/06/2021,FEU,Z03,11,0.09422625698
05/06/2021,FEU,Z01,12,0.13615540612
05/06/2021,FEU,Z02,12,0.08737495474
05/06/2021,FEU,Z03,12,0.09120793556
05/06/2021,FEU,Z01,13,0.13109426826
05/06/2021,FEU,Z02,13,0.08246063688
05/06/2021,FEU,Z03,13,0.0861329347
05/06/2021,FEU,Z01,14,0.12829292152
05/06/2021,FEU,Z02,14,0.1470364604
05/06/2021,FEU,Z03,14,0.1470364604
05/06/2021,FEU,Z01,15,0.12687574724
05/06/2021,FEU,Z02,15,0.14560852412
05/06/2021,FEU,Z03,15,0.14560852412
05/06/2021,FEU,Z01,16,0.12617363366
05/06/2021,FEU,Z02,16,0.14490370454
05/06/2021,FEU,Z03,16,0.14490370454
05/06/2021,FEU,Z01,17,0.1276502318
05/06/2021,FEU,Z02,17,0.14638998868
05/06/2021,FEU,Z03,17,0.14638998868
05/06/2021,FEU,Z01,18,0.12863135038
05/06/2021,FEU,Z02,18,0.1473020804
05/06/2021,FEU,Z03,18,0.1473020804
05/06/2021,FEU,Z01,19,0.1349760404
05/06/2021,FEU,Z02,19,0.15376344328
05/06/2021,FEU,Z03,19,0.15376344328
05/06/2021,FEU,Z01,2,0.14463252632
05/06/2021,FEU,Z02,2,0.09415808732
05/06/2021,FEU,Z03,2,0.0901117718
05/06/2021,FEU,Z01,20,0.14181822914
05/06/2021,FEU,Z02,20,0.16064955902
05/06/2021,FEU,Z03,20,0.16064955902
05/06/2021,FEU,Z01,21,0.14907315044
05/06/2021,FEU,Z02,21,0.16795370132
05/06/2021,FEU,Z03,21,0.16795370132
05/06/2021,FEU,Z01,22,0.15239806046
05/06/2021,FEU,Z02,22,0.1713904562
05/06/2021,FEU,Z03,22,0.1713904562
05/06/2021,FEU,Z01,23,0.14835449936
05/06/2021,FEU,Z02,23,0.16739623596
05/06/2021,FEU,Z03,23,0.16739623596
05/06/2021,FEU,Z01,24,0.1444551463
05/06/2021,FEU,Z02,24,0.09415005802
05/06/2021,FEU,Z03,24,0.09945123646
05/06/2021,FEU,Z01,3,0.14516833148
05/06/2021,FEU,Z02,3,0.09458872162
05/06/2021,FEU,Z03,3,0.09046276924
05/06/2021,FEU,Z01,4,0.14507705334
05/06/2021,FEU,Z02,4,0.09442300762
05/06/2021,FEU,Z03,4,0.09030174124
05/06/2021,FEU,Z01,5,0.14496979748
05/06/2021,FEU,Z02,5,0.09439966762
05/06/2021,FEU,Z03,5,0.09027792724
05/06/2021,FEU,Z01,6,0.14421770446
05/06/2021,FEU,Z02,6,0.09376084846
05/06/2021,FEU,Z03,6,0.0898021518
05/06/2021,FEU,Z01,7,0.14736275726
05/06/2021,FEU,Z02,7,0.09719646556
05/06/2021,FEU,Z03,7,0.09328184962
05/06/2021,FEU,Z01,8,0.14902532762
05/06/2021,FEU,Z02,8,0.09932323408
05/06/2021,FEU,Z03,8,0.10411150792
05/06/2021,FEU,Z01,9,0.14807317472
05/06/2021,FEU,Z02,9,0.09867630376
05/06/2021,FEU,Z03,9,0.10321503502
05/07/2021,FEU,Z01,1,0.14723220158
05/07/2021,FEU,Z02,1,0.0968174233
05/07/2021,FEU,Z03,1,0.10225016774
05/07/2021,FEU,Z01,10,0.14873813324
05/07/2021,FEU,Z02,10,0.09969225572
05/07/2021,FEU,Z03,10,0.10377735782
05/07/2021,FEU,Z01,11,0.14295247038
05/07/2021,FEU,Z02,11,0.09415360372
05/07/2021,FEU,Z03,11,0.09806393282
05/07/2021,FEU,Z01,12,0.14146546682
05/07/2021,FEU,Z02,12,0.0926204203
05/07/2021,FEU,Z03,12,0.09655722226
05/07/2021,FEU,Z01,13,0.13996576382
05/07/2021,FEU,Z02,13,0.0911618203
05/07/2021,FEU,Z03,13,0.09505110226
05/07/2021,FEU,Z01,14,0.1336155018
05/07/2021,FEU,Z02,14,0.15231806582
05/07/2021,FEU,Z03,14,0.15231806582
05/07/2021,FEU,Z01,15,0.12753448152
05/07/2021,FEU,Z02,15,0.14619874754
05/07/2021,FEU,Z03,15,0.14619874754
05/07/2021,FEU,Z01,16,0.12154671266
05/07/2021,FEU,Z02,16,0.14024291654
05/07/2021,FEU,Z03,16,0.14024291654
05/07/2021,FEU,Z01,17,0.12075380152
05/07/2021,FEU,Z02,17,0.1394440604
05/07/2021,FEU,Z03,17,0.1394440604
05/07/2021,FEU,Z01,18,0.12562933082
05/07/2021,FEU,Z02,18,0.1443522247
05/07/2021,FEU,Z03,18,0.1443522247
05/07/2021,FEU,Z01,19,0.13272021098
05/07/2021,FEU,Z02,19,0.15149057886
05/07/2021,FEU,Z03,19,0.15149057886
05/07/2021,FEU,Z01,2,0.14114446218
05/07/2021,FEU,Z02,2,0.09081334018
05/07/2021,FEU,Z03,2,0.08686106866
05/07/2021,FEU,Z01,20,0.14530678186
05/07/2021,FEU,Z02,20,0.1642495976
05/07/2021,FEU,Z03,20,0.1642495976
05/07/2021,FEU,Z01,21,0.15173010188
05/07/2021,FEU,Z02,21,0.17071905362
05/07/2021,FEU,Z03,21,0.17071905362
05/07/2021,FEU,Z01,22,0.15419051676
05/07/2021,FEU,Z02,22,0.1731938605
05/07/2021,FEU,Z03,22,0.1731938605
05/07/2021,FEU,Z01,23,0.15314446394
05/07/2021,FEU,Z02,23,0.17222499954
05/07/2021,FEU,Z03,23,0.17222499954
05/07/2021,FEU,Z01,24,0.15338795258
05/07/2021,FEU,Z02,24,0.1027264033
05/07/2021,FEU,Z03,24,0.10843662074
05/07/2021,FEU,Z01,3,0.13731811834
05/07/2021,FEU,Z02,3,0.08699505262
05/07/2021,FEU,Z03,3,0.08308269724
05/07/2021,FEU,Z01,4,0.13274835206
05/07/2021,FEU,Z02,4,0.08261865634
05/07/2021,FEU,Z03,4,0.07883361696
05/07/2021,FEU,Z01,5,0.13236775934
05/07/2021,FEU,Z02,5,0.08232445248
05/07/2021,FEU,Z03,5,0.0785459461
05/07/2021,FEU,Z01,6,0.14196249032
05/07/2021,FEU,Z02,6,0.09159820132
05/07/2021,FEU,Z03,6,0.0876223818
05/07/2021,FEU,Z01,7,0.15275127884
05/07/2021,FEU,Z02,7,0.10229288728
05/07/2021,FEU,Z03,7,0.09825227134
05/07/2021,FEU,Z01,8,0.15548206848
05/07/2021,FEU,Z02,8,0.10556463094
05/07/2021,FEU,Z03,8,0.11059190678
05/07/2021,FEU,Z01,9,0.15705043486
05/07/2021,FEU,Z02,9,0.1073738389
05/07/2021,FEU,Z03,9,0.1121406833
05/08/2021,FEU,Z01,1,0.15389066618
05/08/2021,FEU,Z02,1,0.10303298118
05/08/2021,FEU,Z03,1,0.10890135434
05/08/2021,FEU,Z01,10,0.12739077278
05/08/2021,FEU,Z02,10,0.07826939352
05/08/2021,FEU,Z03,10,0.08236085108
05/08/2021,FEU,Z01,11,0.11427614574
05/08/2021,FEU,Z02,11,0.06586478092
05/08/2021,FEU,Z03,11,0.06924429704
05/08/2021,FEU,Z01,12,0.10422761574
05/08/2021,FEU,Z02,12,0.05608898206
05/08/2021,FEU,Z03,12,0.05910407218
05/08/2021,FEU,Z01,13,0.10001580974
05/08/2021,FEU,Z02,13,0.05205857092
05/08/2021,FEU,Z03,13,0.05492244104
05/08/2021,FEU,Z01,14,0.08055993642
05/08/2021,FEU,Z02,14,0.09899690216
05/08/2021,FEU,Z03,14,0.09899690216
05/08/2021,FEU,Z01,15,0.06112744728
05/08/2021,FEU,Z02,15,0.07941311802
05/08/2021,FEU,Z03,15,0.07941311802
05/08/2021,FEU,Z01,16,0.059710539
05/08/2021,FEU,Z02,16,0.07797023588
05/08/2021,FEU,Z03,16,0.07797023588
05/08/2021,FEU,Z01,17,0.06078407244
05/08/2021,FEU,Z02,17,0.07906606918
05/08/2021,FEU,Z03,17,0.07906606918
05/08/2021,FEU,Z01,18,0.06225259988
05/08/2021,FEU,Z02,18,0.08054613062
05/08/2021,FEU,Z03,18,0.08054613062
05/08/2021,FEU,Z01,19,0.06783344718
05/08/2021,FEU,Z02,19,0.08619088478
05/08/2021,FEU,Z03,19,0.08619088478
05/08/2021,FEU,Z01,2,0.1514218178
05/08/2021,FEU,Z02,2,0.10032733936
05/08/2021,FEU,Z03,2,0.09589234626
05/08/2021,FEU,Z01,20,0.11286583262
05/08/2021,FEU,Z02,20,0.13160902222
05/08/2021,FEU,Z03,20,0.13160902222
05/08/2021,FEU,Z01,21,0.13309507178
05/08/2021,FEU,Z02,21,0.15200855938
05/08/2021,FEU,Z03,21,0.15200855938
05/08/2021,FEU,Z01,22,0.12721001936
05/08/2021,FEU,Z02,22,0.14607195596
05/08/2021,FEU,Z03,22,0.14607195596
05/08/2021,FEU,Z01,23,0.12303989024
05/08/2021,FEU,Z02,23,0.1419298477
05/08/2021,FEU,Z03,23,0.1419298477
05/08/2021,FEU,Z01,24,0.12061432232
05/08/2021,FEU,Z02,24,0.07113073332
05/08/2021,FEU,Z03,24,0.07546432148
05/08/2021,FEU,Z01,3,0.14550288482
05/08/2021,FEU,Z02,3,0.09450998466
05/08/2021,FEU,Z03,3,0.09025894156
05/08/2021,FEU,Z01,4,0.14404318184
05/08/2021,FEU,Z02,4,0.09303932582
05/08/2021,FEU,Z03,4,0.088690639
05/08/2021,FEU,Z01,5,0.14438091156
05/08/2021,FEU,Z02,5,0.09328453768
05/08/2021,FEU,Z03,5,0.08893043286
05/08/2021,FEU,Z01,6,0.13867506098
05/08/2021,FEU,Z02,6,0.08791756596
05/08/2021,FEU,Z03,6,0.08372644114
05/08/2021,FEU,Z01,7,0.13916078582
05/08/2021,FEU,Z02,7,0.08845499766
05/08/2021,FEU,Z03,7,0.08438339956
05/08/2021,FEU,Z01,8,0.13465724378
05/08/2021,FEU,Z02,8,0.0843734062
05/08/2021,FEU,Z03,8,0.08953315994
05/08/2021,FEU,Z01,9,0.13824114628
05/08/2021,FEU,Z02,9,0.08826244786
05/08/2021,FEU,Z03,9,0.09323421544
05/09/2021,FEU,Z01,1,0.08130087776
05/09/2021,FEU,Z02,1,0.0334018869
05/09/2021,FEU,Z03,1,0.03594126092
05/09/2021,FEU,Z01,10,0.06460110482
05/09/2021,FEU,Z02,10,0.01758818998
05/09/2021,FEU,Z03,10,0.01925214512
05/09/2021,FEU,Z01,11,0.06252504578
05/09/2021,FEU,Z02,11,0.01566979352
05/09/2021,FEU,Z03,11,0.01721862908
05/09/2021,FEU,Z01,12,0.06231538048
05/09/2021,FEU,Z02,12,0.01550881694
05/09/2021,FEU,Z03,12,0.01702638878
05/09/2021,FEU,Z01,13,0.06019410634
05/09/2021,FEU,Z02,13,0.01344500494
05/09/2021,FEU,Z03,13,0.01489355164
05/09/2021,FEU,Z01,14,0.05932945458
05/09/2021,FEU,Z02,14,0.07758665246
05/09/2021,FEU,Z03,14,0.07758665246
05/09/2021,FEU,Z01,15,0.05938645472
05/09/2021,FEU,Z02,15,0.07765747346
05/09/2021,FEU,Z03,15,0.07765747346
05/09/2021,FEU,Z01,16,0.05995872802
05/09/2021,FEU,Z02,16,0.07823439476
05/09/2021,FEU,Z03,16,0.07823439476
05/09/2021,FEU,Z01,17,0.06037836146
05/09/2021,FEU,Z02,17,0.0786574262
05/09/2021,FEU,Z03,17,0.0786574262
05/09/2021,FEU,Z01,18,0.0607539069
05/09/2021,FEU,Z02,18,0.0790516855
05/09/2021,FEU,Z03,18,0.0790516855
05/09/2021,FEU,Z01,19,0.06283778006
05/09/2021,FEU,Z02,19,0.0811360948
05/09/2021,FEU,Z03,19,0.0811360948
05/09/2021,FEU,Z01,2,0.0703360321
05/09/2021,FEU,Z02,2,0.0227692548
05/09/2021,FEU,Z03,2,0.02062670384
05/09/2021,FEU,Z01,20,0.07592187878
05/09/2021,FEU,Z02,20,0.09434795638
05/09/2021,FEU,Z03,20,0.09434795638
05/09/2021,FEU,Z01,21,0.10580329136
05/09/2021,FEU,Z02,21,0.12448319796
05/09/2021,FEU,Z03,21,0.12448319796
05/09/2021,FEU,Z01,22,0.12155509778
05/09/2021,FEU,Z02,22,0.14037138838
05/09/2021,FEU,Z03,22,0.14037138838
05/09/2021,FEU,Z01,23,0.1210257641
05/09/2021,FEU,Z02,23,0.1398314277
05/09/2021,FEU,Z03,23,0.1398314277
05/09/2021,FEU,Z01,24,0.11929922948
05/09/2021,FEU,Z02,24,0.06980397562
05/09/2021,FEU,Z03,24,0.0741775035
05/09/2021,FEU,Z01,3,0.06551035756
05/09/2021,FEU,Z02,3,0.01808413768
05/09/2021,FEU,Z03,3,0.01607328386
05/09/2021,FEU,Z01,4,0.06538010528
05/09/2021,FEU,Z02,4,0.0179537734
05/09/2021,FEU,Z03,4,0.01594747758
05/09/2021,FEU,Z01,5,0.063320575
05/09/2021,FEU,Z02,5,0.01597207426
05/09/2021,FEU,Z03,5,0.01401620258
05/09/2021,FEU,Z01,6,0.06392918356
05/09/2021,FEU,Z02,6,0.01657656568
05/09/2021,FEU,Z03,6,0.01461266486
05/09/2021,FEU,Z01,7,0.06770411654
05/09/2021,FEU,Z02,7,0.02022719238
05/09/2021,FEU,Z03,7,0.01816310042
05/09/2021,FEU,Z01,8,0.06978425152
05/09/2021,FEU,Z02,8,0.02225090622
05/09/2021,FEU,Z03,8,0.02432591654
05/09/2021,FEU,Z01,9,0.0685649699
05/09/2021,FEU,Z02,9,0.02120316904
05/09/2021,FEU,Z03,9,0.02314620806
05/10/2021,FEU,Z01,1,0.1157189092
05/10/2021,FEU,Z02,1,0.06631584448
05/10/2021,FEU,Z03,1,0.07051479636
05/10/2021,FEU,Z01,10,0.1319664404
05/10/2021,FEU,Z02,10,0.08331034402
05/10/2021,FEU,Z03,10,0.08701203184
05/10/2021,FEU,Z01,11,0.12640552268
05/10/2021,FEU,Z02,11,0.0779139753
05/10/2021,FEU,Z03,11,0.08143930412
05/10/2021,FEU,Z01,12,0.12670649812
05/10/2021,FEU,Z02,12,0.07819908874
05/10/2021,FEU,Z03,12,0.08172593156
05/10/2021,FEU,Z01,13,0.12579061412
05/10/2021,FEU,Z02,13,0.07730967074
05/10/2021,FEU,Z03,13,0.08080683956
05/10/2021,FEU,Z01,14,0.12260379038
05/10/2021,FEU,Z02,14,0.1412372804
05/10/2021,FEU,Z03,14,0.1412372804
05/10/2021,FEU,Z01,15,0.10989409724
05/10/2021,FEU,Z02,15,0.12844884726
05/10/2021,FEU,Z03,15,0.12844884726
05/10/2021,FEU,Z01,16,0.11574807566
05/10/2021,FEU,Z02,16,0.13440326354
05/10/2021,FEU,Z03,16,0.13440326354
05/10/2021,FEU,Z01,17,0.1201357318
05/10/2021,FEU,Z02,17,0.13875479282
05/10/2021,FEU,Z03,17,0.13875479282
05/10/2021,FEU,Z01,18,0.1267326718
05/10/2021,FEU,Z02,18,0.14539259882
05/10/2021,FEU,Z03,18,0.14539259882
05/10/2021,FEU,Z01,19,0.12751393468
05/10/2021,FEU,Z02,19,0.14625086156
05/10/2021,FEU,Z03,19,0.14625086156
05/10/2021,FEU,Z01,2,0.11313498408
05/10/2021,FEU,Z02,2,0.06372539164
05/10/2021,FEU,Z03,2,0.0604280404
05/10/2021,FEU,Z01,20,0.13130665742
05/10/2021,FEU,Z02,20,0.1500667283
05/10/2021,FEU,Z03,20,0.1500667283
05/10/2021,FEU,Z01,21,0.1417305983
05/10/2021,FEU,Z02,21,0.16064337704
05/10/2021,FEU,Z03,21,0.16064337704
05/10/2021,FEU,Z01,22,0.15036172904
05/10/2021,FEU,Z02,22,0.16933664378
05/10/2021,FEU,Z03,22,0.16933664378
05/10/2021,FEU,Z01,23,0.14542200708
05/10/2021,FEU,Z02,23,0.16443762968
05/10/2021,FEU,Z03,23,0.16443762968
05/10/2021,FEU,Z01,24,0.13671516716
05/10/2021,FEU,Z02,24,0.08671757188
05/10/2021,FEU,Z03,24,0.09166873832
05/10/2021,FEU,Z01,3,0.1113219771
05/10/2021,FEU,Z02,3,0.0619310948
05/10/2021,FEU,Z03,3,0.05859377584
05/10/2021,FEU,Z01,4,0.10794105268
05/10/2021,FEU,Z02,4,0.05864824252
05/10/2021,FEU,Z03,4,0.05541366556
05/10/2021,FEU,Z01,5,0.11063422754
05/10/2021,FEU,Z02,5,0.06116826652
05/10/2021,FEU,Z03,5,0.05790665042
05/10/2021,FEU,Z01,6,0.1129732478
05/10/2021,FEU,Z02,6,0.06356793136
05/10/2021,FEU,Z03,6,0.06027783412
05/10/2021,FEU,Z01,7,0.1335306163
05/10/2021,FEU,Z02,7,0.08366069602
05/10/2021,FEU,Z03,7,0.07996482236
05/10/2021,FEU,Z01,8,0.13911848764
05/10/2021,FEU,Z02,8,0.08958613638
05/10/2021,FEU,Z03,8,0.09413461394
05/10/2021,FEU,Z01,9,0.13946735416
05/10/2021,FEU,Z02,9,0.09025552534
05/10/2021,FEU,Z03,9,0.09455604146
05/11/2021,FEU,Z01,1,0.13939610516
05/11/2021,FEU,Z02,1,0.08921661002
05/11/2021,FEU,Z03,1,0.09436301432
05/11/2021,FEU,Z01,10,0.1229969204
05/11/2021,FEU,Z02,10,0.07460046802
05/11/2021,FEU,Z03,10,0.07801103984
05/11/2021,FEU,Z01,11,0.10334509068
05/11/2021,FEU,Z02,11,0.05557049716
05/11/2021,FEU,Z03,11,0.05829781612
05/11/2021,FEU,Z01,12,0.10162452026
05/11/2021,FEU,Z02,12,0.05384432088
05/11/2021,FEU,Z03,12,0.0565598747
05/11/2021,FEU,Z01,13,0.10217165154
05/11/2021,FEU,Z02,13,0.05437933516
05/11/2021,FEU,Z03,13,0.05711647598
05/11/2021,FEU,Z01,14,0.1010929718
05/11/2021,FEU,Z02,14,0.11959406882
05/11/2021,FEU,Z03,14,0.11959406882
05/11/2021,FEU,Z01,15,0.09983783752
05/11/2021,FEU,Z02,15,0.11833083454
05/11/2021,FEU,Z03,15,0.11833083454
05/11/2021,FEU,Z01,16,0.08371101008
05/11/2021,FEU,Z02,16,0.10213990496
05/11/2021,FEU,Z03,16,0.10213990496
05/11/2021,FEU,Z01,17,0.08537985322
05/11/2021,FEU,Z02,17,0.1038218361
05/11/2021,FEU,Z03,17,0.1038218361
05/11/2021,FEU,Z01,18,0.1003584718
05/11/2021,FEU,Z02,18,0.11890501268
05/11/2021,FEU,Z03,18,0.11890501268
05/11/2021,FEU,Z01,19,0.10412503654
05/11/2021,FEU,Z02,19,0.12269731542
05/11/2021,FEU,Z03,19,0.12269731542
05/11/2021,FEU,Z01,2,0.13622955134
05/11/2021,FEU,Z02,2,0.08595175462
05/11/2021,FEU,Z03,2,0.08207003524
05/11/2021,FEU,Z01,20,0.12874849586
05/11/2021,FEU,Z02,20,0.1475618376
05/11/2021,FEU,Z03,20,0.1475618376
05/11/2021,FEU,Z01,21,0.14482107872
05/11/2021,FEU,Z02,21,0.16376071646
05/11/2021,FEU,Z03,21,0.16376071646
05/11/2021,FEU,Z01,22,0.14673973574
05/11/2021,FEU,Z02,22,0.16568935648
05/11/2021,FEU,Z03,22,0.16568935648
05/11/2021,FEU,Z01,23,0.14358638378
05/11/2021,FEU,Z02,23,0.16258931138
05/11/2021,FEU,Z03,23,0.16258931138
05/11/2021,FEU,Z01,24,0.13857975772
05/11/2021,FEU,Z02,24,0.08851095844
05/11/2021,FEU,Z03,24,0.09348349302
05/11/2021,FEU,Z01,3,0.13178923022
05/11/2021,FEU,Z02,3,0.08156007478
05/11/2021,FEU,Z03,3,0.07774442154
05/11/2021,FEU,Z01,4,0.12798396008
05/11/2021,FEU,Z02,4,0.0779847105
05/11/2021,FEU,Z03,4,0.0742129204
05/11/2021,FEU,Z01,5,0.11488485122
05/11/2021,FEU,Z02,5,0.06545351964
05/11/2021,FEU,Z03,5,0.0621072604
05/11/2021,FEU,Z01,6,0.12020213934
05/11/2021,FEU,Z02,6,0.07060920562
05/11/2021,FEU,Z03,6,0.06716133724
05/11/2021,FEU,Z01,7,0.13167251228
05/11/2021,FEU,Z02,7,0.08195266586
05/11/2021,FEU,Z03,7,0.07843175092
05/11/2021,FEU,Z01,8,0.13541761178
05/11/2021,FEU,Z02,8,0.08601453752
05/11/2021,FEU,Z03,8,0.09042190508
05/11/2021,FEU,Z01,9,0.13311352402
05/11/2021,FEU,Z02,9,0.0841036432
05/11/2021,FEU,Z03,9,0.08809739846
05/12/2021,FEU,Z01,1,0.13158652744
05/12/2021,FEU,Z02,1,0.08179503416
05/12/2021,FEU,Z03,1,0.08645337374
05/12/2021,FEU,Z01,10,0.1346225411
05/12/2021,FEU,Z02,10,0.08597335658
05/12/2021,FEU,Z03,10,0.08962061468
05/12/2021,FEU,Z01,11,0.13018902152
05/12/2021,FEU,Z02,11,0.08174117686
05/12/2021,FEU,Z03,11,0.08525928896
05/12/2021,FEU,Z01,12,0.11355117696
05/12/2021,FEU,Z02,12,0.06549391744
05/12/2021,FEU,Z03,12,0.0685474004
05/12/2021,FEU,Z01,13,0.10765760896
05/12/2021,FEU,Z02,13,0.05976636544
05/12/2021,FEU,Z03,13,0.0626330804
05/12/2021,FEU,Z01,14,0.10687963222
05/12/2021,FEU,Z02,14,0.12541718324
05/12/2021,FEU,Z03,14,0.12541718324
05/12/2021,FEU,Z01,15,0.09070799408
05/12/2021,FEU,Z02,15,0.1091449861
05/12/2021,FEU,Z03,15,0.1091449861
05/12/2021,FEU,Z01,16,0.07676896264
05/12/2021,FEU,Z02,16,0.09514887752
05/12/2021,FEU,Z03,16,0.09514887752
05/12/2021,FEU,Z01,17,0.06251664264
05/12/2021,FEU,Z02,17,0.08077852466
05/12/2021,FEU,Z03,17,0.08077852466
05/12/2021,FEU,Z01,18,0.06417210836
05/12/2021,FEU,Z02,18,0.08246353124
05/12/2021,FEU,Z03,18,0.08246353124
05/12/2021,FEU,Z01,19,0.1026813711
05/12/2021,FEU,Z02,19,0.12119142212
05/12/2021,FEU,Z03,19,0.12119142212
05/12/2021,FEU,Z01,2,0.12779539718
05/12/2021,FEU,Z02,2,0.07801452518
05/12/2021,FEU,Z03,2,0.07441441366
05/12/2021,FEU,Z01,20,0.1081273747
05/12/2021,FEU,Z02,20,0.12672511658
05/12/2021,FEU,Z03,20,0.12672511658
05/12/2021,FEU,Z01,21,0.13826035986
05/12/2021,FEU,Z02,21,0.15706606374
05/12/2021,FEU,Z03,21,0.15706606374
05/12/2021,FEU,Z01,22,0.14413593788
05/12/2021,FEU,Z02,22,0.16306586762
05/12/2021,FEU,Z03,22,0.16306586762
05/12/2021,FEU,Z01,23,0.14183609592
05/12/2021,FEU,Z02,23,0.16082467052
05/12/2021,FEU,Z03,23,0.16082467052
05/12/2021,FEU,Z01,24,0.13386245628
05/12/2021,FEU,Z02,24,0.08412779872
05/12/2021,FEU,Z03,24,0.08883359544
05/12/2021,FEU,Z01,3,0.12652631134
05/12/2021,FEU,Z02,3,0.07666360162
05/12/2021,FEU,Z03,3,0.0731070261
05/12/2021,FEU,Z01,4,0.1255667492
05/12/2021,FEU,Z02,4,0.07574277248
05/12/2021,FEU,Z03,4,0.0721513561
05/12/2021,FEU,Z01,5,0.1258510092
05/12/2021,FEU,Z02,5,0.07601608448
05/12/2021,FEU,Z03,5,0.0724158111
05/12/2021,FEU,Z01,6,0.12986356218
05/12/2021,FEU,Z02,6,0.07999744018
05/12/2021,FEU,Z03,6,0.07634389966
05/12/2021,FEU,Z01,7,0.13703024912
05/12/2021,FEU,Z02,7,0.08717927956
05/12/2021,FEU,Z03,7,0.08359212948
05/12/2021,FEU,Z01,8,0.1389102619
05/12/2021,FEU,Z02,8,0.08954852836
05/12/2021,FEU,Z03,8,0.0939609962
05/12/2021,FEU,Z01,9,0.138295789
05/12/2021,FEU,Z02,9,0.08920599004
05/12/2021,FEU,Z03,9,0.09332474244
05/13/2021,FEU,Z01,1,0.13462637972
05/13/2021,FEU,Z02,1,0.0847857883
05/13/2021,FEU,Z03,1,0.08958544688
05/13/2021,FEU,Z01,10,0.12671733468
05/13/2021,FEU,Z02,10,0.0782167453
05/13/2021,FEU,Z03,10,0.08175221212
05/13/2021,FEU,Z01,11,0.12386390654
05/13/2021,FEU,Z02,11,0.07544421116
05/13/2021,FEU,Z03,11,0.07888491098
05/13/2021,FEU,Z01,12,0.12172166812
05/13/2021,FEU,Z02,12,0.07335719474
05/13/2021,FEU,Z03,12,0.07672364156
05/13/2021,FEU,Z01,13,0.12320539426
05/13/2021,FEU,Z02,13,0.07480103288
05/13/2021,FEU,Z03,13,0.0782164047
05/13/2021,FEU,Z01,14,0.10880101352
05/13/2021,FEU,Z02,14,0.1274068004
05/13/2021,FEU,Z03,14,0.1274068004
05/13/2021,FEU,Z01,15,0.09948737924
05/13/2021,FEU,Z02,15,0.11802694012
05/13/2021,FEU,Z03,15,0.11802694012
05/13/2021,FEU,Z01,16,0.09838722566
05/13/2021,FEU,Z02,16,0.11691961354
05/13/2021,FEU,Z03,16,0.11691961354
05/13/2021,FEU,Z01,17,0.0982126018
05/13/2021,FEU,Z02,17,0.11674395068
05/13/2021,FEU,Z03,17,0.11674395068
05/13/2021,FEU,Z01,18,0.09887423838
05/13/2021,FEU,Z02,18,0.1173611204
05/13/2021,FEU,Z03,18,0.1173611204
05/13/2021,FEU,Z01,19,0.1245131204
05/13/2021,FEU,Z02,19,0.14322709928
05/13/2021,FEU,Z03,19,0.14322709928
05/13/2021,FEU,Z01,2,0.13334880632
05/13/2021,FEU,Z02,2,0.08333986732
05/13/2021,FEU,Z03,2,0.0795926018
05/13/2021,FEU,Z01,20,0.13502878814
05/13/2021,FEU,Z02,20,0.15381284602
05/13/2021,FEU,Z03,20,0.15381284602
05/13/2021,FEU,Z01,21,0.14419980844
05/13/2021,FEU,Z02,21,0.16304541332
05/13/2021,FEU,Z03,21,0.16304541332
05/13/2021,FEU,Z01,22,0.14684615846
05/13/2021,FEU,Z02,22,0.1657966862
05/13/2021,FEU,Z03,22,0.1657966862
05/13/2021,FEU,Z01,23,0.14658697136
05/13/2021,FEU,Z02,23,0.16561367796
05/13/2021,FEU,Z03,23,0.16561367796
05/13/2021,FEU,Z01,24,0.1428163463
05/13/2021,FEU,Z02,24,0.09257538102
05/13/2021,FEU,Z03,24,0.09780427646
05/13/2021,FEU,Z01,3,0.13134281348
05/13/2021,FEU,Z02,3,0.08134327162
05/13/2021,FEU,Z03,3,0.07759186924
05/13/2021,FEU,Z01,4,0.13245430834
05/13/2021,FEU,Z02,4,0.08233872262
05/13/2021,FEU,Z03,4,0.07855803724
05/13/2021,FEU,Z01,5,0.13133063348
05/13/2021,FEU,Z02,5,0.08133160162
05/13/2021,FEU,Z03,5,0.07757939524
05/13/2021,FEU,Z01,6,0.13145618646
05/13/2021,FEU,Z02,6,0.08152623046
05/13/2021,FEU,Z03,6,0.0778942118
05/13/2021,FEU,Z01,7,0.13003608926
05/13/2021,FEU,Z02,7,0.08052445756
05/13/2021,FEU,Z03,7,0.07703173362
05/13/2021,FEU,Z01,8,0.12986668862
05/13/2021,FEU,Z02,8,0.08080598608
05/13/2021,FEU,Z03,8,0.08487078392
05/13/2021,FEU,Z01,9,0.13262370272
05/13/2021,FEU,Z02,9,0.08370851176
05/13/2021,FEU,Z03,9,0.08769850802
05/14/2021,FEU,Z01,1,0.14662107758
05/14/2021,FEU,Z02,1,0.0962306833
05/14/2021,FEU,Z03,1,0.10163599574
05/14/2021,FEU,Z01,10,0.14333915924
05/14/2021,FEU,Z02,10,0.09444453172
05/14/2021,FEU,Z03,10,0.09836410082
05/14/2021,FEU,Z01,11,0.13391113038
05/14/2021,FEU,Z02,11,0.08536074572
05/14/2021,FEU,Z03,11,0.08899067282
05/14/2021,FEU,Z01,12,0.13156219682
05/14/2021,FEU,Z02,12,0.0829958703
05/14/2021,FEU,Z03,12,0.08661797126
05/14/2021,FEU,Z01,13,0.13163155382
05/14/2021,FEU,Z02,13,0.0830621703
05/14/2021,FEU,Z03,13,0.08668757226
05/14/2021,FEU,Z01,14,0.1263767218
05/14/2021,FEU,Z02,14,0.14503444382
05/14/2021,FEU,Z03,14,0.14503444382
05/14/2021,FEU,Z01,15,0.12417810152
05/14/2021,FEU,Z02,15,0.14282161254
05/14/2021,FEU,Z03,15,0.14282161254
05/14/2021,FEU,Z01,16,0.12309731366
05/14/2021,FEU,Z02,16,0.14180448554
05/14/2021,FEU,Z03,16,0.14180448554
05/14/2021,FEU,Z01,17,0.12305176152
05/14/2021,FEU,Z02,17,0.1417582604
05/14/2021,FEU,Z03,17,0.1417582604
05/14/2021,FEU,Z01,18,0.12901076882
05/14/2021,FEU,Z02,18,0.1477574547
05/14/2021,FEU,Z03,18,0.1477574547
05/14/2021,FEU,Z01,19,0.13658469398
05/14/2021,FEU,Z02,19,0.15538210986
05/14/2021,FEU,Z03,19,0.15538210986
05/14/2021,FEU,Z01,2,0.14123058518
05/14/2021,FEU,Z02,2,0.09089591318
05/14/2021,FEU,Z03,2,0.08694136966
05/14/2021,FEU,Z01,20,0.14520204086
05/14/2021,FEU,Z02,20,0.1641440376
05/14/2021,FEU,Z03,20,0.1641440376
05/14/2021,FEU,Z01,21,0.15205897388
05/14/2021,FEU,Z02,21,0.17105164862
05/14/2021,FEU,Z03,21,0.17105164862
05/14/2021,FEU,Z01,22,0.15509066876
05/14/2021,FEU,Z02,22,0.1741009605
05/14/2021,FEU,Z03,22,0.1741009605
05/14/2021,FEU,Z01,23,0.15415015094
05/14/2021,FEU,Z02,23,0.17323921654
05/14/2021,FEU,Z03,23,0.17323921654
05/14/2021,FEU,Z01,24,0.14952752558
05/14/2021,FEU,Z02,24,0.0990211633
05/14/2021,FEU,Z03,24,0.10455814874
05/14/2021,FEU,Z01,3,0.13783741234
05/14/2021,FEU,Z02,3,0.08749219462
05/14/2021,FEU,Z03,3,0.08356691524
05/14/2021,FEU,Z01,4,0.13475689706
05/14/2021,FEU,Z02,4,0.08454049234
05/14/2021,FEU,Z03,4,0.08070233696
05/14/2021,FEU,Z01,5,0.13468264034
05/14/2021,FEU,Z02,5,0.08454131648
05/14/2021,FEU,Z03,5,0.0807013111
05/14/2021,FEU,Z01,6,0.14080624232
05/14/2021,FEU,Z02,6,0.09048965332
05/14/2021,FEU,Z03,6,0.0865443618
05/14/2021,FEU,Z01,7,0.14493296684
05/14/2021,FEU,Z02,7,0.09477463528
05/14/2021,FEU,Z03,7,0.09092505934
05/14/2021,FEU,Z01,8,0.14854531648
05/14/2021,FEU,Z02,8,0.09885949994
05/14/2021,FEU,Z03,8,0.10362545978
05/14/2021,FEU,Z01,9,0.14816931886
05/14/2021,FEU,Z02,9,0.0987704989
05/14/2021,FEU,Z03,9,0.1032287033
05/15/2021,FEU,Z01,1,0.14357046218
05/15/2021,FEU,Z02,1,0.09313934018
05/15/2021,FEU,Z03,1,0.09853010234
05/15/2021,FEU,Z01,10,0.12595032878
05/15/2021,FEU,Z02,10,0.07687816552
05/15/2021,FEU,Z03,10,0.08091426708
05/15/2021,FEU,Z01,11,0.10808708574
05/15/2021,FEU,Z02,11,0.05987330092
05/15/2021,FEU,Z03,11,0.06302853704
05/15/2021,FEU,Z01,12,0.09187267574
05/15/2021,FEU,Z02,12,0.04413912206
05/15/2021,FEU,Z03,12,0.04670649218
05/15/2021,FEU,Z01,13,0.08976677274
05/15/2021,FEU,Z02,13,0.04213784692
05/15/2021,FEU,Z03,13,0.04462918904
05/15/2021,FEU,Z01,14,0.07054547942
05/15/2021,FEU,Z02,14,0.08890386616
05/15/2021,FEU,Z03,14,0.08890386616
05/15/2021,FEU,Z01,15,0.06309741528
05/15/2021,FEU,Z02,15,0.08139737302
05/15/2021,FEU,Z03,15,0.08139737302
05/15/2021,FEU,Z01,16,0.061437839
05/15/2021,FEU,Z02,16,0.07970955188
05/15/2021,FEU,Z03,16,0.07970955188
05/15/2021,FEU,Z01,17,0.06148685844
05/15/2021,FEU,Z02,17,0.07977433618
05/15/2021,FEU,Z03,17,0.07977433618
05/15/2021,FEU,Z01,18,0.06132388388
05/15/2021,FEU,Z02,18,0.07961019662
05/15/2021,FEU,Z03,18,0.07961019662
05/15/2021,FEU,Z01,19,0.06224872118
05/15/2021,FEU,Z02,19,0.08055813878
05/15/2021,FEU,Z03,19,0.08055813878
05/15/2021,FEU,Z01,2,0.1391833178
05/15/2021,FEU,Z02,2,0.08862731536
05/15/2021,FEU,Z03,2,0.08454053726
05/15/2021,FEU,Z01,20,0.10222629362
05/15/2021,FEU,Z02,20,0.12087831322
05/15/2021,FEU,Z03,20,0.12087831322
05/15/2021,FEU,Z01,21,0.12639020378
05/15/2021,FEU,Z02,21,0.14524653138
05/15/2021,FEU,Z03,21,0.14524653138
05/15/2021,FEU,Z01,22,0.13941219536
05/15/2021,FEU,Z02,22,0.15837789196
05/15/2021,FEU,Z03,22,0.15837789196
05/15/2021,FEU,Z01,23,0.13800565024
05/15/2021,FEU,Z02,23,0.1570346477
05/15/2021,FEU,Z03,23,0.1570346477
05/15/2021,FEU,Z01,24,0.13391481032
05/15/2021,FEU,Z02,24,0.08388252132
05/15/2021,FEU,Z03,24,0.08883187148
05/15/2021,FEU,Z01,3,0.13320710482
05/15/2021,FEU,Z02,3,0.08277202566
05/15/2021,FEU,Z03,3,0.07886884756
05/15/2021,FEU,Z01,4,0.13004942584
05/15/2021,FEU,Z02,4,0.07968676282
05/15/2021,FEU,Z03,4,0.075755439
05/15/2021,FEU,Z01,5,0.12837853356
05/15/2021,FEU,Z02,5,0.07802705368
05/15/2021,FEU,Z03,5,0.07414929086
05/15/2021,FEU,Z01,6,0.12687650498
05/15/2021,FEU,Z02,6,0.07666005396
05/15/2021,FEU,Z03,6,0.07282013314
05/15/2021,FEU,Z01,7,0.12670295882
05/15/2021,FEU,Z02,7,0.07656114666
05/15/2021,FEU,Z03,7,0.07284203356
05/15/2021,FEU,Z01,8,0.13274447178
05/15/2021,FEU,Z02,8,0.0825446962
05/15/2021,FEU,Z03,8,0.08761100394
05/15/2021,FEU,Z01,9,0.13045654228
05/15/2021,FEU,Z02,9,0.08078440086
05/15/2021,FEU,Z03,9,0.08541062344
05/16/2021,FEU,Z01,1,0.11116340576
05/16/2021,FEU,Z02,1,0.0620119569
05/16/2021,FEU,Z03,1,0.06595113692
05/16/2021,FEU,Z01,10,0.08699148582
05/16/2021,FEU,Z02,10,0.03914859898
05/16/2021,FEU,Z03,10,0.04173684112
05/16/2021,FEU,Z01,11,0.08189948678
05/16/2021,FEU,Z02,11,0.03436816952
05/16/2021,FEU,Z03,11,0.03667565508
05/16/2021,FEU,Z01,12,0.07302243648
05/16/2021,FEU,Z02,12,0.02585835994
05/16/2021,FEU,Z03,12,0.02777927978
05/16/2021,FEU,Z01,13,0.07227572134
05/16/2021,FEU,Z02,13,0.02511321994
05/16/2021,FEU,Z03,13,0.02702684164
05/16/2021,FEU,Z01,14,0.06807380658
05/16/2021,FEU,Z02,14,0.08639167646
05/16/2021,FEU,Z03,14,0.08639167646
05/16/2021,FEU,Z01,15,0.06195887072
05/16/2021,FEU,Z02,15,0.08025114746
05/16/2021,FEU,Z03,15,0.08025114746
05/16/2021,FEU,Z01,16,0.06150910802
05/16/2021,FEU,Z02,16,0.07979683476
05/16/2021,FEU,Z03,16,0.07979683476
05/16/2021,FEU,Z01,17,0.06378473546
05/16/2021,FEU,Z02,17,0.0820902062
05/16/2021,FEU,Z03,17,0.0820902062
05/16/2021,FEU,Z01,18,0.0640182369
05/16/2021,FEU,Z02,18,0.0823440355
05/16/2021,FEU,Z03,18,0.0823440355
05/16/2021,FEU,Z01,19,0.06823491906
05/16/2021,FEU,Z02,19,0.0865747148
05/16/2021,FEU,Z03,19,0.0865747148
05/16/2021,FEU,Z01,2,0.1083011671
05/16/2021,FEU,Z02,2,0.0590436348
05/16/2021,FEU,Z03,2,0.05579440784
05/16/2021,FEU,Z01,20,0.10058420378
05/16/2021,FEU,Z02,20,0.11922053138
05/16/2021,FEU,Z03,20,0.11922053138
05/16/2021,FEU,Z01,21,0.12049976336
05/16/2021,FEU,Z02,21,0.13930582596
05/16/2021,FEU,Z03,21,0.13930582596
05/16/2021,FEU,Z01,22,0.14057411978
05/16/2021,FEU,Z02,22,0.15955136738
05/16/2021,FEU,Z03,22,0.15955136738
05/16/2021,FEU,Z01,23,0.1405391591
05/16/2021,FEU,Z02,23,0.1595094927
05/16/2021,FEU,Z03,23,0.1595094927
05/16/2021,FEU,Z01,24,0.13734024548
05/16/2021,FEU,Z02,24,0.08708957962
05/16/2021,FEU,Z03,24,0.0923222035
05/16/2021,FEU,Z01,3,0.10662212756
05/16/2021,FEU,Z02,3,0.05728219768
05/16/2021,FEU,Z03,3,0.05405052886
05/16/2021,FEU,Z01,4,0.09041623328
05/16/2021,FEU,Z02,4,0.0418263634
05/16/2021,FEU,Z03,4,0.03907781058
05/16/2021,FEU,Z01,5,0.090528075
05/16/2021,FEU,Z02,5,0.04189657126
05/16/2021,FEU,Z03,5,0.03911240058
05/16/2021,FEU,Z01,6,0.09075930156
05/16/2021,FEU,Z02,6,0.04215776968
05/16/2021,FEU,Z03,6,0.03939714786
05/16/2021,FEU,Z01,7,0.09073464854
05/16/2021,FEU,Z02,7,0.04221797938
05/16/2021,FEU,Z03,7,0.03948468342
05/16/2021,FEU,Z01,8,0.09403617152
05/16/2021,FEU,Z02,8,0.04542132822
05/16/2021,FEU,Z03,8,0.04871563154
05/16/2021,FEU,Z01,9,0.0994891499
05/16/2021,FEU,Z02,9,0.05082813304
05/16/2021,FEU,Z03,9,0.05422310006
05/17/2021,FEU,Z01,1,0.1334430692
05/17/2021,FEU,Z02,1,0.08328454848
05/17/2021,FEU,Z03,1,0.08832489836
05/17/2021,FEU,Z01,10,0.1524522404
05/17/2021,FEU,Z02,10,0.10320202702
05/17/2021,FEU,Z03,10,0.10756971184
05/17/2021,FEU,Z01,11,0.14738569068
05/17/2021,FEU,Z02,11,0.0982857553
05/17/2021,FEU,Z03,11,0.10249321612
05/17/2021,FEU,Z01,12,0.14767932812
05/17/2021,FEU,Z02,12,0.09856587374
05/17/2021,FEU,Z03,12,0.10277336756
05/17/2021,FEU,Z01,13,0.14354072012
05/17/2021,FEU,Z02,13,0.09454685774
05/17/2021,FEU,Z03,13,0.09861911756
05/17/2021,FEU,Z01,14,0.14137646738
05/17/2021,FEU,Z02,14,0.1601259404
05/17/2021,FEU,Z03,14,0.1601259404
05/17/2021,FEU,Z01,15,0.13937809724
05/17/2021,FEU,Z02,15,0.15811484726
05/17/2021,FEU,Z03,15,0.15811484726
05/17/2021,FEU,Z01,16,0.13592285366
05/17/2021,FEU,Z02,16,0.15472074554
05/17/2021,FEU,Z03,16,0.15472074554
05/17/2021,FEU,Z01,17,0.1343036718
05/17/2021,FEU,Z02,17,0.15301163582
05/17/2021,FEU,Z03,17,0.15301163582
05/17/2021,FEU,Z01,18,0.1366213018
05/17/2021,FEU,Z02,18,0.15534248582
05/17/2021,FEU,Z03,18,0.15534248582
05/17/2021,FEU,Z01,19,0.14330823668
05/17/2021,FEU,Z02,19,0.16215504956
05/17/2021,FEU,Z03,19,0.16215504956
05/17/2021,FEU,Z01,2,0.12608792808
05/17/2021,FEU,Z02,2,0.07610874364
05/17/2021,FEU,Z03,2,0.0724539004
05/17/2021,FEU,Z01,20,0.15248830642
05/17/2021,FEU,Z02,20,0.1713961133
05/17/2021,FEU,Z03,20,0.1713961133
05/17/2021,FEU,Z01,21,0.1566335633
05/17/2021,FEU,Z02,21,0.17566363304
05/17/2021,FEU,Z03,21,0.17566363304
05/17/2021,FEU,Z01,22,0.16388158904
05/17/2021,FEU,Z02,22,0.18296103878
05/17/2021,FEU,Z03,22,0.18296103878
05/17/2021,FEU,Z01,23,0.15860147108
05/17/2021,FEU,Z02,23,0.17772897368
05/17/2021,FEU,Z03,23,0.17772897368
05/17/2021,FEU,Z01,24,0.15580252916
05/17/2021,FEU,Z02,24,0.10504523788
05/17/2021,FEU,Z03,24,0.11085106232
05/17/2021,FEU,Z01,3,0.1283118721
05/17/2021,FEU,Z02,3,0.0781631748
05/17/2021,FEU,Z03,3,0.07433063984
05/17/2021,FEU,Z01,4,0.14060692068
05/17/2021,FEU,Z02,4,0.08983649452
05/17/2021,FEU,Z03,4,0.08565087556
05/17/2021,FEU,Z01,5,0.14738916254
05/17/2021,FEU,Z02,5,0.09623229652
05/17/2021,FEU,Z03,5,0.09193240542
05/17/2021,FEU,Z01,6,0.1480626878
05/17/2021,FEU,Z02,6,0.09711568336
05/17/2021,FEU,Z03,6,0.09285681012
05/17/2021,FEU,Z01,7,0.1552941213
05/17/2021,FEU,Z02,7,0.10455727302
05/17/2021,FEU,Z03,7,0.10030150836
05/17/2021,FEU,Z01,8,0.15632932764
05/17/2021,FEU,Z02,8,0.10619591638
05/17/2021,FEU,Z03,8,0.11141875394
05/17/2021,FEU,Z01,9,0.15782347816
05/17/2021,FEU,Z02,9,0.10802300734
05/17/2021,FEU,Z03,9,0.11299156046
05/18/2021,FEU,Z01,1,0.15684330716
05/18/2021,FEU,Z02,1,0.10595492902
05/18/2021,FEU,Z03,1,0.11189701832
05/18/2021,FEU,Z01,10,0.1532160404
05/18/2021,FEU,Z02,10,0.10394371702
05/18/2021,FEU,Z03,10,0.10833619184
05/18/2021,FEU,Z01,11,0.14803321268
05/18/2021,FEU,Z02,11,0.09900201116
05/18/2021,FEU,Z03,11,0.10314301412
05/18/2021,FEU,Z01,12,0.14594438326
05/18/2021,FEU,Z02,12,0.09688236488
05/18/2021,FEU,Z03,12,0.1010351097
05/18/2021,FEU,Z01,13,0.13830756554
05/18/2021,FEU,Z02,13,0.08946829116
05/18/2021,FEU,Z03,13,0.09337929398
05/18/2021,FEU,Z01,14,0.1315735918
05/18/2021,FEU,Z02,14,0.15026350682
05/18/2021,FEU,Z03,14,0.15026350682
05/18/2021,FEU,Z01,15,0.12662661752
05/18/2021,FEU,Z02,15,0.14528526954
05/18/2021,FEU,Z03,15,0.14528526954
05/18/2021,FEU,Z01,16,0.12556657808
05/18/2021,FEU,Z02,16,0.14429232096
05/18/2021,FEU,Z03,16,0.14429232096
05/18/2021,FEU,Z01,17,0.12376660022
05/18/2021,FEU,Z02,17,0.1424799361
05/18/2021,FEU,Z03,17,0.1424799361
05/18/2021,FEU,Z01,18,0.1283497018
05/18/2021,FEU,Z02,18,0.14709441068
05/18/2021,FEU,Z03,18,0.14709441068
05/18/2021,FEU,Z01,19,0.14101269054
05/18/2021,FEU,Z02,19,0.15984291042
05/18/2021,FEU,Z03,19,0.15984291042
05/18/2021,FEU,Z01,2,0.15796066434
05/18/2021,FEU,Z02,2,0.10675703062
05/18/2021,FEU,Z03,2,0.10228585324
05/18/2021,FEU,Z01,20,0.15033089686
05/18/2021,FEU,Z02,20,0.1693141576
05/18/2021,FEU,Z03,20,0.1693141576
05/18/2021,FEU,Z01,21,0.15632955872
05/18/2021,FEU,Z02,21,0.17535794546
05/18/2021,FEU,Z03,21,0.17535794546
05/18/2021,FEU,Z01,22,0.16057703674
05/18/2021,FEU,Z02,22,0.17963527648
05/18/2021,FEU,Z03,22,0.17963527648
05/18/2021,FEU,Z01,23,0.15310175978
05/18/2021,FEU,Z02,23,0.17218580738
05/18/2021,FEU,Z03,23,0.17218580738
05/18/2021,FEU,Z01,24,0.15053845572
05/18/2021,FEU,Z02,24,0.09999210444
05/18/2021,FEU,Z03,24,0.10549193602
05/18/2021,FEU,Z01,3,0.15274148222
05/18/2021,FEU,Z02,3,0.10159022278
05/18/2021,FEU,Z03,3,0.09719398554
05/18/2021,FEU,Z01,4,0.15198276408
05/18/2021,FEU,Z02,4,0.1009477355
05/18/2021,FEU,Z03,4,0.0964919404
05/18/2021,FEU,Z01,5,0.15189485222
05/18/2021,FEU,Z02,5,0.10086370764
05/18/2021,FEU,Z03,5,0.0964919404
05/18/2021,FEU,Z01,6,0.15044918634
05/18/2021,FEU,Z02,6,0.09956480962
05/18/2021,FEU,Z03,6,0.09529814524
05/18/2021,FEU,Z01,7,0.15523118228
05/18/2021,FEU,Z02,7,0.10458708086
05/18/2021,FEU,Z03,7,0.10049588092
05/18/2021,FEU,Z01,8,0.15923420378
05/18/2021,FEU,Z02,8,0.10899979752
05/18/2021,FEU,Z03,8,0.11434001708
05/18/2021,FEU,Z01,9,0.15825050602
05/18/2021,FEU,Z02,9,0.1084367632
05/18/2021,FEU,Z03,9,0.11332128446
05/19/2021,FEU,Z01,1,0.14663291544
05/19/2021,FEU,Z02,1,0.09624156616
05/19/2021,FEU,Z03,1,0.10156224674
05/19/2021,FEU,Z01,10,0.1557210561
05/19/2021,FEU,Z02,10,0.10647702358
05/19/2021,FEU,Z03,10,0.11077489668
05/19/2021,FEU,Z01,11,0.15021976152
05/19/2021,FEU,Z02,11,0.10122447286
05/19/2021,FEU,Z03,11,0.10536080896
05/19/2021,FEU,Z01,12,0.14788450496
05/19/2021,FEU,Z02,12,0.09886010944
05/19/2021,FEU,Z03,12,0.1030016204
05/19/2021,FEU,Z01,13,0.14346773696
05/19/2021,FEU,Z02,13,0.09456775744
05/19/2021,FEU,Z03,13,0.0985693004
05/19/2021,FEU,Z01,14,0.13971703122
05/19/2021,FEU,Z02,14,0.15845854124
05/19/2021,FEU,Z03,14,0.15845854124
05/19/2021,FEU,Z01,15,0.12876220208
05/19/2021,FEU,Z02,15,0.1474353461
05/19/2021,FEU,Z03,15,0.1474353461
05/19/2021,FEU,Z01,16,0.12737706264
05/19/2021,FEU,Z02,16,0.14611717752
05/19/2021,FEU,Z03,16,0.14611717752
05/19/2021,FEU,Z01,17,0.12783340664
05/19/2021,FEU,Z02,17,0.14650319666
05/19/2021,FEU,Z03,17,0.14650319666
05/19/2021,FEU,Z01,18,0.13534431636
05/19/2021,FEU,Z02,18,0.15414140324
05/19/2021,FEU,Z03,18,0.15414140324
05/19/2021,FEU,Z01,19,0.1447626311
05/19/2021,FEU,Z02,19,0.16353221412
05/19/2021,FEU,Z03,19,0.16353221412
05/19/2021,FEU,Z01,2,0.14033175218
05/19/2021,FEU,Z02,2,0.09003413018
05/19/2021,FEU,Z03,2,0.08610329866
05/19/2021,FEU,Z01,20,0.1518583597
05/19/2021,FEU,Z02,20,0.17076164558
05/19/2021,FEU,Z03,20,0.17076164558
05/19/2021,FEU,Z01,21,0.15716668586
05/19/2021,FEU,Z02,21,0.17610495674
05/19/2021,FEU,Z03,21,0.17610495674
05/19/2021,FEU,Z01,22,0.15839554988
05/19/2021,FEU,Z02,22,0.17743747262
05/19/2021,FEU,Z03,22,0.17743747262
05/19/2021,FEU,Z01,23,0.15660212392
05/19/2021,FEU,Z02,23,0.17571668852
05/19/2021,FEU,Z03,23,0.17571668852
05/19/2021,FEU,Z01,24,0.15166833028
05/19/2021,FEU,Z02,24,0.10124997472
05/19/2021,FEU,Z03,24,0.10672864744
05/19/2021,FEU,Z01,3,0.13871631134
05/19/2021,FEU,Z02,3,0.08833360162
05/19/2021,FEU,Z03,3,0.0844570261
05/19/2021,FEU,Z01,4,0.1384597092
05/19/2021,FEU,Z02,4,0.08808736448
05/19/2021,FEU,Z03,4,0.0841460361
05/19/2021,FEU,Z01,5,0.1400200892
05/19/2021,FEU,Z02,5,0.08958123648
05/19/2021,FEU,Z03,5,0.0855988361
05/19/2021,FEU,Z01,6,0.14507336918
05/19/2021,FEU,Z02,6,0.09457913418
05/19/2021,FEU,Z03,6,0.09052437766
05/19/2021,FEU,Z01,7,0.15744563312
05/19/2021,FEU,Z02,7,0.10680682156
05/19/2021,FEU,Z03,7,0.10274011548
05/19/2021,FEU,Z01,8,0.1628964469
05/19/2021,FEU,Z02,8,0.11273174236
05/19/2021,FEU,Z03,8,0.1180501262
05/19/2021,FEU,Z01,9,0.166000439
05/19/2021,FEU,Z02,9,0.11604447804
05/19/2021,FEU,Z03,9,0.12112575644
05/20/2021,FEU,Z01,1,0.14943982772
05/20/2021,FEU,Z02,1,0.0990211633
05/20/2021,FEU,Z03,1,0.10447404688
05/20/2021,FEU,Z01,10,0.15155646068
05/20/2021,FEU,Z02,10,0.1023355803
05/20/2021,FEU,Z03,10,0.10667864612
05/20/2021,FEU,Z01,11,0.14803234754
05/20/2021,FEU,Z02,11,0.09891131916
05/20/2021,FEU,Z03,11,0.10313822798
05/20/2021,FEU,Z01,12,0.14847987012
05/20/2021,FEU,Z02,12,0.09934328274
05/20/2021,FEU,Z03,12,0.10357556756
05/20/2021,FEU,Z01,13,0.14836558526
05/20/2021,FEU,Z02,13,0.09923243288
05/20/2021,FEU,Z03,13,0.1034647997
05/20/2021,FEU,Z01,14,0.14765691352
05/20/2021,FEU,Z02,14,0.1665373004
05/20/2021,FEU,Z03,14,0.1665373004
05/20/2021,FEU,Z01,15,0.14368389524
05/20/2021,FEU,Z02,15,0.16253524812
05/20/2021,FEU,Z03,15,0.16253524812
05/20/2021,FEU,Z01,16,0.13436094266
05/20/2021,FEU,Z02,16,0.15314778654
05/20/2021,FEU,Z03,16,0.15314778654
05/20/2021,FEU,Z01,17,0.1328584018
05/20/2021,FEU,Z02,17,0.15163503068
05/20/2021,FEU,Z03,17,0.15163503068
05/20/2021,FEU,Z01,18,0.13549846338
05/20/2021,FEU,Z02,18,0.1542116204
05/20/2021,FEU,Z03,18,0.1542116204
05/20/2021,FEU,Z01,19,0.1410169004
05/20/2021,FEU,Z02,19,0.15984669528
05/20/2021,FEU,Z03,19,0.15984669528
05/20/2021,FEU,Z01,2,0.14414045432
05/20/2021,FEU,Z02,2,0.09368631532
05/20/2021,FEU,Z03,2,0.0896529918
05/20/2021,FEU,Z01,20,0.14953950914
05/20/2021,FEU,Z02,20,0.16842575602
05/20/2021,FEU,Z03,20,0.16842575602
05/20/2021,FEU,Z01,21,0.15506010244
05/20/2021,FEU,Z02,21,0.17398099532
05/20/2021,FEU,Z03,21,0.17398099532
05/20/2021,FEU,Z01,22,0.15852697946
05/20/2021,FEU,Z02,22,0.1775668862
05/20/2021,FEU,Z03,22,0.1775668862
05/20/2021,FEU,Z01,23,0.15668763536
05/20/2021,FEU,Z02,23,0.17580023196
05/20/2021,FEU,Z03,23,0.17580023196
05/20/2021,FEU,Z01,24,0.1572763463
05/20/2021,FEU,Z02,24,0.10645938102
05/20/2021,FEU,Z03,24,0.11233627646
05/20/2021,FEU,Z01,3,0.14285534948
05/20/2021,FEU,Z02,3,0.09237375562
05/20/2021,FEU,Z03,3,0.08830930324
05/20/2021,FEU,Z01,4,0.14560975634
05/20/2021,FEU,Z02,4,0.09493298662
05/20/2021,FEU,Z03,4,0.09079616524
05/20/2021,FEU,Z01,5,0.15012680948
05/20/2021,FEU,Z02,5,0.09933957862
05/20/2021,FEU,Z03,5,0.09507928324
05/20/2021,FEU,Z01,6,0.15273830046
05/20/2021,FEU,Z02,6,0.10192848346
05/20/2021,FEU,Z03,6,0.0977528318
05/20/2021,FEU,Z01,7,0.15833067626
05/20/2021,FEU,Z02,7,0.10774883356
05/20/2021,FEU,Z03,7,0.10356718562
05/20/2021,FEU,Z01,8,0.16050510662
05/20/2021,FEU,Z02,8,0.11042049808
05/20/2021,FEU,Z03,8,0.11564047192
05/20/2021,FEU,Z01,9,0.16397883872
05/20/2021,FEU,Z02,9,0.11408491576
05/20/2021,FEU,Z03,9,0.11918973402
05/21/2021,FEU,Z01,1,0.15331456958
05/21/2021,FEU,Z02,1,0.1026559483
05/21/2021,FEU,Z03,1,0.10836287174
05/21/2021,FEU,Z01,10,0.14590653524
05/21/2021,FEU,Z02,10,0.09693945972
05/21/2021,FEU,Z03,10,0.10093826882
05/21/2021,FEU,Z01,11,0.14266468838
05/21/2021,FEU,Z02,11,0.09387479772
05/21/2021,FEU,Z03,11,0.09777513482
05/21/2021,FEU,Z01,12,0.14219314682
05/21/2021,FEU,Z02,12,0.0933276203
05/21/2021,FEU,Z03,12,0.09728632126
05/21/2021,FEU,Z01,13,0.14025342482
05/21/2021,FEU,Z02,13,0.0914424903
05/21/2021,FEU,Z03,13,0.09534091626
05/21/2021,FEU,Z01,14,0.1290503018
05/21/2021,FEU,Z02,14,0.14772458582
05/21/2021,FEU,Z03,14,0.14772458582
05/21/2021,FEU,Z01,15,0.11600732552
05/21/2021,FEU,Z02,15,0.13460031054
05/21/2021,FEU,Z03,15,0.13460031054
05/21/2021,FEU,Z01,16,0.10942126166
05/21/2021,FEU,Z02,16,0.12803169754
05/21/2021,FEU,Z03,16,0.12803169754
05/21/2021,FEU,Z01,17,0.10167620552
05/21/2021,FEU,Z02,17,0.1202316404
05/21/2021,FEU,Z03,17,0.1202316404
05/21/2021,FEU,Z01,18,0.09976030682
05/21/2021,FEU,Z02,18,0.1183011847
05/21/2021,FEU,Z03,18,0.1183011847
05/21/2021,FEU,Z01,19,0.10148202098
05/21/2021,FEU,Z02,19,0.12003374886
05/21/2021,FEU,Z03,19,0.12003374886
05/21/2021,FEU,Z01,2,0.15326233218
05/21/2021,FEU,Z02,2,0.10243171018
05/21/2021,FEU,Z03,2,0.09815975866
05/21/2021,FEU,Z01,20,0.11515863886
05/21/2021,FEU,Z02,20,0.1338657176
05/21/2021,FEU,Z03,20,0.1338657176
05/21/2021,FEU,Z01,21,0.13078072388
05/21/2021,FEU,Z02,21,0.14960685662
05/21/2021,FEU,Z03,21,0.14960685662
05/21/2021,FEU,Z01,22,0.14498144876
05/21/2021,FEU,Z02,22,0.1639137105
05/21/2021,FEU,Z03,22,0.1639137105
05/21/2021,FEU,Z01,23,0.14531708294
05/21/2021,FEU,Z02,23,0.16433122854
05/21/2021,FEU,Z03,23,0.16433122854
05/21/2021,FEU,Z01,24,0.14537597258
05/21/2021,FEU,Z02,24,0.0950341033
05/21/2021,FEU,Z03,24,0.10038468074
05/21/2021,FEU,Z01,3,0.15381484534
05/21/2021,FEU,Z02,3,0.10278806362
05/21/2021,FEU,Z03,3,0.09842911924
05/21/2021,FEU,Z01,4,0.15461524106
05/21/2021,FEU,Z02,4,0.10355310834
05/21/2021,FEU,Z03,4,0.09917824096
05/21/2021,FEU,Z01,5,0.15473031434
05/21/2021,FEU,Z02,5,0.10375141248
05/21/2021,FEU,Z03,5,0.0993686561
05/21/2021,FEU,Z01,6,0.15270444632
05/21/2021,FEU,Z02,6,0.10189700732
05/21/2021,FEU,Z03,6,0.0976375718
05/21/2021,FEU,Z01,7,0.15520017284
05/21/2021,FEU,Z02,7,0.10464628728
05/21/2021,FEU,Z03,7,0.10054734034
05/21/2021,FEU,Z01,8,0.15451029248
05/21/2021,FEU,Z02,8,0.10462530294
05/21/2021,FEU,Z03,8,0.10961597078
05/21/2021,FEU,Z01,9,0.15328781586
05/21/2021,FEU,Z02,9,0.1037289039
05/21/2021,FEU,Z03,9,0.1083649883
05/22/2021,FEU,Z01,1,0.13965489818
05/22/2021,FEU,Z02,1,0.08938401318
05/22/2021,FEU,Z03,1,0.09459517034
05/22/2021,FEU,Z01,10,0.14396760878
05/22/2021,FEU,Z02,10,0.09426681752
05/22/2021,FEU,Z03,10,0.09900834708
05/22/2021,FEU,Z01,11,0.13913901374
05/22/2021,FEU,Z02,11,0.08993392492
05/22/2021,FEU,Z03,11,0.09421442504
05/22/2021,FEU,Z01,12,0.13599696474
05/22/2021,FEU,Z02,12,0.08681671306
05/22/2021,FEU,Z03,12,0.09098306518
05/22/2021,FEU,Z01,13,0.13207954474
05/22/2021,FEU,Z02,13,0.08309870092
05/22/2021,FEU,Z03,13,0.08712450104
05/22/2021,FEU,Z01,14,0.12595016742
05/22/2021,FEU,Z02,14,0.14474444616
05/22/2021,FEU,Z03,14,0.14474444616
05/22/2021,FEU,Z01,15,0.11912211128
05/22/2021,FEU,Z02,15,0.13786128702
05/22/2021,FEU,Z03,15,0.13786128702
05/22/2021,FEU,Z01,16,0.116170939
05/22/2021,FEU,Z02,16,0.13482340388
05/22/2021,FEU,Z03,16,0.13482340388
05/22/2021,FEU,Z01,17,0.11322298644
05/22/2021,FEU,Z02,17,0.13191511518
05/22/2021,FEU,Z03,17,0.13191511518
05/22/2021,FEU,Z01,18,0.11602664588
05/22/2021,FEU,Z02,18,0.13473810962
05/22/2021,FEU,Z03,18,0.13473810962
05/22/2021,FEU,Z01,19,0.11727025118
05/22/2021,FEU,Z02,19,0.13605276878
05/22/2021,FEU,Z03,19,0.13605276878
05/22/2021,FEU,Z01,2,0.1376359778
05/22/2021,FEU,Z02,2,0.08714673136
05/22/2021,FEU,Z03,2,0.08310401826
05/22/2021,FEU,Z01,20,0.12703554662
05/22/2021,FEU,Z02,20,0.14590015622
05/22/2021,FEU,Z03,20,0.14590015622
05/22/2021,FEU,Z01,21,0.14507492078
05/22/2021,FEU,Z02,21,0.16409053838
05/22/2021,FEU,Z03,21,0.16409053838
05/22/2021,FEU,Z01,22,0.14989388336
05/22/2021,FEU,Z02,22,0.16894870996
05/22/2021,FEU,Z03,22,0.16894870996
05/22/2021,FEU,Z01,23,0.15007297824
05/22/2021,FEU,Z02,23,0.1692152827
05/22/2021,FEU,Z03,23,0.1692152827
05/22/2021,FEU,Z01,24,0.15204027032
05/22/2021,FEU,Z02,24,0.10126023132
05/22/2021,FEU,Z03,24,0.10704584348
05/22/2021,FEU,Z01,3,0.13814273482
05/22/2021,FEU,Z02,3,0.08748421566
05/22/2021,FEU,Z03,3,0.08344138756
05/22/2021,FEU,Z01,4,0.14005242984
05/22/2021,FEU,Z02,4,0.08923142982
05/22/2021,FEU,Z03,4,0.085001439
05/22/2021,FEU,Z01,5,0.14142041556
05/22/2021,FEU,Z02,5,0.09046184968
05/22/2021,FEU,Z03,5,0.08619680786
05/22/2021,FEU,Z01,6,0.14354637798
05/22/2021,FEU,Z02,6,0.09256549996
05/22/2021,FEU,Z03,6,0.08822937214
05/22/2021,FEU,Z01,7,0.15117824082
05/22/2021,FEU,Z02,7,0.09992959366
05/22/2021,FEU,Z03,7,0.09551793556
05/22/2021,FEU,Z01,8,0.15134385578
05/22/2021,FEU,Z02,8,0.1003380562
05/22/2021,FEU,Z03,8,0.10630163594
05/22/2021,FEU,Z01,9,0.14955146428
05/22/2021,FEU,Z02,9,0.09913018986
05/22/2021,FEU,Z03,9,0.10460117944
05/23/2021,FEU,Z01,1,0.15032225376
05/23/2021,FEU,Z02,1,0.0995284519
05/23/2021,FEU,Z03,1,0.10530320292
05/23/2021,FEU,Z01,10,0.14894457682
05/23/2021,FEU,Z02,10,0.09880519798
05/23/2021,FEU,Z03,10,0.10395089712
05/23/2021,FEU,Z01,11,0.14829011378
05/23/2021,FEU,Z02,11,0.09843823752
05/23/2021,FEU,Z03,11,0.10334927708
05/23/2021,FEU,Z01,12,0.15068042048
05/23/2021,FEU,Z02,12,0.10092218294
05/23/2021,FEU,Z03,12,0.10576970378
05/23/2021,FEU,Z01,13,0.15012995234
05/23/2021,FEU,Z02,13,0.10030349094
05/23/2021,FEU,Z03,13,0.10521406764
05/23/2021,FEU,Z01,14,0.14858433758
05/23/2021,FEU,Z02,14,0.16746082346
05/23/2021,FEU,Z03,14,0.16746082346
05/23/2021,FEU,Z01,15,0.13751163872
05/23/2021,FEU,Z02,15,0.15639301046
05/23/2021,FEU,Z03,15,0.15639301046
05/23/2021,FEU,Z01,16,0.12531418702
05/23/2021,FEU,Z02,16,0.14409823676
05/23/2021,FEU,Z03,16,0.14409823676
05/23/2021,FEU,Z01,17,0.12210640946
05/23/2021,FEU,Z02,17,0.1408639862
05/23/2021,FEU,Z03,17,0.1408639862
05/23/2021,FEU,Z01,18,0.1223509519
05/23/2021,FEU,Z02,18,0.1411774605
05/23/2021,FEU,Z03,18,0.1411774605
05/23/2021,FEU,Z01,19,0.12281405806
05/23/2021,FEU,Z02,19,0.1415733348
05/23/2021,FEU,Z03,19,0.1415733348
05/23/2021,FEU,Z01,2,0.1391440571
05/23/2021,FEU,Z02,2,0.0885141348
05/23/2021,FEU,Z03,2,0.08436580784
05/23/2021,FEU,Z01,20,0.12706937078
05/23/2021,FEU,Z02,20,0.14593148838
05/23/2021,FEU,Z03,20,0.14593148838
05/23/2021,FEU,Z01,21,0.14337531536
05/23/2021,FEU,Z02,21,0.16237471196
05/23/2021,FEU,Z03,21,0.16237471196
05/23/2021,FEU,Z01,22,0.14712297878
05/23/2021,FEU,Z02,22,0.16615723938
05/23/2021,FEU,Z03,22,0.16615723938
05/23/2021,FEU,Z01,23,0.1492974941
05/23/2021,FEU,Z02,23,0.1683417377
05/23/2021,FEU,Z03,23,0.1683417377
05/23/2021,FEU,Z01,24,0.15029976548
05/23/2021,FEU,Z02,24,0.09950645962
05/23/2021,FEU,Z03,24,0.1053562035
05/23/2021,FEU,Z01,3,0.13839761956
05/23/2021,FEU,Z02,3,0.08757976168
05/23/2021,FEU,Z03,3,0.08340333086
05/23/2021,FEU,Z01,4,0.13891725728
05/23/2021,FEU,Z02,4,0.0880733334
05/23/2021,FEU,Z03,4,0.08388684958
05/23/2021,FEU,Z01,5,0.142609325
05/23/2021,FEU,Z02,5,0.09151958626
05/23/2021,FEU,Z03,5,0.08715214558
05/23/2021,FEU,Z01,6,0.14491295356
05/23/2021,FEU,Z02,6,0.09379062568
05/23/2021,FEU,Z03,6,0.08942190986
05/23/2021,FEU,Z01,7,0.14887348454
05/23/2021,FEU,Z02,7,0.09772907138
05/23/2021,FEU,Z03,7,0.09330651142
05/23/2021,FEU,Z01,8,0.14909425152
05/23/2021,FEU,Z02,8,0.09802145822
05/23/2021,FEU,Z03,8,0.10408654154
05/23/2021,FEU,Z01,9,0.1486565549
05/23/2021,FEU,Z02,9,0.09793172104
05/23/2021,FEU,Z03,9,0.10363330706
05/24/2021,FEU,Z01,1,0.1407508692
05/24/2021,FEU,Z02,1,0.09028086848
05/24/2021,FEU,Z03,1,0.09566863836
05/24/2021,FEU,Z01,10,0.1424521604
05/24/2021,FEU,Z02,10,0.09349253002
05/24/2021,FEU,Z03,10,0.09753454384
05/24/2021,FEU,Z01,11,0.13095752268
05/24/2021,FEU,Z02,11,0.0823339753
05/24/2021,FEU,Z03,11,0.08600730412
05/24/2021,FEU,Z01,12,0.12530412212
05/24/2021,FEU,Z02,12,0.07683612774
05/24/2021,FEU,Z03,12,0.08031864356
05/24/2021,FEU,Z01,13,0.13031179212
05/24/2021,FEU,Z02,13,0.08170020174
05/24/2021,FEU,Z03,13,0.08534385356
05/24/2021,FEU,Z01,14,0.12791869338
05/24/2021,FEU,Z02,14,0.1465850204
05/24/2021,FEU,Z03,14,0.1465850204
05/24/2021,FEU,Z01,15,0.12437754524
05/24/2021,FEU,Z02,15,0.14302169926
05/24/2021,FEU,Z03,15,0.14302169926
05/24/2021,FEU,Z01,16,0.12334952666
05/24/2021,FEU,Z02,16,0.14205848254
05/24/2021,FEU,Z03,16,0.14205848254
05/24/2021,FEU,Z01,17,0.1248512218
05/24/2021,FEU,Z02,17,0.14349949382
05/24/2021,FEU,Z03,17,0.14349949382
05/24/2021,FEU,Z01,18,0.1265032818
05/24/2021,FEU,Z02,18,0.14516178782
05/24/2021,FEU,Z03,18,0.14516178782
05/24/2021,FEU,Z01,19,0.12737623668
05/24/2021,FEU,Z02,19,0.14611104956
05/24/2021,FEU,Z03,19,0.14611104956
05/24/2021,FEU,Z01,2,0.13144937608
05/24/2021,FEU,Z02,2,0.08123442764
05/24/2021,FEU,Z03,2,0.0774300004
05/24/2021,FEU,Z01,20,0.14158951242
05/24/2021,FEU,Z02,20,0.1604201483
05/24/2021,FEU,Z03,20,0.1604201483
05/24/2021,FEU,Z01,21,0.1514395283
05/24/2021,FEU,Z02,21,0.17042796104
05/24/2021,FEU,Z03,21,0.17042796104
05/24/2021,FEU,Z01,22,0.15456958904
05/24/2021,FEU,Z02,22,0.17357703878
05/24/2021,FEU,Z03,22,0.17357703878
05/24/2021,FEU,Z01,23,0.15443959708
05/24/2021,FEU,Z02,23,0.17353176968
05/24/2021,FEU,Z03,23,0.17353176968
05/24/2021,FEU,Z01,24,0.15596172116
05/24/2021,FEU,Z02,24,0.10519809388
05/24/2021,FEU,Z03,24,0.11101104632
05/24/2021,FEU,Z01,3,0.1316846571
05/24/2021,FEU,Z02,3,0.0813857548
05/24/2021,FEU,Z03,3,0.07745490384
05/24/2021,FEU,Z01,4,0.13140734268
05/24/2021,FEU,Z02,4,0.08105187052
05/24/2021,FEU,Z03,4,0.07713494956
05/24/2021,FEU,Z01,5,0.13099967054
05/24/2021,FEU,Z02,5,0.08059680052
05/24/2021,FEU,Z03,5,0.07675874242
05/24/2021,FEU,Z01,6,0.1301686478
05/24/2021,FEU,Z02,6,0.08000723536
05/24/2021,FEU,Z03,6,0.07624299412
05/24/2021,FEU,Z01,7,0.1427548913
05/24/2021,FEU,Z02,7,0.09251753102
05/24/2021,FEU,Z03,7,0.08858435236
05/24/2021,FEU,Z01,8,0.14638906964
05/24/2021,FEU,Z02,8,0.09660280538
05/24/2021,FEU,Z03,8,0.10143616094
05/24/2021,FEU,Z01,9,0.14751889416
05/24/2021,FEU,Z02,9,0.09804936034
05/24/2021,FEU,Z03,9,0.10264240646
05/25/2021,FEU,Z01,1,0.15423593516
05/25/2021,FEU,Z02,1,0.10345349502
05/25/2021,FEU,Z03,1,0.10927667432
05/25/2021,FEU,Z01,10,0.1462141604
05/25/2021,FEU,Z02,10,0.09714452302
05/25/2021,FEU,Z03,10,0.10130974384
05/25/2021,FEU,Z01,11,0.14478649868
05/25/2021,FEU,Z02,11,0.09584659316
05/25/2021,FEU,Z03,11,0.09988488812
05/25/2021,FEU,Z01,12,0.14409025826
05/25/2021,FEU,Z02,12,0.09508186488
05/25/2021,FEU,Z03,12,0.0991756297
05/25/2021,FEU,Z01,13,0.14268929854
05/25/2021,FEU,Z02,13,0.09372417916
05/25/2021,FEU,Z03,13,0.09777641498
05/25/2021,FEU,Z01,14,0.1409232118
05/25/2021,FEU,Z02,14,0.15967104482
05/25/2021,FEU,Z03,14,0.15967104482
05/25/2021,FEU,Z01,15,0.13601542552
05/25/2021,FEU,Z02,15,0.15473213554
05/25/2021,FEU,Z03,15,0.15473213554
05/25/2021,FEU,Z01,16,0.13014738608
05/25/2021,FEU,Z02,16,0.14890561696
05/25/2021,FEU,Z03,16,0.14890561696
05/25/2021,FEU,Z01,17,0.12743949322
05/25/2021,FEU,Z02,17,0.1461789011
05/25/2021,FEU,Z03,17,0.1461789011
05/25/2021,FEU,Z01,18,0.1300017618
05/25/2021,FEU,Z02,18,0.14875816668
05/25/2021,FEU,Z03,18,0.14875816668
05/25/2021,FEU,Z01,19,0.13170478254
05/25/2021,FEU,Z02,19,0.15046962642
05/25/2021,FEU,Z03,19,0.15046962642
05/25/2021,FEU,Z01,2,0.15424759034
05/25/2021,FEU,Z02,2,0.10320234862
05/25/2021,FEU,Z03,2,0.09883282324
05/25/2021,FEU,Z01,20,0.14398658486
05/25/2021,FEU,Z02,20,0.1629190776
05/25/2021,FEU,Z03,20,0.1629190776
05/25/2021,FEU,Z01,21,0.14776904672
05/25/2021,FEU,Z02,21,0.16673055446
05/25/2021,FEU,Z03,21,0.16673055446
05/25/2021,FEU,Z01,22,0.15069424374
05/25/2021,FEU,Z02,22,0.16967457248
05/25/2021,FEU,Z03,22,0.16967457248
05/25/2021,FEU,Z01,23,0.15130355078
05/25/2021,FEU,Z02,23,0.17037226838
05/25/2021,FEU,Z03,23,0.17037226838
05/25/2021,FEU,Z01,24,0.15123441372
05/25/2021,FEU,Z02,24,0.10066027044
05/25/2021,FEU,Z03,24,0.10619078902
05/25/2021,FEU,Z01,3,0.15564456422
05/25/2021,FEU,Z02,3,0.10436436778
05/25/2021,FEU,Z03,3,0.09988885954
05/25/2021,FEU,Z01,4,0.15638268808
05/25/2021,FEU,Z02,4,0.1051589355
05/25/2021,FEU,Z03,4,0.1005777004
05/25/2021,FEU,Z01,5,0.15631696022
05/25/2021,FEU,Z02,5,0.10509480364
05/25/2021,FEU,Z03,5,0.1006005004
05/25/2021,FEU,Z01,6,0.15539832634
05/25/2021,FEU,Z02,6,0.10430399662
05/25/2021,FEU,Z03,6,0.09990331924
05/25/2021,FEU,Z01,7,0.15499996828
05/25/2021,FEU,Z02,7,0.10436493786
05/25/2021,FEU,Z03,7,0.10027933492
05/25/2021,FEU,Z01,8,0.15330351578
05/25/2021,FEU,Z02,8,0.10327640552
05/25/2021,FEU,Z03,8,0.10838404908
05/25/2021,FEU,Z01,9,0.15253029802
05/25/2021,FEU,Z02,9,0.1028983632
05/25/2021,FEU,Z03,9,0.10758130046
05/26/2021,FEU,Z01,1,0.15272033944
05/26/2021,FEU,Z02,1,0.10208630216
05/26/2021,FEU,Z03,1,0.10767495074
05/26/2021,FEU,Z01,10,0.1510198861
05/26/2021,FEU,Z02,10,0.10190839758
05/26/2021,FEU,Z03,10,0.10606130068
05/26/2021,FEU,Z01,11,0.14767955352
05/26/2021,FEU,Z02,11,0.09875382886
05/26/2021,FEU,Z03,11,0.10281276096
05/26/2021,FEU,Z01,12,0.14699728896
05/26/2021,FEU,Z02,12,0.09799678144
05/26/2021,FEU,Z03,12,0.1021112804
05/26/2021,FEU,Z01,13,0.14770047296
05/26/2021,FEU,Z02,13,0.09868126144
05/26/2021,FEU,Z03,13,0.1028169404
05/26/2021,FEU,Z01,14,0.14619277322
05/26/2021,FEU,Z02,14,0.16497450524
05/26/2021,FEU,Z03,14,0.16497450524
05/26/2021,FEU,Z01,15,0.14532124208
05/26/2021,FEU,Z02,15,0.1640971461
05/26/2021,FEU,Z03,15,0.1640971461
05/26/2021,FEU,Z01,16,0.14204076664
05/26/2021,FEU,Z02,16,0.16088524952
05/26/2021,FEU,Z03,16,0.16088524952
05/26/2021,FEU,Z01,17,0.14208685064
05/26/2021,FEU,Z02,17,0.16084427666
05/26/2021,FEU,Z03,17,0.16084427666
05/26/2021,FEU,Z01,18,0.14430727636
05/26/2021,FEU,Z02,18,0.16316690924
05/26/2021,FEU,Z03,18,0.16316690924
05/26/2021,FEU,Z01,19,0.1454538461
05/26/2021,FEU,Z02,19,0.16422883412
05/26/2021,FEU,Z03,19,0.16422883412
05/26/2021,FEU,Z01,2,0.14774560818
05/26/2021,FEU,Z02,2,0.09714122318
05/26/2021,FEU,Z03,2,0.09301597066
05/26/2021,FEU,Z01,20,0.1477890297
05/26/2021,FEU,Z02,20,0.16666388358
05/26/2021,FEU,Z03,20,0.16666388358
05/26/2021,FEU,Z01,21,0.15199063886
05/26/2021,FEU,Z02,21,0.17089177474
05/26/2021,FEU,Z03,21,0.17089177474
05/26/2021,FEU,Z01,22,0.15617450588
05/26/2021,FEU,Z02,22,0.17519799962
05/26/2021,FEU,Z03,22,0.17519799962
05/26/2021,FEU,Z01,23,0.15363930792
05/26/2021,FEU,Z02,23,0.17272859252
05/26/2021,FEU,Z03,23,0.17272859252
05/26/2021,FEU,Z01,24,0.15386905628
05/26/2021,FEU,Z02,24,0.10336619872
05/26/2021,FEU,Z03,24,0.10894039544
05/26/2021,FEU,Z01,3,0.14840614234
05/26/2021,FEU,Z02,3,0.09761008462
05/26/2021,FEU,Z03,3,0.0934802761
05/26/2021,FEU,Z01,4,0.1503376292
05/26/2021,FEU,Z02,4,0.09945901248
05/26/2021,FEU,Z03,4,0.0951963961
05/26/2021,FEU,Z01,5,0.1503998492
05/26/2021,FEU,Z02,5,0.09951858048
05/26/2021,FEU,Z03,5,0.0952542811
05/26/2021,FEU,Z01,6,0.15469003318
05/26/2021,FEU,Z02,6,0.10380056118
05/26/2021,FEU,Z03,6,0.09949207666
05/26/2021,FEU,Z01,7,0.15609032912
05/26/2021,FEU,Z02,7,0.10550381956
05/26/2021,FEU,Z03,7,0.10146783148
05/26/2021,FEU,Z01,8,0.1547589219
05/26/2021,FEU,Z02,8,0.10486663236
05/26/2021,FEU,Z03,8,0.1098776762
05/26/2021,FEU,Z01,9,0.157921689
05/26/2021,FEU,Z02,9,0.10821751404
05/26/2021,FEU,Z03,9,0.11301890644
05/27/2021,FEU,Z01,1,0.15911712972
05/27/2021,FEU,Z02,1,0.1083200683
05/27/2021,FEU,Z03,1,0.11419844688
05/27/2021,FEU,Z01,10,0.15513888468
05/27/2021,FEU,Z02,10,0.1058130153
05/27/2021,FEU,Z03,10,0.11027366212
05/27/2021,FEU,Z01,11,0.15337425754
05/27/2021,FEU,Z02,11,0.10409956516
05/27/2021,FEU,Z03,11,0.10849889798
05/27/2021,FEU,Z01,12,0.15195840212
05/27/2021,FEU,Z02,12,0.10272018774
05/27/2021,FEU,Z03,12,0.10706628356
05/27/2021,FEU,Z01,13,0.15195631226
05/27/2021,FEU,Z02,13,0.10272041688
05/27/2021,FEU,Z03,13,0.1070681147
05/27/2021,FEU,Z01,14,0.15073708552
05/27/2021,FEU,Z02,14,0.1696392404
05/27/2021,FEU,Z03,14,0.1696392404
05/27/2021,FEU,Z01,15,0.14988914324
05/27/2021,FEU,Z02,15,0.16878427212
05/27/2021,FEU,Z03,15,0.16878427212
05/27/2021,FEU,Z01,16,0.14967807566
05/27/2021,FEU,Z02,16,0.16857326354
05/27/2021,FEU,Z03,16,0.16857326354
05/27/2021,FEU,Z01,17,0.1501813018
05/27/2021,FEU,Z02,17,0.16908057068
05/27/2021,FEU,Z03,17,0.16908057068
05/27/2021,FEU,Z01,18,0.15129135038
05/27/2021,FEU,Z02,18,0.1701020804
05/27/2021,FEU,Z03,18,0.1701020804
05/27/2021,FEU,Z01,19,0.1531807004
05/27/2021,FEU,Z02,19,0.17209585528
05/27/2021,FEU,Z03,19,0.17209585528
05/27/2021,FEU,Z01,2,0.15944680232
05/27/2021,FEU,Z02,2,0.10836121332
05/27/2021,FEU,Z03,2,0.1039248918
05/27/2021,FEU,Z01,20,0.15490648814
05/27/2021,FEU,Z02,20,0.17382894602
05/27/2021,FEU,Z03,20,0.17382894602
05/27/2021,FEU,Z01,21,0.15772007244
05/27/2021,FEU,Z02,21,0.17665940532
05/27/2021,FEU,Z03,21,0.17665940532
05/27/2021,FEU,Z01,22,0.16091980046
05/27/2021,FEU,Z02,22,0.1799782562
05/27/2021,FEU,Z03,22,0.1799782562
05/27/2021,FEU,Z01,23,0.15951709136
05/27/2021,FEU,Z02,23,0.17865374796
05/27/2021,FEU,Z03,23,0.17865374796
05/27/2021,FEU,Z01,24,0.1598815563
05/27/2021,FEU,Z02,24,0.10896197202
05/27/2021,FEU,Z03,24,0.11495445846
05/27/2021,FEU,Z01,3,0.16000600748
05/27/2021,FEU,Z02,3,0.10880628262
05/27/2021,FEU,Z03,3,0.10427829124
05/27/2021,FEU,Z01,4,0.16067050134
05/27/2021,FEU,Z02,4,0.10935127162
05/27/2021,FEU,Z03,4,0.10480786924
05/27/2021,FEU,Z01,5,0.16052609348
05/27/2021,FEU,Z02,5,0.10930342462
05/27/2021,FEU,Z03,5,0.10476137524
05/27/2021,FEU,Z01,6,0.16007696046
05/27/2021,FEU,Z02,6,0.10896530446
05/27/2021,FEU,Z03,6,0.1046017618
05/27/2021,FEU,Z01,7,0.16042207226
05/27/2021,FEU,Z02,7,0.10976235556
05/27/2021,FEU,Z03,7,0.10552863762
05/27/2021,FEU,Z01,8,0.15927275462
05/27/2021,FEU,Z02,8,0.10922933008
05/27/2021,FEU,Z03,8,0.11440283992
05/27/2021,FEU,Z01,9,0.15921877472
05/27/2021,FEU,Z02,9,0.10947360376
05/27/2021,FEU,Z03,9,0.11440901002
05/28/2021,FEU,Z01,1,0.16409826158
05/28/2021,FEU,Z02,1,0.1130105233
05/28/2021,FEU,Z03,1,0.11920034774
05/28/2021,FEU,Z01,10,0.16166686724
05/28/2021,FEU,Z02,10,0.11225615772
05/28/2021,FEU,Z03,10,0.11674029482
05/28/2021,FEU,Z01,11,0.15735290038
05/28/2021,FEU,Z02,11,0.10816112572
05/28/2021,FEU,Z03,11,0.11251520282
05/28/2021,FEU,Z01,12,0.15650683982
05/28/2021,FEU,Z02,12,0.1072384653
05/28/2021,FEU,Z03,12,0.11165037026
05/28/2021,FEU,Z01,13,0.15594061382
05/28/2021,FEU,Z02,13,0.1066881753
05/28/2021,FEU,Z03,13,0.11108215226
05/28/2021,FEU,Z01,14,0.1528887818
05/28/2021,FEU,Z02,14,0.17171073782
05/28/2021,FEU,Z03,14,0.17171073782
05/28/2021,FEU,Z01,15,0.15046087752
05/28/2021,FEU,Z02,15,0.16926691454
05/28/2021,FEU,Z03,15,0.16926691454
05/28/2021,FEU,Z01,16,0.14928788066
05/28/2021,FEU,Z02,16,0.16818030854
05/28/2021,FEU,Z03,16,0.16818030854
05/28/2021,FEU,Z01,17,0.14894399752
05/28/2021,FEU,Z02,17,0.1678334804
05/28/2021,FEU,Z03,17,0.1678334804
05/28/2021,FEU,Z01,18,0.15053872682
05/28/2021,FEU,Z02,18,0.1694368847
05/28/2021,FEU,Z03,18,0.1694368847
05/28/2021,FEU,Z01,19,0.14994064898
05/28/2021,FEU,Z02,19,0.16883154486
05/28/2021,FEU,Z03,19,0.16883154486
05/28/2021,FEU,Z01,2,0.16391489818
05/28/2021,FEU,Z02,2,0.11264401318
05/28/2021,FEU,Z03,2,0.10809220066
05/28/2021,FEU,Z01,20,0.15303114286
05/28/2021,FEU,Z02,20,0.1720343576
05/28/2021,FEU,Z03,20,0.1720343576
05/28/2021,FEU,Z01,21,0.15849050588
05/28/2021,FEU,Z02,21,0.17753199962
05/28/2021,FEU,Z03,21,0.17753199962
05/28/2021,FEU,Z01,22,0.16317571276
05/28/2021,FEU,Z02,22,0.1822484105
05/28/2021,FEU,Z03,22,0.1822484105
05/28/2021,FEU,Z01,23,0.16123594094
05/28/2021,FEU,Z02,23,0.18038510654
05/28/2021,FEU,Z03,23,0.18038510654
05/28/2021,FEU,Z01,24,0.16001888858
05/28/2021,FEU,Z02,24,0.1090939183
05/28/2021,FEU,Z03,24,0.11510062874
05/28/2021,FEU,Z01,3,0.16390085134
05/28/2021,FEU,Z02,3,0.11244382162
05/28/2021,FEU,Z03,3,0.10781183524
05/28/2021,FEU,Z01,4,0.16610607206
05/28/2021,FEU,Z02,4,0.11455456734
05/28/2021,FEU,Z03,4,0.10986913696
05/28/2021,FEU,Z01,5,0.16583174734
05/28/2021,FEU,Z02,5,0.11438838848
05/28/2021,FEU,Z03,5,0.1097039661
05/28/2021,FEU,Z01,6,0.16504624232
05/28/2021,FEU,Z02,6,0.11372965332
05/28/2021,FEU,Z03,6,0.1091443618
05/28/2021,FEU,Z01,7,0.16343041484
05/28/2021,FEU,Z02,7,0.11256059928
05/28/2021,FEU,Z03,7,0.10826060734
05/28/2021,FEU,Z01,8,0.16406803648
05/28/2021,FEU,Z02,8,0.11386278094
05/28/2021,FEU,Z03,8,0.11921462978
05/28/2021,FEU,Z01,9,0.16526512186
05/28/2021,FEU,Z02,9,0.1153315939
05/28/2021,FEU,Z03,9,0.1203839183
05/29/2021,FEU,Z01,1,0.16779407218
05/29/2021,FEU,Z02,1,0.11636328718
05/29/2021,FEU,Z03,1,0.12287353234
05/29/2021,FEU,Z01,10,0.15541139678
05/29/2021,FEU,Z02,10,0.10531060952
05/29/2021,FEU,Z03,10,0.11050091508
05/29/2021,FEU,Z01,11,0.15234118274
05/29/2021,FEU,Z02,11,0.10271462692
05/29/2021,FEU,Z03,11,0.10747354904
05/29/2021,FEU,Z01,12,0.15278855674
05/29/2021,FEU,Z02,12,0.10305664006
05/29/2021,FEU,Z03,12,0.10783260918
05/29/2021,FEU,Z01,13,0.15255327974
05/29/2021,FEU,Z02,13,0.10291883092
05/29/2021,FEU,Z03,13,0.10768656104
05/29/2021,FEU,Z01,14,0.15146403542
05/29/2021,FEU,Z02,14,0.17045735416
05/29/2021,FEU,Z03,14,0.17045735416
05/29/2021,FEU,Z01,15,0.14242077128
05/29/2021,FEU,Z02,15,0.16134260202
05/29/2021,FEU,Z03,15,0.16134260202
05/29/2021,FEU,Z01,16,0.134933189
05/29/2021,FEU,Z02,16,0.15371617388
05/29/2021,FEU,Z03,16,0.15371617388
05/29/2021,FEU,Z01,17,0.12906279044
05/29/2021,FEU,Z02,17,0.14787729018
05/29/2021,FEU,Z03,17,0.14787729018
05/29/2021,FEU,Z01,18,0.12926374388
05/29/2021,FEU,Z02,18,0.14807808662
05/29/2021,FEU,Z03,18,0.14807808662
05/29/2021,FEU,Z01,19,0.13322079618
05/29/2021,FEU,Z02,19,0.15214163678
05/29/2021,FEU,Z03,19,0.15214163678
05/29/2021,FEU,Z01,2,0.1676049278
05/29/2021,FEU,Z02,2,0.11580114736
05/29/2021,FEU,Z03,2,0.11090448326
05/29/2021,FEU,Z01,20,0.13788747962
05/29/2021,FEU,Z02,20,0.15684625622
05/29/2021,FEU,Z03,20,0.15684625622
05/29/2021,FEU,Z01,21,0.15283900778
05/29/2021,FEU,Z02,21,0.17192199838
05/29/2021,FEU,Z03,21,0.17192199838
05/29/2021,FEU,Z01,22,0.15950533136
05/29/2021,FEU,Z02,22,0.17864188796
05/29/2021,FEU,Z03,22,0.17864188796
05/29/2021,FEU,Z01,23,0.15627595424
05/29/2021,FEU,Z02,23,0.1754746927
05/29/2021,FEU,Z03,23,0.1754746927
05/29/2021,FEU,Z01,24,0.15580474232
05/29/2021,FEU,Z02,24,0.10486940332
05/29/2021,FEU,Z03,24,0.11082895148
05/29/2021,FEU,Z01,3,0.16840841382
05/29/2021,FEU,Z02,3,0.11637974266
05/29/2021,FEU,Z03,3,0.11148056956
05/29/2021,FEU,Z01,4,0.16976910184
05/29/2021,FEU,Z02,4,0.11758648582
05/29/2021,FEU,Z03,4,0.112472639
05/29/2021,FEU,Z01,5,0.17000988556
05/29/2021,FEU,Z02,5,0.11771932168
05/29/2021,FEU,Z03,5,0.11260535186
05/29/2021,FEU,Z01,6,0.16989549198
05/29/2021,FEU,Z02,6,0.11770632796
05/29/2021,FEU,Z03,6,0.11258587414
05/29/2021,FEU,Z01,7,0.16649972282
05/29/2021,FEU,Z02,7,0.11455745966
05/29/2021,FEU,Z03,7,0.10971114556
05/29/2021,FEU,Z01,8,0.16481520078
05/29/2021,FEU,Z02,8,0.1132256062
05/29/2021,FEU,Z03,8,0.11984029994
05/29/2021,FEU,Z01,9,0.16131342828
05/29/2021,FEU,Z02,9,0.11042955686
05/29/2021,FEU,Z03,9,0.11642205144
05/30/2021,FEU,Z01,1,0.16066798176
05/30/2021,FEU,Z02,1,0.1094402719
05/30/2021,FEU,Z03,1,0.11569997892
05/30/2021,FEU,Z01,10,0.13900226482
05/30/2021,FEU,Z02,10,0.08923142998
05/30/2021,FEU,Z03,10,0.09396670512
05/30/2021,FEU,Z01,11,0.13416719378
05/30/2021,FEU,Z02,11,0.08480782552
05/30/2021,FEU,Z03,11,0.08916615708
05/30/2021,FEU,Z01,12,0.13330875648
05/30/2021,FEU,Z02,12,0.08413056594
05/30/2021,FEU,Z03,12,0.08832367478
05/30/2021,FEU,Z01,13,0.13346819534
05/30/2021,FEU,Z02,13,0.08421072494
05/30/2021,FEU,Z03,13,0.08847987164
05/30/2021,FEU,Z01,14,0.13232588458
05/30/2021,FEU,Z02,14,0.15108956246
05/30/2021,FEU,Z03,14,0.15108956246
05/30/2021,FEU,Z01,15,0.13130120672
05/30/2021,FEU,Z02,15,0.15013522046
05/30/2021,FEU,Z03,15,0.15013522046
05/30/2021,FEU,Z01,16,0.13037606202
05/30/2021,FEU,Z02,16,0.14920065276
05/30/2021,FEU,Z03,16,0.14920065276
05/30/2021,FEU,Z01,17,0.13079301146
05/30/2021,FEU,Z02,17,0.1496179262
05/30/2021,FEU,Z03,17,0.1496179262
05/30/2021,FEU,Z01,18,0.1312573769
05/30/2021,FEU,Z02,18,0.1501591605
05/30/2021,FEU,Z03,18,0.1501591605
05/30/2021,FEU,Z01,19,0.13404863206
05/30/2021,FEU,Z02,19,0.1528942548
05/30/2021,FEU,Z03,19,0.1528942548
05/30/2021,FEU,Z01,2,0.1527611671
05/30/2021,FEU,Z02,2,0.1015236348
05/30/2021,FEU,Z03,2,0.09697840784
05/30/2021,FEU,Z01,20,0.14592065378
05/30/2021,FEU,Z02,20,0.16494348138
05/30/2021,FEU,Z03,20,0.16494348138
05/30/2021,FEU,Z01,21,0.16157038736
05/30/2021,FEU,Z02,21,0.18072450396
05/30/2021,FEU,Z03,21,0.18072450396
05/30/2021,FEU,Z01,22,0.16580769578
05/30/2021,FEU,Z02,22,0.18500006338
05/30/2021,FEU,Z03,22,0.18500006338
05/30/2021,FEU,Z01,23,0.1664527391
05/30/2021,FEU,Z02,23,0.1856417527
05/30/2021,FEU,Z03,23,0.1856417527
05/30/2021,FEU,Z01,24,0.16648576748
05/30/2021,FEU,Z02,24,0.11501472262
05/30/2021,FEU,Z03,24,0.1216352285
05/30/2021,FEU,Z01,3,0.14749341956
05/30/2021,FEU,Z02,3,0.09625097368
05/30/2021,FEU,Z03,3,0.09180563086
05/30/2021,FEU,Z01,4,0.14950903328
05/30/2021,FEU,Z02,4,0.0981740534
05/30/2021,FEU,Z03,4,0.09367236058
05/30/2021,FEU,Z01,5,0.149106825
05/30/2021,FEU,Z02,5,0.09771040426
05/30/2021,FEU,Z03,5,0.09314543958
05/30/2021,FEU,Z01,6,0.15184445156
05/30/2021,FEU,Z02,6,0.10040065768
05/30/2021,FEU,Z03,6,0.09582492286
05/30/2021,FEU,Z01,7,0.15364115654
05/30/2021,FEU,Z02,7,0.10228125538
05/30/2021,FEU,Z03,7,0.09771902042
05/30/2021,FEU,Z01,8,0.14689266752
05/30/2021,FEU,Z02,8,0.09591815922
05/30/2021,FEU,Z03,8,0.10187244854
05/30/2021,FEU,Z01,9,0.1424892149
05/30/2021,FEU,Z02,9,0.09202325704
05/30/2021,FEU,Z03,9,0.09743551106
05/31/2021,FEU,Z01,1,0.1653119092
05/31/2021,FEU,Z02,1,0.11379504448
05/31/2021,FEU,Z03,1,0.12035047036
05/31/2021,FEU,Z01,10,0.1588294004
05/31/2021,FEU,Z02,10,0.10939458502
05/31/2021,FEU,Z03,10,0.11396924784
05/31/2021,FEU,Z01,11,0.15748316468
05/31/2021,FEU,Z02,11,0.1080904203
05/31/2021,FEU,Z03,11,0.11262732412
05/31/2021,FEU,Z01,12,0.15687357012
05/31/2021,FEU,Z02,12,0.10749443274
05/31/2021,FEU,Z03,12,0.11199866756
05/31/2021,FEU,Z01,13,0.15570302012
05/31/2021,FEU,Z02,13,0.10635770774
05/31/2021,FEU,Z03,13,0.11082401756
05/31/2021,FEU,Z01,14,0.15268380738
05/31/2021,FEU,Z02,14,0.1715031404
05/31/2021,FEU,Z03,14,0.1715031404
05/31/2021,FEU,Z01,15,0.15056840924
05/31/2021,FEU,Z02,15,0.16937423526
05/31/2021,FEU,Z03,15,0.16937423526
05/31/2021,FEU,Z01,16,0.14797931366
05/31/2021,FEU,Z02,16,0.16686248554
05/31/2021,FEU,Z03,16,0.16686248554
05/31/2021,FEU,Z01,17,0.1480015318
05/31/2021,FEU,Z02,17,0.16679321282
05/31/2021,FEU,Z03,17,0.16679321282
05/31/2021,FEU,Z01,18,0.1478523718
05/31/2021,FEU,Z02,18,0.16664312882
05/31/2021,FEU,Z03,18,0.16664312882
05/31/2021,FEU,Z01,19,0.14945457468
05/31/2021,FEU,Z02,19,0.16834459556
05/31/2021,FEU,Z03,19,0.16834459556
05/31/2021,FEU,Z01,2,0.16370156808
05/31/2021,FEU,Z02,2,0.11206836364
05/31/2021,FEU,Z03,2,0.1073709604
05/31/2021,FEU,Z01,20,0.15276817442
05/31/2021,FEU,Z02,20,0.1716767783
05/31/2021,FEU,Z03,20,0.1716767783
05/31/2021,FEU,Z01,21,0.1589320133
05/31/2021,FEU,Z02,21,0.17797882904
05/31/2021,FEU,Z03,21,0.17797882904
05/31/2021,FEU,Z01,22,0.16279441304
05/31/2021,FEU,Z02,22,0.18186545678
05/31/2021,FEU,Z03,22,0.18186545678
05/31/2021,FEU,Z01,23,0.16308611708
05/31/2021,FEU,Z02,23,0.18225168968
05/31/2021,FEU,Z03,23,0.18225168968
05/31/2021,FEU,Z01,24,0.16390805516
05/31/2021,FEU,Z02,24,0.11282815588
05/31/2021,FEU,Z03,24,0.11899691432
05/31/2021,FEU,Z01,3,0.1634809671
05/31/2021,FEU,Z02,3,0.1117672148
05/31/2021,FEU,Z03,3,0.10690832784
05/31/2021,FEU,Z01,4,0.16465135668
05/31/2021,FEU,Z02,4,0.11279211652
05/31/2021,FEU,Z03,4,0.10790848756
05/31/2021,FEU,Z01,5,0.16518863654
05/31/2021,FEU,Z02,5,0.11321290852
05/31/2021,FEU,Z03,5,0.10840906042
05/31/2021,FEU,Z01,6,0.1638841778
05/31/2021,FEU,Z02,6,0.11224257136
05/31/2021,FEU,Z03,6,0.10754635612
05/31/2021,FEU,Z01,7,0.1641388213
05/31/2021,FEU,Z02,7,0.11304965302
05/31/2021,FEU,Z03,7,0.10856634836
05/31/2021,FEU,Z01,8,0.16277693564
05/31/2021,FEU,Z02,8,0.11241835238
05/31/2021,FEU,Z03,8,0.11789382194
05/31/2021,FEU,Z01,9,0.16387860616
05/31/2021,FEU,Z02,9,0.11388544834
05/31/2021,FEU,Z03,9,0.11907287846
06/01/2021,FEU,Z24,1,0.11632925132
06/01/2021,FEU,Z14,1,0.11632925132
06/01/2021,FEU,Z24,10,0.15083211294
06/01/2021,FEU,Z14,10,0.15083211294
06/01/2021,FEU,Z24,11,0.14928152208
06/01/2021,FEU,Z14,11,0.24261560666
06/01/2021,FEU,Z24,12,0.2405024611
06/01/2021,FEU,Z14,12,0.2405024611
06/01/2021,FEU,Z24,13,0.2380939911
06/01/2021,FEU,Z14,13,0.2380939911
06/01/2021,FEU,Z24,14,0.23530331296
06/01/2021,FEU,Z14,14,0.23530331296
06/01/2021,FEU,Z24,15,0.23127830668
06/01/2021,FEU,Z14,15,0.1379642261
06/01/2021,FEU,Z24,16,0.13288316938
06/01/2021,FEU,Z14,16,0.13288316938
06/01/2021,FEU,Z24,17,0.13193152394
06/01/2021,FEU,Z14,17,0.13193152394
06/01/2021,FEU,Z24,18,0.13598914994
06/01/2021,FEU,Z14,18,0.13598914994
06/01/2021,FEU,Z24,19,0.13812895938
06/01/2021,FEU,Z14,19,0.23143977696
06/01/2021,FEU,Z24,2,0.11594719706
06/01/2021,FEU,Z14,2,0.11594719706
06/01/2021,FEU,Z24,20,0.24040417928
06/01/2021,FEU,Z14,20,0.24040417928
06/01/2021,FEU,Z24,21,0.24620176044
06/01/2021,FEU,Z14,21,0.24620176044
06/01/2021,FEU,Z24,22,0.24808020674
06/01/2021,FEU,Z14,22,0.24808020674
06/01/2021,FEU,Z24,23,0.24940905578
06/01/2021,FEU,Z14,23,0.15590715134
06/01/2021,FEU,Z24,24,0.1565008748
06/01/2021,FEU,Z14,24,0.1565008748
06/01/2021,FEU,Z24,3,0.1148916105
06/01/2021,FEU,Z14,3,0.1148916105
06/01/2021,FEU,Z24,4,0.11496076336
06/01/2021,FEU,Z14,4,0.11496076336
06/01/2021,FEU,Z24,5,0.1148434355
06/01/2021,FEU,Z14,5,0.1148434355
06/01/2021,FEU,Z24,6,0.11602936792
06/01/2021,FEU,Z14,6,0.11602936792
06/01/2021,FEU,Z24,7,0.11629107388
06/01/2021,FEU,Z14,7,0.11629107388
06/01/2021,FEU,Z24,8,0.1156984804
06/01/2021,FEU,Z14,8,0.1156984804
06/01/2021,FEU,Z24,9,0.15288512784
06/01/2021,FEU,Z14,9,0.15288512784
06/02/2021,FEU,Z24,1,0.11619947962
06/02/2021,FEU,Z14,1,0.11619947962
06/02/2021,FEU,Z24,10,0.1485264675
06/02/2021,FEU,Z14,10,0.1485264675
06/02/2021,FEU,Z24,11,0.14664475606
06/02/2021,FEU,Z14,11,0.23996415864
06/02/2021,FEU,Z24,12,0.23667899922
06/02/2021,FEU,Z14,12,0.23667899922
06/02/2021,FEU,Z24,13,0.23563877822
06/02/2021,FEU,Z14,13,0.23563877822
06/02/2021,FEU,Z24,14,0.23505499222
06/02/2021,FEU,Z14,14,0.23505499222
06/02/2021,FEU,Z24,15,0.23181805352
06/02/2021,FEU,Z14,15,0.13851020694
06/02/2021,FEU,Z24,16,0.13614978436
06/02/2021,FEU,Z14,16,0.13614978436
06/02/2021,FEU,Z24,17,0.13227236292
06/02/2021,FEU,Z14,17,0.13227236292
06/02/2021,FEU,Z24,18,0.13619038692
06/02/2021,FEU,Z14,18,0.13619038692
06/02/2021,FEU,Z24,19,0.13781252822
06/02/2021,FEU,Z14,19,0.23120268566
06/02/2021,FEU,Z24,2,0.1143663855
06/02/2021,FEU,Z14,2,0.1143663855
06/02/2021,FEU,Z24,20,0.23677312626
06/02/2021,FEU,Z14,20,0.23677312626
06/02/2021,FEU,Z24,21,0.239272039
06/02/2021,FEU,Z14,21,0.239272039
06/02/2021,FEU,Z24,22,0.24500436602
06/02/2021,FEU,Z14,22,0.24500436602
06/02/2021,FEU,Z24,23,0.24440716564
06/02/2021,FEU,Z14,23,0.1509199662
06/02/2021,FEU,Z24,24,0.1483069548
06/02/2021,FEU,Z14,24,0.1483069548
06/02/2021,FEU,Z24,3,0.11252619708
06/02/2021,FEU,Z14,3,0.11252619708
06/02/2021,FEU,Z24,4,0.11286893194
06/02/2021,FEU,Z14,4,0.11286893194
06/02/2021,FEU,Z24,5,0.11185145494
06/02/2021,FEU,Z14,5,0.11185145494
06/02/2021,FEU,Z24,6,0.11197429364
06/02/2021,FEU,Z14,6,0.11197429364
06/02/2021,FEU,Z24,7,0.11576361418
06/02/2021,FEU,Z14,7,0.11576361418
06/02/2021,FEU,Z24,8,0.11564409426
06/02/2021,FEU,Z14,8,0.11564409426
06/02/2021,FEU,Z24,9,0.1529594604
06/02/2021,FEU,Z14,9,0.1529594604
06/03/2021,FEU,Z24,1,0.10958151732
06/03/2021,FEU,Z14,1,0.10958151732
06/03/2021,FEU,Z24,10,0.14177415436
06/03/2021,FEU,Z14,10,0.14177415436
06/03/2021,FEU,Z24,11,0.1398234675
06/03/2021,FEU,Z14,11,0.23312970608
06/03/2021,FEU,Z24,12,0.23158347238
06/03/2021,FEU,Z14,12,0.23158347238
06/03/2021,FEU,Z24,13,0.23152568938
06/03/2021,FEU,Z14,13,0.23152568938
06/03/2021,FEU,Z24,14,0.23009924238
06/03/2021,FEU,Z14,14,0.23009924238
06/03/2021,FEU,Z24,15,0.22595161682
06/03/2021,FEU,Z14,15,0.13265286924
06/03/2021,FEU,Z24,16,0.12378184552
06/03/2021,FEU,Z14,16,0.12378184552
06/03/2021,FEU,Z24,17,0.12341197008
06/03/2021,FEU,Z14,17,0.12341197008
06/03/2021,FEU,Z24,18,0.12676457436
06/03/2021,FEU,Z14,18,0.12676457436
06/03/2021,FEU,Z24,19,0.13296274608
06/03/2021,FEU,Z14,19,0.22633577752
06/03/2021,FEU,Z24,2,0.10608442048
06/03/2021,FEU,Z14,2,0.10608442048
06/03/2021,FEU,Z24,20,0.23488146012
06/03/2021,FEU,Z14,20,0.23488146012
06/03/2021,FEU,Z24,21,0.237450439
06/03/2021,FEU,Z14,21,0.237450439
06/03/2021,FEU,Z24,22,0.2421265176
06/03/2021,FEU,Z14,22,0.2421265176
06/03/2021,FEU,Z24,23,0.24304443536
06/03/2021,FEU,Z14,23,0.14956067592
06/03/2021,FEU,Z24,24,0.14720907538
06/03/2021,FEU,Z14,24,0.14720907538
06/03/2021,FEU,Z24,3,0.10296453478
06/03/2021,FEU,Z14,3,0.10296453478
06/03/2021,FEU,Z24,4,0.1044540855
06/03/2021,FEU,Z14,4,0.1044540855
06/03/2021,FEU,Z24,5,0.10462035764
06/03/2021,FEU,Z14,5,0.10462035764
06/03/2021,FEU,Z24,6,0.1075275862
06/03/2021,FEU,Z14,6,0.1075275862
06/03/2021,FEU,Z24,7,0.1117591976
06/03/2021,FEU,Z14,7,0.1117591976
06/03/2021,FEU,Z24,8,0.11281783726
06/03/2021,FEU,Z14,8,0.11281783726
06/03/2021,FEU,Z24,9,0.14943596784
06/03/2021,FEU,Z14,9,0.14943596784
06/04/2021,FEU,Z24,1,0.10311831518
06/04/2021,FEU,Z14,1,0.10311831518
06/04/2021,FEU,Z24,10,0.14598325008
06/04/2021,FEU,Z14,10,0.14598325008
06/04/2021,FEU,Z24,11,0.14223131036
06/04/2021,FEU,Z14,11,0.23554523794
06/04/2021,FEU,Z24,12,0.23506052666
06/04/2021,FEU,Z14,12,0.23506052666
06/04/2021,FEU,Z24,13,0.2349014618
06/04/2021,FEU,Z14,13,0.2349014618
06/04/2021,FEU,Z24,14,0.23447946194
06/04/2021,FEU,Z14,14,0.23447946194
06/04/2021,FEU,Z24,15,0.23045059752
06/04/2021,FEU,Z14,15,0.13714637494
06/04/2021,FEU,Z24,16,0.13408565594
06/04/2021,FEU,Z14,16,0.13408565594
06/04/2021,FEU,Z24,17,0.12951780822
06/04/2021,FEU,Z14,17,0.12951780822
06/04/2021,FEU,Z24,18,0.13378731408
06/04/2021,FEU,Z14,18,0.13378731408
06/04/2021,FEU,Z24,19,0.13857255752
06/04/2021,FEU,Z14,19,0.2318832711
06/04/2021,FEU,Z24,2,0.10295336392
06/04/2021,FEU,Z14,2,0.10295336392
06/04/2021,FEU,Z24,20,0.2365777497
06/04/2021,FEU,Z14,20,0.2365777497
06/04/2021,FEU,Z24,21,0.23832037702
06/04/2021,FEU,Z14,21,0.23832037702
06/04/2021,FEU,Z24,22,0.23938854732
06/04/2021,FEU,Z14,22,0.23938854732
06/04/2021,FEU,Z24,23,0.23788562108
06/04/2021,FEU,Z14,23,0.14441582964
06/04/2021,FEU,Z24,24,0.14065204452
06/04/2021,FEU,Z14,24,0.14065204452
06/04/2021,FEU,Z24,3,0.10251836622
06/04/2021,FEU,Z14,3,0.10251836622
06/04/2021,FEU,Z24,4,0.10580570708
06/04/2021,FEU,Z14,4,0.10580570708
06/04/2021,FEU,Z24,5,0.10576918908
06/04/2021,FEU,Z14,5,0.10576918908
06/04/2021,FEU,Z24,6,0.1082469855
06/04/2021,FEU,Z14,6,0.1082469855
06/04/2021,FEU,Z24,7,0.11108719118
06/04/2021,FEU,Z14,7,0.11108719118
06/04/2021,FEU,Z24,8,0.11251867984
06/04/2021,FEU,Z14,8,0.11251867984
06/04/2021,FEU,Z24,9,0.14951719184
06/04/2021,FEU,Z14,9,0.14951719184
06/05/2021,FEU,Z24,1,0.10339967732
06/05/2021,FEU,Z14,1,0.10339967732
06/05/2021,FEU,Z24,10,0.10236488398
06/05/2021,FEU,Z14,10,0.10236488398
06/05/2021,FEU,Z24,11,0.1067831661
06/05/2021,FEU,Z14,11,0.1067831661
06/05/2021,FEU,Z24,12,0.10692989696
06/05/2021,FEU,Z14,12,0.10692989696
06/05/2021,FEU,Z24,13,0.10657614268
06/05/2021,FEU,Z14,13,0.10657614268
06/05/2021,FEU,Z24,14,0.10701427268
06/05/2021,FEU,Z14,14,0.10701427268
06/05/2021,FEU,Z24,15,0.1048194604
06/05/2021,FEU,Z14,15,0.1048194604
06/05/2021,FEU,Z24,16,0.10024625654
06/05/2021,FEU,Z14,16,0.10024625654
06/05/2021,FEU,Z24,17,0.09898568268
06/05/2021,FEU,Z14,17,0.09898568268
06/05/2021,FEU,Z24,18,0.09859193468
06/05/2021,FEU,Z14,18,0.09859193468
06/05/2021,FEU,Z24,19,0.09918535984
06/05/2021,FEU,Z14,19,0.09918535984
06/05/2021,FEU,Z24,2,0.09697348406
06/05/2021,FEU,Z14,2,0.09697348406
06/05/2021,FEU,Z24,20,0.099662589
06/05/2021,FEU,Z14,20,0.099662589
06/05/2021,FEU,Z24,21,0.10729697418
06/05/2021,FEU,Z14,21,0.10729697418
06/05/2021,FEU,Z24,22,0.11091741734
06/05/2021,FEU,Z14,22,0.11091741734
06/05/2021,FEU,Z24,23,0.11129518708
06/05/2021,FEU,Z14,23,0.11129518708
06/05/2021,FEU,Z24,24,0.1072164241
06/05/2021,FEU,Z14,24,0.1072164241
06/05/2021,FEU,Z24,3,0.09434847908
06/05/2021,FEU,Z14,3,0.09434847908
06/05/2021,FEU,Z24,4,0.09547587052
06/05/2021,FEU,Z14,4,0.09547587052
06/05/2021,FEU,Z24,5,0.09431278252
06/05/2021,FEU,Z14,5,0.09431278252
06/05/2021,FEU,Z24,6,0.09451324166
06/05/2021,FEU,Z14,6,0.09451324166
06/05/2021,FEU,Z24,7,0.0937562548
06/05/2021,FEU,Z14,7,0.0937562548
06/05/2021,FEU,Z24,8,0.09608655164
06/05/2021,FEU,Z14,8,0.09608655164
06/05/2021,FEU,Z24,9,0.10283288146
06/05/2021,FEU,Z14,9,0.10283288146
06/06/2021,FEU,Z24,1,0.11210578164
06/06/2021,FEU,Z14,1,0.11210578164
06/06/2021,FEU,Z24,10,0.09335456788
06/06/2021,FEU,Z14,10,0.09335456788
06/06/2021,FEU,Z24,11,0.088874439
06/06/2021,FEU,Z14,11,0.088874439
06/06/2021,FEU,Z24,12,0.088640989
06/06/2021,FEU,Z14,12,0.088640989
06/06/2021,FEU,Z24,13,0.08839747586
06/06/2021,FEU,Z14,13,0.08839747586
06/06/2021,FEU,Z24,14,0.08851052914
06/06/2021,FEU,Z14,14,0.08851052914
06/06/2021,FEU,Z24,15,0.08779813528
06/06/2021,FEU,Z14,15,0.08779813528
06/06/2021,FEU,Z24,16,0.07754910058
06/06/2021,FEU,Z14,16,0.07754910058
06/06/2021,FEU,Z24,17,0.0615032083
06/06/2021,FEU,Z14,17,0.0615032083
06/06/2021,FEU,Z24,18,0.07832548044
06/06/2021,FEU,Z14,18,0.07832548044
06/06/2021,FEU,Z24,19,0.0864746776
06/06/2021,FEU,Z14,19,0.0864746776
06/06/2021,FEU,Z24,2,0.10983526624
06/06/2021,FEU,Z14,2,0.10983526624
06/06/2021,FEU,Z24,20,0.09548413332
06/06/2021,FEU,Z14,20,0.09548413332
06/06/2021,FEU,Z24,21,0.10418638162
06/06/2021,FEU,Z14,21,0.10418638162
06/06/2021,FEU,Z24,22,0.11265442048
06/06/2021,FEU,Z14,22,0.11265442048
06/06/2021,FEU,Z24,23,0.11413638736
06/06/2021,FEU,Z14,23,0.11413638736
06/06/2021,FEU,Z24,24,0.11175926624
06/06/2021,FEU,Z14,24,0.11175926624
06/06/2021,FEU,Z24,3,0.10453702726
06/06/2021,FEU,Z14,3,0.10453702726
06/06/2021,FEU,Z24,4,0.10477710512
06/06/2021,FEU,Z14,4,0.10477710512
06/06/2021,FEU,Z24,5,0.09950131312
06/06/2021,FEU,Z14,5,0.09950131312
06/06/2021,FEU,Z24,6,0.10033014998
06/06/2021,FEU,Z14,6,0.10033014998
06/06/2021,FEU,Z24,7,0.10026355084
06/06/2021,FEU,Z14,7,0.10026355084
06/06/2021,FEU,Z24,8,0.09905312112
06/06/2021,FEU,Z14,8,0.09905312112
06/06/2021,FEU,Z24,9,0.0960560748
06/06/2021,FEU,Z14,9,0.0960560748
06/07/2021,FEU,Z24,1,0.10531491822
06/07/2021,FEU,Z14,1,0.10531491822
06/07/2021,FEU,Z24,10,0.14471202222
06/07/2021,FEU,Z14,10,0.14471202222
06/07/2021,FEU,Z24,11,0.14062953278
06/07/2021,FEU,Z14,11,0.23393537836
06/07/2021,FEU,Z24,12,0.23267983594
06/07/2021,FEU,Z14,12,0.23267983594
06/07/2021,FEU,Z24,13,0.23198307566
06/07/2021,FEU,Z14,13,0.23198307566
06/07/2021,FEU,Z24,14,0.23149890194
06/07/2021,FEU,Z14,14,0.23149890194
06/07/2021,FEU,Z24,15,0.23036323138
06/07/2021,FEU,Z14,15,0.1370590918
06/07/2021,FEU,Z24,16,0.13554206594
06/07/2021,FEU,Z14,16,0.13554206594
06/07/2021,FEU,Z24,17,0.13539536436
06/07/2021,FEU,Z14,17,0.13539536436
06/07/2021,FEU,Z24,18,0.1378479675
06/07/2021,FEU,Z14,18,0.1378479675
06/07/2021,FEU,Z24,19,0.14241387666
06/07/2021,FEU,Z14,19,0.23573350124
06/07/2021,FEU,Z24,2,0.09458179424
06/07/2021,FEU,Z14,2,0.09458179424
06/07/2021,FEU,Z24,20,0.2421229847
06/07/2021,FEU,Z14,20,0.2421229847
06/07/2021,FEU,Z24,21,0.24493582244
06/07/2021,FEU,Z14,21,0.24493582244
06/07/2021,FEU,Z24,22,0.24272668646
06/07/2021,FEU,Z14,22,0.24272668646
06/07/2021,FEU,Z24,23,0.2429991355
06/07/2021,FEU,Z14,23,0.14951554606
06/07/2021,FEU,Z24,24,0.14657668194
06/07/2021,FEU,Z14,24,0.14657668194
06/07/2021,FEU,Z24,3,0.09440859382
06/07/2021,FEU,Z14,3,0.09440859382
06/07/2021,FEU,Z24,4,0.09528165454
06/07/2021,FEU,Z14,4,0.09528165454
06/07/2021,FEU,Z24,5,0.09547267768
06/07/2021,FEU,Z14,5,0.09547267768
06/07/2021,FEU,Z24,6,0.10538812252
06/07/2021,FEU,Z14,6,0.10538812252
06/07/2021,FEU,Z24,7,0.10841370732
06/07/2021,FEU,Z14,7,0.10841370732
06/07/2021,FEU,Z24,8,0.11113740898
06/07/2021,FEU,Z14,8,0.11113740898
06/07/2021,FEU,Z24,9,0.15058315398
06/07/2021,FEU,Z14,9,0.15058315398
06/08/2021,FEU,Z24,1,0.10672648332
06/08/2021,FEU,Z14,1,0.10672648332
06/08/2021,FEU,Z24,10,0.14388650494
06/08/2021,FEU,Z14,10,0.14388650494
06/08/2021,FEU,Z24,11,0.13818425808
06/08/2021,FEU,Z14,11,0.23148995966
06/08/2021,FEU,Z24,12,0.2316415161
06/08/2021,FEU,Z14,12,0.2316415161
06/08/2021,FEU,Z24,13,0.2317913361
06/08/2021,FEU,Z14,13,0.2317913361
06/08/2021,FEU,Z24,14,0.23169424096
06/08/2021,FEU,Z14,14,0.23169424096
06/08/2021,FEU,Z24,15,0.23118612868
06/08/2021,FEU,Z14,15,0.1378722911
06/08/2021,FEU,Z24,16,0.13420651338
06/08/2021,FEU,Z14,16,0.13420651338
06/08/2021,FEU,Z24,17,0.13211442194
06/08/2021,FEU,Z14,17,0.13211442194
06/08/2021,FEU,Z24,18,0.13741056094
06/08/2021,FEU,Z14,18,0.13741056094
06/08/2021,FEU,Z24,19,0.14273007238
06/08/2021,FEU,Z14,19,0.23605307296
06/08/2021,FEU,Z24,2,0.10549836406
06/08/2021,FEU,Z14,2,0.10549836406
06/08/2021,FEU,Z24,20,0.24041565928
06/08/2021,FEU,Z14,20,0.24041565928
06/08/2021,FEU,Z24,21,0.24182002244
06/08/2021,FEU,Z14,21,0.24182002244
06/08/2021,FEU,Z24,22,0.24159676074
06/08/2021,FEU,Z14,22,0.24159676074
06/08/2021,FEU,Z24,23,0.23989367978
06/08/2021,FEU,Z14,23,0.14642422334
06/08/2021,FEU,Z24,24,0.1423054748
06/08/2021,FEU,Z14,24,0.1423054748
06/08/2021,FEU,Z24,3,0.1054563605
06/08/2021,FEU,Z14,3,0.1054563605
06/08/2021,FEU,Z24,4,0.10637596336
06/08/2021,FEU,Z14,4,0.10637596336
06/08/2021,FEU,Z24,5,0.1092856855
06/08/2021,FEU,Z14,5,0.1092856855
06/08/2021,FEU,Z24,6,0.11121127592
06/08/2021,FEU,Z14,6,0.11121127592
06/08/2021,FEU,Z24,7,0.11078825788
06/08/2021,FEU,Z14,7,0.11078825788
06/08/2021,FEU,Z24,8,0.1144137004
06/08/2021,FEU,Z14,8,0.1144137004
06/08/2021,FEU,Z24,9,0.15441808784
06/08/2021,FEU,Z14,9,0.15441808784
06/09/2021,FEU,Z24,1,0.10844009662
06/09/2021,FEU,Z14,1,0.10844009662
06/09/2021,FEU,Z24,10,0.1405659675
06/09/2021,FEU,Z14,10,0.1405659675
06/09/2021,FEU,Z24,11,0.13957797206
06/09/2021,FEU,Z14,11,0.23287733864
06/09/2021,FEU,Z24,12,0.23316726722
06/09/2021,FEU,Z14,12,0.23316726722
06/09/2021,FEU,Z24,13,0.23346479522
06/09/2021,FEU,Z14,13,0.23346479522
06/09/2021,FEU,Z24,14,0.23354481222
06/09/2021,FEU,Z14,14,0.23354481222
06/09/2021,FEU,Z24,15,0.23357604952
06/09/2021,FEU,Z14,15,0.14026467294
06/09/2021,FEU,Z24,16,0.13480083636
06/09/2021,FEU,Z14,16,0.13480083636
06/09/2021,FEU,Z24,17,0.12949316892
06/09/2021,FEU,Z14,17,0.12949316892
06/09/2021,FEU,Z24,18,0.13581451692
06/09/2021,FEU,Z14,18,0.13581451692
06/09/2021,FEU,Z24,19,0.14123410022
06/09/2021,FEU,Z14,19,0.23463527066
06/09/2021,FEU,Z24,2,0.1060168355
06/09/2021,FEU,Z14,2,0.1060168355
06/09/2021,FEU,Z24,20,0.23863752026
06/09/2021,FEU,Z14,20,0.23863752026
06/09/2021,FEU,Z24,21,0.240707239
06/09/2021,FEU,Z14,21,0.240707239
06/09/2021,FEU,Z24,22,0.24190244902
06/09/2021,FEU,Z14,22,0.24190244902
06/09/2021,FEU,Z24,23,0.24240432164
06/09/2021,FEU,Z14,23,0.1489251162
06/09/2021,FEU,Z24,24,0.1421733148
06/09/2021,FEU,Z14,24,0.1421733148
06/09/2021,FEU,Z24,3,0.10176281108
06/09/2021,FEU,Z14,3,0.10176281108
06/09/2021,FEU,Z24,4,0.10496845294
06/09/2021,FEU,Z14,4,0.10496845294
06/09/2021,FEU,Z24,5,0.10791359494
06/09/2021,FEU,Z14,5,0.10791359494
06/09/2021,FEU,Z24,6,0.10939971164
06/09/2021,FEU,Z14,6,0.10939971164
06/09/2021,FEU,Z24,7,0.10997768918
06/09/2021,FEU,Z14,7,0.10997768918
06/09/2021,FEU,Z24,8,0.11082565126
06/09/2021,FEU,Z14,8,0.11082565126
06/09/2021,FEU,Z24,9,0.1478670804
06/09/2021,FEU,Z14,9,0.1478670804
06/10/2021,FEU,Z24,1,0.10880297732
06/10/2021,FEU,Z14,1,0.10880297732
06/10/2021,FEU,Z24,10,0.14217501036
06/10/2021,FEU,Z14,10,0.14217501036
06/10/2021,FEU,Z24,11,0.1415717175
06/10/2021,FEU,Z14,11,0.23488149008
06/10/2021,FEU,Z24,12,0.23563168138
06/10/2021,FEU,Z14,12,0.23563168138
06/10/2021,FEU,Z24,13,0.23574724738
06/10/2021,FEU,Z14,13,0.23574724738
06/10/2021,FEU,Z24,14,0.23566680438
06/10/2021,FEU,Z14,14,0.23566680438
06/10/2021,FEU,Z24,15,0.23553197882
06/10/2021,FEU,Z14,15,0.14220908724
06/10/2021,FEU,Z24,16,0.13888272552
06/10/2021,FEU,Z14,16,0.13888272552
06/10/2021,FEU,Z24,17,0.13557293808
06/10/2021,FEU,Z14,17,0.13557293808
06/10/2021,FEU,Z24,18,0.13924853636
06/10/2021,FEU,Z14,18,0.13924853636
06/10/2021,FEU,Z24,19,0.14377237008
06/10/2021,FEU,Z14,19,0.23718486552
06/10/2021,FEU,Z24,2,0.10422262848
06/10/2021,FEU,Z14,2,0.10422262848
06/10/2021,FEU,Z24,20,0.24253286012
06/10/2021,FEU,Z14,20,0.24253286012
06/10/2021,FEU,Z24,21,0.242832439
06/10/2021,FEU,Z14,21,0.242832439
06/10/2021,FEU,Z24,22,0.2434802376
06/10/2021,FEU,Z14,22,0.2434802376
06/10/2021,FEU,Z24,23,0.24284216336
06/10/2021,FEU,Z14,23,0.14935791992
06/10/2021,FEU,Z24,24,0.14553986238
06/10/2021,FEU,Z14,24,0.14553986238
06/10/2021,FEU,Z24,3,0.10142790478
06/10/2021,FEU,Z14,3,0.10142790478
06/10/2021,FEU,Z24,4,0.1021040855
06/10/2021,FEU,Z14,4,0.1021040855
06/10/2021,FEU,Z24,5,0.10041274164
06/10/2021,FEU,Z14,5,0.10041274164
06/10/2021,FEU,Z24,6,0.1076820262
06/10/2021,FEU,Z14,6,0.1076820262
06/10/2021,FEU,Z24,7,0.1094507976
06/10/2021,FEU,Z14,7,0.1094507976
06/10/2021,FEU,Z24,8,0.11304946026
06/10/2021,FEU,Z14,8,0.11304946026
06/10/2021,FEU,Z24,9,0.15258311184
06/10/2021,FEU,Z14,9,0.15258311184
06/11/2021,FEU,Z24,1,0.10981254318
06/11/2021,FEU,Z14,1,0.10981254318
06/11/2021,FEU,Z24,10,0.14259361008
06/11/2021,FEU,Z14,10,0.14259361008
06/11/2021,FEU,Z24,11,0.14042520636
06/11/2021,FEU,Z14,11,0.23373432194
06/11/2021,FEU,Z24,12,0.23414215466
06/11/2021,FEU,Z14,12,0.23414215466
06/11/2021,FEU,Z24,13,0.2348212318
06/11/2021,FEU,Z14,13,0.2348212318
06/11/2021,FEU,Z24,14,0.23408995694
06/11/2021,FEU,Z14,14,0.23408995694
06/11/2021,FEU,Z24,15,0.23420883752
06/11/2021,FEU,Z14,15,0.14089465494
06/11/2021,FEU,Z24,16,0.13898099994
06/11/2021,FEU,Z14,16,0.13898099994
06/11/2021,FEU,Z24,17,0.13749246022
06/11/2021,FEU,Z14,17,0.13749246022
06/11/2021,FEU,Z24,18,0.13762364208
06/11/2021,FEU,Z14,18,0.13762364208
06/11/2021,FEU,Z24,19,0.14104258152
06/11/2021,FEU,Z14,19,0.2343609761
06/11/2021,FEU,Z24,2,0.10678463192
06/11/2021,FEU,Z14,2,0.10678463192
06/11/2021,FEU,Z24,20,0.2411703447
06/11/2021,FEU,Z14,20,0.2411703447
06/11/2021,FEU,Z24,21,0.24422917602
06/11/2021,FEU,Z14,21,0.24422917602
06/11/2021,FEU,Z24,22,0.24246784732
06/11/2021,FEU,Z14,22,0.24246784732
06/11/2021,FEU,Z24,23,0.24464262908
06/11/2021,FEU,Z14,23,0.15115106764
06/11/2021,FEU,Z24,24,0.14768376252
06/11/2021,FEU,Z14,24,0.14768376252
06/11/2021,FEU,Z24,3,0.10104829322
06/11/2021,FEU,Z14,3,0.10104829322
06/11/2021,FEU,Z24,4,0.09804386508
06/11/2021,FEU,Z14,4,0.09804386508
06/11/2021,FEU,Z24,5,0.09614257308
06/11/2021,FEU,Z14,5,0.09614257308
06/11/2021,FEU,Z24,6,0.0993369605
06/11/2021,FEU,Z14,6,0.0993369605
06/11/2021,FEU,Z24,7,0.10902170318
06/11/2021,FEU,Z14,7,0.10902170318
06/11/2021,FEU,Z24,8,0.11467855184
06/11/2021,FEU,Z14,8,0.11467855184
06/11/2021,FEU,Z24,9,0.15267577584
06/11/2021,FEU,Z14,9,0.15267577584
06/12/2021,FEU,Z24,1,0.10874371532
06/12/2021,FEU,Z14,1,0.10874371532
06/12/2021,FEU,Z24,10,0.10089041398
06/12/2021,FEU,Z14,10,0.10089041398
06/12/2021,FEU,Z24,11,0.0960437961
06/12/2021,FEU,Z14,11,0.0960437961
06/12/2021,FEU,Z24,12,0.09295141696
06/12/2021,FEU,Z14,12,0.09295141696
06/12/2021,FEU,Z24,13,0.09360180468
06/12/2021,FEU,Z14,13,0.09360180468
06/12/2021,FEU,Z24,14,0.09965482668
06/12/2021,FEU,Z14,14,0.09965482668
06/12/2021,FEU,Z24,15,0.0962318404
06/12/2021,FEU,Z14,15,0.0962318404
06/12/2021,FEU,Z24,16,0.09138939254
06/12/2021,FEU,Z14,16,0.09138939254
06/12/2021,FEU,Z24,17,0.09120972868
06/12/2021,FEU,Z14,17,0.09120972868
06/12/2021,FEU,Z24,18,0.09153292068
06/12/2021,FEU,Z14,18,0.09153292068
06/12/2021,FEU,Z24,19,0.09700146384
06/12/2021,FEU,Z14,19,0.09700146384
06/12/2021,FEU,Z24,2,0.10770921206
06/12/2021,FEU,Z14,2,0.10770921206
06/12/2021,FEU,Z24,20,0.105441339
06/12/2021,FEU,Z14,20,0.105441339
06/12/2021,FEU,Z24,21,0.11376790618
06/12/2021,FEU,Z14,21,0.11376790618
06/12/2021,FEU,Z24,22,0.11816872434
06/12/2021,FEU,Z14,22,0.11816872434
06/12/2021,FEU,Z24,23,0.11933150308
06/12/2021,FEU,Z14,23,0.11933150308
06/12/2021,FEU,Z24,24,0.1168528441
06/12/2021,FEU,Z14,24,0.1168528441
06/12/2021,FEU,Z24,3,0.10682232108
06/12/2021,FEU,Z14,3,0.10682232108
06/12/2021,FEU,Z24,4,0.10740461452
06/12/2021,FEU,Z14,4,0.10740461452
06/12/2021,FEU,Z24,5,0.10476402652
06/12/2021,FEU,Z14,5,0.10476402652
06/12/2021,FEU,Z24,6,0.10076073166
06/12/2021,FEU,Z14,6,0.10076073166
06/12/2021,FEU,Z24,7,0.1007276948
06/12/2021,FEU,Z14,7,0.1007276948
06/12/2021,FEU,Z24,8,0.10015093964
06/12/2021,FEU,Z14,8,0.10015093964
06/12/2021,FEU,Z24,9,0.10431780046
06/12/2021,FEU,Z14,9,0.10431780046
06/13/2021,FEU,Z24,1,0.10833958964
06/13/2021,FEU,Z14,1,0.10833958964
06/13/2021,FEU,Z24,10,0.10719150988
06/13/2021,FEU,Z14,10,0.10719150988
06/13/2021,FEU,Z24,11,0.100689539
06/13/2021,FEU,Z14,11,0.100689539
06/13/2021,FEU,Z24,12,0.098097439
06/13/2021,FEU,Z14,12,0.098097439
06/13/2021,FEU,Z24,13,0.09448511486
06/13/2021,FEU,Z14,13,0.09448511486
06/13/2021,FEU,Z24,14,0.09728314414
06/13/2021,FEU,Z14,14,0.09728314414
06/13/2021,FEU,Z24,15,0.09771570728
06/13/2021,FEU,Z14,15,0.09771570728
06/13/2021,FEU,Z24,16,0.09463886658
06/13/2021,FEU,Z14,16,0.09463886658
06/13/2021,FEU,Z24,17,0.0948630733
06/13/2021,FEU,Z14,17,0.0948630733
06/13/2021,FEU,Z24,18,0.09422413844
06/13/2021,FEU,Z14,18,0.09422413844
06/13/2021,FEU,Z24,19,0.0986871576
06/13/2021,FEU,Z14,19,0.0986871576
06/13/2021,FEU,Z24,2,0.10810544224
06/13/2021,FEU,Z14,2,0.10810544224
06/13/2021,FEU,Z24,20,0.10680898532
06/13/2021,FEU,Z14,20,0.10680898532
06/13/2021,FEU,Z24,21,0.11520519562
06/13/2021,FEU,Z14,21,0.11520519562
06/13/2021,FEU,Z24,22,0.12069376448
06/13/2021,FEU,Z14,22,0.12069376448
06/13/2021,FEU,Z24,23,0.12325861936
06/13/2021,FEU,Z14,23,0.12325861936
06/13/2021,FEU,Z24,24,0.12150713824
06/13/2021,FEU,Z14,24,0.12150713824
06/13/2021,FEU,Z24,3,0.10914381526
06/13/2021,FEU,Z14,3,0.10914381526
06/13/2021,FEU,Z24,4,0.10995634512
06/13/2021,FEU,Z14,4,0.10995634512
06/13/2021,FEU,Z24,5,0.11028295312
06/13/2021,FEU,Z14,5,0.11028295312
06/13/2021,FEU,Z24,6,0.11119480098
06/13/2021,FEU,Z14,6,0.11119480098
06/13/2021,FEU,Z24,7,0.11086985284
06/13/2021,FEU,Z14,7,0.11086985284
06/13/2021,FEU,Z24,8,0.11041645712
06/13/2021,FEU,Z14,8,0.11041645712
06/13/2021,FEU,Z24,9,0.1090419748
06/13/2021,FEU,Z14,9,0.1090419748
06/14/2021,FEU,Z24,1,0.11645169222
06/14/2021,FEU,Z14,1,0.11645169222
06/14/2021,FEU,Z24,10,0.14875119022
06/14/2021,FEU,Z14,10,0.14875119022
06/14/2021,FEU,Z24,11,0.14566955678
06/14/2021,FEU,Z14,11,0.23898774036
06/14/2021,FEU,Z24,12,0.23932738794
06/14/2021,FEU,Z14,12,0.23932738794
06/14/2021,FEU,Z24,13,0.24002109266
06/14/2021,FEU,Z14,13,0.24002109266
06/14/2021,FEU,Z24,14,0.23980947094
06/14/2021,FEU,Z14,14,0.23980947094
06/14/2021,FEU,Z24,15,0.23911678938
06/14/2021,FEU,Z14,15,0.1457894718
06/14/2021,FEU,Z24,16,0.13956469294
06/14/2021,FEU,Z14,16,0.13956469294
06/14/2021,FEU,Z24,17,0.13923615036
06/14/2021,FEU,Z14,17,0.13923615036
06/14/2021,FEU,Z24,18,0.1395500925
06/14/2021,FEU,Z14,18,0.1395500925
06/14/2021,FEU,Z24,19,0.14770695666
06/14/2021,FEU,Z14,19,0.24104175524
06/14/2021,FEU,Z24,2,0.11615901024
06/14/2021,FEU,Z14,2,0.11615901024
06/14/2021,FEU,Z24,20,0.2490628297
06/14/2021,FEU,Z14,20,0.2490628297
06/14/2021,FEU,Z24,21,0.25382854644
06/14/2021,FEU,Z14,21,0.25382854644
06/14/2021,FEU,Z24,22,0.25103596346
06/14/2021,FEU,Z14,22,0.25103596346
06/14/2021,FEU,Z24,23,0.2494522355
06/14/2021,FEU,Z14,23,0.15594784906
06/14/2021,FEU,Z24,24,0.15234670794
06/14/2021,FEU,Z14,24,0.15234670794
06/14/2021,FEU,Z24,3,0.11299107882
06/14/2021,FEU,Z14,3,0.11299107882
06/14/2021,FEU,Z24,4,0.11476460854
06/14/2021,FEU,Z14,4,0.11476460854
06/14/2021,FEU,Z24,5,0.11661551368
06/14/2021,FEU,Z14,5,0.11661551368
06/14/2021,FEU,Z24,6,0.11701663852
06/14/2021,FEU,Z14,6,0.11701663852
06/14/2021,FEU,Z24,7,0.11553909132
06/14/2021,FEU,Z14,7,0.11553909132
06/14/2021,FEU,Z24,8,0.11879550898
06/14/2021,FEU,Z14,8,0.11879550898
06/14/2021,FEU,Z24,9,0.15402929898
06/14/2021,FEU,Z14,9,0.15402929898
06/15/2021,FEU,Z24,1,0.11576335732
06/15/2021,FEU,Z14,1,0.11576335732
06/15/2021,FEU,Z24,10,0.15122161794
06/15/2021,FEU,Z14,10,0.15122161794
06/15/2021,FEU,Z24,11,0.14902885008
06/15/2021,FEU,Z14,11,0.24236339366
06/15/2021,FEU,Z24,12,0.2449618761
06/15/2021,FEU,Z14,12,0.2449618761
06/15/2021,FEU,Z24,13,0.2450538111
06/15/2021,FEU,Z14,13,0.2450538111
06/15/2021,FEU,Z24,14,0.24538304096
06/15/2021,FEU,Z14,14,0.24538304096
06/15/2021,FEU,Z24,15,0.24419460668
06/15/2021,FEU,Z14,15,0.1508476111
06/15/2021,FEU,Z24,16,0.14894117838
06/15/2021,FEU,Z14,16,0.14894117838
06/15/2021,FEU,Z24,17,0.14873443094
06/15/2021,FEU,Z14,17,0.14873443094
06/15/2021,FEU,Z24,18,0.15133677594
06/15/2021,FEU,Z14,18,0.15133677594
06/15/2021,FEU,Z24,19,0.15442716438
06/15/2021,FEU,Z14,19,0.24778227296
06/15/2021,FEU,Z24,2,0.11327263306
06/15/2021,FEU,Z14,2,0.11327263306
06/15/2021,FEU,Z24,20,0.25513531528
06/15/2021,FEU,Z14,20,0.25513531528
06/15/2021,FEU,Z24,21,0.25573841644
06/15/2021,FEU,Z14,21,0.25573841644
06/15/2021,FEU,Z24,22,0.25315083174
06/15/2021,FEU,Z14,22,0.25315083174
06/15/2021,FEU,Z24,23,0.25150520678
06/15/2021,FEU,Z14,23,0.15799498534
06/15/2021,FEU,Z24,24,0.1574472348
06/15/2021,FEU,Z14,24,0.1574472348
06/15/2021,FEU,Z24,3,0.1104183855
06/15/2021,FEU,Z14,3,0.1104183855
06/15/2021,FEU,Z24,4,0.10779657136
06/15/2021,FEU,Z14,4,0.10779657136
06/15/2021,FEU,Z24,5,0.1078063605
06/15/2021,FEU,Z14,5,0.1078063605
06/15/2021,FEU,Z24,6,0.11047291592
06/15/2021,FEU,Z14,6,0.11047291592
06/15/2021,FEU,Z24,7,0.11041190788
06/15/2021,FEU,Z14,7,0.11041190788
06/15/2021,FEU,Z24,8,0.1180833604
06/15/2021,FEU,Z14,8,0.1180833604
06/15/2021,FEU,Z24,9,0.15798393584
06/15/2021,FEU,Z14,9,0.15798393584
06/16/2021,FEU,Z24,1,0.12565451362
06/16/2021,FEU,Z14,1,0.12565451362
06/16/2021,FEU,Z24,10,0.1560875925
06/16/2021,FEU,Z14,10,0.1560875925
06/16/2021,FEU,Z24,11,0.15263089606
06/16/2021,FEU,Z14,11,0.24596631864
06/16/2021,FEU,Z24,12,0.24562625222
06/16/2021,FEU,Z14,12,0.24562625222
06/16/2021,FEU,Z24,13,0.24519235722
06/16/2021,FEU,Z14,13,0.24519235722
06/16/2021,FEU,Z24,14,0.24244585822
06/16/2021,FEU,Z14,14,0.24244585822
06/16/2021,FEU,Z24,15,0.24188492952
06/16/2021,FEU,Z14,15,0.14855153294
06/16/2021,FEU,Z24,16,0.14106590036
06/16/2021,FEU,Z14,16,0.14106590036
06/16/2021,FEU,Z24,17,0.14384579292
06/16/2021,FEU,Z14,17,0.14384579292
06/16/2021,FEU,Z24,18,0.15163696092
06/16/2021,FEU,Z14,18,0.15163696092
06/16/2021,FEU,Z24,19,0.15581071822
06/16/2021,FEU,Z14,19,0.24926362466
06/16/2021,FEU,Z24,2,0.1235407855
06/16/2021,FEU,Z14,2,0.1235407855
06/16/2021,FEU,Z24,20,0.25373180926
06/16/2021,FEU,Z14,20,0.25373180926
06/16/2021,FEU,Z24,21,0.262399689
06/16/2021,FEU,Z14,21,0.262399689
06/16/2021,FEU,Z24,22,0.25764227702
06/16/2021,FEU,Z14,22,0.25764227702
06/16/2021,FEU,Z24,23,0.25861373964
06/16/2021,FEU,Z14,23,0.1650793062
06/16/2021,FEU,Z24,24,0.1612810548
06/16/2021,FEU,Z14,24,0.1612810548
06/16/2021,FEU,Z24,3,0.12216577108
06/16/2021,FEU,Z14,3,0.12216577108
06/16/2021,FEU,Z24,4,0.12252847894
06/16/2021,FEU,Z14,4,0.12252847894
06/16/2021,FEU,Z24,5,0.12269589694
06/16/2021,FEU,Z14,5,0.12269589694
06/16/2021,FEU,Z24,6,0.12172436364
06/16/2021,FEU,Z14,6,0.12172436364
06/16/2021,FEU,Z24,7,0.12271719118
06/16/2021,FEU,Z14,7,0.12271719118
06/16/2021,FEU,Z24,8,0.12512009926
06/16/2021,FEU,Z14,8,0.12512009926
06/16/2021,FEU,Z24,9,0.1617785004
06/16/2021,FEU,Z14,9,0.1617785004
06/17/2021,FEU,Z24,1,0.12489435332
06/17/2021,FEU,Z14,1,0.12489435332
06/17/2021,FEU,Z24,10,0.15617794636
06/17/2021,FEU,Z14,10,0.15617794636
06/17/2021,FEU,Z24,11,0.1541919675
06/17/2021,FEU,Z14,11,0.24753652208
06/17/2021,FEU,Z24,12,0.24580035638
06/17/2021,FEU,Z14,12,0.24580035638
06/17/2021,FEU,Z24,13,0.24537434838
06/17/2021,FEU,Z14,13,0.24537434838
06/17/2021,FEU,Z24,14,0.24193569338
06/17/2021,FEU,Z14,14,0.24193569338
06/17/2021,FEU,Z24,15,0.23920335182
06/17/2021,FEU,Z14,15,0.14586963924
06/17/2021,FEU,Z24,16,0.14131878952
06/17/2021,FEU,Z14,16,0.14131878952
06/17/2021,FEU,Z24,17,0.13306539408
06/17/2021,FEU,Z14,17,0.13306539408
06/17/2021,FEU,Z24,18,0.14239120236
06/17/2021,FEU,Z14,18,0.14239120236
06/17/2021,FEU,Z24,19,0.15193796208
06/17/2021,FEU,Z14,19,0.24537941352
06/17/2021,FEU,Z24,2,0.12295851648
06/17/2021,FEU,Z14,2,0.12295851648
06/17/2021,FEU,Z24,20,0.24980283212
06/17/2021,FEU,Z14,20,0.24980283212
06/17/2021,FEU,Z24,21,0.257799689
06/17/2021,FEU,Z14,21,0.257799689
06/17/2021,FEU,Z24,22,0.2545385176
06/17/2021,FEU,Z14,22,0.2545385176
06/17/2021,FEU,Z24,23,0.25190324336
06/17/2021,FEU,Z14,23,0.15838935192
06/17/2021,FEU,Z24,24,0.15745385538
06/17/2021,FEU,Z14,24,0.15745385538
06/17/2021,FEU,Z24,3,0.12279175378
06/17/2021,FEU,Z14,3,0.12279175378
06/17/2021,FEU,Z24,4,0.1213329605
06/17/2021,FEU,Z14,4,0.1213329605
06/17/2021,FEU,Z24,5,0.12086616964
06/17/2021,FEU,Z14,5,0.12086616964
06/17/2021,FEU,Z24,6,0.1201296562
06/17/2021,FEU,Z14,6,0.1201296562
06/17/2021,FEU,Z24,7,0.1196843176
06/17/2021,FEU,Z14,7,0.1196843176
06/17/2021,FEU,Z24,8,0.11920059126
06/17/2021,FEU,Z14,8,0.11920059126
06/17/2021,FEU,Z24,9,0.16038747984
06/17/2021,FEU,Z14,9,0.16038747984
06/18/2021,FEU,Z24,1,0.11921074618
06/18/2021,FEU,Z14,1,0.11921074618
06/18/2021,FEU,Z24,10,0.15584309808
06/18/2021,FEU,Z14,10,0.15584309808
06/18/2021,FEU,Z24,11,0.15457790036
06/18/2021,FEU,Z14,11,0.24792359394
06/18/2021,FEU,Z24,12,0.24648588866
06/18/2021,FEU,Z14,12,0.24648588866
06/18/2021,FEU,Z24,13,0.2479450518
06/18/2021,FEU,Z14,13,0.2479450518
06/18/2021,FEU,Z24,14,0.24597493994
06/18/2021,FEU,Z14,14,0.24597493994
06/18/2021,FEU,Z24,15,0.24430967352
06/18/2021,FEU,Z14,15,0.15096985094
06/18/2021,FEU,Z24,16,0.14544452494
06/18/2021,FEU,Z14,16,0.14544452494
06/18/2021,FEU,Z24,17,0.14388818522
06/18/2021,FEU,Z14,17,0.14388818522
06/18/2021,FEU,Z24,18,0.14718569808
06/18/2021,FEU,Z14,18,0.14718569808
06/18/2021,FEU,Z24,19,0.14971936152
06/18/2021,FEU,Z14,19,0.2430607511
06/18/2021,FEU,Z24,2,0.11694587192
06/18/2021,FEU,Z14,2,0.11694587192
06/18/2021,FEU,Z24,20,0.2506440747
06/18/2021,FEU,Z14,20,0.2506440747
06/18/2021,FEU,Z24,21,0.25167562802
06/18/2021,FEU,Z14,21,0.25167562802
06/18/2021,FEU,Z24,22,0.24879028932
06/18/2021,FEU,Z14,22,0.24879028932
06/18/2021,FEU,Z24,23,0.24990475508
06/18/2021,FEU,Z14,23,0.15639532564
06/18/2021,FEU,Z24,24,0.15505235052
06/18/2021,FEU,Z14,24,0.15505235052
06/18/2021,FEU,Z24,3,0.11581846622
06/18/2021,FEU,Z14,3,0.11581846622
06/18/2021,FEU,Z24,4,0.11607904508
06/18/2021,FEU,Z14,4,0.11607904508
06/18/2021,FEU,Z24,5,0.11562433708
06/18/2021,FEU,Z14,5,0.11562433708
06/18/2021,FEU,Z24,6,0.1164308605
06/18/2021,FEU,Z14,6,0.1164308605
06/18/2021,FEU,Z24,7,0.11740460718
06/18/2021,FEU,Z14,7,0.11740460718
06/18/2021,FEU,Z24,8,0.12174046384
06/18/2021,FEU,Z14,8,0.12174046384
06/18/2021,FEU,Z24,9,0.16094575184
06/18/2021,FEU,Z14,9,0.16094575184
06/19/2021,FEU,Z24,1,0.12051709932
06/19/2021,FEU,Z14,1,0.12051709932
06/19/2021,FEU,Z24,10,0.11704328998
06/19/2021,FEU,Z14,10,0.11704328998
06/19/2021,FEU,Z24,11,0.1154942911
06/19/2021,FEU,Z14,11,0.1154942911
06/19/2021,FEU,Z24,12,0.11309951296
06/19/2021,FEU,Z14,12,0.11309951296
06/19/2021,FEU,Z24,13,0.11172900668
06/19/2021,FEU,Z14,13,0.11172900668
06/19/2021,FEU,Z24,14,0.11018018868
06/19/2021,FEU,Z14,14,0.11018018868
06/19/2021,FEU,Z24,15,0.1019489404
06/19/2021,FEU,Z14,15,0.1019489404
06/19/2021,FEU,Z24,16,0.08882208654
06/19/2021,FEU,Z14,16,0.08882208654
06/19/2021,FEU,Z24,17,0.08768648068
06/19/2021,FEU,Z14,17,0.08768648068
06/19/2021,FEU,Z24,18,0.09544991668
06/19/2021,FEU,Z14,18,0.09544991668
06/19/2021,FEU,Z24,19,0.10467884784
06/19/2021,FEU,Z14,19,0.10467884784
06/19/2021,FEU,Z24,2,0.12135721706
06/19/2021,FEU,Z14,2,0.12135721706
06/19/2021,FEU,Z24,20,0.114407889
06/19/2021,FEU,Z14,20,0.114407889
06/19/2021,FEU,Z24,21,0.11871530818
06/19/2021,FEU,Z14,21,0.11871530818
06/19/2021,FEU,Z24,22,0.11851357934
06/19/2021,FEU,Z14,22,0.11851357934
06/19/2021,FEU,Z24,23,0.11781306108
06/19/2021,FEU,Z14,23,0.11781306108
06/19/2021,FEU,Z24,24,0.1141095691
06/19/2021,FEU,Z14,24,0.1141095691
06/19/2021,FEU,Z24,3,0.12174758108
06/19/2021,FEU,Z14,3,0.12174758108
06/19/2021,FEU,Z24,4,0.12192430252
06/19/2021,FEU,Z14,4,0.12192430252
06/19/2021,FEU,Z24,5,0.12191248252
06/19/2021,FEU,Z14,5,0.12191248252
06/19/2021,FEU,Z24,6,0.12003937566
06/19/2021,FEU,Z14,6,0.12003937566
06/19/2021,FEU,Z24,7,0.1173196748
06/19/2021,FEU,Z14,7,0.1173196748
06/19/2021,FEU,Z24,8,0.11745687364
06/19/2021,FEU,Z14,8,0.11745687364
06/19/2021,FEU,Z24,9,0.11891040946
06/19/2021,FEU,Z14,9,0.11891040946
06/20/2021,FEU,Z24,1,0.10845816364
06/20/2021,FEU,Z14,1,0.10845816364
06/20/2021,FEU,Z24,10,0.07932887188
06/20/2021,FEU,Z14,10,0.07932887188
06/20/2021,FEU,Z24,11,0.073288489
06/20/2021,FEU,Z14,11,0.073288489
06/20/2021,FEU,Z24,12,0.066785239
06/20/2021,FEU,Z14,12,0.066785239
06/20/2021,FEU,Z24,13,0.05996662486
06/20/2021,FEU,Z14,13,0.05996662486
06/20/2021,FEU,Z24,14,0.04569993814
06/20/2021,FEU,Z14,14,0.04569993814
06/20/2021,FEU,Z24,15,0.04290329928
06/20/2021,FEU,Z14,15,0.04290329928
06/20/2021,FEU,Z24,16,0.04672825758
06/20/2021,FEU,Z14,16,0.04672825758
06/20/2021,FEU,Z24,17,0.0263138233
06/20/2021,FEU,Z14,17,0.0263138233
06/20/2021,FEU,Z24,18,0.02241764244
06/20/2021,FEU,Z14,18,0.02241764244
06/20/2021,FEU,Z24,19,0.0420756776
06/20/2021,FEU,Z14,19,0.0420756776
06/20/2021,FEU,Z24,2,0.09358486624
06/20/2021,FEU,Z14,2,0.09358486624
06/20/2021,FEU,Z24,20,0.08611725132
06/20/2021,FEU,Z14,20,0.08611725132
06/20/2021,FEU,Z24,21,0.10482589762
06/20/2021,FEU,Z14,21,0.10482589762
06/20/2021,FEU,Z24,22,0.11228650048
06/20/2021,FEU,Z14,22,0.11228650048
06/20/2021,FEU,Z24,23,0.11553347536
06/20/2021,FEU,Z14,23,0.11553347536
06/20/2021,FEU,Z24,24,0.10862166624
06/20/2021,FEU,Z14,24,0.10862166624
06/20/2021,FEU,Z24,3,0.09304983226
06/20/2021,FEU,Z14,3,0.09304983226
06/20/2021,FEU,Z24,4,0.09006186512
06/20/2021,FEU,Z14,4,0.09006186512
06/20/2021,FEU,Z24,5,0.08997723312
06/20/2021,FEU,Z14,5,0.08997723312
06/20/2021,FEU,Z24,6,0.08793965198
06/20/2021,FEU,Z14,6,0.08793965198
06/20/2021,FEU,Z24,7,0.08636061484
06/20/2021,FEU,Z14,7,0.08636061484
06/20/2021,FEU,Z24,8,0.08207427312
06/20/2021,FEU,Z14,8,0.08207427312
06/20/2021,FEU,Z24,9,0.0811892548
06/20/2021,FEU,Z14,9,0.0811892548
06/21/2021,FEU,Z24,1,0.09411811722
06/21/2021,FEU,Z14,1,0.09411811722
06/21/2021,FEU,Z24,10,0.14837364522
06/21/2021,FEU,Z14,10,0.14837364522
06/21/2021,FEU,Z24,11,0.14603453178
06/21/2021,FEU,Z14,11,0.23935369036
06/21/2021,FEU,Z24,12,0.23962544394
06/21/2021,FEU,Z14,12,0.23962544394
06/21/2021,FEU,Z24,13,0.24100845566
06/21/2021,FEU,Z14,13,0.24100845566
06/21/2021,FEU,Z24,14,0.24081766794
06/21/2021,FEU,Z14,14,0.24081766794
06/21/2021,FEU,Z24,15,0.24024412438
06/21/2021,FEU,Z14,15,0.1469138218
06/21/2021,FEU,Z24,16,0.13810941194
06/21/2021,FEU,Z14,16,0.13810941194
06/21/2021,FEU,Z24,17,0.13785342236
06/21/2021,FEU,Z14,17,0.13785342236
06/21/2021,FEU,Z24,18,0.1408517175
06/21/2021,FEU,Z14,18,0.1408517175
06/21/2021,FEU,Z24,19,0.15031391166
06/21/2021,FEU,Z14,19,0.24365449124
06/21/2021,FEU,Z24,2,0.09146905824
06/21/2021,FEU,Z14,2,0.09146905824
06/21/2021,FEU,Z24,20,0.2501437097
06/21/2021,FEU,Z14,20,0.2501437097
06/21/2021,FEU,Z24,21,0.25116857644
06/21/2021,FEU,Z14,21,0.25116857644
06/21/2021,FEU,Z24,22,0.24905645846
06/21/2021,FEU,Z14,22,0.24905645846
06/21/2021,FEU,Z24,23,0.2506213605
06/21/2021,FEU,Z14,23,0.15711182306
06/21/2021,FEU,Z24,24,0.15432153294
06/21/2021,FEU,Z14,24,0.15432153294
06/21/2021,FEU,Z24,3,0.09119182382
06/21/2021,FEU,Z14,3,0.09119182382
06/21/2021,FEU,Z24,4,0.09220452254
06/21/2021,FEU,Z14,4,0.09220452254
06/21/2021,FEU,Z24,5,0.09354217768
06/21/2021,FEU,Z14,5,0.09354217768
06/21/2021,FEU,Z24,6,0.09500898052
06/21/2021,FEU,Z14,6,0.09500898052
06/21/2021,FEU,Z24,7,0.11424113732
06/21/2021,FEU,Z14,7,0.11424113732
06/21/2021,FEU,Z24,8,0.11436295498
06/21/2021,FEU,Z14,8,0.11436295498
06/21/2021,FEU,Z24,9,0.15238223598
06/21/2021,FEU,Z14,9,0.15238223598
06/22/2021,FEU,Z24,1,0.11979782132
06/22/2021,FEU,Z14,1,0.11979782132
06/22/2021,FEU,Z24,10,0.15194417794
06/22/2021,FEU,Z14,10,0.15194417794
06/22/2021,FEU,Z24,11,0.14914390608
06/22/2021,FEU,Z14,11,0.24247762466
06/22/2021,FEU,Z24,12,0.2421618311
06/22/2021,FEU,Z14,12,0.2421618311
06/22/2021,FEU,Z24,13,0.2421391311
06/22/2021,FEU,Z14,13,0.2421391311
06/22/2021,FEU,Z24,14,0.24240785696
06/22/2021,FEU,Z14,14,0.24240785696
06/22/2021,FEU,Z24,15,0.24199940468
06/22/2021,FEU,Z14,15,0.1486581961
06/22/2021,FEU,Z24,16,0.14544474038
06/22/2021,FEU,Z14,16,0.14544474038
06/22/2021,FEU,Z24,17,0.14072304694
06/22/2021,FEU,Z14,17,0.14072304694
06/22/2021,FEU,Z24,18,0.14905506694
06/22/2021,FEU,Z14,18,0.14905506694
06/22/2021,FEU,Z24,19,0.14937851638
06/22/2021,FEU,Z14,19,0.24271912096
06/22/2021,FEU,Z24,2,0.11718377306
06/22/2021,FEU,Z14,2,0.11718377306
06/22/2021,FEU,Z24,20,0.24771119928
06/22/2021,FEU,Z14,20,0.24771119928
06/22/2021,FEU,Z24,21,0.24483080844
06/22/2021,FEU,Z14,21,0.24483080844
06/22/2021,FEU,Z24,22,0.24393794074
06/22/2021,FEU,Z14,22,0.24393794074
06/22/2021,FEU,Z24,23,0.24626541578
06/22/2021,FEU,Z14,23,0.15277306234
06/22/2021,FEU,Z24,24,0.1465463948
06/22/2021,FEU,Z14,24,0.1465463948
06/22/2021,FEU,Z24,3,0.1151783105
06/22/2021,FEU,Z14,3,0.1151783105
06/22/2021,FEU,Z24,4,0.11565342736
06/22/2021,FEU,Z14,4,0.11565342736
06/22/2021,FEU,Z24,5,0.1118142855
06/22/2021,FEU,Z14,5,0.1118142855
06/22/2021,FEU,Z24,6,0.11429246392
06/22/2021,FEU,Z14,6,0.11429246392
06/22/2021,FEU,Z24,7,0.11573754988
06/22/2021,FEU,Z14,7,0.11573754988
06/22/2021,FEU,Z24,8,0.1172386204
06/22/2021,FEU,Z14,8,0.1172386204
06/22/2021,FEU,Z24,9,0.15619471984
06/22/2021,FEU,Z14,9,0.15619471984
06/23/2021,FEU,Z24,1,0.11824989862
06/23/2021,FEU,Z14,1,0.11824989862
06/23/2021,FEU,Z24,10,0.1548995925
06/23/2021,FEU,Z14,10,0.1548995925
06/23/2021,FEU,Z24,11,0.15314319306
06/23/2021,FEU,Z14,11,0.24647998664
06/23/2021,FEU,Z24,12,0.24542113822
06/23/2021,FEU,Z14,12,0.24542113822
06/23/2021,FEU,Z24,13,0.24418481922
06/23/2021,FEU,Z14,13,0.24418481922
06/23/2021,FEU,Z24,14,0.24391095822
06/23/2021,FEU,Z14,14,0.24391095822
06/23/2021,FEU,Z24,15,0.24396554552
06/23/2021,FEU,Z14,15,0.15062550594
06/23/2021,FEU,Z24,16,0.14991400836
06/23/2021,FEU,Z14,16,0.14991400836
06/23/2021,FEU,Z24,17,0.14703451692
06/23/2021,FEU,Z14,17,0.14703451692
06/23/2021,FEU,Z24,18,0.15075955692
06/23/2021,FEU,Z14,18,0.15075955692
06/23/2021,FEU,Z24,19,0.15368181522
06/23/2021,FEU,Z14,19,0.24712829666
06/23/2021,FEU,Z24,2,0.1165025355
06/23/2021,FEU,Z14,2,0.1165025355
06/23/2021,FEU,Z24,20,0.24731368426
06/23/2021,FEU,Z14,20,0.24731368426
06/23/2021,FEU,Z24,21,0.246335339
06/23/2021,FEU,Z14,21,0.246335339
06/23/2021,FEU,Z24,22,0.24640202202
06/23/2021,FEU,Z14,22,0.24640202202
06/23/2021,FEU,Z24,23,0.24951993564
06/23/2021,FEU,Z14,23,0.1560164862
06/23/2021,FEU,Z24,24,0.1497689748
06/23/2021,FEU,Z14,24,0.1497689748
06/23/2021,FEU,Z24,3,0.11058956508
06/23/2021,FEU,Z14,3,0.11058956508
06/23/2021,FEU,Z24,4,0.11192337394
06/23/2021,FEU,Z14,4,0.11192337394
06/23/2021,FEU,Z24,5,0.11297622094
06/23/2021,FEU,Z14,5,0.11297622094
06/23/2021,FEU,Z24,6,0.11624178364
06/23/2021,FEU,Z14,6,0.11624178364
06/23/2021,FEU,Z24,7,0.11853736918
06/23/2021,FEU,Z14,7,0.11853736918
06/23/2021,FEU,Z24,8,0.11770702226
06/23/2021,FEU,Z14,8,0.11770702226
06/23/2021,FEU,Z24,9,0.1568594004
06/23/2021,FEU,Z14,9,0.1568594004
06/24/2021,FEU,Z24,1,0.10981740332
06/24/2021,FEU,Z14,1,0.10981740332
06/24/2021,FEU,Z24,10,0.14834774236
06/24/2021,FEU,Z14,10,0.14834774236
06/24/2021,FEU,Z24,11,0.1464598425
06/24/2021,FEU,Z14,11,0.23978265008
06/24/2021,FEU,Z24,12,0.24154367538
06/24/2021,FEU,Z14,12,0.24154367538
06/24/2021,FEU,Z24,13,0.24322391438
06/24/2021,FEU,Z14,13,0.24322391438
06/24/2021,FEU,Z24,14,0.23932412838
06/24/2021,FEU,Z14,14,0.23932412838
06/24/2021,FEU,Z24,15,0.23676676082
06/24/2021,FEU,Z14,15,0.14344061124
06/24/2021,FEU,Z24,16,0.14101994152
06/24/2021,FEU,Z14,16,0.14101994152
06/24/2021,FEU,Z24,17,0.14230709808
06/24/2021,FEU,Z14,17,0.14230709808
06/24/2021,FEU,Z24,18,0.14954805836
06/24/2021,FEU,Z14,18,0.14954805836
06/24/2021,FEU,Z24,19,0.15012865008
06/24/2021,FEU,Z14,19,0.24356255352
06/24/2021,FEU,Z24,2,0.10660651648
06/24/2021,FEU,Z14,2,0.10660651648
06/24/2021,FEU,Z24,20,0.24686903412
06/24/2021,FEU,Z14,20,0.24686903412
06/24/2021,FEU,Z24,21,0.247992489
06/24/2021,FEU,Z14,21,0.247992489
06/24/2021,FEU,Z24,22,0.2489797976
06/24/2021,FEU,Z14,22,0.2489797976
06/24/2021,FEU,Z24,23,0.25093657136
06/24/2021,FEU,Z14,23,0.15742479592
06/24/2021,FEU,Z24,24,0.15285316838
06/24/2021,FEU,Z14,24,0.15285316838
06/24/2021,FEU,Z24,3,0.10382199778
06/24/2021,FEU,Z14,3,0.10382199778
06/24/2021,FEU,Z24,4,0.0994908855
06/24/2021,FEU,Z14,4,0.0994908855
06/24/2021,FEU,Z24,5,0.09655145564
06/24/2021,FEU,Z14,5,0.09655145564
06/24/2021,FEU,Z24,6,0.1015406962
06/24/2021,FEU,Z14,6,0.1015406962
06/24/2021,FEU,Z24,7,0.1090146376
06/24/2021,FEU,Z14,7,0.1090146376
06/24/2021,FEU,Z24,8,0.11829691926
06/24/2021,FEU,Z14,8,0.11829691926
06/24/2021,FEU,Z24,9,0.15334959184
06/24/2021,FEU,Z14,9,0.15334959184
06/25/2021,FEU,Z24,1,0.11340156118
06/25/2021,FEU,Z14,1,0.11340156118
06/25/2021,FEU,Z24,10,0.15450303408
06/25/2021,FEU,Z14,10,0.15450303408
06/25/2021,FEU,Z24,11,0.15095330636
06/25/2021,FEU,Z14,11,0.24429047194
06/25/2021,FEU,Z24,12,0.24224803166
06/25/2021,FEU,Z14,12,0.24224803166
06/25/2021,FEU,Z24,13,0.2393186318
06/25/2021,FEU,Z14,13,0.2393186318
06/25/2021,FEU,Z24,14,0.23344755594
06/25/2021,FEU,Z14,14,0.23344755594
06/25/2021,FEU,Z24,15,0.23167994952
06/25/2021,FEU,Z14,15,0.13837246894
06/25/2021,FEU,Z24,16,0.13815570094
06/25/2021,FEU,Z14,16,0.13815570094
06/25/2021,FEU,Z24,17,0.13864763522
06/25/2021,FEU,Z14,17,0.13864763522
06/25/2021,FEU,Z24,18,0.14530757808
06/25/2021,FEU,Z14,18,0.14530757808
06/25/2021,FEU,Z24,19,0.14746781352
06/25/2021,FEU,Z14,19,0.2408021011
06/25/2021,FEU,Z24,2,0.10654671592
06/25/2021,FEU,Z14,2,0.10654671592
06/25/2021,FEU,Z24,20,0.2477025697
06/25/2021,FEU,Z14,20,0.2477025697
06/25/2021,FEU,Z24,21,0.25094787502
06/25/2021,FEU,Z14,21,0.25094787502
06/25/2021,FEU,Z24,22,0.25168134532
06/25/2021,FEU,Z14,22,0.25168134532
06/25/2021,FEU,Z24,23,0.25294281708
06/25/2021,FEU,Z14,23,0.15942189764
06/25/2021,FEU,Z24,24,0.15398382252
06/25/2021,FEU,Z14,24,0.15398382252
06/25/2021,FEU,Z24,3,0.10379658822
06/25/2021,FEU,Z14,3,0.10379658822
06/25/2021,FEU,Z24,4,0.10275586508
06/25/2021,FEU,Z14,4,0.10275586508
06/25/2021,FEU,Z24,5,0.10324591308
06/25/2021,FEU,Z14,5,0.10324591308
06/25/2021,FEU,Z24,6,0.1055750355
06/25/2021,FEU,Z14,6,0.1055750355
06/25/2021,FEU,Z24,7,0.11395631218
06/25/2021,FEU,Z14,7,0.11395631218
06/25/2021,FEU,Z24,8,0.11943987984
06/25/2021,FEU,Z14,8,0.11943987984
06/25/2021,FEU,Z24,9,0.15991157584
06/25/2021,FEU,Z14,9,0.15991157584
06/26/2021,FEU,Z24,1,0.11839412532
06/26/2021,FEU,Z14,1,0.11839412532
06/26/2021,FEU,Z24,10,0.11204266498
06/26/2021,FEU,Z14,10,0.11204266498
06/26/2021,FEU,Z24,11,0.1111619961
06/26/2021,FEU,Z14,11,0.1111619961
06/26/2021,FEU,Z24,12,0.11023906496
06/26/2021,FEU,Z14,12,0.11023906496
06/26/2021,FEU,Z24,13,0.09951712868
06/26/2021,FEU,Z14,13,0.09951712868
06/26/2021,FEU,Z24,14,0.09125638668
06/26/2021,FEU,Z14,14,0.09125638668
06/26/2021,FEU,Z24,15,0.0879919204
06/26/2021,FEU,Z14,15,0.0879919204
06/26/2021,FEU,Z24,16,0.08716825854
06/26/2021,FEU,Z14,16,0.08716825854
06/26/2021,FEU,Z24,17,0.08774338068
06/26/2021,FEU,Z14,17,0.08774338068
06/26/2021,FEU,Z24,18,0.09197218868
06/26/2021,FEU,Z14,18,0.09197218868
06/26/2021,FEU,Z24,19,0.09899888784
06/26/2021,FEU,Z14,19,0.09899888784
06/26/2021,FEU,Z24,2,0.11800464406
06/26/2021,FEU,Z14,2,0.11800464406
06/26/2021,FEU,Z24,20,0.110730189
06/26/2021,FEU,Z14,20,0.110730189
06/26/2021,FEU,Z24,21,0.11513792018
06/26/2021,FEU,Z14,21,0.11513792018
06/26/2021,FEU,Z24,22,0.11956918634
06/26/2021,FEU,Z14,22,0.11956918634
06/26/2021,FEU,Z24,23,0.11952351708
06/26/2021,FEU,Z14,23,0.11952351708
06/26/2021,FEU,Z24,24,0.1164558691
06/26/2021,FEU,Z14,24,0.1164558691
06/26/2021,FEU,Z24,3,0.12018084108
06/26/2021,FEU,Z14,3,0.12018084108
06/26/2021,FEU,Z24,4,0.12139594852
06/26/2021,FEU,Z14,4,0.12139594852
06/26/2021,FEU,Z24,5,0.12324459652
06/26/2021,FEU,Z14,5,0.12324459652
06/26/2021,FEU,Z24,6,0.12331310766
06/26/2021,FEU,Z14,6,0.12331310766
06/26/2021,FEU,Z24,7,0.1230934148
06/26/2021,FEU,Z14,7,0.1230934148
06/26/2021,FEU,Z24,8,0.12045996564
06/26/2021,FEU,Z14,8,0.12045996564
06/26/2021,FEU,Z24,9,0.11713059646
06/26/2021,FEU,Z14,9,0.11713059646
06/27/2021,FEU,Z24,1,0.11891145964
06/27/2021,FEU,Z14,1,0.11891145964
06/27/2021,FEU,Z24,10,0.09424738588
06/27/2021,FEU,Z14,10,0.09424738588
06/27/2021,FEU,Z24,11,0.091290589
06/27/2021,FEU,Z14,11,0.091290589
06/27/2021,FEU,Z24,12,0.087227639
06/27/2021,FEU,Z14,12,0.087227639
06/27/2021,FEU,Z24,13,0.07689898586
06/27/2021,FEU,Z14,13,0.07689898586
06/27/2021,FEU,Z24,14,0.07454788114
06/27/2021,FEU,Z14,14,0.07454788114
06/27/2021,FEU,Z24,15,0.04176103928
06/27/2021,FEU,Z14,15,0.04176103928
06/27/2021,FEU,Z24,16,0.03231806358
06/27/2021,FEU,Z14,16,0.03231806358
06/27/2021,FEU,Z24,17,0.0378638233
06/27/2021,FEU,Z14,17,0.0378638233
06/27/2021,FEU,Z24,18,0.04112859844
06/27/2021,FEU,Z14,18,0.04112859844
06/27/2021,FEU,Z24,19,0.0645692376
06/27/2021,FEU,Z14,19,0.0645692376
06/27/2021,FEU,Z24,2,0.11918768224
06/27/2021,FEU,Z14,2,0.11918768224
06/27/2021,FEU,Z24,20,0.09147290932
06/27/2021,FEU,Z14,20,0.09147290932
06/27/2021,FEU,Z24,21,0.09902123962
06/27/2021,FEU,Z14,21,0.09902123962
06/27/2021,FEU,Z24,22,0.11635347648
06/27/2021,FEU,Z14,22,0.11635347648
06/27/2021,FEU,Z24,23,0.12180155536
06/27/2021,FEU,Z14,23,0.12180155536
06/27/2021,FEU,Z24,24,0.11611046624
06/27/2021,FEU,Z14,24,0.11611046624
06/27/2021,FEU,Z24,3,0.11557640626
06/27/2021,FEU,Z14,3,0.11557640626
06/27/2021,FEU,Z24,4,0.11816088112
06/27/2021,FEU,Z14,4,0.11816088112
06/27/2021,FEU,Z24,5,0.11836709712
06/27/2021,FEU,Z14,5,0.11836709712
06/27/2021,FEU,Z24,6,0.11463421998
06/27/2021,FEU,Z14,6,0.11463421998
06/27/2021,FEU,Z24,7,0.11321009284
06/27/2021,FEU,Z14,7,0.11321009284
06/27/2021,FEU,Z24,8,0.10765697712
06/27/2021,FEU,Z14,8,0.10765697712
06/27/2021,FEU,Z24,9,0.0994580148
06/27/2021,FEU,Z14,9,0.0994580148
06/28/2021,FEU,Z24,1,0.11143296422
06/28/2021,FEU,Z14,1,0.11143296422
06/28/2021,FEU,Z24,10,0.15357925822
06/28/2021,FEU,Z14,10,0.15357925822
06/28/2021,FEU,Z24,11,0.14858823378
06/28/2021,FEU,Z14,11,0.24191421436
06/28/2021,FEU,Z24,12,0.23933867794
06/28/2021,FEU,Z14,12,0.23933867794
06/28/2021,FEU,Z24,13,0.23934362366
06/28/2021,FEU,Z14,13,0.23934362366
06/28/2021,FEU,Z24,14,0.23959157394
06/28/2021,FEU,Z14,14,0.23959157394
06/28/2021,FEU,Z24,15,0.23911678938
06/28/2021,FEU,Z14,15,0.1457894718
06/28/2021,FEU,Z24,16,0.14021838394
06/28/2021,FEU,Z14,16,0.14021838394
06/28/2021,FEU,Z24,17,0.14390116836
06/28/2021,FEU,Z14,17,0.14390116836
06/28/2021,FEU,Z24,18,0.1502060925
06/28/2021,FEU,Z14,18,0.1502060925
06/28/2021,FEU,Z24,19,0.15038177166
06/28/2021,FEU,Z14,19,0.24372366524
06/28/2021,FEU,Z24,2,0.10399341024
06/28/2021,FEU,Z14,2,0.10399341024
06/28/2021,FEU,Z24,20,0.2472033497
06/28/2021,FEU,Z14,20,0.2472033497
06/28/2021,FEU,Z24,21,0.25228218644
06/28/2021,FEU,Z14,21,0.25228218644
06/28/2021,FEU,Z24,22,0.25512616646
06/28/2021,FEU,Z14,22,0.25512616646
06/28/2021,FEU,Z24,23,0.2549159855
06/28/2021,FEU,Z14,23,0.16139182806
06/28/2021,FEU,Z24,24,0.15884535594
06/28/2021,FEU,Z14,24,0.15884535594
06/28/2021,FEU,Z24,3,0.10103680182
06/28/2021,FEU,Z14,3,0.10103680182
06/28/2021,FEU,Z24,4,0.10058102754
06/28/2021,FEU,Z14,4,0.10058102754
06/28/2021,FEU,Z24,5,0.09945247768
06/28/2021,FEU,Z14,5,0.09945247768
06/28/2021,FEU,Z24,6,0.10559260852
06/28/2021,FEU,Z14,6,0.10559260852
06/28/2021,FEU,Z24,7,0.11879501532
06/28/2021,FEU,Z14,7,0.11879501532
06/28/2021,FEU,Z24,8,0.12261312898
06/28/2021,FEU,Z14,8,0.12261312898
06/28/2021,FEU,Z24,9,0.15978544698
06/28/2021,FEU,Z14,9,0.15978544698
06/29/2021,FEU,Z24,1,0.11926678732
06/29/2021,FEU,Z14,1,0.11926678732
06/29/2021,FEU,Z24,10,0.16042522594
06/29/2021,FEU,Z14,10,0.16042522594
06/29/2021,FEU,Z24,11,0.15900375408
06/29/2021,FEU,Z14,11,0.25236482666
06/29/2021,FEU,Z24,12,0.2510227761
06/29/2021,FEU,Z14,12,0.2510227761
06/29/2021,FEU,Z24,13,0.2485802561
06/29/2021,FEU,Z14,13,0.2485802561
06/29/2021,FEU,Z24,14,0.24624867296
06/29/2021,FEU,Z14,14,0.24624867296
06/29/2021,FEU,Z24,15,0.24495706668
06/29/2021,FEU,Z14,15,0.1516080611
06/29/2021,FEU,Z24,16,0.14800871938
06/29/2021,FEU,Z14,16,0.14800871938
06/29/2021,FEU,Z24,17,0.14824218694
06/29/2021,FEU,Z14,17,0.14824218694
06/29/2021,FEU,Z24,18,0.14922780394
06/29/2021,FEU,Z14,18,0.14922780394
06/29/2021,FEU,Z24,19,0.15318539638
06/29/2021,FEU,Z14,19,0.24653721696
06/29/2021,FEU,Z24,2,0.11924122006
06/29/2021,FEU,Z14,2,0.11924122006
06/29/2021,FEU,Z24,20,0.25048591528
06/29/2021,FEU,Z14,20,0.25048591528
06/29/2021,FEU,Z24,21,0.25120435044
06/29/2021,FEU,Z14,21,0.25120435044
06/29/2021,FEU,Z24,22,0.25110403774
06/29/2021,FEU,Z14,22,0.25110403774
06/29/2021,FEU,Z24,23,0.25176678578
06/29/2021,FEU,Z14,23,0.15825684134
06/29/2021,FEU,Z24,24,0.1563698948
06/29/2021,FEU,Z14,24,0.1563698948
06/29/2021,FEU,Z24,3,0.1150702105
06/29/2021,FEU,Z14,3,0.1150702105
06/29/2021,FEU,Z24,4,0.11610618736
06/29/2021,FEU,Z14,4,0.11610618736
06/29/2021,FEU,Z24,5,0.1154767605
06/29/2021,FEU,Z14,5,0.1154767605
06/29/2021,FEU,Z24,6,0.11831359592
06/29/2021,FEU,Z14,6,0.11831359592
06/29/2021,FEU,Z24,7,0.12119288788
06/29/2021,FEU,Z14,7,0.12119288788
06/29/2021,FEU,Z24,8,0.1254671404
06/29/2021,FEU,Z14,8,0.1254671404
06/29/2021,FEU,Z24,9,0.16540506384
06/29/2021,FEU,Z14,9,0.16540506384
06/30/2021,FEU,Z24,1,0.11759754562
06/30/2021,FEU,Z14,1,0.11759754562
06/30/2021,FEU,Z24,10,0.1589315925
06/30/2021,FEU,Z14,10,0.1589315925
06/30/2021,FEU,Z24,11,0.15805989906
06/30/2021,FEU,Z14,11,0.25140985064
06/30/2021,FEU,Z24,12,0.25094681922
06/30/2021,FEU,Z14,12,0.25094681922
06/30/2021,FEU,Z24,13,0.25175938622
06/30/2021,FEU,Z14,13,0.25175938622
06/30/2021,FEU,Z24,14,0.24871648622
06/30/2021,FEU,Z14,14,0.24871648622
06/30/2021,FEU,Z24,15,0.24506811352
06/30/2021,FEU,Z14,15,0.15172628094
06/30/2021,FEU,Z24,16,0.14583225836
06/30/2021,FEU,Z14,16,0.14583225836
06/30/2021,FEU,Z24,17,0.14550859692
06/30/2021,FEU,Z14,17,0.14550859692
06/30/2021,FEU,Z24,18,0.15054301092
06/30/2021,FEU,Z14,18,0.15054301092
06/30/2021,FEU,Z24,19,0.15524947222
06/30/2021,FEU,Z14,19,0.24870151766
06/30/2021,FEU,Z24,2,0.1172533605
06/30/2021,FEU,Z14,2,0.1172533605
06/30/2021,FEU,Z24,20,0.25344199526
06/30/2021,FEU,Z14,20,0.25344199526
06/30/2021,FEU,Z24,21,0.254636039
06/30/2021,FEU,Z14,21,0.254636039
06/30/2021,FEU,Z24,22,0.25263940902
06/30/2021,FEU,Z14,22,0.25263940902
06/30/2021,FEU,Z24,23,0.25328612764
06/30/2021,FEU,Z14,23,0.1597698462
06/30/2021,FEU,Z24,24,0.1582390148
06/30/2021,FEU,Z14,24,0.1582390148
06/30/2021,FEU,Z24,3,0.11372304508
06/30/2021,FEU,Z14,3,0.11372304508
06/30/2021,FEU,Z24,4,0.11550163894
06/30/2021,FEU,Z14,4,0.11550163894
06/30/2021,FEU,Z24,5,0.11450892094
06/30/2021,FEU,Z14,5,0.11450892094
06/30/2021,FEU,Z24,6,0.12034139164
06/30/2021,FEU,Z14,6,0.12034139164
06/30/2021,FEU,Z24,7,0.12235200918
06/30/2021,FEU,Z14,7,0.12235200918
06/30/2021,FEU,Z24,8,0.12294193026
06/30/2021,FEU,Z14,8,0.12294193026
06/30/2021,FEU,Z24,9,0.1609805004
06/30/2021,FEU,Z14,9,0.1609805004
07/01/2021,FEU,Z24,1,0.12047376418
07/01/2021,FEU,Z14,1,0.12047376418
07/01/2021,FEU,Z24,10,0.15599144982
07/01/2021,FEU,Z14,10,0.15599144982
07/01/2021,FEU,Z24,11,0.15432217696
07/01/2021,FEU,Z14,11,0.2477813204
07/01/2021,FEU,Z24,12,0.24569676668
07/01/2021,FEU,Z14,12,0.24569676668
07/01/2021,FEU,Z24,13,0.24593031012
07/01/2021,FEU,Z14,13,0.24593031012
07/01/2021,FEU,Z24,14,0.24303443498
07/01/2021,FEU,Z14,14,0.24303443498
07/01/2021,FEU,Z24,15,0.23768820826
07/01/2021,FEU,Z14,15,0.14435343668
07/01/2021,FEU,Z24,16,0.1440241404
07/01/2021,FEU,Z14,16,0.1440241404
07/01/2021,FEU,Z24,17,0.14270884896
07/01/2021,FEU,Z14,17,0.14270884896
07/01/2021,FEU,Z24,18,0.1485083761
07/01/2021,FEU,Z14,18,0.1485083761
07/01/2021,FEU,Z24,19,0.15262797726
07/01/2021,FEU,Z14,19,0.24598831184
07/01/2021,FEU,Z24,2,0.11943440362
07/01/2021,FEU,Z14,2,0.11943440362
07/01/2021,FEU,Z24,20,0.24944449472
07/01/2021,FEU,Z14,20,0.24944449472
07/01/2021,FEU,Z24,21,0.25114277546
07/01/2021,FEU,Z14,21,0.25114277546
07/01/2021,FEU,Z24,22,0.2507805069
07/01/2021,FEU,Z14,22,0.2507805069
07/01/2021,FEU,Z24,23,0.25207410734
07/01/2021,FEU,Z14,23,0.1585677469
07/01/2021,FEU,Z24,24,0.15486206534
07/01/2021,FEU,Z14,24,0.15486206534
07/01/2021,FEU,Z24,3,0.1187279962
07/01/2021,FEU,Z14,3,0.1187279962
07/01/2021,FEU,Z24,4,0.11943092206
07/01/2021,FEU,Z14,4,0.11943092206
07/01/2021,FEU,Z24,5,0.1197739762
07/01/2021,FEU,Z14,5,0.1197739762
07/01/2021,FEU,Z24,6,0.11925441676
07/01/2021,FEU,Z14,6,0.11925441676
07/01/2021,FEU,Z24,7,0.11871245188
07/01/2021,FEU,Z14,7,0.11871245188
07/01/2021,FEU,Z24,8,0.12126622114
07/01/2021,FEU,Z14,8,0.12126622114
07/01/2021,FEU,Z24,9,0.1588156404
07/01/2021,FEU,Z14,9,0.1588156404
07/02/2021,FEU,Z24,1,0.12912875704
07/02/2021,FEU,Z14,1,0.12912875704
07/02/2021,FEU,Z24,10,0.16813394766
07/02/2021,FEU,Z14,10,0.16813394766
07/02/2021,FEU,Z24,11,0.1627100918
07/02/2021,FEU,Z14,11,0.25619199524
07/02/2021,FEU,Z24,12,0.25319360952
07/02/2021,FEU,Z14,12,0.25319360952
07/02/2021,FEU,Z24,13,0.25321462496
07/02/2021,FEU,Z14,13,0.25321462496
07/02/2021,FEU,Z24,14,0.24889855082
07/02/2021,FEU,Z14,14,0.24889855082
07/02/2021,FEU,Z24,15,0.24543690854
07/02/2021,FEU,Z14,15,0.15208539296
07/02/2021,FEU,Z24,16,0.14642088254
07/02/2021,FEU,Z14,16,0.14642088254
07/02/2021,FEU,Z24,17,0.14130823182
07/02/2021,FEU,Z14,17,0.14130823182
07/02/2021,FEU,Z24,18,0.1545452004
07/02/2021,FEU,Z14,18,0.1545452004
07/02/2021,FEU,Z24,19,0.16144453584
07/02/2021,FEU,Z14,19,0.25483174442
07/02/2021,FEU,Z24,2,0.12785780962
07/02/2021,FEU,Z14,2,0.12785780962
07/02/2021,FEU,Z24,20,0.2571694583
07/02/2021,FEU,Z14,20,0.2571694583
07/02/2021,FEU,Z24,21,0.26129854876
07/02/2021,FEU,Z14,21,0.26129854876
07/02/2021,FEU,Z24,22,0.26387318792
07/02/2021,FEU,Z14,22,0.26387318792
07/02/2021,FEU,Z24,23,0.26375849936
07/02/2021,FEU,Z14,23,0.17009470006
07/02/2021,FEU,Z24,24,0.1648190105
07/02/2021,FEU,Z14,24,0.1648190105
07/02/2021,FEU,Z24,3,0.12796026834
07/02/2021,FEU,Z14,3,0.12796026834
07/02/2021,FEU,Z24,4,0.12845139592
07/02/2021,FEU,Z14,4,0.12845139592
07/02/2021,FEU,Z24,5,0.12846635806
07/02/2021,FEU,Z14,5,0.12846635806
07/02/2021,FEU,Z24,6,0.12873539362
07/02/2021,FEU,Z14,6,0.12873539362
07/02/2021,FEU,Z24,7,0.12991610188
07/02/2021,FEU,Z14,7,0.12991610188
07/02/2021,FEU,Z24,8,0.13526793528
07/02/2021,FEU,Z14,8,0.13526793528
07/02/2021,FEU,Z24,9,0.17195630496
07/02/2021,FEU,Z14,9,0.17195630496
07/03/2021,FEU,Z24,1,0.12516062506
07/03/2021,FEU,Z14,1,0.12516062506
07/03/2021,FEU,Z24,10,0.12374546356
07/03/2021,FEU,Z14,10,0.12374546356
07/03/2021,FEU,Z24,11,0.1189623004
07/03/2021,FEU,Z14,11,0.1189623004
07/03/2021,FEU,Z24,12,0.1175156404
07/03/2021,FEU,Z14,12,0.1175156404
07/03/2021,FEU,Z24,13,0.11710611984
07/03/2021,FEU,Z14,13,0.11710611984
07/03/2021,FEU,Z24,14,0.11746744642
07/03/2021,FEU,Z14,14,0.11746744642
07/03/2021,FEU,Z24,15,0.11391721714
07/03/2021,FEU,Z14,15,0.11391721714
07/03/2021,FEU,Z24,16,0.09846508844
07/03/2021,FEU,Z14,16,0.09846508844
07/03/2021,FEU,Z24,17,0.09989575072
07/03/2021,FEU,Z14,17,0.09989575072
07/03/2021,FEU,Z24,18,0.11038289314
07/03/2021,FEU,Z14,18,0.11038289314
07/03/2021,FEU,Z24,19,0.11946131872
07/03/2021,FEU,Z14,19,0.11946131872
07/03/2021,FEU,Z24,2,0.1240530855
07/03/2021,FEU,Z14,2,0.1240530855
07/03/2021,FEU,Z24,20,0.12507580702
07/03/2021,FEU,Z14,20,0.12507580702
07/03/2021,FEU,Z24,21,0.12839112862
07/03/2021,FEU,Z14,21,0.12839112862
07/03/2021,FEU,Z24,22,0.13566153992
07/03/2021,FEU,Z14,22,0.13566153992
07/03/2021,FEU,Z24,23,0.13725516722
07/03/2021,FEU,Z14,23,0.13725516722
07/03/2021,FEU,Z24,24,0.13034214624
07/03/2021,FEU,Z14,24,0.13034214624
07/03/2021,FEU,Z24,3,0.12254545766
07/03/2021,FEU,Z14,3,0.12254545766
07/03/2021,FEU,Z24,4,0.1268080548
07/03/2021,FEU,Z14,4,0.1268080548
07/03/2021,FEU,Z24,5,0.1267242748
07/03/2021,FEU,Z14,5,0.1267242748
07/03/2021,FEU,Z24,6,0.1250946948
07/03/2021,FEU,Z14,6,0.1250946948
07/03/2021,FEU,Z24,7,0.12478014422
07/03/2021,FEU,Z14,7,0.12478014422
07/03/2021,FEU,Z24,8,0.12565035478
07/03/2021,FEU,Z14,8,0.12565035478
07/03/2021,FEU,Z24,9,0.12757530174
07/03/2021,FEU,Z14,9,0.12757530174
07/04/2021,FEU,Z24,1,0.12368082622
07/04/2021,FEU,Z14,1,0.12368082622
07/04/2021,FEU,Z24,10,0.1030905176
07/04/2021,FEU,Z14,10,0.1030905176
07/04/2021,FEU,Z24,11,0.0994126183
07/04/2021,FEU,Z14,11,0.0994126183
07/04/2021,FEU,Z24,12,0.10251909044
07/04/2021,FEU,Z14,12,0.10251909044
07/04/2021,FEU,Z24,13,0.1030789176
07/04/2021,FEU,Z14,13,0.1030789176
07/04/2021,FEU,Z24,14,0.09827694074
07/04/2021,FEU,Z14,14,0.09827694074
07/04/2021,FEU,Z24,15,0.09324803188
07/04/2021,FEU,Z14,15,0.09324803188
07/04/2021,FEU,Z24,16,0.09104877932
07/04/2021,FEU,Z14,16,0.09104877932
07/04/2021,FEU,Z24,17,0.08142868546
07/04/2021,FEU,Z14,17,0.08142868546
07/04/2021,FEU,Z24,18,0.08865358846
07/04/2021,FEU,Z14,18,0.08865358846
07/04/2021,FEU,Z24,19,0.09490092946
07/04/2021,FEU,Z14,19,0.09490092946
07/04/2021,FEU,Z24,2,0.11630862052
07/04/2021,FEU,Z14,2,0.11630862052
07/04/2021,FEU,Z24,20,0.10667128018
07/04/2021,FEU,Z14,20,0.10667128018
07/04/2021,FEU,Z24,21,0.1281710662
07/04/2021,FEU,Z14,21,0.1281710662
07/04/2021,FEU,Z24,22,0.1303215262
07/04/2021,FEU,Z14,22,0.1303215262
07/04/2021,FEU,Z24,23,0.13314595234
07/04/2021,FEU,Z14,23,0.13314595234
07/04/2021,FEU,Z24,24,0.1281209355
07/04/2021,FEU,Z14,24,0.1281209355
07/04/2021,FEU,Z24,3,0.1095508741
07/04/2021,FEU,Z14,3,0.1095508741
07/04/2021,FEU,Z24,4,0.10464163996
07/04/2021,FEU,Z14,4,0.10464163996
07/04/2021,FEU,Z24,5,0.0998658691
07/04/2021,FEU,Z14,5,0.0998658691
07/04/2021,FEU,Z24,6,0.09901596052
07/04/2021,FEU,Z14,6,0.09901596052
07/04/2021,FEU,Z24,7,0.10382665338
07/04/2021,FEU,Z14,7,0.10382665338
07/04/2021,FEU,Z24,8,0.1050146941
07/04/2021,FEU,Z14,8,0.1050146941
07/04/2021,FEU,Z24,9,0.10750487564
07/04/2021,FEU,Z14,9,0.10750487564
07/05/2021,FEU,Z24,1,0.12278002378
07/05/2021,FEU,Z14,1,0.12278002378
07/05/2021,FEU,Z24,10,0.16344934566
07/05/2021,FEU,Z14,10,0.16344934566
07/05/2021,FEU,Z24,11,0.16077339966
07/05/2021,FEU,Z14,11,0.25414285724
07/05/2021,FEU,Z24,12,0.25310638124
07/05/2021,FEU,Z14,12,0.25310638124
07/05/2021,FEU,Z24,13,0.25151933582
07/05/2021,FEU,Z14,13,0.25151933582
07/05/2021,FEU,Z24,14,0.24767233468
07/05/2021,FEU,Z14,14,0.24767233468
07/05/2021,FEU,Z24,15,0.24209508254
07/05/2021,FEU,Z14,15,0.14875236896
07/05/2021,FEU,Z24,16,0.14391416868
07/05/2021,FEU,Z14,16,0.14391416868
07/05/2021,FEU,Z24,17,0.1389789161
07/05/2021,FEU,Z14,17,0.1389789161
07/05/2021,FEU,Z24,18,0.1376532361
07/05/2021,FEU,Z14,18,0.1376532361
07/05/2021,FEU,Z24,19,0.1383309804
07/05/2021,FEU,Z14,19,0.23165129798
07/05/2021,FEU,Z24,2,0.12032610694
07/05/2021,FEU,Z14,2,0.12032610694
07/05/2021,FEU,Z24,20,0.247713039
07/05/2021,FEU,Z14,20,0.247713039
07/05/2021,FEU,Z24,21,0.25798359202
07/05/2021,FEU,Z14,21,0.25798359202
07/05/2021,FEU,Z24,22,0.2614161576
07/05/2021,FEU,Z14,22,0.2614161576
07/05/2021,FEU,Z24,23,0.2606678619
07/05/2021,FEU,Z14,23,0.16713661746
07/05/2021,FEU,Z24,24,0.15740519862
07/05/2021,FEU,Z14,24,0.15740519862
07/05/2021,FEU,Z24,3,0.11777193652
07/05/2021,FEU,Z14,3,0.11777193652
07/05/2021,FEU,Z24,4,0.11767485138
07/05/2021,FEU,Z14,4,0.11767485138
07/05/2021,FEU,Z24,5,0.11756990466
07/05/2021,FEU,Z14,5,0.11756990466
07/05/2021,FEU,Z24,6,0.1205457105
07/05/2021,FEU,Z14,6,0.1205457105
07/05/2021,FEU,Z24,7,0.12400335388
07/05/2021,FEU,Z14,7,0.12400335388
07/05/2021,FEU,Z24,8,0.12843620742
07/05/2021,FEU,Z14,8,0.12843620742
07/05/2021,FEU,Z24,9,0.16651259296
07/05/2021,FEU,Z14,9,0.16651259296
07/06/2021,FEU,Z24,1,0.1257337119
07/06/2021,FEU,Z14,1,0.1257337119
07/06/2021,FEU,Z24,10,0.15862593752
07/06/2021,FEU,Z14,10,0.15862593752
07/06/2021,FEU,Z24,11,0.1548746718
07/06/2021,FEU,Z14,11,0.24822724238
07/06/2021,FEU,Z24,12,0.24577769638
07/06/2021,FEU,Z14,12,0.24577769638
07/06/2021,FEU,Z24,13,0.24781748896
07/06/2021,FEU,Z14,13,0.24781748896
07/06/2021,FEU,Z24,14,0.25020210868
07/06/2021,FEU,Z14,14,0.25020210868
07/06/2021,FEU,Z24,15,0.24222265054
07/06/2021,FEU,Z14,15,0.1487841811
07/06/2021,FEU,Z24,16,0.14111266782
07/06/2021,FEU,Z14,16,0.14111266782
07/06/2021,FEU,Z24,17,0.13725804324
07/06/2021,FEU,Z14,17,0.13725804324
07/06/2021,FEU,Z24,18,0.13693598724
07/06/2021,FEU,Z14,18,0.13693598724
07/06/2021,FEU,Z24,19,0.15129336582
07/06/2021,FEU,Z14,19,0.24474187026
07/06/2021,FEU,Z24,2,0.1202127262
07/06/2021,FEU,Z14,2,0.1202127262
07/06/2021,FEU,Z24,20,0.25469333528
07/06/2021,FEU,Z14,20,0.25469333528
07/06/2021,FEU,Z24,21,0.25993313702
07/06/2021,FEU,Z14,21,0.25993313702
07/06/2021,FEU,Z24,22,0.26058402746
07/06/2021,FEU,Z14,22,0.26058402746
07/06/2021,FEU,Z24,23,0.2615078269
07/06/2021,FEU,Z14,23,0.16797369846
07/06/2021,FEU,Z24,24,0.16494051762
07/06/2021,FEU,Z14,24,0.16494051762
07/06/2021,FEU,Z24,3,0.11693415192
07/06/2021,FEU,Z14,3,0.11693415192
07/06/2021,FEU,Z24,4,0.11702836364
07/06/2021,FEU,Z14,4,0.11702836364
07/06/2021,FEU,Z24,5,0.11699392392
07/06/2021,FEU,Z14,5,0.11699392392
07/06/2021,FEU,Z24,6,0.1162599319
07/06/2021,FEU,Z14,6,0.1162599319
07/06/2021,FEU,Z24,7,0.11788429816
07/06/2021,FEU,Z14,7,0.11788429816
07/06/2021,FEU,Z24,8,0.12517643342
07/06/2021,FEU,Z14,8,0.12517643342
07/06/2021,FEU,Z24,9,0.16127891068
07/06/2021,FEU,Z14,9,0.16127891068
07/07/2021,FEU,Z24,1,0.12517303276
07/07/2021,FEU,Z14,1,0.12517303276
07/07/2021,FEU,Z24,10,0.1653540461
07/07/2021,FEU,Z14,10,0.1653540461
07/07/2021,FEU,Z24,11,0.16136339038
07/07/2021,FEU,Z14,11,0.25484392382
07/07/2021,FEU,Z24,12,0.2526129111
07/07/2021,FEU,Z14,12,0.2526129111
07/07/2021,FEU,Z24,13,0.2512298204
07/07/2021,FEU,Z14,13,0.2512298204
07/07/2021,FEU,Z24,14,0.25120520812
07/07/2021,FEU,Z14,14,0.25120520812
07/07/2021,FEU,Z24,15,0.25066137826
07/07/2021,FEU,Z14,15,0.15719212182
07/07/2021,FEU,Z24,16,0.15512853754
07/07/2021,FEU,Z14,16,0.15512853754
07/07/2021,FEU,Z24,17,0.15624883296
07/07/2021,FEU,Z14,17,0.15624883296
07/07/2021,FEU,Z24,18,0.15785172896
07/07/2021,FEU,Z14,18,0.15785172896
07/07/2021,FEU,Z24,19,0.15852306812
07/07/2021,FEU,Z14,19,0.2518989947
07/07/2021,FEU,Z24,2,0.1222684162
07/07/2021,FEU,Z14,2,0.1222684162
07/07/2021,FEU,Z24,20,0.25243604358
07/07/2021,FEU,Z14,20,0.25243604358
07/07/2021,FEU,Z24,21,0.2570000376
07/07/2021,FEU,Z14,21,0.2570000376
07/07/2021,FEU,Z24,22,0.26402523146
07/07/2021,FEU,Z14,22,0.26402523146
07/07/2021,FEU,Z24,23,0.2652929119
07/07/2021,FEU,Z14,23,0.17174462646
07/07/2021,FEU,Z24,24,0.1676629019
07/07/2021,FEU,Z14,24,0.1676629019
07/07/2021,FEU,Z24,3,0.11978914392
07/07/2021,FEU,Z14,3,0.11978914392
07/07/2021,FEU,Z24,4,0.12023226778
07/07/2021,FEU,Z14,4,0.12023226778
07/07/2021,FEU,Z24,5,0.12023891206
07/07/2021,FEU,Z14,5,0.12023891206
07/07/2021,FEU,Z24,6,0.11964796462
07/07/2021,FEU,Z14,6,0.11964796462
07/07/2021,FEU,Z24,7,0.12339957416
07/07/2021,FEU,Z14,7,0.12339957416
07/07/2021,FEU,Z24,8,0.13127059928
07/07/2021,FEU,Z14,8,0.13127059928
07/07/2021,FEU,Z24,9,0.1698918804
07/07/2021,FEU,Z14,9,0.1698918804
07/08/2021,FEU,Z24,1,0.11846758918
07/08/2021,FEU,Z14,1,0.11846758918
07/08/2021,FEU,Z24,10,0.16026202182
07/08/2021,FEU,Z14,10,0.16026202182
07/08/2021,FEU,Z24,11,0.16042363296
07/08/2021,FEU,Z14,11,0.2539031204
07/08/2021,FEU,Z24,12,0.25365707668
07/08/2021,FEU,Z14,12,0.25365707668
07/08/2021,FEU,Z24,13,0.25395286012
07/08/2021,FEU,Z14,13,0.25395286012
07/08/2021,FEU,Z24,14,0.25166865698
07/08/2021,FEU,Z14,14,0.25166865698
07/08/2021,FEU,Z24,15,0.24818312626
07/08/2021,FEU,Z14,15,0.15482076068
07/08/2021,FEU,Z24,16,0.1512346404
07/08/2021,FEU,Z14,16,0.1512346404
07/08/2021,FEU,Z24,17,0.15034390496
07/08/2021,FEU,Z14,17,0.15034390496
07/08/2021,FEU,Z24,18,0.1549381511
07/08/2021,FEU,Z14,18,0.1549381511
07/08/2021,FEU,Z24,19,0.15612628326
07/08/2021,FEU,Z14,19,0.24949581584
07/08/2021,FEU,Z24,2,0.11276383162
07/08/2021,FEU,Z14,2,0.11276383162
07/08/2021,FEU,Z24,20,0.25442689472
07/08/2021,FEU,Z14,20,0.25442689472
07/08/2021,FEU,Z24,21,0.25582160546
07/08/2021,FEU,Z14,21,0.25582160546
07/08/2021,FEU,Z24,22,0.2563398869
07/08/2021,FEU,Z14,22,0.2563398869
07/08/2021,FEU,Z24,23,0.25931372434
07/08/2021,FEU,Z14,23,0.1657825919
07/08/2021,FEU,Z24,24,0.15992968034
07/08/2021,FEU,Z14,24,0.15992968034
07/08/2021,FEU,Z24,3,0.1058170462
07/08/2021,FEU,Z14,3,0.1058170462
07/08/2021,FEU,Z24,4,0.10398777406
07/08/2021,FEU,Z14,4,0.10398777406
07/08/2021,FEU,Z24,5,0.1034290762
07/08/2021,FEU,Z14,5,0.1034290762
07/08/2021,FEU,Z24,6,0.10744050476
07/08/2021,FEU,Z14,6,0.10744050476
07/08/2021,FEU,Z24,7,0.11511454588
07/08/2021,FEU,Z14,7,0.11511454588
07/08/2021,FEU,Z24,8,0.12200043214
07/08/2021,FEU,Z14,8,0.12200043214
07/08/2021,FEU,Z24,9,0.1612928604
07/08/2021,FEU,Z14,9,0.1612928604
07/09/2021,FEU,Z24,1,0.11962702504
07/09/2021,FEU,Z14,1,0.11962702504
07/09/2021,FEU,Z24,10,0.16296640866
07/09/2021,FEU,Z14,10,0.16296640866
07/09/2021,FEU,Z24,11,0.1579268018
07/09/2021,FEU,Z14,11,0.25139063924
07/09/2021,FEU,Z24,12,0.24941272952
07/09/2021,FEU,Z14,12,0.24941272952
07/09/2021,FEU,Z24,13,0.24756302496
07/09/2021,FEU,Z14,13,0.24756302496
07/09/2021,FEU,Z24,14,0.24416635682
07/09/2021,FEU,Z14,14,0.24416635682
07/09/2021,FEU,Z24,15,0.24329786654
07/09/2021,FEU,Z14,15,0.14995084896
07/09/2021,FEU,Z24,16,0.14496410154
07/09/2021,FEU,Z14,16,0.14496410154
07/09/2021,FEU,Z24,17,0.14038498782
07/09/2021,FEU,Z14,17,0.14038498782
07/09/2021,FEU,Z24,18,0.1469060604
07/09/2021,FEU,Z14,18,0.1469060604
07/09/2021,FEU,Z24,19,0.15453477584
07/09/2021,FEU,Z14,19,0.24790271742
07/09/2021,FEU,Z24,2,0.11502664462
07/09/2021,FEU,Z14,2,0.11502664462
07/09/2021,FEU,Z24,20,0.2526430133
07/09/2021,FEU,Z14,20,0.2526430133
07/09/2021,FEU,Z24,21,0.25455090676
07/09/2021,FEU,Z14,21,0.25455090676
07/09/2021,FEU,Z24,22,0.25511600392
07/09/2021,FEU,Z14,22,0.25511600392
07/09/2021,FEU,Z24,23,0.25324035536
07/09/2021,FEU,Z14,23,0.15962127606
07/09/2021,FEU,Z24,24,0.1546670105
07/09/2021,FEU,Z14,24,0.1546670105
07/09/2021,FEU,Z24,3,0.11284042234
07/09/2021,FEU,Z14,3,0.11284042234
07/09/2021,FEU,Z24,4,0.11330446792
07/09/2021,FEU,Z14,4,0.11330446792
07/09/2021,FEU,Z24,5,0.11345062506
07/09/2021,FEU,Z14,5,0.11345062506
07/09/2021,FEU,Z24,6,0.11528805262
07/09/2021,FEU,Z14,6,0.11528805262
07/09/2021,FEU,Z24,7,0.11844147988
07/09/2021,FEU,Z14,7,0.11844147988
07/09/2021,FEU,Z24,8,0.12607245528
07/09/2021,FEU,Z14,8,0.12607245528
07/09/2021,FEU,Z24,9,0.16846196896
07/09/2021,FEU,Z14,9,0.16846196896
07/10/2021,FEU,Z24,1,0.12243922106
07/10/2021,FEU,Z14,1,0.12243922106
07/10/2021,FEU,Z24,10,0.11107528756
07/10/2021,FEU,Z14,10,0.11107528756
07/10/2021,FEU,Z24,11,0.1062775204
07/10/2021,FEU,Z14,11,0.1062775204
07/10/2021,FEU,Z24,12,0.1085347204
07/10/2021,FEU,Z14,12,0.1085347204
07/10/2021,FEU,Z24,13,0.10954542384
07/10/2021,FEU,Z14,13,0.10954542384
07/10/2021,FEU,Z24,14,0.11273951242
07/10/2021,FEU,Z14,14,0.11273951242
07/10/2021,FEU,Z24,15,0.11209720114
07/10/2021,FEU,Z14,15,0.11209720114
07/10/2021,FEU,Z24,16,0.09893361244
07/10/2021,FEU,Z14,16,0.09893361244
07/10/2021,FEU,Z24,17,0.09632800672
07/10/2021,FEU,Z14,17,0.09632800672
07/10/2021,FEU,Z24,18,0.10539048814
07/10/2021,FEU,Z14,18,0.10539048814
07/10/2021,FEU,Z24,19,0.11860768672
07/10/2021,FEU,Z14,19,0.11860768672
07/10/2021,FEU,Z24,2,0.1224304105
07/10/2021,FEU,Z14,2,0.1224304105
07/10/2021,FEU,Z24,20,0.12446491102
07/10/2021,FEU,Z14,20,0.12446491102
07/10/2021,FEU,Z24,21,0.12692187562
07/10/2021,FEU,Z14,21,0.12692187562
07/10/2021,FEU,Z24,22,0.12901043992
07/10/2021,FEU,Z14,22,0.12901043992
07/10/2021,FEU,Z24,23,0.12728950822
07/10/2021,FEU,Z14,23,0.12728950822
07/10/2021,FEU,Z24,24,0.12403142624
07/10/2021,FEU,Z14,24,0.12403142624
07/10/2021,FEU,Z24,3,0.12294109266
07/10/2021,FEU,Z14,3,0.12294109266
07/10/2021,FEU,Z24,4,0.1233813348
07/10/2021,FEU,Z14,4,0.1233813348
07/10/2021,FEU,Z24,5,0.1222910148
07/10/2021,FEU,Z14,5,0.1222910148
07/10/2021,FEU,Z24,6,0.1223028148
07/10/2021,FEU,Z14,6,0.1223028148
07/10/2021,FEU,Z24,7,0.12247322422
07/10/2021,FEU,Z14,7,0.12247322422
07/10/2021,FEU,Z24,8,0.12067214278
07/10/2021,FEU,Z14,8,0.12067214278
07/10/2021,FEU,Z24,9,0.11504419374
07/10/2021,FEU,Z14,9,0.11504419374
07/11/2021,FEU,Z24,1,0.12857950022
07/11/2021,FEU,Z14,1,0.12857950022
07/11/2021,FEU,Z24,10,0.1217920376
07/11/2021,FEU,Z14,10,0.1217920376
07/11/2021,FEU,Z24,11,0.1180335283
07/11/2021,FEU,Z14,11,0.1180335283
07/11/2021,FEU,Z24,12,0.11452761444
07/11/2021,FEU,Z14,12,0.11452761444
07/11/2021,FEU,Z24,13,0.1049523176
07/11/2021,FEU,Z14,13,0.1049523176
07/11/2021,FEU,Z24,14,0.09914850874
07/11/2021,FEU,Z14,14,0.09914850874
07/11/2021,FEU,Z24,15,0.09795066988
07/11/2021,FEU,Z14,15,0.09795066988
07/11/2021,FEU,Z24,16,0.09692385132
07/11/2021,FEU,Z14,16,0.09692385132
07/11/2021,FEU,Z24,17,0.09194154046
07/11/2021,FEU,Z14,17,0.09194154046
07/11/2021,FEU,Z24,18,0.09844778446
07/11/2021,FEU,Z14,18,0.09844778446
07/11/2021,FEU,Z24,19,0.10722958846
07/11/2021,FEU,Z14,19,0.10722958846
07/11/2021,FEU,Z24,2,0.12811680052
07/11/2021,FEU,Z14,2,0.12811680052
07/11/2021,FEU,Z24,20,0.12183214818
07/11/2021,FEU,Z14,20,0.12183214818
07/11/2021,FEU,Z24,21,0.1285875862
07/11/2021,FEU,Z14,21,0.1285875862
07/11/2021,FEU,Z24,22,0.1330651762
07/11/2021,FEU,Z14,22,0.1330651762
07/11/2021,FEU,Z24,23,0.13294488434
07/11/2021,FEU,Z14,23,0.13294488434
07/11/2021,FEU,Z24,24,0.1289316855
07/11/2021,FEU,Z14,24,0.1289316855
07/11/2021,FEU,Z24,3,0.1282098841
07/11/2021,FEU,Z14,3,0.1282098841
07/11/2021,FEU,Z24,4,0.12845770596
07/11/2021,FEU,Z14,4,0.12845770596
07/11/2021,FEU,Z24,5,0.1287395791
07/11/2021,FEU,Z14,5,0.1287395791
07/11/2021,FEU,Z24,6,0.12896902252
07/11/2021,FEU,Z14,6,0.12896902252
07/11/2021,FEU,Z24,7,0.12868858138
07/11/2021,FEU,Z14,7,0.12868858138
07/11/2021,FEU,Z24,8,0.1282335841
07/11/2021,FEU,Z14,8,0.1282335841
07/11/2021,FEU,Z24,9,0.12323764964
07/11/2021,FEU,Z14,9,0.12323764964
07/12/2021,FEU,Z24,1,0.12280465678
07/12/2021,FEU,Z14,1,0.12280465678
07/12/2021,FEU,Z24,10,0.16238168166
07/12/2021,FEU,Z14,10,0.16238168166
07/12/2021,FEU,Z24,11,0.15629577066
07/12/2021,FEU,Z14,11,0.24965221724
07/12/2021,FEU,Z24,12,0.24531239924
07/12/2021,FEU,Z14,12,0.24531239924
07/12/2021,FEU,Z24,13,0.24465071882
07/12/2021,FEU,Z14,13,0.24465071882
07/12/2021,FEU,Z24,14,0.24080905668
07/12/2021,FEU,Z14,14,0.24080905668
07/12/2021,FEU,Z24,15,0.23967812454
07/12/2021,FEU,Z14,15,0.14634177696
07/12/2021,FEU,Z24,16,0.13417516468
07/12/2021,FEU,Z14,16,0.13417516468
07/12/2021,FEU,Z24,17,0.1323993211
07/12/2021,FEU,Z14,17,0.1323993211
07/12/2021,FEU,Z24,18,0.1315458011
07/12/2021,FEU,Z14,18,0.1315458011
07/12/2021,FEU,Z24,19,0.1320233604
07/12/2021,FEU,Z14,19,0.22532707898
07/12/2021,FEU,Z24,2,0.10865518594
07/12/2021,FEU,Z14,2,0.10865518594
07/12/2021,FEU,Z24,20,0.227573089
07/12/2021,FEU,Z14,20,0.227573089
07/12/2021,FEU,Z24,21,0.24190244902
07/12/2021,FEU,Z14,21,0.24190244902
07/12/2021,FEU,Z24,22,0.2581310376
07/12/2021,FEU,Z14,22,0.2581310376
07/12/2021,FEU,Z24,23,0.2592139419
07/12/2021,FEU,Z14,23,0.16568652846
07/12/2021,FEU,Z24,24,0.15956181462
07/12/2021,FEU,Z14,24,0.15956181462
07/12/2021,FEU,Z24,3,0.10117665652
07/12/2021,FEU,Z14,3,0.10117665652
07/12/2021,FEU,Z24,4,0.10075203638
07/12/2021,FEU,Z14,4,0.10075203638
07/12/2021,FEU,Z24,5,0.10098748366
07/12/2021,FEU,Z14,5,0.10098748366
07/12/2021,FEU,Z24,6,0.1041203855
07/12/2021,FEU,Z14,6,0.1041203855
07/12/2021,FEU,Z24,7,0.12321475588
07/12/2021,FEU,Z14,7,0.12321475588
07/12/2021,FEU,Z24,8,0.12946162542
07/12/2021,FEU,Z14,8,0.12946162542
07/12/2021,FEU,Z24,9,0.16750432096
07/12/2021,FEU,Z14,9,0.16750432096
07/13/2021,FEU,Z24,1,0.1149108619
07/13/2021,FEU,Z14,1,0.1149108619
07/13/2021,FEU,Z24,10,0.16138462152
07/13/2021,FEU,Z14,10,0.16138462152
07/13/2021,FEU,Z24,11,0.1601755018
07/13/2021,FEU,Z14,11,0.25354101238
07/13/2021,FEU,Z24,12,0.25021679038
07/13/2021,FEU,Z14,12,0.25021679038
07/13/2021,FEU,Z24,13,0.25262617696
07/13/2021,FEU,Z14,13,0.25262617696
07/13/2021,FEU,Z24,14,0.25153129268
07/13/2021,FEU,Z14,14,0.25153129268
07/13/2021,FEU,Z24,15,0.24882543354
07/13/2021,FEU,Z14,15,0.1553637761
07/13/2021,FEU,Z24,16,0.15207789582
07/13/2021,FEU,Z14,16,0.15207789582
07/13/2021,FEU,Z24,17,0.15147613524
07/13/2021,FEU,Z14,17,0.15147613524
07/13/2021,FEU,Z24,18,0.15626501724
07/13/2021,FEU,Z14,18,0.15626501724
07/13/2021,FEU,Z24,19,0.15871570182
07/13/2021,FEU,Z14,19,0.25219031826
07/13/2021,FEU,Z24,2,0.1096534762
07/13/2021,FEU,Z14,2,0.1096534762
07/13/2021,FEU,Z24,20,0.25300233128
07/13/2021,FEU,Z14,20,0.25300233128
07/13/2021,FEU,Z24,21,0.25487010502
07/13/2021,FEU,Z14,21,0.25487010502
07/13/2021,FEU,Z24,22,0.25641139346
07/13/2021,FEU,Z14,22,0.25641139346
07/13/2021,FEU,Z24,23,0.2551807119
07/13/2021,FEU,Z14,23,0.16166714646
07/13/2021,FEU,Z24,24,0.15708544062
07/13/2021,FEU,Z14,24,0.15708544062
07/13/2021,FEU,Z24,3,0.10696277592
07/13/2021,FEU,Z14,3,0.10696277592
07/13/2021,FEU,Z24,4,0.10756474964
07/13/2021,FEU,Z14,4,0.10756474964
07/13/2021,FEU,Z24,5,0.10962790392
07/13/2021,FEU,Z14,5,0.10962790392
07/13/2021,FEU,Z24,6,0.1157869419
07/13/2021,FEU,Z14,6,0.1157869419
07/13/2021,FEU,Z24,7,0.12531275416
07/13/2021,FEU,Z14,7,0.12531275416
07/13/2021,FEU,Z24,8,0.12815748642
07/13/2021,FEU,Z14,8,0.12815748642
07/13/2021,FEU,Z24,9,0.16861559668
07/13/2021,FEU,Z14,9,0.16861559668
07/14/2021,FEU,Z24,1,0.12672381276
07/14/2021,FEU,Z14,1,0.12672381276
07/14/2021,FEU,Z24,10,0.1470555761
07/14/2021,FEU,Z14,10,0.1470555761
07/14/2021,FEU,Z24,11,0.14222362138
07/14/2021,FEU,Z14,11,0.23563544582
07/14/2021,FEU,Z24,12,0.2442479611
07/14/2021,FEU,Z14,12,0.2442479611
07/14/2021,FEU,Z24,13,0.2484869804
07/14/2021,FEU,Z14,13,0.2484869804
07/14/2021,FEU,Z24,14,0.24110650212
07/14/2021,FEU,Z14,14,0.24110650212
07/14/2021,FEU,Z24,15,0.22781855826
07/14/2021,FEU,Z14,15,0.13442824482
07/14/2021,FEU,Z24,16,0.13256836454
07/14/2021,FEU,Z14,16,0.13256836454
07/14/2021,FEU,Z24,17,0.13096828896
07/14/2021,FEU,Z14,17,0.13096828896
07/14/2021,FEU,Z24,18,0.13091035296
07/14/2021,FEU,Z14,18,0.13091035296
07/14/2021,FEU,Z24,19,0.13051209212
07/14/2021,FEU,Z14,19,0.2238144347
07/14/2021,FEU,Z24,2,0.1237882462
07/14/2021,FEU,Z14,2,0.1237882462
07/14/2021,FEU,Z24,20,0.22724645258
07/14/2021,FEU,Z14,20,0.22724645258
07/14/2021,FEU,Z24,21,0.2418434776
07/14/2021,FEU,Z14,21,0.2418434776
07/14/2021,FEU,Z24,22,0.24338729546
07/14/2021,FEU,Z14,22,0.24338729546
07/14/2021,FEU,Z24,23,0.2407859719
07/14/2021,FEU,Z14,23,0.14732299146
07/14/2021,FEU,Z24,24,0.1377515269
07/14/2021,FEU,Z14,24,0.1377515269
07/14/2021,FEU,Z24,3,0.11629189592
07/14/2021,FEU,Z14,3,0.11629189592
07/14/2021,FEU,Z24,4,0.11417020378
07/14/2021,FEU,Z14,4,0.11417020378
07/14/2021,FEU,Z24,5,0.10549836406
07/14/2021,FEU,Z14,5,0.10549836406
07/14/2021,FEU,Z24,6,0.10403233762
07/14/2021,FEU,Z14,6,0.10403233762
07/14/2021,FEU,Z24,7,0.11345913016
07/14/2021,FEU,Z14,7,0.11345913016
07/14/2021,FEU,Z24,8,0.11505854328
07/14/2021,FEU,Z14,8,0.11505854328
07/14/2021,FEU,Z24,9,0.1496956404
07/14/2021,FEU,Z14,9,0.1496956404
07/15/2021,FEU,Z24,1,0.10571529418
07/15/2021,FEU,Z14,1,0.10571529418
07/15/2021,FEU,Z24,10,0.14793466782
07/15/2021,FEU,Z14,10,0.14793466782
07/15/2021,FEU,Z24,11,0.15059723296
07/15/2021,FEU,Z14,11,0.2440432604
07/15/2021,FEU,Z24,12,0.24655140468
07/15/2021,FEU,Z14,12,0.24655140468
07/15/2021,FEU,Z24,13,0.24880586612
07/15/2021,FEU,Z14,13,0.24880586612
07/15/2021,FEU,Z24,14,0.24468264098
07/15/2021,FEU,Z14,14,0.24468264098
07/15/2021,FEU,Z24,15,0.25029055326
07/15/2021,FEU,Z14,15,0.15692378468
07/15/2021,FEU,Z24,16,0.1564889004
07/15/2021,FEU,Z14,16,0.1564889004
07/15/2021,FEU,Z24,17,0.15596028896
07/15/2021,FEU,Z14,17,0.15596028896
07/15/2021,FEU,Z24,18,0.1553876111
07/15/2021,FEU,Z14,18,0.1553876111
07/15/2021,FEU,Z24,19,0.15458593326
07/15/2021,FEU,Z14,19,0.24795141584
07/15/2021,FEU,Z24,2,0.09723222862
07/15/2021,FEU,Z14,2,0.09723222862
07/15/2021,FEU,Z24,20,0.25157223872
07/15/2021,FEU,Z14,20,0.25157223872
07/15/2021,FEU,Z24,21,0.25202629646
07/15/2021,FEU,Z14,21,0.25202629646
07/15/2021,FEU,Z24,22,0.2543407469
07/15/2021,FEU,Z14,22,0.2543407469
07/15/2021,FEU,Z24,23,0.25328519134
07/15/2021,FEU,Z14,23,0.1597735219
07/15/2021,FEU,Z24,24,0.15380645834
07/15/2021,FEU,Z14,24,0.15380645834
07/15/2021,FEU,Z24,3,0.0954227662
07/15/2021,FEU,Z14,3,0.0954227662
07/15/2021,FEU,Z24,4,0.09421577906
07/15/2021,FEU,Z14,4,0.09421577906
07/15/2021,FEU,Z24,5,0.0944013562
07/15/2021,FEU,Z14,5,0.0944013562
07/15/2021,FEU,Z24,6,0.09424138476
07/15/2021,FEU,Z14,6,0.09424138476
07/15/2021,FEU,Z24,7,0.09757431988
07/15/2021,FEU,Z14,7,0.09757431988
07/15/2021,FEU,Z24,8,0.09946394614
07/15/2021,FEU,Z14,8,0.09946394614
07/15/2021,FEU,Z24,9,0.1525194204
07/15/2021,FEU,Z14,9,0.1525194204
07/16/2021,FEU,Z24,1,0.11324597704
07/16/2021,FEU,Z14,1,0.11324597704
07/16/2021,FEU,Z24,10,0.15755909766
07/16/2021,FEU,Z14,10,0.15755909766
07/16/2021,FEU,Z24,11,0.1524655118
07/16/2021,FEU,Z14,11,0.24591115124
07/16/2021,FEU,Z24,12,0.24245998552
07/16/2021,FEU,Z14,12,0.24245998552
07/16/2021,FEU,Z24,13,0.24123209696
07/16/2021,FEU,Z14,13,0.24123209696
07/16/2021,FEU,Z24,14,0.24233123882
07/16/2021,FEU,Z14,14,0.24233123882
07/16/2021,FEU,Z24,15,0.24261560554
07/16/2021,FEU,Z14,15,0.14927038496
07/16/2021,FEU,Z24,16,0.14620105554
07/16/2021,FEU,Z14,16,0.14620105554
07/16/2021,FEU,Z24,17,0.14142420582
07/16/2021,FEU,Z14,17,0.14142420582
07/16/2021,FEU,Z24,18,0.1437585204
07/16/2021,FEU,Z14,18,0.1437585204
07/16/2021,FEU,Z24,19,0.14997021584
07/16/2021,FEU,Z14,19,0.24332618742
07/16/2021,FEU,Z24,2,0.10076240362
07/16/2021,FEU,Z14,2,0.10076240362
07/16/2021,FEU,Z24,20,0.2477423483
07/16/2021,FEU,Z14,20,0.2477423483
07/16/2021,FEU,Z24,21,0.25231335276
07/16/2021,FEU,Z14,21,0.25231335276
07/16/2021,FEU,Z24,22,0.25172540792
07/16/2021,FEU,Z14,22,0.25172540792
07/16/2021,FEU,Z24,23,0.24930075536
07/16/2021,FEU,Z14,23,0.15569725506
07/16/2021,FEU,Z24,24,0.1437876855
07/16/2021,FEU,Z14,24,0.1437876855
07/16/2021,FEU,Z24,3,0.09660535034
07/16/2021,FEU,Z14,3,0.09660535034
07/16/2021,FEU,Z24,4,0.09623077192
07/16/2021,FEU,Z14,4,0.09623077192
07/16/2021,FEU,Z24,5,0.09618891406
07/16/2021,FEU,Z14,5,0.09618891406
07/16/2021,FEU,Z24,6,0.10188739162
07/16/2021,FEU,Z14,6,0.10188739162
07/16/2021,FEU,Z24,7,0.11618453788
07/16/2021,FEU,Z14,7,0.11618453788
07/16/2021,FEU,Z24,8,0.12269274328
07/16/2021,FEU,Z14,8,0.12269274328
07/16/2021,FEU,Z24,9,0.16201516896
07/16/2021,FEU,Z14,9,0.16201516896
07/17/2021,FEU,Z24,1,0.12044149506
07/17/2021,FEU,Z14,1,0.12044149506
07/17/2021,FEU,Z24,10,0.11477572156
07/17/2021,FEU,Z14,10,0.11477572156
07/17/2021,FEU,Z24,11,0.1142176204
07/17/2021,FEU,Z14,11,0.1142176204
07/17/2021,FEU,Z24,12,0.1164748204
07/17/2021,FEU,Z14,12,0.1164748204
07/17/2021,FEU,Z24,13,0.11797670384
07/17/2021,FEU,Z14,13,0.11797670384
07/17/2021,FEU,Z24,14,0.12141427342
07/17/2021,FEU,Z14,14,0.12141427342
07/17/2021,FEU,Z24,15,0.12160402714
07/17/2021,FEU,Z14,15,0.12160402714
07/17/2021,FEU,Z24,16,0.11676522044
07/17/2021,FEU,Z14,16,0.11676522044
07/17/2021,FEU,Z24,17,0.11153210272
07/17/2021,FEU,Z14,17,0.11153210272
07/17/2021,FEU,Z24,18,0.11093096614
07/17/2021,FEU,Z14,18,0.11093096614
07/17/2021,FEU,Z24,19,0.10881914272
07/17/2021,FEU,Z14,19,0.10881914272
07/17/2021,FEU,Z24,2,0.1174683855
07/17/2021,FEU,Z14,2,0.1174683855
07/17/2021,FEU,Z24,20,0.11483288602
07/17/2021,FEU,Z14,20,0.11483288602
07/17/2021,FEU,Z24,21,0.12429145762
07/17/2021,FEU,Z14,21,0.12429145762
07/17/2021,FEU,Z24,22,0.13108136392
07/17/2021,FEU,Z14,22,0.13108136392
07/17/2021,FEU,Z24,23,0.13069456922
07/17/2021,FEU,Z14,23,0.13069456922
07/17/2021,FEU,Z24,24,0.12666464224
07/17/2021,FEU,Z14,24,0.12666464224
07/17/2021,FEU,Z24,3,0.11680225466
07/17/2021,FEU,Z14,3,0.11680225466
07/17/2021,FEU,Z24,4,0.1162293548
07/17/2021,FEU,Z14,4,0.1162293548
07/17/2021,FEU,Z24,5,0.1174034548
07/17/2021,FEU,Z14,5,0.1174034548
07/17/2021,FEU,Z24,6,0.1161455748
07/17/2021,FEU,Z14,6,0.1161455748
07/17/2021,FEU,Z24,7,0.11107397922
07/17/2021,FEU,Z14,7,0.11107397922
07/17/2021,FEU,Z24,8,0.11287286578
07/17/2021,FEU,Z14,8,0.11287286578
07/17/2021,FEU,Z24,9,0.11625650774
07/17/2021,FEU,Z14,9,0.11625650774
07/18/2021,FEU,Z24,1,0.12105140822
07/18/2021,FEU,Z14,1,0.12105140822
07/18/2021,FEU,Z24,10,0.0976976776
07/18/2021,FEU,Z14,10,0.0976976776
07/18/2021,FEU,Z24,11,0.0955318183
07/18/2021,FEU,Z14,11,0.0955318183
07/18/2021,FEU,Z24,12,0.09478613644
07/18/2021,FEU,Z14,12,0.09478613644
07/18/2021,FEU,Z24,13,0.0945181176
07/18/2021,FEU,Z14,13,0.0945181176
07/18/2021,FEU,Z24,14,0.09599486974
07/18/2021,FEU,Z14,14,0.09599486974
07/18/2021,FEU,Z24,15,0.09661086388
07/18/2021,FEU,Z14,15,0.09661086388
07/18/2021,FEU,Z24,16,0.06485962332
07/18/2021,FEU,Z14,16,0.06485962332
07/18/2021,FEU,Z24,17,0.02280050746
07/18/2021,FEU,Z14,17,0.02280050746
07/18/2021,FEU,Z24,18,0.04002162046
07/18/2021,FEU,Z14,18,0.04002162046
07/18/2021,FEU,Z24,19,0.08145190546
07/18/2021,FEU,Z14,19,0.08145190546
07/18/2021,FEU,Z24,2,0.11807216452
07/18/2021,FEU,Z14,2,0.11807216452
07/18/2021,FEU,Z24,20,0.10002473518
07/18/2021,FEU,Z14,20,0.10002473518
07/18/2021,FEU,Z24,21,0.1125164662
07/18/2021,FEU,Z14,21,0.1125164662
07/18/2021,FEU,Z24,22,0.1259972062
07/18/2021,FEU,Z14,22,0.1259972062
07/18/2021,FEU,Z24,23,0.13003758134
07/18/2021,FEU,Z14,23,0.13003758134
07/18/2021,FEU,Z24,24,0.1275122855
07/18/2021,FEU,Z14,24,0.1275122855
07/18/2021,FEU,Z24,3,0.1096705591
07/18/2021,FEU,Z14,3,0.1096705591
07/18/2021,FEU,Z24,4,0.11617548996
07/18/2021,FEU,Z14,4,0.11617548996
07/18/2021,FEU,Z24,5,0.1172142691
07/18/2021,FEU,Z14,5,0.1172142691
07/18/2021,FEU,Z24,6,0.11700481852
07/18/2021,FEU,Z14,6,0.11700481852
07/18/2021,FEU,Z24,7,0.11695440438
07/18/2021,FEU,Z14,7,0.11695440438
07/18/2021,FEU,Z24,8,0.1166241391
07/18/2021,FEU,Z14,8,0.1166241391
07/18/2021,FEU,Z24,9,0.10152099764
07/18/2021,FEU,Z14,9,0.10152099764
07/19/2021,FEU,Z24,1,0.12738874078
07/19/2021,FEU,Z14,1,0.12738874078
07/19/2021,FEU,Z24,10,0.15855777066
07/19/2021,FEU,Z14,10,0.15855777066
07/19/2021,FEU,Z24,11,0.15410276166
07/19/2021,FEU,Z14,11,0.24745339124
07/19/2021,FEU,Z24,12,0.24810997724
07/19/2021,FEU,Z14,12,0.24810997724
07/19/2021,FEU,Z24,13,0.25135788182
07/19/2021,FEU,Z14,13,0.25135788182
07/19/2021,FEU,Z24,14,0.25270912268
07/19/2021,FEU,Z14,14,0.25270912268
07/19/2021,FEU,Z24,15,0.25367073954
07/19/2021,FEU,Z14,15,0.16029640096
07/19/2021,FEU,Z24,16,0.15985754868
07/19/2021,FEU,Z14,16,0.15985754868
07/19/2021,FEU,Z24,17,0.1583136411
07/19/2021,FEU,Z14,17,0.1583136411
07/19/2021,FEU,Z24,18,0.1572535511
07/19/2021,FEU,Z14,18,0.1572535511
07/19/2021,FEU,Z24,19,0.1605632604
07/19/2021,FEU,Z14,19,0.25394322698
07/19/2021,FEU,Z24,2,0.12546065194
07/19/2021,FEU,Z14,2,0.12546065194
07/19/2021,FEU,Z24,20,0.263532439
07/19/2021,FEU,Z14,20,0.263532439
07/19/2021,FEU,Z24,21,0.26589978602
07/19/2021,FEU,Z14,21,0.26589978602
07/19/2021,FEU,Z24,22,0.2672103576
07/19/2021,FEU,Z14,22,0.2672103576
07/19/2021,FEU,Z24,23,0.2615905419
07/19/2021,FEU,Z14,23,0.16805612946
07/19/2021,FEU,Z24,24,0.16190748462
07/19/2021,FEU,Z14,24,0.16190748462
07/19/2021,FEU,Z24,3,0.12313585252
07/19/2021,FEU,Z14,3,0.12313585252
07/19/2021,FEU,Z24,4,0.12377558238
07/19/2021,FEU,Z14,4,0.12377558238
07/19/2021,FEU,Z24,5,0.12199393066
07/19/2021,FEU,Z14,5,0.12199393066
07/19/2021,FEU,Z24,6,0.1241846855
07/19/2021,FEU,Z14,6,0.1241846855
07/19/2021,FEU,Z24,7,0.12278050588
07/19/2021,FEU,Z14,7,0.12278050588
07/19/2021,FEU,Z24,8,0.12579351942
07/19/2021,FEU,Z14,8,0.12579351942
07/19/2021,FEU,Z24,9,0.16590142496
07/19/2021,FEU,Z14,9,0.16590142496
07/20/2021,FEU,Z24,1,0.1306057419
07/20/2021,FEU,Z14,1,0.1306057419
07/20/2021,FEU,Z24,10,0.16176384152
07/20/2021,FEU,Z14,10,0.16176384152
07/20/2021,FEU,Z24,11,0.1588669618
07/20/2021,FEU,Z14,11,0.25223013138
07/20/2021,FEU,Z24,12,0.25220747138
07/20/2021,FEU,Z14,12,0.25220747138
07/20/2021,FEU,Z24,13,0.25344523296
07/20/2021,FEU,Z14,13,0.25344523296
07/20/2021,FEU,Z24,14,0.25543577068
07/20/2021,FEU,Z14,14,0.25543577068
07/20/2021,FEU,Z24,15,0.25454890854
07/20/2021,FEU,Z14,15,0.1610682861
07/20/2021,FEU,Z24,16,0.15984701682
07/20/2021,FEU,Z14,16,0.15984701682
07/20/2021,FEU,Z24,17,0.15908640924
07/20/2021,FEU,Z14,17,0.15908640924
07/20/2021,FEU,Z24,18,0.15913176924
07/20/2021,FEU,Z14,18,0.15913176924
07/20/2021,FEU,Z24,19,0.15804600882
07/20/2021,FEU,Z14,19,0.25151941026
07/20/2021,FEU,Z24,2,0.1296323962
07/20/2021,FEU,Z14,2,0.1296323962
07/20/2021,FEU,Z24,20,0.26127826328
07/20/2021,FEU,Z14,20,0.26127826328
07/20/2021,FEU,Z24,21,0.26533632702
07/20/2021,FEU,Z14,21,0.26533632702
07/20/2021,FEU,Z24,22,0.26772649946
07/20/2021,FEU,Z14,22,0.26772649946
07/20/2021,FEU,Z24,23,0.2636246319
07/20/2021,FEU,Z14,23,0.17008323546
07/20/2021,FEU,Z24,24,0.16642144062
07/20/2021,FEU,Z14,24,0.16642144062
07/20/2021,FEU,Z24,3,0.12262186792
07/20/2021,FEU,Z14,3,0.12262186792
07/20/2021,FEU,Z24,4,0.12171144964
07/20/2021,FEU,Z14,4,0.12171144964
07/20/2021,FEU,Z24,5,0.12569133592
07/20/2021,FEU,Z14,5,0.12569133592
07/20/2021,FEU,Z24,6,0.1276373219
07/20/2021,FEU,Z14,6,0.1276373219
07/20/2021,FEU,Z24,7,0.12776578616
07/20/2021,FEU,Z14,7,0.12776578616
07/20/2021,FEU,Z24,8,0.13485252542
07/20/2021,FEU,Z14,8,0.13485252542
07/20/2021,FEU,Z24,9,0.17323701468
07/20/2021,FEU,Z14,9,0.17323701468
07/21/2021,FEU,Z24,1,0.14007684476
07/21/2021,FEU,Z14,1,0.14007684476
07/21/2021,FEU,Z24,10,0.1662075661
07/21/2021,FEU,Z14,10,0.1662075661
07/21/2021,FEU,Z24,11,0.16398628538
07/21/2021,FEU,Z14,11,0.25747607882
07/21/2021,FEU,Z24,12,0.2572221461
07/21/2021,FEU,Z14,12,0.2572221461
07/21/2021,FEU,Z24,13,0.2590308404
07/21/2021,FEU,Z14,13,0.2590308404
07/21/2021,FEU,Z24,14,0.25937850212
07/21/2021,FEU,Z14,14,0.25937850212
07/21/2021,FEU,Z24,15,0.25912988026
07/21/2021,FEU,Z14,15,0.16562979882
07/21/2021,FEU,Z24,16,0.16387036254
07/21/2021,FEU,Z14,16,0.16387036254
07/21/2021,FEU,Z24,17,0.16142672096
07/21/2021,FEU,Z14,17,0.16142672096
07/21/2021,FEU,Z24,18,0.16069968096
07/21/2021,FEU,Z14,18,0.16069968096
07/21/2021,FEU,Z24,19,0.16246411012
07/21/2021,FEU,Z14,19,0.2558515347
07/21/2021,FEU,Z24,2,0.1393609462
07/21/2021,FEU,Z14,2,0.1393609462
07/21/2021,FEU,Z24,20,0.26450449458
07/21/2021,FEU,Z14,20,0.26450449458
07/21/2021,FEU,Z24,21,0.2679283976
07/21/2021,FEU,Z14,21,0.2679283976
07/21/2021,FEU,Z24,22,0.26703106046
07/21/2021,FEU,Z14,22,0.26703106046
07/21/2021,FEU,Z24,23,0.2656831869
07/21/2021,FEU,Z14,23,0.17213356146
07/21/2021,FEU,Z24,24,0.1688686769
07/21/2021,FEU,Z14,24,0.1688686769
07/21/2021,FEU,Z24,3,0.13811336392
07/21/2021,FEU,Z14,3,0.13811336392
07/21/2021,FEU,Z24,4,0.13628477278
07/21/2021,FEU,Z14,4,0.13628477278
07/21/2021,FEU,Z24,5,0.13726291006
07/21/2021,FEU,Z14,5,0.13726291006
07/21/2021,FEU,Z24,6,0.13778664562
07/21/2021,FEU,Z14,6,0.13778664562
07/21/2021,FEU,Z24,7,0.13667392216
07/21/2021,FEU,Z14,7,0.13667392216
07/21/2021,FEU,Z24,8,0.13533796328
07/21/2021,FEU,Z14,8,0.13533796328
07/21/2021,FEU,Z24,9,0.1698223404
07/21/2021,FEU,Z14,9,0.1698223404
07/22/2021,FEU,Z24,1,0.13359240418
07/22/2021,FEU,Z14,1,0.13359240418
07/22/2021,FEU,Z24,10,0.16616077782
07/22/2021,FEU,Z14,10,0.16616077782
07/22/2021,FEU,Z24,11,0.16274107296
07/22/2021,FEU,Z14,11,0.2562298604
07/22/2021,FEU,Z24,12,0.25540163068
07/22/2021,FEU,Z14,12,0.25540163068
07/22/2021,FEU,Z24,13,0.25627226212
07/22/2021,FEU,Z14,13,0.25627226212
07/22/2021,FEU,Z24,14,0.25445300498
07/22/2021,FEU,Z14,14,0.25445300498
07/22/2021,FEU,Z24,15,0.25391665126
07/22/2021,FEU,Z14,15,0.16053921068
07/22/2021,FEU,Z24,16,0.1585032804
07/22/2021,FEU,Z14,16,0.1585032804
07/22/2021,FEU,Z24,17,0.15578648096
07/22/2021,FEU,Z14,17,0.15578648096
07/22/2021,FEU,Z24,18,0.1554216611
07/22/2021,FEU,Z14,18,0.1554216611
07/22/2021,FEU,Z24,19,0.15637045726
07/22/2021,FEU,Z14,19,0.24973948784
07/22/2021,FEU,Z24,2,0.12999108562
07/22/2021,FEU,Z14,2,0.12999108562
07/22/2021,FEU,Z24,20,0.25775963072
07/22/2021,FEU,Z14,20,0.25775963072
07/22/2021,FEU,Z24,21,0.26218736846
07/22/2021,FEU,Z14,21,0.26218736846
07/22/2021,FEU,Z24,22,0.2640976219
07/22/2021,FEU,Z14,22,0.2640976219
07/22/2021,FEU,Z24,23,0.26552111434
07/22/2021,FEU,Z14,23,0.1719675769
07/22/2021,FEU,Z24,24,0.17036183634
07/22/2021,FEU,Z14,24,0.17036183634
07/22/2021,FEU,Z24,3,0.1287174562
07/22/2021,FEU,Z14,3,0.1287174562
07/22/2021,FEU,Z24,4,0.12761035706
07/22/2021,FEU,Z14,4,0.12761035706
07/22/2021,FEU,Z24,5,0.1278270862
07/22/2021,FEU,Z14,5,0.1278270862
07/22/2021,FEU,Z24,6,0.12793178876
07/22/2021,FEU,Z14,6,0.12793178876
07/22/2021,FEU,Z24,7,0.12856471588
07/22/2021,FEU,Z14,7,0.12856471588
07/22/2021,FEU,Z24,8,0.13016637514
07/22/2021,FEU,Z14,8,0.13016637514
07/22/2021,FEU,Z24,9,0.1667557404
07/22/2021,FEU,Z14,9,0.1667557404
07/23/2021,FEU,Z24,1,0.13451691304
07/23/2021,FEU,Z14,1,0.13451691304
07/23/2021,FEU,Z24,10,0.16426479666
07/23/2021,FEU,Z14,10,0.16426479666
07/23/2021,FEU,Z24,11,0.1574680218
07/23/2021,FEU,Z14,11,0.25093023524
07/23/2021,FEU,Z24,12,0.24634387752
07/23/2021,FEU,Z14,12,0.24634387752
07/23/2021,FEU,Z24,13,0.24175011296
07/23/2021,FEU,Z14,13,0.24175011296
07/23/2021,FEU,Z24,14,0.23036090282
07/23/2021,FEU,Z14,14,0.23036090282
07/23/2021,FEU,Z24,15,0.22974604454
07/23/2021,FEU,Z14,15,0.13643472096
07/23/2021,FEU,Z24,16,0.13490331454
07/23/2021,FEU,Z14,16,0.13490331454
07/23/2021,FEU,Z24,17,0.13379379882
07/23/2021,FEU,Z14,17,0.13379379882
07/23/2021,FEU,Z24,18,0.1448700204
07/23/2021,FEU,Z14,18,0.1448700204
07/23/2021,FEU,Z24,19,0.15312879984
07/23/2021,FEU,Z14,19,0.24649420142
07/23/2021,FEU,Z24,2,0.13404290962
07/23/2021,FEU,Z14,2,0.13404290962
07/23/2021,FEU,Z24,20,0.2549068133
07/23/2021,FEU,Z14,20,0.2549068133
07/23/2021,FEU,Z24,21,0.25691905276
07/23/2021,FEU,Z14,21,0.25691905276
07/23/2021,FEU,Z24,22,0.25956608792
07/23/2021,FEU,Z14,22,0.25956608792
07/23/2021,FEU,Z24,23,0.26575299536
07/23/2021,FEU,Z14,23,0.17207954506
07/23/2021,FEU,Z24,24,0.1659282105
07/23/2021,FEU,Z14,24,0.1659282105
07/23/2021,FEU,Z24,3,0.13130711534
07/23/2021,FEU,Z14,3,0.13130711534
07/23/2021,FEU,Z24,4,0.12807049592
07/23/2021,FEU,Z14,4,0.12807049592
07/23/2021,FEU,Z24,5,0.12740777406
07/23/2021,FEU,Z14,5,0.12740777406
07/23/2021,FEU,Z24,6,0.12704090962
07/23/2021,FEU,Z14,6,0.12704090962
07/23/2021,FEU,Z24,7,0.12918771988
07/23/2021,FEU,Z14,7,0.12918771988
07/23/2021,FEU,Z24,8,0.13187674328
07/23/2021,FEU,Z14,8,0.13187674328
07/23/2021,FEU,Z24,9,0.16802347296
07/23/2021,FEU,Z14,9,0.16802347296
07/24/2021,FEU,Z24,1,0.12514891506
07/24/2021,FEU,Z14,1,0.12514891506
07/24/2021,FEU,Z24,10,0.12191873956
07/24/2021,FEU,Z14,10,0.12191873956
07/24/2021,FEU,Z24,11,0.1196691004
07/24/2021,FEU,Z14,11,0.1196691004
07/24/2021,FEU,Z24,12,0.1161271204
07/24/2021,FEU,Z14,12,0.1161271204
07/24/2021,FEU,Z24,13,0.11214687984
07/24/2021,FEU,Z14,13,0.11214687984
07/24/2021,FEU,Z24,14,0.11843322042
07/24/2021,FEU,Z14,14,0.11843322042
07/24/2021,FEU,Z24,15,0.11107114414
07/24/2021,FEU,Z14,15,0.11107114414
07/24/2021,FEU,Z24,16,0.10158088844
07/24/2021,FEU,Z14,16,0.10158088844
07/24/2021,FEU,Z24,17,0.09680723872
07/24/2021,FEU,Z14,17,0.09680723872
07/24/2021,FEU,Z24,18,0.10120238314
07/24/2021,FEU,Z14,18,0.10120238314
07/24/2021,FEU,Z24,19,0.10997690272
07/24/2021,FEU,Z14,19,0.10997690272
07/24/2021,FEU,Z24,2,0.1229556355
07/24/2021,FEU,Z14,2,0.1229556355
07/24/2021,FEU,Z24,20,0.11637169602
07/24/2021,FEU,Z14,20,0.11637169602
07/24/2021,FEU,Z24,21,0.13031084362
07/24/2021,FEU,Z14,21,0.13031084362
07/24/2021,FEU,Z24,22,0.13616198392
07/24/2021,FEU,Z14,22,0.13616198392
07/24/2021,FEU,Z24,23,0.13787662322
07/24/2021,FEU,Z14,23,0.13787662322
07/24/2021,FEU,Z24,24,0.13574000224
07/24/2021,FEU,Z14,24,0.13574000224
07/24/2021,FEU,Z24,3,0.11803758066
07/24/2021,FEU,Z14,3,0.11803758066
07/24/2021,FEU,Z24,4,0.1167450148
07/24/2021,FEU,Z14,4,0.1167450148
07/24/2021,FEU,Z24,5,0.1182176548
07/24/2021,FEU,Z14,5,0.1182176548
07/24/2021,FEU,Z24,6,0.1217647348
07/24/2021,FEU,Z14,6,0.1217647348
07/24/2021,FEU,Z24,7,0.12446941622
07/24/2021,FEU,Z14,7,0.12446941622
07/24/2021,FEU,Z24,8,0.12399525178
07/24/2021,FEU,Z14,8,0.12399525178
07/24/2021,FEU,Z24,9,0.12483426674
07/24/2021,FEU,Z14,9,0.12483426674
07/25/2021,FEU,Z24,1,0.13447038522
07/25/2021,FEU,Z14,1,0.13447038522
07/25/2021,FEU,Z24,10,0.1167750376
07/25/2021,FEU,Z14,10,0.1167750376
07/25/2021,FEU,Z24,11,0.1084412533
07/25/2021,FEU,Z14,11,0.1084412533
07/25/2021,FEU,Z24,12,0.11102407044
07/25/2021,FEU,Z14,12,0.11102407044
07/25/2021,FEU,Z24,13,0.1131604776
07/25/2021,FEU,Z14,13,0.1131604776
07/25/2021,FEU,Z24,14,0.11939855674
07/25/2021,FEU,Z14,14,0.11939855674
07/25/2021,FEU,Z24,15,0.11575028788
07/25/2021,FEU,Z14,15,0.11575028788
07/25/2021,FEU,Z24,16,0.10731677932
07/25/2021,FEU,Z14,16,0.10731677932
07/25/2021,FEU,Z24,17,0.10163124646
07/25/2021,FEU,Z14,17,0.10163124646
07/25/2021,FEU,Z24,18,0.10130036146
07/25/2021,FEU,Z14,18,0.10130036146
07/25/2021,FEU,Z24,19,0.10586193046
07/25/2021,FEU,Z14,19,0.10586193046
07/25/2021,FEU,Z24,2,0.13141694452
07/25/2021,FEU,Z14,2,0.13141694452
07/25/2021,FEU,Z24,20,0.11405167818
07/25/2021,FEU,Z14,20,0.11405167818
07/25/2021,FEU,Z24,21,0.1281956362
07/25/2021,FEU,Z14,21,0.1281956362
07/25/2021,FEU,Z24,22,0.1413440962
07/25/2021,FEU,Z14,22,0.1413440962
07/25/2021,FEU,Z24,23,0.14258212034
07/25/2021,FEU,Z14,23,0.14258212034
07/25/2021,FEU,Z24,24,0.1401094605
07/25/2021,FEU,Z14,24,0.1401094605
07/25/2021,FEU,Z24,3,0.1271990791
07/25/2021,FEU,Z14,3,0.1271990791
07/25/2021,FEU,Z24,4,0.12801176996
07/25/2021,FEU,Z14,4,0.12801176996
07/25/2021,FEU,Z24,5,0.1234331491
07/25/2021,FEU,Z14,5,0.1234331491
07/25/2021,FEU,Z24,6,0.12322095652
07/25/2021,FEU,Z14,6,0.12322095652
07/25/2021,FEU,Z24,7,0.12625041838
07/25/2021,FEU,Z14,7,0.12625041838
07/25/2021,FEU,Z24,8,0.1254061741
07/25/2021,FEU,Z14,8,0.1254061741
07/25/2021,FEU,Z24,9,0.12419093764
07/25/2021,FEU,Z14,9,0.12419093764
07/26/2021,FEU,Z24,1,0.12717525478
07/26/2021,FEU,Z14,1,0.12717525478
07/26/2021,FEU,Z24,10,0.15855777066
07/26/2021,FEU,Z14,10,0.15855777066
07/26/2021,FEU,Z24,11,0.15804090366
07/26/2021,FEU,Z14,11,0.25140311324
07/26/2021,FEU,Z24,12,0.25306102124
07/26/2021,FEU,Z14,12,0.25306102124
07/26/2021,FEU,Z24,13,0.25740672182
07/26/2021,FEU,Z14,13,0.25740672182
07/26/2021,FEU,Z24,14,0.25847423068
07/26/2021,FEU,Z14,14,0.25847423068
07/26/2021,FEU,Z24,15,0.25915160754
07/26/2021,FEU,Z14,15,0.16576283296
07/26/2021,FEU,Z24,16,0.16601640468
07/26/2021,FEU,Z14,16,0.16601640468
07/26/2021,FEU,Z24,17,0.1648478361
07/26/2021,FEU,Z14,17,0.1648478361
07/26/2021,FEU,Z24,18,0.1639602661
07/26/2021,FEU,Z14,18,0.1639602661
07/26/2021,FEU,Z24,19,0.1642557204
07/26/2021,FEU,Z14,19,0.25764426098
07/26/2021,FEU,Z24,2,0.12192954694
07/26/2021,FEU,Z14,2,0.12192954694
07/26/2021,FEU,Z24,20,0.261407239
07/26/2021,FEU,Z14,20,0.261407239
07/26/2021,FEU,Z24,21,0.26514889302
07/26/2021,FEU,Z14,21,0.26514889302
07/26/2021,FEU,Z24,22,0.2654552776
07/26/2021,FEU,Z14,22,0.2654552776
07/26/2021,FEU,Z24,23,0.2652567969
07/26/2021,FEU,Z14,23,0.17170979646
07/26/2021,FEU,Z24,24,0.16971588162
07/26/2021,FEU,Z14,24,0.16971588162
07/26/2021,FEU,Z24,3,0.11669277052
07/26/2021,FEU,Z14,3,0.11669277052
07/26/2021,FEU,Z24,4,0.11673791538
07/26/2021,FEU,Z14,4,0.11673791538
07/26/2021,FEU,Z24,5,0.11668297366
07/26/2021,FEU,Z14,5,0.11668297366
07/26/2021,FEU,Z24,6,0.1177421605
07/26/2021,FEU,Z14,6,0.1177421605
07/26/2021,FEU,Z24,7,0.12300399988
07/26/2021,FEU,Z14,7,0.12300399988
07/26/2021,FEU,Z24,8,0.12319671142
07/26/2021,FEU,Z14,8,0.12319671142
07/26/2021,FEU,Z24,9,0.16241844896
07/26/2021,FEU,Z14,9,0.16241844896
07/27/2021,FEU,Z24,1,0.1324988669
07/27/2021,FEU,Z14,1,0.1324988669
07/27/2021,FEU,Z24,10,0.16500475752
07/27/2021,FEU,Z14,10,0.16500475752
07/27/2021,FEU,Z24,11,0.1615857418
07/27/2021,FEU,Z14,11,0.25495612938
07/27/2021,FEU,Z24,12,0.25431258538
07/27/2021,FEU,Z14,12,0.25431258538
07/27/2021,FEU,Z24,13,0.25497883296
07/27/2021,FEU,Z14,13,0.25497883296
07/27/2021,FEU,Z24,14,0.25297541468
07/27/2021,FEU,Z14,14,0.25297541468
07/27/2021,FEU,Z24,15,0.25284952054
07/27/2021,FEU,Z14,15,0.1593737311
07/27/2021,FEU,Z24,16,0.15733083582
07/27/2021,FEU,Z14,16,0.15733083582
07/27/2021,FEU,Z24,17,0.15330641124
07/27/2021,FEU,Z14,17,0.15330641124
07/27/2021,FEU,Z24,18,0.14858670324
07/27/2021,FEU,Z14,18,0.14858670324
07/27/2021,FEU,Z24,19,0.15752639982
07/27/2021,FEU,Z14,19,0.25099797326
07/27/2021,FEU,Z24,2,0.1310340562
07/27/2021,FEU,Z14,2,0.1310340562
07/27/2021,FEU,Z24,20,0.25475073528
07/27/2021,FEU,Z14,20,0.25475073528
07/27/2021,FEU,Z24,21,0.25534100402
07/27/2021,FEU,Z14,21,0.25534100402
07/27/2021,FEU,Z24,22,0.25736573546
07/27/2021,FEU,Z14,22,0.25736573546
07/27/2021,FEU,Z24,23,0.2577938069
07/27/2021,FEU,Z14,23,0.16427243046
07/27/2021,FEU,Z24,24,0.16010680362
07/27/2021,FEU,Z14,24,0.16010680362
07/27/2021,FEU,Z24,3,0.12846311592
07/27/2021,FEU,Z14,3,0.12846311592
07/27/2021,FEU,Z24,4,0.12739713164
07/27/2021,FEU,Z14,4,0.12739713164
07/27/2021,FEU,Z24,5,0.12688091592
07/27/2021,FEU,Z14,5,0.12688091592
07/27/2021,FEU,Z24,6,0.1236984569
07/27/2021,FEU,Z14,6,0.1236984569
07/27/2021,FEU,Z24,7,0.12868133816
07/27/2021,FEU,Z14,7,0.12868133816
07/27/2021,FEU,Z24,8,0.13125438642
07/27/2021,FEU,Z14,8,0.13125438642
07/27/2021,FEU,Z24,9,0.16596974668
07/27/2021,FEU,Z14,9,0.16596974668
07/28/2021,FEU,Z24,1,0.10960693276
07/28/2021,FEU,Z14,1,0.10960693276
07/28/2021,FEU,Z24,10,0.1649624711
07/28/2021,FEU,Z14,10,0.1649624711
07/28/2021,FEU,Z24,11,0.16160471938
07/28/2021,FEU,Z14,11,0.25508610482
07/28/2021,FEU,Z24,12,0.2575444861
07/28/2021,FEU,Z14,12,0.2575444861
07/28/2021,FEU,Z24,13,0.2648174804
07/28/2021,FEU,Z14,13,0.2648174804
07/28/2021,FEU,Z24,14,0.26144323812
07/28/2021,FEU,Z14,14,0.26144323812
07/28/2021,FEU,Z24,15,0.25937291326
07/28/2021,FEU,Z14,15,0.16587197982
07/28/2021,FEU,Z24,16,0.16592853554
07/28/2021,FEU,Z14,16,0.16592853554
07/28/2021,FEU,Z24,17,0.16390660896
07/28/2021,FEU,Z14,17,0.16390660896
07/28/2021,FEU,Z24,18,0.16454049696
07/28/2021,FEU,Z14,18,0.16454049696
07/28/2021,FEU,Z24,19,0.15941497012
07/28/2021,FEU,Z14,19,0.2527943847
07/28/2021,FEU,Z24,2,0.1070396962
07/28/2021,FEU,Z14,2,0.1070396962
07/28/2021,FEU,Z24,20,0.25217892458
07/28/2021,FEU,Z14,20,0.25217892458
07/28/2021,FEU,Z24,21,0.2548923176
07/28/2021,FEU,Z14,21,0.2548923176
07/28/2021,FEU,Z24,22,0.25816798646
07/28/2021,FEU,Z14,22,0.25816798646
07/28/2021,FEU,Z24,23,0.2576167269
07/28/2021,FEU,Z14,23,0.16409479746
07/28/2021,FEU,Z24,24,0.1562377469
07/28/2021,FEU,Z14,24,0.1562377469
07/28/2021,FEU,Z24,3,0.10162079992
07/28/2021,FEU,Z14,3,0.10162079992
07/28/2021,FEU,Z24,4,0.10285779178
07/28/2021,FEU,Z14,4,0.10285779178
07/28/2021,FEU,Z24,5,0.10020778606
07/28/2021,FEU,Z14,5,0.10020778606
07/28/2021,FEU,Z24,6,0.10610609662
07/28/2021,FEU,Z14,6,0.10610609662
07/28/2021,FEU,Z24,7,0.12538327016
07/28/2021,FEU,Z14,7,0.12538327016
07/28/2021,FEU,Z24,8,0.12783233928
07/28/2021,FEU,Z14,8,0.12783233928
07/28/2021,FEU,Z24,9,0.1639775604
07/28/2021,FEU,Z14,9,0.1639775604
07/29/2021,FEU,Z24,1,0.12903460718
07/29/2021,FEU,Z14,1,0.12903460718
07/29/2021,FEU,Z24,10,0.16393339482
07/29/2021,FEU,Z14,10,0.16393339482
07/29/2021,FEU,Z24,11,0.16046907296
07/29/2021,FEU,Z14,11,0.2539498604
07/29/2021,FEU,Z24,12,0.25266360268
07/29/2021,FEU,Z14,12,0.25266360268
07/29/2021,FEU,Z24,13,0.25549456012
07/29/2021,FEU,Z14,13,0.25549456012
07/29/2021,FEU,Z24,14,0.25311912398
07/29/2021,FEU,Z14,14,0.25311912398
07/29/2021,FEU,Z24,15,0.24805533426
07/29/2021,FEU,Z14,15,0.15469330468
07/29/2021,FEU,Z24,16,0.1462118004
07/29/2021,FEU,Z14,16,0.1462118004
07/29/2021,FEU,Z24,17,0.14750617696
07/29/2021,FEU,Z14,17,0.14750617696
07/29/2021,FEU,Z24,18,0.1523798611
07/29/2021,FEU,Z14,18,0.1523798611
07/29/2021,FEU,Z24,19,0.15237353426
07/29/2021,FEU,Z14,19,0.24573319984
07/29/2021,FEU,Z24,2,0.12546545962
07/29/2021,FEU,Z14,2,0.12546545962
07/29/2021,FEU,Z24,20,0.25011035072
07/29/2021,FEU,Z14,20,0.25011035072
07/29/2021,FEU,Z24,21,0.25986536846
07/29/2021,FEU,Z14,21,0.25986536846
07/29/2021,FEU,Z24,22,0.2670788569
07/29/2021,FEU,Z14,22,0.2670788569
07/29/2021,FEU,Z24,23,0.26707588434
07/29/2021,FEU,Z14,23,0.1735170269
07/29/2021,FEU,Z24,24,0.16886668534
07/29/2021,FEU,Z14,24,0.16886668534
07/29/2021,FEU,Z24,3,0.1261996162
07/29/2021,FEU,Z14,3,0.1261996162
07/29/2021,FEU,Z24,4,0.12728950306
07/29/2021,FEU,Z14,4,0.12728950306
07/29/2021,FEU,Z24,5,0.1276129762
07/29/2021,FEU,Z14,5,0.1276129762
07/29/2021,FEU,Z24,6,0.12847631076
07/29/2021,FEU,Z14,6,0.12847631076
07/29/2021,FEU,Z24,7,0.13028087188
07/29/2021,FEU,Z14,7,0.13028087188
07/29/2021,FEU,Z24,8,0.12914031814
07/29/2021,FEU,Z14,8,0.12914031814
07/29/2021,FEU,Z24,9,0.1645794804
07/29/2021,FEU,Z14,9,0.1645794804
07/30/2021,FEU,Z24,1,0.13156268104
07/30/2021,FEU,Z14,1,0.13156268104
07/30/2021,FEU,Z24,10,0.16263389466
07/30/2021,FEU,Z14,10,0.16263389466
07/30/2021,FEU,Z24,11,0.1610015318
07/30/2021,FEU,Z14,11,0.25447625324
07/30/2021,FEU,Z24,12,0.25317096952
07/30/2021,FEU,Z14,12,0.25317096952
07/30/2021,FEU,Z24,13,0.25350316896
07/30/2021,FEU,Z14,13,0.25350316896
07/30/2021,FEU,Z24,14,0.25270863782
07/30/2021,FEU,Z14,14,0.25270863782
07/30/2021,FEU,Z24,15,0.25410925454
07/30/2021,FEU,Z14,15,0.16073489696
07/30/2021,FEU,Z24,16,0.15231862454
07/30/2021,FEU,Z14,16,0.15231862454
07/30/2021,FEU,Z24,17,0.13848051282
07/30/2021,FEU,Z14,17,0.13848051282
07/30/2021,FEU,Z24,18,0.1318261404
07/30/2021,FEU,Z14,18,0.1318261404
07/30/2021,FEU,Z24,19,0.12914598384
07/30/2021,FEU,Z14,19,0.22244734642
07/30/2021,FEU,Z24,2,0.13106939362
07/30/2021,FEU,Z14,2,0.13106939362
07/30/2021,FEU,Z24,20,0.2267998883
07/30/2021,FEU,Z14,20,0.2267998883
07/30/2021,FEU,Z24,21,0.25168604476
07/30/2021,FEU,Z14,21,0.25168604476
07/30/2021,FEU,Z24,22,0.26092326392
07/30/2021,FEU,Z14,22,0.26092326392
07/30/2021,FEU,Z24,23,0.26190865136
07/30/2021,FEU,Z14,23,0.16825154606
07/30/2021,FEU,Z24,24,0.1607029855
07/30/2021,FEU,Z14,24,0.1607029855
07/30/2021,FEU,Z24,3,0.13013227034
07/30/2021,FEU,Z14,3,0.13013227034
07/30/2021,FEU,Z24,4,0.12979567992
07/30/2021,FEU,Z14,4,0.12979567992
07/30/2021,FEU,Z24,5,0.12806236306
07/30/2021,FEU,Z14,5,0.12806236306
07/30/2021,FEU,Z24,6,0.12354574462
07/30/2021,FEU,Z14,6,0.12354574462
07/30/2021,FEU,Z24,7,0.12938689588
07/30/2021,FEU,Z14,7,0.12938689588
07/30/2021,FEU,Z24,8,0.13080451128
07/30/2021,FEU,Z14,8,0.13080451128
07/30/2021,FEU,Z24,9,0.16500171296
07/30/2021,FEU,Z14,9,0.16500171296
07/31/2021,FEU,Z24,1,0.10265634706
07/31/2021,FEU,Z14,1,0.10265634706
07/31/2021,FEU,Z24,10,0.09092516956
07/31/2021,FEU,Z14,10,0.09092516956
07/31/2021,FEU,Z24,11,0.0831891004
07/31/2021,FEU,Z14,11,0.0831891004
07/31/2021,FEU,Z24,12,0.0817185004
07/31/2021,FEU,Z14,12,0.0817185004
07/31/2021,FEU,Z24,13,0.08036999184
07/31/2021,FEU,Z14,13,0.08036999184
07/31/2021,FEU,Z24,14,0.08182327442
07/31/2021,FEU,Z14,14,0.08182327442
07/31/2021,FEU,Z24,15,0.07151452114
07/31/2021,FEU,Z14,15,0.07151452114
07/31/2021,FEU,Z24,16,0.03710921644
07/31/2021,FEU,Z14,16,0.03710921644
07/31/2021,FEU,Z24,17,0.01856570272
07/31/2021,FEU,Z14,17,0.01856570272
07/31/2021,FEU,Z24,18,0.03074570314
07/31/2021,FEU,Z14,18,0.03074570314
07/31/2021,FEU,Z24,19,0.07386170272
07/31/2021,FEU,Z14,19,0.07386170272
07/31/2021,FEU,Z24,2,0.1034635605
07/31/2021,FEU,Z14,2,0.1034635605
07/31/2021,FEU,Z24,20,0.09137586802
07/31/2021,FEU,Z14,20,0.09137586802
07/31/2021,FEU,Z24,21,0.09880767862
07/31/2021,FEU,Z14,21,0.09880767862
07/31/2021,FEU,Z24,22,0.10578491592
07/31/2021,FEU,Z14,22,0.10578491592
07/31/2021,FEU,Z24,23,0.10777602522
07/31/2021,FEU,Z14,23,0.10777602522
07/31/2021,FEU,Z24,24,0.10632589024
07/31/2021,FEU,Z14,24,0.10632589024
07/31/2021,FEU,Z24,3,0.10212714866
07/31/2021,FEU,Z14,3,0.10212714866
07/31/2021,FEU,Z24,4,0.1043337748
07/31/2021,FEU,Z14,4,0.1043337748
07/31/2021,FEU,Z24,5,0.1032434548
07/31/2021,FEU,Z14,5,0.1032434548
07/31/2021,FEU,Z24,6,0.1028965348
07/31/2021,FEU,Z14,6,0.1028965348
07/31/2021,FEU,Z24,7,0.10378481822
07/31/2021,FEU,Z14,7,0.10378481822
07/31/2021,FEU,Z24,8,0.10147599778
07/31/2021,FEU,Z14,8,0.10147599778
07/31/2021,FEU,Z24,9,0.09952402474
07/31/2021,FEU,Z14,9,0.09952402474
08/01/2021,FEU,Z24,1,0.1062436105
08/01/2021,FEU,Z14,1,0.1062436105
08/01/2021,FEU,Z24,10,0.09601101988
08/01/2021,FEU,Z14,10,0.09601101988
08/01/2021,FEU,Z24,11,0.08896952286
08/01/2021,FEU,Z14,11,0.08896952286
08/01/2021,FEU,Z24,12,0.08971238314
08/01/2021,FEU,Z14,12,0.08971238314
08/01/2021,FEU,Z24,13,0.08961530272
08/01/2021,FEU,Z14,13,0.08961530272
08/01/2021,FEU,Z24,14,0.09437021758
08/01/2021,FEU,Z14,14,0.09437021758
08/01/2021,FEU,Z24,15,0.09711721644
08/01/2021,FEU,Z14,15,0.09711721644
08/01/2021,FEU,Z24,16,0.0894345733
08/01/2021,FEU,Z14,16,0.0894345733
08/01/2021,FEU,Z24,17,0.08842413444
08/01/2021,FEU,Z14,17,0.08842413444
08/01/2021,FEU,Z24,18,0.0890476483
08/01/2021,FEU,Z14,18,0.0890476483
08/01/2021,FEU,Z24,19,0.09363086102
08/01/2021,FEU,Z14,19,0.09363086102
08/01/2021,FEU,Z24,2,0.10529149894
08/01/2021,FEU,Z14,2,0.10529149894
08/01/2021,FEU,Z24,20,0.10811223718
08/01/2021,FEU,Z14,20,0.10811223718
08/01/2021,FEU,Z24,21,0.12950398848
08/01/2021,FEU,Z14,21,0.12950398848
08/01/2021,FEU,Z24,22,0.13817171648
08/01/2021,FEU,Z14,22,0.13817171648
08/01/2021,FEU,Z24,23,0.1405718962
08/01/2021,FEU,Z14,23,0.1405718962
08/01/2021,FEU,Z24,24,0.13564448164
08/01/2021,FEU,Z14,24,0.13564448164
08/01/2021,FEU,Z24,3,0.10084096852
08/01/2021,FEU,Z14,3,0.10084096852
08/01/2021,FEU,Z24,4,0.1050514291
08/01/2021,FEU,Z14,4,0.1050514291
08/01/2021,FEU,Z24,5,0.10580866396
08/01/2021,FEU,Z14,5,0.10580866396
08/01/2021,FEU,Z24,6,0.1071085891
08/01/2021,FEU,Z14,6,0.1071085891
08/01/2021,FEU,Z24,7,0.10747857438
08/01/2021,FEU,Z14,7,0.10747857438
08/01/2021,FEU,Z24,8,0.10774238338
08/01/2021,FEU,Z14,8,0.10774238338
08/01/2021,FEU,Z24,9,0.10704598792
08/01/2021,FEU,Z14,9,0.10704598792
08/02/2021,FEU,Z24,1,0.13509077592
08/02/2021,FEU,Z14,1,0.13509077592
08/02/2021,FEU,Z24,10,0.1671718404
08/02/2021,FEU,Z14,10,0.1671718404
08/02/2021,FEU,Z24,11,0.16618996896
08/02/2021,FEU,Z14,11,0.2596897604
08/02/2021,FEU,Z24,12,0.25951926782
08/02/2021,FEU,Z14,12,0.25951926782
08/02/2021,FEU,Z24,13,0.25992612754
08/02/2021,FEU,Z14,13,0.25992612754
08/02/2021,FEU,Z24,14,0.25968072182
08/02/2021,FEU,Z14,14,0.25968072182
08/02/2021,FEU,Z24,15,0.2598288404
08/02/2021,FEU,Z14,15,0.16632856096
08/02/2021,FEU,Z24,16,0.1653079404
08/02/2021,FEU,Z14,16,0.1653079404
08/02/2021,FEU,Z24,17,0.16301497354
08/02/2021,FEU,Z14,17,0.16301497354
08/02/2021,FEU,Z24,18,0.16489885412
08/02/2021,FEU,Z14,18,0.16489885412
08/02/2021,FEU,Z24,19,0.1637234997
08/02/2021,FEU,Z14,19,0.25711676328
08/02/2021,FEU,Z24,2,0.13469969108
08/02/2021,FEU,Z14,2,0.13469969108
08/02/2021,FEU,Z24,20,0.26588438444
08/02/2021,FEU,Z14,20,0.26588438444
08/02/2021,FEU,Z24,21,0.26426365388
08/02/2021,FEU,Z14,21,0.26426365388
08/02/2021,FEU,Z24,22,0.26600066474
08/02/2021,FEU,Z14,22,0.26600066474
08/02/2021,FEU,Z24,23,0.26498972504
08/02/2021,FEU,Z14,23,0.1714447576
08/02/2021,FEU,Z24,24,0.16770474932
08/02/2021,FEU,Z14,24,0.16770474932
08/02/2021,FEU,Z24,3,0.13591789438
08/02/2021,FEU,Z14,3,0.13591789438
08/02/2021,FEU,Z24,4,0.13415344224
08/02/2021,FEU,Z14,4,0.13415344224
08/02/2021,FEU,Z24,5,0.13253017824
08/02/2021,FEU,Z14,5,0.13253017824
08/02/2021,FEU,Z24,6,0.13355945764
08/02/2021,FEU,Z14,6,0.13355945764
08/02/2021,FEU,Z24,7,0.13249336918
08/02/2021,FEU,Z14,7,0.13249336918
08/02/2021,FEU,Z24,8,0.13526490388
08/02/2021,FEU,Z14,8,0.13526490388
08/02/2021,FEU,Z24,9,0.169089489
08/02/2021,FEU,Z14,9,0.169089489
08/03/2021,FEU,Z24,1,0.13714665388
08/03/2021,FEU,Z14,1,0.13714665388
08/03/2021,FEU,Z24,10,0.17431350212
08/03/2021,FEU,Z14,10,0.17431350212
08/03/2021,FEU,Z24,11,0.16986284468
08/03/2021,FEU,Z14,11,0.26326486426
08/03/2021,FEU,Z24,12,0.26241256454
08/03/2021,FEU,Z14,12,0.26241256454
08/03/2021,FEU,Z24,13,0.26281021212
08/03/2021,FEU,Z14,13,0.26281021212
08/03/2021,FEU,Z24,14,0.26247446412
08/03/2021,FEU,Z14,14,0.26247446412
08/03/2021,FEU,Z24,15,0.26155128784
08/03/2021,FEU,Z14,15,0.16815014126
08/03/2021,FEU,Z24,16,0.1671527747
08/03/2021,FEU,Z14,16,0.1671527747
08/03/2021,FEU,Z24,17,0.16225661298
08/03/2021,FEU,Z14,17,0.16225661298
08/03/2021,FEU,Z24,18,0.1624788847
08/03/2021,FEU,Z14,18,0.1624788847
08/03/2021,FEU,Z24,19,0.16267825642
08/03/2021,FEU,Z14,19,0.25617930586
08/03/2021,FEU,Z24,2,0.13592644762
08/03/2021,FEU,Z14,2,0.13592644762
08/03/2021,FEU,Z24,20,0.26474972802
08/03/2021,FEU,Z14,20,0.26474972802
08/03/2021,FEU,Z24,21,0.26714428318
08/03/2021,FEU,Z14,21,0.26714428318
08/03/2021,FEU,Z24,22,0.2683673469
08/03/2021,FEU,Z14,22,0.2683673469
08/03/2021,FEU,Z24,23,0.26708681192
08/03/2021,FEU,Z14,23,0.17352457248
08/03/2021,FEU,Z24,24,0.1715166462
08/03/2021,FEU,Z14,24,0.1715166462
08/03/2021,FEU,Z24,3,0.13353592448
08/03/2021,FEU,Z14,3,0.13353592448
08/03/2021,FEU,Z24,4,0.1328393662
08/03/2021,FEU,Z14,4,0.1328393662
08/03/2021,FEU,Z24,5,0.1339204462
08/03/2021,FEU,Z14,5,0.1339204462
08/03/2021,FEU,Z24,6,0.1353018569
08/03/2021,FEU,Z14,6,0.1353018569
08/03/2021,FEU,Z24,7,0.1399993976
08/03/2021,FEU,Z14,7,0.1399993976
08/03/2021,FEU,Z24,8,0.14128541244
08/03/2021,FEU,Z14,8,0.14128541244
08/03/2021,FEU,Z24,9,0.17805919872
08/03/2021,FEU,Z14,9,0.17805919872
08/04/2021,FEU,Z24,1,0.14170316618
08/04/2021,FEU,Z14,1,0.14170316618
08/04/2021,FEU,Z24,10,0.17704641582
08/04/2021,FEU,Z14,10,0.17704641582
08/04/2021,FEU,Z24,11,0.17234853924
08/04/2021,FEU,Z14,11,0.26575230182
08/04/2021,FEU,Z24,12,0.26507121668
08/04/2021,FEU,Z14,12,0.26507121668
08/04/2021,FEU,Z24,13,0.26327500612
08/04/2021,FEU,Z14,13,0.26327500612
08/04/2021,FEU,Z24,14,0.26015789584
08/04/2021,FEU,Z14,14,0.26015789584
08/04/2021,FEU,Z24,15,0.25462330728
08/04/2021,FEU,Z14,15,0.1612354147
08/04/2021,FEU,Z24,16,0.15184259214
08/04/2021,FEU,Z14,16,0.15184259214
08/04/2021,FEU,Z24,17,0.14933405842
08/04/2021,FEU,Z14,17,0.14933405842
08/04/2021,FEU,Z24,18,0.15741102728
08/04/2021,FEU,Z14,18,0.15741102728
08/04/2021,FEU,Z24,19,0.165469289
08/04/2021,FEU,Z14,19,0.25898346444
08/04/2021,FEU,Z24,2,0.13459434334
08/04/2021,FEU,Z14,2,0.13459434334
08/04/2021,FEU,Z24,20,0.26189247446
08/04/2021,FEU,Z14,20,0.26189247446
08/04/2021,FEU,Z24,21,0.27223707362
08/04/2021,FEU,Z14,21,0.27223707362
08/04/2021,FEU,Z24,22,0.27791830048
08/04/2021,FEU,Z14,22,0.27791830048
08/04/2021,FEU,Z24,23,0.27819971592
08/04/2021,FEU,Z14,23,0.18459954848
08/04/2021,FEU,Z24,24,0.18380125506
08/04/2021,FEU,Z14,24,0.18380125506
08/04/2021,FEU,Z24,3,0.12692063806
08/04/2021,FEU,Z14,3,0.12692063806
08/04/2021,FEU,Z24,4,0.12253407206
08/04/2021,FEU,Z14,4,0.12253407206
08/04/2021,FEU,Z24,5,0.12420977306
08/04/2021,FEU,Z14,5,0.12420977306
08/04/2021,FEU,Z24,6,0.12774173076
08/04/2021,FEU,Z14,6,0.12774173076
08/04/2021,FEU,Z24,7,0.13792980774
08/04/2021,FEU,Z14,7,0.13792980774
08/04/2021,FEU,Z24,8,0.14058323872
08/04/2021,FEU,Z14,8,0.14058323872
08/04/2021,FEU,Z24,9,0.1788924597
08/04/2021,FEU,Z14,9,0.1788924597
08/05/2021,FEU,Z24,1,0.14191794646
08/05/2021,FEU,Z14,1,0.14191794646
08/05/2021,FEU,Z24,10,0.17426601554
08/05/2021,FEU,Z14,10,0.17426601554
08/05/2021,FEU,Z24,11,0.16971001554
08/05/2021,FEU,Z14,11,0.26322552998
08/05/2021,FEU,Z24,12,0.25769486384
08/05/2021,FEU,Z14,12,0.25769486384
08/05/2021,FEU,Z24,13,0.25613588342
08/05/2021,FEU,Z14,13,0.25613588342
08/05/2021,FEU,Z24,14,0.25275780728
08/05/2021,FEU,Z14,14,0.25275780728
08/05/2021,FEU,Z24,15,0.23690612672
08/05/2021,FEU,Z14,15,0.14356060014
08/05/2021,FEU,Z24,16,0.13831750272
08/05/2021,FEU,Z14,16,0.13831750272
08/05/2021,FEU,Z24,17,0.13784432514
08/05/2021,FEU,Z14,17,0.13784432514
08/05/2021,FEU,Z24,18,0.138197039
08/05/2021,FEU,Z14,18,0.138197039
08/05/2021,FEU,Z24,19,0.14644079244
08/05/2021,FEU,Z14,19,0.23980018002
08/05/2021,FEU,Z24,2,0.1391568419
08/05/2021,FEU,Z14,2,0.1391568419
08/05/2021,FEU,Z24,20,0.2589296819
08/05/2021,FEU,Z14,20,0.2589296819
08/05/2021,FEU,Z24,21,0.27373824878
08/05/2021,FEU,Z14,21,0.27373824878
08/05/2021,FEU,Z24,22,0.27828292792
08/05/2021,FEU,Z14,22,0.27828292792
08/05/2021,FEU,Z24,23,0.27855140336
08/05/2021,FEU,Z14,23,0.18494569992
08/05/2021,FEU,Z24,24,0.18213879764
08/05/2021,FEU,Z14,24,0.18213879764
08/05/2021,FEU,Z24,3,0.13713458034
08/05/2021,FEU,Z14,3,0.13713458034
08/05/2021,FEU,Z24,4,0.13371346048
08/05/2021,FEU,Z14,4,0.13371346048
08/05/2021,FEU,Z24,5,0.13273937062
08/05/2021,FEU,Z14,5,0.13273937062
08/05/2021,FEU,Z24,6,0.13301651704
08/05/2021,FEU,Z14,6,0.13301651704
08/05/2021,FEU,Z24,7,0.1344610933
08/05/2021,FEU,Z14,7,0.1344610933
08/05/2021,FEU,Z24,8,0.13401552514
08/05/2021,FEU,Z14,8,0.13401552514
08/05/2021,FEU,Z24,9,0.1755685247
08/05/2021,FEU,Z14,9,0.1755685247
08/06/2021,FEU,Z24,1,0.13541646862
08/06/2021,FEU,Z14,1,0.13541646862
08/06/2021,FEU,Z24,10,0.16859226198
08/06/2021,FEU,Z14,10,0.16859226198
08/06/2021,FEU,Z24,11,0.16551325012
08/06/2021,FEU,Z14,11,0.25901854556
08/06/2021,FEU,Z24,12,0.25787220412
08/06/2021,FEU,Z14,12,0.25787220412
08/06/2021,FEU,Z24,13,0.258651839
08/06/2021,FEU,Z14,13,0.258651839
08/06/2021,FEU,Z24,14,0.25809151842
08/06/2021,FEU,Z14,14,0.25809151842
08/06/2021,FEU,Z24,15,0.25514853314
08/06/2021,FEU,Z14,15,0.1616544847
08/06/2021,FEU,Z24,16,0.145412139
08/06/2021,FEU,Z14,16,0.145412139
08/06/2021,FEU,Z24,17,0.13572186328
08/06/2021,FEU,Z14,17,0.13572186328
08/06/2021,FEU,Z24,18,0.13111723528
08/06/2021,FEU,Z14,18,0.13111723528
08/06/2021,FEU,Z24,19,0.13138246272
08/06/2021,FEU,Z14,19,0.22477939016
08/06/2021,FEU,Z24,2,0.13530883678
08/06/2021,FEU,Z14,2,0.13530883678
08/06/2021,FEU,Z24,20,0.23378422132
08/06/2021,FEU,Z14,20,0.23378422132
08/06/2021,FEU,Z24,21,0.26404734606
08/06/2021,FEU,Z14,21,0.26404734606
08/06/2021,FEU,Z24,22,0.26481430392
08/06/2021,FEU,Z14,22,0.26481430392
08/06/2021,FEU,Z24,23,0.26566215922
08/06/2021,FEU,Z14,23,0.17210034678
08/06/2021,FEU,Z24,24,0.17203970736
08/06/2021,FEU,Z14,24,0.17203970736
08/06/2021,FEU,Z24,3,0.13165170764
08/06/2021,FEU,Z14,3,0.13165170764
08/06/2021,FEU,Z24,4,0.13142620678
08/06/2021,FEU,Z14,4,0.13142620678
08/06/2021,FEU,Z24,5,0.13083177806
08/06/2021,FEU,Z14,5,0.13083177806
08/06/2021,FEU,Z24,6,0.13293859276
08/06/2021,FEU,Z14,6,0.13293859276
08/06/2021,FEU,Z24,7,0.13197386788
08/06/2021,FEU,Z14,7,0.13197386788
08/06/2021,FEU,Z24,8,0.13437931758
08/06/2021,FEU,Z14,8,0.13437931758
08/06/2021,FEU,Z24,9,0.17100791214
08/06/2021,FEU,Z14,9,0.17100791214
08/07/2021,FEU,Z24,1,0.1347640162
08/07/2021,FEU,Z14,1,0.1347640162
08/07/2021,FEU,Z24,10,0.098763289
08/07/2021,FEU,Z14,10,0.098763289
08/07/2021,FEU,Z24,11,0.08565412784
08/07/2021,FEU,Z14,11,0.08565412784
08/07/2021,FEU,Z24,12,0.07884308698
08/07/2021,FEU,Z14,12,0.07884308698
08/07/2021,FEU,Z24,13,0.07599190384
08/07/2021,FEU,Z14,13,0.07599190384
08/07/2021,FEU,Z24,14,0.0668575897
08/07/2021,FEU,Z14,14,0.0668575897
08/07/2021,FEU,Z24,15,0.03946518556
08/07/2021,FEU,Z14,15,0.03946518556
08/07/2021,FEU,Z24,16,0.02506504714
08/07/2021,FEU,Z14,16,0.02506504714
08/07/2021,FEU,Z24,17,0.01864950328
08/07/2021,FEU,Z14,17,0.01864950328
08/07/2021,FEU,Z24,18,0.01989608956
08/07/2021,FEU,Z14,18,0.01989608956
08/07/2021,FEU,Z24,19,0.03420148986
08/07/2021,FEU,Z14,19,0.03420148986
08/07/2021,FEU,Z24,2,0.1311395105
08/07/2021,FEU,Z14,2,0.1311395105
08/07/2021,FEU,Z24,20,0.09000135202
08/07/2021,FEU,Z14,20,0.09000135202
08/07/2021,FEU,Z24,21,0.11478974362
08/07/2021,FEU,Z14,21,0.11478974362
08/07/2021,FEU,Z24,22,0.13226976606
08/07/2021,FEU,Z14,22,0.13226976606
08/07/2021,FEU,Z24,23,0.13484616164
08/07/2021,FEU,Z14,23,0.13484616164
08/07/2021,FEU,Z24,24,0.12593932594
08/07/2021,FEU,Z14,24,0.12593932594
08/07/2021,FEU,Z24,3,0.12452399536
08/07/2021,FEU,Z14,3,0.12452399536
08/07/2021,FEU,Z24,4,0.12180155536
08/07/2021,FEU,Z14,4,0.12180155536
08/07/2021,FEU,Z24,5,0.11577220336
08/07/2021,FEU,Z14,5,0.11577220336
08/07/2021,FEU,Z24,6,0.11507953936
08/07/2021,FEU,Z14,6,0.11507953936
08/07/2021,FEU,Z24,7,0.12060058978
08/07/2021,FEU,Z14,7,0.12060058978
08/07/2021,FEU,Z24,8,0.12129467964
08/07/2021,FEU,Z14,8,0.12129467964
08/07/2021,FEU,Z24,9,0.11788841518
08/07/2021,FEU,Z14,9,0.11788841518
08/08/2021,FEU,Z24,1,0.1365186605
08/08/2021,FEU,Z14,1,0.1365186605
08/08/2021,FEU,Z24,10,0.10220631988
08/08/2021,FEU,Z14,10,0.10220631988
08/08/2021,FEU,Z24,11,0.09741786286
08/08/2021,FEU,Z14,11,0.09741786286
08/08/2021,FEU,Z24,12,0.09984886114
08/08/2021,FEU,Z14,12,0.09984886114
08/08/2021,FEU,Z24,13,0.10036346272
08/08/2021,FEU,Z14,13,0.10036346272
08/08/2021,FEU,Z24,14,0.10366455058
08/08/2021,FEU,Z14,14,0.10366455058
08/08/2021,FEU,Z24,15,0.10301069444
08/08/2021,FEU,Z14,15,0.10301069444
08/08/2021,FEU,Z24,16,0.0997995433
08/08/2021,FEU,Z14,16,0.0997995433
08/08/2021,FEU,Z24,17,0.09268931844
08/08/2021,FEU,Z14,17,0.09268931844
08/08/2021,FEU,Z24,18,0.0902546233
08/08/2021,FEU,Z14,18,0.0902546233
08/08/2021,FEU,Z24,19,0.10241711902
08/08/2021,FEU,Z14,19,0.10241711902
08/08/2021,FEU,Z24,2,0.12799785994
08/08/2021,FEU,Z14,2,0.12799785994
08/08/2021,FEU,Z24,20,0.12101688518
08/08/2021,FEU,Z14,20,0.12101688518
08/08/2021,FEU,Z24,21,0.13457894848
08/08/2021,FEU,Z14,21,0.13457894848
08/08/2021,FEU,Z24,22,0.13724782848
08/08/2021,FEU,Z14,22,0.13724782848
08/08/2021,FEU,Z24,23,0.1378516462
08/08/2021,FEU,Z14,23,0.1378516462
08/08/2021,FEU,Z24,24,0.13758745164
08/08/2021,FEU,Z14,24,0.13758745164
08/08/2021,FEU,Z24,3,0.12566887852
08/08/2021,FEU,Z14,3,0.12566887852
08/08/2021,FEU,Z24,4,0.1244439541
08/08/2021,FEU,Z14,4,0.1244439541
08/08/2021,FEU,Z24,5,0.12444783996
08/08/2021,FEU,Z14,5,0.12444783996
08/08/2021,FEU,Z24,6,0.1241796991
08/08/2021,FEU,Z14,6,0.1241796991
08/08/2021,FEU,Z24,7,0.12408789438
08/08/2021,FEU,Z14,7,0.12408789438
08/08/2021,FEU,Z24,8,0.12365609938
08/08/2021,FEU,Z14,8,0.12365609938
08/08/2021,FEU,Z24,9,0.12271679992
08/08/2021,FEU,Z14,9,0.12271679992
08/09/2021,FEU,Z24,1,0.14363465592
08/09/2021,FEU,Z14,1,0.14363465592
08/09/2021,FEU,Z24,10,0.1729812804
08/09/2021,FEU,Z14,10,0.1729812804
08/09/2021,FEU,Z24,11,0.17049200096
08/09/2021,FEU,Z14,11,0.2640069404
08/09/2021,FEU,Z24,12,0.26234698682
08/09/2021,FEU,Z14,12,0.26234698682
08/09/2021,FEU,Z24,13,0.26253899354
08/09/2021,FEU,Z14,13,0.26253899354
08/09/2021,FEU,Z24,14,0.26254255082
08/09/2021,FEU,Z14,14,0.26254255082
08/09/2021,FEU,Z24,15,0.2608366004
08/09/2021,FEU,Z14,15,0.16733164896
08/09/2021,FEU,Z24,16,0.1611765804
08/09/2021,FEU,Z14,16,0.1611765804
08/09/2021,FEU,Z24,17,0.15949888054
08/09/2021,FEU,Z14,17,0.15949888054
08/09/2021,FEU,Z24,18,0.16368148212
08/09/2021,FEU,Z14,18,0.16368148212
08/09/2021,FEU,Z24,19,0.1678500797
08/09/2021,FEU,Z14,19,0.26125415528
08/09/2021,FEU,Z24,2,0.14110918908
08/09/2021,FEU,Z14,2,0.14110918908
08/09/2021,FEU,Z24,20,0.26627097444
08/09/2021,FEU,Z14,20,0.26627097444
08/09/2021,FEU,Z24,21,0.27175243988
08/09/2021,FEU,Z14,21,0.27175243988
08/09/2021,FEU,Z24,22,0.27443702574
08/09/2021,FEU,Z14,22,0.27443702574
08/09/2021,FEU,Z24,23,0.27343920104
08/09/2021,FEU,Z14,23,0.1798651976
08/09/2021,FEU,Z24,24,0.17819179932
08/09/2021,FEU,Z14,24,0.17819179932
08/09/2021,FEU,Z24,3,0.13488513538
08/09/2021,FEU,Z14,3,0.13488513538
08/09/2021,FEU,Z24,4,0.13428486624
08/09/2021,FEU,Z14,4,0.13428486624
08/09/2021,FEU,Z24,5,0.13668957024
08/09/2021,FEU,Z14,5,0.13668957024
08/09/2021,FEU,Z24,6,0.13973352364
08/09/2021,FEU,Z14,6,0.13973352364
08/09/2021,FEU,Z24,7,0.14394659318
08/09/2021,FEU,Z14,7,0.14394659318
08/09/2021,FEU,Z24,8,0.14280116788
08/09/2021,FEU,Z14,8,0.14280116788
08/09/2021,FEU,Z24,9,0.176059639
08/09/2021,FEU,Z14,9,0.176059639
08/10/2021,FEU,Z24,1,0.14598682588
08/10/2021,FEU,Z14,1,0.14598682588
08/10/2021,FEU,Z24,10,0.18050428412
08/10/2021,FEU,Z14,10,0.18050428412
08/10/2021,FEU,Z24,11,0.17549025468
08/10/2021,FEU,Z14,11,0.26890596826
08/10/2021,FEU,Z24,12,0.26821690854
08/10/2021,FEU,Z14,12,0.26821690854
08/10/2021,FEU,Z24,13,0.26803943012
08/10/2021,FEU,Z14,13,0.26803943012
08/10/2021,FEU,Z24,14,0.26717036812
08/10/2021,FEU,Z14,14,0.26717036812
08/10/2021,FEU,Z24,15,0.26342172784
08/10/2021,FEU,Z14,15,0.17001567626
08/10/2021,FEU,Z24,16,0.1663970747
08/10/2021,FEU,Z14,16,0.1663970747
08/10/2021,FEU,Z24,17,0.16393910898
08/10/2021,FEU,Z14,17,0.16393910898
08/10/2021,FEU,Z24,18,0.1663501297
08/10/2021,FEU,Z14,18,0.1663501297
08/10/2021,FEU,Z24,19,0.16725478642
08/10/2021,FEU,Z14,19,0.26077179586
08/10/2021,FEU,Z24,2,0.14398341562
08/10/2021,FEU,Z14,2,0.14398341562
08/10/2021,FEU,Z24,20,0.27518008302
08/10/2021,FEU,Z14,20,0.27518008302
08/10/2021,FEU,Z24,21,0.28014313418
08/10/2021,FEU,Z14,21,0.28014313418
08/10/2021,FEU,Z24,22,0.2818032919
08/10/2021,FEU,Z14,22,0.2818032919
08/10/2021,FEU,Z24,23,0.27947250792
08/10/2021,FEU,Z14,23,0.18586916448
08/10/2021,FEU,Z24,24,0.1824924162
08/10/2021,FEU,Z14,24,0.1824924162
08/10/2021,FEU,Z24,3,0.13903837248
08/10/2021,FEU,Z14,3,0.13903837248
08/10/2021,FEU,Z24,4,0.1378879162
08/10/2021,FEU,Z14,4,0.1378879162
08/10/2021,FEU,Z24,5,0.1416178762
08/10/2021,FEU,Z14,5,0.1416178762
08/10/2021,FEU,Z24,6,0.1429896919
08/10/2021,FEU,Z14,6,0.1429896919
08/10/2021,FEU,Z24,7,0.1452982776
08/10/2021,FEU,Z14,7,0.1452982776
08/10/2021,FEU,Z24,8,0.14630069644
08/10/2021,FEU,Z14,8,0.14630069644
08/10/2021,FEU,Z24,9,0.18383647872
08/10/2021,FEU,Z14,9,0.18383647872
08/11/2021,FEU,Z24,1,0.14610744718
08/11/2021,FEU,Z14,1,0.14610744718
08/11/2021,FEU,Z24,10,0.18314073582
08/11/2021,FEU,Z14,10,0.18314073582
08/11/2021,FEU,Z24,11,0.17861162124
08/11/2021,FEU,Z14,11,0.27203195282
08/11/2021,FEU,Z24,12,0.27067472868
08/11/2021,FEU,Z14,12,0.27067472868
08/11/2021,FEU,Z24,13,0.27089214612
08/11/2021,FEU,Z14,13,0.27089214612
08/11/2021,FEU,Z24,14,0.27117919184
08/11/2021,FEU,Z14,14,0.27117919184
08/11/2021,FEU,Z24,15,0.26984349128
08/11/2021,FEU,Z14,15,0.1764169697
08/11/2021,FEU,Z24,16,0.17374942614
08/11/2021,FEU,Z14,16,0.17374942614
08/11/2021,FEU,Z24,17,0.17198272042
08/11/2021,FEU,Z14,17,0.17198272042
08/11/2021,FEU,Z24,18,0.17401914328
08/11/2021,FEU,Z14,18,0.17401914328
08/11/2021,FEU,Z24,19,0.179094489
08/11/2021,FEU,Z14,19,0.27265605644
08/11/2021,FEU,Z24,2,0.13941296134
08/11/2021,FEU,Z14,2,0.13941296134
08/11/2021,FEU,Z24,20,0.28492323146
08/11/2021,FEU,Z14,20,0.28492323146
08/11/2021,FEU,Z24,21,0.28647797462
08/11/2021,FEU,Z14,21,0.28647797462
08/11/2021,FEU,Z24,22,0.28894538848
08/11/2021,FEU,Z14,22,0.28894538848
08/11/2021,FEU,Z24,23,0.28532664792
08/11/2021,FEU,Z14,23,0.19170215648
08/11/2021,FEU,Z24,24,0.18853326606
08/11/2021,FEU,Z14,24,0.18853326606
08/11/2021,FEU,Z24,3,0.13504035206
08/11/2021,FEU,Z14,3,0.13504035206
08/11/2021,FEU,Z24,4,0.12959520206
08/11/2021,FEU,Z14,4,0.12959520206
08/11/2021,FEU,Z24,5,0.13100977006
08/11/2021,FEU,Z14,5,0.13100977006
08/11/2021,FEU,Z24,6,0.13592122076
08/11/2021,FEU,Z14,6,0.13592122076
08/11/2021,FEU,Z24,7,0.14488380774
08/11/2021,FEU,Z14,7,0.14488380774
08/11/2021,FEU,Z24,8,0.14762426272
08/11/2021,FEU,Z14,8,0.14762426272
08/11/2021,FEU,Z24,9,0.1860303897
08/11/2021,FEU,Z14,9,0.1860303897
08/12/2021,FEU,Z24,1,0.15051050746
08/12/2021,FEU,Z14,1,0.15051050746
08/12/2021,FEU,Z24,10,0.18356253354
08/12/2021,FEU,Z14,10,0.18356253354
08/12/2021,FEU,Z24,11,0.17909993154
08/12/2021,FEU,Z14,11,0.27264842198
08/12/2021,FEU,Z24,12,0.26990134384
08/12/2021,FEU,Z14,12,0.26990134384
08/12/2021,FEU,Z24,13,0.26774581742
08/12/2021,FEU,Z14,13,0.26774581742
08/12/2021,FEU,Z24,14,0.26912139928
08/12/2021,FEU,Z14,14,0.26912139928
08/12/2021,FEU,Z24,15,0.27077607872
08/12/2021,FEU,Z14,15,0.17734234914
08/12/2021,FEU,Z24,16,0.17327494272
08/12/2021,FEU,Z14,16,0.17327494272
08/12/2021,FEU,Z24,17,0.17034264114
08/12/2021,FEU,Z14,17,0.17034264114
08/12/2021,FEU,Z24,18,0.175405289
08/12/2021,FEU,Z14,18,0.175405289
08/12/2021,FEU,Z24,19,0.18933151044
08/12/2021,FEU,Z14,19,0.28280355602
08/12/2021,FEU,Z24,2,0.1447395219
08/12/2021,FEU,Z14,2,0.1447395219
08/12/2021,FEU,Z24,20,0.2897520869
08/12/2021,FEU,Z14,20,0.2897520869
08/12/2021,FEU,Z24,21,0.29295902678
08/12/2021,FEU,Z14,21,0.29295902678
08/12/2021,FEU,Z24,22,0.29392912792
08/12/2021,FEU,Z14,22,0.29392912792
08/12/2021,FEU,Z24,23,0.28812639536
08/12/2021,FEU,Z14,23,0.19448929592
08/12/2021,FEU,Z24,24,0.18722808764
08/12/2021,FEU,Z14,24,0.18722808764
08/12/2021,FEU,Z24,3,0.14286618734
08/12/2021,FEU,Z14,3,0.14286618734
08/12/2021,FEU,Z24,4,0.13806542848
08/12/2021,FEU,Z14,4,0.13806542848
08/12/2021,FEU,Z24,5,0.13640024962
08/12/2021,FEU,Z14,5,0.13640024962
08/12/2021,FEU,Z24,6,0.13834530904
08/12/2021,FEU,Z14,6,0.13834530904
08/12/2021,FEU,Z24,7,0.1473127783
08/12/2021,FEU,Z14,7,0.1473127783
08/12/2021,FEU,Z24,8,0.15125627014
08/12/2021,FEU,Z14,8,0.15125627014
08/12/2021,FEU,Z24,9,0.1855414747
08/12/2021,FEU,Z14,9,0.1855414747
08/13/2021,FEU,Z24,1,0.15359132662
08/13/2021,FEU,Z14,1,0.15359132662
08/13/2021,FEU,Z24,10,0.18437366298
08/13/2021,FEU,Z14,10,0.18437366298
08/13/2021,FEU,Z24,11,0.18173307612
08/13/2021,FEU,Z14,11,0.27529518356
08/13/2021,FEU,Z24,12,0.27477608812
08/13/2021,FEU,Z14,12,0.27477608812
08/13/2021,FEU,Z24,13,0.276806889
08/13/2021,FEU,Z14,13,0.276806889
08/13/2021,FEU,Z24,14,0.27687479042
08/13/2021,FEU,Z14,14,0.27687479042
08/13/2021,FEU,Z24,15,0.27706685714
08/13/2021,FEU,Z14,15,0.1834965047
08/13/2021,FEU,Z24,16,0.182620389
08/13/2021,FEU,Z14,16,0.182620389
08/13/2021,FEU,Z24,17,0.17940326328
08/13/2021,FEU,Z14,17,0.17940326328
08/13/2021,FEU,Z24,18,0.18251549128
08/13/2021,FEU,Z14,18,0.18251549128
08/13/2021,FEU,Z24,19,0.18292409472
08/13/2021,FEU,Z14,19,0.27650114216
08/13/2021,FEU,Z24,2,0.14945521678
08/13/2021,FEU,Z14,2,0.14945521678
08/13/2021,FEU,Z24,20,0.28046524732
08/13/2021,FEU,Z14,20,0.28046524732
08/13/2021,FEU,Z24,21,0.29051077506
08/13/2021,FEU,Z14,21,0.29051077506
08/13/2021,FEU,Z24,22,0.29354822792
08/13/2021,FEU,Z14,22,0.29354822792
08/13/2021,FEU,Z24,23,0.29386307922
08/13/2021,FEU,Z14,23,0.20020425378
08/13/2021,FEU,Z24,24,0.19549973136
08/13/2021,FEU,Z14,24,0.19549973136
08/13/2021,FEU,Z24,3,0.14209326364
08/13/2021,FEU,Z14,3,0.14209326364
08/13/2021,FEU,Z24,4,0.13871405578
08/13/2021,FEU,Z14,4,0.13871405578
08/13/2021,FEU,Z24,5,0.13430262206
08/13/2021,FEU,Z14,5,0.13430262206
08/13/2021,FEU,Z24,6,0.13774484476
08/13/2021,FEU,Z14,6,0.13774484476
08/13/2021,FEU,Z24,7,0.14594050588
08/13/2021,FEU,Z14,7,0.14594050588
08/13/2021,FEU,Z24,8,0.15022845558
08/13/2021,FEU,Z14,8,0.15022845558
08/13/2021,FEU,Z24,9,0.18786374214
08/13/2021,FEU,Z14,9,0.18786374214
08/14/2021,FEU,Z24,1,0.1599213562
08/14/2021,FEU,Z14,1,0.1599213562
08/14/2021,FEU,Z24,10,0.149818689
08/14/2021,FEU,Z14,10,0.149818689
08/14/2021,FEU,Z24,11,0.14772070384
08/14/2021,FEU,Z14,11,0.14772070384
08/14/2021,FEU,Z24,12,0.14344316098
08/14/2021,FEU,Z14,12,0.14344316098
08/14/2021,FEU,Z24,13,0.13482896784
08/14/2021,FEU,Z14,13,0.13482896784
08/14/2021,FEU,Z24,14,0.1316405447
08/14/2021,FEU,Z14,14,0.1316405447
08/14/2021,FEU,Z24,15,0.12141908356
08/14/2021,FEU,Z14,15,0.12141908356
08/14/2021,FEU,Z24,16,0.11525810014
08/14/2021,FEU,Z14,16,0.11525810014
08/14/2021,FEU,Z24,17,0.11444091928
08/14/2021,FEU,Z14,17,0.11444091928
08/14/2021,FEU,Z24,18,0.11582201956
08/14/2021,FEU,Z14,18,0.11582201956
08/14/2021,FEU,Z24,19,0.13483457086
08/14/2021,FEU,Z14,19,0.13483457086
08/14/2021,FEU,Z24,2,0.1592079105
08/14/2021,FEU,Z14,2,0.1592079105
08/14/2021,FEU,Z24,20,0.15025906902
08/14/2021,FEU,Z14,20,0.15025906902
08/14/2021,FEU,Z24,21,0.16056998662
08/14/2021,FEU,Z14,21,0.16056998662
08/14/2021,FEU,Z24,22,0.16643720406
08/14/2021,FEU,Z14,22,0.16643720406
08/14/2021,FEU,Z24,23,0.16643145764
08/14/2021,FEU,Z14,23,0.16643145764
08/14/2021,FEU,Z24,24,0.16321223194
08/14/2021,FEU,Z14,24,0.16321223194
08/14/2021,FEU,Z24,3,0.15535048336
08/14/2021,FEU,Z14,3,0.15535048336
08/14/2021,FEU,Z24,4,0.15303376336
08/14/2021,FEU,Z14,4,0.15303376336
08/14/2021,FEU,Z24,5,0.14954809936
08/14/2021,FEU,Z14,5,0.14954809936
08/14/2021,FEU,Z24,6,0.14966687536
08/14/2021,FEU,Z14,6,0.14966687536
08/14/2021,FEU,Z24,7,0.15204050878
08/14/2021,FEU,Z14,7,0.15204050878
08/14/2021,FEU,Z24,8,0.15426177364
08/14/2021,FEU,Z14,8,0.15426177364
08/14/2021,FEU,Z24,9,0.15260163918
08/14/2021,FEU,Z14,9,0.15260163918
08/15/2021,FEU,Z24,1,0.15959685076
08/15/2021,FEU,Z14,1,0.15959685076
08/15/2021,FEU,Z24,10,0.14258195186
08/15/2021,FEU,Z14,10,0.14258195186
08/15/2021,FEU,Z24,11,0.13617960442
08/15/2021,FEU,Z14,11,0.13617960442
08/15/2021,FEU,Z24,12,0.13409710414
08/15/2021,FEU,Z14,12,0.13409710414
08/15/2021,FEU,Z24,13,0.12884261158
08/15/2021,FEU,Z14,13,0.12884261158
08/15/2021,FEU,Z24,14,0.13429745458
08/15/2021,FEU,Z14,14,0.13429745458
08/15/2021,FEU,Z24,15,0.12725114272
08/15/2021,FEU,Z14,15,0.12725114272
08/15/2021,FEU,Z24,16,0.11578384616
08/15/2021,FEU,Z14,16,0.11578384616
08/15/2021,FEU,Z24,17,0.11092106902
08/15/2021,FEU,Z14,17,0.11092106902
08/15/2021,FEU,Z24,18,0.11069098974
08/15/2021,FEU,Z14,18,0.11069098974
08/15/2021,FEU,Z24,19,0.11274331932
08/15/2021,FEU,Z14,19,0.11274331932
08/15/2021,FEU,Z24,2,0.15779645248
08/15/2021,FEU,Z14,2,0.15779645248
08/15/2021,FEU,Z24,20,0.1250114119
08/15/2021,FEU,Z14,20,0.1250114119
08/15/2021,FEU,Z24,21,0.15631426048
08/15/2021,FEU,Z14,21,0.15631426048
08/15/2021,FEU,Z24,22,0.15832625532
08/15/2021,FEU,Z14,22,0.15832625532
08/15/2021,FEU,Z24,23,0.15929730904
08/15/2021,FEU,Z14,23,0.15929730904
08/15/2021,FEU,Z24,24,0.15806903234
08/15/2021,FEU,Z14,24,0.15806903234
08/15/2021,FEU,Z24,3,0.15638745862
08/15/2021,FEU,Z14,3,0.15638745862
08/15/2021,FEU,Z24,4,0.15609104062
08/15/2021,FEU,Z14,4,0.15609104062
08/15/2021,FEU,Z24,5,0.15573739076
08/15/2021,FEU,Z14,5,0.15573739076
08/15/2021,FEU,Z24,6,0.1557394519
08/15/2021,FEU,Z14,6,0.1557394519
08/15/2021,FEU,Z24,7,0.15398502332
08/15/2021,FEU,Z14,7,0.15398502332
08/15/2021,FEU,Z24,8,0.15019068862
08/15/2021,FEU,Z14,8,0.15019068862
08/15/2021,FEU,Z24,9,0.14170548346
08/15/2021,FEU,Z14,9,0.14170548346
08/16/2021,FEU,Z24,1,0.13950569992
08/16/2021,FEU,Z14,1,0.13950569992
08/16/2021,FEU,Z24,10,0.1526117604
08/16/2021,FEU,Z14,10,0.1526117604
08/16/2021,FEU,Z24,11,0.14747209696
08/16/2021,FEU,Z14,11,0.2409059804
08/16/2021,FEU,Z24,12,0.23981505782
08/16/2021,FEU,Z14,12,0.23981505782
08/16/2021,FEU,Z24,13,0.23993326054
08/16/2021,FEU,Z14,13,0.23993326054
08/16/2021,FEU,Z24,14,0.23961835682
08/16/2021,FEU,Z14,14,0.23961835682
08/16/2021,FEU,Z24,15,0.2406985004
08/16/2021,FEU,Z14,15,0.14726420896
08/16/2021,FEU,Z24,16,0.1462585404
08/16/2021,FEU,Z14,16,0.1462585404
08/16/2021,FEU,Z24,17,0.14454836654
08/16/2021,FEU,Z14,17,0.14454836654
08/16/2021,FEU,Z24,18,0.14445933812
08/16/2021,FEU,Z14,18,0.14445933812
08/16/2021,FEU,Z24,19,0.1453451047
08/16/2021,FEU,Z14,19,0.23869021528
08/16/2021,FEU,Z24,2,0.12843273108
08/16/2021,FEU,Z14,2,0.12843273108
08/16/2021,FEU,Z24,20,0.24217199244
08/16/2021,FEU,Z14,20,0.24217199244
08/16/2021,FEU,Z24,21,0.25738629188
08/16/2021,FEU,Z14,21,0.25738629188
08/16/2021,FEU,Z24,22,0.27673184574
08/16/2021,FEU,Z14,22,0.27673184574
08/16/2021,FEU,Z24,23,0.27302598104
08/16/2021,FEU,Z14,23,0.1794522376
08/16/2021,FEU,Z24,24,0.16600590532
08/16/2021,FEU,Z14,24,0.16600590532
08/16/2021,FEU,Z24,3,0.12555363138
08/16/2021,FEU,Z14,3,0.12555363138
08/16/2021,FEU,Z24,4,0.12619577824
08/16/2021,FEU,Z14,4,0.12619577824
08/16/2021,FEU,Z24,5,0.12514912224
08/16/2021,FEU,Z14,5,0.12514912224
08/16/2021,FEU,Z24,6,0.12366615964
08/16/2021,FEU,Z14,6,0.12366615964
08/16/2021,FEU,Z24,7,0.12584682418
08/16/2021,FEU,Z14,7,0.12584682418
08/16/2021,FEU,Z24,8,0.12486143188
08/16/2021,FEU,Z14,8,0.12486143188
08/16/2021,FEU,Z24,9,0.157986239
08/16/2021,FEU,Z14,9,0.157986239
08/17/2021,FEU,Z24,1,0.12615375988
08/17/2021,FEU,Z14,1,0.12615375988
08/17/2021,FEU,Z24,10,0.14998890212
08/17/2021,FEU,Z14,10,0.14998890212
08/17/2021,FEU,Z24,11,0.14659529668
08/17/2021,FEU,Z14,11,0.23993483726
08/17/2021,FEU,Z24,12,0.23983986254
08/17/2021,FEU,Z14,12,0.23983986254
08/17/2021,FEU,Z24,13,0.24041102412
08/17/2021,FEU,Z14,13,0.24041102412
08/17/2021,FEU,Z24,14,0.24446969212
08/17/2021,FEU,Z14,14,0.24446969212
08/17/2021,FEU,Z24,15,0.24548838384
08/17/2021,FEU,Z14,15,0.15213050126
08/17/2021,FEU,Z24,16,0.1487388847
08/17/2021,FEU,Z14,16,0.1487388847
08/17/2021,FEU,Z24,17,0.14670724098
08/17/2021,FEU,Z14,17,0.14670724098
08/17/2021,FEU,Z24,18,0.1467282647
08/17/2021,FEU,Z14,18,0.1467282647
08/17/2021,FEU,Z24,19,0.15190677942
08/17/2021,FEU,Z14,19,0.24537026486
08/17/2021,FEU,Z24,2,0.12290622862
08/17/2021,FEU,Z14,2,0.12290622862
08/17/2021,FEU,Z24,20,0.25851234102
08/17/2021,FEU,Z14,20,0.25851234102
08/17/2021,FEU,Z24,21,0.27579816618
08/17/2021,FEU,Z14,21,0.27579816618
08/17/2021,FEU,Z24,22,0.2888527069
08/17/2021,FEU,Z14,22,0.2888527069
08/17/2021,FEU,Z24,23,0.28199465192
08/17/2021,FEU,Z14,23,0.18838270048
08/17/2021,FEU,Z24,24,0.1702577262
08/17/2021,FEU,Z14,24,0.1702577262
08/17/2021,FEU,Z24,3,0.12174846848
08/17/2021,FEU,Z14,3,0.12174846848
08/17/2021,FEU,Z24,4,0.1218764662
08/17/2021,FEU,Z14,4,0.1218764662
08/17/2021,FEU,Z24,5,0.1209252562
08/17/2021,FEU,Z14,5,0.1209252562
08/17/2021,FEU,Z24,6,0.1196069769
08/17/2021,FEU,Z14,6,0.1196069769
08/17/2021,FEU,Z24,7,0.1220043176
08/17/2021,FEU,Z14,7,0.1220043176
08/17/2021,FEU,Z24,8,0.11953020444
08/17/2021,FEU,Z14,8,0.11953020444
08/17/2021,FEU,Z24,9,0.15289030272
08/17/2021,FEU,Z14,9,0.15289030272
08/18/2021,FEU,Z24,1,0.12772390618
08/18/2021,FEU,Z14,1,0.12772390618
08/18/2021,FEU,Z24,10,0.18219475182
08/18/2021,FEU,Z14,10,0.18219475182
08/18/2021,FEU,Z24,11,0.16293180324
08/18/2021,FEU,Z14,11,0.25630951682
08/18/2021,FEU,Z24,12,0.25780394868
08/18/2021,FEU,Z14,12,0.25780394868
08/18/2021,FEU,Z24,13,0.26286845412
08/18/2021,FEU,Z14,13,0.26286845412
08/18/2021,FEU,Z24,14,0.27144688784
08/18/2021,FEU,Z14,14,0.27144688784
08/18/2021,FEU,Z24,15,0.27522875928
08/18/2021,FEU,Z14,15,0.1817870197
08/18/2021,FEU,Z24,16,0.18216010614
08/18/2021,FEU,Z14,16,0.18216010614
08/18/2021,FEU,Z24,17,0.17718780642
08/18/2021,FEU,Z14,17,0.17718780642
08/18/2021,FEU,Z24,18,0.17541740728
08/18/2021,FEU,Z14,18,0.17541740728
08/18/2021,FEU,Z24,19,0.176502389
08/18/2021,FEU,Z14,19,0.27005494044
08/18/2021,FEU,Z24,2,0.12365250334
08/18/2021,FEU,Z14,2,0.12365250334
08/18/2021,FEU,Z24,20,0.28348591346
08/18/2021,FEU,Z14,20,0.28348591346
08/18/2021,FEU,Z24,21,0.29493755762
08/18/2021,FEU,Z14,21,0.29493755762
08/18/2021,FEU,Z24,22,0.29552706848
08/18/2021,FEU,Z14,22,0.29552706848
08/18/2021,FEU,Z24,23,0.29544100792
08/18/2021,FEU,Z14,23,0.20178199648
08/18/2021,FEU,Z24,24,0.19378754306
08/18/2021,FEU,Z14,24,0.19378754306
08/18/2021,FEU,Z24,3,0.12344862306
08/18/2021,FEU,Z14,3,0.12344862306
08/18/2021,FEU,Z24,4,0.12420977306
08/18/2021,FEU,Z14,4,0.12420977306
08/18/2021,FEU,Z24,5,0.12390062906
08/18/2021,FEU,Z14,5,0.12390062906
08/18/2021,FEU,Z24,6,0.12299494476
08/18/2021,FEU,Z14,6,0.12299494476
08/18/2021,FEU,Z24,7,0.12802267574
08/18/2021,FEU,Z14,7,0.12802267574
08/18/2021,FEU,Z24,8,0.13908679072
08/18/2021,FEU,Z14,8,0.13908679072
08/18/2021,FEU,Z24,9,0.1815202347
08/18/2021,FEU,Z14,9,0.1815202347
08/19/2021,FEU,Z24,1,0.13846397146
08/19/2021,FEU,Z14,1,0.13846397146
08/19/2021,FEU,Z24,10,0.18382905954
08/19/2021,FEU,Z14,10,0.18382905954
08/19/2021,FEU,Z24,11,0.17629001854
08/19/2021,FEU,Z14,11,0.26982864098
08/19/2021,FEU,Z24,12,0.27266639184
08/19/2021,FEU,Z14,12,0.27266639184
08/19/2021,FEU,Z24,13,0.27794608842
08/19/2021,FEU,Z14,13,0.27794608842
08/19/2021,FEU,Z24,14,0.27964626328
08/19/2021,FEU,Z14,14,0.27964626328
08/19/2021,FEU,Z24,15,0.27887003072
08/19/2021,FEU,Z14,15,0.18541407414
08/19/2021,FEU,Z24,16,0.18238611072
08/19/2021,FEU,Z14,16,0.18238611072
08/19/2021,FEU,Z24,17,0.18204290814
08/19/2021,FEU,Z14,17,0.18204290814
08/19/2021,FEU,Z24,18,0.181872889
08/19/2021,FEU,Z14,18,0.181872889
08/19/2021,FEU,Z24,19,0.18446970844
08/19/2021,FEU,Z14,19,0.27792795802
08/19/2021,FEU,Z24,2,0.1260645719
08/19/2021,FEU,Z14,2,0.1260645719
08/19/2021,FEU,Z24,20,0.2888888219
08/19/2021,FEU,Z14,20,0.2888888219
08/19/2021,FEU,Z24,21,0.29357837078
08/19/2021,FEU,Z14,21,0.29357837078
08/19/2021,FEU,Z24,22,0.29500033592
08/19/2021,FEU,Z14,22,0.29500033592
08/19/2021,FEU,Z24,23,0.29417926736
08/19/2021,FEU,Z14,23,0.20052157992
08/19/2021,FEU,Z24,24,0.19869454564
08/19/2021,FEU,Z14,24,0.19869454564
08/19/2021,FEU,Z24,3,0.12438780434
08/19/2021,FEU,Z14,3,0.12438780434
08/19/2021,FEU,Z24,4,0.12157093248
08/19/2021,FEU,Z14,4,0.12157093248
08/19/2021,FEU,Z24,5,0.12104603062
08/19/2021,FEU,Z14,5,0.12104603062
08/19/2021,FEU,Z24,6,0.12070256104
08/19/2021,FEU,Z14,6,0.12070256104
08/19/2021,FEU,Z24,7,0.1458944383
08/19/2021,FEU,Z14,7,0.1458944383
08/19/2021,FEU,Z24,8,0.15185145214
08/19/2021,FEU,Z14,8,0.15185145214
08/19/2021,FEU,Z24,9,0.1904008547
08/19/2021,FEU,Z14,9,0.1904008547
08/20/2021,FEU,Z24,1,0.15297515062
08/20/2021,FEU,Z14,1,0.15297515062
08/20/2021,FEU,Z24,10,0.18633505098
08/20/2021,FEU,Z14,10,0.18633505098
08/20/2021,FEU,Z24,11,0.18218530812
08/20/2021,FEU,Z14,11,0.27574899956
08/20/2021,FEU,Z24,12,0.27214377812
08/20/2021,FEU,Z14,12,0.27214377812
08/20/2021,FEU,Z24,13,0.273140689
08/20/2021,FEU,Z14,13,0.273140689
08/20/2021,FEU,Z24,14,0.27001573042
08/20/2021,FEU,Z14,14,0.27001573042
08/20/2021,FEU,Z24,15,0.27019698614
08/20/2021,FEU,Z14,15,0.1766494047
08/20/2021,FEU,Z24,16,0.167408189
08/20/2021,FEU,Z14,16,0.167408189
08/20/2021,FEU,Z24,17,0.16671097528
08/20/2021,FEU,Z14,17,0.16671097528
08/20/2021,FEU,Z24,18,0.16787734328
08/20/2021,FEU,Z14,18,0.16787734328
08/20/2021,FEU,Z24,19,0.17900614272
08/20/2021,FEU,Z14,19,0.27256843016
08/20/2021,FEU,Z24,2,0.15219417178
08/20/2021,FEU,Z14,2,0.15219417178
08/20/2021,FEU,Z24,20,0.28438234932
08/20/2021,FEU,Z14,20,0.28438234932
08/20/2021,FEU,Z24,21,0.28976250606
08/20/2021,FEU,Z14,21,0.28976250606
08/20/2021,FEU,Z24,22,0.28889655992
08/20/2021,FEU,Z14,22,0.28889655992
08/20/2021,FEU,Z24,23,0.28596423222
08/20/2021,FEU,Z14,23,0.19233225078
08/20/2021,FEU,Z24,24,0.18994783536
08/20/2021,FEU,Z14,24,0.18994783536
08/20/2021,FEU,Z24,3,0.15048384164
08/20/2021,FEU,Z14,3,0.15048384164
08/20/2021,FEU,Z24,4,0.14868220978
08/20/2021,FEU,Z14,4,0.14868220978
08/20/2021,FEU,Z24,5,0.14784406606
08/20/2021,FEU,Z14,5,0.14784406606
08/20/2021,FEU,Z24,6,0.14786572476
08/20/2021,FEU,Z14,6,0.14786572476
08/20/2021,FEU,Z24,7,0.15198294988
08/20/2021,FEU,Z14,7,0.15198294988
08/20/2021,FEU,Z24,8,0.15308443658
08/20/2021,FEU,Z14,8,0.15308443658
08/20/2021,FEU,Z24,9,0.19076841414
08/20/2021,FEU,Z14,9,0.19076841414
08/21/2021,FEU,Z24,1,0.1514049262
08/21/2021,FEU,Z14,1,0.1514049262
08/21/2021,FEU,Z24,10,0.143852489
08/21/2021,FEU,Z14,10,0.143852489
08/21/2021,FEU,Z24,11,0.14135663184
08/21/2021,FEU,Z14,11,0.14135663184
08/21/2021,FEU,Z24,12,0.13555188898
08/21/2021,FEU,Z14,12,0.13555188898
08/21/2021,FEU,Z24,13,0.13155369584
08/21/2021,FEU,Z14,13,0.13155369584
08/21/2021,FEU,Z24,14,0.1325004397
08/21/2021,FEU,Z14,14,0.1325004397
08/21/2021,FEU,Z24,15,0.12771291556
08/21/2021,FEU,Z14,15,0.12771291556
08/21/2021,FEU,Z24,16,0.11851321714
08/21/2021,FEU,Z14,16,0.11851321714
08/21/2021,FEU,Z24,17,0.11817077128
08/21/2021,FEU,Z14,17,0.11817077128
08/21/2021,FEU,Z24,18,0.12262925956
08/21/2021,FEU,Z14,18,0.12262925956
08/21/2021,FEU,Z24,19,0.13704333986
08/21/2021,FEU,Z14,19,0.13704333986
08/21/2021,FEU,Z24,2,0.1495094605
08/21/2021,FEU,Z14,2,0.1495094605
08/21/2021,FEU,Z24,20,0.14569007602
08/21/2021,FEU,Z14,20,0.14569007602
08/21/2021,FEU,Z24,21,0.15270323962
08/21/2021,FEU,Z14,21,0.15270323962
08/21/2021,FEU,Z24,22,0.15768749206
08/21/2021,FEU,Z14,22,0.15768749206
08/21/2021,FEU,Z24,23,0.15383326364
08/21/2021,FEU,Z14,23,0.15383326364
08/21/2021,FEU,Z24,24,0.15050025394
08/21/2021,FEU,Z14,24,0.15050025394
08/21/2021,FEU,Z24,3,0.14667042736
08/21/2021,FEU,Z14,3,0.14667042736
08/21/2021,FEU,Z24,4,0.14206168336
08/21/2021,FEU,Z14,4,0.14206168336
08/21/2021,FEU,Z24,5,0.13679673136
08/21/2021,FEU,Z14,5,0.13679673136
08/21/2021,FEU,Z24,6,0.14212165936
08/21/2021,FEU,Z14,6,0.14212165936
08/21/2021,FEU,Z24,7,0.14659778878
08/21/2021,FEU,Z14,7,0.14659778878
08/21/2021,FEU,Z24,8,0.14780242564
08/21/2021,FEU,Z14,8,0.14780242564
08/21/2021,FEU,Z24,9,0.14647379218
08/21/2021,FEU,Z14,9,0.14647379218
08/22/2021,FEU,Z24,1,0.1436885105
08/22/2021,FEU,Z14,1,0.1436885105
08/22/2021,FEU,Z24,10,0.13117368988
08/22/2021,FEU,Z14,10,0.13117368988
08/22/2021,FEU,Z24,11,0.11855712886
08/22/2021,FEU,Z14,11,0.11855712886
08/22/2021,FEU,Z24,12,0.11827997014
08/22/2021,FEU,Z14,12,0.11827997014
08/22/2021,FEU,Z24,13,0.12784787872
08/22/2021,FEU,Z14,13,0.12784787872
08/22/2021,FEU,Z24,14,0.13748204058
08/22/2021,FEU,Z14,14,0.13748204058
08/22/2021,FEU,Z24,15,0.13733757844
08/22/2021,FEU,Z14,15,0.13733757844
08/22/2021,FEU,Z24,16,0.1157581783
08/22/2021,FEU,Z14,16,0.1157581783
08/22/2021,FEU,Z24,17,0.11572200444
08/22/2021,FEU,Z14,17,0.11572200444
08/22/2021,FEU,Z24,18,0.1158401833
08/22/2021,FEU,Z14,18,0.1158401833
08/22/2021,FEU,Z24,19,0.11610095802
08/22/2021,FEU,Z14,19,0.11610095802
08/22/2021,FEU,Z24,2,0.14227790794
08/22/2021,FEU,Z14,2,0.14227790794
08/22/2021,FEU,Z24,20,0.12435934718
08/22/2021,FEU,Z14,20,0.12435934718
08/22/2021,FEU,Z24,21,0.13427059648
08/22/2021,FEU,Z14,21,0.13427059648
08/22/2021,FEU,Z24,22,0.14295117248
08/22/2021,FEU,Z14,22,0.14295117248
08/22/2021,FEU,Z24,23,0.1416892462
08/22/2021,FEU,Z14,23,0.1416892462
08/22/2021,FEU,Z24,24,0.12378590764
08/22/2021,FEU,Z14,24,0.12378590764
08/22/2021,FEU,Z24,3,0.13892855452
08/22/2021,FEU,Z14,3,0.13892855452
08/22/2021,FEU,Z24,4,0.1419606241
08/22/2021,FEU,Z14,4,0.1419606241
08/22/2021,FEU,Z24,5,0.13854700796
08/22/2021,FEU,Z14,5,0.13854700796
08/22/2021,FEU,Z24,6,0.1345377841
08/22/2021,FEU,Z14,6,0.1345377841
08/22/2021,FEU,Z24,7,0.14036242538
08/22/2021,FEU,Z14,7,0.14036242538
08/22/2021,FEU,Z24,8,0.14096220638
08/22/2021,FEU,Z14,8,0.14096220638
08/22/2021,FEU,Z24,9,0.13946936792
08/22/2021,FEU,Z14,9,0.13946936792
08/23/2021,FEU,Z24,1,0.12257381592
08/23/2021,FEU,Z14,1,0.12257381592
08/23/2021,FEU,Z24,10,0.1775652204
08/23/2021,FEU,Z14,10,0.1775652204
08/23/2021,FEU,Z24,11,0.16943097696
08/23/2021,FEU,Z14,11,0.2629421804
08/23/2021,FEU,Z24,12,0.25871086082
08/23/2021,FEU,Z14,12,0.25871086082
08/23/2021,FEU,Z24,13,0.25445664954
08/23/2021,FEU,Z14,13,0.25445664954
08/23/2021,FEU,Z24,14,0.24791845682
08/23/2021,FEU,Z14,14,0.24791845682
08/23/2021,FEU,Z24,15,0.2507669804
08/23/2021,FEU,Z14,15,0.15729736096
08/23/2021,FEU,Z24,16,0.1558527804
08/23/2021,FEU,Z14,16,0.1558527804
08/23/2021,FEU,Z24,17,0.15236418454
08/23/2021,FEU,Z14,17,0.15236418454
08/23/2021,FEU,Z24,18,0.15717779212
08/23/2021,FEU,Z14,18,0.15717779212
08/23/2021,FEU,Z24,19,0.1694885747
08/23/2021,FEU,Z14,19,0.26289809128
08/23/2021,FEU,Z24,2,0.12007364308
08/23/2021,FEU,Z14,2,0.12007364308
08/23/2021,FEU,Z24,20,0.27553759444
08/23/2021,FEU,Z14,20,0.27553759444
08/23/2021,FEU,Z24,21,0.27666583388
08/23/2021,FEU,Z14,21,0.27666583388
08/23/2021,FEU,Z24,22,0.27869635074
08/23/2021,FEU,Z14,22,0.27869635074
08/23/2021,FEU,Z24,23,0.27745732904
08/23/2021,FEU,Z14,23,0.1838683576
08/23/2021,FEU,Z24,24,0.16948609532
08/23/2021,FEU,Z14,24,0.16948609532
08/23/2021,FEU,Z24,3,0.11986103538
08/23/2021,FEU,Z14,3,0.11986103538
08/23/2021,FEU,Z24,4,0.11994544224
08/23/2021,FEU,Z14,4,0.11994544224
08/23/2021,FEU,Z24,5,0.11998096224
08/23/2021,FEU,Z14,5,0.11998096224
08/23/2021,FEU,Z24,6,0.12001971564
08/23/2021,FEU,Z14,6,0.12001971564
08/23/2021,FEU,Z24,7,0.12438260718
08/23/2021,FEU,Z14,7,0.12438260718
08/23/2021,FEU,Z24,8,0.14324815588
08/23/2021,FEU,Z14,8,0.14324815588
08/23/2021,FEU,Z24,9,0.180437689
08/23/2021,FEU,Z14,9,0.180437689
08/24/2021,FEU,Z24,1,0.11539709788
08/24/2021,FEU,Z14,1,0.11539709788
08/24/2021,FEU,Z24,10,0.17015091212
08/24/2021,FEU,Z14,10,0.17015091212
08/24/2021,FEU,Z24,11,0.16326585868
08/24/2021,FEU,Z14,11,0.25665048726
08/24/2021,FEU,Z24,12,0.25142690954
08/24/2021,FEU,Z14,12,0.25142690954
08/24/2021,FEU,Z24,13,0.24649788412
08/24/2021,FEU,Z14,13,0.24649788412
08/24/2021,FEU,Z24,14,0.25486874412
08/24/2021,FEU,Z14,14,0.25486874412
08/24/2021,FEU,Z24,15,0.26894953584
08/24/2021,FEU,Z14,15,0.17552898826
08/24/2021,FEU,Z24,16,0.1760104947
08/24/2021,FEU,Z14,16,0.1760104947
08/24/2021,FEU,Z24,17,0.17865294798
08/24/2021,FEU,Z14,17,0.17865294798
08/24/2021,FEU,Z24,18,0.1789165047
08/24/2021,FEU,Z14,18,0.1789165047
08/24/2021,FEU,Z24,19,0.17836348142
08/24/2021,FEU,Z14,19,0.27191923086
08/24/2021,FEU,Z24,2,0.11484926062
08/24/2021,FEU,Z14,2,0.11484926062
08/24/2021,FEU,Z24,20,0.27594370302
08/24/2021,FEU,Z14,20,0.27594370302
08/24/2021,FEU,Z24,21,0.28168992418
08/24/2021,FEU,Z14,21,0.28168992418
08/24/2021,FEU,Z24,22,0.2837907819
08/24/2021,FEU,Z14,22,0.2837907819
08/24/2021,FEU,Z24,23,0.28281622392
08/24/2021,FEU,Z14,23,0.18920030048
08/24/2021,FEU,Z24,24,0.1864247862
08/24/2021,FEU,Z14,24,0.1864247862
08/24/2021,FEU,Z24,3,0.11433750848
08/24/2021,FEU,Z14,3,0.11433750848
08/24/2021,FEU,Z24,4,0.1142621062
08/24/2021,FEU,Z14,4,0.1142621062
08/24/2021,FEU,Z24,5,0.1138701562
08/24/2021,FEU,Z14,5,0.1138701562
08/24/2021,FEU,Z24,6,0.1157508269
08/24/2021,FEU,Z14,6,0.1157508269
08/24/2021,FEU,Z24,7,0.1176705576
08/24/2021,FEU,Z14,7,0.1176705576
08/24/2021,FEU,Z24,8,0.12012682244
08/24/2021,FEU,Z14,8,0.12012682244
08/24/2021,FEU,Z24,9,0.17549715072
08/24/2021,FEU,Z14,9,0.17549715072
08/25/2021,FEU,Z24,1,0.14567015918
08/25/2021,FEU,Z14,1,0.14567015918
08/25/2021,FEU,Z24,10,0.18225160182
08/25/2021,FEU,Z14,10,0.18225160182
08/25/2021,FEU,Z24,11,0.18029220924
08/25/2021,FEU,Z14,11,0.27371698682
08/25/2021,FEU,Z24,12,0.27286993068
08/25/2021,FEU,Z14,12,0.27286993068
08/25/2021,FEU,Z24,13,0.27332689012
08/25/2021,FEU,Z14,13,0.27332689012
08/25/2021,FEU,Z24,14,0.27366510384
08/25/2021,FEU,Z14,14,0.27366510384
08/25/2021,FEU,Z24,15,0.27444811928
08/25/2021,FEU,Z14,15,0.1810084197
08/25/2021,FEU,Z24,16,0.18063193614
08/25/2021,FEU,Z14,16,0.18063193614
08/25/2021,FEU,Z24,17,0.18070450842
08/25/2021,FEU,Z14,17,0.18070450842
08/25/2021,FEU,Z24,18,0.18093010328
08/25/2021,FEU,Z14,18,0.18093010328
08/25/2021,FEU,Z24,19,0.182434089
08/25/2021,FEU,Z14,19,0.27600611844
08/25/2021,FEU,Z24,2,0.14103904034
08/25/2021,FEU,Z14,2,0.14103904034
08/25/2021,FEU,Z24,20,0.27943054046
08/25/2021,FEU,Z14,20,0.27943054046
08/25/2021,FEU,Z24,21,0.28651415162
08/25/2021,FEU,Z14,21,0.28651415162
08/25/2021,FEU,Z24,22,0.29266897248
08/25/2021,FEU,Z14,22,0.29266897248
08/25/2021,FEU,Z24,23,0.28733779992
08/25/2021,FEU,Z14,23,0.19370644448
08/25/2021,FEU,Z24,24,0.18854497606
08/25/2021,FEU,Z14,24,0.18854497606
08/25/2021,FEU,Z24,3,0.13879692006
08/25/2021,FEU,Z14,3,0.13879692006
08/25/2021,FEU,Z24,4,0.13630034806
08/25/2021,FEU,Z14,4,0.13630034806
08/25/2021,FEU,Z24,5,0.13864234806
08/25/2021,FEU,Z14,5,0.13864234806
08/25/2021,FEU,Z24,6,0.14541479276
08/25/2021,FEU,Z14,6,0.14541479276
08/25/2021,FEU,Z24,7,0.14979101374
08/25/2021,FEU,Z14,7,0.14979101374
08/25/2021,FEU,Z24,8,0.14823251872
08/25/2021,FEU,Z14,8,0.14823251872
08/25/2021,FEU,Z24,9,0.1831243797
08/25/2021,FEU,Z14,9,0.1831243797
08/26/2021,FEU,Z24,1,0.15629809246
08/26/2021,FEU,Z14,1,0.15629809246
08/26/2021,FEU,Z24,10,0.18785314654
08/26/2021,FEU,Z14,10,0.18785314654
08/26/2021,FEU,Z24,11,0.18624601754
08/26/2021,FEU,Z14,11,0.27981960398
08/26/2021,FEU,Z24,12,0.27705591984
08/26/2021,FEU,Z14,12,0.27705591984
08/26/2021,FEU,Z24,13,0.27781762442
08/26/2021,FEU,Z14,13,0.27781762442
08/26/2021,FEU,Z24,14,0.27985519928
08/26/2021,FEU,Z14,14,0.27985519928
08/26/2021,FEU,Z24,15,0.28146663872
08/26/2021,FEU,Z14,15,0.18800392014
08/26/2021,FEU,Z24,16,0.18529836672
08/26/2021,FEU,Z14,16,0.18529836672
08/26/2021,FEU,Z24,17,0.18624250314
08/26/2021,FEU,Z14,17,0.18624250314
08/26/2021,FEU,Z24,18,0.185761039
08/26/2021,FEU,Z14,18,0.185761039
08/26/2021,FEU,Z24,19,0.18698889044
08/26/2021,FEU,Z14,19,0.28045368902
08/26/2021,FEU,Z24,2,0.1555029569
08/26/2021,FEU,Z14,2,0.1555029569
08/26/2021,FEU,Z24,20,0.2851981019
08/26/2021,FEU,Z14,20,0.2851981019
08/26/2021,FEU,Z24,21,0.28806409778
08/26/2021,FEU,Z14,21,0.28806409778
08/26/2021,FEU,Z24,22,0.29271610792
08/26/2021,FEU,Z14,22,0.29271610792
08/26/2021,FEU,Z24,23,0.29124279536
08/26/2021,FEU,Z14,23,0.19759392392
08/26/2021,FEU,Z24,24,0.19238899164
08/26/2021,FEU,Z14,24,0.19238899164
08/26/2021,FEU,Z24,3,0.15429550034
08/26/2021,FEU,Z14,3,0.15429550034
08/26/2021,FEU,Z24,4,0.15273317248
08/26/2021,FEU,Z14,4,0.15273317248
08/26/2021,FEU,Z24,5,0.15247800862
08/26/2021,FEU,Z14,5,0.15247800862
08/26/2021,FEU,Z24,6,0.15317699704
08/26/2021,FEU,Z14,6,0.15317699704
08/26/2021,FEU,Z24,7,0.1549704283
08/26/2021,FEU,Z14,7,0.1549704283
08/26/2021,FEU,Z24,8,0.15404489314
08/26/2021,FEU,Z14,8,0.15404489314
08/26/2021,FEU,Z24,9,0.1895638597
08/26/2021,FEU,Z14,9,0.1895638597
08/27/2021,FEU,Z24,1,0.15810528262
08/27/2021,FEU,Z14,1,0.15810528262
08/27/2021,FEU,Z24,10,0.18588242298
08/27/2021,FEU,Z14,10,0.18588242298
08/27/2021,FEU,Z24,11,0.18369274812
08/27/2021,FEU,Z14,11,0.27726171956
08/27/2021,FEU,Z24,12,0.27719827012
08/27/2021,FEU,Z14,12,0.27719827012
08/27/2021,FEU,Z24,13,0.278173089
08/27/2021,FEU,Z14,13,0.278173089
08/27/2021,FEU,Z24,14,0.27780615442
08/27/2021,FEU,Z14,14,0.27780615442
08/27/2021,FEU,Z24,15,0.27775510814
08/27/2021,FEU,Z14,15,0.1841823597
08/27/2021,FEU,Z24,16,0.169835839
08/27/2021,FEU,Z14,16,0.169835839
08/27/2021,FEU,Z24,17,0.17168870328
08/27/2021,FEU,Z14,17,0.17168870328
08/27/2021,FEU,Z24,18,0.16938007528
08/27/2021,FEU,Z14,18,0.16938007528
08/27/2021,FEU,Z24,19,0.17222316672
08/27/2021,FEU,Z14,19,0.26576190216
08/27/2021,FEU,Z24,2,0.15606507178
08/27/2021,FEU,Z14,2,0.15606507178
08/27/2021,FEU,Z24,20,0.28133790932
08/27/2021,FEU,Z14,20,0.28133790932
08/27/2021,FEU,Z24,21,0.28614762906
08/27/2021,FEU,Z14,21,0.28614762906
08/27/2021,FEU,Z24,22,0.28826602392
08/27/2021,FEU,Z14,22,0.28826602392
08/27/2021,FEU,Z24,23,0.28737427822
08/27/2021,FEU,Z14,23,0.19373750478
08/27/2021,FEU,Z24,24,0.19027005936
08/27/2021,FEU,Z14,24,0.19027005936
08/27/2021,FEU,Z24,3,0.15423829364
08/27/2021,FEU,Z14,3,0.15423829364
08/27/2021,FEU,Z24,4,0.15292143178
08/27/2021,FEU,Z14,4,0.15292143178
08/27/2021,FEU,Z24,5,0.15243321506
08/27/2021,FEU,Z14,5,0.15243321506
08/27/2021,FEU,Z24,6,0.15180797076
08/27/2021,FEU,Z14,6,0.15180797076
08/27/2021,FEU,Z24,7,0.15271133188
08/27/2021,FEU,Z14,7,0.15271133188
08/27/2021,FEU,Z24,8,0.15228886658
08/27/2021,FEU,Z14,8,0.15228886658
08/27/2021,FEU,Z24,9,0.18767760414
08/27/2021,FEU,Z14,9,0.18767760414
08/28/2021,FEU,Z24,1,0.1618811062
08/28/2021,FEU,Z14,1,0.1618811062
08/28/2021,FEU,Z24,10,0.152340639
08/28/2021,FEU,Z14,10,0.152340639
08/28/2021,FEU,Z24,11,0.13779078384
08/28/2021,FEU,Z14,11,0.13779078384
08/28/2021,FEU,Z24,12,0.12177759598
08/28/2021,FEU,Z14,12,0.12177759598
08/28/2021,FEU,Z24,13,0.12013771984
08/28/2021,FEU,Z14,13,0.12013771984
08/28/2021,FEU,Z24,14,0.1237938597
08/28/2021,FEU,Z14,14,0.1237938597
08/28/2021,FEU,Z24,15,0.12122082556
08/28/2021,FEU,Z14,15,0.12122082556
08/28/2021,FEU,Z24,16,0.11831444014
08/28/2021,FEU,Z14,16,0.11831444014
08/28/2021,FEU,Z24,17,0.11580474328
08/28/2021,FEU,Z14,17,0.11580474328
08/28/2021,FEU,Z24,18,0.11481010156
08/28/2021,FEU,Z14,18,0.11481010156
08/28/2021,FEU,Z24,19,0.12486691086
08/28/2021,FEU,Z14,19,0.12486691086
08/28/2021,FEU,Z24,2,0.1606273105
08/28/2021,FEU,Z14,2,0.1606273105
08/28/2021,FEU,Z24,20,0.12721278602
08/28/2021,FEU,Z14,20,0.12721278602
08/28/2021,FEU,Z24,21,0.15397060162
08/28/2021,FEU,Z14,21,0.15397060162
08/28/2021,FEU,Z24,22,0.16191948606
08/28/2021,FEU,Z14,22,0.16191948606
08/28/2021,FEU,Z24,23,0.16041235964
08/28/2021,FEU,Z14,23,0.16041235964
08/28/2021,FEU,Z24,24,0.15454658194
08/28/2021,FEU,Z14,24,0.15454658194
08/28/2021,FEU,Z24,3,0.15786947536
08/28/2021,FEU,Z14,3,0.15786947536
08/28/2021,FEU,Z24,4,0.15715329136
08/28/2021,FEU,Z14,4,0.15715329136
08/28/2021,FEU,Z24,5,0.15224584336
08/28/2021,FEU,Z14,5,0.15224584336
08/28/2021,FEU,Z24,6,0.15074173936
08/28/2021,FEU,Z14,6,0.15074173936
08/28/2021,FEU,Z24,7,0.15311145778
08/28/2021,FEU,Z14,7,0.15311145778
08/28/2021,FEU,Z24,8,0.15425003364
08/28/2021,FEU,Z14,8,0.15425003364
08/28/2021,FEU,Z24,9,0.15356925518
08/28/2021,FEU,Z14,9,0.15356925518
08/29/2021,FEU,Z24,1,0.1376407855
08/29/2021,FEU,Z14,1,0.1376407855
08/29/2021,FEU,Z24,10,0.13731108988
08/29/2021,FEU,Z14,10,0.13731108988
08/29/2021,FEU,Z24,11,0.12215630586
08/29/2021,FEU,Z14,11,0.12215630586
08/29/2021,FEU,Z24,12,0.12189587314
08/29/2021,FEU,Z14,12,0.12189587314
08/29/2021,FEU,Z24,13,0.12202336672
08/29/2021,FEU,Z14,13,0.12202336672
08/29/2021,FEU,Z24,14,0.12606849358
08/29/2021,FEU,Z14,14,0.12606849358
08/29/2021,FEU,Z24,15,0.12883259844
08/29/2021,FEU,Z14,15,0.12883259844
08/29/2021,FEU,Z24,16,0.1220321383
08/29/2021,FEU,Z14,16,0.1220321383
08/29/2021,FEU,Z24,17,0.12201361244
08/29/2021,FEU,Z14,17,0.12201361244
08/29/2021,FEU,Z24,18,0.1232275633
08/29/2021,FEU,Z14,18,0.1232275633
08/29/2021,FEU,Z24,19,0.12427632002
08/29/2021,FEU,Z14,19,0.12427632002
08/29/2021,FEU,Z24,2,0.12727984894
08/29/2021,FEU,Z14,2,0.12727984894
08/29/2021,FEU,Z24,20,0.14465486018
08/29/2021,FEU,Z14,20,0.14465486018
08/29/2021,FEU,Z24,21,0.16137754048
08/29/2021,FEU,Z14,21,0.16137754048
08/29/2021,FEU,Z24,22,0.16391560448
08/29/2021,FEU,Z14,22,0.16391560448
08/29/2021,FEU,Z24,23,0.1621899862
08/29/2021,FEU,Z14,23,0.1621899862
08/29/2021,FEU,Z24,24,0.16123415964
08/29/2021,FEU,Z14,24,0.16123415964
08/29/2021,FEU,Z24,3,0.12706009252
08/29/2021,FEU,Z14,3,0.12706009252
08/29/2021,FEU,Z24,4,0.1284741391
08/29/2021,FEU,Z14,4,0.1284741391
08/29/2021,FEU,Z24,5,0.12880638996
08/29/2021,FEU,Z14,5,0.12880638996
08/29/2021,FEU,Z24,6,0.1281375991
08/29/2021,FEU,Z14,6,0.1281375991
08/29/2021,FEU,Z24,7,0.13770777338
08/29/2021,FEU,Z14,7,0.13770777338
08/29/2021,FEU,Z24,8,0.13810407838
08/29/2021,FEU,Z14,8,0.13810407838
08/29/2021,FEU,Z24,9,0.13619714392
08/29/2021,FEU,Z14,9,0.13619714392
08/30/2021,FEU,Z24,1,0.15785218792
08/30/2021,FEU,Z14,1,0.15785218792
08/30/2021,FEU,Z24,10,0.1985480604
08/30/2021,FEU,Z14,10,0.1985480604
08/30/2021,FEU,Z24,11,0.19292345696
08/30/2021,FEU,Z14,11,0.2865173804
08/30/2021,FEU,Z24,12,0.28325186882
08/30/2021,FEU,Z14,12,0.28325186882
08/30/2021,FEU,Z24,13,0.28237126154
08/30/2021,FEU,Z14,13,0.28237126154
08/30/2021,FEU,Z24,14,0.28206256682
08/30/2021,FEU,Z14,14,0.28206256682
08/30/2021,FEU,Z24,15,0.2824088204
08/30/2021,FEU,Z14,15,0.18882931296
08/30/2021,FEU,Z24,16,0.1866852204
08/30/2021,FEU,Z14,16,0.1866852204
08/30/2021,FEU,Z24,17,0.18553983754
08/30/2021,FEU,Z14,17,0.18553983754
08/30/2021,FEU,Z24,18,0.18725236212
08/30/2021,FEU,Z14,18,0.18725236212
08/30/2021,FEU,Z24,19,0.1875177447
08/30/2021,FEU,Z14,19,0.28097449928
08/30/2021,FEU,Z24,2,0.15265005508
08/30/2021,FEU,Z14,2,0.15265005508
08/30/2021,FEU,Z24,20,0.28883513644
08/30/2021,FEU,Z14,20,0.28883513644
08/30/2021,FEU,Z24,21,0.29113851788
08/30/2021,FEU,Z14,21,0.29113851788
08/30/2021,FEU,Z24,22,0.29566411074
08/30/2021,FEU,Z14,22,0.29566411074
08/30/2021,FEU,Z24,23,0.29196891704
08/30/2021,FEU,Z14,23,0.1983300776
08/30/2021,FEU,Z24,24,0.19584025532
08/30/2021,FEU,Z14,24,0.19584025532
08/30/2021,FEU,Z24,3,0.14729243938
08/30/2021,FEU,Z14,3,0.14729243938
08/30/2021,FEU,Z24,4,0.14687078624
08/30/2021,FEU,Z14,4,0.14687078624
08/30/2021,FEU,Z24,5,0.15152272224
08/30/2021,FEU,Z14,5,0.15152272224
08/30/2021,FEU,Z24,6,0.15652641964
08/30/2021,FEU,Z14,6,0.15652641964
08/30/2021,FEU,Z24,7,0.15914235118
08/30/2021,FEU,Z14,7,0.15914235118
08/30/2021,FEU,Z24,8,0.16104661588
08/30/2021,FEU,Z14,8,0.16104661588
08/30/2021,FEU,Z24,9,0.198661739
08/30/2021,FEU,Z14,9,0.198661739
08/31/2021,FEU,Z24,1,0.16625529988
08/31/2021,FEU,Z14,1,0.16625529988
08/31/2021,FEU,Z24,10,0.20206867012
08/31/2021,FEU,Z14,10,0.20206867012
08/31/2021,FEU,Z24,11,0.19681751268
08/31/2021,FEU,Z14,11,0.29028944926
08/31/2021,FEU,Z24,12,0.28701952054
08/31/2021,FEU,Z14,12,0.28701952054
08/31/2021,FEU,Z24,13,0.28685616412
08/31/2021,FEU,Z14,13,0.28685616412
08/31/2021,FEU,Z24,14,0.28741346012
08/31/2021,FEU,Z14,14,0.28741346012
08/31/2021,FEU,Z24,15,0.28769511984
08/31/2021,FEU,Z14,15,0.19422541426
08/31/2021,FEU,Z24,16,0.1884131347
08/31/2021,FEU,Z14,16,0.1884131347
08/31/2021,FEU,Z24,17,0.18801754698
08/31/2021,FEU,Z14,17,0.18801754698
08/31/2021,FEU,Z24,18,0.1937144847
08/31/2021,FEU,Z14,18,0.1937144847
08/31/2021,FEU,Z24,19,0.19614542242
08/31/2021,FEU,Z14,19,0.28976203286
08/31/2021,FEU,Z24,2,0.16482253462
08/31/2021,FEU,Z14,2,0.16482253462
08/31/2021,FEU,Z24,20,0.29553634102
08/31/2021,FEU,Z14,20,0.29553634102
08/31/2021,FEU,Z24,21,0.29809055018
08/31/2021,FEU,Z14,21,0.29809055018
08/31/2021,FEU,Z24,22,0.3011888919
08/31/2021,FEU,Z14,22,0.3011888919
08/31/2021,FEU,Z24,23,0.29780844792
08/31/2021,FEU,Z14,23,0.20414135648
08/31/2021,FEU,Z24,24,0.2025076062
08/31/2021,FEU,Z14,24,0.2025076062
08/31/2021,FEU,Z24,3,0.16378478848
08/31/2021,FEU,Z14,3,0.16378478848
08/31/2021,FEU,Z24,4,0.1598979562
08/31/2021,FEU,Z14,4,0.1598979562
08/31/2021,FEU,Z24,5,0.1606104862
08/31/2021,FEU,Z14,5,0.1606104862
08/31/2021,FEU,Z24,6,0.1622564619
08/31/2021,FEU,Z14,6,0.1622564619
08/31/2021,FEU,Z24,7,0.1663673576
08/31/2021,FEU,Z14,7,0.1663673576
08/31/2021,FEU,Z24,8,0.16632259644
08/31/2021,FEU,Z14,8,0.16632259644
08/31/2021,FEU,Z24,9,0.20491116672
08/31/2021,FEU,Z14,9,0.20491116672
09/01/2021,FEU,Z24,1,0.1637992483
09/01/2021,FEU,Z14,1,0.1637992483
09/01/2021,FEU,Z24,10,0.20320241124
09/01/2021,FEU,Z14,10,0.20320241124
09/01/2021,FEU,Z24,11,0.2008204718
09/01/2021,FEU,Z14,11,0.29429502238
09/01/2021,FEU,Z24,12,0.29339494496
09/01/2021,FEU,Z14,12,0.29339494496
09/01/2021,FEU,Z24,13,0.2932425061
09/01/2021,FEU,Z14,13,0.2932425061
09/01/2021,FEU,Z24,14,0.29301813138
09/01/2021,FEU,Z14,14,0.29301813138
09/01/2021,FEU,Z24,15,0.29351329382
09/01/2021,FEU,Z14,15,0.19989672038
09/01/2021,FEU,Z24,16,0.1995890511
09/01/2021,FEU,Z14,16,0.1995890511
09/01/2021,FEU,Z24,17,0.20033926496
09/01/2021,FEU,Z14,17,0.20033926496
09/01/2021,FEU,Z24,18,0.20056987296
09/01/2021,FEU,Z14,18,0.20056987296
09/01/2021,FEU,Z24,19,0.20273532054
09/01/2021,FEU,Z14,19,0.29622399012
09/01/2021,FEU,Z24,2,0.1584410776
09/01/2021,FEU,Z14,2,0.1584410776
09/01/2021,FEU,Z24,20,0.300683189
09/01/2021,FEU,Z14,20,0.300683189
09/01/2021,FEU,Z24,21,0.30276546216
09/01/2021,FEU,Z14,21,0.30276546216
09/01/2021,FEU,Z24,22,0.3034630133
09/01/2021,FEU,Z14,22,0.3034630133
09/01/2021,FEU,Z24,23,0.30328998104
09/01/2021,FEU,Z14,23,0.2096122376
09/01/2021,FEU,Z24,24,0.2095796019
09/01/2021,FEU,Z14,24,0.2095796019
09/01/2021,FEU,Z24,3,0.15172822618
09/01/2021,FEU,Z14,3,0.15172822618
09/01/2021,FEU,Z24,4,0.1471172869
09/01/2021,FEU,Z14,4,0.1471172869
09/01/2021,FEU,Z24,5,0.1472233019
09/01/2021,FEU,Z14,5,0.1472233019
09/01/2021,FEU,Z24,6,0.15485884732
09/01/2021,FEU,Z14,6,0.15485884732
09/01/2021,FEU,Z24,7,0.16528663532
09/01/2021,FEU,Z14,7,0.16528663532
09/01/2021,FEU,Z24,8,0.16935779528
09/01/2021,FEU,Z14,8,0.16935779528
09/01/2021,FEU,Z24,9,0.20561554728
09/01/2021,FEU,Z14,9,0.20561554728
09/02/2021,FEU,Z24,1,0.17478141644
09/02/2021,FEU,Z14,1,0.17478141644
09/02/2021,FEU,Z24,10,0.20725423182
09/02/2021,FEU,Z14,10,0.20725423182
09/02/2021,FEU,Z24,11,0.20579360124
09/02/2021,FEU,Z14,11,0.29928470582
09/02/2021,FEU,Z24,12,0.2978717804
09/02/2021,FEU,Z14,12,0.2978717804
09/02/2021,FEU,Z24,13,0.29834034526
09/02/2021,FEU,Z14,13,0.29834034526
09/02/2021,FEU,Z24,14,0.29874540026
09/02/2021,FEU,Z14,14,0.29874540026
09/02/2021,FEU,Z24,15,0.29868824798
09/02/2021,FEU,Z14,15,0.2051908404
09/02/2021,FEU,Z24,16,0.20452739612
09/02/2021,FEU,Z14,16,0.20452739612
09/02/2021,FEU,Z24,17,0.20358747468
09/02/2021,FEU,Z14,17,0.20358747468
09/02/2021,FEU,Z24,18,0.20442331854
09/02/2021,FEU,Z14,18,0.20442331854
09/02/2021,FEU,Z24,19,0.20653757598
09/02/2021,FEU,Z14,19,0.30004190756
09/02/2021,FEU,Z24,2,0.1747750376
09/02/2021,FEU,Z14,2,0.1747750376
09/02/2021,FEU,Z24,20,0.3065711183
09/02/2021,FEU,Z14,20,0.3065711183
09/02/2021,FEU,Z24,21,0.3080516376
09/02/2021,FEU,Z14,21,0.3080516376
09/02/2021,FEU,Z24,22,0.31229358932
09/02/2021,FEU,Z14,22,0.31229358932
09/02/2021,FEU,Z24,23,0.3103201862
09/02/2021,FEU,Z14,23,0.21661237076
09/02/2021,FEU,Z24,24,0.21418899764
09/02/2021,FEU,Z14,24,0.21418899764
09/02/2021,FEU,Z24,3,0.17382733532
09/02/2021,FEU,Z14,3,0.17382733532
09/02/2021,FEU,Z24,4,0.17321874904
09/02/2021,FEU,Z14,4,0.17321874904
09/02/2021,FEU,Z24,5,0.17308838104
09/02/2021,FEU,Z14,5,0.17308838104
09/02/2021,FEU,Z24,6,0.17295942374
09/02/2021,FEU,Z14,6,0.17295942374
09/02/2021,FEU,Z24,7,0.17435987872
09/02/2021,FEU,Z14,7,0.17435987872
09/02/2021,FEU,Z24,8,0.1739414247
09/02/2021,FEU,Z14,8,0.1739414247
09/02/2021,FEU,Z24,9,0.20985740728
09/02/2021,FEU,Z14,9,0.20985740728
09/03/2021,FEU,Z24,1,0.17886460532
09/03/2021,FEU,Z14,1,0.17886460532
09/03/2021,FEU,Z24,10,0.20977775754
09/03/2021,FEU,Z14,10,0.20977775754
09/03/2021,FEU,Z24,11,0.20630099296
09/03/2021,FEU,Z14,11,0.2999431604
09/03/2021,FEU,Z24,12,0.29675730412
09/03/2021,FEU,Z14,12,0.29675730412
09/03/2021,FEU,Z24,13,0.29054368212
09/03/2021,FEU,Z14,13,0.29054368212
09/03/2021,FEU,Z24,14,0.29181812754
09/03/2021,FEU,Z14,14,0.29181812754
09/03/2021,FEU,Z24,15,0.28549459898
09/03/2021,FEU,Z14,15,0.1920318204
09/03/2021,FEU,Z24,16,0.18631051984
09/03/2021,FEU,Z14,16,0.18631051984
09/03/2021,FEU,Z24,17,0.1831318404
09/03/2021,FEU,Z14,17,0.1831318404
09/03/2021,FEU,Z24,18,0.1861289004
09/03/2021,FEU,Z14,18,0.1861289004
09/03/2021,FEU,Z24,19,0.20399408212
09/03/2021,FEU,Z14,19,0.2974894597
09/03/2021,FEU,Z24,2,0.17644585462
09/03/2021,FEU,Z14,2,0.17644585462
09/03/2021,FEU,Z24,20,0.30744106158
09/03/2021,FEU,Z14,20,0.30744106158
09/03/2021,FEU,Z24,21,0.3091118776
09/03/2021,FEU,Z14,21,0.3091118776
09/03/2021,FEU,Z24,22,0.31258967118
09/03/2021,FEU,Z14,22,0.31258967118
09/03/2021,FEU,Z24,23,0.31138736306
09/03/2021,FEU,Z14,23,0.21767491362
09/03/2021,FEU,Z24,24,0.21494769078
09/03/2021,FEU,Z14,24,0.21494769078
09/03/2021,FEU,Z24,3,0.17548011834
09/03/2021,FEU,Z14,3,0.17548011834
09/03/2021,FEU,Z24,4,0.17546093006
09/03/2021,FEU,Z14,4,0.17546093006
09/03/2021,FEU,Z24,5,0.17477235192
09/03/2021,FEU,Z14,5,0.17477235192
09/03/2021,FEU,Z24,6,0.17426396476
09/03/2021,FEU,Z14,6,0.17426396476
09/03/2021,FEU,Z24,7,0.17534545846
09/03/2021,FEU,Z14,7,0.17534545846
09/03/2021,FEU,Z24,8,0.17644120114
09/03/2021,FEU,Z14,8,0.17644120114
09/03/2021,FEU,Z24,9,0.21316034286
09/03/2021,FEU,Z14,9,0.21316034286
09/04/2021,FEU,Z24,1,0.1865873176
09/04/2021,FEU,Z14,1,0.1865873176
09/04/2021,FEU,Z24,10,0.1740811147
09/04/2021,FEU,Z14,10,0.1740811147
09/04/2021,FEU,Z24,11,0.14968728012
09/04/2021,FEU,Z14,11,0.14968728012
09/04/2021,FEU,Z24,12,0.14389048812
09/04/2021,FEU,Z14,12,0.14389048812
09/04/2021,FEU,Z24,13,0.1432760347
09/04/2021,FEU,Z14,13,0.1432760347
09/04/2021,FEU,Z24,14,0.14229054612
09/04/2021,FEU,Z14,14,0.14229054612
09/04/2021,FEU,Z24,15,0.13919577298
09/04/2021,FEU,Z14,15,0.13919577298
09/04/2021,FEU,Z24,16,0.13448729528
09/04/2021,FEU,Z14,16,0.13448729528
09/04/2021,FEU,Z24,17,0.13443387042
09/04/2021,FEU,Z14,17,0.13443387042
09/04/2021,FEU,Z24,18,0.1356503347
09/04/2021,FEU,Z14,18,0.1356503347
09/04/2021,FEU,Z24,19,0.162684889
09/04/2021,FEU,Z14,19,0.162684889
09/04/2021,FEU,Z24,2,0.18688350262
09/04/2021,FEU,Z14,2,0.18688350262
09/04/2021,FEU,Z24,20,0.18481947074
09/04/2021,FEU,Z14,20,0.18481947074
09/04/2021,FEU,Z24,21,0.18788124418
09/04/2021,FEU,Z14,21,0.18788124418
09/04/2021,FEU,Z24,22,0.18878142904
09/04/2021,FEU,Z14,22,0.18878142904
09/04/2021,FEU,Z24,23,0.18753862406
09/04/2021,FEU,Z14,23,0.18753862406
09/04/2021,FEU,Z24,24,0.18678450422
09/04/2021,FEU,Z14,24,0.18678450422
09/04/2021,FEU,Z24,3,0.18596718778
09/04/2021,FEU,Z14,3,0.18596718778
09/04/2021,FEU,Z24,4,0.18536553136
09/04/2021,FEU,Z14,4,0.18536553136
09/04/2021,FEU,Z24,5,0.18596693194
09/04/2021,FEU,Z14,5,0.18596693194
09/04/2021,FEU,Z24,6,0.18477654222
09/04/2021,FEU,Z14,6,0.18477654222
09/04/2021,FEU,Z24,7,0.18561059578
09/04/2021,FEU,Z14,7,0.18561059578
09/04/2021,FEU,Z24,8,0.18490543762
09/04/2021,FEU,Z14,8,0.18490543762
09/04/2021,FEU,Z24,9,0.18224301374
09/04/2021,FEU,Z14,9,0.18224301374
09/05/2021,FEU,Z24,1,0.18821854964
09/05/2021,FEU,Z14,1,0.18821854964
09/05/2021,FEU,Z24,10,0.14933204974
09/05/2021,FEU,Z14,10,0.14933204974
09/05/2021,FEU,Z24,11,0.13757543358
09/05/2021,FEU,Z14,11,0.13757543358
09/05/2021,FEU,Z24,12,0.13593586758
09/05/2021,FEU,Z14,12,0.13593586758
09/05/2021,FEU,Z24,13,0.13350417016
09/05/2021,FEU,Z14,13,0.13350417016
09/05/2021,FEU,Z24,14,0.13523911072
09/05/2021,FEU,Z14,14,0.13523911072
09/05/2021,FEU,Z24,15,0.13598791072
09/05/2021,FEU,Z14,15,0.13598791072
09/05/2021,FEU,Z24,16,0.13476568202
09/05/2021,FEU,Z14,16,0.13476568202
09/05/2021,FEU,Z24,17,0.13585983374
09/05/2021,FEU,Z14,17,0.13585983374
09/05/2021,FEU,Z24,18,0.13894810846
09/05/2021,FEU,Z14,18,0.13894810846
09/05/2021,FEU,Z24,19,0.1634039869
09/05/2021,FEU,Z14,19,0.1634039869
09/05/2021,FEU,Z24,2,0.18632534794
09/05/2021,FEU,Z14,2,0.18632534794
09/05/2021,FEU,Z24,20,0.18617206706
09/05/2021,FEU,Z14,20,0.18617206706
09/05/2021,FEU,Z24,21,0.19790972134
09/05/2021,FEU,Z14,21,0.19790972134
09/05/2021,FEU,Z24,22,0.1924986969
09/05/2021,FEU,Z14,22,0.1924986969
09/05/2021,FEU,Z24,23,0.19150843648
09/05/2021,FEU,Z14,23,0.19150843648
09/05/2021,FEU,Z24,24,0.18815867564
09/05/2021,FEU,Z14,24,0.18815867564
09/05/2021,FEU,Z24,3,0.17952905824
09/05/2021,FEU,Z14,3,0.17952905824
09/05/2021,FEU,Z24,4,0.1745267941
09/05/2021,FEU,Z14,4,0.1745267941
09/05/2021,FEU,Z24,5,0.17131025796
09/05/2021,FEU,Z14,5,0.17131025796
09/05/2021,FEU,Z24,6,0.1746950641
09/05/2021,FEU,Z14,6,0.1746950641
09/05/2021,FEU,Z24,7,0.17534598624
09/05/2021,FEU,Z14,7,0.17534598624
09/05/2021,FEU,Z24,8,0.17361773838
09/05/2021,FEU,Z14,8,0.17361773838
09/05/2021,FEU,Z24,9,0.16631826478
09/05/2021,FEU,Z14,9,0.16631826478
09/06/2021,FEU,Z24,1,0.17850487364
09/06/2021,FEU,Z14,1,0.17850487364
09/06/2021,FEU,Z24,10,0.2062556004
09/06/2021,FEU,Z14,10,0.2062556004
09/06/2021,FEU,Z24,11,0.20095822524
09/06/2021,FEU,Z14,11,0.29457841868
09/06/2021,FEU,Z24,12,0.29439682354
09/06/2021,FEU,Z14,12,0.29439682354
09/06/2021,FEU,Z24,13,0.28934475668
09/06/2021,FEU,Z14,13,0.28934475668
09/06/2021,FEU,Z24,14,0.2844280961
09/06/2021,FEU,Z14,14,0.2844280961
09/06/2021,FEU,Z24,15,0.28276636982
09/06/2021,FEU,Z14,15,0.18931884924
09/06/2021,FEU,Z24,16,0.18951496668
09/06/2021,FEU,Z14,16,0.18951496668
09/06/2021,FEU,Z24,17,0.19411171296
09/06/2021,FEU,Z14,17,0.19411171296
09/06/2021,FEU,Z24,18,0.2041858011
09/06/2021,FEU,Z14,18,0.2041858011
09/06/2021,FEU,Z24,19,0.21669312096
09/06/2021,FEU,Z14,19,0.3103707404
09/06/2021,FEU,Z24,2,0.16500122666
09/06/2021,FEU,Z14,2,0.16500122666
09/06/2021,FEU,Z24,20,0.31702552542
09/06/2021,FEU,Z14,20,0.31702552542
09/06/2021,FEU,Z24,21,0.31711736844
09/06/2021,FEU,Z14,21,0.31711736844
09/06/2021,FEU,Z24,22,0.3145671833
09/06/2021,FEU,Z14,22,0.3145671833
09/06/2021,FEU,Z24,23,0.30452916476
09/06/2021,FEU,Z14,23,0.21084632332
09/06/2021,FEU,Z24,24,0.18982095762
09/06/2021,FEU,Z14,24,0.18982095762
09/06/2021,FEU,Z24,3,0.15171453024
09/06/2021,FEU,Z14,3,0.15171453024
09/06/2021,FEU,Z24,4,0.14413790968
09/06/2021,FEU,Z14,4,0.14413790968
09/06/2021,FEU,Z24,5,0.14404537282
09/06/2021,FEU,Z14,5,0.14404537282
09/06/2021,FEU,Z24,6,0.14569043108
09/06/2021,FEU,Z14,6,0.14569043108
09/06/2021,FEU,Z24,7,0.17359218334
09/06/2021,FEU,Z14,7,0.17359218334
09/06/2021,FEU,Z24,8,0.1798641433
09/06/2021,FEU,Z14,8,0.1798641433
09/06/2021,FEU,Z24,9,0.21630164444
09/06/2021,FEU,Z14,9,0.21630164444
09/07/2021,FEU,Z24,1,0.16416736602
09/07/2021,FEU,Z14,1,0.16416736602
09/07/2021,FEU,Z24,10,0.20861845352
09/07/2021,FEU,Z14,10,0.20861845352
09/07/2021,FEU,Z24,11,0.19974039294
09/07/2021,FEU,Z14,11,0.29335123338
09/07/2021,FEU,Z24,12,0.27783742496
09/07/2021,FEU,Z14,12,0.27783742496
09/07/2021,FEU,Z24,13,0.26825711282
09/07/2021,FEU,Z14,13,0.26825711282
09/07/2021,FEU,Z24,14,0.2647812461
09/07/2021,FEU,Z14,14,0.2647812461
09/07/2021,FEU,Z24,15,0.26460918868
09/07/2021,FEU,Z14,15,0.1712083761
09/07/2021,FEU,Z24,16,0.17103387296
09/07/2021,FEU,Z14,16,0.17103387296
09/07/2021,FEU,Z24,17,0.17668949124
09/07/2021,FEU,Z14,17,0.17668949124
09/07/2021,FEU,Z24,18,0.20063503524
09/07/2021,FEU,Z14,18,0.20063503524
09/07/2021,FEU,Z24,19,0.2084386461
09/07/2021,FEU,Z14,19,0.30193786468
09/07/2021,FEU,Z24,2,0.14553068104
09/07/2021,FEU,Z14,2,0.14553068104
09/07/2021,FEU,Z24,20,0.31250749242
09/07/2021,FEU,Z14,20,0.31250749242
09/07/2021,FEU,Z24,21,0.31744473386
09/07/2021,FEU,Z14,21,0.31744473386
09/07/2021,FEU,Z24,22,0.3178982033
09/07/2021,FEU,Z14,22,0.3178982033
09/07/2021,FEU,Z24,23,0.31568658104
09/07/2021,FEU,Z14,23,0.2219662376
09/07/2021,FEU,Z24,24,0.21723612162
09/07/2021,FEU,Z14,24,0.21723612162
09/07/2021,FEU,Z24,3,0.14190965662
09/07/2021,FEU,Z14,3,0.14190965662
09/07/2021,FEU,Z24,4,0.13882222876
09/07/2021,FEU,Z14,4,0.13882222876
09/07/2021,FEU,Z24,5,0.1379860169
09/07/2021,FEU,Z14,5,0.1379860169
09/07/2021,FEU,Z24,6,0.14077044018
09/07/2021,FEU,Z14,6,0.14077044018
09/07/2021,FEU,Z24,7,0.16107554732
09/07/2021,FEU,Z14,7,0.16107554732
09/07/2021,FEU,Z24,8,0.17807570728
09/07/2021,FEU,Z14,8,0.17807570728
09/07/2021,FEU,Z24,9,0.21897667356
09/07/2021,FEU,Z14,9,0.21897667356
09/08/2021,FEU,Z24,1,0.1742242783
09/08/2021,FEU,Z14,1,0.1742242783
09/08/2021,FEU,Z24,10,0.21134226324
09/08/2021,FEU,Z14,10,0.21134226324
09/08/2021,FEU,Z24,11,0.2042048218
09/08/2021,FEU,Z14,11,0.29768835738
09/08/2021,FEU,Z24,12,0.29473315296
09/08/2021,FEU,Z14,12,0.29473315296
09/08/2021,FEU,Z24,13,0.2920439461
09/08/2021,FEU,Z14,13,0.2920439461
09/08/2021,FEU,Z24,14,0.28676057238
09/08/2021,FEU,Z14,14,0.28676057238
09/08/2021,FEU,Z24,15,0.27302455382
09/08/2021,FEU,Z14,15,0.17948006038
09/08/2021,FEU,Z24,16,0.1716453511
09/08/2021,FEU,Z14,16,0.1716453511
09/08/2021,FEU,Z24,17,0.18079097696
09/08/2021,FEU,Z14,17,0.18079097696
09/08/2021,FEU,Z24,18,0.20176948896
09/08/2021,FEU,Z14,18,0.20176948896
09/08/2021,FEU,Z24,19,0.20882897054
09/08/2021,FEU,Z14,19,0.30233483212
09/08/2021,FEU,Z24,2,0.1694645576
09/08/2021,FEU,Z14,2,0.1694645576
09/08/2021,FEU,Z24,20,0.314016289
09/08/2021,FEU,Z14,20,0.314016289
09/08/2021,FEU,Z24,21,0.31699004216
09/08/2021,FEU,Z14,21,0.31699004216
09/08/2021,FEU,Z24,22,0.3165607133
09/08/2021,FEU,Z14,22,0.3165607133
09/08/2021,FEU,Z24,23,0.31471696904
09/08/2021,FEU,Z14,23,0.2210011176
09/08/2021,FEU,Z24,24,0.2086452719
09/08/2021,FEU,Z14,24,0.2086452719
09/08/2021,FEU,Z24,3,0.16422000918
09/08/2021,FEU,Z14,3,0.16422000918
09/08/2021,FEU,Z24,4,0.1575486969
09/08/2021,FEU,Z14,4,0.1575486969
09/08/2021,FEU,Z24,5,0.1582826469
09/08/2021,FEU,Z14,5,0.1582826469
09/08/2021,FEU,Z24,6,0.16416646732
09/08/2021,FEU,Z14,6,0.16416646732
09/08/2021,FEU,Z24,7,0.17376923532
09/08/2021,FEU,Z14,7,0.17376923532
09/08/2021,FEU,Z24,8,0.17716649128
09/08/2021,FEU,Z14,8,0.17716649128
09/08/2021,FEU,Z24,9,0.21500963128
09/08/2021,FEU,Z14,9,0.21500963128
09/09/2021,FEU,Z24,1,0.17831958044
09/09/2021,FEU,Z14,1,0.17831958044
09/09/2021,FEU,Z24,10,0.21278346282
09/09/2021,FEU,Z14,10,0.21278346282
09/09/2021,FEU,Z24,11,0.21032960124
09/09/2021,FEU,Z14,11,0.30383270582
09/09/2021,FEU,Z24,12,0.3035307404
09/09/2021,FEU,Z14,12,0.3035307404
09/09/2021,FEU,Z24,13,0.30391184826
09/09/2021,FEU,Z14,13,0.30391184826
09/09/2021,FEU,Z24,14,0.30540655826
09/09/2021,FEU,Z14,14,0.30540655826
09/09/2021,FEU,Z24,15,0.30131028998
09/09/2021,FEU,Z14,15,0.2078071404
09/09/2021,FEU,Z24,16,0.20526969612
09/09/2021,FEU,Z14,16,0.20526969612
09/09/2021,FEU,Z24,17,0.20288305268
09/09/2021,FEU,Z14,17,0.20288305268
09/09/2021,FEU,Z24,18,0.21022766254
09/09/2021,FEU,Z14,18,0.21022766254
09/09/2021,FEU,Z24,19,0.21612277398
09/09/2021,FEU,Z14,19,0.30965226356
09/09/2021,FEU,Z24,2,0.1702765576
09/09/2021,FEU,Z14,2,0.1702765576
09/09/2021,FEU,Z24,20,0.3194574533
09/09/2021,FEU,Z14,20,0.3194574533
09/09/2021,FEU,Z24,21,0.3213823576
09/09/2021,FEU,Z14,21,0.3213823576
09/09/2021,FEU,Z24,22,0.32013825132
09/09/2021,FEU,Z14,22,0.32013825132
09/09/2021,FEU,Z24,23,0.3175776962
09/09/2021,FEU,Z14,23,0.22384506876
09/09/2021,FEU,Z24,24,0.21808667764
09/09/2021,FEU,Z14,24,0.21808667764
09/09/2021,FEU,Z24,3,0.16270350932
09/09/2021,FEU,Z14,3,0.16270350932
09/09/2021,FEU,Z24,4,0.15505569304
09/09/2021,FEU,Z14,4,0.15505569304
09/09/2021,FEU,Z24,5,0.15392079304
09/09/2021,FEU,Z14,5,0.15392079304
09/09/2021,FEU,Z24,6,0.15681571274
09/09/2021,FEU,Z14,6,0.15681571274
09/09/2021,FEU,Z24,7,0.17388064672
09/09/2021,FEU,Z14,7,0.17388064672
09/09/2021,FEU,Z24,8,0.1822644297
09/09/2021,FEU,Z14,8,0.1822644297
09/09/2021,FEU,Z24,9,0.21886691128
09/09/2021,FEU,Z14,9,0.21886691128
09/10/2021,FEU,Z24,1,0.19244373732
09/10/2021,FEU,Z14,1,0.19244373732
09/10/2021,FEU,Z24,10,0.22594244554
09/10/2021,FEU,Z14,10,0.22594244554
09/10/2021,FEU,Z24,11,0.22149044896
09/10/2021,FEU,Z14,11,0.3151861004
09/10/2021,FEU,Z24,12,0.31174833812
09/10/2021,FEU,Z14,12,0.31174833812
09/10/2021,FEU,Z24,13,0.31166725612
09/10/2021,FEU,Z14,13,0.31166725612
09/10/2021,FEU,Z24,14,0.31119821254
09/10/2021,FEU,Z14,14,0.31119821254
09/10/2021,FEU,Z24,15,0.31177788398
09/10/2021,FEU,Z14,15,0.2182461204
09/10/2021,FEU,Z24,16,0.21633365584
09/10/2021,FEU,Z14,16,0.21633365584
09/10/2021,FEU,Z24,17,0.2142880404
09/10/2021,FEU,Z14,17,0.2142880404
09/10/2021,FEU,Z24,18,0.2167299204
09/10/2021,FEU,Z14,18,0.2167299204
09/10/2021,FEU,Z24,19,0.21884579212
09/10/2021,FEU,Z14,19,0.3123801847
09/10/2021,FEU,Z24,2,0.19027247062
09/10/2021,FEU,Z14,2,0.19027247062
09/10/2021,FEU,Z24,20,0.32187431558
09/10/2021,FEU,Z14,20,0.32187431558
09/10/2021,FEU,Z24,21,0.3259051976
09/10/2021,FEU,Z14,21,0.3259051976
09/10/2021,FEU,Z24,22,0.32612001318
09/10/2021,FEU,Z14,22,0.32612001318
09/10/2021,FEU,Z24,23,0.32504707806
09/10/2021,FEU,Z14,23,0.23128796862
09/10/2021,FEU,Z24,24,0.22857091278
09/10/2021,FEU,Z14,24,0.22857091278
09/10/2021,FEU,Z24,3,0.18784580034
09/10/2021,FEU,Z14,3,0.18784580034
09/10/2021,FEU,Z24,4,0.18657606206
09/10/2021,FEU,Z14,4,0.18657606206
09/10/2021,FEU,Z24,5,0.18463590392
09/10/2021,FEU,Z14,5,0.18463590392
09/10/2021,FEU,Z24,6,0.18656293276
09/10/2021,FEU,Z14,6,0.18656293276
09/10/2021,FEU,Z24,7,0.18807466246
09/10/2021,FEU,Z14,7,0.18807466246
09/10/2021,FEU,Z24,8,0.19377501514
09/10/2021,FEU,Z14,8,0.19377501514
09/10/2021,FEU,Z24,9,0.23102616486
09/10/2021,FEU,Z14,9,0.23102616486
09/11/2021,FEU,Z24,1,0.1933941976
09/11/2021,FEU,Z14,1,0.1933941976
09/11/2021,FEU,Z24,10,0.1902851547
09/11/2021,FEU,Z14,10,0.1902851547
09/11/2021,FEU,Z24,11,0.18841135812
09/11/2021,FEU,Z14,11,0.18841135812
09/11/2021,FEU,Z24,12,0.18267280812
09/11/2021,FEU,Z14,12,0.18267280812
09/11/2021,FEU,Z24,13,0.1803809047
09/11/2021,FEU,Z14,13,0.1803809047
09/11/2021,FEU,Z24,14,0.17433620812
09/11/2021,FEU,Z14,14,0.17433620812
09/11/2021,FEU,Z24,15,0.17140894198
09/11/2021,FEU,Z14,15,0.17140894198
09/11/2021,FEU,Z24,16,0.15095535528
09/11/2021,FEU,Z14,16,0.15095535528
09/11/2021,FEU,Z24,17,0.14943204242
09/11/2021,FEU,Z14,17,0.14943204242
09/11/2021,FEU,Z24,18,0.1651066047
09/11/2021,FEU,Z14,18,0.1651066047
09/11/2021,FEU,Z24,19,0.182753539
09/11/2021,FEU,Z14,19,0.182753539
09/11/2021,FEU,Z24,2,0.19537809562
09/11/2021,FEU,Z14,2,0.19537809562
09/11/2021,FEU,Z24,20,0.19325583174
09/11/2021,FEU,Z14,20,0.19325583174
09/11/2021,FEU,Z24,21,0.20011367818
09/11/2021,FEU,Z14,21,0.20011367818
09/11/2021,FEU,Z24,22,0.20400305704
09/11/2021,FEU,Z14,22,0.20400305704
09/11/2021,FEU,Z24,23,0.20105664806
09/11/2021,FEU,Z14,23,0.20105664806
09/11/2021,FEU,Z24,24,0.19879343522
09/11/2021,FEU,Z14,24,0.19879343522
09/11/2021,FEU,Z24,3,0.19516116178
09/11/2021,FEU,Z14,3,0.19516116178
09/11/2021,FEU,Z24,4,0.19576372336
09/11/2021,FEU,Z14,4,0.19576372336
09/11/2021,FEU,Z24,5,0.19696700194
09/11/2021,FEU,Z14,5,0.19696700194
09/11/2021,FEU,Z24,6,0.19654654222
09/11/2021,FEU,Z14,6,0.19654654222
09/11/2021,FEU,Z24,7,0.19410076978
09/11/2021,FEU,Z14,7,0.19410076978
09/11/2021,FEU,Z24,8,0.19441882162
09/11/2021,FEU,Z14,8,0.19441882162
09/11/2021,FEU,Z24,9,0.19296260474
09/11/2021,FEU,Z14,9,0.19296260474
09/12/2021,FEU,Z24,1,0.20340306564
09/12/2021,FEU,Z14,1,0.20340306564
09/12/2021,FEU,Z24,10,0.18746778574
09/12/2021,FEU,Z14,10,0.18746778574
09/12/2021,FEU,Z24,11,0.15855196258
09/12/2021,FEU,Z14,11,0.15855196258
09/12/2021,FEU,Z24,12,0.14778294258
09/12/2021,FEU,Z14,12,0.14778294258
09/12/2021,FEU,Z24,13,0.14709526216
09/12/2021,FEU,Z14,13,0.14709526216
09/12/2021,FEU,Z24,14,0.14658400672
09/12/2021,FEU,Z14,14,0.14658400672
09/12/2021,FEU,Z24,15,0.14655981472
09/12/2021,FEU,Z14,15,0.14655981472
09/12/2021,FEU,Z24,16,0.14021630902
09/12/2021,FEU,Z14,16,0.14021630902
09/12/2021,FEU,Z24,17,0.14054219374
09/12/2021,FEU,Z14,17,0.14054219374
09/12/2021,FEU,Z24,18,0.14976746746
09/12/2021,FEU,Z14,18,0.14976746746
09/12/2021,FEU,Z24,19,0.1780934719
09/12/2021,FEU,Z14,19,0.1780934719
09/12/2021,FEU,Z24,2,0.20101215094
09/12/2021,FEU,Z14,2,0.20101215094
09/12/2021,FEU,Z24,20,0.19739493106
09/12/2021,FEU,Z14,20,0.19739493106
09/12/2021,FEU,Z24,21,0.20517388734
09/12/2021,FEU,Z14,21,0.20517388734
09/12/2021,FEU,Z24,22,0.2064204469
09/12/2021,FEU,Z14,22,0.2064204469
09/12/2021,FEU,Z24,23,0.20436227648
09/12/2021,FEU,Z14,23,0.20436227648
09/12/2021,FEU,Z24,24,0.20323635764
09/12/2021,FEU,Z14,24,0.20323635764
09/12/2021,FEU,Z24,3,0.20171958624
09/12/2021,FEU,Z14,3,0.20171958624
09/12/2021,FEU,Z24,4,0.2013433441
09/12/2021,FEU,Z14,4,0.2013433441
09/12/2021,FEU,Z24,5,0.20089384196
09/12/2021,FEU,Z14,5,0.20089384196
09/12/2021,FEU,Z24,6,0.1982267941
09/12/2021,FEU,Z14,6,0.1982267941
09/12/2021,FEU,Z24,7,0.19814864224
09/12/2021,FEU,Z14,7,0.19814864224
09/12/2021,FEU,Z24,8,0.19718191538
09/12/2021,FEU,Z14,8,0.19718191538
09/12/2021,FEU,Z24,9,0.19101695278
09/12/2021,FEU,Z14,9,0.19101695278
09/13/2021,FEU,Z24,1,0.20032835964
09/13/2021,FEU,Z14,1,0.20032835964
09/13/2021,FEU,Z24,10,0.2263481004
09/13/2021,FEU,Z14,10,0.2263481004
09/13/2021,FEU,Z24,11,0.22278545724
09/13/2021,FEU,Z14,11,0.31648378068
09/13/2021,FEU,Z24,12,0.31855273554
09/13/2021,FEU,Z14,12,0.31855273554
09/13/2021,FEU,Z24,13,0.31870174268
09/13/2021,FEU,Z14,13,0.31870174268
09/13/2021,FEU,Z24,14,0.3175099411
09/13/2021,FEU,Z14,14,0.3175099411
09/13/2021,FEU,Z24,15,0.31649547482
09/13/2021,FEU,Z14,15,0.22295895924
09/13/2021,FEU,Z24,16,0.21941591668
09/13/2021,FEU,Z14,16,0.21941591668
09/13/2021,FEU,Z24,17,0.22107580896
09/13/2021,FEU,Z14,17,0.22107580896
09/13/2021,FEU,Z24,18,0.2280730111
09/13/2021,FEU,Z14,18,0.2280730111
09/13/2021,FEU,Z24,19,0.23688665696
09/13/2021,FEU,Z14,19,0.3306365204
09/13/2021,FEU,Z24,2,0.19844124166
09/13/2021,FEU,Z14,2,0.19844124166
09/13/2021,FEU,Z24,20,0.33495887042
09/13/2021,FEU,Z14,20,0.33495887042
09/13/2021,FEU,Z24,21,0.33703425444
09/13/2021,FEU,Z14,21,0.33703425444
09/13/2021,FEU,Z24,22,0.3314059283
09/13/2021,FEU,Z14,22,0.3314059283
09/13/2021,FEU,Z24,23,0.32544603876
09/13/2021,FEU,Z14,23,0.23169144132
09/13/2021,FEU,Z24,24,0.22855135362
09/13/2021,FEU,Z14,24,0.22855135362
09/13/2021,FEU,Z24,3,0.19118909024
09/13/2021,FEU,Z14,3,0.19118909024
09/13/2021,FEU,Z24,4,0.18055010968
09/13/2021,FEU,Z14,4,0.18055010968
09/13/2021,FEU,Z24,5,0.16524281882
09/13/2021,FEU,Z14,5,0.16524281882
09/13/2021,FEU,Z24,6,0.16462206908
09/13/2021,FEU,Z14,6,0.16462206908
09/13/2021,FEU,Z24,7,0.19334126934
09/13/2021,FEU,Z14,7,0.19334126934
09/13/2021,FEU,Z24,8,0.1965504283
09/13/2021,FEU,Z14,8,0.1965504283
09/13/2021,FEU,Z24,9,0.23130941444
09/13/2021,FEU,Z14,9,0.23130941444
09/14/2021,FEU,Z24,1,0.15491136602
09/14/2021,FEU,Z14,1,0.15491136602
09/14/2021,FEU,Z24,10,0.23183237752
09/14/2021,FEU,Z14,10,0.23183237752
09/14/2021,FEU,Z24,11,0.23089401894
09/14/2021,FEU,Z14,11,0.32461523538
09/14/2021,FEU,Z24,12,0.32669110496
09/14/2021,FEU,Z14,12,0.32669110496
09/14/2021,FEU,Z24,13,0.32835097382
09/14/2021,FEU,Z14,13,0.32835097382
09/14/2021,FEU,Z24,14,0.3265785911
09/14/2021,FEU,Z14,14,0.3265785911
09/14/2021,FEU,Z24,15,0.32551836268
09/14/2021,FEU,Z14,15,0.2319558461
09/14/2021,FEU,Z24,16,0.23065910496
09/14/2021,FEU,Z14,16,0.23065910496
09/14/2021,FEU,Z24,17,0.23140839324
09/14/2021,FEU,Z14,17,0.23140839324
09/14/2021,FEU,Z24,18,0.23450534724
09/14/2021,FEU,Z14,18,0.23450534724
09/14/2021,FEU,Z24,19,0.2407940911
09/14/2021,FEU,Z14,19,0.33437996868
09/14/2021,FEU,Z24,2,0.15550499704
09/14/2021,FEU,Z14,2,0.15550499704
09/14/2021,FEU,Z24,20,0.33731022042
09/14/2021,FEU,Z14,20,0.33731022042
09/14/2021,FEU,Z24,21,0.33838487686
09/14/2021,FEU,Z14,21,0.33838487686
09/14/2021,FEU,Z24,22,0.3386177483
09/14/2021,FEU,Z14,22,0.3386177483
09/14/2021,FEU,Z24,23,0.33314076104
09/14/2021,FEU,Z14,23,0.2393604376
09/14/2021,FEU,Z24,24,0.23544598962
09/14/2021,FEU,Z14,24,0.23544598962
09/14/2021,FEU,Z24,3,0.15385156762
09/14/2021,FEU,Z14,3,0.15385156762
09/14/2021,FEU,Z24,4,0.15367823476
09/14/2021,FEU,Z14,4,0.15367823476
09/14/2021,FEU,Z24,5,0.1523691069
09/14/2021,FEU,Z14,5,0.1523691069
09/14/2021,FEU,Z24,6,0.15620228718
09/14/2021,FEU,Z14,6,0.15620228718
09/14/2021,FEU,Z24,7,0.18661630732
09/14/2021,FEU,Z14,7,0.18661630732
09/14/2021,FEU,Z24,8,0.19851814328
09/14/2021,FEU,Z14,8,0.19851814328
09/14/2021,FEU,Z24,9,0.24036103356
09/14/2021,FEU,Z14,9,0.24036103356
09/15/2021,FEU,Z24,1,0.2114418433
09/15/2021,FEU,Z14,1,0.2114418433
09/15/2021,FEU,Z24,10,0.25305305124
09/15/2021,FEU,Z14,10,0.25305305124
09/15/2021,FEU,Z24,11,0.2519405418
09/15/2021,FEU,Z14,11,0.34554967638
09/15/2021,FEU,Z24,12,0.34416392096
09/15/2021,FEU,Z14,12,0.34416392096
09/15/2021,FEU,Z24,13,0.3456602111
09/15/2021,FEU,Z14,13,0.3456602111
09/15/2021,FEU,Z24,14,0.34106412938
09/15/2021,FEU,Z14,14,0.34106412938
09/15/2021,FEU,Z24,15,0.34172891582
09/15/2021,FEU,Z14,15,0.24794385138
09/15/2021,FEU,Z24,16,0.2477198611
09/15/2021,FEU,Z14,16,0.2477198611
09/15/2021,FEU,Z24,17,0.24798196896
09/15/2021,FEU,Z14,17,0.24798196896
09/15/2021,FEU,Z24,18,0.24775136096
09/15/2021,FEU,Z14,18,0.24775136096
09/15/2021,FEU,Z24,19,0.24869966554
09/15/2021,FEU,Z14,19,0.34231054212
09/15/2021,FEU,Z24,2,0.2084915976
09/15/2021,FEU,Z14,2,0.2084915976
09/15/2021,FEU,Z24,20,0.348328839
09/15/2021,FEU,Z14,20,0.348328839
09/15/2021,FEU,Z24,21,0.35404099816
09/15/2021,FEU,Z14,21,0.35404099816
09/15/2021,FEU,Z24,22,0.3460513283
09/15/2021,FEU,Z14,22,0.3460513283
09/15/2021,FEU,Z24,23,0.33937980104
09/15/2021,FEU,Z14,23,0.2455780376
09/15/2021,FEU,Z24,24,0.2334236569
09/15/2021,FEU,Z14,24,0.2334236569
09/15/2021,FEU,Z24,3,0.20147089918
09/15/2021,FEU,Z14,3,0.20147089918
09/15/2021,FEU,Z24,4,0.1992289019
09/15/2021,FEU,Z14,4,0.1992289019
09/15/2021,FEU,Z24,5,0.1993349169
09/15/2021,FEU,Z14,5,0.1993349169
09/15/2021,FEU,Z24,6,0.20198724332
09/15/2021,FEU,Z14,6,0.20198724332
09/15/2021,FEU,Z24,7,0.20877099932
09/15/2021,FEU,Z14,7,0.20877099932
09/15/2021,FEU,Z24,8,0.21929923928
09/15/2021,FEU,Z14,8,0.21929923928
09/15/2021,FEU,Z24,9,0.25538134728
09/15/2021,FEU,Z14,9,0.25538134728
09/16/2021,FEU,Z24,1,0.23063492444
09/16/2021,FEU,Z14,1,0.23063492444
09/16/2021,FEU,Z24,10,0.24897818482
09/16/2021,FEU,Z14,10,0.24897818482
09/16/2021,FEU,Z24,11,0.24007696924
09/16/2021,FEU,Z14,11,0.25242652982
09/16/2021,FEU,Z24,12,0.2532066404
09/16/2021,FEU,Z14,12,0.2532066404
09/16/2021,FEU,Z24,13,0.25258985926
09/16/2021,FEU,Z14,13,0.25258985926
09/16/2021,FEU,Z24,14,0.25241642726
09/16/2021,FEU,Z14,14,0.25241642726
09/16/2021,FEU,Z24,15,0.25354659098
09/16/2021,FEU,Z14,15,0.2411869804
09/16/2021,FEU,Z24,16,0.23559068612
09/16/2021,FEU,Z14,16,0.23559068612
09/16/2021,FEU,Z24,17,0.23284116868
09/16/2021,FEU,Z14,17,0.23284116868
09/16/2021,FEU,Z24,18,0.23298136454
09/16/2021,FEU,Z14,18,0.23298136454
09/16/2021,FEU,Z24,19,0.24387749698
09/16/2021,FEU,Z14,19,0.25624716956
09/16/2021,FEU,Z24,2,0.2250931576
09/16/2021,FEU,Z14,2,0.2250931576
09/16/2021,FEU,Z24,20,0.2692918433
09/16/2021,FEU,Z14,20,0.2692918433
09/16/2021,FEU,Z24,21,0.2700625176
09/16/2021,FEU,Z14,21,0.2700625176
09/16/2021,FEU,Z24,22,0.27139411732
09/16/2021,FEU,Z14,22,0.27139411732
09/16/2021,FEU,Z24,23,0.2697427262
09/16/2021,FEU,Z14,23,0.25711342876
09/16/2021,FEU,Z24,24,0.25645393764
09/16/2021,FEU,Z14,24,0.25645393764
09/16/2021,FEU,Z24,3,0.21753971532
09/16/2021,FEU,Z14,3,0.21753971532
09/16/2021,FEU,Z24,4,0.21699066504
09/16/2021,FEU,Z14,4,0.21699066504
09/16/2021,FEU,Z24,5,0.21664844904
09/16/2021,FEU,Z14,5,0.21664844904
09/16/2021,FEU,Z24,6,0.21658060374
09/16/2021,FEU,Z14,6,0.21658060374
09/16/2021,FEU,Z24,7,0.22202650272
09/16/2021,FEU,Z14,7,0.22202650272
09/16/2021,FEU,Z24,8,0.2308780597
09/16/2021,FEU,Z14,8,0.2308780597
09/16/2021,FEU,Z24,9,0.25566579928
09/16/2021,FEU,Z14,9,0.25566579928
09/17/2021,FEU,Z24,1,0.21245596532
09/17/2021,FEU,Z14,1,0.21245596532
09/17/2021,FEU,Z24,10,0.23703962154
09/17/2021,FEU,Z14,10,0.23703962154
09/17/2021,FEU,Z24,11,0.22841072896
09/17/2021,FEU,Z14,11,0.2409151604
09/17/2021,FEU,Z24,12,0.23213511612
09/17/2021,FEU,Z14,12,0.23213511612
09/17/2021,FEU,Z24,13,0.22421648812
09/17/2021,FEU,Z14,13,0.22421648812
09/17/2021,FEU,Z24,14,0.20047921254
09/17/2021,FEU,Z14,14,0.20047921254
09/17/2021,FEU,Z24,15,0.20026107398
09/17/2021,FEU,Z14,15,0.1880413204
09/17/2021,FEU,Z24,16,0.18831239184
09/17/2021,FEU,Z14,16,0.18831239184
09/17/2021,FEU,Z24,17,0.1892679604
09/17/2021,FEU,Z14,17,0.1892679604
09/17/2021,FEU,Z24,18,0.2183641804
09/17/2021,FEU,Z14,18,0.2183641804
09/17/2021,FEU,Z24,19,0.23088336212
09/17/2021,FEU,Z14,19,0.2432167597
09/17/2021,FEU,Z24,2,0.21041600862
09/17/2021,FEU,Z14,2,0.21041600862
09/17/2021,FEU,Z24,20,0.25174306258
09/17/2021,FEU,Z14,20,0.25174306258
09/17/2021,FEU,Z24,21,0.2568129976
09/17/2021,FEU,Z14,21,0.2568129976
09/17/2021,FEU,Z24,22,0.24986292418
09/17/2021,FEU,Z14,22,0.24986292418
09/17/2021,FEU,Z24,23,0.24363748606
09/17/2021,FEU,Z14,23,0.23109655162
09/17/2021,FEU,Z24,24,0.21088095178
09/17/2021,FEU,Z14,24,0.21088095178
09/17/2021,FEU,Z24,3,0.19725672434
09/17/2021,FEU,Z14,3,0.19725672434
09/17/2021,FEU,Z24,4,0.19535836006
09/17/2021,FEU,Z14,4,0.19535836006
09/17/2021,FEU,Z24,5,0.19328705592
09/17/2021,FEU,Z14,5,0.19328705592
09/17/2021,FEU,Z24,6,0.19615004676
09/17/2021,FEU,Z14,6,0.19615004676
09/17/2021,FEU,Z24,7,0.21110711646
09/17/2021,FEU,Z14,7,0.21110711646
09/17/2021,FEU,Z24,8,0.21819559014
09/17/2021,FEU,Z14,8,0.21819559014
09/17/2021,FEU,Z24,9,0.24555168986
09/17/2021,FEU,Z14,9,0.24555168986
09/18/2021,FEU,Z24,1,0.2192757576
09/18/2021,FEU,Z14,1,0.2192757576
09/18/2021,FEU,Z24,10,0.1975035997
09/18/2021,FEU,Z14,10,0.1975035997
09/18/2021,FEU,Z24,11,0.17538989012
09/18/2021,FEU,Z14,11,0.17538989012
09/18/2021,FEU,Z24,12,0.16882681612
09/18/2021,FEU,Z14,12,0.16882681612
09/18/2021,FEU,Z24,13,0.1688144797
09/18/2021,FEU,Z14,13,0.1688144797
09/18/2021,FEU,Z24,14,0.16947661412
09/18/2021,FEU,Z14,14,0.16947661412
09/18/2021,FEU,Z24,15,0.16404294198
09/18/2021,FEU,Z14,15,0.16404294198
09/18/2021,FEU,Z24,16,0.15410421928
09/18/2021,FEU,Z14,16,0.15410421928
09/18/2021,FEU,Z24,17,0.15402813442
09/18/2021,FEU,Z14,17,0.15402813442
09/18/2021,FEU,Z24,18,0.1668153097
09/18/2021,FEU,Z14,18,0.1668153097
09/18/2021,FEU,Z24,19,0.200346939
09/18/2021,FEU,Z14,19,0.200346939
09/18/2021,FEU,Z24,2,0.21710992062
09/18/2021,FEU,Z14,2,0.21710992062
09/18/2021,FEU,Z24,20,0.23176002674
09/18/2021,FEU,Z14,20,0.23176002674
09/18/2021,FEU,Z24,21,0.22795123018
09/18/2021,FEU,Z14,21,0.22795123018
09/18/2021,FEU,Z24,22,0.22652731704
09/18/2021,FEU,Z14,22,0.22652731704
09/18/2021,FEU,Z24,23,0.22296234306
09/18/2021,FEU,Z14,23,0.22296234306
09/18/2021,FEU,Z24,24,0.21866348122
09/18/2021,FEU,Z14,24,0.21866348122
09/18/2021,FEU,Z24,3,0.21132653778
09/18/2021,FEU,Z14,3,0.21132653778
09/18/2021,FEU,Z24,4,0.19803842736
09/18/2021,FEU,Z14,4,0.19803842736
09/18/2021,FEU,Z24,5,0.19371798894
09/18/2021,FEU,Z14,5,0.19371798894
09/18/2021,FEU,Z24,6,0.19714321322
09/18/2021,FEU,Z14,6,0.19714321322
09/18/2021,FEU,Z24,7,0.21208781478
09/18/2021,FEU,Z14,7,0.21208781478
09/18/2021,FEU,Z24,8,0.20253642462
09/18/2021,FEU,Z14,8,0.20253642462
09/18/2021,FEU,Z24,9,0.20104884474
09/18/2021,FEU,Z14,9,0.20104884474
09/19/2021,FEU,Z24,1,0.20642836164
09/19/2021,FEU,Z14,1,0.20642836164
09/19/2021,FEU,Z24,10,0.16884371174
09/19/2021,FEU,Z14,10,0.16884371174
09/19/2021,FEU,Z24,11,0.15595321858
09/19/2021,FEU,Z14,11,0.15595321858
09/19/2021,FEU,Z24,12,0.14231553458
09/19/2021,FEU,Z14,12,0.14231553458
09/19/2021,FEU,Z24,13,0.12673525416
09/19/2021,FEU,Z14,13,0.12673525416
09/19/2021,FEU,Z24,14,0.14262605472
09/19/2021,FEU,Z14,14,0.14262605472
09/19/2021,FEU,Z24,15,0.14861415072
09/19/2021,FEU,Z14,15,0.14861415072
09/19/2021,FEU,Z24,16,0.12642062802
09/19/2021,FEU,Z14,16,0.12642062802
09/19/2021,FEU,Z24,17,0.12675578574
09/19/2021,FEU,Z14,17,0.12675578574
09/19/2021,FEU,Z24,18,0.15905600346
09/19/2021,FEU,Z14,18,0.15905600346
09/19/2021,FEU,Z24,19,0.1813164269
09/19/2021,FEU,Z14,19,0.1813164269
09/19/2021,FEU,Z24,2,0.20136616194
09/19/2021,FEU,Z14,2,0.20136616194
09/19/2021,FEU,Z24,20,0.20636693106
09/19/2021,FEU,Z14,20,0.20636693106
09/19/2021,FEU,Z24,21,0.22435180634
09/19/2021,FEU,Z14,21,0.22435180634
09/19/2021,FEU,Z24,22,0.2287435769
09/19/2021,FEU,Z14,22,0.2287435769
09/19/2021,FEU,Z24,23,0.22431485248
09/19/2021,FEU,Z14,23,0.22431485248
09/19/2021,FEU,Z24,24,0.22049170764
09/19/2021,FEU,Z14,24,0.22049170764
09/19/2021,FEU,Z24,3,0.20198771424
09/19/2021,FEU,Z14,3,0.20198771424
09/19/2021,FEU,Z24,4,0.2030000691
09/19/2021,FEU,Z14,4,0.2030000691
09/19/2021,FEU,Z24,5,0.20321922596
09/19/2021,FEU,Z14,5,0.20321922596
09/19/2021,FEU,Z24,6,0.2036494491
09/19/2021,FEU,Z14,6,0.2036494491
09/19/2021,FEU,Z24,7,0.20334694624
09/19/2021,FEU,Z14,7,0.20334694624
09/19/2021,FEU,Z24,8,0.20383609238
09/19/2021,FEU,Z14,8,0.20383609238
09/19/2021,FEU,Z24,9,0.19041429378
09/19/2021,FEU,Z14,9,0.19041429378
09/20/2021,FEU,Z24,1,0.19385364764
09/20/2021,FEU,Z14,1,0.19385364764
09/20/2021,FEU,Z24,10,0.2359213204
09/20/2021,FEU,Z14,10,0.2359213204
09/20/2021,FEU,Z24,11,0.22445385124
09/20/2021,FEU,Z14,11,0.23694373868
09/20/2021,FEU,Z24,12,0.22502921854
09/20/2021,FEU,Z14,12,0.22502921854
09/20/2021,FEU,Z24,13,0.21660995468
09/20/2021,FEU,Z14,13,0.21660995468
09/20/2021,FEU,Z24,14,0.2104174861
09/20/2021,FEU,Z14,14,0.2104174861
09/20/2021,FEU,Z24,15,0.20271120482
09/20/2021,FEU,Z14,15,0.19049168524
09/20/2021,FEU,Z24,16,0.19632161068
09/20/2021,FEU,Z14,16,0.19632161068
09/20/2021,FEU,Z24,17,0.19283120896
09/20/2021,FEU,Z14,17,0.19283120896
09/20/2021,FEU,Z24,18,0.1943976011
09/20/2021,FEU,Z14,18,0.1943976011
09/20/2021,FEU,Z24,19,0.19960063296
09/20/2021,FEU,Z14,19,0.2120047604
09/20/2021,FEU,Z24,2,0.17908177066
09/20/2021,FEU,Z14,2,0.17908177066
09/20/2021,FEU,Z24,20,0.25051557842
09/20/2021,FEU,Z14,20,0.25051557842
09/20/2021,FEU,Z24,21,0.25895154444
09/20/2021,FEU,Z14,21,0.25895154444
09/20/2021,FEU,Z24,22,0.2517381533
09/20/2021,FEU,Z14,22,0.2517381533
09/20/2021,FEU,Z24,23,0.22736735476
09/20/2021,FEU,Z14,23,0.21488549132
09/20/2021,FEU,Z24,24,0.19165545262
09/20/2021,FEU,Z14,24,0.19165545262
09/20/2021,FEU,Z24,3,0.17857293024
09/20/2021,FEU,Z14,3,0.17857293024
09/20/2021,FEU,Z24,4,0.17864206968
09/20/2021,FEU,Z14,4,0.17864206968
09/20/2021,FEU,Z24,5,0.17793814382
09/20/2021,FEU,Z14,5,0.17793814382
09/20/2021,FEU,Z24,6,0.17655945708
09/20/2021,FEU,Z14,6,0.17655945708
09/20/2021,FEU,Z24,7,0.20285857234
09/20/2021,FEU,Z14,7,0.20285857234
09/20/2021,FEU,Z24,8,0.2217926433
09/20/2021,FEU,Z14,8,0.2217926433
09/20/2021,FEU,Z24,9,0.24806874244
09/20/2021,FEU,Z14,9,0.24806874244
09/21/2021,FEU,Z24,1,0.16364478902
09/21/2021,FEU,Z14,1,0.16364478902
09/21/2021,FEU,Z24,10,0.22838270552
09/21/2021,FEU,Z14,10,0.22838270552
09/21/2021,FEU,Z24,11,0.21013722494
09/21/2021,FEU,Z14,11,0.22257089738
09/21/2021,FEU,Z24,12,0.21475104896
09/21/2021,FEU,Z14,12,0.21475104896
09/21/2021,FEU,Z24,13,0.20768557982
09/21/2021,FEU,Z14,13,0.20768557982
09/21/2021,FEU,Z24,14,0.1938476211
09/21/2021,FEU,Z14,14,0.1938476211
09/21/2021,FEU,Z24,15,0.19148177668
09/21/2021,FEU,Z14,15,0.1792907511
09/21/2021,FEU,Z24,16,0.17840287296
09/21/2021,FEU,Z14,16,0.17840287296
09/21/2021,FEU,Z24,17,0.18254801524
09/21/2021,FEU,Z14,17,0.18254801524
09/21/2021,FEU,Z24,18,0.20194735324
09/21/2021,FEU,Z14,18,0.20194735324
09/21/2021,FEU,Z24,19,0.2213606611
09/21/2021,FEU,Z14,19,0.23366288468
09/21/2021,FEU,Z24,2,0.16165061304
09/21/2021,FEU,Z14,2,0.16165061304
09/21/2021,FEU,Z24,20,0.25675755242
09/21/2021,FEU,Z14,20,0.25675755242
09/21/2021,FEU,Z24,21,0.25937776186
09/21/2021,FEU,Z14,21,0.25937776186
09/21/2021,FEU,Z24,22,0.2553382883
09/21/2021,FEU,Z14,22,0.2553382883
09/21/2021,FEU,Z24,23,0.23390832104
09/21/2021,FEU,Z14,23,0.2214069976
09/21/2021,FEU,Z24,24,0.18749626462
09/21/2021,FEU,Z14,24,0.18749626462
09/21/2021,FEU,Z24,3,0.15442334862
09/21/2021,FEU,Z14,3,0.15442334862
09/21/2021,FEU,Z24,4,0.15413790076
09/21/2021,FEU,Z14,4,0.15413790076
09/21/2021,FEU,Z24,5,0.1536162219
09/21/2021,FEU,Z14,5,0.1536162219
09/21/2021,FEU,Z24,6,0.16287091318
09/21/2021,FEU,Z14,6,0.16287091318
09/21/2021,FEU,Z24,7,0.18830728132
09/21/2021,FEU,Z14,7,0.18830728132
09/21/2021,FEU,Z24,8,0.22117726728
09/21/2021,FEU,Z14,8,0.22117726728
09/21/2021,FEU,Z24,9,0.24640376356
09/21/2021,FEU,Z14,9,0.24640376356
09/22/2021,FEU,Z24,1,0.1952807733
09/22/2021,FEU,Z14,1,0.1952807733
09/22/2021,FEU,Z24,10,0.23768196124
09/22/2021,FEU,Z14,10,0.23768196124
09/22/2021,FEU,Z24,11,0.2312059618
09/22/2021,FEU,Z14,11,0.24352913138
09/22/2021,FEU,Z24,12,0.22888970496
09/22/2021,FEU,Z14,12,0.22888970496
09/22/2021,FEU,Z24,13,0.2430510061
09/22/2021,FEU,Z14,13,0.2430510061
09/22/2021,FEU,Z24,14,0.24324134938
09/22/2021,FEU,Z14,14,0.24324134938
09/22/2021,FEU,Z24,15,0.24050281082
09/22/2021,FEU,Z14,15,0.22800240638
09/22/2021,FEU,Z24,16,0.2086974661
09/22/2021,FEU,Z14,16,0.2086974661
09/22/2021,FEU,Z24,17,0.21115716096
09/22/2021,FEU,Z14,17,0.21115716096
09/22/2021,FEU,Z24,18,0.23168581696
09/22/2021,FEU,Z14,18,0.23168581696
09/22/2021,FEU,Z24,19,0.23766379354
09/22/2021,FEU,Z14,19,0.25001312612
09/22/2021,FEU,Z24,2,0.1854640776
09/22/2021,FEU,Z14,2,0.1854640776
09/22/2021,FEU,Z24,20,0.264584789
09/22/2021,FEU,Z14,20,0.264584789
09/22/2021,FEU,Z24,21,0.26635223816
09/22/2021,FEU,Z14,21,0.26635223816
09/22/2021,FEU,Z24,22,0.2659850783
09/22/2021,FEU,Z14,22,0.2659850783
09/22/2021,FEU,Z24,23,0.25559364104
09/22/2021,FEU,Z14,23,0.2430166376
09/22/2021,FEU,Z24,24,0.2395132069
09/22/2021,FEU,Z14,24,0.2395132069
09/22/2021,FEU,Z24,3,0.18234069618
09/22/2021,FEU,Z14,3,0.18234069618
09/22/2021,FEU,Z24,4,0.1861651569
09/22/2021,FEU,Z14,4,0.1861651569
09/22/2021,FEU,Z24,5,0.1970579069
09/22/2021,FEU,Z14,5,0.1970579069
09/22/2021,FEU,Z24,6,0.21037947132
09/22/2021,FEU,Z14,6,0.21037947132
09/22/2021,FEU,Z24,7,0.21969871132
09/22/2021,FEU,Z14,7,0.21969871132
09/22/2021,FEU,Z24,8,0.23217969928
09/22/2021,FEU,Z14,8,0.23217969928
09/22/2021,FEU,Z24,9,0.25341686728
09/22/2021,FEU,Z14,9,0.25341686728
09/23/2021,FEU,Z24,1,0.19698774644
09/23/2021,FEU,Z14,1,0.19698774644
09/23/2021,FEU,Z24,10,0.23357979382
09/23/2021,FEU,Z14,10,0.23357979382
09/23/2021,FEU,Z24,11,0.22782750124
09/23/2021,FEU,Z14,11,0.24014465582
09/23/2021,FEU,Z24,12,0.2395152404
09/23/2021,FEU,Z14,12,0.2395152404
09/23/2021,FEU,Z24,13,0.24072802326
09/23/2021,FEU,Z14,13,0.24072802326
09/23/2021,FEU,Z24,14,0.24115703926
09/23/2021,FEU,Z14,14,0.24115703926
09/23/2021,FEU,Z24,15,0.23513057498
09/23/2021,FEU,Z14,15,0.2228204404
09/23/2021,FEU,Z24,16,0.18440282012
09/23/2021,FEU,Z14,16,0.18440282012
09/23/2021,FEU,Z24,17,0.18229576068
09/23/2021,FEU,Z14,17,0.18229576068
09/23/2021,FEU,Z24,18,0.22285109854
09/23/2021,FEU,Z14,18,0.22285109854
09/23/2021,FEU,Z24,19,0.23096159698
09/23/2021,FEU,Z14,19,0.24329736956
09/23/2021,FEU,Z24,2,0.1718862776
09/23/2021,FEU,Z14,2,0.1718862776
09/23/2021,FEU,Z24,20,0.2570153483
09/23/2021,FEU,Z14,20,0.2570153483
09/23/2021,FEU,Z24,21,0.2638553576
09/23/2021,FEU,Z14,21,0.2638553576
09/23/2021,FEU,Z24,22,0.26203885532
09/23/2021,FEU,Z14,22,0.26203885532
09/23/2021,FEU,Z24,23,0.2567604062
09/23/2021,FEU,Z14,23,0.24417432676
09/23/2021,FEU,Z24,24,0.23628696564
09/23/2021,FEU,Z14,24,0.23628696564
09/23/2021,FEU,Z24,3,0.16542052932
09/23/2021,FEU,Z14,3,0.16542052932
09/23/2021,FEU,Z24,4,0.16388432904
09/23/2021,FEU,Z14,4,0.16388432904
09/23/2021,FEU,Z24,5,0.16392041304
09/23/2021,FEU,Z14,5,0.16392041304
09/23/2021,FEU,Z24,6,0.16529021774
09/23/2021,FEU,Z14,6,0.16529021774
09/23/2021,FEU,Z24,7,0.19966503072
09/23/2021,FEU,Z14,7,0.19966503072
09/23/2021,FEU,Z24,8,0.2107787297
09/23/2021,FEU,Z14,8,0.2107787297
09/23/2021,FEU,Z24,9,0.24005988728
09/23/2021,FEU,Z14,9,0.24005988728
09/24/2021,FEU,Z24,1,0.20167260532
09/24/2021,FEU,Z14,1,0.20167260532
09/24/2021,FEU,Z24,10,0.23473884154
09/24/2021,FEU,Z14,10,0.23473884154
09/24/2021,FEU,Z24,11,0.23029080896
09/24/2021,FEU,Z14,11,0.2428018604
09/24/2021,FEU,Z24,12,0.24304464212
09/24/2021,FEU,Z14,12,0.24304464212
09/24/2021,FEU,Z24,13,0.24273173412
09/24/2021,FEU,Z14,13,0.24273173412
09/24/2021,FEU,Z24,14,0.24285912454
09/24/2021,FEU,Z14,14,0.24285912454
09/24/2021,FEU,Z24,15,0.24331216898
09/24/2021,FEU,Z14,15,0.2309794204
09/24/2021,FEU,Z24,16,0.22824142384
09/24/2021,FEU,Z14,16,0.22824142384
09/24/2021,FEU,Z24,17,0.2303079604
09/24/2021,FEU,Z14,17,0.2303079604
09/24/2021,FEU,Z24,18,0.2311071004
09/24/2021,FEU,Z14,18,0.2311071004
09/24/2021,FEU,Z24,19,0.22823963212
09/24/2021,FEU,Z14,19,0.2405672297
09/24/2021,FEU,Z24,2,0.19330778862
09/24/2021,FEU,Z14,2,0.19330778862
09/24/2021,FEU,Z24,20,0.24994092358
09/24/2021,FEU,Z14,20,0.24994092358
09/24/2021,FEU,Z24,21,0.2605226776
09/24/2021,FEU,Z14,21,0.2605226776
09/24/2021,FEU,Z24,22,0.25897851818
09/24/2021,FEU,Z14,22,0.25897851818
09/24/2021,FEU,Z24,23,0.25069978706
09/24/2021,FEU,Z14,23,0.23813356162
09/24/2021,FEU,Z24,24,0.23186474878
09/24/2021,FEU,Z14,24,0.23186474878
09/24/2021,FEU,Z24,3,0.18356188934
09/24/2021,FEU,Z14,3,0.18356188934
09/24/2021,FEU,Z24,4,0.18240007406
09/24/2021,FEU,Z14,4,0.18240007406
09/24/2021,FEU,Z24,5,0.18849240392
09/24/2021,FEU,Z14,5,0.18849240392
09/24/2021,FEU,Z24,6,0.18936625876
09/24/2021,FEU,Z14,6,0.18936625876
09/24/2021,FEU,Z24,7,0.20315078346
09/24/2021,FEU,Z14,7,0.20315078346
09/24/2021,FEU,Z24,8,0.21298142814
09/24/2021,FEU,Z14,8,0.21298142814
09/24/2021,FEU,Z24,9,0.23725413086
09/24/2021,FEU,Z14,9,0.23725413086
09/25/2021,FEU,Z24,1,0.2233856376
09/25/2021,FEU,Z14,1,0.2233856376
09/25/2021,FEU,Z24,10,0.2139057247
09/25/2021,FEU,Z14,10,0.2139057247
09/25/2021,FEU,Z24,11,0.20726082612
09/25/2021,FEU,Z14,11,0.20726082612
09/25/2021,FEU,Z24,12,0.19490210212
09/25/2021,FEU,Z14,12,0.19490210212
09/25/2021,FEU,Z24,13,0.1837177997
09/25/2021,FEU,Z14,13,0.1837177997
09/25/2021,FEU,Z24,14,0.15813769612
09/25/2021,FEU,Z14,14,0.15813769612
09/25/2021,FEU,Z24,15,0.15334331898
09/25/2021,FEU,Z14,15,0.15334331898
09/25/2021,FEU,Z24,16,0.14129483528
09/25/2021,FEU,Z14,16,0.14129483528
09/25/2021,FEU,Z24,17,0.15440090942
09/25/2021,FEU,Z14,17,0.15440090942
09/25/2021,FEU,Z24,18,0.1834498697
09/25/2021,FEU,Z14,18,0.1834498697
09/25/2021,FEU,Z24,19,0.208298039
09/25/2021,FEU,Z14,19,0.208298039
09/25/2021,FEU,Z24,2,0.22427763462
09/25/2021,FEU,Z14,2,0.22427763462
09/25/2021,FEU,Z24,20,0.22495901474
09/25/2021,FEU,Z14,20,0.22495901474
09/25/2021,FEU,Z24,21,0.22737321918
09/25/2021,FEU,Z14,21,0.22737321918
09/25/2021,FEU,Z24,22,0.22757957304
09/25/2021,FEU,Z14,22,0.22757957304
09/25/2021,FEU,Z24,23,0.22328319706
09/25/2021,FEU,Z14,23,0.22328319706
09/25/2021,FEU,Z24,24,0.20849420122
09/25/2021,FEU,Z14,24,0.20849420122
09/25/2021,FEU,Z24,3,0.21953167278
09/25/2021,FEU,Z14,3,0.21953167278
09/25/2021,FEU,Z24,4,0.21398969136
09/25/2021,FEU,Z14,4,0.21398969136
09/25/2021,FEU,Z24,5,0.20702771994
09/25/2021,FEU,Z14,5,0.20702771994
09/25/2021,FEU,Z24,6,0.20702530522
09/25/2021,FEU,Z14,6,0.20702530522
09/25/2021,FEU,Z24,7,0.20637178578
09/25/2021,FEU,Z14,7,0.20637178578
09/25/2021,FEU,Z24,8,0.21710992062
09/25/2021,FEU,Z14,8,0.21710992062
09/25/2021,FEU,Z24,9,0.21419190474
09/25/2021,FEU,Z14,9,0.21419190474
09/26/2021,FEU,Z24,1,0.22191107364
09/26/2021,FEU,Z14,1,0.22191107364
09/26/2021,FEU,Z24,10,0.20237821774
09/26/2021,FEU,Z14,10,0.20237821774
09/26/2021,FEU,Z24,11,0.18549769058
09/26/2021,FEU,Z14,11,0.18549769058
09/26/2021,FEU,Z24,12,0.15976964858
09/26/2021,FEU,Z14,12,0.15976964858
09/26/2021,FEU,Z24,13,0.15947779816
09/26/2021,FEU,Z14,13,0.15947779816
09/26/2021,FEU,Z24,14,0.16883520672
09/26/2021,FEU,Z14,14,0.16883520672
09/26/2021,FEU,Z24,15,0.16506931872
09/26/2021,FEU,Z14,15,0.16506931872
09/26/2021,FEU,Z24,16,0.15578644502
09/26/2021,FEU,Z14,16,0.15578644502
09/26/2021,FEU,Z24,17,0.14424045974
09/26/2021,FEU,Z14,17,0.14424045974
09/26/2021,FEU,Z24,18,0.17097250746
09/26/2021,FEU,Z14,18,0.17097250746
09/26/2021,FEU,Z24,19,0.2089805169
09/26/2021,FEU,Z14,19,0.2089805169
09/26/2021,FEU,Z24,2,0.20952955794
09/26/2021,FEU,Z14,2,0.20952955794
09/26/2021,FEU,Z24,20,0.22731377906
09/26/2021,FEU,Z14,20,0.22731377906
09/26/2021,FEU,Z24,21,0.23529364634
09/26/2021,FEU,Z14,21,0.23529364634
09/26/2021,FEU,Z24,22,0.2389268419
09/26/2021,FEU,Z14,22,0.2389268419
09/26/2021,FEU,Z24,23,0.22986402048
09/26/2021,FEU,Z14,23,0.22986402048
09/26/2021,FEU,Z24,24,0.22674912764
09/26/2021,FEU,Z14,24,0.22674912764
09/26/2021,FEU,Z24,3,0.20524608224
09/26/2021,FEU,Z14,3,0.20524608224
09/26/2021,FEU,Z24,4,0.1962029091
09/26/2021,FEU,Z14,4,0.1962029091
09/26/2021,FEU,Z24,5,0.19670452796
09/26/2021,FEU,Z14,5,0.19670452796
09/26/2021,FEU,Z24,6,0.1966235841
09/26/2021,FEU,Z14,6,0.1966235841
09/26/2021,FEU,Z24,7,0.20790179424
09/26/2021,FEU,Z14,7,0.20790179424
09/26/2021,FEU,Z24,8,0.21734713538
09/26/2021,FEU,Z14,8,0.21734713538
09/26/2021,FEU,Z24,9,0.21431534178
09/26/2021,FEU,Z14,9,0.21431534178
09/27/2021,FEU,Z24,1,0.20933635964
09/27/2021,FEU,Z14,1,0.20933635964
09/27/2021,FEU,Z24,10,0.2419051804
09/27/2021,FEU,Z14,10,0.2419051804
09/27/2021,FEU,Z24,11,0.23691084124
09/27/2021,FEU,Z14,11,0.24944466868
09/27/2021,FEU,Z24,12,0.24755408254
09/27/2021,FEU,Z14,12,0.24755408254
09/27/2021,FEU,Z24,13,0.24424514668
09/27/2021,FEU,Z14,13,0.24424514668
09/27/2021,FEU,Z24,14,0.2436956861
09/27/2021,FEU,Z14,14,0.2436956861
09/27/2021,FEU,Z24,15,0.24243116282
09/27/2021,FEU,Z14,15,0.23010684124
09/27/2021,FEU,Z24,16,0.22798873668
09/27/2021,FEU,Z14,16,0.22798873668
09/27/2021,FEU,Z24,17,0.22392466496
09/27/2021,FEU,Z14,17,0.22392466496
09/27/2021,FEU,Z24,18,0.2320194461
09/27/2021,FEU,Z14,18,0.2320194461
09/27/2021,FEU,Z24,19,0.23406119296
09/27/2021,FEU,Z14,19,0.2465866604
09/27/2021,FEU,Z24,2,0.19131102566
09/27/2021,FEU,Z14,2,0.19131102566
09/27/2021,FEU,Z24,20,0.25589500842
09/27/2021,FEU,Z14,20,0.25589500842
09/27/2021,FEU,Z24,21,0.26589977844
09/27/2021,FEU,Z14,21,0.26589977844
09/27/2021,FEU,Z24,22,0.2655507983
09/27/2021,FEU,Z14,22,0.2655507983
09/27/2021,FEU,Z24,23,0.26151832876
09/27/2021,FEU,Z14,23,0.24891930932
09/27/2021,FEU,Z24,24,0.24216204562
09/27/2021,FEU,Z14,24,0.24216204562
09/27/2021,FEU,Z24,3,0.17756297824
09/27/2021,FEU,Z14,3,0.17756297824
09/27/2021,FEU,Z24,4,0.17563880568
09/27/2021,FEU,Z14,4,0.17563880568
09/27/2021,FEU,Z24,5,0.17649237782
09/27/2021,FEU,Z14,5,0.17649237782
09/27/2021,FEU,Z24,6,0.17829465108
09/27/2021,FEU,Z14,6,0.17829465108
09/27/2021,FEU,Z24,7,0.21413357734
09/27/2021,FEU,Z14,7,0.21413357734
09/27/2021,FEU,Z24,8,0.2215466283
09/27/2021,FEU,Z14,8,0.2215466283
09/27/2021,FEU,Z24,9,0.24825569044
09/27/2021,FEU,Z14,9,0.24825569044
09/28/2021,FEU,Z24,1,0.22727400402
09/28/2021,FEU,Z14,1,0.22727400402
09/28/2021,FEU,Z24,10,0.24373602152
09/28/2021,FEU,Z14,10,0.24373602152
09/28/2021,FEU,Z24,11,0.24009862694
09/28/2021,FEU,Z14,11,0.25263958438
09/28/2021,FEU,Z24,12,0.24949901696
09/28/2021,FEU,Z14,12,0.24949901696
09/28/2021,FEU,Z24,13,0.24491209682
09/28/2021,FEU,Z14,13,0.24491209682
09/28/2021,FEU,Z24,14,0.2443755511
09/28/2021,FEU,Z14,14,0.2443755511
09/28/2021,FEU,Z24,15,0.23531412268
09/28/2021,FEU,Z14,15,0.2230086811
09/28/2021,FEU,Z24,16,0.20379928896
09/28/2021,FEU,Z14,16,0.20379928896
09/28/2021,FEU,Z24,17,0.21527865724
09/28/2021,FEU,Z14,17,0.21527865724
09/28/2021,FEU,Z24,18,0.23274339124
09/28/2021,FEU,Z14,18,0.23274339124
09/28/2021,FEU,Z24,19,0.2425851611
09/28/2021,FEU,Z14,19,0.25494348468
09/28/2021,FEU,Z24,2,0.22786358904
09/28/2021,FEU,Z14,2,0.22786358904
09/28/2021,FEU,Z24,20,0.25910890242
09/28/2021,FEU,Z14,20,0.25910890242
09/28/2021,FEU,Z24,21,0.26561733286
09/28/2021,FEU,Z14,21,0.26561733286
09/28/2021,FEU,Z24,22,0.2596649183
09/28/2021,FEU,Z14,22,0.2596649183
09/28/2021,FEU,Z24,23,0.25702303304
09/28/2021,FEU,Z14,23,0.2444422776
09/28/2021,FEU,Z24,24,0.21103815562
09/28/2021,FEU,Z14,24,0.21103815562
09/28/2021,FEU,Z24,3,0.22559284362
09/28/2021,FEU,Z14,3,0.22559284362
09/28/2021,FEU,Z24,4,0.21983617076
09/28/2021,FEU,Z14,4,0.21983617076
09/28/2021,FEU,Z24,5,0.2195540569
09/28/2021,FEU,Z14,5,0.2195540569
09/28/2021,FEU,Z24,6,0.22497627618
09/28/2021,FEU,Z14,6,0.22497627618
09/28/2021,FEU,Z24,7,0.22664747132
09/28/2021,FEU,Z14,7,0.22664747132
09/28/2021,FEU,Z24,8,0.22699303528
09/28/2021,FEU,Z14,8,0.22699303528
09/28/2021,FEU,Z24,9,0.25154701156
09/28/2021,FEU,Z14,9,0.25154701156
09/29/2021,FEU,Z24,1,0.2212186083
09/29/2021,FEU,Z14,1,0.2212186083
09/29/2021,FEU,Z24,10,0.25573410724
09/29/2021,FEU,Z14,10,0.25573410724
09/29/2021,FEU,Z24,11,0.2486667218
09/29/2021,FEU,Z14,11,0.26103624738
09/29/2021,FEU,Z24,12,0.25396236096
09/29/2021,FEU,Z14,12,0.25396236096
09/29/2021,FEU,Z24,13,0.2564973511
09/29/2021,FEU,Z14,13,0.2564973511
09/29/2021,FEU,Z24,14,0.25759645938
09/29/2021,FEU,Z14,14,0.25759645938
09/29/2021,FEU,Z24,15,0.25621273982
09/29/2021,FEU,Z14,15,0.24365706738
09/29/2021,FEU,Z24,16,0.2402584111
09/29/2021,FEU,Z14,16,0.2402584111
09/29/2021,FEU,Z24,17,0.24012743296
09/29/2021,FEU,Z14,17,0.24012743296
09/29/2021,FEU,Z24,18,0.24441810496
09/29/2021,FEU,Z14,18,0.24441810496
09/29/2021,FEU,Z24,19,0.24991032154
09/29/2021,FEU,Z14,19,0.26229076812
09/29/2021,FEU,Z24,2,0.2123621576
09/29/2021,FEU,Z14,2,0.2123621576
09/29/2021,FEU,Z24,20,0.272021839
09/29/2021,FEU,Z14,20,0.272021839
09/29/2021,FEU,Z24,21,0.28286569816
09/29/2021,FEU,Z14,21,0.28286569816
09/29/2021,FEU,Z24,22,0.2780975633
09/29/2021,FEU,Z14,22,0.2780975633
09/29/2021,FEU,Z24,23,0.27541074104
09/29/2021,FEU,Z14,23,0.2627656376
09/29/2021,FEU,Z24,24,0.2597970219
09/29/2021,FEU,Z14,24,0.2597970219
09/29/2021,FEU,Z24,3,0.21257869618
09/29/2021,FEU,Z14,3,0.21257869618
09/29/2021,FEU,Z24,4,0.2057756019
09/29/2021,FEU,Z14,4,0.2057756019
09/29/2021,FEU,Z24,5,0.2138653619
09/29/2021,FEU,Z14,5,0.2138653619
09/29/2021,FEU,Z24,6,0.22006474132
09/29/2021,FEU,Z14,6,0.22006474132
09/29/2021,FEU,Z24,7,0.23660348732
09/29/2021,FEU,Z14,7,0.23660348732
09/29/2021,FEU,Z24,8,0.23925367528
09/29/2021,FEU,Z14,8,0.23925367528
09/29/2021,FEU,Z24,9,0.26408063928
09/29/2021,FEU,Z14,9,0.26408063928
09/30/2021,FEU,Z24,1,0.20583200244
09/30/2021,FEU,Z14,1,0.20583200244
09/30/2021,FEU,Z24,10,0.26057899582
09/30/2021,FEU,Z14,10,0.26057899582
09/30/2021,FEU,Z24,11,0.25092141124
09/30/2021,FEU,Z14,11,0.26330079782
09/30/2021,FEU,Z24,12,0.2567018804
09/30/2021,FEU,Z14,12,0.2567018804
09/30/2021,FEU,Z24,13,0.26004971726
09/30/2021,FEU,Z14,13,0.26004971726
09/30/2021,FEU,Z24,14,0.26337459126
09/30/2021,FEU,Z14,14,0.26337459126
09/30/2021,FEU,Z24,15,0.26047431398
09/30/2021,FEU,Z14,15,0.2480965204
09/30/2021,FEU,Z24,16,0.24848272412
09/30/2021,FEU,Z14,16,0.24848272412
09/30/2021,FEU,Z24,17,0.25207792068
09/30/2021,FEU,Z14,17,0.25207792068
09/30/2021,FEU,Z24,18,0.25825919154
09/30/2021,FEU,Z14,18,0.25825919154
09/30/2021,FEU,Z24,19,0.26216549698
09/30/2021,FEU,Z14,19,0.27458316956
09/30/2021,FEU,Z24,2,0.1938253576
09/30/2021,FEU,Z14,2,0.1938253576
09/30/2021,FEU,Z24,20,0.2961201833
09/30/2021,FEU,Z14,20,0.2961201833
09/30/2021,FEU,Z24,21,0.2978909176
09/30/2021,FEU,Z14,21,0.2978909176
09/30/2021,FEU,Z24,22,0.29754725132
09/30/2021,FEU,Z14,22,0.29754725132
09/30/2021,FEU,Z24,23,0.2892466262
09/30/2021,FEU,Z14,23,0.27655064876
09/30/2021,FEU,Z24,24,0.27052902364
09/30/2021,FEU,Z14,24,0.27052902364
09/30/2021,FEU,Z24,3,0.18115865732
09/30/2021,FEU,Z14,3,0.18115865732
09/30/2021,FEU,Z24,4,0.18164580504
09/30/2021,FEU,Z14,4,0.18164580504
09/30/2021,FEU,Z24,5,0.18356058504
09/30/2021,FEU,Z14,5,0.18356058504
09/30/2021,FEU,Z24,6,0.19847238774
09/30/2021,FEU,Z14,6,0.19847238774
09/30/2021,FEU,Z24,7,0.23167565472
09/30/2021,FEU,Z14,7,0.23167565472
09/30/2021,FEU,Z24,8,0.2425135497
09/30/2021,FEU,Z14,8,0.2425135497
09/30/2021,FEU,Z24,9,0.26482683928
09/30/2021,FEU,Z14,9,0.26482683928
10/01/2021,FEU,Z24,1,0.27271795536
10/01/2021,FEU,Z14,1,0.27271795536
10/01/2021,FEU,Z24,10,0.28873583958
10/01/2021,FEU,Z14,10,0.28873583958
10/01/2021,FEU,Z24,11,0.28226628786
10/01/2021,FEU,Z14,11,0.29474400844
10/01/2021,FEU,Z24,12,0.28763250986
10/01/2021,FEU,Z14,12,0.28763250986
10/01/2021,FEU,Z24,13,0.28163336156
10/01/2021,FEU,Z14,13,0.28163336156
10/01/2021,FEU,Z24,14,0.27597682298
10/01/2021,FEU,Z14,14,0.27597682298
10/01/2021,FEU,Z24,15,0.27279937876
10/01/2021,FEU,Z14,15,0.26016165932
10/01/2021,FEU,Z24,16,0.26145381248
10/01/2021,FEU,Z14,16,0.26145381248
10/01/2021,FEU,Z24,17,0.26123666062
10/01/2021,FEU,Z14,17,0.26123666062
10/01/2021,FEU,Z24,18,0.2634571462
10/01/2021,FEU,Z14,18,0.2634571462
10/01/2021,FEU,Z24,19,0.26787304616
10/01/2021,FEU,Z14,19,0.28031684474
10/01/2021,FEU,Z24,2,0.27035973138
10/01/2021,FEU,Z14,2,0.27035973138
10/01/2021,FEU,Z24,20,0.29972422318
10/01/2021,FEU,Z14,20,0.29972422318
10/01/2021,FEU,Z24,21,0.30989541746
10/01/2021,FEU,Z14,21,0.30989541746
10/01/2021,FEU,Z24,22,0.3115421462
10/01/2021,FEU,Z14,22,0.3115421462
10/01/2021,FEU,Z24,23,0.3100345313
10/01/2021,FEU,Z14,23,0.297012832
10/01/2021,FEU,Z24,24,0.29324825716
10/01/2021,FEU,Z14,24,0.29324825716
10/01/2021,FEU,Z24,3,0.26973790968
10/01/2021,FEU,Z14,3,0.26973790968
10/01/2021,FEU,Z24,4,0.26712838926
10/01/2021,FEU,Z14,4,0.26712838926
10/01/2021,FEU,Z24,5,0.26616586512
10/01/2021,FEU,Z14,5,0.26616586512
10/01/2021,FEU,Z24,6,0.26663841768
10/01/2021,FEU,Z14,6,0.26663841768
10/01/2021,FEU,Z24,7,0.26969920508
10/01/2021,FEU,Z14,7,0.26969920508
10/01/2021,FEU,Z24,8,0.27185528046
10/01/2021,FEU,Z14,8,0.27185528046
10/01/2021,FEU,Z24,9,0.3032452134
10/01/2021,FEU,Z14,9,0.3032452134
10/02/2021,FEU,Z24,1,0.28815629052
10/02/2021,FEU,Z14,1,0.28815629052
10/02/2021,FEU,Z24,10,0.26136139362
10/02/2021,FEU,Z14,10,0.26136139362
10/02/2021,FEU,Z24,11,0.2496420033
10/02/2021,FEU,Z14,11,0.2496420033
10/02/2021,FEU,Z24,12,0.197323589
10/02/2021,FEU,Z14,12,0.197323589
10/02/2021,FEU,Z24,13,0.17433596214
10/02/2021,FEU,Z14,13,0.17433596214
10/02/2021,FEU,Z24,14,0.16343509956
10/02/2021,FEU,Z14,14,0.16343509956
10/02/2021,FEU,Z24,15,0.15945459142
10/02/2021,FEU,Z14,15,0.15945459142
10/02/2021,FEU,Z24,16,0.08431695644
10/02/2021,FEU,Z14,16,0.08431695644
10/02/2021,FEU,Z24,17,0.07610630388
10/02/2021,FEU,Z14,17,0.07610630388
10/02/2021,FEU,Z24,18,0.12201315774
10/02/2021,FEU,Z14,18,0.12201315774
10/02/2021,FEU,Z24,19,0.1700221062
10/02/2021,FEU,Z14,19,0.1700221062
10/02/2021,FEU,Z24,2,0.2858960834
10/02/2021,FEU,Z14,2,0.2858960834
10/02/2021,FEU,Z24,20,0.1975606105
10/02/2021,FEU,Z14,20,0.1975606105
10/02/2021,FEU,Z24,21,0.25657121406
10/02/2021,FEU,Z14,21,0.25657121406
10/02/2021,FEU,Z24,22,0.25580412894
10/02/2021,FEU,Z14,22,0.25580412894
10/02/2021,FEU,Z24,23,0.2010033441
10/02/2021,FEU,Z14,23,0.2010033441
10/02/2021,FEU,Z24,24,0.18260597854
10/02/2021,FEU,Z14,24,0.18260597854
10/02/2021,FEU,Z24,3,0.28002298056
10/02/2021,FEU,Z14,3,0.28002298056
10/02/2021,FEU,Z24,4,0.27713291028
10/02/2021,FEU,Z14,4,0.27713291028
10/02/2021,FEU,Z24,5,0.27525802714
10/02/2021,FEU,Z14,5,0.27525802714
10/02/2021,FEU,Z24,6,0.27341996014
10/02/2021,FEU,Z14,6,0.27341996014
10/02/2021,FEU,Z24,7,0.27301800856
10/02/2021,FEU,Z14,7,0.27301800856
10/02/2021,FEU,Z24,8,0.2703104391
10/02/2021,FEU,Z14,8,0.2703104391
10/02/2021,FEU,Z24,9,0.2668621548
10/02/2021,FEU,Z14,9,0.2668621548
10/03/2021,FEU,Z24,1,0.16052037298
10/03/2021,FEU,Z14,1,0.16052037298
10/03/2021,FEU,Z24,10,0.17178011652
10/03/2021,FEU,Z14,10,0.17178011652
10/03/2021,FEU,Z24,11,0.1714838355
10/03/2021,FEU,Z14,11,0.1714838355
10/03/2021,FEU,Z24,12,0.17113230848
10/03/2021,FEU,Z14,12,0.17113230848
10/03/2021,FEU,Z24,13,0.17068146048
10/03/2021,FEU,Z14,13,0.17068146048
10/03/2021,FEU,Z24,14,0.16961282418
10/03/2021,FEU,Z14,14,0.16961282418
10/03/2021,FEU,Z24,15,0.15362622618
10/03/2021,FEU,Z14,15,0.15362622618
10/03/2021,FEU,Z24,16,0.0870527262
10/03/2021,FEU,Z14,16,0.0870527262
10/03/2021,FEU,Z24,17,0.0944016148
10/03/2021,FEU,Z14,17,0.0944016148
10/03/2021,FEU,Z24,18,0.1486227891
10/03/2021,FEU,Z14,18,0.1486227891
10/03/2021,FEU,Z24,19,0.17067612852
10/03/2021,FEU,Z14,19,0.17067612852
10/03/2021,FEU,Z24,2,0.13027934086
10/03/2021,FEU,Z14,2,0.13027934086
10/03/2021,FEU,Z24,20,0.20008546754
10/03/2021,FEU,Z14,20,0.20008546754
10/03/2021,FEU,Z24,21,0.25532509368
10/03/2021,FEU,Z14,21,0.25532509368
10/03/2021,FEU,Z24,22,0.25956016452
10/03/2021,FEU,Z14,22,0.25956016452
10/03/2021,FEU,Z24,23,0.25002115796
10/03/2021,FEU,Z14,23,0.25002115796
10/03/2021,FEU,Z24,24,0.20604199926
10/03/2021,FEU,Z14,24,0.20604199926
10/03/2021,FEU,Z24,3,0.09726214218
10/03/2021,FEU,Z14,3,0.09726214218
10/03/2021,FEU,Z24,4,0.09241354288
10/03/2021,FEU,Z14,4,0.09241354288
10/03/2021,FEU,Z24,5,0.08076448246
10/03/2021,FEU,Z14,5,0.08076448246
10/03/2021,FEU,Z24,6,0.04885058232
10/03/2021,FEU,Z14,6,0.04885058232
10/03/2021,FEU,Z24,7,0.08433202288
10/03/2021,FEU,Z14,7,0.08433202288
10/03/2021,FEU,Z24,8,0.13392573772
10/03/2021,FEU,Z14,8,0.13392573772
10/03/2021,FEU,Z24,9,0.13604573826
10/03/2021,FEU,Z14,9,0.13604573826
10/04/2021,FEU,Z24,1,0.19990655994
10/04/2021,FEU,Z14,1,0.19990655994
10/04/2021,FEU,Z24,10,0.27606939844
10/04/2021,FEU,Z14,10,0.27606939844
10/04/2021,FEU,Z24,11,0.25801932186
10/04/2021,FEU,Z14,11,0.2706408833
10/04/2021,FEU,Z24,12,0.25645056914
10/04/2021,FEU,Z14,12,0.25645056914
10/04/2021,FEU,Z24,13,0.23825210798
10/04/2021,FEU,Z14,13,0.23825210798
10/04/2021,FEU,Z24,14,0.23136840026
10/04/2021,FEU,Z14,14,0.23136840026
10/04/2021,FEU,Z24,15,0.2252351919
10/04/2021,FEU,Z14,15,0.21276273946
10/04/2021,FEU,Z24,16,0.21467569462
10/04/2021,FEU,Z14,16,0.21467569462
10/04/2021,FEU,Z24,17,0.22042983334
10/04/2021,FEU,Z14,17,0.22042983334
10/04/2021,FEU,Z24,18,0.25222232392
10/04/2021,FEU,Z14,18,0.25222232392
10/04/2021,FEU,Z24,19,0.27521564802
10/04/2021,FEU,Z14,19,0.28790143346
10/04/2021,FEU,Z24,2,0.1969661934
10/04/2021,FEU,Z14,2,0.1969661934
10/04/2021,FEU,Z24,20,0.31144029362
10/04/2021,FEU,Z14,20,0.31144029362
10/04/2021,FEU,Z24,21,0.33426040476
10/04/2021,FEU,Z14,21,0.33426040476
10/04/2021,FEU,Z24,22,0.32993693964
10/04/2021,FEU,Z14,22,0.32993693964
10/04/2021,FEU,Z24,23,0.30525140174
10/04/2021,FEU,Z14,23,0.29224728744
10/04/2021,FEU,Z24,24,0.27587366604
10/04/2021,FEU,Z14,24,0.27587366604
10/04/2021,FEU,Z24,3,0.18827646942
10/04/2021,FEU,Z14,3,0.18827646942
10/04/2021,FEU,Z24,4,0.19146308486
10/04/2021,FEU,Z14,4,0.19146308486
10/04/2021,FEU,Z24,5,0.19809638214
10/04/2021,FEU,Z14,5,0.19809638214
10/04/2021,FEU,Z24,6,0.20353997656
10/04/2021,FEU,Z14,6,0.20353997656
10/04/2021,FEU,Z24,7,0.24900017652
10/04/2021,FEU,Z14,7,0.24900017652
10/04/2021,FEU,Z24,8,0.26626279276
10/04/2021,FEU,Z14,8,0.26626279276
10/04/2021,FEU,Z24,9,0.29581697298
10/04/2021,FEU,Z14,9,0.29581697298
10/05/2021,FEU,Z24,1,0.24948687938
10/05/2021,FEU,Z14,1,0.24948687938
10/05/2021,FEU,Z24,10,0.29057287044
10/05/2021,FEU,Z14,10,0.29057287044
10/05/2021,FEU,Z24,11,0.26505988328
10/05/2021,FEU,Z14,11,0.27748989786
10/05/2021,FEU,Z24,12,0.26692485314
10/05/2021,FEU,Z14,12,0.26692485314
10/05/2021,FEU,Z24,13,0.2650358797
10/05/2021,FEU,Z14,13,0.2650358797
10/05/2021,FEU,Z24,14,0.2653267097
10/05/2021,FEU,Z14,14,0.2653267097
10/05/2021,FEU,Z24,15,0.25493989248
10/05/2021,FEU,Z14,15,0.24236290504
10/05/2021,FEU,Z24,16,0.22786769006
10/05/2021,FEU,Z14,16,0.22786769006
10/05/2021,FEU,Z24,17,0.23169568906
10/05/2021,FEU,Z14,17,0.23169568906
10/05/2021,FEU,Z24,18,0.2605069355
10/05/2021,FEU,Z14,18,0.2605069355
10/05/2021,FEU,Z24,19,0.28438505474
10/05/2021,FEU,Z14,19,0.29710398418
10/05/2021,FEU,Z24,2,0.23529176826
10/05/2021,FEU,Z14,2,0.23529176826
10/05/2021,FEU,Z24,20,0.33386769962
10/05/2021,FEU,Z14,20,0.33386769962
10/05/2021,FEU,Z24,21,0.34396224962
10/05/2021,FEU,Z14,21,0.34396224962
10/05/2021,FEU,Z24,22,0.34255641878
10/05/2021,FEU,Z14,22,0.34255641878
10/05/2021,FEU,Z24,23,0.34467043916
10/05/2021,FEU,Z14,23,0.33150339386
10/05/2021,FEU,Z24,24,0.3128091506
10/05/2021,FEU,Z14,24,0.3128091506
10/05/2021,FEU,Z24,3,0.21565545042
10/05/2021,FEU,Z14,3,0.21565545042
10/05/2021,FEU,Z24,4,0.21535718614
10/05/2021,FEU,Z14,4,0.21535718614
10/05/2021,FEU,Z24,5,0.21273322228
10/05/2021,FEU,Z14,5,0.21273322228
10/05/2021,FEU,Z24,6,0.21457908726
10/05/2021,FEU,Z14,6,0.21457908726
10/05/2021,FEU,Z24,7,0.24916802052
10/05/2021,FEU,Z14,7,0.24916802052
10/05/2021,FEU,Z24,8,0.27626590676
10/05/2021,FEU,Z14,8,0.27626590676
10/05/2021,FEU,Z24,9,0.30414888498
10/05/2021,FEU,Z14,9,0.30414888498
10/06/2021,FEU,Z24,1,0.29567127166
10/06/2021,FEU,Z14,1,0.29567127166
10/06/2021,FEU,Z24,10,0.30922593214
10/06/2021,FEU,Z14,10,0.30922593214
10/06/2021,FEU,Z24,11,0.29445499984
10/06/2021,FEU,Z14,11,0.30695715442
10/06/2021,FEU,Z24,12,0.27840488342
10/06/2021,FEU,Z14,12,0.27840488342
10/06/2021,FEU,Z24,13,0.27217297584
10/06/2021,FEU,Z14,13,0.27217297584
10/06/2021,FEU,Z24,14,0.26465197898
10/06/2021,FEU,Z14,14,0.26465197898
10/06/2021,FEU,Z24,15,0.27054161162
10/06/2021,FEU,Z14,15,0.25791199718
10/06/2021,FEU,Z24,16,0.2581476862
10/06/2021,FEU,Z14,16,0.2581476862
10/06/2021,FEU,Z24,17,0.26249800448
10/06/2021,FEU,Z14,17,0.26249800448
10/06/2021,FEU,Z24,18,0.29577082048
10/06/2021,FEU,Z14,18,0.29577082048
10/06/2021,FEU,Z24,19,0.30874154258
10/06/2021,FEU,Z14,19,0.32153949902
10/06/2021,FEU,Z24,2,0.29585769126
10/06/2021,FEU,Z14,2,0.29585769126
10/06/2021,FEU,Z24,20,0.34269009518
10/06/2021,FEU,Z14,20,0.34269009518
10/06/2021,FEU,Z24,21,0.34886562518
10/06/2021,FEU,Z14,21,0.34886562518
10/06/2021,FEU,Z24,22,0.33279603734
10/06/2021,FEU,Z14,22,0.33279603734
10/06/2021,FEU,Z24,23,0.33249036344
10/06/2021,FEU,Z14,23,0.31937475514
10/06/2021,FEU,Z24,24,0.30866007888
10/06/2021,FEU,Z14,24,0.30866007888
10/06/2021,FEU,Z24,3,0.2941176677
10/06/2021,FEU,Z14,3,0.2941176677
10/06/2021,FEU,Z24,4,0.28984551042
10/06/2021,FEU,Z14,4,0.28984551042
10/06/2021,FEU,Z24,5,0.28618747842
10/06/2021,FEU,Z14,5,0.28618747842
10/06/2021,FEU,Z24,6,0.28579133798
10/06/2021,FEU,Z14,6,0.28579133798
10/06/2021,FEU,Z24,7,0.29360404794
10/06/2021,FEU,Z14,7,0.29360404794
10/06/2021,FEU,Z24,8,0.29482798746
10/06/2021,FEU,Z14,8,0.29482798746
10/06/2021,FEU,Z24,9,0.32475663482
10/06/2021,FEU,Z14,9,0.32475663482
10/07/2021,FEU,Z24,1,0.34269691822
10/07/2021,FEU,Z14,1,0.34269691822
10/07/2021,FEU,Z24,10,0.37552358356
10/07/2021,FEU,Z14,10,0.37552358356
10/07/2021,FEU,Z24,11,0.37507332298
10/07/2021,FEU,Z14,11,0.38778619556
10/07/2021,FEU,Z24,12,0.3871031847
10/07/2021,FEU,Z14,12,0.3871031847
10/07/2021,FEU,Z24,13,0.3830578997
10/07/2021,FEU,Z14,13,0.3830578997
10/07/2021,FEU,Z24,14,0.37224299756
10/07/2021,FEU,Z14,14,0.37224299756
10/07/2021,FEU,Z24,15,0.3711232262
10/07/2021,FEU,Z14,15,0.35814616276
10/07/2021,FEU,Z24,16,0.35974863592
10/07/2021,FEU,Z14,16,0.35974863592
10/07/2021,FEU,Z24,17,0.38232141906
10/07/2021,FEU,Z14,17,0.38232141906
10/07/2021,FEU,Z24,18,0.3861543855
10/07/2021,FEU,Z14,18,0.3861543855
10/07/2021,FEU,Z24,19,0.38130049588
10/07/2021,FEU,Z14,19,0.39404121446
10/07/2021,FEU,Z24,2,0.33340579424
10/07/2021,FEU,Z14,2,0.33340579424
10/07/2021,FEU,Z24,20,0.3939656369
10/07/2021,FEU,Z14,20,0.3939656369
10/07/2021,FEU,Z24,21,0.41670719462
10/07/2021,FEU,Z14,21,0.41670719462
10/07/2021,FEU,Z24,22,0.39625012792
10/07/2021,FEU,Z14,22,0.39625012792
10/07/2021,FEU,Z24,23,0.40713762116
10/07/2021,FEU,Z14,23,0.39371159086
10/07/2021,FEU,Z24,24,0.3964649206
10/07/2021,FEU,Z14,24,0.3964649206
10/07/2021,FEU,Z24,3,0.31116703368
10/07/2021,FEU,Z14,3,0.31116703368
10/07/2021,FEU,Z24,4,0.31094544954
10/07/2021,FEU,Z14,4,0.31094544954
10/07/2021,FEU,Z24,5,0.30804378168
10/07/2021,FEU,Z14,5,0.30804378168
10/07/2021,FEU,Z24,6,0.32420492652
10/07/2021,FEU,Z14,6,0.32420492652
10/07/2021,FEU,Z24,7,0.36782598392
10/07/2021,FEU,Z14,7,0.36782598392
10/07/2021,FEU,Z24,8,0.3603004376
10/07/2021,FEU,Z14,8,0.3603004376
10/07/2021,FEU,Z24,9,0.38632241452
10/07/2021,FEU,Z14,9,0.38632241452
10/08/2021,FEU,Z24,1,0.28733093136
10/08/2021,FEU,Z14,1,0.28733093136
10/08/2021,FEU,Z24,10,0.32989332758
10/08/2021,FEU,Z14,10,0.32989332758
10/08/2021,FEU,Z24,11,0.29524841686
10/08/2021,FEU,Z14,11,0.30775997444
10/08/2021,FEU,Z24,12,0.28404484286
10/08/2021,FEU,Z14,12,0.28404484286
10/08/2021,FEU,Z24,13,0.26142365156
10/08/2021,FEU,Z14,13,0.26142365156
10/08/2021,FEU,Z24,14,0.25652867798
10/08/2021,FEU,Z14,14,0.25652867798
10/08/2021,FEU,Z24,15,0.26245346076
10/08/2021,FEU,Z14,15,0.24985123332
10/08/2021,FEU,Z24,16,0.24933581248
10/08/2021,FEU,Z14,16,0.24933581248
10/08/2021,FEU,Z24,17,0.25474463962
10/08/2021,FEU,Z14,17,0.25474463962
10/08/2021,FEU,Z24,18,0.2927129962
10/08/2021,FEU,Z14,18,0.2927129962
10/08/2021,FEU,Z24,19,0.31979247416
10/08/2021,FEU,Z14,19,0.33237217074
10/08/2021,FEU,Z24,2,0.27916361738
10/08/2021,FEU,Z14,2,0.27916361738
10/08/2021,FEU,Z24,20,0.35665888818
10/08/2021,FEU,Z14,20,0.35665888818
10/08/2021,FEU,Z24,21,0.38000240246
10/08/2021,FEU,Z14,21,0.38000240246
10/08/2021,FEU,Z24,22,0.3697449662
10/08/2021,FEU,Z14,22,0.3697449662
10/08/2021,FEU,Z24,23,0.3376085463
10/08/2021,FEU,Z14,23,0.324472432
10/08/2021,FEU,Z24,24,0.30125489116
10/08/2021,FEU,Z14,24,0.30125489116
10/08/2021,FEU,Z24,3,0.26937675768
10/08/2021,FEU,Z14,3,0.26937675768
10/08/2021,FEU,Z24,4,0.26056240626
10/08/2021,FEU,Z14,4,0.26056240626
10/08/2021,FEU,Z24,5,0.24710578512
10/08/2021,FEU,Z14,5,0.24710578512
10/08/2021,FEU,Z24,6,0.25209254568
10/08/2021,FEU,Z14,6,0.25209254568
10/08/2021,FEU,Z24,7,0.28688504708
10/08/2021,FEU,Z14,7,0.28688504708
10/08/2021,FEU,Z24,8,0.32171442546
10/08/2021,FEU,Z14,8,0.32171442546
10/08/2021,FEU,Z24,9,0.3686404734
10/08/2021,FEU,Z14,9,0.3686404734
10/09/2021,FEU,Z24,1,0.30216062652
10/09/2021,FEU,Z14,1,0.30216062652
10/09/2021,FEU,Z24,10,0.29892945762
10/09/2021,FEU,Z14,10,0.29892945762
10/09/2021,FEU,Z24,11,0.2740321383
10/09/2021,FEU,Z14,11,0.2740321383
10/09/2021,FEU,Z24,12,0.257543339
10/09/2021,FEU,Z14,12,0.257543339
10/09/2021,FEU,Z24,13,0.25688931414
10/09/2021,FEU,Z14,13,0.25688931414
10/09/2021,FEU,Z24,14,0.25582447356
10/09/2021,FEU,Z14,14,0.25582447356
10/09/2021,FEU,Z24,15,0.25375290242
10/09/2021,FEU,Z14,15,0.25375290242
10/09/2021,FEU,Z24,16,0.22311315244
10/09/2021,FEU,Z14,16,0.22311315244
10/09/2021,FEU,Z24,17,0.21518326188
10/09/2021,FEU,Z14,17,0.21518326188
10/09/2021,FEU,Z24,18,0.24364325374
10/09/2021,FEU,Z14,18,0.24364325374
10/09/2021,FEU,Z24,19,0.2783980362
10/09/2021,FEU,Z14,19,0.2783980362
10/09/2021,FEU,Z24,2,0.2959111234
10/09/2021,FEU,Z14,2,0.2959111234
10/09/2021,FEU,Z24,20,0.3070929355
10/09/2021,FEU,Z14,20,0.3070929355
10/09/2021,FEU,Z24,21,0.30771463906
10/09/2021,FEU,Z14,21,0.30771463906
10/09/2021,FEU,Z24,22,0.30462769794
10/09/2021,FEU,Z14,22,0.30462769794
10/09/2021,FEU,Z24,23,0.2863956291
10/09/2021,FEU,Z14,23,0.2863956291
10/09/2021,FEU,Z24,24,0.25085576754
10/09/2021,FEU,Z14,24,0.25085576754
10/09/2021,FEU,Z24,3,0.29239679656
10/09/2021,FEU,Z14,3,0.29239679656
10/09/2021,FEU,Z24,4,0.28916202828
10/09/2021,FEU,Z14,4,0.28916202828
10/09/2021,FEU,Z24,5,0.27668243914
10/09/2021,FEU,Z14,5,0.27668243914
10/09/2021,FEU,Z24,6,0.27693782614
10/09/2021,FEU,Z14,6,0.27693782614
10/09/2021,FEU,Z24,7,0.27924677656
10/09/2021,FEU,Z14,7,0.27924677656
10/09/2021,FEU,Z24,8,0.2972466741
10/09/2021,FEU,Z14,8,0.2972466741
10/09/2021,FEU,Z24,9,0.2984401348
10/09/2021,FEU,Z14,9,0.2984401348
10/10/2021,FEU,Z24,1,0.23040392698
10/10/2021,FEU,Z14,1,0.23040392698
10/10/2021,FEU,Z24,10,0.20624487252
10/10/2021,FEU,Z14,10,0.20624487252
10/10/2021,FEU,Z24,11,0.1914294605
10/10/2021,FEU,Z14,11,0.1914294605
10/10/2021,FEU,Z24,12,0.17326624448
10/10/2021,FEU,Z14,12,0.17326624448
10/10/2021,FEU,Z24,13,0.18065384448
10/10/2021,FEU,Z14,13,0.18065384448
10/10/2021,FEU,Z24,14,0.20129061818
10/10/2021,FEU,Z14,14,0.20129061818
10/10/2021,FEU,Z24,15,0.21289735818
10/10/2021,FEU,Z14,15,0.21289735818
10/10/2021,FEU,Z24,16,0.1788474162
10/10/2021,FEU,Z14,16,0.1788474162
10/10/2021,FEU,Z24,17,0.1805604948
10/10/2021,FEU,Z14,17,0.1805604948
10/10/2021,FEU,Z24,18,0.2286363591
10/10/2021,FEU,Z14,18,0.2286363591
10/10/2021,FEU,Z24,19,0.27027617652
10/10/2021,FEU,Z14,19,0.27027617652
10/10/2021,FEU,Z24,2,0.23245561686
10/10/2021,FEU,Z14,2,0.23245561686
10/10/2021,FEU,Z24,20,0.29761913754
10/10/2021,FEU,Z14,20,0.29761913754
10/10/2021,FEU,Z24,21,0.30973192968
10/10/2021,FEU,Z14,21,0.30973192968
10/10/2021,FEU,Z24,22,0.30423621852
10/10/2021,FEU,Z14,22,0.30423621852
10/10/2021,FEU,Z24,23,0.28268715596
10/10/2021,FEU,Z14,23,0.28268715596
10/10/2021,FEU,Z24,24,0.24185656026
10/10/2021,FEU,Z14,24,0.24185656026
10/10/2021,FEU,Z24,3,0.21662862018
10/10/2021,FEU,Z14,3,0.21662862018
10/10/2021,FEU,Z24,4,0.21632897488
10/10/2021,FEU,Z14,4,0.21632897488
10/10/2021,FEU,Z24,5,0.20549142746
10/10/2021,FEU,Z14,5,0.20549142746
10/10/2021,FEU,Z24,6,0.20738260632
10/10/2021,FEU,Z14,6,0.20738260632
10/10/2021,FEU,Z24,7,0.21739563888
10/10/2021,FEU,Z14,7,0.21739563888
10/10/2021,FEU,Z24,8,0.21933504972
10/10/2021,FEU,Z14,8,0.21933504972
10/10/2021,FEU,Z24,9,0.22268026926
10/10/2021,FEU,Z14,9,0.22268026926
10/11/2021,FEU,Z24,1,0.19484275494
10/11/2021,FEU,Z14,1,0.19484275494
10/11/2021,FEU,Z24,10,0.29115910244
10/11/2021,FEU,Z14,10,0.29115910244
10/11/2021,FEU,Z24,11,0.27597952586
10/11/2021,FEU,Z14,11,0.2886635033
10/11/2021,FEU,Z24,12,0.25828092614
10/11/2021,FEU,Z14,12,0.25828092614
10/11/2021,FEU,Z24,13,0.24528384398
10/11/2021,FEU,Z14,13,0.24528384398
10/11/2021,FEU,Z24,14,0.24274417026
10/11/2021,FEU,Z14,14,0.24274417026
10/11/2021,FEU,Z24,15,0.2397475969
10/11/2021,FEU,Z14,15,0.22722531646
10/11/2021,FEU,Z24,16,0.20937984862
10/11/2021,FEU,Z14,16,0.20937984862
10/11/2021,FEU,Z24,17,0.21405644534
10/11/2021,FEU,Z14,17,0.21405644534
10/11/2021,FEU,Z24,18,0.25635010792
10/11/2021,FEU,Z14,18,0.25635010792
10/11/2021,FEU,Z24,19,0.29682840802
10/11/2021,FEU,Z14,19,0.30958891346
10/11/2021,FEU,Z24,2,0.1887028334
10/11/2021,FEU,Z14,2,0.1887028334
10/11/2021,FEU,Z24,20,0.32487596462
10/11/2021,FEU,Z14,20,0.32487596462
10/11/2021,FEU,Z24,21,0.32745329676
10/11/2021,FEU,Z14,21,0.32745329676
10/11/2021,FEU,Z24,22,0.31868532364
10/11/2021,FEU,Z14,22,0.31868532364
10/11/2021,FEU,Z24,23,0.30182751374
10/11/2021,FEU,Z14,23,0.28883635544
10/11/2021,FEU,Z24,24,0.25212297004
10/11/2021,FEU,Z14,24,0.25212297004
10/11/2021,FEU,Z24,3,0.17082540642
10/11/2021,FEU,Z14,3,0.17082540642
10/11/2021,FEU,Z24,4,0.17195404086
10/11/2021,FEU,Z14,4,0.17195404086
10/11/2021,FEU,Z24,5,0.18104180614
10/11/2021,FEU,Z14,5,0.18104180614
10/11/2021,FEU,Z24,6,0.19540478456
10/11/2021,FEU,Z14,6,0.19540478456
10/11/2021,FEU,Z24,7,0.22798894452
10/11/2021,FEU,Z14,7,0.22798894452
10/11/2021,FEU,Z24,8,0.27457287476
10/11/2021,FEU,Z14,8,0.27457287476
10/11/2021,FEU,Z24,9,0.30229615598
10/11/2021,FEU,Z14,9,0.30229615598
10/12/2021,FEU,Z24,1,0.22386570792
10/12/2021,FEU,Z14,1,0.22386570792
10/12/2021,FEU,Z24,10,0.2499857562
10/12/2021,FEU,Z14,10,0.2499857562
10/12/2021,FEU,Z24,11,0.23248652132
10/12/2021,FEU,Z14,11,0.23248652132
10/12/2021,FEU,Z24,12,0.21571246788
10/12/2021,FEU,Z14,12,0.21571246788
10/12/2021,FEU,Z24,13,0.21568701474
10/12/2021,FEU,Z14,13,0.21568701474
10/12/2021,FEU,Z24,14,0.2156240776
10/12/2021,FEU,Z14,14,0.2156240776
10/12/2021,FEU,Z24,15,0.21101624732
10/12/2021,FEU,Z14,15,0.21101624732
10/12/2021,FEU,Z24,16,0.19384777006
10/12/2021,FEU,Z14,16,0.19384777006
10/12/2021,FEU,Z24,17,0.18886593378
10/12/2021,FEU,Z14,17,0.18886593378
10/12/2021,FEU,Z24,18,0.21639858978
10/12/2021,FEU,Z14,18,0.21639858978
10/12/2021,FEU,Z24,19,0.24348874048
10/12/2021,FEU,Z14,19,0.24348874048
10/12/2021,FEU,Z24,2,0.22572430194
10/12/2021,FEU,Z14,2,0.22572430194
10/12/2021,FEU,Z24,20,0.2663774562
10/12/2021,FEU,Z14,20,0.2663774562
10/12/2021,FEU,Z24,21,0.28418118622
10/12/2021,FEU,Z14,21,0.28418118622
10/12/2021,FEU,Z24,22,0.27234549894
10/12/2021,FEU,Z14,22,0.27234549894
10/12/2021,FEU,Z24,23,0.2654258691
10/12/2021,FEU,Z14,23,0.2654258691
10/12/2021,FEU,Z24,24,0.23051585826
10/12/2021,FEU,Z14,24,0.23051585826
10/12/2021,FEU,Z24,3,0.22274043238
10/12/2021,FEU,Z14,3,0.22274043238
10/12/2021,FEU,Z24,4,0.22078726624
10/12/2021,FEU,Z14,4,0.22078726624
10/12/2021,FEU,Z24,5,0.22101088638
10/12/2021,FEU,Z14,5,0.22101088638
10/12/2021,FEU,Z24,6,0.22169466038
10/12/2021,FEU,Z14,6,0.22169466038
10/12/2021,FEU,Z24,7,0.23318147694
10/12/2021,FEU,Z14,7,0.23318147694
10/12/2021,FEU,Z24,8,0.24980393652
10/12/2021,FEU,Z14,8,0.24980393652
10/12/2021,FEU,Z24,9,0.2488447348
10/12/2021,FEU,Z14,9,0.2488447348
10/13/2021,FEU,Z24,1,0.22169343166
10/13/2021,FEU,Z14,1,0.22169343166
10/13/2021,FEU,Z24,10,0.27934044214
10/13/2021,FEU,Z14,10,0.27934044214
10/13/2021,FEU,Z24,11,0.24406065584
10/13/2021,FEU,Z14,11,0.25643065742
10/13/2021,FEU,Z24,12,0.23864986342
10/13/2021,FEU,Z14,12,0.23864986342
10/13/2021,FEU,Z24,13,0.24125523184
10/13/2021,FEU,Z14,13,0.24125523184
10/13/2021,FEU,Z24,14,0.23625642998
10/13/2021,FEU,Z14,14,0.23625642998
10/13/2021,FEU,Z24,15,0.23668110662
10/13/2021,FEU,Z14,15,0.22416755218
10/13/2021,FEU,Z24,16,0.2278821262
10/13/2021,FEU,Z14,16,0.2278821262
10/13/2021,FEU,Z24,17,0.25356864448
10/13/2021,FEU,Z14,17,0.25356864448
10/13/2021,FEU,Z24,18,0.26686165248
10/13/2021,FEU,Z14,18,0.26686165248
10/13/2021,FEU,Z24,19,0.28422991558
10/13/2021,FEU,Z14,19,0.29694283602
10/13/2021,FEU,Z24,2,0.20740926726
10/13/2021,FEU,Z14,2,0.20740926726
10/13/2021,FEU,Z24,20,0.32220501318
10/13/2021,FEU,Z14,20,0.32220501318
10/13/2021,FEU,Z24,21,0.32325636518
10/13/2021,FEU,Z14,21,0.32325636518
10/13/2021,FEU,Z24,22,0.31329711734
10/13/2021,FEU,Z14,22,0.31329711734
10/13/2021,FEU,Z24,23,0.30728582744
10/13/2021,FEU,Z14,23,0.29427488914
10/13/2021,FEU,Z24,24,0.27331520688
10/13/2021,FEU,Z14,24,0.27331520688
10/13/2021,FEU,Z24,3,0.1969163677
10/13/2021,FEU,Z14,3,0.1969163677
10/13/2021,FEU,Z24,4,0.18721951842
10/13/2021,FEU,Z14,4,0.18721951842
10/13/2021,FEU,Z24,5,0.18617334042
10/13/2021,FEU,Z14,5,0.18617334042
10/13/2021,FEU,Z24,6,0.20278955598
10/13/2021,FEU,Z14,6,0.20278955598
10/13/2021,FEU,Z24,7,0.22175107194
10/13/2021,FEU,Z14,7,0.22175107194
10/13/2021,FEU,Z24,8,0.26300381646
10/13/2021,FEU,Z14,8,0.26300381646
10/13/2021,FEU,Z24,9,0.29033956982
10/13/2021,FEU,Z14,9,0.29033956982
10/14/2021,FEU,Z24,1,0.25492920522
10/14/2021,FEU,Z14,1,0.25492920522
10/14/2021,FEU,Z24,10,0.31041703156
10/14/2021,FEU,Z14,10,0.31041703156
10/14/2021,FEU,Z24,11,0.28442199298
10/14/2021,FEU,Z14,11,0.29689808156
10/14/2021,FEU,Z24,12,0.2853550497
10/14/2021,FEU,Z14,12,0.2853550497
10/14/2021,FEU,Z24,13,0.2772770747
10/14/2021,FEU,Z14,13,0.2772770747
10/14/2021,FEU,Z24,14,0.26901017156
10/14/2021,FEU,Z14,14,0.26901017156
10/14/2021,FEU,Z24,15,0.2544087062
10/14/2021,FEU,Z14,15,0.24183066676
10/14/2021,FEU,Z24,16,0.23467162392
10/14/2021,FEU,Z14,16,0.23467162392
10/14/2021,FEU,Z24,17,0.23564313006
10/14/2021,FEU,Z14,17,0.23564313006
10/14/2021,FEU,Z24,18,0.2689046605
10/14/2021,FEU,Z14,18,0.2689046605
10/14/2021,FEU,Z24,19,0.28983586588
10/14/2021,FEU,Z14,19,0.30233962946
10/14/2021,FEU,Z24,2,0.25109056224
10/14/2021,FEU,Z14,2,0.25109056224
10/14/2021,FEU,Z24,20,0.3274243319
10/14/2021,FEU,Z14,20,0.3274243319
10/14/2021,FEU,Z24,21,0.33582242462
10/14/2021,FEU,Z14,21,0.33582242462
10/14/2021,FEU,Z24,22,0.33213000792
10/14/2021,FEU,Z14,22,0.33213000792
10/14/2021,FEU,Z24,23,0.33024788516
10/14/2021,FEU,Z14,23,0.31714063486
10/14/2021,FEU,Z24,24,0.3054390406
10/14/2021,FEU,Z14,24,0.3054390406
10/14/2021,FEU,Z24,3,0.24489207768
10/14/2021,FEU,Z14,3,0.24489207768
10/14/2021,FEU,Z24,4,0.24900925054
10/14/2021,FEU,Z14,4,0.24900925054
10/14/2021,FEU,Z24,5,0.25193572968
10/14/2021,FEU,Z14,5,0.25193572968
10/14/2021,FEU,Z24,6,0.25178496852
10/14/2021,FEU,Z14,6,0.25178496852
10/14/2021,FEU,Z24,7,0.27876570392
10/14/2021,FEU,Z14,7,0.27876570392
10/14/2021,FEU,Z24,8,0.2923731576
10/14/2021,FEU,Z14,8,0.2923731576
10/14/2021,FEU,Z24,9,0.33747035452
10/14/2021,FEU,Z14,9,0.33747035452
10/15/2021,FEU,Z24,1,0.28817882736
10/15/2021,FEU,Z14,1,0.28817882736
10/15/2021,FEU,Z24,10,0.32948285958
10/15/2021,FEU,Z14,10,0.32948285958
10/15/2021,FEU,Z24,11,0.31336055286
10/15/2021,FEU,Z14,11,0.32591931844
10/15/2021,FEU,Z24,12,0.31433340786
10/15/2021,FEU,Z14,12,0.31433340786
10/15/2021,FEU,Z24,13,0.28893911156
10/15/2021,FEU,Z14,13,0.28893911156
10/15/2021,FEU,Z24,14,0.28232504498
10/15/2021,FEU,Z14,14,0.28232504498
10/15/2021,FEU,Z24,15,0.28464827076
10/15/2021,FEU,Z14,15,0.27197106532
10/15/2021,FEU,Z24,16,0.26319763648
10/15/2021,FEU,Z14,16,0.26319763648
10/15/2021,FEU,Z24,17,0.27351116662
10/15/2021,FEU,Z14,17,0.27351116662
10/15/2021,FEU,Z24,18,0.2925936562
10/15/2021,FEU,Z14,18,0.2925936562
10/15/2021,FEU,Z24,19,0.31248077416
10/15/2021,FEU,Z14,19,0.32504149574
10/15/2021,FEU,Z24,2,0.27490008538
10/15/2021,FEU,Z14,2,0.27490008538
10/15/2021,FEU,Z24,20,0.33933716618
10/15/2021,FEU,Z14,20,0.33933716618
10/15/2021,FEU,Z24,21,0.33443547446
10/15/2021,FEU,Z14,21,0.33443547446
10/15/2021,FEU,Z24,22,0.3342062162
10/15/2021,FEU,Z14,22,0.3342062162
10/15/2021,FEU,Z24,23,0.3385147063
10/15/2021,FEU,Z14,23,0.325373632
10/15/2021,FEU,Z24,24,0.30816044716
10/15/2021,FEU,Z14,24,0.30816044716
10/15/2021,FEU,Z24,3,0.26496214968
10/15/2021,FEU,Z14,3,0.26496214968
10/15/2021,FEU,Z24,4,0.26131154526
10/15/2021,FEU,Z14,4,0.26131154526
10/15/2021,FEU,Z24,5,0.26108317712
10/15/2021,FEU,Z14,5,0.26108317712
10/15/2021,FEU,Z24,6,0.26958109368
10/15/2021,FEU,Z14,6,0.26958109368
10/15/2021,FEU,Z24,7,0.28924104708
10/15/2021,FEU,Z14,7,0.28924104708
10/15/2021,FEU,Z24,8,0.30050992146
10/15/2021,FEU,Z14,8,0.30050992146
10/15/2021,FEU,Z24,9,0.3452522134
10/15/2021,FEU,Z14,9,0.3452522134
10/16/2021,FEU,Z24,1,0.29854843452
10/16/2021,FEU,Z14,1,0.29854843452
10/16/2021,FEU,Z24,10,0.29376431562
10/16/2021,FEU,Z14,10,0.29376431562
10/16/2021,FEU,Z24,11,0.2745010683
10/16/2021,FEU,Z14,11,0.2745010683
10/16/2021,FEU,Z24,12,0.260450539
10/16/2021,FEU,Z14,12,0.260450539
10/16/2021,FEU,Z24,13,0.25615395414
10/16/2021,FEU,Z14,13,0.25615395414
10/16/2021,FEU,Z24,14,0.25751253156
10/16/2021,FEU,Z14,14,0.25751253156
10/16/2021,FEU,Z24,15,0.25172730042
10/16/2021,FEU,Z14,15,0.25172730042
10/16/2021,FEU,Z24,16,0.24056971044
10/16/2021,FEU,Z14,16,0.24056971044
10/16/2021,FEU,Z24,17,0.23280686388
10/16/2021,FEU,Z14,17,0.23280686388
10/16/2021,FEU,Z24,18,0.24653843574
10/16/2021,FEU,Z14,18,0.24653843574
10/16/2021,FEU,Z24,19,0.2857982862
10/16/2021,FEU,Z14,19,0.2857982862
10/16/2021,FEU,Z24,2,0.2918889234
10/16/2021,FEU,Z14,2,0.2918889234
10/16/2021,FEU,Z24,20,0.3077250855
10/16/2021,FEU,Z14,20,0.3077250855
10/16/2021,FEU,Z24,21,0.32043521206
10/16/2021,FEU,Z14,21,0.32043521206
10/16/2021,FEU,Z24,22,0.31487320794
10/16/2021,FEU,Z14,22,0.31487320794
10/16/2021,FEU,Z24,23,0.2894268591
10/16/2021,FEU,Z14,23,0.2894268591
10/16/2021,FEU,Z24,24,0.27847504854
10/16/2021,FEU,Z14,24,0.27847504854
10/16/2021,FEU,Z24,3,0.28388486456
10/16/2021,FEU,Z14,3,0.28388486456
10/16/2021,FEU,Z24,4,0.27702389228
10/16/2021,FEU,Z14,4,0.27702389228
10/16/2021,FEU,Z24,5,0.27492950114
10/16/2021,FEU,Z14,5,0.27492950114
10/16/2021,FEU,Z24,6,0.27491751114
10/16/2021,FEU,Z14,6,0.27491751114
10/16/2021,FEU,Z24,7,0.28258600856
10/16/2021,FEU,Z14,7,0.28258600856
10/16/2021,FEU,Z24,8,0.2872488291
10/16/2021,FEU,Z14,8,0.2872488291
10/16/2021,FEU,Z24,9,0.2889647348
10/16/2021,FEU,Z14,9,0.2889647348
10/17/2021,FEU,Z24,1,0.26983973498
10/17/2021,FEU,Z14,1,0.26983973498
10/17/2021,FEU,Z24,10,0.25243270452
10/17/2021,FEU,Z14,10,0.25243270452
10/17/2021,FEU,Z24,11,0.2442034105
10/17/2021,FEU,Z14,11,0.2442034105
10/17/2021,FEU,Z24,12,0.24231490048
10/17/2021,FEU,Z14,12,0.24231490048
10/17/2021,FEU,Z24,13,0.24231490048
10/17/2021,FEU,Z14,13,0.24231490048
10/17/2021,FEU,Z24,14,0.24118733318
10/17/2021,FEU,Z14,14,0.24118733318
10/17/2021,FEU,Z24,15,0.23978242918
10/17/2021,FEU,Z14,15,0.23978242918
10/17/2021,FEU,Z24,16,0.2272514862
10/17/2021,FEU,Z14,16,0.2272514862
10/17/2021,FEU,Z24,17,0.2283823548
10/17/2021,FEU,Z14,17,0.2283823548
10/17/2021,FEU,Z24,18,0.2406913641
10/17/2021,FEU,Z14,18,0.2406913641
10/17/2021,FEU,Z24,19,0.26755284852
10/17/2021,FEU,Z14,19,0.26755284852
10/17/2021,FEU,Z24,2,0.26316878986
10/17/2021,FEU,Z14,2,0.26316878986
10/17/2021,FEU,Z24,20,0.30861619854
10/17/2021,FEU,Z14,20,0.30861619854
10/17/2021,FEU,Z24,21,0.33275655768
10/17/2021,FEU,Z14,21,0.33275655768
10/17/2021,FEU,Z24,22,0.32223689652
10/17/2021,FEU,Z14,22,0.32223689652
10/17/2021,FEU,Z24,23,0.31047632196
10/17/2021,FEU,Z14,23,0.31047632196
10/17/2021,FEU,Z24,24,0.30203540826
10/17/2021,FEU,Z14,24,0.30203540826
10/17/2021,FEU,Z24,3,0.25409091218
10/17/2021,FEU,Z14,3,0.25409091218
10/17/2021,FEU,Z24,4,0.24717283888
10/17/2021,FEU,Z14,4,0.24717283888
10/17/2021,FEU,Z24,5,0.24596425846
10/17/2021,FEU,Z14,5,0.24596425846
10/17/2021,FEU,Z24,6,0.24424679832
10/17/2021,FEU,Z14,6,0.24424679832
10/17/2021,FEU,Z24,7,0.23896810288
10/17/2021,FEU,Z14,7,0.23896810288
10/17/2021,FEU,Z24,8,0.25150177172
10/17/2021,FEU,Z14,8,0.25150177172
10/17/2021,FEU,Z24,9,0.24884534826
10/17/2021,FEU,Z14,9,0.24884534826
10/18/2021,FEU,Z24,1,0.28237643094
10/18/2021,FEU,Z14,1,0.28237643094
10/18/2021,FEU,Z24,10,0.31890126244
10/18/2021,FEU,Z14,10,0.31890126244
10/18/2021,FEU,Z24,11,0.29281750486
10/18/2021,FEU,Z14,11,0.3055599983
10/18/2021,FEU,Z24,12,0.28506411614
10/18/2021,FEU,Z14,12,0.28506411614
10/18/2021,FEU,Z24,13,0.26663622698
10/18/2021,FEU,Z14,13,0.26663622698
10/18/2021,FEU,Z24,14,0.26151019726
10/18/2021,FEU,Z14,14,0.26151019726
10/18/2021,FEU,Z24,15,0.2709602769
10/18/2021,FEU,Z14,15,0.25832966746
10/18/2021,FEU,Z24,16,0.25653365062
10/18/2021,FEU,Z14,16,0.25653365062
10/18/2021,FEU,Z24,17,0.27281506134
10/18/2021,FEU,Z14,17,0.27281506134
10/18/2021,FEU,Z24,18,0.30058959192
10/18/2021,FEU,Z14,18,0.30058959192
10/18/2021,FEU,Z24,19,0.32353891002
10/18/2021,FEU,Z14,19,0.33639175946
10/18/2021,FEU,Z24,2,0.2695990334
10/18/2021,FEU,Z14,2,0.2695990334
10/18/2021,FEU,Z24,20,0.34892666762
10/18/2021,FEU,Z14,20,0.34892666762
10/18/2021,FEU,Z24,21,0.36804408876
10/18/2021,FEU,Z14,21,0.36804408876
10/18/2021,FEU,Z24,22,0.35322675164
10/18/2021,FEU,Z14,22,0.35322675164
10/18/2021,FEU,Z24,23,0.34775742374
10/18/2021,FEU,Z14,23,0.33457631544
10/18/2021,FEU,Z24,24,0.30251975204
10/18/2021,FEU,Z14,24,0.30251975204
10/18/2021,FEU,Z24,3,0.26250243942
10/18/2021,FEU,Z14,3,0.26250243942
10/18/2021,FEU,Z24,4,0.25963304586
10/18/2021,FEU,Z14,4,0.25963304586
10/18/2021,FEU,Z24,5,0.25780298514
10/18/2021,FEU,Z14,5,0.25780298514
10/18/2021,FEU,Z24,6,0.26115488456
10/18/2021,FEU,Z14,6,0.26115488456
10/18/2021,FEU,Z24,7,0.26802092052
10/18/2021,FEU,Z14,7,0.26802092052
10/18/2021,FEU,Z24,8,0.30871335476
10/18/2021,FEU,Z14,8,0.30871335476
10/18/2021,FEU,Z24,9,0.34337949698
10/18/2021,FEU,Z14,9,0.34337949698
10/19/2021,FEU,Z24,1,0.28109782238
10/19/2021,FEU,Z14,1,0.28109782238
10/19/2021,FEU,Z24,10,0.31956942844
10/19/2021,FEU,Z14,10,0.31956942844
10/19/2021,FEU,Z24,11,0.27716898728
10/19/2021,FEU,Z14,11,0.28963064586
10/19/2021,FEU,Z24,12,0.27253656914
10/19/2021,FEU,Z14,12,0.27253656914
10/19/2021,FEU,Z24,13,0.2720684697
10/19/2021,FEU,Z14,13,0.2720684697
10/19/2021,FEU,Z24,14,0.2593406497
10/19/2021,FEU,Z14,14,0.2593406497
10/19/2021,FEU,Z24,15,0.25716960448
10/19/2021,FEU,Z14,15,0.24458381704
10/19/2021,FEU,Z24,16,0.23300369606
10/19/2021,FEU,Z14,16,0.23300369606
10/19/2021,FEU,Z24,17,0.23369341506
10/19/2021,FEU,Z14,17,0.23369341506
10/19/2021,FEU,Z24,18,0.2500694105
10/19/2021,FEU,Z14,18,0.2500694105
10/19/2021,FEU,Z24,19,0.27517216374
10/19/2021,FEU,Z14,19,0.28785813418
10/19/2021,FEU,Z24,2,0.25967987526
10/19/2021,FEU,Z14,2,0.25967987526
10/19/2021,FEU,Z24,20,0.31928370062
10/19/2021,FEU,Z14,20,0.31928370062
10/19/2021,FEU,Z24,21,0.34205537162
10/19/2021,FEU,Z14,21,0.34205537162
10/19/2021,FEU,Z24,22,0.33753011378
10/19/2021,FEU,Z14,22,0.33753011378
10/19/2021,FEU,Z24,23,0.29711665316
10/19/2021,FEU,Z14,23,0.28414676286
10/19/2021,FEU,Z24,24,0.2593719206
10/19/2021,FEU,Z14,24,0.2593719206
10/19/2021,FEU,Z24,3,0.23795436342
10/19/2021,FEU,Z14,3,0.23795436342
10/19/2021,FEU,Z24,4,0.23247171214
10/19/2021,FEU,Z14,4,0.23247171214
10/19/2021,FEU,Z24,5,0.23130581628
10/19/2021,FEU,Z14,5,0.23130581628
10/19/2021,FEU,Z24,6,0.23176045326
10/19/2021,FEU,Z14,6,0.23176045326
10/19/2021,FEU,Z24,7,0.24711606852
10/19/2021,FEU,Z14,7,0.24711606852
10/19/2021,FEU,Z24,8,0.29034069276
10/19/2021,FEU,Z14,8,0.29034069276
10/19/2021,FEU,Z24,9,0.33458589398
10/19/2021,FEU,Z14,9,0.33458589398
10/20/2021,FEU,Z24,1,0.23216063466
10/20/2021,FEU,Z14,1,0.23216063466
10/20/2021,FEU,Z24,10,0.32355051514
10/20/2021,FEU,Z14,10,0.32355051514
10/20/2021,FEU,Z24,11,0.29148174384
10/20/2021,FEU,Z14,11,0.30397610142
10/20/2021,FEU,Z24,12,0.26992740642
10/20/2021,FEU,Z14,12,0.26992740642
10/20/2021,FEU,Z24,13,0.25516970384
10/20/2021,FEU,Z14,13,0.25516970384
10/20/2021,FEU,Z24,14,0.24791845898
10/20/2021,FEU,Z14,14,0.24791845898
10/20/2021,FEU,Z24,15,0.23556778862
10/20/2021,FEU,Z14,15,0.22305688718
10/20/2021,FEU,Z24,16,0.2017969762
10/20/2021,FEU,Z14,16,0.2017969762
10/20/2021,FEU,Z24,17,0.20159614848
10/20/2021,FEU,Z14,17,0.20159614848
10/20/2021,FEU,Z24,18,0.22920066048
10/20/2021,FEU,Z14,18,0.22920066048
10/20/2021,FEU,Z24,19,0.24615093758
10/20/2021,FEU,Z14,19,0.25873291102
10/20/2021,FEU,Z24,2,0.23057540826
10/20/2021,FEU,Z14,2,0.23057540826
10/20/2021,FEU,Z24,20,0.30965391718
10/20/2021,FEU,Z14,20,0.30965391718
10/20/2021,FEU,Z24,21,0.34225397018
10/20/2021,FEU,Z14,21,0.34225397018
10/20/2021,FEU,Z24,22,0.34117426034
10/20/2021,FEU,Z14,22,0.34117426034
10/20/2021,FEU,Z24,23,0.31900797144
10/20/2021,FEU,Z14,23,0.30594835314
10/20/2021,FEU,Z24,24,0.29195706288
10/20/2021,FEU,Z14,24,0.29195706288
10/20/2021,FEU,Z24,3,0.2298792477
10/20/2021,FEU,Z14,3,0.2298792477
10/20/2021,FEU,Z24,4,0.23080947042
10/20/2021,FEU,Z14,4,0.23080947042
10/20/2021,FEU,Z24,5,0.23136846942
10/20/2021,FEU,Z14,5,0.23136846942
10/20/2021,FEU,Z24,6,0.23200254698
10/20/2021,FEU,Z14,6,0.23200254698
10/20/2021,FEU,Z24,7,0.25143475494
10/20/2021,FEU,Z14,7,0.25143475494
10/20/2021,FEU,Z24,8,0.30186480846
10/20/2021,FEU,Z14,8,0.30186480846
10/20/2021,FEU,Z24,9,0.34075976882
10/20/2021,FEU,Z14,9,0.34075976882
10/21/2021,FEU,Z24,1,0.25442780322
10/21/2021,FEU,Z14,1,0.25442780322
10/21/2021,FEU,Z24,10,0.30817201756
10/21/2021,FEU,Z14,10,0.30817201756
10/21/2021,FEU,Z24,11,0.27887501398
10/21/2021,FEU,Z14,11,0.29133654356
10/21/2021,FEU,Z24,12,0.2618630847
10/21/2021,FEU,Z14,12,0.2618630847
10/21/2021,FEU,Z24,13,0.2593406497
10/21/2021,FEU,Z14,13,0.2593406497
10/21/2021,FEU,Z24,14,0.25151189756
10/21/2021,FEU,Z14,14,0.25151189756
10/21/2021,FEU,Z24,15,0.2543970062
10/21/2021,FEU,Z14,15,0.24181900676
10/21/2021,FEU,Z24,16,0.24158407992
10/21/2021,FEU,Z14,16,0.24158407992
10/21/2021,FEU,Z24,17,0.24158712606
10/21/2021,FEU,Z14,17,0.24158712606
10/21/2021,FEU,Z24,18,0.2654572105
10/21/2021,FEU,Z14,18,0.2654572105
10/21/2021,FEU,Z24,19,0.28103043388
10/21/2021,FEU,Z14,19,0.29351138546
10/21/2021,FEU,Z24,2,0.24803821024
10/21/2021,FEU,Z14,2,0.24803821024
10/21/2021,FEU,Z24,20,0.3284530269
10/21/2021,FEU,Z14,20,0.3284530269
10/21/2021,FEU,Z24,21,0.33333438062
10/21/2021,FEU,Z14,21,0.33333438062
10/21/2021,FEU,Z24,22,0.31730420792
10/21/2021,FEU,Z14,22,0.31730420792
10/21/2021,FEU,Z24,23,0.29502303716
10/21/2021,FEU,Z14,23,0.28206182686
10/21/2021,FEU,Z24,24,0.2748877506
10/21/2021,FEU,Z14,24,0.2748877506
10/21/2021,FEU,Z24,3,0.24766605768
10/21/2021,FEU,Z14,3,0.24766605768
10/21/2021,FEU,Z24,4,0.24082536354
10/21/2021,FEU,Z14,4,0.24082536354
10/21/2021,FEU,Z24,5,0.24063547368
10/21/2021,FEU,Z14,5,0.24063547368
10/21/2021,FEU,Z24,6,0.24640805052
10/21/2021,FEU,Z14,6,0.24640805052
10/21/2021,FEU,Z24,7,0.26353556392
10/21/2021,FEU,Z14,7,0.26353556392
10/21/2021,FEU,Z24,8,0.2833750376
10/21/2021,FEU,Z14,8,0.2833750376
10/21/2021,FEU,Z24,9,0.31535513452
10/21/2021,FEU,Z14,9,0.31535513452
10/22/2021,FEU,Z24,1,0.25554953136
10/22/2021,FEU,Z14,1,0.25554953136
10/22/2021,FEU,Z24,10,0.31616225058
10/22/2021,FEU,Z14,10,0.31616225058
10/22/2021,FEU,Z24,11,0.28370388686
10/22/2021,FEU,Z14,11,0.29618420044
10/22/2021,FEU,Z24,12,0.27263958386
10/22/2021,FEU,Z14,12,0.27263958386
10/22/2021,FEU,Z24,13,0.26735763956
10/22/2021,FEU,Z14,13,0.26735763956
10/22/2021,FEU,Z24,14,0.25872209498
10/22/2021,FEU,Z14,14,0.25872209498
10/22/2021,FEU,Z24,15,0.24873313876
10/22/2021,FEU,Z14,15,0.23617914132
10/22/2021,FEU,Z24,16,0.23448936448
10/22/2021,FEU,Z14,16,0.23448936448
10/22/2021,FEU,Z24,17,0.23653477162
10/22/2021,FEU,Z14,17,0.23653477162
10/22/2021,FEU,Z24,18,0.2389280962
10/22/2021,FEU,Z14,18,0.2389280962
10/22/2021,FEU,Z24,19,0.27334092616
10/22/2021,FEU,Z14,19,0.28580007374
10/22/2021,FEU,Z24,2,0.23213226938
10/22/2021,FEU,Z14,2,0.23213226938
10/22/2021,FEU,Z24,20,0.31232300218
10/22/2021,FEU,Z14,20,0.31232300218
10/22/2021,FEU,Z24,21,0.33127639346
10/22/2021,FEU,Z14,21,0.33127639346
10/22/2021,FEU,Z24,22,0.3178613162
10/22/2021,FEU,Z14,22,0.3178613162
10/22/2021,FEU,Z24,23,0.3064749613
10/22/2021,FEU,Z14,23,0.293466832
10/22/2021,FEU,Z24,24,0.28531398316
10/22/2021,FEU,Z14,24,0.28531398316
10/22/2021,FEU,Z24,3,0.22417216968
10/22/2021,FEU,Z14,3,0.22417216968
10/22/2021,FEU,Z24,4,0.22063651326
10/22/2021,FEU,Z14,4,0.22063651326
10/22/2021,FEU,Z24,5,0.22102720912
10/22/2021,FEU,Z14,5,0.22102720912
10/22/2021,FEU,Z24,6,0.22835749368
10/22/2021,FEU,Z14,6,0.22835749368
10/22/2021,FEU,Z24,7,0.24715581908
10/22/2021,FEU,Z14,7,0.24715581908
10/22/2021,FEU,Z24,8,0.28317154746
10/22/2021,FEU,Z14,8,0.28317154746
10/22/2021,FEU,Z24,9,0.3346564534
10/22/2021,FEU,Z14,9,0.3346564534
10/23/2021,FEU,Z24,1,0.25820441052
10/23/2021,FEU,Z14,1,0.25820441052
10/23/2021,FEU,Z24,10,0.28712992062
10/23/2021,FEU,Z14,10,0.28712992062
10/23/2021,FEU,Z24,11,0.2655301833
10/23/2021,FEU,Z14,11,0.2655301833
10/23/2021,FEU,Z24,12,0.240801639
10/23/2021,FEU,Z14,12,0.240801639
10/23/2021,FEU,Z24,13,0.23099315214
10/23/2021,FEU,Z14,13,0.23099315214
10/23/2021,FEU,Z24,14,0.22754119356
10/23/2021,FEU,Z14,14,0.22754119356
10/23/2021,FEU,Z24,15,0.22509625442
10/23/2021,FEU,Z14,15,0.22509625442
10/23/2021,FEU,Z24,16,0.21565023444
10/23/2021,FEU,Z14,16,0.21565023444
10/23/2021,FEU,Z24,17,0.21792308988
10/23/2021,FEU,Z14,17,0.21792308988
10/23/2021,FEU,Z24,18,0.24712604874
10/23/2021,FEU,Z14,18,0.24712604874
10/23/2021,FEU,Z24,19,0.2899084962
10/23/2021,FEU,Z14,19,0.2899084962
10/23/2021,FEU,Z24,2,0.2456538534
10/23/2021,FEU,Z14,2,0.2456538534
10/23/2021,FEU,Z24,20,0.3117682605
10/23/2021,FEU,Z14,20,0.3117682605
10/23/2021,FEU,Z24,21,0.31037749306
10/23/2021,FEU,Z14,21,0.31037749306
10/23/2021,FEU,Z24,22,0.31003812894
10/23/2021,FEU,Z14,22,0.31003812894
10/23/2021,FEU,Z24,23,0.2927353791
10/23/2021,FEU,Z14,23,0.2927353791
10/23/2021,FEU,Z24,24,0.27202829054
10/23/2021,FEU,Z14,24,0.27202829054
10/23/2021,FEU,Z24,3,0.24384039256
10/23/2021,FEU,Z14,3,0.24384039256
10/23/2021,FEU,Z24,4,0.23598760028
10/23/2021,FEU,Z14,4,0.23598760028
10/23/2021,FEU,Z24,5,0.24229511914
10/23/2021,FEU,Z14,5,0.24229511914
10/23/2021,FEU,Z24,6,0.23647637214
10/23/2021,FEU,Z14,6,0.23647637214
10/23/2021,FEU,Z24,7,0.25202342456
10/23/2021,FEU,Z14,7,0.25202342456
10/23/2021,FEU,Z24,8,0.2726200041
10/23/2021,FEU,Z14,8,0.2726200041
10/23/2021,FEU,Z24,9,0.2820157148
10/23/2021,FEU,Z14,9,0.2820157148
10/24/2021,FEU,Z24,1,0.29973154298
10/24/2021,FEU,Z14,1,0.29973154298
10/24/2021,FEU,Z24,10,0.26667698652
10/24/2021,FEU,Z14,10,0.26667698652
10/24/2021,FEU,Z24,11,0.2402789105
10/24/2021,FEU,Z14,11,0.2402789105
10/24/2021,FEU,Z24,12,0.22228720448
10/24/2021,FEU,Z14,12,0.22228720448
10/24/2021,FEU,Z24,13,0.23286461248
10/24/2021,FEU,Z14,13,0.23286461248
10/24/2021,FEU,Z24,14,0.23594452918
10/24/2021,FEU,Z14,14,0.23594452918
10/24/2021,FEU,Z24,15,0.23508274618
10/24/2021,FEU,Z14,15,0.23508274618
10/24/2021,FEU,Z24,16,0.2184963762
10/24/2021,FEU,Z14,16,0.2184963762
10/24/2021,FEU,Z24,17,0.2182001348
10/24/2021,FEU,Z14,17,0.2182001348
10/24/2021,FEU,Z24,18,0.2336773491
10/24/2021,FEU,Z14,18,0.2336773491
10/24/2021,FEU,Z24,19,0.26680818852
10/24/2021,FEU,Z14,19,0.26680818852
10/24/2021,FEU,Z24,2,0.27862926286
10/24/2021,FEU,Z14,2,0.27862926286
10/24/2021,FEU,Z24,20,0.29848829654
10/24/2021,FEU,Z14,20,0.29848829654
10/24/2021,FEU,Z24,21,0.33328759368
10/24/2021,FEU,Z14,21,0.33328759368
10/24/2021,FEU,Z24,22,0.32818826652
10/24/2021,FEU,Z14,22,0.32818826652
10/24/2021,FEU,Z24,23,0.30638224996
10/24/2021,FEU,Z14,23,0.30638224996
10/24/2021,FEU,Z24,24,0.29058513426
10/24/2021,FEU,Z14,24,0.29058513426
10/24/2021,FEU,Z24,3,0.27545669418
10/24/2021,FEU,Z14,3,0.27545669418
10/24/2021,FEU,Z24,4,0.25811248688
10/24/2021,FEU,Z14,4,0.25811248688
10/24/2021,FEU,Z24,5,0.25834552246
10/24/2021,FEU,Z14,5,0.25834552246
10/24/2021,FEU,Z24,6,0.25788058632
10/24/2021,FEU,Z14,6,0.25788058632
10/24/2021,FEU,Z24,7,0.25552374288
10/24/2021,FEU,Z14,7,0.25552374288
10/24/2021,FEU,Z24,8,0.27322311372
10/24/2021,FEU,Z14,8,0.27322311372
10/24/2021,FEU,Z24,9,0.27534986226
10/24/2021,FEU,Z14,9,0.27534986226
10/25/2021,FEU,Z24,1,0.28117974594
10/25/2021,FEU,Z14,1,0.28117974594
10/25/2021,FEU,Z24,10,0.31134487044
10/25/2021,FEU,Z14,10,0.31134487044
10/25/2021,FEU,Z24,11,0.29675622686
10/25/2021,FEU,Z14,11,0.3095112533
10/25/2021,FEU,Z24,12,0.29668280414
10/25/2021,FEU,Z14,12,0.29668280414
10/25/2021,FEU,Z24,13,0.28574718698
10/25/2021,FEU,Z14,13,0.28574718698
10/25/2021,FEU,Z24,14,0.27142548726
10/25/2021,FEU,Z14,14,0.27142548726
10/25/2021,FEU,Z24,15,0.2814161519
10/25/2021,FEU,Z14,15,0.26874964246
10/25/2021,FEU,Z24,16,0.26230329862
10/25/2021,FEU,Z14,16,0.26230329862
10/25/2021,FEU,Z24,17,0.28232136934
10/25/2021,FEU,Z14,17,0.28232136934
10/25/2021,FEU,Z24,18,0.29880463592
10/25/2021,FEU,Z14,18,0.29880463592
10/25/2021,FEU,Z24,19,0.30765908502
10/25/2021,FEU,Z14,19,0.32045587346
10/25/2021,FEU,Z24,2,0.2827794734
10/25/2021,FEU,Z14,2,0.2827794734
10/25/2021,FEU,Z24,20,0.34873644662
10/25/2021,FEU,Z14,20,0.34873644662
10/25/2021,FEU,Z24,21,0.33532496276
10/25/2021,FEU,Z14,21,0.33532496276
10/25/2021,FEU,Z24,22,0.32289293964
10/25/2021,FEU,Z14,22,0.32289293964
10/25/2021,FEU,Z24,23,0.30649183574
10/25/2021,FEU,Z14,23,0.29348138744
10/25/2021,FEU,Z24,24,0.27804187004
10/25/2021,FEU,Z14,24,0.27804187004
10/25/2021,FEU,Z24,3,0.26623348842
10/25/2021,FEU,Z14,3,0.26623348842
10/25/2021,FEU,Z24,4,0.26621692786
10/25/2021,FEU,Z14,4,0.26621692786
10/25/2021,FEU,Z24,5,0.26572717614
10/25/2021,FEU,Z14,5,0.26572717614
10/25/2021,FEU,Z24,6,0.26486966056
10/25/2021,FEU,Z14,6,0.26486966056
10/25/2021,FEU,Z24,7,0.25952470452
10/25/2021,FEU,Z14,7,0.25952470452
10/25/2021,FEU,Z24,8,0.29219929676
10/25/2021,FEU,Z14,8,0.29219929676
10/25/2021,FEU,Z24,9,0.32547853198
10/25/2021,FEU,Z14,9,0.32547853198
10/26/2021,FEU,Z24,1,0.26947129838
10/26/2021,FEU,Z14,1,0.26947129838
10/26/2021,FEU,Z24,10,0.30788864044
10/26/2021,FEU,Z14,10,0.30788864044
10/26/2021,FEU,Z24,11,0.29242590728
10/26/2021,FEU,Z14,11,0.30492628486
10/26/2021,FEU,Z24,12,0.26749705514
10/26/2021,FEU,Z14,12,0.26749705514
10/26/2021,FEU,Z24,13,0.2764400797
10/26/2021,FEU,Z14,13,0.2764400797
10/26/2021,FEU,Z24,14,0.2694418397
10/26/2021,FEU,Z14,14,0.2694418397
10/26/2021,FEU,Z24,15,0.25228386048
10/26/2021,FEU,Z14,15,0.23971596904
10/26/2021,FEU,Z24,16,0.23976856306
10/26/2021,FEU,Z14,16,0.23976856306
10/26/2021,FEU,Z24,17,0.25056284106
10/26/2021,FEU,Z14,17,0.25056284106
10/26/2021,FEU,Z24,18,0.2924528355
10/26/2021,FEU,Z14,18,0.2924528355
10/26/2021,FEU,Z24,19,0.31071869374
10/26/2021,FEU,Z14,19,0.32352734418
10/26/2021,FEU,Z24,2,0.24234129726
10/26/2021,FEU,Z14,2,0.24234129726
10/26/2021,FEU,Z24,20,0.35253969962
10/26/2021,FEU,Z14,20,0.35253969962
10/26/2021,FEU,Z24,21,0.35647365662
10/26/2021,FEU,Z14,21,0.35647365662
10/26/2021,FEU,Z24,22,0.34353235478
10/26/2021,FEU,Z14,22,0.34353235478
10/26/2021,FEU,Z24,23,0.32608477316
10/26/2021,FEU,Z14,23,0.31299478286
10/26/2021,FEU,Z24,24,0.2938545006
10/26/2021,FEU,Z14,24,0.2938545006
10/26/2021,FEU,Z24,3,0.23080947042
10/26/2021,FEU,Z14,3,0.23080947042
10/26/2021,FEU,Z24,4,0.23155807414
10/26/2021,FEU,Z14,4,0.23155807414
10/26/2021,FEU,Z24,5,0.23023480428
10/26/2021,FEU,Z14,5,0.23023480428
10/26/2021,FEU,Z24,6,0.22966905726
10/26/2021,FEU,Z14,6,0.22966905726
10/26/2021,FEU,Z24,7,0.26565692052
10/26/2021,FEU,Z14,7,0.26565692052
10/26/2021,FEU,Z24,8,0.28486049276
10/26/2021,FEU,Z14,8,0.28486049276
10/26/2021,FEU,Z24,9,0.32793730498
10/26/2021,FEU,Z14,9,0.32793730498
10/27/2021,FEU,Z24,1,0.29352421366
10/27/2021,FEU,Z14,1,0.29352421366
10/27/2021,FEU,Z24,10,0.32038961614
10/27/2021,FEU,Z14,10,0.32038961614
10/27/2021,FEU,Z24,11,0.29789271984
10/27/2021,FEU,Z14,11,0.31040388942
10/27/2021,FEU,Z24,12,0.29640704842
10/27/2021,FEU,Z14,12,0.29640704842
10/27/2021,FEU,Z24,13,0.29148712784
10/27/2021,FEU,Z14,13,0.29148712784
10/27/2021,FEU,Z24,14,0.26534806598
10/27/2021,FEU,Z14,14,0.26534806598
10/27/2021,FEU,Z24,15,0.25384884362
10/27/2021,FEU,Z14,15,0.24127528218
10/27/2021,FEU,Z24,16,0.2380973962
10/27/2021,FEU,Z14,16,0.2380973962
10/27/2021,FEU,Z24,17,0.24021606848
10/27/2021,FEU,Z14,17,0.24021606848
10/27/2021,FEU,Z24,18,0.27124866048
10/27/2021,FEU,Z14,18,0.27124866048
10/27/2021,FEU,Z24,19,0.30072242758
10/27/2021,FEU,Z14,19,0.31349372102
10/27/2021,FEU,Z24,2,0.28923096726
10/27/2021,FEU,Z14,2,0.28923096726
10/27/2021,FEU,Z24,20,0.34728394518
10/27/2021,FEU,Z14,20,0.34728394518
10/27/2021,FEU,Z24,21,0.34284361118
10/27/2021,FEU,Z14,21,0.34284361118
10/27/2021,FEU,Z24,22,0.33486049134
10/27/2021,FEU,Z14,22,0.33486049134
10/27/2021,FEU,Z24,23,0.31991217544
10/27/2021,FEU,Z14,23,0.30684880214
10/27/2021,FEU,Z24,24,0.28843695088
10/27/2021,FEU,Z14,24,0.28843695088
10/27/2021,FEU,Z24,3,0.2765870177
10/27/2021,FEU,Z14,3,0.2765870177
10/27/2021,FEU,Z24,4,0.27382845342
10/27/2021,FEU,Z14,4,0.27382845342
10/27/2021,FEU,Z24,5,0.27379134642
10/27/2021,FEU,Z14,5,0.27379134642
10/27/2021,FEU,Z24,6,0.27280791898
10/27/2021,FEU,Z14,6,0.27280791898
10/27/2021,FEU,Z24,7,0.27436866294
10/27/2021,FEU,Z14,7,0.27436866294
10/27/2021,FEU,Z24,8,0.30111015846
10/27/2021,FEU,Z14,8,0.30111015846
10/27/2021,FEU,Z24,9,0.33413156082
10/27/2021,FEU,Z14,9,0.33413156082
10/28/2021,FEU,Z24,1,0.26926859622
10/28/2021,FEU,Z14,1,0.26926859622
10/28/2021,FEU,Z24,10,0.30533337556
10/28/2021,FEU,Z14,10,0.30533337556
10/28/2021,FEU,Z24,11,0.28320355498
10/28/2021,FEU,Z14,11,0.29567644556
10/28/2021,FEU,Z24,12,0.2791594547
10/28/2021,FEU,Z14,12,0.2791594547
10/28/2021,FEU,Z24,13,0.2655946397
10/28/2021,FEU,Z14,13,0.2655946397
10/28/2021,FEU,Z24,14,0.25239546356
10/28/2021,FEU,Z14,14,0.25239546356
10/28/2021,FEU,Z24,15,0.2446204862
10/28/2021,FEU,Z14,15,0.23207707676
10/28/2021,FEU,Z24,16,0.22622384792
10/28/2021,FEU,Z14,16,0.22622384792
10/28/2021,FEU,Z24,17,0.23092282906
10/28/2021,FEU,Z14,17,0.23092282906
10/28/2021,FEU,Z24,18,0.2631189605
10/28/2021,FEU,Z14,18,0.2631189605
10/28/2021,FEU,Z24,19,0.28386405988
10/28/2021,FEU,Z14,19,0.29635235246
10/28/2021,FEU,Z24,2,0.24122192224
10/28/2021,FEU,Z14,2,0.24122192224
10/28/2021,FEU,Z24,20,0.3245502769
10/28/2021,FEU,Z14,20,0.3245502769
10/28/2021,FEU,Z24,21,0.33264818462
10/28/2021,FEU,Z14,21,0.33264818462
10/28/2021,FEU,Z24,22,0.31513835192
10/28/2021,FEU,Z14,22,0.31513835192
10/28/2021,FEU,Z24,23,0.27074384516
10/28/2021,FEU,Z14,23,0.25788329486
10/28/2021,FEU,Z24,24,0.2498032406
10/28/2021,FEU,Z14,24,0.2498032406
10/28/2021,FEU,Z24,3,0.22799515368
10/28/2021,FEU,Z14,3,0.22799515368
10/28/2021,FEU,Z24,4,0.22664178254
10/28/2021,FEU,Z14,4,0.22664178254
10/28/2021,FEU,Z24,5,0.21714039768
10/28/2021,FEU,Z14,5,0.21714039768
10/28/2021,FEU,Z24,6,0.22522897452
10/28/2021,FEU,Z14,6,0.22522897452
10/28/2021,FEU,Z24,7,0.25039978792
10/28/2021,FEU,Z14,7,0.25039978792
10/28/2021,FEU,Z24,8,0.2838227976
10/28/2021,FEU,Z14,8,0.2838227976
10/28/2021,FEU,Z24,9,0.32695882852
10/28/2021,FEU,Z14,9,0.32695882852
10/29/2021,FEU,Z24,1,0.18088176336
10/29/2021,FEU,Z14,1,0.18088176336
10/29/2021,FEU,Z24,10,0.27175099658
10/29/2021,FEU,Z14,10,0.27175099658
10/29/2021,FEU,Z24,11,0.26456275686
10/29/2021,FEU,Z14,11,0.27699433444
10/29/2021,FEU,Z24,12,0.26460099986
10/29/2021,FEU,Z14,12,0.26460099986
10/29/2021,FEU,Z24,13,0.25830653156
10/29/2021,FEU,Z14,13,0.25830653156
10/29/2021,FEU,Z24,14,0.25173607898
10/29/2021,FEU,Z14,14,0.25173607898
10/29/2021,FEU,Z24,15,0.24726631076
10/29/2021,FEU,Z14,15,0.23471618332
10/29/2021,FEU,Z24,16,0.21620432448
10/29/2021,FEU,Z14,16,0.21620432448
10/29/2021,FEU,Z24,17,0.22625000062
10/29/2021,FEU,Z14,17,0.22625000062
10/29/2021,FEU,Z24,18,0.2501893462
10/29/2021,FEU,Z14,18,0.2501893462
10/29/2021,FEU,Z24,19,0.26565468216
10/29/2021,FEU,Z14,19,0.27809272374
10/29/2021,FEU,Z24,2,0.16590792938
10/29/2021,FEU,Z14,2,0.16590792938
10/29/2021,FEU,Z24,20,0.29232172818
10/29/2021,FEU,Z14,20,0.29232172818
10/29/2021,FEU,Z24,21,0.28464831146
10/29/2021,FEU,Z14,21,0.28464831146
10/29/2021,FEU,Z24,22,0.2616065462
10/29/2021,FEU,Z14,22,0.2616065462
10/29/2021,FEU,Z24,23,0.2361692363
10/29/2021,FEU,Z14,23,0.223452832
10/29/2021,FEU,Z24,24,0.21782622316
10/29/2021,FEU,Z14,24,0.21782622316
10/29/2021,FEU,Z24,3,0.16331211768
10/29/2021,FEU,Z14,3,0.16331211768
10/29/2021,FEU,Z24,4,0.18305689026
10/29/2021,FEU,Z14,4,0.18305689026
10/29/2021,FEU,Z24,5,0.18444353712
10/29/2021,FEU,Z14,5,0.18444353712
10/29/2021,FEU,Z24,6,0.18451554168
10/29/2021,FEU,Z14,6,0.18451554168
10/29/2021,FEU,Z24,7,0.20126800708
10/29/2021,FEU,Z14,7,0.20126800708
10/29/2021,FEU,Z24,8,0.23259374346
10/29/2021,FEU,Z14,8,0.23259374346
10/29/2021,FEU,Z24,9,0.2769688234
10/29/2021,FEU,Z14,9,0.2769688234
10/30/2021,FEU,Z24,1,0.13104012252
10/30/2021,FEU,Z14,1,0.13104012252
10/30/2021,FEU,Z24,10,0.18484820562
10/30/2021,FEU,Z14,10,0.18484820562
10/30/2021,FEU,Z24,11,0.1885736883
10/30/2021,FEU,Z14,11,0.1885736883
10/30/2021,FEU,Z24,12,0.180090839
10/30/2021,FEU,Z14,12,0.180090839
10/30/2021,FEU,Z24,13,0.17628351714
10/30/2021,FEU,Z14,13,0.17628351714
10/30/2021,FEU,Z24,14,0.16095744756
10/30/2021,FEU,Z14,14,0.16095744756
10/30/2021,FEU,Z24,15,0.14933575742
10/30/2021,FEU,Z14,15,0.14933575742
10/30/2021,FEU,Z24,16,0.13481138044
10/30/2021,FEU,Z14,16,0.13481138044
10/30/2021,FEU,Z24,17,0.16427873988
10/30/2021,FEU,Z14,17,0.16427873988
10/30/2021,FEU,Z24,18,0.18968253174
10/30/2021,FEU,Z14,18,0.18968253174
10/30/2021,FEU,Z24,19,0.2064044262
10/30/2021,FEU,Z14,19,0.2064044262
10/30/2021,FEU,Z24,2,0.1205527234
10/30/2021,FEU,Z14,2,0.1205527234
10/30/2021,FEU,Z24,20,0.2275031355
10/30/2021,FEU,Z14,20,0.2275031355
10/30/2021,FEU,Z24,21,0.23330578606
10/30/2021,FEU,Z14,21,0.23330578606
10/30/2021,FEU,Z24,22,0.21869864094
10/30/2021,FEU,Z14,22,0.21869864094
10/30/2021,FEU,Z24,23,0.1891047591
10/30/2021,FEU,Z14,23,0.1891047591
10/30/2021,FEU,Z24,24,0.16870062354
10/30/2021,FEU,Z14,24,0.16870062354
10/30/2021,FEU,Z24,3,0.10397417256
10/30/2021,FEU,Z14,3,0.10397417256
10/30/2021,FEU,Z24,4,0.09250793228
10/30/2021,FEU,Z14,4,0.09250793228
10/30/2021,FEU,Z24,5,0.08743467714
10/30/2021,FEU,Z14,5,0.08743467714
10/30/2021,FEU,Z24,6,0.09089259314
10/30/2021,FEU,Z14,6,0.09089259314
10/30/2021,FEU,Z24,7,0.10838262856
10/30/2021,FEU,Z14,7,0.10838262856
10/30/2021,FEU,Z24,8,0.1256800041
10/30/2021,FEU,Z14,8,0.1256800041
10/30/2021,FEU,Z24,9,0.1531620748
10/30/2021,FEU,Z14,9,0.1531620748
10/31/2021,FEU,Z24,1,0.17148165698
10/31/2021,FEU,Z14,1,0.17148165698
10/31/2021,FEU,Z24,10,0.08181691452
10/31/2021,FEU,Z14,10,0.08181691452
10/31/2021,FEU,Z24,11,0.1026300105
10/31/2021,FEU,Z14,11,0.1026300105
10/31/2021,FEU,Z24,12,0.09109160448
10/31/2021,FEU,Z14,12,0.09109160448
10/31/2021,FEU,Z24,13,0.09110328448
10/31/2021,FEU,Z14,13,0.09110328448
10/31/2021,FEU,Z24,14,0.08649088818
10/31/2021,FEU,Z14,14,0.08649088818
10/31/2021,FEU,Z24,15,0.07978386718
10/31/2021,FEU,Z14,15,0.07978386718
10/31/2021,FEU,Z24,16,0.0808049262
10/31/2021,FEU,Z14,16,0.0808049262
10/31/2021,FEU,Z24,17,0.0813437348
10/31/2021,FEU,Z14,17,0.0813437348
10/31/2021,FEU,Z24,18,0.0920911791
10/31/2021,FEU,Z14,18,0.0920911791
10/31/2021,FEU,Z24,19,0.11130072252
10/31/2021,FEU,Z14,19,0.11130072252
10/31/2021,FEU,Z24,2,0.12390203086
10/31/2021,FEU,Z14,2,0.12390203086
10/31/2021,FEU,Z24,20,0.12285397254
10/31/2021,FEU,Z14,20,0.12285397254
10/31/2021,FEU,Z24,21,0.13186932168
10/31/2021,FEU,Z14,21,0.13186932168
10/31/2021,FEU,Z24,22,0.18537666252
10/31/2021,FEU,Z14,22,0.18537666252
10/31/2021,FEU,Z24,23,0.16554356396
10/31/2021,FEU,Z14,23,0.16554356396
10/31/2021,FEU,Z24,24,0.15239340426
10/31/2021,FEU,Z14,24,0.15239340426
10/31/2021,FEU,Z24,25,0.14612162796
10/31/2021,FEU,Z14,25,0.14612162796
10/31/2021,FEU,Z24,3,0.10955225818
10/31/2021,FEU,Z14,3,0.10955225818
10/31/2021,FEU,Z24,4,0.10484990288
10/31/2021,FEU,Z14,4,0.10484990288
10/31/2021,FEU,Z24,5,0.09202557146
10/31/2021,FEU,Z14,5,0.09202557146
10/31/2021,FEU,Z24,6,0.09298677432
10/31/2021,FEU,Z14,6,0.09298677432
10/31/2021,FEU,Z24,7,0.08687003088
10/31/2021,FEU,Z14,7,0.08687003088
10/31/2021,FEU,Z24,8,0.08619912572
10/31/2021,FEU,Z14,8,0.08619912572
10/31/2021,FEU,Z24,9,0.08803057326
10/31/2021,FEU,Z14,9,0.08803057326
11/01/2021,FEU,Z24,1,0.11638287428
11/01/2021,FEU,Z14,1,0.11638287428
11/01/2021,FEU,Z24,10,0.1209281541
11/01/2021,FEU,Z14,10,0.1209281541
11/01/2021,FEU,Z24,11,0.11239975536
11/01/2021,FEU,Z14,11,0.11239975536
11/01/2021,FEU,Z24,12,0.10624450578
11/01/2021,FEU,Z14,12,0.10624450578
11/01/2021,FEU,Z24,13,0.1068529605
11/01/2021,FEU,Z14,13,0.1068529605
11/01/2021,FEU,Z24,14,0.0972626105
11/01/2021,FEU,Z14,14,0.0972626105
11/01/2021,FEU,Z24,15,0.08558460336
11/01/2021,FEU,Z14,15,0.08558460336
11/01/2021,FEU,Z24,16,0.09963565024
11/01/2021,FEU,Z14,16,0.09963565024
11/01/2021,FEU,Z24,17,0.11874954454
11/01/2021,FEU,Z14,17,0.11874954454
11/01/2021,FEU,Z24,18,0.17293708796
11/01/2021,FEU,Z14,18,0.17293708796
11/01/2021,FEU,Z24,19,0.22697311382
11/01/2021,FEU,Z14,19,0.22697311382
11/01/2021,FEU,Z24,2,0.09028893544
11/01/2021,FEU,Z14,2,0.09028893544
11/01/2021,FEU,Z24,20,0.22070272754
11/01/2021,FEU,Z14,20,0.22070272754
11/01/2021,FEU,Z24,21,0.20185865712
11/01/2021,FEU,Z14,21,0.20185865712
11/01/2021,FEU,Z24,22,0.18916405656
11/01/2021,FEU,Z14,22,0.18916405656
11/01/2021,FEU,Z24,23,0.18651256286
11/01/2021,FEU,Z14,23,0.18651256286
11/01/2021,FEU,Z24,24,0.17315128202
11/01/2021,FEU,Z14,24,0.17315128202
11/01/2021,FEU,Z24,3,0.0787456106
11/01/2021,FEU,Z14,3,0.0787456106
11/01/2021,FEU,Z24,4,0.05528142518
11/01/2021,FEU,Z14,4,0.05528142518
11/01/2021,FEU,Z24,5,0.0481065699
11/01/2021,FEU,Z14,5,0.0481065699
11/01/2021,FEU,Z24,6,0.07837403004
11/01/2021,FEU,Z14,6,0.07837403004
11/01/2021,FEU,Z24,7,0.09640333646
11/01/2021,FEU,Z14,7,0.09640333646
11/01/2021,FEU,Z24,8,0.11505914572
11/01/2021,FEU,Z14,8,0.11505914572
11/01/2021,FEU,Z24,9,0.12631664856
11/01/2021,FEU,Z14,9,0.12631664856
11/02/2021,FEU,Z24,1,0.15041994168
11/02/2021,FEU,Z14,1,0.15041994168
11/02/2021,FEU,Z24,10,0.22627013786
11/02/2021,FEU,Z14,10,0.22627013786
11/02/2021,FEU,Z24,11,0.21415949698
11/02/2021,FEU,Z14,11,0.22662127442
11/02/2021,FEU,Z24,12,0.19502830642
11/02/2021,FEU,Z14,12,0.19502830642
11/02/2021,FEU,Z24,13,0.18295241584
11/02/2021,FEU,Z14,13,0.18295241584
11/02/2021,FEU,Z24,14,0.17132594384
11/02/2021,FEU,Z14,14,0.17132594384
11/02/2021,FEU,Z24,15,0.17049209416
11/02/2021,FEU,Z14,15,0.15821743072
11/02/2021,FEU,Z24,16,0.18234553574
11/02/2021,FEU,Z14,16,0.18234553574
11/02/2021,FEU,Z24,17,0.21740441704
11/02/2021,FEU,Z14,17,0.21740441704
11/02/2021,FEU,Z24,18,0.22863036834
11/02/2021,FEU,Z14,18,0.22863036834
11/02/2021,FEU,Z24,19,0.23840616118
11/02/2021,FEU,Z14,19,0.25096985462
11/02/2021,FEU,Z24,2,0.13796536242
11/02/2021,FEU,Z14,2,0.13796536242
11/02/2021,FEU,Z24,20,0.27358464006
11/02/2021,FEU,Z14,20,0.27358464006
11/02/2021,FEU,Z24,21,0.3018712855
11/02/2021,FEU,Z14,21,0.3018712855
11/02/2021,FEU,Z24,22,0.27702225794
11/02/2021,FEU,Z14,22,0.27702225794
11/02/2021,FEU,Z24,23,0.2551261134
11/02/2021,FEU,Z14,23,0.2423419441
11/02/2021,FEU,Z24,24,0.22810906512
11/02/2021,FEU,Z14,24,0.22810906512
11/02/2021,FEU,Z24,3,0.13448524286
11/02/2021,FEU,Z14,3,0.13448524286
11/02/2021,FEU,Z24,4,0.13373082858
11/02/2021,FEU,Z14,4,0.13373082858
11/02/2021,FEU,Z24,5,0.13475698758
11/02/2021,FEU,Z14,5,0.13475698758
11/02/2021,FEU,Z24,6,0.13667400856
11/02/2021,FEU,Z14,6,0.13667400856
11/02/2021,FEU,Z24,7,0.17654118624
11/02/2021,FEU,Z14,7,0.17654118624
11/02/2021,FEU,Z24,8,0.21464441192
11/02/2021,FEU,Z14,8,0.21464441192
11/02/2021,FEU,Z24,9,0.23403389062
11/02/2021,FEU,Z14,9,0.23403389062
11/03/2021,FEU,Z24,1,0.18721586226
11/03/2021,FEU,Z14,1,0.18721586226
11/03/2021,FEU,Z24,10,0.23639949444
11/03/2021,FEU,Z14,10,0.23639949444
11/03/2021,FEU,Z24,11,0.22095745414
11/03/2021,FEU,Z14,11,0.23327211872
11/03/2021,FEU,Z24,12,0.20907797244
11/03/2021,FEU,Z14,12,0.20907797244
11/03/2021,FEU,Z24,13,0.1994640083
11/03/2021,FEU,Z14,13,0.1994640083
11/03/2021,FEU,Z24,14,0.18258905644
11/03/2021,FEU,Z14,14,0.18258905644
11/03/2021,FEU,Z24,15,0.18190080104
11/03/2021,FEU,Z14,15,0.1695770376
11/03/2021,FEU,Z24,16,0.17221160448
11/03/2021,FEU,Z14,16,0.17221160448
11/03/2021,FEU,Z24,17,0.17395381992
11/03/2021,FEU,Z14,17,0.17395381992
11/03/2021,FEU,Z24,18,0.21618056578
11/03/2021,FEU,Z14,18,0.21618056578
11/03/2021,FEU,Z24,19,0.23947211062
11/03/2021,FEU,Z14,19,0.25204292406
11/03/2021,FEU,Z24,2,0.18441459314
11/03/2021,FEU,Z14,2,0.18441459314
11/03/2021,FEU,Z24,20,0.26355369578
11/03/2021,FEU,Z14,20,0.26355369578
11/03/2021,FEU,Z24,21,0.27860079922
11/03/2021,FEU,Z14,21,0.27860079922
11/03/2021,FEU,Z24,22,0.25722355466
11/03/2021,FEU,Z14,22,0.25722355466
11/03/2021,FEU,Z24,23,0.23782100112
11/03/2021,FEU,Z14,23,0.22528074568
11/03/2021,FEU,Z24,24,0.20264128698
11/03/2021,FEU,Z14,24,0.20264128698
11/03/2021,FEU,Z24,3,0.1819190613
11/03/2021,FEU,Z14,3,0.1819190613
11/03/2021,FEU,Z24,4,0.17112955702
11/03/2021,FEU,Z14,4,0.17112955702
11/03/2021,FEU,Z24,5,0.16997308716
11/03/2021,FEU,Z14,5,0.16997308716
11/03/2021,FEU,Z24,6,0.17954545414
11/03/2021,FEU,Z14,6,0.17954545414
11/03/2021,FEU,Z24,7,0.20350012038
11/03/2021,FEU,Z14,7,0.20350012038
11/03/2021,FEU,Z24,8,0.23231465592
11/03/2021,FEU,Z14,8,0.23231465592
11/03/2021,FEU,Z24,9,0.2501296762
11/03/2021,FEU,Z14,9,0.2501296762
11/04/2021,FEU,Z24,1,0.20780373498
11/04/2021,FEU,Z14,1,0.20780373498
11/04/2021,FEU,Z24,10,0.24688560974
11/04/2021,FEU,Z14,10,0.24688560974
11/04/2021,FEU,Z24,11,0.23584903644
11/04/2021,FEU,Z14,11,0.24820768202
11/04/2021,FEU,Z24,12,0.24006818702
11/04/2021,FEU,Z14,12,0.24006818702
11/04/2021,FEU,Z24,13,0.2343958283
11/04/2021,FEU,Z14,13,0.2343958283
11/04/2021,FEU,Z24,14,0.22703667816
11/04/2021,FEU,Z14,14,0.22703667816
11/04/2021,FEU,Z24,15,0.22103046962
11/04/2021,FEU,Z14,15,0.20856939618
11/04/2021,FEU,Z24,16,0.20935706534
11/04/2021,FEU,Z14,16,0.20935706534
11/04/2021,FEU,Z24,17,0.23341310878
11/04/2021,FEU,Z14,17,0.23341310878
11/04/2021,FEU,Z24,18,0.25179160336
11/04/2021,FEU,Z14,18,0.25179160336
11/04/2021,FEU,Z24,19,0.26191235362
11/04/2021,FEU,Z14,19,0.27455891206
11/04/2021,FEU,Z24,2,0.19600976744
11/04/2021,FEU,Z14,2,0.19600976744
11/04/2021,FEU,Z24,20,0.26663981992
11/04/2021,FEU,Z14,20,0.26663981992
11/04/2021,FEU,Z24,21,0.2561120855
11/04/2021,FEU,Z14,21,0.2561120855
11/04/2021,FEU,Z24,22,0.25226915294
11/04/2021,FEU,Z14,22,0.25226915294
11/04/2021,FEU,Z24,23,0.24923158826
11/04/2021,FEU,Z14,23,0.23665274682
11/04/2021,FEU,Z24,24,0.23199482284
11/04/2021,FEU,Z14,24,0.23199482284
11/04/2021,FEU,Z24,3,0.1885664206
11/04/2021,FEU,Z14,3,0.1885664206
11/04/2021,FEU,Z24,4,0.18603443832
11/04/2021,FEU,Z14,4,0.18603443832
11/04/2021,FEU,Z24,5,0.18842207832
11/04/2021,FEU,Z14,5,0.18842207832
11/04/2021,FEU,Z24,6,0.20373786902
11/04/2021,FEU,Z14,6,0.20373786902
11/04/2021,FEU,Z24,7,0.22594146154
11/04/2021,FEU,Z14,7,0.22594146154
11/04/2021,FEU,Z24,8,0.2327518605
11/04/2021,FEU,Z14,8,0.2327518605
11/04/2021,FEU,Z24,9,0.25419280378
11/04/2021,FEU,Z14,9,0.25419280378
11/05/2021,FEU,Z24,1,0.20664175298
11/05/2021,FEU,Z14,1,0.20664175298
11/05/2021,FEU,Z24,10,0.24461396974
11/05/2021,FEU,Z14,10,0.24461396974
11/05/2021,FEU,Z24,11,0.22747215044
11/05/2021,FEU,Z14,11,0.23999020988
11/05/2021,FEU,Z24,12,0.23055633874
11/05/2021,FEU,Z14,12,0.23055633874
11/05/2021,FEU,Z24,13,0.22169728388
11/05/2021,FEU,Z14,13,0.22169728388
11/05/2021,FEU,Z24,14,0.21316554374
11/05/2021,FEU,Z14,14,0.21316554374
11/05/2021,FEU,Z24,15,0.20722475648
11/05/2021,FEU,Z14,15,0.19481001304
11/05/2021,FEU,Z24,16,0.19252814134
11/05/2021,FEU,Z14,16,0.19252814134
11/05/2021,FEU,Z24,17,0.23297393764
11/05/2021,FEU,Z14,17,0.23297393764
11/05/2021,FEU,Z24,18,0.24953813422
11/05/2021,FEU,Z14,18,0.24953813422
11/05/2021,FEU,Z24,19,0.2575767262
11/05/2021,FEU,Z14,19,0.27021203764
11/05/2021,FEU,Z24,2,0.20550691944
11/05/2021,FEU,Z14,2,0.20550691944
11/05/2021,FEU,Z24,20,0.27706941794
11/05/2021,FEU,Z14,20,0.27706941794
11/05/2021,FEU,Z24,21,0.2795055348
11/05/2021,FEU,Z14,21,0.2795055348
11/05/2021,FEU,Z24,22,0.27398797838
11/05/2021,FEU,Z14,22,0.27398797838
11/05/2021,FEU,Z24,23,0.26670256484
11/05/2021,FEU,Z14,23,0.25386704154
11/05/2021,FEU,Z24,24,0.24428175898
11/05/2021,FEU,Z14,24,0.24428175898
11/05/2021,FEU,Z24,3,0.20096801574
11/05/2021,FEU,Z14,3,0.20096801574
11/05/2021,FEU,Z24,4,0.19036612632
11/05/2021,FEU,Z14,4,0.19036612632
11/05/2021,FEU,Z24,5,0.18486083146
11/05/2021,FEU,Z14,5,0.18486083146
11/05/2021,FEU,Z24,6,0.2040741913
11/05/2021,FEU,Z14,6,0.2040741913
11/05/2021,FEU,Z24,7,0.2261914034
11/05/2021,FEU,Z14,7,0.2261914034
11/05/2021,FEU,Z24,8,0.2329903855
11/05/2021,FEU,Z14,8,0.2329903855
11/05/2021,FEU,Z24,9,0.25168023778
11/05/2021,FEU,Z14,9,0.25168023778
11/06/2021,FEU,Z24,1,0.23170071798
11/06/2021,FEU,Z14,1,0.23170071798
11/06/2021,FEU,Z24,10,0.1936183748
11/06/2021,FEU,Z14,10,0.1936183748
11/06/2021,FEU,Z24,11,0.1743218562
11/06/2021,FEU,Z14,11,0.1743218562
11/06/2021,FEU,Z24,12,0.16837073434
11/06/2021,FEU,Z14,12,0.16837073434
11/06/2021,FEU,Z24,13,0.16727888834
11/06/2021,FEU,Z14,13,0.16727888834
11/06/2021,FEU,Z24,14,0.17130141734
11/06/2021,FEU,Z14,14,0.17130141734
11/06/2021,FEU,Z24,15,0.17020176706
11/06/2021,FEU,Z14,15,0.17020176706
11/06/2021,FEU,Z24,16,0.16883413308
11/06/2021,FEU,Z14,16,0.16883413308
11/06/2021,FEU,Z24,17,0.1791673491
11/06/2021,FEU,Z14,17,0.1791673491
11/06/2021,FEU,Z24,18,0.21930834512
11/06/2021,FEU,Z14,18,0.21930834512
11/06/2021,FEU,Z24,19,0.23209612968
11/06/2021,FEU,Z14,19,0.23209612968
11/06/2021,FEU,Z24,2,0.22293568458
11/06/2021,FEU,Z14,2,0.22293568458
11/06/2021,FEU,Z24,20,0.23461706568
11/06/2021,FEU,Z14,20,0.23461706568
11/06/2021,FEU,Z24,21,0.21753543196
11/06/2021,FEU,Z14,21,0.21753543196
11/06/2021,FEU,Z24,22,0.21483620154
11/06/2021,FEU,Z14,22,0.21483620154
11/06/2021,FEU,Z24,23,0.20891799698
11/06/2021,FEU,Z14,23,0.20891799698
11/06/2021,FEU,Z24,24,0.20213490684
11/06/2021,FEU,Z14,24,0.20213490684
11/06/2021,FEU,Z24,3,0.2209230306
11/06/2021,FEU,Z14,3,0.2209230306
11/06/2021,FEU,Z24,4,0.21031155004
11/06/2021,FEU,Z14,4,0.21031155004
11/06/2021,FEU,Z24,5,0.19276627562
11/06/2021,FEU,Z14,5,0.19276627562
11/06/2021,FEU,Z24,6,0.1849143549
11/06/2021,FEU,Z14,6,0.1849143549
11/06/2021,FEU,Z24,7,0.19463226102
11/06/2021,FEU,Z14,7,0.19463226102
11/06/2021,FEU,Z24,8,0.208664832
11/06/2021,FEU,Z14,8,0.208664832
11/06/2021,FEU,Z24,9,0.2126599134
11/06/2021,FEU,Z14,9,0.2126599134
11/07/2021,FEU,Z24,1,0.18291017256
11/07/2021,FEU,Z14,1,0.18291017256
11/07/2021,FEU,Z24,10,0.16969253712
11/07/2021,FEU,Z14,10,0.16969253712
11/07/2021,FEU,Z24,11,0.16536067452
11/07/2021,FEU,Z14,11,0.16536067452
11/07/2021,FEU,Z24,12,0.16777487666
11/07/2021,FEU,Z14,12,0.16777487666
11/07/2021,FEU,Z24,13,0.1691793948
11/07/2021,FEU,Z14,13,0.1691793948
11/07/2021,FEU,Z24,14,0.16133063422
11/07/2021,FEU,Z14,14,0.16133063422
11/07/2021,FEU,Z24,15,0.15672907536
11/07/2021,FEU,Z14,15,0.15672907536
11/07/2021,FEU,Z24,16,0.1599430941
11/07/2021,FEU,Z14,16,0.1599430941
11/07/2021,FEU,Z24,17,0.17277725498
11/07/2021,FEU,Z14,17,0.17277725498
11/07/2021,FEU,Z24,18,0.226524432
11/07/2021,FEU,Z14,18,0.226524432
11/07/2021,FEU,Z24,19,0.23368945242
11/07/2021,FEU,Z14,19,0.23368945242
11/07/2021,FEU,Z24,2,0.16880828232
11/07/2021,FEU,Z14,2,0.16880828232
11/07/2021,FEU,Z24,20,0.24259752642
11/07/2021,FEU,Z14,20,0.24259752642
11/07/2021,FEU,Z24,21,0.23029536398
11/07/2021,FEU,Z14,21,0.23029536398
11/07/2021,FEU,Z24,22,0.22999092684
11/07/2021,FEU,Z14,22,0.22999092684
11/07/2021,FEU,Z24,23,0.22688450742
11/07/2021,FEU,Z14,23,0.22688450742
11/07/2021,FEU,Z24,24,0.22646863186
11/07/2021,FEU,Z14,24,0.22646863186
11/07/2021,FEU,Z24,3,0.1530719092
11/07/2021,FEU,Z14,3,0.1530719092
11/07/2021,FEU,Z24,4,0.12201971664
11/07/2021,FEU,Z14,4,0.12201971664
11/07/2021,FEU,Z24,5,0.10031146408
11/07/2021,FEU,Z14,5,0.10031146408
11/07/2021,FEU,Z24,6,0.12008090064
11/07/2021,FEU,Z14,6,0.12008090064
11/07/2021,FEU,Z24,7,0.13161932762
11/07/2021,FEU,Z14,7,0.13161932762
11/07/2021,FEU,Z24,8,0.1318115649
11/07/2021,FEU,Z14,8,0.1318115649
11/07/2021,FEU,Z24,9,0.16542220674
11/07/2021,FEU,Z14,9,0.16542220674
11/08/2021,FEU,Z24,1,0.22136095758
11/08/2021,FEU,Z14,1,0.22136095758
11/08/2021,FEU,Z24,10,0.23238920398
11/08/2021,FEU,Z14,10,0.23238920398
11/08/2021,FEU,Z24,11,0.22140570754
11/08/2021,FEU,Z14,11,0.23388927698
11/08/2021,FEU,Z24,12,0.20411272012
11/08/2021,FEU,Z14,12,0.20411272012
11/08/2021,FEU,Z24,13,0.2048296004
11/08/2021,FEU,Z14,13,0.2048296004
11/08/2021,FEU,Z24,14,0.2047942604
11/08/2021,FEU,Z14,14,0.2047942604
11/08/2021,FEU,Z24,15,0.20533151072
11/08/2021,FEU,Z14,15,0.19308960814
11/08/2021,FEU,Z24,16,0.1946892883
11/08/2021,FEU,Z14,16,0.1946892883
11/08/2021,FEU,Z24,17,0.22378789874
11/08/2021,FEU,Z14,17,0.22378789874
11/08/2021,FEU,Z24,18,0.24004860132
11/08/2021,FEU,Z14,18,0.24004860132
11/08/2021,FEU,Z24,19,0.25671186616
11/08/2021,FEU,Z14,19,0.2693317176
11/08/2021,FEU,Z24,2,0.21658010018
11/08/2021,FEU,Z14,2,0.21658010018
11/08/2021,FEU,Z24,20,0.2764835419
11/08/2021,FEU,Z14,20,0.2764835419
11/08/2021,FEU,Z24,21,0.27906492006
11/08/2021,FEU,Z14,21,0.27906492006
11/08/2021,FEU,Z24,22,0.27588781422
11/08/2021,FEU,Z14,22,0.27588781422
11/08/2021,FEU,Z24,23,0.26414052626
11/08/2021,FEU,Z14,23,0.25151161282
11/08/2021,FEU,Z24,24,0.24219878098
11/08/2021,FEU,Z14,24,0.24219878098
11/08/2021,FEU,Z24,3,0.19976176548
11/08/2021,FEU,Z14,3,0.19976176548
11/08/2021,FEU,Z24,4,0.1881359292
11/08/2021,FEU,Z14,4,0.1881359292
11/08/2021,FEU,Z24,5,0.18774254148
11/08/2021,FEU,Z14,5,0.18774254148
11/08/2021,FEU,Z24,6,0.20210235888
11/08/2021,FEU,Z14,6,0.20210235888
11/08/2021,FEU,Z24,7,0.21945346882
11/08/2021,FEU,Z14,7,0.21945346882
11/08/2021,FEU,Z24,8,0.22810195834
11/08/2021,FEU,Z14,8,0.22810195834
11/08/2021,FEU,Z24,9,0.2447357576
11/08/2021,FEU,Z14,9,0.2447357576
11/09/2021,FEU,Z24,1,0.19579322568
11/09/2021,FEU,Z14,1,0.19579322568
11/09/2021,FEU,Z24,10,0.24296884586
11/09/2021,FEU,Z14,10,0.24296884586
11/09/2021,FEU,Z24,11,0.22666848898
11/09/2021,FEU,Z14,11,0.23917404242
11/09/2021,FEU,Z24,12,0.21985512142
11/09/2021,FEU,Z14,12,0.21985512142
11/09/2021,FEU,Z24,13,0.23544828784
11/09/2021,FEU,Z14,13,0.23544828784
11/09/2021,FEU,Z24,14,0.23753837584
11/09/2021,FEU,Z14,14,0.23753837584
11/09/2021,FEU,Z24,15,0.24426570216
11/09/2021,FEU,Z14,15,0.23173461472
11/09/2021,FEU,Z24,16,0.24408430674
11/09/2021,FEU,Z14,16,0.24408430674
11/09/2021,FEU,Z24,17,0.24687689704
11/09/2021,FEU,Z14,17,0.24687689704
11/09/2021,FEU,Z24,18,0.25982045734
11/09/2021,FEU,Z14,18,0.25982045734
11/09/2021,FEU,Z24,19,0.27781906818
11/09/2021,FEU,Z14,19,0.29051715062
11/09/2021,FEU,Z24,2,0.19866642942
11/09/2021,FEU,Z14,2,0.19866642942
11/09/2021,FEU,Z24,20,0.29902578606
11/09/2021,FEU,Z14,20,0.29902578606
11/09/2021,FEU,Z24,21,0.2978633605
11/09/2021,FEU,Z14,21,0.2978633605
11/09/2021,FEU,Z24,22,0.27387314894
11/09/2021,FEU,Z14,22,0.27387314894
11/09/2021,FEU,Z24,23,0.2682220634
11/09/2021,FEU,Z14,23,0.2553828691
11/09/2021,FEU,Z24,24,0.25347363312
11/09/2021,FEU,Z14,24,0.25347363312
11/09/2021,FEU,Z24,3,0.19482828686
11/09/2021,FEU,Z14,3,0.19482828686
11/09/2021,FEU,Z24,4,0.18901950558
11/09/2021,FEU,Z14,4,0.18901950558
11/09/2021,FEU,Z24,5,0.18915424158
11/09/2021,FEU,Z14,5,0.18915424158
11/09/2021,FEU,Z24,6,0.20147568056
11/09/2021,FEU,Z14,6,0.20147568056
11/09/2021,FEU,Z24,7,0.21926109024
11/09/2021,FEU,Z14,7,0.21926109024
11/09/2021,FEU,Z24,8,0.23165950792
11/09/2021,FEU,Z14,8,0.23165950792
11/09/2021,FEU,Z24,9,0.24980356162
11/09/2021,FEU,Z14,9,0.24980356162
11/10/2021,FEU,Z24,1,0.23247386226
11/10/2021,FEU,Z14,1,0.23247386226
11/10/2021,FEU,Z24,10,0.26977779044
11/10/2021,FEU,Z14,10,0.26977779044
11/10/2021,FEU,Z24,11,0.25444735714
11/10/2021,FEU,Z14,11,0.26684946272
11/10/2021,FEU,Z24,12,0.26379026644
11/10/2021,FEU,Z14,12,0.26379026644
11/10/2021,FEU,Z24,13,0.2649421133
11/10/2021,FEU,Z14,13,0.2649421133
11/10/2021,FEU,Z24,14,0.26509082444
11/10/2021,FEU,Z14,14,0.26509082444
11/10/2021,FEU,Z24,15,0.26488119704
11/10/2021,FEU,Z14,15,0.2522734376
11/10/2021,FEU,Z24,16,0.25349739648
11/10/2021,FEU,Z14,16,0.25349739648
11/10/2021,FEU,Z24,17,0.25886170392
11/10/2021,FEU,Z14,17,0.25886170392
11/10/2021,FEU,Z24,18,0.27604579378
11/10/2021,FEU,Z14,18,0.27604579378
11/10/2021,FEU,Z24,19,0.29061938662
11/10/2021,FEU,Z14,19,0.30336434106
11/10/2021,FEU,Z24,2,0.22705463014
11/10/2021,FEU,Z14,2,0.22705463014
11/10/2021,FEU,Z24,20,0.31054524878
11/10/2021,FEU,Z14,20,0.31054524878
11/10/2021,FEU,Z24,21,0.31129432822
11/10/2021,FEU,Z14,21,0.31129432822
11/10/2021,FEU,Z24,22,0.30297667566
11/10/2021,FEU,Z14,22,0.30297667566
11/10/2021,FEU,Z24,23,0.28286310512
11/10/2021,FEU,Z14,23,0.27017051368
11/10/2021,FEU,Z24,24,0.25303837898
11/10/2021,FEU,Z14,24,0.25303837898
11/10/2021,FEU,Z24,3,0.2266076913
11/10/2021,FEU,Z14,3,0.2266076913
11/10/2021,FEU,Z24,4,0.21784166402
11/10/2021,FEU,Z14,4,0.21784166402
11/10/2021,FEU,Z24,5,0.21933949116
11/10/2021,FEU,Z14,5,0.21933949116
11/10/2021,FEU,Z24,6,0.22920923314
11/10/2021,FEU,Z14,6,0.22920923314
11/10/2021,FEU,Z24,7,0.25160090038
11/10/2021,FEU,Z14,7,0.25160090038
11/10/2021,FEU,Z24,8,0.26044265592
11/10/2021,FEU,Z14,8,0.26044265592
11/10/2021,FEU,Z24,9,0.2837332462
11/10/2021,FEU,Z14,9,0.2837332462
11/11/2021,FEU,Z24,1,0.20910052598
11/11/2021,FEU,Z14,1,0.20910052598
11/11/2021,FEU,Z24,10,0.25127358374
11/11/2021,FEU,Z14,10,0.25127358374
11/11/2021,FEU,Z24,11,0.23533319844
11/11/2021,FEU,Z14,11,0.24769166002
11/11/2021,FEU,Z24,12,0.24333324102
11/11/2021,FEU,Z14,12,0.24333324102
11/11/2021,FEU,Z24,13,0.2428619783
11/11/2021,FEU,Z14,13,0.2428619783
11/11/2021,FEU,Z24,14,0.24389000216
11/11/2021,FEU,Z14,14,0.24389000216
11/11/2021,FEU,Z24,15,0.24183457862
11/11/2021,FEU,Z14,15,0.22930336018
11/11/2021,FEU,Z24,16,0.23168145834
11/11/2021,FEU,Z14,16,0.23168145834
11/11/2021,FEU,Z24,17,0.25076295178
11/11/2021,FEU,Z14,17,0.25076295178
11/11/2021,FEU,Z24,18,0.26806509136
11/11/2021,FEU,Z14,18,0.26806509136
11/11/2021,FEU,Z24,19,0.30314246362
11/11/2021,FEU,Z14,19,0.31593034206
11/11/2021,FEU,Z24,2,0.20375871144
11/11/2021,FEU,Z14,2,0.20375871144
11/11/2021,FEU,Z24,20,0.31244978392
11/11/2021,FEU,Z14,20,0.31244978392
11/11/2021,FEU,Z24,21,0.2966707355
11/11/2021,FEU,Z14,21,0.2966707355
11/11/2021,FEU,Z24,22,0.27782397794
11/11/2021,FEU,Z14,22,0.27782397794
11/11/2021,FEU,Z24,23,0.25481737826
11/11/2021,FEU,Z14,23,0.24222096382
11/11/2021,FEU,Z24,24,0.22542424084
11/11/2021,FEU,Z14,24,0.22542424084
11/11/2021,FEU,Z24,3,0.2031602306
11/11/2021,FEU,Z14,3,0.2031602306
11/11/2021,FEU,Z24,4,0.19454873832
11/11/2021,FEU,Z14,4,0.19454873832
11/11/2021,FEU,Z24,5,0.19753874232
11/11/2021,FEU,Z14,5,0.19753874232
11/11/2021,FEU,Z24,6,0.20280606502
11/11/2021,FEU,Z14,6,0.20280606502
11/11/2021,FEU,Z24,7,0.21137145554
11/11/2021,FEU,Z14,7,0.21137145554
11/11/2021,FEU,Z24,8,0.2395504105
11/11/2021,FEU,Z14,8,0.2395504105
11/11/2021,FEU,Z24,9,0.26344660078
11/11/2021,FEU,Z14,9,0.26344660078
11/12/2021,FEU,Z24,1,0.22910832898
11/12/2021,FEU,Z14,1,0.22910832898
11/12/2021,FEU,Z24,10,0.26504134474
11/12/2021,FEU,Z14,10,0.26504134474
11/12/2021,FEU,Z24,11,0.25674913044
11/12/2021,FEU,Z14,11,0.26936866988
11/12/2021,FEU,Z24,12,0.25798407374
11/12/2021,FEU,Z14,12,0.25798407374
11/12/2021,FEU,Z24,13,0.25678931588
11/12/2021,FEU,Z14,13,0.25678931588
11/12/2021,FEU,Z24,14,0.25513641074
11/12/2021,FEU,Z14,14,0.25513641074
11/12/2021,FEU,Z24,15,0.25606701248
11/12/2021,FEU,Z14,15,0.24348500104
11/12/2021,FEU,Z24,16,0.24051091534
11/12/2021,FEU,Z14,16,0.24051091534
11/12/2021,FEU,Z24,17,0.24666864764
11/12/2021,FEU,Z14,17,0.24666864764
11/12/2021,FEU,Z24,18,0.25270426422
11/12/2021,FEU,Z14,18,0.25270426422
11/12/2021,FEU,Z24,19,0.2703344062
11/12/2021,FEU,Z14,19,0.28301215964
11/12/2021,FEU,Z24,2,0.22501533144
11/12/2021,FEU,Z14,2,0.22501533144
11/12/2021,FEU,Z24,20,0.28235959094
11/12/2021,FEU,Z14,20,0.28235959094
11/12/2021,FEU,Z24,21,0.2594526148
11/12/2021,FEU,Z14,21,0.2594526148
11/12/2021,FEU,Z24,22,0.25311394338
11/12/2021,FEU,Z14,22,0.25311394338
11/12/2021,FEU,Z24,23,0.24236168084
11/12/2021,FEU,Z14,23,0.22962808754
11/12/2021,FEU,Z24,24,0.22605391198
11/12/2021,FEU,Z14,24,0.22605391198
11/12/2021,FEU,Z24,3,0.21908488074
11/12/2021,FEU,Z14,3,0.21908488074
11/12/2021,FEU,Z24,4,0.20857642632
11/12/2021,FEU,Z14,4,0.20857642632
11/12/2021,FEU,Z24,5,0.20438457346
11/12/2021,FEU,Z14,5,0.20438457346
11/12/2021,FEU,Z24,6,0.2102883763
11/12/2021,FEU,Z14,6,0.2102883763
11/12/2021,FEU,Z24,7,0.2304432734
11/12/2021,FEU,Z14,7,0.2304432734
11/12/2021,FEU,Z24,8,0.2504544105
11/12/2021,FEU,Z14,8,0.2504544105
11/12/2021,FEU,Z24,9,0.27633083278
11/12/2021,FEU,Z14,9,0.27633083278
11/13/2021,FEU,Z24,1,0.23833737698
11/13/2021,FEU,Z14,1,0.23833737698
11/13/2021,FEU,Z24,10,0.2125691748
11/13/2021,FEU,Z14,10,0.2125691748
11/13/2021,FEU,Z24,11,0.2112388662
11/13/2021,FEU,Z14,11,0.2112388662
11/13/2021,FEU,Z24,12,0.21578303634
11/13/2021,FEU,Z14,12,0.21578303634
11/13/2021,FEU,Z24,13,0.21579472634
11/13/2021,FEU,Z14,13,0.21579472634
11/13/2021,FEU,Z24,14,0.21458481134
11/13/2021,FEU,Z14,14,0.21458481134
11/13/2021,FEU,Z24,15,0.21500891106
11/13/2021,FEU,Z14,15,0.21500891106
11/13/2021,FEU,Z24,16,0.21636054308
11/13/2021,FEU,Z14,16,0.21636054308
11/13/2021,FEU,Z24,17,0.2230182741
11/13/2021,FEU,Z14,17,0.2230182741
11/13/2021,FEU,Z24,18,0.25909849712
11/13/2021,FEU,Z14,18,0.25909849712
11/13/2021,FEU,Z24,19,0.27041388168
11/13/2021,FEU,Z14,19,0.27041388168
11/13/2021,FEU,Z24,2,0.23381802258
11/13/2021,FEU,Z14,2,0.23381802258
11/13/2021,FEU,Z24,20,0.26349021768
11/13/2021,FEU,Z14,20,0.26349021768
11/13/2021,FEU,Z24,21,0.24868453596
11/13/2021,FEU,Z14,21,0.24868453596
11/13/2021,FEU,Z24,22,0.24768113754
11/13/2021,FEU,Z14,22,0.24768113754
11/13/2021,FEU,Z24,23,0.23474048198
11/13/2021,FEU,Z14,23,0.23474048198
11/13/2021,FEU,Z24,24,0.22778441484
11/13/2021,FEU,Z14,24,0.22778441484
11/13/2021,FEU,Z24,3,0.2222504006
11/13/2021,FEU,Z14,3,0.2222504006
11/13/2021,FEU,Z24,4,0.19716150204
11/13/2021,FEU,Z14,4,0.19716150204
11/13/2021,FEU,Z24,5,0.19764644562
11/13/2021,FEU,Z14,5,0.19764644562
11/13/2021,FEU,Z24,6,0.1974956799
11/13/2021,FEU,Z14,6,0.1974956799
11/13/2021,FEU,Z24,7,0.19513558002
11/13/2021,FEU,Z14,7,0.19513558002
11/13/2021,FEU,Z24,8,0.219044832
11/13/2021,FEU,Z14,8,0.219044832
11/13/2021,FEU,Z24,9,0.2173711234
11/13/2021,FEU,Z14,9,0.2173711234
11/14/2021,FEU,Z24,1,0.23253580056
11/14/2021,FEU,Z14,1,0.23253580056
11/14/2021,FEU,Z24,10,0.21506124912
11/14/2021,FEU,Z14,10,0.21506124912
11/14/2021,FEU,Z24,11,0.22008018252
11/14/2021,FEU,Z14,11,0.22008018252
11/14/2021,FEU,Z24,12,0.21041133866
11/14/2021,FEU,Z14,12,0.21041133866
11/14/2021,FEU,Z24,13,0.2227289748
11/14/2021,FEU,Z14,13,0.2227289748
11/14/2021,FEU,Z24,14,0.21070578422
11/14/2021,FEU,Z14,14,0.21070578422
11/14/2021,FEU,Z24,15,0.19686830736
11/14/2021,FEU,Z14,15,0.19686830736
11/14/2021,FEU,Z24,16,0.1956732141
11/14/2021,FEU,Z14,16,0.1956732141
11/14/2021,FEU,Z24,17,0.20226940798
11/14/2021,FEU,Z14,17,0.20226940798
11/14/2021,FEU,Z24,18,0.249050832
11/14/2021,FEU,Z14,18,0.249050832
11/14/2021,FEU,Z24,19,0.25575734442
11/14/2021,FEU,Z14,19,0.25575734442
11/14/2021,FEU,Z24,2,0.21928081032
11/14/2021,FEU,Z14,2,0.21928081032
11/14/2021,FEU,Z24,20,0.25628043342
11/14/2021,FEU,Z14,20,0.25628043342
11/14/2021,FEU,Z24,21,0.24875345998
11/14/2021,FEU,Z14,21,0.24875345998
11/14/2021,FEU,Z24,22,0.24433086684
11/14/2021,FEU,Z14,22,0.24433086684
11/14/2021,FEU,Z24,23,0.23279050542
11/14/2021,FEU,Z14,23,0.23279050542
11/14/2021,FEU,Z24,24,0.20869142986
11/14/2021,FEU,Z14,24,0.20869142986
11/14/2021,FEU,Z24,3,0.2175769692
11/14/2021,FEU,Z14,3,0.2175769692
11/14/2021,FEU,Z24,4,0.20514033264
11/14/2021,FEU,Z14,4,0.20514033264
11/14/2021,FEU,Z24,5,0.19577127208
11/14/2021,FEU,Z14,5,0.19577127208
11/14/2021,FEU,Z24,6,0.19318552464
11/14/2021,FEU,Z14,6,0.19318552464
11/14/2021,FEU,Z24,7,0.20386044762
11/14/2021,FEU,Z14,7,0.20386044762
11/14/2021,FEU,Z24,8,0.2142954849
11/14/2021,FEU,Z14,8,0.2142954849
11/14/2021,FEU,Z24,9,0.20770698174
11/14/2021,FEU,Z14,9,0.20770698174
11/15/2021,FEU,Z24,1,0.21194387358
11/15/2021,FEU,Z14,1,0.21194387358
11/15/2021,FEU,Z24,10,0.25337011198
11/15/2021,FEU,Z14,10,0.25337011198
11/15/2021,FEU,Z24,11,0.23427640754
11/15/2021,FEU,Z14,11,0.24680403398
11/15/2021,FEU,Z24,12,0.21277364812
11/15/2021,FEU,Z14,12,0.21277364812
11/15/2021,FEU,Z24,13,0.2080808804
11/15/2021,FEU,Z14,13,0.2080808804
11/15/2021,FEU,Z24,14,0.2086486004
11/15/2021,FEU,Z14,14,0.2086486004
11/15/2021,FEU,Z24,15,0.21150738272
11/15/2021,FEU,Z14,15,0.19924824814
11/15/2021,FEU,Z24,16,0.2100034333
11/15/2021,FEU,Z14,16,0.2100034333
11/15/2021,FEU,Z24,17,0.23135385074
11/15/2021,FEU,Z14,17,0.23135385074
11/15/2021,FEU,Z24,18,0.26274594732
11/15/2021,FEU,Z14,18,0.26274594732
11/15/2021,FEU,Z24,19,0.28465469816
11/15/2021,FEU,Z14,19,0.2973723976
11/15/2021,FEU,Z24,2,0.20624776618
11/15/2021,FEU,Z14,2,0.20624776618
11/15/2021,FEU,Z24,20,0.3091746069
11/15/2021,FEU,Z14,20,0.3091746069
11/15/2021,FEU,Z24,21,0.31613292506
11/15/2021,FEU,Z14,21,0.31613292506
11/15/2021,FEU,Z24,22,0.29783886422
11/15/2021,FEU,Z14,22,0.29783886422
11/15/2021,FEU,Z24,23,0.27421281326
11/15/2021,FEU,Z14,23,0.26155007182
11/15/2021,FEU,Z24,24,0.24621919098
11/15/2021,FEU,Z14,24,0.24621919098
11/15/2021,FEU,Z24,3,0.20395290348
11/15/2021,FEU,Z14,3,0.20395290348
11/15/2021,FEU,Z24,4,0.1991842492
11/15/2021,FEU,Z14,4,0.1991842492
11/15/2021,FEU,Z24,5,0.19652188548
11/15/2021,FEU,Z14,5,0.19652188548
11/15/2021,FEU,Z24,6,0.21244042288
11/15/2021,FEU,Z14,6,0.21244042288
11/15/2021,FEU,Z24,7,0.24012032582
11/15/2021,FEU,Z14,7,0.24012032582
11/15/2021,FEU,Z24,8,0.25991980034
11/15/2021,FEU,Z14,8,0.25991980034
11/15/2021,FEU,Z24,9,0.2787701576
11/15/2021,FEU,Z14,9,0.2787701576
11/16/2021,FEU,Z24,1,0.22663251768
11/16/2021,FEU,Z14,1,0.22663251768
11/16/2021,FEU,Z24,10,0.26221471686
11/16/2021,FEU,Z14,10,0.26221471686
11/16/2021,FEU,Z24,11,0.24843806698
11/16/2021,FEU,Z14,11,0.26101865742
11/16/2021,FEU,Z24,12,0.24592757842
11/16/2021,FEU,Z14,12,0.24592757842
11/16/2021,FEU,Z24,13,0.25271811184
11/16/2021,FEU,Z14,13,0.25271811184
11/16/2021,FEU,Z24,14,0.25669122384
11/16/2021,FEU,Z14,14,0.25669122384
11/16/2021,FEU,Z24,15,0.24156644216
11/16/2021,FEU,Z14,15,0.22904469472
11/16/2021,FEU,Z24,16,0.23640129574
11/16/2021,FEU,Z14,16,0.23640129574
11/16/2021,FEU,Z24,17,0.25317530104
11/16/2021,FEU,Z14,17,0.25317530104
11/16/2021,FEU,Z24,18,0.27470299634
11/16/2021,FEU,Z14,18,0.27470299634
11/16/2021,FEU,Z24,19,0.30399470918
11/16/2021,FEU,Z14,19,0.31678398662
11/16/2021,FEU,Z24,2,0.21046645542
11/16/2021,FEU,Z14,2,0.21046645542
11/16/2021,FEU,Z24,20,0.33334662506
11/16/2021,FEU,Z14,20,0.33334662506
11/16/2021,FEU,Z24,21,0.3343189105
11/16/2021,FEU,Z14,21,0.3343189105
11/16/2021,FEU,Z24,22,0.30050557994
11/16/2021,FEU,Z14,22,0.30050557994
11/16/2021,FEU,Z24,23,0.2744433834
11/16/2021,FEU,Z14,23,0.2615792341
11/16/2021,FEU,Z24,24,0.25384792112
11/16/2021,FEU,Z14,24,0.25384792112
11/16/2021,FEU,Z24,3,0.20656926286
11/16/2021,FEU,Z14,3,0.20656926286
11/16/2021,FEU,Z24,4,0.20389580358
11/16/2021,FEU,Z14,4,0.20389580358
11/16/2021,FEU,Z24,5,0.20493399258
11/16/2021,FEU,Z14,5,0.20493399258
11/16/2021,FEU,Z24,6,0.22192369256
11/16/2021,FEU,Z14,6,0.22192369256
11/16/2021,FEU,Z24,7,0.24015277024
11/16/2021,FEU,Z14,7,0.24015277024
11/16/2021,FEU,Z24,8,0.24302321992
11/16/2021,FEU,Z14,8,0.24302321992
11/16/2021,FEU,Z24,9,0.26769367162
11/16/2021,FEU,Z14,9,0.26769367162
11/17/2021,FEU,Z24,1,0.24313926726
11/17/2021,FEU,Z14,1,0.24313926726
11/17/2021,FEU,Z24,10,0.27569434844
11/17/2021,FEU,Z14,10,0.27569434844
11/17/2021,FEU,Z24,11,0.24307340614
11/17/2021,FEU,Z14,11,0.25544696672
11/17/2021,FEU,Z24,12,0.23608272644
11/17/2021,FEU,Z14,12,0.23608272644
11/17/2021,FEU,Z24,13,0.2361548933
11/17/2021,FEU,Z14,13,0.2361548933
11/17/2021,FEU,Z24,14,0.23596617244
11/17/2021,FEU,Z14,14,0.23596617244
11/17/2021,FEU,Z24,15,0.23586966104
11/17/2021,FEU,Z14,15,0.2233615976
11/17/2021,FEU,Z24,16,0.22743347648
11/17/2021,FEU,Z14,16,0.22743347648
11/17/2021,FEU,Z24,17,0.25197151592
11/17/2021,FEU,Z14,17,0.25197151592
11/17/2021,FEU,Z24,18,0.27708155278
11/17/2021,FEU,Z14,18,0.27708155278
11/17/2021,FEU,Z24,19,0.31109206762
11/17/2021,FEU,Z14,19,0.32390719406
11/17/2021,FEU,Z24,2,0.23619580614
11/17/2021,FEU,Z14,2,0.23619580614
11/17/2021,FEU,Z24,20,0.33439820378
11/17/2021,FEU,Z14,20,0.33439820378
11/17/2021,FEU,Z24,21,0.31925202522
11/17/2021,FEU,Z14,21,0.31925202522
11/17/2021,FEU,Z24,22,0.30297667566
11/17/2021,FEU,Z14,22,0.30297667566
11/17/2021,FEU,Z24,23,0.30044629712
11/17/2021,FEU,Z14,23,0.28769588968
11/17/2021,FEU,Z24,24,0.27320365798
11/17/2021,FEU,Z14,24,0.27320365798
11/17/2021,FEU,Z24,3,0.2302901713
11/17/2021,FEU,Z14,3,0.2302901713
11/17/2021,FEU,Z24,4,0.21302573402
11/17/2021,FEU,Z14,4,0.21302573402
11/17/2021,FEU,Z24,5,0.21133165116
11/17/2021,FEU,Z14,5,0.21133165116
11/17/2021,FEU,Z24,6,0.21467495514
11/17/2021,FEU,Z14,6,0.21467495514
11/17/2021,FEU,Z24,7,0.23711624838
11/17/2021,FEU,Z14,7,0.23711624838
11/17/2021,FEU,Z24,8,0.27616034792
11/17/2021,FEU,Z14,8,0.27616034792
11/17/2021,FEU,Z24,9,0.3025714162
11/17/2021,FEU,Z14,9,0.3025714162
11/18/2021,FEU,Z24,1,0.27657421998
11/18/2021,FEU,Z14,1,0.27657421998
11/18/2021,FEU,Z24,10,0.29652789774
11/18/2021,FEU,Z14,10,0.29652789774
11/18/2021,FEU,Z24,11,0.27201539644
11/18/2021,FEU,Z14,11,0.28446806202
11/18/2021,FEU,Z24,12,0.27328681402
11/18/2021,FEU,Z14,12,0.27328681402
11/18/2021,FEU,Z24,13,0.2899409333
11/18/2021,FEU,Z14,13,0.2899409333
11/18/2021,FEU,Z24,14,0.29545800616
11/18/2021,FEU,Z14,14,0.29545800616
11/18/2021,FEU,Z24,15,0.30097930562
11/18/2021,FEU,Z14,15,0.28824420018
11/18/2021,FEU,Z24,16,0.30208214534
11/18/2021,FEU,Z14,16,0.30208214534
11/18/2021,FEU,Z24,17,0.31566504178
11/18/2021,FEU,Z14,17,0.31566504178
11/18/2021,FEU,Z24,18,0.33493597936
11/18/2021,FEU,Z14,18,0.33493597936
11/18/2021,FEU,Z24,19,0.35485690162
11/18/2021,FEU,Z14,19,0.36782320706
11/18/2021,FEU,Z24,2,0.27486213544
11/18/2021,FEU,Z14,2,0.27486213544
11/18/2021,FEU,Z24,20,0.36445728392
11/18/2021,FEU,Z14,20,0.36445728392
11/18/2021,FEU,Z24,21,0.3521765605
11/18/2021,FEU,Z14,21,0.3521765605
11/18/2021,FEU,Z24,22,0.33661834994
11/18/2021,FEU,Z14,22,0.33661834994
11/18/2021,FEU,Z24,23,0.32801862026
11/18/2021,FEU,Z14,23,0.31517635782
11/18/2021,FEU,Z24,24,0.30518702284
11/18/2021,FEU,Z14,24,0.30518702284
11/18/2021,FEU,Z24,3,0.2634521106
11/18/2021,FEU,Z14,3,0.2634521106
11/18/2021,FEU,Z24,4,0.24688047432
11/18/2021,FEU,Z14,4,0.24688047432
11/18/2021,FEU,Z24,5,0.23330849832
11/18/2021,FEU,Z14,5,0.23330849832
11/18/2021,FEU,Z24,6,0.25732263402
11/18/2021,FEU,Z14,6,0.25732263402
11/18/2021,FEU,Z24,7,0.25107335454
11/18/2021,FEU,Z14,7,0.25107335454
11/18/2021,FEU,Z24,8,0.2817082355
11/18/2021,FEU,Z14,8,0.2817082355
11/18/2021,FEU,Z24,9,0.31267623778
11/18/2021,FEU,Z14,9,0.31267623778
11/19/2021,FEU,Z24,1,0.27289262198
11/19/2021,FEU,Z14,1,0.27289262198
11/19/2021,FEU,Z24,10,0.29872883874
11/19/2021,FEU,Z14,10,0.29872883874
11/19/2021,FEU,Z24,11,0.29001087244
11/19/2021,FEU,Z14,11,0.30274454588
11/19/2021,FEU,Z24,12,0.29979036274
11/19/2021,FEU,Z14,12,0.29979036274
11/19/2021,FEU,Z24,13,0.30247473188
11/19/2021,FEU,Z14,13,0.30247473188
11/19/2021,FEU,Z24,14,0.30223817074
11/19/2021,FEU,Z14,14,0.30223817074
11/19/2021,FEU,Z24,15,0.30457755648
11/19/2021,FEU,Z14,15,0.29182941304
11/19/2021,FEU,Z24,16,0.29313345034
11/19/2021,FEU,Z14,16,0.29313345034
11/19/2021,FEU,Z24,17,0.30256748364
11/19/2021,FEU,Z14,17,0.30256748364
11/19/2021,FEU,Z24,18,0.31708734122
11/19/2021,FEU,Z14,18,0.31708734122
11/19/2021,FEU,Z24,19,0.3409146562
11/19/2021,FEU,Z14,19,0.35383370964
11/19/2021,FEU,Z24,2,0.27104786344
11/19/2021,FEU,Z14,2,0.27104786344
11/19/2021,FEU,Z24,20,0.35512275494
11/19/2021,FEU,Z14,20,0.35512275494
11/19/2021,FEU,Z24,21,0.3437175948
11/19/2021,FEU,Z14,21,0.3437175948
11/19/2021,FEU,Z24,22,0.31447378738
11/19/2021,FEU,Z14,22,0.31447378738
11/19/2021,FEU,Z24,23,0.31187994284
11/19/2021,FEU,Z14,23,0.29885642354
11/19/2021,FEU,Z24,24,0.29921940898
11/19/2021,FEU,Z14,24,0.29921940898
11/19/2021,FEU,Z24,3,0.26813159274
11/19/2021,FEU,Z14,3,0.26813159274
11/19/2021,FEU,Z24,4,0.25059646632
11/19/2021,FEU,Z14,4,0.25059646632
11/19/2021,FEU,Z24,5,0.25221059646
11/19/2021,FEU,Z14,5,0.25221059646
11/19/2021,FEU,Z24,6,0.2674065813
11/19/2021,FEU,Z14,6,0.2674065813
11/19/2021,FEU,Z24,7,0.2785990034
11/19/2021,FEU,Z14,7,0.2785990034
11/19/2021,FEU,Z24,8,0.2869087855
11/19/2021,FEU,Z14,8,0.2869087855
11/19/2021,FEU,Z24,9,0.31378354978
11/19/2021,FEU,Z14,9,0.31378354978
11/20/2021,FEU,Z24,1,0.26326391898
11/20/2021,FEU,Z14,1,0.26326391898
11/20/2021,FEU,Z24,10,0.2660467748
11/20/2021,FEU,Z14,10,0.2660467748
11/20/2021,FEU,Z24,11,0.2694182862
11/20/2021,FEU,Z14,11,0.2694182862
11/20/2021,FEU,Z24,12,0.26359981234
11/20/2021,FEU,Z14,12,0.26359981234
11/20/2021,FEU,Z24,13,0.27240588934
11/20/2021,FEU,Z14,13,0.27240588934
11/20/2021,FEU,Z24,14,0.25976549234
11/20/2021,FEU,Z14,14,0.25976549234
11/20/2021,FEU,Z24,15,0.25565549206
11/20/2021,FEU,Z14,15,0.25565549206
11/20/2021,FEU,Z24,16,0.26655394508
11/20/2021,FEU,Z14,16,0.26655394508
11/20/2021,FEU,Z24,17,0.2820040191
11/20/2021,FEU,Z14,17,0.2820040191
11/20/2021,FEU,Z24,18,0.28959462512
11/20/2021,FEU,Z14,18,0.28959462512
11/20/2021,FEU,Z24,19,0.31474885368
11/20/2021,FEU,Z14,19,0.31474885368
11/20/2021,FEU,Z24,2,0.25683983358
11/20/2021,FEU,Z14,2,0.25683983358
11/20/2021,FEU,Z24,20,0.31930839768
11/20/2021,FEU,Z14,20,0.31930839768
11/20/2021,FEU,Z24,21,0.31829087596
11/20/2021,FEU,Z14,21,0.31829087596
11/20/2021,FEU,Z24,22,0.30635828754
11/20/2021,FEU,Z14,22,0.30635828754
11/20/2021,FEU,Z24,23,0.29630405398
11/20/2021,FEU,Z14,23,0.29630405398
11/20/2021,FEU,Z24,24,0.30165480684
11/20/2021,FEU,Z14,24,0.30165480684
11/20/2021,FEU,Z24,3,0.2538084106
11/20/2021,FEU,Z14,3,0.2538084106
11/20/2021,FEU,Z24,4,0.24615247204
11/20/2021,FEU,Z14,4,0.24615247204
11/20/2021,FEU,Z24,5,0.24295292162
11/20/2021,FEU,Z14,5,0.24295292162
11/20/2021,FEU,Z24,6,0.2441711199
11/20/2021,FEU,Z14,6,0.2441711199
11/20/2021,FEU,Z24,7,0.24612288102
11/20/2021,FEU,Z14,7,0.24612288102
11/20/2021,FEU,Z24,8,0.251596032
11/20/2021,FEU,Z14,8,0.251596032
11/20/2021,FEU,Z24,9,0.2476828034
11/20/2021,FEU,Z14,9,0.2476828034
11/21/2021,FEU,Z24,1,0.33275701256
11/21/2021,FEU,Z14,1,0.33275701256
11/21/2021,FEU,Z24,10,0.27509632912
11/21/2021,FEU,Z14,10,0.27509632912
11/21/2021,FEU,Z24,11,0.27300068652
11/21/2021,FEU,Z14,11,0.27300068652
11/21/2021,FEU,Z24,12,0.26928064566
11/21/2021,FEU,Z14,12,0.26928064566
11/21/2021,FEU,Z24,13,0.2699643748
11/21/2021,FEU,Z14,13,0.2699643748
11/21/2021,FEU,Z24,14,0.25866971122
11/21/2021,FEU,Z14,14,0.25866971122
11/21/2021,FEU,Z24,15,0.25138296336
11/21/2021,FEU,Z14,15,0.25138296336
11/21/2021,FEU,Z24,16,0.2533957491
11/21/2021,FEU,Z14,16,0.2533957491
11/21/2021,FEU,Z24,17,0.27107568298
11/21/2021,FEU,Z14,17,0.27107568298
11/21/2021,FEU,Z24,18,0.297598032
11/21/2021,FEU,Z14,18,0.297598032
11/21/2021,FEU,Z24,19,0.31282551642
11/21/2021,FEU,Z14,19,0.31282551642
11/21/2021,FEU,Z24,2,0.31406405832
11/21/2021,FEU,Z14,2,0.31406405832
11/21/2021,FEU,Z24,20,0.31756443942
11/21/2021,FEU,Z14,20,0.31756443942
11/21/2021,FEU,Z24,21,0.30134209298
11/21/2021,FEU,Z14,21,0.30134209298
11/21/2021,FEU,Z24,22,0.29395708884
11/21/2021,FEU,Z14,22,0.29395708884
11/21/2021,FEU,Z24,23,0.27672040542
11/21/2021,FEU,Z14,23,0.27672040542
11/21/2021,FEU,Z24,24,0.26431574486
11/21/2021,FEU,Z14,24,0.26431574486
11/21/2021,FEU,Z24,3,0.3040786292
11/21/2021,FEU,Z14,3,0.3040786292
11/21/2021,FEU,Z24,4,0.29744339664
11/21/2021,FEU,Z14,4,0.29744339664
11/21/2021,FEU,Z24,5,0.29458474808
11/21/2021,FEU,Z14,5,0.29458474808
11/21/2021,FEU,Z24,6,0.29084481264
11/21/2021,FEU,Z14,6,0.29084481264
11/21/2021,FEU,Z24,7,0.27613929462
11/21/2021,FEU,Z14,7,0.27613929462
11/21/2021,FEU,Z24,8,0.2690385249
11/21/2021,FEU,Z14,8,0.2690385249
11/21/2021,FEU,Z24,9,0.26551773474
11/21/2021,FEU,Z14,9,0.26551773474
11/22/2021,FEU,Z24,1,0.28634701758
11/22/2021,FEU,Z14,1,0.28634701758
11/22/2021,FEU,Z24,10,0.31972126198
11/22/2021,FEU,Z14,10,0.31972126198
11/22/2021,FEU,Z24,11,0.31170448854
11/22/2021,FEU,Z14,11,0.32450517398
11/22/2021,FEU,Z24,12,0.32151260412
11/22/2021,FEU,Z14,12,0.32151260412
11/22/2021,FEU,Z24,13,0.3234819404
11/22/2021,FEU,Z14,13,0.3234819404
11/22/2021,FEU,Z24,14,0.3185286404
11/22/2021,FEU,Z14,14,0.3185286404
11/22/2021,FEU,Z24,15,0.31753746272
11/22/2021,FEU,Z14,15,0.30500335714
11/22/2021,FEU,Z24,16,0.3063315883
11/22/2021,FEU,Z14,16,0.3063315883
11/22/2021,FEU,Z24,17,0.30763575374
11/22/2021,FEU,Z14,17,0.30763575374
11/22/2021,FEU,Z24,18,0.31768414532
11/22/2021,FEU,Z14,18,0.31768414532
11/22/2021,FEU,Z24,19,0.33208075416
11/22/2021,FEU,Z14,19,0.3449613976
11/22/2021,FEU,Z24,2,0.27436014218
11/22/2021,FEU,Z14,2,0.27436014218
11/22/2021,FEU,Z24,20,0.3514454669
11/22/2021,FEU,Z14,20,0.3514454669
11/22/2021,FEU,Z24,21,0.35365176506
11/22/2021,FEU,Z14,21,0.35365176506
11/22/2021,FEU,Z24,22,0.32441434722
11/22/2021,FEU,Z14,22,0.32441434722
11/22/2021,FEU,Z24,23,0.31323116426
11/22/2021,FEU,Z14,23,0.30043856582
11/22/2021,FEU,Z24,24,0.29570721698
11/22/2021,FEU,Z14,24,0.29570721698
11/22/2021,FEU,Z24,3,0.25395911148
11/22/2021,FEU,Z14,3,0.25395911148
11/22/2021,FEU,Z24,4,0.2546344692
11/22/2021,FEU,Z14,4,0.2546344692
11/22/2021,FEU,Z24,5,0.24933436548
11/22/2021,FEU,Z14,5,0.24933436548
11/22/2021,FEU,Z24,6,0.25518067088
11/22/2021,FEU,Z14,6,0.25518067088
11/22/2021,FEU,Z24,7,0.29460125182
11/22/2021,FEU,Z14,7,0.29460125182
11/22/2021,FEU,Z24,8,0.30164842434
11/22/2021,FEU,Z14,8,0.30164842434
11/22/2021,FEU,Z24,9,0.3272674376
11/22/2021,FEU,Z14,9,0.3272674376
11/23/2021,FEU,Z24,1,0.26359951368
11/23/2021,FEU,Z14,1,0.26359951368
11/23/2021,FEU,Z24,10,0.28809725386
11/23/2021,FEU,Z14,10,0.28809725386
11/23/2021,FEU,Z24,11,0.28133589298
11/23/2021,FEU,Z14,11,0.29403161142
11/23/2021,FEU,Z24,12,0.29023504142
11/23/2021,FEU,Z14,12,0.29023504142
11/23/2021,FEU,Z24,13,0.28890855184
11/23/2021,FEU,Z14,13,0.28890855184
11/23/2021,FEU,Z24,14,0.28894287184
11/23/2021,FEU,Z14,14,0.28894287184
11/23/2021,FEU,Z24,15,0.29172528216
11/23/2021,FEU,Z14,15,0.27903112672
11/23/2021,FEU,Z24,16,0.28496107774
11/23/2021,FEU,Z14,16,0.28496107774
11/23/2021,FEU,Z24,17,0.29249172904
11/23/2021,FEU,Z14,17,0.29249172904
11/23/2021,FEU,Z24,18,0.30856191234
11/23/2021,FEU,Z14,18,0.30856191234
11/23/2021,FEU,Z24,19,0.33667733518
11/23/2021,FEU,Z14,19,0.34957785362
11/23/2021,FEU,Z24,2,0.25310838342
11/23/2021,FEU,Z14,2,0.25310838342
11/23/2021,FEU,Z24,20,0.35876435106
11/23/2021,FEU,Z14,20,0.35876435106
11/23/2021,FEU,Z24,21,0.3699143605
11/23/2021,FEU,Z14,21,0.3699143605
11/23/2021,FEU,Z24,22,0.35635598894
11/23/2021,FEU,Z14,22,0.35635598894
11/23/2021,FEU,Z24,23,0.3264416234
11/23/2021,FEU,Z14,23,0.3133578091
11/23/2021,FEU,Z24,24,0.30846297712
11/23/2021,FEU,Z14,24,0.30846297712
11/23/2021,FEU,Z24,3,0.24823315386
11/23/2021,FEU,Z14,3,0.24823315386
11/23/2021,FEU,Z24,4,0.24151241058
11/23/2021,FEU,Z14,4,0.24151241058
11/23/2021,FEU,Z24,5,0.23882490858
11/23/2021,FEU,Z14,5,0.23882490858
11/23/2021,FEU,Z24,6,0.24777403656
11/23/2021,FEU,Z14,6,0.24777403656
11/23/2021,FEU,Z24,7,0.26081593824
11/23/2021,FEU,Z14,7,0.26081593824
11/23/2021,FEU,Z24,8,0.27209116392
11/23/2021,FEU,Z14,8,0.27209116392
11/23/2021,FEU,Z24,9,0.29264529862
11/23/2021,FEU,Z14,9,0.29264529862
11/24/2021,FEU,Z24,1,0.28244822226
11/24/2021,FEU,Z14,1,0.28244822226
11/24/2021,FEU,Z24,10,0.32663421644
11/24/2021,FEU,Z14,10,0.32663421644
11/24/2021,FEU,Z24,11,0.30407036914
11/24/2021,FEU,Z14,11,0.31660203872
11/24/2021,FEU,Z24,12,0.30656443044
11/24/2021,FEU,Z14,12,0.30656443044
11/24/2021,FEU,Z24,13,0.3033320033
11/24/2021,FEU,Z14,13,0.3033320033
11/24/2021,FEU,Z24,14,0.29694584044
11/24/2021,FEU,Z14,14,0.29694584044
11/24/2021,FEU,Z24,15,0.28384857704
11/24/2021,FEU,Z14,15,0.2711744776
11/24/2021,FEU,Z24,16,0.26247347648
11/24/2021,FEU,Z14,16,0.26247347648
11/24/2021,FEU,Z24,17,0.27694683592
11/24/2021,FEU,Z14,17,0.27694683592
11/24/2021,FEU,Z24,18,0.28999041778
11/24/2021,FEU,Z14,18,0.28999041778
11/24/2021,FEU,Z24,19,0.30533408962
11/24/2021,FEU,Z14,19,0.31812948006
11/24/2021,FEU,Z24,2,0.26622596014
11/24/2021,FEU,Z14,2,0.26622596014
11/24/2021,FEU,Z24,20,0.32824229978
11/24/2021,FEU,Z14,20,0.32824229978
11/24/2021,FEU,Z24,21,0.33312532422
11/24/2021,FEU,Z14,21,0.33312532422
11/24/2021,FEU,Z24,22,0.32016967366
11/24/2021,FEU,Z14,22,0.32016967366
11/24/2021,FEU,Z24,23,0.29406909712
11/24/2021,FEU,Z14,23,0.28133890168
11/24/2021,FEU,Z24,24,0.27228385498
11/24/2021,FEU,Z14,24,0.27228385498
11/24/2021,FEU,Z24,3,0.2545986363
11/24/2021,FEU,Z14,3,0.2545986363
11/24/2021,FEU,Z24,4,0.24320676902
11/24/2021,FEU,Z14,4,0.24320676902
11/24/2021,FEU,Z24,5,0.24254051916
11/24/2021,FEU,Z14,5,0.24254051916
11/24/2021,FEU,Z24,6,0.26405936714
11/24/2021,FEU,Z14,6,0.26405936714
11/24/2021,FEU,Z24,7,0.28878377338
11/24/2021,FEU,Z14,7,0.28878377338
11/24/2021,FEU,Z24,8,0.31234350392
11/24/2021,FEU,Z14,8,0.31234350392
11/24/2021,FEU,Z24,9,0.3394053562
11/24/2021,FEU,Z14,9,0.3394053562
11/25/2021,FEU,Z24,1,0.28144285298
11/25/2021,FEU,Z14,1,0.28144285298
11/25/2021,FEU,Z24,10,0.31873086074
11/25/2021,FEU,Z14,10,0.31873086074
11/25/2021,FEU,Z24,11,0.30290913044
11/25/2021,FEU,Z14,11,0.31544326602
11/25/2021,FEU,Z24,12,0.30666857802
11/25/2021,FEU,Z14,12,0.30666857802
11/25/2021,FEU,Z24,13,0.2990527283
11/25/2021,FEU,Z14,13,0.2990527283
11/25/2021,FEU,Z24,14,0.29517594216
11/25/2021,FEU,Z14,14,0.29517594216
11/25/2021,FEU,Z24,15,0.29145308462
11/25/2021,FEU,Z14,15,0.27875179418
11/25/2021,FEU,Z24,16,0.27497537334
11/25/2021,FEU,Z14,16,0.27497537334
11/25/2021,FEU,Z24,17,0.28964555578
11/25/2021,FEU,Z14,17,0.28964555578
11/25/2021,FEU,Z24,18,0.30314164336
11/25/2021,FEU,Z14,18,0.30314164336
11/25/2021,FEU,Z24,19,0.32107925362
11/25/2021,FEU,Z14,19,0.33392978306
11/25/2021,FEU,Z24,2,0.27373759944
11/25/2021,FEU,Z14,2,0.27373759944
11/25/2021,FEU,Z24,20,0.33980426392
11/25/2021,FEU,Z14,20,0.33980426392
11/25/2021,FEU,Z24,21,0.3428235605
11/25/2021,FEU,Z14,21,0.3428235605
11/25/2021,FEU,Z24,22,0.33396088394
11/25/2021,FEU,Z14,22,0.33396088394
11/25/2021,FEU,Z24,23,0.31388383226
11/25/2021,FEU,Z14,23,0.30108904182
11/25/2021,FEU,Z24,24,0.28991337484
11/25/2021,FEU,Z14,24,0.28991337484
11/25/2021,FEU,Z24,3,0.2618912106
11/25/2021,FEU,Z14,3,0.2618912106
11/25/2021,FEU,Z24,4,0.25495239432
11/25/2021,FEU,Z14,4,0.25495239432
11/25/2021,FEU,Z24,5,0.25807814232
11/25/2021,FEU,Z14,5,0.25807814232
11/25/2021,FEU,Z24,6,0.27185612102
11/25/2021,FEU,Z14,6,0.27185612102
11/25/2021,FEU,Z24,7,0.27249913454
11/25/2021,FEU,Z14,7,0.27249913454
11/25/2021,FEU,Z24,8,0.2865386605
11/25/2021,FEU,Z14,8,0.2865386605
11/25/2021,FEU,Z24,9,0.32236990978
11/25/2021,FEU,Z14,9,0.32236990978
11/26/2021,FEU,Z24,1,0.29543197098
11/26/2021,FEU,Z14,1,0.29543197098
11/26/2021,FEU,Z24,10,0.31011833174
11/26/2021,FEU,Z14,10,0.31011833174
11/26/2021,FEU,Z24,11,0.29834044444
11/26/2021,FEU,Z14,11,0.31110414788
11/26/2021,FEU,Z24,12,0.30117884474
11/26/2021,FEU,Z14,12,0.30117884474
11/26/2021,FEU,Z24,13,0.29678431988
11/26/2021,FEU,Z14,13,0.29678431988
11/26/2021,FEU,Z24,14,0.29348424374
11/26/2021,FEU,Z14,14,0.29348424374
11/26/2021,FEU,Z24,15,0.26735573248
11/26/2021,FEU,Z14,15,0.25473506104
11/26/2021,FEU,Z24,16,0.25484753134
11/26/2021,FEU,Z14,16,0.25484753134
11/26/2021,FEU,Z24,17,0.29162580364
11/26/2021,FEU,Z14,17,0.29162580364
11/26/2021,FEU,Z24,18,0.31205684322
11/26/2021,FEU,Z14,18,0.31205684322
11/26/2021,FEU,Z24,19,0.3222297562
11/26/2021,FEU,Z14,19,0.33508610364
11/26/2021,FEU,Z24,2,0.28759925144
11/26/2021,FEU,Z14,2,0.28759925144
11/26/2021,FEU,Z24,20,0.33740827994
11/26/2021,FEU,Z14,20,0.33740827994
11/26/2021,FEU,Z24,21,0.3360263548
11/26/2021,FEU,Z14,21,0.3360263548
11/26/2021,FEU,Z24,22,0.32638778038
11/26/2021,FEU,Z14,22,0.32638778038
11/26/2021,FEU,Z24,23,0.31997765084
11/26/2021,FEU,Z14,23,0.30691903254
11/26/2021,FEU,Z24,24,0.29873505098
11/26/2021,FEU,Z14,24,0.29873505098
11/26/2021,FEU,Z24,3,0.27662602674
11/26/2021,FEU,Z14,3,0.27662602674
11/26/2021,FEU,Z24,4,0.25719217032
11/26/2021,FEU,Z14,4,0.25719217032
11/26/2021,FEU,Z24,5,0.24591581846
11/26/2021,FEU,Z14,5,0.24591581846
11/26/2021,FEU,Z24,6,0.2701226513
11/26/2021,FEU,Z14,6,0.2701226513
11/26/2021,FEU,Z24,7,0.2771614834
11/26/2021,FEU,Z14,7,0.2771614834
11/26/2021,FEU,Z24,8,0.2873505855
11/26/2021,FEU,Z14,8,0.2873505855
11/26/2021,FEU,Z24,9,0.31834534678
11/26/2021,FEU,Z14,9,0.31834534678
11/27/2021,FEU,Z24,1,0.27700966498
11/27/2021,FEU,Z14,1,0.27700966498
11/27/2021,FEU,Z24,10,0.2674604148
11/27/2021,FEU,Z14,10,0.2674604148
11/27/2021,FEU,Z24,11,0.2655584562
11/27/2021,FEU,Z14,11,0.2655584562
11/27/2021,FEU,Z24,12,0.25003356734
11/27/2021,FEU,Z14,12,0.25003356734
11/27/2021,FEU,Z24,13,0.21543935034
11/27/2021,FEU,Z14,13,0.21543935034
11/27/2021,FEU,Z24,14,0.21508280534
11/27/2021,FEU,Z14,14,0.21508280534
11/27/2021,FEU,Z24,15,0.21529463506
11/27/2021,FEU,Z14,15,0.21529463506
11/27/2021,FEU,Z24,16,0.21473490308
11/27/2021,FEU,Z14,16,0.21473490308
11/27/2021,FEU,Z24,17,0.2440603191
11/27/2021,FEU,Z14,17,0.2440603191
11/27/2021,FEU,Z24,18,0.27679135312
11/27/2021,FEU,Z14,18,0.27679135312
11/27/2021,FEU,Z24,19,0.29880470568
11/27/2021,FEU,Z14,19,0.29880470568
11/27/2021,FEU,Z24,2,0.27525776358
11/27/2021,FEU,Z14,2,0.27525776358
11/27/2021,FEU,Z24,20,0.29428198968
11/27/2021,FEU,Z14,20,0.29428198968
11/27/2021,FEU,Z24,21,0.29193439796
11/27/2021,FEU,Z14,21,0.29193439796
11/27/2021,FEU,Z24,22,0.27505786254
11/27/2021,FEU,Z14,22,0.27505786254
11/27/2021,FEU,Z24,23,0.26850715398
11/27/2021,FEU,Z14,23,0.26850715398
11/27/2021,FEU,Z24,24,0.25521656484
11/27/2021,FEU,Z14,24,0.25521656484
11/27/2021,FEU,Z24,3,0.2660923306
11/27/2021,FEU,Z14,3,0.2660923306
11/27/2021,FEU,Z24,4,0.24793948004
11/27/2021,FEU,Z14,4,0.24793948004
11/27/2021,FEU,Z24,5,0.23156180162
11/27/2021,FEU,Z14,5,0.23156180162
11/27/2021,FEU,Z24,6,0.2258039649
11/27/2021,FEU,Z14,6,0.2258039649
11/27/2021,FEU,Z24,7,0.22530454502
11/27/2021,FEU,Z14,7,0.22530454502
11/27/2021,FEU,Z24,8,0.256700832
11/27/2021,FEU,Z14,8,0.256700832
11/27/2021,FEU,Z24,9,0.2589306834
11/27/2021,FEU,Z14,9,0.2589306834
11/28/2021,FEU,Z24,1,0.26517344456
11/28/2021,FEU,Z14,1,0.26517344456
11/28/2021,FEU,Z24,10,0.25060311312
11/28/2021,FEU,Z14,10,0.25060311312
11/28/2021,FEU,Z24,11,0.25080036252
11/28/2021,FEU,Z14,11,0.25080036252
11/28/2021,FEU,Z24,12,0.25181247466
11/28/2021,FEU,Z14,12,0.25181247466
11/28/2021,FEU,Z24,13,0.2386011548
11/28/2021,FEU,Z14,13,0.2386011548
11/28/2021,FEU,Z24,14,0.23731657722
11/28/2021,FEU,Z14,14,0.23731657722
11/28/2021,FEU,Z24,15,0.23712749136
11/28/2021,FEU,Z14,15,0.23712749136
11/28/2021,FEU,Z24,16,0.2353624191
11/28/2021,FEU,Z14,16,0.2353624191
11/28/2021,FEU,Z24,17,0.24446581798
11/28/2021,FEU,Z14,17,0.24446581798
11/28/2021,FEU,Z24,18,0.286732032
11/28/2021,FEU,Z14,18,0.286732032
11/28/2021,FEU,Z24,19,0.30576441342
11/28/2021,FEU,Z14,19,0.30576441342
11/28/2021,FEU,Z24,2,0.25341436632
11/28/2021,FEU,Z14,2,0.25341436632
11/28/2021,FEU,Z24,20,0.29603040942
11/28/2021,FEU,Z14,20,0.29603040942
11/28/2021,FEU,Z24,21,0.28526999698
11/28/2021,FEU,Z14,21,0.28526999698
11/28/2021,FEU,Z24,22,0.28451493684
11/28/2021,FEU,Z14,22,0.28451493684
11/28/2021,FEU,Z24,23,0.26251440942
11/28/2021,FEU,Z14,23,0.26251440942
11/28/2021,FEU,Z24,24,0.24313610986
11/28/2021,FEU,Z14,24,0.24313610986
11/28/2021,FEU,Z24,3,0.2447012292
11/28/2021,FEU,Z14,3,0.2447012292
11/28/2021,FEU,Z24,4,0.23785907664
11/28/2021,FEU,Z14,4,0.23785907664
11/28/2021,FEU,Z24,5,0.23266162008
11/28/2021,FEU,Z14,5,0.23266162008
11/28/2021,FEU,Z24,6,0.22991776464
11/28/2021,FEU,Z14,6,0.22991776464
11/28/2021,FEU,Z24,7,0.23639207462
11/28/2021,FEU,Z14,7,0.23639207462
11/28/2021,FEU,Z24,8,0.2398663749
11/28/2021,FEU,Z14,8,0.2398663749
11/28/2021,FEU,Z24,9,0.23987726274
11/28/2021,FEU,Z14,9,0.23987726274
11/29/2021,FEU,Z24,1,0.25316346558
11/29/2021,FEU,Z14,1,0.25316346558
11/29/2021,FEU,Z24,10,0.29369400898
11/29/2021,FEU,Z14,10,0.29369400898
11/29/2021,FEU,Z24,11,0.28780371254
11/29/2021,FEU,Z14,11,0.30051931898
11/29/2021,FEU,Z24,12,0.28807598612
11/29/2021,FEU,Z14,12,0.28807598612
11/29/2021,FEU,Z24,13,0.2859599804
11/29/2021,FEU,Z14,13,0.2859599804
11/29/2021,FEU,Z24,14,0.2875457204
11/29/2021,FEU,Z14,14,0.2875457204
11/29/2021,FEU,Z24,15,0.28845176672
11/29/2021,FEU,Z14,15,0.27599225614
11/29/2021,FEU,Z24,16,0.2916272833
11/29/2021,FEU,Z14,16,0.2916272833
11/29/2021,FEU,Z24,17,0.30084633174
11/29/2021,FEU,Z14,17,0.30084633174
11/29/2021,FEU,Z24,18,0.31426321732
11/29/2021,FEU,Z14,18,0.31426321732
11/29/2021,FEU,Z24,19,0.33723304616
11/29/2021,FEU,Z14,19,0.3501315176
11/29/2021,FEU,Z24,2,0.24715740418
11/29/2021,FEU,Z14,2,0.24715740418
11/29/2021,FEU,Z24,20,0.3562592469
11/29/2021,FEU,Z14,20,0.3562592469
11/29/2021,FEU,Z24,21,0.38157777306
11/29/2021,FEU,Z14,21,0.38157777306
11/29/2021,FEU,Z24,22,0.35876862322
11/29/2021,FEU,Z14,22,0.35876862322
11/29/2021,FEU,Z24,23,0.34957810226
11/29/2021,FEU,Z14,23,0.33666224482
11/29/2021,FEU,Z24,24,0.32498105098
11/29/2021,FEU,Z14,24,0.32498105098
11/29/2021,FEU,Z24,3,0.14837069148
11/29/2021,FEU,Z14,3,0.14837069148
11/29/2021,FEU,Z24,4,0.1383196692
11/29/2021,FEU,Z14,4,0.1383196692
11/29/2021,FEU,Z24,5,0.13884958548
11/29/2021,FEU,Z14,5,0.13884958548
11/29/2021,FEU,Z24,6,0.24214393488
11/29/2021,FEU,Z14,6,0.24214393488
11/29/2021,FEU,Z24,7,0.24533837782
11/29/2021,FEU,Z14,7,0.24533837782
11/29/2021,FEU,Z24,8,0.26623356934
11/29/2021,FEU,Z14,8,0.26623356934
11/29/2021,FEU,Z24,9,0.2930915176
11/29/2021,FEU,Z14,9,0.2930915176
11/30/2021,FEU,Z24,1,0.31288012968
11/30/2021,FEU,Z14,1,0.31288012968
11/30/2021,FEU,Z24,10,0.37427607686
11/30/2021,FEU,Z14,10,0.37427607686
11/30/2021,FEU,Z24,11,0.36623107498
11/30/2021,FEU,Z14,11,0.37922388942
11/30/2021,FEU,Z24,12,0.36690396242
11/30/2021,FEU,Z14,12,0.36690396242
11/30/2021,FEU,Z24,13,0.35031275184
11/30/2021,FEU,Z14,13,0.35031275184
11/30/2021,FEU,Z24,14,0.35019720784
11/30/2021,FEU,Z14,14,0.35019720784
11/30/2021,FEU,Z24,15,0.35483016616
11/30/2021,FEU,Z14,15,0.34191765472
11/30/2021,FEU,Z24,16,0.34579466974
11/30/2021,FEU,Z14,16,0.34579466974
11/30/2021,FEU,Z24,17,0.35868026104
11/30/2021,FEU,Z14,17,0.35868026104
11/30/2021,FEU,Z24,18,0.38141983734
11/30/2021,FEU,Z14,18,0.38141983734
11/30/2021,FEU,Z24,19,0.39068240318
11/30/2021,FEU,Z14,19,0.40376983262
11/30/2021,FEU,Z24,2,0.30852349842
11/30/2021,FEU,Z14,2,0.30852349842
11/30/2021,FEU,Z24,20,0.39710406206
11/30/2021,FEU,Z14,20,0.39710406206
11/30/2021,FEU,Z24,21,0.3959429605
11/30/2021,FEU,Z14,21,0.3959429605
11/30/2021,FEU,Z24,22,0.39587960594
11/30/2021,FEU,Z14,22,0.39587960594
11/30/2021,FEU,Z24,23,0.3768559734
11/30/2021,FEU,Z14,23,0.3635615191
11/30/2021,FEU,Z24,24,0.33335551312
11/30/2021,FEU,Z14,24,0.33335551312
11/30/2021,FEU,Z24,3,0.30064959786
11/30/2021,FEU,Z14,3,0.30064959786
11/30/2021,FEU,Z24,4,0.28072900758
11/30/2021,FEU,Z14,4,0.28072900758
11/30/2021,FEU,Z24,5,0.27408483858
11/30/2021,FEU,Z14,5,0.27408483858
11/30/2021,FEU,Z24,6,0.29750850056
11/30/2021,FEU,Z14,6,0.29750850056
11/30/2021,FEU,Z24,7,0.33333357024
11/30/2021,FEU,Z14,7,0.33333357024
11/30/2021,FEU,Z24,8,0.35327443192
11/30/2021,FEU,Z14,8,0.35327443192
11/30/2021,FEU,Z24,9,0.37978518862
11/30/2021,FEU,Z14,9,0.37978518862
12/01/2021,FEU,Z24,1,0.36245367948
12/01/2021,FEU,Z14,1,0.36245367948
12/01/2021,FEU,Z24,10,0.33515302764
12/01/2021,FEU,Z14,10,0.33515302764
12/01/2021,FEU,Z24,11,0.31888111276
12/01/2021,FEU,Z14,11,0.33198006806
12/01/2021,FEU,Z24,12,0.3268176662
12/01/2021,FEU,Z14,12,0.3268176662
12/01/2021,FEU,Z24,13,0.32270842048
12/01/2021,FEU,Z14,13,0.32270842048
12/01/2021,FEU,Z24,14,0.31885103634
12/01/2021,FEU,Z14,14,0.31885103634
12/01/2021,FEU,Z24,15,0.31393311536
12/01/2021,FEU,Z14,15,0.30090998606
12/01/2021,FEU,Z24,16,0.30952849936
12/01/2021,FEU,Z14,16,0.30952849936
12/01/2021,FEU,Z24,17,0.3152047548
12/01/2021,FEU,Z14,17,0.3152047548
12/01/2021,FEU,Z24,18,0.32447865038
12/01/2021,FEU,Z14,18,0.32447865038
12/01/2021,FEU,Z24,19,0.34812504596
12/01/2021,FEU,Z14,19,0.36135471026
12/01/2021,FEU,Z24,2,0.32871946408
12/01/2021,FEU,Z14,2,0.32871946408
12/01/2021,FEU,Z24,20,0.37693357256
12/01/2021,FEU,Z14,20,0.37693357256
12/01/2021,FEU,Z24,21,0.37904900586
12/01/2021,FEU,Z14,21,0.37904900586
12/01/2021,FEU,Z24,22,0.34879565488
12/01/2021,FEU,Z14,22,0.34879565488
12/01/2021,FEU,Z24,23,0.3343264949
12/01/2021,FEU,Z14,23,0.32095156474
12/01/2021,FEU,Z24,24,0.26246382204
12/01/2021,FEU,Z14,24,0.26246382204
12/01/2021,FEU,Z24,3,0.31394029896
12/01/2021,FEU,Z14,3,0.31394029896
12/01/2021,FEU,Z24,4,0.29575730282
12/01/2021,FEU,Z14,4,0.29575730282
12/01/2021,FEU,Z24,5,0.25864042296
12/01/2021,FEU,Z14,5,0.25864042296
12/01/2021,FEU,Z24,6,0.2578629078
12/01/2021,FEU,Z14,6,0.2578629078
12/01/2021,FEU,Z24,7,0.30517535274
12/01/2021,FEU,Z14,7,0.30517535274
12/01/2021,FEU,Z24,8,0.33655654326
12/01/2021,FEU,Z14,8,0.33655654326
12/01/2021,FEU,Z24,9,0.3604884348
12/01/2021,FEU,Z14,9,0.3604884348
12/02/2021,FEU,Z24,1,0.29297934378
12/02/2021,FEU,Z14,1,0.29297934378
12/02/2021,FEU,Z24,10,0.32548899694
12/02/2021,FEU,Z14,10,0.32548899694
12/02/2021,FEU,Z24,11,0.30294531192
12/02/2021,FEU,Z14,11,0.31597761122
12/02/2021,FEU,Z24,12,0.27003227508
12/02/2021,FEU,Z14,12,0.27003227508
12/02/2021,FEU,Z24,13,0.26746402522
12/02/2021,FEU,Z14,13,0.26746402522
12/02/2021,FEU,Z24,14,0.2587210148
12/02/2021,FEU,Z14,14,0.2587210148
12/02/2021,FEU,Z24,15,0.24551080238
12/02/2021,FEU,Z14,15,0.23295282394
12/02/2021,FEU,Z24,16,0.24829586796
12/02/2021,FEU,Z14,16,0.24829586796
12/02/2021,FEU,Z24,17,0.26050641754
12/02/2021,FEU,Z14,17,0.26050641754
12/02/2021,FEU,Z24,18,0.32674825712
12/02/2021,FEU,Z14,18,0.32674825712
12/02/2021,FEU,Z24,19,0.34112591998
12/02/2021,FEU,Z14,19,0.35406043742
12/02/2021,FEU,Z24,2,0.25652320566
12/02/2021,FEU,Z14,2,0.25652320566
12/02/2021,FEU,Z24,20,0.36968480886
12/02/2021,FEU,Z14,20,0.36968480886
12/02/2021,FEU,Z24,21,0.37537177972
12/02/2021,FEU,Z14,21,0.37537177972
12/02/2021,FEU,Z24,22,0.3750551263
12/02/2021,FEU,Z14,22,0.3750551263
12/02/2021,FEU,Z24,23,0.35288576604
12/02/2021,FEU,Z14,23,0.33968139274
12/02/2021,FEU,Z24,24,0.33424007776
12/02/2021,FEU,Z14,24,0.33424007776
12/02/2021,FEU,Z24,3,0.24945515582
12/02/2021,FEU,Z14,3,0.24945515582
12/02/2021,FEU,Z24,4,0.2469988264
12/02/2021,FEU,Z14,4,0.2469988264
12/02/2021,FEU,Z24,5,0.22544125554
12/02/2021,FEU,Z14,5,0.22544125554
12/02/2021,FEU,Z24,6,0.24237513924
12/02/2021,FEU,Z14,6,0.24237513924
12/02/2021,FEU,Z24,7,0.24843756034
12/02/2021,FEU,Z14,7,0.24843756034
12/02/2021,FEU,Z24,8,0.29846738086
12/02/2021,FEU,Z14,8,0.29846738086
12/02/2021,FEU,Z24,9,0.32809447882
12/02/2021,FEU,Z14,9,0.32809447882
12/03/2021,FEU,Z24,1,0.30594956576
12/03/2021,FEU,Z14,1,0.30594956576
12/03/2021,FEU,Z24,10,0.32381009824
12/03/2021,FEU,Z14,10,0.32381009824
12/03/2021,FEU,Z24,11,0.29390514922
12/03/2021,FEU,Z14,11,0.30666966266
12/03/2021,FEU,Z24,12,0.28713828466
12/03/2021,FEU,Z14,12,0.28713828466
12/03/2021,FEU,Z24,13,0.27965496494
12/03/2021,FEU,Z14,13,0.27965496494
12/03/2021,FEU,Z24,14,0.27414903494
12/03/2021,FEU,Z14,14,0.27414903494
12/03/2021,FEU,Z24,15,0.27024407966
12/03/2021,FEU,Z14,15,0.25740347536
12/03/2021,FEU,Z24,16,0.26577345838
12/03/2021,FEU,Z14,16,0.26577345838
12/03/2021,FEU,Z24,17,0.29378489796
12/03/2021,FEU,Z14,17,0.29378489796
12/03/2021,FEU,Z24,18,0.33694009354
12/03/2021,FEU,Z14,18,0.33694009354
12/03/2021,FEU,Z24,19,0.35505231526
12/03/2021,FEU,Z14,19,0.3680311977
12/03/2021,FEU,Z24,2,0.27195841978
12/03/2021,FEU,Z14,2,0.27195841978
12/03/2021,FEU,Z24,20,0.36737971628
12/03/2021,FEU,Z14,20,0.36737971628
12/03/2021,FEU,Z24,21,0.367819232
12/03/2021,FEU,Z14,21,0.367819232
12/03/2021,FEU,Z24,22,0.35886759544
12/03/2021,FEU,Z14,22,0.35886759544
12/03/2021,FEU,Z24,23,0.32970079888
12/03/2021,FEU,Z14,23,0.31684019144
12/03/2021,FEU,Z24,24,0.28971647944
12/03/2021,FEU,Z14,24,0.28971647944
12/03/2021,FEU,Z24,3,0.25475334008
12/03/2021,FEU,Z14,3,0.25475334008
12/03/2021,FEU,Z24,4,0.25111172966
12/03/2021,FEU,Z14,4,0.25111172966
12/03/2021,FEU,Z24,5,0.24996197566
12/03/2021,FEU,Z14,5,0.24996197566
12/03/2021,FEU,Z24,6,0.25465970064
12/03/2021,FEU,Z14,6,0.25465970064
12/03/2021,FEU,Z24,7,0.26029404516
12/03/2021,FEU,Z14,7,0.26029404516
12/03/2021,FEU,Z24,8,0.28924268698
12/03/2021,FEU,Z14,8,0.28924268698
12/03/2021,FEU,Z24,9,0.32635482996
12/03/2021,FEU,Z14,9,0.32635482996
12/04/2021,FEU,Z24,1,0.3059000892
12/04/2021,FEU,Z14,1,0.3059000892
12/04/2021,FEU,Z24,10,0.285037632
12/04/2021,FEU,Z14,10,0.285037632
12/04/2021,FEU,Z24,11,0.28345820912
12/04/2021,FEU,Z14,11,0.28345820912
12/04/2021,FEU,Z24,12,0.27963031626
12/04/2021,FEU,Z14,12,0.27963031626
12/04/2021,FEU,Z24,13,0.2820904634
12/04/2021,FEU,Z14,13,0.2820904634
12/04/2021,FEU,Z24,14,0.27286967312
12/04/2021,FEU,Z14,14,0.27286967312
12/04/2021,FEU,Z24,15,0.27028634028
12/04/2021,FEU,Z14,15,0.27028634028
12/04/2021,FEU,Z24,16,0.26091499944
12/04/2021,FEU,Z14,16,0.26091499944
12/04/2021,FEU,Z24,17,0.27719830302
12/04/2021,FEU,Z14,17,0.27719830302
12/04/2021,FEU,Z24,18,0.30362388688
12/04/2021,FEU,Z14,18,0.30362388688
12/04/2021,FEU,Z24,19,0.3104443613
12/04/2021,FEU,Z14,19,0.3104443613
12/04/2021,FEU,Z24,2,0.28575263894
12/04/2021,FEU,Z14,2,0.28575263894
12/04/2021,FEU,Z24,20,0.3091368706
12/04/2021,FEU,Z14,20,0.3091368706
12/04/2021,FEU,Z24,21,0.30124731174
12/04/2021,FEU,Z14,21,0.30124731174
12/04/2021,FEU,Z24,22,0.30963419832
12/04/2021,FEU,Z14,22,0.30963419832
12/04/2021,FEU,Z24,23,0.28887570976
12/04/2021,FEU,Z14,23,0.28887570976
12/04/2021,FEU,Z24,24,0.27430092948
12/04/2021,FEU,Z14,24,0.27430092948
12/04/2021,FEU,Z24,3,0.26200080982
12/04/2021,FEU,Z14,3,0.26200080982
12/04/2021,FEU,Z24,4,0.24334804812
12/04/2021,FEU,Z14,4,0.24334804812
12/04/2021,FEU,Z24,5,0.24369488498
12/04/2021,FEU,Z14,5,0.24369488498
12/04/2021,FEU,Z24,6,0.24227050626
12/04/2021,FEU,Z14,6,0.24227050626
12/04/2021,FEU,Z24,7,0.2444399178
12/04/2021,FEU,Z14,7,0.2444399178
12/04/2021,FEU,Z24,8,0.2611748892
12/04/2021,FEU,Z14,8,0.2611748892
12/04/2021,FEU,Z24,9,0.27644270646
12/04/2021,FEU,Z14,9,0.27644270646
12/05/2021,FEU,Z24,1,0.22848638322
12/05/2021,FEU,Z14,1,0.22848638322
12/05/2021,FEU,Z24,10,0.1204257999
12/05/2021,FEU,Z14,10,0.1204257999
12/05/2021,FEU,Z24,11,0.11236427544
12/05/2021,FEU,Z14,11,0.11236427544
12/05/2021,FEU,Z24,12,0.06093909572
12/05/2021,FEU,Z14,12,0.06093909572
12/05/2021,FEU,Z24,13,0.03728885544
12/05/2021,FEU,Z14,13,0.03728885544
12/05/2021,FEU,Z24,14,0.04167150042
12/05/2021,FEU,Z14,14,0.04167150042
12/05/2021,FEU,Z24,15,0.037850832
12/05/2021,FEU,Z14,15,0.037850832
12/05/2021,FEU,Z24,16,0.02484694074
12/05/2021,FEU,Z14,16,0.02484694074
12/05/2021,FEU,Z24,17,0.11393919534
12/05/2021,FEU,Z14,17,0.11393919534
12/05/2021,FEU,Z24,18,0.23071646808
12/05/2021,FEU,Z14,18,0.23071646808
12/05/2021,FEU,Z24,19,0.2792455292
12/05/2021,FEU,Z14,19,0.2792455292
12/05/2021,FEU,Z24,2,0.14695778268
12/05/2021,FEU,Z14,2,0.14695778268
12/05/2021,FEU,Z24,20,0.30306277292
12/05/2021,FEU,Z14,20,0.30306277292
12/05/2021,FEU,Z24,21,0.31569813264
12/05/2021,FEU,Z14,21,0.31569813264
12/05/2021,FEU,Z24,22,0.31722568464
12/05/2021,FEU,Z14,22,0.31722568464
12/05/2021,FEU,Z24,23,0.31020017036
12/05/2021,FEU,Z14,23,0.31020017036
12/05/2021,FEU,Z24,24,0.28833914008
12/05/2021,FEU,Z14,24,0.28833914008
12/05/2021,FEU,Z24,3,0.11841662584
12/05/2021,FEU,Z14,3,0.11841662584
12/05/2021,FEU,Z24,4,0.03154755414
12/05/2021,FEU,Z14,4,0.03154755414
12/05/2021,FEU,Z24,5,0.024643325
12/05/2021,FEU,Z14,5,0.024643325
12/05/2021,FEU,Z24,6,0.02323631328
12/05/2021,FEU,Z14,6,0.02323631328
12/05/2021,FEU,Z24,7,0.02556832726
12/05/2021,FEU,Z14,7,0.02556832726
12/05/2021,FEU,Z24,8,0.03357005952
12/05/2021,FEU,Z14,8,0.03357005952
12/05/2021,FEU,Z24,9,0.11315266008
12/05/2021,FEU,Z14,9,0.11315266008
12/06/2021,FEU,Z24,1,0.2611785206
12/06/2021,FEU,Z14,1,0.2611785206
12/06/2021,FEU,Z24,10,0.23940192744
12/06/2021,FEU,Z14,10,0.23940192744
12/06/2021,FEU,Z24,11,0.24068295256
12/06/2021,FEU,Z14,11,0.24068295256
12/06/2021,FEU,Z24,12,0.23974273098
12/06/2021,FEU,Z14,12,0.23974273098
12/06/2021,FEU,Z24,13,0.23743628112
12/06/2021,FEU,Z14,13,0.23743628112
12/06/2021,FEU,Z24,14,0.24107531198
12/06/2021,FEU,Z14,14,0.24107531198
12/06/2021,FEU,Z24,15,0.24585924198
12/06/2021,FEU,Z14,15,0.24585924198
12/06/2021,FEU,Z24,16,0.26171105628
12/06/2021,FEU,Z14,16,0.26171105628
12/06/2021,FEU,Z24,17,0.28762941558
12/06/2021,FEU,Z14,17,0.28762941558
12/06/2021,FEU,Z24,18,0.30984282502
12/06/2021,FEU,Z14,18,0.30984282502
12/06/2021,FEU,Z24,19,0.319186032
12/06/2021,FEU,Z14,19,0.319186032
12/06/2021,FEU,Z24,2,0.24900480318
12/06/2021,FEU,Z14,2,0.24900480318
12/06/2021,FEU,Z24,20,0.32525153114
12/06/2021,FEU,Z14,20,0.32525153114
12/06/2021,FEU,Z24,21,0.33859467144
12/06/2021,FEU,Z14,21,0.33859467144
12/06/2021,FEU,Z24,22,0.31038284316
12/06/2021,FEU,Z14,22,0.31038284316
12/06/2021,FEU,Z24,23,0.30087473604
12/06/2021,FEU,Z14,23,0.30087473604
12/06/2021,FEU,Z24,24,0.28560390362
12/06/2021,FEU,Z14,24,0.28560390362
12/06/2021,FEU,Z24,3,0.24211319162
12/06/2021,FEU,Z14,3,0.24211319162
12/06/2021,FEU,Z24,4,0.2348058092
12/06/2021,FEU,Z14,4,0.2348058092
12/06/2021,FEU,Z24,5,0.23239695692
12/06/2021,FEU,Z14,5,0.23239695692
12/06/2021,FEU,Z24,6,0.2313617492
12/06/2021,FEU,Z14,6,0.2313617492
12/06/2021,FEU,Z24,7,0.23461970748
12/06/2021,FEU,Z14,7,0.23461970748
12/06/2021,FEU,Z24,8,0.24305313948
12/06/2021,FEU,Z14,8,0.24305313948
12/06/2021,FEU,Z24,9,0.24017447832
12/06/2021,FEU,Z14,9,0.24017447832
12/07/2021,FEU,Z24,1,0.27969249018
12/07/2021,FEU,Z14,1,0.27969249018
12/07/2021,FEU,Z24,10,0.30647690364
12/07/2021,FEU,Z14,10,0.30647690364
12/07/2021,FEU,Z24,11,0.29189171076
12/07/2021,FEU,Z14,11,0.3046414862
12/07/2021,FEU,Z24,12,0.29611164834
12/07/2021,FEU,Z14,12,0.29611164834
12/07/2021,FEU,Z24,13,0.28326657962
12/07/2021,FEU,Z14,13,0.28326657962
12/07/2021,FEU,Z24,14,0.26819786048
12/07/2021,FEU,Z14,14,0.26819786048
12/07/2021,FEU,Z24,15,0.26673592392
12/07/2021,FEU,Z14,15,0.25411410048
12/07/2021,FEU,Z24,16,0.25529754764
12/07/2021,FEU,Z14,16,0.25529754764
12/07/2021,FEU,Z24,17,0.25695541708
12/07/2021,FEU,Z14,17,0.25695541708
12/07/2021,FEU,Z24,18,0.27869540452
12/07/2021,FEU,Z14,18,0.27869540452
12/07/2021,FEU,Z24,19,0.29625414996
12/07/2021,FEU,Z14,19,0.3090319234
12/07/2021,FEU,Z24,2,0.25419896406
12/07/2021,FEU,Z14,2,0.25419896406
12/07/2021,FEU,Z24,20,0.31925886456
12/07/2021,FEU,Z14,20,0.31925886456
12/07/2021,FEU,Z24,21,0.32482625786
12/07/2021,FEU,Z14,21,0.32482625786
12/07/2021,FEU,Z24,22,0.31171045916
12/07/2021,FEU,Z14,22,0.31171045916
12/07/2021,FEU,Z24,23,0.28572728604
12/07/2021,FEU,Z14,23,0.27279951274
12/07/2021,FEU,Z24,24,0.25860893032
12/07/2021,FEU,Z14,24,0.25860893032
12/07/2021,FEU,Z24,3,0.25426190064
12/07/2021,FEU,Z14,3,0.25426190064
12/07/2021,FEU,Z24,4,0.25518928008
12/07/2021,FEU,Z14,4,0.25518928008
12/07/2021,FEU,Z24,5,0.25518099522
12/07/2021,FEU,Z14,5,0.25518099522
12/07/2021,FEU,Z24,6,0.2766688892
12/07/2021,FEU,Z14,6,0.2766688892
12/07/2021,FEU,Z24,7,0.2709673563
12/07/2021,FEU,Z14,7,0.2709673563
12/07/2021,FEU,Z24,8,0.28731050754
12/07/2021,FEU,Z14,8,0.28731050754
12/07/2021,FEU,Z24,9,0.30911504494
12/07/2021,FEU,Z14,9,0.30911504494
12/08/2021,FEU,Z24,1,0.22914643692
12/08/2021,FEU,Z14,1,0.22914643692
12/08/2021,FEU,Z24,10,0.07904004258
12/08/2021,FEU,Z14,10,0.07904004258
12/08/2021,FEU,Z24,11,0.12809496684
12/08/2021,FEU,Z14,11,0.12809496684
12/08/2021,FEU,Z24,12,0.03655090512
12/08/2021,FEU,Z14,12,0.03655090512
12/08/2021,FEU,Z24,13,0.02996868112
12/08/2021,FEU,Z14,13,0.02996868112
12/08/2021,FEU,Z24,14,0.07367932112
12/08/2021,FEU,Z14,14,0.07367932112
12/08/2021,FEU,Z24,15,0.1223172977
12/08/2021,FEU,Z14,15,0.1223172977
12/08/2021,FEU,Z24,16,0.11071479544
12/08/2021,FEU,Z14,16,0.11071479544
12/08/2021,FEU,Z24,17,0.18414785488
12/08/2021,FEU,Z14,17,0.18414785488
12/08/2021,FEU,Z24,18,0.22612706288
12/08/2021,FEU,Z14,18,0.22612706288
12/08/2021,FEU,Z24,19,0.24798712372
12/08/2021,FEU,Z14,19,0.24798712372
12/08/2021,FEU,Z24,2,0.15627633608
12/08/2021,FEU,Z14,2,0.15627633608
12/08/2021,FEU,Z24,20,0.28789768458
12/08/2021,FEU,Z14,20,0.28789768458
12/08/2021,FEU,Z24,21,0.29727071302
12/08/2021,FEU,Z14,21,0.29727071302
12/08/2021,FEU,Z24,22,0.29606905488
12/08/2021,FEU,Z14,22,0.29606905488
12/08/2021,FEU,Z24,23,0.27728550204
12/08/2021,FEU,Z14,23,0.27728550204
12/08/2021,FEU,Z24,24,0.25076119362
12/08/2021,FEU,Z14,24,0.25076119362
12/08/2021,FEU,Z24,3,0.14700729066
12/08/2021,FEU,Z14,3,0.14700729066
12/08/2021,FEU,Z24,4,0.0655706071
12/08/2021,FEU,Z14,4,0.0655706071
12/08/2021,FEU,Z24,5,0.0410089271
12/08/2021,FEU,Z14,5,0.0410089271
12/08/2021,FEU,Z24,6,0.03929762752
12/08/2021,FEU,Z14,6,0.03929762752
12/08/2021,FEU,Z24,7,0.05312636036
12/08/2021,FEU,Z14,7,0.05312636036
12/08/2021,FEU,Z24,8,0.05147511306
12/08/2021,FEU,Z14,8,0.05147511306
12/08/2021,FEU,Z24,9,0.09606404232
12/08/2021,FEU,Z14,9,0.09606404232
12/09/2021,FEU,Z24,1,0.26505580778
12/09/2021,FEU,Z14,1,0.26505580778
12/09/2021,FEU,Z24,10,0.31999485694
12/09/2021,FEU,Z14,10,0.31999485694
12/09/2021,FEU,Z24,11,0.31423635992
12/09/2021,FEU,Z14,11,0.32731800622
12/09/2021,FEU,Z24,12,0.30528863708
12/09/2021,FEU,Z14,12,0.30528863708
12/09/2021,FEU,Z24,13,0.29143480722
12/09/2021,FEU,Z14,13,0.29143480722
12/09/2021,FEU,Z24,14,0.2897243348
12/09/2021,FEU,Z14,14,0.2897243348
12/09/2021,FEU,Z24,15,0.29034531938
12/09/2021,FEU,Z14,15,0.27763456594
12/09/2021,FEU,Z24,16,0.29038937996
12/09/2021,FEU,Z14,16,0.29038937996
12/09/2021,FEU,Z24,17,0.30707598054
12/09/2021,FEU,Z14,17,0.30707598054
12/09/2021,FEU,Z24,18,0.32074534512
12/09/2021,FEU,Z14,18,0.32074534512
12/09/2021,FEU,Z24,19,0.32809478098
12/09/2021,FEU,Z14,19,0.34098440942
12/09/2021,FEU,Z24,2,0.23742670266
12/09/2021,FEU,Z14,2,0.23742670266
12/09/2021,FEU,Z24,20,0.34245813886
12/09/2021,FEU,Z14,20,0.34245813886
12/09/2021,FEU,Z24,21,0.34525446772
12/09/2021,FEU,Z14,21,0.34525446772
12/09/2021,FEU,Z24,22,0.3308316263
12/09/2021,FEU,Z14,22,0.3308316263
12/09/2021,FEU,Z24,23,0.31052445004
12/09/2021,FEU,Z14,23,0.29749575574
12/09/2021,FEU,Z24,24,0.26099674976
12/09/2021,FEU,Z14,24,0.26099674976
12/09/2021,FEU,Z24,3,0.23473609282
12/09/2021,FEU,Z14,3,0.23473609282
12/09/2021,FEU,Z24,4,0.2340073464
12/09/2021,FEU,Z14,4,0.2340073464
12/09/2021,FEU,Z24,5,0.23371777554
12/09/2021,FEU,Z14,5,0.23371777554
12/09/2021,FEU,Z24,6,0.23731327124
12/09/2021,FEU,Z14,6,0.23731327124
12/09/2021,FEU,Z24,7,0.24510847134
12/09/2021,FEU,Z14,7,0.24510847134
12/09/2021,FEU,Z24,8,0.29634641486
12/09/2021,FEU,Z14,8,0.29634641486
12/09/2021,FEU,Z24,9,0.32592582982
12/09/2021,FEU,Z14,9,0.32592582982
12/10/2021,FEU,Z24,1,0.23655730976
12/10/2021,FEU,Z14,1,0.23655730976
12/10/2021,FEU,Z24,10,0.32391784224
12/10/2021,FEU,Z14,10,0.32391784224
12/10/2021,FEU,Z24,11,0.32107854822
12/10/2021,FEU,Z14,11,0.33393422866
12/10/2021,FEU,Z24,12,0.31893552866
12/10/2021,FEU,Z14,12,0.31893552866
12/10/2021,FEU,Z24,13,0.29866280294
12/10/2021,FEU,Z14,13,0.29866280294
12/10/2021,FEU,Z24,14,0.29728573094
12/10/2021,FEU,Z14,14,0.29728573094
12/10/2021,FEU,Z24,15,0.29768933866
12/10/2021,FEU,Z14,15,0.28473136336
12/10/2021,FEU,Z24,16,0.28682730938
12/10/2021,FEU,Z14,16,0.28682730938
12/10/2021,FEU,Z24,17,0.31254504596
12/10/2021,FEU,Z14,17,0.31254504596
12/10/2021,FEU,Z24,18,0.32659579354
12/10/2021,FEU,Z14,18,0.32659579354
12/10/2021,FEU,Z24,19,0.33188498326
12/10/2021,FEU,Z14,19,0.3447860577
12/10/2021,FEU,Z24,2,0.23192840678
12/10/2021,FEU,Z14,2,0.23192840678
12/10/2021,FEU,Z24,20,0.35377043628
12/10/2021,FEU,Z14,20,0.35377043628
12/10/2021,FEU,Z24,21,0.356964032
12/10/2021,FEU,Z14,21,0.356964032
12/10/2021,FEU,Z24,22,0.33577848744
12/10/2021,FEU,Z14,22,0.33577848744
12/10/2021,FEU,Z24,23,0.32860876688
12/10/2021,FEU,Z14,23,0.31575297944
12/10/2021,FEU,Z24,24,0.29400753544
12/10/2021,FEU,Z14,24,0.29400753544
12/10/2021,FEU,Z24,3,0.17616134008
12/10/2021,FEU,Z14,3,0.17616134008
12/10/2021,FEU,Z24,4,0.14089660666
12/10/2021,FEU,Z14,4,0.14089660666
12/10/2021,FEU,Z24,5,0.13878421066
12/10/2021,FEU,Z14,5,0.13878421066
12/10/2021,FEU,Z24,6,0.17440936464
12/10/2021,FEU,Z14,6,0.17440936464
12/10/2021,FEU,Z24,7,0.23408042916
12/10/2021,FEU,Z14,7,0.23408042916
12/10/2021,FEU,Z24,8,0.27112340298
12/10/2021,FEU,Z14,8,0.27112340298
12/10/2021,FEU,Z24,9,0.32277903996
12/10/2021,FEU,Z14,9,0.32277903996
12/11/2021,FEU,Z24,1,0.2829494492
12/11/2021,FEU,Z14,1,0.2829494492
12/11/2021,FEU,Z24,10,0.269066832
12/11/2021,FEU,Z14,10,0.269066832
12/11/2021,FEU,Z24,11,0.26597156912
12/11/2021,FEU,Z14,11,0.26597156912
12/11/2021,FEU,Z24,12,0.28278646626
12/11/2021,FEU,Z14,12,0.28278646626
12/11/2021,FEU,Z24,13,0.2950543234
12/11/2021,FEU,Z14,13,0.2950543234
12/11/2021,FEU,Z24,14,0.30751634512
12/11/2021,FEU,Z14,14,0.30751634512
12/11/2021,FEU,Z24,15,0.29788227028
12/11/2021,FEU,Z14,15,0.29788227028
12/11/2021,FEU,Z24,16,0.30617817544
12/11/2021,FEU,Z14,16,0.30617817544
12/11/2021,FEU,Z24,17,0.32565090402
12/11/2021,FEU,Z14,17,0.32565090402
12/11/2021,FEU,Z24,18,0.35117076688
12/11/2021,FEU,Z14,18,0.35117076688
12/11/2021,FEU,Z24,19,0.3615809463
12/11/2021,FEU,Z14,19,0.3615809463
12/11/2021,FEU,Z24,2,0.27640732294
12/11/2021,FEU,Z14,2,0.27640732294
12/11/2021,FEU,Z24,20,0.3602521106
12/11/2021,FEU,Z14,20,0.3602521106
12/11/2021,FEU,Z24,21,0.35392827774
12/11/2021,FEU,Z14,21,0.35392827774
12/11/2021,FEU,Z24,22,0.35612045832
12/11/2021,FEU,Z14,22,0.35612045832
12/11/2021,FEU,Z24,23,0.34725586976
12/11/2021,FEU,Z14,23,0.34725586976
12/11/2021,FEU,Z24,24,0.33433493148
12/11/2021,FEU,Z14,24,0.33433493148
12/11/2021,FEU,Z24,3,0.27157024182
12/11/2021,FEU,Z14,3,0.27157024182
12/11/2021,FEU,Z24,4,0.26531281812
12/11/2021,FEU,Z14,4,0.26531281812
12/11/2021,FEU,Z24,5,0.26517268198
12/11/2021,FEU,Z14,5,0.26517268198
12/11/2021,FEU,Z24,6,0.27129873726
12/11/2021,FEU,Z14,6,0.27129873726
12/11/2021,FEU,Z24,7,0.2708873778
12/11/2021,FEU,Z14,7,0.2708873778
12/11/2021,FEU,Z24,8,0.2609516292
12/11/2021,FEU,Z14,8,0.2609516292
12/11/2021,FEU,Z24,9,0.26369329846
12/11/2021,FEU,Z14,9,0.26369329846
12/12/2021,FEU,Z24,1,0.33693600522
12/12/2021,FEU,Z14,1,0.33693600522
12/12/2021,FEU,Z24,10,0.3245457999
12/12/2021,FEU,Z14,10,0.3245457999
12/12/2021,FEU,Z24,11,0.31445326744
12/12/2021,FEU,Z14,11,0.31445326744
12/12/2021,FEU,Z24,12,0.30529247372
12/12/2021,FEU,Z14,12,0.30529247372
12/12/2021,FEU,Z24,13,0.31767998744
12/12/2021,FEU,Z14,13,0.31767998744
12/12/2021,FEU,Z24,14,0.31913250942
12/12/2021,FEU,Z14,14,0.31913250942
12/12/2021,FEU,Z24,15,0.311926032
12/12/2021,FEU,Z14,15,0.311926032
12/12/2021,FEU,Z24,16,0.30303904974
12/12/2021,FEU,Z14,16,0.30303904974
12/12/2021,FEU,Z24,17,0.32297575334
12/12/2021,FEU,Z14,17,0.32297575334
12/12/2021,FEU,Z24,18,0.35688241608
12/12/2021,FEU,Z14,18,0.35688241608
12/12/2021,FEU,Z24,19,0.3703807492
12/12/2021,FEU,Z14,19,0.3703807492
12/12/2021,FEU,Z24,2,0.32597134468
12/12/2021,FEU,Z14,2,0.32597134468
12/12/2021,FEU,Z24,20,0.37381412892
12/12/2021,FEU,Z14,20,0.37381412892
12/12/2021,FEU,Z24,21,0.36729218064
12/12/2021,FEU,Z14,21,0.36729218064
12/12/2021,FEU,Z24,22,0.36467037264
12/12/2021,FEU,Z14,22,0.36467037264
12/12/2021,FEU,Z24,23,0.36054708636
12/12/2021,FEU,Z14,23,0.36054708636
12/12/2021,FEU,Z24,24,0.32982957608
12/12/2021,FEU,Z14,24,0.32982957608
12/12/2021,FEU,Z24,3,0.31900913784
12/12/2021,FEU,Z14,3,0.31900913784
12/12/2021,FEU,Z24,4,0.30212966514
12/12/2021,FEU,Z14,4,0.30212966514
12/12/2021,FEU,Z24,5,0.289414575
12/12/2021,FEU,Z14,5,0.289414575
12/12/2021,FEU,Z24,6,0.29457896928
12/12/2021,FEU,Z14,6,0.29457896928
12/12/2021,FEU,Z24,7,0.30342574526
12/12/2021,FEU,Z14,7,0.30342574526
12/12/2021,FEU,Z24,8,0.32168188352
12/12/2021,FEU,Z14,8,0.32168188352
12/12/2021,FEU,Z24,9,0.31097854808
12/12/2021,FEU,Z14,9,0.31097854808
12/13/2021,FEU,Z24,1,0.32185976166
12/13/2021,FEU,Z14,1,0.32185976166
12/13/2021,FEU,Z24,10,0.37031458852
12/13/2021,FEU,Z14,10,0.37031458852
12/13/2021,FEU,Z24,11,0.3376750605
12/13/2021,FEU,Z14,11,0.35058596294
12/13/2021,FEU,Z24,12,0.34743815852
12/13/2021,FEU,Z14,12,0.34743815852
12/13/2021,FEU,Z24,13,0.3464728948
12/13/2021,FEU,Z14,13,0.3464728948
12/13/2021,FEU,Z24,14,0.3477909548
12/13/2021,FEU,Z14,14,0.3477909548
12/13/2021,FEU,Z24,15,0.3500814941
12/13/2021,FEU,Z14,15,0.3369002348
12/13/2021,FEU,Z24,16,0.34049384224
12/13/2021,FEU,Z14,16,0.34049384224
12/13/2021,FEU,Z24,17,0.36524734168
12/13/2021,FEU,Z14,17,0.36524734168
12/13/2021,FEU,Z24,18,0.3867141934
12/13/2021,FEU,Z14,18,0.3867141934
12/13/2021,FEU,Z24,19,0.39917291026
12/13/2021,FEU,Z14,19,0.41261982056
12/13/2021,FEU,Z24,2,0.2982852264
12/13/2021,FEU,Z14,2,0.2982852264
12/13/2021,FEU,Z24,20,0.41784610986
12/13/2021,FEU,Z14,20,0.41784610986
12/13/2021,FEU,Z24,21,0.42241764116
12/13/2021,FEU,Z14,21,0.42241764116
12/13/2021,FEU,Z24,22,0.40442688074
12/13/2021,FEU,Z14,22,0.40442688074
12/13/2021,FEU,Z24,23,0.39222841262
12/13/2021,FEU,Z14,23,0.37886114632
12/13/2021,FEU,Z24,24,0.3541761499
12/13/2021,FEU,Z14,24,0.3541761499
12/13/2021,FEU,Z24,3,0.29075537756
12/13/2021,FEU,Z14,3,0.29075537756
12/13/2021,FEU,Z24,4,0.28923128928
12/13/2021,FEU,Z14,4,0.28923128928
12/13/2021,FEU,Z24,5,0.28679683556
12/13/2021,FEU,Z14,5,0.28679683556
12/13/2021,FEU,Z24,6,0.30006125496
12/13/2021,FEU,Z14,6,0.30006125496
12/13/2021,FEU,Z24,7,0.33372543776
12/13/2021,FEU,Z14,7,0.33372543776
12/13/2021,FEU,Z24,8,0.35033909628
12/13/2021,FEU,Z14,8,0.35033909628
12/13/2021,FEU,Z24,9,0.37680421082
12/13/2021,FEU,Z14,9,0.37680421082
12/14/2021,FEU,Z24,1,0.36303893318
12/14/2021,FEU,Z14,1,0.36303893318
12/14/2021,FEU,Z24,10,0.37759547564
12/14/2021,FEU,Z14,10,0.37759547564
12/14/2021,FEU,Z24,11,0.36787759876
12/14/2021,FEU,Z14,11,0.3808868762
12/14/2021,FEU,Z24,12,0.35748181034
12/14/2021,FEU,Z14,12,0.35748181034
12/14/2021,FEU,Z24,13,0.36816699662
12/14/2021,FEU,Z14,13,0.36816699662
12/14/2021,FEU,Z24,14,0.37342414848
12/14/2021,FEU,Z14,14,0.37342414848
12/14/2021,FEU,Z24,15,0.37109666392
12/14/2021,FEU,Z14,15,0.35811982848
12/14/2021,FEU,Z24,16,0.37025445364
12/14/2021,FEU,Z14,16,0.37025445364
12/14/2021,FEU,Z24,17,0.37550815908
12/14/2021,FEU,Z14,17,0.37550815908
12/14/2021,FEU,Z24,18,0.38685076852
12/14/2021,FEU,Z14,18,0.38685076852
12/14/2021,FEU,Z24,19,0.40494393396
12/14/2021,FEU,Z14,19,0.4180894734
12/14/2021,FEU,Z24,2,0.35666284206
12/14/2021,FEU,Z14,2,0.35666284206
12/14/2021,FEU,Z24,20,0.42437291256
12/14/2021,FEU,Z14,20,0.42437291256
12/14/2021,FEU,Z24,21,0.42738084886
12/14/2021,FEU,Z14,21,0.42738084886
12/14/2021,FEU,Z24,22,0.40363539716
12/14/2021,FEU,Z14,22,0.40363539716
12/14/2021,FEU,Z24,23,0.39792031004
12/14/2021,FEU,Z14,23,0.38453166574
12/14/2021,FEU,Z24,24,0.35833713832
12/14/2021,FEU,Z14,24,0.35833713832
12/14/2021,FEU,Z24,3,0.34867758864
12/14/2021,FEU,Z14,3,0.34867758864
12/14/2021,FEU,Z24,4,0.31994294808
12/14/2021,FEU,Z14,4,0.31994294808
12/14/2021,FEU,Z24,5,0.31467577122
12/14/2021,FEU,Z14,5,0.31467577122
12/14/2021,FEU,Z24,6,0.3324802292
12/14/2021,FEU,Z14,6,0.3324802292
12/14/2021,FEU,Z24,7,0.3599529913
12/14/2021,FEU,Z14,7,0.3599529913
12/14/2021,FEU,Z24,8,0.35995365154
12/14/2021,FEU,Z14,8,0.35995365154
12/14/2021,FEU,Z24,9,0.38178153094
12/14/2021,FEU,Z14,9,0.38178153094
12/15/2021,FEU,Z24,1,0.36987373548
12/15/2021,FEU,Z14,1,0.36987373548
12/15/2021,FEU,Z24,10,0.38250631764
12/15/2021,FEU,Z14,10,0.38250631764
12/15/2021,FEU,Z24,11,0.37696890076
12/15/2021,FEU,Z14,11,0.39031577506
12/15/2021,FEU,Z24,12,0.3860184962
12/15/2021,FEU,Z14,12,0.3860184962
12/15/2021,FEU,Z24,13,0.38053843648
12/15/2021,FEU,Z14,13,0.38053843648
12/15/2021,FEU,Z24,14,0.38077881134
12/15/2021,FEU,Z14,14,0.38077881134
12/15/2021,FEU,Z24,15,0.37066805936
12/15/2021,FEU,Z14,15,0.35740253906
12/15/2021,FEU,Z24,16,0.36405491536
12/15/2021,FEU,Z14,16,0.36405491536
12/15/2021,FEU,Z24,17,0.3761694548
12/15/2021,FEU,Z14,17,0.3761694548
12/15/2021,FEU,Z24,18,0.38704042238
12/15/2021,FEU,Z14,18,0.38704042238
12/15/2021,FEU,Z24,19,0.40130765796
12/15/2021,FEU,Z14,19,0.41476272326
12/15/2021,FEU,Z24,2,0.35567283608
12/15/2021,FEU,Z14,2,0.35567283608
12/15/2021,FEU,Z24,20,0.42183500056
12/15/2021,FEU,Z14,20,0.42183500056
12/15/2021,FEU,Z24,21,0.42596727186
12/15/2021,FEU,Z14,21,0.42596727186
12/15/2021,FEU,Z24,22,0.41181943088
12/15/2021,FEU,Z14,22,0.41181943088
12/15/2021,FEU,Z24,23,0.4065242249
12/15/2021,FEU,Z14,23,0.39279155374
12/15/2021,FEU,Z24,24,0.36944393004
12/15/2021,FEU,Z14,24,0.36944393004
12/15/2021,FEU,Z24,3,0.34857301896
12/15/2021,FEU,Z14,3,0.34857301896
12/15/2021,FEU,Z24,4,0.33330767482
12/15/2021,FEU,Z14,4,0.33330767482
12/15/2021,FEU,Z24,5,0.33267435096
12/15/2021,FEU,Z14,5,0.33267435096
12/15/2021,FEU,Z24,6,0.3590230278
12/15/2021,FEU,Z14,6,0.3590230278
12/15/2021,FEU,Z24,7,0.34839226674
12/15/2021,FEU,Z14,7,0.34839226674
12/15/2021,FEU,Z24,8,0.36641014926
12/15/2021,FEU,Z14,8,0.36641014926
12/15/2021,FEU,Z24,9,0.3868673348
12/15/2021,FEU,Z14,9,0.3868673348
12/16/2021,FEU,Z24,1,0.36710415078
12/16/2021,FEU,Z14,1,0.36710415078
12/16/2021,FEU,Z24,10,0.41202877594
12/16/2021,FEU,Z14,10,0.41202877594
12/16/2021,FEU,Z24,11,0.39350457992
12/16/2021,FEU,Z14,11,0.40692322422
12/16/2021,FEU,Z24,12,0.40351145508
12/16/2021,FEU,Z14,12,0.40351145508
12/16/2021,FEU,Z24,13,0.40655364622
12/16/2021,FEU,Z14,13,0.40655364622
12/16/2021,FEU,Z24,14,0.4075815548
12/16/2021,FEU,Z14,14,0.4075815548
12/16/2021,FEU,Z24,15,0.40056188038
12/16/2021,FEU,Z14,15,0.38747963794
12/16/2021,FEU,Z24,16,0.39172359196
12/16/2021,FEU,Z14,16,0.39172359196
12/16/2021,FEU,Z24,17,0.39936021554
12/16/2021,FEU,Z14,17,0.39936021554
12/16/2021,FEU,Z24,18,0.41680743312
12/16/2021,FEU,Z14,18,0.41680743312
12/16/2021,FEU,Z24,19,0.43465234798
12/16/2021,FEU,Z14,19,0.44790044942
12/16/2021,FEU,Z24,2,0.35479024266
12/16/2021,FEU,Z14,2,0.35479024266
12/16/2021,FEU,Z24,20,0.45175514386
12/16/2021,FEU,Z14,20,0.45175514386
12/16/2021,FEU,Z24,21,0.45762103372
12/16/2021,FEU,Z14,21,0.45762103372
12/16/2021,FEU,Z24,22,0.4287246213
12/16/2021,FEU,Z14,22,0.4287246213
12/16/2021,FEU,Z24,23,0.39458059604
12/16/2021,FEU,Z14,23,0.38120449774
12/16/2021,FEU,Z24,24,0.36997953376
12/16/2021,FEU,Z14,24,0.36997953376
12/16/2021,FEU,Z24,3,0.34955814382
12/16/2021,FEU,Z14,3,0.34955814382
12/16/2021,FEU,Z24,4,0.3337107864
12/16/2021,FEU,Z14,4,0.3337107864
12/16/2021,FEU,Z24,5,0.32351801754
12/16/2021,FEU,Z14,5,0.32351801754
12/16/2021,FEU,Z24,6,0.33848893124
12/16/2021,FEU,Z14,6,0.33848893124
12/16/2021,FEU,Z24,7,0.34893923434
12/16/2021,FEU,Z14,7,0.34893923434
12/16/2021,FEU,Z24,8,0.39271825786
12/16/2021,FEU,Z14,8,0.39271825786
12/16/2021,FEU,Z24,9,0.41675150882
12/16/2021,FEU,Z14,9,0.41675150882
12/17/2021,FEU,Z24,1,0.36353932576
12/17/2021,FEU,Z14,1,0.36353932576
12/17/2021,FEU,Z24,10,0.41899777824
12/17/2021,FEU,Z14,10,0.41899777824
12/17/2021,FEU,Z24,11,0.40701720322
12/17/2021,FEU,Z14,11,0.42016494366
12/17/2021,FEU,Z24,12,0.41809110766
12/17/2021,FEU,Z14,12,0.41809110766
12/17/2021,FEU,Z24,13,0.41700610694
12/17/2021,FEU,Z14,13,0.41700610694
12/17/2021,FEU,Z24,14,0.41647909394
12/17/2021,FEU,Z14,14,0.41647909394
12/17/2021,FEU,Z24,15,0.41684397166
12/17/2021,FEU,Z14,15,0.40338270736
12/17/2021,FEU,Z24,16,0.40677286238
12/17/2021,FEU,Z14,16,0.40677286238
12/17/2021,FEU,Z24,17,0.41349262196
12/17/2021,FEU,Z14,17,0.41349262196
12/17/2021,FEU,Z24,18,0.42586778154
12/17/2021,FEU,Z14,18,0.42586778154
12/17/2021,FEU,Z24,19,0.44831237926
12/17/2021,FEU,Z14,19,0.4616056727
12/17/2021,FEU,Z24,2,0.34843016378
12/17/2021,FEU,Z14,2,0.34843016378
12/17/2021,FEU,Z24,20,0.46269738828
12/17/2021,FEU,Z14,20,0.46269738828
12/17/2021,FEU,Z24,21,0.453488432
12/17/2021,FEU,Z14,21,0.453488432
12/17/2021,FEU,Z24,22,0.42267357544
12/17/2021,FEU,Z14,22,0.42267357544
12/17/2021,FEU,Z24,23,0.41751031888
12/17/2021,FEU,Z14,23,0.40435895144
12/17/2021,FEU,Z24,24,0.38428827144
12/17/2021,FEU,Z14,24,0.38428827144
12/17/2021,FEU,Z24,3,0.33809524408
12/17/2021,FEU,Z14,3,0.33809524408
12/17/2021,FEU,Z24,4,0.32497172966
12/17/2021,FEU,Z14,4,0.32497172966
12/17/2021,FEU,Z24,5,0.31873548366
12/17/2021,FEU,Z14,5,0.31873548366
12/17/2021,FEU,Z24,6,0.34125892464
12/17/2021,FEU,Z14,6,0.34125892464
12/17/2021,FEU,Z24,7,0.37728207516
12/17/2021,FEU,Z14,7,0.37728207516
12/17/2021,FEU,Z24,8,0.39941027198
12/17/2021,FEU,Z14,8,0.39941027198
12/17/2021,FEU,Z24,9,0.42099407196
12/17/2021,FEU,Z14,9,0.42099407196
12/18/2021,FEU,Z24,1,0.3892309692
12/18/2021,FEU,Z14,1,0.3892309692
12/18/2021,FEU,Z24,10,0.388518432
12/18/2021,FEU,Z14,10,0.388518432
12/18/2021,FEU,Z24,11,0.38335734512
12/18/2021,FEU,Z14,11,0.38335734512
12/18/2021,FEU,Z24,12,0.37853810226
12/18/2021,FEU,Z14,12,0.37853810226
12/18/2021,FEU,Z24,13,0.3786434934
12/18/2021,FEU,Z14,13,0.3786434934
12/18/2021,FEU,Z24,14,0.35980700112
12/18/2021,FEU,Z14,14,0.35980700112
12/18/2021,FEU,Z24,15,0.35306334828
12/18/2021,FEU,Z14,15,0.35306334828
12/18/2021,FEU,Z24,16,0.37248967944
12/18/2021,FEU,Z14,16,0.37248967944
12/18/2021,FEU,Z24,17,0.38528998102
12/18/2021,FEU,Z14,17,0.38528998102
12/18/2021,FEU,Z24,18,0.39522290288
12/18/2021,FEU,Z14,18,0.39522290288
12/18/2021,FEU,Z24,19,0.4177568413
12/18/2021,FEU,Z14,19,0.4177568413
12/18/2021,FEU,Z24,2,0.37946880494
12/18/2021,FEU,Z14,2,0.37946880494
12/18/2021,FEU,Z24,20,0.4236379606
12/18/2021,FEU,Z14,20,0.4236379606
12/18/2021,FEU,Z24,21,0.42361987374
12/18/2021,FEU,Z14,21,0.42361987374
12/18/2021,FEU,Z24,22,0.40540037832
12/18/2021,FEU,Z14,22,0.40540037832
12/18/2021,FEU,Z24,23,0.39971046176
12/18/2021,FEU,Z14,23,0.39971046176
12/18/2021,FEU,Z24,24,0.39725072148
12/18/2021,FEU,Z14,24,0.39725072148
12/18/2021,FEU,Z24,3,0.38055117882
12/18/2021,FEU,Z14,3,0.38055117882
12/18/2021,FEU,Z24,4,0.34578448212
12/18/2021,FEU,Z14,4,0.34578448212
12/18/2021,FEU,Z24,5,0.34024490998
12/18/2021,FEU,Z14,5,0.34024490998
12/18/2021,FEU,Z24,6,0.34873217326
12/18/2021,FEU,Z14,6,0.34873217326
12/18/2021,FEU,Z24,7,0.3523797978
12/18/2021,FEU,Z14,7,0.3523797978
12/18/2021,FEU,Z24,8,0.3774518692
12/18/2021,FEU,Z14,8,0.3774518692
12/18/2021,FEU,Z24,9,0.38932970446
12/18/2021,FEU,Z14,9,0.38932970446
12/19/2021,FEU,Z24,1,0.42358551822
12/19/2021,FEU,Z14,1,0.42358551822
12/19/2021,FEU,Z24,10,0.4053773199
12/19/2021,FEU,Z14,10,0.4053773199
12/19/2021,FEU,Z24,11,0.40210687544
12/19/2021,FEU,Z14,11,0.40210687544
12/19/2021,FEU,Z24,12,0.39967110972
12/19/2021,FEU,Z14,12,0.39967110972
12/19/2021,FEU,Z24,13,0.39443137544
12/19/2021,FEU,Z14,13,0.39443137544
12/19/2021,FEU,Z24,14,0.39447647742
12/19/2021,FEU,Z14,14,0.39447647742
12/19/2021,FEU,Z24,15,0.395401632
12/19/2021,FEU,Z14,15,0.395401632
12/19/2021,FEU,Z24,16,0.39330298974
12/19/2021,FEU,Z14,16,0.39330298974
12/19/2021,FEU,Z24,17,0.40049683934
12/19/2021,FEU,Z14,17,0.40049683934
12/19/2021,FEU,Z24,18,0.42058860008
12/19/2021,FEU,Z14,18,0.42058860008
12/19/2021,FEU,Z24,19,0.4312929092
12/19/2021,FEU,Z14,19,0.4312929092
12/19/2021,FEU,Z24,2,0.40635963668
12/19/2021,FEU,Z14,2,0.40635963668
12/19/2021,FEU,Z24,20,0.43775527892
12/19/2021,FEU,Z14,20,0.43775527892
12/19/2021,FEU,Z24,21,0.43917892464
12/19/2021,FEU,Z14,21,0.43917892464
12/19/2021,FEU,Z24,22,0.43060480464
12/19/2021,FEU,Z14,22,0.43060480464
12/19/2021,FEU,Z24,23,0.41277346036
12/19/2021,FEU,Z14,23,0.41277346036
12/19/2021,FEU,Z24,24,0.40650098408
12/19/2021,FEU,Z14,24,0.40650098408
12/19/2021,FEU,Z24,3,0.39764113384
12/19/2021,FEU,Z14,3,0.39764113384
12/19/2021,FEU,Z24,4,0.35883551414
12/19/2021,FEU,Z14,4,0.35883551414
12/19/2021,FEU,Z24,5,0.357244575
12/19/2021,FEU,Z14,5,0.357244575
12/19/2021,FEU,Z24,6,0.35809343328
12/19/2021,FEU,Z14,6,0.35809343328
12/19/2021,FEU,Z24,7,0.39240048126
12/19/2021,FEU,Z14,7,0.39240048126
12/19/2021,FEU,Z24,8,0.40346943552
12/19/2021,FEU,Z14,8,0.40346943552
12/19/2021,FEU,Z24,9,0.39917105208
12/19/2021,FEU,Z14,9,0.39917105208
12/20/2021,FEU,Z24,1,0.40517999666
12/20/2021,FEU,Z14,1,0.40517999666
12/20/2021,FEU,Z24,10,0.45712303252
12/20/2021,FEU,Z14,10,0.45712303252
12/20/2021,FEU,Z24,11,0.4464072105
12/20/2021,FEU,Z14,11,0.45968944394
12/20/2021,FEU,Z24,12,0.45745399052
12/20/2021,FEU,Z14,12,0.45745399052
12/20/2021,FEU,Z24,13,0.4572843348
12/20/2021,FEU,Z14,13,0.4572843348
12/20/2021,FEU,Z24,14,0.4606154748
12/20/2021,FEU,Z14,14,0.4606154748
12/20/2021,FEU,Z24,15,0.4625652491
12/20/2021,FEU,Z14,15,0.4489105548
12/20/2021,FEU,Z24,16,0.45271573024
12/20/2021,FEU,Z14,16,0.45271573024
12/20/2021,FEU,Z24,17,0.45962324968
12/20/2021,FEU,Z14,17,0.45962324968
12/20/2021,FEU,Z24,18,0.4605179934
12/20/2021,FEU,Z14,18,0.4605179934
12/20/2021,FEU,Z24,19,0.47212046926
12/20/2021,FEU,Z14,19,0.48587362456
12/20/2021,FEU,Z24,2,0.3904358264
12/20/2021,FEU,Z14,2,0.3904358264
12/20/2021,FEU,Z24,20,0.49328332186
12/20/2021,FEU,Z14,20,0.49328332186
12/20/2021,FEU,Z24,21,0.49551209516
12/20/2021,FEU,Z14,21,0.49551209516
12/20/2021,FEU,Z24,22,0.48852854774
12/20/2021,FEU,Z14,22,0.48852854774
12/20/2021,FEU,Z24,23,0.47012858262
12/20/2021,FEU,Z14,23,0.45644247832
12/20/2021,FEU,Z24,24,0.4265208949
12/20/2021,FEU,Z14,24,0.4265208949
12/20/2021,FEU,Z24,3,0.41039629756
12/20/2021,FEU,Z14,3,0.41039629756
12/20/2021,FEU,Z24,4,0.35525548128
12/20/2021,FEU,Z14,4,0.35525548128
12/20/2021,FEU,Z24,5,0.34903328956
12/20/2021,FEU,Z14,5,0.34903328956
12/20/2021,FEU,Z24,6,0.36526272696
12/20/2021,FEU,Z14,6,0.36526272696
12/20/2021,FEU,Z24,7,0.39152556576
12/20/2021,FEU,Z14,7,0.39152556576
12/20/2021,FEU,Z24,8,0.43778710628
12/20/2021,FEU,Z14,8,0.43778710628
12/20/2021,FEU,Z24,9,0.45878555282
12/20/2021,FEU,Z14,9,0.45878555282
12/21/2021,FEU,Z24,1,0.40494565718
12/21/2021,FEU,Z14,1,0.40494565718
12/21/2021,FEU,Z24,10,0.43282747964
12/21/2021,FEU,Z14,10,0.43282747964
12/21/2021,FEU,Z24,11,0.42081516476
12/21/2021,FEU,Z14,11,0.4340060462
12/21/2021,FEU,Z24,12,0.42587649334
12/21/2021,FEU,Z14,12,0.42587649334
12/21/2021,FEU,Z24,13,0.42084187562
12/21/2021,FEU,Z14,13,0.42084187562
12/21/2021,FEU,Z24,14,0.41877992448
12/21/2021,FEU,Z14,14,0.41877992448
12/21/2021,FEU,Z24,15,0.42245018792
12/21/2021,FEU,Z14,15,0.40929808448
12/21/2021,FEU,Z24,16,0.41608154364
12/21/2021,FEU,Z14,16,0.41608154364
12/21/2021,FEU,Z24,17,0.42571451908
12/21/2021,FEU,Z14,17,0.42571451908
12/21/2021,FEU,Z24,18,0.43353031252
12/21/2021,FEU,Z14,18,0.43353031252
12/21/2021,FEU,Z24,19,0.45787511396
12/21/2021,FEU,Z14,19,0.4711979834
12/21/2021,FEU,Z24,2,0.39316952106
12/21/2021,FEU,Z14,2,0.39316952106
12/21/2021,FEU,Z24,20,0.47963170056
12/21/2021,FEU,Z14,20,0.47963170056
12/21/2021,FEU,Z24,21,0.48758938086
12/21/2021,FEU,Z14,21,0.48758938086
12/21/2021,FEU,Z24,22,0.47008237916
12/21/2021,FEU,Z14,22,0.47008237916
12/21/2021,FEU,Z24,23,0.45191538804
12/21/2021,FEU,Z14,23,0.43830435874
12/21/2021,FEU,Z24,24,0.41722700632
12/21/2021,FEU,Z14,24,0.41722700632
12/21/2021,FEU,Z24,3,0.37833878064
12/21/2021,FEU,Z14,3,0.37833878064
12/21/2021,FEU,Z24,4,0.34324302008
12/21/2021,FEU,Z14,4,0.34324302008
12/21/2021,FEU,Z24,5,0.34297775322
12/21/2021,FEU,Z14,5,0.34297775322
12/21/2021,FEU,Z24,6,0.3833481292
12/21/2021,FEU,Z14,6,0.3833481292
12/21/2021,FEU,Z24,7,0.3900599163
12/21/2021,FEU,Z14,7,0.3900599163
12/21/2021,FEU,Z24,8,0.40531756854
12/21/2021,FEU,Z14,8,0.40531756854
12/21/2021,FEU,Z24,9,0.43356203194
12/21/2021,FEU,Z14,9,0.43356203194
12/22/2021,FEU,Z24,1,0.44400486948
12/22/2021,FEU,Z14,1,0.44400486948
12/22/2021,FEU,Z24,10,0.47634296364
12/22/2021,FEU,Z14,10,0.47634296364
12/22/2021,FEU,Z24,11,0.46281448476
12/22/2021,FEU,Z14,11,0.47653065006
12/22/2021,FEU,Z24,12,0.4690826462
12/22/2021,FEU,Z14,12,0.4690826462
12/22/2021,FEU,Z24,13,0.46325970048
12/22/2021,FEU,Z14,13,0.46325970048
12/22/2021,FEU,Z24,14,0.46051980834
12/22/2021,FEU,Z14,14,0.46051980834
12/22/2021,FEU,Z24,15,0.46041449936
12/22/2021,FEU,Z14,15,0.44676740406
12/22/2021,FEU,Z24,16,0.45131764336
12/22/2021,FEU,Z14,16,0.45131764336
12/22/2021,FEU,Z24,17,0.4627472348
12/22/2021,FEU,Z14,17,0.4627472348
12/22/2021,FEU,Z24,18,0.47574649438
12/22/2021,FEU,Z14,18,0.47574649438
12/22/2021,FEU,Z24,19,0.48249765996
12/22/2021,FEU,Z14,19,0.49629501026
12/22/2021,FEU,Z24,2,0.44192018808
12/22/2021,FEU,Z14,2,0.44192018808
12/22/2021,FEU,Z24,20,0.49817328856
12/22/2021,FEU,Z14,20,0.49817328856
12/22/2021,FEU,Z24,21,0.49950209986
12/22/2021,FEU,Z14,21,0.49950209986
12/22/2021,FEU,Z24,22,0.49095913488
12/22/2021,FEU,Z14,22,0.49095913488
12/22/2021,FEU,Z24,23,0.4744402949
12/22/2021,FEU,Z14,23,0.46037344474
12/22/2021,FEU,Z24,24,0.43450704604
12/22/2021,FEU,Z14,24,0.43450704604
12/22/2021,FEU,Z24,3,0.43234539096
12/22/2021,FEU,Z14,3,0.43234539096
12/22/2021,FEU,Z24,4,0.42785900682
12/22/2021,FEU,Z14,4,0.42785900682
12/22/2021,FEU,Z24,5,0.42475387896
12/22/2021,FEU,Z14,5,0.42475387896
12/22/2021,FEU,Z24,6,0.4368684978
12/22/2021,FEU,Z14,6,0.4368684978
12/22/2021,FEU,Z24,7,0.44086504974
12/22/2021,FEU,Z14,7,0.44086504974
12/22/2021,FEU,Z24,8,0.45589831626
12/22/2021,FEU,Z14,8,0.45589831626
12/22/2021,FEU,Z24,9,0.4785604148
12/22/2021,FEU,Z14,9,0.4785604148
12/23/2021,FEU,Z24,1,0.48560551278
12/23/2021,FEU,Z14,1,0.48560551278
12/23/2021,FEU,Z24,10,0.50603751994
12/23/2021,FEU,Z14,10,0.50603751994
12/23/2021,FEU,Z24,11,0.50264942392
12/23/2021,FEU,Z14,11,0.51653370322
12/23/2021,FEU,Z24,12,0.51601281108
12/23/2021,FEU,Z14,12,0.51601281108
12/23/2021,FEU,Z24,13,0.51613940822
12/23/2021,FEU,Z14,13,0.51613940822
12/23/2021,FEU,Z24,14,0.5184047948
12/23/2021,FEU,Z14,14,0.5184047948
12/23/2021,FEU,Z24,15,0.51928302838
12/23/2021,FEU,Z14,15,0.50579818294
12/23/2021,FEU,Z24,16,0.51157600796
12/23/2021,FEU,Z14,16,0.51157600796
12/23/2021,FEU,Z24,17,0.51034147554
12/23/2021,FEU,Z14,17,0.51034147554
12/23/2021,FEU,Z24,18,0.51154997712
12/23/2021,FEU,Z14,18,0.51154997712
12/23/2021,FEU,Z24,19,0.52167453998
12/23/2021,FEU,Z14,19,0.53521441742
12/23/2021,FEU,Z24,2,0.45062113066
12/23/2021,FEU,Z14,2,0.45062113066
12/23/2021,FEU,Z24,20,0.53681236586
12/23/2021,FEU,Z14,20,0.53681236586
12/23/2021,FEU,Z24,21,0.53501180372
12/23/2021,FEU,Z14,21,0.53501180372
12/23/2021,FEU,Z24,22,0.5269586313
12/23/2021,FEU,Z14,22,0.5269586313
12/23/2021,FEU,Z24,23,0.52151400804
12/23/2021,FEU,Z14,23,0.50761632874
12/23/2021,FEU,Z24,24,0.48398804576
12/23/2021,FEU,Z14,24,0.48398804576
12/23/2021,FEU,Z24,3,0.39640085982
12/23/2021,FEU,Z14,3,0.39640085982
12/23/2021,FEU,Z24,4,0.3901456664
12/23/2021,FEU,Z14,4,0.3901456664
12/23/2021,FEU,Z24,5,0.40595859954
12/23/2021,FEU,Z14,5,0.40595859954
12/23/2021,FEU,Z24,6,0.45539932524
12/23/2021,FEU,Z14,6,0.45539932524
12/23/2021,FEU,Z24,7,0.48441523734
12/23/2021,FEU,Z14,7,0.48441523734
12/23/2021,FEU,Z24,8,0.49183438586
12/23/2021,FEU,Z14,8,0.49183438586
12/23/2021,FEU,Z24,9,0.50848286882
12/23/2021,FEU,Z14,9,0.50848286882
12/24/2021,FEU,Z24,1,0.42979551776
12/24/2021,FEU,Z14,1,0.42979551776
12/24/2021,FEU,Z24,10,0.45330417824
12/24/2021,FEU,Z14,10,0.45330417824
12/24/2021,FEU,Z24,11,0.47100480822
12/24/2021,FEU,Z14,11,0.48437118966
12/24/2021,FEU,Z24,12,0.45143428066
12/24/2021,FEU,Z14,12,0.45143428066
12/24/2021,FEU,Z24,13,0.42321825794
12/24/2021,FEU,Z14,13,0.42321825794
12/24/2021,FEU,Z24,14,0.41158388594
12/24/2021,FEU,Z14,14,0.41158388594
12/24/2021,FEU,Z24,15,0.39710828066
12/24/2021,FEU,Z14,15,0.38373057136
12/24/2021,FEU,Z24,16,0.39714087638
12/24/2021,FEU,Z14,16,0.39714087638
12/24/2021,FEU,Z24,17,0.40115110596
12/24/2021,FEU,Z14,17,0.40115110596
12/24/2021,FEU,Z24,18,0.41845555554
12/24/2021,FEU,Z14,18,0.41845555554
12/24/2021,FEU,Z24,19,0.43065937726
12/24/2021,FEU,Z14,19,0.4438921877
12/24/2021,FEU,Z24,2,0.39294247178
12/24/2021,FEU,Z14,2,0.39294247178
12/24/2021,FEU,Z24,20,0.43724108628
12/24/2021,FEU,Z14,20,0.43724108628
12/24/2021,FEU,Z24,21,0.422629232
12/24/2021,FEU,Z14,21,0.422629232
12/24/2021,FEU,Z24,22,0.41651391144
12/24/2021,FEU,Z14,22,0.41651391144
12/24/2021,FEU,Z24,23,0.40781007888
12/24/2021,FEU,Z14,23,0.39469083144
12/24/2021,FEU,Z24,24,0.35351041944
12/24/2021,FEU,Z14,24,0.35351041944
12/24/2021,FEU,Z24,3,0.34695894808
12/24/2021,FEU,Z14,3,0.34695894808
12/24/2021,FEU,Z24,4,0.33908145166
12/24/2021,FEU,Z14,4,0.33908145166
12/24/2021,FEU,Z24,5,0.33158219966
12/24/2021,FEU,Z14,5,0.33158219966
12/24/2021,FEU,Z24,6,0.34037642064
12/24/2021,FEU,Z14,6,0.34037642064
12/24/2021,FEU,Z24,7,0.37217707716
12/24/2021,FEU,Z14,7,0.37217707716
12/24/2021,FEU,Z24,8,0.38580887898
12/24/2021,FEU,Z14,8,0.38580887898
12/24/2021,FEU,Z24,9,0.42776138796
12/24/2021,FEU,Z14,9,0.42776138796
12/25/2021,FEU,Z24,1,0.31647753208
12/25/2021,FEU,Z14,1,0.31647753208
12/25/2021,FEU,Z24,10,0.28327116576
12/25/2021,FEU,Z14,10,0.28327116576
12/25/2021,FEU,Z24,11,0.289777632
12/25/2021,FEU,Z14,11,0.289777632
12/25/2021,FEU,Z24,12,0.30757713712
12/25/2021,FEU,Z14,12,0.30757713712
12/25/2021,FEU,Z24,13,0.31780330512
12/25/2021,FEU,Z14,13,0.31780330512
12/25/2021,FEU,Z24,14,0.30908090568
12/25/2021,FEU,Z14,14,0.30908090568
12/25/2021,FEU,Z24,15,0.28976388912
12/25/2021,FEU,Z14,15,0.28976388912
12/25/2021,FEU,Z24,16,0.28844043372
12/25/2021,FEU,Z14,16,0.28844043372
12/25/2021,FEU,Z24,17,0.2957349106
12/25/2021,FEU,Z14,17,0.2957349106
12/25/2021,FEU,Z24,18,0.31202062632
12/25/2021,FEU,Z14,18,0.31202062632
12/25/2021,FEU,Z24,19,0.32388247032
12/25/2021,FEU,Z14,19,0.32388247032
12/25/2021,FEU,Z24,2,0.29781759784
12/25/2021,FEU,Z14,2,0.29781759784
12/25/2021,FEU,Z24,20,0.35081563162
12/25/2021,FEU,Z14,20,0.35081563162
12/25/2021,FEU,Z24,21,0.38554559706
12/25/2021,FEU,Z14,21,0.38554559706
12/25/2021,FEU,Z24,22,0.39484230492
12/25/2021,FEU,Z14,22,0.39484230492
12/25/2021,FEU,Z24,23,0.3767178078
12/25/2021,FEU,Z14,23,0.3767178078
12/25/2021,FEU,Z24,24,0.33332695896
12/25/2021,FEU,Z14,24,0.33332695896
12/25/2021,FEU,Z24,3,0.27284512002
12/25/2021,FEU,Z14,3,0.27284512002
12/25/2021,FEU,Z24,4,0.2311799179
12/25/2021,FEU,Z14,4,0.2311799179
12/25/2021,FEU,Z24,5,0.20104839792
12/25/2021,FEU,Z14,5,0.20104839792
12/25/2021,FEU,Z24,6,0.1872349022
12/25/2021,FEU,Z14,6,0.1872349022
12/25/2021,FEU,Z24,7,0.19113451132
12/25/2021,FEU,Z14,7,0.19113451132
12/25/2021,FEU,Z24,8,0.249604575
12/25/2021,FEU,Z14,8,0.249604575
12/25/2021,FEU,Z24,9,0.2624703064
12/25/2021,FEU,Z14,9,0.2624703064
12/26/2021,FEU,Z24,1,0.29106951822
12/26/2021,FEU,Z14,1,0.29106951822
12/26/2021,FEU,Z24,10,0.2444797299
12/26/2021,FEU,Z14,10,0.2444797299
12/26/2021,FEU,Z24,11,0.25265194744
12/26/2021,FEU,Z14,11,0.25265194744
12/26/2021,FEU,Z24,12,0.25593114172
12/26/2021,FEU,Z14,12,0.25593114172
12/26/2021,FEU,Z24,13,0.25232205144
12/26/2021,FEU,Z14,13,0.25232205144
12/26/2021,FEU,Z24,14,0.24524648742
12/26/2021,FEU,Z14,14,0.24524648742
12/26/2021,FEU,Z24,15,0.245176032
12/26/2021,FEU,Z14,15,0.245176032
12/26/2021,FEU,Z24,16,0.24751088874
12/26/2021,FEU,Z14,16,0.24751088874
12/26/2021,FEU,Z24,17,0.25219939434
12/26/2021,FEU,Z14,17,0.25219939434
12/26/2021,FEU,Z24,18,0.27027403208
12/26/2021,FEU,Z14,18,0.27027403208
12/26/2021,FEU,Z24,19,0.2945662892
12/26/2021,FEU,Z14,19,0.2945662892
12/26/2021,FEU,Z24,2,0.25093740268
12/26/2021,FEU,Z14,2,0.25093740268
12/26/2021,FEU,Z24,20,0.30373242892
12/26/2021,FEU,Z14,20,0.30373242892
12/26/2021,FEU,Z24,21,0.29160246864
12/26/2021,FEU,Z14,21,0.29160246864
12/26/2021,FEU,Z24,22,0.25170129264
12/26/2021,FEU,Z14,22,0.25170129264
12/26/2021,FEU,Z24,23,0.23721271236
12/26/2021,FEU,Z14,23,0.23721271236
12/26/2021,FEU,Z24,24,0.21940904408
12/26/2021,FEU,Z14,24,0.21940904408
12/26/2021,FEU,Z24,3,0.24031618584
12/26/2021,FEU,Z14,3,0.24031618584
12/26/2021,FEU,Z24,4,0.24144325314
12/26/2021,FEU,Z14,4,0.24144325314
12/26/2021,FEU,Z24,5,0.196584575
12/26/2021,FEU,Z14,5,0.196584575
12/26/2021,FEU,Z24,6,0.19160898528
12/26/2021,FEU,Z14,6,0.19160898528
12/26/2021,FEU,Z24,7,0.19250516526
12/26/2021,FEU,Z14,7,0.19250516526
12/26/2021,FEU,Z24,8,0.22357279552
12/26/2021,FEU,Z14,8,0.22357279552
12/26/2021,FEU,Z24,9,0.23473080008
12/26/2021,FEU,Z14,9,0.23473080008
12/27/2021,FEU,Z24,1,0.09526836066
12/27/2021,FEU,Z14,1,0.09526836066
12/27/2021,FEU,Z24,10,0.21658248652
12/27/2021,FEU,Z14,10,0.21658248652
12/27/2021,FEU,Z24,11,0.1679145855
12/27/2021,FEU,Z14,11,0.18024757994
12/27/2021,FEU,Z24,12,0.17526212852
12/27/2021,FEU,Z14,12,0.17526212852
12/27/2021,FEU,Z24,13,0.1700475548
12/27/2021,FEU,Z14,13,0.1700475548
12/27/2021,FEU,Z24,14,0.1686822948
12/27/2021,FEU,Z14,14,0.1686822948
12/27/2021,FEU,Z24,15,0.1447446941
12/27/2021,FEU,Z14,15,0.1324310148
12/27/2021,FEU,Z24,16,0.15879483424
12/27/2021,FEU,Z14,16,0.15879483424
12/27/2021,FEU,Z24,17,0.16982371768
12/27/2021,FEU,Z14,17,0.16982371768
12/27/2021,FEU,Z24,18,0.2729692334
12/27/2021,FEU,Z14,18,0.2729692334
12/27/2021,FEU,Z24,19,0.27683219926
12/27/2021,FEU,Z14,19,0.28976550456
12/27/2021,FEU,Z24,2,0.0402263464
12/27/2021,FEU,Z14,2,0.0402263464
12/27/2021,FEU,Z24,20,0.27706729186
12/27/2021,FEU,Z14,20,0.27706729186
12/27/2021,FEU,Z24,21,0.24574225916
12/27/2021,FEU,Z14,21,0.24574225916
12/27/2021,FEU,Z24,22,0.20697300074
12/27/2021,FEU,Z14,22,0.20697300074
12/27/2021,FEU,Z24,23,0.18411532762
12/27/2021,FEU,Z14,23,0.17160308632
12/27/2021,FEU,Z24,24,0.1631550649
12/27/2021,FEU,Z14,24,0.1631550649
12/27/2021,FEU,Z24,3,0.03977235156
12/27/2021,FEU,Z14,3,0.03977235156
12/27/2021,FEU,Z24,4,0.03864287328
12/27/2021,FEU,Z14,4,0.03864287328
12/27/2021,FEU,Z24,5,0.03889890556
12/27/2021,FEU,Z14,5,0.03889890556
12/27/2021,FEU,Z24,6,0.03929739096
12/27/2021,FEU,Z14,6,0.03929739096
12/27/2021,FEU,Z24,7,0.04442930976
12/27/2021,FEU,Z14,7,0.04442930976
12/27/2021,FEU,Z24,8,0.14641194228
12/27/2021,FEU,Z14,8,0.14641194228
12/27/2021,FEU,Z24,9,0.18019546582
12/27/2021,FEU,Z14,9,0.18019546582
12/28/2021,FEU,Z24,1,0.09487374518
12/28/2021,FEU,Z14,1,0.09487374518
12/28/2021,FEU,Z24,10,0.19728903364
12/28/2021,FEU,Z14,10,0.19728903364
12/28/2021,FEU,Z24,11,0.19484786276
12/28/2021,FEU,Z14,11,0.2072635562
12/28/2021,FEU,Z24,12,0.19933949034
12/28/2021,FEU,Z14,12,0.19933949034
12/28/2021,FEU,Z24,13,0.18980038262
12/28/2021,FEU,Z14,13,0.18980038262
12/28/2021,FEU,Z24,14,0.17863445248
12/28/2021,FEU,Z14,14,0.17863445248
12/28/2021,FEU,Z24,15,0.17426043592
12/28/2021,FEU,Z14,15,0.16195422848
12/28/2021,FEU,Z24,16,0.15298696964
12/28/2021,FEU,Z14,16,0.15298696964
12/28/2021,FEU,Z24,17,0.16502311908
12/28/2021,FEU,Z14,17,0.16502311908
12/28/2021,FEU,Z24,18,0.20567499052
12/28/2021,FEU,Z14,18,0.20567499052
12/28/2021,FEU,Z24,19,0.20930848996
12/28/2021,FEU,Z14,19,0.2217942134
12/28/2021,FEU,Z24,2,0.07337863206
12/28/2021,FEU,Z14,2,0.07337863206
12/28/2021,FEU,Z24,20,0.24809327656
12/28/2021,FEU,Z14,20,0.24809327656
12/28/2021,FEU,Z24,21,0.25387598186
12/28/2021,FEU,Z14,21,0.25387598186
12/28/2021,FEU,Z24,22,0.25082313716
12/28/2021,FEU,Z14,22,0.25082313716
12/28/2021,FEU,Z24,23,0.19886194404
12/28/2021,FEU,Z14,23,0.18629193574
12/28/2021,FEU,Z24,24,0.16753076632
12/28/2021,FEU,Z14,24,0.16753076632
12/28/2021,FEU,Z24,3,0.03573138864
12/28/2021,FEU,Z14,3,0.03573138864
12/28/2021,FEU,Z24,4,0.03096998808
12/28/2021,FEU,Z14,4,0.03096998808
12/28/2021,FEU,Z24,5,0.03809524722
12/28/2021,FEU,Z14,5,0.03809524722
12/28/2021,FEU,Z24,6,0.0459961692
12/28/2021,FEU,Z14,6,0.0459961692
12/28/2021,FEU,Z24,7,0.1039796613
12/28/2021,FEU,Z14,7,0.1039796613
12/28/2021,FEU,Z24,8,0.14017651354
12/28/2021,FEU,Z14,8,0.14017651354
12/28/2021,FEU,Z24,9,0.17402640394
12/28/2021,FEU,Z14,9,0.17402640394
12/29/2021,FEU,Z24,1,0.15505994748
12/29/2021,FEU,Z14,1,0.15505994748
12/29/2021,FEU,Z24,10,0.26952877564
12/29/2021,FEU,Z14,10,0.26952877564
12/29/2021,FEU,Z24,11,0.26859503076
12/29/2021,FEU,Z14,11,0.28147835106
12/29/2021,FEU,Z24,12,0.2814076262
12/29/2021,FEU,Z14,12,0.2814076262
12/29/2021,FEU,Z24,13,0.28283056448
12/29/2021,FEU,Z14,13,0.28283056448
12/29/2021,FEU,Z24,14,0.28302118634
12/29/2021,FEU,Z14,14,0.28302118634
12/29/2021,FEU,Z24,15,0.28464718736
12/29/2021,FEU,Z14,15,0.27174740206
12/29/2021,FEU,Z24,16,0.26661978736
12/29/2021,FEU,Z14,16,0.26661978736
12/29/2021,FEU,Z24,17,0.2671905548
12/29/2021,FEU,Z14,17,0.2671905548
12/29/2021,FEU,Z24,18,0.27398821038
12/29/2021,FEU,Z14,18,0.27398821038
12/29/2021,FEU,Z24,19,0.30420034996
12/29/2021,FEU,Z14,19,0.31724602526
12/29/2021,FEU,Z24,2,0.13499509608
12/29/2021,FEU,Z14,2,0.13499509608
12/29/2021,FEU,Z24,20,0.32887470456
12/29/2021,FEU,Z14,20,0.32887470456
12/29/2021,FEU,Z24,21,0.34814006986
12/29/2021,FEU,Z14,21,0.34814006986
12/29/2021,FEU,Z24,22,0.33245987088
12/29/2021,FEU,Z14,22,0.33245987088
12/29/2021,FEU,Z24,23,0.3107421299
12/29/2021,FEU,Z14,23,0.29748366574
12/29/2021,FEU,Z24,24,0.27684729404
12/29/2021,FEU,Z14,24,0.27684729404
12/29/2021,FEU,Z24,3,0.13711072296
12/29/2021,FEU,Z14,3,0.13711072296
12/29/2021,FEU,Z24,4,0.13330209282
12/29/2021,FEU,Z14,4,0.13330209282
12/29/2021,FEU,Z24,5,0.13727387496
12/29/2021,FEU,Z14,5,0.13727387496
12/29/2021,FEU,Z24,6,0.1655944578
12/29/2021,FEU,Z14,6,0.1655944578
12/29/2021,FEU,Z24,7,0.19281814674
12/29/2021,FEU,Z14,7,0.19281814674
12/29/2021,FEU,Z24,8,0.24408134826
12/29/2021,FEU,Z14,8,0.24408134826
12/29/2021,FEU,Z24,9,0.2668424548
12/29/2021,FEU,Z14,9,0.2668424548
12/30/2021,FEU,Z24,1,0.26259635478
12/30/2021,FEU,Z14,1,0.26259635478
12/30/2021,FEU,Z24,10,0.29437990294
12/30/2021,FEU,Z14,10,0.29437990294
12/30/2021,FEU,Z24,11,0.25560119992
12/30/2021,FEU,Z14,11,0.26843151922
12/30/2021,FEU,Z24,12,0.25514353308
12/30/2021,FEU,Z14,12,0.25514353308
12/30/2021,FEU,Z24,13,0.25558691822
12/30/2021,FEU,Z14,13,0.25558691822
12/30/2021,FEU,Z24,14,0.2617276548
12/30/2021,FEU,Z14,14,0.2617276548
12/30/2021,FEU,Z24,15,0.26153335438
12/30/2021,FEU,Z14,15,0.24892002094
12/30/2021,FEU,Z24,16,0.24392545796
12/30/2021,FEU,Z14,16,0.24392545796
12/30/2021,FEU,Z24,17,0.25795957954
12/30/2021,FEU,Z14,17,0.25795957954
12/30/2021,FEU,Z24,18,0.30227888112
12/30/2021,FEU,Z14,18,0.30227888112
12/30/2021,FEU,Z24,19,0.33051657098
12/30/2021,FEU,Z14,19,0.34341551642
12/30/2021,FEU,Z24,2,0.24856232866
12/30/2021,FEU,Z14,2,0.24856232866
12/30/2021,FEU,Z24,20,0.34315231686
12/30/2021,FEU,Z14,20,0.34315231686
12/30/2021,FEU,Z24,21,0.33964112772
12/30/2021,FEU,Z14,21,0.33964112772
12/30/2021,FEU,Z24,22,0.3302327413
12/30/2021,FEU,Z14,22,0.3302327413
12/30/2021,FEU,Z24,23,0.28926488204
12/30/2021,FEU,Z14,23,0.27632253874
12/30/2021,FEU,Z24,24,0.26068788576
12/30/2021,FEU,Z14,24,0.26068788576
12/30/2021,FEU,Z24,3,0.24045103282
12/30/2021,FEU,Z14,3,0.24045103282
12/30/2021,FEU,Z24,4,0.2373429464
12/30/2021,FEU,Z14,4,0.2373429464
12/30/2021,FEU,Z24,5,0.23688837654
12/30/2021,FEU,Z14,5,0.23688837654
12/30/2021,FEU,Z24,6,0.23633717724
12/30/2021,FEU,Z14,6,0.23633717724
12/30/2021,FEU,Z24,7,0.25261994934
12/30/2021,FEU,Z14,7,0.25261994934
12/30/2021,FEU,Z24,8,0.25607328186
12/30/2021,FEU,Z14,8,0.25607328186
12/30/2021,FEU,Z24,9,0.29797910182
12/30/2021,FEU,Z14,9,0.29797910182
12/31/2021,FEU,Z24,1,0.20138572576
12/31/2021,FEU,Z14,1,0.20138572576
12/31/2021,FEU,Z24,10,0.20147921824
12/31/2021,FEU,Z14,10,0.20147921824
12/31/2021,FEU,Z24,11,0.19220528722
12/31/2021,FEU,Z14,11,0.20462417666
12/31/2021,FEU,Z24,12,0.17884530866
12/31/2021,FEU,Z14,12,0.17884530866
12/31/2021,FEU,Z24,13,0.19046950994
12/31/2021,FEU,Z14,13,0.19046950994
12/31/2021,FEU,Z24,14,0.19130777894
12/31/2021,FEU,Z14,14,0.19130777894
12/31/2021,FEU,Z24,15,0.21250144666
12/31/2021,FEU,Z14,15,0.19990413136
12/31/2021,FEU,Z24,16,0.19838386338
12/31/2021,FEU,Z14,16,0.19838386338
12/31/2021,FEU,Z24,17,0.22107242396
12/31/2021,FEU,Z14,17,0.22107242396
12/31/2021,FEU,Z24,18,0.25658271754
12/31/2021,FEU,Z14,18,0.25658271754
12/31/2021,FEU,Z24,19,0.26670036226
12/31/2021,FEU,Z14,19,0.2793825127
12/31/2021,FEU,Z24,2,0.18020284478
12/31/2021,FEU,Z14,2,0.18020284478
12/31/2021,FEU,Z24,20,0.27054298028
12/31/2021,FEU,Z14,20,0.27054298028
12/31/2021,FEU,Z24,21,0.261403232
12/31/2021,FEU,Z14,21,0.261403232
12/31/2021,FEU,Z24,22,0.25242677144
12/31/2021,FEU,Z14,22,0.25242677144
12/31/2021,FEU,Z24,23,0.21280022288
12/31/2021,FEU,Z14,23,0.20032790744
12/31/2021,FEU,Z24,24,0.18809165544
12/31/2021,FEU,Z14,24,0.18809165544
12/31/2021,FEU,Z24,3,0.16538932408
12/31/2021,FEU,Z14,3,0.16538932408
12/31/2021,FEU,Z24,4,0.16415388966
12/31/2021,FEU,Z14,4,0.16415388966
12/31/2021,FEU,Z24,5,0.16095452066
12/31/2021,FEU,Z14,5,0.16095452066
12/31/2021,FEU,Z24,6,0.16233093264
12/31/2021,FEU,Z14,6,0.16233093264
12/31/2021,FEU,Z24,7,0.16731626916
12/31/2021,FEU,Z14,7,0.16731626916
12/31/2021,FEU,Z24,8,0.17431503198
12/31/2021,FEU,Z14,8,0.17431503198
12/31/2021,FEU,Z24,9,0.19937455396
12/31/2021,FEU,Z14,9,0.19937455396
