Fecha,TerminoCosteHorario,TipoPrecio,Hour,Ctd
01/01/2020,FEU,Z01,1,0.10711561676
01/01/2020,FEU,Z02,1,0.05759068398
01/01/2020,FEU,Z03,1,0.0617993546
01/01/2020,FEU,Z01,10,0.09698082802
01/01/2020,FEU,Z02,10,0.0480466362
01/01/2020,FEU,Z03,10,0.05161177488
01/01/2020,FEU,Z01,11,0.09408271144
01/01/2020,FEU,Z02,11,0.04551092252
01/01/2020,FEU,Z03,11,0.0487777503
01/01/2020,FEU,Z01,12,0.0932991156
01/01/2020,FEU,Z02,12,0.04485164864
01/01/2020,FEU,Z03,12,0.04798351548
01/01/2020,FEU,Z01,13,0.0935220258
01/01/2020,FEU,Z02,13,0.11217263156
01/01/2020,FEU,Z03,13,0.04824550368
01/01/2020,FEU,Z01,14,0.09245607678
01/01/2020,FEU,Z02,14,0.11113599152
01/01/2020,FEU,Z03,14,0.11113599152
01/01/2020,FEU,Z01,15,0.09349924266
01/01/2020,FEU,Z02,15,0.11214780142
01/01/2020,FEU,Z03,15,0.11214780142
01/01/2020,FEU,Z01,16,0.09563704946
01/01/2020,FEU,Z02,16,0.1143461752
01/01/2020,FEU,Z03,16,0.1143461752
01/01/2020,FEU,Z01,17,0.1002861653
01/01/2020,FEU,Z02,17,0.11904183104
01/01/2020,FEU,Z03,17,0.11904183104
01/01/2020,FEU,Z01,18,0.1057256552
01/01/2020,FEU,Z02,18,0.12458782892
01/01/2020,FEU,Z03,18,0.12458782892
01/01/2020,FEU,Z01,19,0.10766265124
01/01/2020,FEU,Z02,19,0.12654631496
01/01/2020,FEU,Z03,19,0.12654631496
01/01/2020,FEU,Z01,2,0.10406662476
01/01/2020,FEU,Z02,2,0.05468786698
01/01/2020,FEU,Z03,2,0.05142198478
01/01/2020,FEU,Z01,20,0.10976772736
01/01/2020,FEU,Z02,20,0.1286257001
01/01/2020,FEU,Z03,20,0.1286257001
01/01/2020,FEU,Z01,21,0.10715465536
01/01/2020,FEU,Z02,21,0.12603519308
01/01/2020,FEU,Z03,21,0.12603519308
01/01/2020,FEU,Z01,22,0.1092139803
01/01/2020,FEU,Z02,22,0.12806362304
01/01/2020,FEU,Z03,22,0.12806362304
01/01/2020,FEU,Z01,23,0.10654419512
01/01/2020,FEU,Z02,23,0.05721216828
01/01/2020,FEU,Z03,23,0.12536226086
01/01/2020,FEU,Z01,24,0.1010579399
01/01/2020,FEU,Z02,24,0.0518779811
01/01/2020,FEU,Z03,24,0.05573047274
01/01/2020,FEU,Z01,3,0.10371918342
01/01/2020,FEU,Z02,3,0.05411681974
01/01/2020,FEU,Z03,3,0.05079868058
01/01/2020,FEU,Z01,4,0.1002701744
01/01/2020,FEU,Z02,4,0.05084417372
01/01/2020,FEU,Z03,4,0.04764057256
01/01/2020,FEU,Z01,5,0.0988148144
01/01/2020,FEU,Z02,5,0.04946385572
01/01/2020,FEU,Z03,5,0.04630800856
01/01/2020,FEU,Z01,6,0.0981005744
01/01/2020,FEU,Z02,6,0.04878522972
01/01/2020,FEU,Z03,6,0.04565403256
01/01/2020,FEU,Z01,7,0.0979572144
01/01/2020,FEU,Z02,7,0.04865047572
01/01/2020,FEU,Z03,7,0.04552276856
01/01/2020,FEU,Z01,8,0.0976320944
01/01/2020,FEU,Z02,8,0.04834211972
01/01/2020,FEU,Z03,8,0.05218619024
01/01/2020,FEU,Z01,9,0.09709123892
01/01/2020,FEU,Z02,9,0.04810278412
01/01/2020,FEU,Z03,9,0.05170363378
01/02/2020,FEU,Z01,1,0.10145374712
01/02/2020,FEU,Z02,1,0.05240133626
01/02/2020,FEU,Z03,1,0.05612904098
01/02/2020,FEU,Z01,10,0.10685754854
01/02/2020,FEU,Z02,10,0.05845386936
01/02/2020,FEU,Z03,10,0.06174128044
01/02/2020,FEU,Z01,11,0.1064359466
01/02/2020,FEU,Z02,11,0.0581025174
01/02/2020,FEU,Z03,11,0.06127843252
01/02/2020,FEU,Z01,12,0.10583668262
01/02/2020,FEU,Z02,12,0.05752581642
01/02/2020,FEU,Z03,12,0.06073017452
01/02/2020,FEU,Z01,13,0.10556068676
01/02/2020,FEU,Z02,13,0.12418973458
01/02/2020,FEU,Z03,13,0.06047976266
01/02/2020,FEU,Z01,14,0.1042178667
01/02/2020,FEU,Z02,14,0.12283574252
01/02/2020,FEU,Z03,14,0.12283574252
01/02/2020,FEU,Z01,15,0.10348699262
01/02/2020,FEU,Z02,15,0.12209822244
01/02/2020,FEU,Z03,15,0.12209822244
01/02/2020,FEU,Z01,16,0.10360982452
01/02/2020,FEU,Z02,16,0.12227165632
01/02/2020,FEU,Z03,16,0.12227165632
01/02/2020,FEU,Z01,17,0.10554288146
01/02/2020,FEU,Z02,17,0.12422027226
01/02/2020,FEU,Z03,17,0.12422027226
01/02/2020,FEU,Z01,18,0.10758686642
01/02/2020,FEU,Z02,18,0.12628099322
01/02/2020,FEU,Z03,18,0.12628099322
01/02/2020,FEU,Z01,19,0.10833399644
01/02/2020,FEU,Z02,19,0.12703478024
01/02/2020,FEU,Z03,19,0.12703478024
01/02/2020,FEU,Z01,2,0.09856500688
01/02/2020,FEU,Z02,2,0.04950362008
01/02/2020,FEU,Z03,2,0.04644400886
01/02/2020,FEU,Z01,20,0.1075687964
01/02/2020,FEU,Z02,20,0.1262624562
01/02/2020,FEU,Z03,20,0.1262624562
01/02/2020,FEU,Z01,21,0.10491062432
01/02/2020,FEU,Z02,21,0.1236321511
01/02/2020,FEU,Z03,21,0.1236321511
01/02/2020,FEU,Z01,22,0.1032627962
01/02/2020,FEU,Z02,22,0.12196709698
01/02/2020,FEU,Z03,22,0.12196709698
01/02/2020,FEU,Z01,23,0.09960420974
01/02/2020,FEU,Z02,23,0.05098538174
01/02/2020,FEU,Z03,23,0.1183142005
01/02/2020,FEU,Z01,24,0.09375846366
01/02/2020,FEU,Z02,24,0.04533482268
01/02/2020,FEU,Z03,24,0.04845651654
01/02/2020,FEU,Z01,3,0.09742029974
01/02/2020,FEU,Z02,3,0.04832376798
01/02/2020,FEU,Z03,3,0.04526868478
01/02/2020,FEU,Z01,4,0.0957325847
01/02/2020,FEU,Z02,4,0.04667815796
01/02/2020,FEU,Z03,4,0.04371577774
01/02/2020,FEU,Z01,5,0.09529355072
01/02/2020,FEU,Z02,5,0.04629952796
01/02/2020,FEU,Z03,5,0.04331408276
01/02/2020,FEU,Z01,6,0.09511271186
01/02/2020,FEU,Z02,6,0.04617634808
01/02/2020,FEU,Z03,6,0.04326182884
01/02/2020,FEU,Z01,7,0.09924033128
01/02/2020,FEU,Z02,7,0.05038560438
01/02/2020,FEU,Z03,7,0.0474004571
01/02/2020,FEU,Z01,8,0.10575564966
01/02/2020,FEU,Z02,8,0.05682925068
01/02/2020,FEU,Z03,8,0.06051285054
01/02/2020,FEU,Z01,9,0.10680259644
01/02/2020,FEU,Z02,9,0.05834132928
01/02/2020,FEU,Z03,9,0.06166579534
01/03/2020,FEU,Z01,1,0.09508311116
01/03/2020,FEU,Z02,1,0.0463254163
01/03/2020,FEU,Z03,1,0.04973021402
01/03/2020,FEU,Z01,10,0.10794528242
01/03/2020,FEU,Z02,10,0.05944132426
01/03/2020,FEU,Z03,10,0.06280950432
01/03/2020,FEU,Z01,11,0.1088505515
01/03/2020,FEU,Z02,11,0.06037216732
01/03/2020,FEU,Z03,11,0.0637339364
01/03/2020,FEU,Z01,12,0.10751924452
01/03/2020,FEU,Z02,12,0.05909044434
01/03/2020,FEU,Z03,12,0.06240079142
01/03/2020,FEU,Z01,13,0.1056484867
01/03/2020,FEU,Z02,13,0.1243316265
01/03/2020,FEU,Z03,13,0.0605564666
01/03/2020,FEU,Z01,14,0.10433148872
01/03/2020,FEU,Z02,14,0.12300245052
01/03/2020,FEU,Z03,14,0.12300245052
01/03/2020,FEU,Z01,15,0.10079177664
01/03/2020,FEU,Z02,15,0.11943123044
01/03/2020,FEU,Z03,15,0.11943123044
01/03/2020,FEU,Z01,16,0.0989526266
01/03/2020,FEU,Z02,16,0.1175758164
01/03/2020,FEU,Z03,16,0.1175758164
01/03/2020,FEU,Z01,17,0.10004623256
01/03/2020,FEU,Z02,17,0.11867823836
01/03/2020,FEU,Z03,17,0.11867823836
01/03/2020,FEU,Z01,18,0.10484962846
01/03/2020,FEU,Z02,18,0.12352112926
01/03/2020,FEU,Z03,18,0.12352112926
01/03/2020,FEU,Z01,19,0.10695256442
01/03/2020,FEU,Z02,19,0.12564131122
01/03/2020,FEU,Z03,19,0.12564131122
01/03/2020,FEU,Z01,2,0.09365124696
01/03/2020,FEU,Z02,2,0.04483136016
01/03/2020,FEU,Z03,2,0.0419912719
01/03/2020,FEU,Z01,20,0.10886978138
01/03/2020,FEU,Z02,20,0.12757414418
01/03/2020,FEU,Z03,20,0.12757414418
01/03/2020,FEU,Z01,21,0.10817396834
01/03/2020,FEU,Z02,21,0.12692736812
01/03/2020,FEU,Z03,21,0.12692736812
01/03/2020,FEU,Z01,22,0.10668214314
01/03/2020,FEU,Z02,22,0.12541702392
01/03/2020,FEU,Z03,22,0.12541702392
01/03/2020,FEU,Z01,23,0.10247036768
01/03/2020,FEU,Z02,23,0.0536835117
01/03/2020,FEU,Z03,23,0.12120771544
01/03/2020,FEU,Z01,24,0.1014731156
01/03/2020,FEU,Z02,24,0.05267724864
01/03/2020,FEU,Z03,24,0.05619771548
01/03/2020,FEU,Z01,3,0.09231714386
01/03/2020,FEU,Z02,3,0.04351764008
01/03/2020,FEU,Z03,3,0.04068759484
01/03/2020,FEU,Z01,4,0.09216483982
01/03/2020,FEU,Z02,4,0.04336747404
01/03/2020,FEU,Z03,4,0.04050986882
01/03/2020,FEU,Z01,5,0.09210063082
01/03/2020,FEU,Z02,5,0.04330757404
01/03/2020,FEU,Z03,5,0.04045075982
01/03/2020,FEU,Z01,6,0.09253195896
01/03/2020,FEU,Z02,6,0.04380176314
01/03/2020,FEU,Z03,6,0.0409587019
01/03/2020,FEU,Z01,7,0.09386453332
01/03/2020,FEU,Z02,7,0.04525319242
01/03/2020,FEU,Z03,7,0.04245893712
01/03/2020,FEU,Z01,8,0.0999871556
01/03/2020,FEU,Z02,8,0.05125462464
01/03/2020,FEU,Z03,8,0.05470444748
01/03/2020,FEU,Z01,9,0.1046740913
01/03/2020,FEU,Z02,9,0.05622586716
01/03/2020,FEU,Z03,9,0.05954913818
01/04/2020,FEU,Z01,1,0.10132416116
01/04/2020,FEU,Z02,1,0.0522812263
01/04/2020,FEU,Z03,1,0.05596390304
01/04/2020,FEU,Z01,10,0.09928937192
01/04/2020,FEU,Z02,10,0.05078547288
01/04/2020,FEU,Z03,10,0.0540656058
01/04/2020,FEU,Z01,11,0.10190954404
01/04/2020,FEU,Z02,11,0.05335620898
01/04/2020,FEU,Z03,11,0.05667593294
01/04/2020,FEU,Z01,12,0.0975785111
01/04/2020,FEU,Z02,12,0.04924354702
01/04/2020,FEU,Z03,12,0.05237939198
01/04/2020,FEU,Z01,13,0.09543862432
01/04/2020,FEU,Z02,13,0.1140721511
01/04/2020,FEU,Z03,13,0.0502707262
01/04/2020,FEU,Z01,14,0.0924745163
01/04/2020,FEU,Z02,14,0.1110392411
01/04/2020,FEU,Z03,14,0.1110392411
01/04/2020,FEU,Z01,15,0.09240857522
01/04/2020,FEU,Z02,15,0.11097314102
01/04/2020,FEU,Z03,15,0.11097314102
01/04/2020,FEU,Z01,16,0.09289142612
01/04/2020,FEU,Z02,16,0.1114989159
01/04/2020,FEU,Z03,16,0.1114989159
01/04/2020,FEU,Z01,17,0.09342297208
01/04/2020,FEU,Z02,17,0.11203488386
01/04/2020,FEU,Z03,17,0.11203488386
01/04/2020,FEU,Z01,18,0.10417445714
01/04/2020,FEU,Z02,18,0.1229367759
01/04/2020,FEU,Z03,18,0.1229367759
01/04/2020,FEU,Z01,19,0.10693239216
01/04/2020,FEU,Z02,19,0.12566992394
01/04/2020,FEU,Z03,19,0.12566992394
01/04/2020,FEU,Z01,2,0.09506268704
01/04/2020,FEU,Z02,2,0.04622105522
01/04/2020,FEU,Z03,2,0.04333487296
01/04/2020,FEU,Z01,20,0.10625077118
01/04/2020,FEU,Z02,20,0.12498235196
01/04/2020,FEU,Z03,20,0.12498235196
01/04/2020,FEU,Z01,21,0.10699757208
01/04/2020,FEU,Z02,21,0.12573433386
01/04/2020,FEU,Z03,21,0.12573433386
01/04/2020,FEU,Z01,22,0.10733329592
01/04/2020,FEU,Z02,22,0.1260704207
01/04/2020,FEU,Z03,22,0.1260704207
01/04/2020,FEU,Z01,23,0.10397101948
01/04/2020,FEU,Z02,23,0.05501287954
01/04/2020,FEU,Z03,23,0.12277005722
01/04/2020,FEU,Z01,24,0.10160079936
01/04/2020,FEU,Z02,24,0.05264824946
01/04/2020,FEU,Z03,24,0.05632324022
01/04/2020,FEU,Z01,3,0.09431105096
01/04/2020,FEU,Z02,3,0.04549701614
01/04/2020,FEU,Z03,3,0.0426011119
01/04/2020,FEU,Z01,4,0.09353053284
01/04/2020,FEU,Z02,4,0.04467017206
01/04/2020,FEU,Z03,4,0.04176916684
01/04/2020,FEU,Z01,5,0.0932639948
01/04/2020,FEU,Z02,5,0.04441258202
01/04/2020,FEU,Z03,5,0.0415207768
01/04/2020,FEU,Z01,6,0.09316068084
01/04/2020,FEU,Z02,6,0.04431825406
01/04/2020,FEU,Z03,6,0.04142755684
01/04/2020,FEU,Z01,7,0.09304027096
01/04/2020,FEU,Z02,7,0.04428612114
01/04/2020,FEU,Z03,7,0.0414287869
01/04/2020,FEU,Z01,8,0.09339520614
01/04/2020,FEU,Z02,8,0.04471410028
01/04/2020,FEU,Z03,8,0.048028975
01/04/2020,FEU,Z01,9,0.0948358457
01/04/2020,FEU,Z02,9,0.0464092517
01/04/2020,FEU,Z03,9,0.04958503756
01/05/2020,FEU,Z01,1,0.09745106696
01/05/2020,FEU,Z02,1,0.04848906014
01/05/2020,FEU,Z03,1,0.0521122148
01/05/2020,FEU,Z01,10,0.09921851954
01/05/2020,FEU,Z02,10,0.0504716266
01/05/2020,FEU,Z03,10,0.05392057442
01/05/2020,FEU,Z01,11,0.10159064978
01/05/2020,FEU,Z02,11,0.05289378778
01/05/2020,FEU,Z03,11,0.05635030466
01/05/2020,FEU,Z01,12,0.10277201584
01/05/2020,FEU,Z02,12,0.05407674982
01/05/2020,FEU,Z03,12,0.05755025172
01/05/2020,FEU,Z01,13,0.10156916006
01/05/2020,FEU,Z02,13,0.12025569584
01/05/2020,FEU,Z03,13,0.05633792596
01/05/2020,FEU,Z01,14,0.0980887761
01/05/2020,FEU,Z02,14,0.11678925686
01/05/2020,FEU,Z03,14,0.11678925686
01/05/2020,FEU,Z01,15,0.09704809106
01/05/2020,FEU,Z02,15,0.11573872682
01/05/2020,FEU,Z03,15,0.11573872682
01/05/2020,FEU,Z01,16,0.09955362788
01/05/2020,FEU,Z02,16,0.11821912066
01/05/2020,FEU,Z03,16,0.11821912066
01/05/2020,FEU,Z01,17,0.10496815984
01/05/2020,FEU,Z02,17,0.1237329956
01/05/2020,FEU,Z03,17,0.1237329956
01/05/2020,FEU,Z01,18,0.10936203592
01/05/2020,FEU,Z02,18,0.12817210368
01/05/2020,FEU,Z03,18,0.12817210368
01/05/2020,FEU,Z01,19,0.11028561812
01/05/2020,FEU,Z02,19,0.1290545609
01/05/2020,FEU,Z03,19,0.1290545609
01/05/2020,FEU,Z01,2,0.09674686278
01/05/2020,FEU,Z02,2,0.04768705102
01/05/2020,FEU,Z03,2,0.0446887368
01/05/2020,FEU,Z01,20,0.11238347612
01/05/2020,FEU,Z02,20,0.1311705409
01/05/2020,FEU,Z03,20,0.1311705409
01/05/2020,FEU,Z01,21,0.11711220506
01/05/2020,FEU,Z02,21,0.13594157584
01/05/2020,FEU,Z03,21,0.13594157584
01/05/2020,FEU,Z01,22,0.11808494004
01/05/2020,FEU,Z02,22,0.13692282482
01/05/2020,FEU,Z03,22,0.13692282482
01/05/2020,FEU,Z01,23,0.11511417962
01/05/2020,FEU,Z02,23,0.06573712066
01/05/2020,FEU,Z03,23,0.13403346336
01/05/2020,FEU,Z01,24,0.11138832458
01/05/2020,FEU,Z02,24,0.06216714162
01/05/2020,FEU,Z03,24,0.06620939144
01/05/2020,FEU,Z01,3,0.09570435072
01/05/2020,FEU,Z02,3,0.04669017796
01/05/2020,FEU,Z03,3,0.04369173276
01/05/2020,FEU,Z01,4,0.09477555362
01/05/2020,FEU,Z02,4,0.0457251159
01/05/2020,FEU,Z03,4,0.0427607367
01/05/2020,FEU,Z01,5,0.0948028446
01/05/2020,FEU,Z02,5,0.04578405486
01/05/2020,FEU,Z03,5,0.04278502068
01/05/2020,FEU,Z01,6,0.09461890664
01/05/2020,FEU,Z02,6,0.0456142559
01/05/2020,FEU,Z03,6,0.0426547217
01/05/2020,FEU,Z01,7,0.09485284078
01/05/2020,FEU,Z02,7,0.045921376
01/05/2020,FEU,Z03,7,0.0429464168
01/05/2020,FEU,Z01,8,0.09540263678
01/05/2020,FEU,Z02,8,0.04640891702
01/05/2020,FEU,Z03,8,0.04997883464
01/05/2020,FEU,Z01,9,0.09518748728
01/05/2020,FEU,Z02,9,0.04651310538
01/05/2020,FEU,Z03,9,0.04985816014
01/06/2020,FEU,Z01,1,0.11497829492
01/06/2020,FEU,Z02,1,0.06513400012
01/06/2020,FEU,Z03,1,0.06969053778
01/06/2020,FEU,Z01,10,0.10651147774
01/06/2020,FEU,Z02,10,0.0582894775
01/06/2020,FEU,Z03,10,0.06143081664
01/06/2020,FEU,Z01,11,0.10539023182
01/06/2020,FEU,Z02,11,0.05726254156
01/06/2020,FEU,Z03,11,0.06032004872
01/06/2020,FEU,Z01,12,0.1036184968
01/06/2020,FEU,Z02,12,0.05549651356
01/06/2020,FEU,Z03,12,0.05848907672
01/06/2020,FEU,Z01,13,0.10195529696
01/06/2020,FEU,Z02,13,0.12055888478
01/06/2020,FEU,Z03,13,0.05685030488
01/06/2020,FEU,Z01,14,0.10117767292
01/06/2020,FEU,Z02,14,0.11977469774
01/06/2020,FEU,Z03,14,0.11977469774
01/06/2020,FEU,Z01,15,0.10224542684
01/06/2020,FEU,Z02,15,0.12084978266
01/06/2020,FEU,Z03,15,0.12084978266
01/06/2020,FEU,Z01,16,0.10499957774
01/06/2020,FEU,Z02,16,0.12367775954
01/06/2020,FEU,Z03,16,0.12367775954
01/06/2020,FEU,Z01,17,0.10556067272
01/06/2020,FEU,Z02,17,0.12418918754
01/06/2020,FEU,Z03,17,0.12418918754
01/06/2020,FEU,Z01,18,0.10925352276
01/06/2020,FEU,Z02,18,0.12791117258
01/06/2020,FEU,Z03,18,0.12791117258
01/06/2020,FEU,Z01,19,0.11133665868
01/06/2020,FEU,Z02,19,0.13006709648
01/06/2020,FEU,Z03,19,0.13006709648
01/06/2020,FEU,Z01,2,0.10738740882
01/06/2020,FEU,Z02,2,0.05785369004
01/06/2020,FEU,Z03,2,0.05452333782
01/06/2020,FEU,Z01,20,0.1111639166
01/06/2020,FEU,Z02,20,0.12983395142
01/06/2020,FEU,Z03,20,0.12983395142
01/06/2020,FEU,Z01,21,0.1101501015
01/06/2020,FEU,Z02,21,0.1288673063
01/06/2020,FEU,Z03,21,0.1288673063
01/06/2020,FEU,Z01,22,0.1106405663
01/06/2020,FEU,Z02,22,0.12941494808
01/06/2020,FEU,Z03,22,0.12941494808
01/06/2020,FEU,Z01,23,0.10887546486
01/06/2020,FEU,Z02,23,0.05993432884
01/06/2020,FEU,Z03,23,0.12767950562
01/06/2020,FEU,Z01,24,0.10787331778
01/06/2020,FEU,Z02,24,0.05891705578
01/06/2020,FEU,Z03,24,0.06266410066
01/06/2020,FEU,Z01,3,0.09925191684
01/06/2020,FEU,Z02,3,0.05011412806
01/06/2020,FEU,Z03,3,0.04703575084
01/06/2020,FEU,Z01,4,0.09729791978
01/06/2020,FEU,Z02,4,0.048248176
01/06/2020,FEU,Z03,4,0.0451956568
01/06/2020,FEU,Z01,5,0.09713146778
01/06/2020,FEU,Z02,5,0.048089776
01/06/2020,FEU,Z03,5,0.04508060278
01/06/2020,FEU,Z01,6,0.09672333684
01/06/2020,FEU,Z02,6,0.04770815806
01/06/2020,FEU,Z03,6,0.04470817084
01/06/2020,FEU,Z01,7,0.09775125422
01/06/2020,FEU,Z02,7,0.04887797236
01/06/2020,FEU,Z03,7,0.04598028206
01/06/2020,FEU,Z01,8,0.10779158368
01/06/2020,FEU,Z02,8,0.0587803867
01/06/2020,FEU,Z03,8,0.06256267756
01/06/2020,FEU,Z01,9,0.10660240056
01/06/2020,FEU,Z02,9,0.05825916536
01/06/2020,FEU,Z03,9,0.06148769146
01/07/2020,FEU,Z01,1,0.10675644728
01/07/2020,FEU,Z02,1,0.0575203964
01/07/2020,FEU,Z03,1,0.06149264014
01/07/2020,FEU,Z01,10,0.11745394856
01/07/2020,FEU,Z02,10,0.06868158538
01/07/2020,FEU,Z03,10,0.07232648048
01/07/2020,FEU,Z01,11,0.11580591462
01/07/2020,FEU,Z02,11,0.06715392842
01/07/2020,FEU,Z03,11,0.07074204652
01/07/2020,FEU,Z01,12,0.11409683662
01/07/2020,FEU,Z02,12,0.06550333042
01/07/2020,FEU,Z03,12,0.06902565852
01/07/2020,FEU,Z01,13,0.11212017676
01/07/2020,FEU,Z02,13,0.13080002958
01/07/2020,FEU,Z03,13,0.06706747766
01/07/2020,FEU,Z01,14,0.11171706872
01/07/2020,FEU,Z02,14,0.13045148052
01/07/2020,FEU,Z03,14,0.13045148052
01/07/2020,FEU,Z01,15,0.11116712064
01/07/2020,FEU,Z02,15,0.12989540444
01/07/2020,FEU,Z03,15,0.12989540444
01/07/2020,FEU,Z01,16,0.11013256454
01/07/2020,FEU,Z02,16,0.12885029334
01/07/2020,FEU,Z03,16,0.12885029334
01/07/2020,FEU,Z01,17,0.1107940015
01/07/2020,FEU,Z02,17,0.1295166863
01/07/2020,FEU,Z03,17,0.1295166863
01/07/2020,FEU,Z01,18,0.11156245154
01/07/2020,FEU,Z02,18,0.13029237034
01/07/2020,FEU,Z03,18,0.13029237034
01/07/2020,FEU,Z01,19,0.11278938856
01/07/2020,FEU,Z02,19,0.13153012436
01/07/2020,FEU,Z03,19,0.13153012436
01/07/2020,FEU,Z01,2,0.10099117914
01/07/2020,FEU,Z02,2,0.05196174628
01/07/2020,FEU,Z03,2,0.04889349502
01/07/2020,FEU,Z01,20,0.11386059656
01/07/2020,FEU,Z02,20,0.13261047236
01/07/2020,FEU,Z03,20,0.13261047236
01/07/2020,FEU,Z01,21,0.11481528746
01/07/2020,FEU,Z02,21,0.13357145826
01/07/2020,FEU,Z03,21,0.13357145826
01/07/2020,FEU,Z01,22,0.1135888463
01/07/2020,FEU,Z02,22,0.1323317511
01/07/2020,FEU,Z03,22,0.1323317511
01/07/2020,FEU,Z01,23,0.11024782386
01/07/2020,FEU,Z02,23,0.06125097484
01/07/2020,FEU,Z03,23,0.12901050164
01/07/2020,FEU,Z01,24,0.1076366758
01/07/2020,FEU,Z02,24,0.0586907368
01/07/2020,FEU,Z03,24,0.06243014368
01/07/2020,FEU,Z01,3,0.09794505602
01/07/2020,FEU,Z02,3,0.0489641262
01/07/2020,FEU,Z03,3,0.04599364294
01/07/2020,FEU,Z01,4,0.09742602696
01/07/2020,FEU,Z02,4,0.04846520014
01/07/2020,FEU,Z03,4,0.0454735969
01/07/2020,FEU,Z01,5,0.09741350696
01/07/2020,FEU,Z02,5,0.04841332016
01/07/2020,FEU,Z03,5,0.0454620469
01/07/2020,FEU,Z01,6,0.10058540708
01/07/2020,FEU,Z02,6,0.05152766824
01/07/2020,FEU,Z03,6,0.04847407198
01/07/2020,FEU,Z01,7,0.11293946342
01/07/2020,FEU,Z02,7,0.0635370515
01/07/2020,FEU,Z03,7,0.06024650218
01/07/2020,FEU,Z01,8,0.11892611478
01/07/2020,FEU,Z02,8,0.06951234178
01/07/2020,FEU,Z03,8,0.07377165966
01/07/2020,FEU,Z01,9,0.11948266448
01/07/2020,FEU,Z02,9,0.0706327773
01/07/2020,FEU,Z03,9,0.07440742238
01/08/2020,FEU,Z01,1,0.10639078304
01/08/2020,FEU,Z02,1,0.05701241922
01/08/2020,FEU,Z03,1,0.0610783449
01/08/2020,FEU,Z01,10,0.11443100958
01/08/2020,FEU,Z02,10,0.0657661774
01/08/2020,FEU,Z03,10,0.0692970265
01/08/2020,FEU,Z01,11,0.11336078066
01/08/2020,FEU,Z02,11,0.06485168944
01/08/2020,FEU,Z03,11,0.06829415656
01/08/2020,FEU,Z01,12,0.11197438466
01/08/2020,FEU,Z02,12,0.06351162544
01/08/2020,FEU,Z03,12,0.06690182056
01/08/2020,FEU,Z01,13,0.1102954568
01/08/2020,FEU,Z02,13,0.12896177562
01/08/2020,FEU,Z03,13,0.06518906072
01/08/2020,FEU,Z01,14,0.10990191876
01/08/2020,FEU,Z02,14,0.12862259656
01/08/2020,FEU,Z03,14,0.12862259656
01/08/2020,FEU,Z01,15,0.10781636366
01/08/2020,FEU,Z02,15,0.12651628446
01/08/2020,FEU,Z03,15,0.12651628446
01/08/2020,FEU,Z01,16,0.10724465656
01/08/2020,FEU,Z02,16,0.12593808236
01/08/2020,FEU,Z03,16,0.12593808236
01/08/2020,FEU,Z01,17,0.11053525052
01/08/2020,FEU,Z02,17,0.12925607232
01/08/2020,FEU,Z03,17,0.12925607232
01/08/2020,FEU,Z01,18,0.1157207765
01/08/2020,FEU,Z02,18,0.1344853913
01/08/2020,FEU,Z03,18,0.1344853913
01/08/2020,FEU,Z01,19,0.1186676765
01/08/2020,FEU,Z02,19,0.1374573713
01/08/2020,FEU,Z03,19,0.1374573713
01/08/2020,FEU,Z01,2,0.10119267098
01/08/2020,FEU,Z02,2,0.05205607216
01/08/2020,FEU,Z03,2,0.04895007692
01/08/2020,FEU,Z01,20,0.11767435844
01/08/2020,FEU,Z02,20,0.13645443224
01/08/2020,FEU,Z03,20,0.13645443224
01/08/2020,FEU,Z01,21,0.11784262734
01/08/2020,FEU,Z02,21,0.13662219614
01/08/2020,FEU,Z03,21,0.13662219614
01/08/2020,FEU,Z01,22,0.11667130922
01/08/2020,FEU,Z02,22,0.135501176
01/08/2020,FEU,Z03,22,0.135501176
01/08/2020,FEU,Z01,23,0.11285502174
01/08/2020,FEU,Z02,23,0.06363713476
01/08/2020,FEU,Z03,23,0.1316961005
01/08/2020,FEU,Z01,24,0.10873364866
01/08/2020,FEU,Z02,24,0.05968128668
01/08/2020,FEU,Z03,24,0.06350553154
01/08/2020,FEU,Z01,3,0.09982682284
01/08/2020,FEU,Z02,3,0.05066115706
01/08/2020,FEU,Z03,3,0.04760526682
01/08/2020,FEU,Z01,4,0.09786032578
01/08/2020,FEU,Z02,4,0.04874576802
01/08/2020,FEU,Z03,4,0.0457141768
01/08/2020,FEU,Z01,5,0.09636351878
01/08/2020,FEU,Z02,5,0.04732135602
01/08/2020,FEU,Z03,5,0.0443360968
01/08/2020,FEU,Z01,6,0.09964388594
01/08/2020,FEU,Z02,6,0.05053624814
01/08/2020,FEU,Z03,6,0.0474786769
01/08/2020,FEU,Z01,7,0.10325609528
01/08/2020,FEU,Z02,7,0.05422267338
01/08/2020,FEU,Z03,7,0.0511205621
01/08/2020,FEU,Z01,8,0.11215269474
01/08/2020,FEU,Z02,8,0.06301661674
01/08/2020,FEU,Z03,8,0.06695692962
01/08/2020,FEU,Z01,9,0.11375245646
01/08/2020,FEU,Z02,9,0.0650440373
01/08/2020,FEU,Z03,9,0.06864900236
01/09/2020,FEU,Z01,1,0.11122909912
01/09/2020,FEU,Z02,1,0.06172878226
01/09/2020,FEU,Z03,1,0.06595939898
01/09/2020,FEU,Z01,10,0.11315773154
01/09/2020,FEU,Z02,10,0.06453384136
01/09/2020,FEU,Z03,10,0.06806714044
01/09/2020,FEU,Z01,11,0.1107005966
01/09/2020,FEU,Z02,11,0.0622213674
01/09/2020,FEU,Z03,11,0.06555766252
01/09/2020,FEU,Z01,12,0.10908884062
01/09/2020,FEU,Z02,12,0.06066669442
01/09/2020,FEU,Z03,12,0.06399624252
01/09/2020,FEU,Z01,13,0.10416861076
01/09/2020,FEU,Z02,13,0.12278804758
01/09/2020,FEU,Z03,13,0.05908169666
01/09/2020,FEU,Z01,14,0.1049751167
01/09/2020,FEU,Z02,14,0.12359884252
01/09/2020,FEU,Z03,14,0.12359884252
01/09/2020,FEU,Z01,15,0.09928560662
01/09/2020,FEU,Z02,15,0.11786449044
01/09/2020,FEU,Z03,15,0.11786449044
01/09/2020,FEU,Z01,16,0.09859214852
01/09/2020,FEU,Z02,16,0.11721124032
01/09/2020,FEU,Z03,16,0.11721124032
01/09/2020,FEU,Z01,17,0.10180237546
01/09/2020,FEU,Z02,17,0.12044798626
01/09/2020,FEU,Z03,17,0.12044798626
01/09/2020,FEU,Z01,18,0.10801720142
01/09/2020,FEU,Z02,18,0.12671497822
01/09/2020,FEU,Z03,18,0.12671497822
01/09/2020,FEU,Z01,19,0.11412268844
01/09/2020,FEU,Z02,19,0.13287261224
01/09/2020,FEU,Z03,19,0.13287261224
01/09/2020,FEU,Z01,2,0.10123023888
01/09/2020,FEU,Z02,2,0.05204153208
01/09/2020,FEU,Z03,2,0.04889800586
01/09/2020,FEU,Z01,20,0.1153308364
01/09/2020,FEU,Z02,20,0.1340914662
01/09/2020,FEU,Z03,20,0.1340914662
01/09/2020,FEU,Z01,21,0.11592182432
01/09/2020,FEU,Z02,21,0.1347456511
01/09/2020,FEU,Z03,21,0.1347456511
01/09/2020,FEU,Z01,22,0.1148367362
01/09/2020,FEU,Z02,22,0.13364802298
01/09/2020,FEU,Z03,22,0.13364802298
01/09/2020,FEU,Z01,23,0.11191979874
01/09/2020,FEU,Z02,23,0.06279215774
01/09/2020,FEU,Z03,23,0.1307516255
01/09/2020,FEU,Z01,24,0.10232005866
01/09/2020,FEU,Z02,24,0.05353763268
01/09/2020,FEU,Z03,24,0.05706154454
01/09/2020,FEU,Z01,3,0.09768931874
01/09/2020,FEU,Z02,3,0.04857958098
01/09/2020,FEU,Z03,3,0.04551713878
01/09/2020,FEU,Z01,4,0.0963359897
01/09/2020,FEU,Z02,4,0.04725151196
01/09/2020,FEU,Z03,4,0.04427169174
01/09/2020,FEU,Z01,5,0.09601276672
01/09/2020,FEU,Z02,5,0.04698346596
01/09/2020,FEU,Z03,5,0.04397409876
01/09/2020,FEU,Z01,6,0.09633702986
01/09/2020,FEU,Z02,6,0.04734244808
01/09/2020,FEU,Z03,6,0.04439087884
01/09/2020,FEU,Z01,7,0.09996833528
01/09/2020,FEU,Z02,7,0.05108121338
01/09/2020,FEU,Z03,7,0.0480748621
01/09/2020,FEU,Z01,8,0.11227876966
01/09/2020,FEU,Z02,8,0.06307901068
01/09/2020,FEU,Z03,8,0.06706813054
01/09/2020,FEU,Z01,9,0.11085727244
01/09/2020,FEU,Z02,9,0.06225144128
01/09/2020,FEU,Z03,9,0.06573768134
01/10/2020,FEU,Z01,1,0.09654494516
01/10/2020,FEU,Z02,1,0.0477213463
01/10/2020,FEU,Z03,1,0.05120028702
01/10/2020,FEU,Z01,10,0.11053082942
01/10/2020,FEU,Z02,10,0.06193476526
01/10/2020,FEU,Z03,10,0.06540601632
01/10/2020,FEU,Z01,11,0.1083605765
01/10/2020,FEU,Z02,11,0.05990042332
01/10/2020,FEU,Z03,11,0.0632418764
01/10/2020,FEU,Z01,12,0.10455137252
01/10/2020,FEU,Z02,12,0.05622622034
01/10/2020,FEU,Z03,12,0.05942027942
01/10/2020,FEU,Z01,13,0.1011783817
01/10/2020,FEU,Z02,13,0.1198219765
01/10/2020,FEU,Z03,13,0.0560671766
01/10/2020,FEU,Z01,14,0.09704019272
01/10/2020,FEU,Z02,14,0.11564851452
01/10/2020,FEU,Z03,14,0.11564851452
01/10/2020,FEU,Z01,15,0.09533721664
01/10/2020,FEU,Z02,15,0.11392997044
01/10/2020,FEU,Z03,15,0.11392997044
01/10/2020,FEU,Z01,16,0.0955561166
01/10/2020,FEU,Z02,16,0.1141502764
01/10/2020,FEU,Z03,16,0.1141502764
01/10/2020,FEU,Z01,17,0.10042713256
01/10/2020,FEU,Z02,17,0.11906238836
01/10/2020,FEU,Z03,17,0.11906238836
01/10/2020,FEU,Z01,18,0.10859013446
01/10/2020,FEU,Z02,18,0.12729341526
01/10/2020,FEU,Z03,18,0.12729341526
01/10/2020,FEU,Z01,19,0.11205056042
01/10/2020,FEU,Z02,19,0.13078373622
01/10/2020,FEU,Z03,19,0.13078373622
01/10/2020,FEU,Z01,2,0.09549419096
01/10/2020,FEU,Z02,2,0.04658598416
01/10/2020,FEU,Z03,2,0.0436914319
01/10/2020,FEU,Z01,20,0.11223799338
01/10/2020,FEU,Z02,20,0.13097206718
01/10/2020,FEU,Z03,20,0.13097206718
01/10/2020,FEU,Z01,21,0.11330227334
01/10/2020,FEU,Z02,21,0.13210335812
01/10/2020,FEU,Z03,21,0.13210335812
01/10/2020,FEU,Z01,22,0.11273781114
01/10/2020,FEU,Z02,22,0.13152852792
01/10/2020,FEU,Z03,22,0.13152852792
01/10/2020,FEU,Z01,23,0.11065526368
01/10/2020,FEU,Z02,23,0.0615251267
01/10/2020,FEU,Z03,23,0.12947338344
01/10/2020,FEU,Z01,24,0.1033433756
01/10/2020,FEU,Z02,24,0.05446779264
01/10/2020,FEU,Z03,24,0.05807717348
01/10/2020,FEU,Z01,3,0.09336422486
01/10/2020,FEU,Z02,3,0.04451271208
01/10/2020,FEU,Z03,3,0.04165105084
01/10/2020,FEU,Z01,4,0.09013155482
01/10/2020,FEU,Z02,4,0.04143390204
01/10/2020,FEU,Z03,4,0.03863924282
01/10/2020,FEU,Z01,5,0.08963299082
01/10/2020,FEU,Z02,5,0.04095949404
01/10/2020,FEU,Z03,5,0.03818027882
01/10/2020,FEU,Z01,6,0.09182082296
01/10/2020,FEU,Z02,6,0.04312294614
01/10/2020,FEU,Z03,6,0.0403026619
01/10/2020,FEU,Z01,7,0.09469131332
01/10/2020,FEU,Z02,7,0.04604312242
01/10/2020,FEU,Z03,7,0.04322541712
01/10/2020,FEU,Z01,8,0.1072083356
01/10/2020,FEU,Z02,8,0.05816801664
01/10/2020,FEU,Z03,8,0.06196114148
01/10/2020,FEU,Z01,9,0.1094733413
01/10/2020,FEU,Z02,9,0.06085210916
01/10/2020,FEU,Z03,9,0.06437268818
01/11/2020,FEU,Z01,1,0.10704853916
01/11/2020,FEU,Z02,1,0.0577428913
01/11/2020,FEU,Z03,1,0.06171593504
01/11/2020,FEU,Z01,10,0.10233308392
01/11/2020,FEU,Z02,10,0.05370784088
01/11/2020,FEU,Z03,10,0.0571232758
01/11/2020,FEU,Z01,11,0.10442654204
01/11/2020,FEU,Z02,11,0.05577561098
01/11/2020,FEU,Z03,11,0.05920343594
01/11/2020,FEU,Z01,12,0.1011336361
01/11/2020,FEU,Z02,12,0.05266182202
01/11/2020,FEU,Z03,12,0.05595236698
01/11/2020,FEU,Z01,13,0.09917769632
01/11/2020,FEU,Z02,13,0.1178459611
01/11/2020,FEU,Z03,13,0.0540287462
01/11/2020,FEU,Z01,14,0.0996449513
01/11/2020,FEU,Z02,14,0.1182701861
01/11/2020,FEU,Z03,14,0.1182701861
01/11/2020,FEU,Z01,15,0.09972449222
01/11/2020,FEU,Z02,15,0.11834938902
01/11/2020,FEU,Z03,15,0.11834938902
01/11/2020,FEU,Z01,16,0.09755877212
01/11/2020,FEU,Z02,16,0.1162092609
01/11/2020,FEU,Z03,16,0.1162092609
01/11/2020,FEU,Z01,17,0.10024615208
01/11/2020,FEU,Z02,17,0.11892081886
01/11/2020,FEU,Z03,17,0.11892081886
01/11/2020,FEU,Z01,18,0.10591862314
01/11/2020,FEU,Z02,18,0.1246984859
01/11/2020,FEU,Z03,18,0.1246984859
01/11/2020,FEU,Z01,19,0.11632296816
01/11/2020,FEU,Z02,19,0.13514715794
01/11/2020,FEU,Z03,19,0.13514715794
01/11/2020,FEU,Z01,2,0.10080223904
01/11/2020,FEU,Z02,2,0.05168926622
01/11/2020,FEU,Z03,2,0.04863292096
01/11/2020,FEU,Z01,20,0.11911595318
01/11/2020,FEU,Z02,20,0.13796635596
01/11/2020,FEU,Z03,20,0.13796635596
01/11/2020,FEU,Z01,21,0.12042626008
01/11/2020,FEU,Z02,21,0.13928652986
01/11/2020,FEU,Z03,21,0.13928652986
01/11/2020,FEU,Z01,22,0.12041234792
01/11/2020,FEU,Z02,22,0.1392689657
01/11/2020,FEU,Z03,22,0.1392689657
01/11/2020,FEU,Z01,23,0.11835935548
01/11/2020,FEU,Z02,23,0.06877920754
01/11/2020,FEU,Z03,23,0.13731096122
01/11/2020,FEU,Z01,24,0.11519715136
01/11/2020,FEU,Z02,24,0.06563644446
01/11/2020,FEU,Z03,24,0.06999684422
01/11/2020,FEU,Z01,3,0.09793433896
01/11/2020,FEU,Z02,3,0.04894955814
01/11/2020,FEU,Z03,3,0.0459425269
01/11/2020,FEU,Z01,4,0.09746429884
01/11/2020,FEU,Z02,4,0.04841319106
01/11/2020,FEU,Z03,4,0.04538907484
01/11/2020,FEU,Z01,5,0.0975366548
01/11/2020,FEU,Z02,5,0.04847839102
01/11/2020,FEU,Z03,5,0.0454543368
01/11/2020,FEU,Z01,6,0.09750329684
01/11/2020,FEU,Z02,6,0.04844910106
01/11/2020,FEU,Z03,6,0.04542497284
01/11/2020,FEU,Z01,7,0.09756499896
01/11/2020,FEU,Z02,7,0.04859762314
01/11/2020,FEU,Z03,7,0.0456029569
01/11/2020,FEU,Z01,8,0.09855614214
01/11/2020,FEU,Z02,8,0.04963837228
01/11/2020,FEU,Z03,8,0.053218975
01/11/2020,FEU,Z01,9,0.0977469857
01/11/2020,FEU,Z02,9,0.0492005917
01/11/2020,FEU,Z03,9,0.05251294956
01/12/2020,FEU,Z01,1,0.10938638296
01/12/2020,FEU,Z02,1,0.05986192914
01/12/2020,FEU,Z03,1,0.0641237948
01/12/2020,FEU,Z01,10,0.10053446754
01/12/2020,FEU,Z02,10,0.0517305466
01/12/2020,FEU,Z03,10,0.05524297842
01/12/2020,FEU,Z01,11,0.10149255878
01/12/2020,FEU,Z02,11,0.05279974678
01/12/2020,FEU,Z03,11,0.05625172766
01/12/2020,FEU,Z01,12,0.10009871184
01/12/2020,FEU,Z02,12,0.05151188282
01/12/2020,FEU,Z03,12,0.05486245572
01/12/2020,FEU,Z01,13,0.09951510806
01/12/2020,FEU,Z02,13,0.11818276784
01/12/2020,FEU,Z03,13,0.05427529396
01/12/2020,FEU,Z01,14,0.0999326611
01/12/2020,FEU,Z02,14,0.11865165786
01/12/2020,FEU,Z03,14,0.11865165786
01/12/2020,FEU,Z01,15,0.10105923806
01/12/2020,FEU,Z02,15,0.11978887682
01/12/2020,FEU,Z03,15,0.11978887682
01/12/2020,FEU,Z01,16,0.09939443588
01/12/2020,FEU,Z02,16,0.11805847666
01/12/2020,FEU,Z03,16,0.11805847666
01/12/2020,FEU,Z01,17,0.09909365584
01/12/2020,FEU,Z02,17,0.1178001356
01/12/2020,FEU,Z03,17,0.1178001356
01/12/2020,FEU,Z01,18,0.10026822392
01/12/2020,FEU,Z02,18,0.11898765568
01/12/2020,FEU,Z03,18,0.11898765568
01/12/2020,FEU,Z01,19,0.11297689412
01/12/2020,FEU,Z02,19,0.1317694259
01/12/2020,FEU,Z03,19,0.1317694259
01/12/2020,FEU,Z01,2,0.10692439378
01/12/2020,FEU,Z02,2,0.05736418002
01/12/2020,FEU,Z03,2,0.0540510968
01/12/2020,FEU,Z01,20,0.11679530612
01/12/2020,FEU,Z02,20,0.1356230159
01/12/2020,FEU,Z03,20,0.1356230159
01/12/2020,FEU,Z01,21,0.11968814906
01/12/2020,FEU,Z02,21,0.13854119184
01/12/2020,FEU,Z03,21,0.13854119184
01/12/2020,FEU,Z01,22,0.12037192204
01/12/2020,FEU,Z02,22,0.13923080582
01/12/2020,FEU,Z03,22,0.13923080582
01/12/2020,FEU,Z01,23,0.11909909062
01/12/2020,FEU,Z02,23,0.06955321066
01/12/2020,FEU,Z03,23,0.13806087136
01/12/2020,FEU,Z01,24,0.11586328958
01/12/2020,FEU,Z02,24,0.06645152662
01/12/2020,FEU,Z03,24,0.07071001144
01/12/2020,FEU,Z01,3,0.10707403072
01/12/2020,FEU,Z02,3,0.05750216796
01/12/2020,FEU,Z03,3,0.05414276076
01/12/2020,FEU,Z01,4,0.10393519562
01/12/2020,FEU,Z02,4,0.0544228059
01/12/2020,FEU,Z03,4,0.0511697067
01/12/2020,FEU,Z01,5,0.1026679546
01/12/2020,FEU,Z02,5,0.05325900586
01/12/2020,FEU,Z03,5,0.05000605868
01/12/2020,FEU,Z01,6,0.10200881064
01/12/2020,FEU,Z02,6,0.0526369959
01/12/2020,FEU,Z03,6,0.0494431767
01/12/2020,FEU,Z01,7,0.10220068778
01/12/2020,FEU,Z02,7,0.052914976
01/12/2020,FEU,Z03,7,0.0497057368
01/12/2020,FEU,Z01,8,0.10271265378
01/12/2020,FEU,Z02,8,0.05335952002
01/12/2020,FEU,Z03,8,0.05732943064
01/12/2020,FEU,Z01,9,0.10146142328
01/12/2020,FEU,Z02,9,0.05250786138
01/12/2020,FEU,Z03,9,0.05616762814
01/13/2020,FEU,Z01,1,0.11715523892
01/13/2020,FEU,Z02,1,0.06720678412
01/13/2020,FEU,Z03,1,0.07187963378
01/13/2020,FEU,Z01,10,0.11357205074
01/13/2020,FEU,Z02,10,0.0651193525
01/13/2020,FEU,Z03,10,0.06852174464
01/13/2020,FEU,Z01,11,0.11123854582
01/13/2020,FEU,Z02,11,0.06292415356
01/13/2020,FEU,Z03,11,0.06619359272
01/13/2020,FEU,Z01,12,0.1103186568
01/13/2020,FEU,Z02,12,0.06197830756
01/13/2020,FEU,Z03,12,0.06521234072
01/13/2020,FEU,Z01,13,0.10725334496
01/13/2020,FEU,Z02,13,0.12589832378
01/13/2020,FEU,Z03,13,0.06216674888
01/13/2020,FEU,Z01,14,0.10689458892
01/13/2020,FEU,Z02,14,0.12553619974
01/13/2020,FEU,Z03,14,0.12553619974
01/13/2020,FEU,Z01,15,0.10487871884
01/13/2020,FEU,Z02,15,0.12350354066
01/13/2020,FEU,Z03,15,0.12350354066
01/13/2020,FEU,Z01,16,0.10278057374
01/13/2020,FEU,Z02,16,0.12143850254
01/13/2020,FEU,Z03,16,0.12143850254
01/13/2020,FEU,Z01,17,0.10359933272
01/13/2020,FEU,Z02,17,0.12221268254
01/13/2020,FEU,Z03,17,0.12221268254
01/13/2020,FEU,Z01,18,0.10700040476
01/13/2020,FEU,Z02,18,0.12564060358
01/13/2020,FEU,Z03,18,0.12564060358
01/13/2020,FEU,Z01,19,0.11023595468
01/13/2020,FEU,Z02,19,0.12895695248
01/13/2020,FEU,Z03,19,0.12895695248
01/13/2020,FEU,Z01,2,0.11570813982
01/13/2020,FEU,Z02,2,0.06577127204
01/13/2020,FEU,Z03,2,0.06218316882
01/13/2020,FEU,Z01,20,0.1114610966
01/13/2020,FEU,Z02,20,0.13013341742
01/13/2020,FEU,Z03,20,0.13013341742
01/13/2020,FEU,Z01,21,0.1117610265
01/13/2020,FEU,Z02,21,0.1304919413
01/13/2020,FEU,Z03,21,0.1304919413
01/13/2020,FEU,Z01,22,0.1089566813
01/13/2020,FEU,Z02,22,0.12771543208
01/13/2020,FEU,Z03,22,0.12771543208
01/13/2020,FEU,Z01,23,0.10021161886
01/13/2020,FEU,Z02,23,0.05162220484
01/13/2020,FEU,Z03,23,0.11892952362
01/13/2020,FEU,Z01,24,0.09462013378
01/13/2020,FEU,Z02,24,0.04620991078
01/13/2020,FEU,Z03,24,0.04934525266
01/13/2020,FEU,Z01,3,0.11187091484
01/13/2020,FEU,Z02,3,0.06212123506
01/13/2020,FEU,Z03,3,0.05865049084
01/13/2020,FEU,Z01,4,0.10711606578
01/13/2020,FEU,Z02,4,0.057592576
01/13/2020,FEU,Z03,4,0.0542285768
01/13/2020,FEU,Z01,5,0.10371136578
01/13/2020,FEU,Z02,5,0.054352576
01/13/2020,FEU,Z03,5,0.05113870078
01/13/2020,FEU,Z01,6,0.10632816684
01/13/2020,FEU,Z02,6,0.05684725306
01/13/2020,FEU,Z03,6,0.05354834284
01/13/2020,FEU,Z01,7,0.11226737822
01/13/2020,FEU,Z02,7,0.06272628436
01/13/2020,FEU,Z03,7,0.05941738706
01/13/2020,FEU,Z01,8,0.11475318368
01/13/2020,FEU,Z02,8,0.0654511767
01/13/2020,FEU,Z03,8,0.06955862756
01/13/2020,FEU,Z01,9,0.11502673656
01/13/2020,FEU,Z02,9,0.06639484936
01/13/2020,FEU,Z03,9,0.06994796746
01/14/2020,FEU,Z01,1,0.09329269928
01/14/2020,FEU,Z02,1,0.0446666564
01/14/2020,FEU,Z03,1,0.04795264114
01/14/2020,FEU,Z01,10,0.10814944056
01/14/2020,FEU,Z02,10,0.05970144538
01/14/2020,FEU,Z03,10,0.06299021648
01/14/2020,FEU,Z01,11,0.10791399562
01/14/2020,FEU,Z02,11,0.05953204942
01/14/2020,FEU,Z03,11,0.06281637252
01/14/2020,FEU,Z01,12,0.10584837262
01/14/2020,FEU,Z02,12,0.05753710642
01/14/2020,FEU,Z03,12,0.06074191452
01/14/2020,FEU,Z01,13,0.10287181876
01/14/2020,FEU,Z02,13,0.12148004058
01/14/2020,FEU,Z03,13,0.05777932466
01/14/2020,FEU,Z01,14,0.10102223672
01/14/2020,FEU,Z02,14,0.11966594252
01/14/2020,FEU,Z03,14,0.11966594252
01/14/2020,FEU,Z01,15,0.09757860864
01/14/2020,FEU,Z02,15,0.11619055244
01/14/2020,FEU,Z03,15,0.11619055244
01/14/2020,FEU,Z01,16,0.09548531354
01/14/2020,FEU,Z02,16,0.11407817234
01/14/2020,FEU,Z03,16,0.11407817234
01/14/2020,FEU,Z01,17,0.0978995515
01/14/2020,FEU,Z02,17,0.1165124963
01/14/2020,FEU,Z03,17,0.1165124963
01/14/2020,FEU,Z01,18,0.10149928454
01/14/2020,FEU,Z02,18,0.12014341334
01/14/2020,FEU,Z03,18,0.12014341334
01/14/2020,FEU,Z01,19,0.10806622856
01/14/2020,FEU,Z02,19,0.12676666436
01/14/2020,FEU,Z03,19,0.12676666436
01/14/2020,FEU,Z01,2,0.09155308014
01/14/2020,FEU,Z02,2,0.04295526228
01/14/2020,FEU,Z03,2,0.04016798902
01/14/2020,FEU,Z01,20,0.10936246056
01/14/2020,FEU,Z02,20,0.12807395636
01/14/2020,FEU,Z03,20,0.12807395636
01/14/2020,FEU,Z01,21,0.10978478946
01/14/2020,FEU,Z02,21,0.12849822026
01/14/2020,FEU,Z03,21,0.12849822026
01/14/2020,FEU,Z01,22,0.1083191513
01/14/2020,FEU,Z02,22,0.1270175861
01/14/2020,FEU,Z03,22,0.1270175861
01/14/2020,FEU,Z01,23,0.10285856986
01/14/2020,FEU,Z02,23,0.05416169884
01/14/2020,FEU,Z03,23,0.12155390564
01/14/2020,FEU,Z01,24,0.0925516058
01/14/2020,FEU,Z02,24,0.0442290168
01/14/2020,FEU,Z03,24,0.04727027168
01/14/2020,FEU,Z01,3,0.09058969502
01/14/2020,FEU,Z02,3,0.0419574062
01/14/2020,FEU,Z03,3,0.03920477894
01/14/2020,FEU,Z01,4,0.09075286696
01/14/2020,FEU,Z02,4,0.04210651014
01/14/2020,FEU,Z03,4,0.0393174469
01/14/2020,FEU,Z01,5,0.09107087496
01/14/2020,FEU,Z02,5,0.04237464816
01/14/2020,FEU,Z03,5,0.0396108169
01/14/2020,FEU,Z01,6,0.09231196708
01/14/2020,FEU,Z02,6,0.04363934824
01/14/2020,FEU,Z03,6,0.04083258298
01/14/2020,FEU,Z01,7,0.09267694042
01/14/2020,FEU,Z02,7,0.0441648265
01/14/2020,FEU,Z03,7,0.04143483518
01/14/2020,FEU,Z01,8,0.10203266478
01/14/2020,FEU,Z02,8,0.05331755278
01/14/2020,FEU,Z03,8,0.05679572666
01/14/2020,FEU,Z01,9,0.10718640848
01/14/2020,FEU,Z02,9,0.0587640823
01/14/2020,FEU,Z03,9,0.06205888638
01/15/2020,FEU,Z01,1,0.09227590304
01/15/2020,FEU,Z02,1,0.04356601822
01/15/2020,FEU,Z03,1,0.0468842949
01/15/2020,FEU,Z01,10,0.10468243458
01/15/2020,FEU,Z02,10,0.0563589274
01/15/2020,FEU,Z03,10,0.0595151515
01/15/2020,FEU,Z01,11,0.10562473766
01/15/2020,FEU,Z02,11,0.05737304944
01/15/2020,FEU,Z03,11,0.06052496856
01/15/2020,FEU,Z01,12,0.10524546266
01/15/2020,FEU,Z02,12,0.05700757744
01/15/2020,FEU,Z03,12,0.06014406856
01/15/2020,FEU,Z01,13,0.1040650968
01/15/2020,FEU,Z02,13,0.12268424562
01/15/2020,FEU,Z03,13,0.05893721672
01/15/2020,FEU,Z01,14,0.10321344676
01/15/2020,FEU,Z02,14,0.12187539256
01/15/2020,FEU,Z03,14,0.12187539256
01/15/2020,FEU,Z01,15,0.10029271466
01/15/2020,FEU,Z02,15,0.11892816546
01/15/2020,FEU,Z03,15,0.11892816546
01/15/2020,FEU,Z01,16,0.10178313656
01/15/2020,FEU,Z02,16,0.12042996236
01/15/2020,FEU,Z03,16,0.12042996236
01/15/2020,FEU,Z01,17,0.10324118852
01/15/2020,FEU,Z02,17,0.12189988032
01/15/2020,FEU,Z03,17,0.12189988032
01/15/2020,FEU,Z01,18,0.1061774265
01/15/2020,FEU,Z02,18,0.1248620063
01/15/2020,FEU,Z03,18,0.1248620063
01/15/2020,FEU,Z01,19,0.1114860765
01/15/2020,FEU,Z02,19,0.1302146513
01/15/2020,FEU,Z03,19,0.1302146513
01/15/2020,FEU,Z01,2,0.09048661298
01/15/2020,FEU,Z02,2,0.04185493616
01/15/2020,FEU,Z03,2,0.03907299092
01/15/2020,FEU,Z01,20,0.11669308444
01/15/2020,FEU,Z02,20,0.13546482824
01/15/2020,FEU,Z03,20,0.13546482824
01/15/2020,FEU,Z01,21,0.11626923734
01/15/2020,FEU,Z02,21,0.13503550614
01/15/2020,FEU,Z03,21,0.13503550614
01/15/2020,FEU,Z01,22,0.11157763322
01/15/2020,FEU,Z02,22,0.130359176
01/15/2020,FEU,Z03,22,0.130359176
01/15/2020,FEU,Z01,23,0.10805275474
01/15/2020,FEU,Z02,23,0.05903561476
01/15/2020,FEU,Z03,23,0.1268463255
01/15/2020,FEU,Z01,24,0.10006008966
01/15/2020,FEU,Z02,24,0.05137120468
01/15/2020,FEU,Z03,24,0.05478921054
01/15/2020,FEU,Z01,3,0.07934155084
01/15/2020,FEU,Z02,3,0.03116920906
01/15/2020,FEU,Z03,3,0.02873095182
01/15/2020,FEU,Z01,4,0.07613581778
01/15/2020,FEU,Z02,4,0.02808939602
01/15/2020,FEU,Z03,4,0.0257285368
01/15/2020,FEU,Z01,5,0.07517619678
01/15/2020,FEU,Z02,5,0.02717575802
01/15/2020,FEU,Z03,5,0.0248457768
01/15/2020,FEU,Z01,6,0.08543486594
01/15/2020,FEU,Z02,6,0.03700643514
01/15/2020,FEU,Z03,6,0.0343809769
01/15/2020,FEU,Z01,7,0.09267717128
01/15/2020,FEU,Z02,7,0.04411449438
01/15/2020,FEU,Z03,7,0.0413216521
01/15/2020,FEU,Z01,8,0.10082327474
01/15/2020,FEU,Z02,8,0.05215419674
01/15/2020,FEU,Z03,8,0.05557146962
01/15/2020,FEU,Z01,9,0.10458715746
01/15/2020,FEU,Z02,9,0.0562069273
01/15/2020,FEU,Z03,9,0.05944476836
01/16/2020,FEU,Z01,1,0.09558206712
01/16/2020,FEU,Z02,1,0.04679750926
01/16/2020,FEU,Z03,1,0.05022432098
01/16/2020,FEU,Z01,10,0.10820415254
01/16/2020,FEU,Z02,10,0.05975227336
01/16/2020,FEU,Z03,10,0.06309244644
01/16/2020,FEU,Z01,11,0.1041076466
01/16/2020,FEU,Z02,11,0.0558538174
01/16/2020,FEU,Z03,11,0.05894217252
01/16/2020,FEU,Z01,12,0.10226421862
01/16/2020,FEU,Z02,12,0.05407559242
01/16/2020,FEU,Z03,12,0.05714243052
01/16/2020,FEU,Z01,13,0.09969839676
01/16/2020,FEU,Z02,13,0.11828203958
01/16/2020,FEU,Z03,13,0.05459224766
01/16/2020,FEU,Z01,14,0.0995229167
01/16/2020,FEU,Z02,14,0.11810452252
01/16/2020,FEU,Z03,14,0.11810452252
01/16/2020,FEU,Z01,15,0.09583238062
01/16/2020,FEU,Z02,15,0.11438467844
01/16/2020,FEU,Z03,15,0.11438467844
01/16/2020,FEU,Z01,16,0.09127460652
01/16/2020,FEU,Z02,16,0.10983136832
01/16/2020,FEU,Z03,16,0.10983136832
01/16/2020,FEU,Z01,17,0.09171783946
01/16/2020,FEU,Z02,17,0.11027777026
01/16/2020,FEU,Z03,17,0.11027777026
01/16/2020,FEU,Z01,18,0.10101512042
01/16/2020,FEU,Z02,18,0.11965350722
01/16/2020,FEU,Z03,18,0.11965350722
01/16/2020,FEU,Z01,19,0.10462683044
01/16/2020,FEU,Z02,19,0.12329614424
01/16/2020,FEU,Z03,19,0.12329614424
01/16/2020,FEU,Z01,2,0.09331241488
01/16/2020,FEU,Z02,2,0.04450075208
01/16/2020,FEU,Z03,2,0.04160427786
01/16/2020,FEU,Z01,20,0.1051604164
01/16/2020,FEU,Z02,20,0.1238336662
01/16/2020,FEU,Z03,20,0.1238336662
01/16/2020,FEU,Z01,21,0.10619763232
01/16/2020,FEU,Z02,21,0.1249311161
01/16/2020,FEU,Z03,21,0.1249311161
01/16/2020,FEU,Z01,22,0.1054857162
01/16/2020,FEU,Z02,22,0.12421056498
01/16/2020,FEU,Z03,22,0.12421056498
01/16/2020,FEU,Z01,23,0.10249842774
01/16/2020,FEU,Z02,23,0.05376029974
01/16/2020,FEU,Z03,23,0.1212370505
01/16/2020,FEU,Z01,24,0.09377063366
01/16/2020,FEU,Z02,24,0.04534648268
01/16/2020,FEU,Z03,24,0.04846874654
01/16/2020,FEU,Z01,3,0.09277877474
01/16/2020,FEU,Z02,3,0.04391009298
01/16/2020,FEU,Z03,3,0.04100200978
01/16/2020,FEU,Z01,4,0.0917895797
01/16/2020,FEU,Z02,4,0.04293152396
01/16/2020,FEU,Z03,4,0.04009186974
01/16/2020,FEU,Z01,5,0.09154705472
01/16/2020,FEU,Z02,5,0.04273679996
01/16/2020,FEU,Z03,5,0.03986875276
01/16/2020,FEU,Z01,6,0.09307008686
01/16/2020,FEU,Z02,6,0.04423404408
01/16/2020,FEU,Z03,6,0.04138123684
01/16/2020,FEU,Z01,7,0.10128591128
01/16/2020,FEU,Z02,7,0.05234015938
01/16/2020,FEU,Z03,7,0.0492954321
01/16/2020,FEU,Z01,8,0.10863385466
01/16/2020,FEU,Z02,8,0.05958684068
01/16/2020,FEU,Z03,8,0.06340524554
01/16/2020,FEU,Z01,9,0.11481535244
01/16/2020,FEU,Z02,9,0.06606840128
01/16/2020,FEU,Z03,9,0.06971256134
01/17/2020,FEU,Z01,1,0.09233332316
01/17/2020,FEU,Z02,1,0.0437030113
01/17/2020,FEU,Z03,1,0.04696492802
01/17/2020,FEU,Z01,10,0.10441417742
01/17/2020,FEU,Z02,10,0.05603600926
01/17/2020,FEU,Z03,10,0.05926342432
01/17/2020,FEU,Z01,11,0.1048297015
01/17/2020,FEU,Z02,11,0.05649275332
01/17/2020,FEU,Z03,11,0.0596959764
01/17/2020,FEU,Z01,12,0.10332454252
01/17/2020,FEU,Z02,12,0.05504110234
01/17/2020,FEU,Z03,12,0.05818822442
01/17/2020,FEU,Z01,13,0.1013438117
01/17/2020,FEU,Z02,13,0.1199888265
01/17/2020,FEU,Z03,13,0.0562333166
01/17/2020,FEU,Z01,14,0.09972321272
01/17/2020,FEU,Z02,14,0.11835458452
01/17/2020,FEU,Z03,14,0.11835458452
01/17/2020,FEU,Z01,15,0.09888209664
01/17/2020,FEU,Z02,15,0.11750637844
01/17/2020,FEU,Z03,15,0.11750637844
01/17/2020,FEU,Z01,16,0.0991433366
01/17/2020,FEU,Z02,16,0.1177681564
01/17/2020,FEU,Z03,16,0.1177681564
01/17/2020,FEU,Z01,17,0.10177141656
01/17/2020,FEU,Z02,17,0.12041814236
01/17/2020,FEU,Z03,17,0.12041814236
01/17/2020,FEU,Z01,18,0.10500499246
01/17/2020,FEU,Z02,18,0.12367781326
01/17/2020,FEU,Z03,18,0.12367781326
01/17/2020,FEU,Z01,19,0.10905825842
01/17/2020,FEU,Z02,19,0.12776605422
01/17/2020,FEU,Z03,19,0.12776605422
01/17/2020,FEU,Z01,2,0.09108339496
01/17/2020,FEU,Z02,2,0.04238776016
01/17/2020,FEU,Z03,2,0.0396223669
01/17/2020,FEU,Z01,20,0.11280251138
01/17/2020,FEU,Z02,20,0.13154017418
01/17/2020,FEU,Z03,20,0.13154017418
01/17/2020,FEU,Z01,21,0.11524830834
01/17/2020,FEU,Z02,21,0.13406629412
01/17/2020,FEU,Z03,21,0.13406629412
01/17/2020,FEU,Z01,22,0.11415509514
01/17/2020,FEU,Z02,22,0.13295887992
01/17/2020,FEU,Z03,22,0.13295887992
01/17/2020,FEU,Z01,23,0.11043273568
01/17/2020,FEU,Z02,23,0.0613119317
01/17/2020,FEU,Z03,23,0.12924865944
01/17/2020,FEU,Z01,24,0.1072949556
01/17/2020,FEU,Z02,24,0.05825094464
01/17/2020,FEU,Z03,24,0.06204818748
01/17/2020,FEU,Z01,3,0.08782588286
01/17/2020,FEU,Z02,3,0.03924313608
01/17/2020,FEU,Z03,3,0.03654890284
01/17/2020,FEU,Z01,4,0.08657865682
01/17/2020,FEU,Z02,4,0.03805314604
01/17/2020,FEU,Z03,4,0.03536738582
01/17/2020,FEU,Z01,5,0.08692362282
01/17/2020,FEU,Z02,5,0.03838139804
01/17/2020,FEU,Z03,5,0.03568495182
01/17/2020,FEU,Z01,6,0.08903637496
01/17/2020,FEU,Z02,6,0.04047090714
01/17/2020,FEU,Z03,6,0.0377350969
01/17/2020,FEU,Z01,7,0.09273665732
01/17/2020,FEU,Z02,7,0.04417558642
01/17/2020,FEU,Z03,7,0.04141332112
01/17/2020,FEU,Z01,8,0.1030957156
01/17/2020,FEU,Z02,8,0.05423068864
01/17/2020,FEU,Z03,8,0.05782829548
01/17/2020,FEU,Z01,9,0.1052026013
01/17/2020,FEU,Z02,9,0.05673634116
01/17/2020,FEU,Z03,9,0.06008032418
01/18/2020,FEU,Z01,1,0.10895252516
01/18/2020,FEU,Z02,1,0.0595594963
01/18/2020,FEU,Z03,1,0.06362911904
01/18/2020,FEU,Z01,10,0.10051263592
01/18/2020,FEU,Z02,10,0.05195881288
01/18/2020,FEU,Z03,10,0.0552937558
01/18/2020,FEU,Z01,11,0.10135007804
01/18/2020,FEU,Z02,11,0.05281869198
01/18/2020,FEU,Z03,11,0.05611413194
01/18/2020,FEU,Z01,12,0.1002959411
01/18/2020,FEU,Z02,12,0.05185637302
01/18/2020,FEU,Z03,12,0.05511046598
01/18/2020,FEU,Z01,13,0.10041497632
01/18/2020,FEU,Z02,13,0.1190959311
01/18/2020,FEU,Z03,13,0.0552722962
01/18/2020,FEU,Z01,14,0.0984303263
01/18/2020,FEU,Z02,14,0.1170453111
01/18/2020,FEU,Z03,14,0.1170453111
01/18/2020,FEU,Z01,15,0.09601837922
01/18/2020,FEU,Z02,15,0.11461210602
01/18/2020,FEU,Z03,15,0.11461210602
01/18/2020,FEU,Z01,16,0.09629790812
01/18/2020,FEU,Z02,16,0.1149367809
01/18/2020,FEU,Z03,16,0.1149367809
01/18/2020,FEU,Z01,17,0.09844976008
01/18/2020,FEU,Z02,17,0.11710790486
01/18/2020,FEU,Z03,17,0.11710790486
01/18/2020,FEU,Z01,18,0.10255197714
01/18/2020,FEU,Z02,18,0.1212979759
01/18/2020,FEU,Z03,18,0.1212979759
01/18/2020,FEU,Z01,19,0.10458415216
01/18/2020,FEU,Z02,19,0.12330001394
01/18/2020,FEU,Z03,19,0.12330001394
01/18/2020,FEU,Z01,2,0.10599766304
01/18/2020,FEU,Z02,2,0.05663907322
01/18/2020,FEU,Z03,2,0.05342754496
01/18/2020,FEU,Z01,20,0.10315536218
01/18/2020,FEU,Z02,20,0.12185835396
01/18/2020,FEU,Z03,20,0.12185835396
01/18/2020,FEU,Z01,21,0.10080468408
01/18/2020,FEU,Z02,21,0.11948448786
01/18/2020,FEU,Z03,21,0.11948448786
01/18/2020,FEU,Z01,22,0.10054875592
01/18/2020,FEU,Z02,22,0.1192238957
01/18/2020,FEU,Z03,22,0.1192238957
01/18/2020,FEU,Z01,23,0.10033715548
01/18/2020,FEU,Z02,23,0.05153610754
01/18/2020,FEU,Z03,23,0.11909642222
01/18/2020,FEU,Z01,24,0.09844934336
01/18/2020,FEU,Z02,24,0.04963630646
01/18/2020,FEU,Z03,24,0.05315387822
01/18/2020,FEU,Z01,3,0.10120080696
01/18/2020,FEU,Z02,3,0.05206209514
01/18/2020,FEU,Z03,3,0.0489559219
01/18/2020,FEU,Z01,4,0.10040172884
01/18/2020,FEU,Z02,4,0.05120818606
01/18/2020,FEU,Z03,4,0.04809300484
01/18/2020,FEU,Z01,5,0.0952472348
01/18/2020,FEU,Z02,5,0.04629980802
01/18/2020,FEU,Z03,5,0.0433466168
01/18/2020,FEU,Z01,6,0.09399096084
01/18/2020,FEU,Z02,6,0.04510827406
01/18/2020,FEU,Z03,6,0.04219183684
01/18/2020,FEU,Z01,7,0.09657466696
01/18/2020,FEU,Z02,7,0.04765276714
01/18/2020,FEU,Z03,7,0.0446881969
01/18/2020,FEU,Z01,8,0.10058844714
01/18/2020,FEU,Z02,8,0.05157629628
01/18/2020,FEU,Z03,8,0.055262725
01/18/2020,FEU,Z01,9,0.1002389507
01/18/2020,FEU,Z02,9,0.0515900067
01/18/2020,FEU,Z03,9,0.05501927156
01/19/2020,FEU,Z01,1,0.09593865096
01/19/2020,FEU,Z02,1,0.04704791614
01/19/2020,FEU,Z03,1,0.0505901348
01/19/2020,FEU,Z01,10,0.08942228954
01/19/2020,FEU,Z02,10,0.0410999266
01/19/2020,FEU,Z03,10,0.04407628442
01/19/2020,FEU,Z01,11,0.09094353778
01/19/2020,FEU,Z02,11,0.04268627578
01/19/2020,FEU,Z03,11,0.04565044066
01/19/2020,FEU,Z01,12,0.09017740784
01/19/2020,FEU,Z02,12,0.04199301582
01/19/2020,FEU,Z03,12,0.04489187372
01/19/2020,FEU,Z01,13,0.08889412706
01/19/2020,FEU,Z02,13,0.10746418384
01/19/2020,FEU,Z03,13,0.04360994796
01/19/2020,FEU,Z01,14,0.0894871661
01/19/2020,FEU,Z02,14,0.10810127086
01/19/2020,FEU,Z03,14,0.10810127086
01/19/2020,FEU,Z01,15,0.08854220906
01/19/2020,FEU,Z02,15,0.10714636382
01/19/2020,FEU,Z03,15,0.10714636382
01/19/2020,FEU,Z01,16,0.08876595788
01/19/2020,FEU,Z02,16,0.10733427266
01/19/2020,FEU,Z03,16,0.10733427266
01/19/2020,FEU,Z01,17,0.08857076784
01/19/2020,FEU,Z02,17,0.1071727156
01/19/2020,FEU,Z03,17,0.1071727156
01/19/2020,FEU,Z01,18,0.08883865192
01/19/2020,FEU,Z02,18,0.10744416768
01/19/2020,FEU,Z03,18,0.10744416768
01/19/2020,FEU,Z01,19,0.09022403012
01/19/2020,FEU,Z02,19,0.1088081509
01/19/2020,FEU,Z03,19,0.1088081509
01/19/2020,FEU,Z01,2,0.09362336578
01/19/2020,FEU,Z02,2,0.04471712802
01/19/2020,FEU,Z03,2,0.0418154168
01/19/2020,FEU,Z01,20,0.09638268212
01/19/2020,FEU,Z02,20,0.1150223359
01/19/2020,FEU,Z03,20,0.1150223359
01/19/2020,FEU,Z01,21,0.09884718206
01/19/2020,FEU,Z02,21,0.11750870384
01/19/2020,FEU,Z03,21,0.11750870384
01/19/2020,FEU,Z01,22,0.09813943804
01/19/2020,FEU,Z02,22,0.11679418382
01/19/2020,FEU,Z03,22,0.11679418382
01/19/2020,FEU,Z01,23,0.09235544962
01/19/2020,FEU,Z02,23,0.04394923066
01/19/2020,FEU,Z03,23,0.11103202336
01/19/2020,FEU,Z01,24,0.09079860158
01/19/2020,FEU,Z02,24,0.04245429462
01/19/2020,FEU,Z03,24,0.04550162744
01/19/2020,FEU,Z01,3,0.09293239872
01/19/2020,FEU,Z02,3,0.04405419196
01/19/2020,FEU,Z03,3,0.04114346676
01/19/2020,FEU,Z01,4,0.09178705862
01/19/2020,FEU,Z02,4,0.0428861359
01/19/2020,FEU,Z03,4,0.0400171617
01/19/2020,FEU,Z01,5,0.0904962746
01/19/2020,FEU,Z02,5,0.04169232486
01/19/2020,FEU,Z03,5,0.03883111468
01/19/2020,FEU,Z01,6,0.08997295464
01/19/2020,FEU,Z02,6,0.0411979309
01/19/2020,FEU,Z03,6,0.0383849967
01/19/2020,FEU,Z01,7,0.08898919078
01/19/2020,FEU,Z02,7,0.040342576
01/19/2020,FEU,Z03,7,0.0375524168
01/19/2020,FEU,Z01,8,0.08796525878
01/19/2020,FEU,Z02,8,0.03933601602
01/19/2020,FEU,Z03,8,0.04250017064
01/19/2020,FEU,Z01,9,0.08802239528
01/19/2020,FEU,Z02,9,0.03966684838
01/19/2020,FEU,Z03,9,0.04265248914
01/20/2020,FEU,Z01,1,0.09096670292
01/20/2020,FEU,Z02,1,0.04227248212
01/20/2020,FEU,Z03,1,0.04554617078
01/20/2020,FEU,Z01,10,0.10266194774
01/20/2020,FEU,Z02,10,0.0545657275
01/20/2020,FEU,Z03,10,0.05756473664
01/20/2020,FEU,Z01,11,0.10136618382
01/20/2020,FEU,Z02,11,0.05336695756
01/20/2020,FEU,Z03,11,0.05627864072
01/20/2020,FEU,Z01,12,0.0991664168
01/20/2020,FEU,Z02,12,0.05119139956
01/20/2020,FEU,Z03,12,0.05402164472
01/20/2020,FEU,Z01,13,0.09861104096
01/20/2020,FEU,Z02,13,0.11718850178
01/20/2020,FEU,Z03,13,0.05349443688
01/20/2020,FEU,Z01,14,0.09917432892
01/20/2020,FEU,Z02,14,0.11775572974
01/20/2020,FEU,Z03,14,0.11775572974
01/20/2020,FEU,Z01,15,0.09857804084
01/20/2020,FEU,Z02,15,0.11715389366
01/20/2020,FEU,Z03,15,0.11715389366
01/20/2020,FEU,Z01,16,0.09829371974
01/20/2020,FEU,Z02,16,0.11691306854
01/20/2020,FEU,Z03,16,0.11691306854
01/20/2020,FEU,Z01,17,0.09888396872
01/20/2020,FEU,Z02,17,0.11746085954
01/20/2020,FEU,Z03,17,0.11746085954
01/20/2020,FEU,Z01,18,0.09934398676
01/20/2020,FEU,Z02,18,0.11792488458
01/20/2020,FEU,Z03,18,0.11792488458
01/20/2020,FEU,Z01,19,0.10632868868
01/20/2020,FEU,Z02,19,0.12501735248
01/20/2020,FEU,Z03,19,0.12501735248
01/20/2020,FEU,Z01,2,0.08694880282
01/20/2020,FEU,Z02,2,0.03840535804
01/20/2020,FEU,Z03,2,0.03570929082
01/20/2020,FEU,Z01,20,0.1130639966
01/20/2020,FEU,Z02,20,0.13174864742
01/20/2020,FEU,Z03,20,0.13174864742
01/20/2020,FEU,Z01,21,0.1110207765
01/20/2020,FEU,Z02,21,0.1297453913
01/20/2020,FEU,Z03,21,0.1297453913
01/20/2020,FEU,Z01,22,0.1066103813
01/20/2020,FEU,Z02,22,0.12534735208
01/20/2020,FEU,Z03,22,0.12534735208
01/20/2020,FEU,Z01,23,0.10499133886
01/20/2020,FEU,Z02,23,0.05620672684
01/20/2020,FEU,Z03,23,0.12375676362
01/20/2020,FEU,Z01,24,0.09940237278
01/20/2020,FEU,Z02,24,0.05079586078
01/20/2020,FEU,Z03,24,0.05415118566
01/20/2020,FEU,Z01,3,0.07782188684
01/20/2020,FEU,Z02,3,0.02972323306
01/20/2020,FEU,Z03,3,0.02730806284
01/20/2020,FEU,Z01,4,0.07278155778
01/20/2020,FEU,Z02,4,0.024918976
01/20/2020,FEU,Z03,4,0.0226429368
01/20/2020,FEU,Z01,5,0.07278155778
01/20/2020,FEU,Z02,5,0.024918976
01/20/2020,FEU,Z03,5,0.02266169278
01/20/2020,FEU,Z01,6,0.08124490484
01/20/2020,FEU,Z02,6,0.03298027006
01/20/2020,FEU,Z03,6,0.03045898084
01/20/2020,FEU,Z01,7,0.09151288922
01/20/2020,FEU,Z02,7,0.04292660236
01/20/2020,FEU,Z03,7,0.04020399006
01/20/2020,FEU,Z01,8,0.09911299168
01/20/2020,FEU,Z02,8,0.0504657817
01/20/2020,FEU,Z03,8,0.05384126356
01/20/2020,FEU,Z01,9,0.09976026456
01/20/2020,FEU,Z02,9,0.05165054936
01/20/2020,FEU,Z03,9,0.05461636546
01/21/2020,FEU,Z01,1,0.09418385528
01/21/2020,FEU,Z02,1,0.0455162564
01/21/2020,FEU,Z03,1,0.04884884414
01/21/2020,FEU,Z01,10,0.10319891256
01/21/2020,FEU,Z02,10,0.05492523238
01/21/2020,FEU,Z03,10,0.05802279248
01/21/2020,FEU,Z01,11,0.10311875762
01/21/2020,FEU,Z02,11,0.05490089142
01/21/2020,FEU,Z03,11,0.05800062452
01/21/2020,FEU,Z01,12,0.10193222262
01/21/2020,FEU,Z02,12,0.05375495642
01/21/2020,FEU,Z03,12,0.05680901452
01/21/2020,FEU,Z01,13,0.10140886076
01/21/2020,FEU,Z02,13,0.12000575158
01/21/2020,FEU,Z03,13,0.05631007166
01/21/2020,FEU,Z01,14,0.10213385672
01/21/2020,FEU,Z02,14,0.12078593852
01/21/2020,FEU,Z03,14,0.12078593852
01/21/2020,FEU,Z01,15,0.10070884864
01/21/2020,FEU,Z02,15,0.11934759244
01/21/2020,FEU,Z03,15,0.11934759244
01/21/2020,FEU,Z01,16,0.10096322354
01/21/2020,FEU,Z02,16,0.11960278234
01/21/2020,FEU,Z03,16,0.11960278234
01/21/2020,FEU,Z01,17,0.1010967265
01/21/2020,FEU,Z02,17,0.1197368813
01/21/2020,FEU,Z03,17,0.1197368813
01/21/2020,FEU,Z01,18,0.10155910754
01/21/2020,FEU,Z02,18,0.12020374634
01/21/2020,FEU,Z03,18,0.12020374634
01/21/2020,FEU,Z01,19,0.10507880056
01/21/2020,FEU,Z02,19,0.12375492836
01/21/2020,FEU,Z03,19,0.12375492836
01/21/2020,FEU,Z01,2,0.09256239614
01/21/2020,FEU,Z02,2,0.04391829428
01/21/2020,FEU,Z03,2,0.04110097702
01/21/2020,FEU,Z01,20,0.11265812456
01/21/2020,FEU,Z02,20,0.13139892236
01/21/2020,FEU,Z03,20,0.13139892236
01/21/2020,FEU,Z01,21,0.11287912246
01/21/2020,FEU,Z02,21,0.13162003026
01/21/2020,FEU,Z03,21,0.13162003026
01/21/2020,FEU,Z01,22,0.1090526663
01/21/2020,FEU,Z02,22,0.1277572911
01/21/2020,FEU,Z03,22,0.1277572911
01/21/2020,FEU,Z01,23,0.10609332986
01/21/2020,FEU,Z02,23,0.05726513884
01/21/2020,FEU,Z03,23,0.12481814564
01/21/2020,FEU,Z01,24,0.0994062558
01/21/2020,FEU,Z02,24,0.0508004168
01/21/2020,FEU,Z03,24,0.05415891168
01/21/2020,FEU,Z01,3,0.09116048802
01/21/2020,FEU,Z02,3,0.0425012362
01/21/2020,FEU,Z03,3,0.03973054694
01/21/2020,FEU,Z01,4,0.09044737896
01/21/2020,FEU,Z02,4,0.04181541814
01/21/2020,FEU,Z03,4,0.0390356269
01/21/2020,FEU,Z01,5,0.09023203496
01/21/2020,FEU,Z02,5,0.04157600816
01/21/2020,FEU,Z03,5,0.0388369669
01/21/2020,FEU,Z01,6,0.09094635108
01/21/2020,FEU,Z02,6,0.04233730024
01/21/2020,FEU,Z03,6,0.03956993598
01/21/2020,FEU,Z01,7,0.09305055642
01/21/2020,FEU,Z02,7,0.0445220265
01/21/2020,FEU,Z03,7,0.04178284018
01/21/2020,FEU,Z01,8,0.10175050178
01/21/2020,FEU,Z02,8,0.05304703978
01/21/2020,FEU,Z03,8,0.05651094866
01/21/2020,FEU,Z01,9,0.10256590448
01/21/2020,FEU,Z02,9,0.0543046673
01/21/2020,FEU,Z03,9,0.05741873738
01/22/2020,FEU,Z01,1,0.10133513504
01/22/2020,FEU,Z02,1,0.05219696922
01/22/2020,FEU,Z03,1,0.0559943399
01/22/2020,FEU,Z01,10,0.11535844158
01/22/2020,FEU,Z02,10,0.0666600074
01/22/2020,FEU,Z03,10,0.0702276265
01/22/2020,FEU,Z01,11,0.11514979166
01/22/2020,FEU,Z02,11,0.06658091344
01/22/2020,FEU,Z03,11,0.07009083256
01/22/2020,FEU,Z01,12,0.11344363766
01/22/2020,FEU,Z02,12,0.06493177744
01/22/2020,FEU,Z03,12,0.06837736856
01/22/2020,FEU,Z01,13,0.1111074568
01/22/2020,FEU,Z02,13,0.12978124462
01/22/2020,FEU,Z03,13,0.06600386072
01/22/2020,FEU,Z01,14,0.11036207076
01/22/2020,FEU,Z02,14,0.12908553656
01/22/2020,FEU,Z03,14,0.12908553656
01/22/2020,FEU,Z01,15,0.11063583566
01/22/2020,FEU,Z02,15,0.12935991646
01/22/2020,FEU,Z03,15,0.12935991646
01/22/2020,FEU,Z01,16,0.11371761256
01/22/2020,FEU,Z02,16,0.13246626836
01/22/2020,FEU,Z03,16,0.13246626836
01/22/2020,FEU,Z01,17,0.11470647252
01/22/2020,FEU,Z02,17,0.13346282432
01/22/2020,FEU,Z03,17,0.13346282432
01/22/2020,FEU,Z01,18,0.1169498265
01/22/2020,FEU,Z02,18,0.1357249013
01/22/2020,FEU,Z03,18,0.1357249013
01/22/2020,FEU,Z01,19,0.1208261515
01/22/2020,FEU,Z02,19,0.1396354013
01/22/2020,FEU,Z03,19,0.1396354013
01/22/2020,FEU,Z01,2,0.09904720598
01/22/2020,FEU,Z02,2,0.05001060016
01/22/2020,FEU,Z03,2,0.04696981292
01/22/2020,FEU,Z01,20,0.12270913044
01/22/2020,FEU,Z02,20,0.14153194424
01/22/2020,FEU,Z03,20,0.14153194424
01/22/2020,FEU,Z01,21,0.11488749334
01/22/2020,FEU,Z02,21,0.13364327514
01/22/2020,FEU,Z03,21,0.13364327514
01/22/2020,FEU,Z01,22,0.11146943422
01/22/2020,FEU,Z02,22,0.130249976
01/22/2020,FEU,Z03,22,0.130249976
01/22/2020,FEU,Z01,23,0.10707992874
01/22/2020,FEU,Z02,23,0.05810369076
01/22/2020,FEU,Z03,23,0.1258638755
01/22/2020,FEU,Z01,24,0.10490253266
01/22/2020,FEU,Z02,24,0.05601188468
01/22/2020,FEU,Z03,24,0.05965552754
01/22/2020,FEU,Z01,3,0.09833357684
01/22/2020,FEU,Z02,3,0.04923912106
01/22/2020,FEU,Z03,3,0.04622837482
01/22/2020,FEU,Z01,4,0.09683639378
01/22/2020,FEU,Z02,4,0.04777218002
01/22/2020,FEU,Z03,4,0.0447710968
01/22/2020,FEU,Z01,5,0.09668255178
01/22/2020,FEU,Z02,5,0.04762590202
01/22/2020,FEU,Z03,5,0.0446307368
01/22/2020,FEU,Z01,6,0.09783705994
01/22/2020,FEU,Z02,6,0.04881594214
01/22/2020,FEU,Z03,6,0.0458131669
01/22/2020,FEU,Z01,7,0.10339329128
01/22/2020,FEU,Z02,7,0.05435376438
01/22/2020,FEU,Z03,7,0.0512488021
01/22/2020,FEU,Z01,8,0.11268277574
01/22/2020,FEU,Z02,8,0.06352484774
01/22/2020,FEU,Z03,8,0.06748963262
01/22/2020,FEU,Z01,9,0.11494711146
01/22/2020,FEU,Z02,9,0.0661971973
01/22/2020,FEU,Z03,9,0.06984873236
01/23/2020,FEU,Z01,1,0.12073947912
01/23/2020,FEU,Z02,1,0.07080339726
01/23/2020,FEU,Z03,1,0.07552329398
01/23/2020,FEU,Z01,10,0.12395871554
01/23/2020,FEU,Z02,10,0.07495729736
01/23/2020,FEU,Z03,10,0.07891416444
01/23/2020,FEU,Z01,11,0.1226264066
01/23/2020,FEU,Z02,11,0.0737383274
01/23/2020,FEU,Z03,11,0.07752424452
01/23/2020,FEU,Z01,12,0.11948475762
01/23/2020,FEU,Z02,12,0.07070689142
01/23/2020,FEU,Z03,12,0.07443662452
01/23/2020,FEU,Z01,13,0.11656715076
01/23/2020,FEU,Z02,13,0.13528261758
01/23/2020,FEU,Z03,13,0.07153358666
01/23/2020,FEU,Z01,14,0.1148741217
01/23/2020,FEU,Z02,14,0.13357432052
01/23/2020,FEU,Z03,14,0.13357432052
01/23/2020,FEU,Z01,15,0.11216214162
01/23/2020,FEU,Z02,15,0.13084016044
01/23/2020,FEU,Z03,15,0.13084016044
01/23/2020,FEU,Z01,16,0.11524299052
01/23/2020,FEU,Z02,16,0.13400391232
01/23/2020,FEU,Z03,16,0.13400391232
01/23/2020,FEU,Z01,17,0.11683501946
01/23/2020,FEU,Z02,17,0.13560835026
01/23/2020,FEU,Z03,17,0.13560835026
01/23/2020,FEU,Z01,18,0.11819197142
01/23/2020,FEU,Z02,18,0.13697604822
01/23/2020,FEU,Z03,18,0.13697604822
01/23/2020,FEU,Z01,19,0.12120246844
01/23/2020,FEU,Z02,19,0.14001249224
01/23/2020,FEU,Z03,19,0.14001249224
01/23/2020,FEU,Z01,2,0.11648059088
01/23/2020,FEU,Z02,2,0.06656336408
01/23/2020,FEU,Z03,2,0.06294745686
01/23/2020,FEU,Z01,20,0.1238244764
01/23/2020,FEU,Z02,20,0.1426570862
01/23/2020,FEU,Z03,20,0.1426570862
01/23/2020,FEU,Z01,21,0.11999596832
01/23/2020,FEU,Z02,21,0.1388588411
01/23/2020,FEU,Z03,21,0.1388588411
01/23/2020,FEU,Z01,22,0.1205261262
01/23/2020,FEU,Z02,22,0.13939000398
01/23/2020,FEU,Z03,22,0.13939000398
01/23/2020,FEU,Z01,23,0.11822497274
01/23/2020,FEU,Z02,23,0.06883743174
01/23/2020,FEU,Z03,23,0.1371191755
01/23/2020,FEU,Z01,24,0.11235300666
01/23/2020,FEU,Z02,24,0.06315013668
01/23/2020,FEU,Z03,24,0.06714273354
01/23/2020,FEU,Z01,3,0.11207615174
01/23/2020,FEU,Z02,3,0.06226017198
01/23/2020,FEU,Z03,3,0.05874092878
01/23/2020,FEU,Z01,4,0.1122484247
01/23/2020,FEU,Z02,4,0.06237146996
01/23/2020,FEU,Z03,4,0.05889990574
01/23/2020,FEU,Z01,5,0.11078260672
01/23/2020,FEU,Z02,5,0.06102883596
01/23/2020,FEU,Z03,5,0.05755206876
01/23/2020,FEU,Z01,6,0.11170259786
01/23/2020,FEU,Z02,6,0.06196115608
01/23/2020,FEU,Z03,6,0.05854511284
01/23/2020,FEU,Z01,7,0.11412300728
01/23/2020,FEU,Z02,7,0.06460484438
01/23/2020,FEU,Z03,7,0.0611874021
01/23/2020,FEU,Z01,8,0.12472137766
01/23/2020,FEU,Z02,8,0.07499902868
01/23/2020,FEU,Z03,8,0.07957208254
01/23/2020,FEU,Z01,9,0.12628436044
01/23/2020,FEU,Z02,9,0.07712849728
01/23/2020,FEU,Z03,9,0.08123024934
01/24/2020,FEU,Z01,1,0.11682059516
01/24/2020,FEU,Z02,1,0.0670664713
01/24/2020,FEU,Z03,1,0.07159021202
01/24/2020,FEU,Z01,10,0.12611485142
01/24/2020,FEU,Z02,10,0.07696363126
01/24/2020,FEU,Z03,10,0.08105612832
01/24/2020,FEU,Z01,11,0.1243217765
01/24/2020,FEU,Z02,11,0.07530467932
01/24/2020,FEU,Z03,11,0.0792709964
01/24/2020,FEU,Z01,12,0.12163189852
01/24/2020,FEU,Z02,12,0.07270910434
01/24/2020,FEU,Z03,12,0.07657355042
01/24/2020,FEU,Z01,13,0.1183038817
01/24/2020,FEU,Z02,13,0.1370956515
01/24/2020,FEU,Z03,13,0.0732661766
01/24/2020,FEU,Z01,14,0.11445945272
01/24/2020,FEU,Z02,14,0.13321742452
01/24/2020,FEU,Z03,14,0.13321742452
01/24/2020,FEU,Z01,15,0.11320644864
01/24/2020,FEU,Z02,15,0.13195337044
01/24/2020,FEU,Z03,15,0.13195337044
01/24/2020,FEU,Z01,16,0.1146317966
01/24/2020,FEU,Z02,16,0.1333889964
01/24/2020,FEU,Z03,16,0.1333889964
01/24/2020,FEU,Z01,17,0.11582369656
01/24/2020,FEU,Z02,17,0.13459032236
01/24/2020,FEU,Z03,17,0.13459032236
01/24/2020,FEU,Z01,18,0.11963157146
01/24/2020,FEU,Z02,18,0.13842866226
01/24/2020,FEU,Z03,18,0.13842866226
01/24/2020,FEU,Z01,19,0.12448783142
01/24/2020,FEU,Z02,19,0.14332530822
01/24/2020,FEU,Z03,19,0.14332530822
01/24/2020,FEU,Z01,2,0.11195423496
01/24/2020,FEU,Z02,2,0.06225840016
01/24/2020,FEU,Z03,2,0.0588762169
01/24/2020,FEU,Z01,20,0.12331695438
01/24/2020,FEU,Z02,20,0.14214364718
01/24/2020,FEU,Z03,20,0.14214364718
01/24/2020,FEU,Z01,21,0.12040027334
01/24/2020,FEU,Z02,21,0.13926735812
01/24/2020,FEU,Z03,21,0.13926735812
01/24/2020,FEU,Z01,22,0.12374681514
01/24/2020,FEU,Z02,22,0.14263903992
01/24/2020,FEU,Z03,22,0.14263903992
01/24/2020,FEU,Z01,23,0.12156886368
01/24/2020,FEU,Z02,23,0.0719798367
01/24/2020,FEU,Z03,23,0.14049468344
01/24/2020,FEU,Z01,24,0.1176002956
01/24/2020,FEU,Z02,24,0.06811587264
01/24/2020,FEU,Z03,24,0.07240420948
01/24/2020,FEU,Z01,3,0.10940480186
01/24/2020,FEU,Z02,3,0.05977606408
01/24/2020,FEU,Z03,3,0.05642828884
01/24/2020,FEU,Z01,4,0.10791115282
01/24/2020,FEU,Z02,4,0.05835205804
01/24/2020,FEU,Z03,4,0.05500548182
01/24/2020,FEU,Z01,5,0.10915126782
01/24/2020,FEU,Z02,5,0.05953208804
01/24/2020,FEU,Z03,5,0.05614709682
01/24/2020,FEU,Z01,6,0.11061960296
01/24/2020,FEU,Z02,6,0.06103703414
01/24/2020,FEU,Z03,6,0.0576449869
01/24/2020,FEU,Z01,7,0.11154158332
01/24/2020,FEU,Z02,7,0.06214118842
01/24/2020,FEU,Z03,7,0.05884673712
01/24/2020,FEU,Z01,8,0.1236563756
01/24/2020,FEU,Z02,8,0.07391499264
01/24/2020,FEU,Z03,8,0.07849007348
01/24/2020,FEU,Z01,9,0.1271108813
01/24/2020,FEU,Z02,9,0.07784849516
01/24/2020,FEU,Z03,9,0.08209953218
01/25/2020,FEU,Z01,1,0.11774091716
01/25/2020,FEU,Z02,1,0.0679445563
01/25/2020,FEU,Z03,1,0.07245996704
01/25/2020,FEU,Z01,10,0.10714908392
01/25/2020,FEU,Z02,10,0.05833184088
01/25/2020,FEU,Z03,10,0.0619632758
01/25/2020,FEU,Z01,11,0.11101913604
01/25/2020,FEU,Z02,11,0.06210956398
01/25/2020,FEU,Z03,11,0.06582354494
01/25/2020,FEU,Z01,12,0.1113974911
01/25/2020,FEU,Z02,12,0.06252943402
01/25/2020,FEU,Z03,12,0.06626775598
01/25/2020,FEU,Z01,13,0.11213539232
01/25/2020,FEU,Z02,13,0.1309240411
01/25/2020,FEU,Z03,13,0.0670521062
01/25/2020,FEU,Z01,14,0.1121087813
01/25/2020,FEU,Z02,14,0.1308391961
01/25/2020,FEU,Z03,14,0.1308391961
01/25/2020,FEU,Z01,15,0.11183089022
01/25/2020,FEU,Z02,15,0.13055880602
01/25/2020,FEU,Z03,15,0.13055880602
01/25/2020,FEU,Z01,16,0.10873461212
01/25/2020,FEU,Z02,16,0.1274880609
01/25/2020,FEU,Z03,16,0.1274880609
01/25/2020,FEU,Z01,17,0.10802972008
01/25/2020,FEU,Z02,17,0.12677597486
01/25/2020,FEU,Z03,17,0.12677597486
01/25/2020,FEU,Z01,18,0.11014542214
01/25/2020,FEU,Z02,18,0.1289678009
01/25/2020,FEU,Z03,18,0.1289678009
01/25/2020,FEU,Z01,19,0.11392704816
01/25/2020,FEU,Z02,19,0.13272912794
01/25/2020,FEU,Z03,19,0.13272912794
01/25/2020,FEU,Z01,2,0.11534767904
01/25/2020,FEU,Z02,2,0.06554706122
01/25/2020,FEU,Z03,2,0.06205948096
01/25/2020,FEU,Z01,20,0.11589906218
01/25/2020,FEU,Z02,20,0.13471975396
01/25/2020,FEU,Z03,20,0.13471975396
01/25/2020,FEU,Z01,21,0.11707506808
01/25/2020,FEU,Z02,21,0.13590451586
01/25/2020,FEU,Z03,21,0.13590451586
01/25/2020,FEU,Z01,22,0.11753960392
01/25/2020,FEU,Z02,22,0.1363699757
01/25/2020,FEU,Z03,22,0.1363699757
01/25/2020,FEU,Z01,23,0.11524776748
01/25/2020,FEU,Z02,23,0.06580213354
01/25/2020,FEU,Z03,23,0.13416637922
01/25/2020,FEU,Z01,24,0.11412038336
01/25/2020,FEU,Z02,24,0.06460892346
01/25/2020,FEU,Z03,24,0.06891395822
01/25/2020,FEU,Z01,3,0.11276803496
01/25/2020,FEU,Z02,3,0.06308302914
01/25/2020,FEU,Z03,3,0.0596269669
01/25/2020,FEU,Z01,4,0.11143690484
01/25/2020,FEU,Z02,4,0.06170827006
01/25/2020,FEU,Z03,4,0.05825098084
01/25/2020,FEU,Z01,5,0.1103281748
01/25/2020,FEU,Z02,5,0.06065063902
01/25/2020,FEU,Z03,5,0.0572318168
01/25/2020,FEU,Z01,6,0.11021035484
01/25/2020,FEU,Z02,6,0.06054119506
01/25/2020,FEU,Z03,6,0.05712193084
01/25/2020,FEU,Z01,7,0.11066968296
01/25/2020,FEU,Z02,7,0.06108475414
01/25/2020,FEU,Z03,7,0.0576923419
01/25/2020,FEU,Z01,8,0.10659462314
01/25/2020,FEU,Z02,8,0.05730823428
01/25/2020,FEU,Z03,8,0.061302725
01/25/2020,FEU,Z01,9,0.1050989507
01/25/2020,FEU,Z02,9,0.0562500067
01/25/2020,FEU,Z03,9,0.05990727156
01/26/2020,FEU,Z01,1,0.11353050296
01/26/2020,FEU,Z02,1,0.06380956614
01/26/2020,FEU,Z03,1,0.0682943948
01/26/2020,FEU,Z01,10,0.10054669754
01/26/2020,FEU,Z02,10,0.0517422466
01/26/2020,FEU,Z03,10,0.05525526842
01/26/2020,FEU,Z01,11,0.10280770478
01/26/2020,FEU,Z02,11,0.05406059278
01/26/2020,FEU,Z03,11,0.05757338966
01/26/2020,FEU,Z01,12,0.10385196784
01/26/2020,FEU,Z02,12,0.05511289582
01/26/2020,FEU,Z03,12,0.05863435372
01/26/2020,FEU,Z01,13,0.10392725006
01/26/2020,FEU,Z02,13,0.12263545584
01/26/2020,FEU,Z03,13,0.05870586596
01/26/2020,FEU,Z01,14,0.0995920861
01/26/2020,FEU,Z02,14,0.11830886986
01/26/2020,FEU,Z03,14,0.11830886986
01/26/2020,FEU,Z01,15,0.09726714206
01/26/2020,FEU,Z02,15,0.11595876482
01/26/2020,FEU,Z03,15,0.11595876482
01/26/2020,FEU,Z01,16,0.09607552388
01/26/2020,FEU,Z02,16,0.11471050966
01/26/2020,FEU,Z03,16,0.11471050966
01/26/2020,FEU,Z01,17,0.09497316784
01/26/2020,FEU,Z02,17,0.1136387156
01/26/2020,FEU,Z03,17,0.1136387156
01/26/2020,FEU,Z01,18,0.10233308392
01/26/2020,FEU,Z02,18,0.12107431168
01/26/2020,FEU,Z03,18,0.12107431168
01/26/2020,FEU,Z01,19,0.10415204012
01/26/2020,FEU,Z02,19,0.1228632709
01/26/2020,FEU,Z03,19,0.1228632709
01/26/2020,FEU,Z01,2,0.11075278978
01/26/2020,FEU,Z02,2,0.06100314502
01/26/2020,FEU,Z03,2,0.0575728568
01/26/2020,FEU,Z01,20,0.10672272212
01/26/2020,FEU,Z02,20,0.1254576359
01/26/2020,FEU,Z03,20,0.1254576359
01/26/2020,FEU,Z01,21,0.10871525006
01/26/2020,FEU,Z02,21,0.12746745584
01/26/2020,FEU,Z03,21,0.12746745584
01/26/2020,FEU,Z01,22,0.10751618404
01/26/2020,FEU,Z02,22,0.12625702682
01/26/2020,FEU,Z03,22,0.12625702682
01/26/2020,FEU,Z01,23,0.10499038462
01/26/2020,FEU,Z02,23,0.05604635266
01/26/2020,FEU,Z03,23,0.12380170336
01/26/2020,FEU,Z01,24,0.09927722558
01/26/2020,FEU,Z02,24,0.05057183062
01/26/2020,FEU,Z03,24,0.05402885944
01/26/2020,FEU,Z01,3,0.10935807872
01/26/2020,FEU,Z02,3,0.05967418196
01/26/2020,FEU,Z03,3,0.05624365676
01/26/2020,FEU,Z01,4,0.10973325662
01/26/2020,FEU,Z02,4,0.0599272459
01/26/2020,FEU,Z03,4,0.0564925917
01/26/2020,FEU,Z01,5,0.1026412846
01/26/2020,FEU,Z02,5,0.05323486586
01/26/2020,FEU,Z03,5,0.04998273868
01/26/2020,FEU,Z01,6,0.10231820264
01/26/2020,FEU,Z02,6,0.0529298109
01/26/2020,FEU,Z03,6,0.0497274367
01/26/2020,FEU,Z01,7,0.10030540478
01/26/2020,FEU,Z02,7,0.051111376
01/26/2020,FEU,Z03,7,0.0479634168
01/26/2020,FEU,Z01,8,0.09870519578
01/26/2020,FEU,Z02,8,0.04954909802
01/26/2020,FEU,Z03,8,0.05329972664
01/26/2020,FEU,Z01,9,0.09745801928
01/26/2020,FEU,Z02,9,0.04868260238
01/26/2020,FEU,Z03,9,0.05214155114
01/27/2020,FEU,Z01,1,0.09880921892
01/27/2020,FEU,Z02,1,0.04973975812
01/27/2020,FEU,Z03,1,0.05343120378
01/27/2020,FEU,Z01,10,0.10564969474
01/27/2020,FEU,Z02,10,0.0574558525
01/27/2020,FEU,Z03,10,0.06056532864
01/27/2020,FEU,Z01,11,0.10453141282
01/27/2020,FEU,Z02,11,0.05643113956
01/27/2020,FEU,Z03,11,0.05945752472
01/27/2020,FEU,Z01,12,0.1027937368
01/27/2020,FEU,Z02,12,0.05469989356
01/27/2020,FEU,Z03,12,0.05766147272
01/27/2020,FEU,Z01,13,0.10206128096
01/27/2020,FEU,Z02,13,0.12066569678
01/27/2020,FEU,Z03,13,0.05695665688
01/27/2020,FEU,Z01,14,0.10107150492
01/27/2020,FEU,Z02,14,0.11966886474
01/27/2020,FEU,Z03,14,0.11966886474
01/27/2020,FEU,Z01,15,0.09894165284
01/27/2020,FEU,Z02,15,0.11752033166
01/27/2020,FEU,Z03,15,0.11752033166
01/27/2020,FEU,Z01,16,0.09812857374
01/27/2020,FEU,Z02,16,0.11674650254
01/27/2020,FEU,Z03,16,0.11674650254
01/27/2020,FEU,Z01,17,0.09943919672
01/27/2020,FEU,Z02,17,0.11802038054
01/27/2020,FEU,Z03,17,0.11802038054
01/27/2020,FEU,Z01,18,0.10209327876
01/27/2020,FEU,Z02,18,0.12069547058
01/27/2020,FEU,Z03,18,0.12069547058
01/27/2020,FEU,Z01,19,0.10584363268
01/27/2020,FEU,Z02,19,0.12452696048
01/27/2020,FEU,Z03,19,0.12452696048
01/27/2020,FEU,Z01,2,0.09671486582
01/27/2020,FEU,Z02,2,0.04769704604
01/27/2020,FEU,Z03,2,0.04469849482
01/27/2020,FEU,Z01,20,0.1083605966
01/27/2020,FEU,Z02,20,0.12700906742
01/27/2020,FEU,Z03,20,0.12700906742
01/27/2020,FEU,Z01,21,0.1046628515
01/27/2020,FEU,Z02,21,0.1233333563
01/27/2020,FEU,Z03,21,0.1233333563
01/27/2020,FEU,Z01,22,0.1011605663
01/27/2020,FEU,Z02,22,0.11984694808
01/27/2020,FEU,Z03,22,0.11984694808
01/27/2020,FEU,Z01,23,0.09834921786
01/27/2020,FEU,Z02,23,0.04983541084
01/27/2020,FEU,Z03,23,0.11704860662
01/27/2020,FEU,Z01,24,0.09415268778
01/27/2020,FEU,Z02,24,0.04576292578
01/27/2020,FEU,Z03,24,0.04887549066
01/27/2020,FEU,Z01,3,0.09553578484
01/27/2020,FEU,Z02,3,0.04657819006
01/27/2020,FEU,Z03,3,0.04361386084
01/27/2020,FEU,Z01,4,0.09449345578
01/27/2020,FEU,Z02,4,0.045580576
01/27/2020,FEU,Z03,4,0.0426169768
01/27/2020,FEU,Z01,5,0.09457037678
01/27/2020,FEU,Z02,5,0.045653776
01/27/2020,FEU,Z03,5,0.04272377278
01/27/2020,FEU,Z01,6,0.09494829884
01/27/2020,FEU,Z02,6,0.04601919106
01/27/2020,FEU,Z03,6,0.04307307484
01/27/2020,FEU,Z01,7,0.09777727322
01/27/2020,FEU,Z02,7,0.04890161236
01/27/2020,FEU,Z03,7,0.04600322206
01/27/2020,FEU,Z01,8,0.10492668768
01/27/2020,FEU,Z02,8,0.0560368117
01/27/2020,FEU,Z03,8,0.05968364556
01/27/2020,FEU,Z01,9,0.10663756056
01/27/2020,FEU,Z02,9,0.05829312536
01/27/2020,FEU,Z03,9,0.06152300146
01/28/2020,FEU,Z01,1,0.08849949128
01/28/2020,FEU,Z02,1,0.0400894364
01/28/2020,FEU,Z03,1,0.04313228714
01/28/2020,FEU,Z01,10,0.10559096456
01/28/2020,FEU,Z02,10,0.05723360338
01/28/2020,FEU,Z03,10,0.06042300848
01/28/2020,FEU,Z01,11,0.10381898862
01/28/2020,FEU,Z02,11,0.05557716242
01/28/2020,FEU,Z03,11,0.05870385052
01/28/2020,FEU,Z01,12,0.10301237862
01/28/2020,FEU,Z02,12,0.05479815242
01/28/2020,FEU,Z03,12,0.05789379052
01/28/2020,FEU,Z01,13,0.10190387276
01/28/2020,FEU,Z02,13,0.12050459758
01/28/2020,FEU,Z03,13,0.05680721366
01/28/2020,FEU,Z01,14,0.09987686072
01/28/2020,FEU,Z02,14,0.11850955252
01/28/2020,FEU,Z03,14,0.11850955252
01/28/2020,FEU,Z01,15,0.09792200064
01/28/2020,FEU,Z02,15,0.11653688444
01/28/2020,FEU,Z03,15,0.11653688444
01/28/2020,FEU,Z01,16,0.09873686954
01/28/2020,FEU,Z02,16,0.11735744834
01/28/2020,FEU,Z03,16,0.11735744834
01/28/2020,FEU,Z01,17,0.1004164015
01/28/2020,FEU,Z02,17,0.1190507663
01/28/2020,FEU,Z03,17,0.1190507663
01/28/2020,FEU,Z01,18,0.10232038454
01/28/2020,FEU,Z02,18,0.12097269634
01/28/2020,FEU,Z03,18,0.12097269634
01/28/2020,FEU,Z01,19,0.10476939256
01/28/2020,FEU,Z02,19,0.12344288036
01/28/2020,FEU,Z03,19,0.12344288036
01/28/2020,FEU,Z01,2,0.08770350914
01/28/2020,FEU,Z02,2,0.03928340628
01/28/2020,FEU,Z03,2,0.03660953602
01/28/2020,FEU,Z01,20,0.11023091256
01/28/2020,FEU,Z02,20,0.12894981836
01/28/2020,FEU,Z03,20,0.12894981836
01/28/2020,FEU,Z01,21,0.11341701146
01/28/2020,FEU,Z02,21,0.13216130226
01/28/2020,FEU,Z03,21,0.13216130226
01/28/2020,FEU,Z01,22,0.1096179113
01/28/2020,FEU,Z02,22,0.1283273061
01/28/2020,FEU,Z03,22,0.1283273061
01/28/2020,FEU,Z01,23,0.10822609886
01/28/2020,FEU,Z02,23,0.05931132484
01/28/2020,FEU,Z03,23,0.12697035164
01/28/2020,FEU,Z01,24,0.1058797558
01/28/2020,FEU,Z02,24,0.0570075768
01/28/2020,FEU,Z03,24,0.06066451168
01/28/2020,FEU,Z01,3,0.08753464102
01/28/2020,FEU,Z02,3,0.0390454762
01/28/2020,FEU,Z03,3,0.03638338794
01/28/2020,FEU,Z01,4,0.08631703096
01/28/2020,FEU,Z02,4,0.03787851814
01/28/2020,FEU,Z03,4,0.0352252819
01/28/2020,FEU,Z01,5,0.08632955096
01/28/2020,FEU,Z02,5,0.03786173616
01/28/2020,FEU,Z03,5,0.0352368319
01/28/2020,FEU,Z01,6,0.08756844508
01/28/2020,FEU,Z02,6,0.03911663224
01/28/2020,FEU,Z03,6,0.03644957498
01/28/2020,FEU,Z01,7,0.09398705442
01/28/2020,FEU,Z02,7,0.0454173765
01/28/2020,FEU,Z03,7,0.04265114118
01/28/2020,FEU,Z01,8,0.10470170878
01/28/2020,FEU,Z02,8,0.05587523578
01/28/2020,FEU,Z03,8,0.05947677766
01/28/2020,FEU,Z01,9,0.10623032048
01/28/2020,FEU,Z02,9,0.0578424623
01/28/2020,FEU,Z03,9,0.06109873338
01/29/2020,FEU,Z01,1,0.10611123104
01/29/2020,FEU,Z02,1,0.05674727222
01/29/2020,FEU,Z03,1,0.0607972249
01/29/2020,FEU,Z01,10,0.10451615258
01/29/2020,FEU,Z02,10,0.0561984674
01/29/2020,FEU,Z03,10,0.0593483015
01/29/2020,FEU,Z01,11,0.10364550566
01/29/2020,FEU,Z02,11,0.05546108944
01/29/2020,FEU,Z03,11,0.05853725656
01/29/2020,FEU,Z01,12,0.10304216666
01/29/2020,FEU,Z02,12,0.05487678544
01/29/2020,FEU,Z03,12,0.05793133256
01/29/2020,FEU,Z01,13,0.1006268568
01/29/2020,FEU,Z02,13,0.11921816062
01/29/2020,FEU,Z03,13,0.05548712072
01/29/2020,FEU,Z01,14,0.10133797876
01/29/2020,FEU,Z02,14,0.11998378456
01/29/2020,FEU,Z03,14,0.11998378456
01/29/2020,FEU,Z01,15,0.09911987966
01/29/2020,FEU,Z02,15,0.11774528046
01/29/2020,FEU,Z03,15,0.11774528046
01/29/2020,FEU,Z01,16,0.09813001256
01/29/2020,FEU,Z02,16,0.11674685036
01/29/2020,FEU,Z03,16,0.11674685036
01/29/2020,FEU,Z01,17,0.09929537452
01/29/2020,FEU,Z02,17,0.11792045632
01/29/2020,FEU,Z03,17,0.11792045632
01/29/2020,FEU,Z01,18,0.1028850765
01/29/2020,FEU,Z02,18,0.1215416363
01/29/2020,FEU,Z03,18,0.1215416363
01/29/2020,FEU,Z01,19,0.1063924515
01/29/2020,FEU,Z02,19,0.1250776763
01/29/2020,FEU,Z03,19,0.1250776763
01/29/2020,FEU,Z01,2,0.09375047198
01/29/2020,FEU,Z02,2,0.04496486416
01/29/2020,FEU,Z03,2,0.04208493092
01/29/2020,FEU,Z01,20,0.10761659444
01/29/2020,FEU,Z02,20,0.12631128824
01/29/2020,FEU,Z03,20,0.12631128824
01/29/2020,FEU,Z01,21,0.10939955634
01/29/2020,FEU,Z02,21,0.12810775514
01/29/2020,FEU,Z03,21,0.12810775514
01/29/2020,FEU,Z01,22,0.10826983522
01/29/2020,FEU,Z02,22,0.127021976
01/29/2020,FEU,Z03,22,0.127021976
01/29/2020,FEU,Z01,23,0.10606949974
01/29/2020,FEU,Z02,23,0.05713690676
01/29/2020,FEU,Z03,23,0.1248434505
01/29/2020,FEU,Z01,24,0.10112253066
01/29/2020,FEU,Z02,24,0.05238912268
01/29/2020,FEU,Z03,24,0.05585688954
01/29/2020,FEU,Z01,3,0.09385006484
01/29/2020,FEU,Z02,3,0.04497421006
01/29/2020,FEU,Z03,3,0.04209769882
01/29/2020,FEU,Z01,4,0.09183148478
01/29/2020,FEU,Z02,4,0.04301215002
01/29/2020,FEU,Z03,4,0.0401670568
01/29/2020,FEU,Z01,5,0.09183148478
01/29/2020,FEU,Z02,5,0.04301215002
01/29/2020,FEU,Z03,5,0.0401670568
01/29/2020,FEU,Z01,6,0.09310573194
01/29/2020,FEU,Z02,6,0.04430998114
01/29/2020,FEU,Z03,6,0.0414518869
01/29/2020,FEU,Z01,7,0.09760881128
01/29/2020,FEU,Z02,7,0.04882668438
01/29/2020,FEU,Z03,7,0.0458902021
01/29/2020,FEU,Z01,8,0.10412384774
01/29/2020,FEU,Z02,8,0.05531871974
01/29/2020,FEU,Z03,8,0.05888836862
01/29/2020,FEU,Z01,9,0.10543577446
01/29/2020,FEU,Z02,9,0.0570241273
01/29/2020,FEU,Z03,9,0.06029699036
01/30/2020,FEU,Z01,1,0.09400343112
01/30/2020,FEU,Z02,1,0.04529120626
01/30/2020,FEU,Z03,1,0.04863680198
01/30/2020,FEU,Z01,10,0.10615492154
01/30/2020,FEU,Z02,10,0.05777580136
01/30/2020,FEU,Z03,10,0.06103565844
01/30/2020,FEU,Z01,11,0.1045955366
01/30/2020,FEU,Z02,11,0.0563238974
01/30/2020,FEU,Z03,11,0.05943173052
01/30/2020,FEU,Z01,12,0.10311875762
01/30/2020,FEU,Z02,12,0.05490089142
01/30/2020,FEU,Z03,12,0.05800062452
01/30/2020,FEU,Z01,13,0.10083018476
01/30/2020,FEU,Z02,13,0.11942259358
01/30/2020,FEU,Z03,13,0.05572890566
01/30/2020,FEU,Z01,14,0.0992025417
01/30/2020,FEU,Z02,14,0.11778284652
01/30/2020,FEU,Z03,14,0.11778284652
01/30/2020,FEU,Z01,15,0.09648468262
01/30/2020,FEU,Z02,15,0.11504200244
01/30/2020,FEU,Z03,15,0.11504200244
01/30/2020,FEU,Z01,16,0.09431409252
01/30/2020,FEU,Z02,16,0.11289674432
01/30/2020,FEU,Z03,16,0.11289674432
01/30/2020,FEU,Z01,17,0.09660474346
01/30/2020,FEU,Z02,17,0.11520619426
01/30/2020,FEU,Z03,17,0.11520619426
01/30/2020,FEU,Z01,18,0.09930321242
01/30/2020,FEU,Z02,18,0.11792707922
01/30/2020,FEU,Z03,18,0.11792707922
01/30/2020,FEU,Z01,19,0.10349006044
01/30/2020,FEU,Z02,19,0.12214972424
01/30/2020,FEU,Z03,19,0.12214972424
01/30/2020,FEU,Z01,2,0.09342671088
01/30/2020,FEU,Z02,2,0.04461078408
01/30/2020,FEU,Z03,2,0.04170956486
01/30/2020,FEU,Z01,20,0.1042258564
01/30/2020,FEU,Z02,20,0.1228911862
01/30/2020,FEU,Z03,20,0.1228911862
01/30/2020,FEU,Z01,21,0.10646166432
01/30/2020,FEU,Z02,21,0.1251976011
01/30/2020,FEU,Z03,21,0.1251976011
01/30/2020,FEU,Z01,22,0.1047967062
01/30/2020,FEU,Z02,22,0.12351518598
01/30/2020,FEU,Z03,22,0.12351518598
01/30/2020,FEU,Z01,23,0.10577474074
01/30/2020,FEU,Z02,23,0.05690039974
01/30/2020,FEU,Z03,23,0.1245457755
01/30/2020,FEU,Z01,24,0.09895992166
01/30/2020,FEU,Z02,24,0.05031830668
01/30/2020,FEU,Z03,24,0.05368361854
01/30/2020,FEU,Z01,3,0.08927773874
01/30/2020,FEU,Z02,3,0.04058092098
01/30/2020,FEU,Z03,3,0.03778487878
01/30/2020,FEU,Z01,4,0.0879376547
01/30/2020,FEU,Z02,4,0.03927023196
01/30/2020,FEU,Z03,4,0.03654937174
01/30/2020,FEU,Z01,5,0.08753006272
01/30/2020,FEU,Z02,5,0.03891684396
01/30/2020,FEU,Z03,5,0.03617707876
01/30/2020,FEU,Z01,6,0.08855242886
01/30/2020,FEU,Z02,6,0.03993562008
01/30/2020,FEU,Z03,6,0.03721938484
01/30/2020,FEU,Z01,7,0.09580177928
01/30/2020,FEU,Z02,7,0.04710006238
01/30/2020,FEU,Z03,7,0.0442162121
01/30/2020,FEU,Z01,8,0.10712720866
01/30/2020,FEU,Z02,8,0.05814216668
01/30/2020,FEU,Z03,8,0.06189117154
01/30/2020,FEU,Z01,9,0.10633610844
01/30/2020,FEU,Z02,9,0.05789147328
01/30/2020,FEU,Z03,9,0.06119732734
01/31/2020,FEU,Z01,1,0.09667162916
01/31/2020,FEU,Z02,1,0.0478422163
01/31/2020,FEU,Z03,1,0.05132768502
01/31/2020,FEU,Z01,10,0.10319391242
01/31/2020,FEU,Z02,10,0.05485921426
01/31/2020,FEU,Z03,10,0.05803798432
01/31/2020,FEU,Z01,11,0.1030284265
01/31/2020,FEU,Z02,11,0.05475433132
01/31/2020,FEU,Z03,11,0.0578870364
01/31/2020,FEU,Z01,12,0.10247808852
01/31/2020,FEU,Z02,12,0.05422534234
01/31/2020,FEU,Z03,12,0.05733816542
01/31/2020,FEU,Z01,13,0.0991559417
01/31/2020,FEU,Z02,13,0.1177821765
01/31/2020,FEU,Z03,13,0.0540360566
01/31/2020,FEU,Z01,14,0.09894333272
01/31/2020,FEU,Z02,14,0.11756800452
01/31/2020,FEU,Z03,14,0.11756800452
01/31/2020,FEU,Z01,15,0.09916708864
01/31/2020,FEU,Z02,15,0.11779263244
01/31/2020,FEU,Z03,15,0.11779263244
01/31/2020,FEU,Z01,16,0.0973965266
01/31/2020,FEU,Z02,16,0.1160064164
01/31/2020,FEU,Z03,16,0.1160064164
01/31/2020,FEU,Z01,17,0.09810657256
01/31/2020,FEU,Z02,17,0.11672202836
01/31/2020,FEU,Z03,17,0.11672202836
01/31/2020,FEU,Z01,18,0.09984267046
01/31/2020,FEU,Z02,18,0.11847163126
01/31/2020,FEU,Z03,18,0.11847163126
01/31/2020,FEU,Z01,19,0.10095499142
01/31/2020,FEU,Z02,19,0.11959286822
01/31/2020,FEU,Z03,19,0.11959286822
01/31/2020,FEU,Z01,2,0.09175697096
01/31/2020,FEU,Z02,2,0.04302905616
01/31/2020,FEU,Z03,2,0.0402437569
01/31/2020,FEU,Z01,20,0.10243096938
01/31/2020,FEU,Z02,20,0.12108081218
01/31/2020,FEU,Z03,20,0.12108081218
01/31/2020,FEU,Z01,21,0.10220573334
01/31/2020,FEU,Z02,21,0.12090244412
01/31/2020,FEU,Z03,21,0.12090244412
01/31/2020,FEU,Z01,22,0.10111083314
01/31/2020,FEU,Z02,22,0.11979434392
01/31/2020,FEU,Z03,22,0.11979434392
01/31/2020,FEU,Z01,23,0.09853174368
01/31/2020,FEU,Z02,23,0.0499100767
01/31/2020,FEU,Z03,23,0.11723022344
01/31/2020,FEU,Z01,24,0.0926427556
01/31/2020,FEU,Z02,24,0.04422209664
01/31/2020,FEU,Z03,24,0.04732392748
01/31/2020,FEU,Z01,3,0.09033988286
01/31/2020,FEU,Z02,3,0.04163513608
01/31/2020,FEU,Z03,3,0.03886490284
01/31/2020,FEU,Z01,4,0.08742218682
01/31/2020,FEU,Z02,4,0.03885580604
01/31/2020,FEU,Z03,4,0.03614391582
01/31/2020,FEU,Z01,5,0.08755060482
01/31/2020,FEU,Z02,5,0.03897680404
01/31/2020,FEU,Z03,5,0.03626213382
01/31/2020,FEU,Z01,6,0.09076538696
01/31/2020,FEU,Z02,6,0.04211844014
01/31/2020,FEU,Z03,6,0.0393289969
01/31/2020,FEU,Z01,7,0.09464071932
01/31/2020,FEU,Z02,7,0.04599478342
01/31/2020,FEU,Z03,7,0.04317965712
01/31/2020,FEU,Z01,8,0.1017341956
01/31/2020,FEU,Z02,8,0.05292603264
01/31/2020,FEU,Z03,8,0.05646007948
01/31/2020,FEU,Z01,9,0.1029167363
01/31/2020,FEU,Z02,9,0.05453342316
01/31/2020,FEU,Z03,9,0.05778288518
02/01/2020,FEU,Z01,1,0.08644186414
02/01/2020,FEU,Z02,1,0.03807961628
02/01/2020,FEU,Z03,1,0.041036475
02/01/2020,FEU,Z01,10,0.0905543011
02/01/2020,FEU,Z02,10,0.04248972502
02/01/2020,FEU,Z03,10,0.045284576
02/01/2020,FEU,Z01,11,0.09229541624
02/01/2020,FEU,Z02,11,0.04421679814
02/01/2020,FEU,Z03,11,0.04706053814
02/01/2020,FEU,Z01,12,0.09224291626
02/01/2020,FEU,Z02,12,0.04420536814
02/01/2020,FEU,Z03,12,0.04701039216
02/01/2020,FEU,Z01,13,0.08936383946
02/01/2020,FEU,Z02,13,0.10790377026
02/01/2020,FEU,Z03,13,0.04415678036
02/01/2020,FEU,Z01,14,0.08846938244
02/01/2020,FEU,Z02,14,0.10700153624
02/01/2020,FEU,Z03,14,0.10700153624
02/01/2020,FEU,Z01,15,0.08710828734
02/01/2020,FEU,Z02,15,0.10566461612
02/01/2020,FEU,Z03,15,0.10566461612
02/01/2020,FEU,Z01,16,0.0854794362
02/01/2020,FEU,Z02,16,0.10401935298
02/01/2020,FEU,Z03,16,0.10401935298
02/01/2020,FEU,Z01,17,0.08805349616
02/01/2020,FEU,Z02,17,0.10661680994
02/01/2020,FEU,Z03,17,0.10661680994
02/01/2020,FEU,Z01,18,0.08992237622
02/01/2020,FEU,Z02,18,0.108503576
02/01/2020,FEU,Z03,18,0.108503576
02/01/2020,FEU,Z01,19,0.09728054426
02/01/2020,FEU,Z02,19,0.11593036204
02/01/2020,FEU,Z03,19,0.11593036204
02/01/2020,FEU,Z01,2,0.085791975
02/01/2020,FEU,Z02,2,0.03738401518
02/01/2020,FEU,Z03,2,0.03474382194
02/01/2020,FEU,Z01,20,0.10021911622
02/01/2020,FEU,Z02,20,0.118895576
02/01/2020,FEU,Z03,20,0.118895576
02/01/2020,FEU,Z01,21,0.1010965911
02/01/2020,FEU,Z02,21,0.11982848286
02/01/2020,FEU,Z03,21,0.11982848286
02/01/2020,FEU,Z01,22,0.10114902494
02/01/2020,FEU,Z02,22,0.11982993972
02/01/2020,FEU,Z03,22,0.11982993972
02/01/2020,FEU,Z01,23,0.1009329254
02/01/2020,FEU,Z02,23,0.05205620848
02/01/2020,FEU,Z03,23,0.11974352712
02/01/2020,FEU,Z01,24,0.0955721703
02/01/2020,FEU,Z02,24,0.0468826964
02/01/2020,FEU,Z03,24,0.05024885516
02/01/2020,FEU,Z01,3,0.08197575888
02/01/2020,FEU,Z02,3,0.03370685208
02/01/2020,FEU,Z03,3,0.03116235286
02/01/2020,FEU,Z01,4,0.0803578148
02/01/2020,FEU,Z02,4,0.03213002602
02/01/2020,FEU,Z03,4,0.0296388968
02/01/2020,FEU,Z01,5,0.07941597876
02/01/2020,FEU,Z02,5,0.031204576
02/01/2020,FEU,Z03,5,0.02874417178
02/01/2020,FEU,Z01,6,0.0819050948
02/01/2020,FEU,Z02,6,0.03360359702
02/01/2020,FEU,Z03,6,0.0310633768
02/01/2020,FEU,Z01,7,0.08509633096
02/01/2020,FEU,Z02,7,0.03671653614
02/01/2020,FEU,Z03,7,0.0340991569
02/01/2020,FEU,Z01,8,0.08692166214
02/01/2020,FEU,Z02,8,0.0385056013
02/01/2020,FEU,Z03,8,0.041518975
02/01/2020,FEU,Z01,9,0.08649672782
02/01/2020,FEU,Z02,9,0.0384591768
02/01/2020,FEU,Z03,9,0.0411891407
02/02/2020,FEU,Z01,1,0.09244451888
02/02/2020,FEU,Z02,1,0.0436408461
02/02/2020,FEU,Z03,1,0.04702335074
02/02/2020,FEU,Z01,10,0.08672336274
02/02/2020,FEU,Z02,10,0.03863548474
02/02/2020,FEU,Z03,10,0.04140181362
02/02/2020,FEU,Z01,11,0.08822822392
02/02/2020,FEU,Z02,11,0.04016414488
02/02/2020,FEU,Z03,11,0.0429481258
02/02/2020,FEU,Z01,12,0.08922970094
02/02/2020,FEU,Z02,12,0.0411280819
02/02/2020,FEU,Z03,12,0.04395837782
02/02/2020,FEU,Z01,13,0.08755716014
02/02/2020,FEU,Z02,13,0.10611569992
02/02/2020,FEU,Z03,13,0.04231528502
02/02/2020,FEU,Z01,14,0.08704894214
02/02/2020,FEU,Z02,14,0.10560279592
02/02/2020,FEU,Z03,14,0.10560279592
02/02/2020,FEU,Z01,15,0.08642876408
02/02/2020,FEU,Z02,15,0.10497634786
02/02/2020,FEU,Z03,15,0.10497634786
02/02/2020,FEU,Z01,16,0.08273229794
02/02/2020,FEU,Z02,16,0.1012771307
02/02/2020,FEU,Z03,16,0.1012771307
02/02/2020,FEU,Z01,17,0.08492243588
02/02/2020,FEU,Z02,17,0.10345447666
02/02/2020,FEU,Z03,17,0.10345447666
02/02/2020,FEU,Z01,18,0.09034244792
02/02/2020,FEU,Z02,18,0.10896295168
02/02/2020,FEU,Z03,18,0.10896295168
02/02/2020,FEU,Z01,19,0.09579859702
02/02/2020,FEU,Z02,19,0.1144315958
02/02/2020,FEU,Z03,19,0.1144315958
02/02/2020,FEU,Z01,2,0.08645187072
02/02/2020,FEU,Z02,2,0.03789153796
02/02/2020,FEU,Z03,2,0.03518589276
02/02/2020,FEU,Z01,20,0.1047975061
02/02/2020,FEU,Z02,20,0.12351435788
02/02/2020,FEU,Z03,20,0.12351435788
02/02/2020,FEU,Z01,21,0.10773789608
02/02/2020,FEU,Z02,21,0.12648146686
02/02/2020,FEU,Z03,21,0.12648146686
02/02/2020,FEU,Z01,22,0.10774208906
02/02/2020,FEU,Z02,22,0.12648655984
02/02/2020,FEU,Z03,22,0.12648655984
02/02/2020,FEU,Z01,23,0.10543717058
02/02/2020,FEU,Z02,23,0.05647060462
02/02/2020,FEU,Z03,23,0.12425370132
02/02/2020,FEU,Z01,24,0.09883162748
02/02/2020,FEU,Z02,24,0.05009449054
02/02/2020,FEU,Z03,24,0.05356144034
02/02/2020,FEU,Z01,3,0.07995178958
02/02/2020,FEU,Z02,3,0.03164404986
02/02/2020,FEU,Z03,3,0.02912416468
02/02/2020,FEU,Z01,4,0.07424087864
02/02/2020,FEU,Z02,4,0.0262487009
02/02/2020,FEU,Z03,4,0.0239320067
02/02/2020,FEU,Z01,5,0.06992345762
02/02/2020,FEU,Z02,5,0.02214291988
02/02/2020,FEU,Z03,5,0.0199453767
02/02/2020,FEU,Z01,6,0.07376887856
02/02/2020,FEU,Z02,6,0.02576855984
02/02/2020,FEU,Z03,6,0.02344992166
02/02/2020,FEU,Z01,7,0.08133125566
02/02/2020,FEU,Z02,7,0.03298801192
02/02/2020,FEU,Z03,7,0.03044692072
02/02/2020,FEU,Z01,8,0.08351014578
02/02/2020,FEU,Z02,8,0.035127376
02/02/2020,FEU,Z03,8,0.03804804062
02/02/2020,FEU,Z01,9,0.08300782138
02/02/2020,FEU,Z02,9,0.03491556746
02/02/2020,FEU,Z03,9,0.03762839724
02/03/2020,FEU,Z01,1,0.10271248902
02/03/2020,FEU,Z02,1,0.0535075462
02/03/2020,FEU,Z03,1,0.05737555888
02/03/2020,FEU,Z01,10,0.10421384682
02/03/2020,FEU,Z02,10,0.05612371156
02/03/2020,FEU,Z03,10,0.05913858872
02/03/2020,FEU,Z01,11,0.1028095469
02/03/2020,FEU,Z02,11,0.05477327564
02/03/2020,FEU,Z03,11,0.05769619982
02/03/2020,FEU,Z01,12,0.10294675492
02/03/2020,FEU,Z02,12,0.05495550964
02/03/2020,FEU,Z03,12,0.05788511682
02/03/2020,FEU,Z01,13,0.10175089906
02/03/2020,FEU,Z02,13,0.12035414088
02/03/2020,FEU,Z03,13,0.05671078496
02/03/2020,FEU,Z01,14,0.101539627
02/03/2020,FEU,Z02,14,0.12014046282
02/03/2020,FEU,Z03,14,0.12014046282
02/03/2020,FEU,Z01,15,0.10138885492
02/03/2020,FEU,Z02,15,0.11998752674
02/03/2020,FEU,Z03,15,0.11998752674
02/03/2020,FEU,Z01,16,0.10148114684
02/03/2020,FEU,Z02,16,0.12007956266
02/03/2020,FEU,Z03,16,0.12007956266
02/03/2020,FEU,Z01,17,0.10173697986
02/03/2020,FEU,Z02,17,0.12033762868
02/03/2020,FEU,Z03,17,0.12033762868
02/03/2020,FEU,Z01,18,0.10209863688
02/03/2020,FEU,Z02,18,0.12065196872
02/03/2020,FEU,Z03,18,0.12065196872
02/03/2020,FEU,Z01,19,0.10408344492
02/03/2020,FEU,Z02,19,0.12270313174
02/03/2020,FEU,Z03,19,0.12270313174
02/03/2020,FEU,Z01,2,0.0926881748
02/03/2020,FEU,Z02,2,0.04386463902
02/03/2020,FEU,Z03,2,0.0409918168
02/03/2020,FEU,Z01,20,0.11086458488
02/03/2020,FEU,Z02,20,0.1295365417
02/03/2020,FEU,Z03,20,0.1295365417
02/03/2020,FEU,Z01,21,0.11246254874
02/03/2020,FEU,Z02,21,0.13114474056
02/03/2020,FEU,Z03,21,0.13114474056
02/03/2020,FEU,Z01,22,0.11238355154
02/03/2020,FEU,Z02,22,0.13112047034
02/03/2020,FEU,Z03,22,0.13112047034
02/03/2020,FEU,Z01,23,0.10795345404
02/03/2020,FEU,Z02,23,0.05916415498
02/03/2020,FEU,Z03,23,0.12669952082
02/03/2020,FEU,Z01,24,0.10627861694
02/03/2020,FEU,Z02,24,0.05754576088
02/03/2020,FEU,Z03,24,0.06109232582
02/03/2020,FEU,Z01,3,0.0894139097
02/03/2020,FEU,Z02,3,0.04070616394
02/03/2020,FEU,Z03,3,0.03790659274
02/03/2020,FEU,Z01,4,0.08980234262
02/03/2020,FEU,Z02,4,0.0410027209
02/03/2020,FEU,Z03,4,0.0381951017
02/03/2020,FEU,Z01,5,0.0902361597
02/03/2020,FEU,Z02,5,0.04148811394
02/03/2020,FEU,Z03,5,0.03866254274
02/03/2020,FEU,Z01,6,0.09330871794
02/03/2020,FEU,Z02,6,0.04450444014
02/03/2020,FEU,Z03,6,0.0416389969
02/03/2020,FEU,Z01,7,0.10190055854
02/03/2020,FEU,Z02,7,0.05308087458
02/03/2020,FEU,Z03,7,0.05008851526
02/03/2020,FEU,Z01,8,0.10459214996
02/03/2020,FEU,Z02,8,0.0559270969
02/03/2020,FEU,Z03,8,0.05940129584
02/03/2020,FEU,Z01,9,0.10558768562
02/03/2020,FEU,Z02,9,0.05728533942
02/03/2020,FEU,Z03,9,0.06048011252
02/04/2020,FEU,Z01,1,0.10427827038
02/04/2020,FEU,Z02,1,0.05525295046
02/04/2020,FEU,Z03,1,0.05901979924
02/04/2020,FEU,Z01,10,0.10280604786
02/04/2020,FEU,Z02,10,0.0547653776
02/04/2020,FEU,Z03,10,0.05768514278
02/04/2020,FEU,Z01,11,0.10155510798
02/04/2020,FEU,Z02,11,0.05365922968
02/04/2020,FEU,Z03,11,0.05649888088
02/04/2020,FEU,Z01,12,0.10022224998
02/04/2020,FEU,Z02,12,0.0523230777
02/04/2020,FEU,Z03,12,0.0551150069
02/04/2020,FEU,Z01,13,0.09876410414
02/04/2020,FEU,Z02,13,0.11734484096
02/04/2020,FEU,Z03,13,0.05372619304
02/04/2020,FEU,Z01,14,0.09653543312
02/04/2020,FEU,Z02,14,0.11505351296
02/04/2020,FEU,Z03,14,0.11505351296
02/04/2020,FEU,Z01,15,0.09120079306
02/04/2020,FEU,Z02,15,0.10972125288
02/04/2020,FEU,Z03,15,0.10972125288
02/04/2020,FEU,Z01,16,0.088557277
02/04/2020,FEU,Z02,16,0.10705651182
02/04/2020,FEU,Z03,16,0.10705651182
02/04/2020,FEU,Z01,17,0.09120633304
02/04/2020,FEU,Z02,17,0.10972781386
02/04/2020,FEU,Z03,17,0.10972781386
02/04/2020,FEU,Z01,18,0.09886530002
02/04/2020,FEU,Z02,18,0.11744543684
02/04/2020,FEU,Z03,18,0.11744543684
02/04/2020,FEU,Z01,19,0.10062110406
02/04/2020,FEU,Z02,19,0.1191659969
02/04/2020,FEU,Z03,19,0.1191659969
02/04/2020,FEU,Z01,2,0.09894768714
02/04/2020,FEU,Z02,2,0.05001196228
02/04/2020,FEU,Z03,2,0.04700339002
02/04/2020,FEU,Z01,20,0.10272403292
02/04/2020,FEU,Z02,20,0.12128211076
02/04/2020,FEU,Z03,20,0.12128211076
02/04/2020,FEU,Z01,21,0.10319020676
02/04/2020,FEU,Z02,21,0.12180089458
02/04/2020,FEU,Z03,21,0.12180089458
02/04/2020,FEU,Z01,22,0.10322594054
02/04/2020,FEU,Z02,22,0.12188478934
02/04/2020,FEU,Z03,22,0.12188478934
02/04/2020,FEU,Z01,23,0.10182487208
02/04/2020,FEU,Z02,23,0.053324427
02/04/2020,FEU,Z03,23,0.12056252784
02/04/2020,FEU,Z01,24,0.09484152596
02/04/2020,FEU,Z02,24,0.04651934492
02/04/2020,FEU,Z03,24,0.04960199984
02/04/2020,FEU,Z01,3,0.09483754402
02/04/2020,FEU,Z02,3,0.0460045962
02/04/2020,FEU,Z03,3,0.04312613194
02/04/2020,FEU,Z01,4,0.09386556398
02/04/2020,FEU,Z02,4,0.04507333616
02/04/2020,FEU,Z03,4,0.04218994492
02/04/2020,FEU,Z01,5,0.093139475
02/04/2020,FEU,Z02,5,0.04438471318
02/04/2020,FEU,Z03,5,0.04155755292
02/04/2020,FEU,Z01,6,0.09329452314
02/04/2020,FEU,Z02,6,0.04461684828
02/04/2020,FEU,Z03,6,0.04177773802
02/04/2020,FEU,Z01,7,0.10068365762
02/04/2020,FEU,Z02,7,0.05196593664
02/04/2020,FEU,Z03,7,0.0490451623
02/04/2020,FEU,Z01,8,0.10427073102
02/04/2020,FEU,Z02,8,0.05562284896
02/04/2020,FEU,Z03,8,0.0590898159
02/04/2020,FEU,Z01,9,0.10375286966
02/04/2020,FEU,Z02,9,0.05556373744
02/04/2020,FEU,Z03,9,0.05864508056
02/05/2020,FEU,Z01,1,0.08774470938
02/05/2020,FEU,Z02,1,0.03941185648
02/05/2020,FEU,Z03,1,0.04239222124
02/05/2020,FEU,Z01,10,0.10110294386
02/05/2020,FEU,Z02,10,0.0531167376
02/05/2020,FEU,Z03,10,0.05597615078
02/05/2020,FEU,Z01,11,0.10004873696
02/05/2020,FEU,Z02,11,0.05215262968
02/05/2020,FEU,Z03,11,0.05493828088
02/05/2020,FEU,Z01,12,0.098504777
02/05/2020,FEU,Z02,12,0.05066060972
02/05/2020,FEU,Z03,12,0.05339532692
02/05/2020,FEU,Z01,13,0.09479919518
02/05/2020,FEU,Z02,13,0.113350277
02/05/2020,FEU,Z03,13,0.04975266908
02/05/2020,FEU,Z01,14,0.09427145712
02/05/2020,FEU,Z02,14,0.11277255296
02/05/2020,FEU,Z03,14,0.11277255296
02/05/2020,FEU,Z01,15,0.09346789304
02/05/2020,FEU,Z02,15,0.11200594686
02/05/2020,FEU,Z03,15,0.11200594686
02/05/2020,FEU,Z01,16,0.09575753696
02/05/2020,FEU,Z02,16,0.11431270478
02/05/2020,FEU,Z03,16,0.11431270478
02/05/2020,FEU,Z01,17,0.099251127
02/05/2020,FEU,Z02,17,0.11783405282
02/05/2020,FEU,Z03,17,0.11783405282
02/05/2020,FEU,Z01,18,0.10124487902
02/05/2020,FEU,Z02,18,0.11979371386
02/05/2020,FEU,Z03,18,0.11979371386
02/05/2020,FEU,Z01,19,0.10470901206
02/05/2020,FEU,Z02,19,0.12333546488
02/05/2020,FEU,Z03,19,0.12333546488
02/05/2020,FEU,Z01,2,0.08557937818
02/05/2020,FEU,Z02,2,0.03726137632
02/05/2020,FEU,Z03,2,0.03467965304
02/05/2020,FEU,Z01,20,0.10543138488
02/05/2020,FEU,Z02,20,0.1240610417
02/05/2020,FEU,Z03,20,0.1240610417
02/05/2020,FEU,Z01,21,0.1051405467
02/05/2020,FEU,Z02,21,0.12376555052
02/05/2020,FEU,Z03,21,0.12376555052
02/05/2020,FEU,Z01,22,0.10400311452
02/05/2020,FEU,Z02,22,0.12266829632
02/05/2020,FEU,Z03,22,0.12266829632
02/05/2020,FEU,Z01,23,0.10212811802
02/05/2020,FEU,Z02,23,0.05356537696
02/05/2020,FEU,Z03,23,0.12086778678
02/05/2020,FEU,Z01,24,0.1020513409
02/05/2020,FEU,Z02,24,0.05343536686
02/05/2020,FEU,Z03,24,0.05683629178
02/05/2020,FEU,Z01,3,0.08526963104
02/05/2020,FEU,Z02,3,0.03688978322
02/05/2020,FEU,Z03,3,0.03429397696
02/05/2020,FEU,Z01,4,0.08474577398
02/05/2020,FEU,Z02,4,0.03638484816
02/05/2020,FEU,Z03,4,0.03377843892
02/05/2020,FEU,Z01,5,0.08620694198
02/05/2020,FEU,Z02,5,0.03777710416
02/05/2020,FEU,Z03,5,0.03512515692
02/05/2020,FEU,Z01,6,0.08820816714
02/05/2020,FEU,Z02,6,0.03976492228
02/05/2020,FEU,Z03,6,0.03707603002
02/05/2020,FEU,Z01,7,0.09713876156
02/05/2020,FEU,Z02,7,0.0485235766
02/05/2020,FEU,Z03,7,0.04570196926
02/05/2020,FEU,Z01,8,0.10293218796
02/05/2020,FEU,Z02,8,0.0543320419
02/05/2020,FEU,Z03,8,0.05773304784
02/05/2020,FEU,Z01,9,0.10332984064
02/05/2020,FEU,Z02,9,0.05510576944
02/05/2020,FEU,Z03,9,0.05816924856
02/06/2020,FEU,Z01,1,0.09720379934
02/06/2020,FEU,Z02,1,0.04844558644
02/06/2020,FEU,Z03,1,0.0518974152
02/06/2020,FEU,Z01,10,0.10415446496
02/06/2020,FEU,Z02,10,0.05613005368
02/06/2020,FEU,Z03,10,0.05905710888
02/06/2020,FEU,Z01,11,0.10119231006
02/06/2020,FEU,Z02,11,0.05331693776
02/06/2020,FEU,Z03,11,0.05610351898
02/06/2020,FEU,Z01,12,0.09952431908
02/06/2020,FEU,Z02,12,0.05170336178
02/06/2020,FEU,Z03,12,0.054433477
02/06/2020,FEU,Z01,13,0.09750872222
02/06/2020,FEU,Z02,13,0.11603338306
02/06/2020,FEU,Z03,13,0.05243717114
02/06/2020,FEU,Z01,14,0.09622430418
02/06/2020,FEU,Z02,14,0.11473958702
02/06/2020,FEU,Z03,14,0.11473958702
02/06/2020,FEU,Z01,15,0.09644157908
02/06/2020,FEU,Z02,15,0.1150033769
02/06/2020,FEU,Z03,15,0.1150033769
02/06/2020,FEU,Z01,16,0.09676349498
02/06/2020,FEU,Z02,16,0.11528077582
02/06/2020,FEU,Z03,16,0.11528077582
02/06/2020,FEU,Z01,17,0.09779213402
02/06/2020,FEU,Z02,17,0.11636386484
02/06/2020,FEU,Z03,17,0.11636386484
02/06/2020,FEU,Z01,18,0.10150963304
02/06/2020,FEU,Z02,18,0.12006051688
02/06/2020,FEU,Z03,18,0.12006051688
02/06/2020,FEU,Z01,19,0.1063584871
02/06/2020,FEU,Z02,19,0.12499845092
02/06/2020,FEU,Z03,19,0.12499845092
02/06/2020,FEU,Z01,2,0.09194333516
02/06/2020,FEU,Z02,2,0.0433297363
02/06/2020,FEU,Z03,2,0.04056439402
02/06/2020,FEU,Z01,20,0.10732849292
02/06/2020,FEU,Z02,20,0.12597348774
02/06/2020,FEU,Z03,20,0.12597348774
02/06/2020,FEU,Z01,21,0.1065129167
02/06/2020,FEU,Z02,21,0.12514852252
02/06/2020,FEU,Z03,21,0.12514852252
02/06/2020,FEU,Z01,22,0.10665396946
02/06/2020,FEU,Z02,22,0.12534080026
02/06/2020,FEU,Z03,22,0.12534080026
02/06/2020,FEU,Z01,23,0.10472794994
02/06/2020,FEU,Z02,23,0.0560091019
02/06/2020,FEU,Z03,23,0.12344158972
02/06/2020,FEU,Z01,24,0.10402360082
02/06/2020,FEU,Z02,24,0.0552756968
02/06/2020,FEU,Z03,24,0.0588029957
02/06/2020,FEU,Z01,3,0.08976742304
02/06/2020,FEU,Z02,3,0.0412088962
02/06/2020,FEU,Z03,3,0.03847838894
02/06/2020,FEU,Z01,4,0.089104475
02/06/2020,FEU,Z02,4,0.04054016518
02/06/2020,FEU,Z03,4,0.03783128692
02/06/2020,FEU,Z01,5,0.087924475
02/06/2020,FEU,Z02,5,0.03941586118
02/06/2020,FEU,Z03,5,0.03671083994
02/06/2020,FEU,Z01,6,0.09019087316
02/06/2020,FEU,Z02,6,0.0416577013
02/06/2020,FEU,Z03,6,0.03894315502
02/06/2020,FEU,Z01,7,0.09487674158
02/06/2020,FEU,Z02,7,0.04635875462
02/06/2020,FEU,Z03,7,0.04359844128
02/06/2020,FEU,Z01,8,0.10511003102
02/06/2020,FEU,Z02,8,0.05643040096
02/06/2020,FEU,Z03,8,0.0599333159
02/06/2020,FEU,Z01,9,0.10445645674
02/06/2020,FEU,Z02,9,0.0563016025
02/06/2020,FEU,Z03,9,0.05936696064
02/07/2020,FEU,Z01,1,0.10526083322
02/07/2020,FEU,Z02,1,0.05608761334
02/07/2020,FEU,Z03,1,0.05997692508
02/07/2020,FEU,Z01,10,0.10701703178
02/07/2020,FEU,Z02,10,0.05878273354
02/07/2020,FEU,Z03,10,0.06194620468
02/07/2020,FEU,Z01,11,0.10219515186
02/07/2020,FEU,Z02,11,0.0541740176
02/07/2020,FEU,Z03,11,0.05707213478
02/07/2020,FEU,Z01,12,0.10092707986
02/07/2020,FEU,Z02,12,0.0529453776
02/07/2020,FEU,Z03,12,0.05579967878
02/07/2020,FEU,Z01,13,0.099193627
02/07/2020,FEU,Z02,13,0.11772798884
02/07/2020,FEU,Z03,13,0.05408657292
02/07/2020,FEU,Z01,14,0.09747632096
02/07/2020,FEU,Z02,14,0.11604491678
02/07/2020,FEU,Z03,14,0.11604491678
02/07/2020,FEU,Z01,15,0.09639279686
02/07/2020,FEU,Z02,15,0.11495187468
02/07/2020,FEU,Z03,15,0.11495187468
02/07/2020,FEU,Z01,16,0.09518295878
02/07/2020,FEU,Z02,16,0.1137318266
02/07/2020,FEU,Z03,16,0.1137318266
02/07/2020,FEU,Z01,17,0.09630216278
02/07/2020,FEU,Z02,17,0.1148608766
02/07/2020,FEU,Z03,17,0.1148608766
02/07/2020,FEU,Z01,18,0.0990364968
02/07/2020,FEU,Z02,18,0.11761546162
02/07/2020,FEU,Z03,18,0.11761546162
02/07/2020,FEU,Z01,19,0.10137777382
02/07/2020,FEU,Z02,19,0.11997514464
02/07/2020,FEU,Z03,19,0.11997514464
02/07/2020,FEU,Z01,2,0.10084773202
02/07/2020,FEU,Z02,2,0.0517308762
02/07/2020,FEU,Z03,2,0.04867436794
02/07/2020,FEU,Z01,20,0.1037332267
02/07/2020,FEU,Z02,20,0.12234735852
02/07/2020,FEU,Z03,20,0.12234735852
02/07/2020,FEU,Z01,21,0.10426609052
02/07/2020,FEU,Z02,21,0.12293351232
02/07/2020,FEU,Z03,21,0.12293351232
02/07/2020,FEU,Z01,22,0.10394710934
02/07/2020,FEU,Z02,22,0.12266001212
02/07/2020,FEU,Z03,22,0.12266001212
02/07/2020,FEU,Z01,23,0.10355799176
02/07/2020,FEU,Z02,23,0.05477804676
02/07/2020,FEU,Z03,23,0.1223567005
02/07/2020,FEU,Z01,24,0.10055070164
02/07/2020,FEU,Z02,24,0.05184048466
02/07/2020,FEU,Z03,24,0.05527841552
02/07/2020,FEU,Z01,3,0.0953627499
02/07/2020,FEU,Z02,3,0.0464550711
02/07/2020,FEU,Z03,3,0.04349382488
02/07/2020,FEU,Z01,4,0.09417042682
02/07/2020,FEU,Z02,4,0.04527708604
02/07/2020,FEU,Z03,4,0.04235731482
02/07/2020,FEU,Z01,5,0.09415701684
02/07/2020,FEU,Z02,5,0.04526508106
02/07/2020,FEU,Z03,5,0.04234469284
02/07/2020,FEU,Z01,6,0.099929475
02/07/2020,FEU,Z02,6,0.05085422518
02/07/2020,FEU,Z03,6,0.04778425194
02/07/2020,FEU,Z01,7,0.10380724344
02/07/2020,FEU,Z02,7,0.05480782852
02/07/2020,FEU,Z03,7,0.0517698772
02/07/2020,FEU,Z01,8,0.10716579182
02/07/2020,FEU,Z02,8,0.0582905368
02/07/2020,FEU,Z03,8,0.0619607807
02/07/2020,FEU,Z01,9,0.10891006856
02/07/2020,FEU,Z02,9,0.06048807336
02/07/2020,FEU,Z03,9,0.06380520446
02/08/2020,FEU,Z01,1,0.10535783814
02/08/2020,FEU,Z02,1,0.05612816428
02/08/2020,FEU,Z03,1,0.060058975
02/08/2020,FEU,Z01,10,0.1021039761
02/08/2020,FEU,Z02,10,0.05359481002
02/08/2020,FEU,Z03,10,0.056882576
02/08/2020,FEU,Z01,11,0.10268091224
02/08/2020,FEU,Z02,11,0.05420776114
02/08/2020,FEU,Z03,11,0.05748855114
02/08/2020,FEU,Z01,12,0.10206415426
02/08/2020,FEU,Z02,12,0.05366255014
02/08/2020,FEU,Z03,12,0.05687300016
02/08/2020,FEU,Z01,13,0.10065597746
02/08/2020,FEU,Z02,13,0.11929184826
02/08/2020,FEU,Z03,13,0.05549688836
02/08/2020,FEU,Z01,14,0.10099034444
02/08/2020,FEU,Z02,14,0.11962878824
02/08/2020,FEU,Z03,14,0.11962878824
02/08/2020,FEU,Z01,15,0.10017570534
02/08/2020,FEU,Z02,15,0.11885354012
02/08/2020,FEU,Z03,15,0.11885354012
02/08/2020,FEU,Z01,16,0.0992881962
02/08/2020,FEU,Z02,16,0.11795575698
02/08/2020,FEU,Z03,16,0.11795575698
02/08/2020,FEU,Z01,17,0.09935604016
02/08/2020,FEU,Z02,17,0.11802365594
02/08/2020,FEU,Z03,17,0.11802365594
02/08/2020,FEU,Z01,18,0.10118458422
02/08/2020,FEU,Z02,18,0.119869976
02/08/2020,FEU,Z03,18,0.119869976
02/08/2020,FEU,Z01,19,0.10265528026
02/08/2020,FEU,Z02,19,0.12135490604
02/08/2020,FEU,Z03,19,0.12135490604
02/08/2020,FEU,Z01,2,0.104675725
02/08/2020,FEU,Z02,2,0.05537645218
02/08/2020,FEU,Z03,2,0.05216219294
02/08/2020,FEU,Z01,20,0.10445552322
02/08/2020,FEU,Z02,20,0.123171176
02/08/2020,FEU,Z03,20,0.123171176
02/08/2020,FEU,Z01,21,0.1050161911
02/08/2020,FEU,Z02,21,0.12378623586
02/08/2020,FEU,Z03,21,0.12378623586
02/08/2020,FEU,Z01,22,0.10466659694
02/08/2020,FEU,Z02,22,0.12337967572
02/08/2020,FEU,Z03,22,0.12337967572
02/08/2020,FEU,Z01,23,0.1031678354
02/08/2020,FEU,Z02,23,0.05419300048
02/08/2020,FEU,Z03,23,0.12200387512
02/08/2020,FEU,Z01,24,0.1014149553
02/08/2020,FEU,Z02,24,0.0524652764
02/08/2020,FEU,Z03,24,0.05612475716
02/08/2020,FEU,Z01,3,0.10197002288
02/08/2020,FEU,Z02,3,0.05274597608
02/08/2020,FEU,Z03,3,0.04957947886
02/08/2020,FEU,Z01,4,0.0988281548
02/08/2020,FEU,Z02,4,0.04970736602
02/08/2020,FEU,Z03,4,0.0466444968
02/08/2020,FEU,Z01,5,0.09754460876
02/08/2020,FEU,Z02,5,0.048443776
02/08/2020,FEU,Z03,5,0.04542193678
02/08/2020,FEU,Z01,6,0.0982271348
02/08/2020,FEU,Z02,6,0.04913544302
02/08/2020,FEU,Z03,6,0.0460911768
02/08/2020,FEU,Z01,7,0.10087027896
02/08/2020,FEU,Z02,7,0.05174714314
02/08/2020,FEU,Z03,7,0.0486510019
02/08/2020,FEU,Z01,8,0.09877118114
02/08/2020,FEU,Z02,8,0.0498022063
02/08/2020,FEU,Z03,8,0.053435225
02/08/2020,FEU,Z01,9,0.10117640582
02/08/2020,FEU,Z02,9,0.0525438968
02/08/2020,FEU,Z03,9,0.0559416707
02/09/2020,FEU,Z01,1,0.09669105488
02/09/2020,FEU,Z02,1,0.0476811411
02/09/2020,FEU,Z03,1,0.05129355374
02/09/2020,FEU,Z01,10,0.09416147874
02/09/2020,FEU,Z02,10,0.04576700074
02/09/2020,FEU,Z03,10,0.04887672162
02/09/2020,FEU,Z01,11,0.09317786792
02/09/2020,FEU,Z02,11,0.04491761688
02/09/2020,FEU,Z03,11,0.0479224358
02/09/2020,FEU,Z01,12,0.09117134294
02/09/2020,FEU,Z02,12,0.0429934069
02/09/2020,FEU,Z03,12,0.04590970382
02/09/2020,FEU,Z01,13,0.08930132614
02/09/2020,FEU,Z02,13,0.10787594792
02/09/2020,FEU,Z03,13,0.04406822302
02/09/2020,FEU,Z01,14,0.08985845714
02/09/2020,FEU,Z02,14,0.10843821592
02/09/2020,FEU,Z03,14,0.10843821592
02/09/2020,FEU,Z01,15,0.08937929608
02/09/2020,FEU,Z02,15,0.10795401686
02/09/2020,FEU,Z03,15,0.10795401686
02/09/2020,FEU,Z01,16,0.08515032794
02/09/2020,FEU,Z02,16,0.1037192807
02/09/2020,FEU,Z03,16,0.1037192807
02/09/2020,FEU,Z01,17,0.08285293988
02/09/2020,FEU,Z02,17,0.10136610466
02/09/2020,FEU,Z03,17,0.10136610466
02/09/2020,FEU,Z01,18,0.08463428392
02/09/2020,FEU,Z02,18,0.10319789568
02/09/2020,FEU,Z03,18,0.10319789568
02/09/2020,FEU,Z01,19,0.09022324702
02/09/2020,FEU,Z02,19,0.1088050958
02/09/2020,FEU,Z03,19,0.1088050958
02/09/2020,FEU,Z01,2,0.09410033472
02/09/2020,FEU,Z02,2,0.04516483996
02/09/2020,FEU,Z03,2,0.04221715476
02/09/2020,FEU,Z01,20,0.0945695011
02/09/2020,FEU,Z02,20,0.11319340988
02/09/2020,FEU,Z03,20,0.11319340988
02/09/2020,FEU,Z01,21,0.09756232808
02/09/2020,FEU,Z02,21,0.11621351786
02/09/2020,FEU,Z03,21,0.11621351786
02/09/2020,FEU,Z01,22,0.09673208306
02/09/2020,FEU,Z02,22,0.11537537584
02/09/2020,FEU,Z03,22,0.11537537584
02/09/2020,FEU,Z01,23,0.09341398358
02/09/2020,FEU,Z02,23,0.04495829262
02/09/2020,FEU,Z03,23,0.11210126932
02/09/2020,FEU,Z01,24,0.09057942148
02/09/2020,FEU,Z02,24,0.04219902754
02/09/2020,FEU,Z03,24,0.04526211734
02/09/2020,FEU,Z01,3,0.09396456458
02/09/2020,FEU,Z02,3,0.04495122486
02/09/2020,FEU,Z03,3,0.04198048068
02/09/2020,FEU,Z01,4,0.09065513864
02/09/2020,FEU,Z02,4,0.0418462209
02/09/2020,FEU,Z03,4,0.0390117667
02/09/2020,FEU,Z01,5,0.09231496262
02/09/2020,FEU,Z02,5,0.04342278988
02/09/2020,FEU,Z03,5,0.0405018017
02/09/2020,FEU,Z01,6,0.09249399056
02/09/2020,FEU,Z02,6,0.04355152784
02/09/2020,FEU,Z03,6,0.04062932866
02/09/2020,FEU,Z01,7,0.09227686866
02/09/2020,FEU,Z02,7,0.04339057192
02/09/2020,FEU,Z03,7,0.04050388072
02/09/2020,FEU,Z01,8,0.09295755778
02/09/2020,FEU,Z02,8,0.044118976
02/09/2020,FEU,Z03,8,0.04755538862
02/09/2020,FEU,Z01,9,0.09225632438
02/09/2020,FEU,Z02,9,0.04375719146
02/09/2020,FEU,Z03,9,0.04692949124
02/10/2020,FEU,Z01,1,0.08951180802
02/10/2020,FEU,Z02,1,0.0409304362
02/10/2020,FEU,Z03,1,0.04410089488
02/10/2020,FEU,Z01,10,0.09611823182
02/10/2020,FEU,Z02,10,0.04828654156
02/10/2020,FEU,Z03,10,0.05100804872
02/10/2020,FEU,Z01,11,0.0929366069
02/10/2020,FEU,Z02,11,0.04521661164
02/10/2020,FEU,Z03,11,0.04778906782
02/10/2020,FEU,Z01,12,0.09145291492
02/10/2020,FEU,Z02,12,0.04382022964
02/10/2020,FEU,Z03,12,0.04634263582
02/10/2020,FEU,Z01,13,0.09049080006
02/10/2020,FEU,Z02,13,0.10900568888
02/10/2020,FEU,Z03,13,0.04540160096
02/10/2020,FEU,Z01,14,0.087832777
02/10/2020,FEU,Z02,14,0.10632750082
02/10/2020,FEU,Z03,14,0.10632750082
02/10/2020,FEU,Z01,15,0.08694308292
02/10/2020,FEU,Z02,15,0.10542909274
02/10/2020,FEU,Z03,15,0.10542909274
02/10/2020,FEU,Z01,16,0.08727943484
02/10/2020,FEU,Z02,16,0.10576747466
02/10/2020,FEU,Z03,16,0.10576747466
02/10/2020,FEU,Z01,17,0.08740637786
02/10/2020,FEU,Z02,17,0.10589671868
02/10/2020,FEU,Z03,17,0.10589671868
02/10/2020,FEU,Z01,18,0.09218131288
02/10/2020,FEU,Z02,18,0.11066601272
02/10/2020,FEU,Z03,18,0.11066601272
02/10/2020,FEU,Z01,19,0.09638626492
02/10/2020,FEU,Z02,19,0.11494592174
02/10/2020,FEU,Z03,19,0.11494592174
02/10/2020,FEU,Z01,2,0.0872777348
02/10/2020,FEU,Z02,2,0.03871613302
02/10/2020,FEU,Z03,2,0.0360096168
02/10/2020,FEU,Z01,20,0.10446843688
02/10/2020,FEU,Z02,20,0.1230905967
02/10/2020,FEU,Z03,20,0.1230905967
02/10/2020,FEU,Z01,21,0.10874327474
02/10/2020,FEU,Z02,21,0.12739668456
02/10/2020,FEU,Z03,21,0.12739668456
02/10/2020,FEU,Z01,22,0.10701238454
02/10/2020,FEU,Z02,22,0.12570469634
02/10/2020,FEU,Z03,22,0.12570469634
02/10/2020,FEU,Z01,23,0.09875880404
02/10/2020,FEU,Z02,23,0.05033022998
02/10/2020,FEU,Z03,23,0.11741923682
02/10/2020,FEU,Z01,24,0.09449282594
02/10/2020,FEU,Z02,24,0.04622042888
02/10/2020,FEU,Z03,24,0.04924775282
02/10/2020,FEU,Z01,3,0.0787803197
02/10/2020,FEU,Z02,3,0.03059374594
02/10/2020,FEU,Z03,3,0.02813041474
02/10/2020,FEU,Z01,4,0.07773034562
02/10/2020,FEU,Z02,4,0.0295395559
02/10/2020,FEU,Z03,4,0.0271136217
02/10/2020,FEU,Z01,5,0.0763148347
02/10/2020,FEU,Z02,5,0.02824909894
02/10/2020,FEU,Z03,5,0.02586372774
02/10/2020,FEU,Z01,6,0.08599370394
02/10/2020,FEU,Z02,6,0.03753970614
02/10/2020,FEU,Z03,6,0.0348972619
02/10/2020,FEU,Z01,7,0.09046550854
02/10/2020,FEU,Z02,7,0.04213085358
02/10/2020,FEU,Z03,7,0.03945756526
02/10/2020,FEU,Z01,8,0.09730682796
02/10/2020,FEU,Z02,8,0.0489266419
02/10/2020,FEU,Z03,8,0.05207960784
02/10/2020,FEU,Z01,9,0.09615268662
02/10/2020,FEU,Z02,9,0.04817318042
02/10/2020,FEU,Z03,9,0.05100475852
02/11/2020,FEU,Z01,1,0.10432874138
02/11/2020,FEU,Z02,1,0.05530120746
02/11/2020,FEU,Z03,1,0.05907055724
02/11/2020,FEU,Z01,10,0.10428585086
02/11/2020,FEU,Z02,10,0.0561978576
02/11/2020,FEU,Z03,10,0.05917006178
02/11/2020,FEU,Z01,11,0.10286379498
02/11/2020,FEU,Z02,11,0.05492923768
02/11/2020,FEU,Z03,11,0.05781325288
02/11/2020,FEU,Z01,12,0.10157812798
02/11/2020,FEU,Z02,12,0.0536365477
02/11/2020,FEU,Z03,12,0.0564755969
02/11/2020,FEU,Z01,13,0.10089922814
02/11/2020,FEU,Z02,13,0.11949792896
02/11/2020,FEU,Z03,13,0.05587065704
02/11/2020,FEU,Z01,14,0.10094898512
02/11/2020,FEU,Z02,14,0.11949792896
02/11/2020,FEU,Z03,14,0.11949792896
02/11/2020,FEU,Z01,15,0.10031829606
02/11/2020,FEU,Z02,15,0.11891029688
02/11/2020,FEU,Z03,15,0.11891029688
02/11/2020,FEU,Z01,16,0.100512677
02/11/2020,FEU,Z02,16,0.11910547582
02/11/2020,FEU,Z03,16,0.11910547582
02/11/2020,FEU,Z01,17,0.10054186904
02/11/2020,FEU,Z02,17,0.11913653786
02/11/2020,FEU,Z03,17,0.11913653786
02/11/2020,FEU,Z01,18,0.10110470102
02/11/2020,FEU,Z02,18,0.11970237884
02/11/2020,FEU,Z03,18,0.11970237884
02/11/2020,FEU,Z01,19,0.10235651506
02/11/2020,FEU,Z02,19,0.1209135119
02/11/2020,FEU,Z03,19,0.1209135119
02/11/2020,FEU,Z01,2,0.10423540914
02/11/2020,FEU,Z02,2,0.05505602028
02/11/2020,FEU,Z03,2,0.05189123602
02/11/2020,FEU,Z01,20,0.10755121492
02/11/2020,FEU,Z02,20,0.12614275676
02/11/2020,FEU,Z03,20,0.12614275676
02/11/2020,FEU,Z01,21,0.10993794076
02/11/2020,FEU,Z02,21,0.12860089158
02/11/2020,FEU,Z03,21,0.12860089158
02/11/2020,FEU,Z01,22,0.10921645154
02/11/2020,FEU,Z02,22,0.12792637034
02/11/2020,FEU,Z03,22,0.12792637034
02/11/2020,FEU,Z01,23,0.10356146408
02/11/2020,FEU,Z02,23,0.054993077
02/11/2020,FEU,Z03,23,0.12231654384
02/11/2020,FEU,Z01,24,0.10282280596
02/11/2020,FEU,Z02,24,0.05418075092
02/11/2020,FEU,Z03,24,0.05762311984
02/11/2020,FEU,Z01,3,0.10132984602
02/11/2020,FEU,Z02,3,0.0521902162
02/11/2020,FEU,Z03,3,0.04911827294
02/11/2020,FEU,Z01,4,0.10179064898
02/11/2020,FEU,Z02,4,0.05262465616
02/11/2020,FEU,Z03,4,0.04950053492
02/11/2020,FEU,Z01,5,0.102328225
02/11/2020,FEU,Z02,5,0.05313856318
02/11/2020,FEU,Z03,5,0.05003945292
02/11/2020,FEU,Z01,6,0.10535783814
02/11/2020,FEU,Z02,6,0.05612816428
02/11/2020,FEU,Z03,6,0.05292878302
02/11/2020,FEU,Z01,7,0.10559744662
02/11/2020,FEU,Z02,7,0.05667297664
02/11/2020,FEU,Z03,7,0.0536203473
02/11/2020,FEU,Z01,8,0.10470836602
02/11/2020,FEU,Z02,8,0.05604448096
02/11/2020,FEU,Z03,8,0.0595296409
02/11/2020,FEU,Z01,9,0.10479500066
02/11/2020,FEU,Z02,9,0.05657216944
02/11/2020,FEU,Z03,9,0.05969167656
02/12/2020,FEU,Z01,1,0.10845259138
02/12/2020,FEU,Z02,1,0.05919570448
02/12/2020,FEU,Z03,1,0.06321785724
02/12/2020,FEU,Z01,10,0.10840939886
02/12/2020,FEU,Z02,10,0.0601884176
02/12/2020,FEU,Z03,10,0.06330786578
02/12/2020,FEU,Z01,11,0.10718307296
02/12/2020,FEU,Z02,11,0.05906401768
02/12/2020,FEU,Z03,11,0.06209623288
02/12/2020,FEU,Z01,12,0.106302927
02/12/2020,FEU,Z02,12,0.05821575772
02/12/2020,FEU,Z03,12,0.06122060092
02/12/2020,FEU,Z01,13,0.10492442918
02/12/2020,FEU,Z02,13,0.123554227
02/12/2020,FEU,Z03,13,0.05992112708
02/12/2020,FEU,Z01,14,0.10493353712
02/12/2020,FEU,Z02,14,0.12350919296
02/12/2020,FEU,Z03,14,0.12350919296
02/12/2020,FEU,Z01,15,0.10357258904
02/12/2020,FEU,Z02,15,0.12218986086
02/12/2020,FEU,Z03,15,0.12218986086
02/12/2020,FEU,Z01,16,0.10306697696
02/12/2020,FEU,Z02,16,0.12167924978
02/12/2020,FEU,Z03,16,0.12167924978
02/12/2020,FEU,Z01,17,0.102555077
02/12/2020,FEU,Z02,17,0.12116501882
02/12/2020,FEU,Z03,17,0.12116501882
02/12/2020,FEU,Z01,18,0.10287760802
02/12/2020,FEU,Z02,18,0.12143781086
02/12/2020,FEU,Z03,18,0.12143781086
02/12/2020,FEU,Z01,19,0.10374209106
02/12/2020,FEU,Z02,19,0.12236095688
02/12/2020,FEU,Z03,19,0.12236095688
02/12/2020,FEU,Z01,2,0.10765304518
02/12/2020,FEU,Z02,2,0.05832118432
02/12/2020,FEU,Z03,2,0.05509798104
02/12/2020,FEU,Z01,20,0.10609955288
02/12/2020,FEU,Z02,20,0.1247355767
02/12/2020,FEU,Z03,20,0.1247355767
02/12/2020,FEU,Z01,21,0.1071979367
02/12/2020,FEU,Z02,21,0.12584000852
02/12/2020,FEU,Z03,21,0.12584000852
02/12/2020,FEU,Z01,22,0.10561266852
02/12/2020,FEU,Z02,22,0.12429156032
02/12/2020,FEU,Z03,22,0.12429156032
02/12/2020,FEU,Z01,23,0.10418560202
02/12/2020,FEU,Z02,23,0.05554105696
02/12/2020,FEU,Z03,23,0.12294586278
02/12/2020,FEU,Z01,24,0.1012560409
02/12/2020,FEU,Z02,24,0.05267174686
02/12/2020,FEU,Z03,24,0.05603703178
02/12/2020,FEU,Z01,3,0.10858227104
02/12/2020,FEU,Z02,3,0.05910149222
02/12/2020,FEU,Z03,3,0.05581333696
02/12/2020,FEU,Z01,4,0.10852102898
02/12/2020,FEU,Z02,4,0.05903880816
02/12/2020,FEU,Z03,4,0.05571020892
02/12/2020,FEU,Z01,5,0.10834338698
02/12/2020,FEU,Z02,5,0.05886954416
02/12/2020,FEU,Z03,5,0.05554518692
02/12/2020,FEU,Z01,6,0.10776801514
02/12/2020,FEU,Z02,6,0.05842781828
02/12/2020,FEU,Z03,6,0.05515784302
02/12/2020,FEU,Z01,7,0.10682799956
02/12/2020,FEU,Z02,7,0.0578005066
02/12/2020,FEU,Z03,7,0.05471724226
02/12/2020,FEU,Z01,8,0.10728823596
02/12/2020,FEU,Z02,8,0.0585177619
02/12/2020,FEU,Z03,8,0.06211204784
02/12/2020,FEU,Z01,9,0.10783481664
02/12/2020,FEU,Z02,9,0.05945759344
02/12/2020,FEU,Z03,9,0.06269082456
02/13/2020,FEU,Z01,1,0.09606450734
02/13/2020,FEU,Z02,1,0.04735711444
02/13/2020,FEU,Z03,1,0.0507516552
02/13/2020,FEU,Z01,10,0.10000265696
02/13/2020,FEU,Z02,10,0.05210798968
02/13/2020,FEU,Z03,10,0.05489088488
02/13/2020,FEU,Z01,11,0.09879278606
02/13/2020,FEU,Z02,11,0.05099174576
02/13/2020,FEU,Z03,11,0.05369562698
02/13/2020,FEU,Z01,12,0.09829122308
02/13/2020,FEU,Z02,12,0.05050792578
02/13/2020,FEU,Z03,12,0.053196077
02/13/2020,FEU,Z01,13,0.09691985922
02/13/2020,FEU,Z02,13,0.11544038406
02/13/2020,FEU,Z03,13,0.05184624014
02/13/2020,FEU,Z01,14,0.09646733718
02/13/2020,FEU,Z02,14,0.11498547302
02/13/2020,FEU,Z03,14,0.11498547302
02/13/2020,FEU,Z01,15,0.09402122708
02/13/2020,FEU,Z02,15,0.1125651719
02/13/2020,FEU,Z03,15,0.1125651719
02/13/2020,FEU,Z01,16,0.09449717598
02/13/2020,FEU,Z02,16,0.11299870482
02/13/2020,FEU,Z03,16,0.11299870482
02/13/2020,FEU,Z01,17,0.09642712202
02/13/2020,FEU,Z02,17,0.11498816084
02/13/2020,FEU,Z03,17,0.11498816084
02/13/2020,FEU,Z01,18,0.09844447304
02/13/2020,FEU,Z02,18,0.11697399688
02/13/2020,FEU,Z03,18,0.11697399688
02/13/2020,FEU,Z01,19,0.1005922671
02/13/2020,FEU,Z02,19,0.11918690692
02/13/2020,FEU,Z03,19,0.11918690692
02/13/2020,FEU,Z01,2,0.09779315516
02/13/2020,FEU,Z02,2,0.0489122713
02/13/2020,FEU,Z03,2,0.04597733302
02/13/2020,FEU,Z01,20,0.10533668892
02/13/2020,FEU,Z02,20,0.12396614974
02/13/2020,FEU,Z03,20,0.12396614974
02/13/2020,FEU,Z01,21,0.1071513367
02/13/2020,FEU,Z02,21,0.12579187452
02/13/2020,FEU,Z03,21,0.12579187452
02/13/2020,FEU,Z01,22,0.10716831846
02/13/2020,FEU,Z02,22,0.12585951926
02/13/2020,FEU,Z03,22,0.12585951926
02/13/2020,FEU,Z01,23,0.10273698494
02/13/2020,FEU,Z02,23,0.0540975769
02/13/2020,FEU,Z03,23,0.12143241972
02/13/2020,FEU,Z01,24,0.10132390382
02/13/2020,FEU,Z02,24,0.0526854168
02/13/2020,FEU,Z03,24,0.0560899007
02/13/2020,FEU,Z01,3,0.09369487904
02/13/2020,FEU,Z02,3,0.0449538262
02/13/2020,FEU,Z03,3,0.04210687994
02/13/2020,FEU,Z01,4,0.094306975
02/13/2020,FEU,Z02,4,0.04549710718
02/13/2020,FEU,Z03,4,0.04263538892
02/13/2020,FEU,Z01,5,0.093609475
02/13/2020,FEU,Z02,5,0.04483252918
02/13/2020,FEU,Z03,5,0.04195468394
02/13/2020,FEU,Z01,6,0.09435157316
02/13/2020,FEU,Z02,6,0.0456286363
02/13/2020,FEU,Z03,6,0.04279230502
02/13/2020,FEU,Z01,7,0.09801226958
02/13/2020,FEU,Z02,7,0.04936191562
02/13/2020,FEU,Z03,7,0.04651682528
02/13/2020,FEU,Z01,8,0.10087396402
02/13/2020,FEU,Z02,8,0.05236038496
02/13/2020,FEU,Z03,8,0.0556760509
02/13/2020,FEU,Z01,9,0.09909618974
02/13/2020,FEU,Z02,9,0.0511164775
02/13/2020,FEU,Z03,9,0.05398364864
02/14/2020,FEU,Z01,1,0.10427954522
02/14/2020,FEU,Z02,1,0.05515067734
02/14/2020,FEU,Z03,1,0.05899133908
02/14/2020,FEU,Z01,10,0.10521399878
02/14/2020,FEU,Z02,10,0.05703759154
02/14/2020,FEU,Z03,10,0.06013540668
02/14/2020,FEU,Z01,11,0.10263018386
02/14/2020,FEU,Z02,11,0.0545951376
02/14/2020,FEU,Z03,11,0.05750867078
02/14/2020,FEU,Z01,12,0.10066791186
02/14/2020,FEU,Z02,12,0.0526956176
02/14/2020,FEU,Z03,12,0.05553961478
02/14/2020,FEU,Z01,13,0.097955077
02/14/2020,FEU,Z02,13,0.11648198084
02/14/2020,FEU,Z03,13,0.05284371492
02/14/2020,FEU,Z01,14,0.09940592096
02/14/2020,FEU,Z02,14,0.11798959178
02/14/2020,FEU,Z03,14,0.11798959178
02/14/2020,FEU,Z01,15,0.09708583986
02/14/2020,FEU,Z02,15,0.11565030868
02/14/2020,FEU,Z03,15,0.11565030868
02/14/2020,FEU,Z01,16,0.09657383678
02/14/2020,FEU,Z02,16,0.1151334866
02/14/2020,FEU,Z03,16,0.1151334866
02/14/2020,FEU,Z01,17,0.09808197578
02/14/2020,FEU,Z02,17,0.1166544866
02/14/2020,FEU,Z03,17,0.1166544866
02/14/2020,FEU,Z01,18,0.0996489768
02/14/2020,FEU,Z02,18,0.11823269362
02/14/2020,FEU,Z03,18,0.11823269362
02/14/2020,FEU,Z01,19,0.10264919682
02/14/2020,FEU,Z02,19,0.12125644064
02/14/2020,FEU,Z03,19,0.12125644064
02/14/2020,FEU,Z01,2,0.10518426002
02/14/2020,FEU,Z02,2,0.0558625562
02/14/2020,FEU,Z03,2,0.05267758394
02/14/2020,FEU,Z01,20,0.1074472467
02/14/2020,FEU,Z02,20,0.12609007052
02/14/2020,FEU,Z03,20,0.12609007052
02/14/2020,FEU,Z01,21,0.10892569652
02/14/2020,FEU,Z02,21,0.12763280832
02/14/2020,FEU,Z03,21,0.12763280832
02/14/2020,FEU,Z01,22,0.10829463434
02/14/2020,FEU,Z02,22,0.12704796212
02/14/2020,FEU,Z03,22,0.12704796212
02/14/2020,FEU,Z01,23,0.10583412776
02/14/2020,FEU,Z02,23,0.05696028276
02/14/2020,FEU,Z03,23,0.1246572505
02/14/2020,FEU,Z01,24,0.10611574364
02/14/2020,FEU,Z02,24,0.05717134066
02/14/2020,FEU,Z03,24,0.06087087152
02/14/2020,FEU,Z01,3,0.1058997299
02/14/2020,FEU,Z02,3,0.0564882911
02/14/2020,FEU,Z03,3,0.05319960088
02/14/2020,FEU,Z01,4,0.10613470382
02/14/2020,FEU,Z02,4,0.05666168004
02/14/2020,FEU,Z03,4,0.05337013282
02/14/2020,FEU,Z01,5,0.10414427884
02/14/2020,FEU,Z02,5,0.05476926106
02/14/2020,FEU,Z03,5,0.05153805484
02/14/2020,FEU,Z01,6,0.106325725
02/14/2020,FEU,Z02,6,0.05694738118
02/14/2020,FEU,Z03,6,0.05368415294
02/14/2020,FEU,Z01,7,0.10668690344
02/14/2020,FEU,Z02,7,0.05756085852
02/14/2020,FEU,Z03,7,0.0544431772
02/14/2020,FEU,Z01,8,0.10553364182
02/14/2020,FEU,Z02,8,0.0567245368
02/14/2020,FEU,Z03,8,0.0603205307
02/14/2020,FEU,Z01,9,0.10664928056
02/14/2020,FEU,Z02,9,0.05830444536
02/14/2020,FEU,Z03,9,0.06153594846
02/15/2020,FEU,Z01,1,0.10520619214
02/15/2020,FEU,Z02,1,0.05598347228
02/15/2020,FEU,Z03,1,0.059906475
02/15/2020,FEU,Z01,10,0.1007452611
02/15/2020,FEU,Z02,10,0.05228839702
02/15/2020,FEU,Z03,10,0.055518176
02/15/2020,FEU,Z01,11,0.09890544824
02/15/2020,FEU,Z02,11,0.05057645014
02/15/2020,FEU,Z03,11,0.05369719714
02/15/2020,FEU,Z01,12,0.09537659626
02/15/2020,FEU,Z02,12,0.04722288814
02/15/2020,FEU,Z03,12,0.05015727216
02/15/2020,FEU,Z01,13,0.08969810746
02/15/2020,FEU,Z02,13,0.10824087826
02/15/2020,FEU,Z03,13,0.04449246836
02/15/2020,FEU,Z01,14,0.08955785444
02/15/2020,FEU,Z02,14,0.10809924824
02/15/2020,FEU,Z03,14,0.10809924824
02/15/2020,FEU,Z01,15,0.08814104634
02/15/2020,FEU,Z02,15,0.10670817212
02/15/2020,FEU,Z03,15,0.10670817212
02/15/2020,FEU,Z01,16,0.0866991862
02/15/2020,FEU,Z02,16,0.10525037798
02/15/2020,FEU,Z03,16,0.10525037798
02/15/2020,FEU,Z01,17,0.08664932016
02/15/2020,FEU,Z02,17,0.10520087894
02/15/2020,FEU,Z03,17,0.10520087894
02/15/2020,FEU,Z01,18,0.08960848022
02/15/2020,FEU,Z02,18,0.108186776
02/15/2020,FEU,Z03,18,0.108186776
02/15/2020,FEU,Z01,19,0.09664193826
02/15/2020,FEU,Z02,19,0.11528583804
02/15/2020,FEU,Z03,19,0.11528583804
02/15/2020,FEU,Z01,2,0.102823225
02/15/2020,FEU,Z02,2,0.05361019918
02/15/2020,FEU,Z03,2,0.05045344694
02/15/2020,FEU,Z01,20,0.10013469722
02/15/2020,FEU,Z02,20,0.118810376
02/15/2020,FEU,Z03,20,0.118810376
02/15/2020,FEU,Z01,21,0.1002839911
02/15/2020,FEU,Z02,21,0.11900651586
02/15/2020,FEU,Z03,21,0.11900651586
02/15/2020,FEU,Z01,22,0.09947565194
02/15/2020,FEU,Z02,22,0.11814247972
02/15/2020,FEU,Z03,22,0.11814247972
02/15/2020,FEU,Z01,23,0.0990842354
02/15/2020,FEU,Z02,23,0.05028868048
02/15/2020,FEU,Z03,23,0.11787503912
02/15/2020,FEU,Z01,24,0.0923377053
02/15/2020,FEU,Z02,24,0.0437922764
02/15/2020,FEU,Z03,24,0.04699605716
02/15/2020,FEU,Z01,3,0.10003201488
02/15/2020,FEU,Z02,3,0.05090054808
02/15/2020,FEU,Z03,3,0.04779422786
02/15/2020,FEU,Z01,4,0.0973955348
02/15/2020,FEU,Z02,4,0.04834410302
02/15/2020,FEU,Z03,4,0.0453255768
02/15/2020,FEU,Z01,5,0.10050399876
02/15/2020,FEU,Z02,5,0.051257776
02/15/2020,FEU,Z03,5,0.04814564278
02/15/2020,FEU,Z01,6,0.1020260348
02/15/2020,FEU,Z02,6,0.05275042802
02/15/2020,FEU,Z03,6,0.0495885768
02/15/2020,FEU,Z01,7,0.10134103096
02/15/2020,FEU,Z02,7,0.05219451814
02/15/2020,FEU,Z03,7,0.0490852819
02/15/2020,FEU,Z01,8,0.10171087614
02/15/2020,FEU,Z02,8,0.0526059163
02/15/2020,FEU,Z03,8,0.056391475
02/15/2020,FEU,Z01,9,0.10002301982
02/15/2020,FEU,Z02,9,0.0514360968
02/15/2020,FEU,Z03,9,0.0547825607
02/16/2020,FEU,Z01,1,0.09021386288
02/16/2020,FEU,Z02,1,0.0415173311
02/16/2020,FEU,Z03,1,0.04478026274
02/16/2020,FEU,Z01,10,0.08663723974
02/16/2020,FEU,Z02,10,0.03855291174
02/16/2020,FEU,Z03,10,0.04131526462
02/16/2020,FEU,Z01,11,0.08648001592
02/16/2020,FEU,Z02,11,0.03848678888
02/16/2020,FEU,Z03,11,0.0411912058
02/16/2020,FEU,Z01,12,0.08236538294
02/16/2020,FEU,Z02,12,0.0345388069
02/16/2020,FEU,Z03,12,0.03705982382
02/16/2020,FEU,Z01,13,0.07662092914
02/16/2020,FEU,Z02,13,0.09507863192
02/16/2020,FEU,Z03,13,0.03132405202
02/16/2020,FEU,Z01,14,0.07468230414
02/16/2020,FEU,Z02,14,0.09312333592
02/16/2020,FEU,Z03,14,0.09312333592
02/16/2020,FEU,Z01,15,0.07718846808
02/16/2020,FEU,Z02,15,0.09565106586
02/16/2020,FEU,Z03,15,0.09565106586
02/16/2020,FEU,Z01,16,0.06328820894
02/16/2020,FEU,Z02,16,0.0816390857
02/16/2020,FEU,Z03,16,0.0816390857
02/16/2020,FEU,Z01,17,0.06143920388
02/16/2020,FEU,Z02,17,0.07975705266
02/16/2020,FEU,Z03,17,0.07975705266
02/16/2020,FEU,Z01,18,0.07819288392
02/16/2020,FEU,Z02,18,0.09669229568
02/16/2020,FEU,Z03,18,0.09669229568
02/16/2020,FEU,Z01,19,0.08606031902
02/16/2020,FEU,Z02,19,0.1046039758
02/16/2020,FEU,Z03,19,0.1046039758
02/16/2020,FEU,Z01,2,0.08927564672
02/16/2020,FEU,Z02,2,0.04057680596
02/16/2020,FEU,Z03,2,0.03778063876
02/16/2020,FEU,Z01,20,0.0969236511
02/16/2020,FEU,Z02,20,0.11556802388
02/16/2020,FEU,Z03,20,0.11556802388
02/16/2020,FEU,Z01,21,0.09824285208
02/16/2020,FEU,Z02,21,0.11689909386
02/16/2020,FEU,Z03,21,0.11689909386
02/16/2020,FEU,Z01,22,0.09845815706
02/16/2020,FEU,Z02,22,0.11711610384
02/16/2020,FEU,Z03,22,0.11711610384
02/16/2020,FEU,Z01,23,0.09844694558
02/16/2020,FEU,Z02,23,0.04977691062
02/16/2020,FEU,Z03,23,0.11718781732
02/16/2020,FEU,Z01,24,0.09060394148
02/16/2020,FEU,Z02,24,0.04222366054
02/16/2020,FEU,Z03,24,0.04528677734
02/16/2020,FEU,Z01,3,0.08742272758
02/16/2020,FEU,Z02,3,0.03873879586
02/16/2020,FEU,Z03,3,0.03597791268
02/16/2020,FEU,Z01,4,0.08741032664
02/16/2020,FEU,Z02,4,0.0387638309
02/16/2020,FEU,Z03,4,0.0360316967
02/16/2020,FEU,Z01,5,0.08400555062
02/16/2020,FEU,Z02,5,0.03552469588
02/16/2020,FEU,Z03,5,0.0328733817
02/16/2020,FEU,Z01,6,0.08433156656
02/16/2020,FEU,Z02,6,0.03580099984
02/16/2020,FEU,Z03,6,0.03314185666
02/16/2020,FEU,Z01,7,0.08651455266
02/16/2020,FEU,Z02,7,0.03791477992
02/16/2020,FEU,Z03,7,0.03520884472
02/16/2020,FEU,Z01,8,0.08732467078
02/16/2020,FEU,Z02,8,0.038758576
02/16/2020,FEU,Z03,8,0.04188676562
02/16/2020,FEU,Z01,9,0.08678206738
02/16/2020,FEU,Z02,9,0.03852424946
02/16/2020,FEU,Z03,9,0.04142410524
02/17/2020,FEU,Z01,1,0.09443161902
02/17/2020,FEU,Z02,1,0.0456178462
02/17/2020,FEU,Z03,1,0.04904827888
02/17/2020,FEU,Z01,10,0.10017820882
02/17/2020,FEU,Z02,10,0.05221578556
02/17/2020,FEU,Z03,10,0.05508554072
02/17/2020,FEU,Z01,11,0.0988940969
02/17/2020,FEU,Z02,11,0.05098213764
02/17/2020,FEU,Z03,11,0.05376718982
02/17/2020,FEU,Z01,12,0.09653859292
02/17/2020,FEU,Z02,12,0.04874613764
02/17/2020,FEU,Z03,12,0.05144918982
02/17/2020,FEU,Z01,13,0.09559036206
02/17/2020,FEU,Z02,13,0.11414526488
02/17/2020,FEU,Z03,13,0.05052339296
02/17/2020,FEU,Z01,14,0.095282477
02/17/2020,FEU,Z02,14,0.11383434382
02/17/2020,FEU,Z03,14,0.11383434382
02/17/2020,FEU,Z01,15,0.09441754092
02/17/2020,FEU,Z02,15,0.11296184374
02/17/2020,FEU,Z03,15,0.11296184374
02/17/2020,FEU,Z01,16,0.09285173084
02/17/2020,FEU,Z02,16,0.11138424566
02/17/2020,FEU,Z03,16,0.11138424566
02/17/2020,FEU,Z01,17,0.09452539886
02/17/2020,FEU,Z02,17,0.11306995068
02/17/2020,FEU,Z03,17,0.11306995068
02/17/2020,FEU,Z01,18,0.09573716888
02/17/2020,FEU,Z02,18,0.11424647672
02/17/2020,FEU,Z03,18,0.11424647672
02/17/2020,FEU,Z01,19,0.09571809892
02/17/2020,FEU,Z02,19,0.11427254474
02/17/2020,FEU,Z03,19,0.11427254474
02/17/2020,FEU,Z01,2,0.0910123748
02/17/2020,FEU,Z02,2,0.04226996902
02/17/2020,FEU,Z03,2,0.0394490168
02/17/2020,FEU,Z01,20,0.10016118088
02/17/2020,FEU,Z02,20,0.1187509717
02/17/2020,FEU,Z03,20,0.1187509717
02/17/2020,FEU,Z01,21,0.10312249574
02/17/2020,FEU,Z02,21,0.12173240856
02/17/2020,FEU,Z03,21,0.12173240856
02/17/2020,FEU,Z01,22,0.10279779554
02/17/2020,FEU,Z02,22,0.12145299434
02/17/2020,FEU,Z03,22,0.12145299434
02/17/2020,FEU,Z01,23,0.09906309604
02/17/2020,FEU,Z02,23,0.05062258398
02/17/2020,FEU,Z03,23,0.11772632282
02/17/2020,FEU,Z01,24,0.09904858694
02/17/2020,FEU,Z02,24,0.05059820088
02/17/2020,FEU,Z03,24,0.05382623582
02/17/2020,FEU,Z01,3,0.0907370997
02/17/2020,FEU,Z02,3,0.04196450194
02/17/2020,FEU,Z03,3,0.03912309074
02/17/2020,FEU,Z01,4,0.09034293662
02/17/2020,FEU,Z02,4,0.0415160509
02/17/2020,FEU,Z03,4,0.0386925567
02/17/2020,FEU,Z01,5,0.0902361597
02/17/2020,FEU,Z02,5,0.04148811394
02/17/2020,FEU,Z03,5,0.03866254274
02/17/2020,FEU,Z01,6,0.09100570394
02/17/2020,FEU,Z02,6,0.04231170614
02/17/2020,FEU,Z03,6,0.0395172619
02/17/2020,FEU,Z01,7,0.09810069754
02/17/2020,FEU,Z02,7,0.04944257758
02/17/2020,FEU,Z03,7,0.04655699326
02/17/2020,FEU,Z01,8,0.10107750196
02/17/2020,FEU,Z02,8,0.0525498769
02/17/2020,FEU,Z03,8,0.05586910384
02/17/2020,FEU,Z01,9,0.10196729262
02/17/2020,FEU,Z02,9,0.05378882642
02/17/2020,FEU,Z03,9,0.05684540852
02/18/2020,FEU,Z01,1,0.09610566138
02/18/2020,FEU,Z02,1,0.04743767046
02/18/2020,FEU,Z03,1,0.05080071724
02/18/2020,FEU,Z01,10,0.10073848886
02/18/2020,FEU,Z02,10,0.0527639376
02/18/2020,FEU,Z03,10,0.05561043578
02/18/2020,FEU,Z01,11,0.10043288298
02/18/2020,FEU,Z02,11,0.05257224568
02/18/2020,FEU,Z03,11,0.05537178088
02/18/2020,FEU,Z01,12,0.09782701898
02/18/2020,FEU,Z02,12,0.0500027627
02/18/2020,FEU,Z03,12,0.0527114519
02/18/2020,FEU,Z01,13,0.09854350514
02/18/2020,FEU,Z02,13,0.11712365696
02/18/2020,FEU,Z03,13,0.05350462904
02/18/2020,FEU,Z01,14,0.09999717712
02/18/2020,FEU,Z02,14,0.11853831296
02/18/2020,FEU,Z03,14,0.11853831296
02/18/2020,FEU,Z01,15,0.09780292506
02/18/2020,FEU,Z02,15,0.11637518888
02/18/2020,FEU,Z03,15,0.11637518888
02/18/2020,FEU,Z01,16,0.098749727
02/18/2020,FEU,Z02,16,0.11732872882
02/18/2020,FEU,Z03,16,0.11732872882
02/18/2020,FEU,Z01,17,0.09838592504
02/18/2020,FEU,Z02,17,0.11696253486
02/18/2020,FEU,Z03,17,0.11696253486
02/18/2020,FEU,Z01,18,0.09863205302
02/18/2020,FEU,Z02,18,0.11721036284
02/18/2020,FEU,Z03,18,0.11721036284
02/18/2020,FEU,Z01,19,0.10049264006
02/18/2020,FEU,Z02,19,0.1190377919
02/18/2020,FEU,Z03,19,0.1190377919
02/18/2020,FEU,Z01,2,0.09373578814
02/18/2020,FEU,Z02,2,0.04503906428
02/18/2020,FEU,Z03,2,0.04218563302
02/18/2020,FEU,Z01,20,0.10117767292
02/18/2020,FEU,Z02,20,0.11972503076
02/18/2020,FEU,Z03,20,0.11972503076
02/18/2020,FEU,Z01,21,0.10316580476
02/18/2020,FEU,Z02,21,0.12177747458
02/18/2020,FEU,Z03,21,0.12177747458
02/18/2020,FEU,Z01,22,0.10172567354
02/18/2020,FEU,Z02,22,0.12037173234
02/18/2020,FEU,Z03,22,0.12037173234
02/18/2020,FEU,Z01,23,0.10084176008
02/18/2020,FEU,Z02,23,0.052377977
02/18/2020,FEU,Z03,23,0.11956955184
02/18/2020,FEU,Z01,24,0.09874682396
02/18/2020,FEU,Z02,24,0.05026869092
02/18/2020,FEU,Z03,24,0.05352679184
02/18/2020,FEU,Z01,3,0.09719690502
02/18/2020,FEU,Z02,3,0.0482513162
02/18/2020,FEU,Z03,3,0.04530299594
02/18/2020,FEU,Z01,4,0.09660775598
02/18/2020,FEU,Z02,4,0.04768739216
02/18/2020,FEU,Z03,4,0.04472066692
02/18/2020,FEU,Z01,5,0.094624475
02/18/2020,FEU,Z02,5,0.04579962118
02/18/2020,FEU,Z03,5,0.04292735092
02/18/2020,FEU,Z01,6,0.09651140714
02/18/2020,FEU,Z02,6,0.04768740228
02/18/2020,FEU,Z03,6,0.04475249902
02/18/2020,FEU,Z01,7,0.09330748862
02/18/2020,FEU,Z02,7,0.04489836864
02/18/2020,FEU,Z03,7,0.0421784123
02/18/2020,FEU,Z01,8,0.09915819502
02/18/2020,FEU,Z02,8,0.05071072096
02/18/2020,FEU,Z03,8,0.0539516959
02/18/2020,FEU,Z01,9,0.10133601266
02/18/2020,FEU,Z02,9,0.05322764944
02/18/2020,FEU,Z03,9,0.05621786856
02/19/2020,FEU,Z01,1,0.10471650638
02/19/2020,FEU,Z02,1,0.05562536848
02/19/2020,FEU,Z03,1,0.05946052724
02/19/2020,FEU,Z01,10,0.10282918786
02/19/2020,FEU,Z02,10,0.0547877776
02/19/2020,FEU,Z03,10,0.05770836278
02/19/2020,FEU,Z01,11,0.10218915296
02/19/2020,FEU,Z02,11,0.05422615768
02/19/2020,FEU,Z03,11,0.05708497288
02/19/2020,FEU,Z01,12,0.101960527
02/19/2020,FEU,Z02,12,0.05400817972
02/19/2020,FEU,Z03,12,0.05686309692
02/19/2020,FEU,Z01,13,0.10105529818
02/19/2020,FEU,Z02,13,0.119654577
02/19/2020,FEU,Z03,13,0.05603504108
02/19/2020,FEU,Z01,14,0.10161136112
02/19/2020,FEU,Z02,14,0.12016378496
02/19/2020,FEU,Z03,14,0.12016378496
02/19/2020,FEU,Z01,15,0.10110209304
02/19/2020,FEU,Z02,15,0.11969999686
02/19/2020,FEU,Z03,15,0.11969999686
02/19/2020,FEU,Z01,16,0.10195529696
02/19/2020,FEU,Z02,16,0.12055888478
02/19/2020,FEU,Z03,16,0.12055888478
02/19/2020,FEU,Z01,17,0.102018027
02/19/2020,FEU,Z02,17,0.12062376582
02/19/2020,FEU,Z03,17,0.12062376582
02/19/2020,FEU,Z01,18,0.10192164002
02/19/2020,FEU,Z02,18,0.12047518686
02/19/2020,FEU,Z03,18,0.12047518686
02/19/2020,FEU,Z01,19,0.10387055506
02/19/2020,FEU,Z02,19,0.12249042888
02/19/2020,FEU,Z03,19,0.12249042888
02/19/2020,FEU,Z01,2,0.10334429318
02/19/2020,FEU,Z02,2,0.05421033632
02/19/2020,FEU,Z03,2,0.05111212504
02/19/2020,FEU,Z01,20,0.10817688488
02/19/2020,FEU,Z02,20,0.1268290817
02/19/2020,FEU,Z03,20,0.1268290817
02/19/2020,FEU,Z01,21,0.1111962167
02/19/2020,FEU,Z02,21,0.12986800252
02/19/2020,FEU,Z03,21,0.12986800252
02/19/2020,FEU,Z01,22,0.10887873652
02/19/2020,FEU,Z02,22,0.12758544832
02/19/2020,FEU,Z03,22,0.12758544832
02/19/2020,FEU,Z01,23,0.10648528402
02/19/2020,FEU,Z02,23,0.05775174496
02/19/2020,FEU,Z03,23,0.12526977178
02/19/2020,FEU,Z01,24,0.1059543359
02/19/2020,FEU,Z02,24,0.05718288986
02/19/2020,FEU,Z03,24,0.06075872078
02/19/2020,FEU,Z01,3,0.10094201504
02/19/2020,FEU,Z02,3,0.05182243422
02/19/2020,FEU,Z03,3,0.04876079296
02/19/2020,FEU,Z01,4,0.10149791498
02/19/2020,FEU,Z02,4,0.05234692016
02/19/2020,FEU,Z03,4,0.04923049892
02/19/2020,FEU,Z01,5,0.10149791498
02/19/2020,FEU,Z02,5,0.05234692016
02/19/2020,FEU,Z03,5,0.04923049892
02/19/2020,FEU,Z01,6,0.10405766014
02/19/2020,FEU,Z02,6,0.05488760828
02/19/2020,FEU,Z03,6,0.05172807802
02/19/2020,FEU,Z01,7,0.10535182356
02/19/2020,FEU,Z02,7,0.0563871466
02/19/2020,FEU,Z03,7,0.05334374626
02/19/2020,FEU,Z01,8,0.10545879196
02/19/2020,FEU,Z02,8,0.0567586969
02/19/2020,FEU,Z03,8,0.06027226384
02/19/2020,FEU,Z01,9,0.10324691264
02/19/2020,FEU,Z02,9,0.05502568144
02/19/2020,FEU,Z03,9,0.05808603656
02/20/2020,FEU,Z01,1,0.10661652134
02/20/2020,FEU,Z02,1,0.05743843844
02/20/2020,FEU,Z03,1,0.0613635752
02/20/2020,FEU,Z01,10,0.10424777696
02/20/2020,FEU,Z02,10,0.05622044968
02/20/2020,FEU,Z03,10,0.05915074488
02/20/2020,FEU,Z01,11,0.10271782006
02/20/2020,FEU,Z02,11,0.05479589776
02/20/2020,FEU,Z03,11,0.05763434898
02/20/2020,FEU,Z01,12,0.10132812308
02/20/2020,FEU,Z02,12,0.05345207578
02/20/2020,FEU,Z03,12,0.056243577
02/20/2020,FEU,Z01,13,0.10147585922
02/20/2020,FEU,Z02,13,0.12002838406
02/20/2020,FEU,Z03,13,0.05641824014
02/20/2020,FEU,Z01,14,0.10115912918
02/20/2020,FEU,Z02,14,0.11970901202
02/20/2020,FEU,Z03,14,0.11970901202
02/20/2020,FEU,Z01,15,0.10104849908
02/20/2020,FEU,Z02,15,0.1196476319
02/20/2020,FEU,Z03,15,0.1196476319
02/20/2020,FEU,Z01,16,0.10140317598
02/20/2020,FEU,Z02,16,0.11995270482
02/20/2020,FEU,Z03,16,0.11995270482
02/20/2020,FEU,Z01,17,0.10201470902
02/20/2020,FEU,Z02,17,0.12061951484
02/20/2020,FEU,Z03,17,0.12061951484
02/20/2020,FEU,Z01,18,0.10288493704
02/20/2020,FEU,Z02,18,0.12144540488
02/20/2020,FEU,Z03,18,0.12144540488
02/20/2020,FEU,Z01,19,0.1039047521
02/20/2020,FEU,Z02,19,0.12252658292
02/20/2020,FEU,Z03,19,0.12252658292
02/20/2020,FEU,Z01,2,0.10486758716
02/20/2020,FEU,Z02,2,0.0556620313
02/20/2020,FEU,Z03,2,0.05252088802
02/20/2020,FEU,Z01,20,0.10738734692
02/20/2020,FEU,Z02,20,0.12603280074
02/20/2020,FEU,Z03,20,0.12603280074
02/20/2020,FEU,Z01,21,0.1081567317
02/20/2020,FEU,Z02,21,0.12680503652
02/20/2020,FEU,Z03,21,0.12680503652
02/20/2020,FEU,Z01,22,0.10585360946
02/20/2020,FEU,Z02,22,0.12453364026
02/20/2020,FEU,Z03,22,0.12453364026
02/20/2020,FEU,Z01,23,0.10568072594
02/20/2020,FEU,Z02,23,0.0569227069
02/20/2020,FEU,Z03,23,0.12440307772
02/20/2020,FEU,Z01,24,0.10355813582
02/20/2020,FEU,Z02,24,0.0548279368
02/20/2020,FEU,Z03,24,0.0583352207
02/20/2020,FEU,Z01,3,0.10423673504
02/20/2020,FEU,Z02,3,0.0550045662
02/20/2020,FEU,Z03,3,0.05184627094
02/20/2020,FEU,Z01,4,0.102163225
02/20/2020,FEU,Z02,4,0.05298135118
02/20/2020,FEU,Z03,4,0.04988712492
02/20/2020,FEU,Z01,5,0.101299475
02/20/2020,FEU,Z02,5,0.05215956118
02/20/2020,FEU,Z03,5,0.04904909294
02/20/2020,FEU,Z01,6,0.10287541916
02/20/2020,FEU,Z02,6,0.0537601063
02/20/2020,FEU,Z03,6,0.05067789202
02/20/2020,FEU,Z01,7,0.10163253458
02/20/2020,FEU,Z02,7,0.05282683162
02/20/2020,FEU,Z03,7,0.04988392928
02/20/2020,FEU,Z01,8,0.10396618502
02/20/2020,FEU,Z02,8,0.05533139296
02/20/2020,FEU,Z03,8,0.0587837459
02/20/2020,FEU,Z01,9,0.10488211474
02/20/2020,FEU,Z02,9,0.0567133525
02/20/2020,FEU,Z03,9,0.05979444864
02/21/2020,FEU,Z01,1,0.09532405322
02/21/2020,FEU,Z02,1,0.04659995334
02/21/2020,FEU,Z03,1,0.04998400508
02/21/2020,FEU,Z01,10,0.10111218578
02/21/2020,FEU,Z02,10,0.05307003254
02/21/2020,FEU,Z03,10,0.05601592868
02/21/2020,FEU,Z01,11,0.10019816986
02/21/2020,FEU,Z02,11,0.0522408976
02/21/2020,FEU,Z03,11,0.05506824878
02/21/2020,FEU,Z01,12,0.10003387586
02/21/2020,FEU,Z02,12,0.0520818576
02/21/2020,FEU,Z03,12,0.05490338678
02/21/2020,FEU,Z01,13,0.098620927
02/21/2020,FEU,Z02,13,0.11715130484
02/21/2020,FEU,Z03,13,0.05351188092
02/21/2020,FEU,Z01,14,0.09815484896
02/21/2020,FEU,Z02,14,0.11672874578
02/21/2020,FEU,Z03,14,0.11672874578
02/21/2020,FEU,Z01,15,0.09773144586
02/21/2020,FEU,Z02,15,0.11630093668
02/21/2020,FEU,Z03,15,0.11630093668
02/21/2020,FEU,Z01,16,0.09776386178
02/21/2020,FEU,Z02,16,0.1163327366
02/21/2020,FEU,Z03,16,0.1163327366
02/21/2020,FEU,Z01,17,0.09795310478
02/21/2020,FEU,Z02,17,0.1165234466
02/21/2020,FEU,Z03,17,0.1165234466
02/21/2020,FEU,Z01,18,0.1004853368
02/21/2020,FEU,Z02,18,0.11907554262
02/21/2020,FEU,Z03,18,0.11907554262
02/21/2020,FEU,Z01,19,0.10441435382
02/21/2020,FEU,Z02,19,0.12303530464
02/21/2020,FEU,Z03,19,0.12303530464
02/21/2020,FEU,Z01,2,0.09341743102
02/21/2020,FEU,Z02,2,0.0446515662
02/21/2020,FEU,Z03,2,0.04181401794
02/21/2020,FEU,Z01,20,0.1099310267
02/21/2020,FEU,Z02,20,0.12859303852
02/21/2020,FEU,Z03,20,0.12859303852
02/21/2020,FEU,Z01,21,0.11167872652
02/21/2020,FEU,Z02,21,0.13041047232
02/21/2020,FEU,Z03,21,0.13041047232
02/21/2020,FEU,Z01,22,0.11063697434
02/21/2020,FEU,Z02,22,0.12941208212
02/21/2020,FEU,Z03,22,0.12941208212
02/21/2020,FEU,Z01,23,0.10835629976
02/21/2020,FEU,Z02,23,0.05937840476
02/21/2020,FEU,Z03,23,0.1272064755
02/21/2020,FEU,Z01,24,0.10538616164
02/21/2020,FEU,Z02,24,0.05647230766
02/21/2020,FEU,Z03,24,0.06013769552
02/21/2020,FEU,Z01,3,0.0922792149
02/21/2020,FEU,Z02,3,0.0435189561
02/21/2020,FEU,Z03,3,0.04065353288
02/21/2020,FEU,Z01,4,0.09266214482
02/21/2020,FEU,Z02,4,0.04384188204
02/21/2020,FEU,Z03,4,0.04096883282
02/21/2020,FEU,Z01,5,0.09272667084
02/21/2020,FEU,Z02,5,0.04390409206
02/21/2020,FEU,Z03,5,0.04102804684
02/21/2020,FEU,Z01,6,0.094244475
02/21/2020,FEU,Z02,6,0.04543636618
02/21/2020,FEU,Z03,6,0.04254040794
02/21/2020,FEU,Z01,7,0.09832176744
02/21/2020,FEU,Z02,7,0.04956357052
02/21/2020,FEU,Z03,7,0.0466774972
02/21/2020,FEU,Z01,8,0.10202391482
02/21/2020,FEU,Z02,8,0.0533558968
02/21/2020,FEU,Z03,8,0.0567933857
02/21/2020,FEU,Z01,9,0.10073654056
02/21/2020,FEU,Z02,9,0.05259350536
02/21/2020,FEU,Z03,9,0.05559680646
02/22/2020,FEU,Z01,1,0.10616578814
02/22/2020,FEU,Z02,1,0.05689906428
02/22/2020,FEU,Z03,1,0.060871475
02/22/2020,FEU,Z01,10,0.1005994711
02/22/2020,FEU,Z02,10,0.05214821902
02/22/2020,FEU,Z03,10,0.055371776
02/22/2020,FEU,Z01,11,0.10064230424
02/22/2020,FEU,Z02,11,0.05224751614
02/22/2020,FEU,Z03,11,0.05544136314
02/22/2020,FEU,Z01,12,0.09959400726
02/22/2020,FEU,Z02,12,0.05128396714
02/22/2020,FEU,Z03,12,0.05439244816
02/22/2020,FEU,Z01,13,0.09801478946
02/22/2020,FEU,Z02,13,0.11662822026
02/22/2020,FEU,Z03,13,0.05284448036
02/22/2020,FEU,Z01,14,0.09789338244
02/22/2020,FEU,Z02,14,0.11650553624
02/22/2020,FEU,Z03,14,0.11650553624
02/22/2020,FEU,Z01,15,0.09772571234
02/22/2020,FEU,Z02,15,0.11638076612
02/22/2020,FEU,Z03,15,0.11638076612
02/22/2020,FEU,Z01,16,0.0973306462
02/22/2020,FEU,Z02,16,0.11598011198
02/22/2020,FEU,Z03,16,0.11598011198
02/22/2020,FEU,Z01,17,0.09749294416
02/22/2020,FEU,Z02,17,0.11614336694
02/22/2020,FEU,Z03,17,0.11614336694
02/22/2020,FEU,Z01,18,0.09858899722
02/22/2020,FEU,Z02,18,0.117250376
02/22/2020,FEU,Z03,18,0.117250376
02/22/2020,FEU,Z01,19,0.10049850126
02/22/2020,FEU,Z02,19,0.11917814004
02/22/2020,FEU,Z03,19,0.11917814004
02/22/2020,FEU,Z01,2,0.104409475
02/22/2020,FEU,Z02,2,0.05512157818
02/22/2020,FEU,Z03,2,0.05191660394
02/22/2020,FEU,Z01,20,0.10606186222
02/22/2020,FEU,Z02,20,0.124792376
02/22/2020,FEU,Z03,20,0.124792376
02/22/2020,FEU,Z01,21,0.1086800611
02/22/2020,FEU,Z02,21,0.12748689786
02/22/2020,FEU,Z03,21,0.12748689786
02/22/2020,FEU,Z01,22,0.10735409894
02/22/2020,FEU,Z02,22,0.12609175172
02/22/2020,FEU,Z03,22,0.12609175172
02/22/2020,FEU,Z01,23,0.1060029854
02/22/2020,FEU,Z02,23,0.05690368048
02/22/2020,FEU,Z03,23,0.12487129512
02/22/2020,FEU,Z01,24,0.1051384803
02/22/2020,FEU,Z02,24,0.0560229764
02/22/2020,FEU,Z03,24,0.05986938716
02/22/2020,FEU,Z01,3,0.10269724688
02/22/2020,FEU,Z02,3,0.05343726408
02/22/2020,FEU,Z03,3,0.05024938186
02/22/2020,FEU,Z01,4,0.1031008148
02/22/2020,FEU,Z02,4,0.05377317502
02/22/2020,FEU,Z03,4,0.0505780568
02/22/2020,FEU,Z01,5,0.10304061876
02/22/2020,FEU,Z02,5,0.053669776
02/22/2020,FEU,Z03,5,0.05047925278
02/22/2020,FEU,Z01,6,0.1031398748
02/22/2020,FEU,Z02,6,0.05380914502
02/22/2020,FEU,Z03,6,0.0506128568
02/22/2020,FEU,Z01,7,0.10092161096
02/22/2020,FEU,Z02,7,0.05179486314
02/22/2020,FEU,Z03,7,0.0486983569
02/22/2020,FEU,Z01,8,0.10134543414
02/22/2020,FEU,Z02,8,0.0522563413
02/22/2020,FEU,Z03,8,0.056023975
02/22/2020,FEU,Z01,9,0.10159351082
02/22/2020,FEU,Z02,9,0.0529440968
02/22/2020,FEU,Z03,9,0.0563608457
02/23/2020,FEU,Z01,1,0.10242846288
02/23/2020,FEU,Z02,1,0.0531399011
02/23/2020,FEU,Z03,1,0.05706420074
02/23/2020,FEU,Z01,10,0.09444410774
02/23/2020,FEU,Z02,10,0.04603797974
02/23/2020,FEU,Z03,10,0.04916196762
02/23/2020,FEU,Z01,11,0.09364261192
02/23/2020,FEU,Z02,11,0.04536383288
02/23/2020,FEU,Z03,11,0.0483894958
02/23/2020,FEU,Z01,12,0.09251509394
02/23/2020,FEU,Z02,12,0.0442823869
02/23/2020,FEU,Z03,12,0.04726015682
02/23/2020,FEU,Z01,13,0.09291134414
02/23/2020,FEU,Z02,13,0.11151925192
02/23/2020,FEU,Z03,13,0.04769639702
02/23/2020,FEU,Z01,14,0.09316545314
02/23/2020,FEU,Z02,14,0.11177570392
02/23/2020,FEU,Z03,14,0.11177570392
02/23/2020,FEU,Z01,15,0.09260849608
02/23/2020,FEU,Z02,15,0.11121291686
02/23/2020,FEU,Z03,15,0.11121291686
02/23/2020,FEU,Z01,16,0.09192802994
02/23/2020,FEU,Z02,16,0.1105645907
02/23/2020,FEU,Z03,16,0.1105645907
02/23/2020,FEU,Z01,17,0.09170497988
02/23/2020,FEU,Z02,17,0.11029888466
02/23/2020,FEU,Z03,17,0.11029888466
02/23/2020,FEU,Z01,18,0.09403391192
02/23/2020,FEU,Z02,18,0.11269120768
02/23/2020,FEU,Z03,18,0.11269120768
02/23/2020,FEU,Z01,19,0.09888961902
02/23/2020,FEU,Z02,19,0.1175521858
02/23/2020,FEU,Z03,19,0.1175521858
02/23/2020,FEU,Z01,2,0.10305830272
02/23/2020,FEU,Z02,2,0.05368221196
02/23/2020,FEU,Z03,2,0.05045108676
02/23/2020,FEU,Z01,20,0.1082916861
02/23/2020,FEU,Z02,20,0.12704070188
02/23/2020,FEU,Z03,20,0.12704070188
02/23/2020,FEU,Z01,21,0.11145386808
02/23/2020,FEU,Z02,21,0.13023161586
02/23/2020,FEU,Z03,21,0.13023161586
02/23/2020,FEU,Z01,22,0.11140012106
02/23/2020,FEU,Z02,22,0.13017699984
02/23/2020,FEU,Z03,22,0.13017699984
02/23/2020,FEU,Z01,23,0.11126378258
02/23/2020,FEU,Z02,23,0.06204907262
02/23/2020,FEU,Z03,23,0.13014111532
02/23/2020,FEU,Z01,24,0.10586396348
02/23/2020,FEU,Z02,24,0.05682281854
02/23/2020,FEU,Z03,24,0.06063392834
02/23/2020,FEU,Z01,3,0.10177104658
02/23/2020,FEU,Z02,3,0.05236461886
02/23/2020,FEU,Z03,3,0.04914205268
02/23/2020,FEU,Z01,4,0.10064444264
02/23/2020,FEU,Z02,4,0.0513404159
02/23/2020,FEU,Z03,4,0.0481896367
02/23/2020,FEU,Z01,5,0.10044417662
02/23/2020,FEU,Z02,5,0.05114842588
02/23/2020,FEU,Z03,5,0.0479647917
02/23/2020,FEU,Z01,6,0.10037021456
02/23/2020,FEU,Z02,6,0.05103267184
02/23/2020,FEU,Z03,6,0.04785655966
02/23/2020,FEU,Z01,7,0.09968628466
02/23/2020,FEU,Z02,7,0.05043156392
02/23/2020,FEU,Z03,7,0.04730978872
02/23/2020,FEU,Z01,8,0.09928147278
02/23/2020,FEU,Z02,8,0.050136976
02/23/2020,FEU,Z03,8,0.05391942362
02/23/2020,FEU,Z01,9,0.09672977838
02/23/2020,FEU,Z02,9,0.04803558646
02/23/2020,FEU,Z03,9,0.05142838324
02/24/2020,FEU,Z01,1,0.10688414902
02/24/2020,FEU,Z02,1,0.0574821462
02/24/2020,FEU,Z03,1,0.06157059888
02/24/2020,FEU,Z01,10,0.10608447282
02/24/2020,FEU,Z02,10,0.05793461956
02/24/2020,FEU,Z03,10,0.06101728472
02/24/2020,FEU,Z01,11,0.1031502719
02/24/2020,FEU,Z02,11,0.05510308564
02/24/2020,FEU,Z03,11,0.05803810482
02/24/2020,FEU,Z01,12,0.10145924892
02/24/2020,FEU,Z02,12,0.05351328964
02/24/2020,FEU,Z03,12,0.05639116582
02/24/2020,FEU,Z01,13,0.10017836206
02/24/2020,FEU,Z02,13,0.11876926488
02/24/2020,FEU,Z03,13,0.05513139296
02/24/2020,FEU,Z01,14,0.098516277
02/24/2020,FEU,Z02,14,0.11709345182
02/24/2020,FEU,Z03,14,0.11709345182
02/24/2020,FEU,Z01,15,0.09878773892
02/24/2020,FEU,Z02,15,0.11736612474
02/24/2020,FEU,Z03,15,0.11736612474
02/24/2020,FEU,Z01,16,0.09676692884
02/24/2020,FEU,Z02,16,0.11532870566
02/24/2020,FEU,Z03,16,0.11532870566
02/24/2020,FEU,Z01,17,0.09850663586
02/24/2020,FEU,Z02,17,0.11708215668
02/24/2020,FEU,Z03,17,0.11708215668
02/24/2020,FEU,Z01,18,0.09992651288
02/24/2020,FEU,Z02,18,0.11846481272
02/24/2020,FEU,Z03,18,0.11846481272
02/24/2020,FEU,Z01,19,0.10125960692
02/24/2020,FEU,Z02,19,0.11985727074
02/24/2020,FEU,Z03,19,0.11985727074
02/24/2020,FEU,Z01,2,0.1056082148
02/24/2020,FEU,Z02,2,0.05615918502
02/24/2020,FEU,Z03,2,0.0528852968
02/24/2020,FEU,Z01,20,0.10456207288
02/24/2020,FEU,Z02,20,0.1231861267
02/24/2020,FEU,Z03,20,0.1231861267
02/24/2020,FEU,Z01,21,0.10653473774
02/24/2020,FEU,Z02,21,0.12517105656
02/24/2020,FEU,Z03,21,0.12517105656
02/24/2020,FEU,Z01,22,0.10458310154
02/24/2020,FEU,Z02,22,0.12325470334
02/24/2020,FEU,Z03,22,0.12325470334
02/24/2020,FEU,Z01,23,0.10200658204
02/24/2020,FEU,Z02,23,0.05345059098
02/24/2020,FEU,Z03,23,0.12069683582
02/24/2020,FEU,Z01,24,0.09623958194
02/24/2020,FEU,Z02,24,0.04789894088
02/24/2020,FEU,Z03,24,0.05100322082
02/24/2020,FEU,Z01,3,0.1061093797
02/24/2020,FEU,Z02,3,0.05658335794
02/24/2020,FEU,Z03,3,0.05325586674
02/24/2020,FEU,Z01,4,0.10616355962
02/24/2020,FEU,Z02,4,0.0565387859
02/24/2020,FEU,Z03,4,0.0532166117
02/24/2020,FEU,Z01,5,0.1054288097
02/24/2020,FEU,Z02,5,0.05593614394
02/24/2020,FEU,Z03,5,0.05263017274
02/24/2020,FEU,Z01,6,0.10450301994
02/24/2020,FEU,Z02,6,0.05516270214
02/24/2020,FEU,Z03,6,0.0519577669
02/24/2020,FEU,Z01,7,0.10574933954
02/24/2020,FEU,Z02,7,0.05676601158
02/24/2020,FEU,Z03,7,0.05366665426
02/24/2020,FEU,Z01,8,0.10827748196
02/24/2020,FEU,Z02,8,0.0594683269
02/24/2020,FEU,Z03,8,0.06310502384
02/24/2020,FEU,Z01,9,0.10805661362
02/24/2020,FEU,Z02,9,0.05966865842
02/24/2020,FEU,Z03,9,0.06295960052
02/25/2020,FEU,Z01,1,0.09451767138
02/25/2020,FEU,Z02,1,0.04592051746
02/25/2020,FEU,Z03,1,0.04920369724
02/25/2020,FEU,Z01,10,0.09702683286
02/25/2020,FEU,Z02,10,0.0491709776
02/25/2020,FEU,Z03,10,0.05188594778
02/25/2020,FEU,Z01,11,0.09198454298
02/25/2020,FEU,Z02,11,0.04438080568
02/25/2020,FEU,Z03,11,0.04688674088
02/25/2020,FEU,Z01,12,0.09303655698
02/25/2020,FEU,Z02,12,0.0453610177
02/25/2020,FEU,Z03,12,0.0479043419
02/25/2020,FEU,Z01,13,0.09139632614
02/25/2020,FEU,Z02,13,0.10991904896
02/25/2020,FEU,Z03,13,0.04632618504
02/25/2020,FEU,Z01,14,0.09126273712
02/25/2020,FEU,Z02,14,0.10974394496
02/25/2020,FEU,Z03,14,0.10974394496
02/25/2020,FEU,Z01,15,0.08768409106
02/25/2020,FEU,Z02,15,0.10617695688
02/25/2020,FEU,Z03,15,0.10617695688
02/25/2020,FEU,Z01,16,0.086409077
02/25/2020,FEU,Z02,16,0.10489149982
02/25/2020,FEU,Z03,16,0.10489149982
02/25/2020,FEU,Z01,17,0.08487855704
02/25/2020,FEU,Z02,17,0.10334927286
02/25/2020,FEU,Z03,17,0.10334927286
02/25/2020,FEU,Z01,18,0.08787626402
02/25/2020,FEU,Z02,18,0.10637148284
02/25/2020,FEU,Z03,18,0.10637148284
02/25/2020,FEU,Z01,19,0.09470602506
02/25/2020,FEU,Z02,19,0.1132096619
02/25/2020,FEU,Z03,19,0.1132096619
02/25/2020,FEU,Z01,2,0.09355928214
02/25/2020,FEU,Z02,2,0.04486946628
02/25/2020,FEU,Z03,2,0.04202247502
02/25/2020,FEU,Z01,20,0.09919740892
02/25/2020,FEU,Z02,20,0.11773103876
02/25/2020,FEU,Z03,20,0.11773103876
02/25/2020,FEU,Z01,21,0.10145534076
02/25/2020,FEU,Z02,21,0.12005259158
02/25/2020,FEU,Z03,21,0.12005259158
02/25/2020,FEU,Z01,22,0.10078492754
02/25/2020,FEU,Z02,22,0.11942296634
02/25/2020,FEU,Z03,22,0.11942296634
02/25/2020,FEU,Z01,23,0.09417525608
02/25/2020,FEU,Z02,23,0.045969027
02/25/2020,FEU,Z03,23,0.11283615984
02/25/2020,FEU,Z01,24,0.09391478396
02/25/2020,FEU,Z02,24,0.04562845692
02/25/2020,FEU,Z03,24,0.04867063184
02/25/2020,FEU,Z01,3,0.09118546802
02/25/2020,FEU,Z02,3,0.0425250362
02/25/2020,FEU,Z03,3,0.03975475994
02/25/2020,FEU,Z01,4,0.09028395098
02/25/2020,FEU,Z02,4,0.04166064016
02/25/2020,FEU,Z03,4,0.03888604292
02/25/2020,FEU,Z01,5,0.087885725
02/25/2020,FEU,Z02,5,0.03937894018
02/25/2020,FEU,Z03,5,0.03670729092
02/25/2020,FEU,Z01,6,0.08834738314
02/25/2020,FEU,Z02,6,0.03989775428
02/25/2020,FEU,Z03,6,0.03720471802
02/25/2020,FEU,Z01,7,0.09074636962
02/25/2020,FEU,Z02,7,0.04244440064
02/25/2020,FEU,Z03,7,0.0397926423
02/25/2020,FEU,Z01,8,0.09287663402
02/25/2020,FEU,Z02,8,0.04467654496
02/25/2020,FEU,Z03,8,0.0476387009
02/25/2020,FEU,Z01,9,0.09628873766
02/25/2020,FEU,Z02,9,0.04834904944
02/25/2020,FEU,Z03,9,0.05114896856
02/26/2020,FEU,Z01,1,0.08861871938
02/26/2020,FEU,Z02,1,0.04024799248
02/26/2020,FEU,Z03,1,0.04327120124
02/26/2020,FEU,Z01,10,0.09584090786
02/26/2020,FEU,Z02,10,0.0480218576
02/26/2020,FEU,Z03,10,0.05069592278
02/26/2020,FEU,Z01,11,0.09235337696
02/26/2020,FEU,Z02,11,0.04469774968
02/26/2020,FEU,Z03,11,0.04721504488
02/26/2020,FEU,Z01,12,0.091335677
02/26/2020,FEU,Z02,12,0.04371704772
02/26/2020,FEU,Z03,12,0.04620129092
02/26/2020,FEU,Z01,13,0.08984155018
02/26/2020,FEU,Z02,13,0.108352377
02/26/2020,FEU,Z03,13,0.04477215308
02/26/2020,FEU,Z01,14,0.08818537712
02/26/2020,FEU,Z02,14,0.10664391296
02/26/2020,FEU,Z03,14,0.10664391296
02/26/2020,FEU,Z01,15,0.08583369304
02/26/2020,FEU,Z02,15,0.10431189686
02/26/2020,FEU,Z03,15,0.10431189686
02/26/2020,FEU,Z01,16,0.08542985696
02/26/2020,FEU,Z02,16,0.10390433978
02/26/2020,FEU,Z03,16,0.10390433978
02/26/2020,FEU,Z01,17,0.086046827
02/26/2020,FEU,Z02,17,0.10452641482
02/26/2020,FEU,Z03,17,0.10452641482
02/26/2020,FEU,Z01,18,0.08851855502
02/26/2020,FEU,Z02,18,0.10697878186
02/26/2020,FEU,Z03,18,0.10697878186
02/26/2020,FEU,Z01,19,0.09383201106
02/26/2020,FEU,Z02,19,0.11237311688
02/26/2020,FEU,Z03,19,0.11237311688
02/26/2020,FEU,Z01,2,0.08716661718
02/26/2020,FEU,Z02,2,0.03877571232
02/26/2020,FEU,Z03,2,0.03614794504
02/26/2020,FEU,Z01,20,0.10135879688
02/26/2020,FEU,Z02,20,0.1199567467
02/26/2020,FEU,Z03,20,0.1199567467
02/26/2020,FEU,Z01,21,0.1013915767
02/26/2020,FEU,Z02,21,0.11998761852
02/26/2020,FEU,Z03,21,0.11998761852
02/26/2020,FEU,Z01,22,0.10144144652
02/26/2020,FEU,Z02,22,0.12008480832
02/26/2020,FEU,Z03,22,0.12008480832
02/26/2020,FEU,Z01,23,0.09595686502
02/26/2020,FEU,Z02,23,0.04763488096
02/26/2020,FEU,Z03,23,0.11463476978
02/26/2020,FEU,Z01,24,0.0945152709
02/26/2020,FEU,Z02,24,0.04619948886
02/26/2020,FEU,Z03,24,0.04926390878
02/26/2020,FEU,Z01,3,0.08633292704
02/26/2020,FEU,Z02,3,0.03790400022
02/26/2020,FEU,Z03,3,0.03527663296
02/26/2020,FEU,Z01,4,0.08662602698
02/26/2020,FEU,Z02,4,0.03817642416
02/26/2020,FEU,Z03,4,0.03551174692
02/26/2020,FEU,Z01,5,0.08663853698
02/26/2020,FEU,Z02,5,0.03818834416
02/26/2020,FEU,Z03,5,0.03552328692
02/26/2020,FEU,Z01,6,0.08709816814
02/26/2020,FEU,Z02,6,0.03870582428
02/26/2020,FEU,Z03,6,0.03604997302
02/26/2020,FEU,Z01,7,0.09376481956
02/26/2020,FEU,Z02,7,0.0452920366
02/26/2020,FEU,Z03,7,0.04256271226
02/26/2020,FEU,Z01,8,0.09562282596
02/26/2020,FEU,Z02,8,0.0473084869
02/26/2020,FEU,Z03,8,0.05038719984
02/26/2020,FEU,Z01,9,0.09721068864
02/26/2020,FEU,Z02,9,0.04919730544
02/26/2020,FEU,Z03,9,0.05202914056
02/27/2020,FEU,Z01,1,0.09321011234
02/27/2020,FEU,Z02,1,0.04463004444
02/27/2020,FEU,Z03,1,0.0478810552
02/27/2020,FEU,Z01,10,0.09256419296
02/27/2020,FEU,Z02,10,0.04490197768
02/27/2020,FEU,Z03,10,0.04742659288
02/27/2020,FEU,Z01,11,0.09093239506
02/27/2020,FEU,Z02,11,0.04337120976
02/27/2020,FEU,Z03,11,0.04580782398
02/27/2020,FEU,Z01,12,0.08944983308
02/27/2020,FEU,Z02,12,0.04193544978
02/27/2020,FEU,Z03,12,0.044323827
02/27/2020,FEU,Z01,13,0.08703220022
02/27/2020,FEU,Z02,13,0.10548442406
02/27/2020,FEU,Z03,13,0.04192385714
02/27/2020,FEU,Z01,14,0.08234746218
02/27/2020,FEU,Z02,14,0.10076544902
02/27/2020,FEU,Z03,14,0.10076544902
02/27/2020,FEU,Z01,15,0.07860638108
02/27/2020,FEU,Z02,15,0.0970281119
02/27/2020,FEU,Z03,15,0.0970281119
02/27/2020,FEU,Z01,16,0.07762351598
02/27/2020,FEU,Z02,16,0.09600776482
02/27/2020,FEU,Z03,16,0.09600776482
02/27/2020,FEU,Z01,17,0.08002629602
02/27/2020,FEU,Z02,17,0.09845886884
02/27/2020,FEU,Z03,17,0.09845886884
02/27/2020,FEU,Z01,18,0.08639391704
02/27/2020,FEU,Z02,18,0.10483946488
02/27/2020,FEU,Z03,18,0.10483946488
02/27/2020,FEU,Z01,19,0.0910017471
02/27/2020,FEU,Z02,19,0.10952215692
02/27/2020,FEU,Z03,19,0.10952215692
02/27/2020,FEU,Z01,2,0.08949659516
02/27/2020,FEU,Z02,2,0.0409964713
02/27/2020,FEU,Z03,2,0.03830086402
02/27/2020,FEU,Z01,20,0.10040449292
02/27/2020,FEU,Z02,20,0.11899548774
02/27/2020,FEU,Z03,20,0.11899548774
02/27/2020,FEU,Z01,21,0.0982216117
02/27/2020,FEU,Z02,21,0.11679316452
02/27/2020,FEU,Z03,21,0.11679316452
02/27/2020,FEU,Z01,22,0.09475214546
02/27/2020,FEU,Z02,22,0.11333904326
02/27/2020,FEU,Z03,22,0.11333904326
02/27/2020,FEU,Z01,23,0.09394305494
02/27/2020,FEU,Z02,23,0.0456545269
02/27/2020,FEU,Z03,23,0.11255929372
02/27/2020,FEU,Z01,24,0.09213066782
02/27/2020,FEU,Z02,24,0.0438647768
02/27/2020,FEU,Z03,24,0.0468510407
02/27/2020,FEU,Z01,3,0.08798028704
02/27/2020,FEU,Z02,3,0.0395048162
02/27/2020,FEU,Z03,3,0.03682844594
02/27/2020,FEU,Z01,4,0.086579475
02/27/2020,FEU,Z02,4,0.03813315418
02/27/2020,FEU,Z03,4,0.03550020692
02/27/2020,FEU,Z01,5,0.086934475
02/27/2020,FEU,Z02,5,0.03847258918
02/27/2020,FEU,Z03,5,0.03579766394
02/27/2020,FEU,Z01,6,0.09071996516
02/27/2020,FEU,Z02,6,0.0421636963
02/27/2020,FEU,Z03,6,0.03943262902
02/27/2020,FEU,Z01,7,0.09464108858
02/27/2020,FEU,Z02,7,0.04613430662
02/27/2020,FEU,Z03,7,0.04337919328
02/27/2020,FEU,Z01,8,0.09517751502
02/27/2020,FEU,Z02,8,0.04688723296
02/27/2020,FEU,Z03,8,0.0499510959
02/27/2020,FEU,Z01,9,0.09348820374
02/27/2020,FEU,Z02,9,0.0456917275
02/27/2020,FEU,Z03,9,0.04835155264
02/28/2020,FEU,Z01,1,0.09141253022
02/28/2020,FEU,Z02,1,0.04286403934
02/28/2020,FEU,Z03,1,0.04605038308
02/28/2020,FEU,Z01,10,0.09919073078
02/28/2020,FEU,Z02,10,0.05121146754
02/28/2020,FEU,Z03,10,0.05408619868
02/28/2020,FEU,Z01,11,0.09635692986
02/28/2020,FEU,Z02,11,0.0485224976
02/28/2020,FEU,Z03,11,0.05121372878
02/28/2020,FEU,Z01,12,0.09567661386
02/28/2020,FEU,Z02,12,0.0478628176
02/28/2020,FEU,Z03,12,0.05053106078
02/28/2020,FEU,Z01,13,0.093694327
02/28/2020,FEU,Z02,13,0.11219043284
02/28/2020,FEU,Z03,13,0.04856814492
02/28/2020,FEU,Z01,14,0.09303190496
02/28/2020,FEU,Z02,14,0.11156577878
02/28/2020,FEU,Z03,14,0.11156577878
02/28/2020,FEU,Z01,15,0.08886304086
02/28/2020,FEU,Z02,15,0.10736354668
02/28/2020,FEU,Z03,15,0.10736354668
02/28/2020,FEU,Z01,16,0.08902965878
02/28/2020,FEU,Z02,16,0.1075319966
02/28/2020,FEU,Z03,16,0.1075319966
02/28/2020,FEU,Z01,17,0.08961944678
02/28/2020,FEU,Z02,17,0.1081251866
02/28/2020,FEU,Z03,17,0.1081251866
02/28/2020,FEU,Z01,18,0.0916878968
02/28/2020,FEU,Z02,18,0.11020984662
02/28/2020,FEU,Z03,18,0.11020984662
02/28/2020,FEU,Z01,19,0.09305963082
02/28/2020,FEU,Z02,19,0.11159240864
02/28/2020,FEU,Z03,19,0.11159240864
02/28/2020,FEU,Z01,2,0.09289784702
02/28/2020,FEU,Z02,2,0.0441565262
02/28/2020,FEU,Z03,2,0.04133436994
02/28/2020,FEU,Z01,20,0.0940695517
02/28/2020,FEU,Z02,20,0.11260902852
02/28/2020,FEU,Z03,20,0.11260902852
02/28/2020,FEU,Z01,21,0.09383627452
02/28/2020,FEU,Z02,21,0.11241604032
02/28/2020,FEU,Z03,21,0.11241604032
02/28/2020,FEU,Z01,22,0.09455527234
02/28/2020,FEU,Z02,22,0.11318084612
02/28/2020,FEU,Z03,22,0.11318084612
02/28/2020,FEU,Z01,23,0.08889036776
02/28/2020,FEU,Z02,23,0.04071552276
02/28/2020,FEU,Z03,23,0.1075317505
02/28/2020,FEU,Z01,24,0.08650350764
02/28/2020,FEU,Z02,24,0.03838147366
02/28/2020,FEU,Z03,24,0.04116202352
02/28/2020,FEU,Z01,3,0.0922528599
02/28/2020,FEU,Z02,3,0.0434950561
02/28/2020,FEU,Z03,3,0.04063041288
02/28/2020,FEU,Z01,4,0.09408103782
02/28/2020,FEU,Z02,4,0.04519202804
02/28/2020,FEU,Z03,4,0.04227502582
02/28/2020,FEU,Z01,5,0.09577857884
02/28/2020,FEU,Z02,5,0.04680921106
02/28/2020,FEU,Z03,5,0.04383735484
02/28/2020,FEU,Z01,6,0.095183225
02/28/2020,FEU,Z02,6,0.04633199818
02/28/2020,FEU,Z03,6,0.04340631094
02/28/2020,FEU,Z01,7,0.09722516344
02/28/2020,FEU,Z02,7,0.04851518852
02/28/2020,FEU,Z03,7,0.0456583372
02/28/2020,FEU,Z01,8,0.10272271682
02/28/2020,FEU,Z02,8,0.0540275368
02/28/2020,FEU,Z03,8,0.0574956557
02/28/2020,FEU,Z01,9,0.10410369656
02/28/2020,FEU,Z02,9,0.05584574136
02/28/2020,FEU,Z03,9,0.05897832746
02/29/2020,FEU,Z01,1,0.07890804114
02/29/2020,FEU,Z02,1,0.03089127028
02/29/2020,FEU,Z03,1,0.033460225
02/29/2020,FEU,Z01,10,0.0747336961
02/29/2020,FEU,Z02,10,0.02727811402
02/29/2020,FEU,Z03,10,0.029397776
02/29/2020,FEU,Z01,11,0.07361411624
02/29/2020,FEU,Z02,11,0.02624198014
02/29/2020,FEU,Z03,11,0.02829942014
02/29/2020,FEU,Z01,12,0.07341947026
02/29/2020,FEU,Z02,12,0.02607967414
02/29/2020,FEU,Z03,12,0.02810765616
02/29/2020,FEU,Z01,13,0.07354260546
02/29/2020,FEU,Z02,13,0.09194811626
02/29/2020,FEU,Z03,13,0.02826833636
02/29/2020,FEU,Z01,14,0.07285028044
02/29/2020,FEU,Z02,14,0.09124984424
02/29/2020,FEU,Z03,14,0.09124984424
02/29/2020,FEU,Z01,15,0.07172337234
02/29/2020,FEU,Z02,15,0.09013664612
02/29/2020,FEU,Z03,15,0.09013664612
02/29/2020,FEU,Z01,16,0.0716337862
02/29/2020,FEU,Z02,16,0.09004571798
02/29/2020,FEU,Z03,16,0.09004571798
02/29/2020,FEU,Z01,17,0.07209142416
02/29/2020,FEU,Z02,17,0.09050743694
02/29/2020,FEU,Z03,17,0.09050743694
02/29/2020,FEU,Z01,18,0.07707879822
02/29/2020,FEU,Z02,18,0.095541176
02/29/2020,FEU,Z03,18,0.095541176
02/29/2020,FEU,Z01,19,0.07886661326
02/29/2020,FEU,Z02,19,0.09734578804
02/29/2020,FEU,Z03,19,0.09734578804
02/29/2020,FEU,Z01,2,0.075131975
02/29/2020,FEU,Z02,2,0.02722716718
02/29/2020,FEU,Z03,2,0.02491219094
02/29/2020,FEU,Z01,20,0.08251015022
02/29/2020,FEU,Z02,20,0.101023976
02/29/2020,FEU,Z03,20,0.101023976
02/29/2020,FEU,Z01,21,0.0804852311
02/29/2020,FEU,Z02,21,0.09900893986
02/29/2020,FEU,Z03,21,0.09900893986
02/29/2020,FEU,Z01,22,0.08014223894
02/29/2020,FEU,Z02,22,0.09863107172
02/29/2020,FEU,Z03,22,0.09863107172
02/29/2020,FEU,Z01,23,0.0792172754
02/29/2020,FEU,Z02,23,0.03129392848
02/29/2020,FEU,Z03,23,0.09778070712
02/29/2020,FEU,Z01,24,0.0785452253
02/29/2020,FEU,Z02,24,0.0306140364
02/29/2020,FEU,Z03,24,0.03312540116
02/29/2020,FEU,Z01,3,0.07150699888
02/29/2020,FEU,Z02,3,0.02373819208
02/29/2020,FEU,Z03,3,0.02151760086
02/29/2020,FEU,Z01,4,0.0697523948
02/29/2020,FEU,Z02,4,0.02203924202
02/29/2020,FEU,Z03,4,0.0198763368
02/29/2020,FEU,Z01,5,0.06674423676
02/29/2020,FEU,Z02,5,0.019156576
02/29/2020,FEU,Z03,5,0.01708657078
02/29/2020,FEU,Z01,6,0.0665545148
02/29/2020,FEU,Z02,6,0.01899618002
02/29/2020,FEU,Z03,6,0.0169310968
02/29/2020,FEU,Z01,7,0.06780996696
02/29/2020,FEU,Z02,7,0.02024478514
02/29/2020,FEU,Z03,7,0.0181520719
02/29/2020,FEU,Z01,8,0.07285090214
02/29/2020,FEU,Z02,8,0.0250925863
02/29/2020,FEU,Z03,8,0.027368975
02/29/2020,FEU,Z01,9,0.07302000482
02/29/2020,FEU,Z02,9,0.0255274968
02/29/2020,FEU,Z03,9,0.0276455357
03/01/2020,FEU,Z01,1,0.07565980736
03/01/2020,FEU,Z02,1,0.02786533746
03/01/2020,FEU,Z03,1,0.03021277724
03/01/2020,FEU,Z01,10,0.06953816016
03/01/2020,FEU,Z02,10,0.02229175108
03/01/2020,FEU,Z03,10,0.02419156106
03/01/2020,FEU,Z01,11,0.06978726432
03/01/2020,FEU,Z02,11,0.02260921118
03/01/2020,FEU,Z03,11,0.0244893762
03/01/2020,FEU,Z01,12,0.0709880963
03/01/2020,FEU,Z02,12,0.02376337516
03/01/2020,FEU,Z03,12,0.02569258118
03/01/2020,FEU,Z01,13,0.07164298448
03/01/2020,FEU,Z02,13,0.09003241228
03/01/2020,FEU,Z03,13,0.02636434238
03/01/2020,FEU,Z01,14,0.06826140646
03/01/2020,FEU,Z02,14,0.08662204726
03/01/2020,FEU,Z03,14,0.08662204726
03/01/2020,FEU,Z01,15,0.0672446564
03/01/2020,FEU,Z02,15,0.0855965862
03/01/2020,FEU,Z03,15,0.0855965862
03/01/2020,FEU,Z01,16,0.0665858213
03/01/2020,FEU,Z02,16,0.08495125608
03/01/2020,FEU,Z03,16,0.08495125608
03/01/2020,FEU,Z01,17,0.07011842326
03/01/2020,FEU,Z02,17,0.08849440406
03/01/2020,FEU,Z03,17,0.08849440406
03/01/2020,FEU,Z01,18,0.07238423628
03/01/2020,FEU,Z02,18,0.09077936408
03/01/2020,FEU,Z03,18,0.09077936408
03/01/2020,FEU,Z01,19,0.07694465642
03/01/2020,FEU,Z02,19,0.09537888322
03/01/2020,FEU,Z03,19,0.09537888322
03/01/2020,FEU,Z01,2,0.0720385752
03/01/2020,FEU,Z02,2,0.02436406432
03/01/2020,FEU,Z03,2,0.02217334104
03/01/2020,FEU,Z01,20,0.07963236236
03/01/2020,FEU,Z02,20,0.09811931414
03/01/2020,FEU,Z03,20,0.09811931414
03/01/2020,FEU,Z01,21,0.08759212424
03/01/2020,FEU,Z02,21,0.10615196202
03/01/2020,FEU,Z03,21,0.10615196202
03/01/2020,FEU,Z01,22,0.08370755232
03/01/2020,FEU,Z02,22,0.1022320911
03/01/2020,FEU,Z03,22,0.1022320911
03/01/2020,FEU,Z01,23,0.08151967184
03/01/2020,FEU,Z02,23,0.03368530382
03/01/2020,FEU,Z03,23,0.1000515756
03/01/2020,FEU,Z01,24,0.07826268774
03/01/2020,FEU,Z02,24,0.03049921876
03/01/2020,FEU,Z03,24,0.03289928862
03/01/2020,FEU,Z01,3,0.071909475
03/01/2020,FEU,Z02,3,0.02415557818
03/01/2020,FEU,Z03,3,0.02193860394
03/01/2020,FEU,Z01,4,0.06499217094
03/01/2020,FEU,Z02,4,0.01755668212
03/01/2020,FEU,Z03,4,0.01554983688
03/01/2020,FEU,Z01,5,0.0625407349
03/01/2020,FEU,Z02,5,0.0152034311
03/01/2020,FEU,Z03,5,0.01327281886
03/01/2020,FEU,Z01,6,0.06319354598
03/01/2020,FEU,Z02,6,0.01584907216
03/01/2020,FEU,Z03,6,0.01389617292
03/01/2020,FEU,Z01,7,0.06726473504
03/01/2020,FEU,Z02,7,0.0197520062
03/01/2020,FEU,Z03,7,0.01767522496
03/01/2020,FEU,Z01,8,0.06783922526
03/01/2020,FEU,Z02,8,0.02036222238
03/01/2020,FEU,Z03,8,0.02235130712
03/01/2020,FEU,Z01,9,0.06758497988
03/01/2020,FEU,Z02,9,0.02032318386
03/01/2020,FEU,Z03,9,0.02219461976
03/02/2020,FEU,Z01,1,0.07923563822
03/02/2020,FEU,Z02,1,0.03123869834
03/02/2020,FEU,Z03,1,0.03380469508
03/02/2020,FEU,Z01,10,0.08152080614
03/02/2020,FEU,Z02,10,0.03428725782
03/02/2020,FEU,Z03,10,0.03637825906
03/02/2020,FEU,Z01,11,0.08040997524
03/02/2020,FEU,Z02,11,0.03327919988
03/02/2020,FEU,Z03,11,0.03528208516
03/02/2020,FEU,Z01,12,0.07933142122
03/02/2020,FEU,Z02,12,0.03220195588
03/02/2020,FEU,Z03,12,0.03419603414
03/02/2020,FEU,Z01,13,0.07937544434
03/02/2020,FEU,Z02,13,0.0977418572
03/02/2020,FEU,Z03,13,0.03423484928
03/02/2020,FEU,Z01,14,0.07752298934
03/02/2020,FEU,Z02,14,0.09590880518
03/02/2020,FEU,Z03,14,0.09590880518
03/02/2020,FEU,Z01,15,0.07429391726
03/02/2020,FEU,Z02,15,0.0926556121
03/02/2020,FEU,Z03,15,0.0926556121
03/02/2020,FEU,Z01,16,0.07373153916
03/02/2020,FEU,Z02,16,0.092089077
03/02/2020,FEU,Z03,16,0.092089077
03/02/2020,FEU,Z01,17,0.07377836116
03/02/2020,FEU,Z02,17,0.092136227
03/02/2020,FEU,Z03,17,0.092136227
03/02/2020,FEU,Z01,18,0.07979144714
03/02/2020,FEU,Z02,18,0.09819251098
03/02/2020,FEU,Z03,18,0.09819251098
03/02/2020,FEU,Z01,19,0.08155766516
03/02/2020,FEU,Z02,19,0.099970027
03/02/2020,FEU,Z03,19,0.099970027
03/02/2020,FEU,Z01,2,0.07490475302
03/02/2020,FEU,Z02,2,0.02703422518
03/02/2020,FEU,Z03,2,0.02472425194
03/02/2020,FEU,Z01,20,0.09449717598
03/02/2020,FEU,Z02,20,0.11299870482
03/02/2020,FEU,Z03,20,0.11299870482
03/02/2020,FEU,Z01,21,0.09663723284
03/02/2020,FEU,Z02,21,0.11519916866
03/02/2020,FEU,Z03,21,0.11519916866
03/02/2020,FEU,Z01,22,0.09372125978
03/02/2020,FEU,Z02,22,0.1122587966
03/02/2020,FEU,Z03,22,0.1122587966
03/02/2020,FEU,Z01,23,0.0901906462
03/02/2020,FEU,Z02,23,0.0421869271
03/02/2020,FEU,Z03,23,0.10877411198
03/02/2020,FEU,Z01,24,0.08828497412
03/02/2020,FEU,Z02,24,0.04034339302
03/02/2020,FEU,Z03,24,0.043042976
03/02/2020,FEU,Z01,3,0.06805174288
03/02/2020,FEU,Z02,3,0.02044799608
03/02/2020,FEU,Z03,3,0.01833469386
03/02/2020,FEU,Z01,4,0.06833279284
03/02/2020,FEU,Z02,4,0.02069426206
03/02/2020,FEU,Z03,4,0.01857326884
03/02/2020,FEU,Z01,5,0.06777046684
03/02/2020,FEU,Z02,5,0.02015920306
03/02/2020,FEU,Z03,5,0.01807046982
03/02/2020,FEU,Z01,6,0.07006932306
03/02/2020,FEU,Z02,6,0.02242916522
03/02/2020,FEU,Z03,6,0.02028335296
03/02/2020,FEU,Z01,7,0.07669738964
03/02/2020,FEU,Z02,7,0.02898595666
03/02/2020,FEU,Z03,7,0.02671509532
03/02/2020,FEU,Z01,8,0.08145057818
03/02/2020,FEU,Z02,8,0.03377467108
03/02/2020,FEU,Z03,8,0.03618550106
03/02/2020,FEU,Z01,9,0.08150102888
03/02/2020,FEU,Z02,9,0.03414452362
03/02/2020,FEU,Z03,9,0.0363101768
03/03/2020,FEU,Z01,1,0.08487436366
03/03/2020,FEU,Z02,1,0.03682302268
03/03/2020,FEU,Z03,1,0.03955980752
03/03/2020,FEU,Z01,10,0.08527165226
03/03/2020,FEU,Z02,10,0.0380081379
03/03/2020,FEU,Z03,10,0.04016457518
03/03/2020,FEU,Z01,11,0.08343574532
03/03/2020,FEU,Z02,11,0.03623261596
03/03/2020,FEU,Z03,11,0.03830221226
03/03/2020,FEU,Z01,12,0.0819722973
03/03/2020,FEU,Z02,12,0.03480752494
03/03/2020,FEU,Z03,12,0.03686218122
03/03/2020,FEU,Z01,13,0.08126902544
03/03/2020,FEU,Z02,13,0.0996474423
03/03/2020,FEU,Z03,13,0.03618128536
03/03/2020,FEU,Z01,14,0.08058491736
03/03/2020,FEU,Z02,14,0.0989924372
03/03/2020,FEU,Z03,14,0.0989924372
03/03/2020,FEU,Z01,15,0.07962072722
03/03/2020,FEU,Z02,15,0.09801974806
03/03/2020,FEU,Z03,15,0.09801974806
03/03/2020,FEU,Z01,16,0.07976858714
03/03/2020,FEU,Z02,16,0.09816833998
03/03/2020,FEU,Z03,16,0.09816833998
03/03/2020,FEU,Z01,17,0.07979985712
03/03/2020,FEU,Z02,17,0.09819975296
03/03/2020,FEU,Z03,17,0.09819975296
03/03/2020,FEU,Z01,18,0.08107960814
03/03/2020,FEU,Z02,18,0.09948853698
03/03/2020,FEU,Z03,18,0.09948853698
03/03/2020,FEU,Z01,19,0.08303203222
03/03/2020,FEU,Z02,19,0.10145501306
03/03/2020,FEU,Z03,19,0.10145501306
03/03/2020,FEU,Z01,2,0.08306158948
03/03/2020,FEU,Z02,2,0.03500619154
03/03/2020,FEU,Z03,2,0.03254106522
03/03/2020,FEU,Z01,20,0.093798977
03/03/2020,FEU,Z02,20,0.11229581084
03/03/2020,FEU,Z03,20,0.11229581084
03/03/2020,FEU,Z01,21,0.09929455286
03/03/2020,FEU,Z02,21,0.11787620268
03/03/2020,FEU,Z03,21,0.11787620268
03/03/2020,FEU,Z01,22,0.09717523478
03/03/2020,FEU,Z02,22,0.11578546758
03/03/2020,FEU,Z03,22,0.11578546758
03/03/2020,FEU,Z01,23,0.0892243662
03/03/2020,FEU,Z02,23,0.0412560421
03/03/2020,FEU,Z03,23,0.10779889998
03/03/2020,FEU,Z01,24,0.08587633418
03/03/2020,FEU,Z02,24,0.03803320708
03/03/2020,FEU,Z03,24,0.04063355306
03/03/2020,FEU,Z01,3,0.08012580736
03/03/2020,FEU,Z02,3,0.03213078546
03/03/2020,FEU,Z03,3,0.02975129914
03/03/2020,FEU,Z01,4,0.07953285732
03/03/2020,FEU,Z02,4,0.03155910742
03/03/2020,FEU,Z03,4,0.02917252112
03/03/2020,FEU,Z01,5,0.07833889934
03/03/2020,FEU,Z02,5,0.03042218644
03/03/2020,FEU,Z03,5,0.02806880314
03/03/2020,FEU,Z01,6,0.0797087755
03/03/2020,FEU,Z02,6,0.03180211656
03/03/2020,FEU,Z03,6,0.02942815524
03/03/2020,FEU,Z01,7,0.0827472409
03/03/2020,FEU,Z02,7,0.03487197688
03/03/2020,FEU,Z03,7,0.03251081348
03/03/2020,FEU,Z01,8,0.08570288334
03/03/2020,FEU,Z02,8,0.0379494172
03/03/2020,FEU,Z03,8,0.04045779224
03/03/2020,FEU,Z01,9,0.085194677
03/03/2020,FEU,Z02,9,0.03776828772
03/03/2020,FEU,Z03,9,0.04003893092
03/04/2020,FEU,Z01,1,0.0906602556
03/04/2020,FEU,Z02,1,0.04232526464
03/04/2020,FEU,Z03,1,0.04533167748
03/04/2020,FEU,Z01,10,0.09560385308
03/04/2020,FEU,Z02,10,0.04794375376
03/04/2020,FEU,Z03,10,0.050499327
03/04/2020,FEU,Z01,11,0.09443670614
03/04/2020,FEU,Z02,11,0.04681784882
03/04/2020,FEU,Z03,11,0.04933935906
03/04/2020,FEU,Z01,12,0.09255202512
03/04/2020,FEU,Z02,12,0.0449877178
03/04/2020,FEU,Z03,12,0.04748315702
03/04/2020,FEU,Z01,13,0.0923367572
03/04/2020,FEU,Z02,13,0.11082493704
03/04/2020,FEU,Z03,13,0.04724329712
03/04/2020,FEU,Z01,14,0.09157528916
03/04/2020,FEU,Z02,14,0.110057827
03/04/2020,FEU,Z03,14,0.110057827
03/04/2020,FEU,Z01,15,0.0895258421
03/04/2020,FEU,Z02,15,0.10799361694
03/04/2020,FEU,Z03,15,0.10799361694
03/04/2020,FEU,Z01,16,0.088638927
03/04/2020,FEU,Z02,16,0.10713880082
03/04/2020,FEU,Z03,16,0.10713880082
03/04/2020,FEU,Z01,17,0.08968254298
03/04/2020,FEU,Z02,17,0.1081904168
03/04/2020,FEU,Z03,17,0.1081904168
03/04/2020,FEU,Z01,18,0.090716977
03/04/2020,FEU,Z02,18,0.10923311382
03/04/2020,FEU,Z03,18,0.10923311382
03/04/2020,FEU,Z01,19,0.09087504506
03/04/2020,FEU,Z02,19,0.10939294888
03/04/2020,FEU,Z03,19,0.10939294888
03/04/2020,FEU,Z01,2,0.08595509552
03/04/2020,FEU,Z02,2,0.03778058858
03/04/2020,FEU,Z03,2,0.03526268124
03/04/2020,FEU,Z01,20,0.09998091394
03/04/2020,FEU,Z02,20,0.11856884076
03/04/2020,FEU,Z03,20,0.11856884076
03/04/2020,FEU,Z01,21,0.10326816278
03/04/2020,FEU,Z02,21,0.1218808766
03/04/2020,FEU,Z03,21,0.1218808766
03/04/2020,FEU,Z01,22,0.09640500774
03/04/2020,FEU,Z02,22,0.11500811654
03/04/2020,FEU,Z03,22,0.11500811654
03/04/2020,FEU,Z01,23,0.09351779018
03/04/2020,FEU,Z02,23,0.04538594308
03/04/2020,FEU,Z03,23,0.11213176996
03/04/2020,FEU,Z01,24,0.09160668212
03/04/2020,FEU,Z02,24,0.04350279704
03/04/2020,FEU,Z03,24,0.04634512402
03/04/2020,FEU,Z01,3,0.08420804638
03/04/2020,FEU,Z02,3,0.03606196546
03/04/2020,FEU,Z03,3,0.03354032516
03/04/2020,FEU,Z01,4,0.08305180736
03/04/2020,FEU,Z02,4,0.03492733746
03/04/2020,FEU,Z03,4,0.03243829516
03/04/2020,FEU,Z01,5,0.08300782138
03/04/2020,FEU,Z02,5,0.03491556746
03/04/2020,FEU,Z03,5,0.03242687516
03/04/2020,FEU,Z01,6,0.0846712505
03/04/2020,FEU,Z02,6,0.03654871656
03/04/2020,FEU,Z03,6,0.03403819324
03/04/2020,FEU,Z01,7,0.09147535286
03/04/2020,FEU,Z02,7,0.04323944284
03/04/2020,FEU,Z03,7,0.04062850546
03/04/2020,FEU,Z01,8,0.0951218063
03/04/2020,FEU,Z02,8,0.04702134716
03/04/2020,FEU,Z03,8,0.04994848718
03/04/2020,FEU,Z01,9,0.0950927966
03/04/2020,FEU,Z02,9,0.0471460374
03/04/2020,FEU,Z03,9,0.0499365515
03/05/2020,FEU,Z01,1,0.08751810164
03/05/2020,FEU,Z02,1,0.03935241766
03/05/2020,FEU,Z03,1,0.04218161552
03/05/2020,FEU,Z01,10,0.0861080171
03/05/2020,FEU,Z02,10,0.03873243678
03/05/2020,FEU,Z03,10,0.04097407202
03/05/2020,FEU,Z01,11,0.08547586716
03/05/2020,FEU,Z02,11,0.03812747384
03/05/2020,FEU,Z03,11,0.04035088508
03/05/2020,FEU,Z01,12,0.08300670614
03/05/2020,FEU,Z02,12,0.03572784882
03/05/2020,FEU,Z03,12,0.03786935906
03/05/2020,FEU,Z01,13,0.08201642126
03/05/2020,FEU,Z02,13,0.1004324521
03/05/2020,FEU,Z03,13,0.03689789218
03/05/2020,FEU,Z01,14,0.08094994022
03/05/2020,FEU,Z02,14,0.09935829706
03/05/2020,FEU,Z03,14,0.09935829706
03/05/2020,FEU,Z01,15,0.07874788814
03/05/2020,FEU,Z02,15,0.09714049698
03/05/2020,FEU,Z03,15,0.09714049698
03/05/2020,FEU,Z01,16,0.07889977304
03/05/2020,FEU,Z02,16,0.09732361686
03/05/2020,FEU,Z03,16,0.09732361686
03/05/2020,FEU,Z01,17,0.07870116904
03/05/2020,FEU,Z02,17,0.09712345586
03/05/2020,FEU,Z03,17,0.09712345586
03/05/2020,FEU,Z01,18,0.08003360106
03/05/2020,FEU,Z02,18,0.0984349019
03/05/2020,FEU,Z03,18,0.0984349019
03/05/2020,FEU,Z01,19,0.08150670512
03/05/2020,FEU,Z02,19,0.09991968896
03/05/2020,FEU,Z03,19,0.09991968896
03/05/2020,FEU,Z01,2,0.08436337346
03/05/2020,FEU,Z02,2,0.03622141954
03/05/2020,FEU,Z03,2,0.03371993022
03/05/2020,FEU,Z01,20,0.08592870902
03/05/2020,FEU,Z02,20,0.10437090386
03/05/2020,FEU,Z03,20,0.10437090386
03/05/2020,FEU,Z01,21,0.08813751284
03/05/2020,FEU,Z02,21,0.10663338866
03/05/2020,FEU,Z03,21,0.10663338866
03/05/2020,FEU,Z01,22,0.08566005074
03/05/2020,FEU,Z02,22,0.10417076954
03/05/2020,FEU,Z03,22,0.10417076954
03/05/2020,FEU,Z01,23,0.08560870416
03/05/2020,FEU,Z02,23,0.03777312406
03/05/2020,FEU,Z03,23,0.10414945694
03/05/2020,FEU,Z01,24,0.08413364008
03/05/2020,FEU,Z02,24,0.03628397602
03/05/2020,FEU,Z03,24,0.03883331298
03/05/2020,FEU,Z01,3,0.08132012038
03/05/2020,FEU,Z02,3,0.03330190046
03/05/2020,FEU,Z03,3,0.03086233516
03/05/2020,FEU,Z01,4,0.08206255732
03/05/2020,FEU,Z02,4,0.03397723642
03/05/2020,FEU,Z03,4,0.03151886512
03/05/2020,FEU,Z01,5,0.08128083734
03/05/2020,FEU,Z02,5,0.03323289444
03/05/2020,FEU,Z03,5,0.03079600114
03/05/2020,FEU,Z01,6,0.0819346005
03/05/2020,FEU,Z02,6,0.03393164056
03/05/2020,FEU,Z03,6,0.03152279922
03/05/2020,FEU,Z01,7,0.0830894609
03/05/2020,FEU,Z02,7,0.03522881486
03/05/2020,FEU,Z03,7,0.03283172348
03/05/2020,FEU,Z01,8,0.08508928032
03/05/2020,FEU,Z02,8,0.0373246972
03/05/2020,FEU,Z03,8,0.03983785222
03/05/2020,FEU,Z01,9,0.0861948719
03/05/2020,FEU,Z02,9,0.03868972764
03/05/2020,FEU,Z03,9,0.04102398482
03/06/2020,FEU,Z01,1,0.08043475358
03/06/2020,FEU,Z02,1,0.03253299162
03/06/2020,FEU,Z03,1,0.03505214246
03/06/2020,FEU,Z01,10,0.08195613908
03/06/2020,FEU,Z02,10,0.03470094576
03/06/2020,FEU,Z03,10,0.03683462798
03/06/2020,FEU,Z01,11,0.0786689521
03/06/2020,FEU,Z02,11,0.03151426978
03/06/2020,FEU,Z03,11,0.03350901902
03/06/2020,FEU,Z01,12,0.07637168108
03/06/2020,FEU,Z02,12,0.02928216976
03/06/2020,FEU,Z03,12,0.031200027
03/06/2020,FEU,Z01,13,0.07276280822
03/06/2020,FEU,Z02,13,0.09111480806
03/06/2020,FEU,Z03,13,0.02760435314
03/06/2020,FEU,Z01,14,0.0721177172
03/06/2020,FEU,Z02,14,0.09046400904
03/06/2020,FEU,Z03,14,0.09046400904
03/06/2020,FEU,Z01,15,0.06822028912
03/06/2020,FEU,Z02,15,0.08656049994
03/06/2020,FEU,Z03,15,0.08656049994
03/06/2020,FEU,Z01,16,0.06492990506
03/06/2020,FEU,Z02,16,0.08324538488
03/06/2020,FEU,Z03,16,0.08324538488
03/06/2020,FEU,Z01,17,0.06946130108
03/06/2020,FEU,Z02,17,0.08778887492
03/06/2020,FEU,Z03,17,0.08778887492
03/06/2020,FEU,Z01,18,0.0749144971
03/06/2020,FEU,Z02,18,0.09328018394
03/06/2020,FEU,Z03,18,0.09328018394
03/06/2020,FEU,Z01,19,0.08022748418
03/06/2020,FEU,Z02,19,0.09863060702
03/06/2020,FEU,Z03,19,0.09863060702
03/06/2020,FEU,Z01,2,0.0789306854
03/06/2020,FEU,Z02,2,0.03101874448
03/06/2020,FEU,Z03,2,0.02864650718
03/06/2020,FEU,Z01,20,0.08771310602
03/06/2020,FEU,Z02,20,0.10620588884
03/06/2020,FEU,Z03,20,0.10620588884
03/06/2020,FEU,Z01,21,0.09439347878
03/06/2020,FEU,Z02,21,0.1129362266
03/06/2020,FEU,Z03,21,0.1129362266
03/06/2020,FEU,Z01,22,0.0902337866
03/06/2020,FEU,Z02,22,0.10874399942
03/06/2020,FEU,Z03,22,0.10874399942
03/06/2020,FEU,Z01,23,0.090261776
03/06/2020,FEU,Z02,23,0.04216181494
03/06/2020,FEU,Z03,23,0.10888243976
03/06/2020,FEU,Z01,24,0.08844877988
03/06/2020,FEU,Z02,24,0.04033812686
03/06/2020,FEU,Z03,24,0.04316221976
03/06/2020,FEU,Z01,3,0.07554991928
03/06/2020,FEU,Z02,3,0.0277265764
03/06/2020,FEU,Z03,3,0.0254542421
03/06/2020,FEU,Z01,4,0.07500916324
03/06/2020,FEU,Z02,4,0.02720600236
03/06/2020,FEU,Z03,4,0.02492905708
03/06/2020,FEU,Z01,5,0.07367707524
03/06/2020,FEU,Z02,5,0.02593417036
03/06/2020,FEU,Z03,5,0.02369596108
03/06/2020,FEU,Z01,6,0.0772320554
03/06/2020,FEU,Z02,6,0.02939586448
03/06/2020,FEU,Z03,6,0.02707078618
03/06/2020,FEU,Z01,7,0.08104724578
03/06/2020,FEU,Z02,7,0.03319742278
03/06/2020,FEU,Z03,7,0.0308569674
03/06/2020,FEU,Z01,8,0.0837265662
03/06/2020,FEU,Z02,8,0.0359672871
03/06/2020,FEU,Z03,8,0.03847672008
03/06/2020,FEU,Z01,9,0.08307225586
03/06/2020,FEU,Z02,9,0.0356626576
03/06/2020,FEU,Z03,9,0.03788312678
03/07/2020,FEU,Z01,1,0.09020634746
03/07/2020,FEU,Z02,1,0.04180607254
03/07/2020,FEU,Z03,1,0.04484906234
03/07/2020,FEU,Z01,10,0.08770744238
03/07/2020,FEU,Z02,10,0.03988619124
03/07/2020,FEU,Z03,10,0.04247833028
03/07/2020,FEU,Z01,11,0.08713665256
03/07/2020,FEU,Z02,11,0.03945664536
03/07/2020,FEU,Z03,11,0.04193889846
03/07/2020,FEU,Z01,12,0.08463842758
03/07/2020,FEU,Z02,12,0.03704751538
03/07/2020,FEU,Z03,12,0.03943376048
03/07/2020,FEU,Z01,13,0.08360502974
03/07/2020,FEU,Z02,13,0.10206507656
03/07/2020,FEU,Z03,13,0.03839662166
03/07/2020,FEU,Z01,14,0.08354477672
03/07/2020,FEU,Z02,14,0.10200306554
03/07/2020,FEU,Z03,14,0.10200306554
03/07/2020,FEU,Z01,15,0.08350425266
03/07/2020,FEU,Z02,15,0.10196304848
03/07/2020,FEU,Z03,15,0.10196304848
03/07/2020,FEU,Z01,16,0.08394764056
03/07/2020,FEU,Z02,16,0.10244228636
03/07/2020,FEU,Z03,16,0.10244228636
03/07/2020,FEU,Z01,17,0.08409062456
03/07/2020,FEU,Z02,17,0.10258649036
03/07/2020,FEU,Z03,17,0.10258649036
03/07/2020,FEU,Z01,18,0.08614739264
03/07/2020,FEU,Z02,18,0.10466146644
03/07/2020,FEU,Z03,18,0.10466146644
03/07/2020,FEU,Z01,19,0.09019820072
03/07/2020,FEU,Z02,19,0.10874774252
03/07/2020,FEU,Z03,19,0.10874774252
03/07/2020,FEU,Z01,2,0.08640993932
03/07/2020,FEU,Z02,2,0.03813085342
03/07/2020,FEU,Z03,2,0.03554803312
03/07/2020,FEU,Z01,20,0.09750521962
03/07/2020,FEU,Z02,20,0.11611628642
03/07/2020,FEU,Z03,20,0.11611628642
03/07/2020,FEU,Z01,21,0.09364105746
03/07/2020,FEU,Z02,21,0.11221732826
03/07/2020,FEU,Z03,21,0.11221732826
03/07/2020,FEU,Z01,22,0.09356459636
03/07/2020,FEU,Z02,22,0.11218120514
03/07/2020,FEU,Z03,22,0.11218120514
03/07/2020,FEU,Z01,23,0.09350116978
03/07/2020,FEU,Z02,23,0.04513830778
03/07/2020,FEU,Z03,23,0.11215130654
03/07/2020,FEU,Z01,24,0.09061665372
03/07/2020,FEU,Z02,24,0.04236482872
03/07/2020,FEU,Z03,24,0.0453105756
03/07/2020,FEU,Z01,3,0.08531169422
03/07/2020,FEU,Z02,3,0.03704013034
03/07/2020,FEU,Z03,3,0.03446325506
03/07/2020,FEU,Z01,4,0.08504526716
03/07/2020,FEU,Z02,4,0.0367494313
03/07/2020,FEU,Z03,4,0.03415501704
03/07/2020,FEU,Z01,5,0.08512102916
03/07/2020,FEU,Z02,5,0.0368217163
03/07/2020,FEU,Z03,5,0.03425408602
03/07/2020,FEU,Z01,6,0.08522693418
03/07/2020,FEU,Z02,6,0.03692512032
03/07/2020,FEU,Z03,6,0.03435247304
03/07/2020,FEU,Z01,7,0.08635093334
03/07/2020,FEU,Z02,7,0.03807683044
03/07/2020,FEU,Z03,7,0.03549487414
03/07/2020,FEU,Z01,8,0.08637946554
03/07/2020,FEU,Z02,8,0.03821971358
03/07/2020,FEU,Z03,8,0.0410507954
03/07/2020,FEU,Z01,9,0.08669820014
03/07/2020,FEU,Z02,9,0.03881780904
03/07/2020,FEU,Z03,9,0.04145200502
03/08/2020,FEU,Z01,1,0.09409668736
03/08/2020,FEU,Z02,1,0.04547796546
03/08/2020,FEU,Z03,1,0.04873944724
03/08/2020,FEU,Z01,10,0.08539176016
03/08/2020,FEU,Z02,10,0.03753240508
03/08/2020,FEU,Z03,10,0.04011166106
03/08/2020,FEU,Z01,11,0.08283020832
03/08/2020,FEU,Z02,11,0.03517732618
03/08/2020,FEU,Z03,11,0.0375984162
03/08/2020,FEU,Z01,12,0.0827658113
03/08/2020,FEU,Z02,12,0.03511371316
03/08/2020,FEU,Z03,12,0.03752993018
03/08/2020,FEU,Z01,13,0.08134968848
03/08/2020,FEU,Z02,13,0.09982165628
03/08/2020,FEU,Z03,13,0.03611231638
03/08/2020,FEU,Z01,14,0.08140496546
03/08/2020,FEU,Z02,14,0.09987846326
03/08/2020,FEU,Z03,14,0.09987846326
03/08/2020,FEU,Z01,15,0.0823628164
03/08/2020,FEU,Z02,15,0.1008428662
03/08/2020,FEU,Z03,15,0.1008428662
03/08/2020,FEU,Z01,16,0.0810463763
03/08/2020,FEU,Z02,16,0.09954604408
03/08/2020,FEU,Z03,16,0.09954604408
03/08/2020,FEU,Z01,17,0.08072308126
03/08/2020,FEU,Z02,17,0.09918840206
03/08/2020,FEU,Z03,17,0.09918840206
03/08/2020,FEU,Z01,18,0.08467712628
03/08/2020,FEU,Z02,18,0.10317590408
03/08/2020,FEU,Z03,18,0.10317590408
03/08/2020,FEU,Z01,19,0.09128365442
03/08/2020,FEU,Z02,19,0.10983950122
03/08/2020,FEU,Z03,19,0.10983950122
03/08/2020,FEU,Z01,2,0.0878498152
03/08/2020,FEU,Z02,2,0.03946124832
03/08/2020,FEU,Z03,2,0.03681148904
03/08/2020,FEU,Z01,20,0.09455984036
03/08/2020,FEU,Z02,20,0.11318571114
03/08/2020,FEU,Z03,20,0.11318571114
03/08/2020,FEU,Z01,21,0.09356182424
03/08/2020,FEU,Z02,21,0.11217813602
03/08/2020,FEU,Z03,21,0.11217813602
03/08/2020,FEU,Z01,22,0.09240995232
03/08/2020,FEU,Z02,22,0.1110153411
03/08/2020,FEU,Z03,22,0.1110153411
03/08/2020,FEU,Z01,23,0.09216456784
03/08/2020,FEU,Z02,23,0.04389841182
03/08/2020,FEU,Z03,23,0.1108022156
03/08/2020,FEU,Z01,24,0.09073839274
03/08/2020,FEU,Z02,24,0.04244922676
03/08/2020,FEU,Z03,24,0.04543670362
03/08/2020,FEU,Z01,3,0.087631975
03/08/2020,FEU,Z02,3,0.03913716718
03/08/2020,FEU,Z03,3,0.03644219094
03/08/2020,FEU,Z01,4,0.08720284894
03/08/2020,FEU,Z02,4,0.03872152612
03/08/2020,FEU,Z03,4,0.03604109288
03/08/2020,FEU,Z01,5,0.0873483199
03/08/2020,FEU,Z02,5,0.0388249961
03/08/2020,FEU,Z03,5,0.03614208086
03/08/2020,FEU,Z01,6,0.08732408498
03/08/2020,FEU,Z02,6,0.03884156016
03/08/2020,FEU,Z03,6,0.03615567892
03/08/2020,FEU,Z01,7,0.08776563104
03/08/2020,FEU,Z02,7,0.0392989462
03/08/2020,FEU,Z03,7,0.03659797696
03/08/2020,FEU,Z01,8,0.08710302626
03/08/2020,FEU,Z02,8,0.03875511638
03/08/2020,FEU,Z03,8,0.04172411912
03/08/2020,FEU,Z01,9,0.08573045588
03/08/2020,FEU,Z02,9,0.03773024886
03/08/2020,FEU,Z03,9,0.04043037176
03/09/2020,FEU,Z01,1,0.08797802222
03/09/2020,FEU,Z02,1,0.03958594634
03/09/2020,FEU,Z03,1,0.04259647108
03/09/2020,FEU,Z01,10,0.09587460014
03/09/2020,FEU,Z02,10,0.04821407982
03/09/2020,FEU,Z03,10,0.05078228506
03/09/2020,FEU,Z01,11,0.09336041524
03/09/2020,FEU,Z02,11,0.04586658588
03/09/2020,FEU,Z03,11,0.04827804516
03/09/2020,FEU,Z01,12,0.09243219922
03/09/2020,FEU,Z02,12,0.04492316788
03/09/2020,FEU,Z03,12,0.04734396314
03/09/2020,FEU,Z01,13,0.09108499934
03/09/2020,FEU,Z02,13,0.1095237572
03/09/2020,FEU,Z03,13,0.04597540928
03/09/2020,FEU,Z01,14,0.09276410534
03/09/2020,FEU,Z02,14,0.11125639618
03/09/2020,FEU,Z03,14,0.11125639618
03/09/2020,FEU,Z01,15,0.09133186226
03/09/2020,FEU,Z02,15,0.1098134371
03/09/2020,FEU,Z03,15,0.1098134371
03/09/2020,FEU,Z01,16,0.08985886316
03/09/2020,FEU,Z02,16,0.108329377
03/09/2020,FEU,Z03,16,0.108329377
03/09/2020,FEU,Z01,17,0.08988170316
03/09/2020,FEU,Z02,17,0.108352377
03/09/2020,FEU,Z03,17,0.108352377
03/09/2020,FEU,Z01,18,0.09161692514
03/09/2020,FEU,Z02,18,0.11009960598
03/09/2020,FEU,Z03,18,0.11009960598
03/09/2020,FEU,Z01,19,0.09316266916
03/09/2020,FEU,Z02,19,0.111657477
03/09/2020,FEU,Z03,19,0.111657477
03/09/2020,FEU,Z01,2,0.08768577002
03/09/2020,FEU,Z02,2,0.03922172818
03/09/2020,FEU,Z03,2,0.03652405394
03/09/2020,FEU,Z01,20,0.09807218198
03/09/2020,FEU,Z02,20,0.11659855882
03/09/2020,FEU,Z03,20,0.11659855882
03/09/2020,FEU,Z01,21,0.09981246884
03/09/2020,FEU,Z02,21,0.11839791566
03/09/2020,FEU,Z03,21,0.11839791566
03/09/2020,FEU,Z01,22,0.09657383678
03/09/2020,FEU,Z02,22,0.1151334866
03/09/2020,FEU,Z03,22,0.1151334866
03/09/2020,FEU,Z01,23,0.0949994362
03/09/2020,FEU,Z02,23,0.0468127271
03/09/2020,FEU,Z03,23,0.11362735298
03/09/2020,FEU,Z01,24,0.09412721612
03/09/2020,FEU,Z02,24,0.04596545002
03/09/2020,FEU,Z03,24,0.048914576
03/09/2020,FEU,Z01,3,0.08794301488
03/09/2020,FEU,Z02,3,0.03938904808
03/09/2020,FEU,Z03,3,0.03665925986
03/09/2020,FEU,Z01,4,0.08775757084
03/09/2020,FEU,Z02,4,0.03917713906
03/09/2020,FEU,Z03,4,0.03645510484
03/09/2020,FEU,Z01,5,0.08724682284
03/09/2020,FEU,Z02,5,0.03869115706
03/09/2020,FEU,Z03,5,0.03601526682
03/09/2020,FEU,Z01,6,0.08826180606
03/09/2020,FEU,Z02,6,0.03977548622
03/09/2020,FEU,Z03,6,0.03708872896
03/09/2020,FEU,Z01,7,0.08968126964
03/09/2020,FEU,Z02,7,0.04142617666
03/09/2020,FEU,Z03,7,0.03880353532
03/09/2020,FEU,Z01,8,0.09663821018
03/09/2020,FEU,Z02,8,0.04838731708
03/09/2020,FEU,Z03,8,0.05144964506
03/09/2020,FEU,Z01,9,0.09664116088
03/09/2020,FEU,Z02,9,0.04879894762
03/09/2020,FEU,Z03,9,0.0515026968
03/10/2020,FEU,Z01,1,0.08819799066
03/10/2020,FEU,Z02,1,0.04000736868
03/10/2020,FEU,Z03,1,0.04290132752
03/10/2020,FEU,Z01,10,0.09618003026
03/10/2020,FEU,Z02,10,0.0486095079
03/10/2020,FEU,Z03,10,0.05111132918
03/10/2020,FEU,Z01,11,0.09484491932
03/10/2020,FEU,Z02,11,0.04731983796
03/10/2020,FEU,Z03,11,0.04974156926
03/10/2020,FEU,Z01,12,0.0944754573
03/10/2020,FEU,Z02,12,0.04695706994
03/10/2020,FEU,Z03,12,0.04940826622
03/10/2020,FEU,Z01,13,0.09435833744
03/10/2020,FEU,Z02,13,0.1128179823
03/10/2020,FEU,Z03,13,0.04931701336
03/10/2020,FEU,Z01,14,0.09437607336
03/10/2020,FEU,Z02,14,0.1128799172
03/10/2020,FEU,Z03,14,0.1128799172
03/10/2020,FEU,Z01,15,0.09275681422
03/10/2020,FEU,Z02,15,0.11124809906
03/10/2020,FEU,Z03,15,0.11124809906
03/10/2020,FEU,Z01,16,0.09342629414
03/10/2020,FEU,Z02,16,0.11192163898
03/10/2020,FEU,Z03,16,0.11192163898
03/10/2020,FEU,Z01,17,0.09350497712
03/10/2020,FEU,Z02,17,0.11200071296
03/10/2020,FEU,Z03,17,0.11200071296
03/10/2020,FEU,Z01,18,0.09513279314
03/10/2020,FEU,Z02,18,0.11364008198
03/10/2020,FEU,Z03,18,0.11364008198
03/10/2020,FEU,Z01,19,0.09546193922
03/10/2020,FEU,Z02,19,0.11397337106
03/10/2020,FEU,Z03,19,0.11397337106
03/10/2020,FEU,Z01,2,0.08828925348
03/10/2020,FEU,Z02,2,0.04000786354
03/10/2020,FEU,Z03,2,0.03739776122
03/10/2020,FEU,Z01,20,0.099647877
03/10/2020,FEU,Z02,20,0.11818655684
03/10/2020,FEU,Z03,20,0.11818655684
03/10/2020,FEU,Z01,21,0.10476716286
03/10/2020,FEU,Z02,21,0.12339254868
03/10/2020,FEU,Z03,21,0.12339254868
03/10/2020,FEU,Z01,22,0.10029832478
03/10/2020,FEU,Z02,22,0.11893545758
03/10/2020,FEU,Z03,22,0.11893545758
03/10/2020,FEU,Z01,23,0.0988895462
03/10/2020,FEU,Z02,23,0.0505557321
03/10/2020,FEU,Z03,23,0.11755342198
03/10/2020,FEU,Z01,24,0.09680733218
03/10/2020,FEU,Z02,24,0.04855004908
03/10/2020,FEU,Z03,24,0.05161961906
03/10/2020,FEU,Z01,3,0.08544065536
03/10/2020,FEU,Z02,3,0.03720954046
03/10/2020,FEU,Z03,3,0.03468334414
03/10/2020,FEU,Z01,4,0.08579664132
03/10/2020,FEU,Z02,4,0.03754371142
03/10/2020,FEU,Z03,4,0.03497946512
03/10/2020,FEU,Z01,5,0.08576279234
03/10/2020,FEU,Z02,5,0.03751374644
03/10/2020,FEU,Z03,5,0.03494966314
03/10/2020,FEU,Z01,6,0.0882654005
03/10/2020,FEU,Z02,6,0.03998736456
03/10/2020,FEU,Z03,6,0.03737708524
03/10/2020,FEU,Z01,7,0.0898061309
03/10/2020,FEU,Z02,7,0.04164382488
03/10/2020,FEU,Z03,7,0.03910692148
03/10/2020,FEU,Z01,8,0.09521538634
03/10/2020,FEU,Z02,8,0.0471161572
03/10/2020,FEU,Z03,8,0.05001050024
03/10/2020,FEU,Z01,9,0.096075977
03/10/2020,FEU,Z02,9,0.04830895572
03/10/2020,FEU,Z03,9,0.05095807892
03/11/2020,FEU,Z01,1,0.0993808156
03/11/2020,FEU,Z02,1,0.05067296064
03/11/2020,FEU,Z03,1,0.05409512548
03/11/2020,FEU,Z01,10,0.09767467508
03/11/2020,FEU,Z02,10,0.04995313776
03/11/2020,FEU,Z03,10,0.052577377
03/11/2020,FEU,Z01,11,0.09632722814
03/11/2020,FEU,Z02,11,0.04865324382
03/11/2020,FEU,Z03,11,0.05123649706
03/11/2020,FEU,Z01,12,0.09602520912
03/11/2020,FEU,Z02,12,0.0483576778
03/11/2020,FEU,Z03,12,0.05097152102
03/11/2020,FEU,Z01,13,0.0958080572
03/11/2020,FEU,Z02,13,0.11432059704
03/11/2020,FEU,Z03,13,0.05072677712
03/11/2020,FEU,Z01,14,0.09523882516
03/11/2020,FEU,Z02,14,0.113747027
03/11/2020,FEU,Z03,14,0.113747027
03/11/2020,FEU,Z01,15,0.0946176571
03/11/2020,FEU,Z02,15,0.11312100794
03/11/2020,FEU,Z03,15,0.11312100794
03/11/2020,FEU,Z01,16,0.094827077
03/11/2020,FEU,Z02,16,0.11337537982
03/11/2020,FEU,Z03,16,0.11337537982
03/11/2020,FEU,Z01,17,0.09510490398
03/11/2020,FEU,Z02,17,0.1136551768
03/11/2020,FEU,Z03,17,0.1136551768
03/11/2020,FEU,Z01,18,0.096028827
03/11/2020,FEU,Z02,18,0.11458653482
03/11/2020,FEU,Z03,18,0.11458653482
03/11/2020,FEU,Z01,19,0.09654581306
03/11/2020,FEU,Z02,19,0.11510821288
03/11/2020,FEU,Z03,19,0.11510821288
03/11/2020,FEU,Z01,2,0.09913879952
03/11/2020,FEU,Z02,2,0.05039342958
03/11/2020,FEU,Z03,2,0.04752121724
03/11/2020,FEU,Z01,20,0.10285995494
03/11/2020,FEU,Z02,20,0.12147151676
03/11/2020,FEU,Z03,20,0.12147151676
03/11/2020,FEU,Z01,21,0.10893848678
03/11/2020,FEU,Z02,21,0.1275939866
03/11/2020,FEU,Z03,21,0.1275939866
03/11/2020,FEU,Z01,22,0.10538918274
03/11/2020,FEU,Z02,22,0.12407071454
03/11/2020,FEU,Z03,22,0.12407071454
03/11/2020,FEU,Z01,23,0.09972051818
03/11/2020,FEU,Z02,23,0.05135431108
03/11/2020,FEU,Z03,23,0.11839298796
03/11/2020,FEU,Z01,24,0.09984886412
03/11/2020,FEU,Z02,24,0.05142858904
03/11/2020,FEU,Z03,24,0.05462182102
03/11/2020,FEU,Z01,3,0.09920408838
03/11/2020,FEU,Z02,3,0.05040135646
03/11/2020,FEU,Z03,3,0.04745331116
03/11/2020,FEU,Z01,4,0.09963699136
03/11/2020,FEU,Z02,4,0.05077211146
03/11/2020,FEU,Z03,4,0.04781189916
03/11/2020,FEU,Z01,5,0.09957954338
03/11/2020,FEU,Z02,5,0.05076034146
03/11/2020,FEU,Z03,5,0.04780047916
03/11/2020,FEU,Z01,6,0.1001417755
03/11/2020,FEU,Z02,6,0.05135107656
03/11/2020,FEU,Z03,6,0.04840999524
03/11/2020,FEU,Z01,7,0.10032266286
03/11/2020,FEU,Z02,7,0.05172758284
03/11/2020,FEU,Z03,7,0.04888941546
03/11/2020,FEU,Z01,8,0.1008240263
03/11/2020,FEU,Z02,8,0.05251665116
03/11/2020,FEU,Z03,8,0.05567957918
03/11/2020,FEU,Z01,9,0.0993445766
03/11/2020,FEU,Z02,9,0.0512535874
03/11/2020,FEU,Z03,9,0.0542065015
03/12/2020,FEU,Z01,1,0.10109514764
03/12/2020,FEU,Z02,1,0.05236213366
03/12/2020,FEU,Z03,1,0.05582554352
03/12/2020,FEU,Z01,10,0.1003941821
03/12/2020,FEU,Z02,10,0.05259438378
03/12/2020,FEU,Z03,10,0.05531014502
03/12/2020,FEU,Z01,11,0.09929635116
03/12/2020,FEU,Z02,11,0.05153648984
03/12/2020,FEU,Z03,11,0.05421977708
03/12/2020,FEU,Z01,12,0.09825432614
03/12/2020,FEU,Z02,12,0.05052190882
03/12/2020,FEU,Z03,12,0.05317033906
03/12/2020,FEU,Z01,13,0.09799240826
03/12/2020,FEU,Z02,13,0.1165208471
03/12/2020,FEU,Z03,13,0.05293008318
03/12/2020,FEU,Z01,14,0.09760212022
03/12/2020,FEU,Z02,14,0.11612743706
03/12/2020,FEU,Z03,14,0.11612743706
03/12/2020,FEU,Z01,15,0.09684957914
03/12/2020,FEU,Z02,15,0.11536888398
03/12/2020,FEU,Z03,15,0.11536888398
03/12/2020,FEU,Z01,16,0.09694059304
03/12/2020,FEU,Z02,16,0.11550702886
03/12/2020,FEU,Z03,16,0.11550702886
03/12/2020,FEU,Z01,17,0.09654453304
03/12/2020,FEU,Z02,17,0.11510670686
03/12/2020,FEU,Z03,17,0.11510670686
03/12/2020,FEU,Z01,18,0.09615009806
03/12/2020,FEU,Z02,18,0.1146638069
03/12/2020,FEU,Z03,18,0.1146638069
03/12/2020,FEU,Z01,19,0.09590852112
03/12/2020,FEU,Z02,19,0.11442106496
03/12/2020,FEU,Z03,19,0.11442106496
03/12/2020,FEU,Z01,2,0.10070701346
03/12/2020,FEU,Z02,2,0.05184577954
03/12/2020,FEU,Z03,2,0.04889141022
03/12/2020,FEU,Z01,20,0.09843327602
03/12/2020,FEU,Z02,20,0.11696253486
03/12/2020,FEU,Z03,20,0.11696253486
03/12/2020,FEU,Z01,21,0.09903660884
03/12/2020,FEU,Z02,21,0.11761602566
03/12/2020,FEU,Z03,21,0.11761602566
03/12/2020,FEU,Z01,22,0.09804600074
03/12/2020,FEU,Z02,22,0.11666321954
03/12/2020,FEU,Z03,22,0.11666321954
03/12/2020,FEU,Z01,23,0.09807344816
03/12/2020,FEU,Z02,23,0.04976730306
03/12/2020,FEU,Z03,23,0.11672922794
03/12/2020,FEU,Z01,24,0.09679808408
03/12/2020,FEU,Z02,24,0.04845073702
03/12/2020,FEU,Z03,24,0.05155070198
03/12/2020,FEU,Z01,3,0.10042893338
03/12/2020,FEU,Z02,3,0.05157247146
03/12/2020,FEU,Z03,3,0.04858960116
03/12/2020,FEU,Z01,4,0.10071693532
03/12/2020,FEU,Z02,4,0.05180017942
03/12/2020,FEU,Z03,4,0.04881156912
03/12/2020,FEU,Z01,5,0.10068332534
03/12/2020,FEU,Z02,5,0.05176990244
03/12/2020,FEU,Z03,5,0.04878224914
03/12/2020,FEU,Z01,6,0.1006893505
03/12/2020,FEU,Z02,6,0.05187496056
03/12/2020,FEU,Z03,6,0.04896088922
03/12/2020,FEU,Z01,7,0.1001064709
03/12/2020,FEU,Z02,7,0.05156796886
03/12/2020,FEU,Z03,7,0.04873196948
03/12/2020,FEU,Z01,8,0.10224307232
03/12/2020,FEU,Z02,8,0.0538398772
03/12/2020,FEU,Z03,8,0.05706408422
03/12/2020,FEU,Z01,9,0.1011451919
03/12/2020,FEU,Z02,9,0.05316223764
03/12/2020,FEU,Z03,9,0.05602608082
03/13/2020,FEU,Z01,1,0.08582791058
03/13/2020,FEU,Z02,1,0.03769529562
03/13/2020,FEU,Z03,1,0.04047180146
03/13/2020,FEU,Z01,10,0.09406821308
03/13/2020,FEU,Z02,10,0.04645367376
03/13/2020,FEU,Z03,10,0.04899839598
03/13/2020,FEU,Z01,11,0.0953149621
03/13/2020,FEU,Z02,11,0.04766598778
03/13/2020,FEU,Z03,11,0.05021318102
03/13/2020,FEU,Z01,12,0.09539413508
03/13/2020,FEU,Z02,12,0.04774025776
03/13/2020,FEU,Z03,12,0.050288877
03/13/2020,FEU,Z01,13,0.09550863822
03/13/2020,FEU,Z02,13,0.11401925106
03/13/2020,FEU,Z03,13,0.05043006314
03/13/2020,FEU,Z01,14,0.0957738572
03/13/2020,FEU,Z02,14,0.11428615704
03/13/2020,FEU,Z03,14,0.11428615704
03/13/2020,FEU,Z01,15,0.09570031312
03/13/2020,FEU,Z02,15,0.11425671294
03/13/2020,FEU,Z03,15,0.11425671294
03/13/2020,FEU,Z01,16,0.09584729006
03/13/2020,FEU,Z02,16,0.11440420888
03/13/2020,FEU,Z03,16,0.11440420888
03/13/2020,FEU,Z01,17,0.09580211108
03/13/2020,FEU,Z02,17,0.11431356492
03/13/2020,FEU,Z03,17,0.11431356492
03/13/2020,FEU,Z01,18,0.0962332521
03/13/2020,FEU,Z02,18,0.11474789094
03/13/2020,FEU,Z03,18,0.11474789094
03/13/2020,FEU,Z01,19,0.09641028718
03/13/2020,FEU,Z02,19,0.11492687402
03/13/2020,FEU,Z03,19,0.11492687402
03/13/2020,FEU,Z01,2,0.0819269654
03/13/2020,FEU,Z02,2,0.03388465648
03/13/2020,FEU,Z03,2,0.03142598318
03/13/2020,FEU,Z01,20,0.10194462002
03/13/2020,FEU,Z02,20,0.12054887684
03/13/2020,FEU,Z03,20,0.12054887684
03/13/2020,FEU,Z01,21,0.10104136478
03/13/2020,FEU,Z02,21,0.1196356466
03/13/2020,FEU,Z03,21,0.1196356466
03/13/2020,FEU,Z01,22,0.0999506366
03/13/2020,FEU,Z02,22,0.11853441542
03/13/2020,FEU,Z03,22,0.11853441542
03/13/2020,FEU,Z01,23,0.099873776
03/13/2020,FEU,Z02,23,0.05139734494
03/13/2020,FEU,Z03,23,0.11859055976
03/13/2020,FEU,Z01,24,0.09943061588
03/13/2020,FEU,Z02,24,0.05087492586
03/13/2020,FEU,Z03,24,0.05419869176
03/13/2020,FEU,Z01,3,0.08267669528
03/13/2020,FEU,Z02,3,0.0345316364
03/13/2020,FEU,Z03,3,0.0320563121
03/13/2020,FEU,Z01,4,0.08459994924
03/13/2020,FEU,Z02,4,0.03636177436
03/13/2020,FEU,Z03,4,0.03380597308
03/13/2020,FEU,Z01,5,0.08449843324
03/13/2020,FEU,Z02,5,0.03626603236
03/13/2020,FEU,Z03,5,0.03371314708
03/13/2020,FEU,Z01,6,0.0852737954
03/13/2020,FEU,Z02,6,0.03708455248
03/13/2020,FEU,Z03,6,0.03453064418
03/13/2020,FEU,Z01,7,0.09008251678
03/13/2020,FEU,Z02,7,0.04186080478
03/13/2020,FEU,Z03,7,0.0392890274
03/13/2020,FEU,Z01,8,0.0918090462
03/13/2020,FEU,Z02,8,0.0437441271
03/13/2020,FEU,Z03,8,0.04659995208
03/13/2020,FEU,Z01,9,0.09334988686
03/13/2020,FEU,Z02,9,0.0456116176
03/13/2020,FEU,Z03,9,0.04819745078
03/14/2020,FEU,Z01,1,0.10013400446
03/14/2020,FEU,Z02,1,0.05129798854
03/14/2020,FEU,Z03,1,0.05482526534
03/14/2020,FEU,Z01,10,0.09560833238
03/14/2020,FEU,Z02,10,0.04749941124
03/14/2020,FEU,Z03,10,0.05041267028
03/14/2020,FEU,Z01,11,0.09521524856
03/14/2020,FEU,Z02,11,0.04726065336
03/14/2020,FEU,Z03,11,0.05005195946
03/14/2020,FEU,Z01,12,0.09494556958
03/14/2020,FEU,Z02,12,0.04700257738
03/14/2020,FEU,Z03,12,0.04978491248
03/14/2020,FEU,Z01,13,0.09424415374
03/14/2020,FEU,Z02,13,0.11278536056
03/14/2020,FEU,Z03,13,0.04907117066
03/14/2020,FEU,Z01,14,0.09477155672
03/14/2020,FEU,Z02,14,0.11331665054
03/14/2020,FEU,Z03,14,0.11331665054
03/14/2020,FEU,Z01,15,0.09448805666
03/14/2020,FEU,Z02,15,0.11303038448
03/14/2020,FEU,Z03,15,0.11303038448
03/14/2020,FEU,Z01,16,0.09171682856
03/14/2020,FEU,Z02,16,0.11027894636
03/14/2020,FEU,Z03,16,0.11027894636
03/14/2020,FEU,Z01,17,0.09017096056
03/14/2020,FEU,Z02,17,0.10871870636
03/14/2020,FEU,Z03,17,0.10871870636
03/14/2020,FEU,Z01,18,0.09142441664
03/14/2020,FEU,Z02,18,0.10998367044
03/14/2020,FEU,Z03,18,0.10998367044
03/14/2020,FEU,Z01,19,0.09767806472
03/14/2020,FEU,Z02,19,0.11629304052
03/14/2020,FEU,Z03,19,0.11629304052
03/14/2020,FEU,Z01,2,0.10035413932
03/14/2020,FEU,Z02,2,0.05145237442
03/14/2020,FEU,Z03,2,0.04847523312
03/14/2020,FEU,Z01,20,0.09817038062
03/14/2020,FEU,Z02,20,0.11678713742
03/14/2020,FEU,Z03,20,0.11678713742
03/14/2020,FEU,Z01,21,0.10150459446
03/14/2020,FEU,Z02,21,0.12014767526
03/14/2020,FEU,Z03,21,0.12014767526
03/14/2020,FEU,Z01,22,0.10194024836
03/14/2020,FEU,Z02,22,0.12063480314
03/14/2020,FEU,Z03,22,0.12063480314
03/14/2020,FEU,Z01,23,0.10130848678
03/14/2020,FEU,Z02,23,0.05262211378
03/14/2020,FEU,Z03,23,0.12003598754
03/14/2020,FEU,Z01,24,0.10108011972
03/14/2020,FEU,Z02,24,0.05239850872
03/14/2020,FEU,Z03,24,0.0558257556
03/14/2020,FEU,Z01,3,0.09938673422
03/14/2020,FEU,Z02,3,0.05047901034
03/14/2020,FEU,Z03,3,0.04749432206
03/14/2020,FEU,Z01,4,0.09853711316
03/14/2020,FEU,Z02,4,0.0496220863
03/14/2020,FEU,Z03,4,0.04662574104
03/14/2020,FEU,Z01,5,0.09844893116
03/14/2020,FEU,Z02,5,0.0495379513
03/14/2020,FEU,Z03,5,0.04658400502
03/14/2020,FEU,Z01,6,0.09839270318
03/14/2020,FEU,Z02,6,0.04948617632
03/14/2020,FEU,Z03,6,0.04653160504
03/14/2020,FEU,Z01,7,0.09745409834
03/14/2020,FEU,Z02,7,0.04868472044
03/14/2020,FEU,Z03,7,0.04578758914
03/14/2020,FEU,Z01,8,0.09574153054
03/14/2020,FEU,Z02,8,0.04718371858
03/14/2020,FEU,Z03,8,0.0504652154
03/14/2020,FEU,Z01,9,0.09654402914
03/14/2020,FEU,Z02,9,0.04829340104
03/14/2020,FEU,Z03,9,0.05134735202
03/15/2020,FEU,Z01,1,0.10070020736
03/15/2020,FEU,Z02,1,0.05178786246
03/15/2020,FEU,Z03,1,0.05537512724
03/15/2020,FEU,Z01,10,0.08744796016
03/15/2020,FEU,Z02,10,0.03951040108
03/15/2020,FEU,Z03,10,0.04217648606
03/15/2020,FEU,Z01,11,0.08881532832
03/15/2020,FEU,Z02,11,0.04094622218
03/15/2020,FEU,Z03,11,0.0436138662
03/15/2020,FEU,Z01,12,0.0871929713
03/15/2020,FEU,Z02,12,0.03938022516
03/15/2020,FEU,Z03,12,0.04197950618
03/15/2020,FEU,Z01,13,0.08542100048
03/15/2020,FEU,Z02,13,0.10392758828
03/15/2020,FEU,Z03,13,0.04020093838
03/15/2020,FEU,Z01,14,0.08383076246
03/15/2020,FEU,Z02,14,0.10232368326
03/15/2020,FEU,Z03,14,0.10232368326
03/15/2020,FEU,Z01,15,0.0816925764
03/15/2020,FEU,Z02,15,0.1001669462
03/15/2020,FEU,Z03,15,0.1001669462
03/15/2020,FEU,Z01,16,0.0745253213
03/15/2020,FEU,Z02,16,0.09296445608
03/15/2020,FEU,Z03,16,0.09296445608
03/15/2020,FEU,Z01,17,0.07480588626
03/15/2020,FEU,Z02,17,0.09322135706
03/15/2020,FEU,Z03,17,0.09322135706
03/15/2020,FEU,Z01,18,0.08084871828
03/15/2020,FEU,Z02,18,0.09931521608
03/15/2020,FEU,Z03,18,0.09931521608
03/15/2020,FEU,Z01,19,0.08559851642
03/15/2020,FEU,Z02,19,0.10410614322
03/15/2020,FEU,Z03,19,0.10410614322
03/15/2020,FEU,Z01,2,0.0982484552
03/15/2020,FEU,Z02,2,0.04939027232
03/15/2020,FEU,Z03,2,0.04643861704
03/15/2020,FEU,Z01,20,0.09120059636
03/15/2020,FEU,Z02,20,0.10979520514
03/15/2020,FEU,Z03,20,0.10979520514
03/15/2020,FEU,Z01,21,0.09213860024
03/15/2020,FEU,Z02,21,0.11074173402
03/15/2020,FEU,Z03,21,0.11074173402
03/15/2020,FEU,Z01,22,0.09362355232
03/15/2020,FEU,Z02,22,0.1122402161
03/15/2020,FEU,Z03,22,0.1122402161
03/15/2020,FEU,Z01,23,0.08979688784
03/15/2020,FEU,Z02,23,0.04162793082
03/15/2020,FEU,Z03,23,0.1084110156
03/15/2020,FEU,Z01,24,0.08679735574
03/15/2020,FEU,Z02,24,0.03867505076
03/15/2020,FEU,Z03,24,0.04147617262
03/15/2020,FEU,Z01,3,0.093139475
03/15/2020,FEU,Z02,3,0.04438471318
03/15/2020,FEU,Z03,3,0.04152230894
03/15/2020,FEU,Z01,4,0.09123500294
03/15/2020,FEU,Z02,4,0.04256381812
03/15/2020,FEU,Z03,4,0.03976110088
03/15/2020,FEU,Z01,5,0.0913994599
03/15/2020,FEU,Z02,5,0.0426824561
03/15/2020,FEU,Z03,5,0.03987803386
03/15/2020,FEU,Z01,6,0.09103329998
03/15/2020,FEU,Z02,6,0.04237464816
03/15/2020,FEU,Z03,6,0.03957728892
03/15/2020,FEU,Z01,7,0.09151587104
03/15/2020,FEU,Z02,7,0.0428760862
03/15/2020,FEU,Z03,7,0.04005973696
03/15/2020,FEU,Z01,8,0.09041942326
03/15/2020,FEU,Z02,8,0.04192019638
03/15/2020,FEU,Z03,8,0.04505928312
03/15/2020,FEU,Z01,9,0.08770105988
03/15/2020,FEU,Z02,9,0.03962194386
03/15/2020,FEU,Z03,9,0.04241077976
03/16/2020,FEU,Z01,1,0.08436757622
03/16/2020,FEU,Z02,1,0.03613868434
03/16/2020,FEU,Z03,1,0.03896562708
03/16/2020,FEU,Z01,10,0.08948180114
03/16/2020,FEU,Z02,10,0.04201033382
03/16/2020,FEU,Z03,10,0.04436711406
03/16/2020,FEU,Z01,11,0.08479924124
03/16/2020,FEU,Z02,11,0.03754614788
03/16/2020,FEU,Z03,11,0.03968677916
03/16/2020,FEU,Z01,12,0.08271994622
03/16/2020,FEU,Z02,12,0.03549119988
03/16/2020,FEU,Z03,12,0.03759645914
03/16/2020,FEU,Z01,13,0.08126188934
03/16/2020,FEU,Z02,13,0.0996399572
03/16/2020,FEU,Z03,13,0.03612628928
03/16/2020,FEU,Z01,14,0.08165277434
03/16/2020,FEU,Z02,14,0.10006660918
03/16/2020,FEU,Z03,14,0.10006660918
03/16/2020,FEU,Z01,15,0.08206303826
03/16/2020,FEU,Z02,15,0.1004793971
03/16/2020,FEU,Z03,15,0.1004793971
03/16/2020,FEU,Z01,16,0.08246212916
03/16/2020,FEU,Z02,16,0.100880827
03/16/2020,FEU,Z03,16,0.100880827
03/16/2020,FEU,Z01,17,0.08195165516
03/16/2020,FEU,Z02,17,0.100366777
03/16/2020,FEU,Z03,17,0.100366777
03/16/2020,FEU,Z01,18,0.08244892214
03/16/2020,FEU,Z02,18,0.10086743498
03/16/2020,FEU,Z03,18,0.10086743498
03/16/2020,FEU,Z01,19,0.08294862116
03/16/2020,FEU,Z02,19,0.101370727
03/16/2020,FEU,Z03,19,0.101370727
03/16/2020,FEU,Z01,2,0.08173928102
03/16/2020,FEU,Z02,2,0.03355137718
03/16/2020,FEU,Z03,2,0.03103346794
03/16/2020,FEU,Z01,20,0.09145853598
03/16/2020,FEU,Z02,20,0.10993894482
03/16/2020,FEU,Z03,20,0.10993894482
03/16/2020,FEU,Z01,21,0.09576757484
03/16/2020,FEU,Z02,21,0.11432158466
03/16/2020,FEU,Z03,21,0.11432158466
03/16/2020,FEU,Z01,22,0.09376886078
03/16/2020,FEU,Z02,22,0.1123067666
03/16/2020,FEU,Z03,22,0.1123067666
03/16/2020,FEU,Z01,23,0.0932108662
03/16/2020,FEU,Z02,23,0.0450929371
03/16/2020,FEU,Z03,23,0.11182224998
03/16/2020,FEU,Z01,24,0.08995776812
03/16/2020,FEU,Z02,24,0.04195314202
03/16/2020,FEU,Z03,24,0.044724176
03/16/2020,FEU,Z01,3,0.08215411088
03/16/2020,FEU,Z02,3,0.03387668408
03/16/2020,FEU,Z03,3,0.03132664686
03/16/2020,FEU,Z01,4,0.08271299084
03/16/2020,FEU,Z02,4,0.03437716906
03/16/2020,FEU,Z03,4,0.03181152484
03/16/2020,FEU,Z01,5,0.08254693484
03/16/2020,FEU,Z02,5,0.03421916506
03/16/2020,FEU,Z03,5,0.03168524282
03/16/2020,FEU,Z01,6,0.08516051706
03/16/2020,FEU,Z02,6,0.03681844322
03/16/2020,FEU,Z03,6,0.03422370496
03/16/2020,FEU,Z01,7,0.08817338564
03/16/2020,FEU,Z02,7,0.03998026366
03/16/2020,FEU,Z03,7,0.03739850932
03/16/2020,FEU,Z01,8,0.09322837718
03/16/2020,FEU,Z02,8,0.04510631908
03/16/2020,FEU,Z03,8,0.04802263406
03/16/2020,FEU,Z01,9,0.09087850088
03/16/2020,FEU,Z02,9,0.04322185162
03/16/2020,FEU,Z03,9,0.0457200968
03/17/2020,FEU,Z01,1,0.08382530966
03/17/2020,FEU,Z02,1,0.03581676468
03/17/2020,FEU,Z03,1,0.03850349552
03/17/2020,FEU,Z01,10,0.08842341626
03/17/2020,FEU,Z02,10,0.0410700929
03/17/2020,FEU,Z03,10,0.04332742718
03/17/2020,FEU,Z01,11,0.08610744932
03/17/2020,FEU,Z02,11,0.03882782596
03/17/2020,FEU,Z03,11,0.04098098426
03/17/2020,FEU,Z01,12,0.0853954573
03/17/2020,FEU,Z02,12,0.03813306994
03/17/2020,FEU,Z03,12,0.04029626622
03/17/2020,FEU,Z01,13,0.08187588944
03/17/2020,FEU,Z02,13,0.1002580723
03/17/2020,FEU,Z03,13,0.03679030136
03/17/2020,FEU,Z01,14,0.08158560536
03/17/2020,FEU,Z02,14,0.0999990572
03/17/2020,FEU,Z03,14,0.0999990572
03/17/2020,FEU,Z01,15,0.08125063622
03/17/2020,FEU,Z02,15,0.09966110506
03/17/2020,FEU,Z03,15,0.09966110506
03/17/2020,FEU,Z01,16,0.08141679314
03/17/2020,FEU,Z02,16,0.09982808198
03/17/2020,FEU,Z03,16,0.09982808198
03/17/2020,FEU,Z01,17,0.08377182512
03/17/2020,FEU,Z02,17,0.10219949696
03/17/2020,FEU,Z03,17,0.10219949696
03/17/2020,FEU,Z01,18,0.08814677714
03/17/2020,FEU,Z02,18,0.10660516998
03/17/2020,FEU,Z03,18,0.10660516998
03/17/2020,FEU,Z01,19,0.09106881622
03/17/2020,FEU,Z02,19,0.10954824506
03/17/2020,FEU,Z03,19,0.10954824506
03/17/2020,FEU,Z01,2,0.08260061348
03/17/2020,FEU,Z02,2,0.03456631654
03/17/2020,FEU,Z03,2,0.03211280122
03/17/2020,FEU,Z01,20,0.097266227
03/17/2020,FEU,Z02,20,0.11578833884
03/17/2020,FEU,Z03,20,0.11578833884
03/17/2020,FEU,Z01,21,0.09881208386
03/17/2020,FEU,Z02,21,0.11738998068
03/17/2020,FEU,Z03,21,0.11738998068
03/17/2020,FEU,Z01,22,0.09671547878
03/17/2020,FEU,Z02,22,0.11532175158
03/17/2020,FEU,Z03,22,0.11532175158
03/17/2020,FEU,Z01,23,0.0956146662
03/17/2020,FEU,Z02,23,0.0474058371
03/17/2020,FEU,Z03,23,0.11424826998
03/17/2020,FEU,Z01,24,0.09302233418
03/17/2020,FEU,Z02,24,0.04490920708
03/17/2020,FEU,Z03,24,0.04781555306
03/17/2020,FEU,Z01,3,0.08205142336
03/17/2020,FEU,Z02,3,0.03397161346
03/17/2020,FEU,Z03,3,0.03153780814
03/17/2020,FEU,Z01,4,0.08232663332
03/17/2020,FEU,Z02,4,0.03422836342
03/17/2020,FEU,Z03,4,0.03176253712
03/17/2020,FEU,Z01,5,0.08223271334
03/17/2020,FEU,Z02,5,0.03414231044
03/17/2020,FEU,Z03,5,0.03167725414
03/17/2020,FEU,Z01,6,0.0834021505
03/17/2020,FEU,Z02,6,0.03533569656
03/17/2020,FEU,Z03,6,0.03285922524
03/17/2020,FEU,Z01,7,0.0845210009
03/17/2020,FEU,Z02,7,0.03657360888
03/17/2020,FEU,Z03,7,0.03416828548
03/17/2020,FEU,Z01,8,0.08953462034
03/17/2020,FEU,Z02,8,0.0416418772
03/17/2020,FEU,Z03,8,0.04430572424
03/17/2020,FEU,Z01,9,0.090250077
03/17/2020,FEU,Z02,9,0.04266543172
03/17/2020,FEU,Z03,9,0.04511191492
03/18/2020,FEU,Z01,1,0.0917875356
03/18/2020,FEU,Z02,1,0.04340449664
03/18/2020,FEU,Z03,1,0.04646450148
03/18/2020,FEU,Z01,10,0.08921604908
03/18/2020,FEU,Z02,10,0.04174546576
03/18/2020,FEU,Z03,10,0.044090377
03/18/2020,FEU,Z01,11,0.08892401714
03/18/2020,FEU,Z02,11,0.04147025082
03/18/2020,FEU,Z03,11,0.04380737806
03/18/2020,FEU,Z01,12,0.08911430512
03/18/2020,FEU,Z02,12,0.0416521678
03/18/2020,FEU,Z03,12,0.04403041202
03/18/2020,FEU,Z01,13,0.0891071372
03/18/2020,FEU,Z02,13,0.10757265304
03/18/2020,FEU,Z03,13,0.04400234512
03/18/2020,FEU,Z01,14,0.08942947116
03/18/2020,FEU,Z02,14,0.107898127
03/18/2020,FEU,Z03,14,0.107898127
03/18/2020,FEU,Z01,15,0.0893403521
03/18/2020,FEU,Z02,15,0.10780683094
03/18/2020,FEU,Z03,15,0.10780683094
03/18/2020,FEU,Z01,16,0.089094327
03/18/2020,FEU,Z02,16,0.10759776482
03/18/2020,FEU,Z03,16,0.10759776482
03/18/2020,FEU,Z01,17,0.08900460398
03/18/2020,FEU,Z02,17,0.1075071768
03/18/2020,FEU,Z03,17,0.1075071768
03/18/2020,FEU,Z01,18,0.089549727
03/18/2020,FEU,Z02,18,0.10805672882
03/18/2020,FEU,Z03,18,0.10805672882
03/18/2020,FEU,Z01,19,0.09127076006
03/18/2020,FEU,Z02,19,0.10979176888
03/18/2020,FEU,Z03,19,0.10979176888
03/18/2020,FEU,Z01,2,0.08424027152
03/18/2020,FEU,Z02,2,0.03614001758
03/18/2020,FEU,Z03,2,0.03366834324
03/18/2020,FEU,Z01,20,0.09978144494
03/18/2020,FEU,Z02,20,0.11836781476
03/18/2020,FEU,Z03,20,0.11836781476
03/18/2020,FEU,Z01,21,0.09963771578
03/18/2020,FEU,Z02,21,0.1182222866
03/18/2020,FEU,Z03,21,0.1182222866
03/18/2020,FEU,Z01,22,0.09720747774
03/18/2020,FEU,Z02,22,0.11581748654
03/18/2020,FEU,Z03,22,0.11581748654
03/18/2020,FEU,Z01,23,0.09558536618
03/18/2020,FEU,Z02,23,0.04737539908
03/18/2020,FEU,Z03,23,0.11421964396
03/18/2020,FEU,Z01,24,0.09273381812
03/18/2020,FEU,Z02,24,0.04458765704
03/18/2020,FEU,Z03,24,0.04747698002
03/18/2020,FEU,Z01,3,0.08409479438
03/18/2020,FEU,Z02,3,0.03595485846
03/18/2020,FEU,Z03,3,0.03343640316
03/18/2020,FEU,Z01,4,0.08474087936
03/18/2020,FEU,Z02,4,0.03653982746
03/18/2020,FEU,Z03,4,0.03400397716
03/18/2020,FEU,Z01,5,0.08470783238
03/18/2020,FEU,Z02,5,0.03653982746
03/18/2020,FEU,Z03,5,0.03400397716
03/18/2020,FEU,Z01,6,0.0848207005
03/18/2020,FEU,Z02,6,0.03669170056
03/18/2020,FEU,Z03,6,0.03417702924
03/18/2020,FEU,Z01,7,0.08517601986
03/18/2020,FEU,Z02,7,0.03719699884
03/18/2020,FEU,Z03,7,0.03474781946
03/18/2020,FEU,Z01,8,0.0902372363
03/18/2020,FEU,Z02,8,0.04231402316
03/18/2020,FEU,Z03,8,0.04503918518
03/18/2020,FEU,Z01,9,0.0902934566
03/18/2020,FEU,Z02,9,0.0425119074
03/18/2020,FEU,Z03,9,0.0451167015
03/19/2020,FEU,Z01,1,0.09046078964
03/19/2020,FEU,Z02,1,0.04217305666
03/19/2020,FEU,Z03,1,0.04513879952
03/19/2020,FEU,Z01,10,0.0875152221
03/19/2020,FEU,Z02,10,0.04009674478
03/19/2020,FEU,Z03,10,0.04238619302
03/19/2020,FEU,Z01,11,0.08664755916
03/19/2020,FEU,Z02,11,0.03926428184
03/19/2020,FEU,Z03,11,0.04152668108
03/19/2020,FEU,Z01,12,0.08734553414
03/19/2020,FEU,Z02,12,0.03993872182
03/19/2020,FEU,Z03,12,0.04222451806
03/19/2020,FEU,Z01,13,0.08711814026
03/19/2020,FEU,Z02,13,0.1055712121
03/19/2020,FEU,Z03,13,0.04201870018
03/19/2020,FEU,Z01,14,0.08740237522
03/19/2020,FEU,Z02,14,0.10585605206
03/19/2020,FEU,Z03,14,0.10585605206
03/19/2020,FEU,Z01,15,0.08756613314
03/19/2020,FEU,Z02,15,0.10602161298
03/19/2020,FEU,Z03,15,0.10602161298
03/19/2020,FEU,Z01,16,0.08797815704
03/19/2020,FEU,Z02,16,0.10647317286
03/19/2020,FEU,Z03,16,0.10647317286
03/19/2020,FEU,Z01,17,0.08778070104
03/19/2020,FEU,Z02,17,0.10627416886
03/19/2020,FEU,Z03,17,0.10627416886
03/19/2020,FEU,Z01,18,0.08809127606
03/19/2020,FEU,Z02,18,0.1065487769
03/19/2020,FEU,Z03,18,0.1065487769
03/19/2020,FEU,Z01,19,0.08761680912
03/19/2020,FEU,Z02,19,0.10607136896
03/19/2020,FEU,Z03,19,0.10607136896
03/19/2020,FEU,Z01,2,0.08979530246
03/19/2020,FEU,Z02,2,0.04141311754
03/19/2020,FEU,Z03,2,0.03876228322
03/19/2020,FEU,Z01,20,0.09202989902
03/19/2020,FEU,Z02,20,0.11051457386
03/19/2020,FEU,Z03,20,0.11051457386
03/19/2020,FEU,Z01,21,0.09547344284
03/19/2020,FEU,Z02,21,0.11402633366
03/19/2020,FEU,Z03,21,0.11402633366
03/19/2020,FEU,Z01,22,0.09425578374
03/19/2020,FEU,Z02,22,0.11284041254
03/19/2020,FEU,Z03,22,0.11284041254
03/19/2020,FEU,Z01,23,0.09205861616
03/19/2020,FEU,Z02,23,0.04397954106
03/19/2020,FEU,Z03,23,0.11066009294
03/19/2020,FEU,Z01,24,0.08862581608
03/19/2020,FEU,Z02,24,0.04059962002
03/19/2020,FEU,Z03,24,0.04334426898
03/19/2020,FEU,Z01,3,0.09085667738
03/19/2020,FEU,Z02,3,0.04241894246
03/19/2020,FEU,Z03,3,0.03970826716
03/19/2020,FEU,Z01,4,0.09145946732
03/19/2020,FEU,Z02,4,0.04295414242
03/19/2020,FEU,Z03,4,0.04022928112
03/19/2020,FEU,Z01,5,0.09112017734
03/19/2020,FEU,Z02,5,0.04263333444
03/19/2020,FEU,Z03,5,0.03991599814
03/19/2020,FEU,Z01,6,0.0917468505
03/19/2020,FEU,Z02,6,0.04331936056
03/19/2020,FEU,Z03,6,0.04064732822
03/19/2020,FEU,Z01,7,0.0917015959
03/19/2020,FEU,Z02,7,0.04349789386
03/19/2020,FEU,Z03,7,0.04087924548
03/19/2020,FEU,Z01,8,0.09198963232
03/19/2020,FEU,Z02,8,0.0439674772
03/19/2020,FEU,Z03,8,0.04676734422
03/19/2020,FEU,Z01,9,0.0913415519
03/19/2020,FEU,Z02,9,0.04367265364
03/19/2020,FEU,Z03,9,0.04618964782
03/20/2020,FEU,Z01,1,0.08916124058
03/20/2020,FEU,Z02,1,0.04088783462
03/20/2020,FEU,Z03,1,0.04382273846
03/20/2020,FEU,Z01,10,0.08700656108
03/20/2020,FEU,Z02,10,0.03960041776
03/20/2020,FEU,Z03,10,0.04190593398
03/20/2020,FEU,Z01,11,0.0870618021
03/20/2020,FEU,Z02,11,0.03965789978
03/20/2020,FEU,Z03,11,0.04193118902
03/20/2020,FEU,Z01,12,0.08780876108
03/20/2020,FEU,Z02,12,0.04037992976
03/20/2020,FEU,Z03,12,0.042677027
03/20/2020,FEU,Z01,13,0.08828168322
03/20/2020,FEU,Z02,13,0.10674153606
03/20/2020,FEU,Z03,13,0.04317772814
03/20/2020,FEU,Z01,14,0.0887719772
03/20/2020,FEU,Z02,14,0.10723514104
03/20/2020,FEU,Z03,14,0.10723514104
03/20/2020,FEU,Z01,15,0.08781357712
03/20/2020,FEU,Z02,15,0.10630793094
03/20/2020,FEU,Z03,15,0.10630793094
03/20/2020,FEU,Z01,16,0.08713697206
03/20/2020,FEU,Z02,16,0.10562554488
03/20/2020,FEU,Z03,16,0.10562554488
03/20/2020,FEU,Z01,17,0.08664557108
03/20/2020,FEU,Z02,17,0.10509310492
03/20/2020,FEU,Z03,17,0.10509310492
03/20/2020,FEU,Z01,18,0.0861778621
03/20/2020,FEU,Z02,18,0.10462224494
03/20/2020,FEU,Z03,18,0.10462224494
03/20/2020,FEU,Z01,19,0.08652922718
03/20/2020,FEU,Z02,19,0.10497653402
03/20/2020,FEU,Z03,19,0.10497653402
03/20/2020,FEU,Z01,2,0.0861852254
03/20/2020,FEU,Z02,2,0.03795596848
03/20/2020,FEU,Z03,2,0.03537612518
03/20/2020,FEU,Z01,20,0.08853004502
03/20/2020,FEU,Z02,20,0.10702922684
03/20/2020,FEU,Z03,20,0.10702922684
03/20/2020,FEU,Z01,21,0.09379208078
03/20/2020,FEU,Z02,21,0.1123301666
03/20/2020,FEU,Z03,21,0.1123301666
03/20/2020,FEU,Z01,22,0.0920156966
03/20/2020,FEU,Z02,22,0.11053843742
03/20/2020,FEU,Z03,22,0.11053843742
03/20/2020,FEU,Z01,23,0.089420576
03/20/2020,FEU,Z02,23,0.04135356194
03/20/2020,FEU,Z03,23,0.10803403976
03/20/2020,FEU,Z01,24,0.08609707988
03/20/2020,FEU,Z02,24,0.03808313386
03/20/2020,FEU,Z03,24,0.04079881976
03/20/2020,FEU,Z01,3,0.08577658328
03/20/2020,FEU,Z02,3,0.0374898964
03/20/2020,FEU,Z03,3,0.0349279721
03/20/2020,FEU,Z01,4,0.08645942524
03/20/2020,FEU,Z02,4,0.03813832036
03/20/2020,FEU,Z03,4,0.03552726508
03/20/2020,FEU,Z01,5,0.08657208324
03/20/2020,FEU,Z02,5,0.03824588236
03/20/2020,FEU,Z03,5,0.03563269708
03/20/2020,FEU,Z01,6,0.0862725554
03/20/2020,FEU,Z02,6,0.03803946448
03/20/2020,FEU,Z03,6,0.03545713618
03/20/2020,FEU,Z01,7,0.08542379978
03/20/2020,FEU,Z02,7,0.03739443778
03/20/2020,FEU,Z03,7,0.0349407874
03/20/2020,FEU,Z01,8,0.0843798762
03/20/2020,FEU,Z02,8,0.0365947471
03/20/2020,FEU,Z03,8,0.03913332408
03/20/2020,FEU,Z01,9,0.08670176486
03/20/2020,FEU,Z02,9,0.0391760976
03/20/2020,FEU,Z03,9,0.04152518378
03/21/2020,FEU,Z01,1,0.08641859846
03/21/2020,FEU,Z02,1,0.03818619454
03/21/2020,FEU,Z03,1,0.04104279134
03/21/2020,FEU,Z01,10,0.08731180738
03/21/2020,FEU,Z02,10,0.03950496124
03/21/2020,FEU,Z03,10,0.04208102028
03/21/2020,FEU,Z01,11,0.08644634456
03/21/2020,FEU,Z02,11,0.03879102936
03/21/2020,FEU,Z03,11,0.04124564546
03/21/2020,FEU,Z01,12,0.08728957158
03/21/2020,FEU,Z02,12,0.03960809938
03/21/2020,FEU,Z03,12,0.04209622448
03/21/2020,FEU,Z01,13,0.08693469874
03/21/2020,FEU,Z02,13,0.10542051256
03/21/2020,FEU,Z03,13,0.04173657566
03/21/2020,FEU,Z01,14,0.08733825272
03/21/2020,FEU,Z02,14,0.10582587254
03/21/2020,FEU,Z03,14,0.10582587254
03/21/2020,FEU,Z01,15,0.08733201266
03/21/2020,FEU,Z02,15,0.10581915248
03/21/2020,FEU,Z03,15,0.10581915248
03/21/2020,FEU,Z01,16,0.08770741656
03/21/2020,FEU,Z02,16,0.10623414236
03/21/2020,FEU,Z03,16,0.10623414236
03/21/2020,FEU,Z01,17,0.08774374856
03/21/2020,FEU,Z02,17,0.10627078436
03/21/2020,FEU,Z03,17,0.10627078436
03/21/2020,FEU,Z01,18,0.08764126464
03/21/2020,FEU,Z02,18,0.10616812844
03/21/2020,FEU,Z03,18,0.10616812844
03/21/2020,FEU,Z01,19,0.08622779672
03/21/2020,FEU,Z02,19,0.10474322852
03/21/2020,FEU,Z03,19,0.10474322852
03/21/2020,FEU,Z01,2,0.08372969132
03/21/2020,FEU,Z02,2,0.03556888642
03/21/2020,FEU,Z03,2,0.03306326512
03/21/2020,FEU,Z01,20,0.08811814962
03/21/2020,FEU,Z02,20,0.10664891642
03/21/2020,FEU,Z03,20,0.10664891642
03/21/2020,FEU,Z01,21,0.09368931446
03/21/2020,FEU,Z02,21,0.11226599526
03/21/2020,FEU,Z03,21,0.11226599526
03/21/2020,FEU,Z01,22,0.09363669836
03/21/2020,FEU,Z02,22,0.11225397814
03/21/2020,FEU,Z03,22,0.11225397814
03/21/2020,FEU,Z01,23,0.09098107878
03/21/2020,FEU,Z02,23,0.04272110578
03/21/2020,FEU,Z03,23,0.10960624354
03/21/2020,FEU,Z01,24,0.08762171572
03/21/2020,FEU,Z02,24,0.03949324072
03/21/2020,FEU,Z03,24,0.0423008356
03/21/2020,FEU,Z01,3,0.08726064122
03/21/2020,FEU,Z02,3,0.03890098934
03/21/2020,FEU,Z03,3,0.03626863306
03/21/2020,FEU,Z01,4,0.08793291716
03/21/2020,FEU,Z02,4,0.0395045563
03/21/2020,FEU,Z03,4,0.03682411704
03/21/2020,FEU,Z01,5,0.08852535116
03/21/2020,FEU,Z02,5,0.0400698013
03/21/2020,FEU,Z03,5,0.03740349502
03/21/2020,FEU,Z01,6,0.08861610518
03/21/2020,FEU,Z02,6,0.04015862432
03/21/2020,FEU,Z03,6,0.03748766104
03/21/2020,FEU,Z01,7,0.08930520134
03/21/2020,FEU,Z02,7,0.04089931844
03/21/2020,FEU,Z03,7,0.03823350214
03/21/2020,FEU,Z01,8,0.08546099254
03/21/2020,FEU,Z02,8,0.03734029258
03/21/2020,FEU,Z03,8,0.0401258354
03/21/2020,FEU,Z01,9,0.08681869314
03/21/2020,FEU,Z02,9,0.03893490504
03/21/2020,FEU,Z03,9,0.04157310402
03/22/2020,FEU,Z01,1,0.08981918336
03/22/2020,FEU,Z02,1,0.04139142146
03/22/2020,FEU,Z03,1,0.04444111124
03/22/2020,FEU,Z01,10,0.08920258416
03/22/2020,FEU,Z02,10,0.04119731308
03/22/2020,FEU,Z03,10,0.04393966706
03/22/2020,FEU,Z01,11,0.08993420832
03/22/2020,FEU,Z02,11,0.04202332618
03/22/2020,FEU,Z03,11,0.0447384162
03/22/2020,FEU,Z01,12,0.0898521113
03/22/2020,FEU,Z02,12,0.04194287316
03/22/2020,FEU,Z03,12,0.04465211018
03/22/2020,FEU,Z01,13,0.08846566448
03/22/2020,FEU,Z02,13,0.10699814228
03/22/2020,FEU,Z03,13,0.04325854738
03/22/2020,FEU,Z01,14,0.08948271646
03/22/2020,FEU,Z02,14,0.10802365726
03/22/2020,FEU,Z03,14,0.10802365726
03/22/2020,FEU,Z01,15,0.0887359964
03/22/2020,FEU,Z02,15,0.1072700562
03/22/2020,FEU,Z03,15,0.1072700562
03/22/2020,FEU,Z01,16,0.0879999563
03/22/2020,FEU,Z02,16,0.10656417208
03/22/2020,FEU,Z03,16,0.10656417208
03/22/2020,FEU,Z01,17,0.08597674326
03/22/2020,FEU,Z02,17,0.10448632406
03/22/2020,FEU,Z03,17,0.10448632406
03/22/2020,FEU,Z01,18,0.08494160428
03/22/2020,FEU,Z02,18,0.10344380808
03/22/2020,FEU,Z03,18,0.10344380808
03/22/2020,FEU,Z01,19,0.08862618842
03/22/2020,FEU,Z02,19,0.10716068422
03/22/2020,FEU,Z03,19,0.10716068422
03/22/2020,FEU,Z01,2,0.0894742152
03/22/2020,FEU,Z02,2,0.04101228832
03/22/2020,FEU,Z03,2,0.03831536904
03/22/2020,FEU,Z01,20,0.08948433236
03/22/2020,FEU,Z02,20,0.10806296914
03/22/2020,FEU,Z03,20,0.10806296914
03/22/2020,FEU,Z01,21,0.09111454424
03/22/2020,FEU,Z02,21,0.10970699702
03/22/2020,FEU,Z03,21,0.10970699702
03/22/2020,FEU,Z01,22,0.09012601632
03/22/2020,FEU,Z02,22,0.1087101861
03/22/2020,FEU,Z03,22,0.1087101861
03/22/2020,FEU,Z01,23,0.08902497584
03/22/2020,FEU,Z02,23,0.04088617082
03/22/2020,FEU,Z03,23,0.1076314356
03/22/2020,FEU,Z01,24,0.08593491274
03/22/2020,FEU,Z02,24,0.03784886876
03/22/2020,FEU,Z03,24,0.04060946362
03/22/2020,FEU,Z01,3,0.089751975
03/22/2020,FEU,Z02,3,0.04115591218
03/22/2020,FEU,Z03,3,0.03839652594
03/22/2020,FEU,Z01,4,0.09059973194
03/22/2020,FEU,Z02,4,0.04195726612
03/22/2020,FEU,Z03,4,0.03917500888
03/22/2020,FEU,Z01,5,0.0906991699
03/22/2020,FEU,Z02,5,0.0420156461
03/22/2020,FEU,Z03,5,0.03923127086
03/22/2020,FEU,Z01,6,0.09070303598
03/22/2020,FEU,Z02,6,0.04205996016
03/22/2020,FEU,Z03,6,0.03927263292
03/22/2020,FEU,Z01,7,0.09097049504
03/22/2020,FEU,Z02,7,0.0423560562
03/22/2020,FEU,Z03,7,0.03955746496
03/22/2020,FEU,Z01,8,0.08889915026
03/22/2020,FEU,Z02,8,0.04046992838
03/22/2020,FEU,Z03,8,0.04353040712
03/22/2020,FEU,Z01,9,0.08553387788
03/22/2020,FEU,Z02,9,0.03754281486
03/22/2020,FEU,Z03,9,0.04023281576
03/23/2020,FEU,Z01,1,0.09246815822
03/23/2020,FEU,Z02,1,0.04387313834
03/23/2020,FEU,Z03,1,0.04711322108
03/23/2020,FEU,Z01,10,0.08915604614
03/23/2020,FEU,Z02,10,0.04169537782
03/23/2020,FEU,Z03,10,0.04404021906
03/23/2020,FEU,Z01,11,0.08860129924
03/23/2020,FEU,Z02,11,0.04124018788
03/23/2020,FEU,Z03,11,0.04350220116
03/23/2020,FEU,Z01,12,0.08833977222
03/23/2020,FEU,Z02,12,0.04094820388
03/23/2020,FEU,Z03,12,0.04323602114
03/23/2020,FEU,Z01,13,0.08840545434
03/23/2020,FEU,Z02,13,0.1068276572
03/23/2020,FEU,Z03,13,0.04328876928
03/23/2020,FEU,Z01,14,0.08872722634
03/23/2020,FEU,Z02,14,0.10719101318
03/23/2020,FEU,Z03,14,0.10719101318
03/23/2020,FEU,Z01,15,0.08791517726
03/23/2020,FEU,Z02,15,0.1063727121
03/23/2020,FEU,Z03,15,0.1063727121
03/23/2020,FEU,Z01,16,0.08635749116
03/23/2020,FEU,Z02,16,0.104803477
03/23/2020,FEU,Z03,16,0.104803477
03/23/2020,FEU,Z01,17,0.08511727916
03/23/2020,FEU,Z02,17,0.103554577
03/23/2020,FEU,Z03,17,0.103554577
03/23/2020,FEU,Z01,18,0.08337703814
03/23/2020,FEU,Z02,18,0.10180319798
03/23/2020,FEU,Z03,18,0.10180319798
03/23/2020,FEU,Z01,19,0.08469930716
03/23/2020,FEU,Z02,19,0.103133677
03/23/2020,FEU,Z03,19,0.103133677
03/23/2020,FEU,Z01,2,0.09043731702
03/23/2020,FEU,Z02,2,0.04184550118
03/23/2020,FEU,Z03,2,0.03906411294
03/23/2020,FEU,Z01,20,0.09131811398
03/23/2020,FEU,Z02,20,0.10979754682
03/23/2020,FEU,Z03,20,0.10979754682
03/23/2020,FEU,Z01,21,0.09197049284
03/23/2020,FEU,Z02,21,0.11049499166
03/23/2020,FEU,Z03,21,0.11049499166
03/23/2020,FEU,Z01,22,0.08989112078
03/23/2020,FEU,Z02,22,0.1083989666
03/23/2020,FEU,Z03,22,0.1083989666
03/23/2020,FEU,Z01,23,0.0872549162
03/23/2020,FEU,Z02,23,0.0393622121
03/23/2020,FEU,Z03,23,0.10581124498
03/23/2020,FEU,Z01,24,0.08167857212
03/23/2020,FEU,Z02,24,0.03398597602
03/23/2020,FEU,Z03,24,0.036403376
03/23/2020,FEU,Z01,3,0.08748457488
03/23/2020,FEU,Z02,3,0.03895250808
03/23/2020,FEU,Z03,3,0.03623579786
03/23/2020,FEU,Z01,4,0.08770725084
03/23/2020,FEU,Z02,4,0.03912925906
03/23/2020,FEU,Z03,4,0.03640762684
03/23/2020,FEU,Z01,5,0.08727324084
03/23/2020,FEU,Z02,5,0.03871509706
03/23/2020,FEU,Z03,5,0.03603844682
03/23/2020,FEU,Z01,6,0.08812214206
03/23/2020,FEU,Z02,6,0.03964231822
03/23/2020,FEU,Z03,6,0.03696085696
03/23/2020,FEU,Z01,7,0.09048514964
03/23/2020,FEU,Z02,7,0.04219639666
03/23/2020,FEU,Z03,7,0.03955084132
03/23/2020,FEU,Z01,8,0.09223627418
03/23/2020,FEU,Z02,8,0.04415284708
03/23/2020,FEU,Z03,8,0.04702553306
03/23/2020,FEU,Z01,9,0.09046812088
03/23/2020,FEU,Z02,9,0.04282348762
03/23/2020,FEU,Z03,9,0.0453082968
03/24/2020,FEU,Z01,1,0.08331782066
03/24/2020,FEU,Z02,1,0.03533170868
03/24/2020,FEU,Z03,1,0.03799308752
03/24/2020,FEU,Z01,10,0.08710677026
03/24/2020,FEU,Z02,10,0.0397916079
03/24/2020,FEU,Z03,10,0.04200614918
03/24/2020,FEU,Z01,11,0.08596910132
03/24/2020,FEU,Z02,11,0.03869448396
03/24/2020,FEU,Z03,11,0.04084227026
03/24/2020,FEU,Z01,12,0.0865815323
03/24/2020,FEU,Z02,12,0.03928680794
03/24/2020,FEU,Z03,12,0.04148652122
03/24/2020,FEU,Z01,13,0.08678945744
03/24/2020,FEU,Z02,13,0.1052021323
03/24/2020,FEU,Z03,13,0.04172129336
03/24/2020,FEU,Z01,14,0.08828478136
03/24/2020,FEU,Z02,14,0.1067467172
03/24/2020,FEU,Z03,14,0.1067467172
03/24/2020,FEU,Z01,15,0.08732150622
03/24/2020,FEU,Z02,15,0.10577461506
03/24/2020,FEU,Z03,15,0.10577461506
03/24/2020,FEU,Z01,16,0.08555902514
03/24/2020,FEU,Z02,16,0.10399930598
03/24/2020,FEU,Z03,16,0.10399930598
03/24/2020,FEU,Z01,17,0.08503823312
03/24/2020,FEU,Z02,17,0.10347476096
03/24/2020,FEU,Z03,17,0.10347476096
03/24/2020,FEU,Z01,18,0.08528013314
03/24/2020,FEU,Z02,18,0.10371961298
03/24/2020,FEU,Z03,18,0.10371961298
03/24/2020,FEU,Z01,19,0.08484759822
03/24/2020,FEU,Z02,19,0.10328333106
03/24/2020,FEU,Z03,19,0.10328333106
03/24/2020,FEU,Z01,2,0.08146778948
03/24/2020,FEU,Z02,2,0.03348246454
03/24/2020,FEU,Z03,2,0.03106036522
03/24/2020,FEU,Z01,20,0.092187827
03/24/2020,FEU,Z02,20,0.11067345284
03/24/2020,FEU,Z03,20,0.11067345284
03/24/2020,FEU,Z01,21,0.09249254986
03/24/2020,FEU,Z02,21,0.11102128868
03/24/2020,FEU,Z03,21,0.11102128868
03/24/2020,FEU,Z01,22,0.09230716178
03/24/2020,FEU,Z02,22,0.11087546458
03/24/2020,FEU,Z03,22,0.11087546458
03/24/2020,FEU,Z01,23,0.0908189662
03/24/2020,FEU,Z02,23,0.0427914871
03/24/2020,FEU,Z03,23,0.10940823998
03/24/2020,FEU,Z01,24,0.08995074518
03/24/2020,FEU,Z02,24,0.04195367308
03/24/2020,FEU,Z03,24,0.04472849006
03/24/2020,FEU,Z01,3,0.08193931136
03/24/2020,FEU,Z02,3,0.03386332946
03/24/2020,FEU,Z03,3,0.03143379514
03/24/2020,FEU,Z01,4,0.08169976132
03/24/2020,FEU,Z02,4,0.03363061042
03/24/2020,FEU,Z03,4,0.03118138512
03/24/2020,FEU,Z01,5,0.08150647634
03/24/2020,FEU,Z02,5,0.03344846844
03/24/2020,FEU,Z03,5,0.03100402714
03/24/2020,FEU,Z01,6,0.0817606505
03/24/2020,FEU,Z02,6,0.03376521656
03/24/2020,FEU,Z03,6,0.03133430524
03/24/2020,FEU,Z01,7,0.0841546809
03/24/2020,FEU,Z02,7,0.03622102888
03/24/2020,FEU,Z03,7,0.03382598148
03/24/2020,FEU,Z01,8,0.08624351434
03/24/2020,FEU,Z02,8,0.0384703972
03/24/2020,FEU,Z03,8,0.04100070824
03/24/2020,FEU,Z01,9,0.086046827
03/24/2020,FEU,Z02,9,0.03859376172
03/24/2020,FEU,Z03,9,0.04089404492
03/25/2020,FEU,Z01,1,0.0942775556
03/25/2020,FEU,Z02,1,0.04578838464
03/25/2020,FEU,Z03,1,0.04896676748
03/25/2020,FEU,Z01,10,0.08968247108
03/25/2020,FEU,Z02,10,0.04219693776
03/25/2020,FEU,Z03,10,0.044557277
03/25/2020,FEU,Z01,11,0.08904060314
03/25/2020,FEU,Z02,11,0.04158225982
03/25/2020,FEU,Z03,11,0.04392437206
03/25/2020,FEU,Z01,12,0.08875394512
03/25/2020,FEU,Z02,12,0.0413025178
03/25/2020,FEU,Z03,12,0.04366962602
03/25/2020,FEU,Z01,13,0.0895357772
03/25/2020,FEU,Z02,13,0.10800430104
03/25/2020,FEU,Z03,13,0.04443248912
03/25/2020,FEU,Z01,14,0.09013751116
03/25/2020,FEU,Z02,14,0.108609977
03/25/2020,FEU,Z03,14,0.108609977
03/25/2020,FEU,Z01,15,0.0894101971
03/25/2020,FEU,Z02,15,0.10787716394
03/25/2020,FEU,Z03,15,0.10787716394
03/25/2020,FEU,Z01,16,0.088020227
03/25/2020,FEU,Z02,16,0.10651525882
03/25/2020,FEU,Z03,16,0.10651525882
03/25/2020,FEU,Z01,17,0.08638722998
03/25/2020,FEU,Z02,17,0.1048693368
03/25/2020,FEU,Z03,17,0.1048693368
03/25/2020,FEU,Z01,18,0.086701177
03/25/2020,FEU,Z02,18,0.10518588582
03/25/2020,FEU,Z03,18,0.10518588582
03/25/2020,FEU,Z01,19,0.08790546206
03/25/2020,FEU,Z02,19,0.10640006488
03/25/2020,FEU,Z03,19,0.10640006488
03/25/2020,FEU,Z01,2,0.09372137552
03/25/2020,FEU,Z02,2,0.04521058358
03/25/2020,FEU,Z03,2,0.04248329124
03/25/2020,FEU,Z01,20,0.09320357994
03/25/2020,FEU,Z02,20,0.11173860476
03/25/2020,FEU,Z03,20,0.11173860476
03/25/2020,FEU,Z01,21,0.09230716178
03/25/2020,FEU,Z02,21,0.1108337366
03/25/2020,FEU,Z03,21,0.1108337366
03/25/2020,FEU,Z01,22,0.09191815374
03/25/2020,FEU,Z02,22,0.11048268254
03/25/2020,FEU,Z03,22,0.11048268254
03/25/2020,FEU,Z01,23,0.09232083518
03/25/2020,FEU,Z02,23,0.04423421308
03/25/2020,FEU,Z03,23,0.11092375996
03/25/2020,FEU,Z01,24,0.08996970812
03/25/2020,FEU,Z02,24,0.04193003704
03/25/2020,FEU,Z03,24,0.04470129502
03/25/2020,FEU,Z01,3,0.09268101938
03/25/2020,FEU,Z02,3,0.04416443346
03/25/2020,FEU,Z03,3,0.04140071116
03/25/2020,FEU,Z01,4,0.09337103936
03/25/2020,FEU,Z02,4,0.04478588946
03/25/2020,FEU,Z03,4,0.04200368716
03/25/2020,FEU,Z01,5,0.09334329738
03/25/2020,FEU,Z02,5,0.04479765946
03/25/2020,FEU,Z03,5,0.04201510716
03/25/2020,FEU,Z01,6,0.0935378005
03/25/2020,FEU,Z02,6,0.04503282456
03/25/2020,FEU,Z03,6,0.04227617524
03/25/2020,FEU,Z01,7,0.09429369786
03/25/2020,FEU,Z02,7,0.04594337284
03/25/2020,FEU,Z03,7,0.04326005046
03/25/2020,FEU,Z01,8,0.0928963763
03/25/2020,FEU,Z02,8,0.04487552916
03/25/2020,FEU,Z03,8,0.04771178918
03/25/2020,FEU,Z01,9,0.0922649066
03/25/2020,FEU,Z02,9,0.0444159574
03/25/2020,FEU,Z03,9,0.0470965765
03/26/2020,FEU,Z01,1,0.08855583764
03/26/2020,FEU,Z02,1,0.04034786866
03/26/2020,FEU,Z03,1,0.04322446352
03/26/2020,FEU,Z01,10,0.0781800371
03/26/2020,FEU,Z02,10,0.03103987278
03/26/2020,FEU,Z03,10,0.03301839602
03/26/2020,FEU,Z01,11,0.07576087316
03/26/2020,FEU,Z02,11,0.02870171784
03/26/2020,FEU,Z03,11,0.03060186308
03/26/2020,FEU,Z01,12,0.07589267414
03/26/2020,FEU,Z02,12,0.02882654182
03/26/2020,FEU,Z03,12,0.03073043106
03/26/2020,FEU,Z01,13,0.07571403026
03/26/2020,FEU,Z02,13,0.0940857171
03/26/2020,FEU,Z03,13,0.03057332918
03/26/2020,FEU,Z01,14,0.07572306922
03/26/2020,FEU,Z02,14,0.09409586106
03/26/2020,FEU,Z03,14,0.09409586106
03/26/2020,FEU,Z01,15,0.07308432314
03/26/2020,FEU,Z02,15,0.09143729198
03/26/2020,FEU,Z03,15,0.09143729198
03/26/2020,FEU,Z01,16,0.07487832904
03/26/2020,FEU,Z02,16,0.09327064586
03/26/2020,FEU,Z03,16,0.09327064586
03/26/2020,FEU,Z01,17,0.07520436104
03/26/2020,FEU,Z02,17,0.09360039086
03/26/2020,FEU,Z03,17,0.09360039086
03/26/2020,FEU,Z01,18,0.07586425606
03/26/2020,FEU,Z02,18,0.0942376319
03/26/2020,FEU,Z03,18,0.0942376319
03/26/2020,FEU,Z01,19,0.07773264912
03/26/2020,FEU,Z02,19,0.09611808896
03/26/2020,FEU,Z03,19,0.09611808896
03/26/2020,FEU,Z01,2,0.08085047246
03/26/2020,FEU,Z02,2,0.03286312054
03/26/2020,FEU,Z03,2,0.03045897322
03/26/2020,FEU,Z01,20,0.09012830402
03/26/2020,FEU,Z02,20,0.10859973886
03/26/2020,FEU,Z03,20,0.10859973886
03/26/2020,FEU,Z01,21,0.08760946484
03/26/2020,FEU,Z02,21,0.10610006966
03/26/2020,FEU,Z03,21,0.10610006966
03/26/2020,FEU,Z01,22,0.08884783374
03/26/2020,FEU,Z02,22,0.10738596254
03/26/2020,FEU,Z03,22,0.10738596254
03/26/2020,FEU,Z01,23,0.08894868816
03/26/2020,FEU,Z02,23,0.04098701806
03/26/2020,FEU,Z03,23,0.10752026294
03/26/2020,FEU,Z01,24,0.08771566008
03/26/2020,FEU,Z02,24,0.03972523102
03/26/2020,FEU,Z03,24,0.04243030798
03/26/2020,FEU,Z01,3,0.08114531838
03/26/2020,FEU,Z02,3,0.03313476646
03/26/2020,FEU,Z03,3,0.03070017116
03/26/2020,FEU,Z01,4,0.08050895132
03/26/2020,FEU,Z02,4,0.03249287542
03/26/2020,FEU,Z03,4,0.03007856912
03/26/2020,FEU,Z01,5,0.08017976834
03/26/2020,FEU,Z02,5,0.03218094044
03/26/2020,FEU,Z03,5,0.02977415914
03/26/2020,FEU,Z01,6,0.0800946505
03/26/2020,FEU,Z02,6,0.03217012456
03/26/2020,FEU,Z03,6,0.02981202122
03/26/2020,FEU,Z01,7,0.0821230509
03/26/2020,FEU,Z02,7,0.03430090086
03/26/2020,FEU,Z03,7,0.03192867148
03/26/2020,FEU,Z01,8,0.08558182432
03/26/2020,FEU,Z02,8,0.0377989372
03/26/2020,FEU,Z03,8,0.04033366522
03/26/2020,FEU,Z01,9,0.0827702969
03/26/2020,FEU,Z02,9,0.03537597564
03/26/2020,FEU,Z03,9,0.03758754982
03/27/2020,FEU,Z01,1,0.08255440958
03/27/2020,FEU,Z02,1,0.03456237562
03/27/2020,FEU,Z03,1,0.03718221446
03/27/2020,FEU,Z01,10,0.07985093708
03/27/2020,FEU,Z02,10,0.03265820176
03/27/2020,FEU,Z03,10,0.03471908998
03/27/2020,FEU,Z01,11,0.0789826821
03/27/2020,FEU,Z02,11,0.03181868378
03/27/2020,FEU,Z03,11,0.03382384502
03/27/2020,FEU,Z01,12,0.08239849508
03/27/2020,FEU,Z02,12,0.03513017776
03/27/2020,FEU,Z03,12,0.037247877
03/27/2020,FEU,Z01,13,0.08425759622
03/27/2020,FEU,Z02,13,0.10268918506
03/27/2020,FEU,Z03,13,0.03913950914
03/27/2020,FEU,Z01,14,0.0848252972
03/27/2020,FEU,Z02,14,0.10326076504
03/27/2020,FEU,Z03,14,0.10326076504
03/27/2020,FEU,Z01,15,0.08475909712
03/27/2020,FEU,Z02,15,0.10322942094
03/27/2020,FEU,Z03,15,0.10322942094
03/27/2020,FEU,Z01,16,0.08479594506
03/27/2020,FEU,Z02,16,0.10326614888
03/27/2020,FEU,Z03,16,0.10326614888
03/27/2020,FEU,Z01,17,0.08346885908
03/27/2020,FEU,Z02,17,0.10189421692
03/27/2020,FEU,Z03,17,0.10189421692
03/27/2020,FEU,Z01,18,0.0841901421
03/27/2020,FEU,Z02,18,0.10262063694
03/27/2020,FEU,Z03,18,0.10262063694
03/27/2020,FEU,Z01,19,0.08547494318
03/27/2020,FEU,Z02,19,0.10391485802
03/27/2020,FEU,Z03,19,0.10391485802
03/27/2020,FEU,Z01,2,0.0789552854
03/27/2020,FEU,Z02,2,0.03104344048
03/27/2020,FEU,Z03,2,0.02866932718
03/27/2020,FEU,Z01,20,0.08771310602
03/27/2020,FEU,Z02,20,0.10620588884
03/27/2020,FEU,Z03,20,0.10620588884
03/27/2020,FEU,Z01,21,0.08874753578
03/27/2020,FEU,Z02,21,0.1072465166
03/27/2020,FEU,Z03,21,0.1072465166
03/27/2020,FEU,Z01,22,0.0889151966
03/27/2020,FEU,Z02,22,0.10741526642
03/27/2020,FEU,Z03,22,0.10741526642
03/27/2020,FEU,Z01,23,0.089140976
03/27/2020,FEU,Z02,23,0.04108491294
03/27/2020,FEU,Z03,23,0.10775043176
03/27/2020,FEU,Z01,24,0.08570512988
03/27/2020,FEU,Z02,24,0.03770710886
03/27/2020,FEU,Z03,24,0.04040491976
03/27/2020,FEU,Z01,3,0.07869924728
03/27/2020,FEU,Z02,3,0.0307343964
03/27/2020,FEU,Z03,3,0.0283717021
03/27/2020,FEU,Z01,4,0.07851641724
03/27/2020,FEU,Z02,4,0.03055460836
03/27/2020,FEU,Z03,4,0.02817452908
03/27/2020,FEU,Z01,5,0.07878011124
03/27/2020,FEU,Z02,5,0.03080637436
03/27/2020,FEU,Z03,5,0.02841862708
03/27/2020,FEU,Z01,6,0.0809528054
03/27/2020,FEU,Z02,6,0.03295326448
03/27/2020,FEU,Z03,6,0.03052345218
03/27/2020,FEU,Z01,7,0.08476017178
03/27/2020,FEU,Z02,7,0.03675704878
03/27/2020,FEU,Z03,7,0.0343215474
03/27/2020,FEU,Z01,8,0.0871704262
03/27/2020,FEU,Z02,8,0.0392809171
03/27/2020,FEU,Z03,8,0.04193794408
03/27/2020,FEU,Z01,9,0.08355356786
03/27/2020,FEU,Z02,9,0.0361285776
03/27/2020,FEU,Z03,9,0.03836610278
03/28/2020,FEU,Z01,1,0.09049837346
03/28/2020,FEU,Z02,1,0.04208641954
03/28/2020,FEU,Z03,1,0.04514251634
03/28/2020,FEU,Z01,10,0.08790466938
03/28/2020,FEU,Z02,10,0.04007623724
03/28/2020,FEU,Z03,10,0.04267639228
03/28/2020,FEU,Z01,11,0.08759490456
03/28/2020,FEU,Z02,11,0.03989925736
03/28/2020,FEU,Z03,11,0.04239910546
03/28/2020,FEU,Z01,12,0.08779544358
03/28/2020,FEU,Z02,12,0.04009556038
03/28/2020,FEU,Z03,12,0.04260425648
03/28/2020,FEU,Z01,13,0.08844078374
03/28/2020,FEU,Z02,13,0.10693708056
03/28/2020,FEU,Z03,13,0.04324784066
03/28/2020,FEU,Z01,14,0.08958942872
03/28/2020,FEU,Z02,14,0.10809445454
03/28/2020,FEU,Z03,14,0.10809445454
03/28/2020,FEU,Z01,15,0.08987257166
03/28/2020,FEU,Z02,15,0.10837930448
03/28/2020,FEU,Z03,15,0.10837930448
03/28/2020,FEU,Z01,16,0.08981936056
03/28/2020,FEU,Z02,16,0.10836410636
03/28/2020,FEU,Z03,16,0.10836410636
03/28/2020,FEU,Z01,17,0.08883136456
03/28/2020,FEU,Z02,17,0.10736886236
03/28/2020,FEU,Z03,17,0.10736886236
03/28/2020,FEU,Z01,18,0.08912929664
03/28/2020,FEU,Z02,18,0.10766890044
03/28/2020,FEU,Z03,18,0.10766890044
03/28/2020,FEU,Z01,19,0.09006201272
03/28/2020,FEU,Z02,19,0.10861038452
03/28/2020,FEU,Z03,19,0.10861038452
03/28/2020,FEU,Z01,2,0.08969854932
03/28/2020,FEU,Z02,2,0.04127288842
03/28/2020,FEU,Z03,2,0.03859679312
03/28/2020,FEU,Z01,20,0.09008206962
03/28/2020,FEU,Z02,20,0.10862963642
03/28/2020,FEU,Z03,20,0.10862963642
03/28/2020,FEU,Z01,21,0.09162838746
03/28/2020,FEU,Z02,21,0.11018755826
03/28/2020,FEU,Z03,21,0.11018755826
03/28/2020,FEU,Z01,22,0.09135071036
03/28/2020,FEU,Z02,22,0.10994671614
03/28/2020,FEU,Z03,22,0.10994671614
03/28/2020,FEU,Z01,23,0.09150301978
03/28/2020,FEU,Z02,23,0.04322265778
03/28/2020,FEU,Z03,23,0.11013335654
03/28/2020,FEU,Z01,24,0.08925454572
03/28/2020,FEU,Z02,24,0.04105998472
03/28/2020,FEU,Z03,24,0.0439417356
03/28/2020,FEU,Z01,3,0.08828653322
03/28/2020,FEU,Z02,3,0.03988051334
03/28/2020,FEU,Z03,3,0.03721720206
03/28/2020,FEU,Z01,4,0.08790186716
03/28/2020,FEU,Z02,4,0.0394749313
03/28/2020,FEU,Z03,4,0.03679426904
03/28/2020,FEU,Z01,5,0.08684244116
03/28/2020,FEU,Z02,5,0.0384641263
03/28/2020,FEU,Z03,5,0.03584545102
03/28/2020,FEU,Z01,6,0.08786654118
03/28/2020,FEU,Z02,6,0.03944348832
03/28/2020,FEU,Z03,6,0.03679426904
03/28/2020,FEU,Z01,7,0.08946179234
03/28/2020,FEU,Z02,7,0.04104774644
03/28/2020,FEU,Z03,7,0.03837866314
03/28/2020,FEU,Z01,8,0.08896855654
03/28/2020,FEU,Z02,8,0.04069872058
03/28/2020,FEU,Z03,8,0.0436534754
03/28/2020,FEU,Z01,9,0.08883486314
03/28/2020,FEU,Z02,9,0.04087502504
03/28/2020,FEU,Z03,9,0.04359941402
03/29/2020,FEU,Z01,1,0.08837404736
03/29/2020,FEU,Z02,1,0.04001197746
03/29/2020,FEU,Z03,1,0.04298893724
03/29/2020,FEU,Z01,10,0.07704776016
03/29/2020,FEU,Z02,10,0.02951040508
03/29/2020,FEU,Z03,10,0.03173266106
03/29/2020,FEU,Z01,11,0.07773900832
03/29/2020,FEU,Z02,11,0.03027216718
03/29/2020,FEU,Z03,11,0.0324814162
03/29/2020,FEU,Z01,12,0.0791148263
03/29/2020,FEU,Z02,12,0.03159521116
03/29/2020,FEU,Z03,12,0.03386045918
03/29/2020,FEU,Z01,13,0.08284791248
03/29/2020,FEU,Z02,13,0.10133262028
03/29/2020,FEU,Z03,13,0.10133262028
03/29/2020,FEU,Z01,14,0.08359771646
03/29/2020,FEU,Z02,14,0.10208865726
03/29/2020,FEU,Z03,14,0.10208865726
03/29/2020,FEU,Z01,15,0.0774693564
03/29/2020,FEU,Z02,15,0.0959079362
03/29/2020,FEU,Z03,15,0.0959079362
03/29/2020,FEU,Z01,16,0.0755183513
03/29/2020,FEU,Z02,16,0.09396670408
03/29/2020,FEU,Z03,16,0.09396670408
03/29/2020,FEU,Z01,17,0.07410080826
03/29/2020,FEU,Z02,17,0.09251033906
03/29/2020,FEU,Z03,17,0.09251033906
03/29/2020,FEU,Z01,18,0.07139036828
03/29/2020,FEU,Z02,18,0.08977711608
03/29/2020,FEU,Z03,18,0.08977711608
03/29/2020,FEU,Z01,19,0.07468805042
03/29/2020,FEU,Z02,19,0.09310313722
03/29/2020,FEU,Z03,19,0.09310313722
03/29/2020,FEU,Z01,2,0.0853264152
03/29/2020,FEU,Z02,2,0.03705062432
03/29/2020,FEU,Z03,2,0.03447530904
03/29/2020,FEU,Z01,20,0.07504265636
03/29/2020,FEU,Z02,20,0.09348689514
03/29/2020,FEU,Z03,20,0.09348689514
03/29/2020,FEU,Z01,21,0.08413623224
03/29/2020,FEU,Z02,21,0.10266527002
03/29/2020,FEU,Z03,21,0.10266527002
03/29/2020,FEU,Z01,22,0.07852044832
03/29/2020,FEU,Z02,22,0.0969967961
03/29/2020,FEU,Z03,22,0.0969967961
03/29/2020,FEU,Z01,23,0.08007852784
03/29/2020,FEU,Z02,23,0.03230261682
03/29/2020,FEU,Z03,23,0.03474283372
03/29/2020,FEU,Z01,3,0.080748225
03/29/2020,FEU,Z02,3,0.03257713918
03/29/2020,FEU,Z03,3,0.03009146694
03/29/2020,FEU,Z01,4,0.08008580894
03/29/2020,FEU,Z02,4,0.03193841212
03/29/2020,FEU,Z03,4,0.02947501288
03/29/2020,FEU,Z01,5,0.0802826699
03/29/2020,FEU,Z02,5,0.0320971461
03/29/2020,FEU,Z03,5,0.02962932786
03/29/2020,FEU,Z01,6,0.08108159498
03/29/2020,FEU,Z02,6,0.03289348016
03/29/2020,FEU,Z03,6,0.03039837292
03/29/2020,FEU,Z01,7,0.08112003104
03/29/2020,FEU,Z02,7,0.0329633862
03/29/2020,FEU,Z03,7,0.0356658499
03/29/2020,FEU,Z01,8,0.07976266826
03/29/2020,FEU,Z02,8,0.03174706238
03/29/2020,FEU,Z03,8,0.03434222312
03/29/2020,FEU,Z01,9,0.07837747388
03/29/2020,FEU,Z02,9,0.03067717686
03/29/2020,FEU,Z03,9,0.03304080776
03/30/2020,FEU,Z01,1,0.08084014322
03/30/2020,FEU,Z02,1,0.03276950034
03/30/2020,FEU,Z03,1,0.03541826508
03/30/2020,FEU,Z01,10,0.08001776114
03/30/2020,FEU,Z02,10,0.03282892282
03/30/2020,FEU,Z03,10,0.03486995406
03/30/2020,FEU,Z01,11,0.08064667924
03/30/2020,FEU,Z02,11,0.03350924788
03/30/2020,FEU,Z03,11,0.03551962116
03/30/2020,FEU,Z01,12,0.07915259822
03/30/2020,FEU,Z02,12,0.03202720788
03/30/2020,FEU,Z03,12,0.03401658314
03/30/2020,FEU,Z01,13,0.07889845134
03/30/2020,FEU,Z02,13,0.03182527198
03/30/2020,FEU,Z03,13,0.03375659328
03/30/2020,FEU,Z01,14,0.07685112034
03/30/2020,FEU,Z02,14,0.09523105118
03/30/2020,FEU,Z03,14,0.09523105118
03/30/2020,FEU,Z01,15,0.07494655526
03/30/2020,FEU,Z02,15,0.0933128421
03/30/2020,FEU,Z03,15,0.0933128421
03/30/2020,FEU,Z01,16,0.07400447716
03/30/2020,FEU,Z02,16,0.092363927
03/30/2020,FEU,Z03,16,0.092363927
03/30/2020,FEU,Z01,17,0.07394623516
03/30/2020,FEU,Z02,17,0.092305277
03/30/2020,FEU,Z03,17,0.092305277
03/30/2020,FEU,Z01,18,0.07332206714
03/30/2020,FEU,Z02,18,0.09167785098
03/30/2020,FEU,Z03,18,0.09167785098
03/30/2020,FEU,Z01,19,0.07636955916
03/30/2020,FEU,Z02,19,0.094745577
03/30/2020,FEU,Z03,19,0.094745577
03/30/2020,FEU,Z01,2,0.08038911202
03/30/2020,FEU,Z02,2,0.03226271518
03/30/2020,FEU,Z03,2,0.02978707494
03/30/2020,FEU,Z01,20,0.08495538598
03/30/2020,FEU,Z02,20,0.10339175382
03/30/2020,FEU,Z03,20,0.10339175382
03/30/2020,FEU,Z01,21,0.08695635284
03/30/2020,FEU,Z02,21,0.10544188166
03/30/2020,FEU,Z03,21,0.10544188166
03/30/2020,FEU,Z01,22,0.08649055178
03/30/2020,FEU,Z02,22,0.1049720366
03/30/2020,FEU,Z03,22,0.1049720366
03/30/2020,FEU,Z01,23,0.0860411162
03/30/2020,FEU,Z02,23,0.10458622498
03/30/2020,FEU,Z03,23,0.10458622498
03/30/2020,FEU,Z01,24,0.08218124612
03/30/2020,FEU,Z02,24,0.03446970502
03/30/2020,FEU,Z03,24,0.036908576
03/30/2020,FEU,Z01,3,0.08013320688
03/30/2020,FEU,Z02,3,0.03195232008
03/30/2020,FEU,Z03,3,0.02946503386
03/30/2020,FEU,Z01,4,0.07892641084
03/30/2020,FEU,Z02,4,0.03077419906
03/30/2020,FEU,Z03,4,0.02832478684
03/30/2020,FEU,Z01,5,0.07808355084
03/30/2020,FEU,Z02,5,0.02997220906
03/30/2020,FEU,Z03,5,0.02757195182
03/30/2020,FEU,Z01,6,0.07734307406
03/30/2020,FEU,Z02,6,0.02936460222
03/30/2020,FEU,Z03,6,0.02700181696
03/30/2020,FEU,Z01,7,0.07923935564
03/30/2020,FEU,Z02,7,0.03142031866
03/30/2020,FEU,Z03,7,0.02908061932
03/30/2020,FEU,Z01,8,0.07781802818
03/30/2020,FEU,Z02,8,0.03027822508
03/30/2020,FEU,Z03,8,0.03253465106
03/30/2020,FEU,Z01,9,0.07965258488
03/30/2020,FEU,Z02,9,0.03235524262
03/30/2020,FEU,Z03,9,0.0344553368
03/31/2020,FEU,Z01,1,0.07876502366
03/31/2020,FEU,Z02,1,0.03096970268
03/31/2020,FEU,Z03,1,0.03341410352
03/31/2020,FEU,Z01,10,0.08453828726
03/31/2020,FEU,Z02,10,0.0372954129
03/31/2020,FEU,Z03,10,0.03942977118
03/31/2020,FEU,Z01,11,0.08262493532
03/31/2020,FEU,Z02,11,0.03544358396
03/31/2020,FEU,Z03,11,0.03748925726
03/31/2020,FEU,Z01,12,0.0785797823
03/31/2020,FEU,Z02,12,0.03150955494
03/31/2020,FEU,Z03,12,0.03345657122
03/31/2020,FEU,Z01,13,0.08054259344
03/31/2020,FEU,Z02,13,0.03349480204
03/31/2020,FEU,Z03,13,0.03545227736
03/31/2020,FEU,Z01,14,0.08413034136
03/31/2020,FEU,Z02,14,0.1025629172
03/31/2020,FEU,Z03,14,0.1025629172
03/31/2020,FEU,Z01,15,0.08424051122
03/31/2020,FEU,Z02,15,0.10267198006
03/31/2020,FEU,Z03,15,0.10267198006
03/31/2020,FEU,Z01,16,0.08139850514
03/31/2020,FEU,Z02,16,0.09981081698
03/31/2020,FEU,Z03,16,0.09981081698
03/31/2020,FEU,Z01,17,0.07948068112
03/31/2020,FEU,Z02,17,0.09787834496
03/31/2020,FEU,Z03,17,0.09787834496
03/31/2020,FEU,Z01,18,0.08159624414
03/31/2020,FEU,Z02,18,0.10000878898
03/31/2020,FEU,Z03,18,0.10000878898
03/31/2020,FEU,Z01,19,0.07893277122
03/31/2020,FEU,Z02,19,0.09732696006
03/31/2020,FEU,Z03,19,0.09732696006
03/31/2020,FEU,Z01,2,0.07876078148
03/31/2020,FEU,Z02,2,0.03089248054
03/31/2020,FEU,Z03,2,0.02854545322
03/31/2020,FEU,Z01,20,0.085141777
03/31/2020,FEU,Z02,20,0.10357838684
03/31/2020,FEU,Z03,20,0.10357838684
03/31/2020,FEU,Z01,21,0.08733001586
03/31/2020,FEU,Z02,21,0.10581976268
03/31/2020,FEU,Z03,21,0.10581976268
03/31/2020,FEU,Z01,22,0.08838762578
03/31/2020,FEU,Z02,22,0.10692216858
03/31/2020,FEU,Z03,22,0.10692216858
03/31/2020,FEU,Z01,23,0.0872608662
03/31/2020,FEU,Z02,23,0.10581724998
03/31/2020,FEU,Z03,23,0.10581724998
03/31/2020,FEU,Z01,24,0.08387545418
03/31/2020,FEU,Z02,24,0.03610792708
03/31/2020,FEU,Z03,24,0.03862259306
03/31/2020,FEU,Z01,3,0.07772956736
03/31/2020,FEU,Z02,3,0.02984269746
03/31/2020,FEU,Z03,3,0.02752930714
03/31/2020,FEU,Z01,4,0.07778427932
03/31/2020,FEU,Z02,4,0.02988964342
03/31/2020,FEU,Z03,4,0.02755261712
03/31/2020,FEU,Z01,5,0.07756950734
03/31/2020,FEU,Z02,5,0.02968711444
03/31/2020,FEU,Z03,5,0.02735442814
03/31/2020,FEU,Z01,6,0.0770284755
03/31/2020,FEU,Z02,6,0.02923778056
03/31/2020,FEU,Z03,6,0.02693821124
03/31/2020,FEU,Z01,7,0.0802938609
03/31/2020,FEU,Z02,7,0.03251836088
03/31/2020,FEU,Z03,7,0.03021940348
03/31/2020,FEU,Z01,8,0.07913959934
03/31/2020,FEU,Z02,8,0.0316246972
03/31/2020,FEU,Z03,8,0.03386676824
03/31/2020,FEU,Z01,9,0.081779177
03/31/2020,FEU,Z02,9,0.03445970772
03/31/2020,FEU,Z03,9,0.03661155092
04/01/2020,FEU,Z01,1,0.08569473874
04/01/2020,FEU,Z02,1,0.03764926074
04/01/2020,FEU,Z03,1,0.04036810162
04/01/2020,FEU,Z01,10,0.08659972502
04/01/2020,FEU,Z02,10,0.03916524372
04/01/2020,FEU,Z03,10,0.04145259194
04/01/2020,FEU,Z01,11,0.08706320104
04/01/2020,FEU,Z02,11,0.03961734274
04/01/2020,FEU,Z03,11,0.04192140896
04/01/2020,FEU,Z01,12,0.08780303108
04/01/2020,FEU,Z02,12,0.04037436976
04/01/2020,FEU,Z03,12,0.042671277
04/01/2020,FEU,Z01,13,0.08728476504
04/01/2020,FEU,Z02,13,0.03983215174
04/01/2020,FEU,Z03,13,0.04214374496
04/01/2020,FEU,Z01,14,0.08639860316
04/01/2020,FEU,Z02,14,0.104844877
04/01/2020,FEU,Z03,14,0.104844877
04/01/2020,FEU,Z01,15,0.08595338708
04/01/2020,FEU,Z02,15,0.10439608892
04/01/2020,FEU,Z03,15,0.10439608892
04/01/2020,FEU,Z01,16,0.08627772896
04/01/2020,FEU,Z02,16,0.10475883578
04/01/2020,FEU,Z03,16,0.10475883578
04/01/2020,FEU,Z01,17,0.08448867296
04/01/2020,FEU,Z02,17,0.1029205368
04/01/2020,FEU,Z03,17,0.1029205368
04/01/2020,FEU,Z01,18,0.08507273696
04/01/2020,FEU,Z02,18,0.1035098168
04/01/2020,FEU,Z03,18,0.1035098168
04/01/2020,FEU,Z01,19,0.08583864286
04/01/2020,FEU,Z02,19,0.1042793417
04/01/2020,FEU,Z03,19,0.1042793417
04/01/2020,FEU,Z01,2,0.08447038352
04/01/2020,FEU,Z02,2,0.03635899458
04/01/2020,FEU,Z03,2,0.03388228724
04/01/2020,FEU,Z01,20,0.08792786978
04/01/2020,FEU,Z02,20,0.1064204966
04/01/2020,FEU,Z03,20,0.1064204966
04/01/2020,FEU,Z01,21,0.08804818476
04/01/2020,FEU,Z02,21,0.10654159358
04/01/2020,FEU,Z03,21,0.10654159358
04/01/2020,FEU,Z01,22,0.0891322817
04/01/2020,FEU,Z02,22,0.10763361652
04/01/2020,FEU,Z03,22,0.10763361652
04/01/2020,FEU,Z01,23,0.08831631248
04/01/2020,FEU,Z02,23,0.10684752028
04/01/2020,FEU,Z03,23,0.10684752028
04/01/2020,FEU,Z01,24,0.08842725204
04/01/2020,FEU,Z02,24,0.04043718496
04/01/2020,FEU,Z03,24,0.04317083592
04/01/2020,FEU,Z01,3,0.08516705846
04/01/2020,FEU,Z02,3,0.03701938052
04/01/2020,FEU,Z03,3,0.0344954572
04/01/2020,FEU,Z01,4,0.08629719144
04/01/2020,FEU,Z02,4,0.03806776252
04/01/2020,FEU,Z03,4,0.0355146172
04/01/2020,FEU,Z01,5,0.08622595946
04/01/2020,FEU,Z02,5,0.03800203354
04/01/2020,FEU,Z03,5,0.03544893222
04/01/2020,FEU,Z01,6,0.08746785356
04/01/2020,FEU,Z02,6,0.03923253062
04/01/2020,FEU,Z03,6,0.03667338528
04/01/2020,FEU,Z01,7,0.09111162788
04/01/2020,FEU,Z02,7,0.04292794084
04/01/2020,FEU,Z03,7,0.04032534246
04/01/2020,FEU,Z01,8,0.09167852922
04/01/2020,FEU,Z02,8,0.04362091312
04/01/2020,FEU,Z03,8,0.04643609612
04/01/2020,FEU,Z01,9,0.09004821284
04/01/2020,FEU,Z02,9,0.0423770576
04/01/2020,FEU,Z03,9,0.04487946676
04/02/2020,FEU,Z01,1,0.08777188148
04/02/2020,FEU,Z02,1,0.03951403054
04/02/2020,FEU,Z03,1,0.04240646336
04/02/2020,FEU,Z01,10,0.08396277002
04/02/2020,FEU,Z02,10,0.03660861372
04/02/2020,FEU,Z03,10,0.03880645694
04/02/2020,FEU,Z01,11,0.08228293202
04/02/2020,FEU,Z02,11,0.03497994572
04/02/2020,FEU,Z03,11,0.03712077094
04/02/2020,FEU,Z01,12,0.083321327
04/02/2020,FEU,Z02,12,0.03595246772
04/02/2020,FEU,Z03,12,0.03815906492
04/02/2020,FEU,Z01,13,0.08355487502
04/02/2020,FEU,Z02,13,0.03621314372
04/02/2020,FEU,Z03,13,0.03839714194
04/02/2020,FEU,Z01,14,0.0834516171
04/02/2020,FEU,Z02,14,0.10187810494
04/02/2020,FEU,Z03,14,0.10187810494
04/02/2020,FEU,Z01,15,0.08319036896
04/02/2020,FEU,Z02,15,0.1016132168
04/02/2020,FEU,Z03,15,0.1016132168
04/02/2020,FEU,Z01,16,0.08095263186
04/02/2020,FEU,Z02,16,0.09939160468
04/02/2020,FEU,Z03,16,0.09939160468
04/02/2020,FEU,Z01,17,0.0746148419
04/02/2020,FEU,Z02,17,0.09300464072
04/02/2020,FEU,Z03,17,0.09300464072
04/02/2020,FEU,Z01,18,0.07477287494
04/02/2020,FEU,Z02,18,0.09316403476
04/02/2020,FEU,Z03,18,0.09316403476
04/02/2020,FEU,Z01,19,0.08071357484
04/02/2020,FEU,Z02,19,0.09915058466
04/02/2020,FEU,Z03,19,0.09915058466
04/02/2020,FEU,Z01,2,0.08701258328
04/02/2020,FEU,Z02,2,0.03870079038
04/02/2020,FEU,Z03,2,0.0360729721
04/02/2020,FEU,Z01,20,0.0844128667
04/02/2020,FEU,Z02,20,0.1029125515
04/02/2020,FEU,Z03,20,0.1029125515
04/02/2020,FEU,Z01,21,0.08521649664
04/02/2020,FEU,Z02,21,0.10368719246
04/02/2020,FEU,Z03,21,0.10368719246
04/02/2020,FEU,Z01,22,0.08622640652
04/02/2020,FEU,Z02,22,0.10474016832
04/02/2020,FEU,Z03,22,0.10474016832
04/02/2020,FEU,Z01,23,0.08392204626
04/02/2020,FEU,Z02,23,0.10244807004
04/02/2020,FEU,Z03,23,0.10244807004
04/02/2020,FEU,Z01,24,0.08413447976
04/02/2020,FEU,Z02,24,0.03615583476
04/02/2020,FEU,Z03,24,0.03880388564
04/02/2020,FEU,Z01,3,0.08671985718
04/02/2020,FEU,Z02,3,0.03834947232
04/02/2020,FEU,Z03,3,0.03573351704
04/02/2020,FEU,Z01,4,0.08761123916
04/02/2020,FEU,Z02,4,0.0391976413
04/02/2020,FEU,Z03,4,0.03655783102
04/02/2020,FEU,Z01,5,0.08769729414
04/02/2020,FEU,Z02,5,0.03927747628
04/02/2020,FEU,Z03,5,0.03660379102
04/02/2020,FEU,Z01,6,0.08931973026
04/02/2020,FEU,Z02,6,0.04087146838
04/02/2020,FEU,Z03,6,0.0381774821
04/02/2020,FEU,Z01,7,0.09078582368
04/02/2020,FEU,Z02,7,0.0424890267
04/02/2020,FEU,Z03,7,0.03983356936
04/02/2020,FEU,Z01,8,0.09140053608
04/02/2020,FEU,Z02,8,0.043301027
04/02/2020,FEU,Z03,8,0.04616660196
04/02/2020,FEU,Z01,9,0.0896683368
04/02/2020,FEU,Z02,9,0.04200446356
04/02/2020,FEU,Z03,9,0.04449081272
04/03/2020,FEU,Z01,1,0.08644044548
04/03/2020,FEU,Z02,1,0.03824015254
04/03/2020,FEU,Z03,1,0.04106851136
04/03/2020,FEU,Z01,10,0.08832532472
04/03/2020,FEU,Z02,10,0.04069490148
04/03/2020,FEU,Z03,10,0.04316271662
04/03/2020,FEU,Z01,11,0.08190460178
04/03/2020,FEU,Z02,11,0.03449224354
04/03/2020,FEU,Z03,11,0.03672562468
04/03/2020,FEU,Z01,12,0.0830737368
04/03/2020,FEU,Z02,12,0.03562589356
04/03/2020,FEU,Z03,12,0.03787347272
04/03/2020,FEU,Z01,13,0.08401711282
04/03/2020,FEU,Z02,13,0.03653999758
04/03/2020,FEU,Z03,13,0.03882381774
04/03/2020,FEU,Z01,14,0.08514300896
04/03/2020,FEU,Z02,14,0.10361641178
04/03/2020,FEU,Z03,14,0.10361641178
04/03/2020,FEU,Z01,15,0.08521525688
04/03/2020,FEU,Z02,15,0.1036886867
04/03/2020,FEU,Z03,15,0.1036886867
04/03/2020,FEU,Z01,16,0.08479226076
04/03/2020,FEU,Z02,16,0.10329567656
04/03/2020,FEU,Z03,16,0.10329567656
04/03/2020,FEU,Z01,17,0.08113544676
04/03/2020,FEU,Z02,17,0.09957531458
04/03/2020,FEU,Z03,17,0.09957531458
04/03/2020,FEU,Z01,18,0.07905318578
04/03/2020,FEU,Z02,18,0.0974770166
04/03/2020,FEU,Z03,18,0.0974770166
04/03/2020,FEU,Z01,19,0.08120227174
04/03/2020,FEU,Z02,19,0.09964372456
04/03/2020,FEU,Z03,19,0.09964372456
04/03/2020,FEU,Z01,2,0.0839557603
04/03/2020,FEU,Z02,2,0.03575516842
04/03/2020,FEU,Z03,2,0.03324287312
04/03/2020,FEU,Z01,20,0.08459979264
04/03/2020,FEU,Z02,20,0.10306573646
04/03/2020,FEU,Z03,20,0.10306573646
04/03/2020,FEU,Z01,21,0.08667840056
04/03/2020,FEU,Z02,21,0.10519634636
04/03/2020,FEU,Z03,21,0.10519634636
04/03/2020,FEU,Z01,22,0.08856936446
04/03/2020,FEU,Z02,22,0.10710254526
04/03/2020,FEU,Z03,22,0.10710254526
04/03/2020,FEU,Z01,23,0.08786153628
04/03/2020,FEU,Z02,23,0.10642546406
04/03/2020,FEU,Z03,23,0.10642546406
04/03/2020,FEU,Z01,24,0.0874756609
04/03/2020,FEU,Z02,24,0.03944029486
04/03/2020,FEU,Z03,24,0.04218803578
04/03/2020,FEU,Z01,3,0.0845576152
04/03/2020,FEU,Z02,3,0.03628892534
04/03/2020,FEU,Z03,3,0.03373605706
04/03/2020,FEU,Z01,4,0.08677205912
04/03/2020,FEU,Z02,4,0.03836188428
04/03/2020,FEU,Z03,4,0.035748227
04/03/2020,FEU,Z01,5,0.08716391912
04/03/2020,FEU,Z02,5,0.03873547428
04/03/2020,FEU,Z03,5,0.036109327
04/03/2020,FEU,Z01,6,0.08674292724
04/03/2020,FEU,Z02,6,0.03840781636
04/03/2020,FEU,Z03,6,0.03578969908
04/03/2020,FEU,Z01,7,0.09114863962
04/03/2020,FEU,Z02,7,0.04282984064
04/03/2020,FEU,Z03,7,0.0401671923
04/03/2020,FEU,Z01,8,0.09213315984
04/03/2020,FEU,Z02,8,0.04386943682
04/03/2020,FEU,Z03,8,0.04685733972
04/03/2020,FEU,Z01,9,0.09046904246
04/03/2020,FEU,Z02,9,0.0425926023
04/03/2020,FEU,Z03,9,0.04526667836
04/04/2020,FEU,Z01,1,0.09010005548
04/04/2020,FEU,Z02,1,0.04174038454
04/04/2020,FEU,Z03,1,0.04478001434
04/04/2020,FEU,Z01,10,0.08419987238
04/04/2020,FEU,Z02,10,0.03650633124
04/04/2020,FEU,Z03,10,0.03895591028
04/04/2020,FEU,Z01,11,0.07581059444
04/04/2020,FEU,Z02,11,0.02845316928
04/04/2020,FEU,Z03,11,0.03054224834
04/04/2020,FEU,Z01,12,0.07308240848
04/04/2020,FEU,Z02,12,0.02582825932
04/04/2020,FEU,Z03,12,0.02780988638
04/04/2020,FEU,Z01,13,0.07419555644
04/04/2020,FEU,Z02,13,0.02689684928
04/04/2020,FEU,Z03,13,0.02892035534
04/04/2020,FEU,Z01,14,0.07024998462
04/04/2020,FEU,Z02,14,0.08862908042
04/04/2020,FEU,Z03,14,0.08862908042
04/04/2020,FEU,Z01,15,0.06963986456
04/04/2020,FEU,Z02,15,0.08801243036
04/04/2020,FEU,Z03,15,0.08801243036
04/04/2020,FEU,Z01,16,0.07051916838
04/04/2020,FEU,Z02,16,0.08889999218
04/04/2020,FEU,Z03,16,0.08889999218
04/04/2020,FEU,Z01,17,0.0679337764
04/04/2020,FEU,Z02,17,0.08631194918
04/04/2020,FEU,Z03,17,0.08631194918
04/04/2020,FEU,Z01,18,0.06754227248
04/04/2020,FEU,Z02,18,0.08589683028
04/04/2020,FEU,Z03,18,0.08589683028
04/04/2020,FEU,Z01,19,0.0698605265
04/04/2020,FEU,Z02,19,0.08825697028
04/04/2020,FEU,Z03,19,0.08825697028
04/04/2020,FEU,Z01,2,0.08864594732
04/04/2020,FEU,Z02,2,0.04026720142
04/04/2020,FEU,Z03,2,0.03762210512
04/04/2020,FEU,Z01,20,0.07193508542
04/04/2020,FEU,Z02,20,0.09032682222
04/04/2020,FEU,Z03,20,0.09032682222
04/04/2020,FEU,Z01,21,0.07663835636
04/04/2020,FEU,Z02,21,0.09509744514
04/04/2020,FEU,Z03,21,0.09509744514
04/04/2020,FEU,Z01,22,0.07689012236
04/04/2020,FEU,Z02,22,0.09535155414
04/04/2020,FEU,Z03,22,0.09535155414
04/04/2020,FEU,Z01,23,0.07515733418
04/04/2020,FEU,Z02,23,0.09360173796
04/04/2020,FEU,Z03,23,0.09360173796
04/04/2020,FEU,Z01,24,0.0728492057
04/04/2020,FEU,Z02,24,0.02530757272
04/04/2020,FEU,Z03,24,0.02745160058
04/04/2020,FEU,Z01,3,0.08784544922
04/04/2020,FEU,Z02,3,0.03945936534
04/04/2020,FEU,Z03,3,0.03681001706
04/04/2020,FEU,Z01,4,0.08950466118
04/04/2020,FEU,Z02,4,0.04100518432
04/04/2020,FEU,Z03,4,0.03830962904
04/04/2020,FEU,Z01,5,0.08961706916
04/04/2020,FEU,Z02,5,0.0411102313
04/04/2020,FEU,Z03,5,0.03841231702
04/04/2020,FEU,Z01,6,0.08938057022
04/04/2020,FEU,Z02,6,0.04092510234
04/04/2020,FEU,Z03,6,0.03823000306
04/04/2020,FEU,Z01,7,0.08982429434
04/04/2020,FEU,Z02,7,0.04139525644
04/04/2020,FEU,Z03,7,0.03871470514
04/04/2020,FEU,Z01,8,0.08871676946
04/04/2020,FEU,Z02,8,0.04038322354
04/04/2020,FEU,Z03,8,0.04335220034
04/04/2020,FEU,Z01,9,0.08619428012
04/04/2020,FEU,Z02,9,0.03829891304
04/04/2020,FEU,Z03,9,0.040941776
04/05/2020,FEU,Z01,1,0.07391489534
04/05/2020,FEU,Z02,1,0.02619434444
04/05/2020,FEU,Z03,1,0.0284762952
04/05/2020,FEU,Z01,10,0.07426783608
04/05/2020,FEU,Z02,10,0.026827277
04/05/2020,FEU,Z03,10,0.02894795196
04/05/2020,FEU,Z01,11,0.07118254722
04/05/2020,FEU,Z02,11,0.0239184521
04/05/2020,FEU,Z03,11,0.0258731661
04/05/2020,FEU,Z01,12,0.06537635826
04/05/2020,FEU,Z02,12,0.01833470614
04/05/2020,FEU,Z03,12,0.02003066416
04/05/2020,FEU,Z01,13,0.06536374118
04/05/2020,FEU,Z02,13,0.01829450308
04/05/2020,FEU,Z03,13,0.02000330408
04/05/2020,FEU,Z01,14,0.06645273542
04/05/2020,FEU,Z02,14,0.08479797222
04/05/2020,FEU,Z03,14,0.08479797222
04/05/2020,FEU,Z01,15,0.06643769636
04/05/2020,FEU,Z02,15,0.08480304814
04/05/2020,FEU,Z03,15,0.08480304814
04/05/2020,FEU,Z01,16,0.06533271212
04/05/2020,FEU,Z02,16,0.0836863109
04/05/2020,FEU,Z03,16,0.0836863109
04/05/2020,FEU,Z01,17,0.06221096008
04/05/2020,FEU,Z02,17,0.08055115184
04/05/2020,FEU,Z03,17,0.08055115184
04/05/2020,FEU,Z01,18,0.06524793812
04/05/2020,FEU,Z02,18,0.0836007559
04/05/2020,FEU,Z03,18,0.0836007559
04/05/2020,FEU,Z01,19,0.07394975216
04/05/2020,FEU,Z02,19,0.09238291394
04/05/2020,FEU,Z03,19,0.09238291394
04/05/2020,FEU,Z01,2,0.07163009112
04/05/2020,FEU,Z02,2,0.02394419826
04/05/2020,FEU,Z03,2,0.021749277
04/05/2020,FEU,Z01,20,0.07618516718
04/05/2020,FEU,Z02,20,0.09463906396
04/05/2020,FEU,Z03,20,0.09463906396
04/05/2020,FEU,Z01,21,0.07679615628
04/05/2020,FEU,Z02,21,0.09525745406
04/05/2020,FEU,Z03,21,0.09525745406
04/05/2020,FEU,Z01,22,0.08050523642
04/05/2020,FEU,Z02,22,0.09896966322
04/05/2020,FEU,Z03,22,0.09896966322
04/05/2020,FEU,Z01,23,0.0784287113
04/05/2020,FEU,Z02,23,0.0968761011
04/05/2020,FEU,Z03,23,0.0968761011
04/05/2020,FEU,Z01,24,0.07436149388
04/05/2020,FEU,Z02,24,0.02682436686
04/05/2020,FEU,Z03,24,0.02898329178
04/05/2020,FEU,Z01,3,0.07334791298
04/05/2020,FEU,Z02,3,0.02552334416
04/05/2020,FEU,Z03,3,0.02326319092
04/05/2020,FEU,Z01,4,0.07572182492
04/05/2020,FEU,Z02,4,0.02775702412
04/05/2020,FEU,Z03,4,0.02542554488
04/05/2020,FEU,Z01,5,0.0761298749
04/05/2020,FEU,Z02,5,0.0281416961
04/05/2020,FEU,Z03,5,0.02579965786
04/05/2020,FEU,Z01,6,0.07657454492
04/05/2020,FEU,Z02,6,0.02856894412
04/05/2020,FEU,Z03,6,0.02621278088
04/05/2020,FEU,Z01,7,0.07676201602
04/05/2020,FEU,Z02,7,0.0287829162
04/05/2020,FEU,Z03,7,0.02643876294
04/05/2020,FEU,Z01,8,0.0764803901
04/05/2020,FEU,Z02,8,0.02854738426
04/05/2020,FEU,Z03,8,0.03101141496
04/05/2020,FEU,Z01,9,0.0754019207
04/05/2020,FEU,Z02,9,0.02775313672
04/05/2020,FEU,Z03,9,0.03001692158
04/06/2020,FEU,Z01,1,0.0897133505
04/06/2020,FEU,Z02,1,0.04137384056
04/06/2020,FEU,Z03,1,0.04439491136
04/06/2020,FEU,Z01,10,0.09099694802
04/06/2020,FEU,Z02,10,0.04342852172
04/06/2020,FEU,Z03,10,0.04586512294
04/06/2020,FEU,Z01,11,0.08990238906
04/06/2020,FEU,Z02,11,0.04237263376
04/06/2020,FEU,Z03,11,0.04477422598
04/06/2020,FEU,Z01,12,0.09060729308
04/06/2020,FEU,Z02,12,0.04309432176
04/06/2020,FEU,Z03,12,0.045485327
04/06/2020,FEU,Z01,13,0.08992083908
04/06/2020,FEU,Z02,13,0.04242823376
04/06/2020,FEU,Z03,13,0.044796477
04/06/2020,FEU,Z01,14,0.0898070972
04/06/2020,FEU,Z02,14,0.10827867304
04/06/2020,FEU,Z03,14,0.10827867304
04/06/2020,FEU,Z01,15,0.08976526514
04/06/2020,FEU,Z02,15,0.10827514496
04/06/2020,FEU,Z03,15,0.10827514496
04/06/2020,FEU,Z01,16,0.08906875704
04/06/2020,FEU,Z02,16,0.10757232286
04/06/2020,FEU,Z03,16,0.10757232286
04/06/2020,FEU,Z01,17,0.08933624104
04/06/2020,FEU,Z02,17,0.10780229288
04/06/2020,FEU,Z03,17,0.10780229288
04/06/2020,FEU,Z01,18,0.08939711708
04/06/2020,FEU,Z02,18,0.10786385892
04/06/2020,FEU,Z03,18,0.10786385892
04/06/2020,FEU,Z01,19,0.08960895602
04/06/2020,FEU,Z02,19,0.10807677486
04/06/2020,FEU,Z03,19,0.10807677486
04/06/2020,FEU,Z01,2,0.08582749132
04/06/2020,FEU,Z02,2,0.03757436542
04/06/2020,FEU,Z03,2,0.03500806512
04/06/2020,FEU,Z01,20,0.08956438496
04/06/2020,FEU,Z02,20,0.10807116878
04/06/2020,FEU,Z03,20,0.10807116878
04/06/2020,FEU,Z01,21,0.08735852292
04/06/2020,FEU,Z02,21,0.10584777274
04/06/2020,FEU,Z03,21,0.10584777274
04/06/2020,FEU,Z01,22,0.09008411084
04/06/2020,FEU,Z02,22,0.10859394866
04/06/2020,FEU,Z03,22,0.10859394866
04/06/2020,FEU,Z01,23,0.08695915264
04/06/2020,FEU,Z02,23,0.10548135444
04/06/2020,FEU,Z03,23,0.10548135444
04/06/2020,FEU,Z01,24,0.0859078362
04/06/2020,FEU,Z02,24,0.0380660721
04/06/2020,FEU,Z03,24,0.0406373911
04/06/2020,FEU,Z01,3,0.0840437954
04/06/2020,FEU,Z02,3,0.03590855248
04/06/2020,FEU,Z03,3,0.03338964418
04/06/2020,FEU,Z01,4,0.08617641538
04/06/2020,FEU,Z02,4,0.03794398846
04/06/2020,FEU,Z03,4,0.03536638316
04/06/2020,FEU,Z01,5,0.0862036754
04/06/2020,FEU,Z02,5,0.03797360848
04/06/2020,FEU,Z03,5,0.03539438118
04/06/2020,FEU,Z01,6,0.09115097536
04/06/2020,FEU,Z02,6,0.04269812444
04/06/2020,FEU,Z03,6,0.03998000614
04/06/2020,FEU,Z01,7,0.09284633576
04/06/2020,FEU,Z02,7,0.04450829076
04/06/2020,FEU,Z03,7,0.0418303974
04/06/2020,FEU,Z01,8,0.09329500008
04/06/2020,FEU,Z02,8,0.04508531602
04/06/2020,FEU,Z03,8,0.04803297298
04/06/2020,FEU,Z01,9,0.09201817174
04/06/2020,FEU,Z02,9,0.04423234552
04/06/2020,FEU,Z03,9,0.04683753266
04/07/2020,FEU,Z01,1,0.08909312978
04/07/2020,FEU,Z02,1,0.04091226778
04/07/2020,FEU,Z03,1,0.04379086466
04/07/2020,FEU,Z01,10,0.08678117316
04/07/2020,FEU,Z02,10,0.03942636382
04/07/2020,FEU,Z03,10,0.04166076308
04/07/2020,FEU,Z01,11,0.0828861572
04/07/2020,FEU,Z02,11,0.03565080586
04/07/2020,FEU,Z03,11,0.03775953712
04/07/2020,FEU,Z01,12,0.08188992118
04/07/2020,FEU,Z02,12,0.03468048584
04/07/2020,FEU,Z03,12,0.0367560921
04/07/2020,FEU,Z01,13,0.08163303716
04/07/2020,FEU,Z02,13,0.03439905384
04/07/2020,FEU,Z03,13,0.03649459508
04/07/2020,FEU,Z01,14,0.07850571328
04/07/2020,FEU,Z02,14,0.09686661914
04/07/2020,FEU,Z03,14,0.09686661914
04/07/2020,FEU,Z01,15,0.0781870772
04/07/2020,FEU,Z02,15,0.09657710904
04/07/2020,FEU,Z03,15,0.09657710904
04/07/2020,FEU,Z01,16,0.07882068308
04/07/2020,FEU,Z02,16,0.09721474692
04/07/2020,FEU,Z03,16,0.09721474692
04/07/2020,FEU,Z01,17,0.07525245712
04/07/2020,FEU,Z02,17,0.09364914394
04/07/2020,FEU,Z03,17,0.09364914394
04/07/2020,FEU,Z01,18,0.07758088514
04/07/2020,FEU,Z02,18,0.09599482496
04/07/2020,FEU,Z03,18,0.09599482496
04/07/2020,FEU,Z01,19,0.07968247508
04/07/2020,FEU,Z02,19,0.0981126569
04/07/2020,FEU,Z03,19,0.0981126569
04/07/2020,FEU,Z01,2,0.0901222356
04/07/2020,FEU,Z02,2,0.04180900864
04/07/2020,FEU,Z03,2,0.0391763373
04/07/2020,FEU,Z01,20,0.08187070598
04/07/2020,FEU,Z02,20,0.1003174968
04/07/2020,FEU,Z03,20,0.1003174968
04/07/2020,FEU,Z01,21,0.08239305194
04/07/2020,FEU,Z02,21,0.10081027478
04/07/2020,FEU,Z03,21,0.10081027478
04/07/2020,FEU,Z01,22,0.08615733284
04/07/2020,FEU,Z02,22,0.10463665166
04/07/2020,FEU,Z03,22,0.10463665166
04/07/2020,FEU,Z01,23,0.0829949966
04/07/2020,FEU,Z02,23,0.10144834742
04/07/2020,FEU,Z03,23,0.10144834742
04/07/2020,FEU,Z01,24,0.08359422416
04/07/2020,FEU,Z02,24,0.03583469406
04/07/2020,FEU,Z03,24,0.03830658506
04/07/2020,FEU,Z01,3,0.0901114755
04/07/2020,FEU,Z02,3,0.04175474056
04/07/2020,FEU,Z03,3,0.03909318924
04/07/2020,FEU,Z01,4,0.08951455144
04/07/2020,FEU,Z02,4,0.04114246852
04/07/2020,FEU,Z03,4,0.0385002772
04/07/2020,FEU,Z01,5,0.08952658946
04/07/2020,FEU,Z02,5,0.04115740354
04/07/2020,FEU,Z03,5,0.03851398122
04/07/2020,FEU,Z01,6,0.0894536756
04/07/2020,FEU,Z02,6,0.04116894464
04/07/2020,FEU,Z03,6,0.0385543573
04/07/2020,FEU,Z01,7,0.09083114698
04/07/2020,FEU,Z02,7,0.04270537492
04/07/2020,FEU,Z03,7,0.04014055352
04/07/2020,FEU,Z01,8,0.08990985236
04/07/2020,FEU,Z02,8,0.04200594222
04/07/2020,FEU,Z03,8,0.04468630326
04/07/2020,FEU,Z01,9,0.08749424096
04/07/2020,FEU,Z02,9,0.03999046168
04/07/2020,FEU,Z03,9,0.04233903688
04/08/2020,FEU,Z01,1,0.09007852074
04/08/2020,FEU,Z02,1,0.04185234274
04/08/2020,FEU,Z03,1,0.04477478662
04/08/2020,FEU,Z01,10,0.08713630802
04/08/2020,FEU,Z02,10,0.03968548172
04/08/2020,FEU,Z03,10,0.04199104294
04/08/2020,FEU,Z01,11,0.08359050104
04/08/2020,FEU,Z02,11,0.03625051774
04/08/2020,FEU,Z03,11,0.03843660896
04/08/2020,FEU,Z01,12,0.08211428708
04/08/2020,FEU,Z02,12,0.03485328976
04/08/2020,FEU,Z03,12,0.036962677
04/08/2020,FEU,Z01,13,0.08215664904
04/08/2020,FEU,Z02,13,0.03486038074
04/08/2020,FEU,Z03,13,0.03699776096
04/08/2020,FEU,Z01,14,0.08203844716
04/08/2020,FEU,Z02,14,0.100454177
04/08/2020,FEU,Z03,14,0.100454177
04/08/2020,FEU,Z01,15,0.08227701908
04/08/2020,FEU,Z02,15,0.10069405692
04/08/2020,FEU,Z03,15,0.10069405692
04/08/2020,FEU,Z01,16,0.08221923296
04/08/2020,FEU,Z02,16,0.10066863278
04/08/2020,FEU,Z03,16,0.10066863278
04/08/2020,FEU,Z01,17,0.07993942496
04/08/2020,FEU,Z02,17,0.0983396968
04/08/2020,FEU,Z03,17,0.0983396968
04/08/2020,FEU,Z01,18,0.08266390496
04/08/2020,FEU,Z02,18,0.1010830968
04/08/2020,FEU,Z03,18,0.1010830968
04/08/2020,FEU,Z01,19,0.08395967486
04/08/2020,FEU,Z02,19,0.1023873817
04/08/2020,FEU,Z03,19,0.1023873817
04/08/2020,FEU,Z01,2,0.08899306352
04/08/2020,FEU,Z02,2,0.04068701058
04/08/2020,FEU,Z03,2,0.03808719724
04/08/2020,FEU,Z01,20,0.08481638978
04/08/2020,FEU,Z02,20,0.1032848966
04/08/2020,FEU,Z03,20,0.1032848966
04/08/2020,FEU,Z01,21,0.08525241276
04/08/2020,FEU,Z02,21,0.10372416758
04/08/2020,FEU,Z03,21,0.10372416758
04/08/2020,FEU,Z01,22,0.0884344467
04/08/2020,FEU,Z02,22,0.10693039052
04/08/2020,FEU,Z03,22,0.10693039052
04/08/2020,FEU,Z01,23,0.08567736848
04/08/2020,FEU,Z02,23,0.10418613628
04/08/2020,FEU,Z03,23,0.10418613628
04/08/2020,FEU,Z01,24,0.08562992204
04/08/2020,FEU,Z02,24,0.03774726496
04/08/2020,FEU,Z03,24,0.04035949592
04/08/2020,FEU,Z01,3,0.08904069746
04/08/2020,FEU,Z02,3,0.04072569852
04/08/2020,FEU,Z03,3,0.0380955772
04/08/2020,FEU,Z01,4,0.08946420344
04/08/2020,FEU,Z02,4,0.04109550852
04/08/2020,FEU,Z03,4,0.0384535372
04/08/2020,FEU,Z01,5,0.08928977846
04/08/2020,FEU,Z02,5,0.04093101454
04/08/2020,FEU,Z03,5,0.03829415422
04/08/2020,FEU,Z01,6,0.08997417556
04/08/2020,FEU,Z02,6,0.04163014962
04/08/2020,FEU,Z03,6,0.03900218528
04/08/2020,FEU,Z01,7,0.09076791788
04/08/2020,FEU,Z02,7,0.04259906884
04/08/2020,FEU,Z03,7,0.04000527446
04/08/2020,FEU,Z01,8,0.08904727222
04/08/2020,FEU,Z02,8,0.04108924112
04/08/2020,FEU,Z03,8,0.04379377412
04/08/2020,FEU,Z01,9,0.08727364484
04/08/2020,FEU,Z02,9,0.0396935376
04/08/2020,FEU,Z03,9,0.04209531476
04/09/2020,FEU,Z01,1,0.08876739348
04/09/2020,FEU,Z02,1,0.04046650654
04/09/2020,FEU,Z03,1,0.04340684736
04/09/2020,FEU,Z01,10,0.08789464802
04/09/2020,FEU,Z02,10,0.04041960772
04/09/2020,FEU,Z03,10,0.04275202294
04/09/2020,FEU,Z01,11,0.08851281002
04/09/2020,FEU,Z02,11,0.04102005372
04/09/2020,FEU,Z03,11,0.04337233694
04/09/2020,FEU,Z01,12,0.085270577
04/09/2020,FEU,Z02,12,0.03784181172
04/09/2020,FEU,Z03,12,0.04011509492
04/09/2020,FEU,Z01,13,0.08507155502
04/09/2020,FEU,Z02,13,0.03768362372
04/09/2020,FEU,Z03,13,0.03991910194
04/09/2020,FEU,Z01,14,0.0855091821
04/09/2020,FEU,Z02,14,0.10395004594
04/09/2020,FEU,Z03,14,0.10395004594
04/09/2020,FEU,Z01,15,0.08556464096
04/09/2020,FEU,Z02,15,0.1040039768
04/09/2020,FEU,Z03,15,0.1040039768
04/09/2020,FEU,Z01,16,0.08351307286
04/09/2020,FEU,Z02,16,0.10197196268
04/09/2020,FEU,Z03,16,0.10197196268
04/09/2020,FEU,Z01,17,0.0788248169
04/09/2020,FEU,Z02,17,0.09724742072
04/09/2020,FEU,Z03,17,0.09724742072
04/09/2020,FEU,Z01,18,0.08191340394
04/09/2020,FEU,Z02,18,0.10036030076
04/09/2020,FEU,Z03,18,0.10036030076
04/09/2020,FEU,Z01,19,0.08386449284
04/09/2020,FEU,Z02,19,0.10232599166
04/09/2020,FEU,Z03,19,0.10232599166
04/09/2020,FEU,Z01,2,0.08826712328
04/09/2020,FEU,Z02,2,0.03990068638
04/09/2020,FEU,Z03,2,0.0372351471
04/09/2020,FEU,Z01,20,0.0845549967
04/09/2020,FEU,Z02,20,0.1030559015
04/09/2020,FEU,Z03,20,0.1030559015
04/09/2020,FEU,Z01,21,0.08509736064
04/09/2020,FEU,Z02,21,0.10356831546
04/09/2020,FEU,Z03,21,0.10356831546
04/09/2020,FEU,Z01,22,0.08698950652
04/09/2020,FEU,Z02,22,0.10550976832
04/09/2020,FEU,Z03,22,0.10550976832
04/09/2020,FEU,Z01,23,0.08548888626
04/09/2020,FEU,Z02,23,0.10402943004
04/09/2020,FEU,Z03,23,0.10402943004
04/09/2020,FEU,Z01,24,0.08363028776
04/09/2020,FEU,Z02,24,0.03567244276
04/09/2020,FEU,Z03,24,0.03829719764
04/09/2020,FEU,Z01,3,0.08949225118
04/09/2020,FEU,Z02,3,0.04099334432
04/09/2020,FEU,Z03,3,0.03829814904
04/09/2020,FEU,Z01,4,0.09158315516
04/09/2020,FEU,Z02,4,0.0429872713
04/09/2020,FEU,Z03,4,0.04023233302
04/09/2020,FEU,Z01,5,0.08846671114
04/09/2020,FEU,Z02,5,0.04001161028
04/09/2020,FEU,Z03,5,0.03731617102
04/09/2020,FEU,Z01,6,0.08679625026
04/09/2020,FEU,Z02,6,0.03846104738
04/09/2020,FEU,Z03,6,0.0358405371
04/09/2020,FEU,Z01,7,0.08965007968
04/09/2020,FEU,Z02,7,0.0414009167
04/09/2020,FEU,Z03,7,0.03877628136
04/09/2020,FEU,Z01,8,0.08965198408
04/09/2020,FEU,Z02,8,0.041619727
04/09/2020,FEU,Z03,8,0.04440927796
04/09/2020,FEU,Z01,9,0.0891382168
04/09/2020,FEU,Z02,9,0.04149170956
04/09/2020,FEU,Z03,9,0.04395886472
04/10/2020,FEU,Z01,1,0.08798397948
04/10/2020,FEU,Z02,1,0.03971695954
04/10/2020,FEU,Z03,1,0.04261959936
04/10/2020,FEU,Z01,10,0.08677720472
04/10/2020,FEU,Z02,10,0.03919732148
04/10/2020,FEU,Z03,10,0.04160794662
04/10/2020,FEU,Z01,11,0.08617243778
04/10/2020,FEU,Z02,11,0.03861926854
04/10/2020,FEU,Z03,11,0.04101184068
04/10/2020,FEU,Z01,12,0.0895036168
04/10/2020,FEU,Z02,12,0.04184513956
04/10/2020,FEU,Z03,12,0.04432552472
04/10/2020,FEU,Z01,13,0.08939371382
04/10/2020,FEU,Z02,13,0.04174143758
04/10/2020,FEU,Z03,13,0.04421897474
04/10/2020,FEU,Z01,14,0.08887433696
04/10/2020,FEU,Z02,14,0.10737572978
04/10/2020,FEU,Z03,14,0.10737572978
04/10/2020,FEU,Z01,15,0.08870175288
04/10/2020,FEU,Z02,15,0.1072011617
04/10/2020,FEU,Z03,15,0.1072011617
04/10/2020,FEU,Z01,16,0.08391959876
04/10/2020,FEU,Z02,16,0.10241550456
04/10/2020,FEU,Z03,16,0.10241550456
04/10/2020,FEU,Z01,17,0.08232649676
04/10/2020,FEU,Z02,17,0.10077676058
04/10/2020,FEU,Z03,17,0.10077676058
04/10/2020,FEU,Z01,18,0.08296575578
04/10/2020,FEU,Z02,18,0.1014199166
04/10/2020,FEU,Z03,18,0.1014199166
04/10/2020,FEU,Z01,19,0.08443773774
04/10/2020,FEU,Z02,19,0.10290305656
04/10/2020,FEU,Z03,19,0.10290305656
04/10/2020,FEU,Z01,2,0.0862750903
04/10/2020,FEU,Z02,2,0.03796933042
04/10/2020,FEU,Z03,2,0.03539130512
04/10/2020,FEU,Z01,20,0.08577363264
04/10/2020,FEU,Z02,20,0.10424862146
04/10/2020,FEU,Z03,20,0.10424862146
04/10/2020,FEU,Z01,21,0.08454887656
04/10/2020,FEU,Z02,21,0.10304865236
04/10/2020,FEU,Z03,21,0.10304865236
04/10/2020,FEU,Z01,22,0.08732645246
04/10/2020,FEU,Z02,22,0.10584907326
04/10/2020,FEU,Z03,22,0.10584907326
04/10/2020,FEU,Z01,23,0.08559864828
04/10/2020,FEU,Z02,23,0.10414039106
04/10/2020,FEU,Z03,23,0.10414039106
04/10/2020,FEU,Z01,24,0.0847716409
04/10/2020,FEU,Z02,24,0.03684398686
04/10/2020,FEU,Z03,24,0.03947055178
04/10/2020,FEU,Z01,3,0.0861435752
04/10/2020,FEU,Z02,3,0.03780198234
04/10/2020,FEU,Z03,3,0.03520307006
04/10/2020,FEU,Z01,4,0.08835069512
04/10/2020,FEU,Z02,4,0.03986691828
04/10/2020,FEU,Z03,4,0.037207577
04/10/2020,FEU,Z01,5,0.08919785912
04/10/2020,FEU,Z02,5,0.04067339828
04/10/2020,FEU,Z03,5,0.037989577
04/10/2020,FEU,Z01,6,0.08916816924
04/10/2020,FEU,Z02,6,0.04072453636
04/10/2020,FEU,Z03,6,0.03803471308
04/10/2020,FEU,Z01,7,0.08815355662
04/10/2020,FEU,Z02,7,0.03996006464
04/10/2020,FEU,Z03,7,0.0373784973
04/10/2020,FEU,Z01,8,0.08814796784
04/10/2020,FEU,Z02,8,0.04004589582
04/10/2020,FEU,Z03,8,0.04285235372
04/10/2020,FEU,Z01,9,0.08755361346
04/10/2020,FEU,Z02,9,0.0397800723
04/10/2020,FEU,Z03,9,0.04233886436
04/11/2020,FEU,Z01,1,0.09021162148
04/11/2020,FEU,Z02,1,0.04184830054
04/11/2020,FEU,Z03,1,0.04489221734
04/11/2020,FEU,Z01,10,0.08749722438
04/11/2020,FEU,Z02,10,0.03968362724
04/11/2020,FEU,Z03,10,0.04226722228
04/11/2020,FEU,Z01,11,0.08760237444
04/11/2020,FEU,Z02,11,0.03982566528
04/11/2020,FEU,Z03,11,0.04238407834
04/11/2020,FEU,Z01,12,0.08711091248
04/11/2020,FEU,Z02,12,0.03935574532
04/11/2020,FEU,Z03,12,0.04189803538
04/11/2020,FEU,Z01,13,0.08671769644
04/11/2020,FEU,Z02,13,0.03897139328
04/11/2020,FEU,Z03,13,0.04149564534
04/11/2020,FEU,Z01,14,0.08716190762
04/11/2020,FEU,Z02,14,0.10568567342
04/11/2020,FEU,Z03,14,0.10568567342
04/11/2020,FEU,Z01,15,0.08720228456
04/11/2020,FEU,Z02,15,0.10572470036
04/11/2020,FEU,Z03,15,0.10572470036
04/11/2020,FEU,Z01,16,0.08229373838
04/11/2020,FEU,Z02,16,0.10077307118
04/11/2020,FEU,Z03,16,0.10077307118
04/11/2020,FEU,Z01,17,0.0790989364
04/11/2020,FEU,Z02,17,0.09758119118
04/11/2020,FEU,Z03,17,0.09758119118
04/11/2020,FEU,Z01,18,0.07907530448
04/11/2020,FEU,Z02,18,0.09752793228
04/11/2020,FEU,Z03,18,0.09752793228
04/11/2020,FEU,Z01,19,0.0805013265
04/11/2020,FEU,Z02,19,0.09899738628
04/11/2020,FEU,Z03,19,0.09899738628
04/11/2020,FEU,Z01,2,0.08825847132
04/11/2020,FEU,Z02,2,0.03989581642
04/11/2020,FEU,Z03,2,0.03726174512
04/11/2020,FEU,Z01,20,0.08220535442
04/11/2020,FEU,Z02,20,0.10068420122
04/11/2020,FEU,Z03,20,0.10068420122
04/11/2020,FEU,Z01,21,0.08503764836
04/11/2020,FEU,Z02,21,0.10357609614
04/11/2020,FEU,Z03,21,0.10357609614
04/11/2020,FEU,Z01,22,0.08879404436
04/11/2020,FEU,Z02,22,0.10736625714
04/11/2020,FEU,Z03,22,0.10736625714
04/11/2020,FEU,Z01,23,0.08544757418
04/11/2020,FEU,Z02,23,0.10398701796
04/11/2020,FEU,Z03,23,0.10398701796
04/11/2020,FEU,Z01,24,0.0852215507
04/11/2020,FEU,Z02,24,0.03715942072
04/11/2020,FEU,Z03,24,0.03988504358
04/11/2020,FEU,Z01,3,0.08520514022
04/11/2020,FEU,Z02,3,0.03693720934
04/11/2020,FEU,Z03,3,0.03436461306
04/11/2020,FEU,Z01,4,0.08718647318
04/11/2020,FEU,Z02,4,0.03879347232
04/11/2020,FEU,Z03,4,0.03616516504
04/11/2020,FEU,Z01,5,0.08729701316
04/11/2020,FEU,Z02,5,0.0388966513
04/11/2020,FEU,Z03,5,0.03626598502
04/11/2020,FEU,Z01,6,0.08729285522
04/11/2020,FEU,Z02,6,0.03893174734
04/11/2020,FEU,Z03,6,0.03629730806
04/11/2020,FEU,Z01,7,0.08709566534
04/11/2020,FEU,Z02,7,0.03878834244
04/11/2020,FEU,Z03,7,0.03618524614
04/11/2020,FEU,Z01,8,0.08953885946
04/11/2020,FEU,Z02,8,0.04116913354
04/11/2020,FEU,Z03,8,0.04417831034
04/11/2020,FEU,Z01,9,0.08504207012
04/11/2020,FEU,Z02,9,0.03719224104
04/11/2020,FEU,Z03,9,0.039783776
04/12/2020,FEU,Z01,1,0.09060108434
04/12/2020,FEU,Z02,1,0.04213621844
04/12/2020,FEU,Z03,1,0.0452572152
04/12/2020,FEU,Z01,10,0.08321750408
04/12/2020,FEU,Z02,10,0.035431577
04/12/2020,FEU,Z03,10,0.03794251796
04/12/2020,FEU,Z01,11,0.07928201522
04/12/2020,FEU,Z02,11,0.0317193371
04/12/2020,FEU,Z03,11,0.0340135061
04/12/2020,FEU,Z01,12,0.07801790826
04/12/2020,FEU,Z02,12,0.03050651314
04/12/2020,FEU,Z03,12,0.03272546416
04/12/2020,FEU,Z01,13,0.07711652918
04/12/2020,FEU,Z02,13,0.02960323108
04/12/2020,FEU,Z03,13,0.03180543208
04/12/2020,FEU,Z01,14,0.07817081642
04/12/2020,FEU,Z02,14,0.09661663222
04/12/2020,FEU,Z03,14,0.09661663222
04/12/2020,FEU,Z01,15,0.07847400236
04/12/2020,FEU,Z02,15,0.09695017414
04/12/2020,FEU,Z03,15,0.09695017414
04/12/2020,FEU,Z01,16,0.07705421012
04/12/2020,FEU,Z02,16,0.0955157959
04/12/2020,FEU,Z03,16,0.0955157959
04/12/2020,FEU,Z01,17,0.07534902008
04/12/2020,FEU,Z02,17,0.09382103184
04/12/2020,FEU,Z03,17,0.09382103184
04/12/2020,FEU,Z01,18,0.07518679412
04/12/2020,FEU,Z02,18,0.0936323809
04/12/2020,FEU,Z03,18,0.0936323809
04/12/2020,FEU,Z01,19,0.07598211216
04/12/2020,FEU,Z02,19,0.09443402894
04/12/2020,FEU,Z03,19,0.09443402894
04/12/2020,FEU,Z01,2,0.08602690312
04/12/2020,FEU,Z02,2,0.03768134926
04/12/2020,FEU,Z03,2,0.035059377
04/12/2020,FEU,Z01,20,0.07856716718
04/12/2020,FEU,Z02,20,0.09704306396
04/12/2020,FEU,Z03,20,0.09704306396
04/12/2020,FEU,Z01,21,0.08438181228
04/12/2020,FEU,Z02,21,0.10291346606
04/12/2020,FEU,Z03,21,0.10291346606
04/12/2020,FEU,Z01,22,0.08696851442
04/12/2020,FEU,Z02,22,0.10548776122
04/12/2020,FEU,Z03,22,0.10548776122
04/12/2020,FEU,Z01,23,0.0853467413
04/12/2020,FEU,Z02,23,0.1038513161
04/12/2020,FEU,Z03,23,0.1038513161
04/12/2020,FEU,Z01,24,0.08468364788
04/12/2020,FEU,Z02,24,0.03672597286
04/12/2020,FEU,Z03,24,0.03934824078
04/12/2020,FEU,Z01,3,0.08555266898
04/12/2020,FEU,Z02,3,0.03715368816
04/12/2020,FEU,Z03,3,0.03452161492
04/12/2020,FEU,Z01,4,0.08665795892
04/12/2020,FEU,Z02,4,0.03816989812
04/12/2020,FEU,Z03,4,0.03550702088
04/12/2020,FEU,Z01,5,0.0870107249
04/12/2020,FEU,Z02,5,0.0385023461
04/12/2020,FEU,Z03,5,0.03583084786
04/12/2020,FEU,Z01,6,0.08714200292
04/12/2020,FEU,Z02,6,0.03862958812
04/12/2020,FEU,Z03,6,0.03595323688
04/12/2020,FEU,Z01,7,0.08770575402
04/12/2020,FEU,Z02,7,0.0392085062
04/12/2020,FEU,Z03,7,0.03654134894
04/12/2020,FEU,Z01,8,0.0876032201
04/12/2020,FEU,Z02,8,0.03915204226
04/12/2020,FEU,Z03,8,0.04219678296
04/12/2020,FEU,Z01,9,0.0847148957
04/12/2020,FEU,Z02,9,0.03667519672
04/12/2020,FEU,Z03,9,0.03937588658
04/13/2020,FEU,Z01,1,0.0843907255
04/13/2020,FEU,Z02,1,0.03628150056
04/13/2020,FEU,Z03,1,0.03904187136
04/13/2020,FEU,Z01,10,0.08733393602
04/13/2020,FEU,Z02,10,0.03987708972
04/13/2020,FEU,Z03,10,0.04218935894
04/13/2020,FEU,Z01,11,0.08671143506
04/13/2020,FEU,Z02,11,0.03927904976
04/13/2020,FEU,Z03,11,0.04157214398
04/13/2020,FEU,Z01,12,0.08640720308
04/13/2020,FEU,Z02,12,0.03901884176
04/13/2020,FEU,Z03,12,0.041270577
04/13/2020,FEU,Z01,13,0.08575512908
04/13/2020,FEU,Z02,13,0.03838722576
04/13/2020,FEU,Z03,13,0.040616227
04/13/2020,FEU,Z01,14,0.0861385772
04/13/2020,FEU,Z02,14,0.10458326104
04/13/2020,FEU,Z03,14,0.10458326104
04/13/2020,FEU,Z01,15,0.08496123614
04/13/2020,FEU,Z02,15,0.10343328896
04/13/2020,FEU,Z03,15,0.10343328896
04/13/2020,FEU,Z01,16,0.08328742904
04/13/2020,FEU,Z02,16,0.10174567086
04/13/2020,FEU,Z03,16,0.10174567086
04/13/2020,FEU,Z01,17,0.07976766104
04/13/2020,FEU,Z02,17,0.09816703288
04/13/2020,FEU,Z03,17,0.09816703288
04/13/2020,FEU,Z01,18,0.07786721108
04/13/2020,FEU,Z02,18,0.09625346492
04/13/2020,FEU,Z03,18,0.09625346492
04/13/2020,FEU,Z01,19,0.08374101302
04/13/2020,FEU,Z02,19,0.10216913286
04/13/2020,FEU,Z03,19,0.10216913286
04/13/2020,FEU,Z01,2,0.08151836332
04/13/2020,FEU,Z02,2,0.03345611842
04/13/2020,FEU,Z03,2,0.03101321712
04/13/2020,FEU,Z01,20,0.08474556896
04/13/2020,FEU,Z02,20,0.10321470578
04/13/2020,FEU,Z03,20,0.10321470578
04/13/2020,FEU,Z01,21,0.08405462092
04/13/2020,FEU,Z02,21,0.10251810374
04/13/2020,FEU,Z03,21,0.10251810374
04/13/2020,FEU,Z01,22,0.08777969084
04/13/2020,FEU,Z02,22,0.10627161866
04/13/2020,FEU,Z03,22,0.10627161866
04/13/2020,FEU,Z01,23,0.08497939264
04/13/2020,FEU,Z02,23,0.10348346644
04/13/2020,FEU,Z03,23,0.10348346644
04/13/2020,FEU,Z01,24,0.0839990762
04/13/2020,FEU,Z02,24,0.0362294921
04/13/2020,FEU,Z03,24,0.0387206111
04/13/2020,FEU,Z01,3,0.0813464054
04/13/2020,FEU,Z02,3,0.03332958448
04/13/2020,FEU,Z03,3,0.03088743118
04/13/2020,FEU,Z01,4,0.08143952738
04/13/2020,FEU,Z02,4,0.03341606946
04/13/2020,FEU,Z03,4,0.03097196716
04/13/2020,FEU,Z01,5,0.0836317454
04/13/2020,FEU,Z02,5,0.03551459248
04/13/2020,FEU,Z03,5,0.03300740918
04/13/2020,FEU,Z01,6,0.08410886336
04/13/2020,FEU,Z02,6,0.03596585444
04/13/2020,FEU,Z03,6,0.03344661814
04/13/2020,FEU,Z01,7,0.08676815576
04/13/2020,FEU,Z02,7,0.03868086076
04/13/2020,FEU,Z03,7,0.0361623174
04/13/2020,FEU,Z01,8,0.08826821208
04/13/2020,FEU,Z02,8,0.04025606902
04/13/2020,FEU,Z03,8,0.04298516998
04/13/2020,FEU,Z01,9,0.08592521474
04/13/2020,FEU,Z02,9,0.03834370952
04/13/2020,FEU,Z03,9,0.04072361966
04/14/2020,FEU,Z01,1,0.08919122078
04/14/2020,FEU,Z02,1,0.04100630878
04/14/2020,FEU,Z03,1,0.04388944166
04/14/2020,FEU,Z01,10,0.08332548116
04/14/2020,FEU,Z02,10,0.03607163882
04/14/2020,FEU,Z03,10,0.03819296708
04/14/2020,FEU,Z01,11,0.0827710172
04/14/2020,FEU,Z02,11,0.03553899886
04/14/2020,FEU,Z03,11,0.03764399312
04/14/2020,FEU,Z01,12,0.08316441818
04/14/2020,FEU,Z02,12,0.03591701384
04/14/2020,FEU,Z03,12,0.0380350571
04/14/2020,FEU,Z01,13,0.08289723116
04/14/2020,FEU,Z02,13,0.03562450184
04/14/2020,FEU,Z03,13,0.03776321708
04/14/2020,FEU,Z01,14,0.08269300928
04/14/2020,FEU,Z02,14,0.10107971714
04/14/2020,FEU,Z03,14,0.10107971714
04/14/2020,FEU,Z01,15,0.0820767572
04/14/2020,FEU,Z02,15,0.10049293704
04/14/2020,FEU,Z03,15,0.10049293704
04/14/2020,FEU,Z01,16,0.07512139508
04/14/2020,FEU,Z02,16,0.09348848092
04/14/2020,FEU,Z03,16,0.09348848092
04/14/2020,FEU,Z01,17,0.07367373712
04/14/2020,FEU,Z02,17,0.09205685094
04/14/2020,FEU,Z03,17,0.09205685094
04/14/2020,FEU,Z01,18,0.07375183514
04/14/2020,FEU,Z02,18,0.09213562496
04/14/2020,FEU,Z03,18,0.09213562496
04/14/2020,FEU,Z01,19,0.07552822508
04/14/2020,FEU,Z02,19,0.0939257819
04/14/2020,FEU,Z03,19,0.0939257819
04/14/2020,FEU,Z01,2,0.0888461156
04/14/2020,FEU,Z02,2,0.04058844864
04/14/2020,FEU,Z03,2,0.0379891273
04/14/2020,FEU,Z01,20,0.08086588298
04/14/2020,FEU,Z02,20,0.0993048168
04/14/2020,FEU,Z03,20,0.0993048168
04/14/2020,FEU,Z01,21,0.08151561894
04/14/2020,FEU,Z02,21,0.09992675378
04/14/2020,FEU,Z03,21,0.09992675378
04/14/2020,FEU,Z01,22,0.08500512284
04/14/2020,FEU,Z02,22,0.10347548666
04/14/2020,FEU,Z03,22,0.10347548666
04/14/2020,FEU,Z01,23,0.0822461966
04/14/2020,FEU,Z02,23,0.10069378742
04/14/2020,FEU,Z03,23,0.10069378742
04/14/2020,FEU,Z01,24,0.07875351216
04/14/2020,FEU,Z02,24,0.03117672706
04/14/2020,FEU,Z03,24,0.03344556806
04/14/2020,FEU,Z01,3,0.0830101505
04/14/2020,FEU,Z02,3,0.03496065656
04/14/2020,FEU,Z03,3,0.03249620324
04/14/2020,FEU,Z01,4,0.08223373944
04/14/2020,FEU,Z02,4,0.03418182252
04/14/2020,FEU,Z03,4,0.0317412172
04/14/2020,FEU,Z01,5,0.08114372546
04/14/2020,FEU,Z02,5,0.03314229454
04/14/2020,FEU,Z03,5,0.03073119422
04/14/2020,FEU,Z01,6,0.0814638956
04/14/2020,FEU,Z02,6,0.03352088064
04/14/2020,FEU,Z03,6,0.0311223773
04/14/2020,FEU,Z01,7,0.08785506898
04/14/2020,FEU,Z02,7,0.03984691692
04/14/2020,FEU,Z03,7,0.03735640552
04/14/2020,FEU,Z01,8,0.07987821836
04/14/2020,FEU,Z02,8,0.03233924922
04/14/2020,FEU,Z03,8,0.03461223426
04/14/2020,FEU,Z01,9,0.08083913696
04/14/2020,FEU,Z02,9,0.03354332968
04/14/2020,FEU,Z03,9,0.03566082488
04/15/2020,FEU,Z01,1,0.08324447874
04/15/2020,FEU,Z02,1,0.03530000074
04/15/2020,FEU,Z03,1,0.03790572162
04/15/2020,FEU,Z01,10,0.07650920702
04/15/2020,FEU,Z02,10,0.02938209572
04/15/2020,FEU,Z03,10,0.03132694594
04/15/2020,FEU,Z01,11,0.07846238504
04/15/2020,FEU,Z02,11,0.03127874674
04/15/2020,FEU,Z03,11,0.03329062496
04/15/2020,FEU,Z01,12,0.07702948508
04/15/2020,FEU,Z02,12,0.02992045776
04/15/2020,FEU,Z03,12,0.031860127
04/15/2020,FEU,Z01,13,0.07452244904
04/15/2020,FEU,Z02,13,0.02745893074
04/15/2020,FEU,Z03,13,0.02933811296
04/15/2020,FEU,Z01,14,0.07436306516
04/15/2020,FEU,Z02,14,0.092726177
04/15/2020,FEU,Z03,14,0.092726177
04/15/2020,FEU,Z01,15,0.07434211508
04/15/2020,FEU,Z02,15,0.09270376092
04/15/2020,FEU,Z03,15,0.09270376092
04/15/2020,FEU,Z01,16,0.07257123296
04/15/2020,FEU,Z02,16,0.09094525778
04/15/2020,FEU,Z03,16,0.09094525778
04/15/2020,FEU,Z01,17,0.07167036896
04/15/2020,FEU,Z02,17,0.0900132168
04/15/2020,FEU,Z03,17,0.0900132168
04/15/2020,FEU,Z01,18,0.07251248096
04/15/2020,FEU,Z02,18,0.0908611768
04/15/2020,FEU,Z03,18,0.0908611768
04/15/2020,FEU,Z01,19,0.07489110886
04/15/2020,FEU,Z02,19,0.0932561117
04/15/2020,FEU,Z03,19,0.0932561117
04/15/2020,FEU,Z01,2,0.08104073552
04/15/2020,FEU,Z02,2,0.03307785258
04/15/2020,FEU,Z03,2,0.03069361124
04/15/2020,FEU,Z01,20,0.07701330878
04/15/2020,FEU,Z02,20,0.0954213266
04/15/2020,FEU,Z03,20,0.0954213266
04/15/2020,FEU,Z01,21,0.07994439676
04/15/2020,FEU,Z02,21,0.09837503958
04/15/2020,FEU,Z03,21,0.09837503958
04/15/2020,FEU,Z01,22,0.0855836917
04/15/2020,FEU,Z02,22,0.10405761252
04/15/2020,FEU,Z03,22,0.10405761252
04/15/2020,FEU,Z01,23,0.08137908848
04/15/2020,FEU,Z02,23,0.09985249228
04/15/2020,FEU,Z03,23,0.09985249228
04/15/2020,FEU,Z01,24,0.07811367004
04/15/2020,FEU,Z02,24,0.03051961696
04/15/2020,FEU,Z03,24,0.03280559992
04/15/2020,FEU,Z01,3,0.08033390546
04/15/2020,FEU,Z02,3,0.03239499452
04/15/2020,FEU,Z03,3,0.0300049972
04/15/2020,FEU,Z01,4,0.07884200344
04/15/2020,FEU,Z02,4,0.03094040852
04/15/2020,FEU,Z03,4,0.0285936772
04/15/2020,FEU,Z01,5,0.07787990546
04/15/2020,FEU,Z02,5,0.03002328754
04/15/2020,FEU,Z03,5,0.02770145422
04/15/2020,FEU,Z01,6,0.07771751556
04/15/2020,FEU,Z02,6,0.02990391062
04/15/2020,FEU,Z03,6,0.02760810528
04/15/2020,FEU,Z01,7,0.07721488988
04/15/2020,FEU,Z02,7,0.02958546484
04/15/2020,FEU,Z03,7,0.02733892146
04/15/2020,FEU,Z01,8,0.07720602122
04/15/2020,FEU,Z02,8,0.02969500112
04/15/2020,FEU,Z03,8,0.03190272812
04/15/2020,FEU,Z01,9,0.07876234484
04/15/2020,FEU,Z02,9,0.0314615376
04/15/2020,FEU,Z03,9,0.03355461476
04/16/2020,FEU,Z01,1,0.07497734548
04/16/2020,FEU,Z02,1,0.02727142954
04/16/2020,FEU,Z03,1,0.02954931136
04/16/2020,FEU,Z01,10,0.07155127202
04/16/2020,FEU,Z02,10,0.02457518572
04/16/2020,FEU,Z03,10,0.02635175094
04/16/2020,FEU,Z01,11,0.06836739302
04/16/2020,FEU,Z02,11,0.02148829172
04/16/2020,FEU,Z03,11,0.02315678794
04/16/2020,FEU,Z01,12,0.069521327
04/16/2020,FEU,Z02,12,0.02258446772
04/16/2020,FEU,Z03,12,0.02431106492
04/16/2020,FEU,Z01,13,0.07178451902
04/16/2020,FEU,Z02,13,0.02480132772
04/16/2020,FEU,Z03,13,0.02658580994
04/16/2020,FEU,Z01,14,0.0684097521
04/16/2020,FEU,Z02,14,0.08673114394
04/16/2020,FEU,Z03,14,0.08673114394
04/16/2020,FEU,Z01,15,0.06879267296
04/16/2020,FEU,Z02,15,0.0871166968
04/16/2020,FEU,Z03,15,0.0871166968
04/16/2020,FEU,Z01,16,0.06911189386
04/16/2020,FEU,Z02,16,0.08745876068
04/16/2020,FEU,Z03,16,0.08745876068
04/16/2020,FEU,Z01,17,0.0684009419
04/16/2020,FEU,Z02,17,0.08674232072
04/16/2020,FEU,Z03,17,0.08674232072
04/16/2020,FEU,Z01,18,0.06700050194
04/16/2020,FEU,Z02,18,0.08533099276
04/16/2020,FEU,Z03,18,0.08533099276
04/16/2020,FEU,Z01,19,0.07032168284
04/16/2020,FEU,Z02,19,0.08867792666
04/16/2020,FEU,Z03,19,0.08867792666
04/16/2020,FEU,Z01,2,0.07339680728
04/16/2020,FEU,Z02,2,0.02569207538
04/16/2020,FEU,Z03,2,0.0234607971
04/16/2020,FEU,Z01,20,0.0718634867
04/16/2020,FEU,Z02,20,0.0902566265
04/16/2020,FEU,Z03,20,0.0902566265
04/16/2020,FEU,Z01,21,0.07095171264
04/16/2020,FEU,Z02,21,0.08931249146
04/16/2020,FEU,Z03,21,0.08931249146
04/16/2020,FEU,Z01,22,0.07696589452
04/16/2020,FEU,Z02,22,0.09540077632
04/16/2020,FEU,Z03,22,0.09540077632
04/16/2020,FEU,Z01,23,0.07530561326
04/16/2020,FEU,Z02,23,0.09375178804
04/16/2020,FEU,Z03,23,0.09375178804
04/16/2020,FEU,Z01,24,0.07339252376
04/16/2020,FEU,Z02,24,0.02585702876
04/16/2020,FEU,Z03,24,0.02800875164
04/16/2020,FEU,Z01,3,0.07273502818
04/16/2020,FEU,Z02,3,0.02500697632
04/16/2020,FEU,Z03,3,0.02279670504
04/16/2020,FEU,Z01,4,0.07135842716
04/16/2020,FEU,Z02,4,0.0236907313
04/16/2020,FEU,Z03,4,0.02152086802
04/16/2020,FEU,Z01,5,0.07008025514
04/16/2020,FEU,Z02,5,0.02246829828
04/16/2020,FEU,Z03,5,0.02032016302
04/16/2020,FEU,Z01,6,0.07085874226
04/16/2020,FEU,Z02,6,0.02324622438
04/16/2020,FEU,Z03,6,0.0210895021
04/16/2020,FEU,Z01,7,0.07188553568
04/16/2020,FEU,Z02,7,0.0243802667
04/16/2020,FEU,Z03,7,0.02223889336
04/16/2020,FEU,Z01,8,0.07247144408
04/16/2020,FEU,Z02,8,0.025098827
04/16/2020,FEU,Z03,8,0.02714254796
04/16/2020,FEU,Z01,9,0.0742530968
04/16/2020,FEU,Z02,9,0.02709420556
04/16/2020,FEU,Z03,9,0.02902241672
04/17/2020,FEU,Z01,1,0.07495159948
04/17/2020,FEU,Z02,1,0.02724796954
04/17/2020,FEU,Z03,1,0.02952343936
04/17/2020,FEU,Z01,10,0.07220625272
04/17/2020,FEU,Z02,10,0.02510205348
04/17/2020,FEU,Z03,10,0.02697440462
04/17/2020,FEU,Z01,11,0.07166225978
04/17/2020,FEU,Z02,11,0.02458513754
04/17/2020,FEU,Z03,11,0.02643917268
04/17/2020,FEU,Z01,12,0.0720154568
04/17/2020,FEU,Z02,12,0.02492986756
04/17/2020,FEU,Z03,12,0.02677706072
04/17/2020,FEU,Z01,13,0.07256735182
04/17/2020,FEU,Z02,13,0.02546675958
04/17/2020,FEU,Z03,13,0.02733454074
04/17/2020,FEU,Z01,14,0.07188118496
04/17/2020,FEU,Z02,14,0.09024981878
04/17/2020,FEU,Z03,14,0.09024981878
04/17/2020,FEU,Z01,15,0.07033406888
04/17/2020,FEU,Z02,15,0.0886916417
04/17/2020,FEU,Z03,15,0.0886916417
04/17/2020,FEU,Z01,16,0.06881940876
04/17/2020,FEU,Z02,16,0.08718536456
04/17/2020,FEU,Z03,16,0.08718536456
04/17/2020,FEU,Z01,17,0.06818263276
04/17/2020,FEU,Z02,17,0.08652217758
04/17/2020,FEU,Z03,17,0.08652217758
04/17/2020,FEU,Z01,18,0.06866804078
04/17/2020,FEU,Z02,18,0.0870125366
04/17/2020,FEU,Z03,18,0.0870125366
04/17/2020,FEU,Z01,19,0.06937223574
04/17/2020,FEU,Z02,19,0.08772096856
04/17/2020,FEU,Z03,19,0.08772096856
04/17/2020,FEU,Z01,2,0.0733866303
04/17/2020,FEU,Z02,2,0.02566410742
04/17/2020,FEU,Z03,2,0.02345252112
04/17/2020,FEU,Z01,20,0.07130678464
04/17/2020,FEU,Z02,20,0.08967029946
04/17/2020,FEU,Z03,20,0.08967029946
04/17/2020,FEU,Z01,21,0.07561237656
04/17/2020,FEU,Z02,21,0.09403590236
04/17/2020,FEU,Z03,21,0.09403590236
04/17/2020,FEU,Z01,22,0.08166272846
04/17/2020,FEU,Z02,22,0.10013722926
04/17/2020,FEU,Z03,22,0.10013722926
04/17/2020,FEU,Z01,23,0.07851822828
04/17/2020,FEU,Z02,23,0.09699430106
04/17/2020,FEU,Z03,23,0.09699430106
04/17/2020,FEU,Z01,24,0.0783489909
04/17/2020,FEU,Z02,24,0.03067717686
04/17/2020,FEU,Z03,24,0.03301592178
04/17/2020,FEU,Z01,3,0.0724849752
04/17/2020,FEU,Z02,3,0.02477123734
04/17/2020,FEU,Z03,3,0.02256886506
04/17/2020,FEU,Z01,4,0.06955883112
04/17/2020,FEU,Z02,4,0.02195120228
04/17/2020,FEU,Z03,4,0.019834527
04/17/2020,FEU,Z01,5,0.06892687912
04/17/2020,FEU,Z02,5,0.02134871428
04/17/2020,FEU,Z03,5,0.019251477
04/17/2020,FEU,Z01,6,0.06954834524
04/17/2020,FEU,Z02,6,0.02199220036
04/17/2020,FEU,Z03,6,0.01987405108
04/17/2020,FEU,Z01,7,0.07103757762
04/17/2020,FEU,Z02,7,0.02356017664
04/17/2020,FEU,Z03,7,0.0214430973
04/17/2020,FEU,Z01,8,0.07059814384
04/17/2020,FEU,Z02,8,0.02320794382
04/17/2020,FEU,Z03,8,0.02521536172
04/17/2020,FEU,Z01,9,0.07106384346
04/17/2020,FEU,Z02,9,0.0238787223
04/17/2020,FEU,Z03,9,0.02577904436
04/18/2020,FEU,Z01,1,0.08609226148
04/18/2020,FEU,Z02,1,0.03790584754
04/18/2020,FEU,Z03,1,0.04074933734
04/18/2020,FEU,Z01,10,0.08451165638
04/18/2020,FEU,Z02,10,0.03680676324
04/18/2020,FEU,Z03,10,0.03926901428
04/18/2020,FEU,Z01,11,0.07962495844
04/18/2020,FEU,Z02,11,0.03213267328
04/18/2020,FEU,Z03,11,0.03437280234
04/18/2020,FEU,Z01,12,0.08338534448
04/18/2020,FEU,Z02,12,0.03576436732
04/18/2020,FEU,Z03,12,0.03815662738
04/18/2020,FEU,Z01,13,0.08293749444
04/18/2020,FEU,Z02,13,0.03532710528
04/18/2020,FEU,Z03,13,0.03770058134
04/18/2020,FEU,Z01,14,0.08431422362
04/18/2020,FEU,Z02,14,0.10281245042
04/18/2020,FEU,Z03,14,0.10281245042
04/18/2020,FEU,Z01,15,0.08440589256
04/18/2020,FEU,Z02,15,0.10290444836
04/18/2020,FEU,Z03,15,0.10290444836
04/18/2020,FEU,Z01,16,0.08587925438
04/18/2020,FEU,Z02,16,0.10438894718
04/18/2020,FEU,Z03,16,0.10438894718
04/18/2020,FEU,Z01,17,0.0826932164
04/18/2020,FEU,Z02,17,0.10120897718
04/18/2020,FEU,Z03,17,0.10120897718
04/18/2020,FEU,Z01,18,0.07845437648
04/18/2020,FEU,Z02,18,0.09690172428
04/18/2020,FEU,Z03,18,0.09690172428
04/18/2020,FEU,Z01,19,0.0829347515
04/18/2020,FEU,Z02,19,0.10145359228
04/18/2020,FEU,Z03,19,0.10145359228
04/18/2020,FEU,Z01,2,0.08262032532
04/18/2020,FEU,Z02,2,0.03451014442
04/18/2020,FEU,Z03,2,0.03203480912
04/18/2020,FEU,Z01,20,0.08422733942
04/18/2020,FEU,Z02,20,0.10272452522
04/18/2020,FEU,Z03,20,0.10272452522
04/18/2020,FEU,Z01,21,0.08323864436
04/18/2020,FEU,Z02,21,0.10175915714
04/18/2020,FEU,Z03,21,0.10175915714
04/18/2020,FEU,Z01,22,0.08503764836
04/18/2020,FEU,Z02,22,0.10357609614
04/18/2020,FEU,Z03,22,0.10357609614
04/18/2020,FEU,Z01,23,0.08400884618
04/18/2020,FEU,Z02,23,0.10253500196
04/18/2020,FEU,Z03,23,0.10253500196
04/18/2020,FEU,Z01,24,0.0841973057
04/18/2020,FEU,Z02,24,0.03617933272
04/18/2020,FEU,Z03,24,0.03885574058
04/18/2020,FEU,Z01,3,0.08282749922
04/18/2020,FEU,Z02,3,0.03466703234
04/18/2020,FEU,Z03,3,0.03216352006
04/18/2020,FEU,Z01,4,0.08316687418
04/18/2020,FEU,Z02,4,0.03495968032
04/18/2020,FEU,Z03,4,0.03244679304
04/18/2020,FEU,Z01,5,0.08337477716
04/18/2020,FEU,Z02,5,0.0351556063
04/18/2020,FEU,Z03,5,0.03263859202
04/18/2020,FEU,Z01,6,0.08340611222
04/18/2020,FEU,Z02,6,0.03521949334
04/18/2020,FEU,Z03,6,0.03269916906
04/18/2020,FEU,Z01,7,0.08709566534
04/18/2020,FEU,Z02,7,0.03878834244
04/18/2020,FEU,Z03,7,0.03618524614
04/18/2020,FEU,Z01,8,0.08225170646
04/18/2020,FEU,Z02,8,0.03420268654
04/18/2020,FEU,Z03,8,0.03685552334
04/18/2020,FEU,Z01,9,0.08163558812
04/18/2020,FEU,Z02,9,0.03391699704
04/18/2020,FEU,Z03,9,0.036361376
04/19/2020,FEU,Z01,1,0.08099971334
04/19/2020,FEU,Z02,1,0.03296431044
04/19/2020,FEU,Z03,1,0.0356013352
04/19/2020,FEU,Z01,10,0.07811776008
04/19/2020,FEU,Z02,10,0.030527977
04/19/2020,FEU,Z03,10,0.03281718996
04/19/2020,FEU,Z01,11,0.07607052622
04/19/2020,FEU,Z02,11,0.0286266921
04/19/2020,FEU,Z03,11,0.0307858111
04/19/2020,FEU,Z01,12,0.07767961326
04/19/2020,FEU,Z02,12,0.03018190114
04/19/2020,FEU,Z03,12,0.03238574416
04/19/2020,FEU,Z01,13,0.07769654618
04/19/2020,FEU,Z02,13,0.03016247908
04/19/2020,FEU,Z03,13,0.03238788408
04/19/2020,FEU,Z01,14,0.07703426042
04/19/2020,FEU,Z02,14,0.09546924722
04/19/2020,FEU,Z03,14,0.09546924722
04/19/2020,FEU,Z01,15,0.07675773836
04/19/2020,FEU,Z02,15,0.09521913114
04/19/2020,FEU,Z03,15,0.09521913114
04/19/2020,FEU,Z01,16,0.07589006012
04/19/2020,FEU,Z02,16,0.0943409209
04/19/2020,FEU,Z03,16,0.0943409209
04/19/2020,FEU,Z01,17,0.07165816408
04/19/2020,FEU,Z02,17,0.09009314384
04/19/2020,FEU,Z03,17,0.09009314384
04/19/2020,FEU,Z01,18,0.06493272212
04/19/2020,FEU,Z02,18,0.0832826359
04/19/2020,FEU,Z03,18,0.0832826359
04/19/2020,FEU,Z01,19,0.07119027216
04/19/2020,FEU,Z02,19,0.08959796894
04/19/2020,FEU,Z03,19,0.08959796894
04/19/2020,FEU,Z01,2,0.08035675112
04/19/2020,FEU,Z02,2,0.03227100326
04/19/2020,FEU,Z03,2,0.029816527
04/19/2020,FEU,Z01,20,0.07017538118
04/19/2020,FEU,Z02,20,0.08857377196
04/19/2020,FEU,Z03,20,0.08857377196
04/19/2020,FEU,Z01,21,0.06951174428
04/19/2020,FEU,Z02,21,0.08790428306
04/19/2020,FEU,Z03,21,0.08790428306
04/19/2020,FEU,Z01,22,0.07126541342
04/19/2020,FEU,Z02,22,0.08965147022
04/19/2020,FEU,Z03,22,0.08965147022
04/19/2020,FEU,Z01,23,0.0716564363
04/19/2020,FEU,Z02,23,0.0900454811
04/19/2020,FEU,Z03,23,0.0900454811
04/19/2020,FEU,Z01,24,0.07002712988
04/19/2020,FEU,Z02,24,0.02266610886
04/19/2020,FEU,Z03,24,0.02463095778
04/19/2020,FEU,Z01,3,0.08026969598
04/19/2020,FEU,Z02,3,0.03211868016
04/19/2020,FEU,Z03,3,0.02964827292
04/19/2020,FEU,Z01,4,0.08053467692
04/19/2020,FEU,Z02,4,0.03233840212
04/19/2020,FEU,Z03,4,0.02986227288
04/19/2020,FEU,Z01,5,0.0812389799
04/19/2020,FEU,Z02,5,0.0330077361
04/19/2020,FEU,Z03,5,0.03050980486
04/19/2020,FEU,Z01,6,0.08129836292
04/19/2020,FEU,Z02,6,0.03306674212
04/19/2020,FEU,Z03,6,0.03056627688
04/19/2020,FEU,Z01,7,0.08111103402
04/19/2020,FEU,Z02,7,0.0329264962
04/19/2020,FEU,Z03,7,0.03045466194
04/19/2020,FEU,Z01,8,0.0804370001
04/19/2020,FEU,Z02,8,0.03231848326
04/19/2020,FEU,Z03,8,0.03499027096
04/19/2020,FEU,Z01,9,0.0792753407
04/19/2020,FEU,Z02,9,0.03146396872
04/19/2020,FEU,Z03,9,0.03390946958
04/20/2020,FEU,Z01,1,0.0671170005
04/20/2020,FEU,Z02,1,0.01975395656
04/20/2020,FEU,Z03,1,0.02166943936
04/20/2020,FEU,Z01,10,0.07269452702
04/20/2020,FEU,Z02,10,0.02568361572
04/20/2020,FEU,Z03,10,0.02749898594
04/20/2020,FEU,Z01,11,0.06968766106
04/20/2020,FEU,Z02,11,0.02277363376
04/20/2020,FEU,Z03,11,0.02448900198
04/20/2020,FEU,Z01,12,0.06723347708
04/20/2020,FEU,Z02,12,0.02041396976
04/20/2020,FEU,Z03,12,0.022029927
04/20/2020,FEU,Z01,13,0.07058438108
04/20/2020,FEU,Z02,13,0.02366545776
04/20/2020,FEU,Z03,13,0.025392527
04/20/2020,FEU,Z01,14,0.0708728372
04/20/2020,FEU,Z02,14,0.08921039304
04/20/2020,FEU,Z03,14,0.08921039304
04/20/2020,FEU,Z01,15,0.07054914914
04/20/2020,FEU,Z02,15,0.08890772096
04/20/2020,FEU,Z03,15,0.08890772096
04/20/2020,FEU,Z01,16,0.06804313704
04/20/2020,FEU,Z02,16,0.08638186786
04/20/2020,FEU,Z03,16,0.08638186786
04/20/2020,FEU,Z01,17,0.06693531704
04/20/2020,FEU,Z02,17,0.08524526488
04/20/2020,FEU,Z03,17,0.08524526488
04/20/2020,FEU,Z01,18,0.06994376708
04/20/2020,FEU,Z02,18,0.08827470892
04/20/2020,FEU,Z03,18,0.08827470892
04/20/2020,FEU,Z01,19,0.07251987902
04/20/2020,FEU,Z02,19,0.09086871386
04/20/2020,FEU,Z03,19,0.09086871386
04/20/2020,FEU,Z01,2,0.06706081932
04/20/2020,FEU,Z02,2,0.01964413342
04/20/2020,FEU,Z03,2,0.01761011312
04/20/2020,FEU,Z01,20,0.07363568096
04/20/2020,FEU,Z02,20,0.09201802178
04/20/2020,FEU,Z03,20,0.09201802178
04/20/2020,FEU,Z01,21,0.07216380492
04/20/2020,FEU,Z02,21,0.09053455174
04/20/2020,FEU,Z03,21,0.09053455174
04/20/2020,FEU,Z01,22,0.07501158284
04/20/2020,FEU,Z02,22,0.09340544366
04/20/2020,FEU,Z03,22,0.09340544366
04/20/2020,FEU,Z01,23,0.07287190464
04/20/2020,FEU,Z02,23,0.09127349644
04/20/2020,FEU,Z03,23,0.09127349644
04/20/2020,FEU,Z01,24,0.0718087162
04/20/2020,FEU,Z02,24,0.0245001121
04/20/2020,FEU,Z03,24,0.0264790311
04/20/2020,FEU,Z01,3,0.0658496354
04/20/2020,FEU,Z02,3,0.01851316048
04/20/2020,FEU,Z03,3,0.01651197218
04/20/2020,FEU,Z01,4,0.06609265038
04/20/2020,FEU,Z02,4,0.01874241046
04/20/2020,FEU,Z03,4,0.01673465316
04/20/2020,FEU,Z01,5,0.0661239254
04/20/2020,FEU,Z02,5,0.01877540848
04/20/2020,FEU,Z03,5,0.01676755618
04/20/2020,FEU,Z01,6,0.06706044736
04/20/2020,FEU,Z02,6,0.01966469044
04/20/2020,FEU,Z03,6,0.01763092714
04/20/2020,FEU,Z01,7,0.07238413976
04/20/2020,FEU,Z02,7,0.02489024476
04/20/2020,FEU,Z03,7,0.0227514774
04/20/2020,FEU,Z01,8,0.07358850808
04/20/2020,FEU,Z02,8,0.02615324302
04/20/2020,FEU,Z03,8,0.02824409598
04/20/2020,FEU,Z01,9,0.07269027474
04/20/2020,FEU,Z02,9,0.02555146552
04/20/2020,FEU,Z03,9,0.02744315966
04/21/2020,FEU,Z01,1,0.07046794978
04/21/2020,FEU,Z02,1,0.02305492678
04/21/2020,FEU,Z03,1,0.02507340466
04/21/2020,FEU,Z01,10,0.06675848716
04/21/2020,FEU,Z02,10,0.01998226682
04/21/2020,FEU,Z03,10,0.02156794508
04/21/2020,FEU,Z01,11,0.0664633172
04/21/2020,FEU,Z02,11,0.01970336386
04/21/2020,FEU,Z03,11,0.02127907312
04/21/2020,FEU,Z01,12,0.06656400918
04/21/2020,FEU,Z02,12,0.01979782984
04/21/2020,FEU,Z03,12,0.0213764521
04/21/2020,FEU,Z01,13,0.06658376116
04/21/2020,FEU,Z02,13,0.01979782984
04/21/2020,FEU,Z03,13,0.02139260708
04/21/2020,FEU,Z01,14,0.06643116928
04/21/2020,FEU,Z02,14,0.08471767214
04/21/2020,FEU,Z03,14,0.08471767214
04/21/2020,FEU,Z01,15,0.0655604372
04/21/2020,FEU,Z02,15,0.08386071304
04/21/2020,FEU,Z03,15,0.08386071304
04/21/2020,FEU,Z01,16,0.06446474108
04/21/2020,FEU,Z02,16,0.08275743492
04/21/2020,FEU,Z03,16,0.08275743492
04/21/2020,FEU,Z01,17,0.06193172112
04/21/2020,FEU,Z02,17,0.08022245894
04/21/2020,FEU,Z03,17,0.08022245894
04/21/2020,FEU,Z01,18,0.06205551614
04/21/2020,FEU,Z02,18,0.08034720896
04/21/2020,FEU,Z03,18,0.08034720896
04/21/2020,FEU,Z01,19,0.06524402108
04/21/2020,FEU,Z02,19,0.0835608119
04/21/2020,FEU,Z03,19,0.0835608119
04/21/2020,FEU,Z01,2,0.0699080556
04/21/2020,FEU,Z02,2,0.02245758464
04/21/2020,FEU,Z03,2,0.0203716573
04/21/2020,FEU,Z01,20,0.06891159698
04/21/2020,FEU,Z02,20,0.0872570568
04/21/2020,FEU,Z03,20,0.0872570568
04/21/2020,FEU,Z01,21,0.06647358094
04/21/2020,FEU,Z02,21,0.08478034778
04/21/2020,FEU,Z03,21,0.08478034778
04/21/2020,FEU,Z01,22,0.06677125484
04/21/2020,FEU,Z02,22,0.08509990466
04/21/2020,FEU,Z03,22,0.08509990466
04/21/2020,FEU,Z01,23,0.0672444566
04/21/2020,FEU,Z02,23,0.08557664942
04/21/2020,FEU,Z03,23,0.08557664942
04/21/2020,FEU,Z01,24,0.06671192816
04/21/2020,FEU,Z02,24,0.01958973306
04/21/2020,FEU,Z03,24,0.02135467106
04/21/2020,FEU,Z01,3,0.0690561755
04/21/2020,FEU,Z02,3,0.02161040456
04/21/2020,FEU,Z03,3,0.01953324524
04/21/2020,FEU,Z01,4,0.06926728744
04/21/2020,FEU,Z02,4,0.02178673052
04/21/2020,FEU,Z03,4,0.0197050972
04/21/2020,FEU,Z01,5,0.06892280546
04/21/2020,FEU,Z02,5,0.02146038754
04/21/2020,FEU,Z03,5,0.01938789322
04/21/2020,FEU,Z01,6,0.0690040356
04/21/2020,FEU,Z02,6,0.02159209664
04/21/2020,FEU,Z03,6,0.0195294873
04/21/2020,FEU,Z01,7,0.07061471398
04/21/2020,FEU,Z02,7,0.02328124692
04/21/2020,FEU,Z03,7,0.02122026152
04/21/2020,FEU,Z01,8,0.07133472236
04/21/2020,FEU,Z02,8,0.02410541822
04/21/2020,FEU,Z03,8,0.02603259826
04/21/2020,FEU,Z01,9,0.06952995296
04/21/2020,FEU,Z02,9,0.02258755768
04/21/2020,FEU,Z03,9,0.02431237288
04/22/2020,FEU,Z01,1,0.06573239774
04/22/2020,FEU,Z02,1,0.01850976974
04/22/2020,FEU,Z03,1,0.02030701862
04/22/2020,FEU,Z01,10,0.06975538502
04/22/2020,FEU,Z02,10,0.02283400372
04/22/2020,FEU,Z03,10,0.02454961194
04/22/2020,FEU,Z01,11,0.06465079704
04/22/2020,FEU,Z02,11,0.01788824374
04/22/2020,FEU,Z03,11,0.01943206496
04/22/2020,FEU,Z01,12,0.06277668308
04/22/2020,FEU,Z02,12,0.01609051376
04/22/2020,FEU,Z03,12,0.017557577
04/22/2020,FEU,Z01,13,0.06476789304
04/22/2020,FEU,Z02,13,0.01800176974
04/22/2020,FEU,Z03,13,0.01954841696
04/22/2020,FEU,Z01,14,0.06522706516
04/22/2020,FEU,Z02,14,0.083526177
04/22/2020,FEU,Z03,14,0.083526177
04/22/2020,FEU,Z01,15,0.06554656508
04/22/2020,FEU,Z02,15,0.08384681092
04/22/2020,FEU,Z03,15,0.08384681092
04/22/2020,FEU,Z01,16,0.06562352096
04/22/2020,FEU,Z02,16,0.08394326678
04/22/2020,FEU,Z03,16,0.08394326678
04/22/2020,FEU,Z01,17,0.06533091296
04/22/2020,FEU,Z02,17,0.0836308968
04/22/2020,FEU,Z03,17,0.0836308968
04/22/2020,FEU,Z01,18,0.06631356896
04/22/2020,FEU,Z02,18,0.0846192168
04/22/2020,FEU,Z03,18,0.0846192168
04/22/2020,FEU,Z01,19,0.07011038486
04/22/2020,FEU,Z02,19,0.0884423317
04/22/2020,FEU,Z03,19,0.0884423317
04/22/2020,FEU,Z01,2,0.06594269552
04/22/2020,FEU,Z02,2,0.01863356758
04/22/2020,FEU,Z03,2,0.01665638124
04/22/2020,FEU,Z01,20,0.07735580378
04/22/2020,FEU,Z02,20,0.0957664766
04/22/2020,FEU,Z03,20,0.0957664766
04/22/2020,FEU,Z01,21,0.07703010076
04/22/2020,FEU,Z02,21,0.09543817158
04/22/2020,FEU,Z03,21,0.09543817158
04/22/2020,FEU,Z01,22,0.0793148267
04/22/2020,FEU,Z02,22,0.09774149252
04/22/2020,FEU,Z03,22,0.09774149252
04/22/2020,FEU,Z01,23,0.07727249648
04/22/2020,FEU,Z02,23,0.09570979428
04/22/2020,FEU,Z03,23,0.09570979428
04/22/2020,FEU,Z01,24,0.07682462204
04/22/2020,FEU,Z02,24,0.02927891296
04/22/2020,FEU,Z03,24,0.03151009592
04/22/2020,FEU,Z01,3,0.06567248246
04/22/2020,FEU,Z02,3,0.01836569452
04/22/2020,FEU,Z03,3,0.0163831372
04/22/2020,FEU,Z01,4,0.06661235144
04/22/2020,FEU,Z02,4,0.01924854252
04/22/2020,FEU,Z03,4,0.0172392772
04/22/2020,FEU,Z01,5,0.06719150846
04/22/2020,FEU,Z02,5,0.01980528454
04/22/2020,FEU,Z03,5,0.01777962522
04/22/2020,FEU,Z01,6,0.06843764756
04/22/2020,FEU,Z02,6,0.02102652462
04/22/2020,FEU,Z03,6,0.01898132128
04/22/2020,FEU,Z01,7,0.06945186788
04/22/2020,FEU,Z02,7,0.02213141884
04/22/2020,FEU,Z03,7,0.02008554946
04/22/2020,FEU,Z01,8,0.06962495722
04/22/2020,FEU,Z02,8,0.02240200112
04/22/2020,FEU,Z03,8,0.02428978412
04/22/2020,FEU,Z01,9,0.07148547284
04/22/2020,FEU,Z02,9,0.0244223376
04/22/2020,FEU,Z03,9,0.02625260676
04/23/2020,FEU,Z01,1,0.08154870548
04/23/2020,FEU,Z02,1,0.03355988254
04/23/2020,FEU,Z03,1,0.03615283136
04/23/2020,FEU,Z01,10,0.07884282602
04/23/2020,FEU,Z02,10,0.03164351572
04/23/2020,FEU,Z03,10,0.03366868894
04/23/2020,FEU,Z01,11,0.07575086702
04/23/2020,FEU,Z02,11,0.02864685572
04/23/2020,FEU,Z03,11,0.03056596594
04/23/2020,FEU,Z01,12,0.074914827
04/23/2020,FEU,Z02,12,0.02781024172
04/23/2020,FEU,Z03,12,0.02972332492
04/23/2020,FEU,Z01,13,0.07422269702
04/23/2020,FEU,Z02,13,0.02716523572
04/23/2020,FEU,Z03,13,0.02903247594
04/23/2020,FEU,Z01,14,0.0737694971
04/23/2020,FEU,Z02,14,0.09212718394
04/23/2020,FEU,Z03,14,0.09212718394
04/23/2020,FEU,Z01,15,0.07216112096
04/23/2020,FEU,Z02,15,0.0905073768
04/23/2020,FEU,Z03,15,0.0905073768
04/23/2020,FEU,Z01,16,0.07280040986
04/23/2020,FEU,Z02,16,0.09117596868
04/23/2020,FEU,Z03,16,0.09117596868
04/23/2020,FEU,Z01,17,0.0727622219
04/23/2020,FEU,Z02,17,0.09113758472
04/23/2020,FEU,Z03,17,0.09113758472
04/23/2020,FEU,Z01,18,0.07458608894
04/23/2020,FEU,Z02,18,0.09297579076
04/23/2020,FEU,Z03,18,0.09297579076
04/23/2020,FEU,Z01,19,0.07674047684
04/23/2020,FEU,Z02,19,0.09514660766
04/23/2020,FEU,Z03,19,0.09514660766
04/23/2020,FEU,Z01,2,0.08105135528
04/23/2020,FEU,Z02,2,0.03300600838
04/23/2020,FEU,Z03,2,0.0305517821
04/23/2020,FEU,Z01,20,0.0801081917
04/23/2020,FEU,Z02,20,0.0985709265
04/23/2020,FEU,Z03,20,0.0985709265
04/23/2020,FEU,Z01,21,0.07960776064
04/23/2020,FEU,Z02,21,0.09803523846
04/23/2020,FEU,Z03,21,0.09803523846
04/23/2020,FEU,Z01,22,0.08132847852
04/23/2020,FEU,Z02,22,0.09980052032
04/23/2020,FEU,Z03,22,0.09980052032
04/23/2020,FEU,Z01,23,0.07993372626
04/23/2020,FEU,Z02,23,0.09842279004
04/23/2020,FEU,Z03,23,0.09842279004
04/23/2020,FEU,Z01,24,0.08033243576
04/23/2020,FEU,Z02,24,0.03251064076
04/23/2020,FEU,Z03,24,0.03498301964
04/23/2020,FEU,Z01,3,0.07875760118
04/23/2020,FEU,Z02,3,0.03075292832
04/23/2020,FEU,Z03,3,0.02836794904
04/23/2020,FEU,Z01,4,0.07633884716
04/23/2020,FEU,Z02,4,0.0284425813
04/23/2020,FEU,Z03,4,0.02612950702
04/23/2020,FEU,Z01,5,0.07549476314
04/23/2020,FEU,Z02,5,0.02763332828
04/23/2020,FEU,Z03,5,0.02532405802
04/23/2020,FEU,Z01,6,0.07664913926
04/23/2020,FEU,Z02,6,0.02877330438
04/23/2020,FEU,Z03,6,0.0264481021
04/23/2020,FEU,Z01,7,0.07648931168
04/23/2020,FEU,Z02,7,0.0287921217
04/23/2020,FEU,Z03,7,0.02652577736
04/23/2020,FEU,Z01,8,0.07673279208
04/23/2020,FEU,Z02,8,0.029197427
04/23/2020,FEU,Z03,8,0.03142527396
04/23/2020,FEU,Z01,9,0.0783977768
04/23/2020,FEU,Z02,9,0.03110311156
04/23/2020,FEU,Z03,9,0.03318255272
04/24/2020,FEU,Z01,1,0.08534562748
04/24/2020,FEU,Z02,1,0.03719149054
04/24/2020,FEU,Z03,1,0.03996833536
04/24/2020,FEU,Z01,10,0.08092810472
04/24/2020,FEU,Z02,10,0.03353804548
04/24/2020,FEU,Z03,10,0.03573372162
04/24/2020,FEU,Z01,11,0.07851099878
04/24/2020,FEU,Z02,11,0.03120859154
04/24/2020,FEU,Z03,11,0.03331740668
04/24/2020,FEU,Z01,12,0.0766902568
04/24/2020,FEU,Z02,12,0.02945152756
04/24/2020,FEU,Z03,12,0.03146798072
04/24/2020,FEU,Z01,13,0.07359190782
04/24/2020,FEU,Z02,13,0.02645660258
04/24/2020,FEU,Z03,13,0.02836263274
04/24/2020,FEU,Z01,14,0.07210352096
04/24/2020,FEU,Z02,14,0.09047389178
04/24/2020,FEU,Z03,14,0.09047389178
04/24/2020,FEU,Z01,15,0.07133169688
04/24/2020,FEU,Z02,15,0.0896958717
04/24/2020,FEU,Z03,15,0.0896958717
04/24/2020,FEU,Z01,16,0.06728556876
04/24/2020,FEU,Z02,16,0.08563832456
04/24/2020,FEU,Z03,16,0.08563832456
04/24/2020,FEU,Z01,17,0.06950382676
04/24/2020,FEU,Z02,17,0.08785360458
04/24/2020,FEU,Z03,17,0.08785360458
04/24/2020,FEU,Z01,18,0.07365453578
04/24/2020,FEU,Z02,18,0.0920365166
04/24/2020,FEU,Z03,18,0.0920365166
04/24/2020,FEU,Z01,19,0.07833315074
04/24/2020,FEU,Z02,19,0.09675240056
04/24/2020,FEU,Z03,19,0.09675240056
04/24/2020,FEU,Z01,2,0.0834296503
04/24/2020,FEU,Z02,2,0.03525173542
04/24/2020,FEU,Z03,2,0.03275552912
04/24/2020,FEU,Z01,20,0.07909734464
04/24/2020,FEU,Z02,20,0.09752206646
04/24/2020,FEU,Z03,20,0.09752206646
04/24/2020,FEU,Z01,21,0.08000268856
04/24/2020,FEU,Z02,21,0.09846485636
04/24/2020,FEU,Z03,21,0.09846485636
04/24/2020,FEU,Z01,22,0.08071877446
04/24/2020,FEU,Z02,22,0.09918525526
04/24/2020,FEU,Z03,22,0.09918525526
04/24/2020,FEU,Z01,23,0.08080602228
04/24/2020,FEU,Z02,23,0.09930331406
04/24/2020,FEU,Z03,23,0.09930331406
04/24/2020,FEU,Z01,24,0.0787285659
04/24/2020,FEU,Z02,24,0.03104163186
04/24/2020,FEU,Z03,24,0.03339738678
04/24/2020,FEU,Z01,3,0.0825562552
04/24/2020,FEU,Z02,3,0.03437956334
04/24/2020,FEU,Z03,3,0.03188365206
04/24/2020,FEU,Z01,4,0.08235212712
04/24/2020,FEU,Z02,4,0.03414802628
04/24/2020,FEU,Z03,4,0.031661127
04/24/2020,FEU,Z01,5,0.08067272712
04/24/2020,FEU,Z02,5,0.03254692628
04/24/2020,FEU,Z03,5,0.030108627
04/24/2020,FEU,Z01,6,0.07989307324
04/24/2020,FEU,Z02,6,0.03186781036
04/24/2020,FEU,Z03,6,0.02944888108
04/24/2020,FEU,Z01,7,0.08180500462
04/24/2020,FEU,Z02,7,0.03387712064
04/24/2020,FEU,Z03,7,0.0314674173
04/24/2020,FEU,Z01,8,0.08123095984
04/24/2020,FEU,Z02,8,0.03340946182
04/24/2020,FEU,Z03,8,0.03590098972
04/24/2020,FEU,Z01,9,0.08063520746
04/24/2020,FEU,Z02,9,0.0331085423
04/24/2020,FEU,Z03,9,0.03539106836
04/25/2020,FEU,Z01,1,0.07766596348
04/25/2020,FEU,Z02,1,0.02984381854
04/25/2020,FEU,Z03,1,0.03227492834
04/25/2020,FEU,Z01,10,0.07701821138
04/25/2020,FEU,Z02,10,0.02958615324
04/25/2020,FEU,Z03,10,0.03174384428
04/25/2020,FEU,Z01,11,0.07811829644
04/25/2020,FEU,Z02,11,0.03067972928
04/25/2020,FEU,Z03,11,0.03285974534
04/25/2020,FEU,Z01,12,0.08103334448
04/25/2020,FEU,Z02,12,0.03349636732
04/25/2020,FEU,Z03,12,0.03579462738
04/25/2020,FEU,Z01,13,0.08206459644
04/25/2020,FEU,Z02,13,0.03448532928
04/25/2020,FEU,Z03,13,0.03682279534
04/25/2020,FEU,Z01,14,0.08222522062
04/25/2020,FEU,Z02,14,0.10070557742
04/25/2020,FEU,Z03,14,0.10070557742
04/25/2020,FEU,Z01,15,0.08224003656
04/25/2020,FEU,Z02,15,0.10072011236
04/25/2020,FEU,Z03,15,0.10072011236
04/25/2020,FEU,Z01,16,0.07903299738
04/25/2020,FEU,Z02,16,0.09748472018
04/25/2020,FEU,Z03,16,0.09748472018
04/25/2020,FEU,Z01,17,0.0726891764
04/25/2020,FEU,Z02,17,0.09111287018
04/25/2020,FEU,Z03,17,0.09111287018
04/25/2020,FEU,Z01,18,0.07261671248
04/25/2020,FEU,Z02,18,0.09101442028
04/25/2020,FEU,Z03,18,0.09101442028
04/25/2020,FEU,Z01,19,0.0747755515
04/25/2020,FEU,Z02,19,0.09321800828
04/25/2020,FEU,Z03,19,0.09321800828
04/25/2020,FEU,Z01,2,0.07695749932
04/25/2020,FEU,Z02,2,0.02909971342
04/25/2020,FEU,Z03,2,0.02678613712
04/25/2020,FEU,Z01,20,0.07844670242
04/25/2020,FEU,Z02,20,0.09689366922
04/25/2020,FEU,Z03,20,0.09689366922
04/25/2020,FEU,Z01,21,0.07803075236
04/25/2020,FEU,Z02,21,0.09650279914
04/25/2020,FEU,Z03,21,0.09650279914
04/25/2020,FEU,Z01,22,0.08017844636
04/25/2020,FEU,Z02,22,0.09867048014
04/25/2020,FEU,Z03,22,0.09867048014
04/25/2020,FEU,Z01,23,0.08058591218
04/25/2020,FEU,Z02,23,0.09908165596
04/25/2020,FEU,Z03,23,0.09908165596
04/25/2020,FEU,Z01,24,0.0797200307
04/25/2020,FEU,Z02,24,0.03188882872
04/25/2020,FEU,Z03,24,0.03435635558
04/25/2020,FEU,Z01,3,0.07797185822
04/25/2020,FEU,Z02,3,0.03003203834
04/25/2020,FEU,Z03,3,0.02766842706
04/25/2020,FEU,Z01,4,0.07700655018
04/25/2020,FEU,Z02,4,0.02908112032
04/25/2020,FEU,Z03,4,0.02674812104
04/25/2020,FEU,Z01,5,0.07722190916
04/25/2020,FEU,Z02,5,0.0292851163
04/25/2020,FEU,Z03,5,0.02694529702
04/25/2020,FEU,Z01,6,0.07912908422
04/25/2020,FEU,Z02,6,0.03113696034
04/25/2020,FEU,Z03,6,0.02873972506
04/25/2020,FEU,Z01,7,0.08013538034
04/25/2020,FEU,Z02,7,0.03213853244
04/25/2020,FEU,Z03,7,0.02973415414
04/25/2020,FEU,Z01,8,0.07801732946
04/25/2020,FEU,Z02,8,0.03015349054
04/25/2020,FEU,Z03,8,0.03260044034
04/25/2020,FEU,Z01,9,0.07525962812
04/25/2020,FEU,Z02,9,0.02778667704
04/25/2020,FEU,Z03,9,0.029952176
04/26/2020,FEU,Z01,1,0.07863358634
04/26/2020,FEU,Z02,1,0.03070372844
04/26/2020,FEU,Z03,1,0.0332217752
04/26/2020,FEU,Z01,10,0.07407408408
04/26/2020,FEU,Z02,10,0.026640977
04/26/2020,FEU,Z03,10,0.02875322796
04/26/2020,FEU,Z01,11,0.07334296022
04/26/2020,FEU,Z02,11,0.0260000621
04/26/2020,FEU,Z03,11,0.0280444811
04/26/2020,FEU,Z01,12,0.07337792526
04/26/2020,FEU,Z02,12,0.02603966914
04/26/2020,FEU,Z03,12,0.02806593616
04/26/2020,FEU,Z01,13,0.07376743718
04/26/2020,FEU,Z02,13,0.02638067908
04/26/2020,FEU,Z03,13,0.02844228008
04/26/2020,FEU,Z01,14,0.07466447042
04/26/2020,FEU,Z02,14,0.09307935722
04/26/2020,FEU,Z03,14,0.09307935722
04/26/2020,FEU,Z01,15,0.07341031436
04/26/2020,FEU,Z02,15,0.09183936214
04/26/2020,FEU,Z03,15,0.09183936214
04/26/2020,FEU,Z01,16,0.07093257212
04/26/2020,FEU,Z02,16,0.0893377609
04/26/2020,FEU,Z03,16,0.0893377609
04/26/2020,FEU,Z01,17,0.07169404408
04/26/2020,FEU,Z02,17,0.09012938384
04/26/2020,FEU,Z03,17,0.09012938384
04/26/2020,FEU,Z01,18,0.07186628012
04/26/2020,FEU,Z02,18,0.0902800709
04/26/2020,FEU,Z03,18,0.0902800709
04/26/2020,FEU,Z01,19,0.07323574416
04/26/2020,FEU,Z02,19,0.09166231694
04/26/2020,FEU,Z03,19,0.09166231694
04/26/2020,FEU,Z01,2,0.07876567512
04/26/2020,FEU,Z02,2,0.03075283026
04/26/2020,FEU,Z03,2,0.028345677
04/26/2020,FEU,Z01,20,0.07634237918
04/26/2020,FEU,Z02,20,0.09479772796
04/26/2020,FEU,Z03,20,0.09479772796
04/26/2020,FEU,Z01,21,0.07715788628
04/26/2020,FEU,Z02,21,0.09562134206
04/26/2020,FEU,Z03,21,0.09562134206
04/26/2020,FEU,Z01,22,0.08183396942
04/26/2020,FEU,Z02,22,0.10030966622
04/26/2020,FEU,Z03,22,0.10030966622
04/26/2020,FEU,Z01,23,0.0833855663
04/26/2020,FEU,Z02,23,0.1018735911
04/26/2020,FEU,Z03,23,0.1018735911
04/26/2020,FEU,Z01,24,0.08243083988
04/26/2020,FEU,Z02,24,0.03456469686
04/26/2020,FEU,Z03,24,0.03708609278
04/26/2020,FEU,Z01,3,0.07797035798
04/26/2020,FEU,Z02,3,0.02992897616
04/26/2020,FEU,Z03,3,0.02752722092
04/26/2020,FEU,Z01,4,0.07623094892
04/26/2020,FEU,Z02,4,0.02824178812
04/26/2020,FEU,Z03,4,0.02589603688
04/26/2020,FEU,Z01,5,0.0757596499
04/26/2020,FEU,Z02,5,0.0277903661
04/26/2020,FEU,Z03,5,0.02545949986
04/26/2020,FEU,Z01,6,0.07572182492
04/26/2020,FEU,Z02,6,0.02775702412
04/26/2020,FEU,Z03,6,0.02542554488
04/26/2020,FEU,Z01,7,0.07578529802
04/26/2020,FEU,Z02,7,0.0278523362
04/26/2020,FEU,Z03,7,0.02553826994
04/26/2020,FEU,Z01,8,0.0757346351
04/26/2020,FEU,Z02,8,0.02783637126
04/26/2020,FEU,Z03,8,0.03026146696
04/26/2020,FEU,Z01,9,0.0750204107
04/26/2020,FEU,Z02,9,0.02738647672
04/26/2020,FEU,Z03,9,0.02963352758
04/27/2020,FEU,Z01,1,0.0834707505
04/27/2020,FEU,Z02,1,0.03540132856
04/27/2020,FEU,Z03,1,0.03811663936
04/27/2020,FEU,Z01,10,0.08049853502
04/27/2020,FEU,Z02,10,0.03324990372
04/27/2020,FEU,Z03,10,0.03533016194
04/27/2020,FEU,Z01,11,0.07845532906
04/27/2020,FEU,Z02,11,0.03127487376
04/27/2020,FEU,Z03,11,0.03328724598
04/27/2020,FEU,Z01,12,0.07869347708
04/27/2020,FEU,Z02,12,0.03153396976
04/27/2020,FEU,Z03,12,0.033529927
04/27/2020,FEU,Z01,13,0.07950713708
04/27/2020,FEU,Z02,13,0.03232460176
04/27/2020,FEU,Z03,13,0.034346427
04/27/2020,FEU,Z01,14,0.0780947372
04/27/2020,FEU,Z02,14,0.09648297304
04/27/2020,FEU,Z03,14,0.09648297304
04/27/2020,FEU,Z01,15,0.07762774814
04/27/2020,FEU,Z02,15,0.09604205696
04/27/2020,FEU,Z03,15,0.09604205696
04/27/2020,FEU,Z01,16,0.07645797704
04/27/2020,FEU,Z02,16,0.09486267786
04/27/2020,FEU,Z03,16,0.09486267786
04/27/2020,FEU,Z01,17,0.07665543304
04/27/2020,FEU,Z02,17,0.09503311688
04/27/2020,FEU,Z03,17,0.09503311688
04/27/2020,FEU,Z01,18,0.07651722308
04/27/2020,FEU,Z02,18,0.09489405292
04/27/2020,FEU,Z03,18,0.09489405292
04/27/2020,FEU,Z01,19,0.07838782202
04/27/2020,FEU,Z02,19,0.09677751286
04/27/2020,FEU,Z03,19,0.09677751286
04/27/2020,FEU,Z01,2,0.08354705932
04/27/2020,FEU,Z02,2,0.03539557342
04/27/2020,FEU,Z03,2,0.03289509712
04/27/2020,FEU,Z01,20,0.08018480096
04/27/2020,FEU,Z02,20,0.09861830678
04/27/2020,FEU,Z03,20,0.09861830678
04/27/2020,FEU,Z01,21,0.07990714492
04/27/2020,FEU,Z02,21,0.09833944474
04/27/2020,FEU,Z03,21,0.09833944474
04/27/2020,FEU,Z01,22,0.08232435284
04/27/2020,FEU,Z02,22,0.10077388166
04/27/2020,FEU,Z03,22,0.10077388166
04/27/2020,FEU,Z01,23,0.08225211264
04/27/2020,FEU,Z02,23,0.10073283644
04/27/2020,FEU,Z03,23,0.10073283644
04/27/2020,FEU,Z01,24,0.0816190762
04/27/2020,FEU,Z02,24,0.0339394921
04/27/2020,FEU,Z03,24,0.0363306111
04/27/2020,FEU,Z01,3,0.0815714954
04/27/2020,FEU,Z02,3,0.03354479248
04/27/2020,FEU,Z03,3,0.03109623418
04/27/2020,FEU,Z01,4,0.08010266138
04/27/2020,FEU,Z02,4,0.03213667046
04/27/2020,FEU,Z03,4,0.02973175516
04/27/2020,FEU,Z01,5,0.0766760954
04/27/2020,FEU,Z02,5,0.02886431248
04/27/2020,FEU,Z03,5,0.02655505418
04/27/2020,FEU,Z01,6,0.07923137536
04/27/2020,FEU,Z02,6,0.03130097444
04/27/2020,FEU,Z03,6,0.02892148114
04/27/2020,FEU,Z01,7,0.08179653176
04/27/2020,FEU,Z02,7,0.03391433676
04/27/2020,FEU,Z03,7,0.0315281874
04/27/2020,FEU,Z01,8,0.08192941208
04/27/2020,FEU,Z02,8,0.03416636902
04/27/2020,FEU,Z03,8,0.03661986998
04/27/2020,FEU,Z01,9,0.08028233874
04/27/2020,FEU,Z02,9,0.03288893752
04/27/2020,FEU,Z03,9,0.03506133566
04/28/2020,FEU,Z01,1,0.08347530078
04/28/2020,FEU,Z02,1,0.03552522778
04/28/2020,FEU,Z03,1,0.03814520166
04/28/2020,FEU,Z01,10,0.07839775116
04/28/2020,FEU,Z02,10,0.03128630382
04/28/2020,FEU,Z03,10,0.03324912308
04/28/2020,FEU,Z01,11,0.0781300772
04/28/2020,FEU,Z02,11,0.03103129486
04/28/2020,FEU,Z03,11,0.03298676912
04/28/2020,FEU,Z01,12,0.07876244018
04/28/2020,FEU,Z02,12,0.03164234984
04/28/2020,FEU,Z03,12,0.0336176471
04/28/2020,FEU,Z01,13,0.07946437916
04/28/2020,FEU,Z02,13,0.03229496184
04/28/2020,FEU,Z03,13,0.03431948708
04/28/2020,FEU,Z01,14,0.07806721728
04/28/2020,FEU,Z02,14,0.09642656414
04/28/2020,FEU,Z03,14,0.09642656414
04/28/2020,FEU,Z01,15,0.0770071772
04/28/2020,FEU,Z02,15,0.09538778104
04/28/2020,FEU,Z03,15,0.09538778104
04/28/2020,FEU,Z01,16,0.07288784108
04/28/2020,FEU,Z02,16,0.09123933492
04/28/2020,FEU,Z03,16,0.09123933492
04/28/2020,FEU,Z01,17,0.06937572912
04/28/2020,FEU,Z02,17,0.08772618294
04/28/2020,FEU,Z03,17,0.08772618294
04/28/2020,FEU,Z01,18,0.06829858214
04/28/2020,FEU,Z02,18,0.08663943296
04/28/2020,FEU,Z03,18,0.08663943296
04/28/2020,FEU,Z01,19,0.07134074108
04/28/2020,FEU,Z02,19,0.0897054119
04/28/2020,FEU,Z03,19,0.0897054119
04/28/2020,FEU,Z01,2,0.0820836556
04/28/2020,FEU,Z02,2,0.03411422464
04/28/2020,FEU,Z03,2,0.0316978223
04/28/2020,FEU,Z01,20,0.07677637998
04/28/2020,FEU,Z02,20,0.0951833368
04/28/2020,FEU,Z03,20,0.0951833368
04/28/2020,FEU,Z01,21,0.07864695494
04/28/2020,FEU,Z02,21,0.09703934678
04/28/2020,FEU,Z03,21,0.09703934678
04/28/2020,FEU,Z01,22,0.08199548084
04/28/2020,FEU,Z02,22,0.10044245366
04/28/2020,FEU,Z03,22,0.10044245366
04/28/2020,FEU,Z01,23,0.0821982266
04/28/2020,FEU,Z02,23,0.10064662742
04/28/2020,FEU,Z03,23,0.10064662742
04/28/2020,FEU,Z01,24,0.07940672816
04/28/2020,FEU,Z02,24,0.03180528306
04/28/2020,FEU,Z03,24,0.03410152406
04/28/2020,FEU,Z01,3,0.0781358755
04/28/2020,FEU,Z02,3,0.03029609656
04/28/2020,FEU,Z03,3,0.02796696324
04/28/2020,FEU,Z01,4,0.07622390744
04/28/2020,FEU,Z02,4,0.02843744052
04/28/2020,FEU,Z03,4,0.0261631972
04/28/2020,FEU,Z01,5,0.07538786846
04/28/2020,FEU,Z02,5,0.02764092454
04/28/2020,FEU,Z03,5,0.02538928422
04/28/2020,FEU,Z01,6,0.0751845556
04/28/2020,FEU,Z02,6,0.02750918464
04/28/2020,FEU,Z03,6,0.0252793973
04/28/2020,FEU,Z01,7,0.07588229998
04/28/2020,FEU,Z02,7,0.02834269092
04/28/2020,FEU,Z03,7,0.02615012552
04/28/2020,FEU,Z01,8,0.07908627836
04/28/2020,FEU,Z02,8,0.03157611922
04/28/2020,FEU,Z03,8,0.03381694426
04/28/2020,FEU,Z01,9,0.07942448096
04/28/2020,FEU,Z02,9,0.03217288168
04/28/2020,FEU,Z03,9,0.03424125688
04/29/2020,FEU,Z01,1,0.07447691474
04/29/2020,FEU,Z02,1,0.02689267374
04/29/2020,FEU,Z03,1,0.02909478962
04/29/2020,FEU,Z01,10,0.07062977402
04/29/2020,FEU,Z02,10,0.02368175772
04/29/2020,FEU,Z03,10,0.02542704494
04/29/2020,FEU,Z01,11,0.06744847304
04/29/2020,FEU,Z02,11,0.02060062474
04/29/2020,FEU,Z03,11,0.02223833696
04/29/2020,FEU,Z01,12,0.06663984908
04/29/2020,FEU,Z02,12,0.01983906576
04/29/2020,FEU,Z03,12,0.021434227
04/29/2020,FEU,Z01,13,0.06609612904
04/29/2020,FEU,Z02,13,0.01928951074
04/29/2020,FEU,Z03,13,0.02088128096
04/29/2020,FEU,Z01,14,0.06614294916
04/29/2020,FEU,Z02,14,0.084448477
04/29/2020,FEU,Z03,14,0.084448477
04/29/2020,FEU,Z01,15,0.06351012308
04/29/2020,FEU,Z02,15,0.08179615292
04/29/2020,FEU,Z03,15,0.08179615292
04/29/2020,FEU,Z01,16,0.06217328096
04/29/2020,FEU,Z02,16,0.08046607178
04/29/2020,FEU,Z03,16,0.08046607178
04/29/2020,FEU,Z01,17,0.06198665696
04/29/2020,FEU,Z02,17,0.0802622568
04/29/2020,FEU,Z03,17,0.0802622568
04/29/2020,FEU,Z01,18,0.06236105696
04/29/2020,FEU,Z02,18,0.0806392568
04/29/2020,FEU,Z03,18,0.0806392568
04/29/2020,FEU,Z01,19,0.06408472886
04/29/2020,FEU,Z02,19,0.0823750117
04/29/2020,FEU,Z03,19,0.0823750117
04/29/2020,FEU,Z01,2,0.07075179152
04/29/2020,FEU,Z02,2,0.02323442658
04/29/2020,FEU,Z03,2,0.02112758324
04/29/2020,FEU,Z01,20,0.06677096678
04/29/2020,FEU,Z02,20,0.0850995866
04/29/2020,FEU,Z03,20,0.0850995866
04/29/2020,FEU,Z01,21,0.06868926476
04/29/2020,FEU,Z02,21,0.08703390458
04/29/2020,FEU,Z03,21,0.08703390458
04/29/2020,FEU,Z01,22,0.0702441367
04/29/2020,FEU,Z02,22,0.08859955452
04/29/2020,FEU,Z03,22,0.08859955452
04/29/2020,FEU,Z01,23,0.07191228848
04/29/2020,FEU,Z02,23,0.09030400628
04/29/2020,FEU,Z03,23,0.09030400628
04/29/2020,FEU,Z01,24,0.06835955404
04/29/2020,FEU,Z02,24,0.02113888096
04/29/2020,FEU,Z03,24,0.02300263192
04/29/2020,FEU,Z01,3,0.07019397746
04/29/2020,FEU,Z02,3,0.02269305852
04/29/2020,FEU,Z03,3,0.0205840372
04/29/2020,FEU,Z01,4,0.06910519144
04/29/2020,FEU,Z02,4,0.02163176252
04/29/2020,FEU,Z03,4,0.0195546172
04/29/2020,FEU,Z01,5,0.06845041046
04/29/2020,FEU,Z02,5,0.02100760954
04/29/2020,FEU,Z03,5,0.01894823922
04/29/2020,FEU,Z01,6,0.06906942156
04/29/2020,FEU,Z02,6,0.02163206662
04/29/2020,FEU,Z03,6,0.01956976928
04/29/2020,FEU,Z01,7,0.06925649588
04/29/2020,FEU,Z02,7,0.02194382284
04/29/2020,FEU,Z03,7,0.01990184846
04/29/2020,FEU,Z01,8,0.07153211322
04/29/2020,FEU,Z02,8,0.02423697712
04/29/2020,FEU,Z03,8,0.02620496012
04/29/2020,FEU,Z01,9,0.07170896684
04/29/2020,FEU,Z02,9,0.0246384976
04/29/2020,FEU,Z03,9,0.02647687276
04/30/2020,FEU,Z01,1,0.06643825548
04/30/2020,FEU,Z02,1,0.01910265754
04/30/2020,FEU,Z03,1,0.02096843136
04/30/2020,FEU,Z01,10,0.06598781402
04/30/2020,FEU,Z02,10,0.01918008372
04/30/2020,FEU,Z03,10,0.02076892494
04/30/2020,FEU,Z01,11,0.06127461602
04/30/2020,FEU,Z02,11,0.01461156972
04/30/2020,FEU,Z03,11,0.01603931894
04/30/2020,FEU,Z01,12,0.061919827
04/30/2020,FEU,Z02,12,0.01522204172
04/30/2020,FEU,Z03,12,0.01668312492
04/30/2020,FEU,Z01,13,0.06532254302
04/30/2020,FEU,Z02,13,0.01853619172
04/30/2020,FEU,Z03,13,0.02010133794
04/30/2020,FEU,Z01,14,0.0636328121
04/30/2020,FEU,Z02,14,0.08191967494
04/30/2020,FEU,Z03,14,0.08191967494
04/30/2020,FEU,Z01,15,0.06074710496
04/30/2020,FEU,Z02,15,0.0790140968
04/30/2020,FEU,Z03,15,0.0790140968
04/30/2020,FEU,Z01,16,0.06115983286
04/30/2020,FEU,Z02,16,0.07944484268
04/30/2020,FEU,Z03,16,0.07944484268
04/30/2020,FEU,Z01,17,0.0611417669
04/30/2020,FEU,Z02,17,0.07942658072
04/30/2020,FEU,Z03,17,0.07942658072
04/30/2020,FEU,Z01,18,0.06127585694
04/30/2020,FEU,Z02,18,0.07956282476
04/30/2020,FEU,Z03,18,0.07956282476
04/30/2020,FEU,Z01,19,0.06056321684
04/30/2020,FEU,Z02,19,0.07884361766
04/30/2020,FEU,Z03,19,0.07884361766
04/30/2020,FEU,Z01,2,0.06408601928
04/30/2020,FEU,Z02,2,0.01679560238
04/30/2020,FEU,Z03,2,0.0148355121
04/30/2020,FEU,Z01,20,0.0614681917
04/30/2020,FEU,Z02,20,0.0797709265
04/30/2020,FEU,Z03,20,0.0797709265
04/30/2020,FEU,Z01,21,0.06236691264
04/30/2020,FEU,Z02,21,0.08066154146
04/30/2020,FEU,Z03,21,0.08066154146
04/30/2020,FEU,Z01,22,0.06470111652
04/30/2020,FEU,Z02,22,0.08303152832
04/30/2020,FEU,Z03,22,0.08303152832
04/30/2020,FEU,Z01,23,0.06667731026
04/30/2020,FEU,Z02,23,0.08504352604
04/30/2020,FEU,Z03,23,0.08504352604
04/30/2020,FEU,Z01,24,0.06795427976
04/30/2020,FEU,Z02,24,0.02064313476
04/30/2020,FEU,Z03,24,0.02254358564
04/30/2020,FEU,Z01,3,0.06206366918
04/30/2020,FEU,Z02,3,0.01482576032
04/30/2020,FEU,Z03,3,0.01292505304
04/30/2020,FEU,Z01,4,0.06200244116
04/30/2020,FEU,Z02,4,0.0147641263
04/30/2020,FEU,Z03,4,0.01286545102
04/30/2020,FEU,Z01,5,0.06186526814
04/30/2020,FEU,Z02,5,0.01463002428
04/30/2020,FEU,Z03,5,0.01272642202
04/30/2020,FEU,Z01,6,0.06174205226
04/30/2020,FEU,Z02,6,0.01454225438
04/30/2020,FEU,Z03,6,0.0126497071
04/30/2020,FEU,Z01,7,0.06189731168
04/30/2020,FEU,Z02,7,0.0148121217
04/30/2020,FEU,Z03,7,0.01294177736
04/30/2020,FEU,Z01,8,0.06722578808
04/30/2020,FEU,Z02,8,0.020056077
04/30/2020,FEU,Z03,8,0.02187057596
04/30/2020,FEU,Z01,9,0.0648431768
04/30/2020,FEU,Z02,9,0.01799254156
04/30/2020,FEU,Z03,9,0.01958004872
05/01/2020,FEU,Z01,1,0.06454954358
05/01/2020,FEU,Z02,1,0.01732430162
05/01/2020,FEU,Z03,1,0.01908887246
05/01/2020,FEU,Z01,10,0.06331948694
05/01/2020,FEU,Z02,10,0.0162516919
05/01/2020,FEU,Z03,10,0.01791893582
05/01/2020,FEU,Z01,11,0.05994732816
05/01/2020,FEU,Z02,11,0.01308050806
05/01/2020,FEU,Z03,11,0.01456049906
05/01/2020,FEU,Z01,12,0.05952083522
05/01/2020,FEU,Z02,12,0.0126894371
05/01/2020,FEU,Z03,12,0.0141538011
05/01/2020,FEU,Z01,13,0.0605013362
05/01/2020,FEU,Z02,13,0.0136191771
05/01/2020,FEU,Z03,13,0.0151241411
05/01/2020,FEU,Z01,14,0.0580028964
05/01/2020,FEU,Z02,14,0.0762765062
05/01/2020,FEU,Z03,14,0.0762765062
05/01/2020,FEU,Z01,15,0.05767979642
05/01/2020,FEU,Z02,15,0.07595062322
05/01/2020,FEU,Z03,15,0.07595062322
05/01/2020,FEU,Z01,16,0.05731356824
05/01/2020,FEU,Z02,16,0.07559304902
05/01/2020,FEU,Z03,16,0.07559304902
05/01/2020,FEU,Z01,17,0.05885737322
05/01/2020,FEU,Z02,17,0.07713856002
05/01/2020,FEU,Z03,17,0.07713856002
05/01/2020,FEU,Z01,18,0.05898836628
05/01/2020,FEU,Z02,18,0.07728330206
05/01/2020,FEU,Z03,18,0.07728330206
05/01/2020,FEU,Z01,19,0.06002696024
05/01/2020,FEU,Z02,19,0.07831795404
05/01/2020,FEU,Z03,19,0.07831795404
05/01/2020,FEU,Z01,2,0.06460903842
05/01/2020,FEU,Z02,2,0.0173301765
05/01/2020,FEU,Z03,2,0.01537781818
05/01/2020,FEU,Z01,20,0.06312645224
05/01/2020,FEU,Z02,20,0.08145975602
05/01/2020,FEU,Z03,20,0.08145975602
05/01/2020,FEU,Z01,21,0.06547234414
05/01/2020,FEU,Z02,21,0.08382725192
05/01/2020,FEU,Z03,21,0.08382725192
05/01/2020,FEU,Z01,22,0.07219343612
05/01/2020,FEU,Z02,22,0.0906102409
05/01/2020,FEU,Z03,22,0.0906102409
05/01/2020,FEU,Z01,23,0.0724858262
05/01/2020,FEU,Z02,23,0.09090563398
05/01/2020,FEU,Z03,23,0.09090563398
05/01/2020,FEU,Z01,24,0.06910143184
05/01/2020,FEU,Z02,24,0.02177194282
05/01/2020,FEU,Z03,24,0.02371121572
05/01/2020,FEU,Z01,3,0.06418161524
05/01/2020,FEU,Z02,3,0.01686823036
05/01/2020,FEU,Z03,3,0.01490614108
05/01/2020,FEU,Z01,4,0.06297368516
05/01/2020,FEU,Z02,4,0.0156907963
05/01/2020,FEU,Z03,4,0.01376396902
05/01/2020,FEU,Z01,5,0.06237888318
05/01/2020,FEU,Z02,5,0.01512649632
05/01/2020,FEU,Z03,5,0.01321664504
05/01/2020,FEU,Z01,6,0.06269547716
05/01/2020,FEU,Z02,6,0.0154253563
05/01/2020,FEU,Z03,6,0.01350774202
05/01/2020,FEU,Z01,7,0.06290047904
05/01/2020,FEU,Z02,7,0.0155905762
05/01/2020,FEU,Z03,7,0.01365660494
05/01/2020,FEU,Z01,8,0.06315401994
05/01/2020,FEU,Z02,8,0.01579370214
05/01/2020,FEU,Z03,8,0.0175806548
05/01/2020,FEU,Z01,9,0.0636043156
05/01/2020,FEU,Z02,9,0.01642136064
05/01/2020,FEU,Z03,9,0.01814267548
05/02/2020,FEU,Z01,1,0.07390425208
05/02/2020,FEU,Z02,1,0.026476527
05/02/2020,FEU,Z03,1,0.02858254396
05/02/2020,FEU,Z01,10,0.07048832694
05/02/2020,FEU,Z02,10,0.02351281666
05/02/2020,FEU,Z03,10,0.02528975084
05/02/2020,FEU,Z01,11,0.06946353902
05/02/2020,FEU,Z02,11,0.02255104772
05/02/2020,FEU,Z03,11,0.02427529092
05/02/2020,FEU,Z01,12,0.06953438904
05/02/2020,FEU,Z02,12,0.02262294574
05/02/2020,FEU,Z03,12,0.02433152096
05/02/2020,FEU,Z01,13,0.068073477
05/02/2020,FEU,Z02,13,0.02118194172
05/02/2020,FEU,Z03,13,0.02285817892
05/02/2020,FEU,Z01,14,0.06499764112
05/02/2020,FEU,Z02,14,0.08329402496
05/02/2020,FEU,Z03,14,0.08329402496
05/02/2020,FEU,Z01,15,0.06474493304
05/02/2020,FEU,Z02,15,0.08303961688
05/02/2020,FEU,Z03,15,0.08303961688
05/02/2020,FEU,Z01,16,0.06368556386
05/02/2020,FEU,Z02,16,0.08199022068
05/02/2020,FEU,Z03,16,0.08199022068
05/02/2020,FEU,Z01,17,0.06443761386
05/02/2020,FEU,Z02,17,0.08274812068
05/02/2020,FEU,Z03,17,0.08274812068
05/02/2020,FEU,Z01,18,0.06724609094
05/02/2020,FEU,Z02,18,0.08557849876
05/02/2020,FEU,Z03,18,0.08557849876
05/02/2020,FEU,Z01,19,0.07109702888
05/02/2020,FEU,Z02,19,0.08943581672
05/02/2020,FEU,Z03,19,0.08943581672
05/02/2020,FEU,Z01,2,0.07231732388
05/02/2020,FEU,Z02,2,0.02486325186
05/02/2020,FEU,Z03,2,0.02276217446
05/02/2020,FEU,Z01,20,0.07392106382
05/02/2020,FEU,Z02,20,0.09230522464
05/02/2020,FEU,Z03,20,0.09230522464
05/02/2020,FEU,Z01,21,0.07544450072
05/02/2020,FEU,Z02,21,0.09386729252
05/02/2020,FEU,Z03,21,0.09386729252
05/02/2020,FEU,Z01,22,0.0813733817
05/02/2020,FEU,Z02,22,0.0998469765
05/02/2020,FEU,Z03,22,0.0998469765
05/02/2020,FEU,Z01,23,0.08266559654
05/02/2020,FEU,Z02,23,0.10114916534
05/02/2020,FEU,Z03,23,0.10114916534
05/02/2020,FEU,Z01,24,0.07918230014
05/02/2020,FEU,Z02,24,0.03158655704
05/02/2020,FEU,Z03,24,0.03389830502
05/02/2020,FEU,Z01,3,0.07260946384
05/02/2020,FEU,Z02,3,0.02513767882
05/02/2020,FEU,Z03,3,0.02301056944
05/02/2020,FEU,Z01,4,0.07098888482
05/02/2020,FEU,Z02,4,0.0235786968
05/02/2020,FEU,Z03,4,0.02149474342
05/02/2020,FEU,Z01,5,0.0712193058
05/02/2020,FEU,Z02,5,0.02379796678
05/02/2020,FEU,Z03,5,0.02168893142
05/02/2020,FEU,Z01,6,0.07123431182
05/02/2020,FEU,Z02,6,0.0238141768
05/02/2020,FEU,Z03,6,0.02170547344
05/02/2020,FEU,Z01,7,0.07004039588
05/02/2020,FEU,Z02,7,0.02269536484
05/02/2020,FEU,Z03,7,0.02063439846
05/02/2020,FEU,Z01,8,0.07066395498
05/02/2020,FEU,Z02,8,0.02332740692
05/02/2020,FEU,Z03,8,0.02530744986
05/02/2020,FEU,Z01,9,0.07146179068
05/02/2020,FEU,Z02,9,0.02435601946
05/02/2020,FEU,Z03,9,0.02621934858
05/03/2020,FEU,Z01,1,0.07965378782
05/03/2020,FEU,Z02,1,0.0318935768
05/03/2020,FEU,Z03,1,0.0343122407
05/03/2020,FEU,Z01,10,0.07148548864
05/03/2020,FEU,Z02,10,0.02437160242
05/03/2020,FEU,Z03,10,0.02623575254
05/03/2020,FEU,Z01,11,0.06984333272
05/03/2020,FEU,Z02,11,0.0227968525
05/03/2020,FEU,Z03,11,0.02460133462
05/03/2020,FEU,Z01,12,0.06963032072
05/03/2020,FEU,Z02,12,0.0225921025
05/03/2020,FEU,Z03,12,0.02438740762
05/03/2020,FEU,Z01,13,0.06999272666
05/03/2020,FEU,Z02,13,0.02291345946
05/03/2020,FEU,Z03,13,0.02472163958
05/03/2020,FEU,Z01,14,0.07013352486
05/03/2020,FEU,Z02,14,0.08848950468
05/03/2020,FEU,Z03,14,0.08848950468
05/03/2020,FEU,Z01,15,0.0702719768
05/03/2020,FEU,Z02,15,0.08862893762
05/03/2020,FEU,Z03,15,0.08862893762
05/03/2020,FEU,Z01,16,0.0668993066
05/03/2020,FEU,Z02,16,0.0852485364
05/03/2020,FEU,Z03,16,0.0852485364
05/03/2020,FEU,Z01,17,0.06668114258
05/03/2020,FEU,Z02,17,0.08502848538
05/03/2020,FEU,Z03,17,0.08502848538
05/03/2020,FEU,Z01,18,0.0695481866
05/03/2020,FEU,Z02,18,0.08789810042
05/03/2020,FEU,Z03,18,0.08789810042
05/03/2020,FEU,Z01,19,0.07135468962
05/03/2020,FEU,Z02,19,0.08971853644
05/03/2020,FEU,Z03,19,0.08971853644
05/03/2020,FEU,Z01,2,0.07757641568
05/03/2020,FEU,Z02,2,0.0298336317
05/03/2020,FEU,Z03,2,0.02756019634
05/03/2020,FEU,Z01,20,0.0744060266
05/03/2020,FEU,Z02,20,0.0928205964
05/03/2020,FEU,Z03,20,0.0928205964
05/03/2020,FEU,Z01,21,0.0753455366
05/03/2020,FEU,Z02,21,0.0937669564
05/03/2020,FEU,Z03,21,0.0937669564
05/03/2020,FEU,Z01,22,0.07849305876
05/03/2020,FEU,Z02,22,0.09691246058
05/03/2020,FEU,Z03,22,0.09691246058
05/03/2020,FEU,Z01,23,0.08006803668
05/03/2020,FEU,Z02,23,0.09853030448
05/03/2020,FEU,Z03,23,0.09853030448
05/03/2020,FEU,Z01,24,0.0785258813
05/03/2020,FEU,Z02,24,0.03100126618
05/03/2020,FEU,Z03,24,0.0332430162
05/03/2020,FEU,Z01,3,0.0777489956
05/03/2020,FEU,Z02,3,0.02996315264
05/03/2020,FEU,Z03,3,0.0276651673
05/03/2020,FEU,Z01,4,0.07816702054
05/03/2020,FEU,Z02,4,0.0303312466
05/03/2020,FEU,Z03,4,0.02802389326
05/03/2020,FEU,Z01,5,0.07827474756
05/03/2020,FEU,Z02,5,0.0304622866
05/03/2020,FEU,Z03,5,0.02815123726
05/03/2020,FEU,Z01,6,0.0783553356
05/03/2020,FEU,Z02,6,0.03054481664
05/03/2020,FEU,Z03,6,0.0282292623
05/03/2020,FEU,Z01,7,0.0782024957
05/03/2020,FEU,Z02,7,0.0304604017
05/03/2020,FEU,Z03,7,0.02814566936
05/03/2020,FEU,Z01,8,0.0766229957
05/03/2020,FEU,Z02,8,0.02892295672
05/03/2020,FEU,Z03,8,0.03124402658
05/03/2020,FEU,Z01,9,0.0733403213
05/03/2020,FEU,Z02,9,0.02600939118
05/03/2020,FEU,Z03,9,0.0280355762
05/04/2020,FEU,Z01,1,0.08418273804
05/04/2020,FEU,Z02,1,0.03632601298
05/04/2020,FEU,Z03,1,0.03887514194
05/04/2020,FEU,Z01,10,0.0776580374
05/04/2020,FEU,Z02,10,0.03065599902
05/04/2020,FEU,Z03,10,0.03252392234
05/04/2020,FEU,Z01,11,0.07506092942
05/04/2020,FEU,Z02,11,0.02815687302
05/04/2020,FEU,Z03,11,0.02994748034
05/04/2020,FEU,Z01,12,0.07532511542
05/04/2020,FEU,Z02,12,0.02841403902
05/04/2020,FEU,Z03,12,0.03021260234
05/04/2020,FEU,Z01,13,0.07411031142
05/04/2020,FEU,Z02,13,0.02723041602
05/04/2020,FEU,Z03,13,0.02899349434
05/04/2020,FEU,Z01,14,0.07285551054
05/04/2020,FEU,Z02,14,0.0911817974
05/04/2020,FEU,Z03,14,0.0911817974
05/04/2020,FEU,Z01,15,0.07063435748
05/04/2020,FEU,Z02,15,0.08894791934
05/04/2020,FEU,Z03,15,0.08894791934
05/04/2020,FEU,Z01,16,0.0679298674
05/04/2020,FEU,Z02,16,0.08624682524
05/04/2020,FEU,Z03,16,0.08624682524
05/04/2020,FEU,Z01,17,0.06777097642
05/04/2020,FEU,Z02,17,0.08608795226
05/04/2020,FEU,Z03,17,0.08608795226
05/04/2020,FEU,Z01,18,0.0653489474
05/04/2020,FEU,Z02,18,0.08362862126
05/04/2020,FEU,Z03,18,0.08362862126
05/04/2020,FEU,Z01,19,0.07030522536
05/04/2020,FEU,Z02,19,0.0886389572
05/04/2020,FEU,Z03,19,0.0886389572
05/04/2020,FEU,Z01,2,0.08174462588
05/04/2020,FEU,Z02,2,0.03390752086
05/04/2020,FEU,Z03,2,0.03154470548
05/04/2020,FEU,Z01,20,0.07194487526
05/04/2020,FEU,Z02,20,0.09026534512
05/04/2020,FEU,Z03,20,0.09026534512
05/04/2020,FEU,Z01,21,0.0741947972
05/04/2020,FEU,Z02,21,0.09255566504
05/04/2020,FEU,Z03,21,0.09255566504
05/04/2020,FEU,Z01,22,0.0772853372
05/04/2020,FEU,Z02,22,0.09566789304
05/04/2020,FEU,Z03,22,0.09566789304
05/04/2020,FEU,Z01,23,0.07831084904
05/04/2020,FEU,Z02,23,0.09670006888
05/04/2020,FEU,Z03,23,0.09670006888
05/04/2020,FEU,Z01,24,0.0758850667
05/04/2020,FEU,Z02,24,0.02863431548
05/04/2020,FEU,Z03,24,0.0306653066
05/04/2020,FEU,Z01,3,0.07884375782
05/04/2020,FEU,Z02,3,0.03109146182
05/04/2020,FEU,Z03,3,0.02880510544
05/04/2020,FEU,Z01,4,0.07819331582
05/04/2020,FEU,Z02,4,0.0304922968
05/04/2020,FEU,Z03,4,0.02819824144
05/04/2020,FEU,Z01,5,0.07627439486
05/04/2020,FEU,Z02,5,0.02865674884
05/04/2020,FEU,Z03,5,0.02643506746
05/04/2020,FEU,Z01,6,0.076464176
05/04/2020,FEU,Z02,6,0.02890462094
05/04/2020,FEU,Z03,6,0.02669813254
05/04/2020,FEU,Z01,7,0.0784393164
05/04/2020,FEU,Z02,7,0.03095833726
05/04/2020,FEU,Z03,7,0.0287658478
05/04/2020,FEU,Z01,8,0.07943022464
05/04/2020,FEU,Z02,8,0.03202463344
05/04/2020,FEU,Z03,8,0.03421449854
05/04/2020,FEU,Z01,9,0.07927132618
05/04/2020,FEU,Z02,9,0.03213762584
05/04/2020,FEU,Z03,9,0.0341283171
05/05/2020,FEU,Z01,1,0.07529878432
05/05/2020,FEU,Z02,1,0.02792056618
05/05/2020,FEU,Z03,1,0.0300288262
05/05/2020,FEU,Z01,10,0.07604730146
05/05/2020,FEU,Z02,10,0.02912329106
05/05/2020,FEU,Z03,10,0.03094474238
05/05/2020,FEU,Z01,11,0.0757396025
05/05/2020,FEU,Z02,11,0.0288300481
05/05/2020,FEU,Z03,11,0.03061875344
05/05/2020,FEU,Z01,12,0.07534441548
05/05/2020,FEU,Z02,12,0.02844225808
05/05/2020,FEU,Z03,12,0.03021884142
05/05/2020,FEU,Z01,13,0.07458999548
05/05/2020,FEU,Z02,13,0.02770793808
05/05/2020,FEU,Z03,13,0.0294859574
05/05/2020,FEU,Z01,14,0.07483985154
05/05/2020,FEU,Z02,14,0.0931785074
05/05/2020,FEU,Z03,14,0.0931785074
05/05/2020,FEU,Z01,15,0.07472082246
05/05/2020,FEU,Z02,15,0.09305862932
05/05/2020,FEU,Z03,15,0.09305862932
05/05/2020,FEU,Z01,16,0.07189029338
05/05/2020,FEU,Z02,16,0.09021047924
05/05/2020,FEU,Z03,16,0.09021047924
05/05/2020,FEU,Z01,17,0.07298057738
05/05/2020,FEU,Z02,17,0.09130751124
05/05/2020,FEU,Z03,17,0.09130751124
05/05/2020,FEU,Z01,18,0.07251008138
05/05/2020,FEU,Z02,18,0.09085943022
05/05/2020,FEU,Z03,18,0.09085943022
05/05/2020,FEU,Z01,19,0.0757218523
05/05/2020,FEU,Z02,19,0.09409370114
05/05/2020,FEU,Z03,19,0.09409370114
05/05/2020,FEU,Z01,2,0.07391401214
05/05/2020,FEU,Z02,2,0.02649582006
05/05/2020,FEU,Z03,2,0.02436956764
05/05/2020,FEU,Z01,20,0.07855503524
05/05/2020,FEU,Z02,20,0.09694664108
05/05/2020,FEU,Z03,20,0.09694664108
05/05/2020,FEU,Z01,21,0.0805696521
05/05/2020,FEU,Z02,21,0.09897485094
05/05/2020,FEU,Z03,21,0.09897485094
05/05/2020,FEU,Z01,22,0.0831149871
05/05/2020,FEU,Z02,22,0.10153796994
05/05/2020,FEU,Z03,22,0.10153796994
05/05/2020,FEU,Z01,23,0.08261885598
05/05/2020,FEU,Z02,23,0.1010714968
05/05/2020,FEU,Z03,23,0.1010714968
05/05/2020,FEU,Z01,24,0.08090073664
05/05/2020,FEU,Z02,24,0.03344478544
05/05/2020,FEU,Z03,24,0.03569130554
05/05/2020,FEU,Z01,3,0.07403700808
05/05/2020,FEU,Z02,3,0.02658411802
05/05/2020,FEU,Z03,3,0.0244574976
05/05/2020,FEU,Z01,4,0.07419488008
05/05/2020,FEU,Z02,4,0.026757127
05/05/2020,FEU,Z03,4,0.02462651558
05/05/2020,FEU,Z01,5,0.07423195608
05/05/2020,FEU,Z02,5,0.026792777
05/05/2020,FEU,Z03,5,0.0246389376
05/05/2020,FEU,Z01,6,0.07472261918
05/05/2020,FEU,Z02,6,0.02729977108
05/05/2020,FEU,Z03,6,0.02515391966
05/05/2020,FEU,Z01,7,0.07485405844
05/05/2020,FEU,Z02,7,0.02753073728
05/05/2020,FEU,Z03,7,0.02541927582
05/05/2020,FEU,Z01,8,0.07518120866
05/05/2020,FEU,Z02,8,0.02794804144
05/05/2020,FEU,Z03,8,0.02995100456
05/05/2020,FEU,Z01,9,0.07628028928
05/05/2020,FEU,Z02,9,0.02927291392
05/05/2020,FEU,Z03,9,0.0311452772
05/06/2020,FEU,Z01,1,0.08172065422
05/06/2020,FEU,Z02,1,0.03403876912
05/06/2020,FEU,Z03,1,0.03643634612
05/06/2020,FEU,Z01,10,0.0821813525
05/06/2020,FEU,Z02,10,0.03512895408
05/06/2020,FEU,Z03,10,0.03710799942
05/06/2020,FEU,Z01,11,0.07806483148
05/06/2020,FEU,Z02,11,0.03109019408
05/06/2020,FEU,Z03,11,0.03294650542
05/06/2020,FEU,Z01,12,0.07774740944
05/06/2020,FEU,Z02,12,0.03074904506
05/06/2020,FEU,Z03,12,0.03262088438
05/06/2020,FEU,Z01,13,0.07789246142
05/06/2020,FEU,Z02,13,0.03091316502
05/06/2020,FEU,Z03,13,0.03278904434
05/06/2020,FEU,Z01,14,0.07894536348
05/06/2020,FEU,Z02,14,0.09730945934
05/06/2020,FEU,Z03,14,0.09730945934
05/06/2020,FEU,Z01,15,0.0780942174
05/06/2020,FEU,Z02,15,0.09648313524
05/06/2020,FEU,Z03,15,0.09648313524
05/06/2020,FEU,Z01,16,0.0783141923
05/06/2020,FEU,Z02,16,0.09670431314
05/06/2020,FEU,Z03,16,0.09670431314
05/06/2020,FEU,Z01,17,0.07812295532
05/06/2020,FEU,Z02,17,0.09651179716
05/06/2020,FEU,Z03,17,0.09651179716
05/06/2020,FEU,Z01,18,0.07721821234
05/06/2020,FEU,Z02,18,0.09560187618
05/06/2020,FEU,Z03,18,0.09560187618
05/06/2020,FEU,Z01,19,0.08062776128
05/06/2020,FEU,Z02,19,0.09903410512
05/06/2020,FEU,Z03,19,0.09903410512
05/06/2020,FEU,Z01,2,0.0817889761
05/06/2020,FEU,Z02,2,0.03406181002
05/06/2020,FEU,Z03,2,0.0317453376
05/06/2020,FEU,Z01,20,0.08289876922
05/06/2020,FEU,Z02,20,0.10132081406
05/06/2020,FEU,Z03,20,0.10132081406
05/06/2020,FEU,Z01,21,0.08377823114
05/06/2020,FEU,Z02,21,0.10220604798
05/06/2020,FEU,Z03,21,0.10220604798
05/06/2020,FEU,Z01,22,0.08381300912
05/06/2020,FEU,Z02,22,0.10224096896
05/06/2020,FEU,Z03,22,0.10224096896
05/06/2020,FEU,Z01,23,0.08211440096
05/06/2020,FEU,Z02,23,0.10056298178
05/06/2020,FEU,Z03,23,0.10056298178
05/06/2020,FEU,Z01,24,0.07994683962
05/06/2020,FEU,Z02,24,0.03252185342
05/06/2020,FEU,Z03,24,0.03472959652
05/06/2020,FEU,Z01,3,0.08203412006
05/06/2020,FEU,Z02,3,0.03429219598
05/06/2020,FEU,Z03,3,0.03194440358
05/06/2020,FEU,Z01,4,0.08221202804
05/06/2020,FEU,Z02,4,0.03443261798
05/06/2020,FEU,Z03,4,0.03208004458
05/06/2020,FEU,Z01,5,0.08304319106
05/06/2020,FEU,Z02,5,0.03526248898
05/06/2020,FEU,Z03,5,0.03288828558
05/06/2020,FEU,Z01,6,0.08325851618
05/06/2020,FEU,Z02,6,0.03551429908
05/06/2020,FEU,Z03,6,0.03318835164
05/06/2020,FEU,Z01,7,0.08546194844
05/06/2020,FEU,Z02,7,0.03776041728
05/06/2020,FEU,Z03,7,0.03540582082
05/06/2020,FEU,Z01,8,0.0878903917
05/06/2020,FEU,Z02,8,0.04023774548
05/06/2020,FEU,Z03,8,0.04268810262
05/06/2020,FEU,Z01,9,0.08612445932
05/06/2020,FEU,Z02,9,0.03884545796
05/06/2020,FEU,Z03,9,0.04099803926
05/07/2020,FEU,Z01,1,0.08074088404
05/07/2020,FEU,Z02,1,0.03301803898
05/07/2020,FEU,Z03,1,0.03541892294
05/07/2020,FEU,Z01,10,0.07874034042
05/07/2020,FEU,Z02,10,0.03171165004
05/07/2020,FEU,Z03,10,0.03361277736
05/07/2020,FEU,Z01,11,0.07744537742
05/07/2020,FEU,Z02,11,0.03047796102
05/07/2020,FEU,Z03,11,0.03234037634
05/07/2020,FEU,Z01,12,0.07734397538
05/07/2020,FEU,Z02,12,0.030347478
05/07/2020,FEU,Z03,12,0.0322312123
05/07/2020,FEU,Z01,13,0.07747644536
05/07/2020,FEU,Z02,13,0.03047324398
05/07/2020,FEU,Z03,13,0.03236044928
05/07/2020,FEU,Z01,14,0.07802264144
05/07/2020,FEU,Z02,14,0.0963809123
05/07/2020,FEU,Z03,14,0.0963809123
05/07/2020,FEU,Z01,15,0.07675309736
05/07/2020,FEU,Z02,15,0.0951323972
05/07/2020,FEU,Z03,15,0.0951323972
05/07/2020,FEU,Z01,16,0.07479647126
05/07/2020,FEU,Z02,16,0.0931617021
05/07/2020,FEU,Z03,16,0.0931617021
05/07/2020,FEU,Z01,17,0.07557710528
05/07/2020,FEU,Z02,17,0.09394788112
05/07/2020,FEU,Z03,17,0.09394788112
05/07/2020,FEU,Z01,18,0.07579712132
05/07/2020,FEU,Z02,18,0.09414139618
05/07/2020,FEU,Z03,18,0.09414139618
05/07/2020,FEU,Z01,19,0.07807024724
05/07/2020,FEU,Z02,19,0.0964283871
05/07/2020,FEU,Z03,19,0.0964283871
05/07/2020,FEU,Z01,2,0.08177080298
05/07/2020,FEU,Z02,2,0.03400075292
05/07/2020,FEU,Z03,2,0.03163484054
05/07/2020,FEU,Z01,20,0.07992917316
05/07/2020,FEU,Z02,20,0.098330127
05/07/2020,FEU,Z03,20,0.098330127
05/07/2020,FEU,Z01,21,0.08026349708
05/07/2020,FEU,Z02,21,0.0986982419
05/07/2020,FEU,Z03,21,0.0986982419
05/07/2020,FEU,Z01,22,0.081604377
05/07/2020,FEU,Z02,22,0.10004919782
05/07/2020,FEU,Z03,22,0.10004919782
05/07/2020,FEU,Z01,23,0.08308863284
05/07/2020,FEU,Z02,23,0.10154410166
05/07/2020,FEU,Z03,23,0.10154410166
05/07/2020,FEU,Z01,24,0.0830064265
05/07/2020,FEU,Z02,24,0.03542983732
05/07/2020,FEU,Z03,24,0.0377798364
05/07/2020,FEU,Z01,3,0.08089411394
05/07/2020,FEU,Z02,3,0.0331250869
05/07/2020,FEU,Z03,3,0.0308098525
05/07/2020,FEU,Z01,4,0.07939688392
05/07/2020,FEU,Z02,4,0.03168488488
05/07/2020,FEU,Z03,4,0.0293822275
05/07/2020,FEU,Z01,5,0.07936216996
05/07/2020,FEU,Z02,5,0.03165813292
05/07/2020,FEU,Z03,5,0.02937937752
05/07/2020,FEU,Z01,6,0.07977418406
05/07/2020,FEU,Z02,6,0.03211910798
05/07/2020,FEU,Z03,6,0.02982683458
05/07/2020,FEU,Z01,7,0.07869597434
05/07/2020,FEU,Z02,7,0.0311960572
05/07/2020,FEU,Z03,7,0.02897398576
05/07/2020,FEU,Z01,8,0.08189322462
05/07/2020,FEU,Z02,8,0.03440163842
05/07/2020,FEU,Z03,8,0.03668430652
05/07/2020,FEU,Z01,9,0.08124894626
05/07/2020,FEU,Z02,9,0.03406979392
05/07/2020,FEU,Z03,9,0.03612771718
05/08/2020,FEU,Z01,1,0.08346455918
05/08/2020,FEU,Z02,1,0.03571141108
05/08/2020,FEU,Z03,1,0.03818011208
05/08/2020,FEU,Z01,10,0.07617352546
05/08/2020,FEU,Z02,10,0.02924615506
05/08/2020,FEU,Z03,10,0.03107141438
05/08/2020,FEU,Z01,11,0.07307840542
05/08/2020,FEU,Z02,11,0.02622702902
05/08/2020,FEU,Z03,11,0.02795793234
05/08/2020,FEU,Z01,12,0.07505935538
05/08/2020,FEU,Z02,12,0.028124378
05/08/2020,FEU,Z03,12,0.0299385123
05/08/2020,FEU,Z01,13,0.07574813438
05/08/2020,FEU,Z02,13,0.028794278
05/08/2020,FEU,Z03,13,0.0306297273
05/08/2020,FEU,Z01,14,0.07730072144
05/08/2020,FEU,Z02,14,0.09568528928
05/08/2020,FEU,Z03,14,0.09568528928
05/08/2020,FEU,Z01,15,0.07697688334
05/08/2020,FEU,Z02,15,0.0953284772
05/08/2020,FEU,Z03,15,0.0953284772
05/08/2020,FEU,Z01,16,0.07433091328
05/08/2020,FEU,Z02,16,0.09269291312
05/08/2020,FEU,Z03,16,0.09269291312
05/08/2020,FEU,Z01,17,0.0724950473
05/08/2020,FEU,Z02,17,0.09081892716
05/08/2020,FEU,Z03,17,0.09081892716
05/08/2020,FEU,Z01,18,0.0737049573
05/08/2020,FEU,Z02,18,0.09203629916
05/08/2020,FEU,Z03,18,0.09203629916
05/08/2020,FEU,Z01,19,0.07612285822
05/08/2020,FEU,Z02,19,0.09449731106
05/08/2020,FEU,Z03,19,0.09449731106
05/08/2020,FEU,Z01,2,0.08178673804
05/08/2020,FEU,Z02,2,0.03402401298
05/08/2020,FEU,Z03,2,0.03168208958
05/08/2020,FEU,Z01,20,0.07798779314
05/08/2020,FEU,Z02,20,0.09640493696
05/08/2020,FEU,Z03,20,0.09640493696
05/08/2020,FEU,Z01,21,0.07913352302
05/08/2020,FEU,Z02,21,0.09755910284
05/08/2020,FEU,Z03,21,0.09755910284
05/08/2020,FEU,Z01,22,0.082795777
05/08/2020,FEU,Z02,22,0.10121606684
05/08/2020,FEU,Z03,22,0.10121606684
05/08/2020,FEU,Z01,23,0.0836502568
05/08/2020,FEU,Z02,23,0.10211101462
05/08/2020,FEU,Z03,23,0.10211101462
05/08/2020,FEU,Z01,24,0.08286915346
05/08/2020,FEU,Z02,24,0.0352639073
05/08/2020,FEU,Z03,24,0.03763450436
05/08/2020,FEU,Z01,3,0.080679776
05/08/2020,FEU,Z02,3,0.03295510994
05/08/2020,FEU,Z03,3,0.03064210854
05/08/2020,FEU,Z01,4,0.080362976
05/08/2020,FEU,Z02,4,0.03265071794
05/08/2020,FEU,Z03,4,0.03034675954
05/08/2020,FEU,Z01,5,0.07947579604
05/08/2020,FEU,Z02,5,0.03180373398
05/08/2020,FEU,Z03,5,0.02951968058
05/08/2020,FEU,Z01,6,0.08056892816
05/08/2020,FEU,Z02,6,0.03292360806
05/08/2020,FEU,Z03,6,0.03063483964
05/08/2020,FEU,Z01,7,0.0791591164
05/08/2020,FEU,Z02,7,0.03165077026
05/08/2020,FEU,Z03,7,0.0294418378
05/08/2020,FEU,Z01,8,0.0803578166
05/08/2020,FEU,Z02,8,0.0329159474
05/08/2020,FEU,Z03,8,0.0351386015
05/08/2020,FEU,Z01,9,0.07810968926
05/08/2020,FEU,Z02,9,0.0310466379
05/08/2020,FEU,Z03,9,0.03297741618
05/09/2020,FEU,Z01,1,0.08387291208
05/09/2020,FEU,Z02,1,0.036061777
05/09/2020,FEU,Z03,1,0.03860121396
05/09/2020,FEU,Z01,10,0.08130461994
05/09/2020,FEU,Z02,10,0.03399139366
05/09/2020,FEU,Z03,10,0.03615294884
05/09/2020,FEU,Z01,11,0.07781562002
05/09/2020,FEU,Z02,11,0.03064871372
05/09/2020,FEU,Z03,11,0.03266371692
05/09/2020,FEU,Z01,12,0.07903294104
05/09/2020,FEU,Z02,12,0.03183190774
05/09/2020,FEU,Z03,12,0.03386316896
05/09/2020,FEU,Z01,13,0.079012277
05/09/2020,FEU,Z02,13,0.03177942372
05/09/2020,FEU,Z03,13,0.03383502692
05/09/2020,FEU,Z01,14,0.07773836912
05/09/2020,FEU,Z02,14,0.09612384896
05/09/2020,FEU,Z03,14,0.09612384896
05/09/2020,FEU,Z01,15,0.07468661304
05/09/2020,FEU,Z02,15,0.09305057688
05/09/2020,FEU,Z03,15,0.09305057688
05/09/2020,FEU,Z01,16,0.07438665686
05/09/2020,FEU,Z02,16,0.09277455468
05/09/2020,FEU,Z03,16,0.09277455468
05/09/2020,FEU,Z01,17,0.07386947786
05/09/2020,FEU,Z02,17,0.09225335268
05/09/2020,FEU,Z03,17,0.09225335268
05/09/2020,FEU,Z01,18,0.07256026794
05/09/2020,FEU,Z02,18,0.09093415676
05/09/2020,FEU,Z03,18,0.09093415676
05/09/2020,FEU,Z01,19,0.07488755288
05/09/2020,FEU,Z02,19,0.09325373672
05/09/2020,FEU,Z03,19,0.09325373672
05/09/2020,FEU,Z01,2,0.08449912988
05/09/2020,FEU,Z02,2,0.03655010886
05/09/2020,FEU,Z03,2,0.03414712846
05/09/2020,FEU,Z01,20,0.07805058082
05/09/2020,FEU,Z02,20,0.09646680864
05/09/2020,FEU,Z03,20,0.09646680864
05/09/2020,FEU,Z01,21,0.07363680872
05/09/2020,FEU,Z02,21,0.09204407052
05/09/2020,FEU,Z03,21,0.09204407052
05/09/2020,FEU,Z01,22,0.0810297067
05/09/2020,FEU,Z02,22,0.0995015265
05/09/2020,FEU,Z03,22,0.0995015265
05/09/2020,FEU,Z01,23,0.08012957054
05/09/2020,FEU,Z02,23,0.09859151934
05/09/2020,FEU,Z03,23,0.09859151934
05/09/2020,FEU,Z01,24,0.08093839614
05/09/2020,FEU,Z02,24,0.03327641304
05/09/2020,FEU,Z03,24,0.03566323302
05/09/2020,FEU,Z01,3,0.08502045584
05/09/2020,FEU,Z02,3,0.03704524482
05/09/2020,FEU,Z03,3,0.03459964144
05/09/2020,FEU,Z01,4,0.08455144682
05/09/2020,FEU,Z02,4,0.0365927368
05/09/2020,FEU,Z03,4,0.03415986542
05/09/2020,FEU,Z01,5,0.0849903158
05/09/2020,FEU,Z02,5,0.03701130778
05/09/2020,FEU,Z03,5,0.03453808042
05/09/2020,FEU,Z01,6,0.08475939482
05/09/2020,FEU,Z02,6,0.0367922568
05/09/2020,FEU,Z03,6,0.03432553744
05/09/2020,FEU,Z01,7,0.08505027188
05/09/2020,FEU,Z02,7,0.03710899084
05/09/2020,FEU,Z03,7,0.03466216746
05/09/2020,FEU,Z01,8,0.08439258598
05/09/2020,FEU,Z02,8,0.03651993492
05/09/2020,FEU,Z03,8,0.03910466686
05/09/2020,FEU,Z01,9,0.08205606668
05/09/2020,FEU,Z02,9,0.03459594146
05/09/2020,FEU,Z03,9,0.03685905458
05/10/2020,FEU,Z01,1,0.08397475382
05/10/2020,FEU,Z02,1,0.0360382568
05/10/2020,FEU,Z03,1,0.0386546507
05/10/2020,FEU,Z01,10,0.07510161664
05/10/2020,FEU,Z02,10,0.02786811542
05/10/2020,FEU,Z03,10,0.02986736054
05/10/2020,FEU,Z01,11,0.07113071672
05/10/2020,FEU,Z02,11,0.0240422275
05/10/2020,FEU,Z03,11,0.02589424862
05/10/2020,FEU,Z01,12,0.07054056872
05/10/2020,FEU,Z02,12,0.0234707275
05/10/2020,FEU,Z03,12,0.02530156562
05/10/2020,FEU,Z01,13,0.06963679166
05/10/2020,FEU,Z02,13,0.02257085146
05/10/2020,FEU,Z03,13,0.02436448458
05/10/2020,FEU,Z01,14,0.06947634886
05/10/2020,FEU,Z02,14,0.08782605068
05/10/2020,FEU,Z03,14,0.08782605068
05/10/2020,FEU,Z01,15,0.0680934968
05/10/2020,FEU,Z02,15,0.08643238662
05/10/2020,FEU,Z03,15,0.08643238662
05/10/2020,FEU,Z01,16,0.0640842866
05/10/2020,FEU,Z02,16,0.0824094564
05/10/2020,FEU,Z03,16,0.0824094564
05/10/2020,FEU,Z01,17,0.06145028558
05/10/2020,FEU,Z02,17,0.07975295838
05/10/2020,FEU,Z03,17,0.07975295838
05/10/2020,FEU,Z01,18,0.0649044566
05/10/2020,FEU,Z02,18,0.08321864942
05/10/2020,FEU,Z03,18,0.08321864942
05/10/2020,FEU,Z01,19,0.07095021562
05/10/2020,FEU,Z02,19,0.08931212644
05/10/2020,FEU,Z03,19,0.08931212644
05/10/2020,FEU,Z01,2,0.08262524768
05/10/2020,FEU,Z02,2,0.0346707117
05/10/2020,FEU,Z03,2,0.03226441234
05/10/2020,FEU,Z01,20,0.0724708466
05/10/2020,FEU,Z02,20,0.0908676964
05/10/2020,FEU,Z03,20,0.0908676964
05/10/2020,FEU,Z01,21,0.0702724166
05/10/2020,FEU,Z02,21,0.0886516564
05/10/2020,FEU,Z03,21,0.0886516564
05/10/2020,FEU,Z01,22,0.07155591876
05/10/2020,FEU,Z02,22,0.08992276158
05/10/2020,FEU,Z03,22,0.08992276158
05/10/2020,FEU,Z01,23,0.07113064668
05/10/2020,FEU,Z02,23,0.08951626448
05/10/2020,FEU,Z03,23,0.08951626448
05/10/2020,FEU,Z01,24,0.0694547063
05/10/2020,FEU,Z02,24,0.02226805218
05/10/2020,FEU,Z03,24,0.0241335662
05/10/2020,FEU,Z01,3,0.0803744356
05/10/2020,FEU,Z02,3,0.03247785664
05/10/2020,FEU,Z03,3,0.0301076873
05/10/2020,FEU,Z01,4,0.07921023954
05/10/2020,FEU,Z02,4,0.0313292566
05/10/2020,FEU,Z03,4,0.02899375426
05/10/2020,FEU,Z01,5,0.07928045356
05/10/2020,FEU,Z02,5,0.0314240266
05/10/2020,FEU,Z03,5,0.02908585126
05/10/2020,FEU,Z01,6,0.0793337756
05/10/2020,FEU,Z02,6,0.03148155264
05/10/2020,FEU,Z03,6,0.0291395323
05/10/2020,FEU,Z01,7,0.0792388907
05/10/2020,FEU,Z02,7,0.0314529817
05/10/2020,FEU,Z03,7,0.02911126536
05/10/2020,FEU,Z01,8,0.0789424307
05/10/2020,FEU,Z02,8,0.03114503272
05/10/2020,FEU,Z03,8,0.03357491558
05/10/2020,FEU,Z01,9,0.0768171113
05/10/2020,FEU,Z02,9,0.02935708518
05/10/2020,FEU,Z03,9,0.0315270362
05/11/2020,FEU,Z01,1,0.07582668804
05/11/2020,FEU,Z02,1,0.02829778798
05/11/2020,FEU,Z03,1,0.03048421694
05/11/2020,FEU,Z01,10,0.0738149074
05/11/2020,FEU,Z02,10,0.02691830002
05/11/2020,FEU,Z03,10,0.02867058934
05/11/2020,FEU,Z01,11,0.07234455542
05/11/2020,FEU,Z02,11,0.02551267902
05/11/2020,FEU,Z03,11,0.02722148234
05/11/2020,FEU,Z01,12,0.07186360142
05/11/2020,FEU,Z02,12,0.02504450502
05/11/2020,FEU,Z03,12,0.02673882434
05/11/2020,FEU,Z01,13,0.07279163942
05/11/2020,FEU,Z02,13,0.02594788302
05/11/2020,FEU,Z03,13,0.02767015034
05/11/2020,FEU,Z01,14,0.07260508154
05/11/2020,FEU,Z02,14,0.0909298074
05/11/2020,FEU,Z03,14,0.0909298074
05/11/2020,FEU,Z01,15,0.07277263148
05/11/2020,FEU,Z02,15,0.09109835334
05/11/2020,FEU,Z03,15,0.09109835334
05/11/2020,FEU,Z01,16,0.0705119174
05/11/2020,FEU,Z02,16,0.08884715524
05/11/2020,FEU,Z03,16,0.08884715524
05/11/2020,FEU,Z01,17,0.06992623742
05/11/2020,FEU,Z02,17,0.08825734826
05/11/2020,FEU,Z03,17,0.08825734826
05/11/2020,FEU,Z01,18,0.0705232174
05/11/2020,FEU,Z02,18,0.08883494426
05/11/2020,FEU,Z03,18,0.08883494426
05/11/2020,FEU,Z01,19,0.07260431736
05/11/2020,FEU,Z02,19,0.0909542972
05/11/2020,FEU,Z03,19,0.0909542972
05/11/2020,FEU,Z01,2,0.07425174788
05/11/2020,FEU,Z02,2,0.02671907986
05/11/2020,FEU,Z03,2,0.02454886748
05/11/2020,FEU,Z01,20,0.07353781226
05/11/2020,FEU,Z02,20,0.09186808912
05/11/2020,FEU,Z03,20,0.09186808912
05/11/2020,FEU,Z01,21,0.0764975972
05/11/2020,FEU,Z02,21,0.09487462504
05/11/2020,FEU,Z03,21,0.09487462504
05/11/2020,FEU,Z01,22,0.0777481772
05/11/2020,FEU,Z02,22,0.09613398104
05/11/2020,FEU,Z03,22,0.09613398104
05/11/2020,FEU,Z01,23,0.07931305304
05/11/2020,FEU,Z02,23,0.09770925688
05/11/2020,FEU,Z03,23,0.09770925688
05/11/2020,FEU,Z01,24,0.0779319717
05/11/2020,FEU,Z02,24,0.03061157148
05/11/2020,FEU,Z03,24,0.0327209966
05/11/2020,FEU,Z01,3,0.07416734582
05/11/2020,FEU,Z02,3,0.02660844982
05/11/2020,FEU,Z03,3,0.02444200144
05/11/2020,FEU,Z01,4,0.07357856282
05/11/2020,FEU,Z02,4,0.0260634168
05/11/2020,FEU,Z03,4,0.02389266544
05/11/2020,FEU,Z01,5,0.07350432986
05/11/2020,FEU,Z02,5,0.02599913884
05/11/2020,FEU,Z03,5,0.02384972946
05/11/2020,FEU,Z01,6,0.073443776
05/11/2020,FEU,Z02,6,0.02600136694
05/11/2020,FEU,Z03,6,0.02387041854
05/11/2020,FEU,Z01,7,0.0744863164
05/11/2020,FEU,Z02,7,0.02714938726
05/11/2020,FEU,Z03,7,0.0250462378
05/11/2020,FEU,Z01,8,0.07474654464
05/11/2020,FEU,Z02,8,0.02750135344
05/11/2020,FEU,Z03,8,0.02951076854
05/11/2020,FEU,Z01,9,0.07375801418
05/11/2020,FEU,Z02,9,0.02678376984
05/11/2020,FEU,Z03,9,0.0285956771
05/12/2020,FEU,Z01,1,0.08264313632
05/12/2020,FEU,Z02,1,0.03499818918
05/12/2020,FEU,Z03,1,0.0374103962
05/12/2020,FEU,Z01,10,0.08102413346
05/12/2020,FEU,Z02,10,0.03396764306
05/12/2020,FEU,Z03,10,0.03593923838
05/12/2020,FEU,Z01,11,0.0807874775
05/12/2020,FEU,Z02,11,0.0337433131
05/12/2020,FEU,Z03,11,0.03568008944
05/12/2020,FEU,Z01,12,0.08086631948
05/12/2020,FEU,Z02,12,0.03381704208
05/12/2020,FEU,Z03,12,0.03575545742
05/12/2020,FEU,Z01,13,0.08165451948
05/12/2020,FEU,Z02,13,0.03458424208
05/12/2020,FEU,Z03,13,0.0365755774
05/12/2020,FEU,Z01,14,0.08182828054
05/12/2020,FEU,Z02,14,0.1002104974
05/12/2020,FEU,Z03,14,0.1002104974
05/12/2020,FEU,Z01,15,0.08167666646
05/12/2020,FEU,Z02,15,0.10005767732
05/12/2020,FEU,Z03,15,0.10005767732
05/12/2020,FEU,Z01,16,0.08100615338
05/12/2020,FEU,Z02,16,0.09938389724
05/12/2020,FEU,Z03,16,0.09938389724
05/12/2020,FEU,Z01,17,0.08109889538
05/12/2020,FEU,Z02,17,0.09947607524
05/12/2020,FEU,Z03,17,0.09947607524
05/12/2020,FEU,Z01,18,0.08055940838
05/12/2020,FEU,Z02,18,0.09896569322
05/12/2020,FEU,Z03,18,0.09896569322
05/12/2020,FEU,Z01,19,0.0816442823
05/12/2020,FEU,Z02,19,0.10005787514
05/12/2020,FEU,Z03,19,0.10005787514
05/12/2020,FEU,Z01,2,0.08290088114
05/12/2020,FEU,Z02,2,0.03513617106
05/12/2020,FEU,Z03,2,0.03279146164
05/12/2020,FEU,Z01,20,0.08459781524
05/12/2020,FEU,Z02,20,0.10303190108
05/12/2020,FEU,Z03,20,0.10303190108
05/12/2020,FEU,Z01,21,0.0860209971
05/12/2020,FEU,Z02,21,0.10446428394
05/12/2020,FEU,Z03,21,0.10446428394
05/12/2020,FEU,Z01,22,0.0846378371
05/12/2020,FEU,Z02,22,0.10307145994
05/12/2020,FEU,Z03,22,0.10307145994
05/12/2020,FEU,Z01,23,0.08307465198
05/12/2020,FEU,Z02,23,0.1015308568
05/12/2020,FEU,Z03,23,0.1015308568
05/12/2020,FEU,Z01,24,0.08232336064
05/12/2020,FEU,Z02,24,0.03481981744
05/12/2020,FEU,Z03,24,0.03712001954
05/12/2020,FEU,Z01,3,0.08280368808
05/12/2020,FEU,Z02,3,0.03500628802
05/12/2020,FEU,Z03,3,0.0326670976
05/12/2020,FEU,Z01,4,0.08307159208
05/12/2020,FEU,Z02,4,0.035291277
05/12/2020,FEU,Z03,4,0.03294545658
05/12/2020,FEU,Z01,5,0.08320434808
05/12/2020,FEU,Z02,5,0.035420077
05/12/2020,FEU,Z03,5,0.0330422976
05/12/2020,FEU,Z01,6,0.08247245618
05/12/2020,FEU,Z02,6,0.03475793908
05/12/2020,FEU,Z03,6,0.03242335566
05/12/2020,FEU,Z01,7,0.08334508244
05/12/2020,FEU,Z02,7,0.03571902528
05/12/2020,FEU,Z03,7,0.03341294782
05/12/2020,FEU,Z01,8,0.08322650666
05/12/2020,FEU,Z02,8,0.03572447344
05/12/2020,FEU,Z03,8,0.03803077256
05/12/2020,FEU,Z01,9,0.08456059328
05/12/2020,FEU,Z02,9,0.03731996992
05/12/2020,FEU,Z03,9,0.0394547372
05/13/2020,FEU,Z01,1,0.08438758122
05/13/2020,FEU,Z02,1,0.03660590512
05/13/2020,FEU,Z03,1,0.03911448812
05/13/2020,FEU,Z01,10,0.0843053525
05/13/2020,FEU,Z02,10,0.03719929808
05/13/2020,FEU,Z03,10,0.03923955142
05/13/2020,FEU,Z01,11,0.08375788748
05/13/2020,FEU,Z02,11,0.03663157008
05/13/2020,FEU,Z03,11,0.03865472942
05/13/2020,FEU,Z01,12,0.08389726544
05/13/2020,FEU,Z02,12,0.03672988906
05/13/2020,FEU,Z03,12,0.03878709638
05/13/2020,FEU,Z01,13,0.08536531242
05/13/2020,FEU,Z02,13,0.03818744602
05/13/2020,FEU,Z03,13,0.04028837134
05/13/2020,FEU,Z01,14,0.08349552948
05/13/2020,FEU,Z02,14,0.10188791234
05/13/2020,FEU,Z03,14,0.10188791234
05/13/2020,FEU,Z01,15,0.0829351374
05/13/2020,FEU,Z02,15,0.10135946524
05/13/2020,FEU,Z03,15,0.10135946524
05/13/2020,FEU,Z01,16,0.0819212223
05/13/2020,FEU,Z02,16,0.10033676714
05/13/2020,FEU,Z03,16,0.10033676714
05/13/2020,FEU,Z01,17,0.08186402132
05/13/2020,FEU,Z02,17,0.10028039716
05/13/2020,FEU,Z03,17,0.10028039716
05/13/2020,FEU,Z01,18,0.08187710834
05/13/2020,FEU,Z02,18,0.10029252718
05/13/2020,FEU,Z03,18,0.10029252718
05/13/2020,FEU,Z01,19,0.08023584128
05/13/2020,FEU,Z02,19,0.09863942512
05/13/2020,FEU,Z03,19,0.09863942512
05/13/2020,FEU,Z01,2,0.0850166711
05/13/2020,FEU,Z02,2,0.03716411002
05/13/2020,FEU,Z03,2,0.0347704576
05/13/2020,FEU,Z01,20,0.08176546422
05/13/2020,FEU,Z02,20,0.10017954906
05/13/2020,FEU,Z03,20,0.10017954906
05/13/2020,FEU,Z01,21,0.08341818614
05/13/2020,FEU,Z02,21,0.10184348298
05/13/2020,FEU,Z03,21,0.10184348298
05/13/2020,FEU,Z01,22,0.08534596912
05/13/2020,FEU,Z02,22,0.10378464896
05/13/2020,FEU,Z03,22,0.10378464896
05/13/2020,FEU,Z01,23,0.08403248096
05/13/2020,FEU,Z02,23,0.10249604678
05/13/2020,FEU,Z03,23,0.10249604678
05/13/2020,FEU,Z01,24,0.08300845062
05/13/2020,FEU,Z02,24,0.03547870442
05/13/2020,FEU,Z03,24,0.03780430252
05/13/2020,FEU,Z01,3,0.08456218406
05/13/2020,FEU,Z02,3,0.03672310798
05/13/2020,FEU,Z03,3,0.03431083458
05/13/2020,FEU,Z01,4,0.08365921204
05/13/2020,FEU,Z02,4,0.03582302598
05/13/2020,FEU,Z03,4,0.03343533358
05/13/2020,FEU,Z01,5,0.08325027206
05/13/2020,FEU,Z02,5,0.03546046098
05/13/2020,FEU,Z03,5,0.03308221858
05/13/2020,FEU,Z01,6,0.08322278618
05/13/2020,FEU,Z02,6,0.03547877308
05/13/2020,FEU,Z03,6,0.03315481164
05/13/2020,FEU,Z01,7,0.08505436044
05/13/2020,FEU,Z02,7,0.03736849728
05/13/2020,FEU,Z03,7,0.03502321582
05/13/2020,FEU,Z01,8,0.0848858567
05/13/2020,FEU,Z02,8,0.03733379148
05/13/2020,FEU,Z03,8,0.03967325162
05/13/2020,FEU,Z01,9,0.08505396332
05/13/2020,FEU,Z02,9,0.03780406796
05/13/2020,FEU,Z03,9,0.03992471126
05/14/2020,FEU,Z01,1,0.08490034004
05/14/2020,FEU,Z02,1,0.03701546198
05/14/2020,FEU,Z03,1,0.03959573894
05/14/2020,FEU,Z01,10,0.08076915342
05/14/2020,FEU,Z02,10,0.03368475604
05/14/2020,FEU,Z03,10,0.03564698136
05/14/2020,FEU,Z01,11,0.08063141542
05/14/2020,FEU,Z02,11,0.03357933902
05/14/2020,FEU,Z03,11,0.03553770234
05/14/2020,FEU,Z01,12,0.08061595838
05/14/2020,FEU,Z02,12,0.033529778
05/14/2020,FEU,Z03,12,0.0355147673
05/14/2020,FEU,Z01,13,0.08061434936
05/14/2020,FEU,Z02,13,0.03352521598
05/14/2020,FEU,Z03,13,0.03550944128
05/14/2020,FEU,Z01,14,0.08078285744
05/14/2020,FEU,Z02,14,0.0991582573
05/14/2020,FEU,Z03,14,0.0991582573
05/14/2020,FEU,Z01,15,0.07994760136
05/14/2020,FEU,Z02,15,0.0983494772
05/14/2020,FEU,Z03,15,0.0983494772
05/14/2020,FEU,Z01,16,0.08061450026
05/14/2020,FEU,Z02,16,0.0990206671
05/14/2020,FEU,Z03,16,0.0990206671
05/14/2020,FEU,Z01,17,0.07964739328
05/14/2020,FEU,Z02,17,0.09804683312
05/14/2020,FEU,Z03,17,0.09804683312
05/14/2020,FEU,Z01,18,0.07963117532
05/14/2020,FEU,Z02,18,0.09799911718
05/14/2020,FEU,Z03,18,0.09799911718
05/14/2020,FEU,Z01,19,0.07922531724
05/14/2020,FEU,Z02,19,0.0975905621
05/14/2020,FEU,Z03,19,0.0975905621
05/14/2020,FEU,Z01,2,0.08292976798
05/14/2020,FEU,Z02,2,0.03511436292
05/14/2020,FEU,Z03,2,0.03271741254
05/14/2020,FEU,Z01,20,0.08220061116
05/14/2020,FEU,Z02,20,0.100618627
05/14/2020,FEU,Z03,20,0.100618627
05/14/2020,FEU,Z01,21,0.08428939508
05/14/2020,FEU,Z02,21,0.1027557569
05/14/2020,FEU,Z03,21,0.1027557569
05/14/2020,FEU,Z01,22,0.086099727
05/14/2020,FEU,Z02,22,0.10457972882
05/14/2020,FEU,Z03,22,0.10457972882
05/14/2020,FEU,Z01,23,0.08326464884
05/14/2020,FEU,Z02,23,0.10172148566
05/14/2020,FEU,Z03,23,0.10172148566
05/14/2020,FEU,Z01,24,0.0796306515
05/14/2020,FEU,Z02,24,0.03217185532
05/14/2020,FEU,Z03,24,0.0343896964
05/14/2020,FEU,Z01,3,0.08414221394
05/14/2020,FEU,Z02,3,0.0362447419
05/14/2020,FEU,Z03,3,0.0338473525
05/14/2020,FEU,Z01,4,0.08363737192
05/14/2020,FEU,Z02,4,0.03575747288
05/14/2020,FEU,Z03,4,0.0333456025
05/14/2020,FEU,Z01,5,0.08303548196
05/14/2020,FEU,Z02,5,0.03518475692
05/14/2020,FEU,Z03,5,0.03281432152
05/14/2020,FEU,Z01,6,0.08280020006
05/14/2020,FEU,Z02,6,0.03502883598
05/14/2020,FEU,Z03,6,0.03266072258
05/14/2020,FEU,Z01,7,0.08406442834
05/14/2020,FEU,Z02,7,0.0363693772
05/14/2020,FEU,Z03,7,0.03402024176
05/14/2020,FEU,Z01,8,0.08394598862
05/14/2020,FEU,Z02,8,0.03638416242
05/14/2020,FEU,Z03,8,0.03874585052
05/14/2020,FEU,Z01,9,0.08366166026
05/14/2020,FEU,Z02,9,0.03641248192
05/14/2020,FEU,Z03,9,0.03854891918
05/15/2020,FEU,Z01,1,0.07964383118
05/15/2020,FEU,Z02,1,0.03203504308
05/15/2020,FEU,Z03,1,0.03434334408
05/15/2020,FEU,Z01,10,0.07929644246
05/15/2020,FEU,Z02,10,0.03228594206
05/15/2020,FEU,Z03,10,0.03420541538
05/15/2020,FEU,Z01,11,0.07919871442
05/15/2020,FEU,Z02,11,0.03218470802
05/15/2020,FEU,Z03,11,0.03409992534
05/15/2020,FEU,Z01,12,0.07921578038
05/15/2020,FEU,Z02,12,0.032166878
05/15/2020,FEU,Z03,12,0.0341096373
05/15/2020,FEU,Z01,13,0.07928477138
05/15/2020,FEU,Z02,13,0.032233978
05/15/2020,FEU,Z03,13,0.0341788723
05/15/2020,FEU,Z01,14,0.07899610544
05/15/2020,FEU,Z02,14,0.09739156128
05/15/2020,FEU,Z03,14,0.09739156128
05/15/2020,FEU,Z01,15,0.07762156034
05/15/2020,FEU,Z02,15,0.0959771372
05/15/2020,FEU,Z03,15,0.0959771372
05/15/2020,FEU,Z01,16,0.07422753728
05/15/2020,FEU,Z02,16,0.09258880912
05/15/2020,FEU,Z03,16,0.09258880912
05/15/2020,FEU,Z01,17,0.0765401873
05/15/2020,FEU,Z02,17,0.09488901516
05/15/2020,FEU,Z03,17,0.09488901516
05/15/2020,FEU,Z01,18,0.0739353623
05/15/2020,FEU,Z02,18,0.09226812516
05/15/2020,FEU,Z03,18,0.09226812516
05/15/2020,FEU,Z01,19,0.07364781122
05/15/2020,FEU,Z02,19,0.09200488006
05/15/2020,FEU,Z03,19,0.09200488006
05/15/2020,FEU,Z01,2,0.07695760004
05/15/2020,FEU,Z02,2,0.02938433198
05/15/2020,FEU,Z03,2,0.02716445958
05/15/2020,FEU,Z01,20,0.07687336814
05/15/2020,FEU,Z02,20,0.09528173696
05/15/2020,FEU,Z03,20,0.09528173696
05/15/2020,FEU,Z01,21,0.07983326402
05/15/2020,FEU,Z02,21,0.09826548284
05/15/2020,FEU,Z03,21,0.09826548284
05/15/2020,FEU,Z01,22,0.079549327
05/15/2020,FEU,Z02,22,0.09794703284
05/15/2020,FEU,Z03,22,0.09794703284
05/15/2020,FEU,Z01,23,0.0790578168
05/15/2020,FEU,Z02,23,0.09748177462
05/15/2020,FEU,Z03,23,0.09748177462
05/15/2020,FEU,Z01,24,0.07659574346
05/15/2020,FEU,Z02,24,0.0292143573
05/15/2020,FEU,Z03,24,0.03133444436
05/15/2020,FEU,Z01,3,0.075514976
05/15/2020,FEU,Z02,3,0.02799144494
05/15/2020,FEU,Z03,3,0.02580871654
05/15/2020,FEU,Z01,4,0.074600576
05/15/2020,FEU,Z02,4,0.02711401194
05/15/2020,FEU,Z03,4,0.02495299054
05/15/2020,FEU,Z01,5,0.07457358004
05/15/2020,FEU,Z02,5,0.02709384198
05/15/2020,FEU,Z03,5,0.02493366958
05/15/2020,FEU,Z01,6,0.07490573616
05/15/2020,FEU,Z02,6,0.02747306406
05/15/2020,FEU,Z03,6,0.02532322164
05/15/2020,FEU,Z01,7,0.0806435564
05/15/2020,FEU,Z02,7,0.03308225326
05/15/2020,FEU,Z03,7,0.0308393278
05/15/2020,FEU,Z01,8,0.0822695966
05/15/2020,FEU,Z02,8,0.0347623674
05/15/2020,FEU,Z03,8,0.0370585515
05/15/2020,FEU,Z01,9,0.08008352126
05/15/2020,FEU,Z02,9,0.0329649179
05/15/2020,FEU,Z03,9,0.03495819218
05/16/2020,FEU,Z01,1,0.08118908808
05/16/2020,FEU,Z02,1,0.033482327
05/16/2020,FEU,Z03,1,0.03590392596
05/16/2020,FEU,Z01,10,0.07124930694
05/16/2020,FEU,Z02,10,0.02425003666
05/16/2020,FEU,Z03,10,0.02605403084
05/16/2020,FEU,Z01,11,0.07153978202
05/16/2020,FEU,Z02,11,0.02456404572
05/16/2020,FEU,Z03,11,0.02636056892
05/16/2020,FEU,Z01,12,0.07139988904
05/16/2020,FEU,Z02,12,0.02443045774
05/16/2020,FEU,Z03,12,0.02620352096
05/16/2020,FEU,Z01,13,0.073058727
05/16/2020,FEU,Z02,13,0.02601113172
05/16/2020,FEU,Z03,13,0.02786076892
05/16/2020,FEU,Z01,14,0.07232610512
05/16/2020,FEU,Z02,14,0.09067373696
05/16/2020,FEU,Z03,14,0.09067373696
05/16/2020,FEU,Z01,15,0.07484962904
05/16/2020,FEU,Z02,15,0.09321472888
05/16/2020,FEU,Z03,15,0.09321472888
05/16/2020,FEU,Z01,16,0.07121416286
05/16/2020,FEU,Z02,16,0.08957854868
05/16/2020,FEU,Z03,16,0.08957854868
05/16/2020,FEU,Z01,17,0.07123845986
05/16/2020,FEU,Z02,17,0.08960186868
05/16/2020,FEU,Z03,17,0.08960186868
05/16/2020,FEU,Z01,18,0.07168283494
05/16/2020,FEU,Z02,18,0.09004987476
05/16/2020,FEU,Z03,18,0.09004987476
05/16/2020,FEU,Z01,19,0.07639035288
05/16/2020,FEU,Z02,19,0.09476577272
05/16/2020,FEU,Z03,19,0.09476577272
05/16/2020,FEU,Z01,2,0.07970045588
05/16/2020,FEU,Z02,2,0.03194524886
05/16/2020,FEU,Z03,2,0.02966166846
05/16/2020,FEU,Z01,20,0.07521566682
05/16/2020,FEU,Z02,20,0.09360988064
05/16/2020,FEU,Z03,20,0.09360988064
05/16/2020,FEU,Z01,21,0.07549106072
05/16/2020,FEU,Z02,21,0.09391542652
05/16/2020,FEU,Z03,21,0.09391542652
05/16/2020,FEU,Z01,22,0.0796934517
05/16/2020,FEU,Z02,22,0.0981526265
05/16/2020,FEU,Z03,22,0.0981526265
05/16/2020,FEU,Z01,23,0.08097413054
05/16/2020,FEU,Z02,23,0.09944446234
05/16/2020,FEU,Z03,23,0.09944446234
05/16/2020,FEU,Z01,24,0.08058765414
05/16/2020,FEU,Z02,24,0.03293775304
05/16/2020,FEU,Z03,24,0.03531072702
05/16/2020,FEU,Z01,3,0.07872919184
05/16/2020,FEU,Z02,3,0.03100917282
05/16/2020,FEU,Z03,3,0.02872501744
05/16/2020,FEU,Z01,4,0.07832872382
05/16/2020,FEU,Z02,4,0.0306210568
05/16/2020,FEU,Z03,4,0.02834890242
05/16/2020,FEU,Z01,5,0.0770672358
05/16/2020,FEU,Z02,5,0.02940791878
05/16/2020,FEU,Z03,5,0.02714538842
05/16/2020,FEU,Z01,6,0.07667118482
05/16/2020,FEU,Z02,6,0.0290318568
05/16/2020,FEU,Z03,6,0.02677808944
05/16/2020,FEU,Z01,7,0.07717750388
05/16/2020,FEU,Z02,7,0.02954956684
05/16/2020,FEU,Z03,7,0.02730511146
05/16/2020,FEU,Z01,8,0.07789397498
05/16/2020,FEU,Z02,8,0.03027564092
05/16/2020,FEU,Z03,8,0.03257358986
05/16/2020,FEU,Z01,9,0.07605466468
05/16/2020,FEU,Z02,9,0.02879527246
05/16/2020,FEU,Z03,9,0.03083191758
05/17/2020,FEU,Z01,1,0.08091840182
05/17/2020,FEU,Z02,1,0.0331057768
05/17/2020,FEU,Z03,1,0.0355831307
05/17/2020,FEU,Z01,10,0.07085710464
05/17/2020,FEU,Z02,10,0.02376420042
05/17/2020,FEU,Z03,10,0.02560467854
05/17/2020,FEU,Z01,11,0.06846050072
05/17/2020,FEU,Z02,11,0.0214614775
05/17/2020,FEU,Z03,11,0.02321256262
05/17/2020,FEU,Z01,12,0.06976068872
05/17/2020,FEU,Z02,12,0.0227169775
05/17/2020,FEU,Z03,12,0.02451833562
05/17/2020,FEU,Z01,13,0.06942323066
05/17/2020,FEU,Z02,13,0.02236461046
05/17/2020,FEU,Z03,13,0.02415019158
05/17/2020,FEU,Z01,14,0.07214323386
05/17/2020,FEU,Z02,14,0.09051368068
05/17/2020,FEU,Z03,14,0.09051368068
05/17/2020,FEU,Z01,15,0.0765023368
05/17/2020,FEU,Z02,15,0.09490646762
05/17/2020,FEU,Z03,15,0.09490646762
05/17/2020,FEU,Z01,16,0.0705110966
05/17/2020,FEU,Z02,16,0.0888911964
05/17/2020,FEU,Z03,16,0.0888911964
05/17/2020,FEU,Z01,17,0.06759686458
05/17/2020,FEU,Z02,17,0.08595202738
05/17/2020,FEU,Z03,17,0.08595202738
05/17/2020,FEU,Z01,18,0.0687174866
05/17/2020,FEU,Z02,18,0.08706101042
05/17/2020,FEU,Z03,18,0.08706101042
05/17/2020,FEU,Z01,19,0.07436837162
05/17/2020,FEU,Z02,19,0.09275542044
05/17/2020,FEU,Z03,19,0.09275542044
05/17/2020,FEU,Z01,2,0.07920585568
05/17/2020,FEU,Z02,2,0.0313947317
05/17/2020,FEU,Z03,2,0.02907841634
05/17/2020,FEU,Z01,20,0.0786472766
05/17/2020,FEU,Z02,20,0.0970969164
05/17/2020,FEU,Z03,20,0.0970969164
05/17/2020,FEU,Z01,21,0.0798944966
05/17/2020,FEU,Z02,21,0.0983547964
05/17/2020,FEU,Z03,21,0.0983547964
05/17/2020,FEU,Z01,22,0.08465049676
05/17/2020,FEU,Z02,22,0.10311876058
05/17/2020,FEU,Z03,22,0.10311876058
05/17/2020,FEU,Z01,23,0.08481482268
05/17/2020,FEU,Z02,23,0.10331780048
05/17/2020,FEU,Z03,23,0.10331780048
05/17/2020,FEU,Z01,24,0.0827124863
05/17/2020,FEU,Z02,24,0.03503241918
05/17/2020,FEU,Z03,24,0.0374472862
05/17/2020,FEU,Z01,3,0.0778478156
05/17/2020,FEU,Z02,3,0.03005892864
05/17/2020,FEU,Z03,3,0.0277571023
05/17/2020,FEU,Z01,4,0.07645359754
05/17/2020,FEU,Z02,4,0.0286920766
05/17/2020,FEU,Z03,4,0.02643095626
05/17/2020,FEU,Z01,5,0.07583074756
05/17/2020,FEU,Z02,5,0.0281222866
05/17/2020,FEU,Z03,5,0.02587723726
05/17/2020,FEU,Z01,6,0.0755066356
05/17/2020,FEU,Z02,6,0.02781753664
05/17/2020,FEU,Z03,6,0.0255790373
05/17/2020,FEU,Z01,7,0.0753278057
05/17/2020,FEU,Z02,7,0.0277040117
05/17/2020,FEU,Z03,7,0.02546848936
05/17/2020,FEU,Z01,8,0.0751807907
05/17/2020,FEU,Z02,8,0.02754012472
05/17/2020,FEU,Z03,8,0.02979469958
05/17/2020,FEU,Z01,9,0.0732206363
05/17/2020,FEU,Z02,9,0.02589300918
05/17/2020,FEU,Z03,9,0.0279153862
05/18/2020,FEU,Z01,1,0.08847637004
05/18/2020,FEU,Z02,1,0.04045004598
05/18/2020,FEU,Z03,1,0.04318669394
05/18/2020,FEU,Z01,10,0.0836244374
05/18/2020,FEU,Z02,10,0.03645762002
05/18/2020,FEU,Z03,10,0.03850616234
05/18/2020,FEU,Z01,11,0.08275280642
05/18/2020,FEU,Z02,11,0.03564326102
05/18/2020,FEU,Z03,11,0.03766660934
05/18/2020,FEU,Z01,12,0.08268393742
05/18/2020,FEU,Z02,12,0.03557622202
05/18/2020,FEU,Z03,12,0.03759749634
05/18/2020,FEU,Z01,13,0.08264893842
05/18/2020,FEU,Z02,13,0.03554325202
05/18/2020,FEU,Z03,13,0.03756237334
05/18/2020,FEU,Z01,14,0.08251218754
05/18/2020,FEU,Z02,14,0.1008986674
05/18/2020,FEU,Z03,14,0.1008986674
05/18/2020,FEU,Z01,15,0.08238641948
05/18/2020,FEU,Z02,15,0.10077190734
05/18/2020,FEU,Z03,15,0.10077190734
05/18/2020,FEU,Z01,16,0.0807564974
05/18/2020,FEU,Z02,16,0.09916426324
05/18/2020,FEU,Z03,16,0.09916426324
05/18/2020,FEU,Z01,17,0.08002401342
05/18/2020,FEU,Z02,17,0.09842667626
05/18/2020,FEU,Z03,17,0.09842667626
05/18/2020,FEU,Z01,18,0.0807903974
05/18/2020,FEU,Z02,18,0.09916572626
05/18/2020,FEU,Z03,18,0.09916572626
05/18/2020,FEU,Z01,19,0.08097092936
05/18/2020,FEU,Z02,19,0.0993800372
05/18/2020,FEU,Z03,19,0.0993800372
05/18/2020,FEU,Z01,2,0.08893238588
05/18/2020,FEU,Z02,2,0.04080208386
05/18/2020,FEU,Z03,2,0.03825566548
05/18/2020,FEU,Z01,20,0.08144564726
05/18/2020,FEU,Z02,20,0.09982460912
05/18/2020,FEU,Z03,20,0.09982460912
05/18/2020,FEU,Z01,21,0.0841948772
05/18/2020,FEU,Z02,21,0.10262592104
05/18/2020,FEU,Z03,21,0.10262592104
05/18/2020,FEU,Z01,22,0.0868795772
05/18/2020,FEU,Z02,22,0.10532946104
05/18/2020,FEU,Z03,22,0.10532946104
05/18/2020,FEU,Z01,23,0.08621253304
05/18/2020,FEU,Z02,23,0.10465681688
05/18/2020,FEU,Z03,23,0.10465681688
05/18/2020,FEU,Z01,24,0.0847320767
05/18/2020,FEU,Z02,24,0.03718515948
05/18/2020,FEU,Z03,24,0.0395502866
05/18/2020,FEU,Z01,3,0.08900661182
05/18/2020,FEU,Z02,3,0.04083401582
05/18/2020,FEU,Z03,3,0.03828707344
05/18/2020,FEU,Z01,4,0.08852784782
05/18/2020,FEU,Z02,4,0.0404079768
05/18/2020,FEU,Z03,4,0.03784038544
05/18/2020,FEU,Z01,5,0.08795211986
05/18/2020,FEU,Z02,5,0.03986039884
05/18/2020,FEU,Z03,5,0.03733879246
05/18/2020,FEU,Z01,6,0.088075376
05/18/2020,FEU,Z02,6,0.04005989594
05/18/2020,FEU,Z03,6,0.03756315754
05/18/2020,FEU,Z01,7,0.0879996764
05/18/2020,FEU,Z02,7,0.04017031126
05/18/2020,FEU,Z03,7,0.0377579578
05/18/2020,FEU,Z01,8,0.08727918464
05/18/2020,FEU,Z02,8,0.03960592144
05/18/2020,FEU,Z03,8,0.04209823154
05/18/2020,FEU,Z01,9,0.08484397018
05/18/2020,FEU,Z02,9,0.03754798984
05/18/2020,FEU,Z03,9,0.0397204971
05/19/2020,FEU,Z01,1,0.08644140832
05/19/2020,FEU,Z02,1,0.03865851718
05/19/2020,FEU,Z03,1,0.0412279162
05/19/2020,FEU,Z01,10,0.08493820446
05/19/2020,FEU,Z02,10,0.03777642706
05/19/2020,FEU,Z03,10,0.03986720138
05/19/2020,FEU,Z01,11,0.0838711025
05/19/2020,FEU,Z02,11,0.0367447081
05/19/2020,FEU,Z03,11,0.03877193744
05/19/2020,FEU,Z01,12,0.08390651948
05/19/2020,FEU,Z02,12,0.03677624208
05/19/2020,FEU,Z03,12,0.03880375742
05/19/2020,FEU,Z01,13,0.08391777948
05/19/2020,FEU,Z02,13,0.03678720208
05/19/2020,FEU,Z03,13,0.0388468774
05/19/2020,FEU,Z01,14,0.08429101954
05/19/2020,FEU,Z02,14,0.1026885874
05/19/2020,FEU,Z03,14,0.1026885874
05/19/2020,FEU,Z01,15,0.08353058146
05/19/2020,FEU,Z02,15,0.10192310732
05/19/2020,FEU,Z03,15,0.10192310732
05/19/2020,FEU,Z01,16,0.08174130338
05/19/2020,FEU,Z02,16,0.10012245924
05/19/2020,FEU,Z03,16,0.10012245924
05/19/2020,FEU,Z01,17,0.08113282538
05/19/2020,FEU,Z02,17,0.09951021524
05/19/2020,FEU,Z03,17,0.09951021524
05/19/2020,FEU,Z01,18,0.08139747938
05/19/2020,FEU,Z02,18,0.09980969222
05/19/2020,FEU,Z03,18,0.09980969222
05/19/2020,FEU,Z01,19,0.0816329323
05/19/2020,FEU,Z02,19,0.10004644514
05/19/2020,FEU,Z03,19,0.10004644514
05/19/2020,FEU,Z01,2,0.08700599414
05/19/2020,FEU,Z02,2,0.03908299806
05/19/2020,FEU,Z03,2,0.03663961764
05/19/2020,FEU,Z01,20,0.08317645324
05/19/2020,FEU,Z02,20,0.10160054708
05/19/2020,FEU,Z03,20,0.10160054708
05/19/2020,FEU,Z01,21,0.0849057671
05/19/2020,FEU,Z02,21,0.10334126194
05/19/2020,FEU,Z03,21,0.10334126194
05/19/2020,FEU,Z01,22,0.0863461771
05/19/2020,FEU,Z02,22,0.10479288894
05/19/2020,FEU,Z03,22,0.10479288894
05/19/2020,FEU,Z01,23,0.08627673398
05/19/2020,FEU,Z02,23,0.1047579768
05/19/2020,FEU,Z03,23,0.1047579768
05/19/2020,FEU,Z01,24,0.08627236864
05/19/2020,FEU,Z02,24,0.03863245744
05/19/2020,FEU,Z03,24,0.04108593254
05/19/2020,FEU,Z01,3,0.08794050808
05/19/2020,FEU,Z02,3,0.03994124302
05/19/2020,FEU,Z03,3,0.0374763776
05/19/2020,FEU,Z01,4,0.08868083208
05/19/2020,FEU,Z02,4,0.040685927
05/19/2020,FEU,Z03,4,0.03820294658
05/19/2020,FEU,Z01,5,0.08828017208
05/19/2020,FEU,Z02,5,0.040300677
05/19/2020,FEU,Z03,5,0.0377944576
05/19/2020,FEU,Z01,6,0.08764735118
05/19/2020,FEU,Z02,6,0.03973730908
05/19/2020,FEU,Z03,6,0.03727672066
05/19/2020,FEU,Z01,7,0.08725486444
05/19/2020,FEU,Z02,7,0.03949054528
05/19/2020,FEU,Z03,7,0.03709482782
05/19/2020,FEU,Z01,8,0.08630621966
05/19/2020,FEU,Z02,8,0.03870126544
05/19/2020,FEU,Z03,8,0.04112368056
05/19/2020,FEU,Z01,9,0.08486049728
05/19/2020,FEU,Z02,9,0.03761142592
05/19/2020,FEU,Z03,9,0.0397556972
05/20/2020,FEU,Z01,1,0.08763474022
05/20/2020,FEU,Z02,1,0.03973016912
05/20/2020,FEU,Z03,1,0.04237530212
05/20/2020,FEU,Z01,10,0.0855732275
05/20/2020,FEU,Z02,10,0.03843449008
05/20/2020,FEU,Z03,10,0.04051193442
05/20/2020,FEU,Z01,11,0.08466093948
05/20/2020,FEU,Z02,11,0.03751056208
05/20/2020,FEU,Z03,11,0.03956018742
05/20/2020,FEU,Z01,12,0.08460790544
05/20/2020,FEU,Z02,12,0.03741990206
05/20/2020,FEU,Z03,12,0.03949962638
05/20/2020,FEU,Z01,13,0.08492951842
05/20/2020,FEU,Z02,13,0.03776323202
05/20/2020,FEU,Z03,13,0.03985103334
05/20/2020,FEU,Z01,14,0.08516426148
05/20/2020,FEU,Z02,14,0.10356701834
05/20/2020,FEU,Z03,14,0.10356701834
05/20/2020,FEU,Z01,15,0.0852640674
05/20/2020,FEU,Z02,15,0.10370488324
05/20/2020,FEU,Z03,15,0.10370488324
05/20/2020,FEU,Z01,16,0.0842252723
05/20/2020,FEU,Z02,16,0.10265705714
05/20/2020,FEU,Z03,16,0.10265705714
05/20/2020,FEU,Z01,17,0.08278596332
05/20/2020,FEU,Z02,17,0.10120770116
05/20/2020,FEU,Z03,17,0.10120770116
05/20/2020,FEU,Z01,18,0.08162444934
05/20/2020,FEU,Z02,18,0.10003808418
05/20/2020,FEU,Z03,18,0.10003808418
05/20/2020,FEU,Z01,19,0.08213864128
05/20/2020,FEU,Z02,19,0.10055562512
05/20/2020,FEU,Z03,19,0.10055562512
05/20/2020,FEU,Z01,2,0.0879037911
05/20/2020,FEU,Z02,2,0.03994124302
05/20/2020,FEU,Z03,2,0.0374763776
05/20/2020,FEU,Z01,20,0.08336120322
05/20/2020,FEU,Z02,20,0.10178649606
05/20/2020,FEU,Z03,20,0.10178649606
05/20/2020,FEU,Z01,21,0.08508925214
05/20/2020,FEU,Z02,21,0.10352624498
05/20/2020,FEU,Z03,21,0.10352624498
05/20/2020,FEU,Z01,22,0.08637900112
05/20/2020,FEU,Z02,22,0.10482490496
05/20/2020,FEU,Z03,22,0.10482490496
05/20/2020,FEU,Z01,23,0.08690902496
05/20/2020,FEU,Z02,23,0.10539622478
05/20/2020,FEU,Z03,23,0.10539622478
05/20/2020,FEU,Z01,24,0.08659260462
05/20/2020,FEU,Z02,24,0.03894021842
05/20/2020,FEU,Z03,24,0.04140378652
05/20/2020,FEU,Z01,3,0.08770909706
05/20/2020,FEU,Z02,3,0.03974908698
05/20/2020,FEU,Z03,3,0.03725906458
05/20/2020,FEU,Z01,4,0.08837813404
05/20/2020,FEU,Z02,4,0.04035681498
05/20/2020,FEU,Z03,4,0.03785095258
05/20/2020,FEU,Z01,5,0.08832914306
05/20/2020,FEU,Z02,5,0.04034530498
05/20/2020,FEU,Z03,5,0.03783862158
05/20/2020,FEU,Z01,6,0.08855489318
05/20/2020,FEU,Z02,6,0.04061056108
05/20/2020,FEU,Z03,6,0.03816009764
05/20/2020,FEU,Z01,7,0.08837985444
05/20/2020,FEU,Z02,7,0.04057542528
05/20/2020,FEU,Z03,7,0.03815281382
05/20/2020,FEU,Z01,8,0.0878076767
05/20/2020,FEU,Z02,8,0.04015667348
05/20/2020,FEU,Z03,8,0.04260510362
05/20/2020,FEU,Z01,9,0.08611311932
05/20/2020,FEU,Z02,9,0.03883333596
05/20/2020,FEU,Z03,9,0.04098666926
05/21/2020,FEU,Z01,1,0.08903583604
05/21/2020,FEU,Z02,1,0.04098756298
05/21/2020,FEU,Z03,1,0.04374849494
05/21/2020,FEU,Z01,10,0.08629447942
05/21/2020,FEU,Z02,10,0.03905727004
05/21/2020,FEU,Z03,10,0.04118698936
05/21/2020,FEU,Z01,11,0.08519370442
05/21/2020,FEU,Z02,11,0.03802039802
05/21/2020,FEU,Z03,11,0.04011615534
05/21/2020,FEU,Z01,12,0.08534693138
05/21/2020,FEU,Z02,12,0.038131078
05/21/2020,FEU,Z03,12,0.0402624723
05/21/2020,FEU,Z01,13,0.08555552936
05/21/2020,FEU,Z02,13,0.03833108098
05/21/2020,FEU,Z03,13,0.04046808128
05/21/2020,FEU,Z01,14,0.08575282544
05/21/2020,FEU,Z02,14,0.1041590673
05/21/2020,FEU,Z03,14,0.1041590673
05/21/2020,FEU,Z01,15,0.08572872536
05/21/2020,FEU,Z02,15,0.1041714572
05/21/2020,FEU,Z03,15,0.1041714572
05/21/2020,FEU,Z01,16,0.08541605126
05/21/2020,FEU,Z02,16,0.1038560021
05/21/2020,FEU,Z03,16,0.1038560021
05/21/2020,FEU,Z01,17,0.08486049728
05/21/2020,FEU,Z02,17,0.10329664912
05/21/2020,FEU,Z03,17,0.10329664912
05/21/2020,FEU,Z01,18,0.08474324732
05/21/2020,FEU,Z02,18,0.10314274518
05/21/2020,FEU,Z03,18,0.10314274518
05/21/2020,FEU,Z01,19,0.08487434924
05/21/2020,FEU,Z02,19,0.1032754871
05/21/2020,FEU,Z03,19,0.1032754871
05/21/2020,FEU,Z01,2,0.08919658598
05/21/2020,FEU,Z02,2,0.04113593492
05/21/2020,FEU,Z03,2,0.03857722654
05/21/2020,FEU,Z01,20,0.08628211916
05/21/2020,FEU,Z02,20,0.104727577
05/21/2020,FEU,Z03,20,0.104727577
05/21/2020,FEU,Z01,21,0.08805858908
05/21/2020,FEU,Z02,21,0.1065545519
05/21/2020,FEU,Z03,21,0.1065545519
05/21/2020,FEU,Z01,22,0.089532477
05/21/2020,FEU,Z02,22,0.10803934382
05/21/2020,FEU,Z03,22,0.10803934382
05/21/2020,FEU,Z01,23,0.08922487484
05/21/2020,FEU,Z02,23,0.10772920166
05/21/2020,FEU,Z03,23,0.10772920166
05/21/2020,FEU,Z01,24,0.0887322015
05/21/2020,FEU,Z02,24,0.04095581932
05/21/2020,FEU,Z03,24,0.0435299764
05/21/2020,FEU,Z01,3,0.08897827394
05/21/2020,FEU,Z02,3,0.0408878419
05/21/2020,FEU,Z03,3,0.0383709775
05/21/2020,FEU,Z01,4,0.08968867592
05/21/2020,FEU,Z02,4,0.04156752888
05/21/2020,FEU,Z03,4,0.0389987275
05/21/2020,FEU,Z01,5,0.08885556596
05/21/2020,FEU,Z02,5,0.04077242492
05/21/2020,FEU,Z03,5,0.03825785352
05/21/2020,FEU,Z01,6,0.08936215406
05/21/2020,FEU,Z02,6,0.04133861798
05/21/2020,FEU,Z03,6,0.03880604458
05/21/2020,FEU,Z01,7,0.08948020234
05/21/2020,FEU,Z02,7,0.0415894372
05/21/2020,FEU,Z03,7,0.03911208976
05/21/2020,FEU,Z01,8,0.08872953662
05/21/2020,FEU,Z02,8,0.04100290142
05/21/2020,FEU,Z03,8,0.04354985852
05/21/2020,FEU,Z01,9,0.08659398326
05/21/2020,FEU,Z02,9,0.03925859392
05/21/2020,FEU,Z03,9,0.04149155818
05/22/2020,FEU,Z01,1,0.09186825518
05/22/2020,FEU,Z02,1,0.04379758708
05/22/2020,FEU,Z03,1,0.04661908808
05/22/2020,FEU,Z01,10,0.08707725046
05/22/2020,FEU,Z02,10,0.03985963006
05/22/2020,FEU,Z03,10,0.04201383938
05/22/2020,FEU,Z01,11,0.08586997542
05/22/2020,FEU,Z02,11,0.03867869902
05/22/2020,FEU,Z03,11,0.04079482234
05/22/2020,FEU,Z01,12,0.08672448938
05/22/2020,FEU,Z02,12,0.039470878
05/22/2020,FEU,Z03,12,0.0416449023
05/22/2020,FEU,Z01,13,0.08690884238
05/22/2020,FEU,Z02,13,0.039649078
05/22/2020,FEU,Z03,13,0.0418299073
05/22/2020,FEU,Z01,14,0.08697783344
05/22/2020,FEU,Z02,14,0.10542989728
05/22/2020,FEU,Z03,14,0.10542989728
05/22/2020,FEU,Z01,15,0.08690422934
05/22/2020,FEU,Z02,15,0.1053171572
05/22/2020,FEU,Z03,15,0.1053171572
05/22/2020,FEU,Z01,16,0.08520697728
05/22/2020,FEU,Z02,16,0.10364556912
05/22/2020,FEU,Z03,16,0.10364556912
05/22/2020,FEU,Z01,17,0.0836498273
05/22/2020,FEU,Z02,17,0.10204250316
05/22/2020,FEU,Z03,17,0.10204250316
05/22/2020,FEU,Z01,18,0.0829926623
05/22/2020,FEU,Z02,18,0.10138128516
05/22/2020,FEU,Z03,18,0.10138128516
05/22/2020,FEU,Z01,19,0.08270172222
05/22/2020,FEU,Z02,19,0.10112238306
05/22/2020,FEU,Z03,19,0.10112238306
05/22/2020,FEU,Z01,2,0.09184514604
05/22/2020,FEU,Z02,2,0.04368665798
05/22/2020,FEU,Z03,2,0.04109400558
05/22/2020,FEU,Z01,20,0.08551902014
05/22/2020,FEU,Z02,20,0.10399546496
05/22/2020,FEU,Z03,20,0.10399546496
05/22/2020,FEU,Z01,21,0.08718226802
05/22/2020,FEU,Z02,21,0.10567205084
05/22/2020,FEU,Z03,21,0.10567205084
05/22/2020,FEU,Z01,22,0.088714827
05/22/2020,FEU,Z02,22,0.10717629284
05/22/2020,FEU,Z03,22,0.10717629284
05/22/2020,FEU,Z01,23,0.0885616968
05/22/2020,FEU,Z02,23,0.10705939162
05/22/2020,FEU,Z03,23,0.10705939162
05/22/2020,FEU,Z01,24,0.08712283146
05/22/2020,FEU,Z02,24,0.0393657973
05/22/2020,FEU,Z03,24,0.04190625236
05/22/2020,FEU,Z01,3,0.091424576
05/22/2020,FEU,Z02,3,0.04327907194
05/22/2020,FEU,Z03,3,0.04069857354
05/22/2020,FEU,Z01,4,0.091863776
05/22/2020,FEU,Z02,4,0.04370106994
05/22/2020,FEU,Z03,4,0.04110846854
05/22/2020,FEU,Z01,5,0.09199130204
05/22/2020,FEU,Z02,5,0.04382707998
05/22/2020,FEU,Z03,5,0.04123076758
05/22/2020,FEU,Z01,6,0.09230774416
05/22/2020,FEU,Z02,6,0.04421811706
05/22/2020,FEU,Z03,6,0.04164490364
05/22/2020,FEU,Z01,7,0.0922877964
05/22/2020,FEU,Z02,7,0.04430216926
05/22/2020,FEU,Z03,7,0.0417928078
05/22/2020,FEU,Z01,8,0.0911311766
05/22/2020,FEU,Z02,8,0.0433209874
05/22/2020,FEU,Z03,8,0.0459580015
05/22/2020,FEU,Z01,9,0.08889072326
05/22/2020,FEU,Z02,9,0.0415253529
05/22/2020,FEU,Z03,9,0.04379637818
05/23/2020,FEU,Z01,1,0.08950607208
05/23/2020,FEU,Z02,1,0.041479427
05/23/2020,FEU,Z03,1,0.04426263396
05/23/2020,FEU,Z01,10,0.07813271694
05/23/2020,FEU,Z02,10,0.03091740966
05/23/2020,FEU,Z03,10,0.03296729084
05/23/2020,FEU,Z01,11,0.07774553102
05/23/2020,FEU,Z02,11,0.03058075972
05/23/2020,FEU,Z03,11,0.03259332292
05/23/2020,FEU,Z01,12,0.07756464904
05/23/2020,FEU,Z02,12,0.03040838074
05/23/2020,FEU,Z03,12,0.03238976096
05/23/2020,FEU,Z01,13,0.079175577
05/23/2020,FEU,Z02,13,0.03193761172
05/23/2020,FEU,Z03,13,0.03400004892
05/23/2020,FEU,Z01,14,0.07915578512
05/23/2020,FEU,Z02,14,0.09755117696
05/23/2020,FEU,Z03,14,0.09755117696
05/23/2020,FEU,Z01,15,0.07913855704
05/23/2020,FEU,Z02,15,0.09753354488
05/23/2020,FEU,Z03,15,0.09753354488
05/23/2020,FEU,Z01,16,0.07442136686
05/23/2020,FEU,Z02,16,0.09280953468
05/23/2020,FEU,Z03,16,0.09280953468
05/23/2020,FEU,Z01,17,0.06800811586
05/23/2020,FEU,Z02,17,0.08634639668
05/23/2020,FEU,Z03,17,0.08634639668
05/23/2020,FEU,Z01,18,0.06451924594
05/23/2020,FEU,Z02,18,0.08283036876
05/23/2020,FEU,Z03,18,0.08283036876
05/23/2020,FEU,Z01,19,0.06417258888
05/23/2020,FEU,Z02,19,0.08246462072
05/23/2020,FEU,Z03,19,0.08246462072
05/23/2020,FEU,Z01,2,0.08871168788
05/23/2020,FEU,Z02,2,0.04059150986
05/23/2020,FEU,Z03,2,0.03808261246
05/23/2020,FEU,Z01,20,0.06907296682
05/23/2020,FEU,Z02,20,0.08741948064
05/23/2020,FEU,Z03,20,0.08741948064
05/23/2020,FEU,Z01,21,0.07133208872
05/23/2020,FEU,Z02,21,0.08971955052
05/23/2020,FEU,Z03,21,0.08971955052
05/23/2020,FEU,Z01,22,0.0752944117
05/23/2020,FEU,Z02,22,0.0937158265
05/23/2020,FEU,Z03,22,0.0937158265
05/23/2020,FEU,Z01,23,0.07518654854
05/23/2020,FEU,Z02,23,0.09360754034
05/23/2020,FEU,Z03,23,0.09360754034
05/23/2020,FEU,Z01,24,0.07305385914
05/23/2020,FEU,Z02,24,0.02568928104
05/23/2020,FEU,Z03,24,0.02773904202
05/23/2020,FEU,Z01,3,0.08130464784
05/23/2020,FEU,Z02,3,0.03348016082
05/23/2020,FEU,Z03,3,0.03112991344
05/23/2020,FEU,Z01,4,0.08054965682
05/23/2020,FEU,Z02,4,0.0327531368
05/23/2020,FEU,Z03,4,0.03042287542
05/23/2020,FEU,Z01,5,0.0809235058
05/23/2020,FEU,Z02,5,0.03310918678
05/23/2020,FEU,Z03,5,0.03074464042
05/23/2020,FEU,Z01,6,0.08084465282
05/23/2020,FEU,Z02,6,0.0330361768
05/23/2020,FEU,Z03,6,0.03067194544
05/23/2020,FEU,Z01,7,0.08094866588
05/23/2020,FEU,Z02,7,0.03317063284
05/23/2020,FEU,Z03,7,0.03082924046
05/23/2020,FEU,Z01,8,0.07785794498
05/23/2020,FEU,Z02,8,0.03023986692
05/23/2020,FEU,Z03,8,0.03253737986
05/23/2020,FEU,Z01,9,0.07869448868
05/23/2020,FEU,Z02,9,0.03134680046
05/23/2020,FEU,Z03,9,0.03348306158
05/24/2020,FEU,Z01,1,0.06843547682
05/24/2020,FEU,Z02,1,0.0211299368
05/24/2020,FEU,Z03,1,0.0230382557
05/24/2020,FEU,Z01,10,0.06492716864
05/24/2020,FEU,Z02,10,0.01803339642
05/24/2020,FEU,Z03,10,0.01964935754
05/24/2020,FEU,Z01,11,0.06492659672
05/24/2020,FEU,Z02,11,0.0180459775
05/24/2020,FEU,Z03,11,0.01966347862
05/24/2020,FEU,Z01,12,0.06532934072
05/24/2020,FEU,Z02,12,0.0184341025
05/24/2020,FEU,Z03,12,0.02006795262
05/24/2020,FEU,Z01,13,0.06864134066
05/24/2020,FEU,Z02,13,0.02160952046
05/24/2020,FEU,Z03,13,0.02336562158
05/24/2020,FEU,Z01,14,0.06991138086
05/24/2020,FEU,Z02,14,0.08826446668
05/24/2020,FEU,Z03,14,0.08826446668
05/24/2020,FEU,Z01,15,0.0698253768
05/24/2020,FEU,Z02,15,0.08817770362
05/24/2020,FEU,Z03,15,0.08817770362
05/24/2020,FEU,Z01,16,0.0688239566
05/24/2020,FEU,Z02,16,0.0871896364
05/24/2020,FEU,Z03,16,0.0871896364
05/24/2020,FEU,Z01,17,0.06839314458
05/24/2020,FEU,Z02,17,0.08675510738
05/24/2020,FEU,Z03,17,0.08675510738
05/24/2020,FEU,Z01,18,0.0640608866
05/24/2020,FEU,Z02,18,0.08236859042
05/24/2020,FEU,Z03,18,0.08236859042
05/24/2020,FEU,Z01,19,0.06659569062
05/24/2020,FEU,Z02,19,0.08492289844
05/24/2020,FEU,Z03,19,0.08492289844
05/24/2020,FEU,Z01,2,0.06666281568
05/24/2020,FEU,Z02,2,0.0193777567
05/24/2020,FEU,Z03,2,0.01739265434
05/24/2020,FEU,Z01,20,0.0723515066
05/24/2020,FEU,Z02,20,0.0907473364
05/24/2020,FEU,Z03,20,0.0907473364
05/24/2020,FEU,Z01,21,0.0730757366
05/24/2020,FEU,Z02,21,0.0914789364
05/24/2020,FEU,Z03,21,0.0914789364
05/24/2020,FEU,Z01,22,0.08524079276
05/24/2020,FEU,Z02,22,0.10371245758
05/24/2020,FEU,Z03,22,0.10371245758
05/24/2020,FEU,Z01,23,0.08532319868
05/24/2020,FEU,Z02,23,0.10383053648
05/24/2020,FEU,Z03,23,0.10383053648
05/24/2020,FEU,Z01,24,0.0787901363
05/24/2020,FEU,Z02,24,0.03125685018
05/24/2020,FEU,Z03,24,0.0335083862
05/24/2020,FEU,Z01,3,0.0669849356
05/24/2020,FEU,Z02,3,0.01965905664
05/24/2020,FEU,Z03,3,0.0176521973
05/24/2020,FEU,Z01,4,0.06715390554
05/24/2020,FEU,Z02,4,0.0197953966
05/24/2020,FEU,Z03,4,0.01778520826
05/24/2020,FEU,Z01,5,0.06710933356
05/24/2020,FEU,Z02,5,0.0197719966
05/24/2020,FEU,Z03,5,0.01776246826
05/24/2020,FEU,Z01,6,0.0670837556
05/24/2020,FEU,Z02,6,0.01975366464
05/24/2020,FEU,Z03,6,0.0177441323
05/24/2020,FEU,Z01,7,0.0673355357
05/24/2020,FEU,Z02,7,0.0200406417
05/24/2020,FEU,Z03,7,0.01802106136
05/24/2020,FEU,Z01,8,0.0674461007
05/24/2020,FEU,Z02,8,0.02013126472
05/24/2020,FEU,Z03,8,0.02202181358
05/24/2020,FEU,Z01,9,0.0665076113
05/24/2020,FEU,Z02,9,0.01942924418
05/24/2020,FEU,Z03,9,0.0211740362
05/25/2020,FEU,Z01,1,0.08669973604
05/25/2020,FEU,Z02,1,0.03874426398
05/25/2020,FEU,Z03,1,0.04140264494
05/25/2020,FEU,Z01,10,0.0837385674
05/25/2020,FEU,Z02,10,0.03656971802
05/25/2020,FEU,Z03,10,0.03862059534
05/25/2020,FEU,Z01,11,0.08303844342
05/25/2020,FEU,Z02,11,0.03592240702
05/25/2020,FEU,Z03,11,0.03795325834
05/25/2020,FEU,Z01,12,0.08298199342
05/25/2020,FEU,Z02,12,0.03586635802
05/25/2020,FEU,Z03,12,0.03789660834
05/25/2020,FEU,Z01,13,0.08300457342
05/25/2020,FEU,Z02,13,0.03588943702
05/25/2020,FEU,Z03,13,0.03791926834
05/25/2020,FEU,Z01,14,0.08285470254
05/25/2020,FEU,Z02,14,0.1012433174
05/25/2020,FEU,Z03,14,0.1012433174
05/25/2020,FEU,Z01,15,0.08230647348
05/25/2020,FEU,Z02,15,0.10069146434
05/25/2020,FEU,Z03,15,0.10069146434
05/25/2020,FEU,Z01,16,0.0796660474
05/25/2020,FEU,Z02,16,0.09806609324
05/25/2020,FEU,Z03,16,0.09806609324
05/25/2020,FEU,Z01,17,0.07612670542
05/25/2020,FEU,Z02,17,0.09450288926
05/25/2020,FEU,Z03,17,0.09450288926
05/25/2020,FEU,Z01,18,0.0759381774
05/25/2020,FEU,Z02,18,0.09428344826
05/25/2020,FEU,Z03,18,0.09428344826
05/25/2020,FEU,Z01,19,0.07671800536
05/25/2020,FEU,Z02,19,0.0950970572
05/25/2020,FEU,Z03,19,0.0950970572
05/25/2020,FEU,Z01,2,0.08099811188
05/25/2020,FEU,Z02,2,0.03319133786
05/25/2020,FEU,Z03,2,0.03084771148
05/25/2020,FEU,Z01,20,0.08098402526
05/25/2020,FEU,Z02,20,0.09936014512
05/25/2020,FEU,Z03,20,0.09936014512
05/25/2020,FEU,Z01,21,0.0822614372
05/25/2020,FEU,Z02,21,0.10067891304
05/25/2020,FEU,Z03,21,0.10067891304
05/25/2020,FEU,Z01,22,0.0836738972
05/25/2020,FEU,Z02,22,0.10210128504
05/25/2020,FEU,Z03,22,0.10210128504
05/25/2020,FEU,Z01,23,0.08362494104
05/25/2020,FEU,Z02,23,0.10205234888
05/25/2020,FEU,Z03,23,0.10205234888
05/25/2020,FEU,Z01,24,0.0784166117
05/25/2020,FEU,Z02,24,0.03108111348
05/25/2020,FEU,Z03,24,0.0332077166
05/25/2020,FEU,Z01,3,0.07910127482
05/25/2020,FEU,Z02,3,0.03133832882
05/25/2020,FEU,Z03,3,0.02904536944
05/25/2020,FEU,Z01,4,0.07908918482
05/25/2020,FEU,Z02,4,0.0313518568
05/25/2020,FEU,Z03,4,0.02903408944
05/25/2020,FEU,Z01,5,0.07905532286
05/25/2020,FEU,Z02,5,0.03132478084
05/25/2020,FEU,Z03,5,0.02903280246
05/25/2020,FEU,Z01,6,0.078742976
05/25/2020,FEU,Z02,6,0.03109416794
05/25/2020,FEU,Z03,6,0.02882958654
05/25/2020,FEU,Z01,7,0.0844301764
05/25/2020,FEU,Z02,7,0.03672974926
05/25/2020,FEU,Z03,7,0.0344002078
05/25/2020,FEU,Z01,8,0.08576195264
05/25/2020,FEU,Z02,8,0.03814064944
05/25/2020,FEU,Z03,8,0.04057333154
05/25/2020,FEU,Z01,9,0.08572368118
05/25/2020,FEU,Z02,9,0.03840336584
05/25/2020,FEU,Z03,9,0.0406032921
05/26/2020,FEU,Z01,1,0.07989033632
05/26/2020,FEU,Z02,1,0.03234536418
05/26/2020,FEU,Z03,1,0.0346436462
05/26/2020,FEU,Z01,10,0.07999518246
05/26/2020,FEU,Z02,10,0.03296498506
05/26/2020,FEU,Z03,10,0.03490663538
05/26/2020,FEU,Z01,11,0.0757171025
05/26/2020,FEU,Z02,11,0.0288070531
05/26/2020,FEU,Z03,11,0.03059619344
05/26/2020,FEU,Z01,12,0.07871678548
05/26/2020,FEU,Z02,12,0.03172477808
05/26/2020,FEU,Z03,12,0.03360019642
05/26/2020,FEU,Z01,13,0.08035173748
05/26/2020,FEU,Z02,13,0.03331617008
05/26/2020,FEU,Z03,13,0.0352681674
05/26/2020,FEU,Z01,14,0.08128137954
05/26/2020,FEU,Z02,14,0.0996601874
05/26/2020,FEU,Z03,14,0.0996601874
05/26/2020,FEU,Z01,15,0.08093284646
05/26/2020,FEU,Z02,15,0.09930923732
05/26/2020,FEU,Z03,15,0.09930923732
05/26/2020,FEU,Z01,16,0.08053565738
05/26/2020,FEU,Z02,16,0.09890935124
05/26/2020,FEU,Z03,16,0.09890935124
05/26/2020,FEU,Z01,17,0.07963990538
05/26/2020,FEU,Z02,17,0.09800805524
05/26/2020,FEU,Z03,17,0.09800805524
05/26/2020,FEU,Z01,18,0.08004254138
05/26/2020,FEU,Z02,18,0.09844517022
05/26/2020,FEU,Z03,18,0.09844517022
05/26/2020,FEU,Z01,19,0.0802959023
05/26/2020,FEU,Z02,19,0.09869999114
05/26/2020,FEU,Z03,19,0.09869999114
05/26/2020,FEU,Z01,2,0.07678437014
05/26/2020,FEU,Z02,2,0.02925550206
05/26/2020,FEU,Z03,2,0.02705947564
05/26/2020,FEU,Z01,20,0.08132834124
05/26/2020,FEU,Z02,20,0.09973944308
05/26/2020,FEU,Z03,20,0.09973944308
05/26/2020,FEU,Z01,21,0.0821154021
05/26/2020,FEU,Z02,21,0.10053140094
05/26/2020,FEU,Z03,21,0.10053140094
05/26/2020,FEU,Z01,22,0.0838477871
05/26/2020,FEU,Z02,22,0.10227588994
05/26/2020,FEU,Z03,22,0.10227588994
05/26/2020,FEU,Z01,23,0.08343721698
05/26/2020,FEU,Z02,23,0.1018962568
05/26/2020,FEU,Z03,23,0.1018962568
05/26/2020,FEU,Z01,24,0.08194376064
05/26/2020,FEU,Z02,24,0.03445321744
05/26/2020,FEU,Z03,24,0.03673879454
05/26/2020,FEU,Z01,3,0.07656296008
05/26/2020,FEU,Z02,3,0.02901080602
05/26/2020,FEU,Z03,3,0.0268218176
05/26/2020,FEU,Z01,4,0.07690262408
05/26/2020,FEU,Z02,4,0.029360727
05/26/2020,FEU,Z03,4,0.02716445958
05/26/2020,FEU,Z01,5,0.07691458408
05/26/2020,FEU,Z02,5,0.029372227
05/26/2020,FEU,Z03,5,0.0271522176
05/26/2020,FEU,Z01,6,0.07714034918
05/26/2020,FEU,Z02,6,0.02962729708
05/26/2020,FEU,Z03,6,0.02742142966
05/26/2020,FEU,Z01,7,0.07760468844
05/26/2020,FEU,Z02,7,0.03018329728
05/26/2020,FEU,Z03,7,0.02800879082
05/26/2020,FEU,Z01,8,0.07841613266
05/26/2020,FEU,Z02,8,0.03107485744
05/26/2020,FEU,Z03,8,0.03319978856
05/26/2020,FEU,Z01,9,0.07718000128
05/26/2020,FEU,Z02,9,0.03014728192
05/26/2020,FEU,Z03,9,0.0320481572
05/27/2020,FEU,Z01,1,0.08325327522
05/27/2020,FEU,Z02,1,0.03551452912
05/27/2020,FEU,Z03,1,0.03797541212
05/27/2020,FEU,Z01,10,0.0835403525
05/27/2020,FEU,Z02,10,0.03645401808
05/27/2020,FEU,Z03,10,0.03847183142
05/27/2020,FEU,Z01,11,0.08215784148
05/27/2020,FEU,Z02,11,0.03507415408
05/27/2020,FEU,Z03,11,0.03705042042
05/27/2020,FEU,Z01,12,0.08216804144
05/27/2020,FEU,Z02,12,0.03504818806
05/27/2020,FEU,Z03,12,0.03705327338
05/27/2020,FEU,Z01,13,0.08244233142
05/27/2020,FEU,Z02,13,0.03534213502
05/27/2020,FEU,Z03,13,0.03735503434
05/27/2020,FEU,Z01,14,0.08327821148
05/27/2020,FEU,Z02,14,0.10166924334
05/27/2020,FEU,Z03,14,0.10166924334
05/27/2020,FEU,Z01,15,0.0826255174
05/27/2020,FEU,Z02,15,0.10104765324
05/27/2020,FEU,Z03,15,0.10104765324
05/27/2020,FEU,Z01,16,0.0827509073
05/27/2020,FEU,Z02,16,0.10117230014
05/27/2020,FEU,Z03,16,0.10117230014
05/27/2020,FEU,Z01,17,0.08172680732
05/27/2020,FEU,Z02,17,0.10014107316
05/27/2020,FEU,Z03,17,0.10014107316
05/27/2020,FEU,Z01,18,0.08227932334
05/27/2020,FEU,Z02,18,0.10069872318
05/27/2020,FEU,Z03,18,0.10069872318
05/27/2020,FEU,Z01,19,0.08284296128
05/27/2020,FEU,Z02,19,0.10126490512
05/27/2020,FEU,Z03,19,0.10126490512
05/27/2020,FEU,Z01,2,0.0786473211
05/27/2020,FEU,Z02,2,0.03103994002
05/27/2020,FEU,Z03,2,0.0288008576
05/27/2020,FEU,Z01,20,0.08300241822
05/27/2020,FEU,Z02,20,0.10142519106
05/27/2020,FEU,Z03,20,0.10142519106
05/27/2020,FEU,Z01,21,0.08446288814
05/27/2020,FEU,Z02,21,0.10289549698
05/27/2020,FEU,Z03,21,0.10289549698
05/27/2020,FEU,Z01,22,0.08608956912
05/27/2020,FEU,Z02,22,0.10453344896
05/27/2020,FEU,Z03,22,0.10453344896
05/27/2020,FEU,Z01,23,0.08579849696
05/27/2020,FEU,Z02,23,0.10427585978
05/27/2020,FEU,Z03,23,0.10427585978
05/27/2020,FEU,Z01,24,0.08513252362
05/27/2020,FEU,Z02,24,0.03753009742
05/27/2020,FEU,Z03,24,0.03993746052
05/27/2020,FEU,Z01,3,0.07849818206
05/27/2020,FEU,Z02,3,0.03089214198
05/27/2020,FEU,Z03,3,0.02863184858
05/27/2020,FEU,Z01,4,0.07911040604
05/27/2020,FEU,Z02,4,0.03145267898
05/27/2020,FEU,Z03,4,0.02917889658
05/27/2020,FEU,Z01,5,0.07928820206
05/27/2020,FEU,Z02,5,0.03165180198
05/27/2020,FEU,Z03,5,0.02937170858
05/27/2020,FEU,Z01,6,0.07949852918
05/27/2020,FEU,Z02,6,0.03189523108
05/27/2020,FEU,Z03,6,0.02965882564
05/27/2020,FEU,Z01,7,0.08555736644
05/27/2020,FEU,Z02,7,0.03785356928
05/27/2020,FEU,Z03,7,0.03549564982
05/27/2020,FEU,Z01,8,0.0857374717
05/27/2020,FEU,Z02,8,0.03815689748
05/27/2020,FEU,Z03,8,0.04052779062
05/27/2020,FEU,Z01,9,0.08395965332
05/27/2020,FEU,Z02,9,0.03674173996
05/27/2020,FEU,Z03,9,0.03882750626
05/28/2020,FEU,Z01,1,0.08933893004
05/28/2020,FEU,Z02,1,0.04127991698
05/28/2020,FEU,Z03,1,0.04405285394
05/28/2020,FEU,Z01,10,0.08617932142
05/28/2020,FEU,Z02,10,0.03894637204
05/28/2020,FEU,Z03,10,0.04107152536
05/28/2020,FEU,Z01,11,0.08564078842
05/28/2020,FEU,Z02,11,0.03845560202
05/28/2020,FEU,Z03,11,0.04056482334
05/28/2020,FEU,Z01,12,0.08578349738
05/28/2020,FEU,Z02,12,0.038555678
05/28/2020,FEU,Z03,12,0.0407005823
05/28/2020,FEU,Z01,13,0.08603889336
05/28/2020,FEU,Z02,13,0.03880010698
05/28/2020,FEU,Z03,13,0.04095315328
05/28/2020,FEU,Z01,14,0.08623335344
05/28/2020,FEU,Z02,14,0.1046425773
05/28/2020,FEU,Z03,14,0.1046425773
05/28/2020,FEU,Z01,15,0.08594606936
05/28/2020,FEU,Z02,15,0.1043914772
05/28/2020,FEU,Z03,15,0.1043914772
05/28/2020,FEU,Z01,16,0.08546266826
05/28/2020,FEU,Z02,16,0.1039029471
05/28/2020,FEU,Z03,16,0.1039029471
05/28/2020,FEU,Z01,17,0.08565683328
05/28/2020,FEU,Z02,17,0.10409859312
05/28/2020,FEU,Z03,17,0.10409859312
05/28/2020,FEU,Z01,18,0.08603260532
05/28/2020,FEU,Z02,18,0.10444006218
05/28/2020,FEU,Z03,18,0.10444006218
05/28/2020,FEU,Z01,19,0.08603055724
05/28/2020,FEU,Z02,19,0.1044376621
05/28/2020,FEU,Z03,19,0.1044376621
05/28/2020,FEU,Z01,2,0.08914854598
05/28/2020,FEU,Z02,2,0.04108862092
05/28/2020,FEU,Z03,2,0.03853230654
05/28/2020,FEU,Z01,20,0.08678117316
05/28/2020,FEU,Z02,20,0.105230127
05/28/2020,FEU,Z03,20,0.105230127
05/28/2020,FEU,Z01,21,0.08706959108
05/28/2020,FEU,Z02,21,0.1055589419
05/28/2020,FEU,Z03,21,0.1055589419
05/28/2020,FEU,Z01,22,0.088048977
05/28/2020,FEU,Z02,22,0.10654423382
05/28/2020,FEU,Z03,22,0.10654423382
05/28/2020,FEU,Z01,23,0.08827299884
05/28/2020,FEU,Z02,23,0.10676876066
05/28/2020,FEU,Z03,23,0.10676876066
05/28/2020,FEU,Z01,24,0.0879802015
05/28/2020,FEU,Z02,24,0.04023119332
05/28/2020,FEU,Z03,24,0.0427747764
05/28/2020,FEU,Z01,3,0.08989495994
05/28/2020,FEU,Z02,3,0.0417679519
05/28/2020,FEU,Z03,3,0.0392271025
05/28/2020,FEU,Z01,4,0.09049535592
05/28/2020,FEU,Z02,4,0.04234204888
05/28/2020,FEU,Z03,4,0.0397524775
05/28/2020,FEU,Z01,5,0.09050350796
05/28/2020,FEU,Z02,5,0.04235455892
05/28/2020,FEU,Z03,5,0.03979773352
05/28/2020,FEU,Z01,6,0.09021322106
05/28/2020,FEU,Z02,6,0.04215697898
05/28/2020,FEU,Z03,6,0.03960307558
05/28/2020,FEU,Z01,7,0.09017698934
05/28/2020,FEU,Z02,7,0.0422608972
05/28/2020,FEU,Z03,7,0.03976594576
05/28/2020,FEU,Z01,8,0.08840806162
05/28/2020,FEU,Z02,8,0.04069355542
05/28/2020,FEU,Z03,8,0.04322818252
05/28/2020,FEU,Z01,9,0.08696237126
05/28/2020,FEU,Z02,9,0.03961739392
05/28/2020,FEU,Z03,9,0.04186124218
05/29/2020,FEU,Z01,1,0.09587001518
05/29/2020,FEU,Z02,1,0.04764929308
05/29/2020,FEU,Z03,1,0.05063764808
05/29/2020,FEU,Z01,10,0.09133392946
05/29/2020,FEU,Z02,10,0.04400190206
05/29/2020,FEU,Z03,10,0.04628562638
05/29/2020,FEU,Z01,11,0.09067274142
05/29/2020,FEU,Z02,11,0.04335274602
05/29/2020,FEU,Z03,11,0.04561460434
05/29/2020,FEU,Z01,12,0.09072031238
05/29/2020,FEU,Z02,12,0.043357178
05/29/2020,FEU,Z03,12,0.0456548573
05/29/2020,FEU,Z01,13,0.09129486038
05/29/2020,FEU,Z02,13,0.043915978
05/29/2020,FEU,Z03,13,0.0462314373
05/29/2020,FEU,Z01,14,0.09135221744
05/29/2020,FEU,Z02,14,0.10983530528
05/29/2020,FEU,Z03,14,0.10983530528
05/29/2020,FEU,Z01,15,0.09078022234
05/29/2020,FEU,Z02,15,0.1092170972
05/29/2020,FEU,Z03,15,0.1092170972
05/29/2020,FEU,Z01,16,0.09021219328
05/29/2020,FEU,Z02,16,0.10868603312
05/29/2020,FEU,Z03,16,0.10868603312
05/29/2020,FEU,Z01,17,0.0894337873
05/29/2020,FEU,Z02,17,0.10786213516
05/29/2020,FEU,Z03,17,0.10786213516
05/29/2020,FEU,Z01,18,0.0892147323
05/29/2020,FEU,Z02,18,0.10764172916
05/29/2020,FEU,Z03,18,0.10764172916
05/29/2020,FEU,Z01,19,0.08539659622
05/29/2020,FEU,Z02,19,0.10383618506
05/29/2020,FEU,Z03,19,0.10383618506
05/29/2020,FEU,Z01,2,0.09585844604
05/29/2020,FEU,Z02,2,0.04754365898
05/29/2020,FEU,Z03,2,0.04484935558
05/29/2020,FEU,Z01,20,0.08519326514
05/29/2020,FEU,Z02,20,0.10366714496
05/29/2020,FEU,Z03,20,0.10366714496
05/29/2020,FEU,Z01,21,0.08756718302
05/29/2020,FEU,Z02,21,0.10605998084
05/29/2020,FEU,Z03,21,0.10605998084
05/29/2020,FEU,Z01,22,0.090022377
05/29/2020,FEU,Z02,22,0.10849293884
05/29/2020,FEU,Z03,22,0.10849293884
05/29/2020,FEU,Z01,23,0.0896219368
05/29/2020,FEU,Z02,23,0.10812785762
05/29/2020,FEU,Z03,23,0.10812785762
05/29/2020,FEU,Z01,24,0.08811504246
05/29/2020,FEU,Z02,24,0.0403226023
05/29/2020,FEU,Z03,24,0.04290267836
05/29/2020,FEU,Z01,3,0.095883776
05/29/2020,FEU,Z02,3,0.04756361994
05/29/2020,FEU,Z03,3,0.04487164154
05/29/2020,FEU,Z01,4,0.096469376
05/29/2020,FEU,Z02,4,0.04812513094
05/29/2020,FEU,Z03,4,0.04541854254
05/29/2020,FEU,Z01,5,0.09669704604
05/29/2020,FEU,Z02,5,0.04834935898
05/29/2020,FEU,Z03,5,0.04563517658
05/29/2020,FEU,Z01,6,0.09644636816
05/29/2020,FEU,Z02,6,0.04820050106
05/29/2020,FEU,Z03,6,0.04552659964
05/29/2020,FEU,Z01,7,0.0956543364
05/29/2020,FEU,Z02,7,0.04754603026
05/29/2020,FEU,Z03,7,0.0449596378
05/29/2020,FEU,Z01,8,0.0944329166
05/29/2020,FEU,Z02,8,0.0465098474
05/29/2020,FEU,Z03,8,0.0492738515
05/29/2020,FEU,Z01,9,0.09185715626
05/29/2020,FEU,Z02,9,0.0444082979
05/29/2020,FEU,Z03,9,0.04677324718
05/30/2020,FEU,Z01,1,0.09510454808
05/30/2020,FEU,Z02,1,0.046861427
05/30/2020,FEU,Z03,1,0.04988919596
05/30/2020,FEU,Z01,10,0.08987256294
05/30/2020,FEU,Z02,10,0.04229182066
05/30/2020,FEU,Z03,10,0.04475804684
05/30/2020,FEU,Z01,11,0.08892070502
05/30/2020,FEU,Z02,11,0.04141552372
05/30/2020,FEU,Z03,11,0.04381712692
05/30/2020,FEU,Z01,12,0.08852001304
05/30/2020,FEU,Z02,12,0.04102973974
05/30/2020,FEU,Z03,12,0.04338329696
05/30/2020,FEU,Z01,13,0.087255477
05/30/2020,FEU,Z02,13,0.03976457572
05/30/2020,FEU,Z03,13,0.04210689892
05/30/2020,FEU,Z01,14,0.08964283312
05/30/2020,FEU,Z02,14,0.10811156096
05/30/2020,FEU,Z03,14,0.10811156096
05/30/2020,FEU,Z01,15,0.08755339704
05/30/2020,FEU,Z02,15,0.10600702488
05/30/2020,FEU,Z03,15,0.10600702488
05/30/2020,FEU,Z01,16,0.08143394386
05/30/2020,FEU,Z02,16,0.09987666068
05/30/2020,FEU,Z03,16,0.09987666068
05/30/2020,FEU,Z01,17,0.08003628786
05/30/2020,FEU,Z02,17,0.09846813268
05/30/2020,FEU,Z03,17,0.09846813268
05/30/2020,FEU,Z01,18,0.07984146294
05/30/2020,FEU,Z02,18,0.09827218676
05/30/2020,FEU,Z03,18,0.09827218676
05/30/2020,FEU,Z01,19,0.08268130488
05/30/2020,FEU,Z02,19,0.10110026072
05/30/2020,FEU,Z03,19,0.10110026072
05/30/2020,FEU,Z01,2,0.09479595788
05/30/2020,FEU,Z02,2,0.04642857486
05/30/2020,FEU,Z03,2,0.04376945446
05/30/2020,FEU,Z01,20,0.08393366482
05/30/2020,FEU,Z02,20,0.10239674464
05/30/2020,FEU,Z03,20,0.10239674464
05/30/2020,FEU,Z01,21,0.08864426072
05/30/2020,FEU,Z02,21,0.10718045252
05/30/2020,FEU,Z03,21,0.10718045252
05/30/2020,FEU,Z01,22,0.0929290167
05/30/2020,FEU,Z02,22,0.1115018015
05/30/2020,FEU,Z03,22,0.1115018015
05/30/2020,FEU,Z01,23,0.09358622654
05/30/2020,FEU,Z02,23,0.11216289534
05/30/2020,FEU,Z03,23,0.11216289534
05/30/2020,FEU,Z01,24,0.09183883714
05/30/2020,FEU,Z02,24,0.04376568904
05/30/2020,FEU,Z03,24,0.04661849602
05/30/2020,FEU,Z01,3,0.09446339184
05/30/2020,FEU,Z02,3,0.04610514782
05/30/2020,FEU,Z03,3,0.04341834544
05/30/2020,FEU,Z01,4,0.09455471282
05/30/2020,FEU,Z02,4,0.0461905768
05/30/2020,FEU,Z03,4,0.04350121142
05/30/2020,FEU,Z01,5,0.0945347958
05/30/2020,FEU,Z02,5,0.04616927578
05/30/2020,FEU,Z03,5,0.04344363242
05/30/2020,FEU,Z01,6,0.09461637182
05/30/2020,FEU,Z02,6,0.0462485768
05/30/2020,FEU,Z03,6,0.04352099344
05/30/2020,FEU,Z01,7,0.09427014188
05/30/2020,FEU,Z02,7,0.04596190084
05/30/2020,FEU,Z03,7,0.04327695546
05/30/2020,FEU,Z01,8,0.09037957098
05/30/2020,FEU,Z02,8,0.04227262492
05/30/2020,FEU,Z03,8,0.04512156186
05/30/2020,FEU,Z01,9,0.09209416068
05/30/2020,FEU,Z02,9,0.04429828446
05/30/2020,FEU,Z03,9,0.04694019358
05/31/2020,FEU,Z01,1,0.09288508382
05/31/2020,FEU,Z02,1,0.0445886168
05/31/2020,FEU,Z03,1,0.0476092007
05/31/2020,FEU,Z01,10,0.08694747264
05/31/2020,FEU,Z02,10,0.03931843342
05/31/2020,FEU,Z03,10,0.04176392654
05/31/2020,FEU,Z01,11,0.08914012472
05/31/2020,FEU,Z02,11,0.0414482275
05/31/2020,FEU,Z03,11,0.04398101662
05/31/2020,FEU,Z01,12,0.09024010472
05/31/2020,FEU,Z02,12,0.0425102275
05/31/2020,FEU,Z03,12,0.04508572162
05/31/2020,FEU,Z01,13,0.09058327466
05/31/2020,FEU,Z02,13,0.04279937446
05/31/2020,FEU,Z03,13,0.04538276358
05/31/2020,FEU,Z01,14,0.09282807986
05/31/2020,FEU,Z02,14,0.11135942868
05/31/2020,FEU,Z03,14,0.11135942868
05/31/2020,FEU,Z01,15,0.0921066568
05/31/2020,FEU,Z02,15,0.11063185562
05/31/2020,FEU,Z03,15,0.11063185562
05/31/2020,FEU,Z01,16,0.0871403066
05/31/2020,FEU,Z02,16,0.1056625364
05/31/2020,FEU,Z03,16,0.1056625364
05/31/2020,FEU,Z01,17,0.08611857158
05/31/2020,FEU,Z02,17,0.10463190438
05/31/2020,FEU,Z03,17,0.10463190438
05/31/2020,FEU,Z01,18,0.0862253666
05/31/2020,FEU,Z02,18,0.10470356642
05/31/2020,FEU,Z03,18,0.10470356642
05/31/2020,FEU,Z01,19,0.08992776162
05/31/2020,FEU,Z02,19,0.10843460044
05/31/2020,FEU,Z03,19,0.10843460044
05/31/2020,FEU,Z01,2,0.09246511968
05/31/2020,FEU,Z02,2,0.0440967267
05/31/2020,FEU,Z03,2,0.04143264834
05/31/2020,FEU,Z01,20,0.0917372366
05/31/2020,FEU,Z02,20,0.1102987564
05/31/2020,FEU,Z03,20,0.1102987564
05/31/2020,FEU,Z01,21,0.0949559066
05/31/2020,FEU,Z02,21,0.1135449364
05/31/2020,FEU,Z03,21,0.1135449364
05/31/2020,FEU,Z01,22,0.09604739276
05/31/2020,FEU,Z02,22,0.11460275758
05/31/2020,FEU,Z03,22,0.11460275758
05/31/2020,FEU,Z01,23,0.09655760868
05/31/2020,FEU,Z02,23,0.11516129648
05/31/2020,FEU,Z03,23,0.11516129648
05/31/2020,FEU,Z01,24,0.0970403213
05/31/2020,FEU,Z02,24,0.04882939118
05/31/2020,FEU,Z03,24,0.0518355762
05/31/2020,FEU,Z01,3,0.0911372756
05/31/2020,FEU,Z02,3,0.04278195264
05/31/2020,FEU,Z03,3,0.0401217923
05/31/2020,FEU,Z01,4,0.09208476054
05/31/2020,FEU,Z02,4,0.0436470166
05/31/2020,FEU,Z03,4,0.04096409026
05/31/2020,FEU,Z01,5,0.09176073956
05/31/2020,FEU,Z02,5,0.0433744066
05/31/2020,FEU,Z03,5,0.04069803226
05/31/2020,FEU,Z01,6,0.0952986956
05/31/2020,FEU,Z02,6,0.04676600064
05/31/2020,FEU,Z03,6,0.0439932773
05/31/2020,FEU,Z01,7,0.0944725607
05/31/2020,FEU,Z02,7,0.0460609167
05/31/2020,FEU,Z03,7,0.04330428136
05/31/2020,FEU,Z01,8,0.0907352207
05/31/2020,FEU,Z02,8,0.04244165272
05/31/2020,FEU,Z03,8,0.04542594158
05/31/2020,FEU,Z01,9,0.0856595813
05/31/2020,FEU,Z02,9,0.03787122718
05/31/2020,FEU,Z03,9,0.0404068162
06/01/2020,FEU,Z01,1,0.09809726612
06/01/2020,FEU,Z02,1,0.04974447304
06/01/2020,FEU,Z03,1,0.05286288802
06/01/2020,FEU,Z01,10,0.09115576176
06/01/2020,FEU,Z02,10,0.0439853083
06/01/2020,FEU,Z03,10,0.0461242527
06/01/2020,FEU,Z01,11,0.09046632176
06/01/2020,FEU,Z02,11,0.04335157228
06/01/2020,FEU,Z03,11,0.04547111768
06/01/2020,FEU,Z01,12,0.09006414172
06/01/2020,FEU,Z02,12,0.04291551926
06/01/2020,FEU,Z03,12,0.04502227066
06/01/2020,FEU,Z01,13,0.0906830377
06/01/2020,FEU,Z02,13,0.04351545824
06/01/2020,FEU,Z03,13,0.04563912364
06/01/2020,FEU,Z01,14,0.09088093874
06/01/2020,FEU,Z02,14,0.10927965662
06/01/2020,FEU,Z03,14,0.10927965662
06/01/2020,FEU,Z01,15,0.09037702164
06/01/2020,FEU,Z02,15,0.1088131025
06/01/2020,FEU,Z03,15,0.1088131025
06/01/2020,FEU,Z01,16,0.09032630756
06/01/2020,FEU,Z02,16,0.10876160942
06/01/2020,FEU,Z03,16,0.10876160942
06/01/2020,FEU,Z01,17,0.08963406062
06/01/2020,FEU,Z02,17,0.10806650348
06/01/2020,FEU,Z03,17,0.10806650348
06/01/2020,FEU,Z01,18,0.08999948168
06/01/2020,FEU,Z02,18,0.10839209156
06/01/2020,FEU,Z03,18,0.10839209156
06/01/2020,FEU,Z01,19,0.0902896976
06/01/2020,FEU,Z02,19,0.10872500046
06/01/2020,FEU,Z03,19,0.10872500046
06/01/2020,FEU,Z01,2,0.09708595498
06/01/2020,FEU,Z02,2,0.04871540692
06/01/2020,FEU,Z03,2,0.04599434552
06/01/2020,FEU,Z01,20,0.09110841548
06/01/2020,FEU,Z02,20,0.10954812534
06/01/2020,FEU,Z03,20,0.10954812534
06/01/2020,FEU,Z01,21,0.09252588932
06/01/2020,FEU,Z02,21,0.11097342818
06/01/2020,FEU,Z03,21,0.11097342818
06/01/2020,FEU,Z01,22,0.09426598922
06/01/2020,FEU,Z02,22,0.11276787406
06/01/2020,FEU,Z03,22,0.11276787406
06/01/2020,FEU,Z01,23,0.09517744206
06/01/2020,FEU,Z02,23,0.11372910488
06/01/2020,FEU,Z03,23,0.11372910488
06/01/2020,FEU,Z01,24,0.09527324072
06/01/2020,FEU,Z02,24,0.0473758525
06/01/2020,FEU,Z03,24,0.05014047762
06/01/2020,FEU,Z01,3,0.0975675359
06/01/2020,FEU,Z02,3,0.04913016986
06/01/2020,FEU,Z03,3,0.04636061348
06/01/2020,FEU,Z01,4,0.09749016188
06/01/2020,FEU,Z02,4,0.04905376084
06/01/2020,FEU,Z03,4,0.04628604546
06/01/2020,FEU,Z01,5,0.0975072859
06/01/2020,FEU,Z02,5,0.04907116286
06/01/2020,FEU,Z03,5,0.04630318748
06/01/2020,FEU,Z01,6,0.09701331804
06/01/2020,FEU,Z02,6,0.04869356896
06/01/2020,FEU,Z03,6,0.04597130356
06/01/2020,FEU,Z01,7,0.09680114238
06/01/2020,FEU,Z02,7,0.04864879124
06/01/2020,FEU,Z03,7,0.04603701778
06/01/2020,FEU,Z01,8,0.09531178774
06/01/2020,FEU,Z02,8,0.0474557275
06/01/2020,FEU,Z03,8,0.05018414464
06/01/2020,FEU,Z01,9,0.0906784775
06/01/2020,FEU,Z02,9,0.0433705531
06/01/2020,FEU,Z03,9,0.04559746544
06/02/2020,FEU,Z01,1,0.09540042456
06/02/2020,FEU,Z02,1,0.04743837736
06/02/2020,FEU,Z03,1,0.05023792546
06/02/2020,FEU,Z01,10,0.09292141866
06/02/2020,FEU,Z02,10,0.04565409922
06/02/2020,FEU,Z03,10,0.0478760976
06/02/2020,FEU,Z01,11,0.09283188968
06/02/2020,FEU,Z02,11,0.04561053922
06/02/2020,FEU,Z03,11,0.0478301776
06/02/2020,FEU,Z01,12,0.09296519164
06/02/2020,FEU,Z02,12,0.0456939882
06/02/2020,FEU,Z03,12,0.04791627358
06/02/2020,FEU,Z01,13,0.09294070562
06/02/2020,FEU,Z02,13,0.04566732618
06/02/2020,FEU,Z03,13,0.04788800756
06/02/2020,FEU,Z01,14,0.0928104577
06/02/2020,FEU,Z02,14,0.11126216756
06/02/2020,FEU,Z03,14,0.11126216756
06/02/2020,FEU,Z01,15,0.09270357964
06/02/2020,FEU,Z02,15,0.1111542275
06/02/2020,FEU,Z03,15,0.1111542275
06/02/2020,FEU,Z01,16,0.09159080156
06/02/2020,FEU,Z02,16,0.11003399242
06/02/2020,FEU,Z03,16,0.11003399242
06/02/2020,FEU,Z01,17,0.0908463376
06/02/2020,FEU,Z02,17,0.10928511946
06/02/2020,FEU,Z03,17,0.10928511946
06/02/2020,FEU,Z01,18,0.09085328964
06/02/2020,FEU,Z02,18,0.1092923525
06/02/2020,FEU,Z03,18,0.1092923525
06/02/2020,FEU,Z01,19,0.0909605776
06/02/2020,FEU,Z02,19,0.10940007346
06/02/2020,FEU,Z03,19,0.10940007346
06/02/2020,FEU,Z01,2,0.09398831244
06/02/2020,FEU,Z02,2,0.04598392128
06/02/2020,FEU,Z03,2,0.04343276282
06/02/2020,FEU,Z01,20,0.09146310548
06/02/2020,FEU,Z02,20,0.10990502034
06/02/2020,FEU,Z03,20,0.10990502034
06/02/2020,FEU,Z01,21,0.09342858936
06/02/2020,FEU,Z02,21,0.11188195322
06/02/2020,FEU,Z03,21,0.11188195322
06/02/2020,FEU,Z01,22,0.09461551826
06/02/2020,FEU,Z02,22,0.1131213421
06/02/2020,FEU,Z03,22,0.1131213421
06/02/2020,FEU,Z01,23,0.09531419716
06/02/2020,FEU,Z02,23,0.11386797998
06/02/2020,FEU,Z03,23,0.11386797998
06/02/2020,FEU,Z01,24,0.09535265386
06/02/2020,FEU,Z02,24,0.0475503376
06/02/2020,FEU,Z03,24,0.05024674476
06/02/2020,FEU,Z01,3,0.09379863236
06/02/2020,FEU,Z02,3,0.04575211322
06/02/2020,FEU,Z03,3,0.04320980976
06/02/2020,FEU,Z01,4,0.09424188236
06/02/2020,FEU,Z02,4,0.04618037722
06/02/2020,FEU,Z03,4,0.04362792176
06/02/2020,FEU,Z01,5,0.09381557438
06/02/2020,FEU,Z02,5,0.04581020222
06/02/2020,FEU,Z03,5,0.04322840978
06/02/2020,FEU,Z01,6,0.09414952146
06/02/2020,FEU,Z02,6,0.0461417473
06/02/2020,FEU,Z03,6,0.04362461982
06/02/2020,FEU,Z01,7,0.09331540864
06/02/2020,FEU,Z02,7,0.04543542544
06/02/2020,FEU,Z03,7,0.04296763394
06/02/2020,FEU,Z01,8,0.09450688686
06/02/2020,FEU,Z02,8,0.0467316176
06/02/2020,FEU,Z03,8,0.04935845078
06/02/2020,FEU,Z01,9,0.09262659846
06/02/2020,FEU,Z02,9,0.04526125806
06/02/2020,FEU,Z03,9,0.0475433574
06/03/2020,FEU,Z01,1,0.09470033852
06/03/2020,FEU,Z02,1,0.04671921734
06/03/2020,FEU,Z03,1,0.04952729042
06/03/2020,FEU,Z01,10,0.0929844176
06/03/2020,FEU,Z02,10,0.04570715416
06/03/2020,FEU,Z03,10,0.04796823752
06/03/2020,FEU,Z01,11,0.09215911364
06/03/2020,FEU,Z02,11,0.04494835718
06/03/2020,FEU,Z03,11,0.04714748756
06/03/2020,FEU,Z01,12,0.09215628662
06/03/2020,FEU,Z02,12,0.04490362618
06/03/2020,FEU,Z03,12,0.04710148556
06/03/2020,FEU,Z01,13,0.09227042462
06/03/2020,FEU,Z02,13,0.04501381718
06/03/2020,FEU,Z03,13,0.04725544554
06/03/2020,FEU,Z01,14,0.09131055674
06/03/2020,FEU,Z02,14,0.1097530976
06/03/2020,FEU,Z03,14,0.1097530976
06/03/2020,FEU,Z01,15,0.08944371368
06/03/2020,FEU,Z02,15,0.10783445756
06/03/2020,FEU,Z03,15,0.10783445756
06/03/2020,FEU,Z01,16,0.0821932176
06/03/2020,FEU,Z02,16,0.10054369748
06/03/2020,FEU,Z03,16,0.10054369748
06/03/2020,FEU,Z01,17,0.08172796166
06/03/2020,FEU,Z02,17,0.10010995752
06/03/2020,FEU,Z03,17,0.10010995752
06/03/2020,FEU,Z01,18,0.0819659677
06/03/2020,FEU,Z02,18,0.10035071756
06/03/2020,FEU,Z03,18,0.10035071756
06/03/2020,FEU,Z01,19,0.08342915266
06/03/2020,FEU,Z02,19,0.10182180952
06/03/2020,FEU,Z03,19,0.10182180952
06/03/2020,FEU,Z01,2,0.09364754942
06/03/2020,FEU,Z02,2,0.04565292526
06/03/2020,FEU,Z03,2,0.0431114878
06/03/2020,FEU,Z01,20,0.08717958552
06/03/2020,FEU,Z02,20,0.10559506238
06/03/2020,FEU,Z03,20,0.10559506238
06/03/2020,FEU,Z01,21,0.08559914438
06/03/2020,FEU,Z02,21,0.10404221622
06/03/2020,FEU,Z03,21,0.10404221622
06/03/2020,FEU,Z01,22,0.08993500928
06/03/2020,FEU,Z02,22,0.10840689712
06/03/2020,FEU,Z03,22,0.10840689712
06/03/2020,FEU,Z01,23,0.09090836116
06/03/2020,FEU,Z02,23,0.109386227
06/03/2020,FEU,Z03,23,0.109386227
06/03/2020,FEU,Z01,24,0.08950742684
06/03/2020,FEU,Z02,24,0.0418540176
06/03/2020,FEU,Z03,24,0.04433681276
06/03/2020,FEU,Z01,3,0.09438018834
06/03/2020,FEU,Z02,3,0.0463113172
06/03/2020,FEU,Z03,3,0.04375651174
06/03/2020,FEU,Z01,4,0.09483682634
06/03/2020,FEU,Z02,4,0.0467513572
06/03/2020,FEU,Z03,4,0.04414722576
06/03/2020,FEU,Z01,5,0.09479934738
06/03/2020,FEU,Z02,5,0.04671988124
06/03/2020,FEU,Z03,5,0.04415276178
06/03/2020,FEU,Z01,6,0.09495483248
06/03/2020,FEU,Z02,6,0.0469589473
06/03/2020,FEU,Z03,6,0.04438494984
06/03/2020,FEU,Z01,7,0.09582894464
06/03/2020,FEU,Z02,7,0.04786288144
06/03/2020,FEU,Z03,7,0.04534239294
06/03/2020,FEU,Z01,8,0.09513050986
06/03/2020,FEU,Z02,8,0.0473341776
06/03/2020,FEU,Z03,8,0.05002364076
06/03/2020,FEU,Z01,9,0.09302504144
06/03/2020,FEU,Z02,9,0.04564527004
06/03/2020,FEU,Z03,9,0.04797898936
06/04/2020,FEU,Z01,1,0.08026445246
06/04/2020,FEU,Z02,1,0.0327521523
06/04/2020,FEU,Z03,1,0.03501873836
06/04/2020,FEU,Z01,10,0.08983626466
06/04/2020,FEU,Z02,10,0.0426844982
06/04/2020,FEU,Z03,10,0.04482007158
06/04/2020,FEU,Z01,11,0.08841381364
06/04/2020,FEU,Z02,11,0.0412565982
06/04/2020,FEU,Z03,11,0.04338878756
06/04/2020,FEU,Z01,12,0.0884013776
06/04/2020,FEU,Z02,12,0.04120404518
06/04/2020,FEU,Z03,12,0.04333280654
06/04/2020,FEU,Z01,13,0.0871391376
06/04/2020,FEU,Z02,13,0.04000909816
06/04/2020,FEU,Z03,13,0.04210208152
06/04/2020,FEU,Z01,14,0.08439158168
06/04/2020,FEU,Z02,14,0.10279035354
06/04/2020,FEU,Z03,14,0.10279035354
06/04/2020,FEU,Z01,15,0.0785095376
06/04/2020,FEU,Z02,15,0.09687121446
06/04/2020,FEU,Z03,15,0.09687121446
06/04/2020,FEU,Z01,16,0.0754763525
06/04/2020,FEU,Z02,16,0.09381891336
06/04/2020,FEU,Z03,16,0.09381891336
06/04/2020,FEU,Z01,17,0.07238552756
06/04/2020,FEU,Z02,17,0.09070889942
06/04/2020,FEU,Z03,17,0.09070889942
06/04/2020,FEU,Z01,18,0.0718690576
06/04/2020,FEU,Z02,18,0.09018923146
06/04/2020,FEU,Z03,18,0.09018923146
06/04/2020,FEU,Z01,19,0.07456108556
06/04/2020,FEU,Z02,19,0.09289803042
06/04/2020,FEU,Z03,19,0.09289803042
06/04/2020,FEU,Z01,2,0.08046101034
06/04/2020,FEU,Z02,2,0.0328980772
06/04/2020,FEU,Z03,2,0.03063308976
06/04/2020,FEU,Z01,20,0.07852685744
06/04/2020,FEU,Z02,20,0.0968882573
06/04/2020,FEU,Z03,20,0.0968882573
06/04/2020,FEU,Z01,21,0.08062776128
06/04/2020,FEU,Z02,21,0.09903410512
06/04/2020,FEU,Z03,21,0.09903410512
06/04/2020,FEU,Z01,22,0.08105290116
06/04/2020,FEU,Z02,22,0.099461727
06/04/2020,FEU,Z03,22,0.099461727
06/04/2020,FEU,Z01,23,0.08475672902
06/04/2020,FEU,Z02,23,0.10319076386
06/04/2020,FEU,Z03,23,0.10319076386
06/04/2020,FEU,Z01,24,0.08200247672
06/04/2020,FEU,Z02,24,0.0345497275
06/04/2020,FEU,Z03,24,0.03678368064
06/04/2020,FEU,Z01,3,0.08095071428
06/04/2020,FEU,Z02,3,0.03333447716
06/04/2020,FEU,Z03,3,0.03105978172
06/04/2020,FEU,Z01,4,0.08166912026
06/04/2020,FEU,Z02,4,0.03402238114
06/04/2020,FEU,Z03,4,0.0317324527
06/04/2020,FEU,Z01,5,0.0814006913
06/04/2020,FEU,Z02,5,0.03377047318
06/04/2020,FEU,Z03,5,0.03151206572
06/04/2020,FEU,Z01,6,0.08119068438
06/04/2020,FEU,Z02,6,0.03360670724
06/04/2020,FEU,Z03,6,0.03135070878
06/04/2020,FEU,Z01,7,0.08090747256
06/04/2020,FEU,Z02,7,0.03344119736
06/04/2020,FEU,Z03,7,0.03121360388
06/04/2020,FEU,Z01,8,0.08573475082
06/04/2020,FEU,Z02,8,0.03823454356
06/04/2020,FEU,Z03,8,0.04057977272
06/04/2020,FEU,Z01,9,0.08850741346
06/04/2020,FEU,Z02,9,0.04125172306
06/04/2020,FEU,Z03,9,0.04344907838
06/05/2020,FEU,Z01,1,0.08490120848
06/05/2020,FEU,Z02,1,0.0372569673
06/05/2020,FEU,Z03,1,0.03967893638
06/05/2020,FEU,Z01,10,0.08850252976
06/05/2020,FEU,Z02,10,0.0413975833
06/05/2020,FEU,Z03,10,0.0434638627
06/05/2020,FEU,Z01,11,0.08652212162
06/05/2020,FEU,Z02,11,0.03940935018
06/05/2020,FEU,Z03,11,0.04148659454
06/05/2020,FEU,Z01,12,0.08520915458
06/05/2020,FEU,Z02,12,0.03809154616
06/05/2020,FEU,Z03,12,0.04012833752
06/05/2020,FEU,Z01,13,0.08624054754
06/05/2020,FEU,Z02,13,0.03909043612
06/05/2020,FEU,Z03,13,0.04115509548
06/05/2020,FEU,Z01,14,0.08566944362
06/05/2020,FEU,Z02,14,0.1040386025
06/05/2020,FEU,Z03,14,0.1040386025
06/05/2020,FEU,Z01,15,0.08227325558
06/05/2020,FEU,Z02,15,0.10065838544
06/05/2020,FEU,Z03,15,0.10065838544
06/05/2020,FEU,Z01,16,0.0778411025
06/05/2020,FEU,Z02,16,0.09619837736
06/05/2020,FEU,Z03,16,0.09619837736
06/05/2020,FEU,Z01,17,0.07770125554
06/05/2020,FEU,Z02,17,0.0960577474
06/05/2020,FEU,Z03,17,0.0960577474
06/05/2020,FEU,Z01,18,0.07776215156
06/05/2020,FEU,Z02,18,0.09611906742
06/05/2020,FEU,Z03,18,0.09611906742
06/05/2020,FEU,Z01,19,0.07770763752
06/05/2020,FEU,Z02,19,0.09606525638
06/05/2020,FEU,Z03,19,0.09606525638
06/05/2020,FEU,Z01,2,0.0851240164
06/05/2020,FEU,Z02,2,0.03743038724
06/05/2020,FEU,Z03,2,0.03508477978
06/05/2020,FEU,Z01,20,0.08130473738
06/05/2020,FEU,Z02,20,0.09968432924
06/05/2020,FEU,Z03,20,0.09968432924
06/05/2020,FEU,Z01,21,0.08863363422
06/05/2020,FEU,Z02,21,0.10709710606
06/05/2020,FEU,Z03,21,0.10709710606
06/05/2020,FEU,Z01,22,0.09345601214
06/05/2020,FEU,Z02,22,0.11195156498
06/05/2020,FEU,Z03,22,0.11195156498
06/05/2020,FEU,Z01,23,0.094388927
06/05/2020,FEU,Z02,23,0.11288986484
06/05/2020,FEU,Z03,23,0.11288986484
06/05/2020,FEU,Z01,24,0.09131294068
06/05/2020,FEU,Z02,24,0.04354319446
06/05/2020,FEU,Z03,24,0.0461186666
06/05/2020,FEU,Z01,3,0.08209473334
06/05/2020,FEU,Z02,3,0.0344712772
06/05/2020,FEU,Z03,3,0.03216876176
06/05/2020,FEU,Z01,4,0.08384793934
06/05/2020,FEU,Z02,4,0.0361618972
06/05/2020,FEU,Z03,4,0.03384635974
06/05/2020,FEU,Z01,5,0.08235396938
06/05/2020,FEU,Z02,5,0.03472763724
06/05/2020,FEU,Z03,5,0.03244504378
06/05/2020,FEU,Z01,6,0.08597555644
06/05/2020,FEU,Z02,6,0.03825684928
06/05/2020,FEU,Z03,6,0.03588934482
06/05/2020,FEU,Z01,7,0.08986814262
06/05/2020,FEU,Z02,7,0.04210367642
06/05/2020,FEU,Z03,7,0.03971144992
06/05/2020,FEU,Z01,8,0.09221135684
06/05/2020,FEU,Z02,8,0.04450694458
06/05/2020,FEU,Z03,8,0.04708809574
06/05/2020,FEU,Z01,9,0.08938600058
06/05/2020,FEU,Z02,9,0.04216033816
06/05/2020,FEU,Z03,9,0.04431636152
06/06/2020,FEU,Z01,1,0.09298064032
06/06/2020,FEU,Z02,1,0.04496026018
06/06/2020,FEU,Z03,1,0.04776253722
06/06/2020,FEU,Z01,10,0.08638432018
06/06/2020,FEU,Z02,10,0.03904489784
06/06/2020,FEU,Z03,10,0.0412662471
06/06/2020,FEU,Z01,11,0.08456216426
06/06/2020,FEU,Z02,11,0.0373186179
06/06/2020,FEU,Z03,11,0.03945259118
06/06/2020,FEU,Z01,12,0.08390384126
06/06/2020,FEU,Z02,12,0.0366788229
06/06/2020,FEU,Z03,12,0.03879195218
06/06/2020,FEU,Z01,13,0.08351099312
06/06/2020,FEU,Z02,13,0.0362142778
06/06/2020,FEU,Z03,13,0.03837169304
06/06/2020,FEU,Z01,14,0.08453977724
06/06/2020,FEU,Z02,14,0.10297345508
06/06/2020,FEU,Z03,14,0.10297345508
06/06/2020,FEU,Z01,15,0.08290865116
06/06/2020,FEU,Z02,15,0.101330477
06/06/2020,FEU,Z03,15,0.101330477
06/06/2020,FEU,Z01,16,0.07949902904
06/06/2020,FEU,Z02,16,0.09792872786
06/06/2020,FEU,Z03,16,0.09792872786
06/06/2020,FEU,Z01,17,0.07879369406
06/06/2020,FEU,Z02,17,0.09721680088
06/06/2020,FEU,Z03,17,0.09721680088
06/06/2020,FEU,Z01,18,0.07889952912
06/06/2020,FEU,Z02,18,0.09729312896
06/06/2020,FEU,Z03,18,0.09729312896
06/06/2020,FEU,Z01,19,0.0790353521
06/06/2020,FEU,Z02,19,0.09746054892
06/06/2020,FEU,Z03,19,0.09746054892
06/06/2020,FEU,Z01,2,0.09220137126
06/06/2020,FEU,Z02,2,0.04416536314
06/06/2020,FEU,Z03,2,0.0416258477
06/06/2020,FEU,Z01,20,0.079619477
06/06/2020,FEU,Z02,20,0.09801767084
06/06/2020,FEU,Z03,20,0.09801767084
06/06/2020,FEU,Z01,21,0.08541633786
06/06/2020,FEU,Z02,21,0.10389003268
06/06/2020,FEU,Z03,21,0.10389003268
06/06/2020,FEU,Z01,22,0.0907877368
06/06/2020,FEU,Z02,22,0.10930270262
06/06/2020,FEU,Z03,22,0.10930270262
06/06/2020,FEU,Z01,23,0.09229572872
06/06/2020,FEU,Z02,23,0.11086329052
06/06/2020,FEU,Z03,23,0.11086329052
06/06/2020,FEU,Z01,24,0.09117740832
06/06/2020,FEU,Z02,24,0.0431865772
06/06/2020,FEU,Z03,24,0.04595169022
06/06/2020,FEU,Z01,3,0.09141338222
06/06/2020,FEU,Z02,3,0.04336580112
06/06/2020,FEU,Z03,3,0.04084658968
06/06/2020,FEU,Z01,4,0.0934702862
06/06/2020,FEU,Z02,4,0.0453425471
06/06/2020,FEU,Z03,4,0.04273932568
06/06/2020,FEU,Z01,5,0.09361647224
06/06/2020,FEU,Z02,5,0.04548781414
06/06/2020,FEU,Z03,5,0.0429159027
06/06/2020,FEU,Z01,6,0.09391843828
06/06/2020,FEU,Z02,6,0.04582110516
06/06/2020,FEU,Z03,6,0.04324025772
06/06/2020,FEU,Z01,7,0.0943693313
06/06/2020,FEU,Z02,7,0.04625757718
06/06/2020,FEU,Z03,7,0.04370479572
06/06/2020,FEU,Z01,8,0.09393603638
06/06/2020,FEU,Z02,8,0.04588800324
06/06/2020,FEU,Z03,8,0.04873329428
06/06/2020,FEU,Z01,9,0.09047185502
06/06/2020,FEU,Z02,9,0.04291942372
06/06/2020,FEU,Z03,9,0.04537502692
06/07/2020,FEU,Z01,1,0.08189110412
06/07/2020,FEU,Z02,1,0.03416152104
06/07/2020,FEU,Z03,1,0.036616976
06/07/2020,FEU,Z01,10,0.07604683484
06/07/2020,FEU,Z02,10,0.02885890558
06/07/2020,FEU,Z03,10,0.03085377874
06/07/2020,FEU,Z01,11,0.0737127869
06/07/2020,FEU,Z02,11,0.02662931962
06/07/2020,FEU,Z03,11,0.0285207768
06/07/2020,FEU,Z01,12,0.07409675492
06/07/2020,FEU,Z02,12,0.02700550964
06/07/2020,FEU,Z03,12,0.02891011682
06/07/2020,FEU,Z01,13,0.07601918386
06/07/2020,FEU,Z02,13,0.0288351376
06/07/2020,FEU,Z03,13,0.03082972476
06/07/2020,FEU,Z01,14,0.07519130402
06/07/2020,FEU,Z02,14,0.09355873886
06/07/2020,FEU,Z03,14,0.09355873886
06/07/2020,FEU,Z01,15,0.073770577
06/07/2020,FEU,Z02,15,0.09215408982
06/07/2020,FEU,Z03,15,0.09215408982
06/07/2020,FEU,Z01,16,0.06817240986
06/07/2020,FEU,Z02,16,0.08651196868
06/07/2020,FEU,Z03,16,0.08651196868
06/07/2020,FEU,Z01,17,0.07183778586
06/07/2020,FEU,Z02,17,0.09020585668
06/07/2020,FEU,Z03,17,0.09020585668
06/07/2020,FEU,Z01,18,0.07540428488
06/07/2020,FEU,Z02,18,0.09377288072
06/07/2020,FEU,Z03,18,0.09377288072
06/07/2020,FEU,Z01,19,0.07871391288
06/07/2020,FEU,Z02,19,0.0971355617
06/07/2020,FEU,Z03,19,0.0971355617
06/07/2020,FEU,Z01,2,0.08041782502
06/07/2020,FEU,Z02,2,0.03270611296
06/07/2020,FEU,Z03,2,0.03040018756
06/07/2020,FEU,Z01,20,0.08118103982
06/07/2020,FEU,Z02,20,0.09962157664
06/07/2020,FEU,Z03,20,0.09962157664
06/07/2020,FEU,Z01,21,0.08383709676
06/07/2020,FEU,Z02,21,0.10233229256
06/07/2020,FEU,Z03,21,0.10233229256
06/07/2020,FEU,Z01,22,0.08654234488
06/07/2020,FEU,Z02,22,0.1050249417
06/07/2020,FEU,Z03,22,0.1050249417
06/07/2020,FEU,Z01,23,0.09079064488
06/07/2020,FEU,Z02,23,0.1093063167
06/07/2020,FEU,Z03,23,0.1093063167
06/07/2020,FEU,Z01,24,0.0882904015
06/07/2020,FEU,Z02,24,0.04053056932
06/07/2020,FEU,Z03,24,0.0430862964
06/07/2020,FEU,Z01,3,0.08054613996
06/07/2020,FEU,Z02,3,0.03279366892
06/07/2020,FEU,Z03,3,0.03048651752
06/07/2020,FEU,Z01,4,0.08150297998
06/07/2020,FEU,Z02,4,0.03374341092
06/07/2020,FEU,Z03,4,0.03141044552
06/07/2020,FEU,Z01,5,0.081118976
06/07/2020,FEU,Z02,5,0.03337595494
06/07/2020,FEU,Z03,5,0.03105312654
06/07/2020,FEU,Z01,6,0.08106215606
06/07/2020,FEU,Z02,6,0.03335758398
06/07/2020,FEU,Z03,6,0.03103303058
06/07/2020,FEU,Z01,7,0.08159721506
06/07/2020,FEU,Z02,7,0.03387208098
06/07/2020,FEU,Z03,7,0.03153411758
06/07/2020,FEU,Z01,8,0.08094694004
06/07/2020,FEU,Z02,8,0.03321716198
06/07/2020,FEU,Z03,8,0.03562583894
06/07/2020,FEU,Z01,9,0.0784928366
06/07/2020,FEU,Z02,9,0.0311147274
06/07/2020,FEU,Z03,9,0.0332656515
06/08/2020,FEU,Z01,1,0.08669098412
06/08/2020,FEU,Z02,1,0.03877762904
06/08/2020,FEU,Z03,1,0.04140884102
06/08/2020,FEU,Z01,10,0.08591712976
06/08/2020,FEU,Z02,10,0.0388749583
06/08/2020,FEU,Z03,10,0.0408714877
06/08/2020,FEU,Z01,11,0.08440480976
06/08/2020,FEU,Z02,11,0.03743070028
06/08/2020,FEU,Z03,11,0.03938780168
06/08/2020,FEU,Z01,12,0.08239647972
06/08/2020,FEU,Z02,12,0.03543261126
06/08/2020,FEU,Z03,12,0.03733395966
06/08/2020,FEU,Z01,13,0.0840722027
06/08/2020,FEU,Z02,13,0.03706470624
06/08/2020,FEU,Z03,13,0.03901050164
06/08/2020,FEU,Z01,14,0.08489299874
06/08/2020,FEU,Z02,14,0.10325831762
06/08/2020,FEU,Z03,14,0.10325831762
06/08/2020,FEU,Z01,15,0.08439572164
06/08/2020,FEU,Z02,15,0.1027943525
06/08/2020,FEU,Z03,15,0.1027943525
06/08/2020,FEU,Z01,16,0.08406105956
06/08/2020,FEU,Z02,16,0.10245727342
06/08/2020,FEU,Z03,16,0.10245727342
06/08/2020,FEU,Z01,17,0.08207969162
06/08/2020,FEU,Z02,17,0.10046375148
06/08/2020,FEU,Z03,17,0.10046375148
06/08/2020,FEU,Z01,18,0.08210266568
06/08/2020,FEU,Z02,18,0.10045281956
06/08/2020,FEU,Z03,18,0.10045281956
06/08/2020,FEU,Z01,19,0.0844332176
06/08/2020,FEU,Z02,19,0.10283191746
06/08/2020,FEU,Z03,19,0.10283191746
06/08/2020,FEU,Z01,2,0.08359992598
06/08/2020,FEU,Z02,2,0.03575829492
06/08/2020,FEU,Z03,2,0.03337407352
06/08/2020,FEU,Z01,20,0.08550769148
06/08/2020,FEU,Z02,20,0.10391258334
06/08/2020,FEU,Z03,20,0.10391258334
06/08/2020,FEU,Z01,21,0.08697609332
06/08/2020,FEU,Z02,21,0.10538937418
06/08/2020,FEU,Z03,21,0.10538937418
06/08/2020,FEU,Z01,22,0.08798668222
06/08/2020,FEU,Z02,22,0.10644446306
06/08/2020,FEU,Z03,22,0.10644446306
06/08/2020,FEU,Z01,23,0.08955255406
06/08/2020,FEU,Z02,23,0.10806123688
06/08/2020,FEU,Z03,23,0.10806123688
06/08/2020,FEU,Z01,24,0.08779337672
06/08/2020,FEU,Z02,24,0.0401466025
06/08/2020,FEU,Z03,24,0.04262848362
06/08/2020,FEU,Z01,3,0.0833039509
06/08/2020,FEU,Z02,3,0.03543476086
06/08/2020,FEU,Z03,3,0.03303102548
06/08/2020,FEU,Z01,4,0.08351985788
06/08/2020,FEU,Z02,4,0.03563948884
06/08/2020,FEU,Z03,4,0.03323200446
06/08/2020,FEU,Z01,5,0.0821049759
06/08/2020,FEU,Z02,5,0.03428354586
06/08/2020,FEU,Z03,5,0.03191065548
06/08/2020,FEU,Z01,6,0.08470506604
06/08/2020,FEU,Z02,6,0.03685792096
06/08/2020,FEU,Z03,6,0.03444387556
06/08/2020,FEU,Z01,7,0.08410421138
06/08/2020,FEU,Z02,7,0.03641415324
06/08/2020,FEU,Z03,7,0.03409154578
06/08/2020,FEU,Z01,8,0.08992826074
06/08/2020,FEU,Z02,8,0.0422481025
06/08/2020,FEU,Z03,8,0.04477630464
06/08/2020,FEU,Z01,9,0.0868636025
06/08/2020,FEU,Z02,9,0.0396574081
06/08/2020,FEU,Z03,9,0.04177241744
06/09/2020,FEU,Z01,1,0.08842702456
06/09/2020,FEU,Z02,1,0.04070410936
06/09/2020,FEU,Z03,1,0.04323477546
06/09/2020,FEU,Z01,10,0.08933696566
06/09/2020,FEU,Z02,10,0.04216058722
06/09/2020,FEU,Z03,10,0.0442831376
06/09/2020,FEU,Z01,11,0.08735902568
06/09/2020,FEU,Z02,11,0.04027008322
06/09/2020,FEU,Z03,11,0.0423376976
06/09/2020,FEU,Z01,12,0.08761891564
06/09/2020,FEU,Z02,12,0.0404826982
06/09/2020,FEU,Z03,12,0.04255565158
06/09/2020,FEU,Z01,13,0.08796451262
06/09/2020,FEU,Z02,13,0.04081674018
06/09/2020,FEU,Z03,13,0.04289847356
06/09/2020,FEU,Z01,14,0.0876602727
06/09/2020,FEU,Z02,14,0.10607964956
06/09/2020,FEU,Z03,14,0.10607964956
06/09/2020,FEU,Z01,15,0.08675581964
06/09/2020,FEU,Z02,15,0.1051692275
06/09/2020,FEU,Z03,15,0.1051692275
06/09/2020,FEU,Z01,16,0.08565654356
06/09/2020,FEU,Z02,16,0.10406271142
06/09/2020,FEU,Z03,16,0.10406271142
06/09/2020,FEU,Z01,17,0.0837175376
06/09/2020,FEU,Z02,17,0.10211176446
06/09/2020,FEU,Z03,17,0.10211176446
06/09/2020,FEU,Z01,18,0.08455447764
06/09/2020,FEU,Z02,18,0.1029541025
06/09/2020,FEU,Z03,18,0.1029541025
06/09/2020,FEU,Z01,19,0.0868210576
06/09/2020,FEU,Z02,19,0.10523468146
06/09/2020,FEU,Z03,19,0.10523468146
06/09/2020,FEU,Z01,2,0.08604741444
06/09/2020,FEU,Z02,2,0.03832614528
06/09/2020,FEU,Z03,2,0.03595699382
06/09/2020,FEU,Z01,20,0.08685663948
06/09/2020,FEU,Z02,20,0.10526991734
06/09/2020,FEU,Z03,20,0.10526991734
06/09/2020,FEU,Z01,21,0.08869343336
06/09/2020,FEU,Z02,21,0.10711751622
06/09/2020,FEU,Z03,21,0.10711751622
06/09/2020,FEU,Z01,22,0.09016075226
06/09/2020,FEU,Z02,22,0.1086340871
06/09/2020,FEU,Z03,22,0.1086340871
06/09/2020,FEU,Z01,23,0.09067653516
06/09/2020,FEU,Z02,23,0.10919376898
06/09/2020,FEU,Z03,23,0.10919376898
06/09/2020,FEU,Z01,24,0.08716572186
06/09/2020,FEU,Z02,24,0.0396252176
06/09/2020,FEU,Z03,24,0.04202443276
06/09/2020,FEU,Z01,3,0.08476224236
06/09/2020,FEU,Z02,3,0.03704559722
06/09/2020,FEU,Z03,3,0.03470856976
06/09/2020,FEU,Z01,4,0.08505065036
06/09/2020,FEU,Z02,4,0.03732237422
06/09/2020,FEU,Z03,4,0.03497989776
06/09/2020,FEU,Z01,5,0.08441599538
06/09/2020,FEU,Z02,5,0.03674490122
06/09/2020,FEU,Z03,5,0.03438484978
06/09/2020,FEU,Z01,6,0.08372954046
06/09/2020,FEU,Z02,6,0.0360935923
06/09/2020,FEU,Z03,6,0.03380664282
06/09/2020,FEU,Z01,7,0.08896344064
06/09/2020,FEU,Z02,7,0.04123249744
06/09/2020,FEU,Z03,7,0.03885785594
06/09/2020,FEU,Z01,8,0.09013805486
06/09/2020,FEU,Z02,8,0.0425024976
06/09/2020,FEU,Z03,8,0.04497335378
06/09/2020,FEU,Z01,9,0.09009761046
06/09/2020,FEU,Z02,9,0.04279959006
06/09/2020,FEU,Z03,9,0.0450076374
06/10/2020,FEU,Z01,1,0.08983763052
06/10/2020,FEU,Z02,1,0.04202633134
06/10/2020,FEU,Z03,1,0.04464387242
06/10/2020,FEU,Z01,10,0.0921544976
06/10/2020,FEU,Z02,10,0.04489798216
06/10/2020,FEU,Z03,10,0.04713535352
06/10/2020,FEU,Z01,11,0.09121663964
06/10/2020,FEU,Z02,11,0.04402864418
06/10/2020,FEU,Z03,11,0.04620164156
06/10/2020,FEU,Z01,12,0.09178142162
06/10/2020,FEU,Z02,12,0.04453814118
06/10/2020,FEU,Z03,12,0.04672561556
06/10/2020,FEU,Z01,13,0.09203095862
06/10/2020,FEU,Z02,13,0.04478143418
06/10/2020,FEU,Z03,13,0.04701624654
06/10/2020,FEU,Z01,14,0.09117477074
06/10/2020,FEU,Z02,14,0.1096175776
06/10/2020,FEU,Z03,14,0.1096175776
06/10/2020,FEU,Z01,15,0.08967026168
06/10/2020,FEU,Z02,15,0.10806222356
06/10/2020,FEU,Z03,15,0.10806222356
06/10/2020,FEU,Z01,16,0.0888112976
06/10/2020,FEU,Z02,16,0.10719723148
06/10/2020,FEU,Z03,16,0.10719723148
06/10/2020,FEU,Z01,17,0.08756875466
06/10/2020,FEU,Z02,17,0.10598735352
06/10/2020,FEU,Z03,17,0.10598735352
06/10/2020,FEU,Z01,18,0.0860301427
06/10/2020,FEU,Z02,18,0.10443928556
06/10/2020,FEU,Z03,18,0.10443928556
06/10/2020,FEU,Z01,19,0.08702365866
06/10/2020,FEU,Z02,19,0.10543996552
06/10/2020,FEU,Z03,19,0.10543996552
06/10/2020,FEU,Z01,2,0.08744718842
06/10/2020,FEU,Z02,2,0.03967344226
06/10/2020,FEU,Z03,2,0.0372739978
06/10/2020,FEU,Z01,20,0.08732795352
06/10/2020,FEU,Z02,20,0.10574435438
06/10/2020,FEU,Z03,20,0.10574435438
06/10/2020,FEU,Z01,21,0.09005415338
06/10/2020,FEU,Z02,21,0.10852873722
06/10/2020,FEU,Z03,21,0.10852873722
06/10/2020,FEU,Z01,22,0.08864337728
06/10/2020,FEU,Z02,22,0.10710616912
06/10/2020,FEU,Z03,22,0.10710616912
06/10/2020,FEU,Z01,23,0.08915767516
06/10/2020,FEU,Z02,23,0.107623277
06/10/2020,FEU,Z03,23,0.107623277
06/10/2020,FEU,Z01,24,0.08826141884
06/10/2020,FEU,Z02,24,0.0406488976
06/10/2020,FEU,Z03,24,0.04308650076
06/10/2020,FEU,Z01,3,0.08718636534
06/10/2020,FEU,Z02,3,0.0393789772
06/10/2020,FEU,Z03,3,0.03698835874
06/10/2020,FEU,Z01,4,0.08614177634
06/10/2020,FEU,Z02,4,0.0383723572
06/10/2020,FEU,Z03,4,0.03597291376
06/10/2020,FEU,Z01,5,0.08523088538
06/10/2020,FEU,Z02,5,0.03749980524
06/10/2020,FEU,Z03,5,0.03515255078
06/10/2020,FEU,Z01,6,0.08751663248
06/10/2020,FEU,Z02,6,0.0397800723
06/10/2020,FEU,Z03,6,0.03737684984
06/10/2020,FEU,Z01,7,0.08978220864
06/10/2020,FEU,Z02,7,0.04202209744
06/10/2020,FEU,Z03,7,0.03963105894
06/10/2020,FEU,Z01,8,0.09123026286
06/10/2020,FEU,Z02,8,0.0435597776
06/10/2020,FEU,Z03,8,0.04610653876
06/10/2020,FEU,Z01,9,0.09217678544
06/10/2020,FEU,Z02,9,0.04482067204
06/10/2020,FEU,Z03,9,0.04712772536
06/11/2020,FEU,Z01,1,0.08958511546
06/11/2020,FEU,Z02,1,0.0417390823
06/11/2020,FEU,Z03,1,0.04437899636
06/11/2020,FEU,Z01,10,0.08583293666
06/11/2020,FEU,Z02,10,0.0387779382
06/11/2020,FEU,Z03,10,0.04080240758
06/11/2020,FEU,Z01,11,0.08238667564
06/11/2020,FEU,Z02,11,0.0353804082
06/11/2020,FEU,Z03,11,0.03734008556
06/11/2020,FEU,Z01,12,0.0776684176
06/11/2020,FEU,Z02,12,0.03074790118
06/11/2020,FEU,Z03,12,0.03257109754
06/11/2020,FEU,Z01,13,0.0765764176
06/11/2020,FEU,Z02,13,0.02971044616
06/11/2020,FEU,Z03,13,0.03150163752
06/11/2020,FEU,Z01,14,0.07647132968
06/11/2020,FEU,Z02,14,0.09482042254
06/11/2020,FEU,Z03,14,0.09482042254
06/11/2020,FEU,Z01,15,0.0765652176
06/11/2020,FEU,Z02,15,0.09491474246
06/11/2020,FEU,Z03,15,0.09491474246
06/11/2020,FEU,Z01,16,0.0753402275
06/11/2020,FEU,Z02,16,0.09368194136
06/11/2020,FEU,Z03,16,0.09368194136
06/11/2020,FEU,Z01,17,0.07550693156
06/11/2020,FEU,Z02,17,0.09384977742
06/11/2020,FEU,Z03,17,0.09384977742
06/11/2020,FEU,Z01,18,0.0758372176
06/11/2020,FEU,Z02,18,0.09418219246
06/11/2020,FEU,Z03,18,0.09418219246
06/11/2020,FEU,Z01,19,0.07653243956
06/11/2020,FEU,Z02,19,0.09488168342
06/11/2020,FEU,Z03,19,0.09488168342
06/11/2020,FEU,Z01,2,0.08877158534
06/11/2020,FEU,Z02,2,0.0409065772
06/11/2020,FEU,Z03,2,0.03844600176
06/11/2020,FEU,Z01,20,0.07651112144
06/11/2020,FEU,Z02,20,0.0948600123
06/11/2020,FEU,Z03,20,0.0948600123
06/11/2020,FEU,Z01,21,0.07835576128
06/11/2020,FEU,Z02,21,0.09674610512
06/11/2020,FEU,Z03,21,0.09674610512
06/11/2020,FEU,Z01,22,0.08431102716
06/11/2020,FEU,Z02,22,0.102742677
06/11/2020,FEU,Z03,22,0.102742677
06/11/2020,FEU,Z01,23,0.08397540902
06/11/2020,FEU,Z02,23,0.10240400386
06/11/2020,FEU,Z03,23,0.10240400386
06/11/2020,FEU,Z01,24,0.08197919672
06/11/2020,FEU,Z02,24,0.0345272275
06/11/2020,FEU,Z03,24,0.03676032064
06/11/2020,FEU,Z01,3,0.08599595828
06/11/2020,FEU,Z02,3,0.03819254516
06/11/2020,FEU,Z03,3,0.03579873772
06/11/2020,FEU,Z01,4,0.08459744926
06/11/2020,FEU,Z02,4,0.03684216214
06/11/2020,FEU,Z03,4,0.0344831577
06/11/2020,FEU,Z01,5,0.0823996463
06/11/2020,FEU,Z02,5,0.03473119518
06/11/2020,FEU,Z03,5,0.03245116772
06/11/2020,FEU,Z01,6,0.08109502338
06/11/2020,FEU,Z02,6,0.03351452924
06/11/2020,FEU,Z03,6,0.03126071778
06/11/2020,FEU,Z01,7,0.08317998056
06/11/2020,FEU,Z02,7,0.03563614536
06/11/2020,FEU,Z03,7,0.03335813788
06/11/2020,FEU,Z01,8,0.08589932882
06/11/2020,FEU,Z02,8,0.03839386756
06/11/2020,FEU,Z03,8,0.04074506072
06/11/2020,FEU,Z01,9,0.08786615046
06/11/2020,FEU,Z02,9,0.04062753006
06/11/2020,FEU,Z03,9,0.04280667038
06/12/2020,FEU,Z01,1,0.07795340048
06/12/2020,FEU,Z02,1,0.0305502523
06/12/2020,FEU,Z03,1,0.03270158838
06/12/2020,FEU,Z01,10,0.07861351376
06/12/2020,FEU,Z02,10,0.0317475933
06/12/2020,FEU,Z03,10,0.0335481677
06/12/2020,FEU,Z01,11,0.07645671662
06/12/2020,FEU,Z02,11,0.02959580518
06/12/2020,FEU,Z03,11,0.03138520954
06/12/2020,FEU,Z01,12,0.07597996158
06/12/2020,FEU,Z02,12,0.02910001816
06/12/2020,FEU,Z03,12,0.03087444552
06/12/2020,FEU,Z01,13,0.07482749854
06/12/2020,FEU,Z02,13,0.02797211412
06/12/2020,FEU,Z03,13,0.02971155748
06/12/2020,FEU,Z01,14,0.07438880462
06/12/2020,FEU,Z02,14,0.0926974775
06/12/2020,FEU,Z03,14,0.0926974775
06/12/2020,FEU,Z01,15,0.07328171458
06/12/2020,FEU,Z02,15,0.09161182544
06/12/2020,FEU,Z03,15,0.09161182544
06/12/2020,FEU,Z01,16,0.0722791025
06/12/2020,FEU,Z02,16,0.09060176936
06/12/2020,FEU,Z03,16,0.09060176936
06/12/2020,FEU,Z01,17,0.07297005654
06/12/2020,FEU,Z02,17,0.0912970574
06/12/2020,FEU,Z03,17,0.0912970574
06/12/2020,FEU,Z01,18,0.07537004756
06/12/2020,FEU,Z02,18,0.09371203942
06/12/2020,FEU,Z03,18,0.09371203942
06/12/2020,FEU,Z01,19,0.07638468952
06/12/2020,FEU,Z02,19,0.09473293838
06/12/2020,FEU,Z03,19,0.09473293838
06/12/2020,FEU,Z01,2,0.0754692564
06/12/2020,FEU,Z02,2,0.02811813324
06/12/2020,FEU,Z03,2,0.02599346678
06/12/2020,FEU,Z01,20,0.07679317838
06/12/2020,FEU,Z02,20,0.09514370924
06/12/2020,FEU,Z03,20,0.09514370924
06/12/2020,FEU,Z01,21,0.08250581422
06/12/2020,FEU,Z02,21,0.10092509906
06/12/2020,FEU,Z03,21,0.10092509906
06/12/2020,FEU,Z01,22,0.08116647614
06/12/2020,FEU,Z02,22,0.09957716398
06/12/2020,FEU,Z03,22,0.09957716398
06/12/2020,FEU,Z01,23,0.082374877
06/12/2020,FEU,Z02,23,0.10079223884
06/12/2020,FEU,Z03,23,0.10079223884
06/12/2020,FEU,Z01,24,0.08043416068
06/12/2020,FEU,Z02,24,0.03302828446
06/12/2020,FEU,Z03,24,0.0352025666
06/12/2020,FEU,Z01,3,0.07458859834
06/12/2020,FEU,Z02,3,0.0272379772
06/12/2020,FEU,Z03,3,0.02511312176
06/12/2020,FEU,Z01,4,0.07421595334
06/12/2020,FEU,Z02,4,0.0268800172
06/12/2020,FEU,Z03,4,0.02478431374
06/12/2020,FEU,Z01,5,0.07420034538
06/12/2020,FEU,Z02,5,0.02687088524
06/12/2020,FEU,Z03,5,0.02477581078
06/12/2020,FEU,Z01,6,0.07484110044
06/12/2020,FEU,Z02,6,0.02751937728
06/12/2020,FEU,Z03,6,0.02540818582
06/12/2020,FEU,Z01,7,0.07776314762
06/12/2020,FEU,Z02,7,0.03041288142
06/12/2020,FEU,Z03,7,0.02827842592
06/12/2020,FEU,Z01,8,0.08077263284
06/12/2020,FEU,Z02,8,0.03343370658
06/12/2020,FEU,Z03,8,0.03559998174
06/12/2020,FEU,Z01,9,0.08245485758
06/12/2020,FEU,Z02,9,0.03540850216
06/12/2020,FEU,Z03,9,0.03736666952
06/13/2020,FEU,Z01,1,0.08003478432
06/13/2020,FEU,Z02,1,0.03248456618
06/13/2020,FEU,Z03,1,0.03476201122
06/13/2020,FEU,Z01,10,0.07715134818
06/13/2020,FEU,Z02,10,0.03007896184
06/13/2020,FEU,Z03,10,0.0320020521
06/13/2020,FEU,Z01,11,0.07492381526
06/13/2020,FEU,Z02,11,0.0279504279
06/13/2020,FEU,Z03,11,0.02978033418
06/13/2020,FEU,Z01,12,0.07442694626
06/13/2020,FEU,Z02,12,0.0274686479
06/13/2020,FEU,Z03,12,0.02928171718
06/13/2020,FEU,Z01,13,0.07554303312
06/13/2020,FEU,Z02,13,0.0284842378
06/13/2020,FEU,Z03,13,0.03037587304
06/13/2020,FEU,Z01,14,0.07478825524
06/13/2020,FEU,Z02,14,0.09315452708
06/13/2020,FEU,Z03,14,0.09315452708
06/13/2020,FEU,Z01,15,0.07403873716
06/13/2020,FEU,Z02,15,0.092398427
06/13/2020,FEU,Z03,15,0.092398427
06/13/2020,FEU,Z01,16,0.07236650504
06/13/2020,FEU,Z02,16,0.09073912986
06/13/2020,FEU,Z03,16,0.09073912986
06/13/2020,FEU,Z01,17,0.07434448106
06/13/2020,FEU,Z02,17,0.09273383288
06/13/2020,FEU,Z03,17,0.09273383288
06/13/2020,FEU,Z01,18,0.07529936112
06/13/2020,FEU,Z02,18,0.09366778496
06/13/2020,FEU,Z03,18,0.09366778496
06/13/2020,FEU,Z01,19,0.0783494971
06/13/2020,FEU,Z02,19,0.09676930292
06/13/2020,FEU,Z03,19,0.09676930292
06/13/2020,FEU,Z01,2,0.07863158726
06/13/2020,FEU,Z02,2,0.03109858714
06/13/2020,FEU,Z03,2,0.0288802827
06/13/2020,FEU,Z01,20,0.081744677
06/13/2020,FEU,Z02,20,0.10015765484
06/13/2020,FEU,Z03,20,0.10015765484
06/13/2020,FEU,Z01,21,0.08282002986
06/13/2020,FEU,Z02,21,0.10127352868
06/13/2020,FEU,Z03,21,0.10127352868
06/13/2020,FEU,Z01,22,0.0903991368
06/13/2020,FEU,Z02,22,0.10891108762
06/13/2020,FEU,Z03,22,0.10891108762
06/13/2020,FEU,Z01,23,0.09305232872
06/13/2020,FEU,Z02,23,0.11162639052
06/13/2020,FEU,Z03,23,0.11162639052
06/13/2020,FEU,Z01,24,0.09319731232
06/13/2020,FEU,Z02,24,0.0451314172
06/13/2020,FEU,Z03,24,0.04798012422
06/13/2020,FEU,Z01,3,0.07809896022
06/13/2020,FEU,Z02,3,0.03055528912
06/13/2020,FEU,Z03,3,0.02834962168
06/13/2020,FEU,Z01,4,0.0784536762
06/13/2020,FEU,Z02,4,0.0308937921
06/13/2020,FEU,Z03,4,0.02865540568
06/13/2020,FEU,Z01,5,0.07857639224
06/13/2020,FEU,Z02,5,0.03101743414
06/13/2020,FEU,Z03,5,0.0288011177
06/13/2020,FEU,Z01,6,0.07848264828
06/13/2020,FEU,Z02,6,0.03095797516
06/13/2020,FEU,Z03,6,0.02874154772
06/13/2020,FEU,Z01,7,0.0791989613
06/13/2020,FEU,Z02,7,0.03165049518
06/13/2020,FEU,Z03,7,0.02944336772
06/13/2020,FEU,Z01,8,0.07953610338
06/13/2020,FEU,Z02,8,0.03201236924
06/13/2020,FEU,Z03,8,0.03427239628
06/13/2020,FEU,Z01,9,0.07908756302
06/13/2020,FEU,Z02,9,0.03188079772
06/13/2020,FEU,Z03,9,0.03394119492
06/14/2020,FEU,Z01,1,0.09408542612
06/14/2020,FEU,Z02,1,0.04588719304
06/14/2020,FEU,Z03,1,0.048872576
06/14/2020,FEU,Z01,10,0.08581572284
06/14/2020,FEU,Z02,10,0.03831566158
06/14/2020,FEU,Z03,10,0.04066484674
06/14/2020,FEU,Z01,11,0.0826351619
06/14/2020,FEU,Z02,11,0.03527471362
06/14/2020,FEU,Z03,11,0.0374817768
06/14/2020,FEU,Z01,12,0.08171200092
06/14/2020,FEU,Z02,12,0.03438319164
06/14/2020,FEU,Z03,12,0.03655835782
06/14/2020,FEU,Z01,13,0.08159823786
06/14/2020,FEU,Z02,13,0.0342357776
06/14/2020,FEU,Z03,13,0.03643288876
06/14/2020,FEU,Z01,14,0.08075476202
06/14/2020,FEU,Z02,14,0.09916208986
06/14/2020,FEU,Z03,14,0.09916208986
06/14/2020,FEU,Z01,15,0.077868027
06/14/2020,FEU,Z02,15,0.09628476582
06/14/2020,FEU,Z03,15,0.09628476582
06/14/2020,FEU,Z01,16,0.07238967486
06/14/2020,FEU,Z02,16,0.09076203868
06/14/2020,FEU,Z03,16,0.09076203868
06/14/2020,FEU,Z01,17,0.07234223786
06/14/2020,FEU,Z02,17,0.09071423268
06/14/2020,FEU,Z03,17,0.09071423268
06/14/2020,FEU,Z01,18,0.07561583288
06/14/2020,FEU,Z02,18,0.09398589272
06/14/2020,FEU,Z03,18,0.09398589272
06/14/2020,FEU,Z01,19,0.07923064488
06/14/2020,FEU,Z02,19,0.0976563167
06/14/2020,FEU,Z03,19,0.0976563167
06/14/2020,FEU,Z01,2,0.09300492702
06/14/2020,FEU,Z02,2,0.04479865696
06/14/2020,FEU,Z03,2,0.04217782156
06/14/2020,FEU,Z01,20,0.08187528082
06/14/2020,FEU,Z02,20,0.10032120864
06/14/2020,FEU,Z03,20,0.10032120864
06/14/2020,FEU,Z01,21,0.08381385676
06/14/2020,FEU,Z02,21,0.10230885256
06/14/2020,FEU,Z03,21,0.10230885256
06/14/2020,FEU,Z01,22,0.08949939288
06/14/2020,FEU,Z02,22,0.1080050117
06/14/2020,FEU,Z03,22,0.1080050117
06/14/2020,FEU,Z01,23,0.09083688488
06/14/2020,FEU,Z02,23,0.1093540817
06/14/2020,FEU,Z03,23,0.1093540817
06/14/2020,FEU,Z01,24,0.0902949515
06/14/2020,FEU,Z02,24,0.04246403932
06/14/2020,FEU,Z03,24,0.0450993764
06/14/2020,FEU,Z01,3,0.09276086396
06/14/2020,FEU,Z02,3,0.04452177092
06/14/2020,FEU,Z03,3,0.04190860552
06/14/2020,FEU,Z01,4,0.09319591598
06/14/2020,FEU,Z02,4,0.04497875492
06/14/2020,FEU,Z03,4,0.04235370952
06/14/2020,FEU,Z01,5,0.093240176
06/14/2020,FEU,Z02,5,0.04502356094
06/14/2020,FEU,Z03,5,0.04239654954
06/14/2020,FEU,Z01,6,0.09309320306
06/14/2020,FEU,Z02,6,0.04492628498
06/14/2020,FEU,Z03,6,0.04230020158
06/14/2020,FEU,Z01,7,0.09327514706
06/14/2020,FEU,Z02,7,0.04510123698
06/14/2020,FEU,Z03,7,0.04247059358
06/14/2020,FEU,Z01,8,0.09210032004
06/14/2020,FEU,Z02,8,0.04393297198
06/14/2020,FEU,Z03,8,0.04682576894
06/14/2020,FEU,Z01,9,0.0887677766
06/14/2020,FEU,Z02,9,0.0410372574
06/14/2020,FEU,Z03,9,0.0435845015
06/15/2020,FEU,Z01,1,0.09436362812
06/15/2020,FEU,Z02,1,0.04615467704
06/15/2020,FEU,Z03,1,0.04911361502
06/15/2020,FEU,Z01,10,0.09228444176
06/15/2020,FEU,Z02,10,0.0450876683
06/15/2020,FEU,Z03,10,0.0472559777
06/15/2020,FEU,Z01,11,0.09031953776
06/15/2020,FEU,Z02,11,0.04320822028
06/15/2020,FEU,Z03,11,0.04532492168
06/15/2020,FEU,Z01,12,0.09010870172
06/15/2020,FEU,Z02,12,0.04295899926
06/15/2020,FEU,Z03,12,0.04506806766
06/15/2020,FEU,Z01,13,0.0904789927
06/15/2020,FEU,Z02,13,0.04331744224
06/15/2020,FEU,Z03,13,0.04543452964
06/15/2020,FEU,Z01,14,0.08936725874
06/15/2020,FEU,Z02,14,0.10775669762
06/15/2020,FEU,Z03,14,0.10775669762
06/15/2020,FEU,Z01,15,0.08829977764
06/15/2020,FEU,Z02,15,0.1067228525
06/15/2020,FEU,Z03,15,0.1067228525
06/15/2020,FEU,Z01,16,0.08761555556
06/15/2020,FEU,Z02,16,0.10603394542
06/15/2020,FEU,Z03,16,0.10603394542
06/15/2020,FEU,Z01,17,0.08703238562
06/15/2020,FEU,Z02,17,0.10544855348
06/15/2020,FEU,Z03,17,0.10544855348
06/15/2020,FEU,Z01,18,0.08951178968
06/15/2020,FEU,Z02,18,0.10790289956
06/15/2020,FEU,Z03,18,0.10790289956
06/15/2020,FEU,Z01,19,0.0896524176
06/15/2020,FEU,Z02,19,0.10808373746
06/15/2020,FEU,Z03,19,0.10808373746
06/15/2020,FEU,Z01,2,0.08995321598
06/15/2020,FEU,Z02,2,0.04186180092
06/15/2020,FEU,Z03,2,0.03931890952
06/15/2020,FEU,Z01,20,0.08996552548
06/15/2020,FEU,Z02,20,0.10839813034
06/15/2020,FEU,Z03,20,0.10839813034
06/15/2020,FEU,Z01,21,0.09262908332
06/15/2020,FEU,Z02,21,0.11107725918
06/15/2020,FEU,Z03,21,0.11107725918
06/15/2020,FEU,Z01,22,0.09345616022
06/15/2020,FEU,Z02,22,0.11195235706
06/15/2020,FEU,Z03,22,0.11195235706
06/15/2020,FEU,Z01,23,0.09461885306
06/15/2020,FEU,Z02,23,0.11316613288
06/15/2020,FEU,Z03,23,0.11316613288
06/15/2020,FEU,Z01,24,0.09223636472
06/15/2020,FEU,Z02,24,0.0444407275
06/15/2020,FEU,Z03,24,0.04709055662
06/15/2020,FEU,Z01,3,0.0888083909
06/15/2020,FEU,Z02,3,0.04071993686
06/15/2020,FEU,Z03,3,0.03817571948
06/15/2020,FEU,Z01,4,0.08665425188
06/15/2020,FEU,Z02,4,0.03864913084
06/15/2020,FEU,Z03,4,0.03615995046
06/15/2020,FEU,Z01,5,0.0860320709
06/15/2020,FEU,Z02,5,0.03805420886
06/15/2020,FEU,Z03,5,0.03558028948
06/15/2020,FEU,Z01,6,0.08693095004
06/15/2020,FEU,Z02,6,0.03899833696
06/15/2020,FEU,Z03,6,0.03652742956
06/15/2020,FEU,Z01,7,0.09127406238
06/15/2020,FEU,Z02,7,0.04332295124
06/15/2020,FEU,Z03,7,0.04083642678
06/15/2020,FEU,Z01,8,0.09512338174
06/15/2020,FEU,Z02,8,0.0472734775
06/15/2020,FEU,Z03,8,0.04999376064
06/15/2020,FEU,Z01,9,0.0933053525
06/15/2020,FEU,Z02,9,0.0459273781
06/15/2020,FEU,Z03,9,0.04823134544
06/16/2020,FEU,Z01,1,0.09206842856
06/16/2020,FEU,Z02,1,0.04422123336
06/16/2020,FEU,Z03,1,0.04689171446
06/16/2020,FEU,Z01,10,0.09330678366
06/16/2020,FEU,Z02,10,0.04603089322
06/16/2020,FEU,Z03,10,0.0482624976
06/16/2020,FEU,Z01,11,0.09222032168
06/16/2020,FEU,Z02,11,0.04501376722
06/16/2020,FEU,Z03,11,0.0472164176
06/16/2020,FEU,Z01,12,0.09122781964
06/16/2020,FEU,Z02,12,0.0440012182
06/16/2020,FEU,Z03,12,0.04617423958
06/16/2020,FEU,Z01,13,0.09144124562
06/16/2020,FEU,Z02,13,0.04420538618
06/16/2020,FEU,Z03,13,0.04638452756
06/16/2020,FEU,Z01,14,0.0906150227
06/16/2020,FEU,Z02,14,0.10905294956
06/16/2020,FEU,Z03,14,0.10905294956
06/16/2020,FEU,Z01,15,0.08758425764
06/16/2020,FEU,Z02,15,0.1060039775
06/16/2020,FEU,Z03,15,0.1060039775
06/16/2020,FEU,Z01,16,0.08399261756
06/16/2020,FEU,Z02,16,0.10238840442
06/16/2020,FEU,Z03,16,0.10238840442
06/16/2020,FEU,Z01,17,0.0799756176
06/16/2020,FEU,Z02,17,0.09834758446
06/16/2020,FEU,Z03,17,0.09834758446
06/16/2020,FEU,Z01,18,0.07984434364
06/16/2020,FEU,Z02,18,0.0982144775
06/16/2020,FEU,Z03,18,0.0982144775
06/16/2020,FEU,Z01,19,0.0806588176
06/16/2020,FEU,Z02,19,0.09903392746
06/16/2020,FEU,Z03,19,0.09903392746
06/16/2020,FEU,Z01,2,0.09019750844
06/16/2020,FEU,Z02,2,0.04232827328
06/16/2020,FEU,Z03,2,0.03986400082
06/16/2020,FEU,Z01,20,0.08533541348
06/16/2020,FEU,Z02,20,0.10373923434
06/16/2020,FEU,Z03,20,0.10373923434
06/16/2020,FEU,Z01,21,0.09106044536
06/16/2020,FEU,Z02,21,0.10949916522
06/16/2020,FEU,Z03,21,0.10949916522
06/16/2020,FEU,Z01,22,0.09281564726
06/16/2020,FEU,Z02,22,0.1113076621
06/16/2020,FEU,Z03,22,0.1113076621
06/16/2020,FEU,Z01,23,0.09337736516
06/16/2020,FEU,Z02,23,0.11191588398
06/16/2020,FEU,Z03,23,0.11191588398
06/16/2020,FEU,Z01,24,0.09007904786
06/16/2020,FEU,Z02,24,0.0424453776
06/16/2020,FEU,Z03,24,0.04495034876
06/16/2020,FEU,Z01,3,0.08830233236
06/16/2020,FEU,Z02,3,0.04045690222
06/16/2020,FEU,Z03,3,0.03803900976
06/16/2020,FEU,Z01,4,0.08902217036
06/16/2020,FEU,Z02,4,0.04115055322
06/16/2020,FEU,Z03,4,0.03871621776
06/16/2020,FEU,Z01,5,0.08900772338
06/16/2020,FEU,Z02,5,0.04117333322
06/16/2020,FEU,Z03,5,0.03870552878
06/16/2020,FEU,Z01,6,0.09179552146
06/16/2020,FEU,Z02,6,0.0438717473
06/16/2020,FEU,Z03,6,0.04140661982
06/16/2020,FEU,Z01,7,0.09212988864
06/16/2020,FEU,Z02,7,0.04429050544
06/16/2020,FEU,Z03,7,0.04184808894
06/16/2020,FEU,Z01,8,0.09409615186
06/16/2020,FEU,Z02,8,0.0463340176
06/16/2020,FEU,Z03,8,0.04894513478
06/16/2020,FEU,Z01,9,0.09330167146
06/16/2020,FEU,Z02,9,0.04591836106
06/16/2020,FEU,Z03,9,0.0482202274
06/17/2020,FEU,Z01,1,0.09244860652
06/17/2020,FEU,Z02,1,0.04454499034
06/17/2020,FEU,Z03,1,0.04726596842
06/17/2020,FEU,Z01,10,0.0934839376
06/17/2020,FEU,Z02,10,0.04619527816
06/17/2020,FEU,Z03,10,0.04846954152
06/17/2020,FEU,Z01,11,0.09263538164
06/17/2020,FEU,Z02,11,0.04541312318
06/17/2020,FEU,Z03,11,0.04762545956
06/17/2020,FEU,Z01,12,0.09257703062
06/17/2020,FEU,Z02,12,0.04531384218
06/17/2020,FEU,Z03,12,0.04752335756
06/17/2020,FEU,Z01,13,0.09269004962
06/17/2020,FEU,Z02,13,0.04542403318
06/17/2020,FEU,Z03,13,0.04767657054
06/17/2020,FEU,Z01,14,0.09239573174
06/17/2020,FEU,Z02,14,0.1108450976
06/17/2020,FEU,Z03,14,0.1108450976
06/17/2020,FEU,Z01,15,0.09163107368
06/17/2020,FEU,Z02,15,0.11003245556
06/17/2020,FEU,Z03,15,0.11003245556
06/17/2020,FEU,Z01,16,0.0902437776
06/17/2020,FEU,Z02,16,0.10863738548
06/17/2020,FEU,Z03,16,0.10863738548
06/17/2020,FEU,Z01,17,0.08947323966
06/17/2020,FEU,Z02,17,0.10790377352
06/17/2020,FEU,Z03,17,0.10790377352
06/17/2020,FEU,Z01,18,0.0894832977
06/17/2020,FEU,Z02,18,0.10791411956
06/17/2020,FEU,Z03,18,0.10791411956
06/17/2020,FEU,Z01,19,0.09042604066
06/17/2020,FEU,Z02,19,0.10886254552
06/17/2020,FEU,Z03,19,0.10886254552
06/17/2020,FEU,Z01,2,0.09164914442
06/17/2020,FEU,Z02,2,0.04372571026
06/17/2020,FEU,Z03,2,0.0412289278
06/17/2020,FEU,Z01,20,0.09210944952
06/17/2020,FEU,Z02,20,0.11055562838
06/17/2020,FEU,Z03,20,0.11055562838
06/17/2020,FEU,Z01,21,0.09406241738
06/17/2020,FEU,Z02,21,0.11256421422
06/17/2020,FEU,Z03,21,0.11256421422
06/17/2020,FEU,Z01,22,0.09481412928
06/17/2020,FEU,Z02,22,0.11332037712
06/17/2020,FEU,Z03,22,0.11332037712
06/17/2020,FEU,Z01,23,0.09512805116
06/17/2020,FEU,Z02,23,0.113635477
06/17/2020,FEU,Z03,23,0.113635477
06/17/2020,FEU,Z01,24,0.09301153484
06/17/2020,FEU,Z02,24,0.0452420176
06/17/2020,FEU,Z03,24,0.04785302476
06/17/2020,FEU,Z01,3,0.09009299634
06/17/2020,FEU,Z02,3,0.0421799572
06/17/2020,FEU,Z03,3,0.03972188674
06/17/2020,FEU,Z01,4,0.09048930134
06/17/2020,FEU,Z02,4,0.0425618572
06/17/2020,FEU,Z03,4,0.04005951376
06/17/2020,FEU,Z01,5,0.09081819638
06/17/2020,FEU,Z02,5,0.04288368324
06/17/2020,FEU,Z03,5,0.04040869178
06/17/2020,FEU,Z01,6,0.09367652048
06/17/2020,FEU,Z02,6,0.0457263373
06/17/2020,FEU,Z03,6,0.04318166184
06/17/2020,FEU,Z01,7,0.09290076864
06/17/2020,FEU,Z02,7,0.04503385744
06/17/2020,FEU,Z03,7,0.04257606894
06/17/2020,FEU,Z01,8,0.09615214086
06/17/2020,FEU,Z02,8,0.0483242576
06/17/2020,FEU,Z03,8,0.05104968676
06/17/2020,FEU,Z01,9,0.09521223344
06/17/2020,FEU,Z02,9,0.04777429204
06/17/2020,FEU,Z03,9,0.05017393736
06/18/2020,FEU,Z01,1,0.09604919946
06/18/2020,FEU,Z02,1,0.0479736373
06/18/2020,FEU,Z03,1,0.05087054036
06/18/2020,FEU,Z01,10,0.09417916066
06/18/2020,FEU,Z02,10,0.0469224182
06/18/2020,FEU,Z03,10,0.04917964058
06/18/2020,FEU,Z01,11,0.09371425164
06/18/2020,FEU,Z02,11,0.0464242882
06/18/2020,FEU,Z03,11,0.04870818956
06/18/2020,FEU,Z01,12,0.0939386576
06/18/2020,FEU,Z02,12,0.04659794918
06/18/2020,FEU,Z03,12,0.04888604154
06/18/2020,FEU,Z01,13,0.0931770576
06/18/2020,FEU,Z02,13,0.04589607016
06/18/2020,FEU,Z03,13,0.04816156552
06/18/2020,FEU,Z01,14,0.09243570968
06/18/2020,FEU,Z02,14,0.11088493754
06/18/2020,FEU,Z03,14,0.11088493754
06/18/2020,FEU,Z01,15,0.0920178576
06/18/2020,FEU,Z02,15,0.11046396146
06/18/2020,FEU,Z03,15,0.11046396146
06/18/2020,FEU,Z01,16,0.0889763525
06/18/2020,FEU,Z02,16,0.10740291336
06/18/2020,FEU,Z03,16,0.10740291336
06/18/2020,FEU,Z01,17,0.08771765756
06/18/2020,FEU,Z02,17,0.10613668442
06/18/2020,FEU,Z03,17,0.10613668442
06/18/2020,FEU,Z01,18,0.0901418576
06/18/2020,FEU,Z02,18,0.10857623646
06/18/2020,FEU,Z03,18,0.10857623646
06/18/2020,FEU,Z01,19,0.09214843556
06/18/2020,FEU,Z02,19,0.11059510542
06/18/2020,FEU,Z03,19,0.11059510542
06/18/2020,FEU,Z01,2,0.09586958534
06/18/2020,FEU,Z02,2,0.0477465772
06/18/2020,FEU,Z03,2,0.04511800176
06/18/2020,FEU,Z01,20,0.09453656144
06/18/2020,FEU,Z02,20,0.1129973123
06/18/2020,FEU,Z03,20,0.1129973123
06/18/2020,FEU,Z01,21,0.09419046528
06/18/2020,FEU,Z02,21,0.11269346512
06/18/2020,FEU,Z03,21,0.11269346512
06/18/2020,FEU,Z01,22,0.09355094916
06/18/2020,FEU,Z02,22,0.112048477
06/18/2020,FEU,Z03,22,0.112048477
06/18/2020,FEU,Z01,23,0.09377293202
06/18/2020,FEU,Z02,23,0.11227089986
06/18/2020,FEU,Z03,23,0.11227089986
06/18/2020,FEU,Z01,24,0.09318153272
06/18/2020,FEU,Z02,24,0.0453542275
06/18/2020,FEU,Z03,24,0.04800115264
06/18/2020,FEU,Z01,3,0.09559188428
06/18/2020,FEU,Z02,3,0.04743246716
06/18/2020,FEU,Z03,3,0.04481211172
06/18/2020,FEU,Z01,4,0.09612915426
06/18/2020,FEU,Z02,4,0.04794755014
06/18/2020,FEU,Z03,4,0.0453164977
06/18/2020,FEU,Z01,5,0.0959098313
06/18/2020,FEU,Z02,5,0.04773973618
06/18/2020,FEU,Z03,5,0.04515188172
06/18/2020,FEU,Z01,6,0.09656139938
06/18/2020,FEU,Z02,6,0.04841777724
06/18/2020,FEU,Z03,6,0.04581148478
06/18/2020,FEU,Z01,7,0.09594774856
06/18/2020,FEU,Z02,7,0.04796702136
06/18/2020,FEU,Z03,7,0.04540690188
06/18/2020,FEU,Z01,8,0.09648911182
06/18/2020,FEU,Z02,8,0.04864558156
06/18/2020,FEU,Z03,8,0.05138052872
06/18/2020,FEU,Z01,9,0.09405676146
06/18/2020,FEU,Z02,9,0.04665335106
06/18/2020,FEU,Z03,9,0.04901812238
06/19/2020,FEU,Z01,1,0.09362948048
06/19/2020,FEU,Z02,1,0.0456798023
06/19/2020,FEU,Z03,1,0.04844431838
06/19/2020,FEU,Z01,10,0.09284933776
06/19/2020,FEU,Z02,10,0.0456377633
06/19/2020,FEU,Z03,10,0.0478223977
06/19/2020,FEU,Z01,11,0.09250877162
06/19/2020,FEU,Z02,11,0.04524729118
06/19/2020,FEU,Z03,11,0.04749464454
06/19/2020,FEU,Z01,12,0.09224230858
06/19/2020,FEU,Z02,12,0.04494275416
06/19/2020,FEU,Z03,12,0.04718031352
06/19/2020,FEU,Z01,13,0.09262480254
06/19/2020,FEU,Z02,13,0.04530982612
06/19/2020,FEU,Z03,13,0.04755640548
06/19/2020,FEU,Z01,14,0.09273592862
06/19/2020,FEU,Z02,14,0.1111429775
06/19/2020,FEU,Z03,14,0.1111429775
06/19/2020,FEU,Z01,15,0.09178718258
06/19/2020,FEU,Z02,15,0.11023172144
06/19/2020,FEU,Z03,15,0.11023172144
06/19/2020,FEU,Z01,16,0.0866701025
06/19/2020,FEU,Z02,16,0.10508231336
06/19/2020,FEU,Z03,16,0.10508231336
06/19/2020,FEU,Z01,17,0.08510070254
06/19/2020,FEU,Z02,17,0.1035033174
06/19/2020,FEU,Z03,17,0.1035033174
06/19/2020,FEU,Z01,18,0.08578108556
06/19/2020,FEU,Z02,18,0.10418803042
06/19/2020,FEU,Z03,18,0.10418803042
06/19/2020,FEU,Z01,19,0.08997497352
06/19/2020,FEU,Z02,19,0.10840785938
06/19/2020,FEU,Z03,19,0.10840785938
06/19/2020,FEU,Z01,2,0.0941687164
06/19/2020,FEU,Z02,2,0.04615315724
06/19/2020,FEU,Z03,2,0.04360059478
06/19/2020,FEU,Z01,20,0.09173142638
06/19/2020,FEU,Z02,20,0.11017441324
06/19/2020,FEU,Z03,20,0.11017441324
06/19/2020,FEU,Z01,21,0.09221920622
06/19/2020,FEU,Z02,21,0.11070671506
06/19/2020,FEU,Z03,21,0.11070671506
06/19/2020,FEU,Z01,22,0.09278278514
06/19/2020,FEU,Z02,22,0.11127362598
06/19/2020,FEU,Z03,22,0.11127362598
06/19/2020,FEU,Z01,23,0.093548277
06/19/2020,FEU,Z02,23,0.11204336684
06/19/2020,FEU,Z03,23,0.11204336684
06/19/2020,FEU,Z01,24,0.09131294068
06/19/2020,FEU,Z02,24,0.04354319446
06/19/2020,FEU,Z03,24,0.0461186666
06/19/2020,FEU,Z01,3,0.09064545734
06/19/2020,FEU,Z02,3,0.0427123372
06/19/2020,FEU,Z03,3,0.04020629776
06/19/2020,FEU,Z01,4,0.09081344334
06/19/2020,FEU,Z02,4,0.0428742172
06/19/2020,FEU,Z03,4,0.04040081674
06/19/2020,FEU,Z01,5,0.09247277738
06/19/2020,FEU,Z02,5,0.04447802124
06/19/2020,FEU,Z03,5,0.04196520278
06/19/2020,FEU,Z01,6,0.09502848644
06/19/2020,FEU,Z02,6,0.04698700928
06/19/2020,FEU,Z03,6,0.04441311882
06/19/2020,FEU,Z01,7,0.09438983462
06/19/2020,FEU,Z02,7,0.04647064842
06/19/2020,FEU,Z03,7,0.04398172192
06/19/2020,FEU,Z01,8,0.09567956684
06/19/2020,FEU,Z02,8,0.04786433958
06/19/2020,FEU,Z03,8,0.05057128074
06/19/2020,FEU,Z01,9,0.09541810158
06/19/2020,FEU,Z02,9,0.04803529816
06/19/2020,FEU,Z03,9,0.05036460552
06/20/2020,FEU,Z01,1,0.09360579232
06/20/2020,FEU,Z02,1,0.04556270818
06/20/2020,FEU,Z03,1,0.04839032922
06/20/2020,FEU,Z01,10,0.09194441318
06/20/2020,FEU,Z02,10,0.04444418184
06/20/2020,FEU,Z03,10,0.0468458321
06/20/2020,FEU,Z01,11,0.09104874926
06/20/2020,FEU,Z02,11,0.0436226429
06/20/2020,FEU,Z03,11,0.04596199618
06/20/2020,FEU,Z01,12,0.09108399626
06/20/2020,FEU,Z02,12,0.0436568979
06/20/2020,FEU,Z03,12,0.04599736718
06/20/2020,FEU,Z01,13,0.09106024912
06/20/2020,FEU,Z02,13,0.0435391678
06/20/2020,FEU,Z03,13,0.04594734504
06/20/2020,FEU,Z01,14,0.08973929924
06/20/2020,FEU,Z02,14,0.10820952908
06/20/2020,FEU,Z03,14,0.10820952908
06/20/2020,FEU,Z01,15,0.08737158716
06/20/2020,FEU,Z02,15,0.105824677
06/20/2020,FEU,Z03,15,0.105824677
06/20/2020,FEU,Z01,16,0.08477868104
06/20/2020,FEU,Z02,16,0.10324977086
06/20/2020,FEU,Z03,16,0.10324977086
06/20/2020,FEU,Z01,17,0.08307888606
06/20/2020,FEU,Z02,17,0.10153561688
06/20/2020,FEU,Z03,17,0.10153561688
06/20/2020,FEU,Z01,18,0.08305796912
06/20/2020,FEU,Z02,18,0.10148064896
06/20/2020,FEU,Z03,18,0.10148064896
06/20/2020,FEU,Z01,19,0.0864629671
06/20/2020,FEU,Z02,19,0.10494654692
06/20/2020,FEU,Z03,19,0.10494654692
06/20/2020,FEU,Z01,2,0.09308093826
06/20/2020,FEU,Z02,2,0.04501232614
06/20/2020,FEU,Z03,2,0.0424520627
06/20/2020,FEU,Z01,20,0.089228877
06/20/2020,FEU,Z02,20,0.10769391884
06/20/2020,FEU,Z03,20,0.10769391884
06/20/2020,FEU,Z01,21,0.09177058186
06/20/2020,FEU,Z02,21,0.11029370468
06/20/2020,FEU,Z03,21,0.11029370468
06/20/2020,FEU,Z01,22,0.0947328968
06/20/2020,FEU,Z02,22,0.11327847162
06/20/2020,FEU,Z03,22,0.11327847162
06/20/2020,FEU,Z01,23,0.09538032872
06/20/2020,FEU,Z02,23,0.11397439052
06/20/2020,FEU,Z03,23,0.11397439052
06/20/2020,FEU,Z01,24,0.09188662432
06/20/2020,FEU,Z02,24,0.0438694372
06/20/2020,FEU,Z03,24,0.04666390122
06/20/2020,FEU,Z01,3,0.09306728122
06/20/2020,FEU,Z02,3,0.04495596112
06/20/2020,FEU,Z03,3,0.04239894568
06/20/2020,FEU,Z01,4,0.0932656062
06/20/2020,FEU,Z02,4,0.0451444621
06/20/2020,FEU,Z03,4,0.04254625768
06/20/2020,FEU,Z01,5,0.09359271224
06/20/2020,FEU,Z02,5,0.04546495414
06/20/2020,FEU,Z03,5,0.0428936027
06/20/2020,FEU,Z01,6,0.09407499028
06/20/2020,FEU,Z02,6,0.04597184916
06/20/2020,FEU,Z03,6,0.04338730572
06/20/2020,FEU,Z01,7,0.0927458813
06/20/2020,FEU,Z02,7,0.04469326618
06/20/2020,FEU,Z03,7,0.04217750172
06/20/2020,FEU,Z01,8,0.09443914238
06/20/2020,FEU,Z02,8,0.04637279124
06/20/2020,FEU,Z03,8,0.04923853028
06/20/2020,FEU,Z01,9,0.09285143402
06/20/2020,FEU,Z02,9,0.04522651772
06/20/2020,FEU,Z03,9,0.04776496092
06/21/2020,FEU,Z01,1,0.09389080412
06/21/2020,FEU,Z02,1,0.04570006904
06/21/2020,FEU,Z03,1,0.048676976
06/21/2020,FEU,Z01,10,0.08527493684
06/21/2020,FEU,Z02,10,0.03779215458
06/21/2020,FEU,Z03,10,0.04012172574
06/21/2020,FEU,Z01,11,0.0839137469
06/21/2020,FEU,Z02,11,0.03651344662
06/21/2020,FEU,Z03,11,0.0387658968
06/21/2020,FEU,Z01,12,0.08392652692
06/21/2020,FEU,Z02,12,0.03652751564
06/21/2020,FEU,Z03,12,0.03878247882
06/21/2020,FEU,Z01,13,0.08401752486
06/21/2020,FEU,Z02,13,0.0365776976
06/21/2020,FEU,Z03,13,0.03886379276
06/21/2020,FEU,Z01,14,0.08436032402
06/21/2020,FEU,Z02,14,0.10279159886
06/21/2020,FEU,Z03,14,0.10279159886
06/21/2020,FEU,Z01,15,0.084429927
06/21/2020,FEU,Z02,15,0.10289686082
06/21/2020,FEU,Z03,15,0.10289686082
06/21/2020,FEU,Z01,16,0.08321919486
06/21/2020,FEU,Z02,16,0.10167579868
06/21/2020,FEU,Z03,16,0.10167579868
06/21/2020,FEU,Z01,17,0.08131592986
06/21/2020,FEU,Z02,17,0.09975889468
06/21/2020,FEU,Z03,17,0.09975889468
06/21/2020,FEU,Z01,18,0.08059125688
06/21/2020,FEU,Z02,18,0.09899691272
06/21/2020,FEU,Z03,18,0.09899691272
06/21/2020,FEU,Z01,19,0.08419450888
06/21/2020,FEU,Z02,19,0.1026588267
06/21/2020,FEU,Z03,19,0.1026588267
06/21/2020,FEU,Z01,2,0.08686964402
06/21/2020,FEU,Z02,2,0.03890502496
06/21/2020,FEU,Z03,2,0.03643654756
06/21/2020,FEU,Z01,20,0.08447491782
06/21/2020,FEU,Z02,20,0.10294220064
06/21/2020,FEU,Z03,20,0.10294220064
06/21/2020,FEU,Z01,21,0.08480388076
06/21/2020,FEU,Z02,21,0.10330856856
06/21/2020,FEU,Z03,21,0.10330856856
06/21/2020,FEU,Z01,22,0.08872487288
06/21/2020,FEU,Z02,22,0.1072244617
06/21/2020,FEU,Z03,22,0.1072244617
06/21/2020,FEU,Z01,23,0.09100219288
06/21/2020,FEU,Z02,23,0.1095195117
06/21/2020,FEU,Z03,23,0.1095195117
06/21/2020,FEU,Z01,24,0.0884572515
06/21/2020,FEU,Z02,24,0.04069159732
06/21/2020,FEU,Z03,24,0.0432538564
06/21/2020,FEU,Z01,3,0.08701289996
06/21/2020,FEU,Z02,3,0.03900334292
06/21/2020,FEU,Z03,3,0.03653476152
06/21/2020,FEU,Z01,4,0.08712365998
06/21/2020,FEU,Z02,4,0.03914413092
06/21/2020,FEU,Z03,4,0.03667188952
06/21/2020,FEU,Z01,5,0.087027776
06/21/2020,FEU,Z02,5,0.03905332694
06/21/2020,FEU,Z03,5,0.03658277854
06/21/2020,FEU,Z01,6,0.08727219206
06/21/2020,FEU,Z02,6,0.03932897198
06/21/2020,FEU,Z03,6,0.03684877858
06/21/2020,FEU,Z01,7,0.08651808206
06/21/2020,FEU,Z02,7,0.03860384198
06/21/2020,FEU,Z03,7,0.03614366958
06/21/2020,FEU,Z01,8,0.08732030004
06/21/2020,FEU,Z02,8,0.03934048198
06/21/2020,FEU,Z03,8,0.04202579894
06/21/2020,FEU,Z01,9,0.0859995566
06/21/2020,FEU,Z02,9,0.0383648074
06/21/2020,FEU,Z03,9,0.0408044515
06/22/2020,FEU,Z01,1,0.08541818012
06/22/2020,FEU,Z02,1,0.03755386104
06/22/2020,FEU,Z03,1,0.04013070702
06/22/2020,FEU,Z01,10,0.09122359376
06/22/2020,FEU,Z02,10,0.0440514933
06/22/2020,FEU,Z03,10,0.0461922677
06/22/2020,FEU,Z01,11,0.08963120976
06/22/2020,FEU,Z02,11,0.04253598628
06/22/2020,FEU,Z03,11,0.04463300168
06/22/2020,FEU,Z01,12,0.08826614572
06/22/2020,FEU,Z02,12,0.04116001426
06/22/2020,FEU,Z03,12,0.04321943266
06/22/2020,FEU,Z01,13,0.0866980277
06/22/2020,FEU,Z02,13,0.03962803424
06/22/2020,FEU,Z03,13,0.04164339164
06/22/2020,FEU,Z01,14,0.08525472374
06/22/2020,FEU,Z02,14,0.10362199262
06/22/2020,FEU,Z03,14,0.10362199262
06/22/2020,FEU,Z01,15,0.08479261164
06/22/2020,FEU,Z02,15,0.1031937275
06/22/2020,FEU,Z03,15,0.1031937275
06/22/2020,FEU,Z01,16,0.08416428356
06/22/2020,FEU,Z02,16,0.10256114142
06/22/2020,FEU,Z03,16,0.10256114142
06/22/2020,FEU,Z01,17,0.08382980762
06/22/2020,FEU,Z02,17,0.10222481548
06/22/2020,FEU,Z03,17,0.10222481548
06/22/2020,FEU,Z01,18,0.08808442568
06/22/2020,FEU,Z02,18,0.10646673956
06/22/2020,FEU,Z03,18,0.10646673956
06/22/2020,FEU,Z01,19,0.0915060176
06/22/2020,FEU,Z02,19,0.10994892246
06/22/2020,FEU,Z03,19,0.10994892246
06/22/2020,FEU,Z01,2,0.08461236898
06/22/2020,FEU,Z02,2,0.03673111692
06/22/2020,FEU,Z03,2,0.03432048152
06/22/2020,FEU,Z01,20,0.09411483548
06/22/2020,FEU,Z02,20,0.11257323534
06/22/2020,FEU,Z03,20,0.11257323534
06/22/2020,FEU,Z01,21,0.09544934132
06/22/2020,FEU,Z02,21,0.11391492618
06/22/2020,FEU,Z03,21,0.11391492618
06/22/2020,FEU,Z01,22,0.09546763422
06/22/2020,FEU,Z02,22,0.11397910606
06/22/2020,FEU,Z03,22,0.11397910606
06/22/2020,FEU,Z01,23,0.09493313106
06/22/2020,FEU,Z02,23,0.11348287688
06/22/2020,FEU,Z03,23,0.11348287688
06/22/2020,FEU,Z01,24,0.09201171272
06/22/2020,FEU,Z02,24,0.0442236025
06/22/2020,FEU,Z03,24,0.04686493962
06/22/2020,FEU,Z01,3,0.0835847159
06/22/2020,FEU,Z02,3,0.03570434186
06/22/2020,FEU,Z03,3,0.03329450948
06/22/2020,FEU,Z01,4,0.08239345388
06/22/2020,FEU,Z02,4,0.03455791684
06/22/2020,FEU,Z03,4,0.03217825946
06/22/2020,FEU,Z01,5,0.0822760859
06/22/2020,FEU,Z02,5,0.03444783986
06/22/2020,FEU,Z03,5,0.03207054748
06/22/2020,FEU,Z01,6,0.08361129204
06/22/2020,FEU,Z02,6,0.03580499296
06/22/2020,FEU,Z03,6,0.03341836756
06/22/2020,FEU,Z01,7,0.09122564138
06/22/2020,FEU,Z02,7,0.04327629324
06/22/2020,FEU,Z03,7,0.04079198678
06/22/2020,FEU,Z01,8,0.09544204374
06/22/2020,FEU,Z02,8,0.0475817275
06/22/2020,FEU,Z03,8,0.05031379264
06/22/2020,FEU,Z01,9,0.0930657275
06/22/2020,FEU,Z02,9,0.0456941431
06/22/2020,FEU,Z03,9,0.04799108144
06/23/2020,FEU,Z01,1,0.09622082456
06/23/2020,FEU,Z02,1,0.04823190936
06/23/2020,FEU,Z03,1,0.05106182546
06/23/2020,FEU,Z01,10,0.09176420666
06/23/2020,FEU,Z02,10,0.04452698422
06/23/2020,FEU,Z03,10,0.0467157776
06/23/2020,FEU,Z01,11,0.09008987768
06/23/2020,FEU,Z02,11,0.04293486622
06/23/2020,FEU,Z03,11,0.0450783376
06/23/2020,FEU,Z01,12,0.09123899964
06/23/2020,FEU,Z02,12,0.0440121182
06/23/2020,FEU,Z03,12,0.04618544958
06/23/2020,FEU,Z01,13,0.09113352062
06/23/2020,FEU,Z02,13,0.04390645218
06/23/2020,FEU,Z03,13,0.04607709956
06/23/2020,FEU,Z01,14,0.0929018877
06/23/2020,FEU,Z02,14,0.11135417156
06/23/2020,FEU,Z03,14,0.11135417156
06/23/2020,FEU,Z01,15,0.09035466164
06/23/2020,FEU,Z02,15,0.1087906025
06/23/2020,FEU,Z03,15,0.1087906025
06/23/2020,FEU,Z01,16,0.08641950356
06/23/2020,FEU,Z02,16,0.10483043142
06/23/2020,FEU,Z03,16,0.10483043142
06/23/2020,FEU,Z01,17,0.0866844176
06/23/2020,FEU,Z02,17,0.10509718746
06/23/2020,FEU,Z03,17,0.10509718746
06/23/2020,FEU,Z01,18,0.08983255564
06/23/2020,FEU,Z02,18,0.1082652275
06/23/2020,FEU,Z03,18,0.1082652275
06/23/2020,FEU,Z01,19,0.0937908176
06/23/2020,FEU,Z02,19,0.11224912946
06/23/2020,FEU,Z03,19,0.11224912946
06/23/2020,FEU,Z01,2,0.09449131844
06/23/2020,FEU,Z02,2,0.04646785728
06/23/2020,FEU,Z03,2,0.04390630582
06/23/2020,FEU,Z01,20,0.09620694348
06/23/2020,FEU,Z02,20,0.11467834934
06/23/2020,FEU,Z03,20,0.11467834934
06/23/2020,FEU,Z01,21,0.09746190536
06/23/2020,FEU,Z02,21,0.11594021022
06/23/2020,FEU,Z03,21,0.11594021022
06/23/2020,FEU,Z01,22,0.09673943426
06/23/2020,FEU,Z02,22,0.1152602021
06/23/2020,FEU,Z03,22,0.1152602021
06/23/2020,FEU,Z01,23,0.09655440916
06/23/2020,FEU,Z02,23,0.11511796598
06/23/2020,FEU,Z03,23,0.11511796598
06/23/2020,FEU,Z01,24,0.09582355286
06/23/2020,FEU,Z02,24,0.0480050576
06/23/2020,FEU,Z03,24,0.05071967876
06/23/2020,FEU,Z01,3,0.09083417636
06/23/2020,FEU,Z02,3,0.04289664022
06/23/2020,FEU,Z03,3,0.04042091376
06/23/2020,FEU,Z01,4,0.09045002636
06/23/2020,FEU,Z02,4,0.04252646522
06/23/2020,FEU,Z03,4,0.04005951376
06/23/2020,FEU,Z01,5,0.08912818538
06/23/2020,FEU,Z02,5,0.04128951122
06/23/2020,FEU,Z03,5,0.03881773978
06/23/2020,FEU,Z01,6,0.09097044446
06/23/2020,FEU,Z02,6,0.0430761123
06/23/2020,FEU,Z03,6,0.04063031982
06/23/2020,FEU,Z01,7,0.09614897664
06/23/2020,FEU,Z02,7,0.04817195344
06/23/2020,FEU,Z03,7,0.04564461494
06/23/2020,FEU,Z01,8,0.09666816286
06/23/2020,FEU,Z02,8,0.0488237776
06/23/2020,FEU,Z03,8,0.05152719878
06/23/2020,FEU,Z01,9,0.09502936246
06/23/2020,FEU,Z02,9,0.04760006206
06/23/2020,FEU,Z03,9,0.0499525174
06/24/2020,FEU,Z01,1,0.09853814452
06/24/2020,FEU,Z02,1,0.05042299434
06/24/2020,FEU,Z03,1,0.05338262042
06/24/2020,FEU,Z01,10,0.0949735376
06/24/2020,FEU,Z02,10,0.04764763816
06/24/2020,FEU,Z03,10,0.04996446152
06/24/2020,FEU,Z01,11,0.09449685164
06/24/2020,FEU,Z02,11,0.04722963818
06/24/2020,FEU,Z03,11,0.04949358956
06/24/2020,FEU,Z01,12,0.09423538862
06/24/2020,FEU,Z02,12,0.04693070418
06/24/2020,FEU,Z03,12,0.04918616156
06/24/2020,FEU,Z01,13,0.09438309662
06/24/2020,FEU,Z02,13,0.04707471618
06/24/2020,FEU,Z03,13,0.04937566954
06/24/2020,FEU,Z01,14,0.09422661674
06/24/2020,FEU,Z02,14,0.1126874976
06/24/2020,FEU,Z03,14,0.1126874976
06/24/2020,FEU,Z01,15,0.09244686968
06/24/2020,FEU,Z02,15,0.11085263756
06/24/2020,FEU,Z03,15,0.11085263756
06/24/2020,FEU,Z01,16,0.0895504976
06/24/2020,FEU,Z02,16,0.10794039148
06/24/2020,FEU,Z03,16,0.10794039148
06/24/2020,FEU,Z01,17,0.09061928166
06/24/2020,FEU,Z02,17,0.10905699752
06/24/2020,FEU,Z03,17,0.10905699752
06/24/2020,FEU,Z01,18,0.0939655977
06/24/2020,FEU,Z02,18,0.11242455956
06/24/2020,FEU,Z03,18,0.11242455956
06/24/2020,FEU,Z01,19,0.09716266766
06/24/2020,FEU,Z02,19,0.11564138952
06/24/2020,FEU,Z03,19,0.11564138952
06/24/2020,FEU,Z01,2,0.09782474642
06/24/2020,FEU,Z02,2,0.04968131626
06/24/2020,FEU,Z03,2,0.0470442178
06/24/2020,FEU,Z01,20,0.09751813752
06/24/2020,FEU,Z02,20,0.11599800038
06/24/2020,FEU,Z03,20,0.11599800038
06/24/2020,FEU,Z01,21,0.09884994038
06/24/2020,FEU,Z02,21,0.11738560122
06/24/2020,FEU,Z03,21,0.11738560122
06/24/2020,FEU,Z01,22,0.09811193728
06/24/2020,FEU,Z02,22,0.11664140912
06/24/2020,FEU,Z03,22,0.11664140912
06/24/2020,FEU,Z01,23,0.09792252516
06/24/2020,FEU,Z02,23,0.116449527
06/24/2020,FEU,Z03,23,0.116449527
06/24/2020,FEU,Z01,24,0.09750225884
06/24/2020,FEU,Z02,24,0.0495853776
06/24/2020,FEU,Z03,24,0.05235926076
06/24/2020,FEU,Z01,3,0.09771979734
06/24/2020,FEU,Z02,3,0.0495295372
06/24/2020,FEU,Z03,3,0.04689739774
06/24/2020,FEU,Z01,4,0.09603757134
06/24/2020,FEU,Z02,4,0.0479084572
06/24/2020,FEU,Z03,4,0.04527590576
06/24/2020,FEU,Z01,5,0.09620237538
06/24/2020,FEU,Z02,5,0.04807068724
06/24/2020,FEU,Z03,5,0.04547262978
06/24/2020,FEU,Z01,6,0.09746206448
06/24/2020,FEU,Z02,6,0.0493787673
06/24/2020,FEU,Z03,6,0.04674720584
06/24/2020,FEU,Z01,7,0.09744195264
06/24/2020,FEU,Z02,7,0.04942064944
06/24/2020,FEU,Z03,7,0.04686453294
06/24/2020,FEU,Z01,8,0.09689146386
06/24/2020,FEU,Z02,8,0.0490399376
06/24/2020,FEU,Z03,8,0.05179220476
06/24/2020,FEU,Z01,9,0.09707794544
06/24/2020,FEU,Z02,9,0.04959148204
06/24/2020,FEU,Z03,9,0.05204739736
06/25/2020,FEU,Z01,1,0.10135511546
06/25/2020,FEU,Z02,1,0.0530890823
06/25/2020,FEU,Z03,1,0.05619899636
06/25/2020,FEU,Z01,10,0.09816014866
06/25/2020,FEU,Z02,10,0.0508071782
06/25/2020,FEU,Z03,10,0.05317376358
06/25/2020,FEU,Z01,11,0.09678986964
06/25/2020,FEU,Z02,11,0.0494239682
06/25/2020,FEU,Z03,11,0.05179481156
06/25/2020,FEU,Z01,12,0.0963612176
06/25/2020,FEU,Z02,12,0.04895778218
06/25/2020,FEU,Z03,12,0.05131396754
06/25/2020,FEU,Z01,13,0.0973389776
06/25/2020,FEU,Z02,13,0.04995394216
06/25/2020,FEU,Z03,13,0.05233834952
06/25/2020,FEU,Z01,14,0.09696778568
06/25/2020,FEU,Z02,14,0.11544544054
06/25/2020,FEU,Z03,14,0.11544544054
06/25/2020,FEU,Z01,15,0.0952356176
06/25/2020,FEU,Z02,15,0.11370183246
06/25/2020,FEU,Z03,15,0.11370183246
06/25/2020,FEU,Z01,16,0.0929746025
06/25/2020,FEU,Z02,16,0.11142604136
06/25/2020,FEU,Z03,16,0.11142604136
06/25/2020,FEU,Z01,17,0.09148869956
06/25/2020,FEU,Z02,17,0.10993125342
06/25/2020,FEU,Z03,17,0.10993125342
06/25/2020,FEU,Z01,18,0.0938591376
06/25/2020,FEU,Z02,18,0.11231787646
06/25/2020,FEU,Z03,18,0.11231787646
06/25/2020,FEU,Z01,19,0.09665999756
06/25/2020,FEU,Z02,19,0.11513481442
06/25/2020,FEU,Z03,19,0.11513481442
06/25/2020,FEU,Z01,2,0.10091389734
06/25/2020,FEU,Z02,2,0.0526075372
06/25/2020,FEU,Z03,2,0.04985956976
06/25/2020,FEU,Z01,20,0.09787995344
06/25/2020,FEU,Z02,20,0.1163614523
06/25/2020,FEU,Z03,20,0.1163614523
06/25/2020,FEU,Z01,21,0.09924225728
06/25/2020,FEU,Z02,21,0.11777968912
06/25/2020,FEU,Z03,21,0.11777968912
06/25/2020,FEU,Z01,22,0.09861800316
06/25/2020,FEU,Z02,22,0.117149877
06/25/2020,FEU,Z03,22,0.117149877
06/25/2020,FEU,Z01,23,0.09903420302
06/25/2020,FEU,Z02,23,0.11756764586
06/25/2020,FEU,Z03,23,0.11756764586
06/25/2020,FEU,Z01,24,0.09824027672
06/25/2020,FEU,Z02,24,0.0502423525
06/25/2020,FEU,Z03,24,0.05307728064
06/25/2020,FEU,Z01,3,0.10039637028
06/25/2020,FEU,Z02,3,0.05205870916
06/25/2020,FEU,Z03,3,0.04932492572
06/25/2020,FEU,Z01,4,0.10037149226
06/25/2020,FEU,Z02,4,0.05203263214
06/25/2020,FEU,Z03,4,0.0493003927
06/25/2020,FEU,Z01,5,0.0999151313
06/25/2020,FEU,Z02,5,0.05159745718
06/25/2020,FEU,Z03,5,0.04891831572
06/25/2020,FEU,Z01,6,0.10068663238
06/25/2020,FEU,Z02,6,0.05239167324
06/25/2020,FEU,Z03,6,0.04969109678
06/25/2020,FEU,Z01,7,0.10084905256
06/25/2020,FEU,Z02,7,0.05270217736
06/25/2020,FEU,Z03,7,0.05003329988
06/25/2020,FEU,Z01,8,0.10083072582
06/25/2020,FEU,Z02,8,0.05284859356
06/25/2020,FEU,Z03,8,0.05574087272
06/25/2020,FEU,Z01,9,0.10021243546
06/25/2020,FEU,Z02,9,0.05264516506
06/25/2020,FEU,Z03,9,0.05519564438
06/26/2020,FEU,Z01,1,0.10066078448
06/26/2020,FEU,Z02,1,0.0524671023
06/26/2020,FEU,Z03,1,0.05550551738
06/26/2020,FEU,Z01,10,0.09613418576
06/26/2020,FEU,Z02,10,0.0488439383
06/26/2020,FEU,Z03,10,0.0511161077
06/26/2020,FEU,Z01,11,0.09409887062
06/26/2020,FEU,Z02,11,0.04679760218
06/26/2020,FEU,Z03,11,0.04909042754
06/26/2020,FEU,Z01,12,0.09431391658
06/26/2020,FEU,Z02,12,0.04696077016
06/26/2020,FEU,Z03,12,0.04925746552
06/26/2020,FEU,Z01,13,0.09539524354
06/26/2020,FEU,Z02,13,0.04800872412
06/26/2020,FEU,Z03,13,0.05033424748
06/26/2020,FEU,Z01,14,0.09300896462
06/26/2020,FEU,Z02,14,0.1114174775
06/26/2020,FEU,Z03,14,0.1114174775
06/26/2020,FEU,Z01,15,0.08968194458
06/26/2020,FEU,Z02,15,0.10811333744
06/26/2020,FEU,Z03,15,0.10811333744
06/26/2020,FEU,Z01,16,0.0889763525
06/26/2020,FEU,Z02,16,0.10740291336
06/26/2020,FEU,Z03,16,0.10740291336
06/26/2020,FEU,Z01,17,0.09017329354
06/26/2020,FEU,Z02,17,0.1086086574
06/26/2020,FEU,Z03,17,0.1086086574
06/26/2020,FEU,Z01,18,0.09309428156
06/26/2020,FEU,Z02,18,0.11154685242
06/26/2020,FEU,Z03,18,0.11154685242
06/26/2020,FEU,Z01,19,0.09525889752
06/26/2020,FEU,Z02,19,0.11372469038
06/26/2020,FEU,Z03,19,0.11372469038
06/26/2020,FEU,Z01,2,0.1002067764
06/26/2020,FEU,Z02,2,0.05197630324
06/26/2020,FEU,Z03,2,0.04928447078
06/26/2020,FEU,Z01,20,0.09599077238
06/26/2020,FEU,Z02,20,0.11446012124
06/26/2020,FEU,Z03,20,0.11446012124
06/26/2020,FEU,Z01,21,0.09815111822
06/26/2020,FEU,Z02,21,0.11668029106
06/26/2020,FEU,Z03,21,0.11668029106
06/26/2020,FEU,Z01,22,0.09830576114
06/26/2020,FEU,Z02,22,0.11683525798
06/26/2020,FEU,Z03,22,0.11683525798
06/26/2020,FEU,Z01,23,0.099093577
06/26/2020,FEU,Z02,23,0.11762724284
06/26/2020,FEU,Z03,23,0.11762724284
06/26/2020,FEU,Z01,24,0.09700768468
06/26/2020,FEU,Z02,24,0.04904633546
06/26/2020,FEU,Z03,24,0.0518329466
06/26/2020,FEU,Z01,3,0.09926834434
06/26/2020,FEU,Z02,3,0.0510217972
06/26/2020,FEU,Z03,3,0.04831277776
06/26/2020,FEU,Z01,4,0.09884837934
06/26/2020,FEU,Z02,4,0.0506170972
06/26/2020,FEU,Z03,4,0.04795919974
06/26/2020,FEU,Z01,5,0.09818055038
06/26/2020,FEU,Z02,5,0.04997797524
06/26/2020,FEU,Z03,5,0.04733355478
06/26/2020,FEU,Z01,6,0.09867675244
06/26/2020,FEU,Z02,6,0.05050520128
06/26/2020,FEU,Z03,6,0.04784658282
06/26/2020,FEU,Z01,7,0.09933938062
06/26/2020,FEU,Z02,7,0.05124970542
06/26/2020,FEU,Z03,7,0.04865495392
06/26/2020,FEU,Z01,8,0.09891270284
06/26/2020,FEU,Z02,8,0.05099417158
06/26/2020,FEU,Z03,8,0.05381837674
06/26/2020,FEU,Z01,9,0.09784170358
06/26/2020,FEU,Z02,9,0.05039729416
06/26/2020,FEU,Z03,9,0.05279469352
06/27/2020,FEU,Z01,1,0.09926768032
06/27/2020,FEU,Z02,1,0.05101897018
06/27/2020,FEU,Z03,1,0.05407612722
06/27/2020,FEU,Z01,10,0.08433394318
06/27/2020,FEU,Z02,10,0.03705382184
06/27/2020,FEU,Z03,10,0.0392086821
06/27/2020,FEU,Z01,11,0.08390384126
06/27/2020,FEU,Z02,11,0.0366788229
06/27/2020,FEU,Z03,11,0.03879195218
06/27/2020,FEU,Z01,12,0.08366166026
06/27/2020,FEU,Z02,12,0.0364434579
06/27/2020,FEU,Z03,12,0.03854891918
06/27/2020,FEU,Z01,13,0.08570518512
06/27/2020,FEU,Z02,13,0.0383443678
06/27/2020,FEU,Z03,13,0.04057470504
06/27/2020,FEU,Z01,14,0.08600665924
06/27/2020,FEU,Z02,14,0.10445064908
06/27/2020,FEU,Z03,14,0.10445064908
06/27/2020,FEU,Z01,15,0.08607313316
06/27/2020,FEU,Z02,15,0.104517127
06/27/2020,FEU,Z03,15,0.104517127
06/27/2020,FEU,Z01,16,0.08476720104
06/27/2020,FEU,Z02,16,0.10323704386
06/27/2020,FEU,Z03,16,0.10323704386
06/27/2020,FEU,Z01,17,0.08366041506
06/27/2020,FEU,Z02,17,0.10212170888
06/27/2020,FEU,Z03,17,0.10212170888
06/27/2020,FEU,Z01,18,0.08416078512
06/27/2020,FEU,Z02,18,0.10259117696
06/27/2020,FEU,Z03,18,0.10259117696
06/27/2020,FEU,Z01,19,0.0848118771
06/27/2020,FEU,Z02,19,0.10328247892
06/27/2020,FEU,Z03,19,0.10328247892
06/27/2020,FEU,Z01,2,0.09766038426
06/27/2020,FEU,Z02,2,0.04942202014
06/27/2020,FEU,Z03,2,0.0467537327
06/27/2020,FEU,Z01,20,0.088656177
06/27/2020,FEU,Z02,20,0.10711723484
06/27/2020,FEU,Z03,20,0.10711723484
06/27/2020,FEU,Z01,21,0.09287435986
06/27/2020,FEU,Z02,21,0.11140606868
06/27/2020,FEU,Z03,21,0.11140606868
06/27/2020,FEU,Z01,22,0.0992081768
06/27/2020,FEU,Z02,22,0.11778847362
06/27/2020,FEU,Z03,22,0.11778847362
06/27/2020,FEU,Z01,23,0.09974067272
06/27/2020,FEU,Z02,23,0.11837219452
06/27/2020,FEU,Z03,23,0.11837219452
06/27/2020,FEU,Z01,24,0.09995321632
06/27/2020,FEU,Z02,24,0.0516351172
06/27/2020,FEU,Z03,24,0.05476455822
06/27/2020,FEU,Z01,3,0.08799738522
06/27/2020,FEU,Z02,3,0.04007794512
06/27/2020,FEU,Z03,3,0.03764032168
06/27/2020,FEU,Z01,4,0.0873572562
06/27/2020,FEU,Z02,4,0.0394606821
06/27/2020,FEU,Z03,4,0.03700531768
06/27/2020,FEU,Z01,5,0.08588615624
06/27/2020,FEU,Z02,5,0.03804917014
06/27/2020,FEU,Z03,5,0.0356605977
06/27/2020,FEU,Z01,6,0.08577892028
06/27/2020,FEU,Z02,6,0.03798355916
06/27/2020,FEU,Z03,6,0.03559487572
06/27/2020,FEU,Z01,7,0.0859001363
06/27/2020,FEU,Z02,7,0.03810285018
06/27/2020,FEU,Z03,7,0.03574192372
06/27/2020,FEU,Z01,8,0.08650164138
06/27/2020,FEU,Z02,8,0.03872429324
06/27/2020,FEU,Z03,8,0.04126861028
06/27/2020,FEU,Z01,9,0.08578278602
06/27/2020,FEU,Z02,9,0.03837318972
06/27/2020,FEU,Z03,9,0.04066555292
06/28/2020,FEU,Z01,1,0.09967334612
06/28/2020,FEU,Z02,1,0.05125983304
06/28/2020,FEU,Z03,1,0.054488576
06/28/2020,FEU,Z01,10,0.08468783084
06/28/2020,FEU,Z02,10,0.03722268658
06/28/2020,FEU,Z03,10,0.03953208474
06/28/2020,FEU,Z01,11,0.0857894669
06/28/2020,FEU,Z02,11,0.03833070262
06/28/2020,FEU,Z03,11,0.0406497368
06/28/2020,FEU,Z01,12,0.08744045692
06/28/2020,FEU,Z02,12,0.03993294364
06/28/2020,FEU,Z03,12,0.04231163382
06/28/2020,FEU,Z01,13,0.08715415186
06/28/2020,FEU,Z02,13,0.0396140176
06/28/2020,FEU,Z03,13,0.04201281276
06/28/2020,FEU,Z01,14,0.08756718302
06/28/2020,FEU,Z02,14,0.10602194286
06/28/2020,FEU,Z03,14,0.10602194286
06/28/2020,FEU,Z01,15,0.087593577
06/28/2020,FEU,Z02,15,0.10608526982
06/28/2020,FEU,Z03,15,0.10608526982
06/28/2020,FEU,Z01,16,0.08596822686
06/28/2020,FEU,Z02,16,0.10444621468
06/28/2020,FEU,Z03,16,0.10444621468
06/28/2020,FEU,Z01,17,0.08527518386
06/28/2020,FEU,Z02,17,0.10374778068
06/28/2020,FEU,Z03,17,0.10374778068
06/28/2020,FEU,Z01,18,0.08521525688
06/28/2020,FEU,Z02,18,0.10365291272
06/28/2020,FEU,Z03,18,0.10365291272
06/28/2020,FEU,Z01,19,0.08546264088
06/28/2020,FEU,Z02,19,0.1039368317
06/28/2020,FEU,Z03,19,0.1039368317
06/28/2020,FEU,Z01,2,0.09125198902
06/28/2020,FEU,Z02,2,0.04311558496
06/28/2020,FEU,Z03,2,0.04053745756
06/28/2020,FEU,Z01,20,0.08927665482
06/28/2020,FEU,Z02,20,0.10778005664
06/28/2020,FEU,Z03,20,0.10778005664
06/28/2020,FEU,Z01,21,0.09234293676
06/28/2020,FEU,Z02,21,0.11091133256
06/28/2020,FEU,Z03,21,0.11091133256
06/28/2020,FEU,Z01,22,0.09627124088
06/28/2020,FEU,Z02,22,0.1148295817
06/28/2020,FEU,Z03,22,0.1148295817
06/28/2020,FEU,Z01,23,0.09885258888
06/28/2020,FEU,Z02,23,0.1174321917
06/28/2020,FEU,Z03,23,0.1174321917
06/28/2020,FEU,Z01,24,0.0909153515
06/28/2020,FEU,Z02,24,0.04306279132
06/28/2020,FEU,Z03,24,0.0457224164
06/28/2020,FEU,Z01,3,0.08975946996
06/28/2020,FEU,Z02,3,0.04163907892
06/28/2020,FEU,Z03,3,0.03910197752
06/28/2020,FEU,Z01,4,0.08885550198
06/28/2020,FEU,Z02,4,0.04080819892
06/28/2020,FEU,Z03,4,0.03829157352
06/28/2020,FEU,Z01,5,0.088903376
06/28/2020,FEU,Z02,5,0.04085661894
06/28/2020,FEU,Z03,5,0.03833802754
06/28/2020,FEU,Z01,6,0.08886420206
06/28/2020,FEU,Z02,6,0.04085980198
06/28/2020,FEU,Z03,6,0.03833970858
06/28/2020,FEU,Z01,7,0.08877921506
06/28/2020,FEU,Z02,7,0.04077808098
06/28/2020,FEU,Z03,7,0.03826011758
06/28/2020,FEU,Z01,8,0.08756349404
06/28/2020,FEU,Z02,8,0.03957413498
06/28/2020,FEU,Z03,8,0.04227000794
06/28/2020,FEU,Z01,9,0.0873532466
06/28/2020,FEU,Z02,9,0.0396722174
06/28/2020,FEU,Z03,9,0.0421651015
06/29/2020,FEU,Z01,1,0.10120047212
06/29/2020,FEU,Z02,1,0.05272812504
06/29/2020,FEU,Z03,1,0.05597908902
06/29/2020,FEU,Z01,10,0.09632544976
06/29/2020,FEU,Z02,10,0.0490305583
06/29/2020,FEU,Z03,10,0.0513090027
06/29/2020,FEU,Z01,11,0.09678915376
06/29/2020,FEU,Z02,11,0.04952548228
06/29/2020,FEU,Z03,11,0.05181669368
06/29/2020,FEU,Z01,12,0.09689518972
06/29/2020,FEU,Z02,12,0.04958100326
06/29/2020,FEU,Z03,12,0.05187171466
06/29/2020,FEU,Z01,13,0.0973050227
06/29/2020,FEU,Z02,13,0.04997709024
06/29/2020,FEU,Z03,13,0.05227892564
06/29/2020,FEU,Z01,14,0.09731073974
06/29/2020,FEU,Z02,14,0.11574300062
06/29/2020,FEU,Z03,14,0.11574300062
06/29/2020,FEU,Z01,15,0.09707384164
06/29/2020,FEU,Z02,15,0.1155518525
06/29/2020,FEU,Z03,15,0.1155518525
06/29/2020,FEU,Z01,16,0.09479186756
06/29/2020,FEU,Z02,16,0.11325502942
06/29/2020,FEU,Z03,16,0.11325502942
06/29/2020,FEU,Z01,17,0.09124765862
06/29/2020,FEU,Z02,17,0.10968906948
06/29/2020,FEU,Z03,17,0.10968906948
06/29/2020,FEU,Z01,18,0.08905869368
06/29/2020,FEU,Z02,18,0.10744624556
06/29/2020,FEU,Z03,18,0.10744624556
06/29/2020,FEU,Z01,19,0.0900623376
06/29/2020,FEU,Z02,19,0.10849621946
06/29/2020,FEU,Z03,19,0.10849621946
06/29/2020,FEU,Z01,2,0.10056044798
06/29/2020,FEU,Z02,2,0.05205508292
06/29/2020,FEU,Z03,2,0.04924607752
06/29/2020,FEU,Z01,20,0.09229747148
06/29/2020,FEU,Z02,20,0.11074457334
06/29/2020,FEU,Z03,20,0.11074457334
06/29/2020,FEU,Z01,21,0.09261774332
06/29/2020,FEU,Z02,21,0.11106584918
06/29/2020,FEU,Z03,21,0.11106584918
06/29/2020,FEU,Z01,22,0.09656676922
06/29/2020,FEU,Z02,22,0.11508481406
06/29/2020,FEU,Z03,22,0.11508481406
06/29/2020,FEU,Z01,23,0.09623727006
06/29/2020,FEU,Z02,23,0.11479724888
06/29/2020,FEU,Z03,23,0.11479724888
06/29/2020,FEU,Z01,24,0.08981408072
06/29/2020,FEU,Z02,24,0.0420996025
06/29/2020,FEU,Z03,24,0.04465786762
06/29/2020,FEU,Z01,3,0.0993786509
06/29/2020,FEU,Z02,3,0.05086914086
06/29/2020,FEU,Z03,3,0.04805186548
06/29/2020,FEU,Z01,4,0.09865274588
06/29/2020,FEU,Z02,4,0.05017007284
06/29/2020,FEU,Z03,4,0.04737360046
06/29/2020,FEU,Z01,5,0.0989508759
06/29/2020,FEU,Z02,5,0.05045724886
06/29/2020,FEU,Z03,5,0.04765213548
06/29/2020,FEU,Z01,6,0.10046835004
06/29/2020,FEU,Z02,6,0.05201478496
06/29/2020,FEU,Z03,6,0.04920602956
06/29/2020,FEU,Z01,7,0.10092637538
06/29/2020,FEU,Z02,7,0.05262268724
06/29/2020,FEU,Z03,7,0.04991662978
06/29/2020,FEU,Z01,8,0.09918457774
06/29/2020,FEU,Z02,8,0.0512019775
06/29/2020,FEU,Z03,8,0.05407241664
06/29/2020,FEU,Z01,9,0.0972687275
06/29/2020,FEU,Z02,9,0.0497850631
06/29/2020,FEU,Z03,9,0.05220528944
06/30/2020,FEU,Z01,1,0.09707755656
06/30/2020,FEU,Z02,1,0.04905940136
06/30/2020,FEU,Z03,1,0.05192221246
06/30/2020,FEU,Z01,10,0.09738941866
06/30/2020,FEU,Z02,10,0.05001009922
06/30/2020,FEU,Z03,10,0.0523560976
06/30/2020,FEU,Z01,11,0.09692202968
06/30/2020,FEU,Z02,11,0.04960172422
06/30/2020,FEU,Z03,11,0.0519349776
06/30/2020,FEU,Z01,12,0.09726613764
06/30/2020,FEU,Z02,12,0.0498883082
06/30/2020,FEU,Z03,12,0.05222876058
06/30/2020,FEU,Z01,13,0.09680237462
06/30/2020,FEU,Z02,13,0.04943345818
06/30/2020,FEU,Z03,13,0.05176002956
06/30/2020,FEU,Z01,14,0.0962970627
06/30/2020,FEU,Z02,14,0.11477066156
06/30/2020,FEU,Z03,14,0.11477066156
06/30/2020,FEU,Z01,15,0.09551870364
06/30/2020,FEU,Z02,15,0.1139869775
06/30/2020,FEU,Z03,15,0.1139869775
06/30/2020,FEU,Z01,16,0.09447209756
06/30/2020,FEU,Z02,16,0.11293439342
06/30/2020,FEU,Z03,16,0.11293439342
06/30/2020,FEU,Z01,17,0.0919495376
06/30/2020,FEU,Z02,17,0.11039521446
06/30/2020,FEU,Z03,17,0.11039521446
06/30/2020,FEU,Z01,18,0.09448567164
06/30/2020,FEU,Z02,18,0.1129474775
06/30/2020,FEU,Z03,18,0.1129474775
06/30/2020,FEU,Z01,19,0.0961909776
06/30/2020,FEU,Z02,19,0.11466316346
06/30/2020,FEU,Z03,19,0.11466316346
06/30/2020,FEU,Z01,2,0.09365376044
06/30/2020,FEU,Z02,2,0.04566129728
06/30/2020,FEU,Z03,2,0.04311780682
06/30/2020,FEU,Z01,20,0.09755589148
06/30/2020,FEU,Z02,20,0.11603568334
06/30/2020,FEU,Z03,20,0.11603568334
06/30/2020,FEU,Z01,21,0.09678383736
06/30/2020,FEU,Z02,21,0.11525794922
06/30/2020,FEU,Z03,21,0.11525794922
06/30/2020,FEU,Z01,22,0.09813680726
06/30/2020,FEU,Z02,22,0.1166662621
06/30/2020,FEU,Z03,22,0.1166662621
06/30/2020,FEU,Z01,23,0.09840901716
06/30/2020,FEU,Z02,23,0.11698718998
06/30/2020,FEU,Z03,23,0.11698718998
06/30/2020,FEU,Z01,24,0.09734963586
06/30/2020,FEU,Z02,24,0.0494834576
06/30/2020,FEU,Z03,24,0.05225235676
06/30/2020,FEU,Z01,3,0.09212964836
06/30/2020,FEU,Z02,3,0.04414498422
06/30/2020,FEU,Z03,3,0.04164077776
06/30/2020,FEU,Z01,4,0.09174668036
06/30/2020,FEU,Z02,4,0.04377480922
06/30/2020,FEU,Z03,4,0.04127937776
06/30/2020,FEU,Z01,5,0.09189763038
06/30/2020,FEU,Z02,5,0.04396046622
06/30/2020,FEU,Z03,5,0.04142303478
06/30/2020,FEU,Z01,6,0.09671891246
06/30/2020,FEU,Z02,6,0.0486183173
06/30/2020,FEU,Z03,6,0.04604556682
06/30/2020,FEU,Z01,7,0.09805865664
06/30/2020,FEU,Z02,7,0.05001623344
06/30/2020,FEU,Z03,7,0.04744691694
06/30/2020,FEU,Z01,8,0.09746764986
06/30/2020,FEU,Z02,8,0.0495976976
06/30/2020,FEU,Z03,8,0.05232828878
06/30/2020,FEU,Z01,9,0.09800351546
06/30/2020,FEU,Z02,9,0.05049504506
06/30/2020,FEU,Z03,9,0.0529345874
07/01/2020,FEU,Z01,1,0.10044675248
07/01/2020,FEU,Z02,1,0.05221530532
07/01/2020,FEU,Z03,1,0.05529057538
07/01/2020,FEU,Z01,10,0.09728456658
07/01/2020,FEU,Z02,10,0.04985347816
07/01/2020,FEU,Z03,10,0.05223606552
07/01/2020,FEU,Z01,11,0.09676209956
07/01/2020,FEU,Z02,11,0.04934295214
07/01/2020,FEU,Z03,11,0.0517084775
07/01/2020,FEU,Z01,12,0.09625997258
07/01/2020,FEU,Z02,12,0.04889919414
07/01/2020,FEU,Z03,12,0.0512517275
07/01/2020,FEU,Z01,13,0.09849384948
07/01/2020,FEU,Z02,13,0.05097382608
07/01/2020,FEU,Z03,13,0.0534747274
07/01/2020,FEU,Z01,14,0.09750423754
07/01/2020,FEU,Z02,14,0.1159841674
07/01/2020,FEU,Z03,14,0.1159841674
07/01/2020,FEU,Z01,15,0.09356647348
07/01/2020,FEU,Z02,15,0.11202146434
07/01/2020,FEU,Z03,15,0.11202146434
07/01/2020,FEU,Z01,16,0.08525128342
07/01/2020,FEU,Z02,16,0.10369098626
07/01/2020,FEU,Z03,16,0.10369098626
07/01/2020,FEU,Z01,17,0.08410197046
07/01/2020,FEU,Z02,17,0.10249917932
07/01/2020,FEU,Z03,17,0.10249917932
07/01/2020,FEU,Z01,18,0.08891384148
07/01/2020,FEU,Z02,18,0.10733990834
07/01/2020,FEU,Z03,18,0.10733990834
07/01/2020,FEU,Z01,19,0.09033766146
07/01/2020,FEU,Z02,19,0.10877360132
07/01/2020,FEU,Z03,19,0.10877360132
07/01/2020,FEU,Z01,2,0.09947652542
07/01/2020,FEU,Z02,2,0.05123110528
07/01/2020,FEU,Z03,2,0.0485993278
07/01/2020,FEU,Z01,20,0.09518658536
07/01/2020,FEU,Z02,20,0.1136961572
07/01/2020,FEU,Z03,20,0.1136961572
07/01/2020,FEU,Z01,21,0.0974576372
07/01/2020,FEU,Z02,21,0.11598175304
07/01/2020,FEU,Z03,21,0.11598175304
07/01/2020,FEU,Z01,22,0.0986331721
07/01/2020,FEU,Z02,22,0.11716573194
07/01/2020,FEU,Z03,22,0.11716573194
07/01/2020,FEU,Z01,23,0.09898548206
07/01/2020,FEU,Z02,23,0.1175189669
07/01/2020,FEU,Z03,23,0.1175189669
07/01/2020,FEU,Z01,24,0.09693648582
07/01/2020,FEU,Z02,24,0.04907867356
07/01/2020,FEU,Z03,24,0.05182983272
07/01/2020,FEU,Z01,3,0.0990574564
07/01/2020,FEU,Z02,3,0.05086675324
07/01/2020,FEU,Z03,3,0.04820235678
07/01/2020,FEU,Z01,4,0.09840606836
07/01/2020,FEU,Z02,4,0.05019307422
07/01/2020,FEU,Z03,4,0.04754438576
07/01/2020,FEU,Z01,5,0.09837187238
07/01/2020,FEU,Z02,5,0.05016233124
07/01/2020,FEU,Z03,5,0.04751464778
07/01/2020,FEU,Z01,6,0.09826174448
07/01/2020,FEU,Z02,6,0.0501517023
07/01/2020,FEU,Z03,6,0.04750064584
07/01/2020,FEU,Z01,7,0.09879428666
07/01/2020,FEU,Z02,7,0.05077199344
07/01/2020,FEU,Z03,7,0.04818592694
07/01/2020,FEU,Z01,8,0.0975354568
07/01/2020,FEU,Z02,8,0.04961386756
07/01/2020,FEU,Z03,8,0.0524275917
07/01/2020,FEU,Z01,9,0.09794436148
07/01/2020,FEU,Z02,9,0.05044007408
07/01/2020,FEU,Z03,9,0.0529232874
07/02/2020,FEU,Z01,1,0.0935156265
07/02/2020,FEU,Z02,1,0.04557346732
07/02/2020,FEU,Z03,1,0.0483337564
07/02/2020,FEU,Z01,10,0.0992149776
07/02/2020,FEU,Z02,10,0.05173765018
07/02/2020,FEU,Z03,10,0.05417537154
07/02/2020,FEU,Z01,11,0.09906332156
07/02/2020,FEU,Z02,11,0.05158469514
07/02/2020,FEU,Z03,11,0.0540158525
07/02/2020,FEU,Z01,12,0.09852812756
07/02/2020,FEU,Z02,12,0.05106224114
07/02/2020,FEU,Z03,12,0.05352420548
07/02/2020,FEU,Z01,13,0.09897975344
07/02/2020,FEU,Z02,13,0.05144271004
07/02/2020,FEU,Z03,13,0.05395481736
07/02/2020,FEU,Z01,14,0.0978514775
07/02/2020,FEU,Z02,14,0.11638124834
07/02/2020,FEU,Z03,14,0.11638124834
07/02/2020,FEU,Z01,15,0.09554324742
07/02/2020,FEU,Z02,15,0.11401124128
07/02/2020,FEU,Z03,15,0.11401124128
07/02/2020,FEU,Z01,16,0.09197667034
07/02/2020,FEU,Z02,16,0.1104209372
07/02/2020,FEU,Z03,16,0.1104209372
07/02/2020,FEU,Z01,17,0.08589255542
07/02/2020,FEU,Z02,17,0.10433680226
07/02/2020,FEU,Z03,17,0.10433680226
07/02/2020,FEU,Z01,18,0.08464174544
07/02/2020,FEU,Z02,18,0.1030410923
07/02/2020,FEU,Z03,18,0.1030410923
07/02/2020,FEU,Z01,19,0.08580110642
07/02/2020,FEU,Z02,19,0.10420756128
07/02/2020,FEU,Z03,19,0.10420756128
07/02/2020,FEU,Z01,2,0.08945329146
07/02/2020,FEU,Z02,2,0.0416130973
07/02/2020,FEU,Z03,2,0.03919970982
07/02/2020,FEU,Z01,20,0.08610668928
07/02/2020,FEU,Z02,20,0.10455161712
07/02/2020,FEU,Z03,20,0.10455161712
07/02/2020,FEU,Z01,21,0.08689036912
07/02/2020,FEU,Z02,21,0.10533984896
07/02/2020,FEU,Z03,21,0.10533984896
07/02/2020,FEU,Z01,22,0.09531849908
07/02/2020,FEU,Z02,22,0.1138726319
07/02/2020,FEU,Z03,22,0.1138726319
07/02/2020,FEU,Z01,23,0.09687745304
07/02/2020,FEU,Z02,23,0.11544223686
07/02/2020,FEU,Z03,23,0.11544223686
07/02/2020,FEU,Z01,24,0.09060807076
07/02/2020,FEU,Z02,24,0.04290827352
07/02/2020,FEU,Z03,24,0.04546280666
07/02/2020,FEU,Z01,3,0.08664583844
07/02/2020,FEU,Z02,3,0.03890209728
07/02/2020,FEU,Z03,3,0.0365524978
07/02/2020,FEU,Z01,4,0.08619037442
07/02/2020,FEU,Z02,4,0.03846140026
07/02/2020,FEU,Z03,4,0.0360907378
07/02/2020,FEU,Z01,5,0.08663405844
07/02/2020,FEU,Z02,5,0.03889073728
07/02/2020,FEU,Z03,5,0.03650927582
07/02/2020,FEU,Z01,6,0.0891011515
07/02/2020,FEU,Z02,6,0.04131302932
07/02/2020,FEU,Z03,6,0.03890699784
07/02/2020,FEU,Z01,7,0.09858178468
07/02/2020,FEU,Z02,7,0.05056891246
07/02/2020,FEU,Z03,7,0.04798655996
07/02/2020,FEU,Z01,8,0.10059411884
07/02/2020,FEU,Z02,8,0.05262074258
07/02/2020,FEU,Z03,8,0.05550705274
07/02/2020,FEU,Z01,9,0.0992678525
07/02/2020,FEU,Z02,9,0.0517297831
07/02/2020,FEU,Z03,9,0.05420974544
07/03/2020,FEU,Z01,1,0.09736563248
07/03/2020,FEU,Z02,1,0.0492868323
07/03/2020,FEU,Z03,1,0.05219635538
07/03/2020,FEU,Z01,10,0.09669455454
07/03/2020,FEU,Z02,10,0.04927448212
07/03/2020,FEU,Z03,10,0.05168145846
07/03/2020,FEU,Z01,11,0.0966634775
07/03/2020,FEU,Z02,11,0.0491959531
07/03/2020,FEU,Z03,11,0.05159842544
07/03/2020,FEU,Z01,12,0.09570400152
07/03/2020,FEU,Z02,12,0.0483057181
07/03/2020,FEU,Z03,12,0.05068248944
07/03/2020,FEU,Z01,13,0.09524519142
07/03/2020,FEU,Z02,13,0.04780479502
07/03/2020,FEU,Z03,13,0.05020438734
07/03/2020,FEU,Z01,14,0.09556694146
07/03/2020,FEU,Z02,14,0.11403422732
07/03/2020,FEU,Z03,14,0.11403422732
07/03/2020,FEU,Z01,15,0.09251752742
07/03/2020,FEU,Z02,15,0.11096562528
07/03/2020,FEU,Z03,15,0.11096562528
07/03/2020,FEU,Z01,16,0.08910661336
07/03/2020,FEU,Z02,16,0.10753325122
07/03/2020,FEU,Z03,16,0.10753325122
07/03/2020,FEU,Z01,17,0.08736699344
07/03/2020,FEU,Z02,17,0.10582181728
07/03/2020,FEU,Z03,17,0.10582181728
07/03/2020,FEU,Z01,18,0.08927377346
07/03/2020,FEU,Z02,18,0.10770197132
07/03/2020,FEU,Z03,18,0.10770197132
07/03/2020,FEU,Z01,19,0.09491444144
07/03/2020,FEU,Z02,19,0.11342279328
07/03/2020,FEU,Z03,19,0.11342279328
07/03/2020,FEU,Z01,2,0.09300194646
07/03/2020,FEU,Z02,2,0.04507284928
07/03/2020,FEU,Z03,2,0.04254334482
07/03/2020,FEU,Z01,20,0.0970155873
07/03/2020,FEU,Z02,20,0.11553752414
07/03/2020,FEU,Z03,20,0.11553752414
07/03/2020,FEU,Z01,21,0.09539339714
07/03/2020,FEU,Z02,21,0.11390250998
07/03/2020,FEU,Z03,21,0.11390250998
07/03/2020,FEU,Z01,22,0.09352346806
07/03/2020,FEU,Z02,22,0.11206215288
07/03/2020,FEU,Z03,22,0.11206215288
07/03/2020,FEU,Z01,23,0.09459616198
07/03/2020,FEU,Z02,23,0.1131424568
07/03/2020,FEU,Z03,23,0.1131424568
07/03/2020,FEU,Z01,24,0.0898417667
07/03/2020,FEU,Z02,24,0.04212379548
07/03/2020,FEU,Z03,24,0.0446819066
07/03/2020,FEU,Z01,3,0.08727977042
07/03/2020,FEU,Z02,3,0.03951198826
07/03/2020,FEU,Z03,3,0.0371163778
07/03/2020,FEU,Z01,4,0.08637076142
07/03/2020,FEU,Z02,4,0.03863422426
07/03/2020,FEU,Z03,4,0.0362594578
07/03/2020,FEU,Z01,5,0.08779321044
07/03/2020,FEU,Z02,5,0.04000969728
07/03/2020,FEU,Z03,5,0.03760164082
07/03/2020,FEU,Z01,6,0.08859788652
07/03/2020,FEU,Z02,6,0.04082988334
07/03/2020,FEU,Z03,6,0.03843431086
07/03/2020,FEU,Z01,7,0.0955071617
07/03/2020,FEU,Z02,7,0.04759953348
07/03/2020,FEU,Z03,7,0.04512246196
07/03/2020,FEU,Z01,8,0.0983834168
07/03/2020,FEU,Z02,8,0.05043404956
07/03/2020,FEU,Z03,8,0.0532792067
07/03/2020,FEU,Z01,9,0.09665283948
07/03/2020,FEU,Z02,9,0.04918296208
07/03/2020,FEU,Z03,9,0.0516271774
07/04/2020,FEU,Z01,1,0.09430432424
07/04/2020,FEU,Z02,1,0.04618804912
07/04/2020,FEU,Z03,1,0.04911543212
07/04/2020,FEU,Z01,10,0.08597007302
07/04/2020,FEU,Z02,10,0.03855365772
07/04/2020,FEU,Z03,10,0.04082074794
07/04/2020,FEU,Z01,11,0.08541575312
07/04/2020,FEU,Z02,11,0.0380624278
07/04/2020,FEU,Z03,11,0.04031569502
07/04/2020,FEU,Z01,12,0.08617819716
07/04/2020,FEU,Z02,12,0.03884081182
07/04/2020,FEU,Z03,12,0.04105567508
07/04/2020,FEU,Z01,13,0.0866610521
07/04/2020,FEU,Z02,13,0.03926793878
07/04/2020,FEU,Z03,13,0.04152903902
07/04/2020,FEU,Z01,14,0.0887309372
07/04/2020,FEU,Z02,14,0.10719381304
07/04/2020,FEU,Z03,14,0.10719381304
07/04/2020,FEU,Z01,15,0.08849645716
07/04/2020,FEU,Z02,15,0.10699650998
07/04/2020,FEU,Z03,15,0.10699650998
07/04/2020,FEU,Z01,16,0.084207977
07/04/2020,FEU,Z02,16,0.10267317382
07/04/2020,FEU,Z03,16,0.10267317382
07/04/2020,FEU,Z01,17,0.08354338502
07/04/2020,FEU,Z02,17,0.10196897186
07/04/2020,FEU,Z03,17,0.10196897186
07/04/2020,FEU,Z01,18,0.08323185712
07/04/2020,FEU,Z02,18,0.10169016594
07/04/2020,FEU,Z03,18,0.10169016594
07/04/2020,FEU,Z01,19,0.08495292908
07/04/2020,FEU,Z02,19,0.1034245019
07/04/2020,FEU,Z03,19,0.1034245019
07/04/2020,FEU,Z01,2,0.08718886522
07/04/2020,FEU,Z02,2,0.03930002512
07/04/2020,FEU,Z03,2,0.03688144168
07/04/2020,FEU,Z01,20,0.08604308098
07/04/2020,FEU,Z02,20,0.1045224968
07/04/2020,FEU,Z03,20,0.1045224968
07/04/2020,FEU,Z01,21,0.08735586284
07/04/2020,FEU,Z02,21,0.10584449666
07/04/2020,FEU,Z03,21,0.10584449666
07/04/2020,FEU,Z01,22,0.09621392678
07/04/2020,FEU,Z02,22,0.1147707866
07/04/2020,FEU,Z03,22,0.1147707866
07/04/2020,FEU,Z01,23,0.09813318872
07/04/2020,FEU,Z02,23,0.11670427454
07/04/2020,FEU,Z03,23,0.11670427454
07/04/2020,FEU,Z01,24,0.09065049438
07/04/2020,FEU,Z02,24,0.04275768222
07/04/2020,FEU,Z03,24,0.04543384228
07/04/2020,FEU,Z01,3,0.08610211922
07/04/2020,FEU,Z02,3,0.03825555312
07/04/2020,FEU,Z03,3,0.03586141768
07/04/2020,FEU,Z01,4,0.08736984818
07/04/2020,FEU,Z02,4,0.03947029108
07/04/2020,FEU,Z03,4,0.03701534266
07/04/2020,FEU,Z01,5,0.0861494062
07/04/2020,FEU,Z02,5,0.0382985071
07/04/2020,FEU,Z03,5,0.03590392766
07/04/2020,FEU,Z01,6,0.08611425224
07/04/2020,FEU,Z02,6,0.03830131312
07/04/2020,FEU,Z03,6,0.03590717368
07/04/2020,FEU,Z01,7,0.08644070828
07/04/2020,FEU,Z02,7,0.03862079516
07/04/2020,FEU,Z03,7,0.03621760172
07/04/2020,FEU,Z01,8,0.08763379526
07/04/2020,FEU,Z02,8,0.03976709914
07/04/2020,FEU,Z03,8,0.04238185616
07/04/2020,FEU,Z01,9,0.08693431582
07/04/2020,FEU,Z02,9,0.03936267558
07/04/2020,FEU,Z03,9,0.04175108874
07/05/2020,FEU,Z01,1,0.08889282796
07/05/2020,FEU,Z02,1,0.0408416419
07/05/2020,FEU,Z03,1,0.04362360784
07/05/2020,FEU,Z01,10,0.08364689774
07/05/2020,FEU,Z02,10,0.0361719775
07/05/2020,FEU,Z03,10,0.03846793664
07/05/2020,FEU,Z01,11,0.08226529484
07/05/2020,FEU,Z02,11,0.03487867558
07/05/2020,FEU,Z03,11,0.03709908874
07/05/2020,FEU,Z01,12,0.08292531686
07/05/2020,FEU,Z02,12,0.0355204176
07/05/2020,FEU,Z03,12,0.03773567978
07/05/2020,FEU,Z01,13,0.08324680076
07/05/2020,FEU,Z02,13,0.03578773352
07/05/2020,FEU,Z03,13,0.03803970668
07/05/2020,FEU,Z01,14,0.08466377696
07/05/2020,FEU,Z02,14,0.10313227478
07/05/2020,FEU,Z03,14,0.10313227478
07/05/2020,FEU,Z01,15,0.08487430794
07/05/2020,FEU,Z02,15,0.10330990778
07/05/2020,FEU,Z03,15,0.10330990778
07/05/2020,FEU,Z01,16,0.08303176086
07/05/2020,FEU,Z02,16,0.10148690668
07/05/2020,FEU,Z03,16,0.10148690668
07/05/2020,FEU,Z01,17,0.08160160088
07/05/2020,FEU,Z02,17,0.1000457317
07/05/2020,FEU,Z03,17,0.1000457317
07/05/2020,FEU,Z01,18,0.08138648294
07/05/2020,FEU,Z02,18,0.09982926676
07/05/2020,FEU,Z03,18,0.09982926676
07/05/2020,FEU,Z01,19,0.07902895092
07/05/2020,FEU,Z02,19,0.09745323874
07/05/2020,FEU,Z03,19,0.09745323874
07/05/2020,FEU,Z01,2,0.08682550388
07/05/2020,FEU,Z02,2,0.03878196186
07/05/2020,FEU,Z03,2,0.03628966948
07/05/2020,FEU,Z01,20,0.08180672684
07/05/2020,FEU,Z02,20,0.10025339966
07/05/2020,FEU,Z03,20,0.10025339966
07/05/2020,FEU,Z01,21,0.08321194076
07/05/2020,FEU,Z02,21,0.10170175656
07/05/2020,FEU,Z03,21,0.10170175656
07/05/2020,FEU,Z01,22,0.08658000284
07/05/2020,FEU,Z02,22,0.10506260666
07/05/2020,FEU,Z03,22,0.10506260666
07/05/2020,FEU,Z01,23,0.09623540488
07/05/2020,FEU,Z02,23,0.1147946317
07/05/2020,FEU,Z03,23,0.1147946317
07/05/2020,FEU,Z01,24,0.08790200458
07/05/2020,FEU,Z02,24,0.04019961238
07/05/2020,FEU,Z03,24,0.04271127248
07/05/2020,FEU,Z01,3,0.08541810188
07/05/2020,FEU,Z02,3,0.03743174286
07/05/2020,FEU,Z03,3,0.03497450148
07/05/2020,FEU,Z01,4,0.0858489109
07/05/2020,FEU,Z02,4,0.03787718786
07/05/2020,FEU,Z03,4,0.03540913748
07/05/2020,FEU,Z01,5,0.08543948196
07/05/2020,FEU,Z02,5,0.03749275692
07/05/2020,FEU,Z03,5,0.03506232152
07/05/2020,FEU,Z01,6,0.08536276804
07/05/2020,FEU,Z02,6,0.03748921696
07/05/2020,FEU,Z03,6,0.03505873156
07/05/2020,FEU,Z01,7,0.08549574604
07/05/2020,FEU,Z02,7,0.03761824096
07/05/2020,FEU,Z03,7,0.03518439556
07/05/2020,FEU,Z01,8,0.085479776
07/05/2020,FEU,Z02,8,0.03756710994
07/05/2020,FEU,Z03,8,0.04020105788
07/05/2020,FEU,Z01,9,0.08524963852
07/05/2020,FEU,Z02,9,0.03759743434
07/05/2020,FEU,Z03,9,0.04000482444
07/06/2020,FEU,Z01,1,0.08523964832
07/06/2020,FEU,Z02,1,0.03750040218
07/06/2020,FEU,Z03,1,0.0400200662
07/06/2020,FEU,Z01,10,0.0854933525
07/06/2020,FEU,Z02,10,0.03835667408
07/06/2020,FEU,Z03,10,0.04043177542
07/06/2020,FEU,Z01,11,0.0870469775
07/06/2020,FEU,Z02,11,0.0398347981
07/06/2020,FEU,Z03,11,0.04195628144
07/06/2020,FEU,Z01,12,0.08842451756
07/06/2020,FEU,Z02,12,0.04125546212
07/06/2020,FEU,Z03,12,0.04338457548
07/06/2020,FEU,Z01,13,0.08913115948
07/06/2020,FEU,Z02,13,0.04186168208
07/06/2020,FEU,Z03,13,0.04404231742
07/06/2020,FEU,Z01,14,0.08890248956
07/06/2020,FEU,Z02,14,0.10732890842
07/06/2020,FEU,Z03,14,0.10732890842
07/06/2020,FEU,Z01,15,0.0857104775
07/06/2020,FEU,Z02,15,0.10411671736
07/06/2020,FEU,Z03,15,0.10411671736
07/06/2020,FEU,Z01,16,0.08456165744
07/06/2020,FEU,Z02,16,0.1029605073
07/06/2020,FEU,Z03,16,0.1029605073
07/06/2020,FEU,Z01,17,0.08267242348
07/06/2020,FEU,Z02,17,0.10105968934
07/06/2020,FEU,Z03,17,0.10105968934
07/06/2020,FEU,Z01,18,0.08437183352
07/06/2020,FEU,Z02,18,0.10277095538
07/06/2020,FEU,Z03,18,0.10277095538
07/06/2020,FEU,Z01,19,0.0851851025
07/06/2020,FEU,Z02,19,0.10358807336
07/06/2020,FEU,Z03,19,0.10358807336
07/06/2020,FEU,Z01,2,0.07976517226
07/06/2020,FEU,Z02,2,0.03218900914
07/06/2020,FEU,Z03,2,0.0299439927
07/06/2020,FEU,Z01,20,0.0911378074
07/06/2020,FEU,Z02,20,0.10957837226
07/06/2020,FEU,Z03,20,0.10957837226
07/06/2020,FEU,Z01,21,0.09187302528
07/06/2020,FEU,Z02,21,0.11031630014
07/06/2020,FEU,Z03,21,0.11031630014
07/06/2020,FEU,Z01,22,0.09272720022
07/06/2020,FEU,Z02,22,0.11121942406
07/06/2020,FEU,Z03,22,0.11121942406
07/06/2020,FEU,Z01,23,0.09504907418
07/06/2020,FEU,Z02,23,0.11355611702
07/06/2020,FEU,Z03,23,0.11355611702
07/06/2020,FEU,Z01,24,0.09443844294
07/06/2020,FEU,Z02,24,0.04671514066
07/06/2020,FEU,Z03,24,0.04934372684
07/06/2020,FEU,Z01,3,0.0780788262
07/06/2020,FEU,Z02,3,0.0305331171
07/06/2020,FEU,Z03,3,0.02832955066
07/06/2020,FEU,Z01,4,0.07707960818
07/06/2020,FEU,Z02,4,0.02956885108
07/06/2020,FEU,Z03,4,0.02736557966
07/06/2020,FEU,Z01,5,0.07599799722
07/06/2020,FEU,Z02,5,0.02853384112
07/06/2020,FEU,Z03,5,0.02637876568
07/06/2020,FEU,Z01,6,0.07648870432
07/06/2020,FEU,Z02,6,0.02906727118
07/06/2020,FEU,Z03,6,0.02689790074
07/06/2020,FEU,Z01,7,0.08082426056
07/06/2020,FEU,Z02,7,0.03336082536
07/06/2020,FEU,Z03,7,0.03113507788
07/06/2020,FEU,Z01,8,0.08616261272
07/06/2020,FEU,Z02,8,0.0385704775
07/06/2020,FEU,Z03,8,0.04099071462
07/06/2020,FEU,Z01,9,0.0855284874
07/06/2020,FEU,Z02,9,0.03831053402
07/06/2020,FEU,Z03,9,0.04044839732
07/07/2020,FEU,Z01,1,0.09148477256
07/07/2020,FEU,Z02,1,0.04365749736
07/07/2020,FEU,Z03,1,0.04630556846
07/07/2020,FEU,Z01,10,0.09260663358
07/07/2020,FEU,Z02,10,0.04533710714
07/07/2020,FEU,Z03,10,0.0475853525
07/07/2020,FEU,Z01,11,0.09066851756
07/07/2020,FEU,Z02,11,0.04340577614
07/07/2020,FEU,Z03,11,0.0455986025
07/07/2020,FEU,Z01,12,0.09196990558
07/07/2020,FEU,Z02,12,0.04471519014
07/07/2020,FEU,Z03,12,0.0469463525
07/07/2020,FEU,Z01,13,0.0963439775
07/07/2020,FEU,Z02,13,0.04892649808
07/07/2020,FEU,Z03,13,0.05132098042
07/07/2020,FEU,Z01,14,0.09610124156
07/07/2020,FEU,Z02,14,0.11457257242
07/07/2020,FEU,Z03,14,0.11457257242
07/07/2020,FEU,Z01,15,0.09505320552
07/07/2020,FEU,Z02,15,0.11351771738
07/07/2020,FEU,Z03,15,0.11351771738
07/07/2020,FEU,Z01,16,0.09207413744
07/07/2020,FEU,Z02,16,0.11056234528
07/07/2020,FEU,Z03,16,0.11056234528
07/07/2020,FEU,Z01,17,0.0905761025
07/07/2020,FEU,Z02,17,0.10901261736
07/07/2020,FEU,Z03,17,0.10901261736
07/07/2020,FEU,Z01,18,0.09241742552
07/07/2020,FEU,Z02,18,0.11086552238
07/07/2020,FEU,Z03,18,0.11086552238
07/07/2020,FEU,Z01,19,0.09571600748
07/07/2020,FEU,Z02,19,0.11418436134
07/07/2020,FEU,Z03,19,0.11418436134
07/07/2020,FEU,Z01,2,0.08594079248
07/07/2020,FEU,Z02,2,0.0382591723
07/07/2020,FEU,Z03,2,0.03589212984
07/07/2020,FEU,Z01,20,0.0982511574
07/07/2020,FEU,Z02,20,0.11678277924
07/07/2020,FEU,Z03,20,0.11678277924
07/07/2020,FEU,Z01,21,0.09864504626
07/07/2020,FEU,Z02,21,0.1171780771
07/07/2020,FEU,Z03,21,0.1171780771
07/07/2020,FEU,Z01,22,0.09798076716
07/07/2020,FEU,Z02,22,0.116508177
07/07/2020,FEU,Z03,22,0.116508177
07/07/2020,FEU,Z01,23,0.09813245712
07/07/2020,FEU,Z02,23,0.11666170496
07/07/2020,FEU,Z03,23,0.11666170496
07/07/2020,FEU,Z01,24,0.0952766369
07/07/2020,FEU,Z02,24,0.04752104962
07/07/2020,FEU,Z03,24,0.0501779768
07/07/2020,FEU,Z01,3,0.08547236342
07/07/2020,FEU,Z02,3,0.03776896726
07/07/2020,FEU,Z03,3,0.0354147478
07/07/2020,FEU,Z01,4,0.08539858738
07/07/2020,FEU,Z02,4,0.03769254922
07/07/2020,FEU,Z03,4,0.03531031278
07/07/2020,FEU,Z01,5,0.0852077964
07/07/2020,FEU,Z02,5,0.03751118524
07/07/2020,FEU,Z03,5,0.03516366078
07/07/2020,FEU,Z01,6,0.08614306448
07/07/2020,FEU,Z02,6,0.0384555273
07/07/2020,FEU,Z03,6,0.03608270584
07/07/2020,FEU,Z01,7,0.09248477068
07/07/2020,FEU,Z02,7,0.04467582946
07/07/2020,FEU,Z03,7,0.04222530396
07/07/2020,FEU,Z01,8,0.0963104968
07/07/2020,FEU,Z02,8,0.04842903556
07/07/2020,FEU,Z03,8,0.0511973517
07/07/2020,FEU,Z01,9,0.09445826548
07/07/2020,FEU,Z02,9,0.04708776306
07/07/2020,FEU,Z03,9,0.0494248074
07/08/2020,FEU,Z01,1,0.09518062448
07/08/2020,FEU,Z02,1,0.04713838732
07/08/2020,FEU,Z03,1,0.05000323838
07/08/2020,FEU,Z01,10,0.09710184358
07/08/2020,FEU,Z02,10,0.04967657416
07/08/2020,FEU,Z03,10,0.05205285352
07/08/2020,FEU,Z01,11,0.09724007156
07/08/2020,FEU,Z02,11,0.04980857014
07/08/2020,FEU,Z03,11,0.0521877275
07/08/2020,FEU,Z01,12,0.09720497558
07/08/2020,FEU,Z02,12,0.04981950014
07/08/2020,FEU,Z03,12,0.0522001025
07/08/2020,FEU,Z01,13,0.09791058148
07/08/2020,FEU,Z02,13,0.05040719408
07/08/2020,FEU,Z03,13,0.0528893874
07/08/2020,FEU,Z01,14,0.09809718154
07/08/2020,FEU,Z02,14,0.1165808074
07/08/2020,FEU,Z03,14,0.1165808074
07/08/2020,FEU,Z01,15,0.09759079748
07/08/2020,FEU,Z02,15,0.11607080634
07/08/2020,FEU,Z03,15,0.11607080634
07/08/2020,FEU,Z01,16,0.09746932142
07/08/2020,FEU,Z02,16,0.11599560026
07/08/2020,FEU,Z03,16,0.11599560026
07/08/2020,FEU,Z01,17,0.09734083946
07/08/2020,FEU,Z02,17,0.11581914332
07/08/2020,FEU,Z03,17,0.11581914332
07/08/2020,FEU,Z01,18,0.09746468548
07/08/2020,FEU,Z02,18,0.11594391034
07/08/2020,FEU,Z03,18,0.11594391034
07/08/2020,FEU,Z01,19,0.09736337946
07/08/2020,FEU,Z02,19,0.11584182332
07/08/2020,FEU,Z03,19,0.11584182332
07/08/2020,FEU,Z01,2,0.09089458442
07/08/2020,FEU,Z02,2,0.04296216128
07/08/2020,FEU,Z03,2,0.0405196378
07/08/2020,FEU,Z01,20,0.09734757336
07/08/2020,FEU,Z02,20,0.1158724172
07/08/2020,FEU,Z03,20,0.1158724172
07/08/2020,FEU,Z01,21,0.0976423172
07/08/2020,FEU,Z02,21,0.11616887704
07/08/2020,FEU,Z03,21,0.11616887704
07/08/2020,FEU,Z01,22,0.0984362321
07/08/2020,FEU,Z02,22,0.11696626294
07/08/2020,FEU,Z03,22,0.11696626294
07/08/2020,FEU,Z01,23,0.09860123706
07/08/2020,FEU,Z02,23,0.1171320419
07/08/2020,FEU,Z03,23,0.1171320419
07/08/2020,FEU,Z01,24,0.09807810082
07/08/2020,FEU,Z02,24,0.05018272156
07/08/2020,FEU,Z03,24,0.05297637272
07/08/2020,FEU,Z01,3,0.0883347964
07/08/2020,FEU,Z02,3,0.04052688524
07/08/2020,FEU,Z03,3,0.03810781078
07/08/2020,FEU,Z01,4,0.08836261436
07/08/2020,FEU,Z02,4,0.04051385222
07/08/2020,FEU,Z03,4,0.03809572176
07/08/2020,FEU,Z01,5,0.08792947038
07/08/2020,FEU,Z02,5,0.04009899724
07/08/2020,FEU,Z03,5,0.03769007478
07/08/2020,FEU,Z01,6,0.08873379248
07/08/2020,FEU,Z02,6,0.0409559323
07/08/2020,FEU,Z03,6,0.03852473784
07/08/2020,FEU,Z01,7,0.09632958266
07/08/2020,FEU,Z02,7,0.04838965744
07/08/2020,FEU,Z03,7,0.04585749394
07/08/2020,FEU,Z01,8,0.0989842968
07/08/2020,FEU,Z02,8,0.05101412356
07/08/2020,FEU,Z03,8,0.0538826767
07/08/2020,FEU,Z01,9,0.09738473948
07/08/2020,FEU,Z02,9,0.04989536208
07/08/2020,FEU,Z03,9,0.0523616774
07/09/2020,FEU,Z01,1,0.0992884015
07/09/2020,FEU,Z02,1,0.05114480932
07/09/2020,FEU,Z03,1,0.0541322764
07/09/2020,FEU,Z01,10,0.1002722576
07/09/2020,FEU,Z02,10,0.05276755418
07/09/2020,FEU,Z03,10,0.05523548354
07/09/2020,FEU,Z01,11,0.10065768356
07/09/2020,FEU,Z02,11,0.05313784814
07/09/2020,FEU,Z03,11,0.0556144775
07/09/2020,FEU,Z01,12,0.10135220156
07/09/2020,FEU,Z02,12,0.05381441514
07/09/2020,FEU,Z03,12,0.05635834748
07/09/2020,FEU,Z01,13,0.10203663344
07/09/2020,FEU,Z02,13,0.05441829004
07/09/2020,FEU,Z03,13,0.05702253736
07/09/2020,FEU,Z01,14,0.1009002275
07/09/2020,FEU,Z02,14,0.11945167834
07/09/2020,FEU,Z03,14,0.11945167834
07/09/2020,FEU,Z01,15,0.09842106842
07/09/2020,FEU,Z02,15,0.11690576928
07/09/2020,FEU,Z03,15,0.11690576928
07/09/2020,FEU,Z01,16,0.09761221234
07/09/2020,FEU,Z02,16,0.1160924372
07/09/2020,FEU,Z03,16,0.1160924372
07/09/2020,FEU,Z01,17,0.09750319142
07/09/2020,FEU,Z02,17,0.11603084726
07/09/2020,FEU,Z03,17,0.11603084726
07/09/2020,FEU,Z01,18,0.10019348144
07/09/2020,FEU,Z02,18,0.1186893373
07/09/2020,FEU,Z03,18,0.1186893373
07/09/2020,FEU,Z01,19,0.10090825542
07/09/2020,FEU,Z02,19,0.11940837728
07/09/2020,FEU,Z03,19,0.11940837728
07/09/2020,FEU,Z01,2,0.09414952146
07/09/2020,FEU,Z02,2,0.0461417473
07/09/2020,FEU,Z03,2,0.04362461982
07/09/2020,FEU,Z01,20,0.10169942528
07/09/2020,FEU,Z02,20,0.12025416112
07/09/2020,FEU,Z03,20,0.12025416112
07/09/2020,FEU,Z01,21,0.10191909712
07/09/2020,FEU,Z02,21,0.12047367296
07/09/2020,FEU,Z03,21,0.12047367296
07/09/2020,FEU,Z01,22,0.10283511308
07/09/2020,FEU,Z02,22,0.1214471219
07/09/2020,FEU,Z03,22,0.1214471219
07/09/2020,FEU,Z01,23,0.10279768904
07/09/2020,FEU,Z02,23,0.12140888586
07/09/2020,FEU,Z03,23,0.12140888586
07/09/2020,FEU,Z01,24,0.10166217676
07/09/2020,FEU,Z02,24,0.05360088552
07/09/2020,FEU,Z03,24,0.05656447766
07/09/2020,FEU,Z01,3,0.09105862644
07/09/2020,FEU,Z02,3,0.04315868928
07/09/2020,FEU,Z03,3,0.0407105578
07/09/2020,FEU,Z01,4,0.08864505242
07/09/2020,FEU,Z02,4,0.04082749726
07/09/2020,FEU,Z03,4,0.0384006478
07/09/2020,FEU,Z01,5,0.08846349244
07/09/2020,FEU,Z02,5,0.04065608128
07/09/2020,FEU,Z03,5,0.03823155282
07/09/2020,FEU,Z01,6,0.0914041515
07/09/2020,FEU,Z02,6,0.04353566932
07/09/2020,FEU,Z03,6,0.04107756984
07/09/2020,FEU,Z01,7,0.09749274068
07/09/2020,FEU,Z02,7,0.04951629446
07/09/2020,FEU,Z03,7,0.04695729196
07/09/2020,FEU,Z01,8,0.10095773084
07/09/2020,FEU,Z02,8,0.05297385758
07/09/2020,FEU,Z03,8,0.05587223474
07/09/2020,FEU,Z01,9,0.1003636025
07/09/2020,FEU,Z02,9,0.0527974081
07/09/2020,FEU,Z03,9,0.05530841744
07/10/2020,FEU,Z01,1,0.10087599248
07/10/2020,FEU,Z02,1,0.0526748073
07/10/2020,FEU,Z03,1,0.05572164038
07/10/2020,FEU,Z01,10,0.10027467854
07/10/2020,FEU,Z02,10,0.05276215412
07/10/2020,FEU,Z03,10,0.05527320746
07/10/2020,FEU,Z01,11,0.0994039775
07/10/2020,FEU,Z02,11,0.0518633731
07/10/2020,FEU,Z03,11,0.05434623344
07/10/2020,FEU,Z01,12,0.09878488552
07/10/2020,FEU,Z02,12,0.0513082081
07/10/2020,FEU,Z03,12,0.05377433744
07/10/2020,FEU,Z01,13,0.09874170442
07/10/2020,FEU,Z02,13,0.05120839802
07/10/2020,FEU,Z03,13,0.05371215534
07/10/2020,FEU,Z01,14,0.09818721646
07/10/2020,FEU,Z02,14,0.11667077732
07/10/2020,FEU,Z03,14,0.11667077732
07/10/2020,FEU,Z01,15,0.09745803142
07/10/2020,FEU,Z02,15,0.11593676128
07/10/2020,FEU,Z03,15,0.11593676128
07/10/2020,FEU,Z01,16,0.09679515736
07/10/2020,FEU,Z02,16,0.11526933922
07/10/2020,FEU,Z03,16,0.11526933922
07/10/2020,FEU,Z01,17,0.09319649744
07/10/2020,FEU,Z02,17,0.11169266528
07/10/2020,FEU,Z03,17,0.11169266528
07/10/2020,FEU,Z01,18,0.09299287346
07/10/2020,FEU,Z02,18,0.11144417132
07/10/2020,FEU,Z03,18,0.11144417132
07/10/2020,FEU,Z01,19,0.09624209744
07/10/2020,FEU,Z02,19,0.11476100128
07/10/2020,FEU,Z03,19,0.11476100128
07/10/2020,FEU,Z01,2,0.09879749446
07/10/2020,FEU,Z02,2,0.05066651328
07/10/2020,FEU,Z03,2,0.04800406082
07/10/2020,FEU,Z01,20,0.0952994673
07/10/2020,FEU,Z02,20,0.11380930814
07/10/2020,FEU,Z03,20,0.11380930814
07/10/2020,FEU,Z01,21,0.09368804114
07/10/2020,FEU,Z02,21,0.11218521798
07/10/2020,FEU,Z03,21,0.11218521798
07/10/2020,FEU,Z01,22,0.09712160706
07/10/2020,FEU,Z02,22,0.11568968088
07/10/2020,FEU,Z03,22,0.11568968088
07/10/2020,FEU,Z01,23,0.09687514198
07/10/2020,FEU,Z02,23,0.1154392568
07/10/2020,FEU,Z03,23,0.1154392568
07/10/2020,FEU,Z01,24,0.0873346867
07/10/2020,FEU,Z02,24,0.03969951748
07/10/2020,FEU,Z03,24,0.0421640666
07/10/2020,FEU,Z01,3,0.09466502642
07/10/2020,FEU,Z02,3,0.04663415626
07/10/2020,FEU,Z03,3,0.0440694178
07/10/2020,FEU,Z01,4,0.09215139842
07/10/2020,FEU,Z02,4,0.04421007226
07/10/2020,FEU,Z03,4,0.0417028978
07/10/2020,FEU,Z01,5,0.08968272244
07/10/2020,FEU,Z02,5,0.04183184128
07/10/2020,FEU,Z03,5,0.03938047682
07/10/2020,FEU,Z01,6,0.09005247252
07/10/2020,FEU,Z02,6,0.04223367034
07/10/2020,FEU,Z03,6,0.03980477686
07/10/2020,FEU,Z01,7,0.0957553067
07/10/2020,FEU,Z02,7,0.04783937148
07/10/2020,FEU,Z03,7,0.04535718796
07/10/2020,FEU,Z01,8,0.1005502968
07/10/2020,FEU,Z02,8,0.05252994556
07/10/2020,FEU,Z03,8,0.0554554267
07/10/2020,FEU,Z01,9,0.10091700148
07/10/2020,FEU,Z02,9,0.05333351408
07/10/2020,FEU,Z03,9,0.0559064874
07/11/2020,FEU,Z01,1,0.09327908024
07/11/2020,FEU,Z02,1,0.04520077712
07/11/2020,FEU,Z03,1,0.04808501012
07/11/2020,FEU,Z01,10,0.08468664002
07/11/2020,FEU,Z02,10,0.03731043372
07/11/2020,FEU,Z03,10,0.03953284694
07/11/2020,FEU,Z01,11,0.08475337712
07/11/2020,FEU,Z02,11,0.0374208478
07/11/2020,FEU,Z03,11,0.03965042402
07/11/2020,FEU,Z01,12,0.08465933716
07/11/2020,FEU,Z02,12,0.03736584182
07/11/2020,FEU,Z03,12,0.03953149508
07/11/2020,FEU,Z01,13,0.0844981471
07/11/2020,FEU,Z02,13,0.03717037078
07/11/2020,FEU,Z03,13,0.03935857802
07/11/2020,FEU,Z01,14,0.0828291572
07/11/2020,FEU,Z02,14,0.10125061704
07/11/2020,FEU,Z03,14,0.10125061704
07/11/2020,FEU,Z01,15,0.08272250516
07/11/2020,FEU,Z02,15,0.10117705398
07/11/2020,FEU,Z03,15,0.10117705398
07/11/2020,FEU,Z01,16,0.083122377
07/11/2020,FEU,Z02,16,0.10157907782
07/11/2020,FEU,Z03,16,0.10157907782
07/11/2020,FEU,Z01,17,0.08295969302
07/11/2020,FEU,Z02,17,0.10138121586
07/11/2020,FEU,Z03,17,0.10138121586
07/11/2020,FEU,Z01,18,0.08327876112
07/11/2020,FEU,Z02,18,0.10173743894
07/11/2020,FEU,Z03,18,0.10173743894
07/11/2020,FEU,Z01,19,0.08773312508
07/11/2020,FEU,Z02,19,0.1062265319
07/11/2020,FEU,Z03,19,0.1062265319
07/11/2020,FEU,Z01,2,0.08791296622
07/11/2020,FEU,Z02,2,0.03999672112
07/11/2020,FEU,Z03,2,0.03756108568
07/11/2020,FEU,Z01,20,0.09204899898
07/11/2020,FEU,Z02,20,0.1105753768
07/11/2020,FEU,Z03,20,0.1105753768
07/11/2020,FEU,Z01,21,0.09466863284
07/11/2020,FEU,Z02,21,0.11321410166
07/11/2020,FEU,Z03,21,0.11321410166
07/11/2020,FEU,Z01,22,0.09355059278
07/11/2020,FEU,Z02,22,0.1120868066
07/11/2020,FEU,Z03,22,0.1120868066
07/11/2020,FEU,Z01,23,0.09589947272
07/11/2020,FEU,Z02,23,0.11445446054
07/11/2020,FEU,Z03,23,0.11445446054
07/11/2020,FEU,Z01,24,0.09352859138
07/11/2020,FEU,Z02,24,0.04553228622
07/11/2020,FEU,Z03,24,0.04832412428
07/11/2020,FEU,Z01,3,0.08545054722
07/11/2020,FEU,Z02,3,0.03762749712
07/11/2020,FEU,Z03,3,0.03524984968
07/11/2020,FEU,Z01,4,0.08444356118
07/11/2020,FEU,Z02,4,0.03665456908
07/11/2020,FEU,Z03,4,0.03427087366
07/11/2020,FEU,Z01,5,0.0832862662
07/11/2020,FEU,Z02,5,0.0355436371
07/11/2020,FEU,Z03,5,0.03321642566
07/11/2020,FEU,Z01,6,0.08328087224
07/11/2020,FEU,Z02,6,0.03557172912
07/11/2020,FEU,Z03,6,0.03324439768
07/11/2020,FEU,Z01,7,0.08316616228
07/11/2020,FEU,Z02,7,0.03546773316
07/11/2020,FEU,Z03,7,0.03314073372
07/11/2020,FEU,Z01,8,0.08378910226
07/11/2020,FEU,Z02,8,0.03606492214
07/11/2020,FEU,Z03,8,0.03852216016
07/11/2020,FEU,Z01,9,0.08385137582
07/11/2020,FEU,Z02,9,0.03638081558
07/11/2020,FEU,Z03,9,0.03865750874
07/12/2020,FEU,Z01,1,0.09232213396
07/12/2020,FEU,Z02,1,0.0441357019
07/12/2020,FEU,Z03,1,0.04707003184
07/12/2020,FEU,Z01,10,0.08251297274
07/12/2020,FEU,Z02,10,0.0350751025
07/12/2020,FEU,Z03,10,0.03732913664
07/12/2020,FEU,Z01,11,0.08317085084
07/12/2020,FEU,Z02,11,0.03575529758
07/12/2020,FEU,Z03,11,0.03800855474
07/12/2020,FEU,Z01,12,0.08233871786
07/12/2020,FEU,Z02,12,0.0349514576
07/12/2020,FEU,Z03,12,0.03714705278
07/12/2020,FEU,Z01,13,0.08366047276
07/12/2020,FEU,Z02,13,0.03618675352
07/12/2020,FEU,Z03,13,0.03845480268
07/12/2020,FEU,Z01,14,0.08517872096
07/12/2020,FEU,Z02,14,0.10365124178
07/12/2020,FEU,Z03,14,0.10365124178
07/12/2020,FEU,Z01,15,0.08657152394
07/12/2020,FEU,Z02,15,0.10501889978
07/12/2020,FEU,Z03,15,0.10501889978
07/12/2020,FEU,Z01,16,0.08429983286
07/12/2020,FEU,Z02,16,0.10276484268
07/12/2020,FEU,Z03,16,0.10276484268
07/12/2020,FEU,Z01,17,0.08315064088
07/12/2020,FEU,Z02,17,0.1016068317
07/12/2020,FEU,Z03,17,0.1016068317
07/12/2020,FEU,Z01,18,0.08411448094
07/12/2020,FEU,Z02,18,0.10257855876
07/12/2020,FEU,Z03,18,0.10257855876
07/12/2020,FEU,Z01,19,0.08657380292
07/12/2020,FEU,Z02,19,0.10505693274
07/12/2020,FEU,Z03,19,0.10505693274
07/12/2020,FEU,Z01,2,0.08754789788
07/12/2020,FEU,Z02,2,0.03947500486
07/12/2020,FEU,Z03,2,0.03696414348
07/12/2020,FEU,Z01,20,0.09373991684
07/12/2020,FEU,Z02,20,0.11227816766
07/12/2020,FEU,Z03,20,0.11227816766
07/12/2020,FEU,Z01,21,0.09643666276
07/12/2020,FEU,Z02,21,0.11504028856
07/12/2020,FEU,Z03,21,0.11504028856
07/12/2020,FEU,Z01,22,0.09737256284
07/12/2020,FEU,Z02,22,0.11593904666
07/12/2020,FEU,Z03,22,0.11593904666
07/12/2020,FEU,Z01,23,0.09953347288
07/12/2020,FEU,Z02,23,0.1181172117
07/12/2020,FEU,Z03,23,0.1181172117
07/12/2020,FEU,Z01,24,0.09601000858
07/12/2020,FEU,Z02,24,0.04803065638
07/12/2020,FEU,Z03,24,0.05085389648
07/12/2020,FEU,Z01,3,0.08438938388
07/12/2020,FEU,Z02,3,0.03644482186
07/12/2020,FEU,Z03,3,0.03401402348
07/12/2020,FEU,Z01,4,0.0830593359
07/12/2020,FEU,Z02,4,0.03519988986
07/12/2020,FEU,Z03,4,0.03280244748
07/12/2020,FEU,Z01,5,0.08262079196
07/12/2020,FEU,Z02,5,0.03478547292
07/12/2020,FEU,Z03,5,0.03242654152
07/12/2020,FEU,Z01,6,0.08178673804
07/12/2020,FEU,Z02,6,0.03405164896
07/12/2020,FEU,Z03,6,0.03170956156
07/12/2020,FEU,Z01,7,0.08161662204
07/12/2020,FEU,Z02,7,0.03388691296
07/12/2020,FEU,Z03,7,0.03155023756
07/12/2020,FEU,Z01,8,0.083493776
07/12/2020,FEU,Z02,8,0.03565889494
07/12/2020,FEU,Z03,8,0.03820512788
07/12/2020,FEU,Z01,9,0.08241208052
07/12/2020,FEU,Z02,9,0.03486010634
07/12/2020,FEU,Z03,9,0.03715759844
07/13/2020,FEU,Z01,1,0.09371353632
07/13/2020,FEU,Z02,1,0.04566653918
07/13/2020,FEU,Z03,1,0.0485380862
07/13/2020,FEU,Z01,10,0.0954417275
07/13/2020,FEU,Z02,10,0.04804750608
07/13/2020,FEU,Z03,10,0.05041552242
07/13/2020,FEU,Z01,11,0.0924256025
07/13/2020,FEU,Z02,11,0.0450710881
07/13/2020,FEU,Z03,11,0.04734924944
07/13/2020,FEU,Z01,12,0.09066851756
07/13/2020,FEU,Z02,12,0.04344346212
07/13/2020,FEU,Z03,12,0.04563657548
07/13/2020,FEU,Z01,13,0.09140567948
07/13/2020,FEU,Z02,13,0.04407560208
07/13/2020,FEU,Z03,13,0.04632289742
07/13/2020,FEU,Z01,14,0.09193188956
07/13/2020,FEU,Z02,14,0.11037833742
07/13/2020,FEU,Z03,14,0.11037833742
07/13/2020,FEU,Z01,15,0.0916268525
07/13/2020,FEU,Z02,15,0.11006990536
07/13/2020,FEU,Z03,15,0.11006990536
07/13/2020,FEU,Z01,16,0.08994447344
07/13/2020,FEU,Z02,16,0.1083767273
07/13/2020,FEU,Z03,16,0.1083767273
07/13/2020,FEU,Z01,17,0.09110841548
07/13/2020,FEU,Z02,17,0.10954812534
07/13/2020,FEU,Z03,17,0.10954812534
07/13/2020,FEU,Z01,18,0.09473398952
07/13/2020,FEU,Z02,18,0.11319651338
07/13/2020,FEU,Z03,18,0.11319651338
07/13/2020,FEU,Z01,19,0.0934077275
07/13/2020,FEU,Z02,19,0.11186299336
07/13/2020,FEU,Z03,19,0.11186299336
07/13/2020,FEU,Z01,2,0.08613936226
07/13/2020,FEU,Z02,2,0.03832806214
07/13/2020,FEU,Z03,2,0.0359315427
07/13/2020,FEU,Z01,20,0.0935356674
07/13/2020,FEU,Z02,20,0.11198994926
07/13/2020,FEU,Z03,20,0.11198994926
07/13/2020,FEU,Z01,21,0.09675100928
07/13/2020,FEU,Z02,21,0.11522434214
07/13/2020,FEU,Z03,21,0.11522434214
07/13/2020,FEU,Z01,22,0.09695972422
07/13/2020,FEU,Z02,22,0.11548052906
07/13/2020,FEU,Z03,22,0.11548052906
07/13/2020,FEU,Z01,23,0.09704126018
07/13/2020,FEU,Z02,23,0.11556227102
07/13/2020,FEU,Z03,23,0.11556227102
07/13/2020,FEU,Z01,24,0.09296375594
07/13/2020,FEU,Z02,24,0.04528538066
07/13/2020,FEU,Z03,24,0.04786264484
07/13/2020,FEU,Z01,3,0.0837456062
07/13/2020,FEU,Z02,3,0.0359844621
07/13/2020,FEU,Z03,3,0.03364758766
07/13/2020,FEU,Z01,4,0.08408030618
07/13/2020,FEU,Z02,4,0.03630503908
07/13/2020,FEU,Z03,4,0.03393130566
07/13/2020,FEU,Z01,5,0.08398926622
07/13/2020,FEU,Z02,5,0.03622266512
07/13/2020,FEU,Z03,5,0.03387828568
07/13/2020,FEU,Z01,6,0.08526332832
07/13/2020,FEU,Z02,6,0.03752322218
07/13/2020,FEU,Z03,6,0.03514634374
07/13/2020,FEU,Z01,7,0.09422139256
07/13/2020,FEU,Z02,7,0.04630071736
07/13/2020,FEU,Z03,7,0.04377886988
07/13/2020,FEU,Z01,8,0.09892470872
07/13/2020,FEU,Z02,8,0.0509049775
07/13/2020,FEU,Z03,8,0.05380763062
07/13/2020,FEU,Z01,9,0.0959222274
07/13/2020,FEU,Z02,9,0.04841913602
07/13/2020,FEU,Z03,9,0.05087892932
07/14/2020,FEU,Z01,1,0.09298493256
07/14/2020,FEU,Z02,1,0.04510532536
07/14/2020,FEU,Z03,1,0.04781212846
07/14/2020,FEU,Z01,10,0.09357405658
07/14/2020,FEU,Z02,10,0.04628036614
07/14/2020,FEU,Z03,10,0.0485562275
07/14/2020,FEU,Z01,11,0.09303705956
07/14/2020,FEU,Z02,11,0.04571419214
07/14/2020,FEU,Z03,11,0.0479734775
07/14/2020,FEU,Z01,12,0.09336891358
07/14/2020,FEU,Z02,12,0.04608034714
07/14/2020,FEU,Z03,12,0.0483503525
07/14/2020,FEU,Z01,13,0.0940591025
07/14/2020,FEU,Z02,13,0.04670161808
07/14/2020,FEU,Z03,13,0.04902798142
07/14/2020,FEU,Z01,14,0.09434755556
07/14/2020,FEU,Z02,14,0.11280794542
07/14/2020,FEU,Z03,14,0.11280794542
07/14/2020,FEU,Z01,15,0.09402586952
07/14/2020,FEU,Z02,15,0.11248398338
07/14/2020,FEU,Z03,15,0.11248398338
07/14/2020,FEU,Z01,16,0.09350556944
07/14/2020,FEU,Z02,16,0.11200392928
07/14/2020,FEU,Z03,16,0.11200392928
07/14/2020,FEU,Z01,17,0.0929746025
07/14/2020,FEU,Z02,17,0.11142604136
07/14/2020,FEU,Z03,17,0.11142604136
07/14/2020,FEU,Z01,18,0.09565791752
07/14/2020,FEU,Z02,18,0.11412619538
07/14/2020,FEU,Z03,18,0.11412619538
07/14/2020,FEU,Z01,19,0.09482421548
07/14/2020,FEU,Z02,19,0.11328702534
07/14/2020,FEU,Z03,19,0.11328702534
07/14/2020,FEU,Z01,2,0.08773066448
07/14/2020,FEU,Z02,2,0.0399877773
07/14/2020,FEU,Z03,2,0.03757961384
07/14/2020,FEU,Z01,20,0.0944419274
07/14/2020,FEU,Z02,20,0.11294658124
07/14/2020,FEU,Z03,20,0.11294658124
07/14/2020,FEU,Z01,21,0.09283838726
07/14/2020,FEU,Z02,21,0.1113305621
07/14/2020,FEU,Z03,21,0.1113305621
07/14/2020,FEU,Z01,22,0.09400318116
07/14/2020,FEU,Z02,22,0.112503877
07/14/2020,FEU,Z03,22,0.112503877
07/14/2020,FEU,Z01,23,0.09263896912
07/14/2020,FEU,Z02,23,0.11112980096
07/14/2020,FEU,Z03,23,0.11112980096
07/14/2020,FEU,Z01,24,0.0903517169
07/14/2020,FEU,Z02,24,0.04274963362
07/14/2020,FEU,Z03,24,0.0452317368
07/14/2020,FEU,Z01,3,0.08587911842
07/14/2020,FEU,Z02,3,0.03816123226
07/14/2020,FEU,Z03,3,0.0357976978
07/14/2020,FEU,Z01,4,0.08599853538
07/14/2020,FEU,Z02,4,0.03827116122
07/14/2020,FEU,Z03,4,0.03587358978
07/14/2020,FEU,Z01,5,0.0851723964
07/14/2020,FEU,Z02,5,0.03747704524
07/14/2020,FEU,Z03,5,0.03512921978
07/14/2020,FEU,Z01,6,0.08473421648
07/14/2020,FEU,Z02,6,0.0370957973
07/14/2020,FEU,Z03,6,0.03475642984
07/14/2020,FEU,Z01,7,0.08545379068
07/14/2020,FEU,Z02,7,0.03788001946
07/14/2020,FEU,Z03,7,0.03557914196
07/14/2020,FEU,Z01,8,0.0859946168
07/14/2020,FEU,Z02,8,0.03844996756
07/14/2020,FEU,Z03,8,0.0408370067
07/14/2020,FEU,Z01,9,0.09033147548
07/14/2020,FEU,Z02,9,0.04306725806
07/14/2020,FEU,Z03,9,0.0452833574
07/15/2020,FEU,Z01,1,0.09386820848
07/15/2020,FEU,Z02,1,0.04587170932
07/15/2020,FEU,Z03,1,0.04868406138
07/15/2020,FEU,Z01,10,0.09072895858
07/15/2020,FEU,Z02,10,0.04346855416
07/15/2020,FEU,Z03,10,0.04566291352
07/15/2020,FEU,Z01,11,0.08760433556
07/15/2020,FEU,Z02,11,0.04042079314
07/15/2020,FEU,Z03,11,0.0425262275
07/15/2020,FEU,Z01,12,0.08375297558
07/15/2020,FEU,Z02,12,0.03670350014
07/15/2020,FEU,Z03,12,0.0387001025
07/15/2020,FEU,Z01,13,0.08965700148
07/15/2020,FEU,Z02,13,0.04237351408
07/15/2020,FEU,Z03,13,0.0446064874
07/15/2020,FEU,Z01,14,0.09182634954
07/15/2020,FEU,Z02,14,0.1102720174
07/15/2020,FEU,Z03,14,0.1102720174
07/15/2020,FEU,Z01,15,0.08975946748
07/15/2020,FEU,Z02,15,0.10819079134
07/15/2020,FEU,Z03,15,0.10819079134
07/15/2020,FEU,Z01,16,0.09037468542
07/15/2020,FEU,Z02,16,0.10885069226
07/15/2020,FEU,Z03,16,0.10885069226
07/15/2020,FEU,Z01,17,0.09088763746
07/15/2020,FEU,Z02,17,0.10932585932
07/15/2020,FEU,Z03,17,0.10932585932
07/15/2020,FEU,Z01,18,0.08915367948
07/15/2020,FEU,Z02,18,0.10758123734
07/15/2020,FEU,Z03,18,0.10758123734
07/15/2020,FEU,Z01,19,0.08362186846
07/15/2020,FEU,Z02,19,0.10201496132
07/15/2020,FEU,Z03,19,0.10201496132
07/15/2020,FEU,Z01,2,0.08514931742
07/15/2020,FEU,Z02,2,0.03742643328
07/15/2020,FEU,Z03,2,0.0351094978
07/15/2020,FEU,Z01,20,0.08553288936
07/15/2020,FEU,Z02,20,0.1039742372
07/15/2020,FEU,Z03,20,0.1039742372
07/15/2020,FEU,Z01,21,0.0909185972
07/15/2020,FEU,Z02,21,0.10939682504
07/15/2020,FEU,Z03,21,0.10939682504
07/15/2020,FEU,Z01,22,0.0945535371
07/15/2020,FEU,Z02,22,0.11305643994
07/15/2020,FEU,Z03,22,0.11305643994
07/15/2020,FEU,Z01,23,0.09447891906
07/15/2020,FEU,Z02,23,0.1129809719
07/15/2020,FEU,Z03,23,0.1129809719
07/15/2020,FEU,Z01,24,0.08874699182
07/15/2020,FEU,Z02,24,0.04115062156
07/15/2020,FEU,Z03,24,0.04360500872
07/15/2020,FEU,Z01,3,0.0837705564
07/15/2020,FEU,Z02,3,0.03612510124
07/15/2020,FEU,Z03,3,0.03381046278
07/15/2020,FEU,Z01,4,0.08363461436
07/15/2020,FEU,Z02,4,0.03595785222
07/15/2020,FEU,Z03,4,0.03364772176
07/15/2020,FEU,Z01,5,0.08366015538
07/15/2020,FEU,Z02,5,0.03598626524
07/15/2020,FEU,Z03,5,0.03367492078
07/15/2020,FEU,Z01,6,0.08373108848
07/15/2020,FEU,Z02,6,0.0361276423
07/15/2020,FEU,Z03,6,0.03381130584
07/15/2020,FEU,Z01,7,0.08481362666
07/15/2020,FEU,Z02,7,0.03725855344
07/15/2020,FEU,Z03,7,0.03497308994
07/15/2020,FEU,Z01,8,0.0852290168
07/15/2020,FEU,Z02,8,0.03771056956
07/15/2020,FEU,Z03,8,0.0400681067
07/15/2020,FEU,Z01,9,0.08828553348
07/15/2020,FEU,Z02,9,0.04103749008
07/15/2020,FEU,Z03,9,0.0432301474
07/16/2020,FEU,Z01,1,0.0945766515
07/16/2020,FEU,Z02,1,0.04659746932
07/16/2020,FEU,Z03,1,0.0493992964
07/16/2020,FEU,Z01,10,0.0936440976
07/16/2020,FEU,Z02,10,0.04630992518
07/16/2020,FEU,Z03,10,0.04858956954
07/16/2020,FEU,Z01,11,0.09347015156
07/16/2020,FEU,Z02,11,0.04613609014
07/16/2020,FEU,Z03,11,0.0484077275
07/16/2020,FEU,Z01,12,0.09343649156
07/16/2020,FEU,Z02,12,0.04610220714
07/16/2020,FEU,Z03,12,0.04841441748
07/16/2020,FEU,Z01,13,0.09462792944
07/16/2020,FEU,Z02,13,0.04720662604
07/16/2020,FEU,Z03,13,0.04958756136
07/16/2020,FEU,Z01,14,0.0969829775
07/16/2020,FEU,Z02,14,0.11550657234
07/16/2020,FEU,Z03,14,0.11550657234
07/16/2020,FEU,Z01,15,0.09620822842
07/16/2020,FEU,Z02,15,0.11467920928
07/16/2020,FEU,Z03,15,0.11467920928
07/16/2020,FEU,Z01,16,0.09515133634
07/16/2020,FEU,Z02,16,0.1136152172
07/16/2020,FEU,Z03,16,0.1136152172
07/16/2020,FEU,Z01,17,0.09485568642
07/16/2020,FEU,Z02,17,0.11336344526
07/16/2020,FEU,Z03,17,0.11336344526
07/16/2020,FEU,Z01,18,0.09431885744
07/16/2020,FEU,Z02,18,0.1127782573
07/16/2020,FEU,Z03,18,0.1127782573
07/16/2020,FEU,Z01,19,0.09369846142
07/16/2020,FEU,Z02,19,0.11215388128
07/16/2020,FEU,Z03,19,0.11215388128
07/16/2020,FEU,Z01,2,0.09039724546
07/16/2020,FEU,Z02,2,0.0425233673
07/16/2020,FEU,Z03,2,0.04008912782
07/16/2020,FEU,Z01,20,0.09375310528
07/16/2020,FEU,Z02,20,0.11225188112
07/16/2020,FEU,Z03,20,0.11225188112
07/16/2020,FEU,Z01,21,0.09406782512
07/16/2020,FEU,Z02,21,0.11256749696
07/16/2020,FEU,Z03,21,0.11256749696
07/16/2020,FEU,Z01,22,0.09488874908
07/16/2020,FEU,Z02,22,0.1134383519
07/16/2020,FEU,Z03,22,0.1134383519
07/16/2020,FEU,Z01,23,0.09447583704
07/16/2020,FEU,Z02,23,0.11302179286
07/16/2020,FEU,Z03,23,0.11302179286
07/16/2020,FEU,Z01,24,0.09290883076
07/16/2020,FEU,Z02,24,0.04513379352
07/16/2020,FEU,Z03,24,0.04777346666
07/16/2020,FEU,Z01,3,0.08506731844
07/16/2020,FEU,Z02,3,0.03737985728
07/16/2020,FEU,Z03,3,0.0350650978
07/16/2020,FEU,Z01,4,0.08531673542
07/16/2020,FEU,Z02,4,0.03761888326
07/16/2020,FEU,Z03,4,0.0352682278
07/16/2020,FEU,Z01,5,0.08476810644
07/16/2020,FEU,Z02,5,0.03709244928
07/16/2020,FEU,Z03,5,0.03475261982
07/16/2020,FEU,Z01,6,0.0854633515
07/16/2020,FEU,Z02,6,0.03780216532
07/16/2020,FEU,Z03,6,0.03547552184
07/16/2020,FEU,Z01,7,0.08647170868
07/16/2020,FEU,Z02,7,0.03886389046
07/16/2020,FEU,Z03,7,0.03654118796
07/16/2020,FEU,Z01,8,0.09415100684
07/16/2020,FEU,Z02,8,0.04638461958
07/16/2020,FEU,Z03,8,0.04903612074
07/16/2020,FEU,Z01,9,0.0928947275
07/16/2020,FEU,Z02,9,0.0455266081
07/16/2020,FEU,Z03,9,0.04781962544
07/17/2020,FEU,Z01,1,0.09384351248
07/17/2020,FEU,Z02,1,0.0458875073
07/17/2020,FEU,Z03,1,0.04865926038
07/17/2020,FEU,Z01,10,0.08777905754
07/17/2020,FEU,Z02,10,0.04058921612
07/17/2020,FEU,Z03,10,0.04273307846
07/17/2020,FEU,Z01,11,0.0868984775
07/17/2020,FEU,Z02,11,0.0396902581
07/17/2020,FEU,Z03,11,0.04180738544
07/17/2020,FEU,Z01,12,0.08681428552
07/17/2020,FEU,Z02,12,0.0396464581
07/17/2020,FEU,Z03,12,0.04176113744
07/17/2020,FEU,Z01,13,0.09039726542
07/17/2020,FEU,Z02,13,0.04308568902
07/17/2020,FEU,Z03,13,0.04533815234
07/17/2020,FEU,Z01,14,0.09314163746
07/17/2020,FEU,Z02,14,0.11159385932
07/17/2020,FEU,Z03,14,0.11159385932
07/17/2020,FEU,Z01,15,0.09291945142
07/17/2020,FEU,Z02,15,0.11137004128
07/17/2020,FEU,Z03,15,0.11137004128
07/17/2020,FEU,Z01,16,0.09166946136
07/17/2020,FEU,Z02,16,0.11011194722
07/17/2020,FEU,Z03,16,0.11011194722
07/17/2020,FEU,Z01,17,0.09096305744
07/17/2020,FEU,Z02,17,0.10944338528
07/17/2020,FEU,Z03,17,0.10944338528
07/17/2020,FEU,Z01,18,0.09039513846
07/17/2020,FEU,Z02,18,0.10883030132
07/17/2020,FEU,Z03,18,0.10883030132
07/17/2020,FEU,Z01,19,0.08899356944
07/17/2020,FEU,Z02,19,0.10745992928
07/17/2020,FEU,Z03,19,0.10745992928
07/17/2020,FEU,Z01,2,0.08774428746
07/17/2020,FEU,Z02,2,0.03999833728
07/17/2020,FEU,Z03,2,0.03758944182
07/17/2020,FEU,Z01,20,0.0923371173
07/17/2020,FEU,Z02,20,0.11082722114
07/17/2020,FEU,Z03,20,0.11082722114
07/17/2020,FEU,Z01,21,0.09364117814
07/17/2020,FEU,Z02,21,0.11213802698
07/17/2020,FEU,Z03,21,0.11213802698
07/17/2020,FEU,Z01,22,0.09487463406
07/17/2020,FEU,Z02,22,0.11342392088
07/17/2020,FEU,Z03,22,0.11342392088
07/17/2020,FEU,Z01,23,0.09507497798
07/17/2020,FEU,Z02,23,0.1136250168
07/17/2020,FEU,Z03,23,0.1136250168
07/17/2020,FEU,Z01,24,0.0947149617
07/17/2020,FEU,Z02,24,0.04683272748
07/17/2020,FEU,Z03,24,0.0495760166
07/17/2020,FEU,Z01,3,0.08427567842
07/17/2020,FEU,Z02,3,0.03661491226
07/17/2020,FEU,Z03,3,0.0342869878
07/17/2020,FEU,Z01,4,0.08427567842
07/17/2020,FEU,Z02,4,0.03661491226
07/17/2020,FEU,Z03,4,0.0342869878
07/17/2020,FEU,Z01,5,0.08426510044
07/17/2020,FEU,Z02,5,0.03660737728
07/17/2020,FEU,Z03,5,0.03428018582
07/17/2020,FEU,Z01,6,0.08492796252
07/17/2020,FEU,Z02,6,0.03728699234
07/17/2020,FEU,Z03,6,0.03497272186
07/17/2020,FEU,Z01,7,0.0861277467
07/17/2020,FEU,Z02,7,0.03853410748
07/17/2020,FEU,Z03,7,0.03625025996
07/17/2020,FEU,Z01,8,0.0859830168
07/17/2020,FEU,Z02,8,0.03843874756
07/17/2020,FEU,Z03,8,0.0408253567
07/17/2020,FEU,Z01,9,0.08662806148
07/17/2020,FEU,Z02,9,0.03942417808
07/17/2020,FEU,Z03,9,0.0415667874
07/18/2020,FEU,Z01,1,0.09356895224
07/18/2020,FEU,Z02,1,0.04547876912
07/18/2020,FEU,Z03,1,0.04837634612
07/18/2020,FEU,Z01,10,0.08530480202
07/18/2020,FEU,Z02,10,0.03790976572
07/18/2020,FEU,Z03,10,0.04015316094
07/18/2020,FEU,Z01,11,0.08528762512
07/18/2020,FEU,Z02,11,0.0379392178
07/18/2020,FEU,Z03,11,0.04018700702
07/18/2020,FEU,Z01,12,0.08536623516
07/18/2020,FEU,Z02,12,0.03805342182
07/18/2020,FEU,Z03,12,0.04024086908
07/18/2020,FEU,Z01,13,0.0899151421
07/18/2020,FEU,Z02,13,0.04242651178
07/18/2020,FEU,Z03,13,0.04479449702
07/18/2020,FEU,Z01,14,0.0913586372
07/18/2020,FEU,Z02,14,0.10983995304
07/18/2020,FEU,Z03,14,0.10983995304
07/18/2020,FEU,Z01,15,0.09189390716
07/18/2020,FEU,Z02,15,0.11042073498
07/18/2020,FEU,Z03,15,0.11042073498
07/18/2020,FEU,Z01,16,0.086321677
07/18/2020,FEU,Z02,16,0.10480341582
07/18/2020,FEU,Z03,16,0.10480341582
07/18/2020,FEU,Z01,17,0.08506006502
07/18/2020,FEU,Z02,17,0.10349621186
07/18/2020,FEU,Z03,17,0.10349621186
07/18/2020,FEU,Z01,18,0.08554273712
07/18/2020,FEU,Z02,18,0.10402037894
07/18/2020,FEU,Z03,18,0.10402037894
07/18/2020,FEU,Z01,19,0.09332904308
07/18/2020,FEU,Z02,19,0.1118663969
07/18/2020,FEU,Z03,19,0.1118663969
07/18/2020,FEU,Z01,2,0.08889032422
07/18/2020,FEU,Z02,2,0.04093823312
07/18/2020,FEU,Z03,2,0.03847843768
07/18/2020,FEU,Z01,20,0.09716749598
07/18/2020,FEU,Z02,20,0.1157338968
07/18/2020,FEU,Z03,20,0.1157338968
07/18/2020,FEU,Z01,21,0.09794808884
07/18/2020,FEU,Z02,21,0.11652021266
07/18/2020,FEU,Z03,21,0.11652021266
07/18/2020,FEU,Z01,22,0.09735751178
07/18/2020,FEU,Z02,22,0.1159232366
07/18/2020,FEU,Z03,22,0.1159232366
07/18/2020,FEU,Z01,23,0.09919708472
07/18/2020,FEU,Z02,23,0.11777639654
07/18/2020,FEU,Z03,23,0.11777639654
07/18/2020,FEU,Z01,24,0.09814393938
07/18/2020,FEU,Z02,24,0.04998463722
07/18/2020,FEU,Z03,24,0.05295901228
07/18/2020,FEU,Z01,3,0.08559441622
07/18/2020,FEU,Z02,3,0.03776706512
07/18/2020,FEU,Z03,3,0.03538600168
07/18/2020,FEU,Z01,4,0.08543566418
07/18/2020,FEU,Z02,4,0.03760804108
07/18/2020,FEU,Z03,4,0.03520133466
07/18/2020,FEU,Z01,5,0.0847237862
07/18/2020,FEU,Z02,5,0.0369267971
07/18/2020,FEU,Z03,5,0.03456576166
07/18/2020,FEU,Z01,6,0.08441422424
07/18/2020,FEU,Z02,6,0.03666424912
07/18/2020,FEU,Z03,6,0.03430906168
07/18/2020,FEU,Z01,7,0.08457513028
07/18/2020,FEU,Z02,7,0.03682442916
07/18/2020,FEU,Z03,7,0.03446416572
07/18/2020,FEU,Z01,8,0.08600641826
07/18/2020,FEU,Z02,8,0.03820004614
07/18/2020,FEU,Z03,8,0.04074881616
07/18/2020,FEU,Z01,9,0.08504050982
07/18/2020,FEU,Z02,9,0.03753096158
07/18/2020,FEU,Z03,9,0.03985074674
07/19/2020,FEU,Z01,1,0.09943556996
07/19/2020,FEU,Z02,1,0.0509721469
07/19/2020,FEU,Z03,1,0.05422018384
07/19/2020,FEU,Z01,10,0.08452031074
07/19/2020,FEU,Z02,10,0.0370168525
07/19/2020,FEU,Z03,10,0.03934510464
07/19/2020,FEU,Z01,11,0.08437053884
07/19/2020,FEU,Z02,11,0.03691553258
07/19/2020,FEU,Z03,11,0.03921342274
07/19/2020,FEU,Z01,12,0.08397124486
07/19/2020,FEU,Z02,12,0.0365328976
07/19/2020,FEU,Z03,12,0.03878522378
07/19/2020,FEU,Z01,13,0.08524079276
07/19/2020,FEU,Z02,13,0.03771651752
07/19/2020,FEU,Z03,13,0.04004056268
07/19/2020,FEU,Z01,14,0.08486307296
07/19/2020,FEU,Z02,14,0.10333312778
07/19/2020,FEU,Z03,14,0.10333312778
07/19/2020,FEU,Z01,15,0.08474632494
07/19/2020,FEU,Z02,15,0.10317987578
07/19/2020,FEU,Z03,15,0.10317987578
07/19/2020,FEU,Z01,16,0.08328977186
07/19/2020,FEU,Z02,16,0.10174692468
07/19/2020,FEU,Z03,16,0.10174692468
07/19/2020,FEU,Z01,17,0.08291597288
07/19/2020,FEU,Z02,17,0.1013703367
07/19/2020,FEU,Z03,17,0.1013703367
07/19/2020,FEU,Z01,18,0.08356334694
07/19/2020,FEU,Z02,18,0.10202428476
07/19/2020,FEU,Z03,18,0.10202428476
07/19/2020,FEU,Z01,19,0.08778088692
07/19/2020,FEU,Z02,19,0.10627343074
07/19/2020,FEU,Z03,19,0.10627343074
07/19/2020,FEU,Z01,2,0.09733096988
07/19/2020,FEU,Z02,2,0.04886058886
07/19/2020,FEU,Z03,2,0.04609712948
07/19/2020,FEU,Z01,20,0.09519783884
07/19/2020,FEU,Z02,20,0.11374742066
07/19/2020,FEU,Z03,20,0.11374742066
07/19/2020,FEU,Z01,21,0.09635299876
07/19/2020,FEU,Z02,21,0.11495707656
07/19/2020,FEU,Z03,21,0.11495707656
07/19/2020,FEU,Z01,22,0.09651448484
07/19/2020,FEU,Z02,22,0.11507429966
07/19/2020,FEU,Z03,22,0.11507429966
07/19/2020,FEU,Z01,23,0.09921672888
07/19/2020,FEU,Z02,23,0.1177980017
07/19/2020,FEU,Z03,23,0.1177980017
07/19/2020,FEU,Z01,24,0.09592686758
07/19/2020,FEU,Z02,24,0.04795035538
07/19/2020,FEU,Z03,24,0.05077040048
07/19/2020,FEU,Z01,3,0.09342473588
07/19/2020,FEU,Z02,3,0.04511306586
07/19/2020,FEU,Z03,3,0.04245114148
07/19/2020,FEU,Z01,4,0.0907050609
07/19/2020,FEU,Z02,4,0.04254105486
07/19/2020,FEU,Z03,4,0.03994691748
07/19/2020,FEU,Z01,5,0.08797690396
07/19/2020,FEU,Z02,5,0.03992885092
07/19/2020,FEU,Z03,5,0.03743620952
07/19/2020,FEU,Z01,6,0.08761261204
07/19/2020,FEU,Z02,6,0.03965267296
07/19/2020,FEU,Z03,6,0.03716584756
07/19/2020,FEU,Z01,7,0.08690699004
07/19/2020,FEU,Z02,7,0.03897529696
07/19/2020,FEU,Z03,7,0.03650498956
07/19/2020,FEU,Z01,8,0.086283776
07/19/2020,FEU,Z02,8,0.03833961994
07/19/2020,FEU,Z03,8,0.04100907788
07/19/2020,FEU,Z01,9,0.08471312052
07/19/2020,FEU,Z02,9,0.03708078634
07/19/2020,FEU,Z03,9,0.03946647844
07/20/2020,FEU,Z01,1,0.09064934432
07/20/2020,FEU,Z02,1,0.04271249018
07/20/2020,FEU,Z03,1,0.0454571762
07/20/2020,FEU,Z01,10,0.0955441025
07/20/2020,FEU,Z02,10,0.04814833808
07/20/2020,FEU,Z03,10,0.05051826142
07/20/2020,FEU,Z01,11,0.0932941025
07/20/2020,FEU,Z02,11,0.0459164281
07/20/2020,FEU,Z03,11,0.04822006544
07/20/2020,FEU,Z01,12,0.09326482556
07/20/2020,FEU,Z02,12,0.04597607212
07/20/2020,FEU,Z03,12,0.04824213948
07/20/2020,FEU,Z01,13,0.09527011148
07/20/2020,FEU,Z02,13,0.04783597808
07/20/2020,FEU,Z03,13,0.05019762542
07/20/2020,FEU,Z01,14,0.09534950156
07/20/2020,FEU,Z02,14,0.11381614242
07/20/2020,FEU,Z03,14,0.11381614242
07/20/2020,FEU,Z01,15,0.0952122275
07/20/2020,FEU,Z02,15,0.11367872136
07/20/2020,FEU,Z03,15,0.11367872136
07/20/2020,FEU,Z01,16,0.09459296144
07/20/2020,FEU,Z02,16,0.1130551973
07/20/2020,FEU,Z03,16,0.1130551973
07/20/2020,FEU,Z01,17,0.09302937148
07/20/2020,FEU,Z02,17,0.11148102334
07/20/2020,FEU,Z03,17,0.11148102334
07/20/2020,FEU,Z01,18,0.09262311752
07/20/2020,FEU,Z02,18,0.11107249538
07/20/2020,FEU,Z03,18,0.11107249538
07/20/2020,FEU,Z01,19,0.0960121025
07/20/2020,FEU,Z02,19,0.11448244136
07/20/2020,FEU,Z03,19,0.11448244136
07/20/2020,FEU,Z01,2,0.08566931026
07/20/2020,FEU,Z02,2,0.03787543414
07/20/2020,FEU,Z03,2,0.0354911177
07/20/2020,FEU,Z01,20,0.0969200174
07/20/2020,FEU,Z02,20,0.11539526426
07/20/2020,FEU,Z03,20,0.11539526426
07/20/2020,FEU,Z01,21,0.09833118528
07/20/2020,FEU,Z02,21,0.11681425514
07/20/2020,FEU,Z03,21,0.11681425514
07/20/2020,FEU,Z01,22,0.09890285822
07/20/2020,FEU,Z02,22,0.11743731106
07/20/2020,FEU,Z03,22,0.11743731106
07/20/2020,FEU,Z01,23,0.09890565418
07/20/2020,FEU,Z02,23,0.11744088602
07/20/2020,FEU,Z03,23,0.11744088602
07/20/2020,FEU,Z01,24,0.09594771994
07/20/2020,FEU,Z02,24,0.04817729366
07/20/2020,FEU,Z03,24,0.05086070684
07/20/2020,FEU,Z01,3,0.0843132362
07/20/2020,FEU,Z02,3,0.0365317721
07/20/2020,FEU,Z03,3,0.03418039666
07/20/2020,FEU,Z01,4,0.08461268318
07/20/2020,FEU,Z02,4,0.03681730108
07/20/2020,FEU,Z03,4,0.03442948766
07/20/2020,FEU,Z01,5,0.08444822022
07/20/2020,FEU,Z02,5,0.03666424912
07/20/2020,FEU,Z03,5,0.03430906168
07/20/2020,FEU,Z01,6,0.08508336032
07/20/2020,FEU,Z02,6,0.03734979018
07/20/2020,FEU,Z03,6,0.03497605474
07/20/2020,FEU,Z01,7,0.09412646056
07/20/2020,FEU,Z02,7,0.04620902536
07/20/2020,FEU,Z03,7,0.04368928388
07/20/2020,FEU,Z01,8,0.09736494872
07/20/2020,FEU,Z02,8,0.0493974775
07/20/2020,FEU,Z03,8,0.05224117062
07/20/2020,FEU,Z01,9,0.0965640674
07/20/2020,FEU,Z02,9,0.04904336802
07/20/2020,FEU,Z03,9,0.05152304132
07/21/2020,FEU,Z01,1,0.08941502056
07/21/2020,FEU,Z02,1,0.04165838536
07/21/2020,FEU,Z03,1,0.04422698646
07/21/2020,FEU,Z01,10,0.09548648258
07/21/2020,FEU,Z02,10,0.04814393114
07/21/2020,FEU,Z03,10,0.0504754775
07/21/2020,FEU,Z01,11,0.09492762956
07/21/2020,FEU,Z02,11,0.04755589714
07/21/2020,FEU,Z03,11,0.0498702275
07/21/2020,FEU,Z01,12,0.09458744058
07/21/2020,FEU,Z02,12,0.04726734514
07/21/2020,FEU,Z03,12,0.0495732275
07/21/2020,FEU,Z01,13,0.0952471025
07/21/2020,FEU,Z02,13,0.04785899408
07/21/2020,FEU,Z03,13,0.05022020542
07/21/2020,FEU,Z01,14,0.09508807556
07/21/2020,FEU,Z02,14,0.11355308542
07/21/2020,FEU,Z03,14,0.11355308542
07/21/2020,FEU,Z01,15,0.09532746152
07/21/2020,FEU,Z02,15,0.11379368138
07/21/2020,FEU,Z03,15,0.11379368138
07/21/2020,FEU,Z01,16,0.09467304944
07/21/2020,FEU,Z02,16,0.11318082528
07/21/2020,FEU,Z03,16,0.11318082528
07/21/2020,FEU,Z01,17,0.0951098525
07/21/2020,FEU,Z02,17,0.11357457736
07/21/2020,FEU,Z03,17,0.11357457736
07/21/2020,FEU,Z01,18,0.09520157352
07/21/2020,FEU,Z02,18,0.11366700938
07/21/2020,FEU,Z03,18,0.11366700938
07/21/2020,FEU,Z01,19,0.09739599948
07/21/2020,FEU,Z02,19,0.11587479734
07/21/2020,FEU,Z03,19,0.11587479734
07/21/2020,FEU,Z01,2,0.08535514448
07/21/2020,FEU,Z02,2,0.0376950773
07/21/2020,FEU,Z03,2,0.03534034584
07/21/2020,FEU,Z01,20,0.1003043674
07/21/2020,FEU,Z02,20,0.11885052524
07/21/2020,FEU,Z03,20,0.11885052524
07/21/2020,FEU,Z01,21,0.09948756326
07/21/2020,FEU,Z02,21,0.1180265221
07/21/2020,FEU,Z03,21,0.1180265221
07/21/2020,FEU,Z01,22,0.09852550116
07/21/2020,FEU,Z02,22,0.117056727
07/21/2020,FEU,Z03,22,0.117056727
07/21/2020,FEU,Z01,23,0.09800547312
07/21/2020,FEU,Z02,23,0.11653268096
07/21/2020,FEU,Z03,23,0.11653268096
07/21/2020,FEU,Z01,24,0.0966129719
07/21/2020,FEU,Z02,24,0.04881685162
07/21/2020,FEU,Z03,24,0.0515200968
07/21/2020,FEU,Z01,3,0.08422733942
07/21/2020,FEU,Z02,3,0.03656829526
07/21/2020,FEU,Z03,3,0.0342425878
07/21/2020,FEU,Z01,4,0.08471596938
07/21/2020,FEU,Z02,4,0.03703420722
07/21/2020,FEU,Z03,4,0.03466704378
07/21/2020,FEU,Z01,5,0.0847416964
07/21/2020,FEU,Z02,5,0.03706053724
07/21/2020,FEU,Z03,5,0.03472370478
07/21/2020,FEU,Z01,6,0.08570206448
07/21/2020,FEU,Z02,6,0.0380287673
07/21/2020,FEU,Z03,6,0.03566720584
07/21/2020,FEU,Z01,7,0.09258038268
07/21/2020,FEU,Z02,7,0.04476711646
07/21/2020,FEU,Z03,7,0.04231456596
07/21/2020,FEU,Z01,8,0.0971108968
07/21/2020,FEU,Z02,8,0.04920321556
07/21/2020,FEU,Z03,8,0.0520012017
07/21/2020,FEU,Z01,9,0.09601327148
07/21/2020,FEU,Z02,9,0.04860162306
07/21/2020,FEU,Z03,9,0.0509853374
07/22/2020,FEU,Z01,1,0.10024330448
07/22/2020,FEU,Z02,1,0.05202025732
07/22/2020,FEU,Z03,1,0.05508626238
07/22/2020,FEU,Z01,10,0.09938980458
07/22/2020,FEU,Z02,10,0.05190534616
07/22/2020,FEU,Z03,10,0.05434693752
07/22/2020,FEU,Z01,11,0.09878955356
07/22/2020,FEU,Z02,11,0.05131800314
07/22/2020,FEU,Z03,11,0.0537413525
07/22/2020,FEU,Z01,12,0.09853560258
07/22/2020,FEU,Z02,12,0.05111798414
07/22/2020,FEU,Z03,12,0.0535354775
07/22/2020,FEU,Z01,13,0.09893974548
07/22/2020,FEU,Z02,13,0.05140784208
07/22/2020,FEU,Z03,13,0.0539222074
07/22/2020,FEU,Z01,14,0.09826900054
07/22/2020,FEU,Z02,14,0.1167536974
07/22/2020,FEU,Z03,14,0.1167536974
07/22/2020,FEU,Z01,15,0.09772704348
07/22/2020,FEU,Z02,15,0.11620903234
07/22/2020,FEU,Z03,15,0.11620903234
07/22/2020,FEU,Z01,16,0.09674676142
07/22/2020,FEU,Z02,16,0.11526905726
07/22/2020,FEU,Z03,16,0.11526905726
07/22/2020,FEU,Z01,17,0.09751214346
07/22/2020,FEU,Z02,17,0.11599151132
07/22/2020,FEU,Z03,17,0.11599151132
07/22/2020,FEU,Z01,18,0.09649294748
07/22/2020,FEU,Z02,18,0.11496613134
07/22/2020,FEU,Z03,18,0.11496613134
07/22/2020,FEU,Z01,19,0.09959483946
07/22/2020,FEU,Z02,19,0.11808714332
07/22/2020,FEU,Z03,19,0.11808714332
07/22/2020,FEU,Z01,2,0.09978778142
07/22/2020,FEU,Z02,2,0.05153100928
07/22/2020,FEU,Z03,2,0.0488923678
07/22/2020,FEU,Z01,20,0.10173746936
07/22/2020,FEU,Z02,20,0.1202933372
07/22/2020,FEU,Z03,20,0.1202933372
07/22/2020,FEU,Z01,21,0.1021339172
07/22/2020,FEU,Z02,21,0.12069084904
07/22/2020,FEU,Z03,21,0.12069084904
07/22/2020,FEU,Z01,22,0.1002373171
07/22/2020,FEU,Z02,22,0.11878108494
07/22/2020,FEU,Z03,22,0.11878108494
07/22/2020,FEU,Z01,23,0.09998681306
07/22/2020,FEU,Z02,23,0.1185272819
07/22/2020,FEU,Z03,23,0.1185272819
07/22/2020,FEU,Z01,24,0.09861935382
07/22/2020,FEU,Z02,24,0.05070669556
07/22/2020,FEU,Z03,24,0.05351996072
07/22/2020,FEU,Z01,3,0.0980025364
07/22/2020,FEU,Z02,3,0.04985051924
07/22/2020,FEU,Z03,3,0.04720912278
07/22/2020,FEU,Z01,4,0.09856209236
07/22/2020,FEU,Z02,4,0.05034342222
07/22/2020,FEU,Z03,4,0.04769116976
07/22/2020,FEU,Z01,5,0.09877931738
07/22/2020,FEU,Z02,5,0.05055494124
07/22/2020,FEU,Z03,5,0.04789794278
07/22/2020,FEU,Z01,6,0.10032680048
07/22/2020,FEU,Z02,6,0.0521447623
07/22/2020,FEU,Z03,6,0.04944629384
07/22/2020,FEU,Z01,7,0.09964736366
07/22/2020,FEU,Z02,7,0.05159656144
07/22/2020,FEU,Z03,7,0.04899221994
07/22/2020,FEU,Z01,8,0.0996431768
07/22/2020,FEU,Z02,8,0.05165254156
07/22/2020,FEU,Z03,8,0.0545443967
07/22/2020,FEU,Z01,9,0.09912215748
07/22/2020,FEU,Z02,9,0.05158649008
07/22/2020,FEU,Z03,9,0.0541052674
07/23/2020,FEU,Z01,1,0.1019967765
07/23/2020,FEU,Z02,1,0.05375867932
07/23/2020,FEU,Z03,1,0.0568509964
07/23/2020,FEU,Z01,10,0.1006821776
07/23/2020,FEU,Z02,10,0.05316686018
07/23/2020,FEU,Z03,10,0.05564650154
07/23/2020,FEU,Z01,11,0.10088544956
07/23/2020,FEU,Z02,11,0.05335972714
07/23/2020,FEU,Z03,11,0.0558428525
07/23/2020,FEU,Z01,12,0.10120409756
07/23/2020,FEU,Z02,12,0.05367013914
07/23/2020,FEU,Z03,12,0.05620971548
07/23/2020,FEU,Z01,13,0.10209416144
07/23/2020,FEU,Z02,13,0.05447428804
07/23/2020,FEU,Z03,13,0.05708026936
07/23/2020,FEU,Z01,14,0.1012208525
07/23/2020,FEU,Z02,14,0.11977458334
07/23/2020,FEU,Z03,14,0.11977458334
07/23/2020,FEU,Z01,15,0.10212305942
07/23/2020,FEU,Z02,15,0.12063071328
07/23/2020,FEU,Z03,15,0.12063071328
07/23/2020,FEU,Z01,16,0.10054554934
07/23/2020,FEU,Z02,16,0.1190427572
07/23/2020,FEU,Z03,16,0.1190427572
07/23/2020,FEU,Z01,17,0.10080438742
07/23/2020,FEU,Z02,17,0.11935543526
07/23/2020,FEU,Z03,17,0.11935543526
07/23/2020,FEU,Z01,18,0.09978063344
07/23/2020,FEU,Z02,18,0.1182750623
07/23/2020,FEU,Z03,18,0.1182750623
07/23/2020,FEU,Z01,19,0.10081680642
07/23/2020,FEU,Z02,19,0.11931636128
07/23/2020,FEU,Z03,19,0.11931636128
07/23/2020,FEU,Z01,2,0.10145045246
07/23/2020,FEU,Z02,2,0.0531821523
07/23/2020,FEU,Z03,2,0.05050374682
07/23/2020,FEU,Z01,20,0.10183688128
07/23/2020,FEU,Z02,20,0.12039258512
07/23/2020,FEU,Z03,20,0.12039258512
07/23/2020,FEU,Z01,21,0.10241902512
07/23/2020,FEU,Z02,21,0.12097709696
07/23/2020,FEU,Z03,21,0.12097709696
07/23/2020,FEU,Z01,22,0.10101984908
07/23/2020,FEU,Z02,22,0.1196176019
07/23/2020,FEU,Z03,22,0.1196176019
07/23/2020,FEU,Z01,23,0.10095629704
07/23/2020,FEU,Z02,23,0.11955305786
07/23/2020,FEU,Z03,23,0.11955305786
07/23/2020,FEU,Z01,24,0.09827610876
07/23/2020,FEU,Z02,24,0.05032554952
07/23/2020,FEU,Z03,24,0.05316383966
07/23/2020,FEU,Z01,3,0.10019519444
07/23/2020,FEU,Z02,3,0.05196950528
07/23/2020,FEU,Z03,3,0.0493208278
07/23/2020,FEU,Z01,4,0.10057771142
07/23/2020,FEU,Z02,4,0.05233621126
07/23/2020,FEU,Z03,4,0.0496360678
07/23/2020,FEU,Z01,5,0.10054270444
07/23/2020,FEU,Z02,5,0.05230348928
07/23/2020,FEU,Z03,5,0.04960323882
07/23/2020,FEU,Z01,6,0.1005891265
07/23/2020,FEU,Z02,6,0.05240014732
07/23/2020,FEU,Z03,6,0.04973880584
07/23/2020,FEU,Z01,7,0.10058264068
07/23/2020,FEU,Z02,7,0.05250171746
07/23/2020,FEU,Z03,7,0.04987759196
07/23/2020,FEU,Z01,8,0.10134566084
07/23/2020,FEU,Z02,8,0.05334939258
07/23/2020,FEU,Z03,8,0.05626300274
07/23/2020,FEU,Z01,9,0.1013007275
07/23/2020,FEU,Z02,9,0.0537084481
07/23/2020,FEU,Z03,9,0.05624804144
07/24/2020,FEU,Z01,1,0.09497835248
07/24/2020,FEU,Z02,1,0.0469827823
07/24/2020,FEU,Z03,1,0.04979892538
07/24/2020,FEU,Z01,10,0.09832515054
07/24/2020,FEU,Z02,10,0.05086297012
07/24/2020,FEU,Z03,10,0.05331673546
07/24/2020,FEU,Z01,11,0.0978166025
07/24/2020,FEU,Z02,11,0.0503183281
07/24/2020,FEU,Z03,11,0.05275462544
07/24/2020,FEU,Z01,12,0.09793963752
07/24/2020,FEU,Z02,12,0.0504847681
07/24/2020,FEU,Z03,12,0.05292720944
07/24/2020,FEU,Z01,13,0.09868412542
07/24/2020,FEU,Z02,13,0.05115234902
07/24/2020,FEU,Z03,13,0.05365437234
07/24/2020,FEU,Z01,14,0.09921729446
07/24/2020,FEU,Z02,14,0.11770725332
07/24/2020,FEU,Z03,14,0.11770725332
07/24/2020,FEU,Z01,15,0.09891331242
07/24/2020,FEU,Z02,15,0.11740106528
07/24/2020,FEU,Z03,15,0.11740106528
07/24/2020,FEU,Z01,16,0.09771434136
07/24/2020,FEU,Z02,16,0.11619534622
07/24/2020,FEU,Z03,16,0.11619534622
07/24/2020,FEU,Z01,17,0.09770849744
07/24/2020,FEU,Z02,17,0.11623666528
07/24/2020,FEU,Z03,17,0.11623666528
07/24/2020,FEU,Z01,18,0.09398801446
07/24/2020,FEU,Z02,18,0.11244549332
07/24/2020,FEU,Z03,18,0.11244549332
07/24/2020,FEU,Z01,19,0.09175378544
07/24/2020,FEU,Z02,19,0.11023972128
07/24/2020,FEU,Z03,19,0.11023972128
07/24/2020,FEU,Z01,2,0.08841400046
07/24/2020,FEU,Z02,2,0.04064358528
07/24/2020,FEU,Z03,2,0.03822046282
07/24/2020,FEU,Z01,20,0.0941928423
07/24/2020,FEU,Z02,20,0.11269488314
07/24/2020,FEU,Z03,20,0.11269488314
07/24/2020,FEU,Z01,21,0.09517279814
07/24/2020,FEU,Z02,21,0.11368036698
07/24/2020,FEU,Z03,21,0.11368036698
07/24/2020,FEU,Z01,22,0.09515450206
07/24/2020,FEU,Z02,22,0.11370598488
07/24/2020,FEU,Z03,22,0.11370598488
07/24/2020,FEU,Z01,23,0.09577593698
07/24/2020,FEU,Z02,23,0.1143326168
07/24/2020,FEU,Z03,23,0.1143326168
07/24/2020,FEU,Z01,24,0.0937806317
07/24/2020,FEU,Z02,24,0.04592967548
07/24/2020,FEU,Z03,24,0.0486376766
07/24/2020,FEU,Z01,3,0.08686122542
07/24/2020,FEU,Z02,3,0.03910835326
07/24/2020,FEU,Z03,3,0.0367212178
07/24/2020,FEU,Z01,4,0.08710056242
07/24/2020,FEU,Z02,4,0.03933916426
07/24/2020,FEU,Z03,4,0.0369465478
07/24/2020,FEU,Z01,5,0.08708758844
07/24/2020,FEU,Z02,5,0.03932923328
07/24/2020,FEU,Z03,5,0.03693734982
07/24/2020,FEU,Z01,6,0.08717969452
07/24/2020,FEU,Z02,6,0.03946121934
07/24/2020,FEU,Z03,6,0.03709705486
07/24/2020,FEU,Z01,7,0.0884099817
07/24/2020,FEU,Z02,7,0.04073994148
07/24/2020,FEU,Z03,7,0.03841017996
07/24/2020,FEU,Z01,8,0.0949799768
07/24/2020,FEU,Z02,8,0.04714210156
07/24/2020,FEU,Z03,8,0.0498610967
07/24/2020,FEU,Z01,9,0.09759079748
07/24/2020,FEU,Z02,9,0.05009483408
07/24/2020,FEU,Z03,9,0.0525684674
07/25/2020,FEU,Z01,1,0.09378516824
07/25/2020,FEU,Z02,1,0.04568812112
07/25/2020,FEU,Z03,1,0.04859365412
07/25/2020,FEU,Z01,10,0.09759910202
07/25/2020,FEU,Z02,10,0.04982956572
07/25/2020,FEU,Z03,10,0.05249026094
07/25/2020,FEU,Z01,11,0.09490408912
07/25/2020,FEU,Z02,11,0.0472698778
07/25/2020,FEU,Z03,11,0.04984550102
07/25/2020,FEU,Z01,12,0.09449081516
07/25/2020,FEU,Z02,12,0.04691433182
07/25/2020,FEU,Z03,12,0.04939740908
07/25/2020,FEU,Z01,13,0.0944722421
07/25/2020,FEU,Z02,13,0.04684829178
07/25/2020,FEU,Z03,13,0.04936751702
07/25/2020,FEU,Z01,14,0.0956986172
07/25/2020,FEU,Z02,14,0.11421038904
07/25/2020,FEU,Z03,14,0.11421038904
07/25/2020,FEU,Z01,15,0.09282121116
07/25/2020,FEU,Z02,15,0.11135534698
07/25/2020,FEU,Z03,15,0.11135534698
07/25/2020,FEU,Z01,16,0.087523427
07/25/2020,FEU,Z02,16,0.10601457082
07/25/2020,FEU,Z03,16,0.10601457082
07/25/2020,FEU,Z01,17,0.08566673702
07/25/2020,FEU,Z02,17,0.10410710786
07/25/2020,FEU,Z03,17,0.10410710786
07/25/2020,FEU,Z01,18,0.08538028912
07/25/2020,FEU,Z02,18,0.10385549994
07/25/2020,FEU,Z03,18,0.10385549994
07/25/2020,FEU,Z01,19,0.08615049908
07/25/2020,FEU,Z02,19,0.1046326319
07/25/2020,FEU,Z03,19,0.1046326319
07/25/2020,FEU,Z01,2,0.08920422022
07/25/2020,FEU,Z02,2,0.04124024912
07/25/2020,FEU,Z03,2,0.03877306168
07/25/2020,FEU,Z01,20,0.08938443398
07/25/2020,FEU,Z02,20,0.1078899768
07/25/2020,FEU,Z03,20,0.1078899768
07/25/2020,FEU,Z01,21,0.09023696684
07/25/2020,FEU,Z02,21,0.10874799266
07/25/2020,FEU,Z03,21,0.10874799266
07/25/2020,FEU,Z01,22,0.09185321078
07/25/2020,FEU,Z02,22,0.1103762666
07/25/2020,FEU,Z03,22,0.1103762666
07/25/2020,FEU,Z01,23,0.09217700072
07/25/2020,FEU,Z02,23,0.11070320654
07/25/2020,FEU,Z03,23,0.11070320654
07/25/2020,FEU,Z01,24,0.08870893038
07/25/2020,FEU,Z02,24,0.04088402722
07/25/2020,FEU,Z03,24,0.04348405828
07/25/2020,FEU,Z01,3,0.08723642522
07/25/2020,FEU,Z02,3,0.03934692912
07/25/2020,FEU,Z03,3,0.03692608168
07/25/2020,FEU,Z01,4,0.09256856318
07/25/2020,FEU,Z02,4,0.04447258108
07/25/2020,FEU,Z03,4,0.04189216466
07/25/2020,FEU,Z01,5,0.0941224062
07/25/2020,FEU,Z02,5,0.0459700071
07/25/2020,FEU,Z03,5,0.04338894466
07/25/2020,FEU,Z01,6,0.09706642424
07/25/2020,FEU,Z02,6,0.04884670512
07/25/2020,FEU,Z03,6,0.04619446168
07/25/2020,FEU,Z01,7,0.09448416028
07/25/2020,FEU,Z02,7,0.04636583916
07/25/2020,FEU,Z03,7,0.04377163572
07/25/2020,FEU,Z01,8,0.09499675626
07/25/2020,FEU,Z02,8,0.04685712814
07/25/2020,FEU,Z03,8,0.04977583216
07/25/2020,FEU,Z01,9,0.09748932882
07/25/2020,FEU,Z02,9,0.04957162258
07/25/2020,FEU,Z03,9,0.05234252974
07/26/2020,FEU,Z01,1,0.09494489796
07/26/2020,FEU,Z02,1,0.0466570669
07/26/2020,FEU,Z03,1,0.04970588784
07/26/2020,FEU,Z01,10,0.08826400774
07/26/2020,FEU,Z02,10,0.0406371025
07/26/2020,FEU,Z03,10,0.04310489664
07/26/2020,FEU,Z01,11,0.08529925484
07/26/2020,FEU,Z02,11,0.03781457458
07/26/2020,FEU,Z03,11,0.04014614874
07/26/2020,FEU,Z01,12,0.08520460686
07/26/2020,FEU,Z02,12,0.0377268176
07/26/2020,FEU,Z03,12,0.04002284978
07/26/2020,FEU,Z01,13,0.08534653476
07/26/2020,FEU,Z02,13,0.03781880152
07/26/2020,FEU,Z03,13,0.04014666868
07/26/2020,FEU,Z01,14,0.08557616096
07/26/2020,FEU,Z02,14,0.10405178678
07/26/2020,FEU,Z03,14,0.10405178678
07/26/2020,FEU,Z01,15,0.08642048094
07/26/2020,FEU,Z02,15,0.10486564778
07/26/2020,FEU,Z03,15,0.10486564778
07/26/2020,FEU,Z01,16,0.08488758886
07/26/2020,FEU,Z02,16,0.10335717068
07/26/2020,FEU,Z03,16,0.10335717068
07/26/2020,FEU,Z01,17,0.08460604488
07/26/2020,FEU,Z02,17,0.1030735667
07/26/2020,FEU,Z03,17,0.1030735667
07/26/2020,FEU,Z01,18,0.08452379594
07/26/2020,FEU,Z02,18,0.10299106876
07/26/2020,FEU,Z03,18,0.10299106876
07/26/2020,FEU,Z01,19,0.08464085292
07/26/2020,FEU,Z02,19,0.10310890774
07/26/2020,FEU,Z03,19,0.10310890774
07/26/2020,FEU,Z01,2,0.09091504988
07/26/2020,FEU,Z02,2,0.04270534886
07/26/2020,FEU,Z03,2,0.04010680948
07/26/2020,FEU,Z01,20,0.08717984684
07/26/2020,FEU,Z02,20,0.10566711266
07/26/2020,FEU,Z03,20,0.10566711266
07/26/2020,FEU,Z01,21,0.09110424476
07/26/2020,FEU,Z02,21,0.10966198056
07/26/2020,FEU,Z03,21,0.10966198056
07/26/2020,FEU,Z01,22,0.09790176884
07/26/2020,FEU,Z02,22,0.11647236566
07/26/2020,FEU,Z03,22,0.11647236566
07/26/2020,FEU,Z01,23,0.10017967688
07/26/2020,FEU,Z02,23,0.1187684467
07/26/2020,FEU,Z03,23,0.1187684467
07/26/2020,FEU,Z01,24,0.10070571858
07/26/2020,FEU,Z02,24,0.05256596638
07/26/2020,FEU,Z03,24,0.05556965648
07/26/2020,FEU,Z01,3,0.08885881988
07/26/2020,FEU,Z02,3,0.04073150686
07/26/2020,FEU,Z03,3,0.03818697948
07/26/2020,FEU,Z01,4,0.0895675409
07/26/2020,FEU,Z02,4,0.04144884686
07/26/2020,FEU,Z03,4,0.03888397348
07/26/2020,FEU,Z01,5,0.08953950396
07/26/2020,FEU,Z02,5,0.04142905092
07/26/2020,FEU,Z03,5,0.03889628552
07/26/2020,FEU,Z01,6,0.08954618404
07/26/2020,FEU,Z02,6,0.04151315296
07/26/2020,FEU,Z03,6,0.03897675556
07/26/2020,FEU,Z01,7,0.09040994204
07/26/2020,FEU,Z02,7,0.04234374496
07/26/2020,FEU,Z03,7,0.03978571756
07/26/2020,FEU,Z01,8,0.089671376
07/26/2020,FEU,Z02,8,0.04159338594
07/26/2020,FEU,Z03,8,0.04441361588
07/26/2020,FEU,Z01,9,0.08911092452
07/26/2020,FEU,Z02,9,0.04132500434
07/26/2020,FEU,Z03,9,0.04387926644
07/27/2020,FEU,Z01,1,0.10151491232
07/27/2020,FEU,Z02,1,0.05318458818
07/27/2020,FEU,Z03,1,0.0563778062
07/27/2020,FEU,Z01,10,0.0977367275
07/27/2020,FEU,Z02,10,0.05028444208
07/27/2020,FEU,Z03,10,0.05271868242
07/27/2020,FEU,Z01,11,0.0972687275
07/27/2020,FEU,Z02,11,0.0497850631
07/27/2020,FEU,Z03,11,0.05220528944
07/27/2020,FEU,Z01,12,0.09796937156
07/27/2020,FEU,Z02,12,0.05056321412
07/27/2020,FEU,Z03,12,0.05296345748
07/27/2020,FEU,Z01,13,0.09795562148
07/27/2020,FEU,Z02,13,0.05045103408
07/27/2020,FEU,Z03,13,0.05289029042
07/27/2020,FEU,Z01,14,0.09726363356
07/27/2020,FEU,Z02,14,0.11574221642
07/27/2020,FEU,Z03,14,0.11574221642
07/27/2020,FEU,Z01,15,0.0973024775
07/27/2020,FEU,Z02,15,0.11578084536
07/27/2020,FEU,Z03,15,0.11578084536
07/27/2020,FEU,Z01,16,0.09591046544
07/27/2020,FEU,Z02,16,0.1143797423
07/27/2020,FEU,Z03,16,0.1143797423
07/27/2020,FEU,Z01,17,0.09358899348
07/27/2020,FEU,Z02,17,0.11204412434
07/27/2020,FEU,Z03,17,0.11204412434
07/27/2020,FEU,Z01,18,0.09505320552
07/27/2020,FEU,Z02,18,0.11351771738
07/27/2020,FEU,Z03,18,0.11351771738
07/27/2020,FEU,Z01,19,0.0956464775
07/27/2020,FEU,Z02,19,0.11411454136
07/27/2020,FEU,Z03,19,0.11411454136
07/27/2020,FEU,Z01,2,0.10129972626
07/27/2020,FEU,Z02,2,0.05292531514
07/27/2020,FEU,Z03,2,0.0501723227
07/27/2020,FEU,Z01,20,0.0968748174
07/27/2020,FEU,Z02,20,0.11534978426
07/27/2020,FEU,Z03,20,0.11534978426
07/27/2020,FEU,Z01,21,0.09550595328
07/27/2020,FEU,Z02,21,0.11397161414
07/27/2020,FEU,Z03,21,0.11397161414
07/27/2020,FEU,Z01,22,0.09756111622
07/27/2020,FEU,Z02,22,0.11608614506
07/27/2020,FEU,Z03,22,0.11608614506
07/27/2020,FEU,Z01,23,0.09780573018
07/27/2020,FEU,Z02,23,0.11633210102
07/27/2020,FEU,Z03,23,0.11633210102
07/27/2020,FEU,Z01,24,0.09562026794
07/27/2020,FEU,Z02,24,0.04786006566
07/27/2020,FEU,Z03,24,0.05053067684
07/27/2020,FEU,Z01,3,0.0988348062
07/27/2020,FEU,Z02,3,0.0505042071
07/27/2020,FEU,Z03,3,0.04781114766
07/27/2020,FEU,Z01,4,0.09597839618
07/27/2020,FEU,Z02,4,0.04775357908
07/27/2020,FEU,Z03,4,0.04509013566
07/27/2020,FEU,Z01,5,0.09584359622
07/27/2020,FEU,Z02,5,0.04762720112
07/27/2020,FEU,Z03,5,0.04500480568
07/27/2020,FEU,Z01,6,0.09548124832
07/27/2020,FEU,Z02,6,0.04737005218
07/27/2020,FEU,Z03,6,0.04475042074
07/27/2020,FEU,Z01,7,0.09780302456
07/27/2020,FEU,Z02,7,0.04976010936
07/27/2020,FEU,Z03,7,0.04715880588
07/27/2020,FEU,Z01,8,0.09819255272
07/27/2020,FEU,Z02,8,0.0501973525
07/27/2020,FEU,Z03,8,0.05307232962
07/27/2020,FEU,Z01,9,0.0974138274
07/27/2020,FEU,Z02,9,0.04986871702
07/27/2020,FEU,Z03,9,0.05237580932
07/28/2020,FEU,Z01,1,0.09436437656
07/28/2020,FEU,Z02,1,0.04643882136
07/28/2020,FEU,Z03,1,0.04919745746
07/28/2020,FEU,Z01,10,0.09823965858
07/28/2020,FEU,Z02,10,0.05082943214
07/28/2020,FEU,Z03,10,0.0532384775
07/28/2020,FEU,Z01,11,0.09761594156
07/28/2020,FEU,Z02,11,0.05017472514
07/28/2020,FEU,Z03,11,0.0525646025
07/28/2020,FEU,Z01,12,0.09830803958
07/28/2020,FEU,Z02,12,0.05089610514
07/28/2020,FEU,Z03,12,0.0533071025
07/28/2020,FEU,Z01,13,0.0984331025
07/28/2020,FEU,Z02,13,0.05096286608
07/28/2020,FEU,Z03,13,0.05341753342
07/28/2020,FEU,Z01,14,0.09746783756
07/28/2020,FEU,Z02,14,0.11594882342
07/28/2020,FEU,Z03,14,0.11594882342
07/28/2020,FEU,Z01,15,0.09667401352
07/28/2020,FEU,Z02,15,0.11514861938
07/28/2020,FEU,Z03,15,0.11514861938
07/28/2020,FEU,Z01,16,0.09214294544
07/28/2020,FEU,Z02,16,0.11063164128
07/28/2020,FEU,Z03,16,0.11063164128
07/28/2020,FEU,Z01,17,0.0893532275
07/28/2020,FEU,Z02,17,0.10778326536
07/28/2020,FEU,Z03,17,0.10778326536
07/28/2020,FEU,Z01,18,0.09094498552
07/28/2020,FEU,Z02,18,0.10938391238
07/28/2020,FEU,Z03,18,0.10938391238
07/28/2020,FEU,Z01,19,0.09426346748
07/28/2020,FEU,Z02,19,0.11272279134
07/28/2020,FEU,Z03,19,0.11272279134
07/28/2020,FEU,Z01,2,0.08860325648
07/28/2020,FEU,Z02,2,0.0408288123
07/28/2020,FEU,Z03,2,0.03840064184
07/28/2020,FEU,Z01,20,0.0957956674
07/28/2020,FEU,Z02,20,0.11430990524
07/28/2020,FEU,Z03,20,0.11430990524
07/28/2020,FEU,Z01,21,0.09440858426
07/28/2020,FEU,Z02,21,0.1129118071
07/28/2020,FEU,Z03,21,0.1129118071
07/28/2020,FEU,Z01,22,0.09442115316
07/28/2020,FEU,Z02,22,0.112923627
07/28/2020,FEU,Z03,22,0.112923627
07/28/2020,FEU,Z01,23,0.09759820912
07/28/2020,FEU,Z02,23,0.11612372096
07/28/2020,FEU,Z03,23,0.11612372096
07/28/2020,FEU,Z01,24,0.0954983969
07/28/2020,FEU,Z02,24,0.04773701662
07/28/2020,FEU,Z03,24,0.0504018568
07/28/2020,FEU,Z01,3,0.08823711842
07/28/2020,FEU,Z02,3,0.04043523226
07/28/2020,FEU,Z03,3,0.0380176978
07/28/2020,FEU,Z01,4,0.08873255038
07/28/2020,FEU,Z02,4,0.04090794622
07/28/2020,FEU,Z03,4,0.03844555478
07/28/2020,FEU,Z01,5,0.0888256764
07/28/2020,FEU,Z02,5,0.04100029324
07/28/2020,FEU,Z03,5,0.03856998678
07/28/2020,FEU,Z01,6,0.08898428048
07/28/2020,FEU,Z02,6,0.0411976873
07/28/2020,FEU,Z03,6,0.03876074184
07/28/2020,FEU,Z01,7,0.08905206668
07/28/2020,FEU,Z02,7,0.04135794146
07/28/2020,FEU,Z03,7,0.03898101596
07/28/2020,FEU,Z01,8,0.0944730568
07/28/2020,FEU,Z02,8,0.04665178756
07/28/2020,FEU,Z03,8,0.0493519917
07/28/2020,FEU,Z01,9,0.09796800748
07/28/2020,FEU,Z02,9,0.05050601506
07/28/2020,FEU,Z03,9,0.0529470174
07/29/2020,FEU,Z01,1,0.09229236848
07/29/2020,FEU,Z02,1,0.04435214932
07/29/2020,FEU,Z03,1,0.04710152138
07/29/2020,FEU,Z01,10,0.09756817958
07/29/2020,FEU,Z02,10,0.05013084616
07/29/2020,FEU,Z03,10,0.05252043752
07/29/2020,FEU,Z01,11,0.09785604956
07/29/2020,FEU,Z02,11,0.05040753414
07/29/2020,FEU,Z03,11,0.0528053525
07/29/2020,FEU,Z01,12,0.09879791658
07/29/2020,FEU,Z02,12,0.05137374614
07/29/2020,FEU,Z03,12,0.0537987275
07/29/2020,FEU,Z01,13,0.09912215748
07/29/2020,FEU,Z02,13,0.05158649008
07/29/2020,FEU,Z03,13,0.0541052674
07/29/2020,FEU,Z01,14,0.09927183954
07/29/2020,FEU,Z02,14,0.1177627874
07/29/2020,FEU,Z03,14,0.1177627874
07/29/2020,FEU,Z01,15,0.09865374148
07/29/2020,FEU,Z02,15,0.11714035834
07/29/2020,FEU,Z03,15,0.11714035834
07/29/2020,FEU,Z01,16,0.09800785442
07/29/2020,FEU,Z02,16,0.11653794926
07/29/2020,FEU,Z03,16,0.11653794926
07/29/2020,FEU,Z01,17,0.09786714846
07/29/2020,FEU,Z02,17,0.11634872132
07/29/2020,FEU,Z03,17,0.11634872132
07/29/2020,FEU,Z01,18,0.09848146348
07/29/2020,FEU,Z02,18,0.11696814234
07/29/2020,FEU,Z03,18,0.11696814234
07/29/2020,FEU,Z01,19,0.09955990246
07/29/2020,FEU,Z02,19,0.11805198932
07/29/2020,FEU,Z03,19,0.11805198932
07/29/2020,FEU,Z01,2,0.08664546842
07/29/2020,FEU,Z02,2,0.03886801728
07/29/2020,FEU,Z03,2,0.0365191978
07/29/2020,FEU,Z01,20,0.10141484936
07/29/2020,FEU,Z02,20,0.1199695772
07/29/2020,FEU,Z03,20,0.1199695772
07/29/2020,FEU,Z01,21,0.1016015372
07/29/2020,FEU,Z02,21,0.12015473304
07/29/2020,FEU,Z03,21,0.12015473304
07/29/2020,FEU,Z01,22,0.1012254521
07/29/2020,FEU,Z02,22,0.11977497094
07/29/2020,FEU,Z03,22,0.11977497094
07/29/2020,FEU,Z01,23,0.10310780006
07/29/2020,FEU,Z02,23,0.1216700369
07/29/2020,FEU,Z03,23,0.1216700369
07/29/2020,FEU,Z01,24,0.10068932782
07/29/2020,FEU,Z02,24,0.05271170956
07/29/2020,FEU,Z03,24,0.05559886472
07/29/2020,FEU,Z01,3,0.0865258564
07/29/2020,FEU,Z02,3,0.03878233124
07/29/2020,FEU,Z03,3,0.03640464778
07/29/2020,FEU,Z01,4,0.08665817036
07/29/2020,FEU,Z02,4,0.03887255322
07/29/2020,FEU,Z03,4,0.03649221776
07/29/2020,FEU,Z01,5,0.08626189838
07/29/2020,FEU,Z02,5,0.03849327924
07/29/2020,FEU,Z03,5,0.03612245378
07/29/2020,FEU,Z01,6,0.08652526448
07/29/2020,FEU,Z02,6,0.0388244023
07/29/2020,FEU,Z03,6,0.03644280584
07/29/2020,FEU,Z01,7,0.08935208966
07/29/2020,FEU,Z02,7,0.04164421744
07/29/2020,FEU,Z03,7,0.03926155394
07/29/2020,FEU,Z01,8,0.0970992968
07/29/2020,FEU,Z02,8,0.04919199556
07/29/2020,FEU,Z03,8,0.0519895517
07/29/2020,FEU,Z01,9,0.09723610748
07/29/2020,FEU,Z02,9,0.04975069008
07/29/2020,FEU,Z03,9,0.0522125174
07/30/2020,FEU,Z01,1,0.0999687265
07/30/2020,FEU,Z02,1,0.05180139532
07/30/2020,FEU,Z03,1,0.0548143164
07/30/2020,FEU,Z01,10,0.0996584976
07/30/2020,FEU,Z02,10,0.05216968618
07/30/2020,FEU,Z03,10,0.05462007954
07/30/2020,FEU,Z01,11,0.09858422756
07/30/2020,FEU,Z02,11,0.05111798414
07/30/2020,FEU,Z03,11,0.0535354775
07/30/2020,FEU,Z01,12,0.09916542356
07/30/2020,FEU,Z02,12,0.05168415814
07/30/2020,FEU,Z03,12,0.05416377348
07/30/2020,FEU,Z01,13,0.10015851344
07/30/2020,FEU,Z02,13,0.05259012004
07/30/2020,FEU,Z03,13,0.05513775736
07/30/2020,FEU,Z01,14,0.0998157275
07/30/2020,FEU,Z02,14,0.11835946634
07/30/2020,FEU,Z03,14,0.11835946634
07/30/2020,FEU,Z01,15,0.09974990142
07/30/2020,FEU,Z02,15,0.11824284128
07/30/2020,FEU,Z03,15,0.11824284128
07/30/2020,FEU,Z01,16,0.09953378034
07/30/2020,FEU,Z02,16,0.1180247372
07/30/2020,FEU,Z03,16,0.1180247372
07/30/2020,FEU,Z01,17,0.09936039642
07/30/2020,FEU,Z02,17,0.11790007526
07/30/2020,FEU,Z03,17,0.11790007526
07/30/2020,FEU,Z01,18,0.09946028144
07/30/2020,FEU,Z02,18,0.1179515873
07/30/2020,FEU,Z03,18,0.1179515873
07/30/2020,FEU,Z01,19,0.10073551842
07/30/2020,FEU,Z02,19,0.11923570528
07/30/2020,FEU,Z03,19,0.11923570528
07/30/2020,FEU,Z01,2,0.09866567046
07/30/2020,FEU,Z02,2,0.0504967423
07/30/2020,FEU,Z03,2,0.04788096182
07/30/2020,FEU,Z01,20,0.10179144128
07/30/2020,FEU,Z02,20,0.12034682512
07/30/2020,FEU,Z03,20,0.12034682512
07/30/2020,FEU,Z01,21,0.10358018512
07/30/2020,FEU,Z02,21,0.12214637696
07/30/2020,FEU,Z03,21,0.12214637696
07/30/2020,FEU,Z01,22,0.10410258908
07/30/2020,FEU,Z02,22,0.1227245519
07/30/2020,FEU,Z03,22,0.1227245519
07/30/2020,FEU,Z01,23,0.10396290904
07/30/2020,FEU,Z02,23,0.12258324086
07/30/2020,FEU,Z03,23,0.12258324086
07/30/2020,FEU,Z01,24,0.10148555276
07/30/2020,FEU,Z02,24,0.05342891352
07/30/2020,FEU,Z03,24,0.05638709366
07/30/2020,FEU,Z01,3,0.09343818644
07/30/2020,FEU,Z02,3,0.04545340928
07/30/2020,FEU,Z03,3,0.0429527578
07/30/2020,FEU,Z01,4,0.09386330642
07/30/2020,FEU,Z02,4,0.04586099626
07/30/2020,FEU,Z03,4,0.0433135078
07/30/2020,FEU,Z01,5,0.09378569644
07/30/2020,FEU,Z02,5,0.04578739328
07/30/2020,FEU,Z03,5,0.04324201482
07/30/2020,FEU,Z01,6,0.0944932265
07/30/2020,FEU,Z02,6,0.04651695532
07/30/2020,FEU,Z03,6,0.04399160984
07/30/2020,FEU,Z01,7,0.09511293468
07/30/2020,FEU,Z02,7,0.04721608746
07/30/2020,FEU,Z03,7,0.04470810996
07/30/2020,FEU,Z01,8,0.10037062484
07/30/2020,FEU,Z02,8,0.05240551058
07/30/2020,FEU,Z03,8,0.05528259374
07/30/2020,FEU,Z01,9,0.0992791025
07/30/2020,FEU,Z02,9,0.0517407331
07/30/2020,FEU,Z03,9,0.05422102544
07/31/2020,FEU,Z01,1,0.09951536048
07/31/2020,FEU,Z02,1,0.0513616123
07/31/2020,FEU,Z03,1,0.05435522338
07/31/2020,FEU,Z01,10,0.10105067154
07/31/2020,FEU,Z02,10,0.05351701412
07/31/2020,FEU,Z03,10,0.05605196446
07/31/2020,FEU,Z01,11,0.1016202275
07/31/2020,FEU,Z02,11,0.0540205231
07/31/2020,FEU,Z03,11,0.05656839344
07/31/2020,FEU,Z01,12,0.10275597752
07/31/2020,FEU,Z02,12,0.0551757481
07/31/2020,FEU,Z03,12,0.05775956144
07/31/2020,FEU,Z01,13,0.10370478842
07/31/2020,FEU,Z02,13,0.05603960202
07/31/2020,FEU,Z03,13,0.05869282334
07/31/2020,FEU,Z01,14,0.10486919946
07/31/2020,FEU,Z02,14,0.12339426332
07/31/2020,FEU,Z03,14,0.12339426332
07/31/2020,FEU,Z01,15,0.10290206942
07/31/2020,FEU,Z02,15,0.12141455328
07/31/2020,FEU,Z03,15,0.12141455328
07/31/2020,FEU,Z01,16,0.10125410536
07/31/2020,FEU,Z02,16,0.11975586022
07/31/2020,FEU,Z03,16,0.11975586022
07/31/2020,FEU,Z01,17,0.10091427344
07/31/2020,FEU,Z02,17,0.11946631328
07/31/2020,FEU,Z03,17,0.11946631328
07/31/2020,FEU,Z01,18,0.10198520646
07/31/2020,FEU,Z02,18,0.12049349132
07/31/2020,FEU,Z03,18,0.12049349132
07/31/2020,FEU,Z01,19,0.10199151344
07/31/2020,FEU,Z02,19,0.12055005728
07/31/2020,FEU,Z03,19,0.12055005728
07/31/2020,FEU,Z01,2,0.09410126446
07/31/2020,FEU,Z02,2,0.04613387328
07/31/2020,FEU,Z03,2,0.04357915082
07/31/2020,FEU,Z01,20,0.1034453623
07/31/2020,FEU,Z02,20,0.12201261914
07/31/2020,FEU,Z03,20,0.12201261914
07/31/2020,FEU,Z01,21,0.10462998014
07/31/2020,FEU,Z02,21,0.12320374098
07/31/2020,FEU,Z03,21,0.12320374098
07/31/2020,FEU,Z01,22,0.10544768006
07/31/2020,FEU,Z02,22,0.12407992888
07/31/2020,FEU,Z03,22,0.12407992888
07/31/2020,FEU,Z01,23,0.10445908098
07/31/2020,FEU,Z02,23,0.1230824968
07/31/2020,FEU,Z03,23,0.1230824968
07/31/2020,FEU,Z01,24,0.1025682267
07/31/2020,FEU,Z02,24,0.05442309348
07/31/2020,FEU,Z03,24,0.0574629866
07/31/2020,FEU,Z01,3,0.09802871342
07/31/2020,FEU,Z02,3,0.04987801726
07/31/2020,FEU,Z03,3,0.0472351378
07/31/2020,FEU,Z01,4,0.09695110742
07/31/2020,FEU,Z02,4,0.04883879926
07/31/2020,FEU,Z03,4,0.0462217078
07/31/2020,FEU,Z01,5,0.09768369844
07/31/2020,FEU,Z02,5,0.04954755328
07/31/2020,FEU,Z03,5,0.04691280482
07/31/2020,FEU,Z01,6,0.09791944652
07/31/2020,FEU,Z02,6,0.04982477034
07/31/2020,FEU,Z03,6,0.04722278386
07/31/2020,FEU,Z01,7,0.0966418717
07/31/2020,FEU,Z02,7,0.04869625748
07/31/2020,FEU,Z03,7,0.04619691196
07/31/2020,FEU,Z01,8,0.0994900568
07/31/2020,FEU,Z02,8,0.05150443756
07/31/2020,FEU,Z03,8,0.0543906167
07/31/2020,FEU,Z01,9,0.10068842348
07/31/2020,FEU,Z02,9,0.05311102608
07/31/2020,FEU,Z03,9,0.0556770974
08/01/2020,FEU,Z01,1,0.09799425224
08/01/2020,FEU,Z02,1,0.04974131312
08/01/2020,FEU,Z03,1,0.05278216614
08/01/2020,FEU,Z01,10,0.09097974308
08/01/2020,FEU,Z02,10,0.04345572176
08/01/2020,FEU,Z03,10,0.045859077
08/01/2020,FEU,Z01,11,0.08933125916
08/01/2020,FEU,Z02,11,0.04186808184
08/01/2020,FEU,Z03,11,0.04421978108
08/01/2020,FEU,Z01,12,0.09122716214
08/01/2020,FEU,Z02,12,0.0437422978
08/01/2020,FEU,Z03,12,0.04611858306
08/01/2020,FEU,Z01,13,0.09388117304
08/01/2020,FEU,Z02,13,0.04622744974
08/01/2020,FEU,Z03,13,0.04876313696
08/01/2020,FEU,Z01,14,0.09449081516
08/01/2020,FEU,Z02,14,0.112993777
08/01/2020,FEU,Z03,14,0.112993777
08/01/2020,FEU,Z01,15,0.0909731221
08/01/2020,FEU,Z02,15,0.10945100894
08/01/2020,FEU,Z03,15,0.10945100894
08/01/2020,FEU,Z01,16,0.087582077
08/01/2020,FEU,Z02,16,0.10607367982
08/01/2020,FEU,Z03,16,0.10607367982
08/01/2020,FEU,Z01,17,0.08753271302
08/01/2020,FEU,Z02,17,0.10598607586
08/01/2020,FEU,Z03,17,0.10598607586
08/01/2020,FEU,Z01,18,0.09023484308
08/01/2020,FEU,Z02,18,0.1087478969
08/01/2020,FEU,Z03,18,0.1087478969
08/01/2020,FEU,Z01,19,0.09578305806
08/01/2020,FEU,Z02,19,0.11433947288
08/01/2020,FEU,Z03,19,0.11433947288
08/01/2020,FEU,Z01,2,0.0915984162
08/01/2020,FEU,Z02,2,0.0435403171
08/01/2020,FEU,Z03,2,0.04101867066
08/01/2020,FEU,Z01,20,0.09751695294
08/01/2020,FEU,Z02,20,0.11608564676
08/01/2020,FEU,Z03,20,0.11608564676
08/01/2020,FEU,Z01,21,0.0973347768
08/01/2020,FEU,Z02,21,0.1159466366
08/01/2020,FEU,Z03,21,0.1159466366
08/01/2020,FEU,Z01,22,0.09683531774
08/01/2020,FEU,Z02,22,0.11539657656
08/01/2020,FEU,Z03,22,0.11539657656
08/01/2020,FEU,Z01,23,0.09609587268
08/01/2020,FEU,Z02,23,0.1146508015
08/01/2020,FEU,Z03,23,0.1146508015
08/01/2020,FEU,Z01,24,0.09323283232
08/01/2020,FEU,Z02,24,0.04520329318
08/01/2020,FEU,Z03,24,0.04801579422
08/01/2020,FEU,Z01,3,0.09012701318
08/01/2020,FEU,Z02,3,0.04212213508
08/01/2020,FEU,Z03,3,0.03960119766
08/01/2020,FEU,Z01,4,0.08882048618
08/01/2020,FEU,Z02,4,0.04086611908
08/01/2020,FEU,Z03,4,0.03837584866
08/01/2020,FEU,Z01,5,0.08890504718
08/01/2020,FEU,Z02,5,0.04094748508
08/01/2020,FEU,Z03,5,0.03845627266
08/01/2020,FEU,Z01,6,0.08886654422
08/01/2020,FEU,Z02,6,0.04091420912
08/01/2020,FEU,Z03,6,0.03845611768
08/01/2020,FEU,Z01,7,0.08838041826
08/01/2020,FEU,Z02,7,0.04048604614
08/01/2020,FEU,Z03,7,0.0380377777
08/01/2020,FEU,Z01,8,0.08823512628
08/01/2020,FEU,Z02,8,0.04034864116
08/01/2020,FEU,Z03,8,0.04302315216
08/01/2020,FEU,Z01,9,0.08933856786
08/01/2020,FEU,Z02,9,0.0417285776
08/01/2020,FEU,Z03,9,0.04420666876
08/02/2020,FEU,Z01,1,0.09037134794
08/02/2020,FEU,Z02,1,0.0422253319
08/02/2020,FEU,Z03,1,0.04510571882
08/02/2020,FEU,Z01,10,0.08794244276
08/02/2020,FEU,Z02,10,0.04032981752
08/02/2020,FEU,Z03,10,0.04278570866
08/02/2020,FEU,Z01,11,0.08679191684
08/02/2020,FEU,Z02,11,0.0392276176
08/02/2020,FEU,Z03,11,0.04161192276
08/02/2020,FEU,Z01,12,0.08681507684
08/02/2020,FEU,Z02,12,0.03928308458
08/02/2020,FEU,Z03,12,0.04166851574
08/02/2020,FEU,Z01,13,0.08699889876
08/02/2020,FEU,Z02,13,0.03941600552
08/02/2020,FEU,Z03,13,0.04183810466
08/02/2020,FEU,Z01,14,0.08538969894
08/02/2020,FEU,Z02,14,0.10386373076
08/02/2020,FEU,Z03,14,0.10386373076
08/02/2020,FEU,Z01,15,0.08404308092
08/02/2020,FEU,Z02,15,0.10247165476
08/02/2020,FEU,Z03,15,0.10247165476
08/02/2020,FEU,Z01,16,0.08142237386
08/02/2020,FEU,Z02,16,0.09986500068
08/02/2020,FEU,Z03,16,0.09986500068
08/02/2020,FEU,Z01,17,0.08109378586
08/02/2020,FEU,Z02,17,0.09953385668
08/02/2020,FEU,Z03,17,0.09953385668
08/02/2020,FEU,Z01,18,0.08324427688
08/02/2020,FEU,Z02,18,0.1017011967
08/02/2020,FEU,Z03,18,0.1017011967
08/02/2020,FEU,Z01,19,0.08525177684
08/02/2020,FEU,Z02,19,0.10372405766
08/02/2020,FEU,Z03,19,0.10372405766
08/02/2020,FEU,Z01,2,0.0873901059
08/02/2020,FEU,Z02,2,0.03935814786
08/02/2020,FEU,Z03,2,0.03684929148
08/02/2020,FEU,Z01,20,0.08632610076
08/02/2020,FEU,Z02,20,0.10480617158
08/02/2020,FEU,Z03,20,0.10480617158
08/02/2020,FEU,Z01,21,0.0932365767
08/02/2020,FEU,Z02,21,0.1118120015
08/02/2020,FEU,Z03,21,0.1118120015
08/02/2020,FEU,Z01,22,0.09433102286
08/02/2020,FEU,Z02,22,0.11287406268
08/02/2020,FEU,Z03,22,0.11287406268
08/02/2020,FEU,Z01,23,0.09765390682
08/02/2020,FEU,Z02,23,0.11622236064
08/02/2020,FEU,Z03,23,0.11622236064
08/02/2020,FEU,Z01,24,0.0947200015
08/02/2020,FEU,Z02,24,0.04673581732
08/02/2020,FEU,Z03,24,0.0495432564
08/02/2020,FEU,Z01,3,0.08652215592
08/02/2020,FEU,Z02,3,0.03852724888
08/02/2020,FEU,Z03,3,0.0360411025
08/02/2020,FEU,Z01,4,0.08711001494
08/02/2020,FEU,Z02,4,0.0390941269
08/02/2020,FEU,Z03,4,0.0366227275
08/02/2020,FEU,Z01,5,0.086637776
08/02/2020,FEU,Z02,5,0.03867860194
08/02/2020,FEU,Z03,5,0.03621780354
08/02/2020,FEU,Z01,6,0.08717523506
08/02/2020,FEU,Z02,6,0.039202427
08/02/2020,FEU,Z03,6,0.03675797758
08/02/2020,FEU,Z01,7,0.08669223216
08/02/2020,FEU,Z02,7,0.03881574706
08/02/2020,FEU,Z03,7,0.03637800564
08/02/2020,FEU,Z01,8,0.08641082408
08/02/2020,FEU,Z02,8,0.038502077
08/02/2020,FEU,Z03,8,0.04115185796
08/02/2020,FEU,Z01,9,0.08658341654
08/02/2020,FEU,Z02,9,0.03888838136
08/02/2020,FEU,Z03,9,0.04137955044
08/03/2020,FEU,Z01,1,0.09008274114
08/03/2020,FEU,Z02,1,0.04207583304
08/03/2020,FEU,Z03,1,0.04485356802
08/03/2020,FEU,Z01,10,0.0997077274
08/03/2020,FEU,Z02,10,0.052146178
08/03/2020,FEU,Z03,10,0.05467782932
08/03/2020,FEU,Z01,11,0.09915120944
08/03/2020,FEU,Z02,11,0.05160960604
08/03/2020,FEU,Z03,11,0.05412688136
08/03/2020,FEU,Z01,12,0.09905984144
08/03/2020,FEU,Z02,12,0.05152066804
08/03/2020,FEU,Z03,12,0.05398999838
08/03/2020,FEU,Z01,13,0.09894155138
08/03/2020,FEU,Z02,13,0.051353078
08/03/2020,FEU,Z03,13,0.0539051723
08/03/2020,FEU,Z01,14,0.09754595346
08/03/2020,FEU,Z02,14,0.11602553132
08/03/2020,FEU,Z03,14,0.11602553132
08/03/2020,FEU,Z01,15,0.09585279038
08/03/2020,FEU,Z02,15,0.11432128524
08/03/2020,FEU,Z03,15,0.11432128524
08/03/2020,FEU,Z01,16,0.0949998273
08/03/2020,FEU,Z02,16,0.11350755614
08/03/2020,FEU,Z03,16,0.11350755614
08/03/2020,FEU,Z01,17,0.09559902932
08/03/2020,FEU,Z02,17,0.11406553818
08/03/2020,FEU,Z03,17,0.11406553818
08/03/2020,FEU,Z01,18,0.09761132936
08/03/2020,FEU,Z02,18,0.11609055822
08/03/2020,FEU,Z03,18,0.11609055822
08/03/2020,FEU,Z01,19,0.0980995123
08/03/2020,FEU,Z02,19,0.11662908914
08/03/2020,FEU,Z03,19,0.11662908914
08/03/2020,FEU,Z01,2,0.08863450604
08/03/2020,FEU,Z02,2,0.04060197798
08/03/2020,FEU,Z03,2,0.03808972558
08/03/2020,FEU,Z01,20,0.09733107418
08/03/2020,FEU,Z02,20,0.11585411702
08/03/2020,FEU,Z03,20,0.11585411702
08/03/2020,FEU,Z01,21,0.09856511708
08/03/2020,FEU,Z02,21,0.1171435919
08/03/2020,FEU,Z03,21,0.1171435919
08/03/2020,FEU,Z01,22,0.09958099304
08/03/2020,FEU,Z02,22,0.11816697186
08/03/2020,FEU,Z03,22,0.11816697186
08/03/2020,FEU,Z01,23,0.09918934496
08/03/2020,FEU,Z02,23,0.11777132378
08/03/2020,FEU,Z03,23,0.11777132378
08/03/2020,FEU,Z01,24,0.09410964864
08/03/2020,FEU,Z02,24,0.04620246544
08/03/2020,FEU,Z03,24,0.04891748056
08/03/2020,FEU,Z01,3,0.08826887702
08/03/2020,FEU,Z02,3,0.04024940896
08/03/2020,FEU,Z03,3,0.03777989654
08/03/2020,FEU,Z01,4,0.08714901102
08/03/2020,FEU,Z02,4,0.03917344096
08/03/2020,FEU,Z03,4,0.03669909556
08/03/2020,FEU,Z01,5,0.08632356404
08/03/2020,FEU,Z02,5,0.03838169898
08/03/2020,FEU,Z03,5,0.03595857556
08/03/2020,FEU,Z01,6,0.08716380518
08/03/2020,FEU,Z02,6,0.03927203308
08/03/2020,FEU,Z03,6,0.03682321866
08/03/2020,FEU,Z01,7,0.09428016846
08/03/2020,FEU,Z02,7,0.0462677323
08/03/2020,FEU,Z03,7,0.04374882782
08/03/2020,FEU,Z01,8,0.09915022166
08/03/2020,FEU,Z02,8,0.05111490544
08/03/2020,FEU,Z03,8,0.05402271256
08/03/2020,FEU,Z01,9,0.09967403924
08/03/2020,FEU,Z02,9,0.0519576579
08/03/2020,FEU,Z03,9,0.05461500316
08/04/2020,FEU,Z01,1,0.09063868438
08/04/2020,FEU,Z02,1,0.04271070724
08/04/2020,FEU,Z03,1,0.04542198228
08/04/2020,FEU,Z01,10,0.09871195838
08/04/2020,FEU,Z02,10,0.051129778
08/04/2020,FEU,Z03,10,0.0536747673
08/04/2020,FEU,Z01,11,0.09675918042
08/04/2020,FEU,Z02,11,0.04923463204
08/04/2020,FEU,Z03,11,0.05167949736
08/04/2020,FEU,Z01,12,0.09335667344
08/04/2020,FEU,Z02,12,0.04596918004
08/04/2020,FEU,Z03,12,0.04831179736
08/04/2020,FEU,Z01,13,0.0948317774
08/04/2020,FEU,Z02,13,0.04735860102
08/04/2020,FEU,Z03,13,0.04978461932
08/04/2020,FEU,Z01,14,0.0944247275
08/04/2020,FEU,Z02,14,0.11288518936
08/04/2020,FEU,Z03,14,0.11288518936
08/04/2020,FEU,Z01,15,0.09270356144
08/04/2020,FEU,Z02,15,0.1111529373
08/04/2020,FEU,Z03,15,0.1111529373
08/04/2020,FEU,Z01,16,0.09196534034
08/04/2020,FEU,Z02,16,0.11045199118
08/04/2020,FEU,Z03,16,0.11045199118
08/04/2020,FEU,Z01,17,0.09083064936
08/04/2020,FEU,Z02,17,0.10926794822
08/04/2020,FEU,Z03,17,0.10926794822
08/04/2020,FEU,Z01,18,0.0956702374
08/04/2020,FEU,Z02,18,0.11418358724
08/04/2020,FEU,Z03,18,0.11418358724
08/04/2020,FEU,Z01,19,0.09876515732
08/04/2020,FEU,Z02,19,0.11725121018
08/04/2020,FEU,Z03,19,0.11725121018
08/04/2020,FEU,Z01,2,0.0873802013
08/04/2020,FEU,Z02,2,0.03952795918
08/04/2020,FEU,Z03,2,0.03713330972
08/04/2020,FEU,Z01,20,0.09980494622
08/04/2020,FEU,Z02,20,0.11834573506
08/04/2020,FEU,Z03,20,0.11834573506
08/04/2020,FEU,Z01,21,0.10023112406
08/04/2020,FEU,Z02,21,0.1187732969
08/04/2020,FEU,Z03,21,0.1187732969
08/04/2020,FEU,Z01,22,0.10020818406
08/04/2020,FEU,Z02,22,0.1187501969
08/04/2020,FEU,Z03,22,0.1187501969
08/04/2020,FEU,Z01,23,0.09914326496
08/04/2020,FEU,Z02,23,0.1176768968
08/04/2020,FEU,Z03,23,0.1176768968
08/04/2020,FEU,Z01,24,0.09396715264
08/04/2020,FEU,Z02,24,0.04606484944
08/04/2020,FEU,Z03,24,0.04877449656
08/04/2020,FEU,Z01,3,0.08765753526
08/04/2020,FEU,Z02,3,0.03978995914
08/04/2020,FEU,Z03,3,0.0373587427
08/04/2020,FEU,Z01,4,0.08824866126
08/04/2020,FEU,Z02,4,0.04035917314
08/04/2020,FEU,Z03,4,0.0379128977
08/04/2020,FEU,Z01,5,0.08785101626
08/04/2020,FEU,Z02,5,0.03997626814
08/04/2020,FEU,Z03,5,0.0375393727
08/04/2020,FEU,Z01,6,0.08808835232
08/04/2020,FEU,Z02,6,0.0402123172
08/04/2020,FEU,Z03,6,0.03780196174
08/04/2020,FEU,Z01,7,0.09002899252
08/04/2020,FEU,Z02,7,0.04221101034
08/04/2020,FEU,Z03,7,0.03978263686
08/04/2020,FEU,Z01,8,0.09607255268
08/04/2020,FEU,Z02,8,0.04814248146
08/04/2020,FEU,Z03,8,0.05093564558
08/04/2020,FEU,Z01,9,0.09885615922
08/04/2020,FEU,Z02,9,0.05116100788
08/04/2020,FEU,Z03,9,0.05378934014
08/05/2020,FEU,Z01,1,0.0937616164
08/05/2020,FEU,Z02,1,0.04576054724
08/05/2020,FEU,Z03,1,0.0485619113
08/05/2020,FEU,Z01,10,0.09366346242
08/05/2020,FEU,Z02,10,0.04626509602
08/05/2020,FEU,Z03,10,0.04861705434
08/05/2020,FEU,Z01,11,0.09345932144
08/05/2020,FEU,Z02,11,0.04606909804
08/05/2020,FEU,Z03,11,0.04837458338
08/05/2020,FEU,Z01,12,0.09558953642
08/05/2020,FEU,Z02,12,0.04809820204
08/05/2020,FEU,Z03,12,0.05050674536
08/05/2020,FEU,Z01,13,0.09686556534
08/05/2020,FEU,Z02,13,0.04932768196
08/05/2020,FEU,Z03,13,0.05181432026
08/05/2020,FEU,Z01,14,0.09753819042
08/05/2020,FEU,Z02,14,0.11606495726
08/05/2020,FEU,Z03,14,0.11606495726
08/05/2020,FEU,Z01,15,0.09708310134
08/05/2020,FEU,Z02,15,0.11560702918
08/05/2020,FEU,Z03,15,0.11560702918
08/05/2020,FEU,Z01,16,0.09474080924
08/05/2020,FEU,Z02,16,0.11324734508
08/05/2020,FEU,Z03,16,0.11324734508
08/05/2020,FEU,Z01,17,0.0914506823
08/05/2020,FEU,Z02,17,0.10993339514
08/05/2020,FEU,Z03,17,0.10993339514
08/05/2020,FEU,Z01,18,0.09103288134
08/05/2020,FEU,Z02,18,0.10951294818
08/05/2020,FEU,Z03,18,0.10951294818
08/05/2020,FEU,Z01,19,0.09780139226
08/05/2020,FEU,Z02,19,0.1163296321
08/05/2020,FEU,Z03,19,0.1163296321
08/05/2020,FEU,Z01,2,0.08973336434
08/05/2020,FEU,Z02,2,0.0418322572
08/05/2020,FEU,Z03,2,0.03934894576
08/05/2020,FEU,Z01,20,0.10193821514
08/05/2020,FEU,Z02,20,0.12049313598
08/05/2020,FEU,Z03,20,0.12049313598
08/05/2020,FEU,Z01,21,0.10275214798
08/05/2020,FEU,Z02,21,0.1213622168
08/05/2020,FEU,Z03,21,0.1213622168
08/05/2020,FEU,Z01,22,0.10178121492
08/05/2020,FEU,Z02,22,0.12038294674
08/05/2020,FEU,Z03,22,0.12038294674
08/05/2020,FEU,Z01,23,0.10120554284
08/05/2020,FEU,Z02,23,0.11980181666
08/05/2020,FEU,Z03,23,0.11980181666
08/05/2020,FEU,Z01,24,0.0963191765
08/05/2020,FEU,Z02,24,0.04823743734
08/05/2020,FEU,Z03,24,0.0511492364
08/05/2020,FEU,Z01,3,0.08899056032
08/05/2020,FEU,Z02,3,0.04111394918
08/05/2020,FEU,Z03,3,0.03864895474
08/05/2020,FEU,Z01,4,0.0895333463
08/05/2020,FEU,Z02,4,0.04160115618
08/05/2020,FEU,Z03,4,0.03915744772
08/05/2020,FEU,Z01,5,0.09143078432
08/05/2020,FEU,Z02,5,0.0434293972
08/05/2020,FEU,Z03,5,0.04094284774
08/05/2020,FEU,Z01,6,0.0911856764
08/05/2020,FEU,Z02,6,0.04327629324
08/05/2020,FEU,Z03,6,0.04079198678
08/05/2020,FEU,Z01,7,0.09297204056
08/05/2020,FEU,Z02,7,0.04505612638
08/05/2020,FEU,Z03,7,0.0425621579
08/05/2020,FEU,Z01,8,0.0930233817
08/05/2020,FEU,Z02,8,0.04519890148
08/05/2020,FEU,Z03,8,0.0478771766
08/05/2020,FEU,Z01,9,0.09469825728
08/05/2020,FEU,Z02,9,0.04717206592
08/05/2020,FEU,Z03,9,0.0496280972
08/06/2020,FEU,Z01,1,0.09807832844
08/06/2020,FEU,Z02,1,0.04992811328
08/06/2020,FEU,Z03,1,0.05290449734
08/06/2020,FEU,Z01,10,0.09652008136
08/06/2020,FEU,Z02,10,0.04899426598
08/06/2020,FEU,Z03,10,0.0514286023
08/06/2020,FEU,Z01,11,0.0945108574
08/06/2020,FEU,Z02,11,0.047087278
08/06/2020,FEU,Z03,11,0.04946256332
08/06/2020,FEU,Z01,12,0.09415193736
08/06/2020,FEU,Z02,12,0.04669207498
08/06/2020,FEU,Z03,12,0.04909486528
08/06/2020,FEU,Z01,13,0.09662459726
08/06/2020,FEU,Z02,13,0.0490415629
08/06/2020,FEU,Z03,13,0.05155746018
08/06/2020,FEU,Z01,14,0.09722291732
08/06/2020,FEU,Z02,14,0.11569945018
08/06/2020,FEU,Z03,14,0.11569945018
08/06/2020,FEU,Z01,15,0.09638241626
08/06/2020,FEU,Z02,15,0.11485333712
08/06/2020,FEU,Z03,15,0.11485333712
08/06/2020,FEU,Z01,16,0.09399479018
08/06/2020,FEU,Z02,16,0.112538377
08/06/2020,FEU,Z03,16,0.112538377
08/06/2020,FEU,Z01,17,0.09406894222
08/06/2020,FEU,Z02,17,0.11256944306
08/06/2020,FEU,Z03,17,0.11256944306
08/06/2020,FEU,Z01,18,0.09787074926
08/06/2020,FEU,Z02,18,0.1163983321
08/06/2020,FEU,Z03,18,0.1163983321
08/06/2020,FEU,Z01,19,0.1011614972
08/06/2020,FEU,Z02,19,0.11971160504
08/06/2020,FEU,Z03,19,0.11971160504
08/06/2020,FEU,Z01,2,0.09632859542
08/06/2020,FEU,Z02,2,0.04823846326
08/06/2020,FEU,Z03,2,0.0456356278
08/06/2020,FEU,Z01,20,0.10234577108
08/06/2020,FEU,Z02,20,0.12090290492
08/06/2020,FEU,Z03,20,0.12090290492
08/06/2020,FEU,Z01,21,0.10584444896
08/06/2020,FEU,Z02,21,0.12447842078
08/06/2020,FEU,Z03,21,0.12447842078
08/06/2020,FEU,Z01,22,0.10263958496
08/06/2020,FEU,Z02,22,0.12124851878
08/06/2020,FEU,Z03,22,0.12124851878
08/06/2020,FEU,Z01,23,0.10069525288
08/06/2020,FEU,Z02,23,0.1192880367
08/06/2020,FEU,Z03,23,0.1192880367
08/06/2020,FEU,Z01,24,0.09638500454
08/06/2020,FEU,Z02,24,0.04834624136
08/06/2020,FEU,Z03,24,0.05122291844
08/06/2020,FEU,Z01,3,0.09047098238
08/06/2020,FEU,Z02,3,0.04254911124
08/06/2020,FEU,Z03,3,0.04008094678
08/06/2020,FEU,Z01,4,0.0901437364
08/06/2020,FEU,Z02,4,0.04227143924
08/06/2020,FEU,Z03,4,0.03981097378
08/06/2020,FEU,Z01,5,0.08997968638
08/06/2020,FEU,Z02,5,0.04207456524
08/06/2020,FEU,Z03,5,0.03961877078
08/06/2020,FEU,Z01,6,0.09003826046
08/06/2020,FEU,Z02,6,0.0421771923
08/06/2020,FEU,Z03,6,0.03975199182
08/06/2020,FEU,Z01,7,0.09109854464
08/06/2020,FEU,Z02,7,0.04332977042
08/06/2020,FEU,Z03,7,0.04087413994
08/06/2020,FEU,Z01,8,0.09677480072
08/06/2020,FEU,Z02,8,0.0488259775
08/06/2020,FEU,Z03,8,0.05160676864
08/06/2020,FEU,Z01,9,0.09684468522
08/06/2020,FEU,Z02,9,0.04920670588
08/06/2020,FEU,Z03,9,0.05177080214
08/07/2020,FEU,Z01,1,0.09861055436
08/07/2020,FEU,Z02,1,0.05038898222
08/07/2020,FEU,Z03,1,0.05342381026
08/07/2020,FEU,Z01,10,0.09775965638
08/07/2020,FEU,Z02,10,0.050202478
08/07/2020,FEU,Z03,10,0.05267518532
08/07/2020,FEU,Z01,11,0.09627804638
08/07/2020,FEU,Z02,11,0.048762578
08/07/2020,FEU,Z03,11,0.0512322473
08/07/2020,FEU,Z01,12,0.09689955534
08/07/2020,FEU,Z02,12,0.04936184396
08/07/2020,FEU,Z03,12,0.05184843026
08/07/2020,FEU,Z01,13,0.09988229324
08/07/2020,FEU,Z02,13,0.05220507188
08/07/2020,FEU,Z03,13,0.05482284716
08/07/2020,FEU,Z01,14,0.09914504732
08/07/2020,FEU,Z02,14,0.11768219316
08/07/2020,FEU,Z03,14,0.11768219316
08/07/2020,FEU,Z01,15,0.09806832124
08/07/2020,FEU,Z02,15,0.11659710308
08/07/2020,FEU,Z03,15,0.11659710308
08/07/2020,FEU,Z01,16,0.09468588014
08/07/2020,FEU,Z02,16,0.11319004098
08/07/2020,FEU,Z03,16,0.11319004098
08/07/2020,FEU,Z01,17,0.0966710372
08/07/2020,FEU,Z02,17,0.11518963304
08/07/2020,FEU,Z03,17,0.11518963304
08/07/2020,FEU,Z01,18,0.09818439724
08/07/2020,FEU,Z02,18,0.11671399508
08/07/2020,FEU,Z03,18,0.11671399508
08/07/2020,FEU,Z01,19,0.1025728172
08/07/2020,FEU,Z02,19,0.12113282904
08/07/2020,FEU,Z03,19,0.12113282904
08/07/2020,FEU,Z01,2,0.09211119434
08/07/2020,FEU,Z02,2,0.0441236572
08/07/2020,FEU,Z03,2,0.04162066474
08/07/2020,FEU,Z01,20,0.1036551421
08/07/2020,FEU,Z02,20,0.12222163694
08/07/2020,FEU,Z03,20,0.12222163694
08/07/2020,FEU,Z01,21,0.10687008894
08/07/2020,FEU,Z02,21,0.12551179076
08/07/2020,FEU,Z03,21,0.12551179076
08/07/2020,FEU,Z01,22,0.1038709919
08/07/2020,FEU,Z02,22,0.12248876072
08/07/2020,FEU,Z03,22,0.12248876072
08/07/2020,FEU,Z01,23,0.1020223368
08/07/2020,FEU,Z02,23,0.12062446762
08/07/2020,FEU,Z03,23,0.12062446762
08/07/2020,FEU,Z01,24,0.09989756048
08/07/2020,FEU,Z02,24,0.05168572732
08/07/2020,FEU,Z03,24,0.05473904838
08/07/2020,FEU,Z01,3,0.08862844234
08/07/2020,FEU,Z02,3,0.0407674972
08/07/2020,FEU,Z03,3,0.03834399274
08/07/2020,FEU,Z01,4,0.08919420832
08/07/2020,FEU,Z02,4,0.0412770772
08/07/2020,FEU,Z03,4,0.03884150374
08/07/2020,FEU,Z01,5,0.09009299634
08/07/2020,FEU,Z02,5,0.0421799572
08/07/2020,FEU,Z03,5,0.03972188674
08/07/2020,FEU,Z01,6,0.09228344642
08/07/2020,FEU,Z02,6,0.04433741626
08/07/2020,FEU,Z03,6,0.0418261078
08/07/2020,FEU,Z01,7,0.0952413866
08/07/2020,FEU,Z02,7,0.0472895474
08/07/2020,FEU,Z03,7,0.0447832079
08/07/2020,FEU,Z01,8,0.09855888374
08/07/2020,FEU,Z02,8,0.0505967275
08/07/2020,FEU,Z03,8,0.05344403264
08/07/2020,FEU,Z01,9,0.09735114026
08/07/2020,FEU,Z02,9,0.04970464192
08/07/2020,FEU,Z03,9,0.05228770018
08/08/2020,FEU,Z01,1,0.09959924024
08/08/2020,FEU,Z02,1,0.05128571312
08/08/2020,FEU,Z03,1,0.05439390914
08/08/2020,FEU,Z01,10,0.09667994708
08/08/2020,FEU,Z02,10,0.04898792176
08/08/2020,FEU,Z03,10,0.051579177
08/08/2020,FEU,Z01,11,0.09566136516
08/08/2020,FEU,Z02,11,0.04800972584
08/08/2020,FEU,Z03,11,0.05057205908
08/08/2020,FEU,Z01,12,0.09345601214
08/08/2020,FEU,Z02,12,0.0459056878
08/08/2020,FEU,Z03,12,0.04835523306
08/08/2020,FEU,Z01,13,0.09477890904
08/08/2020,FEU,Z02,13,0.04709781574
08/08/2020,FEU,Z03,13,0.04966400096
08/08/2020,FEU,Z01,14,0.09036362716
08/08/2020,FEU,Z02,14,0.108837677
08/08/2020,FEU,Z03,14,0.108837677
08/08/2020,FEU,Z01,15,0.0878346771
08/08/2020,FEU,Z02,15,0.10629063594
08/08/2020,FEU,Z03,15,0.10629063594
08/08/2020,FEU,Z01,16,0.089578477
08/08/2020,FEU,Z02,16,0.10808570382
08/08/2020,FEU,Z03,16,0.10808570382
08/08/2020,FEU,Z01,17,0.08732244602
08/08/2020,FEU,Z02,17,0.10577434486
08/08/2020,FEU,Z03,17,0.10577434486
08/08/2020,FEU,Z01,18,0.09110694908
08/08/2020,FEU,Z02,18,0.1096268519
08/08/2020,FEU,Z03,18,0.1096268519
08/08/2020,FEU,Z01,19,0.09654007806
08/08/2020,FEU,Z02,19,0.11510243288
08/08/2020,FEU,Z03,19,0.11510243288
08/08/2020,FEU,Z01,2,0.1004651062
08/08/2020,FEU,Z02,2,0.0520728571
08/08/2020,FEU,Z03,2,0.04934255466
08/08/2020,FEU,Z01,20,0.09989328594
08/08/2020,FEU,Z02,20,0.11848052876
08/08/2020,FEU,Z03,20,0.11848052876
08/08/2020,FEU,Z01,21,0.1007498168
08/08/2020,FEU,Z02,21,0.1193922866
08/08/2020,FEU,Z03,21,0.1193922866
08/08/2020,FEU,Z01,22,0.10060227474
08/08/2020,FEU,Z02,22,0.11919268456
08/08/2020,FEU,Z03,22,0.11919268456
08/08/2020,FEU,Z01,23,0.10070040668
08/08/2020,FEU,Z02,23,0.1192908765
08/08/2020,FEU,Z03,23,0.1192908765
08/08/2020,FEU,Z01,24,0.10014502432
08/08/2020,FEU,Z02,24,0.05186445118
08/08/2020,FEU,Z03,24,0.05495717622
08/08/2020,FEU,Z01,3,0.09971456318
08/08/2020,FEU,Z02,3,0.05134858108
08/08/2020,FEU,Z03,3,0.04859416466
08/08/2020,FEU,Z01,4,0.09860216918
08/08/2020,FEU,Z02,4,0.05027821708
08/08/2020,FEU,Z03,4,0.04755088666
08/08/2020,FEU,Z01,5,0.09908571518
08/08/2020,FEU,Z02,5,0.05074349308
08/08/2020,FEU,Z03,5,0.04800438866
08/08/2020,FEU,Z01,6,0.09863180122
08/08/2020,FEU,Z02,6,0.05031102512
08/08/2020,FEU,Z03,6,0.04762182568
08/08/2020,FEU,Z01,7,0.09708112826
08/08/2020,FEU,Z02,7,0.04886423614
08/08/2020,FEU,Z03,7,0.0462107277
08/08/2020,FEU,Z01,8,0.09708505828
08/08/2020,FEU,Z02,8,0.04887024516
08/08/2020,FEU,Z03,8,0.05191785616
08/08/2020,FEU,Z01,9,0.09275750286
08/08/2020,FEU,Z02,9,0.0450381776
08/08/2020,FEU,Z03,9,0.04764037876
08/09/2020,FEU,Z01,1,0.10111894994
08/09/2020,FEU,Z02,1,0.0525441019
08/09/2020,FEU,Z03,1,0.05590692482
08/09/2020,FEU,Z01,10,0.09041982676
08/09/2020,FEU,Z02,10,0.04272618552
08/09/2020,FEU,Z03,10,0.04527375266
08/09/2020,FEU,Z01,11,0.08876746484
08/09/2020,FEU,Z02,11,0.0411372176
08/09/2020,FEU,Z03,11,0.04359429476
08/09/2020,FEU,Z01,12,0.08856713084
08/09/2020,FEU,Z02,12,0.04097915758
08/09/2020,FEU,Z03,12,0.04342813474
08/09/2020,FEU,Z01,13,0.08936937876
08/09/2020,FEU,Z02,13,0.04171008952
08/09/2020,FEU,Z03,13,0.04421878466
08/09/2020,FEU,Z01,14,0.08800009094
08/09/2020,FEU,Z02,14,0.10649449876
08/09/2020,FEU,Z03,14,0.10649449876
08/09/2020,FEU,Z01,15,0.08780396692
08/09/2020,FEU,Z02,15,0.10625861276
08/09/2020,FEU,Z03,15,0.10625861276
08/09/2020,FEU,Z01,16,0.08722472886
08/09/2020,FEU,Z02,16,0.10571249068
08/09/2020,FEU,Z03,16,0.10571249068
08/09/2020,FEU,Z01,17,0.08698985786
08/09/2020,FEU,Z02,17,0.10547579268
08/09/2020,FEU,Z03,17,0.10547579268
08/09/2020,FEU,Z01,18,0.08777464088
08/09/2020,FEU,Z02,18,0.1062668317
08/09/2020,FEU,Z03,18,0.1062668317
08/09/2020,FEU,Z01,19,0.09303469484
08/09/2020,FEU,Z02,19,0.11156746466
08/09/2020,FEU,Z03,19,0.11156746466
08/09/2020,FEU,Z01,2,0.1008716459
08/09/2020,FEU,Z02,2,0.05230150686
08/09/2020,FEU,Z03,2,0.04944697948
08/09/2020,FEU,Z01,20,0.09970420676
08/09/2020,FEU,Z02,20,0.11828789458
08/09/2020,FEU,Z03,20,0.11828789458
08/09/2020,FEU,Z01,21,0.1003092917
08/09/2020,FEU,Z02,21,0.1189454265
08/09/2020,FEU,Z03,21,0.1189454265
08/09/2020,FEU,Z01,22,0.10182491186
08/09/2020,FEU,Z02,22,0.12042624468
08/09/2020,FEU,Z03,22,0.12042624468
08/09/2020,FEU,Z01,23,0.10217284782
08/09/2020,FEU,Z02,23,0.12077639264
08/09/2020,FEU,Z03,23,0.12077639264
08/09/2020,FEU,Z01,24,0.1003987765
08/09/2020,FEU,Z02,24,0.05221530532
08/09/2020,FEU,Z03,24,0.0552461964
08/09/2020,FEU,Z01,3,0.09897873992
08/09/2020,FEU,Z02,3,0.05048606888
08/09/2020,FEU,Z03,3,0.0476792275
08/09/2020,FEU,Z01,4,0.09833400494
08/09/2020,FEU,Z02,4,0.0498702769
08/09/2020,FEU,Z03,4,0.0471189775
08/09/2020,FEU,Z01,5,0.092716976
08/09/2020,FEU,Z02,5,0.04451969994
08/09/2020,FEU,Z03,5,0.04190692154
08/09/2020,FEU,Z01,6,0.09842823206
08/09/2020,FEU,Z02,6,0.050013577
08/09/2020,FEU,Z03,6,0.04729649858
08/09/2020,FEU,Z01,7,0.09201689616
08/09/2020,FEU,Z02,7,0.04393939606
08/09/2020,FEU,Z03,7,0.04137211164
08/09/2020,FEU,Z01,8,0.09384157208
08/09/2020,FEU,Z02,8,0.045648177
08/09/2020,FEU,Z03,8,0.04861988396
08/09/2020,FEU,Z01,9,0.09141852254
08/09/2020,FEU,Z02,9,0.04355448536
08/09/2020,FEU,Z03,9,0.04623526644
08/10/2020,FEU,Z01,1,0.09384904214
08/10/2020,FEU,Z02,1,0.04570006904
08/10/2020,FEU,Z03,1,0.04863881102
08/10/2020,FEU,Z01,10,0.0992026174
08/10/2020,FEU,Z02,10,0.051654478
08/10/2020,FEU,Z03,10,0.05417093132
08/10/2020,FEU,Z01,11,0.09837288944
08/10/2020,FEU,Z02,11,0.05085088804
08/10/2020,FEU,Z03,11,0.05334580136
08/10/2020,FEU,Z01,12,0.09668878544
08/10/2020,FEU,Z02,12,0.04921267204
08/10/2020,FEU,Z03,12,0.05161263638
08/10/2020,FEU,Z01,13,0.09959640038
08/10/2020,FEU,Z02,13,0.051989978
08/10/2020,FEU,Z03,13,0.0545623373
08/10/2020,FEU,Z01,14,0.09923983446
08/10/2020,FEU,Z02,14,0.11772993332
08/10/2020,FEU,Z03,14,0.11772993332
08/10/2020,FEU,Z01,15,0.09871195838
08/10/2020,FEU,Z02,15,0.11719814924
08/10/2020,FEU,Z03,15,0.11719814924
08/10/2020,FEU,Z01,16,0.0974888823
08/10/2020,FEU,Z02,16,0.11601415514
08/10/2020,FEU,Z03,16,0.11601415514
08/10/2020,FEU,Z01,17,0.09785568932
08/10/2020,FEU,Z02,17,0.11633612818
08/10/2020,FEU,Z03,17,0.11633612818
08/10/2020,FEU,Z01,18,0.10017417736
08/10/2020,FEU,Z02,18,0.11866925422
08/10/2020,FEU,Z03,18,0.11866925422
08/10/2020,FEU,Z01,19,0.1007724373
08/10/2020,FEU,Z02,19,0.11932085414
08/10/2020,FEU,Z03,19,0.11932085414
08/10/2020,FEU,Z01,2,0.08908375604
08/10/2020,FEU,Z02,2,0.04103475398
08/10/2020,FEU,Z03,2,0.03851010058
08/10/2020,FEU,Z01,20,0.10113060418
08/10/2020,FEU,Z02,20,0.11968028702
08/10/2020,FEU,Z03,20,0.11968028702
08/10/2020,FEU,Z01,21,0.10190456108
08/10/2020,FEU,Z02,21,0.1205092619
08/10/2020,FEU,Z03,21,0.1205092619
08/10/2020,FEU,Z01,22,0.10199294104
08/10/2020,FEU,Z02,22,0.12059898586
08/10/2020,FEU,Z03,22,0.12059898586
08/10/2020,FEU,Z01,23,0.10075721696
08/10/2020,FEU,Z02,23,0.11935144478
08/10/2020,FEU,Z03,23,0.11935144478
08/10/2020,FEU,Z01,24,0.09690817664
08/10/2020,FEU,Z02,24,0.04890515344
08/10/2020,FEU,Z03,24,0.05172559256
08/10/2020,FEU,Z01,3,0.08823290702
08/10/2020,FEU,Z02,3,0.04021484896
08/10/2020,FEU,Z03,3,0.03774508354
08/10/2020,FEU,Z01,4,0.08844033402
08/10/2020,FEU,Z02,4,0.04041299296
08/10/2020,FEU,Z03,4,0.03790636756
08/10/2020,FEU,Z01,5,0.08840329204
08/10/2020,FEU,Z02,5,0.04037983498
08/10/2020,FEU,Z03,5,0.03790636756
08/10/2020,FEU,Z01,6,0.08884430618
08/10/2020,FEU,Z02,6,0.04088903908
08/10/2020,FEU,Z03,6,0.03839930566
08/10/2020,FEU,Z01,7,0.09683778946
08/10/2020,FEU,Z02,7,0.0487340873
08/10/2020,FEU,Z03,7,0.04615757582
08/10/2020,FEU,Z01,8,0.09860523266
08/10/2020,FEU,Z02,8,0.05058812944
08/10/2020,FEU,Z03,8,0.05347538856
08/10/2020,FEU,Z01,9,0.09890019924
08/10/2020,FEU,Z02,9,0.0512062579
08/10/2020,FEU,Z03,9,0.05383730116
08/11/2020,FEU,Z01,1,0.09985875138
08/11/2020,FEU,Z02,1,0.05159507324
08/11/2020,FEU,Z03,1,0.05468108428
08/11/2020,FEU,Z01,10,0.09959640038
08/11/2020,FEU,Z02,10,0.051989978
08/11/2020,FEU,Z03,10,0.0545623373
08/11/2020,FEU,Z01,11,0.09968103242
08/11/2020,FEU,Z02,11,0.05207735404
08/11/2020,FEU,Z03,11,0.05460911336
08/11/2020,FEU,Z01,12,0.09864699344
08/11/2020,FEU,Z02,12,0.05111880004
08/11/2020,FEU,Z03,12,0.05362087736
08/11/2020,FEU,Z01,13,0.0997879574
08/11/2020,FEU,Z02,13,0.05217881502
08/11/2020,FEU,Z03,13,0.05475834332
08/11/2020,FEU,Z01,14,0.0995637275
08/11/2020,FEU,Z02,14,0.11805729736
08/11/2020,FEU,Z03,14,0.11805729736
08/11/2020,FEU,Z01,15,0.09754832144
08/11/2020,FEU,Z02,15,0.1160277623
08/11/2020,FEU,Z03,15,0.1160277623
08/11/2020,FEU,Z01,16,0.09712955434
08/11/2020,FEU,Z02,16,0.11565266918
08/11/2020,FEU,Z03,16,0.11565266918
08/11/2020,FEU,Z01,17,0.09702495336
08/11/2020,FEU,Z02,17,0.11550055622
08/11/2020,FEU,Z03,17,0.11550055622
08/11/2020,FEU,Z01,18,0.0974364274
08/11/2020,FEU,Z02,18,0.11596228124
08/11/2020,FEU,Z03,18,0.11596228124
08/11/2020,FEU,Z01,19,0.09982431332
08/11/2020,FEU,Z02,19,0.11831690418
08/11/2020,FEU,Z03,19,0.11831690418
08/11/2020,FEU,Z01,2,0.0926617463
08/11/2020,FEU,Z02,2,0.04461225518
08/11/2020,FEU,Z03,2,0.04209840772
08/11/2020,FEU,Z01,20,0.10082207322
08/11/2020,FEU,Z02,20,0.11937000606
08/11/2020,FEU,Z03,20,0.11937000606
08/11/2020,FEU,Z01,21,0.10278090506
08/11/2020,FEU,Z02,21,0.1213420169
08/11/2020,FEU,Z03,21,0.1213420169
08/11/2020,FEU,Z01,22,0.10351498506
08/11/2020,FEU,Z02,22,0.1220800619
08/11/2020,FEU,Z03,22,0.1220800619
08/11/2020,FEU,Z01,23,0.10204284896
08/11/2020,FEU,Z02,23,0.1205977768
08/11/2020,FEU,Z03,23,0.1205977768
08/11/2020,FEU,Z01,24,0.10008630464
08/11/2020,FEU,Z02,24,0.05197444144
08/11/2020,FEU,Z03,24,0.05491460456
08/11/2020,FEU,Z01,3,0.09093602926
08/11/2020,FEU,Z02,3,0.04294692514
08/11/2020,FEU,Z03,3,0.0404372577
08/11/2020,FEU,Z01,4,0.08904395126
08/11/2020,FEU,Z02,4,0.04112498314
08/11/2020,FEU,Z03,4,0.0386599477
08/11/2020,FEU,Z01,5,0.08869378626
08/11/2020,FEU,Z02,5,0.04078779814
08/11/2020,FEU,Z03,5,0.0383321377
08/11/2020,FEU,Z01,6,0.09097376032
08/11/2020,FEU,Z02,6,0.0429904972
08/11/2020,FEU,Z03,6,0.04051322974
08/11/2020,FEU,Z01,7,0.09564188652
08/11/2020,FEU,Z02,7,0.04762788334
08/11/2020,FEU,Z03,7,0.04507631086
08/11/2020,FEU,Z01,8,0.09848733868
08/11/2020,FEU,Z02,8,0.05047649846
08/11/2020,FEU,Z03,8,0.05336078658
08/11/2020,FEU,Z01,9,0.09846320422
08/11/2020,FEU,Z02,9,0.05077943788
08/11/2020,FEU,Z03,9,0.05339500514
08/12/2020,FEU,Z01,1,0.0994645564
08/12/2020,FEU,Z02,1,0.05125936324
08/12/2020,FEU,Z03,1,0.0542890163
08/12/2020,FEU,Z01,10,0.10102228442
08/12/2020,FEU,Z02,10,0.05342837802
08/12/2020,FEU,Z03,10,0.05600081534
08/12/2020,FEU,Z01,11,0.10044502544
08/12/2020,FEU,Z02,11,0.05286901204
08/12/2020,FEU,Z03,11,0.05537886638
08/12/2020,FEU,Z01,12,0.10024327442
08/12/2020,FEU,Z02,12,0.05262415804
08/12/2020,FEU,Z03,12,0.05517284936
08/12/2020,FEU,Z01,13,0.10028156034
08/12/2020,FEU,Z02,13,0.05265131396
08/12/2020,FEU,Z03,13,0.05524237526
08/12/2020,FEU,Z01,14,0.09980748042
08/12/2020,FEU,Z02,14,0.11835032726
08/12/2020,FEU,Z03,14,0.11835032726
08/12/2020,FEU,Z01,15,0.09895821634
08/12/2020,FEU,Z02,15,0.11749424318
08/12/2020,FEU,Z03,15,0.11749424318
08/12/2020,FEU,Z01,16,0.09728310124
08/12/2020,FEU,Z02,16,0.11580636308
08/12/2020,FEU,Z03,16,0.11580636308
08/12/2020,FEU,Z01,17,0.0969123023
08/12/2020,FEU,Z02,17,0.11543351114
08/12/2020,FEU,Z03,17,0.11543351114
08/12/2020,FEU,Z01,18,0.09739467634
08/12/2020,FEU,Z02,18,0.11591966318
08/12/2020,FEU,Z03,18,0.11591966318
08/12/2020,FEU,Z01,19,0.09819479426
08/12/2020,FEU,Z02,19,0.1167246571
08/12/2020,FEU,Z03,19,0.1167246571
08/12/2020,FEU,Z01,2,0.09693901734
08/12/2020,FEU,Z02,2,0.0487771372
08/12/2020,FEU,Z03,2,0.04612213776
08/12/2020,FEU,Z01,20,0.10031401214
08/12/2020,FEU,Z02,20,0.11885756498
08/12/2020,FEU,Z03,20,0.11885756498
08/12/2020,FEU,Z01,21,0.10267042698
08/12/2020,FEU,Z02,21,0.1212798568
08/12/2020,FEU,Z03,21,0.1212798568
08/12/2020,FEU,Z01,22,0.10483816092
08/12/2020,FEU,Z02,22,0.12346489674
08/12/2020,FEU,Z03,22,0.12346489674
08/12/2020,FEU,Z01,23,0.10389789284
08/12/2020,FEU,Z02,23,0.12251509166
08/12/2020,FEU,Z03,23,0.12251509166
08/12/2020,FEU,Z01,24,0.1024738265
08/12/2020,FEU,Z02,24,0.05417322434
08/12/2020,FEU,Z03,24,0.0573300764
08/12/2020,FEU,Z01,3,0.09249993632
08/12/2020,FEU,Z02,3,0.04449701418
08/12/2020,FEU,Z03,3,0.04194788674
08/12/2020,FEU,Z01,4,0.0920716163
08/12/2020,FEU,Z02,4,0.04404517818
08/12/2020,FEU,Z03,4,0.04154363572
08/12/2020,FEU,Z01,5,0.09063632032
08/12/2020,FEU,Z02,5,0.0426655972
08/12/2020,FEU,Z03,5,0.04019713774
08/12/2020,FEU,Z01,6,0.0910181164
08/12/2020,FEU,Z02,6,0.04311469724
08/12/2020,FEU,Z03,6,0.04063422478
08/12/2020,FEU,Z01,7,0.09498319256
08/12/2020,FEU,Z02,7,0.04699692238
08/12/2020,FEU,Z03,7,0.0444572329
08/12/2020,FEU,Z01,8,0.0991140017
08/12/2020,FEU,Z02,8,0.05108562948
08/12/2020,FEU,Z03,8,0.0539939366
08/12/2020,FEU,Z01,9,0.10007267328
08/12/2020,FEU,Z02,9,0.05239508992
08/12/2020,FEU,Z03,9,0.0550214372
08/13/2020,FEU,Z01,1,0.10149924044
08/13/2020,FEU,Z02,1,0.05322705728
08/13/2020,FEU,Z03,1,0.05633992934
08/13/2020,FEU,Z01,10,0.10069150136
08/13/2020,FEU,Z02,10,0.05305255198
08/13/2020,FEU,Z03,10,0.0556110773
08/13/2020,FEU,Z01,11,0.0998455874
08/13/2020,FEU,Z02,11,0.052280378
08/13/2020,FEU,Z03,11,0.05481617732
08/13/2020,FEU,Z01,12,0.09831203736
08/13/2020,FEU,Z02,12,0.05073824998
08/13/2020,FEU,Z03,12,0.05326966528
08/13/2020,FEU,Z01,13,0.10053815126
08/13/2020,FEU,Z02,13,0.0528438679
08/13/2020,FEU,Z03,13,0.05548478218
08/13/2020,FEU,Z01,14,0.10007719532
08/13/2020,FEU,Z02,14,0.11857248818
08/13/2020,FEU,Z03,14,0.11857248818
08/13/2020,FEU,Z01,15,0.09811406726
08/13/2020,FEU,Z02,15,0.11659564912
08/13/2020,FEU,Z03,15,0.11659564912
08/13/2020,FEU,Z01,16,0.09617295918
08/13/2020,FEU,Z02,16,0.114733727
08/13/2020,FEU,Z03,16,0.114733727
08/13/2020,FEU,Z01,17,0.09700642322
08/13/2020,FEU,Z02,17,0.11552755606
08/13/2020,FEU,Z03,17,0.11552755606
08/13/2020,FEU,Z01,18,0.10028346326
08/13/2020,FEU,Z02,18,0.1188280221
08/13/2020,FEU,Z03,18,0.1188280221
08/13/2020,FEU,Z01,19,0.1010566172
08/13/2020,FEU,Z02,19,0.11960713704
08/13/2020,FEU,Z03,19,0.11960713704
08/13/2020,FEU,Z01,2,0.10008724742
08/13/2020,FEU,Z02,2,0.05186321926
08/13/2020,FEU,Z03,2,0.0491743078
08/13/2020,FEU,Z01,20,0.10179912908
08/13/2020,FEU,Z02,20,0.12035244692
08/13/2020,FEU,Z03,20,0.12035244692
08/13/2020,FEU,Z01,21,0.10332963296
08/13/2020,FEU,Z02,21,0.12194395778
08/13/2020,FEU,Z03,21,0.12194395778
08/13/2020,FEU,Z01,22,0.10373974496
08/13/2020,FEU,Z02,22,0.12235727378
08/13/2020,FEU,Z03,22,0.12235727378
08/13/2020,FEU,Z01,23,0.10191598888
08/13/2020,FEU,Z02,23,0.1205182767
08/13/2020,FEU,Z03,23,0.1205182767
08/13/2020,FEU,Z01,24,0.10177963154
08/13/2020,FEU,Z02,24,0.05355230936
08/13/2020,FEU,Z03,24,0.05664054044
08/13/2020,FEU,Z01,3,0.09789238638
08/13/2020,FEU,Z02,3,0.04970030324
08/13/2020,FEU,Z03,3,0.04706247078
08/13/2020,FEU,Z01,4,0.0970679764
08/13/2020,FEU,Z02,4,0.04894922324
08/13/2020,FEU,Z03,4,0.04633032178
08/13/2020,FEU,Z01,5,0.09692160438
08/13/2020,FEU,Z02,5,0.04876486724
08/13/2020,FEU,Z03,5,0.04614922878
08/13/2020,FEU,Z01,6,0.09817603846
08/13/2020,FEU,Z02,6,0.0500245823
08/13/2020,FEU,Z03,6,0.04741850882
08/13/2020,FEU,Z01,7,0.09441800064
08/13/2020,FEU,Z02,7,0.04653951742
08/13/2020,FEU,Z03,7,0.04400886594
08/13/2020,FEU,Z01,8,0.10062647672
08/13/2020,FEU,Z02,8,0.0525497275
08/13/2020,FEU,Z03,8,0.05547168064
08/13/2020,FEU,Z01,9,0.10027877022
08/13/2020,FEU,Z02,9,0.05254240188
08/13/2020,FEU,Z03,9,0.05521694714
08/14/2020,FEU,Z01,1,0.09276674636
08/14/2020,FEU,Z02,1,0.04475776622
08/14/2020,FEU,Z03,1,0.04755528226
08/14/2020,FEU,Z01,10,0.09933174638
08/14/2020,FEU,Z02,10,0.051732578
08/14/2020,FEU,Z03,10,0.05425257932
08/14/2020,FEU,Z01,11,0.09960771038
08/14/2020,FEU,Z02,11,0.052000978
08/14/2020,FEU,Z03,11,0.0545736873
08/14/2020,FEU,Z01,12,0.09869422734
08/14/2020,FEU,Z02,12,0.05110630996
08/14/2020,FEU,Z03,12,0.05364943826
08/14/2020,FEU,Z01,13,0.09924728924
08/14/2020,FEU,Z02,13,0.05158792388
08/14/2020,FEU,Z03,13,0.05418561116
08/14/2020,FEU,Z01,14,0.09729209132
08/14/2020,FEU,Z02,14,0.11581616516
08/14/2020,FEU,Z03,14,0.11581616516
08/14/2020,FEU,Z01,15,0.09557268724
08/14/2020,FEU,Z02,15,0.11408507108
08/14/2020,FEU,Z03,15,0.11408507108
08/14/2020,FEU,Z01,16,0.09517279814
08/14/2020,FEU,Z02,16,0.11368036698
08/14/2020,FEU,Z03,16,0.11368036698
08/14/2020,FEU,Z01,17,0.0960919172
08/14/2020,FEU,Z02,17,0.11460644904
08/14/2020,FEU,Z03,17,0.11460644904
08/14/2020,FEU,Z01,18,0.09405914724
08/14/2020,FEU,Z02,18,0.11256089108
08/14/2020,FEU,Z03,18,0.11256089108
08/14/2020,FEU,Z01,19,0.0940319372
08/14/2020,FEU,Z02,19,0.11253201304
08/14/2020,FEU,Z03,19,0.11253201304
08/14/2020,FEU,Z01,2,0.09129374134
08/14/2020,FEU,Z02,2,0.0433370572
08/14/2020,FEU,Z03,2,0.04085269474
08/14/2020,FEU,Z01,20,0.0958783021
08/14/2020,FEU,Z02,20,0.11439046094
08/14/2020,FEU,Z03,20,0.11439046094
08/14/2020,FEU,Z01,21,0.09933062194
08/14/2020,FEU,Z02,21,0.11791463476
08/14/2020,FEU,Z03,21,0.11791463476
08/14/2020,FEU,Z01,22,0.1013034269
08/14/2020,FEU,Z02,22,0.11990118872
08/14/2020,FEU,Z03,22,0.11990118872
08/14/2020,FEU,Z01,23,0.0994192968
08/14/2020,FEU,Z02,23,0.11800123162
08/14/2020,FEU,Z03,23,0.11800123162
08/14/2020,FEU,Z01,24,0.09501363248
08/14/2020,FEU,Z02,24,0.04697735932
08/14/2020,FEU,Z03,24,0.04983435538
08/14/2020,FEU,Z01,3,0.09015332934
08/14/2020,FEU,Z02,3,0.0422380972
08/14/2020,FEU,Z03,3,0.03977864974
08/14/2020,FEU,Z01,4,0.08974713632
08/14/2020,FEU,Z02,4,0.0418094572
08/14/2020,FEU,Z03,4,0.03936127474
08/14/2020,FEU,Z01,5,0.08961269834
08/14/2020,FEU,Z02,5,0.0417171172
08/14/2020,FEU,Z03,5,0.03927000874
08/14/2020,FEU,Z01,6,0.09172106342
08/14/2020,FEU,Z02,6,0.04379506726
08/14/2020,FEU,Z03,6,0.0412966378
08/14/2020,FEU,Z01,7,0.0938151566
08/14/2020,FEU,Z02,7,0.0459132074
08/14/2020,FEU,Z03,7,0.0434373179
08/14/2020,FEU,Z01,8,0.09520595474
08/14/2020,FEU,Z02,8,0.0473533525
08/14/2020,FEU,Z03,8,0.05007668864
08/14/2020,FEU,Z01,9,0.09792873626
08/14/2020,FEU,Z02,9,0.05026547392
08/14/2020,FEU,Z03,9,0.05286618718
08/15/2020,FEU,Z01,1,0.10007781818
08/15/2020,FEU,Z02,1,0.05169811108
08/15/2020,FEU,Z03,1,0.05486311608
08/15/2020,FEU,Z01,10,0.09099345668
08/15/2020,FEU,Z02,10,0.04323439646
08/15/2020,FEU,Z03,10,0.04583476958
08/15/2020,FEU,Z01,11,0.0890094568
08/15/2020,FEU,Z02,11,0.04136604556
08/15/2020,FEU,Z03,11,0.0438648417
08/15/2020,FEU,Z01,12,0.0885500968
08/15/2020,FEU,Z02,12,0.04092173356
08/15/2020,FEU,Z03,12,0.04336871672
08/15/2020,FEU,Z01,13,0.0883983317
08/15/2020,FEU,Z02,13,0.04072868148
08/15/2020,FEU,Z03,13,0.04319778662
08/15/2020,FEU,Z01,14,0.08638147282
08/15/2020,FEU,Z02,14,0.10486239264
08/15/2020,FEU,Z03,14,0.10486239264
08/15/2020,FEU,Z01,15,0.0854285368
08/15/2020,FEU,Z02,15,0.10390309162
08/15/2020,FEU,Z03,15,0.10390309162
08/15/2020,FEU,Z01,16,0.08449533868
08/15/2020,FEU,Z02,16,0.1029607265
08/15/2020,FEU,Z03,16,0.1029607265
08/15/2020,FEU,Z01,17,0.0858201867
08/15/2020,FEU,Z02,17,0.1043319515
08/15/2020,FEU,Z03,17,0.1043319515
08/15/2020,FEU,Z01,18,0.08738352068
08/15/2020,FEU,Z02,18,0.1058712015
08/15/2020,FEU,Z03,18,0.1058712015
08/15/2020,FEU,Z01,19,0.08731239468
08/15/2020,FEU,Z02,19,0.10583679248
08/15/2020,FEU,Z03,19,0.10583679248
08/15/2020,FEU,Z01,2,0.09738628714
08/15/2020,FEU,Z02,2,0.04910388904
08/15/2020,FEU,Z03,2,0.04640689762
08/15/2020,FEU,Z01,20,0.09123987264
08/15/2020,FEU,Z02,20,0.10979754644
08/15/2020,FEU,Z03,20,0.10979754644
08/15/2020,FEU,Z01,21,0.0993621266
08/15/2020,FEU,Z02,21,0.11794255742
08/15/2020,FEU,Z03,21,0.11794255742
08/15/2020,FEU,Z01,22,0.09937414674
08/15/2020,FEU,Z02,22,0.11795505256
08/15/2020,FEU,Z03,22,0.11795505256
08/15/2020,FEU,Z01,23,0.09903179672
08/15/2020,FEU,Z02,23,0.11760983054
08/15/2020,FEU,Z03,23,0.11760983054
08/15/2020,FEU,Z01,24,0.0937863964
08/15/2020,FEU,Z02,24,0.04574502226
08/15/2020,FEU,Z03,24,0.0485867963
08/15/2020,FEU,Z01,3,0.09224695216
08/15/2020,FEU,Z02,3,0.04412419708
08/15/2020,FEU,Z03,3,0.04158788564
08/15/2020,FEU,Z01,4,0.09156574118
08/15/2020,FEU,Z02,4,0.04350650308
08/15/2020,FEU,Z03,4,0.04095053366
08/15/2020,FEU,Z01,5,0.0911628762
08/15/2020,FEU,Z02,5,0.0431223921
08/15/2020,FEU,Z03,5,0.04060984866
08/15/2020,FEU,Z01,6,0.09022501626
08/15/2020,FEU,Z02,6,0.04226226814
08/15/2020,FEU,Z03,6,0.0397693727
08/15/2020,FEU,Z01,7,0.09007155232
08/15/2020,FEU,Z02,7,0.04215682318
08/15/2020,FEU,Z03,7,0.03966623674
08/15/2020,FEU,Z01,8,0.09046729616
08/15/2020,FEU,Z02,8,0.04244829606
08/15/2020,FEU,Z03,8,0.04524385004
08/15/2020,FEU,Z01,9,0.0910939515
08/15/2020,FEU,Z02,9,0.04323629332
08/15/2020,FEU,Z03,9,0.0459017764
08/16/2020,FEU,Z01,1,0.09382756694
08/16/2020,FEU,Z02,1,0.0455436469
08/16/2020,FEU,Z03,1,0.04857917582
08/16/2020,FEU,Z01,10,0.08749391076
08/16/2020,FEU,Z02,10,0.03989595352
08/16/2020,FEU,Z03,10,0.04233524666
08/16/2020,FEU,Z01,11,0.08380543484
08/16/2020,FEU,Z02,11,0.0363391376
08/16/2020,FEU,Z03,11,0.03861512476
08/16/2020,FEU,Z01,12,0.08199548084
08/16/2020,FEU,Z02,12,0.03461748258
08/16/2020,FEU,Z03,12,0.03682810974
08/16/2020,FEU,Z01,13,0.08302253476
08/16/2020,FEU,Z02,13,0.03557080152
08/16/2020,FEU,Z03,13,0.03784463066
08/16/2020,FEU,Z01,14,0.08002824894
08/16/2020,FEU,Z02,14,0.09846159276
08/16/2020,FEU,Z03,14,0.09846159276
08/16/2020,FEU,Z01,15,0.08610527892
08/16/2020,FEU,Z02,15,0.10454814876
08/16/2020,FEU,Z03,15,0.10454814876
08/16/2020,FEU,Z01,16,0.08188054586
08/16/2020,FEU,Z02,16,0.10032673668
08/16/2020,FEU,Z03,16,0.10032673668
08/16/2020,FEU,Z01,17,0.08017744186
08/16/2020,FEU,Z02,17,0.09861038468
08/16/2020,FEU,Z03,17,0.09861038468
08/16/2020,FEU,Z01,18,0.08654234488
08/16/2020,FEU,Z02,18,0.1050249417
08/16/2020,FEU,Z03,18,0.1050249417
08/16/2020,FEU,Z01,19,0.08768589284
08/16/2020,FEU,Z02,19,0.10617709166
08/16/2020,FEU,Z03,19,0.10617709166
08/16/2020,FEU,Z01,2,0.0896410459
08/16/2020,FEU,Z02,2,0.04151942386
08/16/2020,FEU,Z03,2,0.03895265948
08/16/2020,FEU,Z01,20,0.09674226876
08/16/2020,FEU,Z02,20,0.11530418658
08/16/2020,FEU,Z03,20,0.11530418658
08/16/2020,FEU,Z01,21,0.0998596017
08/16/2020,FEU,Z02,21,0.1184918765
08/16/2020,FEU,Z03,21,0.1184918765
08/16/2020,FEU,Z01,22,0.09972264286
08/16/2020,FEU,Z02,22,0.11830762268
08/16/2020,FEU,Z03,22,0.11830762268
08/16/2020,FEU,Z01,23,0.09948976282
08/16/2020,FEU,Z02,23,0.11807247264
08/16/2020,FEU,Z03,23,0.11807247264
08/16/2020,FEU,Z01,24,0.0948868515
08/16/2020,FEU,Z02,24,0.04689684532
08/16/2020,FEU,Z03,24,0.0497108164
08/16/2020,FEU,Z01,3,0.08888199592
08/16/2020,FEU,Z02,3,0.04079300888
08/16/2020,FEU,Z03,3,0.0382449775
08/16/2020,FEU,Z01,4,0.08808685094
08/16/2020,FEU,Z02,4,0.0400319869
08/16/2020,FEU,Z03,4,0.0375373525
08/16/2020,FEU,Z01,5,0.087709376
08/16/2020,FEU,Z02,5,0.03970938394
08/16/2020,FEU,Z03,5,0.03722064254
08/16/2020,FEU,Z01,6,0.08704117106
08/16/2020,FEU,Z02,6,0.039074777
08/16/2020,FEU,Z03,6,0.03663242558
08/16/2020,FEU,Z01,7,0.08618324816
08/16/2020,FEU,Z02,7,0.03832597806
08/16/2020,FEU,Z03,7,0.03590173764
08/16/2020,FEU,Z01,8,0.08630079208
08/16/2020,FEU,Z02,8,0.038397427
08/16/2020,FEU,Z03,8,0.04104127396
08/16/2020,FEU,Z01,9,0.08770363154
08/16/2020,FEU,Z02,9,0.03996830936
08/16/2020,FEU,Z03,9,0.04250454044
08/17/2020,FEU,Z01,1,0.09561826114
08/17/2020,FEU,Z02,1,0.04740140504
08/17/2020,FEU,Z03,1,0.05041692802
08/17/2020,FEU,Z01,10,0.0989969574
08/17/2020,FEU,Z02,10,0.051453178
08/17/2020,FEU,Z03,10,0.05396454332
08/17/2020,FEU,Z01,11,0.09786867344
08/17/2020,FEU,Z02,11,0.05036118004
08/17/2020,FEU,Z03,11,0.05283979736
08/17/2020,FEU,Z01,12,0.09687264944
08/17/2020,FEU,Z02,12,0.04939054804
08/17/2020,FEU,Z03,12,0.05179698938
08/17/2020,FEU,Z01,13,0.09726540938
08/17/2020,FEU,Z02,13,0.049722878
08/17/2020,FEU,Z03,13,0.0522231023
08/17/2020,FEU,Z01,14,0.09676832346
08/17/2020,FEU,Z02,14,0.11524307132
08/17/2020,FEU,Z03,14,0.11524307132
08/17/2020,FEU,Z01,15,0.09616268438
08/17/2020,FEU,Z02,15,0.11463423524
08/17/2020,FEU,Z03,15,0.11463423524
08/17/2020,FEU,Z01,16,0.0925107723
08/17/2020,FEU,Z02,16,0.11100095714
08/17/2020,FEU,Z03,16,0.11100095714
08/17/2020,FEU,Z01,17,0.09173095532
08/17/2020,FEU,Z02,17,0.11017358718
08/17/2020,FEU,Z03,17,0.11017358718
08/17/2020,FEU,Z01,18,0.09222187736
08/17/2020,FEU,Z02,18,0.11066777922
08/17/2020,FEU,Z03,18,0.11066777922
08/17/2020,FEU,Z01,19,0.0923030673
08/17/2020,FEU,Z02,19,0.11079178814
08/17/2020,FEU,Z03,19,0.11079178814
08/17/2020,FEU,Z01,2,0.08846319204
08/17/2020,FEU,Z02,2,0.04043853598
08/17/2020,FEU,Z03,2,0.03793054358
08/17/2020,FEU,Z01,20,0.09650841318
08/17/2020,FEU,Z02,20,0.11502568802
08/17/2020,FEU,Z03,20,0.11502568802
08/17/2020,FEU,Z01,21,0.09987957908
08/17/2020,FEU,Z02,21,0.1184683769
08/17/2020,FEU,Z03,21,0.1184683769
08/17/2020,FEU,Z01,22,0.10358980904
08/17/2020,FEU,Z02,22,0.12220721586
08/17/2020,FEU,Z03,22,0.12220721586
08/17/2020,FEU,Z01,23,0.10294371296
08/17/2020,FEU,Z02,23,0.12155502278
08/17/2020,FEU,Z03,23,0.12155502278
08/17/2020,FEU,Z01,24,0.09852118464
08/17/2020,FEU,Z02,24,0.05046292144
08/17/2020,FEU,Z03,24,0.05334412456
08/17/2020,FEU,Z01,3,0.08812379802
08/17/2020,FEU,Z02,3,0.04010886496
08/17/2020,FEU,Z03,3,0.03764289054
08/17/2020,FEU,Z01,4,0.08822091702
08/17/2020,FEU,Z02,4,0.04020332896
08/17/2020,FEU,Z03,4,0.03770104156
08/17/2020,FEU,Z01,5,0.08841527204
08/17/2020,FEU,Z02,5,0.04039249598
08/17/2020,FEU,Z03,5,0.03791758756
08/17/2020,FEU,Z01,6,0.09067010918
08/17/2020,FEU,Z02,6,0.04264585708
08/17/2020,FEU,Z03,6,0.04011166666
08/17/2020,FEU,Z01,7,0.09587029546
08/17/2020,FEU,Z02,7,0.0477999823
08/17/2020,FEU,Z03,7,0.04524597782
08/17/2020,FEU,Z01,8,0.09915022166
08/17/2020,FEU,Z02,8,0.05111490544
08/17/2020,FEU,Z03,8,0.05402271256
08/17/2020,FEU,Z01,9,0.09853034924
08/17/2020,FEU,Z02,9,0.0508471329
08/17/2020,FEU,Z03,9,0.05346615116
08/18/2020,FEU,Z01,1,0.09766445338
08/18/2020,FEU,Z02,1,0.04948066924
08/18/2020,FEU,Z03,1,0.05247749628
08/18/2020,FEU,Z01,10,0.10103163938
08/18/2020,FEU,Z02,10,0.053385878
08/18/2020,FEU,Z03,10,0.0560026523
08/18/2020,FEU,Z01,11,0.09999150742
08/18/2020,FEU,Z02,11,0.05237820604
08/18/2020,FEU,Z03,11,0.05492041336
08/18/2020,FEU,Z01,12,0.09877332944
08/18/2020,FEU,Z02,12,0.05124177604
08/18/2020,FEU,Z03,12,0.05374766136
08/18/2020,FEU,Z01,13,0.0985381774
08/18/2020,FEU,Z02,13,0.05096222202
08/18/2020,FEU,Z03,13,0.05350413932
08/18/2020,FEU,Z01,14,0.0968693525
08/18/2020,FEU,Z02,14,0.11534502536
08/18/2020,FEU,Z03,14,0.11534502536
08/18/2020,FEU,Z01,15,0.09337923344
08/18/2020,FEU,Z02,15,0.1118328023
08/18/2020,FEU,Z03,15,0.1118328023
08/18/2020,FEU,Z01,16,0.09310400534
08/18/2020,FEU,Z02,16,0.11159869618
08/18/2020,FEU,Z03,16,0.11159869618
08/18/2020,FEU,Z01,17,0.09483000536
08/18/2020,FEU,Z02,17,0.11329203522
08/18/2020,FEU,Z03,17,0.11329203522
08/18/2020,FEU,Z01,18,0.0971155074
08/18/2020,FEU,Z02,18,0.11563908924
08/18/2020,FEU,Z03,18,0.11563908924
08/18/2020,FEU,Z01,19,0.09730343132
08/18/2020,FEU,Z02,19,0.11578046118
08/18/2020,FEU,Z03,19,0.11578046118
08/18/2020,FEU,Z01,2,0.0931310063
08/18/2020,FEU,Z02,2,0.04506409118
08/18/2020,FEU,Z03,2,0.04253955172
08/18/2020,FEU,Z01,20,0.09902928722
08/18/2020,FEU,Z02,20,0.11756577506
08/18/2020,FEU,Z03,20,0.11756577506
08/18/2020,FEU,Z01,21,0.10133683206
08/18/2020,FEU,Z02,21,0.1198878719
08/18/2020,FEU,Z03,21,0.1198878719
08/18/2020,FEU,Z01,22,0.10337505106
08/18/2020,FEU,Z02,22,0.1219391519
08/18/2020,FEU,Z03,22,0.1219391519
08/18/2020,FEU,Z01,23,0.10223062496
08/18/2020,FEU,Z02,23,0.1207856968
08/18/2020,FEU,Z03,23,0.1207856968
08/18/2020,FEU,Z01,24,0.09971838464
08/18/2020,FEU,Z02,24,0.05161912144
08/18/2020,FEU,Z03,24,0.05454542456
08/18/2020,FEU,Z01,3,0.09045410726
08/18/2020,FEU,Z02,3,0.04248172414
08/18/2020,FEU,Z03,3,0.0399845677
08/18/2020,FEU,Z01,4,0.08954961326
08/18/2020,FEU,Z02,4,0.04161190114
08/18/2020,FEU,Z03,4,0.0391360527
08/18/2020,FEU,Z01,5,0.08959828026
08/18/2020,FEU,Z02,5,0.04165876414
08/18/2020,FEU,Z03,5,0.0391806527
08/18/2020,FEU,Z01,6,0.09264438432
08/18/2020,FEU,Z02,6,0.0445990372
08/18/2020,FEU,Z03,6,0.04208367274
08/18/2020,FEU,Z01,7,0.09721622052
08/18/2020,FEU,Z02,7,0.04914610334
08/18/2020,FEU,Z03,7,0.04655969086
08/18/2020,FEU,Z01,8,0.10110267668
08/18/2020,FEU,Z02,8,0.05300548646
08/18/2020,FEU,Z03,8,0.05598733958
08/18/2020,FEU,Z01,9,0.10166607222
08/18/2020,FEU,Z02,9,0.05388950988
08/18/2020,FEU,Z03,9,0.05660912114
08/19/2020,FEU,Z01,1,0.0978231764
08/19/2020,FEU,Z02,1,0.04967754324
08/19/2020,FEU,Z03,1,0.0526406813
08/19/2020,FEU,Z01,10,0.09941797542
08/19/2020,FEU,Z02,10,0.05186669902
08/19/2020,FEU,Z03,10,0.05439082234
08/19/2020,FEU,Z01,11,0.09578412944
08/19/2020,FEU,Z02,11,0.04833207604
08/19/2020,FEU,Z03,11,0.05070557438
08/19/2020,FEU,Z01,12,0.09620822842
08/19/2020,FEU,Z02,12,0.04869990604
08/19/2020,FEU,Z03,12,0.05112708136
08/19/2020,FEU,Z01,13,0.09578355034
08/19/2020,FEU,Z02,13,0.04827637396
08/19/2020,FEU,Z03,13,0.05072848526
08/19/2020,FEU,Z01,14,0.09046613442
08/19/2020,FEU,Z02,14,0.10894278926
08/19/2020,FEU,Z03,14,0.10894278926
08/19/2020,FEU,Z01,15,0.08996332934
08/19/2020,FEU,Z02,15,0.10843584418
08/19/2020,FEU,Z03,15,0.10843584418
08/19/2020,FEU,Z01,16,0.08452839724
08/19/2020,FEU,Z02,16,0.10296199508
08/19/2020,FEU,Z03,16,0.10296199508
08/19/2020,FEU,Z01,17,0.0835567573
08/19/2020,FEU,Z02,17,0.10198497314
08/19/2020,FEU,Z03,17,0.10198497314
08/19/2020,FEU,Z01,18,0.08285488734
08/19/2020,FEU,Z02,18,0.10127721018
08/19/2020,FEU,Z03,18,0.10127721018
08/19/2020,FEU,Z01,19,0.08244961826
08/19/2020,FEU,Z02,19,0.1008686971
08/19/2020,FEU,Z03,19,0.1008686971
08/19/2020,FEU,Z01,2,0.09519764134
08/19/2020,FEU,Z02,2,0.0470990572
08/19/2020,FEU,Z03,2,0.04448527376
08/19/2020,FEU,Z01,20,0.08651685914
08/19/2020,FEU,Z02,20,0.10496384398
08/19/2020,FEU,Z03,20,0.10496384398
08/19/2020,FEU,Z01,21,0.09654710698
08/19/2020,FEU,Z02,21,0.1151098168
08/19/2020,FEU,Z03,21,0.1151098168
08/19/2020,FEU,Z01,22,0.09977787092
08/19/2020,FEU,Z02,22,0.11836397874
08/19/2020,FEU,Z03,22,0.11836397874
08/19/2020,FEU,Z01,23,0.09874826684
08/19/2020,FEU,Z02,23,0.11732544266
08/19/2020,FEU,Z03,23,0.11732544266
08/19/2020,FEU,Z01,24,0.0928235515
08/19/2020,FEU,Z02,24,0.04486789534
08/19/2020,FEU,Z03,24,0.0476387364
08/19/2020,FEU,Z01,3,0.09143078432
08/19/2020,FEU,Z02,3,0.04346555018
08/19/2020,FEU,Z03,3,0.04094284774
08/19/2020,FEU,Z01,4,0.0896779163
08/19/2020,FEU,Z02,4,0.04174035818
08/19/2020,FEU,Z03,4,0.03929335572
08/19/2020,FEU,Z01,5,0.08939904032
08/19/2020,FEU,Z02,5,0.0414742972
08/19/2020,FEU,Z03,5,0.03903293974
08/19/2020,FEU,Z01,6,0.0928872364
08/19/2020,FEU,Z02,6,0.04491728924
08/19/2020,FEU,Z03,6,0.04239293778
08/19/2020,FEU,Z01,7,0.09910042856
08/19/2020,FEU,Z02,7,0.05097012538
08/19/2020,FEU,Z03,7,0.0483390979
08/19/2020,FEU,Z01,8,0.1004036567
08/19/2020,FEU,Z02,8,0.05233211148
08/19/2020,FEU,Z03,8,0.0552891266
08/19/2020,FEU,Z01,9,0.09876968128
08/19/2020,FEU,Z02,9,0.05112880192
08/19/2020,FEU,Z03,9,0.0537138572
08/20/2020,FEU,Z01,1,0.09245809044
08/20/2020,FEU,Z02,1,0.04450712128
08/20/2020,FEU,Z03,1,0.04726040434
08/20/2020,FEU,Z01,10,0.09871502936
08/20/2020,FEU,Z02,10,0.05112910498
08/20/2020,FEU,Z03,10,0.0536293673
08/20/2020,FEU,Z01,11,0.0980330674
08/20/2020,FEU,Z02,11,0.050515978
08/20/2020,FEU,Z03,11,0.05299724132
08/20/2020,FEU,Z01,12,0.09602539736
08/20/2020,FEU,Z02,12,0.04851422998
08/20/2020,FEU,Z03,12,0.05097494528
08/20/2020,FEU,Z01,13,0.09478947926
08/20/2020,FEU,Z02,13,0.0472569879
08/20/2020,FEU,Z03,13,0.04971588618
08/20/2020,FEU,Z01,14,0.09156992732
08/20/2020,FEU,Z02,14,0.11001156518
08/20/2020,FEU,Z03,14,0.11001156518
08/20/2020,FEU,Z01,15,0.08998679126
08/20/2020,FEU,Z02,15,0.10841833712
08/20/2020,FEU,Z03,15,0.10841833712
08/20/2020,FEU,Z01,16,0.08642996018
08/20/2020,FEU,Z02,16,0.104915027
08/20/2020,FEU,Z03,16,0.104915027
08/20/2020,FEU,Z01,17,0.08524624822
08/20/2020,FEU,Z02,17,0.10368478106
08/20/2020,FEU,Z03,17,0.10368478106
08/20/2020,FEU,Z01,18,0.08655873626
08/20/2020,FEU,Z02,18,0.1050067271
08/20/2020,FEU,Z03,18,0.1050067271
08/20/2020,FEU,Z01,19,0.0893556572
08/20/2020,FEU,Z02,19,0.10782406504
08/20/2020,FEU,Z03,19,0.10782406504
08/20/2020,FEU,Z01,2,0.08733989942
08/20/2020,FEU,Z02,2,0.03956997526
08/20/2020,FEU,Z03,2,0.0371718778
08/20/2020,FEU,Z01,20,0.09387568508
08/20/2020,FEU,Z02,20,0.11237484492
08/20/2020,FEU,Z03,20,0.11237484492
08/20/2020,FEU,Z01,21,0.10040585696
08/20/2020,FEU,Z02,21,0.11899733978
08/20/2020,FEU,Z03,21,0.11899733978
08/20/2020,FEU,Z01,22,0.10287344096
08/20/2020,FEU,Z02,22,0.12148420178
08/20/2020,FEU,Z03,22,0.12148420178
08/20/2020,FEU,Z01,23,0.10132989688
08/20/2020,FEU,Z02,23,0.1199276217
08/20/2020,FEU,Z03,23,0.1199276217
08/20/2020,FEU,Z01,24,0.09695625554
08/20/2020,FEU,Z02,24,0.04889865736
08/20/2020,FEU,Z03,24,0.05179660444
08/20/2020,FEU,Z01,3,0.08563951138
08/20/2020,FEU,Z02,3,0.03789241524
08/20/2020,FEU,Z03,3,0.03553584578
08/20/2020,FEU,Z01,4,0.0856998564
08/20/2020,FEU,Z02,4,0.03798459324
08/20/2020,FEU,Z03,4,0.03562583678
08/20/2020,FEU,Z01,5,0.08691026738
08/20/2020,FEU,Z02,5,0.03911690324
08/20/2020,FEU,Z03,5,0.03673128178
08/20/2020,FEU,Z01,6,0.08734999246
08/20/2020,FEU,Z02,6,0.0395848523
08/20/2020,FEU,Z03,6,0.03721792682
08/20/2020,FEU,Z01,7,0.09290076864
08/20/2020,FEU,Z02,7,0.04507181742
08/20/2020,FEU,Z03,7,0.04257606894
08/20/2020,FEU,Z01,8,0.09749531672
08/20/2020,FEU,Z02,8,0.0495234775
08/20/2020,FEU,Z03,8,0.05232976064
08/20/2020,FEU,Z01,9,0.09857824322
08/20/2020,FEU,Z02,9,0.05089114388
08/20/2020,FEU,Z03,9,0.05351044814
08/21/2020,FEU,Z01,1,0.09367806836
08/21/2020,FEU,Z02,1,0.04563707422
08/21/2020,FEU,Z03,1,0.04847045926
08/21/2020,FEU,Z01,10,0.09589916138
08/21/2020,FEU,Z02,10,0.048394078
08/21/2020,FEU,Z03,10,0.05080975532
08/21/2020,FEU,Z01,11,0.09125979938
08/21/2020,FEU,Z02,11,0.043881878
08/21/2020,FEU,Z03,11,0.0461962523
08/21/2020,FEU,Z01,12,0.09013554534
08/21/2020,FEU,Z02,12,0.04278290396
08/21/2020,FEU,Z03,12,0.04506054026
08/21/2020,FEU,Z01,13,0.09096378724
08/21/2020,FEU,Z02,13,0.04353624388
08/21/2020,FEU,Z03,13,0.04587299316
08/21/2020,FEU,Z01,14,0.08979635132
08/21/2020,FEU,Z02,14,0.10826868716
08/21/2020,FEU,Z03,14,0.10826868716
08/21/2020,FEU,Z01,15,0.08845677324
08/21/2020,FEU,Z02,15,0.10691798708
08/21/2020,FEU,Z03,15,0.10691798708
08/21/2020,FEU,Z01,16,0.08519326514
08/21/2020,FEU,Z02,16,0.10363098598
08/21/2020,FEU,Z03,16,0.10363098598
08/21/2020,FEU,Z01,17,0.0847033172
08/21/2020,FEU,Z02,17,0.10313792904
08/21/2020,FEU,Z03,17,0.10313792904
08/21/2020,FEU,Z01,18,0.09148385324
08/21/2020,FEU,Z02,18,0.10996634708
08/21/2020,FEU,Z03,18,0.10996634708
08/21/2020,FEU,Z01,19,0.0968910572
08/21/2020,FEU,Z02,19,0.11541119704
08/21/2020,FEU,Z03,19,0.11541119704
08/21/2020,FEU,Z01,2,0.08860359934
08/21/2020,FEU,Z02,2,0.0407446972
08/21/2020,FEU,Z03,2,0.03832173274
08/21/2020,FEU,Z01,20,0.0998777871
08/21/2020,FEU,Z02,20,0.11841788994
08/21/2020,FEU,Z03,20,0.11841788994
08/21/2020,FEU,Z01,21,0.10073612894
08/21/2020,FEU,Z02,21,0.11932995076
08/21/2020,FEU,Z03,21,0.11932995076
08/21/2020,FEU,Z01,22,0.1010574119
08/21/2020,FEU,Z02,22,0.11965325672
08/21/2020,FEU,Z03,22,0.11965325672
08/21/2020,FEU,Z01,23,0.0995724168
08/21/2020,FEU,Z02,23,0.11815553962
08/21/2020,FEU,Z03,23,0.11815553962
08/21/2020,FEU,Z01,24,0.09688817648
08/21/2020,FEU,Z02,24,0.04878495532
08/21/2020,FEU,Z03,24,0.05171686938
08/21/2020,FEU,Z01,3,0.08495286134
08/21/2020,FEU,Z02,3,0.0372266572
08/21/2020,FEU,Z03,3,0.03488590174
08/21/2020,FEU,Z01,4,0.08450675232
08/21/2020,FEU,Z02,4,0.0367638172
08/21/2020,FEU,Z03,4,0.03443402374
08/21/2020,FEU,Z01,5,0.08425607434
08/21/2020,FEU,Z02,5,0.0365551972
08/21/2020,FEU,Z03,5,0.03423034474
08/21/2020,FEU,Z01,6,0.08548415342
08/21/2020,FEU,Z02,6,0.03778033726
08/21/2020,FEU,Z03,6,0.0354258478
08/21/2020,FEU,Z01,7,0.0865342466
08/21/2020,FEU,Z02,7,0.0388812174
08/21/2020,FEU,Z03,7,0.0365597979
08/21/2020,FEU,Z01,8,0.09428485874
08/21/2020,FEU,Z02,8,0.0464623525
08/21/2020,FEU,Z03,8,0.04915163264
08/21/2020,FEU,Z01,9,0.09709758926
08/21/2020,FEU,Z02,9,0.04945844992
08/21/2020,FEU,Z03,9,0.05203211618
08/22/2020,FEU,Z01,1,0.09256746824
08/22/2020,FEU,Z02,1,0.04451552112
08/22/2020,FEU,Z03,1,0.04733254214
08/22/2020,FEU,Z01,10,0.09536548508
08/22/2020,FEU,Z02,10,0.04771245776
08/22/2020,FEU,Z03,10,0.050260127
08/22/2020,FEU,Z01,11,0.08970240916
08/22/2020,FEU,Z02,11,0.04222818184
08/22/2020,FEU,Z03,11,0.04459223108
08/22/2020,FEU,Z01,12,0.09472017014
08/22/2020,FEU,Z02,12,0.0471344578
08/22/2020,FEU,Z03,12,0.04962381506
08/22/2020,FEU,Z01,13,0.09585114104
08/22/2020,FEU,Z02,13,0.04813735774
08/22/2020,FEU,Z03,13,0.05073996896
08/22/2020,FEU,Z01,14,0.09684447716
08/22/2020,FEU,Z02,14,0.115363927
08/22/2020,FEU,Z03,14,0.115363927
08/22/2020,FEU,Z01,15,0.0968435371
08/22/2020,FEU,Z02,15,0.11536243994
08/22/2020,FEU,Z03,15,0.11536243994
08/22/2020,FEU,Z01,16,0.088995427
08/22/2020,FEU,Z02,16,0.10749809082
08/22/2020,FEU,Z03,16,0.10749809082
08/22/2020,FEU,Z01,17,0.08484979802
08/22/2020,FEU,Z02,17,0.10328448086
08/22/2020,FEU,Z03,17,0.10328448086
08/22/2020,FEU,Z01,18,0.08449911308
08/22/2020,FEU,Z02,18,0.1029671219
08/22/2020,FEU,Z03,18,0.1029671219
08/22/2020,FEU,Z01,19,0.08381181906
08/22/2020,FEU,Z02,19,0.10227430088
08/22/2020,FEU,Z03,19,0.10227430088
08/22/2020,FEU,Z01,2,0.0871882762
08/22/2020,FEU,Z02,2,0.0392980921
08/22/2020,FEU,Z03,2,0.03687906866
08/22/2020,FEU,Z01,20,0.08808195394
08/22/2020,FEU,Z02,20,0.10657700076
08/22/2020,FEU,Z03,20,0.10657700076
08/22/2020,FEU,Z01,21,0.0938025768
08/22/2020,FEU,Z02,21,0.1123839866
08/22/2020,FEU,Z03,21,0.1123839866
08/22/2020,FEU,Z01,22,0.10009404374
08/22/2020,FEU,Z02,22,0.11868052056
08/22/2020,FEU,Z03,22,0.11868052056
08/22/2020,FEU,Z01,23,0.10040424268
08/22/2020,FEU,Z02,23,0.1189924265
08/22/2020,FEU,Z03,23,0.1189924265
08/22/2020,FEU,Z01,24,0.09931504032
08/22/2020,FEU,Z02,24,0.05106461018
08/22/2020,FEU,Z03,24,0.05412368722
08/22/2020,FEU,Z01,3,0.08678983118
08/22/2020,FEU,Z02,3,0.03891104308
08/22/2020,FEU,Z03,3,0.03647136366
08/22/2020,FEU,Z01,4,0.08773191218
08/22/2020,FEU,Z02,4,0.03981867508
08/22/2020,FEU,Z03,4,0.03735602766
08/22/2020,FEU,Z01,5,0.08608833218
08/22/2020,FEU,Z02,5,0.03823604908
08/22/2020,FEU,Z03,5,0.03581345066
08/22/2020,FEU,Z01,6,0.08592139122
08/22/2020,FEU,Z02,6,0.03808052112
08/22/2020,FEU,Z03,6,0.03569178568
08/22/2020,FEU,Z01,7,0.08656193426
08/22/2020,FEU,Z02,7,0.03873382714
08/22/2020,FEU,Z03,7,0.0363284827
08/22/2020,FEU,Z01,8,0.09341320228
08/22/2020,FEU,Z02,8,0.04533347116
08/22/2020,FEU,Z03,8,0.04822742416
08/22/2020,FEU,Z01,9,0.09330939186
08/22/2020,FEU,Z02,9,0.0455724176
08/22/2020,FEU,Z03,9,0.04819465276
08/23/2020,FEU,Z01,1,0.10021549694
08/23/2020,FEU,Z02,1,0.0516755419
08/23/2020,FEU,Z03,1,0.05499896582
08/23/2020,FEU,Z01,10,0.08454475476
08/23/2020,FEU,Z02,10,0.03704324152
08/23/2020,FEU,Z03,10,0.03937340066
08/23/2020,FEU,Z01,11,0.08206611884
08/23/2020,FEU,Z02,11,0.0346557776
08/23/2020,FEU,Z03,11,0.03686980076
08/23/2020,FEU,Z01,12,0.08355878084
08/23/2020,FEU,Z02,12,0.03613083258
08/23/2020,FEU,Z03,12,0.03839815974
08/23/2020,FEU,Z01,13,0.08561844276
08/23/2020,FEU,Z02,13,0.03808181752
08/23/2020,FEU,Z03,13,0.04045170866
08/23/2020,FEU,Z01,14,0.08639626794
08/23/2020,FEU,Z02,14,0.10487815676
08/23/2020,FEU,Z03,14,0.10487815676
08/23/2020,FEU,Z01,15,0.08626914692
08/23/2020,FEU,Z02,15,0.10471315276
08/23/2020,FEU,Z03,15,0.10471315276
08/23/2020,FEU,Z01,16,0.08364265686
08/23/2020,FEU,Z02,16,0.10210255468
08/23/2020,FEU,Z03,16,0.10210255468
08/23/2020,FEU,Z01,17,0.07753369686
08/23/2020,FEU,Z02,17,0.09594724068
08/23/2020,FEU,Z03,17,0.09594724068
08/23/2020,FEU,Z01,18,0.08073228888
08/23/2020,FEU,Z02,18,0.0991696517
08/23/2020,FEU,Z03,18,0.0991696517
08/23/2020,FEU,Z01,19,0.08532241484
08/23/2020,FEU,Z02,19,0.10379524466
08/23/2020,FEU,Z03,19,0.10379524466
08/23/2020,FEU,Z01,2,0.0970662559
08/23/2020,FEU,Z02,2,0.04864885786
08/23/2020,FEU,Z03,2,0.04589219748
08/23/2020,FEU,Z01,20,0.09288559076
08/23/2020,FEU,Z02,20,0.11141646658
08/23/2020,FEU,Z03,20,0.11141646658
08/23/2020,FEU,Z01,21,0.0972336917
08/23/2020,FEU,Z02,21,0.1158434265
08/23/2020,FEU,Z03,21,0.1158434265
08/23/2020,FEU,Z01,22,0.09866514486
08/23/2020,FEU,Z02,22,0.11724306468
08/23/2020,FEU,Z03,22,0.11724306468
08/23/2020,FEU,Z01,23,0.09792511282
08/23/2020,FEU,Z02,23,0.11649567264
08/23/2020,FEU,Z03,23,0.11649567264
08/23/2020,FEU,Z01,24,0.0908789265
08/23/2020,FEU,Z02,24,0.04302877132
08/23/2020,FEU,Z03,24,0.0456858364
08/23/2020,FEU,Z01,3,0.09270710392
08/23/2020,FEU,Z02,3,0.04446562088
08/23/2020,FEU,Z03,3,0.0418202275
08/23/2020,FEU,Z01,4,0.08862459194
08/23/2020,FEU,Z02,4,0.0405482719
08/23/2020,FEU,Z03,4,0.0380391025
08/23/2020,FEU,Z01,5,0.088404176
08/23/2020,FEU,Z02,5,0.04037581794
08/23/2020,FEU,Z03,5,0.03787085954
08/23/2020,FEU,Z01,6,0.08815916906
08/23/2020,FEU,Z02,6,0.040148877
08/23/2020,FEU,Z03,6,0.03767943958
08/23/2020,FEU,Z01,7,0.08805945616
08/23/2020,FEU,Z02,7,0.04013135606
08/23/2020,FEU,Z03,7,0.03766035164
08/23/2020,FEU,Z01,8,0.08577933608
08/23/2020,FEU,Z02,8,0.037894877
08/23/2020,FEU,Z03,8,0.04051720196
08/23/2020,FEU,Z01,9,0.08533299854
08/23/2020,FEU,Z02,9,0.03768166936
08/23/2020,FEU,Z03,9,0.04012380244
08/24/2020,FEU,Z01,1,0.09268706014
08/24/2020,FEU,Z02,1,0.04458191704
08/24/2020,FEU,Z03,1,0.04747098502
08/24/2020,FEU,Z01,10,0.0981245974
08/24/2020,FEU,Z02,10,0.050605078
08/24/2020,FEU,Z03,10,0.05308909532
08/24/2020,FEU,Z01,11,0.09585293744
08/24/2020,FEU,Z02,11,0.04839905404
08/24/2020,FEU,Z03,11,0.05081691336
08/24/2020,FEU,Z01,12,0.09730805744
08/24/2020,FEU,Z02,12,0.04981437604
08/24/2020,FEU,Z03,12,0.05223355538
08/24/2020,FEU,Z01,13,0.09871195838
08/24/2020,FEU,Z02,13,0.051129778
08/24/2020,FEU,Z03,13,0.0536747673
08/24/2020,FEU,Z01,14,0.10039500946
08/24/2020,FEU,Z02,14,0.11889228332
08/24/2020,FEU,Z03,14,0.11889228332
08/24/2020,FEU,Z01,15,0.10027386938
08/24/2020,FEU,Z02,15,0.11876972724
08/24/2020,FEU,Z03,15,0.11876972724
08/24/2020,FEU,Z01,16,0.0994127073
08/24/2020,FEU,Z02,16,0.11795154014
08/24/2020,FEU,Z03,16,0.11795154014
08/24/2020,FEU,Z01,17,0.10030739732
08/24/2020,FEU,Z02,17,0.11880411118
08/24/2020,FEU,Z03,17,0.11880411118
08/24/2020,FEU,Z01,18,0.10033492136
08/24/2020,FEU,Z02,18,0.11883099222
08/24/2020,FEU,Z03,18,0.11883099222
08/24/2020,FEU,Z01,19,0.1005193323
08/24/2020,FEU,Z02,19,0.11906596514
08/24/2020,FEU,Z03,19,0.11906596514
08/24/2020,FEU,Z01,2,0.08779470804
08/24/2020,FEU,Z02,2,0.03979627798
08/24/2020,FEU,Z03,2,0.03730390458
08/24/2020,FEU,Z01,20,0.10203427618
08/24/2020,FEU,Z02,20,0.12059029502
08/24/2020,FEU,Z03,20,0.12059029502
08/24/2020,FEU,Z01,21,0.10622039708
08/24/2020,FEU,Z02,21,0.1248589919
08/24/2020,FEU,Z03,21,0.1248589919
08/24/2020,FEU,Z01,22,0.11093241704
08/24/2020,FEU,Z02,22,0.12960738786
08/24/2020,FEU,Z03,22,0.12960738786
08/24/2020,FEU,Z01,23,0.10653449696
08/24/2020,FEU,Z02,23,0.12517385978
08/24/2020,FEU,Z03,23,0.12517385978
08/24/2020,FEU,Z01,24,0.10433081664
08/24/2020,FEU,Z02,24,0.05607359344
08/24/2020,FEU,Z03,24,0.05917482456
08/24/2020,FEU,Z01,3,0.08702791202
08/24/2020,FEU,Z02,3,0.03905708896
08/24/2020,FEU,Z03,3,0.03661646854
08/24/2020,FEU,Z01,4,0.08585888702
08/24/2020,FEU,Z02,4,0.03793388896
08/24/2020,FEU,Z03,4,0.03549182356
08/24/2020,FEU,Z01,5,0.08586113604
08/24/2020,FEU,Z02,5,0.03793856398
08/24/2020,FEU,Z03,5,0.03552548356
08/24/2020,FEU,Z01,6,0.08915873018
08/24/2020,FEU,Z02,6,0.04119158308
08/24/2020,FEU,Z03,6,0.03869419366
08/24/2020,FEU,Z01,7,0.10081722646
08/24/2020,FEU,Z02,7,0.0525703873
08/24/2020,FEU,Z03,7,0.04990710482
08/24/2020,FEU,Z01,8,0.10027520966
08/24/2020,FEU,Z02,8,0.05220342544
08/24/2020,FEU,Z03,8,0.05515252056
08/24/2020,FEU,Z01,9,0.09849620924
08/24/2020,FEU,Z02,9,0.0508139829
08/24/2020,FEU,Z03,9,0.05343189116
08/25/2020,FEU,Z01,1,0.10315610338
08/25/2020,FEU,Z02,1,0.05477236924
08/25/2020,FEU,Z03,1,0.05799239628
08/25/2020,FEU,Z01,10,0.10381050638
08/25/2020,FEU,Z02,10,0.056088578
08/25/2020,FEU,Z03,10,0.0587913473
08/25/2020,FEU,Z01,11,0.10114873242
08/25/2020,FEU,Z02,11,0.05350475404
08/25/2020,FEU,Z03,11,0.05608071336
08/25/2020,FEU,Z01,12,0.09958661744
08/25/2020,FEU,Z02,12,0.05203343404
08/25/2020,FEU,Z03,12,0.05456383336
08/25/2020,FEU,Z01,13,0.0979302374
08/25/2020,FEU,Z02,13,0.05037096002
08/25/2020,FEU,Z03,13,0.05289404732
08/25/2020,FEU,Z01,14,0.0963091025
08/25/2020,FEU,Z02,14,0.11478128936
08/25/2020,FEU,Z03,14,0.11478128936
08/25/2020,FEU,Z01,15,0.09305888144
08/25/2020,FEU,Z02,15,0.1115104623
08/25/2020,FEU,Z03,15,0.1115104623
08/25/2020,FEU,Z01,16,0.09294311934
08/25/2020,FEU,Z02,16,0.11143667418
08/25/2020,FEU,Z03,16,0.11143667418
08/25/2020,FEU,Z01,17,0.09291126536
08/25/2020,FEU,Z02,17,0.11136143022
08/25/2020,FEU,Z03,17,0.11136143022
08/25/2020,FEU,Z01,18,0.0965990974
08/25/2020,FEU,Z02,18,0.11511902324
08/25/2020,FEU,Z03,18,0.11511902324
08/25/2020,FEU,Z01,19,0.09905319332
08/25/2020,FEU,Z02,19,0.11754102418
08/25/2020,FEU,Z03,19,0.11754102418
08/25/2020,FEU,Z01,2,0.0996876113
08/25/2020,FEU,Z02,2,0.05137724418
08/25/2020,FEU,Z03,2,0.04870331372
08/25/2020,FEU,Z01,20,0.10049859722
08/25/2020,FEU,Z02,20,0.11904425806
08/25/2020,FEU,Z03,20,0.11904425806
08/25/2020,FEU,Z01,21,0.10225787306
08/25/2020,FEU,Z02,21,0.1208141819
08/25/2020,FEU,Z03,21,0.1208141819
08/25/2020,FEU,Z01,22,0.10273502506
08/25/2020,FEU,Z02,22,0.1212946619
08/25/2020,FEU,Z03,22,0.1212946619
08/25/2020,FEU,Z01,23,0.09931836896
08/25/2020,FEU,Z02,23,0.1178532168
08/25/2020,FEU,Z03,23,0.1178532168
08/25/2020,FEU,Z01,24,0.09709856064
08/25/2020,FEU,Z02,24,0.04908788944
08/25/2020,FEU,Z03,24,0.05191662856
08/25/2020,FEU,Z01,3,0.09398424526
08/25/2020,FEU,Z02,3,0.04588214914
08/25/2020,FEU,Z03,3,0.0433016927
08/25/2020,FEU,Z01,4,0.09238179526
08/25/2020,FEU,Z02,4,0.04433909914
08/25/2020,FEU,Z03,4,0.0417953277
08/25/2020,FEU,Z01,5,0.09233312826
08/25/2020,FEU,Z02,5,0.04429223614
08/25/2020,FEU,Z03,5,0.0417507277
08/25/2020,FEU,Z01,6,0.09454352032
08/25/2020,FEU,Z02,6,0.0464275972
08/25/2020,FEU,Z03,6,0.04386892474
08/25/2020,FEU,Z01,7,0.10464059652
08/25/2020,FEU,Z02,7,0.05631232834
08/25/2020,FEU,Z03,7,0.05356146586
08/25/2020,FEU,Z01,8,0.10536440668
08/25/2020,FEU,Z02,8,0.05712467146
08/25/2020,FEU,Z03,8,0.06026734458
08/25/2020,FEU,Z01,9,0.10738954722
08/25/2020,FEU,Z02,9,0.05944715988
08/25/2020,FEU,Z03,9,0.06235383914
08/26/2020,FEU,Z01,1,0.0907903764
08/26/2020,FEU,Z02,1,0.04289506324
08/26/2020,FEU,Z03,1,0.0455792663
08/26/2020,FEU,Z01,10,0.09554324742
08/26/2020,FEU,Z02,10,0.04809493102
08/26/2020,FEU,Z03,10,0.05050349934
08/26/2020,FEU,Z01,11,0.09612816944
08/26/2020,FEU,Z02,11,0.04866696604
08/26/2020,FEU,Z03,11,0.05105052938
08/26/2020,FEU,Z01,12,0.09847751842
08/26/2020,FEU,Z02,12,0.05090688604
08/26/2020,FEU,Z03,12,0.05340240136
08/26/2020,FEU,Z01,13,0.10096022734
08/26/2020,FEU,Z02,13,0.05331030996
08/26/2020,FEU,Z03,13,0.05592343826
08/26/2020,FEU,Z01,14,0.10044988142
08/26/2020,FEU,Z02,14,0.11899728026
08/26/2020,FEU,Z03,14,0.11899728026
08/26/2020,FEU,Z01,15,0.10074155834
08/26/2020,FEU,Z02,15,0.11929017718
08/26/2020,FEU,Z03,15,0.11929017718
08/26/2020,FEU,Z01,16,0.09983677324
08/26/2020,FEU,Z02,16,0.11837798708
08/26/2020,FEU,Z03,16,0.11837798708
08/26/2020,FEU,Z01,17,0.0982833823
08/26/2020,FEU,Z02,17,0.11681425514
08/26/2020,FEU,Z03,17,0.11681425514
08/26/2020,FEU,Z01,18,0.10077554834
08/26/2020,FEU,Z02,18,0.11932440718
08/26/2020,FEU,Z03,18,0.11932440718
08/26/2020,FEU,Z01,19,0.10346933726
08/26/2020,FEU,Z02,19,0.1220363121
08/26/2020,FEU,Z03,19,0.1220363121
08/26/2020,FEU,Z01,2,0.08991318034
08/26/2020,FEU,Z02,2,0.0420066772
08/26/2020,FEU,Z03,2,0.03951796976
08/26/2020,FEU,Z01,20,0.10521062414
08/26/2020,FEU,Z02,20,0.12378844898
08/26/2020,FEU,Z03,20,0.12378844898
08/26/2020,FEU,Z01,21,0.10740333898
08/26/2020,FEU,Z02,21,0.1260497768
08/26/2020,FEU,Z03,21,0.1260497768
08/26/2020,FEU,Z01,22,0.11382435892
08/26/2020,FEU,Z02,22,0.13252001474
08/26/2020,FEU,Z03,22,0.13252001474
08/26/2020,FEU,Z01,23,0.10874064884
08/26/2020,FEU,Z02,23,0.12739548566
08/26/2020,FEU,Z03,23,0.12739548566
08/26/2020,FEU,Z01,24,0.1057191765
08/26/2020,FEU,Z02,24,0.05730143734
08/26/2020,FEU,Z03,24,0.0605892364
08/26/2020,FEU,Z01,3,0.08888163232
08/26/2020,FEU,Z02,3,0.04101011818
08/26/2020,FEU,Z03,3,0.03854767174
08/26/2020,FEU,Z01,4,0.0895688963
08/26/2020,FEU,Z02,4,0.04163538618
08/26/2020,FEU,Z03,4,0.03919198172
08/26/2020,FEU,Z01,5,0.09046819232
08/26/2020,FEU,Z02,5,0.0425037172
08/26/2020,FEU,Z03,5,0.04003909174
08/26/2020,FEU,Z01,6,0.0918806964
08/26/2020,FEU,Z02,6,0.04394657524
08/26/2020,FEU,Z03,6,0.04144636578
08/26/2020,FEU,Z01,7,0.09236611656
08/26/2020,FEU,Z02,7,0.04447026838
08/26/2020,FEU,Z03,7,0.0419897679
08/26/2020,FEU,Z01,8,0.0965591567
08/26/2020,FEU,Z02,8,0.04861631148
08/26/2020,FEU,Z03,8,0.0514281266
08/26/2020,FEU,Z01,9,0.09579449728
08/26/2020,FEU,Z02,9,0.04823632192
08/26/2020,FEU,Z03,9,0.0507281972
08/27/2020,FEU,Z01,1,0.10788517844
08/27/2020,FEU,Z02,1,0.05938531328
08/27/2020,FEU,Z03,1,0.06275297234
08/27/2020,FEU,Z01,10,0.11005766936
08/27/2020,FEU,Z02,10,0.06216222598
08/27/2020,FEU,Z03,10,0.0650020673
08/27/2020,FEU,Z01,11,0.1085985674
08/27/2020,FEU,Z02,11,0.060800978
08/27/2020,FEU,Z03,11,0.06360014132
08/27/2020,FEU,Z01,12,0.10934564136
08/27/2020,FEU,Z02,12,0.06146859598
08/27/2020,FEU,Z03,12,0.06434225728
08/27/2020,FEU,Z01,13,0.10907929526
08/27/2020,FEU,Z02,13,0.0611457329
08/27/2020,FEU,Z03,13,0.06405597418
08/27/2020,FEU,Z01,14,0.10883847932
08/27/2020,FEU,Z02,14,0.12738671318
08/27/2020,FEU,Z03,14,0.12738671318
08/27/2020,FEU,Z01,15,0.10595140826
08/27/2020,FEU,Z02,15,0.12448124112
08/27/2020,FEU,Z03,15,0.12448124112
08/27/2020,FEU,Z01,16,0.10614644018
08/27/2020,FEU,Z02,16,0.124785877
08/27/2020,FEU,Z03,16,0.124785877
08/27/2020,FEU,Z01,17,0.10609450422
08/27/2020,FEU,Z02,17,0.12468061606
08/27/2020,FEU,Z03,17,0.12468061606
08/27/2020,FEU,Z01,18,0.10432322426
08/27/2020,FEU,Z02,18,0.1228973521
08/27/2020,FEU,Z03,18,0.1228973521
08/27/2020,FEU,Z01,19,0.1047490772
08/27/2020,FEU,Z02,19,0.12332436104
08/27/2020,FEU,Z03,19,0.12332436104
08/27/2020,FEU,Z01,2,0.10343914442
08/27/2020,FEU,Z02,2,0.05509571026
08/27/2020,FEU,Z03,2,0.0523289278
08/27/2020,FEU,Z01,20,0.10630176308
08/27/2020,FEU,Z02,20,0.12488651292
08/27/2020,FEU,Z03,20,0.12488651292
08/27/2020,FEU,Z01,21,0.10798486496
08/27/2020,FEU,Z02,21,0.12663555878
08/27/2020,FEU,Z03,21,0.12663555878
08/27/2020,FEU,Z01,22,0.11190281696
08/27/2020,FEU,Z02,22,0.13058411978
08/27/2020,FEU,Z03,22,0.13058411978
08/27/2020,FEU,Z01,23,0.10780812088
08/27/2020,FEU,Z02,23,0.1264562817
08/27/2020,FEU,Z03,23,0.1264562817
08/27/2020,FEU,Z01,24,0.10614905654
08/27/2020,FEU,Z02,24,0.05777014136
08/27/2020,FEU,Z03,24,0.06102859044
08/27/2020,FEU,Z01,3,0.10003826338
08/27/2020,FEU,Z02,3,0.05176804924
08/27/2020,FEU,Z03,3,0.04908226878
08/27/2020,FEU,Z01,4,0.0991412364
08/27/2020,FEU,Z02,4,0.05094755124
08/27/2020,FEU,Z03,4,0.04828123778
08/27/2020,FEU,Z01,5,0.09849233438
08/27/2020,FEU,Z02,5,0.05027840724
08/27/2020,FEU,Z03,5,0.04762685878
08/27/2020,FEU,Z01,6,0.10027933746
08/27/2020,FEU,Z02,6,0.0520528273
08/27/2020,FEU,Z03,6,0.04940029182
08/27/2020,FEU,Z01,7,0.10350153664
08/27/2020,FEU,Z02,7,0.05531975042
08/27/2020,FEU,Z03,7,0.05258689694
08/27/2020,FEU,Z01,8,0.10847300072
08/27/2020,FEU,Z02,8,0.0601333525
08/27/2020,FEU,Z03,8,0.06334633664
08/27/2020,FEU,Z01,9,0.11070859322
08/27/2020,FEU,Z02,9,0.06267004388
08/27/2020,FEU,Z03,9,0.06568339814
08/28/2020,FEU,Z01,1,0.10042256036
08/28/2020,FEU,Z02,1,0.05213506922
08/28/2020,FEU,Z03,1,0.05524348126
08/28/2020,FEU,Z01,10,0.10826551538
08/28/2020,FEU,Z02,10,0.060421478
08/28/2020,FEU,Z03,10,0.06320891132
08/28/2020,FEU,Z01,11,0.10495847138
08/28/2020,FEU,Z02,11,0.057205078
08/28/2020,FEU,Z03,11,0.0599433723
08/28/2020,FEU,Z01,12,0.10454843834
08/28/2020,FEU,Z02,12,0.05680144596
08/28/2020,FEU,Z03,12,0.05952431726
08/28/2020,FEU,Z01,13,0.10537086724
08/28/2020,FEU,Z02,13,0.05753820388
08/28/2020,FEU,Z03,13,0.06033071316
08/28/2020,FEU,Z01,14,0.10332383732
08/28/2020,FEU,Z02,14,0.12189160516
08/28/2020,FEU,Z03,14,0.12189160516
08/28/2020,FEU,Z01,15,0.10010192724
08/28/2020,FEU,Z02,15,0.11864500508
08/28/2020,FEU,Z03,15,0.11864500508
08/28/2020,FEU,Z01,16,0.09724962914
08/28/2020,FEU,Z02,16,0.11577288498
08/28/2020,FEU,Z03,16,0.11577288498
08/28/2020,FEU,Z01,17,0.0971224772
08/28/2020,FEU,Z02,17,0.11564424104
08/28/2020,FEU,Z03,17,0.11564424104
08/28/2020,FEU,Z01,18,0.09163406924
08/28/2020,FEU,Z02,18,0.11011761908
08/28/2020,FEU,Z03,18,0.11011761908
08/28/2020,FEU,Z01,19,0.0903394772
08/28/2020,FEU,Z02,19,0.10881478904
08/28/2020,FEU,Z03,19,0.10881478904
08/28/2020,FEU,Z01,2,0.09758730134
08/28/2020,FEU,Z02,2,0.0494018572
08/28/2020,FEU,Z03,2,0.04677274174
08/28/2020,FEU,Z01,20,0.0917757671
08/28/2020,FEU,Z02,20,0.11025926194
08/28/2020,FEU,Z03,20,0.11025926194
08/28/2020,FEU,Z01,21,0.09745814994
08/28/2020,FEU,Z02,21,0.11602638476
08/28/2020,FEU,Z03,21,0.11602638476
08/28/2020,FEU,Z01,22,0.1033316069
08/28/2020,FEU,Z02,22,0.12194517272
08/28/2020,FEU,Z03,22,0.12194517272
08/28/2020,FEU,Z01,23,0.1010444568
08/28/2020,FEU,Z02,23,0.11963900062
08/28/2020,FEU,Z03,23,0.11963900062
08/28/2020,FEU,Z01,24,0.09952712048
08/28/2020,FEU,Z02,24,0.05132965132
08/28/2020,FEU,Z03,24,0.05436703338
08/28/2020,FEU,Z01,3,0.09458484734
08/28/2020,FEU,Z02,3,0.0465085372
08/28/2020,FEU,Z03,3,0.04394794774
08/28/2020,FEU,Z01,4,0.09229628832
08/28/2020,FEU,Z02,4,0.0442627372
08/28/2020,FEU,Z03,4,0.04175645074
08/28/2020,FEU,Z01,5,0.09179888234
08/28/2020,FEU,Z02,5,0.0438226972
08/28/2020,FEU,Z03,5,0.04132683274
08/28/2020,FEU,Z01,6,0.09480886442
08/28/2020,FEU,Z02,6,0.04677287026
08/28/2020,FEU,Z03,6,0.0442037278
08/28/2020,FEU,Z01,7,0.1015008866
08/28/2020,FEU,Z02,7,0.0533361774
08/28/2020,FEU,Z03,7,0.0506949579
08/28/2020,FEU,Z01,8,0.10621026074
08/28/2020,FEU,Z02,8,0.0579981025
08/28/2020,FEU,Z03,8,0.06112830464
08/28/2020,FEU,Z01,9,0.10748635826
08/28/2020,FEU,Z02,9,0.05954569792
08/28/2020,FEU,Z03,9,0.06245743318
08/29/2020,FEU,Z01,1,0.09760934024
08/29/2020,FEU,Z02,1,0.04936951312
08/29/2020,FEU,Z03,1,0.05239563414
08/29/2020,FEU,Z01,10,0.09740192708
08/29/2020,FEU,Z02,10,0.04968736976
08/29/2020,FEU,Z03,10,0.052303677
08/29/2020,FEU,Z01,11,0.08914625516
08/29/2020,FEU,Z02,11,0.04168747784
08/29/2020,FEU,Z03,11,0.04403412908
08/29/2020,FEU,Z01,12,0.08724723614
08/29/2020,FEU,Z02,12,0.0398772778
08/29/2020,FEU,Z03,12,0.04212472906
08/29/2020,FEU,Z01,13,0.08797241704
08/29/2020,FEU,Z02,13,0.04049883874
08/29/2020,FEU,Z03,13,0.04283379296
08/29/2020,FEU,Z01,14,0.08761597516
08/29/2020,FEU,Z02,14,0.106070777
08/29/2020,FEU,Z03,14,0.106070777
08/29/2020,FEU,Z01,15,0.0868579921
08/29/2020,FEU,Z02,15,0.10530712694
08/29/2020,FEU,Z03,15,0.10530712694
08/29/2020,FEU,Z01,16,0.082374877
08/29/2020,FEU,Z02,16,0.10082572782
08/29/2020,FEU,Z03,16,0.10082572782
08/29/2020,FEU,Z01,17,0.07912203302
08/29/2020,FEU,Z02,17,0.09751683586
08/29/2020,FEU,Z03,17,0.09751683586
08/29/2020,FEU,Z01,18,0.07822820108
08/29/2020,FEU,Z02,18,0.0966469619
08/29/2020,FEU,Z03,18,0.0966469619
08/29/2020,FEU,Z01,19,0.08149487906
08/29/2020,FEU,Z02,19,0.09993918088
08/29/2020,FEU,Z03,19,0.09993918088
08/29/2020,FEU,Z01,2,0.0951255762
08/29/2020,FEU,Z02,2,0.0469352421
08/29/2020,FEU,Z03,2,0.04432945866
08/29/2020,FEU,Z01,20,0.08760230594
08/29/2020,FEU,Z02,20,0.10609360876
08/29/2020,FEU,Z03,20,0.10609360876
08/29/2020,FEU,Z01,21,0.0930010168
08/29/2020,FEU,Z02,21,0.1115755166
08/29/2020,FEU,Z03,21,0.1115755166
08/29/2020,FEU,Z01,22,0.10481698674
08/29/2020,FEU,Z02,22,0.12344001256
08/29/2020,FEU,Z03,22,0.12344001256
08/29/2020,FEU,Z01,23,0.10251120468
08/29/2020,FEU,Z02,23,0.1211168265
08/29/2020,FEU,Z03,23,0.1211168265
08/29/2020,FEU,Z01,24,0.10057718432
08/29/2020,FEU,Z02,24,0.05228091618
08/29/2020,FEU,Z03,24,0.05539116122
08/29/2020,FEU,Z01,3,0.09116675618
08/29/2020,FEU,Z02,3,0.04312259308
08/29/2020,FEU,Z03,3,0.04057633866
08/29/2020,FEU,Z01,4,0.09070703018
08/29/2020,FEU,Z02,4,0.04268138308
08/29/2020,FEU,Z03,4,0.04014517666
08/29/2020,FEU,Z01,5,0.08986022918
08/29/2020,FEU,Z02,5,0.04186657708
08/29/2020,FEU,Z03,5,0.03935210666
08/29/2020,FEU,Z01,6,0.09035041622
08/29/2020,FEU,Z02,6,0.04234306512
08/29/2020,FEU,Z03,6,0.03985000168
08/29/2020,FEU,Z01,7,0.09083988226
08/29/2020,FEU,Z02,7,0.04285319914
08/29/2020,FEU,Z03,7,0.0403469427
08/29/2020,FEU,Z01,8,0.09153457828
08/29/2020,FEU,Z02,8,0.04352568516
08/29/2020,FEU,Z03,8,0.04633929616
08/29/2020,FEU,Z01,9,0.09644601886
08/29/2020,FEU,Z02,9,0.0486076176
08/29/2020,FEU,Z03,9,0.05134483476
08/30/2020,FEU,Z01,1,0.09939625394
08/30/2020,FEU,Z02,1,0.0508901419
08/30/2020,FEU,Z03,1,0.05417563682
08/30/2020,FEU,Z01,10,0.09316795676
08/30/2020,FEU,Z02,10,0.04538444552
08/30/2020,FEU,Z03,10,0.04803370766
08/30/2020,FEU,Z01,11,0.09202376084
08/30/2020,FEU,Z02,11,0.0442866576
08/30/2020,FEU,Z03,11,0.04686183876
08/30/2020,FEU,Z01,12,0.09156519284
08/30/2020,FEU,Z02,12,0.04388142658
08/30/2020,FEU,Z03,12,0.04643914174
08/30/2020,FEU,Z01,13,0.09071497476
08/30/2020,FEU,Z02,13,0.04301055752
08/30/2020,FEU,Z03,13,0.04557017066
08/30/2020,FEU,Z01,14,0.08918191594
08/30/2020,FEU,Z02,14,0.10768671076
08/30/2020,FEU,Z03,14,0.10768671076
08/30/2020,FEU,Z01,15,0.08878832892
08/30/2020,FEU,Z02,15,0.10724979876
08/30/2020,FEU,Z03,15,0.10724979876
08/30/2020,FEU,Z01,16,0.08825792986
08/30/2020,FEU,Z02,16,0.10675489468
08/30/2020,FEU,Z03,16,0.10675489468
08/30/2020,FEU,Z01,17,0.08916270386
08/30/2020,FEU,Z02,17,0.10766554068
08/30/2020,FEU,Z03,17,0.10766554068
08/30/2020,FEU,Z01,18,0.09073168888
08/30/2020,FEU,Z02,18,0.1092469017
08/30/2020,FEU,Z03,18,0.1092469017
08/30/2020,FEU,Z01,19,0.09497434484
08/30/2020,FEU,Z02,19,0.11352218966
08/30/2020,FEU,Z03,19,0.11352218966
08/30/2020,FEU,Z01,2,0.0965890759
08/30/2020,FEU,Z02,2,0.04819068586
08/30/2020,FEU,Z03,2,0.04544630148
08/30/2020,FEU,Z01,20,0.09944391876
08/30/2020,FEU,Z02,20,0.11802676158
08/30/2020,FEU,Z03,20,0.11802676158
08/30/2020,FEU,Z01,21,0.1035969217
08/30/2020,FEU,Z02,21,0.1222612765
08/30/2020,FEU,Z03,21,0.1222612765
08/30/2020,FEU,Z01,22,0.10402205486
08/30/2020,FEU,Z02,22,0.12264047868
08/30/2020,FEU,Z03,22,0.12264047868
08/30/2020,FEU,Z01,23,0.10280797982
08/30/2020,FEU,Z02,23,0.12141645664
08/30/2020,FEU,Z03,23,0.12141645664
08/30/2020,FEU,Z01,24,0.0984424015
08/30/2020,FEU,Z02,24,0.05032719532
08/30/2020,FEU,Z03,24,0.0532814964
08/30/2020,FEU,Z01,3,0.09338013992
08/30/2020,FEU,Z02,3,0.04511182488
08/30/2020,FEU,Z03,3,0.0424479775
08/30/2020,FEU,Z01,4,0.09241043294
08/30/2020,FEU,Z02,4,0.0441830569
08/30/2020,FEU,Z03,4,0.0415806025
08/30/2020,FEU,Z01,5,0.091669376
08/30/2020,FEU,Z02,5,0.04351313094
08/30/2020,FEU,Z03,5,0.04092654254
08/30/2020,FEU,Z01,6,0.09164722706
08/30/2020,FEU,Z02,6,0.043498827
08/30/2020,FEU,Z03,6,0.04094603358
08/30/2020,FEU,Z01,7,0.09091548816
08/30/2020,FEU,Z02,7,0.04287956806
08/30/2020,FEU,Z03,7,0.04033907964
08/30/2020,FEU,Z01,8,0.09290630008
08/30/2020,FEU,Z02,8,0.044748877
08/30/2020,FEU,Z03,8,0.04767991996
08/30/2020,FEU,Z01,9,0.09363314654
08/30/2020,FEU,Z02,9,0.04569170136
08/30/2020,FEU,Z03,9,0.04845933044
08/31/2020,FEU,Z01,1,0.09359493314
08/31/2020,FEU,Z02,1,0.04545554504
08/31/2020,FEU,Z03,1,0.04838342402
08/31/2020,FEU,Z01,10,0.1027135274
08/31/2020,FEU,Z02,10,0.055072178
08/31/2020,FEU,Z03,10,0.05769426932
08/31/2020,FEU,Z01,11,0.09891094544
08/31/2020,FEU,Z02,11,0.05137573204
08/31/2020,FEU,Z03,11,0.05388576536
08/31/2020,FEU,Z01,12,0.09766224944
08/31/2020,FEU,Z02,12,0.05016024604
08/31/2020,FEU,Z03,12,0.05258868938
08/31/2020,FEU,Z01,13,0.10258224038
08/31/2020,FEU,Z02,13,0.054892878
08/31/2020,FEU,Z03,13,0.0575587373
08/31/2020,FEU,Z01,14,0.10345030646
08/31/2020,FEU,Z02,14,0.12196655732
08/31/2020,FEU,Z03,14,0.12196655732
08/31/2020,FEU,Z01,15,0.10335132038
08/31/2020,FEU,Z02,15,0.12186622524
08/31/2020,FEU,Z03,15,0.12186622524
08/31/2020,FEU,Z01,16,0.1031003223
08/31/2020,FEU,Z02,16,0.12166514714
08/31/2020,FEU,Z03,16,0.12166514714
08/31/2020,FEU,Z01,17,0.10299044132
08/31/2020,FEU,Z02,17,0.12150257618
08/31/2020,FEU,Z03,17,0.12150257618
08/31/2020,FEU,Z01,18,0.10347282536
08/31/2020,FEU,Z02,18,0.12198830022
08/31/2020,FEU,Z03,18,0.12198830022
08/31/2020,FEU,Z01,19,0.1049662623
08/31/2020,FEU,Z02,19,0.12354538214
08/31/2020,FEU,Z03,19,0.12354538214
08/31/2020,FEU,Z01,2,0.09085919204
08/31/2020,FEU,Z02,2,0.04274053598
08/31/2020,FEU,Z03,2,0.04017254358
08/31/2020,FEU,Z01,20,0.10723495418
08/31/2020,FEU,Z02,20,0.12582743702
08/31/2020,FEU,Z03,20,0.12582743702
08/31/2020,FEU,Z01,21,0.11109548108
08/31/2020,FEU,Z02,21,0.1297723619
08/31/2020,FEU,Z03,21,0.1297723619
08/31/2020,FEU,Z01,22,0.11642215304
08/31/2020,FEU,Z02,22,0.13514016186
08/31/2020,FEU,Z03,22,0.13514016186
08/31/2020,FEU,Z01,23,0.11106070496
08/31/2020,FEU,Z02,23,0.12973542878
08/31/2020,FEU,Z03,23,0.12973542878
08/31/2020,FEU,Z01,24,0.10558875264
08/31/2020,FEU,Z02,24,0.05728732144
08/31/2020,FEU,Z03,24,0.06043589656
08/31/2020,FEU,Z01,3,0.08897508802
08/31/2020,FEU,Z02,3,0.04092793696
08/31/2020,FEU,Z03,3,0.03844134354
08/31/2020,FEU,Z01,4,0.08903623702
08/31/2020,FEU,Z02,4,0.04098668896
08/31/2020,FEU,Z03,4,0.03846400156
08/31/2020,FEU,Z01,5,0.09015476804
08/31/2020,FEU,Z02,5,0.04206259698
08/31/2020,FEU,Z03,5,0.03954673156
08/31/2020,FEU,Z01,6,0.09527689718
08/31/2020,FEU,Z02,6,0.04707858508
08/31/2020,FEU,Z03,6,0.04443222266
08/31/2020,FEU,Z01,7,0.10674342146
08/31/2020,FEU,Z02,7,0.0582862473
08/31/2020,FEU,Z03,7,0.05549202882
08/31/2020,FEU,Z01,8,0.10324872566
08/31/2020,FEU,Z02,8,0.05507756944
08/31/2020,FEU,Z03,8,0.05813877656
08/31/2020,FEU,Z01,9,0.10388008724
08/31/2020,FEU,Z02,9,0.0560417379
08/31/2020,FEU,Z03,9,0.05883469316
09/01/2020,FEU,Z01,1,0.1033092515
09/01/2020,FEU,Z02,1,0.05502535732
09/01/2020,FEU,Z03,1,0.0581690564
09/01/2020,FEU,Z01,10,0.1109113677
09/01/2020,FEU,Z02,10,0.06325504224
09/01/2020,FEU,Z03,10,0.06592187964
09/01/2020,FEU,Z01,11,0.10965670568
09/01/2020,FEU,Z02,11,0.06197337824
09/01/2020,FEU,Z03,11,0.06466008662
09/01/2020,FEU,Z01,12,0.11223002762
09/01/2020,FEU,Z02,12,0.06447507518
09/01/2020,FEU,Z03,12,0.06722904356
09/01/2020,FEU,Z01,13,0.10946198958
09/01/2020,FEU,Z02,13,0.06177036214
09/01/2020,FEU,Z03,13,0.0645008525
09/01/2020,FEU,Z01,14,0.10806042764
09/01/2020,FEU,Z02,14,0.1266072275
09/01/2020,FEU,Z03,14,0.1266072275
09/01/2020,FEU,Z01,15,0.10541689554
09/01/2020,FEU,Z02,15,0.1239461474
09/01/2020,FEU,Z03,15,0.1239461474
09/01/2020,FEU,Z01,16,0.10564397744
09/01/2020,FEU,Z02,16,0.12422956128
09/01/2020,FEU,Z03,16,0.12422956128
09/01/2020,FEU,Z01,17,0.10729450346
09/01/2020,FEU,Z02,17,0.12583463132
09/01/2020,FEU,Z03,17,0.12583463132
09/01/2020,FEU,Z01,18,0.1079472275
09/01/2020,FEU,Z02,18,0.12649182936
09/01/2020,FEU,Z03,18,0.12649182936
09/01/2020,FEU,Z01,19,0.10659879748
09/01/2020,FEU,Z02,19,0.12513480634
09/01/2020,FEU,Z03,19,0.12513480634
09/01/2020,FEU,Z01,2,0.09810063242
09/01/2020,FEU,Z02,2,0.04994737426
09/01/2020,FEU,Z03,2,0.0473028478
09/01/2020,FEU,Z01,20,0.10464795344
09/01/2020,FEU,Z02,20,0.1231714523
09/01/2020,FEU,Z03,20,0.1231714523
09/01/2020,FEU,Z01,21,0.1064425274
09/01/2020,FEU,Z02,21,0.12497676326
09/01/2020,FEU,Z03,21,0.12497676326
09/01/2020,FEU,Z01,22,0.10883847932
09/01/2020,FEU,Z02,22,0.12744400916
09/01/2020,FEU,Z03,22,0.12744400916
09/01/2020,FEU,Z01,23,0.10291555522
09/01/2020,FEU,Z02,23,0.12147819206
09/01/2020,FEU,Z03,23,0.12147819206
09/01/2020,FEU,Z01,24,0.09894738088
09/01/2020,FEU,Z02,24,0.05103135262
09/01/2020,FEU,Z03,24,0.0538168968
09/01/2020,FEU,Z01,3,0.09671069834
09/01/2020,FEU,Z02,3,0.0485571172
09/01/2020,FEU,Z03,3,0.04590752176
09/01/2020,FEU,Z01,4,0.09561560428
09/01/2020,FEU,Z02,4,0.04745530716
09/01/2020,FEU,Z03,4,0.0448749577
09/01/2020,FEU,Z01,5,0.09692336032
09/01/2020,FEU,Z02,5,0.0487189972
09/01/2020,FEU,Z03,5,0.04610605474
09/01/2020,FEU,Z01,6,0.09962237648
09/01/2020,FEU,Z02,6,0.05142150532
09/01/2020,FEU,Z03,6,0.04878260184
09/01/2020,FEU,Z01,7,0.10946898674
09/01/2020,FEU,Z02,7,0.0611503525
09/01/2020,FEU,Z03,7,0.058331278
09/01/2020,FEU,Z01,8,0.11171600092
09/01/2020,FEU,Z02,8,0.06345119164
09/01/2020,FEU,Z03,8,0.06669235782
09/01/2020,FEU,Z01,9,0.11069516144
09/01/2020,FEU,Z02,9,0.06284544004
09/01/2020,FEU,Z03,9,0.06565626338
09/02/2020,FEU,Z01,1,0.10204121054
09/02/2020,FEU,Z02,1,0.05385145234
09/02/2020,FEU,Z03,1,0.05690323444
09/02/2020,FEU,Z01,10,0.10490262172
09/02/2020,FEU,Z02,10,0.05739327226
09/02/2020,FEU,Z03,10,0.05995175964
09/02/2020,FEU,Z01,11,0.10205189572
09/02/2020,FEU,Z02,11,0.05461272626
09/02/2020,FEU,Z03,11,0.05709079764
09/02/2020,FEU,Z01,12,0.10227629366
09/02/2020,FEU,Z02,12,0.0548238282
09/02/2020,FEU,Z03,12,0.05730464858
09/02/2020,FEU,Z01,13,0.1031495376
09/02/2020,FEU,Z02,13,0.05561923816
09/02/2020,FEU,Z03,13,0.05816966152
09/02/2020,FEU,Z01,14,0.10197023566
09/02/2020,FEU,Z02,14,0.12042706854
09/02/2020,FEU,Z03,14,0.12042706854
09/02/2020,FEU,Z01,15,0.10201854958
09/02/2020,FEU,Z02,15,0.12052697744
09/02/2020,FEU,Z03,15,0.12052697744
09/02/2020,FEU,Z01,16,0.10252391246
09/02/2020,FEU,Z02,16,0.12103440932
09/02/2020,FEU,Z03,16,0.12103440932
09/02/2020,FEU,Z01,17,0.1050469775
09/02/2020,FEU,Z02,17,0.12357353336
09/02/2020,FEU,Z03,17,0.12357353336
09/02/2020,FEU,Z01,18,0.10652462156
09/02/2020,FEU,Z02,18,0.12506098242
09/02/2020,FEU,Z03,18,0.12506098242
09/02/2020,FEU,Z01,19,0.1066568525
09/02/2020,FEU,Z02,19,0.12519342536
09/02/2020,FEU,Z03,19,0.12519342536
09/02/2020,FEU,Z01,2,0.09827984042
09/02/2020,FEU,Z02,2,0.05012019826
09/02/2020,FEU,Z03,2,0.0474726778
09/02/2020,FEU,Z01,20,0.1089081874
09/02/2020,FEU,Z02,20,0.12751525724
09/02/2020,FEU,Z03,20,0.12751525724
09/02/2020,FEU,Z01,21,0.11041424936
09/02/2020,FEU,Z02,21,0.12897264822
09/02/2020,FEU,Z03,21,0.12897264822
09/02/2020,FEU,Z01,22,0.11190815126
09/02/2020,FEU,Z02,22,0.13047465712
09/02/2020,FEU,Z03,22,0.13047465712
09/02/2020,FEU,Z01,23,0.10915626014
09/02/2020,FEU,Z02,23,0.12776170098
09/02/2020,FEU,Z03,23,0.12776170098
09/02/2020,FEU,Z01,24,0.1042483768
09/02/2020,FEU,Z02,24,0.05615379054
09/02/2020,FEU,Z03,24,0.0591694467
09/02/2020,FEU,Z01,3,0.09652672032
09/02/2020,FEU,Z02,3,0.04837755518
09/02/2020,FEU,Z03,3,0.04573319974
09/02/2020,FEU,Z01,4,0.0952604513
09/02/2020,FEU,Z02,4,0.04715381916
09/02/2020,FEU,Z03,4,0.04454140972
09/02/2020,FEU,Z01,5,0.0963909413
09/02/2020,FEU,Z02,5,0.04820412318
09/02/2020,FEU,Z03,5,0.04560416572
09/02/2020,FEU,Z01,6,0.0992250164
09/02/2020,FEU,Z02,6,0.05098545526
09/02/2020,FEU,Z03,6,0.0483173878
09/02/2020,FEU,Z01,7,0.10497050274
09/02/2020,FEU,Z02,7,0.0567988525
09/02/2020,FEU,Z03,7,0.054076478
09/02/2020,FEU,Z01,8,0.104289277
09/02/2020,FEU,Z02,8,0.0563136627
09/02/2020,FEU,Z03,8,0.0592487519
09/02/2020,FEU,Z01,9,0.1046352275
09/02/2020,FEU,Z02,9,0.0569551231
09/02/2020,FEU,Z03,9,0.05959143344
09/03/2020,FEU,Z01,1,0.10543376044
09/03/2020,FEU,Z02,1,0.05702129728
09/03/2020,FEU,Z03,1,0.06029114934
09/03/2020,FEU,Z01,10,0.11111210158
09/03/2020,FEU,Z02,10,0.06332329816
09/03/2020,FEU,Z03,10,0.06610060552
09/03/2020,FEU,Z01,11,0.10626715564
09/03/2020,FEU,Z02,11,0.0586638982
09/03/2020,FEU,Z03,11,0.06125393158
09/03/2020,FEU,Z01,12,0.10616568766
09/03/2020,FEU,Z02,12,0.0586192082
09/03/2020,FEU,Z03,12,0.06120909158
09/03/2020,FEU,Z01,13,0.1052416976
09/03/2020,FEU,Z02,13,0.05765909416
09/03/2020,FEU,Z03,13,0.06021823454
09/03/2020,FEU,Z01,14,0.10218086564
09/03/2020,FEU,Z02,14,0.12063869352
09/03/2020,FEU,Z03,14,0.12063869352
09/03/2020,FEU,Z01,15,0.10232048756
09/03/2020,FEU,Z02,15,0.12083061942
09/03/2020,FEU,Z03,15,0.12083061942
09/03/2020,FEU,Z01,16,0.09976119142
09/03/2020,FEU,Z02,16,0.11825533728
09/03/2020,FEU,Z03,16,0.11825533728
09/03/2020,FEU,Z01,17,0.10084130146
09/03/2020,FEU,Z02,17,0.11934134732
09/03/2020,FEU,Z03,17,0.11934134732
09/03/2020,FEU,Z01,18,0.10281330152
09/03/2020,FEU,Z02,18,0.12132614138
09/03/2020,FEU,Z03,18,0.12132614138
09/03/2020,FEU,Z01,19,0.10903479742
09/03/2020,FEU,Z02,19,0.12758530528
09/03/2020,FEU,Z03,19,0.12758530528
09/03/2020,FEU,Z01,2,0.10142948138
09/03/2020,FEU,Z02,2,0.05315333522
09/03/2020,FEU,Z03,2,0.05038991578
09/03/2020,FEU,Z01,20,0.1113960373
09/03/2020,FEU,Z02,20,0.13001933414
09/03/2020,FEU,Z03,20,0.13001933414
09/03/2020,FEU,Z01,21,0.11475546022
09/03/2020,FEU,Z02,21,0.13334016308
09/03/2020,FEU,Z03,21,0.13334016308
09/03/2020,FEU,Z01,22,0.11248998922
09/03/2020,FEU,Z02,22,0.13111987406
09/03/2020,FEU,Z03,22,0.13111987406
09/03/2020,FEU,Z01,23,0.10988705712
09/03/2020,FEU,Z02,23,0.12855506594
09/03/2020,FEU,Z03,23,0.12855506594
09/03/2020,FEU,Z01,24,0.10420625078
09/03/2020,FEU,Z02,24,0.05606282754
09/03/2020,FEU,Z03,24,0.0590750817
09/03/2020,FEU,Z01,3,0.09871588334
09/03/2020,FEU,Z02,3,0.0504894172
09/03/2020,FEU,Z03,3,0.04783565674
09/03/2020,FEU,Z01,4,0.0963542063
09/03/2020,FEU,Z02,4,0.04816875218
09/03/2020,FEU,Z03,4,0.04553063374
09/03/2020,FEU,Z01,5,0.09584118432
09/03/2020,FEU,Z02,5,0.04771691618
09/03/2020,FEU,Z03,5,0.04508988574
09/03/2020,FEU,Z01,6,0.09939415444
09/03/2020,FEU,Z02,6,0.05119702528
09/03/2020,FEU,Z03,6,0.0485649178
09/03/2020,FEU,Z01,7,0.1109294317
09/03/2020,FEU,Z02,7,0.06250552148
09/03/2020,FEU,Z03,7,0.05965845898
09/03/2020,FEU,Z01,8,0.11435869286
09/03/2020,FEU,Z02,8,0.0659485776
09/03/2020,FEU,Z03,8,0.06927772778
09/03/2020,FEU,Z01,9,0.11502889538
09/03/2020,FEU,Z02,9,0.066998378
09/03/2020,FEU,Z03,9,0.0700494123
09/04/2020,FEU,Z01,1,0.10511841452
09/04/2020,FEU,Z02,1,0.05677232634
09/04/2020,FEU,Z03,1,0.05998973642
09/04/2020,FEU,Z01,10,0.10981074962
09/04/2020,FEU,Z02,10,0.06211633318
09/04/2020,FEU,Z03,10,0.06480327956
09/04/2020,FEU,Z01,11,0.10836549368
09/04/2020,FEU,Z02,11,0.06076833022
09/04/2020,FEU,Z03,11,0.06336540362
09/04/2020,FEU,Z01,12,0.10694801764
09/04/2020,FEU,Z02,12,0.0593277082
09/04/2020,FEU,Z03,12,0.06198930356
09/04/2020,FEU,Z01,13,0.10721998958
09/04/2020,FEU,Z02,13,0.05953187416
09/04/2020,FEU,Z03,13,0.06219807752
09/04/2020,FEU,Z01,14,0.10417072566
09/04/2020,FEU,Z02,14,0.12263937854
09/04/2020,FEU,Z03,14,0.12263937854
09/04/2020,FEU,Z01,15,0.1002957776
09/04/2020,FEU,Z02,15,0.11879361846
09/04/2020,FEU,Z03,15,0.11879361846
09/04/2020,FEU,Z01,16,0.09807047348
09/04/2020,FEU,Z02,16,0.11655346434
09/04/2020,FEU,Z03,16,0.11655346434
09/04/2020,FEU,Z01,17,0.09782611352
09/04/2020,FEU,Z02,17,0.11630789438
09/04/2020,FEU,Z03,17,0.11630789438
09/04/2020,FEU,Z01,18,0.10220746552
09/04/2020,FEU,Z02,18,0.12071766338
09/04/2020,FEU,Z03,18,0.12071766338
09/04/2020,FEU,Z01,19,0.10432315148
09/04/2020,FEU,Z02,19,0.12289870532
09/04/2020,FEU,Z03,19,0.12289870532
09/04/2020,FEU,Z01,2,0.09927399844
09/04/2020,FEU,Z02,2,0.05108115328
09/04/2020,FEU,Z03,2,0.04840995482
09/04/2020,FEU,Z01,20,0.10783867034
09/04/2020,FEU,Z02,20,0.1263809372
09/04/2020,FEU,Z03,20,0.1263809372
09/04/2020,FEU,Z01,21,0.11103127924
09/04/2020,FEU,Z02,21,0.12965118908
09/04/2020,FEU,Z03,21,0.12965118908
09/04/2020,FEU,Z01,22,0.11033926514
09/04/2020,FEU,Z02,22,0.12895298598
09/04/2020,FEU,Z03,22,0.12895298598
09/04/2020,FEU,Z01,23,0.10349204506
09/04/2020,FEU,Z02,23,0.1220569619
09/04/2020,FEU,Z03,23,0.1220569619
09/04/2020,FEU,Z01,24,0.10019847878
09/04/2020,FEU,Z02,24,0.05218623154
09/04/2020,FEU,Z03,24,0.05509828668
09/04/2020,FEU,Z01,3,0.0961463964
09/04/2020,FEU,Z02,3,0.04805930724
09/04/2020,FEU,Z03,3,0.04546151978
09/04/2020,FEU,Z01,4,0.09350379038
09/04/2020,FEU,Z02,4,0.04550950622
09/04/2020,FEU,Z03,4,0.04293510578
09/04/2020,FEU,Z01,5,0.09275374436
09/04/2020,FEU,Z02,5,0.04474637622
09/04/2020,FEU,Z03,5,0.04222791376
09/04/2020,FEU,Z01,6,0.09353983546
09/04/2020,FEU,Z02,6,0.0455538173
09/04/2020,FEU,Z03,6,0.04305015782
09/04/2020,FEU,Z01,7,0.10399509272
09/04/2020,FEU,Z02,7,0.05585311348
09/04/2020,FEU,Z03,7,0.05315264998
09/04/2020,FEU,Z01,8,0.10920194386
09/04/2020,FEU,Z02,8,0.0609567376
09/04/2020,FEU,Z03,8,0.06410315078
09/04/2020,FEU,Z01,9,0.1113975774
09/04/2020,FEU,Z02,9,0.06346994102
09/04/2020,FEU,Z03,9,0.06635303634
09/05/2020,FEU,Z01,1,0.09969228242
09/05/2020,FEU,Z02,1,0.05148232426
09/05/2020,FEU,Z03,1,0.05452150432
09/05/2020,FEU,Z01,10,0.09631008314
09/05/2020,FEU,Z02,10,0.04863660882
09/05/2020,FEU,Z03,10,0.05121929206
09/05/2020,FEU,Z01,11,0.09062807724
09/05/2020,FEU,Z02,11,0.0431740129
09/05/2020,FEU,Z03,11,0.04553610316
09/05/2020,FEU,Z01,12,0.09281564726
09/05/2020,FEU,Z02,12,0.0453387079
09/05/2020,FEU,Z03,12,0.04773511018
09/05/2020,FEU,Z01,13,0.09368737722
09/05/2020,FEU,Z02,13,0.04614197988
09/05/2020,FEU,Z03,13,0.04860240614
09/05/2020,FEU,Z01,14,0.09256356434
09/05/2020,FEU,Z02,14,0.1110114572
09/05/2020,FEU,Z03,14,0.1110114572
09/05/2020,FEU,Z01,15,0.09094528226
09/05/2020,FEU,Z02,15,0.10938272912
09/05/2020,FEU,Z03,15,0.10938272912
09/05/2020,FEU,Z01,16,0.08828376112
09/05/2020,FEU,Z02,16,0.10674298496
09/05/2020,FEU,Z03,16,0.10674298496
09/05/2020,FEU,Z01,17,0.08786620112
09/05/2020,FEU,Z02,17,0.10632250496
09/05/2020,FEU,Z03,17,0.10632250496
09/05/2020,FEU,Z01,18,0.08860192526
09/05/2020,FEU,Z02,18,0.1070642921
09/05/2020,FEU,Z03,18,0.1070642921
09/05/2020,FEU,Z01,19,0.08852119826
09/05/2020,FEU,Z02,19,0.1069829971
09/05/2020,FEU,Z03,19,0.1069829971
09/05/2020,FEU,Z01,2,0.09862006034
09/05/2020,FEU,Z02,2,0.0503970772
09/05/2020,FEU,Z03,2,0.04770340176
09/05/2020,FEU,Z01,20,0.09486976912
09/05/2020,FEU,Z02,20,0.11337504896
09/05/2020,FEU,Z03,20,0.11337504896
09/05/2020,FEU,Z01,21,0.10163246904
09/05/2020,FEU,Z02,21,0.12023453086
09/05/2020,FEU,Z03,21,0.12023453086
09/05/2020,FEU,Z01,22,0.10183318496
09/05/2020,FEU,Z02,22,0.1203854968
09/05/2020,FEU,Z03,22,0.1203854968
09/05/2020,FEU,Z01,23,0.0976769768
09/05/2020,FEU,Z02,23,0.11624539362
09/05/2020,FEU,Z03,23,0.11624539362
09/05/2020,FEU,Z01,24,0.08964738244
09/05/2020,FEU,Z02,24,0.04179776128
09/05/2020,FEU,Z03,24,0.04443776634
09/05/2020,FEU,Z01,3,0.0985926713
09/05/2020,FEU,Z02,3,0.05032296018
09/05/2020,FEU,Z03,3,0.04767397772
09/05/2020,FEU,Z01,4,0.09890079926
09/05/2020,FEU,Z02,4,0.05061645514
09/05/2020,FEU,Z03,4,0.0479200227
09/05/2020,FEU,Z01,5,0.09062508824
09/05/2020,FEU,Z02,5,0.04264508112
09/05/2020,FEU,Z03,5,0.04014462568
09/05/2020,FEU,Z01,6,0.09037822828
09/05/2020,FEU,Z02,6,0.04241223516
09/05/2020,FEU,Z03,6,0.03991608172
09/05/2020,FEU,Z01,7,0.09105793938
09/05/2020,FEU,Z02,7,0.04315063722
09/05/2020,FEU,Z03,7,0.04063422478
09/05/2020,FEU,Z01,8,0.09386233346
09/05/2020,FEU,Z02,8,0.04590326528
09/05/2020,FEU,Z03,8,0.04867438436
09/05/2020,FEU,Z01,9,0.09758642492
09/05/2020,FEU,Z02,9,0.04976239964
09/05/2020,FEU,Z03,9,0.05245874684
09/06/2020,FEU,Z01,1,0.09491613302
09/06/2020,FEU,Z02,1,0.04663494496
09/06/2020,FEU,Z03,1,0.0496884059
09/06/2020,FEU,Z01,10,0.08908701276
09/06/2020,FEU,Z02,10,0.04143583352
09/06/2020,FEU,Z03,10,0.04393520366
09/06/2020,FEU,Z01,11,0.08513318088
09/06/2020,FEU,Z02,11,0.0376920976
09/06/2020,FEU,Z03,11,0.03998685878
09/06/2020,FEU,Z01,12,0.08127002994
09/06/2020,FEU,Z02,12,0.03395676666
09/06/2020,FEU,Z03,12,0.03611820884
09/06/2020,FEU,Z01,13,0.08491070182
09/06/2020,FEU,Z02,13,0.03743680156
09/06/2020,FEU,Z03,13,0.03975216872
09/06/2020,FEU,Z01,14,0.08930271298
09/06/2020,FEU,Z02,14,0.10776813782
09/06/2020,FEU,Z03,14,0.10776813782
09/06/2020,FEU,Z01,15,0.08894785694
09/06/2020,FEU,Z02,15,0.10741172078
09/06/2020,FEU,Z03,15,0.10741172078
09/06/2020,FEU,Z01,16,0.0887148168
09/06/2020,FEU,Z02,16,0.10721369962
09/06/2020,FEU,Z03,16,0.10721369962
09/06/2020,FEU,Z01,17,0.08547667876
09/06/2020,FEU,Z02,17,0.10395017058
09/06/2020,FEU,Z03,17,0.10395017058
09/06/2020,FEU,Z01,18,0.08468701482
09/06/2020,FEU,Z02,18,0.10315477664
09/06/2020,FEU,Z03,18,0.10315477664
09/06/2020,FEU,Z01,19,0.08538056488
09/06/2020,FEU,Z02,19,0.1038541167
09/06/2020,FEU,Z03,19,0.1038541167
09/06/2020,FEU,Z01,2,0.09169333592
09/06/2020,FEU,Z02,2,0.04349226888
09/06/2020,FEU,Z03,2,0.0408718525
09/06/2020,FEU,Z01,20,0.08868788282
09/06/2020,FEU,Z02,20,0.10718671264
09/06/2020,FEU,Z03,20,0.10718671264
09/06/2020,FEU,Z01,21,0.1020541769
09/06/2020,FEU,Z02,21,0.12065778872
09/06/2020,FEU,Z03,21,0.12065778872
09/06/2020,FEU,Z01,22,0.10597347296
09/06/2020,FEU,Z02,22,0.12460845278
09/06/2020,FEU,Z03,22,0.12460845278
09/06/2020,FEU,Z01,23,0.1030509419
09/06/2020,FEU,Z02,23,0.12166232072
09/06/2020,FEU,Z03,23,0.12166232072
09/06/2020,FEU,Z01,24,0.09781371854
09/06/2020,FEU,Z02,24,0.04972614936
09/06/2020,FEU,Z03,24,0.05265772244
09/06/2020,FEU,Z01,3,0.09088418882
09/06/2020,FEU,Z02,3,0.0426688168
09/06/2020,FEU,Z03,3,0.04003998544
09/06/2020,FEU,Z01,4,0.08982873182
09/06/2020,FEU,Z02,4,0.0416561368
09/06/2020,FEU,Z03,4,0.03908907942
09/06/2020,FEU,Z01,5,0.09009695886
09/06/2020,FEU,Z02,5,0.04195129182
09/06/2020,FEU,Z03,5,0.03934147146
09/06/2020,FEU,Z01,6,0.09022686392
09/06/2020,FEU,Z02,6,0.04208310488
09/06/2020,FEU,Z03,6,0.0395016025
09/06/2020,FEU,Z01,7,0.09161415596
09/06/2020,FEU,Z02,7,0.04342085492
09/06/2020,FEU,Z03,7,0.04083630952
09/06/2020,FEU,Z01,8,0.09169586698
09/06/2020,FEU,Z02,8,0.04353740892
09/06/2020,FEU,Z03,8,0.04644443386
09/06/2020,FEU,Z01,9,0.09105401146
09/06/2020,FEU,Z02,9,0.04319276928
09/06/2020,FEU,Z03,9,0.04585413236
09/07/2020,FEU,Z01,1,0.1014563762
09/07/2020,FEU,Z02,1,0.0530266421
09/07/2020,FEU,Z03,1,0.0562512611
09/07/2020,FEU,Z01,10,0.0948256976
09/07/2020,FEU,Z02,10,0.04750349416
09/07/2020,FEU,Z03,10,0.04981609352
09/07/2020,FEU,Z01,11,0.08986609564
09/07/2020,FEU,Z02,11,0.0426735982
09/07/2020,FEU,Z03,11,0.04480886158
09/07/2020,FEU,Z01,12,0.09130472762
09/07/2020,FEU,Z02,12,0.04407228418
09/07/2020,FEU,Z03,12,0.04624764356
09/07/2020,FEU,Z01,13,0.09679468958
09/07/2020,FEU,Z02,13,0.04937736616
09/07/2020,FEU,Z03,13,0.05174487752
09/07/2020,FEU,Z01,14,0.10180564568
09/07/2020,FEU,Z02,14,0.12031364554
09/07/2020,FEU,Z03,14,0.12031364554
09/07/2020,FEU,Z01,15,0.1004884176
09/07/2020,FEU,Z02,15,0.11898746246
09/07/2020,FEU,Z03,15,0.11898746246
09/07/2020,FEU,Z01,16,0.09814100946
09/07/2020,FEU,Z02,16,0.11662428332
09/07/2020,FEU,Z03,16,0.11662428332
09/07/2020,FEU,Z01,17,0.09951062748
09/07/2020,FEU,Z02,17,0.11800257134
09/07/2020,FEU,Z03,17,0.11800257134
09/07/2020,FEU,Z01,18,0.10247770546
09/07/2020,FEU,Z02,18,0.12098791532
09/07/2020,FEU,Z03,18,0.12098791532
09/07/2020,FEU,Z01,19,0.10292577842
09/07/2020,FEU,Z02,19,0.12149072126
09/07/2020,FEU,Z03,19,0.12149072126
09/07/2020,FEU,Z01,2,0.09183827208
09/07/2020,FEU,Z02,2,0.043720777
09/07/2020,FEU,Z03,2,0.0411264576
09/07/2020,FEU,Z01,20,0.1048402773
09/07/2020,FEU,Z02,20,0.12336364316
09/07/2020,FEU,Z03,20,0.12336364316
09/07/2020,FEU,Z01,21,0.1090806373
09/07/2020,FEU,Z02,21,0.12768761414
09/07/2020,FEU,Z03,21,0.12768761414
09/07/2020,FEU,Z01,22,0.1101634273
09/07/2020,FEU,Z02,22,0.12877803614
09/07/2020,FEU,Z03,22,0.12877803614
09/07/2020,FEU,Z01,23,0.1036615172
09/07/2020,FEU,Z02,23,0.12222916904
09/07/2020,FEU,Z03,23,0.12222916904
09/07/2020,FEU,Z01,24,0.0999081869
09/07/2020,FEU,Z02,24,0.05200823962
09/07/2020,FEU,Z03,24,0.0548295768
09/07/2020,FEU,Z01,3,0.09164987204
09/07/2020,FEU,Z02,3,0.04350019598
09/07/2020,FEU,Z03,3,0.04094810956
09/07/2020,FEU,Z01,4,0.09124854204
09/07/2020,FEU,Z02,4,0.04311461098
09/07/2020,FEU,Z03,4,0.04053686858
09/07/2020,FEU,Z01,5,0.09130964004
09/07/2020,FEU,Z02,5,0.04317331198
09/07/2020,FEU,Z03,5,0.04062833956
09/07/2020,FEU,Z01,6,0.09401349616
09/07/2020,FEU,Z02,6,0.04582256908
09/07/2020,FEU,Z03,6,0.04324476164
09/07/2020,FEU,Z01,7,0.1033412966
09/07/2020,FEU,Z02,7,0.0551136674
09/07/2020,FEU,Z03,7,0.0524342279
09/07/2020,FEU,Z01,8,0.10068932782
09/07/2020,FEU,Z02,8,0.05271170956
09/07/2020,FEU,Z03,8,0.05559886472
09/07/2020,FEU,Z01,9,0.09840794732
09/07/2020,FEU,Z02,9,0.05078232196
09/07/2020,FEU,Z03,9,0.05331402326
09/08/2020,FEU,Z01,1,0.0979054265
09/08/2020,FEU,Z02,1,0.04981009132
09/08/2020,FEU,Z03,1,0.0527422364
09/08/2020,FEU,Z01,10,0.1013346327
09/08/2020,FEU,Z02,10,0.05391021024
09/08/2020,FEU,Z03,10,0.05631937764
09/08/2020,FEU,Z01,11,0.09532391768
09/08/2020,FEU,Z02,11,0.04800019424
09/08/2020,FEU,Z03,11,0.05028988862
09/08/2020,FEU,Z01,12,0.09508694762
09/08/2020,FEU,Z02,12,0.04776095518
09/08/2020,FEU,Z03,12,0.05004112556
09/08/2020,FEU,Z01,13,0.09985614058
09/08/2020,FEU,Z02,13,0.05240553814
09/08/2020,FEU,Z03,13,0.0548607275
09/08/2020,FEU,Z01,14,0.10282818764
09/08/2020,FEU,Z02,14,0.1213422275
09/08/2020,FEU,Z03,14,0.1213422275
09/08/2020,FEU,Z01,15,0.10415127454
09/08/2020,FEU,Z02,15,0.1226726374
09/08/2020,FEU,Z03,15,0.1226726374
09/08/2020,FEU,Z01,16,0.10369704944
09/08/2020,FEU,Z02,16,0.12226882528
09/08/2020,FEU,Z03,16,0.12226882528
09/08/2020,FEU,Z01,17,0.10477791246
09/08/2020,FEU,Z02,17,0.12330240932
09/08/2020,FEU,Z03,17,0.12330240932
09/08/2020,FEU,Z01,18,0.1027733525
09/08/2020,FEU,Z02,18,0.12128576136
09/08/2020,FEU,Z03,18,0.12128576136
09/08/2020,FEU,Z01,19,0.10345500548
09/08/2020,FEU,Z02,19,0.12197147034
09/08/2020,FEU,Z03,19,0.12197147034
09/08/2020,FEU,Z01,2,0.09224689742
09/08/2020,FEU,Z02,2,0.04430216926
09/08/2020,FEU,Z03,2,0.0417928078
09/08/2020,FEU,Z01,20,0.10755706544
09/08/2020,FEU,Z02,20,0.1260986173
09/08/2020,FEU,Z03,20,0.1260986173
09/08/2020,FEU,Z01,21,0.1121897074
09/08/2020,FEU,Z02,21,0.13075954526
09/08/2020,FEU,Z03,21,0.13075954526
09/08/2020,FEU,Z01,22,0.11291407532
09/08/2020,FEU,Z02,22,0.13154835716
09/08/2020,FEU,Z03,22,0.13154835716
09/08/2020,FEU,Z01,23,0.11011859122
09/08/2020,FEU,Z02,23,0.12873296706
09/08/2020,FEU,Z03,23,0.12873296706
09/08/2020,FEU,Z01,24,0.10707984088
09/08/2020,FEU,Z02,24,0.05890463662
09/08/2020,FEU,Z03,24,0.0619774968
09/08/2020,FEU,Z01,3,0.09153389034
09/08/2020,FEU,Z02,3,0.0435684772
09/08/2020,FEU,Z03,3,0.04104252176
09/08/2020,FEU,Z01,4,0.09099257628
09/08/2020,FEU,Z02,4,0.04300379116
09/08/2020,FEU,Z03,4,0.0405275727
09/08/2020,FEU,Z01,5,0.09092521632
09/08/2020,FEU,Z02,5,0.0429437572
09/08/2020,FEU,Z03,5,0.04046759674
09/08/2020,FEU,Z01,6,0.09206540048
09/08/2020,FEU,Z02,6,0.04413328732
09/08/2020,FEU,Z03,6,0.04166259384
09/08/2020,FEU,Z01,7,0.10120354574
09/08/2020,FEU,Z02,7,0.0531549775
09/08/2020,FEU,Z03,7,0.050514678
09/08/2020,FEU,Z01,8,0.10355029692
09/08/2020,FEU,Z02,8,0.05553910564
09/08/2020,FEU,Z03,8,0.05849127382
09/08/2020,FEU,Z01,9,0.10307890544
09/08/2020,FEU,Z02,9,0.05543284204
09/08/2020,FEU,Z03,9,0.05801975138
09/09/2020,FEU,Z01,1,0.10318371254
09/09/2020,FEU,Z02,1,0.05495499434
09/09/2020,FEU,Z03,1,0.05805178444
09/09/2020,FEU,Z01,10,0.10985546572
09/09/2020,FEU,Z02,10,0.06222716126
09/09/2020,FEU,Z03,10,0.06492238764
09/09/2020,FEU,Z01,11,0.10828361172
09/09/2020,FEU,Z02,11,0.06069340426
09/09/2020,FEU,Z03,11,0.06334488964
09/09/2020,FEU,Z01,12,0.10809362966
09/09/2020,FEU,Z02,12,0.0605005482
09/09/2020,FEU,Z03,12,0.06314281658
09/09/2020,FEU,Z01,13,0.1085165776
09/09/2020,FEU,Z02,13,0.06085101016
09/09/2020,FEU,Z03,13,0.06355586952
09/09/2020,FEU,Z01,14,0.10850245166
09/09/2020,FEU,Z02,14,0.12699437254
09/09/2020,FEU,Z03,14,0.12699437254
09/09/2020,FEU,Z01,15,0.10852819658
09/09/2020,FEU,Z02,15,0.12707727344
09/09/2020,FEU,Z03,15,0.12707727344
09/09/2020,FEU,Z01,16,0.10704318246
09/09/2020,FEU,Z02,16,0.12558174932
09/09/2020,FEU,Z03,16,0.12558174932
09/09/2020,FEU,Z01,17,0.1072846025
09/09/2020,FEU,Z02,17,0.12582621336
09/09/2020,FEU,Z03,17,0.12582621336
09/09/2020,FEU,Z01,18,0.10504358156
09/09/2020,FEU,Z02,18,0.12357070242
09/09/2020,FEU,Z03,18,0.12357070242
09/09/2020,FEU,Z01,19,0.1039962275
09/09/2020,FEU,Z02,19,0.12251624536
09/09/2020,FEU,Z03,19,0.12251624536
09/09/2020,FEU,Z01,2,0.09872314442
09/09/2020,FEU,Z02,2,0.05054771026
09/09/2020,FEU,Z03,2,0.0478889278
09/09/2020,FEU,Z01,20,0.1073363574
09/09/2020,FEU,Z02,20,0.12593343724
09/09/2020,FEU,Z03,20,0.12593343724
09/09/2020,FEU,Z01,21,0.10973618136
09/09/2020,FEU,Z02,21,0.12829038722
09/09/2020,FEU,Z03,21,0.12829038722
09/09/2020,FEU,Z01,22,0.11082231626
09/09/2020,FEU,Z02,22,0.12938213712
09/09/2020,FEU,Z03,22,0.12938213712
09/09/2020,FEU,Z01,23,0.10747376414
09/09/2020,FEU,Z02,23,0.12606742898
09/09/2020,FEU,Z03,23,0.12606742898
09/09/2020,FEU,Z01,24,0.1023877368
09/09/2020,FEU,Z02,24,0.05435249854
09/09/2020,FEU,Z03,24,0.0573007867
09/09/2020,FEU,Z01,3,0.09903916832
09/09/2020,FEU,Z02,3,0.05079875718
09/09/2020,FEU,Z03,3,0.04809498574
09/09/2020,FEU,Z01,4,0.0959216813
09/09/2020,FEU,Z02,4,0.04779219716
09/09/2020,FEU,Z03,4,0.04516302172
09/09/2020,FEU,Z01,5,0.0956811263
09/09/2020,FEU,Z02,5,0.04752066418
09/09/2020,FEU,Z03,5,0.04493687972
09/09/2020,FEU,Z01,6,0.0980143364
09/09/2020,FEU,Z02,6,0.04982003026
09/09/2020,FEU,Z03,6,0.0471796378
09/09/2020,FEU,Z01,7,0.10949224674
09/09/2020,FEU,Z02,7,0.0611728525
09/09/2020,FEU,Z03,7,0.058354378
09/09/2020,FEU,Z01,8,0.111889627
09/09/2020,FEU,Z02,8,0.0636826977
09/09/2020,FEU,Z03,8,0.0668821469
09/09/2020,FEU,Z01,9,0.1105516025
09/09/2020,FEU,Z02,9,0.0627137281
09/09/2020,FEU,Z03,9,0.06552358544
09/10/2020,FEU,Z01,1,0.10491897444
09/10/2020,FEU,Z02,1,0.05652486528
09/10/2020,FEU,Z03,1,0.05977417834
09/10/2020,FEU,Z01,10,0.10824346258
09/10/2020,FEU,Z02,10,0.06052996216
09/10/2020,FEU,Z03,10,0.06322428952
09/10/2020,FEU,Z01,11,0.10500716964
09/10/2020,FEU,Z02,11,0.0574354682
09/10/2020,FEU,Z03,11,0.05999056458
09/10/2020,FEU,Z01,12,0.10327489166
09/10/2020,FEU,Z02,12,0.0557971982
09/10/2020,FEU,Z03,12,0.05830682258
09/10/2020,FEU,Z01,13,0.1070157776
09/10/2020,FEU,Z02,13,0.05938773016
09/10/2020,FEU,Z03,13,0.06199706654
09/10/2020,FEU,Z01,14,0.10719844964
09/10/2020,FEU,Z02,14,0.12568320552
09/10/2020,FEU,Z03,14,0.12568320552
09/10/2020,FEU,Z01,15,0.10700259356
09/10/2020,FEU,Z02,15,0.12554193642
09/10/2020,FEU,Z03,15,0.12554193642
09/10/2020,FEU,Z01,16,0.10740677942
09/10/2020,FEU,Z02,16,0.12594719328
09/10/2020,FEU,Z03,16,0.12594719328
09/10/2020,FEU,Z01,17,0.10770698546
09/10/2020,FEU,Z02,17,0.12624967532
09/10/2020,FEU,Z03,17,0.12624967532
09/10/2020,FEU,Z01,18,0.10687543752
09/10/2020,FEU,Z02,18,0.12541357538
09/10/2020,FEU,Z03,18,0.12541357538
09/10/2020,FEU,Z01,19,0.10567602242
09/10/2020,FEU,Z02,19,0.12420570528
09/10/2020,FEU,Z03,19,0.12420570528
09/10/2020,FEU,Z01,2,0.10071025238
09/10/2020,FEU,Z02,2,0.05245968422
09/10/2020,FEU,Z03,2,0.04971331678
09/10/2020,FEU,Z01,20,0.1078241923
09/10/2020,FEU,Z02,20,0.12642231314
09/10/2020,FEU,Z03,20,0.12642231314
09/10/2020,FEU,Z01,21,0.10947163922
09/10/2020,FEU,Z02,21,0.12802272308
09/10/2020,FEU,Z03,21,0.12802272308
09/10/2020,FEU,Z01,22,0.11046598622
09/10/2020,FEU,Z02,22,0.12908165506
09/10/2020,FEU,Z03,22,0.12908165506
09/10/2020,FEU,Z01,23,0.10823740912
09/10/2020,FEU,Z02,23,0.12689243994
09/10/2020,FEU,Z03,23,0.12689243994
09/10/2020,FEU,Z01,24,0.10467761678
09/10/2020,FEU,Z02,24,0.05651876554
09/10/2020,FEU,Z03,24,0.0595480717
09/10/2020,FEU,Z01,3,0.09859640034
09/10/2020,FEU,Z02,3,0.0503742772
09/10/2020,FEU,Z03,3,0.04772213074
09/10/2020,FEU,Z01,4,0.0974491463
09/10/2020,FEU,Z02,4,0.04922303618
09/10/2020,FEU,Z03,4,0.04655904574
09/10/2020,FEU,Z01,5,0.09563753632
09/10/2020,FEU,Z02,5,0.04752066418
09/10/2020,FEU,Z03,5,0.04489733674
09/10/2020,FEU,Z01,6,0.09799469044
09/10/2020,FEU,Z02,6,0.04984745728
09/10/2020,FEU,Z03,6,0.0472462378
09/10/2020,FEU,Z01,7,0.1064942767
09/10/2020,FEU,Z02,7,0.05821883948
09/10/2020,FEU,Z03,7,0.05546695198
09/10/2020,FEU,Z01,8,0.10863848486
09/10/2020,FEU,Z02,8,0.0604101776
09/10/2020,FEU,Z03,8,0.06353774378
09/10/2020,FEU,Z01,9,0.10897691438
09/10/2020,FEU,Z02,9,0.061113378
09/10/2020,FEU,Z03,9,0.0639760273
09/11/2020,FEU,Z01,1,0.10679840852
09/11/2020,FEU,Z02,1,0.05839478234
09/11/2020,FEU,Z03,1,0.06167688542
09/11/2020,FEU,Z01,10,0.10893569162
09/11/2020,FEU,Z02,10,0.06126317118
09/11/2020,FEU,Z03,10,0.06392587556
09/11/2020,FEU,Z01,11,0.10769700968
09/11/2020,FEU,Z02,11,0.06011601922
09/11/2020,FEU,Z03,11,0.06269512262
09/11/2020,FEU,Z01,12,0.10713025164
09/11/2020,FEU,Z02,12,0.0595042882
09/11/2020,FEU,Z03,12,0.06217218956
09/11/2020,FEU,Z01,13,0.10741280158
09/11/2020,FEU,Z02,13,0.05972079016
09/11/2020,FEU,Z03,13,0.06239140552
09/11/2020,FEU,Z01,14,0.10745917366
09/11/2020,FEU,Z02,14,0.12594549054
09/11/2020,FEU,Z03,14,0.12594549054
09/11/2020,FEU,Z01,15,0.1079140176
09/11/2020,FEU,Z02,15,0.12645947246
09/11/2020,FEU,Z03,15,0.12645947246
09/11/2020,FEU,Z01,16,0.10698726748
09/11/2020,FEU,Z02,16,0.12552569134
09/11/2020,FEU,Z03,16,0.12552569134
09/11/2020,FEU,Z01,17,0.10117001352
09/11/2020,FEU,Z02,17,0.11967261938
09/11/2020,FEU,Z03,17,0.11967261938
09/11/2020,FEU,Z01,18,0.10641909352
09/11/2020,FEU,Z02,18,0.12495438938
09/11/2020,FEU,Z03,18,0.12495438938
09/11/2020,FEU,Z01,19,0.10754688948
09/11/2020,FEU,Z02,19,0.12614534732
09/11/2020,FEU,Z03,19,0.12614534732
09/11/2020,FEU,Z01,2,0.10300590244
09/11/2020,FEU,Z02,2,0.05468000128
09/11/2020,FEU,Z03,2,0.05192215782
09/11/2020,FEU,Z01,20,0.10913822134
09/11/2020,FEU,Z02,20,0.1276885172
09/11/2020,FEU,Z03,20,0.1276885172
09/11/2020,FEU,Z01,21,0.11144778724
09/11/2020,FEU,Z02,21,0.13007062508
09/11/2020,FEU,Z03,21,0.13007062508
09/11/2020,FEU,Z01,22,0.11228922314
09/11/2020,FEU,Z02,22,0.13091659198
09/11/2020,FEU,Z03,22,0.13091659198
09/11/2020,FEU,Z01,23,0.11005976706
09/11/2020,FEU,Z02,23,0.1286704919
09/11/2020,FEU,Z03,23,0.1286704919
09/11/2020,FEU,Z01,24,0.10810721078
09/11/2020,FEU,Z02,24,0.05983723054
09/11/2020,FEU,Z03,24,0.06304107868
09/11/2020,FEU,Z01,3,0.1002905564
09/11/2020,FEU,Z02,3,0.05205710124
09/11/2020,FEU,Z03,3,0.04936446278
09/11/2020,FEU,Z01,4,0.09800103838
09/11/2020,FEU,Z02,4,0.04984567922
09/11/2020,FEU,Z03,4,0.04716468278
09/11/2020,FEU,Z01,5,0.09811766036
09/11/2020,FEU,Z02,5,0.04991515822
09/11/2020,FEU,Z03,5,0.04727416976
09/11/2020,FEU,Z01,6,0.10245443346
09/11/2020,FEU,Z02,6,0.0541491723
09/11/2020,FEU,Z03,6,0.05144972382
09/11/2020,FEU,Z01,7,0.11056470872
09/11/2020,FEU,Z02,7,0.06220825748
09/11/2020,FEU,Z03,7,0.05936779498
09/11/2020,FEU,Z01,8,0.11108091186
09/11/2020,FEU,Z02,8,0.0627756176
09/11/2020,FEU,Z03,8,0.06598861478
09/11/2020,FEU,Z01,9,0.1094822274
09/11/2020,FEU,Z02,9,0.06160713602
09/11/2020,FEU,Z03,9,0.06443260134
09/12/2020,FEU,Z01,1,0.10712587742
09/12/2020,FEU,Z02,1,0.05865110926
09/12/2020,FEU,Z03,1,0.06198662432
09/12/2020,FEU,Z01,10,0.09865437614
09/12/2020,FEU,Z02,10,0.05091116782
09/12/2020,FEU,Z03,10,0.05357178906
09/12/2020,FEU,Z01,11,0.09807970124
09/12/2020,FEU,Z02,11,0.0504095529
09/12/2020,FEU,Z03,11,0.05301506116
09/12/2020,FEU,Z01,12,0.09550465226
09/12/2020,FEU,Z02,12,0.0479531379
09/12/2020,FEU,Z03,12,0.05043357518
09/12/2020,FEU,Z01,13,0.09635833222
09/12/2020,FEU,Z02,13,0.04873554988
09/12/2020,FEU,Z03,13,0.05128274114
09/12/2020,FEU,Z01,14,0.09578355034
09/12/2020,FEU,Z02,14,0.1142513372
09/12/2020,FEU,Z03,14,0.1142513372
09/12/2020,FEU,Z01,15,0.09504303026
09/12/2020,FEU,Z02,15,0.11350570512
09/12/2020,FEU,Z03,15,0.11350570512
09/12/2020,FEU,Z01,16,0.09477596112
09/12/2020,FEU,Z02,16,0.11328173696
09/12/2020,FEU,Z03,16,0.11328173696
09/12/2020,FEU,Z01,17,0.09574035312
09/12/2020,FEU,Z02,17,0.11425172096
09/12/2020,FEU,Z03,17,0.11425172096
09/12/2020,FEU,Z01,18,0.09730566026
09/12/2020,FEU,Z02,18,0.1158292671
09/12/2020,FEU,Z03,18,0.1158292671
09/12/2020,FEU,Z01,19,0.10405830326
09/12/2020,FEU,Z02,19,0.1226294221
09/12/2020,FEU,Z03,19,0.1226294221
09/12/2020,FEU,Z01,2,0.10317224434
09/12/2020,FEU,Z02,2,0.0547837972
09/12/2020,FEU,Z03,2,0.05198126576
09/12/2020,FEU,Z01,20,0.10903820912
09/12/2020,FEU,Z02,20,0.12764372096
09/12/2020,FEU,Z03,20,0.12764372096
09/12/2020,FEU,Z01,21,0.11061786504
09/12/2020,FEU,Z02,21,0.12929036986
09/12/2020,FEU,Z03,21,0.12929036986
09/12/2020,FEU,Z01,22,0.10729481696
09/12/2020,FEU,Z02,22,0.1258850568
09/12/2020,FEU,Z03,22,0.1258850568
09/12/2020,FEU,Z01,23,0.1031649368
09/12/2020,FEU,Z02,23,0.12177593262
09/12/2020,FEU,Z03,23,0.12177593262
09/12/2020,FEU,Z01,24,0.09929873644
09/12/2020,FEU,Z02,24,0.05110500928
09/12/2020,FEU,Z03,24,0.05413008534
09/12/2020,FEU,Z01,3,0.1013714963
09/12/2020,FEU,Z02,3,0.05299974618
09/12/2020,FEU,Z03,3,0.05028630772
09/12/2020,FEU,Z01,4,0.09986583026
09/12/2020,FEU,Z02,4,0.05154457114
09/12/2020,FEU,Z03,4,0.0488254027
09/12/2020,FEU,Z01,5,0.09789802424
09/12/2020,FEU,Z02,5,0.04964864912
09/12/2020,FEU,Z03,5,0.04697566168
09/12/2020,FEU,Z01,6,0.09645885028
09/12/2020,FEU,Z02,6,0.04826726916
09/12/2020,FEU,Z03,6,0.04562644572
09/12/2020,FEU,Z01,7,0.09646573838
09/12/2020,FEU,Z02,7,0.04836611822
09/12/2020,FEU,Z03,7,0.04572038278
09/12/2020,FEU,Z01,8,0.10054180846
09/12/2020,FEU,Z02,8,0.05235006528
09/12/2020,FEU,Z03,8,0.05538223436
09/12/2020,FEU,Z01,9,0.09926203292
09/12/2020,FEU,Z02,9,0.05138573564
09/12/2020,FEU,Z03,9,0.05414016284
09/13/2020,FEU,Z01,1,0.09787406602
09/13/2020,FEU,Z02,1,0.04947692896
09/13/2020,FEU,Z03,1,0.0526611409
09/13/2020,FEU,Z01,10,0.09221279276
09/13/2020,FEU,Z02,10,0.04446051752
09/13/2020,FEU,Z03,10,0.04707443366
09/13/2020,FEU,Z01,11,0.09154204488
09/13/2020,FEU,Z02,11,0.0439002576
09/13/2020,FEU,Z03,11,0.04642344278
09/13/2020,FEU,Z01,12,0.09091487494
09/13/2020,FEU,Z02,12,0.04330158866
09/13/2020,FEU,Z03,12,0.04580487884
09/13/2020,FEU,Z01,13,0.09318248482
09/13/2020,FEU,Z02,13,0.04544451556
09/13/2020,FEU,Z03,13,0.04805963672
09/13/2020,FEU,Z01,14,0.09105568598
09/13/2020,FEU,Z02,14,0.10953329482
09/13/2020,FEU,Z03,14,0.10953329482
09/13/2020,FEU,Z01,15,0.08894785694
09/13/2020,FEU,Z02,15,0.10741172078
09/13/2020,FEU,Z03,15,0.10741172078
09/13/2020,FEU,Z01,16,0.0893029368
09/13/2020,FEU,Z02,16,0.10780755162
09/13/2020,FEU,Z03,16,0.10780755162
09/13/2020,FEU,Z01,17,0.08946466276
09/13/2020,FEU,Z02,17,0.10796904258
09/13/2020,FEU,Z03,17,0.10796904258
09/13/2020,FEU,Z01,18,0.09314771482
09/13/2020,FEU,Z02,18,0.11168117664
09/13/2020,FEU,Z03,18,0.11168117664
09/13/2020,FEU,Z01,19,0.09960398888
09/13/2020,FEU,Z02,19,0.1181882767
09/13/2020,FEU,Z03,19,0.1181882767
09/13/2020,FEU,Z01,2,0.09590974392
09/13/2020,FEU,Z02,2,0.04754058088
09/13/2020,FEU,Z03,2,0.0448127275
09/13/2020,FEU,Z01,20,0.10882087182
09/13/2020,FEU,Z02,20,0.12747604064
09/13/2020,FEU,Z03,20,0.12747604064
09/13/2020,FEU,Z01,21,0.1120680269
09/13/2020,FEU,Z02,21,0.13074966872
09/13/2020,FEU,Z03,21,0.13074966872
09/13/2020,FEU,Z01,22,0.10892028896
09/13/2020,FEU,Z02,22,0.12757829078
09/13/2020,FEU,Z03,22,0.12757829078
09/13/2020,FEU,Z01,23,0.1033547069
09/13/2020,FEU,Z02,23,0.12196961672
09/13/2020,FEU,Z03,23,0.12196961672
09/13/2020,FEU,Z01,24,0.10020663854
09/13/2020,FEU,Z02,24,0.05203542936
09/13/2020,FEU,Z03,24,0.05506084244
09/13/2020,FEU,Z01,3,0.09311842082
09/13/2020,FEU,Z02,3,0.0448124968
09/13/2020,FEU,Z03,3,0.04212340144
09/13/2020,FEU,Z01,4,0.09302049182
09/13/2020,FEU,Z02,4,0.0447185368
09/13/2020,FEU,Z03,4,0.04206851042
09/13/2020,FEU,Z01,5,0.09217903386
09/13/2020,FEU,Z02,5,0.04395172582
09/13/2020,FEU,Z03,5,0.04128667346
09/13/2020,FEU,Z01,6,0.09169333592
09/13/2020,FEU,Z02,6,0.04349226888
09/13/2020,FEU,Z03,6,0.0408718525
09/13/2020,FEU,Z01,7,0.09144347196
09/13/2020,FEU,Z02,7,0.04325583292
09/13/2020,FEU,Z03,7,0.04067670152
09/13/2020,FEU,Z01,8,0.09123348198
09/13/2020,FEU,Z02,8,0.04309196492
09/13/2020,FEU,Z03,8,0.04597973886
09/13/2020,FEU,Z01,9,0.09026542146
09/13/2020,FEU,Z02,9,0.04243164928
09/13/2020,FEU,Z03,9,0.04506219236
09/14/2020,FEU,Z01,1,0.0985563462
09/14/2020,FEU,Z02,1,0.0502362771
09/14/2020,FEU,Z03,1,0.0533390461
09/14/2020,FEU,Z01,10,0.1056056976
09/14/2020,FEU,Z02,10,0.05801290216
09/14/2020,FEU,Z03,10,0.06063459352
09/14/2020,FEU,Z01,11,0.10318035764
09/14/2020,FEU,Z02,11,0.0556533182
09/14/2020,FEU,Z03,11,0.05815885058
09/14/2020,FEU,Z01,12,0.09891616562
09/14/2020,FEU,Z02,12,0.05149435718
09/14/2020,FEU,Z03,12,0.05387948756
09/14/2020,FEU,Z01,13,0.09993573158
09/14/2020,FEU,Z02,13,0.05243715016
09/14/2020,FEU,Z03,13,0.05489432552
09/14/2020,FEU,Z01,14,0.10103448968
09/14/2020,FEU,Z02,14,0.11953765254
09/14/2020,FEU,Z03,14,0.11953765254
09/14/2020,FEU,Z01,15,0.0998970576
09/14/2020,FEU,Z02,15,0.11839240646
09/14/2020,FEU,Z03,15,0.11839240646
09/14/2020,FEU,Z01,16,0.10147129446
09/14/2020,FEU,Z02,16,0.11997525332
09/14/2020,FEU,Z03,16,0.11997525332
09/14/2020,FEU,Z01,17,0.10428937148
09/14/2020,FEU,Z02,17,0.12281102334
09/14/2020,FEU,Z03,17,0.12281102334
09/14/2020,FEU,Z01,18,0.10428541346
09/14/2020,FEU,Z02,18,0.12280685132
09/14/2020,FEU,Z03,18,0.12280685132
09/14/2020,FEU,Z01,19,0.10549312442
09/14/2020,FEU,Z02,19,0.12407625926
09/14/2020,FEU,Z03,19,0.12407625926
09/14/2020,FEU,Z01,2,0.09494667608
09/14/2020,FEU,Z02,2,0.046709627
09/14/2020,FEU,Z03,2,0.0440373376
09/14/2020,FEU,Z01,20,0.1075018523
09/14/2020,FEU,Z02,20,0.12604163316
09/14/2020,FEU,Z03,20,0.12604163316
09/14/2020,FEU,Z01,21,0.1110271623
09/14/2020,FEU,Z02,21,0.12964900214
09/14/2020,FEU,Z03,21,0.12964900214
09/14/2020,FEU,Z01,22,0.1126990173
09/14/2020,FEU,Z02,22,0.13133149814
09/14/2020,FEU,Z03,22,0.13133149814
09/14/2020,FEU,Z01,23,0.1106861972
09/14/2020,FEU,Z02,23,0.12930314504
09/14/2020,FEU,Z03,23,0.12930314504
09/14/2020,FEU,Z01,24,0.1082796269
09/14/2020,FEU,Z02,24,0.06011987062
09/14/2020,FEU,Z03,24,0.0632384168
09/14/2020,FEU,Z01,3,0.09335342804
09/14/2020,FEU,Z02,3,0.04513576698
09/14/2020,FEU,Z03,3,0.04254247156
09/14/2020,FEU,Z01,4,0.09307309604
09/14/2020,FEU,Z02,4,0.04486758398
09/14/2020,FEU,Z03,4,0.04224303058
09/14/2020,FEU,Z01,5,0.09300001804
09/14/2020,FEU,Z02,5,0.04479737298
09/14/2020,FEU,Z03,5,0.04221148156
09/14/2020,FEU,Z01,6,0.09684568816
09/14/2020,FEU,Z02,6,0.04854431908
09/14/2020,FEU,Z03,6,0.04590112964
09/14/2020,FEU,Z01,7,0.1088531666
09/14/2020,FEU,Z02,7,0.0604370974
09/14/2020,FEU,Z03,7,0.0576387779
09/14/2020,FEU,Z01,8,0.10806752182
09/14/2020,FEU,Z02,8,0.05985436156
09/14/2020,FEU,Z03,8,0.06300888872
09/14/2020,FEU,Z01,9,0.10624842332
09/14/2020,FEU,Z02,9,0.05840154996
09/14/2020,FEU,Z03,9,0.06117524126
09/15/2020,FEU,Z01,1,0.1059812015
09/15/2020,FEU,Z02,1,0.05760407332
09/15/2020,FEU,Z03,1,0.0608523764
09/15/2020,FEU,Z01,10,0.1114432227
09/15/2020,FEU,Z02,10,0.06377401824
09/15/2020,FEU,Z03,10,0.06645516564
09/15/2020,FEU,Z01,11,0.10903397768
09/15/2020,FEU,Z02,11,0.06136518624
09/15/2020,FEU,Z03,11,0.06403568462
09/15/2020,FEU,Z01,12,0.10845899762
09/15/2020,FEU,Z02,12,0.06079731418
09/15/2020,FEU,Z03,12,0.06344790356
09/15/2020,FEU,Z01,13,0.10916604558
09/15/2020,FEU,Z02,13,0.06148181014
09/15/2020,FEU,Z03,13,0.0642038525
09/15/2020,FEU,Z01,14,0.10903644164
09/15/2020,FEU,Z02,14,0.1275893525
09/15/2020,FEU,Z03,14,0.1275893525
09/15/2020,FEU,Z01,15,0.10860958454
09/15/2020,FEU,Z02,15,0.1271587374
09/15/2020,FEU,Z03,15,0.1271587374
09/15/2020,FEU,Z01,16,0.10798006544
09/15/2020,FEU,Z02,16,0.12658221728
09/15/2020,FEU,Z03,16,0.12658221728
09/15/2020,FEU,Z01,17,0.10883962046
09/15/2020,FEU,Z02,17,0.12738934532
09/15/2020,FEU,Z03,17,0.12738934532
09/15/2020,FEU,Z01,18,0.1086897275
09/15/2020,FEU,Z02,18,0.12723894936
09/15/2020,FEU,Z03,18,0.12723894936
09/15/2020,FEU,Z01,19,0.10933047348
09/15/2020,FEU,Z02,19,0.12788346434
09/15/2020,FEU,Z03,19,0.12788346434
09/15/2020,FEU,Z01,2,0.10188286442
09/15/2020,FEU,Z02,2,0.05359487026
09/15/2020,FEU,Z03,2,0.0508637278
09/15/2020,FEU,Z01,20,0.11072900144
09/15/2020,FEU,Z02,20,0.1292902373
09/15/2020,FEU,Z03,20,0.1292902373
09/15/2020,FEU,Z01,21,0.1142655174
09/15/2020,FEU,Z02,21,0.13284935126
09/15/2020,FEU,Z03,21,0.13284935126
09/15/2020,FEU,Z01,22,0.11680596332
09/15/2020,FEU,Z02,22,0.13546770116
09/15/2020,FEU,Z03,22,0.13546770116
09/15/2020,FEU,Z01,23,0.11292850422
09/15/2020,FEU,Z02,23,0.13156261606
09/15/2020,FEU,Z03,23,0.13156261606
09/15/2020,FEU,Z01,24,0.11235004488
09/15/2020,FEU,Z02,24,0.06400503862
09/15/2020,FEU,Z03,24,0.0672659368
09/15/2020,FEU,Z01,3,0.09996513134
09/15/2020,FEU,Z02,3,0.0516932572
09/15/2020,FEU,Z03,3,0.04896774576
09/15/2020,FEU,Z01,4,0.09871106428
09/15/2020,FEU,Z02,4,0.05043478516
09/15/2020,FEU,Z03,4,0.0477839927
09/15/2020,FEU,Z01,5,0.09959209632
09/15/2020,FEU,Z02,5,0.0512885572
09/15/2020,FEU,Z03,5,0.04861475674
09/15/2020,FEU,Z01,6,0.10266704048
09/15/2020,FEU,Z02,6,0.05435743132
09/15/2020,FEU,Z03,6,0.05165121384
09/15/2020,FEU,Z01,7,0.11187755974
09/15/2020,FEU,Z02,7,0.0634802275
09/15/2020,FEU,Z03,7,0.060609378
09/15/2020,FEU,Z01,8,0.11217298492
09/15/2020,FEU,Z02,8,0.06389391964
09/15/2020,FEU,Z03,8,0.06715132182
09/15/2020,FEU,Z01,9,0.11203409744
09/15/2020,FEU,Z02,9,0.06414986404
09/15/2020,FEU,Z03,9,0.06699876038
09/16/2020,FEU,Z01,1,0.11171142254
09/16/2020,FEU,Z02,1,0.06319077134
09/16/2020,FEU,Z03,1,0.06661466644
09/16/2020,FEU,Z01,10,0.11155208772
09/16/2020,FEU,Z02,10,0.06388266226
09/16/2020,FEU,Z03,10,0.06662510164
09/16/2020,FEU,Z01,11,0.11125799172
09/16/2020,FEU,Z02,11,0.06359569426
09/16/2020,FEU,Z03,11,0.06632994964
09/16/2020,FEU,Z01,12,0.11122346366
09/16/2020,FEU,Z02,12,0.0635547282
09/16/2020,FEU,Z03,12,0.06628385858
09/16/2020,FEU,Z01,13,0.1127568976
09/16/2020,FEU,Z02,13,0.06498641416
09/16/2020,FEU,Z03,13,0.06781245752
09/16/2020,FEU,Z01,14,0.11328767966
09/16/2020,FEU,Z02,14,0.13180530454
09/16/2020,FEU,Z03,14,0.13180530454
09/16/2020,FEU,Z01,15,0.11281826358
09/16/2020,FEU,Z02,15,0.13139525744
09/16/2020,FEU,Z03,15,0.13139525744
09/16/2020,FEU,Z01,16,0.11205382446
09/16/2020,FEU,Z02,16,0.13062464732
09/16/2020,FEU,Z03,16,0.13062464732
09/16/2020,FEU,Z01,17,0.1121851025
09/16/2020,FEU,Z02,17,0.13075607336
09/16/2020,FEU,Z03,17,0.13075607336
09/16/2020,FEU,Z01,18,0.11180924156
09/16/2020,FEU,Z02,18,0.13037857242
09/16/2020,FEU,Z03,18,0.13037857242
09/16/2020,FEU,Z01,19,0.1119792275
09/16/2020,FEU,Z02,19,0.13054891736
09/16/2020,FEU,Z03,19,0.13054891736
09/16/2020,FEU,Z01,2,0.10774838942
09/16/2020,FEU,Z02,2,0.05925030826
09/16/2020,FEU,Z03,2,0.0563859778
09/16/2020,FEU,Z01,20,0.1124529974
09/16/2020,FEU,Z02,20,0.13108516324
09/16/2020,FEU,Z03,20,0.13108516324
09/16/2020,FEU,Z01,21,0.11417135736
09/16/2020,FEU,Z02,21,0.13275412822
09/16/2020,FEU,Z03,21,0.13275412822
09/16/2020,FEU,Z01,22,0.11343173126
09/16/2020,FEU,Z02,22,0.13200761712
09/16/2020,FEU,Z03,22,0.13200761712
09/16/2020,FEU,Z01,23,0.10847160314
09/16/2020,FEU,Z02,23,0.12707225198
09/16/2020,FEU,Z03,23,0.12707225198
09/16/2020,FEU,Z01,24,0.1043771368
09/16/2020,FEU,Z02,24,0.05627956654
09/16/2020,FEU,Z03,24,0.0592987617
09/16/2020,FEU,Z01,3,0.10675648032
09/16/2020,FEU,Z02,3,0.05823465418
09/16/2020,FEU,Z03,3,0.05534951974
09/16/2020,FEU,Z01,4,0.1042463063
09/16/2020,FEU,Z02,4,0.05581474716
09/16/2020,FEU,Z03,4,0.05298998572
09/16/2020,FEU,Z01,5,0.1042107563
09/16/2020,FEU,Z02,5,0.05573358218
09/16/2020,FEU,Z03,5,0.05295545172
09/16/2020,FEU,Z01,6,0.1080537764
09/16/2020,FEU,Z02,6,0.05949362626
09/16/2020,FEU,Z03,6,0.0566224078
09/16/2020,FEU,Z01,7,0.11468736774
09/16/2020,FEU,Z02,7,0.0661982275
09/16/2020,FEU,Z03,7,0.063268078
09/16/2020,FEU,Z01,8,0.114377077
09/16/2020,FEU,Z02,8,0.0660933277
09/16/2020,FEU,Z03,8,0.0693804119
09/16/2020,FEU,Z01,9,0.1138984775
09/16/2020,FEU,Z02,9,0.0659702581
09/16/2020,FEU,Z03,9,0.06887938544
09/17/2020,FEU,Z01,1,0.10310132044
09/17/2020,FEU,Z02,1,0.05477201728
09/17/2020,FEU,Z03,1,0.05794880934
09/17/2020,FEU,Z01,10,0.11112331158
09/17/2020,FEU,Z02,10,0.06333531016
09/17/2020,FEU,Z03,10,0.06611184552
09/17/2020,FEU,Z01,11,0.10897942364
09/17/2020,FEU,Z02,11,0.0613082382
09/17/2020,FEU,Z03,11,0.06397459858
09/17/2020,FEU,Z01,12,0.10844548466
09/17/2020,FEU,Z02,12,0.0608438982
09/17/2020,FEU,Z03,12,0.06349593158
09/17/2020,FEU,Z01,13,0.1080495376
09/17/2020,FEU,Z02,13,0.06039673816
09/17/2020,FEU,Z03,13,0.06303359554
09/17/2020,FEU,Z01,14,0.10776527564
09/17/2020,FEU,Z02,14,0.12625307352
09/17/2020,FEU,Z03,14,0.12625307352
09/17/2020,FEU,Z01,15,0.10855207556
09/17/2020,FEU,Z02,15,0.12710108542
09/17/2020,FEU,Z03,15,0.12710108542
09/17/2020,FEU,Z01,16,0.10863287342
09/17/2020,FEU,Z02,16,0.12718202528
09/17/2020,FEU,Z03,16,0.12718202528
09/17/2020,FEU,Z01,17,0.10844967846
09/17/2020,FEU,Z02,17,0.12699811532
09/17/2020,FEU,Z03,17,0.12699811532
09/17/2020,FEU,Z01,18,0.10931676552
09/17/2020,FEU,Z02,18,0.12787010738
09/17/2020,FEU,Z03,18,0.12787010738
09/17/2020,FEU,Z01,19,0.11121263842
09/17/2020,FEU,Z02,19,0.12977664928
09/17/2020,FEU,Z03,19,0.12977664928
09/17/2020,FEU,Z01,2,0.09813212938
09/17/2020,FEU,Z02,2,0.04997324722
09/17/2020,FEU,Z03,2,0.04728800378
09/17/2020,FEU,Z01,20,0.1122836073
09/17/2020,FEU,Z02,20,0.13091316014
09/17/2020,FEU,Z03,20,0.13091316014
09/17/2020,FEU,Z01,21,0.11401624922
09/17/2020,FEU,Z02,21,0.13259526308
09/17/2020,FEU,Z03,21,0.13259526308
09/17/2020,FEU,Z01,22,0.11346041722
09/17/2020,FEU,Z02,22,0.13209826506
09/17/2020,FEU,Z03,22,0.13209826506
09/17/2020,FEU,Z01,23,0.10738970512
09/17/2020,FEU,Z02,23,0.12603806694
09/17/2020,FEU,Z03,23,0.12603806694
09/17/2020,FEU,Z01,24,0.10147093478
09/17/2020,FEU,Z02,24,0.05341816254
09/17/2020,FEU,Z03,24,0.0563303417
09/17/2020,FEU,Z01,3,0.09534196734
09/17/2020,FEU,Z02,3,0.0472369972
09/17/2020,FEU,Z03,3,0.04466026774
09/17/2020,FEU,Z01,4,0.0947544563
09/17/2020,FEU,Z02,4,0.04662840218
09/17/2020,FEU,Z03,4,0.04402697074
09/17/2020,FEU,Z01,5,0.09479571232
09/17/2020,FEU,Z02,5,0.04670941318
09/17/2020,FEU,Z03,5,0.04410599374
09/17/2020,FEU,Z01,6,0.09678724044
09/17/2020,FEU,Z02,6,0.04868305728
09/17/2020,FEU,Z03,6,0.0461084878
09/17/2020,FEU,Z01,7,0.1090258217
09/17/2020,FEU,Z02,7,0.06066563748
09/17/2020,FEU,Z03,7,0.05785832398
09/17/2020,FEU,Z01,8,0.11173924486
09/17/2020,FEU,Z02,8,0.0634128976
09/17/2020,FEU,Z03,8,0.06664922378
09/17/2020,FEU,Z01,9,0.11179084238
09/17/2020,FEU,Z02,9,0.063849078
09/17/2020,FEU,Z03,9,0.0667999073
09/18/2020,FEU,Z01,1,0.09866963252
09/18/2020,FEU,Z02,1,0.05054989034
09/18/2020,FEU,Z03,1,0.05351348942
09/18/2020,FEU,Z01,10,0.11045753162
09/18/2020,FEU,Z02,10,0.06274693118
09/18/2020,FEU,Z03,10,0.06545291756
09/18/2020,FEU,Z01,11,0.10614465368
09/18/2020,FEU,Z02,11,0.05860122022
09/18/2020,FEU,Z03,11,0.06113859362
09/18/2020,FEU,Z01,12,0.10492779164
09/18/2020,FEU,Z02,12,0.0573580782
09/18/2020,FEU,Z03,12,0.05996184956
09/18/2020,FEU,Z01,13,0.10369108158
09/18/2020,FEU,Z02,13,0.05609535016
09/18/2020,FEU,Z03,13,0.05865972552
09/18/2020,FEU,Z01,14,0.10170997466
09/18/2020,FEU,Z02,14,0.12016540954
09/18/2020,FEU,Z03,14,0.12016540954
09/18/2020,FEU,Z01,15,0.1005914576
09/18/2020,FEU,Z02,15,0.11909114646
09/18/2020,FEU,Z03,15,0.11909114646
09/18/2020,FEU,Z01,16,0.09939690148
09/18/2020,FEU,Z02,16,0.11788813834
09/18/2020,FEU,Z03,16,0.11788813834
09/18/2020,FEU,Z01,17,0.09851062952
09/18/2020,FEU,Z02,17,0.11699667338
09/18/2020,FEU,Z03,17,0.11699667338
09/18/2020,FEU,Z01,18,0.10156903352
09/18/2020,FEU,Z02,18,0.12007412438
09/18/2020,FEU,Z03,18,0.12007412438
09/18/2020,FEU,Z01,19,0.10365993748
09/18/2020,FEU,Z02,19,0.12223191332
09/18/2020,FEU,Z03,19,0.12223191332
09/18/2020,FEU,Z01,2,0.09519694044
09/18/2020,FEU,Z02,2,0.04714832128
09/18/2020,FEU,Z03,2,0.04457059682
09/18/2020,FEU,Z01,20,0.10791911334
09/18/2020,FEU,Z02,20,0.1264618772
09/18/2020,FEU,Z03,20,0.1264618772
09/18/2020,FEU,Z01,21,0.11195533524
09/18/2020,FEU,Z02,21,0.13058288708
09/18/2020,FEU,Z03,21,0.13058288708
09/18/2020,FEU,Z01,22,0.10742690114
09/18/2020,FEU,Z02,22,0.12602023798
09/18/2020,FEU,Z03,22,0.12602023798
09/18/2020,FEU,Z01,23,0.10229228306
09/18/2020,FEU,Z02,23,0.1208488319
09/18/2020,FEU,Z03,23,0.1208488319
09/18/2020,FEU,Z01,24,0.09993841478
09/18/2020,FEU,Z02,24,0.05193580254
09/18/2020,FEU,Z03,24,0.05483710268
09/18/2020,FEU,Z01,3,0.0950914764
09/18/2020,FEU,Z02,3,0.04704307324
09/18/2020,FEU,Z03,3,0.04446828578
09/18/2020,FEU,Z01,4,0.09496704938
09/18/2020,FEU,Z02,4,0.04692072722
09/18/2020,FEU,Z03,4,0.04431052378
09/18/2020,FEU,Z01,5,0.09467449436
09/18/2020,FEU,Z02,5,0.04659611222
09/18/2020,FEU,Z03,5,0.04403380176
09/18/2020,FEU,Z01,6,0.09751927246
09/18/2020,FEU,Z02,6,0.0493901173
09/18/2020,FEU,Z03,6,0.04679968682
09/18/2020,FEU,Z01,7,0.10639409672
09/18/2020,FEU,Z02,7,0.05817267348
09/18/2020,FEU,Z03,7,0.05542181098
09/18/2020,FEU,Z01,8,0.10910822686
09/18/2020,FEU,Z02,8,0.0608648976
09/18/2020,FEU,Z03,8,0.06400910978
09/18/2020,FEU,Z01,9,0.1098720774
09/18/2020,FEU,Z02,9,0.06198629102
09/18/2020,FEU,Z03,9,0.06482348634
09/19/2020,FEU,Z01,1,0.10047042242
09/19/2020,FEU,Z02,1,0.05223274426
09/19/2020,FEU,Z03,1,0.05530294432
09/19/2020,FEU,Z01,10,0.09926931014
09/19/2020,FEU,Z02,10,0.05150780982
09/19/2020,FEU,Z03,10,0.05418887506
09/19/2020,FEU,Z01,11,0.09887743924
09/19/2020,FEU,Z02,11,0.0511841579
09/19/2020,FEU,Z03,11,0.05381446116
09/19/2020,FEU,Z01,12,0.09787074926
09/19/2020,FEU,Z02,12,0.0502526429
09/19/2020,FEU,Z03,12,0.05280799618
09/19/2020,FEU,Z01,13,0.09798938022
09/19/2020,FEU,Z02,13,0.05031823588
09/19/2020,FEU,Z03,13,0.05291951714
09/19/2020,FEU,Z01,14,0.09466754534
09/19/2020,FEU,Z02,14,0.1131295772
09/19/2020,FEU,Z03,14,0.1131295772
09/19/2020,FEU,Z01,15,0.09361154726
09/19/2020,FEU,Z02,15,0.11206540912
09/19/2020,FEU,Z03,15,0.11206540912
09/19/2020,FEU,Z01,16,0.09247652112
09/19/2020,FEU,Z02,16,0.11096506496
09/19/2020,FEU,Z03,16,0.11096506496
09/19/2020,FEU,Z01,17,0.09240673712
09/19/2020,FEU,Z02,17,0.11089594496
09/19/2020,FEU,Z03,17,0.11089594496
09/19/2020,FEU,Z01,18,0.09306919826
09/19/2020,FEU,Z02,18,0.1115629971
09/19/2020,FEU,Z03,18,0.1115629971
09/19/2020,FEU,Z01,19,0.09899069426
09/19/2020,FEU,Z02,19,0.1175261571
09/19/2020,FEU,Z03,19,0.1175261571
09/19/2020,FEU,Z01,2,0.09889688234
09/19/2020,FEU,Z02,2,0.0506626972
09/19/2020,FEU,Z03,2,0.04796249776
09/19/2020,FEU,Z01,20,0.11082742512
09/19/2020,FEU,Z02,20,0.12944429696
09/19/2020,FEU,Z03,20,0.12944429696
09/19/2020,FEU,Z01,21,0.11124696904
09/19/2020,FEU,Z02,21,0.12992440586
09/19/2020,FEU,Z03,21,0.12992440586
09/19/2020,FEU,Z01,22,0.11026467296
09/19/2020,FEU,Z02,22,0.1288766968
09/19/2020,FEU,Z03,22,0.1288766968
09/19/2020,FEU,Z01,23,0.1067794968
09/19/2020,FEU,Z02,23,0.12541970562
09/19/2020,FEU,Z03,23,0.12541970562
09/19/2020,FEU,Z01,24,0.10157109844
09/19/2020,FEU,Z02,24,0.05329521728
09/19/2020,FEU,Z03,24,0.05641209234
09/19/2020,FEU,Z01,3,0.0958375463
09/19/2020,FEU,Z02,3,0.04767127618
09/19/2020,FEU,Z03,3,0.04508392772
09/19/2020,FEU,Z01,4,0.09502049626
09/19/2020,FEU,Z02,4,0.04687998814
09/19/2020,FEU,Z03,4,0.0442750877
09/19/2020,FEU,Z01,5,0.09493158824
09/19/2020,FEU,Z02,5,0.04679093712
09/19/2020,FEU,Z03,5,0.04418900968
09/19/2020,FEU,Z01,6,0.09473677828
09/19/2020,FEU,Z02,6,0.04660908516
09/19/2020,FEU,Z03,6,0.04401003172
09/19/2020,FEU,Z01,7,0.09478753738
09/19/2020,FEU,Z02,7,0.04674646022
09/19/2020,FEU,Z03,7,0.04414165178
09/19/2020,FEU,Z01,8,0.09763814946
09/19/2020,FEU,Z02,8,0.04954755328
09/19/2020,FEU,Z03,8,0.05246624036
09/19/2020,FEU,Z01,9,0.09962554292
09/19/2020,FEU,Z02,9,0.05173678764
09/19/2020,FEU,Z03,9,0.05450493284
09/20/2020,FEU,Z01,1,0.10221924202
09/20/2020,FEU,Z02,1,0.05365292896
09/20/2020,FEU,Z03,1,0.0570280609
09/20/2020,FEU,Z01,10,0.09824124876
09/20/2020,FEU,Z02,10,0.05029182952
09/20/2020,FEU,Z03,10,0.05312882966
09/20/2020,FEU,Z01,11,0.09382976888
09/20/2020,FEU,Z02,11,0.0461178576
09/20/2020,FEU,Z03,11,0.04872106178
09/20/2020,FEU,Z01,12,0.09612412894
09/20/2020,FEU,Z02,12,0.04834819466
09/20/2020,FEU,Z03,12,0.05103672284
09/20/2020,FEU,Z01,13,0.09948976282
09/20/2020,FEU,Z02,13,0.05155043956
09/20/2020,FEU,Z03,13,0.05439412472
09/20/2020,FEU,Z01,14,0.09744718898
09/20/2020,FEU,Z02,14,0.11596922182
09/20/2020,FEU,Z03,14,0.11596922182
09/20/2020,FEU,Z01,15,0.09269395394
09/20/2020,FEU,Z02,15,0.11118264878
09/20/2020,FEU,Z03,15,0.11118264878
09/20/2020,FEU,Z01,16,0.0917412568
09/20/2020,FEU,Z02,16,0.11026362062
09/20/2020,FEU,Z03,16,0.11026362062
09/20/2020,FEU,Z01,17,0.09335736276
09/20/2020,FEU,Z02,17,0.11189189258
09/20/2020,FEU,Z03,17,0.11189189258
09/20/2020,FEU,Z01,18,0.09778371482
09/20/2020,FEU,Z02,18,0.11635317664
09/20/2020,FEU,Z03,18,0.11635317664
09/20/2020,FEU,Z01,19,0.10631688088
09/20/2020,FEU,Z02,19,0.1249534317
09/20/2020,FEU,Z03,19,0.1249534317
09/20/2020,FEU,Z01,2,0.09921111192
09/20/2020,FEU,Z02,2,0.05070917688
09/20/2020,FEU,Z03,2,0.0478963525
09/20/2020,FEU,Z01,20,0.11206838982
09/20/2020,FEU,Z02,20,0.13074877664
09/20/2020,FEU,Z03,20,0.13074877664
09/20/2020,FEU,Z01,21,0.1127598719
09/20/2020,FEU,Z02,21,0.13144690472
09/20/2020,FEU,Z03,21,0.13144690472
09/20/2020,FEU,Z01,22,0.11151689696
09/20/2020,FEU,Z02,22,0.13019518478
09/20/2020,FEU,Z03,22,0.13019518478
09/20/2020,FEU,Z01,23,0.1101911519
09/20/2020,FEU,Z02,23,0.12885816872
09/20/2020,FEU,Z03,23,0.12885816872
09/20/2020,FEU,Z01,24,0.10686458654
09/20/2020,FEU,Z02,24,0.05845952936
09/20/2020,FEU,Z03,24,0.06174717044
09/20/2020,FEU,Z01,3,0.09773317382
09/20/2020,FEU,Z02,3,0.0492402168
09/20/2020,FEU,Z03,3,0.04643010544
09/20/2020,FEU,Z01,4,0.09720604982
09/20/2020,FEU,Z02,4,0.0487344568
09/20/2020,FEU,Z03,4,0.04597710842
09/20/2020,FEU,Z01,5,0.09703238086
09/20/2020,FEU,Z02,5,0.04861090582
09/20/2020,FEU,Z03,5,0.04581721346
09/20/2020,FEU,Z01,6,0.09685127192
09/20/2020,FEU,Z02,6,0.04844457288
09/20/2020,FEU,Z03,6,0.0456913525
09/20/2020,FEU,Z01,7,0.09752078396
09/20/2020,FEU,Z02,7,0.04909045692
09/20/2020,FEU,Z03,7,0.04635964552
09/20/2020,FEU,Z01,8,0.09721926598
09/20/2020,FEU,Z02,8,0.04884465492
09/20/2020,FEU,Z03,8,0.05199542686
09/20/2020,FEU,Z01,9,0.09748278546
09/20/2020,FEU,Z02,9,0.04939760128
09/20/2020,FEU,Z03,9,0.05231021636
09/21/2020,FEU,Z01,1,0.1052013062
09/21/2020,FEU,Z02,1,0.0566299571
09/21/2020,FEU,Z03,1,0.0600119261
09/21/2020,FEU,Z01,10,0.1119392976
09/21/2020,FEU,Z02,10,0.06418816216
09/21/2020,FEU,Z03,10,0.06699081352
09/21/2020,FEU,Z01,11,0.11100076764
09/21/2020,FEU,Z02,11,0.0632778682
09/21/2020,FEU,Z03,11,0.06600024558
09/21/2020,FEU,Z01,12,0.11002671662
09/21/2020,FEU,Z02,12,0.06232580518
09/21/2020,FEU,Z03,12,0.06501982556
09/21/2020,FEU,Z01,13,0.11013346858
09/21/2020,FEU,Z02,13,0.06236998216
09/21/2020,FEU,Z03,13,0.06511935352
09/21/2020,FEU,Z01,14,0.10971362168
09/21/2020,FEU,Z02,14,0.12827122354
09/21/2020,FEU,Z03,14,0.12827122354
09/21/2020,FEU,Z01,15,0.1090620176
09/21/2020,FEU,Z02,15,0.12761464746
09/21/2020,FEU,Z03,15,0.12761464746
09/21/2020,FEU,Z01,16,0.10863337946
09/21/2020,FEU,Z02,16,0.12718182332
09/21/2020,FEU,Z03,16,0.12718182332
09/21/2020,FEU,Z01,17,0.10857605348
09/21/2020,FEU,Z02,17,0.12712435434
09/21/2020,FEU,Z03,17,0.12712435434
09/21/2020,FEU,Z01,18,0.10949102646
09/21/2020,FEU,Z02,18,0.12804479732
09/21/2020,FEU,Z03,18,0.12804479732
09/21/2020,FEU,Z01,19,0.11023831142
09/21/2020,FEU,Z02,19,0.12885507026
09/21/2020,FEU,Z03,19,0.12885507026
09/21/2020,FEU,Z01,2,0.10469646808
09/21/2020,FEU,Z02,2,0.056085577
09/21/2020,FEU,Z03,2,0.0531675776
09/21/2020,FEU,Z01,20,0.1119953173
09/21/2020,FEU,Z02,20,0.13056281116
09/21/2020,FEU,Z03,20,0.13056281116
09/21/2020,FEU,Z01,21,0.1160858573
09/21/2020,FEU,Z02,21,0.13474221014
09/21/2020,FEU,Z03,21,0.13474221014
09/21/2020,FEU,Z01,22,0.1193240123
09/21/2020,FEU,Z02,22,0.13800318914
09/21/2020,FEU,Z03,22,0.13800318914
09/21/2020,FEU,Z01,23,0.1141004972
09/21/2020,FEU,Z02,23,0.13274140504
09/21/2020,FEU,Z03,23,0.13274140504
09/21/2020,FEU,Z01,24,0.1107074369
09/21/2020,FEU,Z02,24,0.06247200862
09/21/2020,FEU,Z03,24,0.0656755768
09/21/2020,FEU,Z01,3,0.09975074804
09/21/2020,FEU,Z02,3,0.05128210698
09/21/2020,FEU,Z03,3,0.04853395156
09/21/2020,FEU,Z01,4,0.09835148404
09/21/2020,FEU,Z02,4,0.04993888998
09/21/2020,FEU,Z03,4,0.04718215658
09/21/2020,FEU,Z01,5,0.09810829004
09/21/2020,FEU,Z02,5,0.04970523698
09/21/2020,FEU,Z03,5,0.04699568956
09/21/2020,FEU,Z01,6,0.10404536816
09/21/2020,FEU,Z02,6,0.05546730508
09/21/2020,FEU,Z03,6,0.05265496764
09/21/2020,FEU,Z01,7,0.1141509266
09/21/2020,FEU,Z02,7,0.0655537374
09/21/2020,FEU,Z03,7,0.0626422179
09/21/2020,FEU,Z01,8,0.11460891782
09/21/2020,FEU,Z02,8,0.06618692956
09/21/2020,FEU,Z03,8,0.06957966872
09/21/2020,FEU,Z01,9,0.11354798132
09/21/2020,FEU,Z02,9,0.06549402196
09/21/2020,FEU,Z03,9,0.06849411026
09/22/2020,FEU,Z01,1,0.1110865765
09/22/2020,FEU,Z02,1,0.06253130332
09/22/2020,FEU,Z03,1,0.0659794764
09/22/2020,FEU,Z01,10,0.1136052077
09/22/2020,FEU,Z02,10,0.06588365024
09/22/2020,FEU,Z03,10,0.06862296764
09/22/2020,FEU,Z01,11,0.11124254168
09/22/2020,FEU,Z02,11,0.06351942624
09/22/2020,FEU,Z03,11,0.06625018562
09/22/2020,FEU,Z01,12,0.11121957062
09/22/2020,FEU,Z02,12,0.06348881118
09/22/2020,FEU,Z03,12,0.06621587756
09/22/2020,FEU,Z01,13,0.11123653258
09/22/2020,FEU,Z02,13,0.06350167414
09/22/2020,FEU,Z03,13,0.0662817275
09/22/2020,FEU,Z01,14,0.10988835764
09/22/2020,FEU,Z02,14,0.1284466025
09/22/2020,FEU,Z03,14,0.1284466025
09/22/2020,FEU,Z01,15,0.10917894554
09/22/2020,FEU,Z02,15,0.1277316474
09/22/2020,FEU,Z03,15,0.1277316474
09/22/2020,FEU,Z01,16,0.10677761744
09/22/2020,FEU,Z02,16,0.12537124128
09/22/2020,FEU,Z03,16,0.12537124128
09/22/2020,FEU,Z01,17,0.10770698546
09/22/2020,FEU,Z02,17,0.12624967532
09/22/2020,FEU,Z03,17,0.12624967532
09/22/2020,FEU,Z01,18,0.1083927275
09/22/2020,FEU,Z02,18,0.12694010136
09/22/2020,FEU,Z03,18,0.12694010136
09/22/2020,FEU,Z01,19,0.10943293948
09/22/2020,FEU,Z02,19,0.12798656734
09/22/2020,FEU,Z03,19,0.12798656734
09/22/2020,FEU,Z01,2,0.11098002842
09/22/2020,FEU,Z02,2,0.06236796226
09/22/2020,FEU,Z03,2,0.0594284878
09/22/2020,FEU,Z01,20,0.11107304144
09/22/2020,FEU,Z02,20,0.1296364123
09/22/2020,FEU,Z03,20,0.1296364123
09/22/2020,FEU,Z01,21,0.1154011674
09/22/2020,FEU,Z02,21,0.13399203626
09/22/2020,FEU,Z03,21,0.13399203626
09/22/2020,FEU,Z01,22,0.11527392932
09/22/2020,FEU,Z02,22,0.13392600116
09/22/2020,FEU,Z03,22,0.13392600116
09/22/2020,FEU,Z01,23,0.11044320622
09/22/2020,FEU,Z02,23,0.12905871506
09/22/2020,FEU,Z03,23,0.12905871506
09/22/2020,FEU,Z01,24,0.10733878488
09/22/2020,FEU,Z02,24,0.05915417362
09/22/2020,FEU,Z03,24,0.0622373368
09/22/2020,FEU,Z01,3,0.10842003234
09/22/2020,FEU,Z02,3,0.0598408372
09/22/2020,FEU,Z03,3,0.05691520976
09/22/2020,FEU,Z01,4,0.10751237028
09/22/2020,FEU,Z02,4,0.05891070916
09/22/2020,FEU,Z03,4,0.0560584077
09/22/2020,FEU,Z01,5,0.10620355232
09/22/2020,FEU,Z02,5,0.0576531772
09/22/2020,FEU,Z03,5,0.05482974874
09/22/2020,FEU,Z01,6,0.10446984848
09/22/2020,FEU,Z02,6,0.05609585332
09/22/2020,FEU,Z03,6,0.05334977784
09/22/2020,FEU,Z01,7,0.11322315074
09/22/2020,FEU,Z02,7,0.0647818525
09/22/2020,FEU,Z03,7,0.061883178
09/22/2020,FEU,Z01,8,0.11561767492
09/22/2020,FEU,Z02,8,0.06723003164
09/22/2020,FEU,Z03,8,0.07061093682
09/22/2020,FEU,Z01,9,0.11557263344
09/22/2020,FEU,Z02,9,0.06759429004
09/22/2020,FEU,Z03,9,0.07054670738
09/23/2020,FEU,Z01,1,0.10331508854
09/23/2020,FEU,Z02,1,0.05508189034
09/23/2020,FEU,Z03,1,0.05818254244
09/23/2020,FEU,Z01,10,0.10934748172
09/23/2020,FEU,Z02,10,0.06173040226
09/23/2020,FEU,Z03,10,0.06441257964
09/23/2020,FEU,Z01,11,0.10822679772
09/23/2020,FEU,Z02,11,0.06063796726
09/23/2020,FEU,Z03,11,0.06328898964
09/23/2020,FEU,Z01,12,0.10727710266
09/23/2020,FEU,Z02,12,0.0597037582
09/23/2020,FEU,Z03,12,0.06232336558
09/23/2020,FEU,Z01,13,0.1074592976
09/23/2020,FEU,Z02,13,0.05982016216
09/23/2020,FEU,Z03,13,0.06249481352
09/23/2020,FEU,Z01,14,0.10649520266
09/23/2020,FEU,Z02,14,0.12497634154
09/23/2020,FEU,Z03,14,0.12497634154
09/23/2020,FEU,Z01,15,0.10140424158
09/23/2020,FEU,Z02,15,0.11990883344
09/23/2020,FEU,Z03,15,0.11990883344
09/23/2020,FEU,Z01,16,0.10073874446
09/23/2020,FEU,Z02,16,0.11923815332
09/23/2020,FEU,Z03,16,0.11923815332
09/23/2020,FEU,Z01,17,0.0943336025
09/23/2020,FEU,Z02,17,0.11279349736
09/23/2020,FEU,Z03,17,0.11279349736
09/23/2020,FEU,Z01,18,0.09877833356
09/23/2020,FEU,Z02,18,0.11726636642
09/23/2020,FEU,Z03,18,0.11726636642
09/23/2020,FEU,Z01,19,0.1020657275
09/23/2020,FEU,Z02,19,0.12057373336
09/23/2020,FEU,Z03,19,0.12057373336
09/23/2020,FEU,Z01,2,0.10086538742
09/23/2020,FEU,Z02,2,0.05261363926
09/23/2020,FEU,Z03,2,0.0499057978
09/23/2020,FEU,Z01,20,0.1091488774
09/23/2020,FEU,Z02,20,0.12775878924
09/23/2020,FEU,Z03,20,0.12775878924
09/23/2020,FEU,Z01,21,0.11240204136
09/23/2020,FEU,Z02,21,0.13097273222
09/23/2020,FEU,Z03,21,0.13097273222
09/23/2020,FEU,Z01,22,0.11026859726
09/23/2020,FEU,Z02,22,0.12882500912
09/23/2020,FEU,Z03,22,0.12882500912
09/23/2020,FEU,Z01,23,0.10422421514
09/23/2020,FEU,Z02,23,0.12279513598
09/23/2020,FEU,Z03,23,0.12279513598
09/23/2020,FEU,Z01,24,0.0998902568
09/23/2020,FEU,Z02,24,0.05193580254
09/23/2020,FEU,Z03,24,0.0547925417
09/23/2020,FEU,Z01,3,0.09956841632
09/23/2020,FEU,Z02,3,0.05130764318
09/23/2020,FEU,Z03,3,0.04859249674
09/23/2020,FEU,Z01,4,0.0985322363
09/23/2020,FEU,Z02,4,0.05030802316
09/23/2020,FEU,Z03,4,0.04761716372
09/23/2020,FEU,Z01,5,0.0971611913
09/23/2020,FEU,Z02,5,0.04894463218
09/23/2020,FEU,Z03,5,0.04632826572
09/23/2020,FEU,Z01,6,0.1001347964
09/23/2020,FEU,Z02,6,0.05186321926
09/23/2020,FEU,Z03,6,0.0491743078
09/23/2020,FEU,Z01,7,0.10536010774
09/23/2020,FEU,Z02,7,0.0571757275
09/23/2020,FEU,Z03,7,0.054444978
09/23/2020,FEU,Z01,8,0.111597527
09/23/2020,FEU,Z02,8,0.0633994877
09/23/2020,FEU,Z03,8,0.0665887769
09/23/2020,FEU,Z01,9,0.1107574775
09/23/2020,FEU,Z02,9,0.0629130181
09/23/2020,FEU,Z03,9,0.06573000944
09/24/2020,FEU,Z01,1,0.10056626444
09/24/2020,FEU,Z02,1,0.05232734528
09/24/2020,FEU,Z03,1,0.05540299334
09/24/2020,FEU,Z01,10,0.11111210158
09/24/2020,FEU,Z02,10,0.06332329816
09/24/2020,FEU,Z03,10,0.06610060552
09/24/2020,FEU,Z01,11,0.10786813164
09/24/2020,FEU,Z02,11,0.0602236882
09/24/2020,FEU,Z03,11,0.06285920358
09/24/2020,FEU,Z01,12,0.10470353466
09/24/2020,FEU,Z02,12,0.0571923982
09/24/2020,FEU,Z03,12,0.05974058158
09/24/2020,FEU,Z01,13,0.1034900176
09/24/2020,FEU,Z02,13,0.05595120616
09/24/2020,FEU,Z03,13,0.05846186254
09/24/2020,FEU,Z01,14,0.09695980564
09/24/2020,FEU,Z02,14,0.11538961352
09/24/2020,FEU,Z03,14,0.11538961352
09/24/2020,FEU,Z01,15,0.08946012356
09/24/2020,FEU,Z02,15,0.10789115042
09/24/2020,FEU,Z03,15,0.10789115042
09/24/2020,FEU,Z01,16,0.08903343342
09/24/2020,FEU,Z02,16,0.10745992928
09/24/2020,FEU,Z03,16,0.10745992928
09/24/2020,FEU,Z01,17,0.08851868346
09/24/2020,FEU,Z02,17,0.10694219132
09/24/2020,FEU,Z03,17,0.10694219132
09/24/2020,FEU,Z01,18,0.08832044552
09/24/2020,FEU,Z02,18,0.10674302738
09/24/2020,FEU,Z03,18,0.10674302738
09/24/2020,FEU,Z01,19,0.08873537742
09/24/2020,FEU,Z02,19,0.10716002528
09/24/2020,FEU,Z03,19,0.10716002528
09/24/2020,FEU,Z01,2,0.09881592838
09/24/2020,FEU,Z02,2,0.05063272822
09/24/2020,FEU,Z03,2,0.04793127278
09/24/2020,FEU,Z01,20,0.0951723473
09/24/2020,FEU,Z02,20,0.11368129214
09/24/2020,FEU,Z03,20,0.11368129214
09/24/2020,FEU,Z01,21,0.10408303022
09/24/2020,FEU,Z02,21,0.12260099708
09/24/2020,FEU,Z03,21,0.12260099708
09/24/2020,FEU,Z01,22,0.10492702922
09/24/2020,FEU,Z02,22,0.12350379406
09/24/2020,FEU,Z03,22,0.12350379406
09/24/2020,FEU,Z01,23,0.09615905712
09/24/2020,FEU,Z02,23,0.11471906594
09/24/2020,FEU,Z03,23,0.11471906594
09/24/2020,FEU,Z01,24,0.09006178778
09/24/2020,FEU,Z02,24,0.04238244154
09/24/2020,FEU,Z03,24,0.0448818867
09/24/2020,FEU,Z01,3,0.09669886834
09/24/2020,FEU,Z02,3,0.0485457172
09/24/2020,FEU,Z03,3,0.04593687874
09/24/2020,FEU,Z01,4,0.0936002663
09/24/2020,FEU,Z02,4,0.04551592718
09/24/2020,FEU,Z03,4,0.04294290874
09/24/2020,FEU,Z01,5,0.09311324832
09/24/2020,FEU,Z02,5,0.04508805218
09/24/2020,FEU,Z03,5,0.04252442074
09/24/2020,FEU,Z01,6,0.09377273844
09/24/2020,FEU,Z02,6,0.04577603328
09/24/2020,FEU,Z03,6,0.0432691078
09/24/2020,FEU,Z01,7,0.1031833467
09/24/2020,FEU,Z02,7,0.05501762148
09/24/2020,FEU,Z03,7,0.05233680898
09/24/2020,FEU,Z01,8,0.11217311986
09/24/2020,FEU,Z02,8,0.0638328976
09/24/2020,FEU,Z03,8,0.06708575978
09/24/2020,FEU,Z01,9,0.11065418738
09/24/2020,FEU,Z02,9,0.062743578
09/24/2020,FEU,Z03,9,0.0656592323
09/25/2020,FEU,Z01,1,0.08818111652
09/25/2020,FEU,Z02,1,0.04042766834
09/25/2020,FEU,Z03,1,0.04298030342
09/25/2020,FEU,Z01,10,0.09044085962
09/25/2020,FEU,Z02,10,0.04323112318
09/25/2020,FEU,Z03,10,0.04538145956
09/25/2020,FEU,Z01,11,0.07844330168
09/25/2020,FEU,Z02,11,0.03156897322
09/25/2020,FEU,Z03,11,0.03336277562
09/25/2020,FEU,Z01,12,0.07641655564
09/25/2020,FEU,Z02,12,0.0295598082
09/25/2020,FEU,Z03,12,0.03134860556
09/25/2020,FEU,Z01,13,0.07647992758
09/25/2020,FEU,Z02,13,0.02958814216
09/25/2020,FEU,Z03,13,0.03137574952
09/25/2020,FEU,Z01,14,0.07644343466
09/25/2020,FEU,Z02,14,0.09476314954
09/25/2020,FEU,Z03,14,0.09476314954
09/25/2020,FEU,Z01,15,0.0758372176
09/25/2020,FEU,Z02,15,0.09418219246
09/25/2020,FEU,Z03,15,0.09418219246
09/25/2020,FEU,Z01,16,0.07509331748
09/25/2020,FEU,Z02,16,0.09343346634
09/25/2020,FEU,Z03,16,0.09343346634
09/25/2020,FEU,Z01,17,0.07607671352
09/25/2020,FEU,Z02,17,0.09442304438
09/25/2020,FEU,Z03,17,0.09442304438
09/25/2020,FEU,Z01,18,0.07665782152
09/25/2020,FEU,Z02,18,0.09500890238
09/25/2020,FEU,Z03,18,0.09500890238
09/25/2020,FEU,Z01,19,0.07785989948
09/25/2020,FEU,Z02,19,0.09624743732
09/25/2020,FEU,Z03,19,0.09624743732
09/25/2020,FEU,Z01,2,0.08205281644
09/25/2020,FEU,Z02,2,0.03447396928
09/25/2020,FEU,Z03,2,0.03219748382
09/25/2020,FEU,Z01,20,0.08942288834
09/25/2020,FEU,Z02,20,0.1078513772
09/25/2020,FEU,Z03,20,0.1078513772
09/25/2020,FEU,Z01,21,0.10657145724
09/25/2020,FEU,Z02,21,0.12516116108
09/25/2020,FEU,Z03,21,0.12516116108
09/25/2020,FEU,Z01,22,0.10522205414
09/25/2020,FEU,Z02,22,0.12379995898
09/25/2020,FEU,Z03,22,0.12379995898
09/25/2020,FEU,Z01,23,0.09922979306
09/25/2020,FEU,Z02,23,0.1177649819
09/25/2020,FEU,Z03,23,0.1177649819
09/25/2020,FEU,Z01,24,0.09469417778
09/25/2020,FEU,Z02,24,0.04686208854
09/25/2020,FEU,Z03,24,0.04957028068
09/25/2020,FEU,Z01,3,0.0802246564
09/25/2020,FEU,Z02,3,0.03270541124
09/25/2020,FEU,Z03,3,0.03047079678
09/25/2020,FEU,Z01,4,0.07938021138
09/25/2020,FEU,Z02,4,0.03188820522
09/25/2020,FEU,Z03,4,0.02964754578
09/25/2020,FEU,Z01,5,0.07941014636
09/25/2020,FEU,Z02,5,0.03188820522
09/25/2020,FEU,Z03,5,0.02967343376
09/25/2020,FEU,Z01,6,0.07918867446
09/25/2020,FEU,Z02,6,0.0317147623
09/25/2020,FEU,Z03,6,0.02952812082
09/25/2020,FEU,Z01,7,0.08098630472
09/25/2020,FEU,Z02,7,0.03359547148
09/25/2020,FEU,Z03,7,0.03139028398
09/25/2020,FEU,Z01,8,0.09305138086
09/25/2020,FEU,Z02,8,0.0453215376
09/25/2020,FEU,Z03,8,0.04789675178
09/25/2020,FEU,Z01,9,0.0930542874
09/25/2020,FEU,Z02,9,0.04562987402
09/25/2020,FEU,Z03,9,0.04796104734
09/26/2020,FEU,Z01,1,0.09437852942
09/26/2020,FEU,Z02,1,0.04635672826
09/26/2020,FEU,Z03,1,0.04918521632
09/26/2020,FEU,Z01,10,0.09458072414
09/26/2020,FEU,Z02,10,0.04695869182
09/26/2020,FEU,Z03,10,0.04948388106
09/26/2020,FEU,Z01,11,0.09546912924
09/26/2020,FEU,Z02,11,0.0478746829
09/26/2020,FEU,Z03,11,0.05039417116
09/26/2020,FEU,Z01,12,0.09001066826
09/26/2020,FEU,Z02,12,0.0426126729
09/26/2020,FEU,Z03,12,0.04492026318
09/26/2020,FEU,Z01,13,0.08723494222
09/26/2020,FEU,Z02,13,0.03987648988
09/26/2020,FEU,Z03,13,0.04212731114
09/26/2020,FEU,Z01,14,0.08556955534
09/26/2020,FEU,Z02,14,0.1039742372
09/26/2020,FEU,Z03,14,0.1039742372
09/26/2020,FEU,Z01,15,0.08072933726
09/26/2020,FEU,Z02,15,0.09910388912
09/26/2020,FEU,Z03,15,0.09910388912
09/26/2020,FEU,Z01,16,0.07727390512
09/26/2020,FEU,Z02,16,0.09565613696
09/26/2020,FEU,Z03,16,0.09565613696
09/26/2020,FEU,Z01,17,0.07583360912
09/26/2020,FEU,Z02,17,0.09420576896
09/26/2020,FEU,Z03,17,0.09420576896
09/26/2020,FEU,Z01,18,0.07598577326
09/26/2020,FEU,Z02,18,0.0943593721
09/26/2020,FEU,Z03,18,0.0943593721
09/26/2020,FEU,Z01,19,0.07836324026
09/26/2020,FEU,Z02,19,0.0967535671
09/26/2020,FEU,Z03,19,0.0967535671
09/26/2020,FEU,Z01,2,0.09104176234
09/26/2020,FEU,Z02,2,0.0430942372
09/26/2020,FEU,Z03,2,0.04057881776
09/26/2020,FEU,Z01,20,0.08759850512
09/26/2020,FEU,Z02,20,0.10605293696
09/26/2020,FEU,Z03,20,0.10605293696
09/26/2020,FEU,Z01,21,0.09962691304
09/26/2020,FEU,Z02,21,0.11821440886
09/26/2020,FEU,Z03,21,0.11821440886
09/26/2020,FEU,Z01,22,0.09576329696
09/26/2020,FEU,Z02,22,0.1142734568
09/26/2020,FEU,Z03,22,0.1142734568
09/26/2020,FEU,Z01,23,0.0941204168
09/26/2020,FEU,Z02,23,0.11266123962
09/26/2020,FEU,Z03,23,0.11266123962
09/26/2020,FEU,Z01,24,0.08873796644
09/26/2020,FEU,Z02,24,0.04092076928
09/26/2020,FEU,Z03,24,0.04352449034
09/26/2020,FEU,Z01,3,0.0884147063
09/26/2020,FEU,Z02,3,0.04052405218
09/26/2020,FEU,Z03,3,0.03810583172
09/26/2020,FEU,Z01,4,0.08557316326
09/26/2020,FEU,Z02,4,0.03778285114
09/26/2020,FEU,Z03,4,0.0353996877
09/26/2020,FEU,Z01,5,0.08193011624
09/26/2020,FEU,Z02,5,0.03427100112
09/26/2020,FEU,Z03,5,0.03197550568
09/26/2020,FEU,Z01,6,0.08402126828
09/26/2020,FEU,Z02,6,0.03629111516
09/26/2020,FEU,Z03,6,0.03394392772
09/26/2020,FEU,Z01,7,0.08989583538
09/26/2020,FEU,Z02,7,0.04202872222
09/26/2020,FEU,Z03,7,0.03953988978
09/26/2020,FEU,Z01,8,0.09119760546
09/26/2020,FEU,Z02,8,0.04333136128
09/26/2020,FEU,Z03,8,0.04599833636
09/26/2020,FEU,Z01,9,0.09304081892
09/26/2020,FEU,Z02,9,0.04535859764
09/26/2020,FEU,Z03,9,0.04789738484
09/27/2020,FEU,Z01,1,0.08105089702
09/27/2020,FEU,Z02,1,0.03331436896
09/27/2020,FEU,Z03,1,0.0357537859
09/27/2020,FEU,Z01,10,0.08376621476
09/27/2020,FEU,Z02,10,0.03629016152
09/27/2020,FEU,Z03,10,0.03859151066
09/27/2020,FEU,Z01,11,0.08036930488
09/27/2020,FEU,Z02,11,0.0330754576
09/27/2020,FEU,Z03,11,0.03520237778
09/27/2020,FEU,Z01,12,0.07841289594
09/27/2020,FEU,Z02,12,0.03118995766
09/27/2020,FEU,Z03,12,0.03324868484
09/27/2020,FEU,Z01,13,0.08025152182
09/27/2020,FEU,Z02,13,0.03292636156
09/27/2020,FEU,Z03,13,0.03507288872
09/27/2020,FEU,Z01,14,0.08265338598
09/27/2020,FEU,Z02,14,0.10107375382
09/27/2020,FEU,Z03,14,0.10107375382
09/27/2020,FEU,Z01,15,0.08281504994
09/27/2020,FEU,Z02,15,0.10123520078
09/27/2020,FEU,Z03,15,0.10123520078
09/27/2020,FEU,Z01,16,0.0807769368
09/27/2020,FEU,Z02,16,0.09921423262
09/27/2020,FEU,Z03,16,0.09921423262
09/27/2020,FEU,Z01,17,0.08046264876
09/27/2020,FEU,Z02,17,0.09889730558
09/27/2020,FEU,Z03,17,0.09889730558
09/27/2020,FEU,Z01,18,0.08053315882
09/27/2020,FEU,Z02,18,0.09896983264
09/27/2020,FEU,Z03,18,0.09896983264
09/27/2020,FEU,Z01,19,0.08351362488
09/27/2020,FEU,Z02,19,0.1019738067
09/27/2020,FEU,Z03,19,0.1019738067
09/27/2020,FEU,Z01,2,0.07986042392
09/27/2020,FEU,Z02,2,0.03213110088
09/27/2020,FEU,Z03,2,0.0298164775
09/27/2020,FEU,Z01,20,0.09752409882
09/27/2020,FEU,Z02,20,0.11609271264
09/27/2020,FEU,Z03,20,0.11609271264
09/27/2020,FEU,Z01,21,0.1056531569
09/27/2020,FEU,Z02,21,0.12428481272
09/27/2020,FEU,Z03,21,0.12428481272
09/27/2020,FEU,Z01,22,0.10693193696
09/27/2020,FEU,Z02,22,0.12557440478
09/27/2020,FEU,Z03,22,0.12557440478
09/27/2020,FEU,Z01,23,0.1019017169
09/27/2020,FEU,Z02,23,0.12050414072
09/27/2020,FEU,Z03,23,0.12050414072
09/27/2020,FEU,Z01,24,0.09828995654
09/27/2020,FEU,Z02,24,0.05018574136
09/27/2020,FEU,Z03,24,0.05313599044
09/27/2020,FEU,Z01,3,0.07787413982
09/27/2020,FEU,Z02,3,0.0301860568
09/27/2020,FEU,Z03,3,0.02790044944
09/27/2020,FEU,Z01,4,0.07224019982
09/27/2020,FEU,Z02,4,0.0247804568
09/27/2020,FEU,Z03,4,0.02266325842
09/27/2020,FEU,Z01,5,0.07194850686
09/27/2020,FEU,Z02,5,0.02452572682
09/27/2020,FEU,Z03,5,0.02239589946
09/27/2020,FEU,Z01,6,0.07465432792
09/27/2020,FEU,Z02,6,0.02713140088
09/27/2020,FEU,Z03,6,0.0249508525
09/27/2020,FEU,Z01,7,0.07856884996
09/27/2020,FEU,Z02,7,0.03089649292
09/27/2020,FEU,Z03,7,0.02863753752
09/27/2020,FEU,Z01,8,0.08284449698
09/27/2020,FEU,Z02,8,0.03503242892
09/27/2020,FEU,Z03,8,0.03754884386
09/27/2020,FEU,Z01,9,0.08441102346
09/27/2020,FEU,Z02,9,0.03678004928
09/27/2020,FEU,Z03,9,0.03918292436
09/28/2020,FEU,Z01,1,0.0973972862
09/28/2020,FEU,Z02,1,0.0491199021
09/28/2020,FEU,Z03,1,0.0521751161
09/28/2020,FEU,Z01,10,0.1049908176
09/28/2020,FEU,Z02,10,0.05741448616
09/28/2020,FEU,Z03,10,0.06001864152
09/28/2020,FEU,Z01,11,0.09882127564
09/28/2020,FEU,Z02,11,0.0514044982
09/28/2020,FEU,Z03,11,0.05378807158
09/28/2020,FEU,Z01,12,0.09769981262
09/28/2020,FEU,Z02,12,0.05030844018
09/28/2020,FEU,Z03,12,0.05266099556
09/28/2020,FEU,Z01,13,0.09903668958
09/28/2020,FEU,Z02,13,0.05156136616
09/28/2020,FEU,Z03,13,0.05399287752
09/28/2020,FEU,Z01,14,0.10010597768
09/28/2020,FEU,Z02,14,0.11860331654
09/28/2020,FEU,Z03,14,0.11860331654
09/28/2020,FEU,Z01,15,0.0990447376
09/28/2020,FEU,Z02,15,0.11753475946
09/28/2020,FEU,Z03,15,0.11753475946
09/28/2020,FEU,Z01,16,0.09831344046
09/28/2020,FEU,Z02,16,0.11679778532
09/28/2020,FEU,Z03,16,0.11679778532
09/28/2020,FEU,Z01,17,0.09937325548
09/28/2020,FEU,Z02,17,0.11786434534
09/28/2020,FEU,Z03,17,0.11786434534
09/28/2020,FEU,Z01,18,0.10276396346
09/28/2020,FEU,Z02,18,0.12127595132
09/28/2020,FEU,Z03,18,0.12127595132
09/28/2020,FEU,Z01,19,0.10554957442
09/28/2020,FEU,Z02,19,0.12413424626
09/28/2020,FEU,Z03,19,0.12413424626
09/28/2020,FEU,Z01,2,0.09532222008
09/28/2020,FEU,Z02,2,0.047071877
09/28/2020,FEU,Z03,2,0.0443901376
09/28/2020,FEU,Z01,20,0.1116037423
09/28/2020,FEU,Z02,20,0.13016882116
09/28/2020,FEU,Z03,20,0.13016882116
09/28/2020,FEU,Z01,21,0.1162822123
09/28/2020,FEU,Z02,21,0.13493994914
09/28/2020,FEU,Z03,21,0.13493994914
09/28/2020,FEU,Z01,22,0.1119839673
09/28/2020,FEU,Z02,22,0.13061140814
09/28/2020,FEU,Z03,22,0.13061140814
09/28/2020,FEU,Z01,23,0.1057442972
09/28/2020,FEU,Z02,23,0.12432656504
09/28/2020,FEU,Z03,23,0.12432656504
09/28/2020,FEU,Z01,24,0.0999081869
09/28/2020,FEU,Z02,24,0.05200823962
09/28/2020,FEU,Z03,24,0.0548295768
09/28/2020,FEU,Z01,3,0.09096940804
09/28/2020,FEU,Z02,3,0.04284642798
09/28/2020,FEU,Z03,3,0.04030969156
09/28/2020,FEU,Z01,4,0.09025180604
09/28/2020,FEU,Z02,4,0.04215697898
09/28/2020,FEU,Z03,4,0.03960307558
09/28/2020,FEU,Z01,5,0.09039796204
09/28/2020,FEU,Z02,5,0.04229624998
09/28/2020,FEU,Z03,5,0.03977449756
09/28/2020,FEU,Z01,6,0.09227079216
09/28/2020,FEU,Z02,6,0.04414711708
09/28/2020,FEU,Z03,6,0.04161024564
09/28/2020,FEU,Z01,7,0.1091620466
09/28/2020,FEU,Z02,7,0.0607354174
09/28/2020,FEU,Z03,7,0.0579304979
09/28/2020,FEU,Z01,8,0.10807911182
09/28/2020,FEU,Z02,8,0.05986558156
09/28/2020,FEU,Z03,8,0.06302052872
09/28/2020,FEU,Z01,9,0.10799818532
09/28/2020,FEU,Z02,9,0.06010193596
09/28/2020,FEU,Z03,9,0.06292963226
09/29/2020,FEU,Z01,1,0.1008993265
09/29/2020,FEU,Z02,1,0.05269952332
09/29/2020,FEU,Z03,1,0.0557488764
09/29/2020,FEU,Z01,10,0.1115112377
09/29/2020,FEU,Z02,10,0.06384038624
09/29/2020,FEU,Z03,10,0.06652336364
09/29/2020,FEU,Z01,11,0.10896590168
09/29/2020,FEU,Z02,11,0.06129990624
09/29/2020,FEU,Z03,11,0.06396742562
09/29/2020,FEU,Z01,12,0.10814008262
09/29/2020,FEU,Z02,12,0.06048747018
09/29/2020,FEU,Z03,12,0.06312813356
09/29/2020,FEU,Z01,13,0.10877817958
09/29/2020,FEU,Z02,13,0.06110472514
09/29/2020,FEU,Z03,13,0.0638146025
09/29/2020,FEU,Z01,14,0.10870774964
09/29/2020,FEU,Z02,14,0.1272586025
09/29/2020,FEU,Z03,14,0.1272586025
09/29/2020,FEU,Z01,15,0.10840407554
09/29/2020,FEU,Z02,15,0.1269519474
09/29/2020,FEU,Z03,15,0.1269519474
09/29/2020,FEU,Z01,16,0.10472804144
09/29/2020,FEU,Z02,16,0.12330599328
09/29/2020,FEU,Z03,16,0.12330599328
09/29/2020,FEU,Z01,17,0.10644812646
09/29/2020,FEU,Z02,17,0.12498299732
09/29/2020,FEU,Z03,17,0.12498299732
09/29/2020,FEU,Z01,18,0.1089642275
09/29/2020,FEU,Z02,18,0.12751515736
09/29/2020,FEU,Z03,18,0.12751515736
09/29/2020,FEU,Z01,19,0.11077062748
09/29/2020,FEU,Z02,19,0.12933257134
09/29/2020,FEU,Z03,19,0.12933257134
09/29/2020,FEU,Z01,2,0.09930910742
09/29/2020,FEU,Z02,2,0.05111279926
09/29/2020,FEU,Z03,2,0.0484417078
09/29/2020,FEU,Z01,20,0.11447396144
09/29/2020,FEU,Z02,20,0.1330584373
09/29/2020,FEU,Z03,20,0.1330584373
09/29/2020,FEU,Z01,21,0.1220320074
09/29/2020,FEU,Z02,21,0.14066395226
09/29/2020,FEU,Z03,21,0.14066395226
09/29/2020,FEU,Z01,22,0.11781862532
09/29/2020,FEU,Z02,22,0.13648750716
09/29/2020,FEU,Z03,22,0.13648750716
09/29/2020,FEU,Z01,23,0.11128720522
09/29/2020,FEU,Z02,23,0.12990864206
09/29/2020,FEU,Z03,23,0.12990864206
09/29/2020,FEU,Z01,24,0.10630532088
09/29/2020,FEU,Z02,24,0.05815490662
09/29/2020,FEU,Z03,24,0.0612002968
09/29/2020,FEU,Z01,3,0.09735898234
09/29/2020,FEU,Z02,3,0.0491818372
09/29/2020,FEU,Z03,3,0.04651800976
09/29/2020,FEU,Z01,4,0.09529064028
09/29/2020,FEU,Z02,4,0.04714239916
09/29/2020,FEU,Z03,4,0.0445694477
09/29/2020,FEU,Z01,5,0.09704412832
09/29/2020,FEU,Z02,5,0.0488341372
09/29/2020,FEU,Z03,5,0.04621958074
09/29/2020,FEU,Z01,6,0.10007631248
09/29/2020,FEU,Z02,6,0.05185922932
09/29/2020,FEU,Z03,6,0.04921028984
09/29/2020,FEU,Z01,7,0.11256256674
09/29/2020,FEU,Z02,7,0.0641428525
09/29/2020,FEU,Z03,7,0.061257278
09/29/2020,FEU,Z01,8,0.11485603492
09/29/2020,FEU,Z02,8,0.06649215164
09/29/2020,FEU,Z03,8,0.06984599682
09/29/2020,FEU,Z01,9,0.11378700944
09/29/2020,FEU,Z02,9,0.06585505804
09/29/2020,FEU,Z03,9,0.06875633438
09/30/2020,FEU,Z01,1,0.11215129754
09/30/2020,FEU,Z02,1,0.06361677934
09/30/2020,FEU,Z03,1,0.06705641644
09/30/2020,FEU,Z01,10,0.11425576572
09/30/2020,FEU,Z02,10,0.06651972426
09/30/2020,FEU,Z03,10,0.06933848764
09/30/2020,FEU,Z01,11,0.11243437572
09/30/2020,FEU,Z02,11,0.06474356626
09/30/2020,FEU,Z03,11,0.06751055764
09/30/2020,FEU,Z01,12,0.11091740566
09/30/2020,FEU,Z02,12,0.0632560682
09/30/2020,FEU,Z03,12,0.06597670458
09/30/2020,FEU,Z01,13,0.1076978576
09/30/2020,FEU,Z02,13,0.06005275816
09/30/2020,FEU,Z03,13,0.06273422552
09/30/2020,FEU,Z01,14,0.10563287866
09/30/2020,FEU,Z02,14,0.12410938554
09/30/2020,FEU,Z03,14,0.12410938554
09/30/2020,FEU,Z01,15,0.10336150758
09/30/2020,FEU,Z02,15,0.12187832144
09/30/2020,FEU,Z03,15,0.12187832144
09/30/2020,FEU,Z01,16,0.10290145746
09/30/2020,FEU,Z02,16,0.12141429932
09/30/2020,FEU,Z03,16,0.12141429932
09/30/2020,FEU,Z01,17,0.1017001025
09/30/2020,FEU,Z02,17,0.12020583336
09/30/2020,FEU,Z03,17,0.12020583336
09/30/2020,FEU,Z01,18,0.10196817956
09/30/2020,FEU,Z02,18,0.12047611342
09/30/2020,FEU,Z03,18,0.12047611342
09/30/2020,FEU,Z01,19,0.1027733525
09/30/2020,FEU,Z02,19,0.12128576136
09/30/2020,FEU,Z03,19,0.12128576136
09/30/2020,FEU,Z01,2,0.11235592142
09/30/2020,FEU,Z02,2,0.06369484126
09/30/2020,FEU,Z03,2,0.0607249678
09/30/2020,FEU,Z01,20,0.1098494774
09/30/2020,FEU,Z02,20,0.12846321124
09/30/2020,FEU,Z03,20,0.12846321124
09/30/2020,FEU,Z01,21,0.11501130136
09/30/2020,FEU,Z02,21,0.13359812722
09/30/2020,FEU,Z03,21,0.13359812722
09/30/2020,FEU,Z01,22,0.10911454226
09/30/2020,FEU,Z02,22,0.12766384912
09/30/2020,FEU,Z03,22,0.12766384912
09/30/2020,FEU,Z01,23,0.10282061114
09/30/2020,FEU,Z02,23,0.12138170798
09/30/2020,FEU,Z03,23,0.12138170798
09/30/2020,FEU,Z01,24,0.0965227768
09/30/2020,FEU,Z02,24,0.04867573354
09/30/2020,FEU,Z03,24,0.0514105467
09/30/2020,FEU,Z01,3,0.11351120032
09/30/2020,FEU,Z02,3,0.06474520018
09/30/2020,FEU,Z03,3,0.06170029774
09/30/2020,FEU,Z01,4,0.1129442063
09/30/2020,FEU,Z02,4,0.06419702716
09/30/2020,FEU,Z03,4,0.06116674572
09/30/2020,FEU,Z01,5,0.1123315613
09/30/2020,FEU,Z02,5,0.06355171418
09/30/2020,FEU,Z03,5,0.06058969372
09/30/2020,FEU,Z01,6,0.1086886164
09/30/2020,FEU,Z02,6,0.06010533226
09/30/2020,FEU,Z03,6,0.0572195878
09/30/2020,FEU,Z01,7,0.11306963474
09/30/2020,FEU,Z02,7,0.0646333525
09/30/2020,FEU,Z03,7,0.061737978
09/30/2020,FEU,Z01,8,0.116571277
09/30/2020,FEU,Z02,8,0.0682218627
09/30/2020,FEU,Z03,8,0.0715841519
09/30/2020,FEU,Z01,9,0.1168099775
09/30/2020,FEU,Z02,9,0.0688052131
09/30/2020,FEU,Z03,9,0.07179864944
10/01/2020,FEU,Z01,1,0.100220576
10/01/2020,FEU,Z02,1,0.05173056194
10/01/2020,FEU,Z03,1,0.0549723309
10/01/2020,FEU,Z01,10,0.11310644246
10/01/2020,FEU,Z02,10,0.06519594206
10/01/2020,FEU,Z03,10,0.06813541538
10/01/2020,FEU,Z01,11,0.11054204948
10/01/2020,FEU,Z02,11,0.06270212208
10/01/2020,FEU,Z03,11,0.0655657274
10/01/2020,FEU,Z01,12,0.10763809548
10/01/2020,FEU,Z02,12,0.05987553808
10/01/2020,FEU,Z03,12,0.06259856142
10/01/2020,FEU,Z01,13,0.1037903525
10/01/2020,FEU,Z02,13,0.05618201808
10/01/2020,FEU,Z03,13,0.05879383142
10/01/2020,FEU,Z01,14,0.10199165752
10/01/2020,FEU,Z02,14,0.12049938038
10/01/2020,FEU,Z03,14,0.12049938038
10/01/2020,FEU,Z01,15,0.09963587242
10/01/2020,FEU,Z02,15,0.11812810528
10/01/2020,FEU,Z03,15,0.11812810528
10/01/2020,FEU,Z01,16,0.0959441473
10/01/2020,FEU,Z02,16,0.11445853214
10/01/2020,FEU,Z03,16,0.11445853214
10/01/2020,FEU,Z01,17,0.09359638532
10/01/2020,FEU,Z02,17,0.11209438716
10/01/2020,FEU,Z03,17,0.11209438716
10/01/2020,FEU,Z01,18,0.09542666132
10/01/2020,FEU,Z02,18,0.11389210618
10/01/2020,FEU,Z03,18,0.11389210618
10/01/2020,FEU,Z01,19,0.09792948524
10/01/2020,FEU,Z02,19,0.1164109271
10/01/2020,FEU,Z03,19,0.1164109271
10/01/2020,FEU,Z01,2,0.09549423188
10/01/2020,FEU,Z02,2,0.04709847786
10/01/2020,FEU,Z03,2,0.04438223148
10/01/2020,FEU,Z01,20,0.09826519524
10/01/2020,FEU,Z02,20,0.11679536108
10/01/2020,FEU,Z03,20,0.11679536108
10/01/2020,FEU,Z01,21,0.1102233572
10/01/2020,FEU,Z02,21,0.12883705704
10/01/2020,FEU,Z03,21,0.12883705704
10/01/2020,FEU,Z01,22,0.10540520298
10/01/2020,FEU,Z02,22,0.1240360168
10/01/2020,FEU,Z03,22,0.1240360168
10/01/2020,FEU,Z01,23,0.09957638268
10/01/2020,FEU,Z02,23,0.11820596048
10/01/2020,FEU,Z03,23,0.11820596048
10/01/2020,FEU,Z01,24,0.08961571232
10/01/2020,FEU,Z02,24,0.04171639718
10/01/2020,FEU,Z03,24,0.0444183062
10/01/2020,FEU,Z01,3,0.09223221584
10/01/2020,FEU,Z02,3,0.04396331582
10/01/2020,FEU,Z03,3,0.04133380144
10/01/2020,FEU,Z01,4,0.09093119984
10/01/2020,FEU,Z02,4,0.04271623182
10/01/2020,FEU,Z03,4,0.04012007344
10/01/2020,FEU,Z01,5,0.09209333686
10/01/2020,FEU,Z02,5,0.04383349684
10/01/2020,FEU,Z03,5,0.04120665646
10/01/2020,FEU,Z01,6,0.09515955098
10/01/2020,FEU,Z02,6,0.04686439092
10/01/2020,FEU,Z03,6,0.04419144952
10/01/2020,FEU,Z01,7,0.10503428634
10/01/2020,FEU,Z02,7,0.0565770172
10/01/2020,FEU,Z03,7,0.05373155376
10/01/2020,FEU,Z01,8,0.11369703272
10/01/2020,FEU,Z02,8,0.0651823525
10/01/2020,FEU,Z03,8,0.06864340962
10/01/2020,FEU,Z01,9,0.11460438528
10/01/2020,FEU,Z02,9,0.06651745792
10/01/2020,FEU,Z03,9,0.0696043172
10/02/2020,FEU,Z01,1,0.0811341161
10/02/2020,FEU,Z02,1,0.03343215802
10/02/2020,FEU,Z03,1,0.03585243098
10/02/2020,FEU,Z01,10,0.08685973946
10/02/2020,FEU,Z02,10,0.03964790906
10/02/2020,FEU,Z03,10,0.0417611474
10/02/2020,FEU,Z01,11,0.08448978748
10/02/2020,FEU,Z02,11,0.03734397008
10/02/2020,FEU,Z03,11,0.03938857942
10/02/2020,FEU,Z01,12,0.0844876025
10/02/2020,FEU,Z02,12,0.0373447681
10/02/2020,FEU,Z03,12,0.03939120944
10/02/2020,FEU,Z01,13,0.08749620748
10/02/2020,FEU,Z02,13,0.04027029008
10/02/2020,FEU,Z03,13,0.04240300942
10/02/2020,FEU,Z01,14,0.08533677356
10/02/2020,FEU,Z02,14,0.10374094642
10/02/2020,FEU,Z03,14,0.10374094642
10/02/2020,FEU,Z01,15,0.07692194148
10/02/2020,FEU,Z02,15,0.09527345834
10/02/2020,FEU,Z03,15,0.09527345834
10/02/2020,FEU,Z01,16,0.07642511234
10/02/2020,FEU,Z02,16,0.09480203518
10/02/2020,FEU,Z03,16,0.09480203518
10/02/2020,FEU,Z01,17,0.07619511334
10/02/2020,FEU,Z02,17,0.0945418772
10/02/2020,FEU,Z03,17,0.0945418772
10/02/2020,FEU,Z01,18,0.07644822338
10/02/2020,FEU,Z02,18,0.09482542822
10/02/2020,FEU,Z03,18,0.09482542822
10/02/2020,FEU,Z01,19,0.07922709038
10/02/2020,FEU,Z02,19,0.09762395122
10/02/2020,FEU,Z03,19,0.09762395122
10/02/2020,FEU,Z01,2,0.07907695998
10/02/2020,FEU,Z02,2,0.03141233092
10/02/2020,FEU,Z03,2,0.02911482854
10/02/2020,FEU,Z01,20,0.08726412932
10/02/2020,FEU,Z02,20,0.10567918818
10/02/2020,FEU,Z03,20,0.10567918818
10/02/2020,FEU,Z01,21,0.0981062972
10/02/2020,FEU,Z02,21,0.11663496504
10/02/2020,FEU,Z03,21,0.11663496504
10/02/2020,FEU,Z01,22,0.09491153598
10/02/2020,FEU,Z02,22,0.1134602968
10/02/2020,FEU,Z03,22,0.1134602968
10/02/2020,FEU,Z01,23,0.09303897476
10/02/2020,FEU,Z02,23,0.11157103858
10/02/2020,FEU,Z03,23,0.11157103858
10/02/2020,FEU,Z01,24,0.08294092638
10/02/2020,FEU,Z02,24,0.03529322324
10/02/2020,FEU,Z03,24,0.03769163428
10/02/2020,FEU,Z01,3,0.07648511894
10/02/2020,FEU,Z02,3,0.02891510888
10/02/2020,FEU,Z03,3,0.0266867275
10/02/2020,FEU,Z01,4,0.07546889196
10/02/2020,FEU,Z02,4,0.02792032692
10/02/2020,FEU,Z03,4,0.02573986552
10/02/2020,FEU,Z01,5,0.07496885996
10/02/2020,FEU,Z02,5,0.02744026292
10/02/2020,FEU,Z03,5,0.02527115752
10/02/2020,FEU,Z01,6,0.07518009806
10/02/2020,FEU,Z02,6,0.02770156998
10/02/2020,FEU,Z03,6,0.02552555758
10/02/2020,FEU,Z01,7,0.07979946638
10/02/2020,FEU,Z02,7,0.03229255022
10/02/2020,FEU,Z03,7,0.03004306178
10/02/2020,FEU,Z01,8,0.08259866066
10/02/2020,FEU,Z02,8,0.03511760944
10/02/2020,FEU,Z03,8,0.03740023656
10/02/2020,FEU,Z01,9,0.08297957924
10/02/2020,FEU,Z02,9,0.03577765388
10/02/2020,FEU,Z03,9,0.03786072116
10/03/2020,FEU,Z01,1,0.07626688702
10/03/2020,FEU,Z02,1,0.02871788896
10/03/2020,FEU,Z03,1,0.0309458359
10/03/2020,FEU,Z01,10,0.07781530382
10/03/2020,FEU,Z02,10,0.03054264758
10/03/2020,FEU,Z03,10,0.03260060474
10/03/2020,FEU,Z01,11,0.07603299296
10/03/2020,FEU,Z02,11,0.02888626168
10/03/2020,FEU,Z03,11,0.03083799288
10/03/2020,FEU,Z01,12,0.06982644806
10/03/2020,FEU,Z02,12,0.02292790774
10/03/2020,FEU,Z03,12,0.02462827298
10/03/2020,FEU,Z01,13,0.06982547402
10/03/2020,FEU,Z02,13,0.02290195772
10/03/2020,FEU,Z03,13,0.02461994494
10/03/2020,FEU,Z01,14,0.07233487316
10/03/2020,FEU,Z02,14,0.090682627
10/03/2020,FEU,Z03,14,0.090682627
10/03/2020,FEU,Z01,15,0.07199340504
10/03/2020,FEU,Z02,15,0.09033975688
10/03/2020,FEU,Z03,15,0.09033975688
10/03/2020,FEU,Z01,16,0.07095626684
10/03/2020,FEU,Z02,16,0.08931744266
10/03/2020,FEU,Z03,16,0.08931744266
10/03/2020,FEU,Z01,17,0.0685291469
10/03/2020,FEU,Z02,17,0.08687152472
10/03/2020,FEU,Z03,17,0.08687152472
10/03/2020,FEU,Z01,18,0.070489627
10/03/2020,FEU,Z02,18,0.08882430884
10/03/2020,FEU,Z03,18,0.08882430884
10/03/2020,FEU,Z01,19,0.07628233304
10/03/2020,FEU,Z02,19,0.09468681386
10/03/2020,FEU,Z03,19,0.09468681386
10/03/2020,FEU,Z01,2,0.0747894209
10/03/2020,FEU,Z02,2,0.02723775288
10/03/2020,FEU,Z03,2,0.02507470948
10/03/2020,FEU,Z01,20,0.08787051902
10/03/2020,FEU,Z02,20,0.10632739086
10/03/2020,FEU,Z03,20,0.10632739086
10/03/2020,FEU,Z01,21,0.09954070496
10/03/2020,FEU,Z02,21,0.11812542878
10/03/2020,FEU,Z03,21,0.11812542878
10/03/2020,FEU,Z01,22,0.0929070568
10/03/2020,FEU,Z02,22,0.1114807466
10/03/2020,FEU,Z03,22,0.1114807466
10/03/2020,FEU,Z01,23,0.09220614262
10/03/2020,FEU,Z02,23,0.11077187942
10/03/2020,FEU,Z03,23,0.11077187942
10/03/2020,FEU,Z01,24,0.09101204016
10/03/2020,FEU,Z02,24,0.04297247506
10/03/2020,FEU,Z03,24,0.04575551606
10/03/2020,FEU,Z01,3,0.07041907988
10/03/2020,FEU,Z02,3,0.02304213386
10/03/2020,FEU,Z03,3,0.02097156548
10/03/2020,FEU,Z01,4,0.06944880986
10/03/2020,FEU,Z02,4,0.02210825884
10/03/2020,FEU,Z03,4,0.02006188246
10/03/2020,FEU,Z01,5,0.06944571184
10/03/2020,FEU,Z02,5,0.02210109882
10/03/2020,FEU,Z03,5,0.02005633744
10/03/2020,FEU,Z01,6,0.06966969086
10/03/2020,FEU,Z02,6,0.02231901484
10/03/2020,FEU,Z03,6,0.02026812346
10/03/2020,FEU,Z01,7,0.07363882094
10/03/2020,FEU,Z02,7,0.0261604369
10/03/2020,FEU,Z03,7,0.0240261025
10/03/2020,FEU,Z01,8,0.0771786661
10/03/2020,FEU,Z02,8,0.02962896802
10/03/2020,FEU,Z03,8,0.03187712098
10/03/2020,FEU,Z01,9,0.07700471256
10/03/2020,FEU,Z02,9,0.02967163736
10/03/2020,FEU,Z03,9,0.03176373346
10/04/2020,FEU,Z01,1,0.08678891172
10/04/2020,FEU,Z02,1,0.03869590072
10/04/2020,FEU,Z03,1,0.0414639156
10/04/2020,FEU,Z01,10,0.07227972864
10/04/2020,FEU,Z02,10,0.02514045142
10/04/2020,FEU,Z03,10,0.02703339254
10/04/2020,FEU,Z01,11,0.07315082274
10/04/2020,FEU,Z02,11,0.0260177275
10/04/2020,FEU,Z03,11,0.02792673664
10/04/2020,FEU,Z01,12,0.06842624482
10/04/2020,FEU,Z02,12,0.02147859556
10/04/2020,FEU,Z03,12,0.02319659672
10/04/2020,FEU,Z01,13,0.06644776676
10/04/2020,FEU,Z02,13,0.01953806552
10/04/2020,FEU,Z03,13,0.02119854266
10/04/2020,FEU,Z01,14,0.06372963296
10/04/2020,FEU,Z02,14,0.08203458278
10/04/2020,FEU,Z03,14,0.08203458278
10/04/2020,FEU,Z01,15,0.06044724292
10/04/2020,FEU,Z02,15,0.07872777574
10/04/2020,FEU,Z03,15,0.07872777574
10/04/2020,FEU,Z01,16,0.05812021074
10/04/2020,FEU,Z02,16,0.07639412954
10/04/2020,FEU,Z03,16,0.07639412954
10/04/2020,FEU,Z01,17,0.06171986068
10/04/2020,FEU,Z02,17,0.0800094515
10/04/2020,FEU,Z03,17,0.0800094515
10/04/2020,FEU,Z01,18,0.06213765272
10/04/2020,FEU,Z02,18,0.08043159554
10/04/2020,FEU,Z03,18,0.08043159554
10/04/2020,FEU,Z01,19,0.06877485278
10/04/2020,FEU,Z02,19,0.08714046558
10/04/2020,FEU,Z03,19,0.08714046558
10/04/2020,FEU,Z01,2,0.07669958956
10/04/2020,FEU,Z02,2,0.02893130262
10/04/2020,FEU,Z03,2,0.02666181728
10/04/2020,FEU,Z01,20,0.07795633874
10/04/2020,FEU,Z02,20,0.09637150056
10/04/2020,FEU,Z03,20,0.09637150056
10/04/2020,FEU,Z01,21,0.09436329278
10/04/2020,FEU,Z02,21,0.1129058066
10/04/2020,FEU,Z03,21,0.1129058066
10/04/2020,FEU,Z01,22,0.09043193286
10/04/2020,FEU,Z02,22,0.1089043917
10/04/2020,FEU,Z03,22,0.1089043917
10/04/2020,FEU,Z01,23,0.08954670182
10/04/2020,FEU,Z02,23,0.10805220064
10/04/2020,FEU,Z03,23,0.10805220064
10/04/2020,FEU,Z01,24,0.08620284838
10/04/2020,FEU,Z02,24,0.03843524124
10/04/2020,FEU,Z03,24,0.04096736628
10/04/2020,FEU,Z01,3,0.0729247255
10/04/2020,FEU,Z02,3,0.02531158056
10/04/2020,FEU,Z03,3,0.02312591124
10/04/2020,FEU,Z01,4,0.06508520062
10/04/2020,FEU,Z02,4,0.01784344066
10/04/2020,FEU,Z03,4,0.01588652932
10/04/2020,FEU,Z01,5,0.06274805552
10/04/2020,FEU,Z02,5,0.01557842858
10/04/2020,FEU,Z03,5,0.01367609026
10/04/2020,FEU,Z01,6,0.06306236558
10/04/2020,FEU,Z02,6,0.01590045962
10/04/2020,FEU,Z03,6,0.01399882528
10/04/2020,FEU,Z01,7,0.06408678666
10/04/2020,FEU,Z02,7,0.01690657668
10/04/2020,FEU,Z03,7,0.01497709834
10/04/2020,FEU,Z01,8,0.06761135372
10/04/2020,FEU,Z02,8,0.02029264874
10/04/2020,FEU,Z03,8,0.0221915756
10/04/2020,FEU,Z01,9,0.06797113028
10/04/2020,FEU,Z02,9,0.02083642916
10/04/2020,FEU,Z03,9,0.02264004818
10/05/2020,FEU,Z01,1,0.08090614394
10/05/2020,FEU,Z02,1,0.0331377919
10/05/2020,FEU,Z03,1,0.03559330682
10/05/2020,FEU,Z01,10,0.1052379474
10/05/2020,FEU,Z02,10,0.05747819302
10/05/2020,FEU,Z03,10,0.06022762532
10/05/2020,FEU,Z01,11,0.10141381746
10/05/2020,FEU,Z02,11,0.05381456706
10/05/2020,FEU,Z03,11,0.05640129038
10/05/2020,FEU,Z01,12,0.09747594548
10/05/2020,FEU,Z02,12,0.04998413808
10/05/2020,FEU,Z03,12,0.05240933642
10/05/2020,FEU,Z01,13,0.09559970756
10/05/2020,FEU,Z02,13,0.04821060414
10/05/2020,FEU,Z03,13,0.0505441025
10/05/2020,FEU,Z01,14,0.0936093776
10/05/2020,FEU,Z02,14,0.11206542846
10/05/2020,FEU,Z03,14,0.11206542846
10/05/2020,FEU,Z01,15,0.0906784775
10/05/2020,FEU,Z02,15,0.10911562936
10/05/2020,FEU,Z03,15,0.10911562936
10/05/2020,FEU,Z01,16,0.09093479336
10/05/2020,FEU,Z02,16,0.10937273622
10/05/2020,FEU,Z03,16,0.10937273622
10/05/2020,FEU,Z01,17,0.0917118474
10/05/2020,FEU,Z02,17,0.11019717324
10/05/2020,FEU,Z03,17,0.11019717324
10/05/2020,FEU,Z01,18,0.0967624823
10/05/2020,FEU,Z02,18,0.11528263514
10/05/2020,FEU,Z03,18,0.11528263514
10/05/2020,FEU,Z01,19,0.10023798326
10/05/2020,FEU,Z02,19,0.1187822221
10/05/2020,FEU,Z03,19,0.1187822221
10/05/2020,FEU,Z01,2,0.07622254376
10/05/2020,FEU,Z02,2,0.02857029876
10/05/2020,FEU,Z03,2,0.0263313174
10/05/2020,FEU,Z01,20,0.11522691328
10/05/2020,FEU,Z02,20,0.13387691312
10/05/2020,FEU,Z03,20,0.13387691312
10/05/2020,FEU,Z01,21,0.11281088132
10/05/2020,FEU,Z02,21,0.13144443516
10/05/2020,FEU,Z03,21,0.13144443516
10/05/2020,FEU,Z01,22,0.10737143316
10/05/2020,FEU,Z02,22,0.125964627
10/05/2020,FEU,Z03,22,0.125964627
10/05/2020,FEU,Z01,23,0.09910970492
10/05/2020,FEU,Z02,23,0.11769060174
10/05/2020,FEU,Z03,23,0.11769060174
10/05/2020,FEU,Z01,24,0.09841172958
10/05/2020,FEU,Z02,24,0.05034920638
10/05/2020,FEU,Z03,24,0.05326587248
10/05/2020,FEU,Z01,3,0.07554848572
10/05/2020,FEU,Z02,3,0.02791842472
10/05/2020,FEU,Z03,3,0.02569828536
10/05/2020,FEU,Z01,4,0.0761297057
10/05/2020,FEU,Z02,4,0.02845037272
10/05/2020,FEU,Z03,4,0.02621560936
10/05/2020,FEU,Z01,5,0.07605260174
10/05/2020,FEU,Z02,5,0.02840457374
10/05/2020,FEU,Z03,5,0.02616948238
10/05/2020,FEU,Z01,6,0.0818844609
10/05/2020,FEU,Z02,6,0.03407181486
10/05/2020,FEU,Z03,6,0.03170572348
10/05/2020,FEU,Z01,7,0.09753667232
10/05/2020,FEU,Z02,7,0.04935082818
10/05/2020,FEU,Z03,7,0.04668258874
10/05/2020,FEU,Z01,8,0.10667368662
10/05/2020,FEU,Z02,8,0.05833418042
10/05/2020,FEU,Z03,8,0.06152076554
10/05/2020,FEU,Z01,9,0.10715394318
10/05/2020,FEU,Z02,9,0.05921382184
10/05/2020,FEU,Z03,9,0.0621086821
10/06/2020,FEU,Z01,1,0.10400370322
10/06/2020,FEU,Z02,1,0.05547847312
10/06/2020,FEU,Z03,1,0.05881310012
10/06/2020,FEU,Z01,10,0.10436543046
10/06/2020,FEU,Z02,10,0.05668761006
10/06/2020,FEU,Z03,10,0.0593134374
10/06/2020,FEU,Z01,11,0.1031614775
10/06/2020,FEU,Z02,11,0.05556935408
10/06/2020,FEU,Z03,11,0.05816384942
10/06/2020,FEU,Z01,12,0.09957931348
10/06/2020,FEU,Z02,12,0.05203146608
10/06/2020,FEU,Z03,12,0.05451830842
10/06/2020,FEU,Z01,13,0.09665040952
10/06/2020,FEU,Z02,13,0.0492288031
10/06/2020,FEU,Z03,13,0.05163226544
10/06/2020,FEU,Z01,14,0.09286400154
10/06/2020,FEU,Z02,14,0.1113150074
10/06/2020,FEU,Z03,14,0.1113150074
10/06/2020,FEU,Z01,15,0.09175378544
10/06/2020,FEU,Z02,15,0.11023972128
10/06/2020,FEU,Z03,15,0.11023972128
10/06/2020,FEU,Z01,16,0.09220394126
10/06/2020,FEU,Z02,16,0.11064913712
10/06/2020,FEU,Z03,16,0.11064913712
10/06/2020,FEU,Z01,17,0.09387760526
10/06/2020,FEU,Z02,17,0.1123770921
10/06/2020,FEU,Z03,17,0.1123770921
10/06/2020,FEU,Z01,18,0.0993785372
10/06/2020,FEU,Z02,18,0.11791613304
10/06/2020,FEU,Z03,18,0.11791613304
10/06/2020,FEU,Z01,19,0.10377755916
10/06/2020,FEU,Z02,19,0.12239804098
10/06/2020,FEU,Z03,19,0.12239804098
10/06/2020,FEU,Z01,2,0.1014431411
10/06/2020,FEU,Z02,2,0.05295826402
10/06/2020,FEU,Z03,2,0.0501659776
10/06/2020,FEU,Z01,20,0.10866181022
10/06/2020,FEU,Z02,20,0.12726480706
10/06/2020,FEU,Z03,20,0.12726480706
10/06/2020,FEU,Z01,21,0.1125728972
10/06/2020,FEU,Z02,21,0.13120308504
10/06/2020,FEU,Z03,21,0.13120308504
10/06/2020,FEU,Z01,22,0.11070011108
10/06/2020,FEU,Z02,22,0.12931556492
10/06/2020,FEU,Z03,22,0.12931556492
10/06/2020,FEU,Z01,23,0.10687637386
10/06/2020,FEU,Z02,23,0.12551700068
10/06/2020,FEU,Z03,23,0.12551700068
10/06/2020,FEU,Z01,24,0.10500144856
10/06/2020,FEU,Z02,24,0.05671285336
10/06/2020,FEU,Z03,24,0.05987990946
10/06/2020,FEU,Z01,3,0.09652693004
10/06/2020,FEU,Z02,3,0.04818591698
10/06/2020,FEU,Z03,3,0.04551577156
10/06/2020,FEU,Z01,4,0.09351570102
10/06/2020,FEU,Z02,4,0.04529056096
10/06/2020,FEU,Z03,4,0.04265579356
10/06/2020,FEU,Z01,5,0.09358884002
10/06/2020,FEU,Z02,5,0.04536083296
10/06/2020,FEU,Z03,5,0.04272423556
10/06/2020,FEU,Z01,6,0.0927805861
10/06/2020,FEU,Z02,6,0.04463031202
10/06/2020,FEU,Z03,6,0.0420470976
10/06/2020,FEU,Z01,7,0.09361163246
10/06/2020,FEU,Z02,7,0.0456230523
10/06/2020,FEU,Z03,7,0.04307972584
10/06/2020,FEU,Z01,8,0.10473441374
10/06/2020,FEU,Z02,8,0.0565704775
10/06/2020,FEU,Z03,8,0.05964611264
10/06/2020,FEU,Z01,9,0.1053464873
10/06/2020,FEU,Z02,9,0.05752270694
10/06/2020,FEU,Z03,9,0.06031760822
10/07/2020,FEU,Z01,1,0.10460695412
10/07/2020,FEU,Z02,1,0.05605022302
10/07/2020,FEU,Z03,1,0.059446976
10/07/2020,FEU,Z01,10,0.10880463148
10/07/2020,FEU,Z02,10,0.06101099408
10/07/2020,FEU,Z03,10,0.0638221374
10/07/2020,FEU,Z01,11,0.10561992952
10/07/2020,FEU,Z02,11,0.0579669031
10/07/2020,FEU,Z03,11,0.06063370544
10/07/2020,FEU,Z01,12,0.10352029752
10/07/2020,FEU,Z02,12,0.0559214431
10/07/2020,FEU,Z03,12,0.05852660144
10/07/2020,FEU,Z01,13,0.09964024952
10/07/2020,FEU,Z02,13,0.0521415031
10/07/2020,FEU,Z03,13,0.05463274544
10/07/2020,FEU,Z01,14,0.09623755258
10/07/2020,FEU,Z02,14,0.11470988144
10/07/2020,FEU,Z03,14,0.11470988144
10/07/2020,FEU,Z01,15,0.09325402544
10/07/2020,FEU,Z02,15,0.1117068173
10/07/2020,FEU,Z03,15,0.1117068173
10/07/2020,FEU,Z01,16,0.09228321332
10/07/2020,FEU,Z02,16,0.11077195116
10/07/2020,FEU,Z03,16,0.11077195116
10/07/2020,FEU,Z01,17,0.09359799334
10/07/2020,FEU,Z02,17,0.11209617218
10/07/2020,FEU,Z03,17,0.11209617218
10/07/2020,FEU,Z01,18,0.09882761728
10/07/2020,FEU,Z02,18,0.11731374614
10/07/2020,FEU,Z03,18,0.11731374614
10/07/2020,FEU,Z01,19,0.10560188124
10/07/2020,FEU,Z02,19,0.12418362308
10/07/2020,FEU,Z03,19,0.12418362308
10/07/2020,FEU,Z01,2,0.10433095994
10/07/2020,FEU,Z02,2,0.0556279519
10/07/2020,FEU,Z03,2,0.0527271025
10/07/2020,FEU,Z01,20,0.11318552128
10/07/2020,FEU,Z02,20,0.13176012314
10/07/2020,FEU,Z03,20,0.13176012314
10/07/2020,FEU,Z01,21,0.11323786124
10/07/2020,FEU,Z02,21,0.13187328308
10/07/2020,FEU,Z03,21,0.13187328308
10/07/2020,FEU,Z01,22,0.11222429108
10/07/2020,FEU,Z02,22,0.1309100369
10/07/2020,FEU,Z03,22,0.1309100369
10/07/2020,FEU,Z01,23,0.11026730382
10/07/2020,FEU,Z02,23,0.12893370464
10/07/2020,FEU,Z03,23,0.12893370464
10/07/2020,FEU,Z01,24,0.10752627248
10/07/2020,FEU,Z02,24,0.05904311932
10/07/2020,FEU,Z03,24,0.06240019538
10/07/2020,FEU,Z01,3,0.1031960909
10/07/2020,FEU,Z02,3,0.05453335986
10/07/2020,FEU,Z03,3,0.05161903348
10/07/2020,FEU,Z01,4,0.10127597192
10/07/2020,FEU,Z02,4,0.05269287288
10/07/2020,FEU,Z03,4,0.0498268525
10/07/2020,FEU,Z01,5,0.09933610394
10/07/2020,FEU,Z02,5,0.0508312369
10/07/2020,FEU,Z03,5,0.0480561025
10/07/2020,FEU,Z01,6,0.09903511106
10/07/2020,FEU,Z02,6,0.050597777
10/07/2020,FEU,Z03,6,0.04786596658
10/07/2020,FEU,Z01,7,0.0993323964
10/07/2020,FEU,Z02,7,0.05113304524
10/07/2020,FEU,Z03,7,0.04846121978
10/07/2020,FEU,Z01,8,0.10897580476
10/07/2020,FEU,Z02,8,0.06067534152
10/07/2020,FEU,Z03,8,0.06390957566
10/07/2020,FEU,Z01,9,0.11142966932
10/07/2020,FEU,Z02,9,0.06343548596
10/07/2020,FEU,Z03,9,0.06642603524
10/08/2020,FEU,Z01,1,0.107043776
10/08/2020,FEU,Z02,1,0.05828536694
10/08/2020,FEU,Z03,1,0.0618239609
10/08/2020,FEU,Z01,10,0.10640191946
10/08/2020,FEU,Z02,10,0.05866988906
10/08/2020,FEU,Z03,10,0.06140709638
10/08/2020,FEU,Z01,11,0.10470036148
10/08/2020,FEU,Z02,11,0.05701607408
10/08/2020,FEU,Z03,11,0.0597032874
10/08/2020,FEU,Z01,12,0.10123678548
10/08/2020,FEU,Z02,12,0.05364477808
10/08/2020,FEU,Z03,12,0.05618019642
10/08/2020,FEU,Z01,13,0.0991306025
10/08/2020,FEU,Z02,13,0.05164129008
10/08/2020,FEU,Z03,13,0.05411751342
10/08/2020,FEU,Z01,14,0.09877364552
10/08/2020,FEU,Z02,14,0.11726132738
10/08/2020,FEU,Z03,14,0.11726132738
10/08/2020,FEU,Z01,15,0.09544050842
10/08/2020,FEU,Z02,15,0.11390672928
10/08/2020,FEU,Z03,15,0.11390672928
10/08/2020,FEU,Z01,16,0.0926027073
10/08/2020,FEU,Z02,16,0.11109354014
10/08/2020,FEU,Z03,16,0.11109354014
10/08/2020,FEU,Z01,17,0.09258258932
10/08/2020,FEU,Z02,17,0.11107343916
10/08/2020,FEU,Z03,17,0.11107343916
10/08/2020,FEU,Z01,18,0.09358504532
10/08/2020,FEU,Z02,18,0.11203912218
10/08/2020,FEU,Z03,18,0.11203912218
10/08/2020,FEU,Z01,19,0.10192727924
10/08/2020,FEU,Z02,19,0.1204321671
10/08/2020,FEU,Z03,19,0.1204321671
10/08/2020,FEU,Z01,2,0.10700308988
10/08/2020,FEU,Z02,2,0.05813972886
10/08/2020,FEU,Z03,2,0.05512877548
10/08/2020,FEU,Z01,20,0.11133171124
10/08/2020,FEU,Z02,20,0.12995373308
10/08/2020,FEU,Z03,20,0.12995373308
10/08/2020,FEU,Z01,21,0.1120747172
10/08/2020,FEU,Z02,21,0.13070255704
10/08/2020,FEU,Z03,21,0.13070255704
10/08/2020,FEU,Z01,22,0.11227552198
10/08/2020,FEU,Z02,22,0.1309612168
10/08/2020,FEU,Z03,22,0.1309612168
10/08/2020,FEU,Z01,23,0.10929499268
10/08/2020,FEU,Z02,23,0.12800792048
10/08/2020,FEU,Z03,23,0.12800792048
10/08/2020,FEU,Z01,24,0.10766934432
10/08/2020,FEU,Z02,24,0.05911550618
10/08/2020,FEU,Z03,24,0.0625634262
10/08/2020,FEU,Z01,3,0.10396793584
10/08/2020,FEU,Z02,3,0.05522415982
10/08/2020,FEU,Z03,3,0.05229344944
10/08/2020,FEU,Z01,4,0.10376015984
10/08/2020,FEU,Z02,4,0.05502365282
10/08/2020,FEU,Z03,4,0.05209830544
10/08/2020,FEU,Z01,5,0.10411505686
10/08/2020,FEU,Z02,5,0.05536601884
10/08/2020,FEU,Z03,5,0.05243044946
10/08/2020,FEU,Z01,6,0.10457178798
10/08/2020,FEU,Z02,6,0.05590944292
10/08/2020,FEU,Z03,6,0.05300023752
10/08/2020,FEU,Z01,7,0.10610253534
10/08/2020,FEU,Z02,7,0.0576075772
10/08/2020,FEU,Z03,7,0.05473568976
10/08/2020,FEU,Z01,8,0.10931224472
10/08/2020,FEU,Z02,8,0.0609444775
10/08/2020,FEU,Z03,8,0.06423978662
10/08/2020,FEU,Z01,9,0.10999108928
10/08/2020,FEU,Z02,9,0.06203411392
10/08/2020,FEU,Z03,9,0.0649747772
10/09/2020,FEU,Z01,1,0.1070357411
10/09/2020,FEU,Z02,1,0.05833673302
10/09/2020,FEU,Z03,1,0.06188410598
10/09/2020,FEU,Z01,10,0.11689428946
10/09/2020,FEU,Z02,10,0.06888295906
10/09/2020,FEU,Z03,10,0.0718756474
10/09/2020,FEU,Z01,11,0.11006237348
10/09/2020,FEU,Z02,11,0.06223413008
10/09/2020,FEU,Z03,11,0.06502929842
10/09/2020,FEU,Z01,12,0.1063947275
10/09/2020,FEU,Z02,12,0.0586666081
10/09/2020,FEU,Z03,12,0.06135562544
10/09/2020,FEU,Z01,13,0.10356873148
10/09/2020,FEU,Z02,13,0.05591459408
10/09/2020,FEU,Z03,13,0.05851835542
10/09/2020,FEU,Z01,14,0.10171685156
10/09/2020,FEU,Z02,14,0.12022321742
10/09/2020,FEU,Z03,14,0.12022321742
10/09/2020,FEU,Z01,15,0.09959057348
10/09/2020,FEU,Z02,15,0.11808301434
10/09/2020,FEU,Z03,15,0.11808301434
10/09/2020,FEU,Z01,16,0.09665822634
10/09/2020,FEU,Z02,16,0.11517801318
10/09/2020,FEU,Z03,16,0.11517801318
10/09/2020,FEU,Z01,17,0.09819910634
10/09/2020,FEU,Z02,17,0.1166818172
10/09/2020,FEU,Z03,17,0.1166818172
10/09/2020,FEU,Z01,18,0.10220335538
10/09/2020,FEU,Z02,18,0.12076273622
10/09/2020,FEU,Z03,18,0.12076273622
10/09/2020,FEU,Z01,19,0.10457958638
10/09/2020,FEU,Z02,19,0.12315577522
10/09/2020,FEU,Z03,19,0.12315577522
10/09/2020,FEU,Z01,2,0.10553498998
10/09/2020,FEU,Z02,2,0.05683495092
10/09/2020,FEU,Z03,2,0.05385564154
10/09/2020,FEU,Z01,20,0.10946104532
10/09/2020,FEU,Z02,20,0.12801312218
10/09/2020,FEU,Z03,20,0.12801312218
10/09/2020,FEU,Z01,21,0.1052119172
10/09/2020,FEU,Z02,21,0.12379044904
10/09/2020,FEU,Z03,21,0.12379044904
10/09/2020,FEU,Z01,22,0.09638366498
10/09/2020,FEU,Z02,22,0.1149439368
10/09/2020,FEU,Z03,22,0.1149439368
10/09/2020,FEU,Z01,23,0.09630651876
10/09/2020,FEU,Z02,23,0.11486389058
10/09/2020,FEU,Z03,23,0.11486389058
10/09/2020,FEU,Z01,24,0.09292864338
10/09/2020,FEU,Z02,24,0.04491728924
10/09/2020,FEU,Z03,24,0.04772163628
10/09/2020,FEU,Z01,3,0.10384254194
10/09/2020,FEU,Z02,3,0.05520486088
10/09/2020,FEU,Z03,3,0.0522703525
10/09/2020,FEU,Z01,4,0.10331682796
10/09/2020,FEU,Z02,4,0.05465619892
10/09/2020,FEU,Z03,4,0.05177957352
10/09/2020,FEU,Z01,5,0.10293819796
10/09/2020,FEU,Z02,5,0.05429268892
10/09/2020,FEU,Z03,5,0.05142551352
10/09/2020,FEU,Z01,6,0.10266920306
10/09/2020,FEU,Z02,6,0.05413428498
10/09/2020,FEU,Z03,6,0.05126820158
10/09/2020,FEU,Z01,7,0.10641684438
10/09/2020,FEU,Z02,7,0.05796333222
10/09/2020,FEU,Z03,7,0.05508277978
10/09/2020,FEU,Z01,8,0.11489538566
10/09/2020,FEU,Z02,8,0.06633500944
10/09/2020,FEU,Z03,8,0.06983533656
10/09/2020,FEU,Z01,9,0.12007724124
10/09/2020,FEU,Z02,9,0.07183214788
10/09/2020,FEU,Z03,9,0.07508877916
10/10/2020,FEU,Z01,1,0.09849394902
10/10/2020,FEU,Z02,1,0.05007366496
10/10/2020,FEU,Z03,1,0.0532841259
10/10/2020,FEU,Z01,10,0.09819515982
10/10/2020,FEU,Z02,10,0.05025431158
10/10/2020,FEU,Z03,10,0.05305079674
10/10/2020,FEU,Z01,11,0.09510780896
10/10/2020,FEU,Z02,11,0.04736610568
10/10/2020,FEU,Z03,11,0.04997904088
10/10/2020,FEU,Z01,12,0.09006526306
10/10/2020,FEU,Z02,12,0.04256679274
10/10/2020,FEU,Z03,12,0.04493766798
10/10/2020,FEU,Z01,13,0.09141748202
10/10/2020,FEU,Z02,13,0.04383513172
10/10/2020,FEU,Z03,13,0.04628712094
10/10/2020,FEU,Z01,14,0.08783523916
10/10/2020,FEU,Z02,14,0.106292727
10/10/2020,FEU,Z03,14,0.106292727
10/10/2020,FEU,Z01,15,0.08707468104
10/10/2020,FEU,Z02,15,0.10552612888
10/10/2020,FEU,Z03,15,0.10552612888
10/10/2020,FEU,Z01,16,0.08697951284
10/10/2020,FEU,Z02,16,0.10546638866
10/10/2020,FEU,Z03,16,0.10546638866
10/10/2020,FEU,Z01,17,0.0859072769
10/10/2020,FEU,Z02,17,0.10438506872
10/10/2020,FEU,Z03,17,0.10438506872
10/10/2020,FEU,Z01,18,0.085317727
10/10/2020,FEU,Z02,18,0.10375556084
10/10/2020,FEU,Z03,18,0.10375556084
10/10/2020,FEU,Z01,19,0.09029252504
10/10/2020,FEU,Z02,19,0.10880568486
10/10/2020,FEU,Z03,19,0.10880568486
10/10/2020,FEU,Z01,2,0.0940453209
10/10/2020,FEU,Z02,2,0.04570947688
10/10/2020,FEU,Z03,2,0.04306818948
10/10/2020,FEU,Z01,20,0.10014298802
10/10/2020,FEU,Z02,20,0.11868415086
10/10/2020,FEU,Z03,20,0.11868415086
10/10/2020,FEU,Z01,21,0.10286192096
10/10/2020,FEU,Z02,21,0.12147259178
10/10/2020,FEU,Z03,21,0.12147259178
10/10/2020,FEU,Z01,22,0.0968881768
10/10/2020,FEU,Z02,22,0.1154961866
10/10/2020,FEU,Z03,22,0.1154961866
10/10/2020,FEU,Z01,23,0.09480599862
10/10/2020,FEU,Z02,23,0.11339397542
10/10/2020,FEU,Z03,23,0.11339397542
10/10/2020,FEU,Z01,24,0.09351762416
10/10/2020,FEU,Z02,24,0.04538346906
10/10/2020,FEU,Z03,24,0.04827161006
10/10/2020,FEU,Z01,3,0.09348624188
10/10/2020,FEU,Z02,3,0.04517207286
10/10/2020,FEU,Z03,3,0.04250744148
10/10/2020,FEU,Z01,4,0.09089237186
10/10/2020,FEU,Z02,4,0.04268128684
10/10/2020,FEU,Z03,4,0.04008529146
10/10/2020,FEU,Z01,5,0.08988869584
10/10/2020,FEU,Z02,5,0.04171601482
10/10/2020,FEU,Z03,5,0.03914660944
10/10/2020,FEU,Z01,6,0.08914101486
10/10/2020,FEU,Z02,6,0.04099987084
10/10/2020,FEU,Z03,6,0.03844888746
10/10/2020,FEU,Z01,7,0.08938248194
10/10/2020,FEU,Z02,7,0.0412747669
10/10/2020,FEU,Z03,7,0.0387478525
10/10/2020,FEU,Z01,8,0.0925989461
10/10/2020,FEU,Z02,8,0.04445451502
10/10/2020,FEU,Z03,8,0.04737482498
10/10/2020,FEU,Z01,9,0.09761316056
10/10/2020,FEU,Z02,9,0.04957672536
10/10/2020,FEU,Z03,9,0.05246010146
10/11/2020,FEU,Z01,1,0.09431935372
10/11/2020,FEU,Z02,1,0.04591619272
10/11/2020,FEU,Z03,1,0.0490315756
10/11/2020,FEU,Z01,10,0.08775456064
10/11/2020,FEU,Z02,10,0.04009744342
10/11/2020,FEU,Z03,10,0.04257446954
10/11/2020,FEU,Z01,11,0.08677536774
10/11/2020,FEU,Z02,11,0.0391982275
10/11/2020,FEU,Z03,11,0.04160985664
10/11/2020,FEU,Z01,12,0.08461631582
10/11/2020,FEU,Z02,12,0.03715181356
10/11/2020,FEU,Z03,12,0.03945651272
10/11/2020,FEU,Z01,13,0.08500490676
10/11/2020,FEU,Z02,13,0.03748834552
10/11/2020,FEU,Z03,13,0.03983553266
10/11/2020,FEU,Z01,14,0.08462921696
10/11/2020,FEU,Z02,14,0.10309744478
10/11/2020,FEU,Z03,14,0.10309744478
10/11/2020,FEU,Z01,15,0.08464085292
10/11/2020,FEU,Z02,15,0.10310890774
10/11/2020,FEU,Z03,15,0.10310890774
10/11/2020,FEU,Z01,16,0.08277348474
10/11/2020,FEU,Z02,16,0.10125938354
10/11/2020,FEU,Z03,16,0.10125938354
10/11/2020,FEU,Z01,17,0.08012633668
10/11/2020,FEU,Z02,17,0.0985591765
10/11/2020,FEU,Z03,17,0.0985591765
10/11/2020,FEU,Z01,18,0.08085710072
10/11/2020,FEU,Z02,18,0.09929460854
10/11/2020,FEU,Z03,18,0.09929460854
10/11/2020,FEU,Z01,19,0.08415578078
10/11/2020,FEU,Z02,19,0.10265504458
10/11/2020,FEU,Z03,19,0.10265504458
10/11/2020,FEU,Z01,2,0.09091755956
10/11/2020,FEU,Z02,2,0.04253144862
10/11/2020,FEU,Z03,2,0.03987917728
10/11/2020,FEU,Z01,20,0.08943282274
10/11/2020,FEU,Z02,20,0.10793679656
10/11/2020,FEU,Z03,20,0.10793679656
10/11/2020,FEU,Z01,21,0.10596168278
10/11/2020,FEU,Z02,21,0.1245941066
10/11/2020,FEU,Z03,21,0.1245941066
10/11/2020,FEU,Z01,22,0.10179020186
10/11/2020,FEU,Z02,22,0.1203411967
10/11/2020,FEU,Z03,22,0.1203411967
10/11/2020,FEU,Z01,23,0.09750091882
10/11/2020,FEU,Z02,23,0.11606818464
10/11/2020,FEU,Z03,23,0.11606818464
10/11/2020,FEU,Z01,24,0.09264047938
10/11/2020,FEU,Z02,24,0.04463961724
10/11/2020,FEU,Z03,24,0.04743225228
10/11/2020,FEU,Z01,3,0.0902731755
10/11/2020,FEU,Z02,3,0.04190944456
10/11/2020,FEU,Z03,3,0.03924340524
10/11/2020,FEU,Z01,4,0.08796826862
10/11/2020,FEU,Z02,4,0.03974919766
10/11/2020,FEU,Z03,4,0.03717397732
10/11/2020,FEU,Z01,5,0.08796123152
10/11/2020,FEU,Z02,5,0.03969985758
10/11/2020,FEU,Z03,5,0.03709715326
10/11/2020,FEU,Z01,6,0.08846160758
10/11/2020,FEU,Z02,6,0.04021799762
10/11/2020,FEU,Z03,6,0.03762989728
10/11/2020,FEU,Z01,7,0.08903285266
10/11/2020,FEU,Z02,7,0.04080607868
10/11/2020,FEU,Z03,7,0.03820019934
10/11/2020,FEU,Z01,8,0.08881022172
10/11/2020,FEU,Z02,8,0.04060095474
10/11/2020,FEU,Z03,8,0.0434952156
10/11/2020,FEU,Z01,9,0.08795878828
10/11/2020,FEU,Z02,9,0.04008141316
10/11/2020,FEU,Z03,9,0.04271197118
10/12/2020,FEU,Z01,1,0.09371353632
10/12/2020,FEU,Z02,1,0.0456284572
10/12/2020,FEU,Z03,1,0.04849971722
10/12/2020,FEU,Z01,10,0.10503591762
10/12/2020,FEU,Z02,10,0.05675245142
10/12/2020,FEU,Z03,10,0.05992598452
10/12/2020,FEU,Z01,11,0.10180597974
10/12/2020,FEU,Z02,11,0.05369192952
10/12/2020,FEU,Z03,11,0.05670508864
10/12/2020,FEU,Z01,12,0.09752541884
10/12/2020,FEU,Z02,12,0.04965121358
10/12/2020,FEU,Z03,12,0.05242510274
10/12/2020,FEU,Z01,13,0.1011975768
10/12/2020,FEU,Z02,13,0.05315602156
10/12/2020,FEU,Z03,13,0.05605980872
10/12/2020,FEU,Z01,14,0.10289049688
10/12/2020,FEU,Z02,14,0.1215003717
10/12/2020,FEU,Z03,14,0.1215003717
10/12/2020,FEU,Z01,15,0.10353699082
10/12/2020,FEU,Z02,15,0.12215112864
10/12/2020,FEU,Z03,15,0.12215112864
10/12/2020,FEU,Z01,16,0.10171245062
10/12/2020,FEU,Z02,16,0.12031001844
10/12/2020,FEU,Z03,16,0.12031001844
10/12/2020,FEU,Z01,17,0.09883914458
10/12/2020,FEU,Z02,17,0.1174141564
10/12/2020,FEU,Z03,17,0.1174141564
10/12/2020,FEU,Z01,18,0.09925638162
10/12/2020,FEU,Z02,18,0.11788242842
10/12/2020,FEU,Z03,18,0.11788242842
10/12/2020,FEU,Z01,19,0.10312071578
10/12/2020,FEU,Z02,19,0.1217322866
10/12/2020,FEU,Z03,19,0.1217322866
10/12/2020,FEU,Z01,2,0.09156574118
10/12/2020,FEU,Z02,2,0.04350650308
10/12/2020,FEU,Z03,2,0.04095053366
10/12/2020,FEU,Z01,20,0.1088408168
10/12/2020,FEU,Z02,20,0.12749584962
10/12/2020,FEU,Z03,20,0.12749584962
10/12/2020,FEU,Z01,21,0.11598944762
10/12/2020,FEU,Z02,21,0.13475981342
10/12/2020,FEU,Z03,21,0.13475981342
10/12/2020,FEU,Z01,22,0.1102511515
10/12/2020,FEU,Z02,22,0.1289704013
10/12/2020,FEU,Z03,22,0.1289704013
10/12/2020,FEU,Z01,23,0.10722615236
10/12/2020,FEU,Z02,23,0.12591628816
10/12/2020,FEU,Z03,23,0.12591628816
10/12/2020,FEU,Z01,24,0.10280315502
10/12/2020,FEU,Z02,24,0.05421395296
10/12/2020,FEU,Z03,24,0.0576148959
10/12/2020,FEU,Z01,3,0.09249260114
10/12/2020,FEU,Z02,3,0.04435805106
10/12/2020,FEU,Z03,3,0.04181787862
10/12/2020,FEU,Z01,4,0.09196052314
10/12/2020,FEU,Z02,4,0.04384534206
10/12/2020,FEU,Z03,4,0.04128155364
10/12/2020,FEU,Z01,5,0.09173486318
10/12/2020,FEU,Z02,5,0.04367038108
10/12/2020,FEU,Z03,5,0.04110914766
10/12/2020,FEU,Z01,6,0.09273768518
10/12/2020,FEU,Z02,6,0.04463531308
10/12/2020,FEU,Z03,6,0.04205077866
10/12/2020,FEU,Z01,7,0.0983153813
10/12/2020,FEU,Z02,7,0.05009903716
10/12/2020,FEU,Z03,7,0.04741330172
10/12/2020,FEU,Z01,8,0.10123729114
10/12/2020,FEU,Z02,8,0.05280963304
10/12/2020,FEU,Z03,8,0.05606421802
10/12/2020,FEU,Z01,9,0.10372088546
10/12/2020,FEU,Z02,9,0.0553715673
10/12/2020,FEU,Z03,9,0.05857481636
10/13/2020,FEU,Z01,1,0.10178265122
10/13/2020,FEU,Z02,1,0.05334148112
10/13/2020,FEU,Z03,1,0.05658270812
10/13/2020,FEU,Z01,10,0.10981222146
10/13/2020,FEU,Z02,10,0.06198831406
10/13/2020,FEU,Z03,10,0.0647747274
10/13/2020,FEU,Z01,11,0.1056634775
10/13/2020,FEU,Z02,11,0.05800685808
10/13/2020,FEU,Z03,11,0.06067361642
10/13/2020,FEU,Z01,12,0.09792184148
10/13/2020,FEU,Z02,12,0.05041815408
10/13/2020,FEU,Z03,12,0.05285642042
10/13/2020,FEU,Z01,13,0.10013143752
10/13/2020,FEU,Z02,13,0.0526189231
10/13/2020,FEU,Z03,13,0.05512568144
10/13/2020,FEU,Z01,14,0.09973900754
10/13/2020,FEU,Z02,14,0.1182328674
10/13/2020,FEU,Z03,14,0.1182328674
10/13/2020,FEU,Z01,15,0.09489075344
10/13/2020,FEU,Z02,15,0.11340007328
10/13/2020,FEU,Z03,15,0.11340007328
10/13/2020,FEU,Z01,16,0.09145352126
10/13/2020,FEU,Z02,16,0.10989409712
10/13/2020,FEU,Z03,16,0.10989409712
10/13/2020,FEU,Z01,17,0.09151037126
10/13/2020,FEU,Z02,17,0.1099943471
10/13/2020,FEU,Z03,17,0.1099943471
10/13/2020,FEU,Z01,18,0.0916709972
10/13/2020,FEU,Z02,18,0.11015450504
10/13/2020,FEU,Z03,18,0.11015450504
10/13/2020,FEU,Z01,19,0.09837475716
10/13/2020,FEU,Z02,19,0.11695265998
10/13/2020,FEU,Z03,19,0.11695265998
10/13/2020,FEU,Z01,2,0.0957286511
10/13/2020,FEU,Z02,2,0.04746489502
10/13/2020,FEU,Z03,2,0.0448101376
10/13/2020,FEU,Z01,20,0.10588720622
10/13/2020,FEU,Z02,20,0.12447071506
10/13/2020,FEU,Z03,20,0.12447071506
10/13/2020,FEU,Z01,21,0.1110566972
10/13/2020,FEU,Z02,21,0.12967624504
10/13/2020,FEU,Z03,21,0.12967624504
10/13/2020,FEU,Z01,22,0.10578950108
10/13/2020,FEU,Z02,22,0.12437182892
10/13/2020,FEU,Z03,22,0.12437182892
10/13/2020,FEU,Z01,23,0.10297612686
10/13/2020,FEU,Z02,23,0.12158641468
10/13/2020,FEU,Z03,23,0.12158641468
10/13/2020,FEU,Z01,24,0.10043299256
10/13/2020,FEU,Z02,24,0.05230031736
10/13/2020,FEU,Z03,24,0.05529196346
10/13/2020,FEU,Z01,3,0.09613758004
10/13/2020,FEU,Z02,3,0.04781184198
10/13/2020,FEU,Z03,3,0.04515112156
10/13/2020,FEU,Z01,4,0.09494011302
10/13/2020,FEU,Z02,4,0.04665913696
10/13/2020,FEU,Z03,4,0.04398872956
10/13/2020,FEU,Z01,5,0.09627939602
10/13/2020,FEU,Z02,5,0.04794476896
10/13/2020,FEU,Z03,5,0.04524200356
10/13/2020,FEU,Z01,6,0.0994415161
10/13/2020,FEU,Z02,6,0.05103368902
10/13/2020,FEU,Z03,6,0.0482899776
10/13/2020,FEU,Z01,7,0.10992249846
10/13/2020,FEU,Z02,7,0.0613518823
10/13/2020,FEU,Z03,7,0.05843438984
10/13/2020,FEU,Z01,8,0.11367206874
10/13/2020,FEU,Z02,8,0.0652161025
10/13/2020,FEU,Z03,8,0.06862219264
10/13/2020,FEU,Z01,9,0.1115923923
10/13/2020,FEU,Z02,9,0.06359251594
10/13/2020,FEU,Z03,9,0.06658552522
10/14/2020,FEU,Z01,1,0.09720057212
10/14/2020,FEU,Z02,1,0.04892297602
10/14/2020,FEU,Z03,1,0.052003376
10/14/2020,FEU,Z01,10,0.10805021148
10/14/2020,FEU,Z02,10,0.06027667408
10/14/2020,FEU,Z03,10,0.0630650374
10/14/2020,FEU,Z01,11,0.10350905752
10/14/2020,FEU,Z02,11,0.0559104931
10/14/2020,FEU,Z03,11,0.05851532144
10/14/2020,FEU,Z01,12,0.09485875352
10/14/2020,FEU,Z02,12,0.0474833731
10/14/2020,FEU,Z03,12,0.04983423344
10/14/2020,FEU,Z01,13,0.09077413752
10/14/2020,FEU,Z02,13,0.0435041431
10/14/2020,FEU,Z03,13,0.04573508144
10/14/2020,FEU,Z01,14,0.09277702558
10/14/2020,FEU,Z02,14,0.11122774544
10/14/2020,FEU,Z03,14,0.11122774544
10/14/2020,FEU,Z01,15,0.08582163344
10/14/2020,FEU,Z02,15,0.1042283023
10/14/2020,FEU,Z03,15,0.1042283023
10/14/2020,FEU,Z01,16,0.08566405532
10/14/2020,FEU,Z02,16,0.10410609716
10/14/2020,FEU,Z03,16,0.10410609716
10/14/2020,FEU,Z01,17,0.08570778134
10/14/2020,FEU,Z02,17,0.10415024818
10/14/2020,FEU,Z03,17,0.10415024818
10/14/2020,FEU,Z01,18,0.08532171328
10/14/2020,FEU,Z02,18,0.10372461914
10/14/2020,FEU,Z03,18,0.10372461914
10/14/2020,FEU,Z01,19,0.08732446324
10/14/2020,FEU,Z02,19,0.10577771708
10/14/2020,FEU,Z03,19,0.10577771708
10/14/2020,FEU,Z01,2,0.09332711894
10/14/2020,FEU,Z02,2,0.0450620119
10/14/2020,FEU,Z03,2,0.0424367275
10/14/2020,FEU,Z01,20,0.09947286528
10/14/2020,FEU,Z02,20,0.11796297014
10/14/2020,FEU,Z03,20,0.11796297014
10/14/2020,FEU,Z01,21,0.10805085724
10/14/2020,FEU,Z02,21,0.12664981508
10/14/2020,FEU,Z03,21,0.12664981508
10/14/2020,FEU,Z01,22,0.10127540708
10/14/2020,FEU,Z02,22,0.1198751669
10/14/2020,FEU,Z03,22,0.1198751669
10/14/2020,FEU,Z01,23,0.09772460582
10/14/2020,FEU,Z02,23,0.11629360864
10/14/2020,FEU,Z03,23,0.11629360864
10/14/2020,FEU,Z01,24,0.10113824048
10/14/2020,FEU,Z02,24,0.05288323132
10/14/2020,FEU,Z03,24,0.05598618438
10/14/2020,FEU,Z01,3,0.0963203609
10/14/2020,FEU,Z02,3,0.04793267486
10/14/2020,FEU,Z03,3,0.04519407748
10/14/2020,FEU,Z01,4,0.09325733192
10/14/2020,FEU,Z02,4,0.04499391288
10/14/2020,FEU,Z03,4,0.0423343525
10/14/2020,FEU,Z01,5,0.09261855194
10/14/2020,FEU,Z02,5,0.0443828719
10/14/2020,FEU,Z03,5,0.0417741025
10/14/2020,FEU,Z01,6,0.09487912706
10/14/2020,FEU,Z02,6,0.046604977
10/14/2020,FEU,Z03,6,0.04397385458
10/14/2020,FEU,Z01,7,0.0998834564
10/14/2020,FEU,Z02,7,0.05166449124
10/14/2020,FEU,Z03,7,0.04898005678
10/14/2020,FEU,Z01,8,0.10954286076
10/14/2020,FEU,Z02,8,0.06122272952
10/14/2020,FEU,Z03,8,0.06447907166
10/14/2020,FEU,Z01,9,0.11217697532
10/14/2020,FEU,Z02,9,0.06416280596
10/14/2020,FEU,Z03,9,0.06717711524
10/15/2020,FEU,Z01,1,0.099075776
10/15/2020,FEU,Z02,1,0.05063059994
10/15/2020,FEU,Z03,1,0.0538227609
10/15/2020,FEU,Z01,10,0.10754582446
10/15/2020,FEU,Z02,10,0.05978334406
10/15/2020,FEU,Z03,10,0.06255506138
10/15/2020,FEU,Z01,11,0.10130547148
10/15/2020,FEU,Z02,11,0.05371163408
10/15/2020,FEU,Z03,11,0.0562963374
10/15/2020,FEU,Z01,12,0.09933947548
10/15/2020,FEU,Z02,12,0.05179801808
10/15/2020,FEU,Z03,12,0.05427783142
10/15/2020,FEU,Z01,13,0.0984331025
10/15/2020,FEU,Z02,13,0.05096286608
10/15/2020,FEU,Z03,13,0.05341753342
10/15/2020,FEU,Z01,14,0.09997182952
10/15/2020,FEU,Z02,14,0.11846697338
10/15/2020,FEU,Z03,14,0.11846697338
10/15/2020,FEU,Z01,15,0.09577356342
10/15/2020,FEU,Z02,15,0.11424184928
10/15/2020,FEU,Z03,15,0.11424184928
10/15/2020,FEU,Z01,16,0.0920613123
10/15/2020,FEU,Z02,16,0.11054832914
10/15/2020,FEU,Z03,16,0.11054832914
10/15/2020,FEU,Z01,17,0.09434482532
10/15/2020,FEU,Z02,17,0.11284810716
10/15/2020,FEU,Z03,17,0.11284810716
10/15/2020,FEU,Z01,18,0.09562170932
10/15/2020,FEU,Z02,18,0.11408949918
10/15/2020,FEU,Z03,18,0.11408949918
10/15/2020,FEU,Z01,19,0.10167350524
10/15/2020,FEU,Z02,19,0.1201768321
10/15/2020,FEU,Z03,19,0.1201768321
10/15/2020,FEU,Z01,2,0.09533503988
10/15/2020,FEU,Z02,2,0.04694575386
10/15/2020,FEU,Z03,2,0.04423359948
10/15/2020,FEU,Z01,20,0.10525479124
10/15/2020,FEU,Z02,20,0.12383409308
10/15/2020,FEU,Z03,20,0.12383409308
10/15/2020,FEU,Z01,21,0.1102119572
10/15/2020,FEU,Z02,21,0.12882557704
10/15/2020,FEU,Z03,21,0.12882557704
10/15/2020,FEU,Z01,22,0.10605897098
10/15/2020,FEU,Z02,22,0.1246960568
10/15/2020,FEU,Z03,22,0.1246960568
10/15/2020,FEU,Z01,23,0.10176613068
10/15/2020,FEU,Z02,23,0.12041448848
10/15/2020,FEU,Z03,23,0.12041448848
10/15/2020,FEU,Z01,24,0.10043392032
10/15/2020,FEU,Z02,24,0.05214171418
10/15/2020,FEU,Z03,24,0.0552913362
10/15/2020,FEU,Z01,3,0.09369147984
10/15/2020,FEU,Z02,3,0.04536338782
10/15/2020,FEU,Z03,3,0.04269642544
10/15/2020,FEU,Z01,4,0.09186377584
10/15/2020,FEU,Z02,4,0.04361097982
10/15/2020,FEU,Z03,4,0.04098976144
10/15/2020,FEU,Z01,5,0.09210661386
10/15/2020,FEU,Z02,5,0.04384507684
10/15/2020,FEU,Z03,5,0.04121792646
10/15/2020,FEU,Z01,6,0.09446417198
10/15/2020,FEU,Z02,6,0.04619737892
10/15/2020,FEU,Z03,6,0.04354065352
10/15/2020,FEU,Z01,7,0.10234296134
10/15/2020,FEU,Z02,7,0.0539846572
10/15/2020,FEU,Z03,7,0.05120286576
10/15/2020,FEU,Z01,8,0.10858008872
10/15/2020,FEU,Z02,8,0.0602368525
10/15/2020,FEU,Z03,8,0.06350448562
10/15/2020,FEU,Z01,9,0.11128272128
10/15/2020,FEU,Z02,9,0.06328936192
10/15/2020,FEU,Z03,9,0.0662709572
10/16/2020,FEU,Z01,1,0.0992347811
10/16/2020,FEU,Z02,1,0.05083606102
10/16/2020,FEU,Z03,1,0.05404397798
10/16/2020,FEU,Z01,10,0.10747820446
10/16/2020,FEU,Z02,10,0.05971642706
10/16/2020,FEU,Z03,10,0.0624344974
10/16/2020,FEU,Z01,11,0.10350004548
10/16/2020,FEU,Z02,11,0.05584773808
10/16/2020,FEU,Z03,11,0.05844948642
10/16/2020,FEU,Z01,12,0.1027171025
10/16/2020,FEU,Z02,12,0.0550870531
10/16/2020,FEU,Z03,12,0.05766819344
10/16/2020,FEU,Z01,13,0.10363741748
10/16/2020,FEU,Z02,13,0.05598145008
10/16/2020,FEU,Z03,13,0.05858722442
10/16/2020,FEU,Z01,14,0.10331233556
10/16/2020,FEU,Z02,14,0.12182865542
10/16/2020,FEU,Z03,14,0.12182865542
10/16/2020,FEU,Z01,15,0.10290551748
10/16/2020,FEU,Z02,15,0.12141969934
10/16/2020,FEU,Z03,15,0.12141969934
10/16/2020,FEU,Z01,16,0.10154712134
10/16/2020,FEU,Z02,16,0.12010142818
10/16/2020,FEU,Z03,16,0.12010142818
10/16/2020,FEU,Z01,17,0.10311066134
10/16/2020,FEU,Z02,17,0.1216237172
10/16/2020,FEU,Z03,17,0.1216237172
10/16/2020,FEU,Z01,18,0.10407402938
10/16/2020,FEU,Z02,18,0.12264778122
10/16/2020,FEU,Z03,18,0.12264778122
10/16/2020,FEU,Z01,19,0.10529211638
10/16/2020,FEU,Z02,19,0.12387334522
10/16/2020,FEU,Z03,19,0.12387334522
10/16/2020,FEU,Z01,2,0.09692742298
10/16/2020,FEU,Z02,2,0.04856307892
10/16/2020,FEU,Z03,2,0.04580597754
10/16/2020,FEU,Z01,20,0.11273036732
10/16/2020,FEU,Z02,20,0.13130262518
10/16/2020,FEU,Z03,20,0.13130262518
10/16/2020,FEU,Z01,21,0.1143319172
10/16/2020,FEU,Z02,21,0.13297444904
10/16/2020,FEU,Z03,21,0.13297444904
10/16/2020,FEU,Z01,22,0.11045348898
10/16/2020,FEU,Z02,22,0.1291237768
10/16/2020,FEU,Z03,22,0.1291237768
10/16/2020,FEU,Z01,23,0.10581516476
10/16/2020,FEU,Z02,23,0.12444618358
10/16/2020,FEU,Z03,23,0.12444618358
10/16/2020,FEU,Z01,24,0.10541063238
10/16/2020,FEU,Z02,24,0.05694367324
10/16/2020,FEU,Z03,24,0.06025647028
10/16/2020,FEU,Z01,3,0.09561041294
10/16/2020,FEU,Z02,3,0.04729435288
10/16/2020,FEU,Z03,3,0.0445719775
10/16/2020,FEU,Z01,4,0.09466483196
10/16/2020,FEU,Z02,4,0.04634970692
10/16/2020,FEU,Z03,4,0.04368902152
10/16/2020,FEU,Z01,5,0.09593414396
10/16/2020,FEU,Z02,5,0.04756833092
10/16/2020,FEU,Z03,5,0.04487596552
10/16/2020,FEU,Z01,6,0.09795422006
10/16/2020,FEU,Z02,6,0.04960049598
10/16/2020,FEU,Z03,6,0.04685258258
10/16/2020,FEU,Z01,7,0.10490634538
10/16/2020,FEU,Z02,7,0.05650655122
10/16/2020,FEU,Z03,7,0.05366181078
10/16/2020,FEU,Z01,8,0.10848622166
10/16/2020,FEU,Z02,8,0.06013890544
10/16/2020,FEU,Z03,8,0.06339871256
10/16/2020,FEU,Z01,9,0.11015388124
10/16/2020,FEU,Z02,9,0.06218672188
10/16/2020,FEU,Z03,9,0.06513053916
10/17/2020,FEU,Z01,1,0.10878017002
10/17/2020,FEU,Z02,1,0.05995667296
10/17/2020,FEU,Z03,1,0.0636218209
10/17/2020,FEU,Z01,10,0.10793771382
10/17/2020,FEU,Z02,10,0.05967743758
10/17/2020,FEU,Z03,10,0.06282697474
10/17/2020,FEU,Z01,11,0.10613705696
10/17/2020,FEU,Z02,11,0.05804957368
10/17/2020,FEU,Z03,11,0.06104658488
10/17/2020,FEU,Z01,12,0.10336358106
10/17/2020,FEU,Z02,12,0.05547091474
10/17/2020,FEU,Z03,12,0.05828236198
10/17/2020,FEU,Z01,13,0.10184580602
10/17/2020,FEU,Z02,13,0.05394690972
10/17/2020,FEU,Z03,13,0.05675174894
10/17/2020,FEU,Z01,14,0.09800360716
10/17/2020,FEU,Z02,14,0.116531177
10/17/2020,FEU,Z03,14,0.116531177
10/17/2020,FEU,Z01,15,0.09544360104
10/17/2020,FEU,Z02,15,0.11395221288
10/17/2020,FEU,Z03,15,0.11395221288
10/17/2020,FEU,Z01,16,0.09610339484
10/17/2020,FEU,Z02,16,0.11466001466
10/17/2020,FEU,Z03,16,0.11466001466
10/17/2020,FEU,Z01,17,0.0973983719
10/17/2020,FEU,Z02,17,0.11596570472
10/17/2020,FEU,Z03,17,0.11596570472
10/17/2020,FEU,Z01,18,0.103869527
10/17/2020,FEU,Z02,18,0.12243641684
10/17/2020,FEU,Z03,18,0.12243641684
10/17/2020,FEU,Z01,19,0.10700510904
10/17/2020,FEU,Z02,19,0.12564929086
10/17/2020,FEU,Z03,19,0.12564929086
10/17/2020,FEU,Z01,2,0.1046264259
10/17/2020,FEU,Z02,2,0.05586146888
10/17/2020,FEU,Z03,2,0.05295672148
10/17/2020,FEU,Z01,20,0.11088613802
10/17/2020,FEU,Z02,20,0.12950210086
10/17/2020,FEU,Z03,20,0.12950210086
10/17/2020,FEU,Z01,21,0.10832355296
10/17/2020,FEU,Z02,21,0.12697689278
10/17/2020,FEU,Z03,21,0.12697689278
10/17/2020,FEU,Z01,22,0.1068386568
10/17/2020,FEU,Z02,22,0.1255324466
10/17/2020,FEU,Z03,22,0.1255324466
10/17/2020,FEU,Z01,23,0.10307784262
10/17/2020,FEU,Z02,23,0.12173657942
10/17/2020,FEU,Z03,23,0.12173657942
10/17/2020,FEU,Z01,24,0.10417887216
10/17/2020,FEU,Z02,24,0.05564223706
10/17/2020,FEU,Z03,24,0.05897757806
10/17/2020,FEU,Z01,3,0.10417501988
10/17/2020,FEU,Z02,3,0.05542656386
10/17/2020,FEU,Z03,3,0.05248717948
10/17/2020,FEU,Z01,4,0.10437214786
10/17/2020,FEU,Z02,4,0.05561383084
10/17/2020,FEU,Z03,4,0.05267050046
10/17/2020,FEU,Z01,5,0.10195661584
10/17/2020,FEU,Z02,5,0.05329442482
10/17/2020,FEU,Z03,5,0.05041532944
10/17/2020,FEU,Z01,6,0.10035283786
10/17/2020,FEU,Z02,6,0.05175769084
10/17/2020,FEU,Z03,6,0.04891759046
10/17/2020,FEU,Z01,7,0.10053308894
10/17/2020,FEU,Z02,7,0.0519804619
10/17/2020,FEU,Z03,7,0.0491754775
10/17/2020,FEU,Z01,8,0.1066963611
10/17/2020,FEU,Z02,8,0.05800926802
10/17/2020,FEU,Z03,8,0.06154302198
10/17/2020,FEU,Z01,9,0.10873778456
10/17/2020,FEU,Z02,9,0.06032166936
10/17/2020,FEU,Z03,9,0.06363218546
10/18/2020,FEU,Z01,1,0.10658318172
10/18/2020,FEU,Z02,1,0.05767492072
10/18/2020,FEU,Z03,1,0.0613560156
10/18/2020,FEU,Z01,10,0.10282526464
10/18/2020,FEU,Z02,10,0.05466605942
10/18/2020,FEU,Z03,10,0.05770968854
10/18/2020,FEU,Z01,11,0.10100350974
10/18/2020,FEU,Z02,11,0.0529614775
10/18/2020,FEU,Z03,11,0.05589916864
10/18/2020,FEU,Z01,12,0.09932518482
10/18/2020,FEU,Z02,12,0.05138999356
10/18/2020,FEU,Z03,12,0.05422883672
10/18/2020,FEU,Z01,13,0.10069539276
10/18/2020,FEU,Z02,13,0.05266459352
10/18/2020,FEU,Z03,13,0.05559353366
10/18/2020,FEU,Z01,14,0.09619529696
10/18/2020,FEU,Z02,14,0.11475388478
10/18/2020,FEU,Z03,14,0.11475388478
10/18/2020,FEU,Z01,15,0.09272462292
10/18/2020,FEU,Z02,15,0.11125572274
10/18/2020,FEU,Z03,15,0.11125572274
10/18/2020,FEU,Z01,16,0.09192396874
10/18/2020,FEU,Z02,16,0.11048854754
10/18/2020,FEU,Z03,16,0.11048854754
10/18/2020,FEU,Z01,17,0.09352717468
10/18/2020,FEU,Z02,17,0.1120622765
10/18/2020,FEU,Z03,17,0.1120622765
10/18/2020,FEU,Z01,18,0.09990596072
10/18/2020,FEU,Z02,18,0.11849075354
10/18/2020,FEU,Z03,18,0.11849075354
10/18/2020,FEU,Z01,19,0.10714009778
10/18/2020,FEU,Z02,19,0.12583733158
10/18/2020,FEU,Z03,19,0.12583733158
10/18/2020,FEU,Z01,2,0.10520884956
10/18/2020,FEU,Z02,2,0.05620407262
10/18/2020,FEU,Z03,2,0.05316469728
10/18/2020,FEU,Z01,20,0.11080294774
10/18/2020,FEU,Z02,20,0.12947229656
10/18/2020,FEU,Z03,20,0.12947229656
10/18/2020,FEU,Z01,21,0.11014592678
10/18/2020,FEU,Z02,21,0.1288107866
10/18/2020,FEU,Z03,21,0.1288107866
10/18/2020,FEU,Z01,22,0.10538384386
10/18/2020,FEU,Z02,22,0.1239608517
10/18/2020,FEU,Z03,22,0.1239608517
10/18/2020,FEU,Z01,23,0.10304325682
10/18/2020,FEU,Z02,23,0.12165356064
10/18/2020,FEU,Z03,23,0.12165356064
10/18/2020,FEU,Z01,24,0.10097361538
10/18/2020,FEU,Z02,24,0.05266934524
10/18/2020,FEU,Z03,24,0.05580066828
10/18/2020,FEU,Z01,3,0.1053590505
10/18/2020,FEU,Z02,3,0.05634262456
10/18/2020,FEU,Z03,3,0.05325673724
10/18/2020,FEU,Z01,4,0.10518298662
10/18/2020,FEU,Z02,4,0.05622957166
10/18/2020,FEU,Z03,4,0.05318832532
10/18/2020,FEU,Z01,5,0.10506051152
10/18/2020,FEU,Z02,5,0.05605872758
10/18/2020,FEU,Z03,5,0.05297990626
10/18/2020,FEU,Z01,6,0.10455194558
10/18/2020,FEU,Z02,6,0.05562191062
10/18/2020,FEU,Z03,6,0.05260010528
10/18/2020,FEU,Z01,7,0.10410539766
10/18/2020,FEU,Z02,7,0.05524815468
10/18/2020,FEU,Z03,7,0.05223353734
10/18/2020,FEU,Z01,8,0.10405684772
10/18/2020,FEU,Z02,8,0.05520590874
10/18/2020,FEU,Z03,8,0.0588171956
10/18/2020,FEU,Z01,9,0.10214216228
10/18/2020,FEU,Z02,9,0.05373973316
10/18/2020,FEU,Z03,9,0.05695514018
10/19/2020,FEU,Z01,1,0.10198631294
10/19/2020,FEU,Z02,1,0.0533757019
10/19/2020,FEU,Z03,1,0.05677861382
10/19/2020,FEU,Z01,10,0.1078301674
10/19/2020,FEU,Z02,10,0.06000039802
10/19/2020,FEU,Z03,10,0.06282902132
10/19/2020,FEU,Z01,11,0.10533803146
10/19/2020,FEU,Z02,11,0.05763432106
10/19/2020,FEU,Z03,11,0.06033943238
10/19/2020,FEU,Z01,12,0.09935073548
10/19/2020,FEU,Z02,12,0.05180897808
10/19/2020,FEU,Z03,12,0.05428912142
10/19/2020,FEU,Z01,13,0.08886770756
10/19/2020,FEU,Z02,13,0.04165260414
10/19/2020,FEU,Z03,13,0.0437941025
10/19/2020,FEU,Z01,14,0.0877304976
10/19/2020,FEU,Z02,14,0.10614980546
10/19/2020,FEU,Z03,14,0.10614980546
10/19/2020,FEU,Z01,15,0.0837687275
10/19/2020,FEU,Z02,15,0.10216288536
10/19/2020,FEU,Z03,15,0.10216288536
10/19/2020,FEU,Z01,16,0.08103884936
10/19/2020,FEU,Z02,16,0.09941673722
10/19/2020,FEU,Z03,16,0.09941673722
10/19/2020,FEU,Z01,17,0.0843013074
10/19/2020,FEU,Z02,17,0.10273416924
10/19/2020,FEU,Z03,17,0.10273416924
10/19/2020,FEU,Z01,18,0.0865191073
10/19/2020,FEU,Z02,18,0.10496706014
10/19/2020,FEU,Z03,18,0.10496706014
10/19/2020,FEU,Z01,19,0.08936371526
10/19/2020,FEU,Z02,19,0.1078314421
10/19/2020,FEU,Z03,19,0.1078314421
10/19/2020,FEU,Z01,2,0.09983593976
10/19/2020,FEU,Z02,2,0.05120838276
10/19/2020,FEU,Z03,2,0.0483459774
10/19/2020,FEU,Z01,20,0.10171078528
10/19/2020,FEU,Z02,20,0.12026560112
10/19/2020,FEU,Z03,20,0.12026560112
10/19/2020,FEU,Z01,21,0.10170108332
10/19/2020,FEU,Z02,21,0.12025626116
10/19/2020,FEU,Z03,21,0.12025626116
10/19/2020,FEU,Z01,22,0.09700664116
10/19/2020,FEU,Z02,22,0.115527227
10/19/2020,FEU,Z03,22,0.115527227
10/19/2020,FEU,Z01,23,0.09564193492
10/19/2020,FEU,Z02,23,0.11419578674
10/19/2020,FEU,Z03,23,0.11419578674
10/19/2020,FEU,Z01,24,0.09130258858
10/19/2020,FEU,Z02,24,0.04348290538
10/19/2020,FEU,Z03,24,0.04612637648
10/19/2020,FEU,Z01,3,0.09921298772
10/19/2020,FEU,Z02,3,0.05060827672
10/19/2020,FEU,Z03,3,0.04776322936
10/19/2020,FEU,Z01,4,0.0989875007
10/19/2020,FEU,Z02,4,0.05034754072
10/19/2020,FEU,Z03,4,0.04751079336
10/19/2020,FEU,Z01,5,0.09894555074
10/19/2020,FEU,Z02,5,0.05035387274
10/19/2020,FEU,Z03,5,0.04751484538
10/19/2020,FEU,Z01,6,0.0998558309
10/19/2020,FEU,Z02,6,0.05132731286
10/19/2020,FEU,Z03,6,0.04849776148
10/19/2020,FEU,Z01,7,0.10629945632
10/19/2020,FEU,Z02,7,0.05779536918
10/19/2020,FEU,Z03,7,0.05491990174
10/19/2020,FEU,Z01,8,0.10903506662
10/19/2020,FEU,Z02,8,0.06061476042
10/19/2020,FEU,Z03,8,0.06389022554
10/19/2020,FEU,Z01,9,0.10818426618
10/19/2020,FEU,Z02,9,0.06021434584
10/19/2020,FEU,Z03,9,0.0631426171
10/20/2020,FEU,Z01,1,0.09534778322
10/20/2020,FEU,Z02,1,0.04715129712
10/20/2020,FEU,Z03,1,0.05012078012
10/20/2020,FEU,Z01,10,0.10640191946
10/20/2020,FEU,Z02,10,0.05866988906
10/20/2020,FEU,Z03,10,0.0613553474
10/20/2020,FEU,Z01,11,0.1051606025
10/20/2020,FEU,Z02,11,0.05751694608
10/20/2020,FEU,Z03,11,0.06016895342
10/20/2020,FEU,Z01,12,0.10528362948
10/20/2020,FEU,Z02,12,0.05758380208
10/20/2020,FEU,Z03,12,0.06023782242
10/20/2020,FEU,Z01,13,0.10496913352
10/20/2020,FEU,Z02,13,0.0573328981
10/20/2020,FEU,Z03,13,0.05998059344
10/20/2020,FEU,Z01,14,0.10133479054
10/20/2020,FEU,Z02,14,0.1198397274
10/20/2020,FEU,Z03,14,0.1198397274
10/20/2020,FEU,Z01,15,0.09497084144
10/20/2020,FEU,Z02,15,0.11348072928
10/20/2020,FEU,Z03,15,0.11348072928
10/20/2020,FEU,Z01,16,0.09566610626
10/20/2020,FEU,Z02,16,0.11413261712
10/20/2020,FEU,Z03,16,0.11413261712
10/20/2020,FEU,Z01,17,0.09730566026
10/20/2020,FEU,Z02,17,0.1158292671
10/20/2020,FEU,Z03,17,0.1158292671
10/20/2020,FEU,Z01,18,0.0970529372
10/20/2020,FEU,Z02,18,0.11557421304
10/20/2020,FEU,Z03,18,0.11557421304
10/20/2020,FEU,Z01,19,0.09525595516
10/20/2020,FEU,Z02,19,0.11380927898
10/20/2020,FEU,Z03,19,0.11380927898
10/20/2020,FEU,Z01,2,0.0923922111
10/20/2020,FEU,Z02,2,0.04425688702
10/20/2020,FEU,Z03,2,0.0416830976
10/20/2020,FEU,Z01,20,0.09966598822
10/20/2020,FEU,Z02,20,0.11820580106
10/20/2020,FEU,Z03,20,0.11820580106
10/20/2020,FEU,Z01,21,0.1048995572
10/20/2020,FEU,Z02,21,0.12347589704
10/20/2020,FEU,Z03,21,0.12347589704
10/20/2020,FEU,Z01,22,0.10094994308
10/20/2020,FEU,Z02,22,0.11949733292
10/20/2020,FEU,Z03,22,0.11949733292
10/20/2020,FEU,Z01,23,0.09032548886
10/20/2020,FEU,Z02,23,0.10883737068
10/20/2020,FEU,Z03,23,0.10883737068
10/20/2020,FEU,Z01,24,0.08809417656
10/20/2020,FEU,Z02,24,0.04038262136
10/20/2020,FEU,Z03,24,0.04290050746
10/20/2020,FEU,Z01,3,0.08994751404
10/20/2020,FEU,Z02,3,0.04186462498
10/20/2020,FEU,Z03,3,0.03935262556
10/20/2020,FEU,Z01,4,0.08426421702
10/20/2020,FEU,Z02,4,0.03640172896
10/20/2020,FEU,Z03,4,0.03399956356
10/20/2020,FEU,Z01,5,0.08613945302
10/20/2020,FEU,Z02,5,0.03820345696
10/20/2020,FEU,Z03,5,0.03575324956
10/20/2020,FEU,Z01,6,0.0896257861
10/20/2020,FEU,Z02,6,0.04159695202
10/20/2020,FEU,Z03,6,0.0390914176
10/20/2020,FEU,Z01,7,0.09545128346
10/20/2020,FEU,Z02,7,0.0473970573
10/20/2020,FEU,Z03,7,0.04481263784
10/20/2020,FEU,Z01,8,0.10507633574
10/20/2020,FEU,Z02,8,0.0569012275
10/20/2020,FEU,Z03,8,0.05998950464
10/20/2020,FEU,Z01,9,0.1063259923
10/20/2020,FEU,Z02,9,0.05847459594
10/20/2020,FEU,Z03,9,0.06130056522
10/21/2020,FEU,Z01,1,0.08975837012
10/21/2020,FEU,Z02,1,0.04176011002
10/21/2020,FEU,Z03,1,0.044523776
10/21/2020,FEU,Z01,10,0.10591193748
10/21/2020,FEU,Z02,10,0.05819537008
10/21/2020,FEU,Z03,10,0.0609191674
10/21/2020,FEU,Z01,11,0.10461619752
10/21/2020,FEU,Z02,11,0.0569879731
10/21/2020,FEU,Z03,11,0.05962640144
10/21/2020,FEU,Z01,12,0.10105536552
10/21/2020,FEU,Z02,12,0.0535201081
10/21/2020,FEU,Z03,12,0.05605289744
10/21/2020,FEU,Z01,13,0.09448221352
10/21/2020,FEU,Z02,13,0.0471165481
10/21/2020,FEU,Z03,13,0.04945635344
10/21/2020,FEU,Z01,14,0.09054623558
10/21/2020,FEU,Z02,14,0.10898415344
10/21/2020,FEU,Z03,14,0.10898415344
10/21/2020,FEU,Z01,15,0.08850063344
10/21/2020,FEU,Z02,15,0.1069250623
10/21/2020,FEU,Z03,15,0.1069250623
10/21/2020,FEU,Z01,16,0.08924409332
10/21/2020,FEU,Z02,16,0.10771139116
10/21/2020,FEU,Z03,16,0.10771139116
10/21/2020,FEU,Z01,17,0.09250578134
10/21/2020,FEU,Z02,17,0.11099624818
10/21/2020,FEU,Z03,17,0.11099624818
10/21/2020,FEU,Z01,18,0.09919568128
10/21/2020,FEU,Z02,18,0.11768522114
10/21/2020,FEU,Z03,18,0.11768522114
10/21/2020,FEU,Z01,19,0.10605252924
10/21/2020,FEU,Z02,19,0.12463743908
10/21/2020,FEU,Z03,19,0.12463743908
10/21/2020,FEU,Z01,2,0.08592505994
10/21/2020,FEU,Z02,2,0.0379564519
10/21/2020,FEU,Z03,2,0.0355157275
10/21/2020,FEU,Z01,20,0.11057953728
10/21/2020,FEU,Z02,20,0.12913808114
10/21/2020,FEU,Z03,20,0.12913808114
10/21/2020,FEU,Z01,21,0.10939142124
10/21/2020,FEU,Z02,21,0.12799980308
10/21/2020,FEU,Z03,21,0.12799980308
10/21/2020,FEU,Z01,22,0.10704666308
10/21/2020,FEU,Z02,22,0.1256917469
10/21/2020,FEU,Z03,22,0.1256917469
10/21/2020,FEU,Z01,23,0.10646694282
10/21/2020,FEU,Z02,23,0.12510383264
10/21/2020,FEU,Z03,23,0.12510383264
10/21/2020,FEU,Z01,24,0.10461332048
10/21/2020,FEU,Z02,24,0.05623420132
10/21/2020,FEU,Z03,24,0.05947485838
10/21/2020,FEU,Z01,3,0.0842330059
10/21/2020,FEU,Z02,3,0.03632680786
10/21/2020,FEU,Z03,3,0.03390029748
10/21/2020,FEU,Z01,4,0.08305102392
10/21/2020,FEU,Z02,4,0.03519450088
10/21/2020,FEU,Z03,4,0.0327966025
10/21/2020,FEU,Z01,5,0.08449709894
10/21/2020,FEU,Z02,5,0.0365843119
10/21/2020,FEU,Z03,5,0.0341792275
10/21/2020,FEU,Z01,6,0.08822021606
10/21/2020,FEU,Z02,6,0.040207527
10/21/2020,FEU,Z03,6,0.03773661058
10/21/2020,FEU,Z01,7,0.0913178364
10/21/2020,FEU,Z02,7,0.04340374924
10/21/2020,FEU,Z03,7,0.04091530778
10/21/2020,FEU,Z01,8,0.10228733276
10/21/2020,FEU,Z02,8,0.05420559752
10/21/2020,FEU,Z03,8,0.05719232366
10/21/2020,FEU,Z01,9,0.10622574332
10/21/2020,FEU,Z02,9,0.05837840796
10/21/2020,FEU,Z03,9,0.06120375324
10/22/2020,FEU,Z01,1,0.101804576
10/22/2020,FEU,Z02,1,0.05325252194
10/22/2020,FEU,Z03,1,0.0565629309
10/22/2020,FEU,Z01,10,0.11236374946
10/22/2020,FEU,Z02,10,0.06447192206
10/22/2020,FEU,Z03,10,0.06739008638
10/22/2020,FEU,Z01,11,0.11219952148
10/22/2020,FEU,Z02,11,0.06431543408
10/22/2020,FEU,Z03,11,0.0672290874
10/22/2020,FEU,Z01,12,0.10961647748
10/22/2020,FEU,Z02,12,0.06180011408
10/22/2020,FEU,Z03,12,0.06458221442
10/22/2020,FEU,Z01,13,0.1077424775
10/22/2020,FEU,Z02,13,0.06003117008
10/22/2020,FEU,Z03,13,0.06276000842
10/22/2020,FEU,Z01,14,0.10591666552
10/22/2020,FEU,Z02,14,0.12444883238
10/22/2020,FEU,Z03,14,0.12444883238
10/22/2020,FEU,Z01,15,0.10519506842
10/22/2020,FEU,Z02,15,0.12372176928
10/22/2020,FEU,Z03,15,0.12372176928
10/22/2020,FEU,Z01,16,0.1054622573
10/22/2020,FEU,Z02,16,0.12404373014
10/22/2020,FEU,Z03,16,0.12404373014
10/22/2020,FEU,Z01,17,0.10607605532
10/22/2020,FEU,Z02,17,0.12466209716
10/22/2020,FEU,Z03,17,0.12466209716
10/22/2020,FEU,Z01,18,0.10914919532
10/22/2020,FEU,Z02,18,0.12770048818
10/22/2020,FEU,Z03,18,0.12770048818
10/22/2020,FEU,Z01,19,0.11171294124
10/22/2020,FEU,Z02,19,0.1302780221
10/22/2020,FEU,Z03,19,0.1302780221
10/22/2020,FEU,Z01,2,0.09711027188
10/22/2020,FEU,Z02,2,0.04864885786
10/22/2020,FEU,Z03,2,0.04589219748
10/22/2020,FEU,Z01,20,0.11854094124
10/22/2020,FEU,Z02,20,0.13721364308
10/22/2020,FEU,Z03,20,0.13721364308
10/22/2020,FEU,Z01,21,0.1142509772
10/22/2020,FEU,Z02,21,0.13289294104
10/22/2020,FEU,Z03,21,0.13289294104
10/22/2020,FEU,Z01,22,0.10953038698
10/22/2020,FEU,Z02,22,0.1281934568
10/22/2020,FEU,Z03,22,0.1281934568
10/22/2020,FEU,Z01,23,0.10824092868
10/22/2020,FEU,Z02,23,0.12694481648
10/22/2020,FEU,Z03,23,0.12694481648
10/22/2020,FEU,Z01,24,0.10848748832
10/22/2020,FEU,Z02,24,0.05990279618
10/22/2020,FEU,Z03,24,0.0633857162
10/22/2020,FEU,Z01,3,0.09491759984
10/22/2020,FEU,Z02,3,0.04654093182
10/22/2020,FEU,Z03,3,0.04384134544
10/22/2020,FEU,Z01,4,0.09452499984
10/22/2020,FEU,Z02,4,0.04616425682
10/22/2020,FEU,Z03,4,0.04347474544
10/22/2020,FEU,Z01,5,0.09443370986
10/22/2020,FEU,Z02,5,0.04607885884
10/22/2020,FEU,Z03,5,0.04339190946
10/22/2020,FEU,Z01,6,0.09493976798
10/22/2020,FEU,Z02,6,0.04665436292
10/22/2020,FEU,Z03,6,0.04398575752
10/22/2020,FEU,Z01,7,0.10209098234
10/22/2020,FEU,Z02,7,0.0537418372
10/22/2020,FEU,Z03,7,0.05096600976
10/22/2020,FEU,Z01,8,0.10866273272
10/22/2020,FEU,Z02,8,0.0603167275
10/22/2020,FEU,Z03,8,0.06358748462
10/22/2020,FEU,Z01,9,0.10969118528
10/22/2020,FEU,Z02,9,0.06174265792
10/22/2020,FEU,Z03,9,0.0646738172
10/23/2020,FEU,Z01,1,0.1055802311
10/23/2020,FEU,Z02,1,0.05693610202
10/23/2020,FEU,Z03,1,0.06042128798
10/23/2020,FEU,Z01,10,0.11563543046
10/23/2020,FEU,Z02,10,0.06765761006
10/23/2020,FEU,Z03,10,0.0706134374
10/23/2020,FEU,Z01,11,0.11290890148
10/23/2020,FEU,Z02,11,0.06500481808
10/23/2020,FEU,Z03,11,0.06788341042
10/23/2020,FEU,Z01,12,0.1100948525
10/23/2020,FEU,Z02,12,0.0622691581
10/23/2020,FEU,Z03,12,0.06506561744
10/23/2020,FEU,Z01,13,0.10756940948
10/23/2020,FEU,Z02,13,0.05980868208
10/23/2020,FEU,Z03,13,0.06253082142
10/23/2020,FEU,Z01,14,0.10610274956
10/23/2020,FEU,Z02,14,0.12463647842
10/23/2020,FEU,Z03,14,0.12463647842
10/23/2020,FEU,Z01,15,0.10506631148
10/23/2020,FEU,Z02,15,0.12359279334
10/23/2020,FEU,Z03,15,0.12359279334
10/23/2020,FEU,Z01,16,0.10362844234
10/23/2020,FEU,Z02,16,0.12219744518
10/23/2020,FEU,Z03,16,0.12219744518
10/23/2020,FEU,Z01,17,0.10344489634
10/23/2020,FEU,Z02,17,0.1219600172
10/23/2020,FEU,Z03,17,0.1219600172
10/23/2020,FEU,Z01,18,0.10630209938
10/23/2020,FEU,Z02,18,0.12489047222
10/23/2020,FEU,Z03,18,0.12489047222
10/23/2020,FEU,Z01,19,0.10917257738
10/23/2020,FEU,Z02,19,0.12778125422
10/23/2020,FEU,Z03,19,0.12778125422
10/23/2020,FEU,Z01,2,0.10427994498
10/23/2020,FEU,Z02,2,0.05562786692
10/23/2020,FEU,Z03,2,0.05268098354
10/23/2020,FEU,Z01,20,0.11397323132
10/23/2020,FEU,Z02,20,0.13255316118
10/23/2020,FEU,Z03,20,0.13255316118
10/23/2020,FEU,Z01,21,0.1105585172
10/23/2020,FEU,Z02,21,0.12917571704
10/23/2020,FEU,Z03,21,0.12917571704
10/23/2020,FEU,Z01,22,0.10673690998
10/23/2020,FEU,Z02,22,0.1253781368
10/23/2020,FEU,Z03,22,0.1253781368
10/23/2020,FEU,Z01,23,0.10529575076
10/23/2020,FEU,Z02,23,0.12392274658
10/23/2020,FEU,Z03,23,0.12392274658
10/23/2020,FEU,Z01,24,0.10178968638
10/23/2020,FEU,Z02,24,0.05345456524
10/23/2020,FEU,Z03,24,0.05662019428
10/23/2020,FEU,Z01,3,0.09878633294
10/23/2020,FEU,Z02,3,0.05034619288
10/23/2020,FEU,Z03,3,0.0475419775
10/23/2020,FEU,Z01,4,0.09810615796
10/23/2020,FEU,Z02,4,0.04965360892
10/23/2020,FEU,Z03,4,0.04690703352
10/23/2020,FEU,Z01,5,0.09810615796
10/23/2020,FEU,Z02,5,0.04965360892
10/23/2020,FEU,Z03,5,0.04690703352
10/23/2020,FEU,Z01,6,0.10147818806
10/23/2020,FEU,Z02,6,0.05298903998
10/23/2020,FEU,Z03,6,0.05015280658
10/23/2020,FEU,Z01,7,0.10862295238
10/23/2020,FEU,Z02,7,0.06009098422
10/23/2020,FEU,Z03,7,0.05715812778
10/23/2020,FEU,Z01,8,0.11593751666
10/23/2020,FEU,Z02,8,0.06734231344
10/23/2020,FEU,Z03,8,0.07088193256
10/23/2020,FEU,Z01,9,0.11641515724
10/23/2020,FEU,Z02,9,0.06827303988
10/23/2020,FEU,Z03,9,0.07141382316
10/24/2020,FEU,Z01,1,0.10153701102
10/24/2020,FEU,Z02,1,0.05299744096
10/24/2020,FEU,Z03,1,0.0563436209
10/24/2020,FEU,Z01,10,0.10068932782
10/24/2020,FEU,Z02,10,0.05266670358
10/24/2020,FEU,Z03,10,0.05555357274
10/24/2020,FEU,Z01,11,0.09975152096
10/24/2020,FEU,Z02,11,0.05186358568
10/24/2020,FEU,Z03,11,0.05463887688
10/24/2020,FEU,Z01,12,0.09472323006
10/24/2020,FEU,Z02,12,0.04708668574
10/24/2020,FEU,Z03,12,0.04961187898
10/24/2020,FEU,Z01,13,0.09214020302
10/24/2020,FEU,Z02,13,0.04453695172
10/24/2020,FEU,Z03,13,0.04701235794
10/24/2020,FEU,Z01,14,0.08567914316
10/24/2020,FEU,Z02,14,0.104120377
10/24/2020,FEU,Z03,14,0.104120377
10/24/2020,FEU,Z01,15,0.08488429704
10/24/2020,FEU,Z02,15,0.10331932488
10/24/2020,FEU,Z03,15,0.10331932488
10/24/2020,FEU,Z01,16,0.08224213484
10/24/2020,FEU,Z02,16,0.10069102466
10/24/2020,FEU,Z03,16,0.10069102466
10/24/2020,FEU,Z01,17,0.0840073019
10/24/2020,FEU,Z02,17,0.10247028872
10/24/2020,FEU,Z03,17,0.10247028872
10/24/2020,FEU,Z01,18,0.087862677
10/24/2020,FEU,Z02,18,0.10631821484
10/24/2020,FEU,Z03,18,0.10631821484
10/24/2020,FEU,Z01,19,0.09001241304
10/24/2020,FEU,Z02,19,0.10852337686
10/24/2020,FEU,Z03,19,0.10852337686
10/24/2020,FEU,Z01,2,0.1025224959
10/24/2020,FEU,Z02,2,0.05384309288
10/24/2020,FEU,Z03,2,0.05098959948
10/24/2020,FEU,Z01,20,0.10093579802
10/24/2020,FEU,Z02,20,0.11948248086
10/24/2020,FEU,Z03,20,0.11948248086
10/24/2020,FEU,Z01,21,0.09509628896
10/24/2020,FEU,Z02,21,0.11364629078
10/24/2020,FEU,Z03,21,0.11364629078
10/24/2020,FEU,Z01,22,0.0892449368
10/24/2020,FEU,Z02,22,0.1077870566
10/24/2020,FEU,Z03,22,0.1077870566
10/24/2020,FEU,Z01,23,0.08719814662
10/24/2020,FEU,Z02,23,0.10572104342
10/24/2020,FEU,Z03,23,0.10572104342
10/24/2020,FEU,Z01,24,0.08353343216
10/24/2020,FEU,Z02,24,0.03577619706
10/24/2020,FEU,Z03,24,0.03824553806
10/24/2020,FEU,Z01,3,0.09652294988
10/24/2020,FEU,Z02,3,0.04808539886
10/24/2020,FEU,Z03,3,0.04534270948
10/24/2020,FEU,Z01,4,0.09255923886
10/24/2020,FEU,Z02,4,0.04428048484
10/24/2020,FEU,Z03,4,0.04164055146
10/24/2020,FEU,Z01,5,0.09214644784
10/24/2020,FEU,Z02,5,0.04388102682
10/24/2020,FEU,Z03,5,0.04125371344
10/24/2020,FEU,Z01,6,0.09057372386
10/24/2020,FEU,Z02,6,0.04237557484
10/24/2020,FEU,Z03,6,0.03978776346
10/24/2020,FEU,Z01,7,0.09248381594
10/24/2020,FEU,Z02,7,0.0442535119
10/24/2020,FEU,Z03,7,0.0416492275
10/24/2020,FEU,Z01,8,0.0933506011
10/24/2020,FEU,Z02,8,0.04517838502
10/24/2020,FEU,Z03,8,0.04813025398
10/24/2020,FEU,Z01,9,0.09825541656
10/24/2020,FEU,Z02,9,0.05019706136
10/24/2020,FEU,Z03,9,0.05310509746
10/25/2020,FEU,Z01,1,0.06985482572
10/25/2020,FEU,Z02,1,0.02245926472
10/25/2020,FEU,Z03,1,0.0244461356
10/25/2020,FEU,Z01,10,0.06719308864
10/25/2020,FEU,Z02,10,0.02022252742
10/25/2020,FEU,Z03,10,0.02192497754
10/25/2020,FEU,Z01,11,0.07124931774
10/25/2020,FEU,Z02,11,0.0241794775
10/25/2020,FEU,Z03,11,0.02601705664
10/25/2020,FEU,Z01,12,0.07413316082
10/25/2020,FEU,Z02,12,0.02700220156
10/25/2020,FEU,Z03,12,0.02892813272
10/25/2020,FEU,Z01,13,0.07648744676
10/25/2020,FEU,Z02,13,0.02924942552
10/25/2020,FEU,Z03,13,0.03128142266
10/25/2020,FEU,Z01,14,0.07554108896
10/25/2020,FEU,Z02,14,0.09393831578
10/25/2020,FEU,Z03,14,0.03036813986
10/25/2020,FEU,Z01,15,0.07595931092
10/25/2020,FEU,Z02,15,0.09435965874
10/25/2020,FEU,Z03,15,0.09435965874
10/25/2020,FEU,Z01,16,0.07823894774
10/25/2020,FEU,Z02,16,0.09668585654
10/25/2020,FEU,Z03,16,0.09668585654
10/25/2020,FEU,Z01,17,0.07856389668
10/25/2020,FEU,Z02,17,0.0969835015
10/25/2020,FEU,Z03,17,0.0969835015
10/25/2020,FEU,Z01,18,0.08073837272
10/25/2020,FEU,Z02,18,0.09917496254
10/25/2020,FEU,Z03,18,0.09917496254
10/25/2020,FEU,Z01,19,0.08029081178
10/25/2020,FEU,Z02,19,0.09875561458
10/25/2020,FEU,Z03,19,0.09875561458
10/25/2020,FEU,Z01,2,0.06490117956
10/25/2020,FEU,Z02,2,0.01764460762
10/25/2020,FEU,Z03,2,0.01569487328
10/25/2020,FEU,Z01,20,0.07962059174
10/25/2020,FEU,Z02,20,0.09804863256
10/25/2020,FEU,Z03,20,0.09804863256
10/25/2020,FEU,Z01,21,0.09292597478
10/25/2020,FEU,Z02,21,0.1114573466
10/25/2020,FEU,Z03,21,0.1114573466
10/25/2020,FEU,Z01,22,0.09928761086
10/25/2020,FEU,Z02,22,0.1178224667
10/25/2020,FEU,Z03,22,0.1178224667
10/25/2020,FEU,Z01,23,0.09061761782
10/25/2020,FEU,Z02,23,0.10913143264
10/25/2020,FEU,Z03,23,0.10913143264
10/25/2020,FEU,Z01,24,0.09116659138
10/25/2020,FEU,Z02,24,0.04321825524
10/25/2020,FEU,Z03,24,0.10972105418
10/25/2020,FEU,Z01,25,0.08118057514
10/25/2020,FEU,Z02,25,0.03348219706
10/25/2020,FEU,Z03,25,0.03587908404
10/25/2020,FEU,Z01,3,0.0604505505
10/25/2020,FEU,Z02,3,0.01337710456
10/25/2020,FEU,Z03,3,0.01153765724
10/25/2020,FEU,Z01,4,0.06107590962
10/25/2020,FEU,Z02,4,0.01400517766
10/25/2020,FEU,Z03,4,0.01215680332
10/25/2020,FEU,Z01,5,0.06124498352
10/25/2020,FEU,Z02,5,0.01414044058
10/25/2020,FEU,Z03,5,0.01227871726
10/25/2020,FEU,Z01,6,0.06123941258
10/25/2020,FEU,Z02,6,0.01415514262
10/25/2020,FEU,Z03,6,0.01230391328
10/25/2020,FEU,Z01,7,0.06120858166
10/25/2020,FEU,Z02,7,0.01414898668
10/25/2020,FEU,Z03,7,0.01229642034
10/25/2020,FEU,Z01,8,0.06138838972
10/25/2020,FEU,Z02,8,0.01432994774
10/25/2020,FEU,Z03,8,0.01248325138
10/25/2020,FEU,Z01,9,0.06390077828
10/25/2020,FEU,Z02,9,0.01691708516
10/25/2020,FEU,Z03,9,0.01855253618
10/26/2020,FEU,Z01,1,0.08563273094
10/26/2020,FEU,Z02,1,0.0376757869
10/26/2020,FEU,Z03,1,0.04034346782
10/26/2020,FEU,Z01,10,0.1037113174
10/26/2020,FEU,Z02,10,0.05599454302
10/26/2020,FEU,Z03,10,0.05869559132
10/26/2020,FEU,Z01,11,0.09758089046
10/26/2020,FEU,Z02,11,0.05008367006
10/26/2020,FEU,Z03,11,0.05255475938
10/26/2020,FEU,Z01,12,0.09433215348
10/26/2020,FEU,Z02,12,0.04692410608
10/26/2020,FEU,Z03,12,0.04925716842
10/26/2020,FEU,Z01,13,0.09039474956
10/26/2020,FEU,Z02,13,0.10883047842
10/26/2020,FEU,Z03,13,0.0453241025
10/26/2020,FEU,Z01,14,0.0885727376
10/26/2020,FEU,Z02,14,0.10699730946
10/26/2020,FEU,Z03,14,0.10699730946
10/26/2020,FEU,Z01,15,0.0837799775
10/26/2020,FEU,Z02,15,0.10217420536
10/26/2020,FEU,Z03,15,0.10217420536
10/26/2020,FEU,Z01,16,0.08539478536
10/26/2020,FEU,Z02,16,0.10379847022
10/26/2020,FEU,Z03,16,0.10379847022
10/26/2020,FEU,Z01,17,0.0978488774
10/26/2020,FEU,Z02,17,0.11637878924
10/26/2020,FEU,Z03,17,0.11637878924
10/26/2020,FEU,Z01,18,0.1062227073
10/26/2020,FEU,Z02,18,0.12480954014
10/26/2020,FEU,Z03,18,0.12480954014
10/26/2020,FEU,Z01,19,0.10877912726
10/26/2020,FEU,Z02,19,0.1273834621
10/26/2020,FEU,Z03,19,0.1273834621
10/26/2020,FEU,Z01,2,0.08121840776
10/26/2020,FEU,Z02,2,0.03336006276
10/26/2020,FEU,Z03,2,0.0309891774
10/26/2020,FEU,Z01,20,0.10927654528
10/26/2020,FEU,Z02,20,0.12788464112
10/26/2020,FEU,Z03,20,0.12788464112
10/26/2020,FEU,Z01,21,0.10800952532
10/26/2020,FEU,Z02,21,0.12660920716
10/26/2020,FEU,Z03,21,0.12660920716
10/26/2020,FEU,Z01,22,0.10469344316
10/26/2020,FEU,Z02,22,0.123267877
10/26/2020,FEU,Z03,22,0.123267877
10/26/2020,FEU,Z01,23,0.10167504692
10/26/2020,FEU,Z02,23,0.05372347364
10/26/2020,FEU,Z03,23,0.12027595074
10/26/2020,FEU,Z01,24,0.09761427858
10/26/2020,FEU,Z02,24,0.04958012638
10/26/2020,FEU,Z03,24,0.05246501648
10/26/2020,FEU,Z01,3,0.08077475572
10/26/2020,FEU,Z02,3,0.03292944472
10/26/2020,FEU,Z03,3,0.03057041336
10/26/2020,FEU,Z01,4,0.0795596507
10/26/2020,FEU,Z02,4,0.03173518072
10/26/2020,FEU,Z03,4,0.02941011336
10/26/2020,FEU,Z01,5,0.07938956474
10/26/2020,FEU,Z02,5,0.03160398674
10/26/2020,FEU,Z03,5,0.02928199438
10/26/2020,FEU,Z01,6,0.0806854859
10/26/2020,FEU,Z02,6,0.03292059986
10/26/2020,FEU,Z03,6,0.03058535348
10/26/2020,FEU,Z01,7,0.09573344032
10/26/2020,FEU,Z02,7,0.04761308518
10/26/2020,FEU,Z03,7,0.04498748974
10/26/2020,FEU,Z01,8,0.10670875662
10/26/2020,FEU,Z02,8,0.05836805042
10/26/2020,FEU,Z03,8,0.06155595554
10/26/2020,FEU,Z01,9,0.10637806318
10/26/2020,FEU,Z02,9,0.05845927384
10/26/2020,FEU,Z03,9,0.0613300821
10/27/2020,FEU,Z01,1,0.09849863322
10/27/2020,FEU,Z02,1,0.05018289712
10/27/2020,FEU,Z03,1,0.05328488012
10/27/2020,FEU,Z01,10,0.10515545746
10/27/2020,FEU,Z02,10,0.05745551006
10/27/2020,FEU,Z03,10,0.0601055674
10/27/2020,FEU,Z01,11,0.1019059775
10/27/2020,FEU,Z02,11,0.05434512208
10/27/2020,FEU,Z03,11,0.05690275642
10/27/2020,FEU,Z01,12,0.10188873948
10/27/2020,FEU,Z02,12,0.05427936208
10/27/2020,FEU,Z03,12,0.05683388742
10/27/2020,FEU,Z01,13,0.09735852952
10/27/2020,FEU,Z02,13,0.11583739838
10/27/2020,FEU,Z03,13,0.05234290544
10/27/2020,FEU,Z01,14,0.09464283354
10/27/2020,FEU,Z02,14,0.1131049274
10/27/2020,FEU,Z03,14,0.1131049274
10/27/2020,FEU,Z01,15,0.09461664944
10/27/2020,FEU,Z02,15,0.11312288928
10/27/2020,FEU,Z03,15,0.11312288928
10/27/2020,FEU,Z01,16,0.10171494626
10/27/2020,FEU,Z02,16,0.12021869712
10/27/2020,FEU,Z03,16,0.12021869712
10/27/2020,FEU,Z01,17,0.10364216126
10/27/2020,FEU,Z02,17,0.1222114971
10/27/2020,FEU,Z03,17,0.1222114971
10/27/2020,FEU,Z01,18,0.1054786772
10/27/2020,FEU,Z02,18,0.12405908104
10/27/2020,FEU,Z03,18,0.12405908104
10/27/2020,FEU,Z01,19,0.10696602316
10/27/2020,FEU,Z02,19,0.12561163298
10/27/2020,FEU,Z03,19,0.12561163298
10/27/2020,FEU,Z01,2,0.0923802611
10/27/2020,FEU,Z02,2,0.04424539702
10/27/2020,FEU,Z03,2,0.0416718976
10/27/2020,FEU,Z01,20,0.10710138022
10/27/2020,FEU,Z02,20,0.12569341706
10/27/2020,FEU,Z03,20,0.12569341706
10/27/2020,FEU,Z01,21,0.1069595372
10/27/2020,FEU,Z02,21,0.12555033304
10/27/2020,FEU,Z03,21,0.12555033304
10/27/2020,FEU,Z01,22,0.10505720708
10/27/2020,FEU,Z02,22,0.12363326892
10/27/2020,FEU,Z03,22,0.12363326892
10/27/2020,FEU,Z01,23,0.10149632386
10/27/2020,FEU,Z02,23,0.0534975376
10/27/2020,FEU,Z03,23,0.12009510068
10/27/2020,FEU,Z01,24,0.09428116456
10/27/2020,FEU,Z02,24,0.04635844936
10/27/2020,FEU,Z03,24,0.04911389046
10/27/2020,FEU,Z01,3,0.09026378604
10/27/2020,FEU,Z02,3,0.04216848898
10/27/2020,FEU,Z03,3,0.03964883356
10/27/2020,FEU,Z01,4,0.08862258202
10/27/2020,FEU,Z02,4,0.04058924896
10/27/2020,FEU,Z03,4,0.03807691156
10/27/2020,FEU,Z01,5,0.08882881002
10/27/2020,FEU,Z02,5,0.04078739296
10/27/2020,FEU,Z03,5,0.03827101756
10/27/2020,FEU,Z01,6,0.0930231711
10/27/2020,FEU,Z02,6,0.04486355902
10/27/2020,FEU,Z03,6,0.0422744576
10/27/2020,FEU,Z01,7,0.10421051746
10/27/2020,FEU,Z02,7,0.0558437273
10/27/2020,FEU,Z03,7,0.05305726584
10/27/2020,FEU,Z01,8,0.10820596874
10/27/2020,FEU,Z02,8,0.0599286025
10/27/2020,FEU,Z03,8,0.06313259264
10/27/2020,FEU,Z01,9,0.1068798723
10/27/2020,FEU,Z02,9,0.05901175694
10/27/2020,FEU,Z03,9,0.06185639722
10/28/2020,FEU,Z01,1,0.10060705412
10/28/2020,FEU,Z02,1,0.05220107302
10/28/2020,FEU,Z03,1,0.055426976
10/28/2020,FEU,Z01,10,0.10446052348
10/28/2020,FEU,Z02,10,0.05678262608
10/28/2020,FEU,Z03,10,0.0594625974
10/28/2020,FEU,Z01,11,0.10310891352
10/28/2020,FEU,Z02,11,0.0555206731
10/28/2020,FEU,Z03,11,0.05811488144
10/28/2020,FEU,Z01,12,0.10248172152
10/28/2020,FEU,Z02,12,0.0549096631
10/28/2020,FEU,Z03,12,0.05748432944
10/28/2020,FEU,Z01,13,0.10248172152
10/28/2020,FEU,Z02,13,0.12099249638
10/28/2020,FEU,Z03,13,0.05748432944
10/28/2020,FEU,Z01,14,0.10259922758
10/28/2020,FEU,Z02,14,0.12111128144
10/28/2020,FEU,Z03,14,0.12111128144
10/28/2020,FEU,Z01,15,0.10019348144
10/28/2020,FEU,Z02,15,0.1186893373
10/28/2020,FEU,Z03,15,0.1186893373
10/28/2020,FEU,Z01,16,0.10342816532
10/28/2020,FEU,Z02,16,0.12199552716
10/28/2020,FEU,Z03,16,0.12199552716
10/28/2020,FEU,Z01,17,0.10449065534
10/28/2020,FEU,Z02,17,0.12306688718
10/28/2020,FEU,Z03,17,0.12306688718
10/28/2020,FEU,Z01,18,0.10895278528
10/28/2020,FEU,Z02,18,0.12750130514
10/28/2020,FEU,Z03,18,0.12750130514
10/28/2020,FEU,Z01,19,0.11095048124
10/28/2020,FEU,Z02,19,0.12956982308
10/28/2020,FEU,Z03,19,0.12956982308
10/28/2020,FEU,Z01,2,0.09466966694
10/28/2020,FEU,Z02,2,0.0463521469
10/28/2020,FEU,Z03,2,0.0436933525
10/28/2020,FEU,Z01,20,0.11083286528
10/28/2020,FEU,Z02,20,0.12939297014
10/28/2020,FEU,Z03,20,0.12939297014
10/28/2020,FEU,Z01,21,0.11230242524
10/28/2020,FEU,Z02,21,0.13093127108
10/28/2020,FEU,Z03,21,0.13093127108
10/28/2020,FEU,Z01,22,0.11167650308
10/28/2020,FEU,Z02,22,0.1303591019
10/28/2020,FEU,Z03,22,0.1303591019
10/28/2020,FEU,Z01,23,0.10930301582
10/28/2020,FEU,Z02,23,0.06105041356
10/28/2020,FEU,Z03,23,0.12796192864
10/28/2020,FEU,Z01,24,0.10919736848
10/28/2020,FEU,Z02,24,0.06065453332
10/28/2020,FEU,Z03,24,0.06407839638
10/28/2020,FEU,Z01,3,0.0940935209
10/28/2020,FEU,Z02,3,0.04579453886
10/28/2020,FEU,Z03,3,0.04311435548
10/28/2020,FEU,Z01,4,0.09424822392
10/28/2020,FEU,Z02,4,0.04594414488
10/28/2020,FEU,Z03,4,0.0432591025
10/28/2020,FEU,Z01,5,0.09458425394
10/28/2020,FEU,Z02,5,0.0462701419
10/28/2020,FEU,Z03,5,0.0436134775
10/28/2020,FEU,Z01,6,0.09525618206
10/28/2020,FEU,Z02,6,0.046967227
10/28/2020,FEU,Z03,6,0.04432584858
10/28/2020,FEU,Z01,7,0.0994645564
10/28/2020,FEU,Z02,7,0.05125936324
10/28/2020,FEU,Z03,7,0.04858565178
10/28/2020,FEU,Z01,8,0.10702945476
10/28/2020,FEU,Z02,8,0.05879264152
10/28/2020,FEU,Z03,8,0.06195485066
10/28/2020,FEU,Z01,9,0.10539678932
10/28/2020,FEU,Z02,9,0.05757394796
10/28/2020,FEU,Z03,9,0.06037187524
10/29/2020,FEU,Z01,1,0.107384576
10/29/2020,FEU,Z02,1,0.05861397194
10/29/2020,FEU,Z03,1,0.0621661809
10/29/2020,FEU,Z01,10,0.10629936246
10/29/2020,FEU,Z02,10,0.05857006206
10/29/2020,FEU,Z03,10,0.06130417538
10/29/2020,FEU,Z01,11,0.10363741748
10/29/2020,FEU,Z02,11,0.05598145008
10/29/2020,FEU,Z03,11,0.0586365674
10/29/2020,FEU,Z01,12,0.10321404148
10/29/2020,FEU,Z02,12,0.05556935408
10/29/2020,FEU,Z03,12,0.05816384942
10/29/2020,FEU,Z01,13,0.1031851025
10/29/2020,FEU,Z02,13,0.12170007336
10/29/2020,FEU,Z03,13,0.05818642942
10/29/2020,FEU,Z01,14,0.10299538952
10/29/2020,FEU,Z02,14,0.12150936338
10/29/2020,FEU,Z03,14,0.12150936338
10/29/2020,FEU,Z01,15,0.10211176942
10/29/2020,FEU,Z02,15,0.12061935328
10/29/2020,FEU,Z03,15,0.12061935328
10/29/2020,FEU,Z01,16,0.1009222573
10/29/2020,FEU,Z02,16,0.11947173014
10/29/2020,FEU,Z03,16,0.11947173014
10/29/2020,FEU,Z01,17,0.10354269932
10/29/2020,FEU,Z02,17,0.12211086916
10/29/2020,FEU,Z03,17,0.12211086916
10/29/2020,FEU,Z01,18,0.10819436732
10/29/2020,FEU,Z02,18,0.12673862518
10/29/2020,FEU,Z03,18,0.12673862518
10/29/2020,FEU,Z01,19,0.10972599324
10/29/2020,FEU,Z02,19,0.1282788521
10/29/2020,FEU,Z03,19,0.1282788521
10/29/2020,FEU,Z01,2,0.10515429188
10/29/2020,FEU,Z02,2,0.05636604786
10/29/2020,FEU,Z03,2,0.05340261748
10/29/2020,FEU,Z01,20,0.10940280124
10/29/2020,FEU,Z02,20,0.12801126308
10/29/2020,FEU,Z03,20,0.12801126308
10/29/2020,FEU,Z01,21,0.1092509372
10/29/2020,FEU,Z02,21,0.12785781304
10/29/2020,FEU,Z03,21,0.12785781304
10/29/2020,FEU,Z01,22,0.10879374698
10/29/2020,FEU,Z02,22,0.1274510568
10/29/2020,FEU,Z03,22,0.1274510568
10/29/2020,FEU,Z01,23,0.10519883468
10/29/2020,FEU,Z02,23,0.05696463746
10/29/2020,FEU,Z03,23,0.12387663248
10/29/2020,FEU,Z01,24,0.10068611232
10/29/2020,FEU,Z02,24,0.05238588818
10/29/2020,FEU,Z03,24,0.0555448062
10/29/2020,FEU,Z01,3,0.10127047184
10/29/2020,FEU,Z02,3,0.05263611282
10/29/2020,FEU,Z03,3,0.04977349744
10/29/2020,FEU,Z01,4,0.10303656784
10/29/2020,FEU,Z02,4,0.05432941182
10/29/2020,FEU,Z03,4,0.05142263344
10/29/2020,FEU,Z01,5,0.10315911286
10/29/2020,FEU,Z02,5,0.05445004084
10/29/2020,FEU,Z03,5,0.05153786546
10/29/2020,FEU,Z01,6,0.10520591598
10/29/2020,FEU,Z02,6,0.05651875492
10/29/2020,FEU,Z03,6,0.05359370952
10/29/2020,FEU,Z01,7,0.10496212334
10/29/2020,FEU,Z02,7,0.0565074772
10/29/2020,FEU,Z03,7,0.05366372176
10/29/2020,FEU,Z01,8,0.10876865672
10/29/2020,FEU,Z02,8,0.0604191025
10/29/2020,FEU,Z03,8,0.06369386362
10/29/2020,FEU,Z01,9,0.10627750528
10/29/2020,FEU,Z02,9,0.05842513792
10/29/2020,FEU,Z03,9,0.0612481172
10/30/2020,FEU,Z01,1,0.1063808811
10/30/2020,FEU,Z02,1,0.05770593202
10/30/2020,FEU,Z03,1,0.06122595798
10/30/2020,FEU,Z01,10,0.09882735246
10/30/2020,FEU,Z02,10,0.05129695206
10/30/2020,FEU,Z03,10,0.0537606174
10/30/2020,FEU,Z01,11,0.09669900548
10/30/2020,FEU,Z02,11,0.04922680208
10/30/2020,FEU,Z03,11,0.05163032642
10/30/2020,FEU,Z01,12,0.0948814775
10/30/2020,FEU,Z02,12,0.0474614731
10/30/2020,FEU,Z03,12,0.04981167344
10/30/2020,FEU,Z01,13,0.09633305548
10/30/2020,FEU,Z02,13,0.11480524534
10/30/2020,FEU,Z03,13,0.05126340142
10/30/2020,FEU,Z01,14,0.09354981356
10/30/2020,FEU,Z02,14,0.11200522642
10/30/2020,FEU,Z03,14,0.11200522642
10/30/2020,FEU,Z01,15,0.09293816548
10/30/2020,FEU,Z02,15,0.11138925034
10/30/2020,FEU,Z03,15,0.11138925034
10/30/2020,FEU,Z01,16,0.09561133434
10/30/2020,FEU,Z02,16,0.11412372918
10/30/2020,FEU,Z03,16,0.11412372918
10/30/2020,FEU,Z01,17,0.09890043334
10/30/2020,FEU,Z02,17,0.1173886172
10/30/2020,FEU,Z03,17,0.1173886172
10/30/2020,FEU,Z01,18,0.10409778038
10/30/2020,FEU,Z02,18,0.12267056122
10/30/2020,FEU,Z03,18,0.12267056122
10/30/2020,FEU,Z01,19,0.10608381638
10/30/2020,FEU,Z02,19,0.12467064522
10/30/2020,FEU,Z03,19,0.12467064522
10/30/2020,FEU,Z01,2,0.10510863498
10/30/2020,FEU,Z02,2,0.05642528092
10/30/2020,FEU,Z03,2,0.05345585354
10/30/2020,FEU,Z01,20,0.10766478932
10/30/2020,FEU,Z02,20,0.12620577818
10/30/2020,FEU,Z03,20,0.12620577818
10/30/2020,FEU,Z01,21,0.1062766772
10/30/2020,FEU,Z02,21,0.12486268104
10/30/2020,FEU,Z03,21,0.12486268104
10/30/2020,FEU,Z01,22,0.10521758998
10/30/2020,FEU,Z02,22,0.1238480968
10/30/2020,FEU,Z03,22,0.1238480968
10/30/2020,FEU,Z01,23,0.10239307476
10/30/2020,FEU,Z02,23,0.05430788152
10/30/2020,FEU,Z03,23,0.12099875958
10/30/2020,FEU,Z01,24,0.10260457638
10/30/2020,FEU,Z02,24,0.05424092324
10/30/2020,FEU,Z03,24,0.05743853428
10/30/2020,FEU,Z01,3,0.10082541794
10/30/2020,FEU,Z02,3,0.05230561288
10/30/2020,FEU,Z03,3,0.0494499775
10/30/2020,FEU,Z01,4,0.10090080796
10/30/2020,FEU,Z02,4,0.05233550492
10/30/2020,FEU,Z03,4,0.04952033352
10/30/2020,FEU,Z01,5,0.10090080796
10/30/2020,FEU,Z02,5,0.05233550492
10/30/2020,FEU,Z03,5,0.04952033352
10/30/2020,FEU,Z01,6,0.10387218806
10/30/2020,FEU,Z02,6,0.05529103998
10/30/2020,FEU,Z03,6,0.05239480658
10/30/2020,FEU,Z01,7,0.10351630838
10/30/2020,FEU,Z02,7,0.05516480922
10/30/2020,FEU,Z03,7,0.05235305278
10/30/2020,FEU,Z01,8,0.09915022166
10/30/2020,FEU,Z02,8,0.05111490544
10/30/2020,FEU,Z03,8,0.05402271256
10/30/2020,FEU,Z01,9,0.09693601124
10/30/2020,FEU,Z02,9,0.04934163788
10/30/2020,FEU,Z03,9,0.05186620916
10/31/2020,FEU,Z01,1,0.09641248502
10/31/2020,FEU,Z02,1,0.04807379296
10/31/2020,FEU,Z03,1,0.0511922459
10/31/2020,FEU,Z01,10,0.09743021982
10/31/2020,FEU,Z02,10,0.04951445158
10/31/2020,FEU,Z03,10,0.05228321674
10/31/2020,FEU,Z01,11,0.09444080096
10/31/2020,FEU,Z02,11,0.04671994168
10/31/2020,FEU,Z03,11,0.04930971688
10/31/2020,FEU,Z01,12,0.09244070006
10/31/2020,FEU,Z02,12,0.04487181574
10/31/2020,FEU,Z03,12,0.04732138898
10/31/2020,FEU,Z01,13,0.09265380602
10/31/2020,FEU,Z02,13,0.11114282486
10/31/2020,FEU,Z03,13,0.04752774894
10/31/2020,FEU,Z01,14,0.09233471916
10/31/2020,FEU,Z02,14,0.110822577
10/31/2020,FEU,Z03,14,0.110822577
10/31/2020,FEU,Z01,15,0.08825252904
10/31/2020,FEU,Z02,15,0.10671102888
10/31/2020,FEU,Z03,15,0.10671102888
10/31/2020,FEU,Z01,16,0.08744966084
10/31/2020,FEU,Z02,16,0.10594019066
10/31/2020,FEU,Z03,16,0.10594019066
10/31/2020,FEU,Z01,17,0.0886631069
10/31/2020,FEU,Z02,17,0.10716237272
10/31/2020,FEU,Z03,17,0.10716237272
10/31/2020,FEU,Z01,18,0.096303677
10/31/2020,FEU,Z02,18,0.11481793484
10/31/2020,FEU,Z03,18,0.11481793484
10/31/2020,FEU,Z01,19,0.09840314504
10/31/2020,FEU,Z02,19,0.11698104686
10/31/2020,FEU,Z03,19,0.11698104686
10/31/2020,FEU,Z01,2,0.0955865159
10/31/2020,FEU,Z02,2,0.04718915688
10/31/2020,FEU,Z03,2,0.04450834348
10/31/2020,FEU,Z01,20,0.10008438902
10/31/2020,FEU,Z02,20,0.11862514386
10/31/2020,FEU,Z03,20,0.11862514386
10/31/2020,FEU,Z01,21,0.10421897696
10/31/2020,FEU,Z02,21,0.12284024978
10/31/2020,FEU,Z03,21,0.12284024978
10/31/2020,FEU,Z01,22,0.1053782168
10/31/2020,FEU,Z02,22,0.1240594166
10/31/2020,FEU,Z03,22,0.1240594166
10/31/2020,FEU,Z01,23,0.10128576562
10/31/2020,FEU,Z02,23,0.05312949042
10/31/2020,FEU,Z03,23,0.11992917242
10/31/2020,FEU,Z01,24,0.10006408816
10/31/2020,FEU,Z02,24,0.05168279306
10/31/2020,FEU,Z03,24,0.05484553406
10/31/2020,FEU,Z01,3,0.09138056588
10/31/2020,FEU,Z02,3,0.04315195086
10/31/2020,FEU,Z03,3,0.04054144548
10/31/2020,FEU,Z01,4,0.09159122486
10/31/2020,FEU,Z02,4,0.04335176884
10/31/2020,FEU,Z03,4,0.04073669746
10/31/2020,FEU,Z01,5,0.09569071984
10/31/2020,FEU,Z02,5,0.04728153282
10/31/2020,FEU,Z03,5,0.04456326544
10/31/2020,FEU,Z01,6,0.09536551386
10/31/2020,FEU,Z02,6,0.04697283484
10/31/2020,FEU,Z03,6,0.04426082646
10/31/2020,FEU,Z01,7,0.09634303994
10/31/2020,FEU,Z02,7,0.0479587519
10/31/2020,FEU,Z03,7,0.0452582275
10/31/2020,FEU,Z01,8,0.0972941011
10/31/2020,FEU,Z02,8,0.04896893602
10/31/2020,FEU,Z03,8,0.05209355398
10/31/2020,FEU,Z01,9,0.09817220456
10/31/2020,FEU,Z02,9,0.05011668936
10/31/2020,FEU,Z03,9,0.05302153046
11/01/2020,FEU,Z01,1,0.08647242776
11/01/2020,FEU,Z02,1,0.03839733276
11/01/2020,FEU,Z03,1,0.04115340764
11/01/2020,FEU,Z01,10,0.08221877318
11/01/2020,FEU,Z02,10,0.03451384108
11/01/2020,FEU,Z03,10,0.03695756606
11/01/2020,FEU,Z01,11,0.07981272634
11/01/2020,FEU,Z02,11,0.0322722172
11/01/2020,FEU,Z03,11,0.03456939322
11/01/2020,FEU,Z01,12,0.07921250938
11/01/2020,FEU,Z02,12,0.03172646722
11/01/2020,FEU,Z03,12,0.03397362826
11/01/2020,FEU,Z01,13,0.08246021452
11/01/2020,FEU,Z02,13,0.10094189632
11/01/2020,FEU,Z03,13,0.03723503642
11/01/2020,FEU,Z01,14,0.08112896654
11/01/2020,FEU,Z02,14,0.09960061834
11/01/2020,FEU,Z03,14,0.09960061834
11/01/2020,FEU,Z01,15,0.08473421648
11/01/2020,FEU,Z02,15,0.10323496428
11/01/2020,FEU,Z03,15,0.10323496428
11/01/2020,FEU,Z01,16,0.08372531232
11/01/2020,FEU,Z02,16,0.1022500161
11/01/2020,FEU,Z03,16,0.1022500161
11/01/2020,FEU,Z01,17,0.08583940628
11/01/2020,FEU,Z02,17,0.10438338206
11/01/2020,FEU,Z03,17,0.10438338206
11/01/2020,FEU,Z01,18,0.0882628164
11/01/2020,FEU,Z02,18,0.1067928662
11/01/2020,FEU,Z03,18,0.1067928662
11/01/2020,FEU,Z01,19,0.09788829258
11/01/2020,FEU,Z02,19,0.11650213538
11/01/2020,FEU,Z03,19,0.11650213538
11/01/2020,FEU,Z01,2,0.08444073568
11/01/2020,FEU,Z02,2,0.0364088917
11/01/2020,FEU,Z03,2,0.03395598134
11/01/2020,FEU,Z01,20,0.10223389652
11/01/2020,FEU,Z02,20,0.12083428534
11/01/2020,FEU,Z03,20,0.12083428534
11/01/2020,FEU,Z01,21,0.10604568848
11/01/2020,FEU,Z02,21,0.12478053626
11/01/2020,FEU,Z03,21,0.12478053626
11/01/2020,FEU,Z01,22,0.10684999142
11/01/2020,FEU,Z02,22,0.1255912962
11/01/2020,FEU,Z03,22,0.1255912962
11/01/2020,FEU,Z01,23,0.10235233998
11/01/2020,FEU,Z02,23,0.05377685092
11/01/2020,FEU,Z03,23,0.12109477974
11/01/2020,FEU,Z01,24,0.10074636188
11/01/2020,FEU,Z02,24,0.05218036084
11/01/2020,FEU,Z03,24,0.05552219576
11/01/2020,FEU,Z01,3,0.08032281956
11/01/2020,FEU,Z02,3,0.0324220366
11/01/2020,FEU,Z03,3,0.03003005728
11/01/2020,FEU,Z01,4,0.0801755005
11/01/2020,FEU,Z02,4,0.03224747656
11/01/2020,FEU,Z03,4,0.02986173324
11/01/2020,FEU,Z01,5,0.07939893146
11/01/2020,FEU,Z02,5,0.03150040652
11/01/2020,FEU,Z03,5,0.0291374572
11/01/2020,FEU,Z01,6,0.08011421144
11/01/2020,FEU,Z02,6,0.03215667252
11/01/2020,FEU,Z03,6,0.0297735772
11/01/2020,FEU,Z01,7,0.0805479005
11/01/2020,FEU,Z02,7,0.03260493656
11/01/2020,FEU,Z03,7,0.03020768524
11/01/2020,FEU,Z01,8,0.08034712366
11/01/2020,FEU,Z02,8,0.03248433668
11/01/2020,FEU,Z03,8,0.03497905654
11/01/2020,FEU,Z01,9,0.08094178802
11/01/2020,FEU,Z02,9,0.03320953696
11/01/2020,FEU,Z03,9,0.0356441309
11/02/2020,FEU,Z01,1,0.10047758318
11/02/2020,FEU,Z02,1,0.0515169013
11/02/2020,FEU,Z03,1,0.05515894304
11/02/2020,FEU,Z01,10,0.10074427386
11/02/2020,FEU,Z02,10,0.0527695376
11/02/2020,FEU,Z03,10,0.05561624078
11/02/2020,FEU,Z01,11,0.1025231069
11/02/2020,FEU,Z02,11,0.05449489364
11/02/2020,FEU,Z03,11,0.05740876782
11/02/2020,FEU,Z01,12,0.1037427869
11/02/2020,FEU,Z02,12,0.05567550164
11/02/2020,FEU,Z03,12,0.05863267182
11/02/2020,FEU,Z01,13,0.10419056806
11/02/2020,FEU,Z02,13,0.1227603569
11/02/2020,FEU,Z03,13,0.05911223298
11/02/2020,FEU,Z01,14,0.10529114504
11/02/2020,FEU,Z02,14,0.12392304686
11/02/2020,FEU,Z03,14,0.12392304686
11/02/2020,FEU,Z01,15,0.10465121292
11/02/2020,FEU,Z02,15,0.12327532774
11/02/2020,FEU,Z03,15,0.12327532774
11/02/2020,FEU,Z01,16,0.1040128968
11/02/2020,FEU,Z02,16,0.12263047162
11/02/2020,FEU,Z03,16,0.12263047162
11/02/2020,FEU,Z01,17,0.1037066568
11/02/2020,FEU,Z02,17,0.12232185562
11/02/2020,FEU,Z03,17,0.12232185562
11/02/2020,FEU,Z01,18,0.10698684578
11/02/2020,FEU,Z02,18,0.1256283866
11/02/2020,FEU,Z03,18,0.1256283866
11/02/2020,FEU,Z01,19,0.11286562088
11/02/2020,FEU,Z02,19,0.1315531567
11/02/2020,FEU,Z03,19,0.1315531567
11/02/2020,FEU,Z01,2,0.09372220794
11/02/2020,FEU,Z02,2,0.04493390812
11/02/2020,FEU,Z03,2,0.04205576088
11/02/2020,FEU,Z01,20,0.11245665482
11/02/2020,FEU,Z02,20,0.13114005664
11/02/2020,FEU,Z03,20,0.13114005664
11/02/2020,FEU,Z01,21,0.11146469474
11/02/2020,FEU,Z02,21,0.13013916456
11/02/2020,FEU,Z03,21,0.13013916456
11/02/2020,FEU,Z01,22,0.1104092666
11/02/2020,FEU,Z02,22,0.1291303764
11/02/2020,FEU,Z03,22,0.1291303764
11/02/2020,FEU,Z01,23,0.10819814606
11/02/2020,FEU,Z02,23,0.05945075398
11/02/2020,FEU,Z03,23,0.12694559984
11/02/2020,FEU,Z01,24,0.10641678596
11/02/2020,FEU,Z02,24,0.0576792319
11/02/2020,FEU,Z03,24,0.06123503984
11/02/2020,FEU,Z01,3,0.0901618748
11/02/2020,FEU,Z02,3,0.04146064402
11/02/2020,FEU,Z03,3,0.0386660168
11/02/2020,FEU,Z01,4,0.09001942778
11/02/2020,FEU,Z02,4,0.04129038602
11/02/2020,FEU,Z03,4,0.0385001368
11/02/2020,FEU,Z01,5,0.09129017486
11/02/2020,FEU,Z02,5,0.04257422506
11/02/2020,FEU,Z03,5,0.03974035084
11/02/2020,FEU,Z01,6,0.09536462202
11/02/2020,FEU,Z02,6,0.0465055862
11/02/2020,FEU,Z03,6,0.04361154494
11/02/2020,FEU,Z01,7,0.10821720752
11/02/2020,FEU,Z02,7,0.05907756558
11/02/2020,FEU,Z03,7,0.05596062524
11/02/2020,FEU,Z01,8,0.10527917698
11/02/2020,FEU,Z02,8,0.05658914892
11/02/2020,FEU,Z03,8,0.06009560386
11/02/2020,FEU,Z01,9,0.10226284668
11/02/2020,FEU,Z02,9,0.05412685146
11/02/2020,FEU,Z03,9,0.05715248458
11/03/2020,FEU,Z01,1,0.09997346338
11/03/2020,FEU,Z02,1,0.05113580446
11/03/2020,FEU,Z03,1,0.05469051324
11/03/2020,FEU,Z01,10,0.0995967768
11/03/2020,FEU,Z02,10,0.05160653956
11/03/2020,FEU,Z03,10,0.05445348872
11/03/2020,FEU,Z01,11,0.09752665686
11/03/2020,FEU,Z02,11,0.0496536976
11/03/2020,FEU,Z03,11,0.05238749978
11/03/2020,FEU,Z01,12,0.10227553484
11/03/2020,FEU,Z02,12,0.05424843458
11/03/2020,FEU,Z03,12,0.05714902476
11/03/2020,FEU,Z01,13,0.10252905704
11/03/2020,FEU,Z02,13,0.12113930486
11/03/2020,FEU,Z03,13,0.05744115296
11/03/2020,FEU,Z01,14,0.10232052298
11/03/2020,FEU,Z02,14,0.1209272168
11/03/2020,FEU,Z03,14,0.1209272168
11/03/2020,FEU,Z01,15,0.10206858088
11/03/2020,FEU,Z02,15,0.1206720567
11/03/2020,FEU,Z03,15,0.1206720567
11/03/2020,FEU,Z01,16,0.10269695078
11/03/2020,FEU,Z02,16,0.12135474358
11/03/2020,FEU,Z03,16,0.12135474358
11/03/2020,FEU,Z01,17,0.10189806276
11/03/2020,FEU,Z02,17,0.12049874258
11/03/2020,FEU,Z03,17,0.12049874258
11/03/2020,FEU,Z01,18,0.10410101672
11/03/2020,FEU,Z02,18,0.12271824554
11/03/2020,FEU,Z03,18,0.12271824554
11/03/2020,FEU,Z01,19,0.10877234974
11/03/2020,FEU,Z02,19,0.12742598456
11/03/2020,FEU,Z03,19,0.12742598456
11/03/2020,FEU,Z01,2,0.0950951352
11/03/2020,FEU,Z02,2,0.04637936032
11/03/2020,FEU,Z03,2,0.04348211606
11/03/2020,FEU,Z01,20,0.1066364067
11/03/2020,FEU,Z02,20,0.12527296652
11/03/2020,FEU,Z03,20,0.12527296652
11/03/2020,FEU,Z01,21,0.10499967862
11/03/2020,FEU,Z02,21,0.12367603442
11/03/2020,FEU,Z03,21,0.12367603442
11/03/2020,FEU,Z01,22,0.1051822015
11/03/2020,FEU,Z02,22,0.1238571263
11/03/2020,FEU,Z03,22,0.1238571263
11/03/2020,FEU,Z01,23,0.10141248194
11/03/2020,FEU,Z02,23,0.0528247669
11/03/2020,FEU,Z03,23,0.1201436507
11/03/2020,FEU,Z01,24,0.09716857082
11/03/2020,FEU,Z02,24,0.04865842482
11/03/2020,FEU,Z03,24,0.0519139457
11/03/2020,FEU,Z01,3,0.09906153512
11/03/2020,FEU,Z02,3,0.05011754826
11/03/2020,FEU,Z03,3,0.047107927
11/03/2020,FEU,Z01,4,0.09775823308
11/03/2020,FEU,Z02,4,0.04883209624
11/03/2020,FEU,Z03,4,0.04586245298
11/03/2020,FEU,Z01,5,0.09577498106
11/03/2020,FEU,Z02,5,0.04693921122
11/03/2020,FEU,Z03,5,0.04403068096
11/03/2020,FEU,Z01,6,0.09500315222
11/03/2020,FEU,Z02,6,0.04629355634
11/03/2020,FEU,Z03,6,0.04343508906
11/03/2020,FEU,Z01,7,0.09790356566
11/03/2020,FEU,Z02,7,0.04930621868
11/03/2020,FEU,Z03,7,0.04649885932
11/03/2020,FEU,Z01,8,0.10671003188
11/03/2020,FEU,Z02,8,0.05790551284
11/03/2020,FEU,Z03,8,0.06151432376
11/03/2020,FEU,Z01,9,0.10388445262
11/03/2020,FEU,Z02,9,0.05564038642
11/03/2020,FEU,Z03,9,0.05876959452
11/04/2020,FEU,Z01,1,0.09420464326
11/04/2020,FEU,Z02,1,0.04553523738
11/04/2020,FEU,Z03,1,0.04886716712
11/04/2020,FEU,Z01,10,0.10733020484
11/04/2020,FEU,Z02,10,0.05914272058
11/04/2020,FEU,Z03,10,0.06227222374
11/04/2020,FEU,Z01,11,0.10592116994
11/04/2020,FEU,Z02,11,0.05783934366
11/04/2020,FEU,Z03,11,0.06087624884
11/04/2020,FEU,Z01,12,0.10537707892
11/04/2020,FEU,Z02,12,0.05731001764
11/04/2020,FEU,Z03,12,0.06032597082
11/04/2020,FEU,Z01,13,0.10363852912
11/04/2020,FEU,Z02,13,0.12225737994
11/04/2020,FEU,Z03,13,0.05856960504
11/04/2020,FEU,Z01,14,0.10360128904
11/04/2020,FEU,Z02,14,0.12221994286
11/04/2020,FEU,Z03,14,0.12221994286
11/04/2020,FEU,Z01,15,0.1037658869
11/04/2020,FEU,Z02,15,0.12238283672
11/04/2020,FEU,Z03,15,0.12238283672
11/04/2020,FEU,Z01,16,0.10383137682
11/04/2020,FEU,Z02,16,0.12244780064
11/04/2020,FEU,Z03,16,0.12244780064
11/04/2020,FEU,Z01,17,0.1014922168
11/04/2020,FEU,Z02,17,0.12009023462
11/04/2020,FEU,Z03,17,0.12009023462
11/04/2020,FEU,Z01,18,0.09874788076
11/04/2020,FEU,Z02,18,0.11732533258
11/04/2020,FEU,Z03,18,0.11732533258
11/04/2020,FEU,Z01,19,0.10084999374
11/04/2020,FEU,Z02,19,0.11949132254
11/04/2020,FEU,Z03,19,0.11949132254
11/04/2020,FEU,Z01,2,0.0942017201
11/04/2020,FEU,Z02,2,0.04544195526
11/04/2020,FEU,Z03,2,0.04261433098
11/04/2020,FEU,Z01,20,0.10241675868
11/04/2020,FEU,Z02,20,0.1210204765
11/04/2020,FEU,Z03,20,0.1210204765
11/04/2020,FEU,Z01,21,0.10317887058
11/04/2020,FEU,Z02,21,0.12183789338
11/04/2020,FEU,Z03,21,0.12183789338
11/04/2020,FEU,Z01,22,0.09627636046
11/04/2020,FEU,Z02,22,0.11487502126
11/04/2020,FEU,Z03,22,0.11487502126
11/04/2020,FEU,Z01,23,0.09580017992
11/04/2020,FEU,Z02,23,0.04743538488
11/04/2020,FEU,Z03,23,0.11447507968
11/04/2020,FEU,Z01,24,0.09055601778
11/04/2020,FEU,Z02,24,0.04231475578
11/04/2020,FEU,Z03,24,0.04526100066
11/04/2020,FEU,Z01,3,0.09492482908
11/04/2020,FEU,Z02,3,0.04612939624
11/04/2020,FEU,Z03,3,0.04324507898
11/04/2020,FEU,Z01,4,0.09486128308
11/04/2020,FEU,Z02,4,0.04606999624
11/04/2020,FEU,Z03,4,0.04318637798
11/04/2020,FEU,Z01,5,0.0953508551
11/04/2020,FEU,Z02,5,0.04653874326
11/04/2020,FEU,Z03,5,0.043640677
11/04/2020,FEU,Z01,6,0.09706906916
11/04/2020,FEU,Z02,6,0.0482202313
11/04/2020,FEU,Z03,6,0.04530631702
11/04/2020,FEU,Z01,7,0.10605386654
11/04/2020,FEU,Z02,7,0.05705759058
11/04/2020,FEU,Z03,7,0.05394976726
11/04/2020,FEU,Z01,8,0.10679821786
11/04/2020,FEU,Z02,8,0.05798953382
11/04/2020,FEU,Z03,8,0.06159909274
11/04/2020,FEU,Z01,9,0.1068583166
11/04/2020,FEU,Z02,9,0.0585093174
11/04/2020,FEU,Z03,9,0.06170224652
11/05/2020,FEU,Z01,1,0.08876021534
11/05/2020,FEU,Z02,1,0.04037864244
11/05/2020,FEU,Z03,1,0.0434058952
11/05/2020,FEU,Z01,10,0.0979716168
11/05/2020,FEU,Z02,10,0.05003461756
11/05/2020,FEU,Z03,10,0.0528656317
11/05/2020,FEU,Z01,11,0.0974414968
11/05/2020,FEU,Z02,11,0.04952186356
11/05/2020,FEU,Z03,11,0.05229077672
11/05/2020,FEU,Z01,12,0.09474061778
11/05/2020,FEU,Z02,12,0.04690813154
11/05/2020,FEU,Z03,12,0.04961692068
11/05/2020,FEU,Z01,13,0.09464944194
11/05/2020,FEU,Z02,13,0.11319575276
11/05/2020,FEU,Z03,13,0.04951533286
11/05/2020,FEU,Z01,14,0.09307452086
11/05/2020,FEU,Z02,14,0.11160778668
11/05/2020,FEU,Z03,14,0.11160778668
11/05/2020,FEU,Z01,15,0.09379311276
11/05/2020,FEU,Z02,15,0.11233218858
11/05/2020,FEU,Z03,15,0.11233218858
11/05/2020,FEU,Z01,16,0.09584411066
11/05/2020,FEU,Z02,16,0.11444144146
11/05/2020,FEU,Z03,16,0.11444144146
11/05/2020,FEU,Z01,17,0.09762715958
11/05/2020,FEU,Z02,17,0.11623877238
11/05/2020,FEU,Z03,17,0.11623877238
11/05/2020,FEU,Z01,18,0.09835034856
11/05/2020,FEU,Z02,18,0.11696788436
11/05/2020,FEU,Z03,18,0.11696788436
11/05/2020,FEU,Z01,19,0.10213731264
11/05/2020,FEU,Z02,19,0.12078828644
11/05/2020,FEU,Z03,19,0.12078828644
11/05/2020,FEU,Z01,2,0.08782610516
11/05/2020,FEU,Z02,2,0.0394026463
11/05/2020,FEU,Z03,2,0.03675545902
11/05/2020,FEU,Z01,20,0.10330345962
11/05/2020,FEU,Z02,20,0.12191327644
11/05/2020,FEU,Z03,20,0.12191327644
11/05/2020,FEU,Z01,21,0.10367556852
11/05/2020,FEU,Z02,21,0.12233796032
11/05/2020,FEU,Z03,21,0.12233796032
11/05/2020,FEU,Z01,22,0.0983376564
11/05/2020,FEU,Z02,22,0.1169542762
11/05/2020,FEU,Z03,22,0.1169542762
11/05/2020,FEU,Z01,23,0.09959583788
11/05/2020,FEU,Z02,23,0.05107562884
11/05/2020,FEU,Z03,23,0.11830793564
11/05/2020,FEU,Z01,24,0.09679004974
11/05/2020,FEU,Z02,24,0.04828722174
11/05/2020,FEU,Z03,24,0.05151951362
11/05/2020,FEU,Z01,3,0.08689186708
11/05/2020,FEU,Z02,3,0.03847154824
11/05/2020,FEU,Z03,3,0.03582458198
11/05/2020,FEU,Z01,4,0.0875148251
11/05/2020,FEU,Z02,4,0.03909881224
11/05/2020,FEU,Z03,4,0.03643230998
11/05/2020,FEU,Z01,5,0.0875658701
11/05/2020,FEU,Z02,5,0.03911524526
11/05/2020,FEU,Z03,5,0.036448577
11/05/2020,FEU,Z01,6,0.08751123626
11/05/2020,FEU,Z02,6,0.03914484638
11/05/2020,FEU,Z03,6,0.03653459908
11/05/2020,FEU,Z01,7,0.08858476156
11/05/2020,FEU,Z02,7,0.0403335766
11/05/2020,FEU,Z03,7,0.03774296926
11/05/2020,FEU,Z01,8,0.09763729388
11/05/2020,FEU,Z02,8,0.04919503684
11/05/2020,FEU,Z03,8,0.05239644776
11/05/2020,FEU,Z01,9,0.09942237962
11/05/2020,FEU,Z02,9,0.05133099342
11/05/2020,FEU,Z03,9,0.05428843652
11/06/2020,FEU,Z01,1,0.09737012626
11/06/2020,FEU,Z02,1,0.04855741638
11/06/2020,FEU,Z03,1,0.05200979314
11/06/2020,FEU,Z01,10,0.0992328317
11/06/2020,FEU,Z02,10,0.05120048148
11/06/2020,FEU,Z03,10,0.05406948662
11/06/2020,FEU,Z01,11,0.09678763474
11/06/2020,FEU,Z02,11,0.0488833525
11/06/2020,FEU,Z03,11,0.05166633664
11/06/2020,FEU,Z01,12,0.09684094668
11/06/2020,FEU,Z02,12,0.04888630146
11/06/2020,FEU,Z03,12,0.05170733458
11/06/2020,FEU,Z01,13,0.09665659286
11/06/2020,FEU,Z02,13,0.11521772268
11/06/2020,FEU,Z03,13,0.05151442778
11/06/2020,FEU,Z01,14,0.09841866578
11/06/2020,FEU,Z02,14,0.1169926166
11/06/2020,FEU,Z03,14,0.1169926166
11/06/2020,FEU,Z01,15,0.0971160267
11/06/2020,FEU,Z02,15,0.1157247515
11/06/2020,FEU,Z03,15,0.1157247515
11/06/2020,FEU,Z01,16,0.0972725066
11/06/2020,FEU,Z02,16,0.1158813364
11/06/2020,FEU,Z03,16,0.1158813364
11/06/2020,FEU,Z01,17,0.09529686958
11/06/2020,FEU,Z02,17,0.11388858238
11/06/2020,FEU,Z03,17,0.11388858238
11/06/2020,FEU,Z01,18,0.09468180854
11/06/2020,FEU,Z02,18,0.11326781734
11/06/2020,FEU,Z03,18,0.11326781734
11/06/2020,FEU,Z01,19,0.0995048666
11/06/2020,FEU,Z02,19,0.1181327764
11/06/2020,FEU,Z03,19,0.1181327764
11/06/2020,FEU,Z01,2,0.09583645814
11/06/2020,FEU,Z02,2,0.04704340428
11/06/2020,FEU,Z03,2,0.04412859202
11/06/2020,FEU,Z01,20,0.10102657258
11/06/2020,FEU,Z02,20,0.11966721538
11/06/2020,FEU,Z03,20,0.11966721538
11/06/2020,FEU,Z01,21,0.10052924852
11/06/2020,FEU,Z02,21,0.11916484032
11/06/2020,FEU,Z03,21,0.11916484032
11/06/2020,FEU,Z01,22,0.0961216164
11/06/2020,FEU,Z02,22,0.11476255718
11/06/2020,FEU,Z03,22,0.11476255718
11/06/2020,FEU,Z01,23,0.0931832258
11/06/2020,FEU,Z02,23,0.0448356968
11/06/2020,FEU,Z03,23,0.11183169356
11/06/2020,FEU,Z01,24,0.09018025568
11/06/2020,FEU,Z02,24,0.0419088567
11/06/2020,FEU,Z03,24,0.04486445156
11/06/2020,FEU,Z01,3,0.09526869906
11/06/2020,FEU,Z02,3,0.04645647722
11/06/2020,FEU,Z03,3,0.04356296896
11/06/2020,FEU,Z01,4,0.09299043006
11/06/2020,FEU,Z02,4,0.04428417422
11/06/2020,FEU,Z03,4,0.04145711296
11/06/2020,FEU,Z01,5,0.0926716151
11/06/2020,FEU,Z02,5,0.04398431926
11/06/2020,FEU,Z03,5,0.041164727
11/06/2020,FEU,Z01,6,0.0938985352
11/06/2020,FEU,Z02,6,0.04523680032
11/06/2020,FEU,Z03,6,0.04241258104
11/06/2020,FEU,Z01,7,0.0968281505
11/06/2020,FEU,Z02,7,0.04817964456
11/06/2020,FEU,Z03,7,0.04533170524
11/06/2020,FEU,Z01,8,0.09766462274
11/06/2020,FEU,Z02,8,0.04912574474
11/06/2020,FEU,Z03,8,0.05239719362
11/06/2020,FEU,Z01,9,0.10060198448
11/06/2020,FEU,Z02,9,0.05236499332
11/06/2020,FEU,Z03,9,0.05544646738
11/07/2020,FEU,Z01,1,0.09624511912
11/07/2020,FEU,Z02,1,0.04739208828
11/07/2020,FEU,Z03,1,0.05089110398
11/07/2020,FEU,Z01,10,0.09609472816
11/07/2020,FEU,Z02,10,0.04786328306
11/07/2020,FEU,Z03,10,0.05089960804
11/07/2020,FEU,Z01,11,0.0921924863
11/07/2020,FEU,Z02,11,0.04416041918
11/07/2020,FEU,Z03,11,0.0469672862
11/07/2020,FEU,Z01,12,0.09251932934
11/07/2020,FEU,Z02,12,0.0445180972
11/07/2020,FEU,Z03,12,0.04730304824
11/07/2020,FEU,Z01,13,0.09148058058
11/07/2020,FEU,Z02,13,0.1099990364
11/07/2020,FEU,Z03,13,0.04630512848
11/07/2020,FEU,Z01,14,0.09182873452
11/07/2020,FEU,Z02,14,0.11039021632
11/07/2020,FEU,Z03,14,0.11039021632
11/07/2020,FEU,Z01,15,0.09157403638
11/07/2020,FEU,Z02,15,0.11013194918
11/07/2020,FEU,Z03,15,0.11013194918
11/07/2020,FEU,Z01,16,0.09008526922
11/07/2020,FEU,Z02,16,0.108667976
11/07/2020,FEU,Z03,16,0.108667976
11/07/2020,FEU,Z01,17,0.09500643216
11/07/2020,FEU,Z02,17,0.11363390894
11/07/2020,FEU,Z03,17,0.11363390894
11/07/2020,FEU,Z01,18,0.0948114162
11/07/2020,FEU,Z02,18,0.11343759498
11/07/2020,FEU,Z03,18,0.11343759498
11/07/2020,FEU,Z01,19,0.10366742432
11/07/2020,FEU,Z02,19,0.1223774011
11/07/2020,FEU,Z03,19,0.1223774011
11/07/2020,FEU,Z01,2,0.09385930898
11/07/2020,FEU,Z02,2,0.04506737616
11/07/2020,FEU,Z03,2,0.04218417492
11/07/2020,FEU,Z01,20,0.10533804832
11/07/2020,FEU,Z02,20,0.12401162012
11/07/2020,FEU,Z03,20,0.12401162012
11/07/2020,FEU,Z01,21,0.1035127913
11/07/2020,FEU,Z02,21,0.12222100808
11/07/2020,FEU,Z03,21,0.12222100808
11/07/2020,FEU,Z01,22,0.10020951216
11/07/2020,FEU,Z02,22,0.11888500394
11/07/2020,FEU,Z03,22,0.11888500394
11/07/2020,FEU,Z01,23,0.10069602758
11/07/2020,FEU,Z02,23,0.05193137762
11/07/2020,FEU,Z03,23,0.11946084532
11/07/2020,FEU,Z01,24,0.09786037346
11/07/2020,FEU,Z02,24,0.04912441954
11/07/2020,FEU,Z03,24,0.05254051634
11/07/2020,FEU,Z01,3,0.0934062049
11/07/2020,FEU,Z02,3,0.0445932611
11/07/2020,FEU,Z03,3,0.04169162088
11/07/2020,FEU,Z01,4,0.09288530786
11/07/2020,FEU,Z02,4,0.04405823208
11/07/2020,FEU,Z03,4,0.04120985284
11/07/2020,FEU,Z01,5,0.09292301786
11/07/2020,FEU,Z02,5,0.04409411208
11/07/2020,FEU,Z03,5,0.04124575084
11/07/2020,FEU,Z01,6,0.09410546492
11/07/2020,FEU,Z02,6,0.04526106412
11/07/2020,FEU,Z03,6,0.04237250488
11/07/2020,FEU,Z01,7,0.09331963806
11/07/2020,FEU,Z02,7,0.04459807022
11/07/2020,FEU,Z03,7,0.04176124096
11/07/2020,FEU,Z01,8,0.09293106218
11/07/2020,FEU,Z02,8,0.04427539232
11/07/2020,FEU,Z03,8,0.04756985504
11/07/2020,FEU,Z01,9,0.09481049192
11/07/2020,FEU,Z02,9,0.04648399688
11/07/2020,FEU,Z03,9,0.04952461382
11/08/2020,FEU,Z01,1,0.10075051106
11/08/2020,FEU,Z02,1,0.05168332122
11/08/2020,FEU,Z03,1,0.0554521799
11/08/2020,FEU,Z01,10,0.09840026384
11/08/2020,FEU,Z02,10,0.04988232882
11/08/2020,FEU,Z03,10,0.05315557172
11/08/2020,FEU,Z01,11,0.094299776
11/08/2020,FEU,Z02,11,0.04604165994
11/08/2020,FEU,Z03,11,0.04906515788
11/08/2020,FEU,Z01,12,0.09367151198
11/08/2020,FEU,Z02,12,0.04539828594
11/08/2020,FEU,Z03,12,0.04839220988
11/08/2020,FEU,Z01,13,0.0931930162
11/08/2020,FEU,Z02,13,0.11180423498
11/08/2020,FEU,Z03,13,0.04799090008
11/08/2020,FEU,Z01,14,0.09412905926
11/08/2020,FEU,Z02,14,0.11274967204
11/08/2020,FEU,Z03,14,0.11274967204
11/08/2020,FEU,Z01,15,0.09475810814
11/08/2020,FEU,Z02,15,0.11338304392
11/08/2020,FEU,Z03,15,0.11338304392
11/08/2020,FEU,Z01,16,0.09513402494
11/08/2020,FEU,Z02,16,0.11375993972
11/08/2020,FEU,Z03,16,0.11375993972
11/08/2020,FEU,Z01,17,0.09799558384
11/08/2020,FEU,Z02,17,0.1166911556
11/08/2020,FEU,Z03,17,0.1166911556
11/08/2020,FEU,Z01,18,0.09924963986
11/08/2020,FEU,Z02,18,0.11795798062
11/08/2020,FEU,Z03,18,0.11795798062
11/08/2020,FEU,Z01,19,0.10497112412
11/08/2020,FEU,Z02,19,0.1236899009
11/08/2020,FEU,Z03,19,0.1236899009
11/08/2020,FEU,Z01,2,0.09639360394
11/08/2020,FEU,Z02,2,0.04747951612
11/08/2020,FEU,Z03,2,0.04452035288
11/08/2020,FEU,Z01,20,0.10758588218
11/08/2020,FEU,Z02,20,0.12633099596
11/08/2020,FEU,Z03,20,0.12633099596
11/08/2020,FEU,Z01,21,0.1047907562
11/08/2020,FEU,Z02,21,0.123457976
11/08/2020,FEU,Z03,21,0.123457976
11/08/2020,FEU,Z01,22,0.10264085018
11/08/2020,FEU,Z02,22,0.12133908996
11/08/2020,FEU,Z03,22,0.12133908996
11/08/2020,FEU,Z01,23,0.10209340768
11/08/2020,FEU,Z02,23,0.0533223617
11/08/2020,FEU,Z03,23,0.12087493042
11/08/2020,FEU,Z01,24,0.1006874356
11/08/2020,FEU,Z02,24,0.05192388864
11/08/2020,FEU,Z03,24,0.05545101746
11/08/2020,FEU,Z01,3,0.09534003782
11/08/2020,FEU,Z02,3,0.04639002804
11/08/2020,FEU,Z03,3,0.04343402582
11/08/2020,FEU,Z01,4,0.0946219147
11/08/2020,FEU,Z02,4,0.04565891494
11/08/2020,FEU,Z03,4,0.04269466374
11/08/2020,FEU,Z01,5,0.09139916672
11/08/2020,FEU,Z02,5,0.04259616596
11/08/2020,FEU,Z03,5,0.03973279876
11/08/2020,FEU,Z01,6,0.0921829148
11/08/2020,FEU,Z02,6,0.04334950404
11/08/2020,FEU,Z03,6,0.0405266568
11/08/2020,FEU,Z01,7,0.09410546492
11/08/2020,FEU,Z02,7,0.04526106412
11/08/2020,FEU,Z03,7,0.04237250488
11/08/2020,FEU,Z01,8,0.095913225
11/08/2020,FEU,Z02,8,0.04702635118
11/08/2020,FEU,Z03,8,0.05053435886
11/08/2020,FEU,Z01,9,0.09540099764
11/08/2020,FEU,Z02,9,0.04690524166
11/08/2020,FEU,Z03,9,0.0501419255
11/09/2020,FEU,Z01,1,0.10093178918
11/09/2020,FEU,Z02,1,0.0519506113
11/09/2020,FEU,Z03,1,0.05561571104
11/09/2020,FEU,Z01,10,0.10848576086
11/09/2020,FEU,Z02,10,0.0602623376
11/09/2020,FEU,Z03,10,0.06338449178
11/09/2020,FEU,Z01,11,0.1073186669
11/09/2020,FEU,Z02,11,0.05913794764
11/09/2020,FEU,Z03,11,0.06222093582
11/09/2020,FEU,Z01,12,0.1069432919
11/09/2020,FEU,Z02,12,0.05877459764
11/09/2020,FEU,Z03,12,0.06184426082
11/09/2020,FEU,Z01,13,0.10611179306
11/09/2020,FEU,Z02,13,0.1246949819
11/09/2020,FEU,Z03,13,0.06104015798
11/09/2020,FEU,Z01,14,0.10663200904
11/09/2020,FEU,Z02,14,0.12527326586
11/09/2020,FEU,Z03,14,0.12527326586
11/09/2020,FEU,Z01,15,0.10837632492
11/09/2020,FEU,Z02,15,0.12703065474
11/09/2020,FEU,Z03,15,0.12703065474
11/09/2020,FEU,Z01,16,0.1108661768
11/09/2020,FEU,Z02,16,0.12953692362
11/09/2020,FEU,Z03,16,0.12953692362
11/09/2020,FEU,Z01,17,0.1107838168
11/09/2020,FEU,Z02,17,0.12945392462
11/09/2020,FEU,Z03,17,0.12945392462
11/09/2020,FEU,Z01,18,0.11499077978
11/09/2020,FEU,Z02,18,0.1336931966
11/09/2020,FEU,Z03,18,0.1336931966
11/09/2020,FEU,Z01,19,0.12366266088
11/09/2020,FEU,Z02,19,0.1424342567
11/09/2020,FEU,Z03,19,0.1424342567
11/09/2020,FEU,Z01,2,0.10010749594
11/09/2020,FEU,Z02,2,0.05101853212
11/09/2020,FEU,Z03,2,0.04794789288
11/09/2020,FEU,Z01,20,0.11793988382
11/09/2020,FEU,Z02,20,0.13666586464
11/09/2020,FEU,Z03,20,0.13666586464
11/09/2020,FEU,Z01,21,0.11537237474
11/09/2020,FEU,Z02,21,0.13407708456
11/09/2020,FEU,Z03,21,0.13407708456
11/09/2020,FEU,Z01,22,0.1130581466
11/09/2020,FEU,Z02,22,0.1318018964
11/09/2020,FEU,Z03,22,0.1318018964
11/09/2020,FEU,Z01,23,0.11168620406
11/09/2020,FEU,Z02,23,0.06280476798
11/09/2020,FEU,Z03,23,0.13046571184
11/09/2020,FEU,Z01,24,0.10875948396
11/09/2020,FEU,Z02,24,0.0599314819
11/09/2020,FEU,Z03,24,0.06358943184
11/09/2020,FEU,Z01,3,0.0990272348
11/09/2020,FEU,Z02,3,0.04989680802
11/09/2020,FEU,Z03,3,0.0468266168
11/09/2020,FEU,Z01,4,0.09908349578
11/09/2020,FEU,Z02,4,0.04990879802
11/09/2020,FEU,Z03,4,0.0468382168
11/09/2020,FEU,Z01,5,0.09874292786
11/09/2020,FEU,Z02,5,0.04967123806
11/09/2020,FEU,Z03,5,0.04660613284
11/09/2020,FEU,Z01,6,0.10018201502
11/09/2020,FEU,Z02,6,0.0510966062
11/09/2020,FEU,Z03,6,0.04805981894
11/09/2020,FEU,Z01,7,0.11004341552
11/09/2020,FEU,Z02,7,0.06082586858
11/09/2020,FEU,Z03,7,0.05765852124
11/09/2020,FEU,Z01,8,0.11287550198
11/09/2020,FEU,Z02,8,0.06388819892
11/09/2020,FEU,Z03,8,0.06772987886
11/09/2020,FEU,Z01,9,0.11125970268
11/09/2020,FEU,Z02,9,0.06282278346
11/09/2020,FEU,Z03,9,0.06618792058
11/10/2020,FEU,Z01,1,0.11545698138
11/10/2020,FEU,Z02,1,0.06594128746
11/10/2020,FEU,Z03,1,0.07026207724
11/10/2020,FEU,Z01,10,0.1140457368
11/10/2020,FEU,Z02,10,0.06558329356
11/10/2020,FEU,Z03,10,0.06895227272
11/10/2020,FEU,Z01,11,0.11411225186
11/10/2020,FEU,Z02,11,0.0657088976
11/10/2020,FEU,Z03,11,0.06903043478
11/10/2020,FEU,Z01,12,0.11363204084
11/10/2020,FEU,Z02,12,0.06524208158
11/10/2020,FEU,Z03,12,0.06854475876
11/10/2020,FEU,Z01,13,0.11113102104
11/10/2020,FEU,Z02,13,0.12980754886
11/10/2020,FEU,Z03,13,0.06607308896
11/10/2020,FEU,Z01,14,0.11032457698
11/10/2020,FEU,Z02,14,0.1289938568
11/10/2020,FEU,Z03,14,0.1289938568
11/10/2020,FEU,Z01,15,0.11081256488
11/10/2020,FEU,Z02,15,0.1294841167
11/10/2020,FEU,Z03,15,0.1294841167
11/10/2020,FEU,Z01,16,0.10802477978
11/10/2020,FEU,Z02,16,0.12672846258
11/10/2020,FEU,Z03,16,0.12672846258
11/10/2020,FEU,Z01,17,0.11094655676
11/10/2020,FEU,Z02,17,0.12961731958
11/10/2020,FEU,Z03,17,0.12961731958
11/10/2020,FEU,Z01,18,0.11441754872
11/10/2020,FEU,Z02,18,0.13311454454
11/10/2020,FEU,Z03,18,0.13311454454
11/10/2020,FEU,Z01,19,0.12573935674
11/10/2020,FEU,Z02,19,0.14452429256
11/10/2020,FEU,Z03,19,0.14452429256
11/10/2020,FEU,Z01,2,0.1160424552
11/10/2020,FEU,Z02,2,0.06638067232
11/10/2020,FEU,Z03,2,0.06285838706
11/10/2020,FEU,Z01,20,0.1200723517
11/10/2020,FEU,Z02,20,0.13881270852
11/10/2020,FEU,Z03,20,0.13881270852
11/10/2020,FEU,Z01,21,0.11542014462
11/10/2020,FEU,Z02,21,0.13418446142
11/10/2020,FEU,Z03,21,0.13418446142
11/10/2020,FEU,Z01,22,0.1149640765
11/10/2020,FEU,Z02,22,0.1337222513
11/10/2020,FEU,Z03,22,0.1337222513
11/10/2020,FEU,Z01,23,0.11075497994
11/10/2020,FEU,Z02,23,0.0617956519
11/10/2020,FEU,Z03,23,0.1295793407
11/10/2020,FEU,Z01,24,0.10760224082
11/10/2020,FEU,Z02,24,0.05866059482
11/10/2020,FEU,Z03,24,0.0623993957
11/10/2020,FEU,Z01,3,0.11318093512
11/10/2020,FEU,Z02,3,0.06359118526
11/10/2020,FEU,Z03,3,0.060160427
11/10/2020,FEU,Z01,4,0.11370952508
11/10/2020,FEU,Z02,4,0.06404087224
11/10/2020,FEU,Z03,4,0.06059755498
11/10/2020,FEU,Z01,5,0.11292996006
11/10/2020,FEU,Z02,5,0.06329628422
11/10/2020,FEU,Z03,5,0.05987759296
11/10/2020,FEU,Z01,6,0.11286457622
11/10/2020,FEU,Z02,6,0.06334768434
11/10/2020,FEU,Z03,6,0.05997138806
11/10/2020,FEU,Z01,7,0.10990075166
11/10/2020,FEU,Z02,7,0.06080064668
11/10/2020,FEU,Z03,7,0.05767783132
11/10/2020,FEU,Z01,8,0.11432471588
11/10/2020,FEU,Z02,8,0.06521828284
11/10/2020,FEU,Z03,8,0.06916689176
11/10/2020,FEU,Z01,9,0.11648861062
11/10/2020,FEU,Z02,9,0.06781326442
11/10/2020,FEU,Z03,9,0.07142766252
11/11/2020,FEU,Z01,1,0.11089548426
11/11/2020,FEU,Z02,1,0.06147047038
11/11/2020,FEU,Z03,1,0.06565121512
11/11/2020,FEU,Z01,10,0.10457879684
11/11/2020,FEU,Z02,10,0.05647922458
11/11/2020,FEU,Z03,10,0.05950893574
11/11/2020,FEU,Z01,11,0.10148557894
11/11/2020,FEU,Z02,11,0.05354112766
11/11/2020,FEU,Z03,11,0.05642142284
11/11/2020,FEU,Z01,12,0.10369108492
11/11/2020,FEU,Z02,12,0.05567550164
11/11/2020,FEU,Z03,12,0.05863267182
11/11/2020,FEU,Z01,13,0.10489235312
11/11/2020,FEU,Z02,13,0.12352106794
11/11/2020,FEU,Z03,13,0.05982781304
11/11/2020,FEU,Z01,14,0.10082772104
11/11/2020,FEU,Z02,14,0.11942347386
11/11/2020,FEU,Z03,14,0.11942347386
11/11/2020,FEU,Z01,15,0.0960735869
11/11/2020,FEU,Z02,15,0.11463059672
11/11/2020,FEU,Z03,15,0.11463059672
11/11/2020,FEU,Z01,16,0.09328911282
11/11/2020,FEU,Z02,16,0.11182367264
11/11/2020,FEU,Z03,16,0.11182367264
11/11/2020,FEU,Z01,17,0.0972999768
11/11/2020,FEU,Z02,17,0.11586546862
11/11/2020,FEU,Z03,17,0.11586546862
11/11/2020,FEU,Z01,18,0.10547237476
11/11/2020,FEU,Z02,18,0.12410073858
11/11/2020,FEU,Z03,18,0.12410073858
11/11/2020,FEU,Z01,19,0.11297543174
11/11/2020,FEU,Z02,19,0.13172102054
11/11/2020,FEU,Z03,19,0.13172102054
11/11/2020,FEU,Z01,2,0.1094691551
11/11/2020,FEU,Z02,2,0.05999932326
11/11/2020,FEU,Z03,2,0.05673019498
11/11/2020,FEU,Z01,20,0.10969726268
11/11/2020,FEU,Z02,20,0.1283571765
11/11/2020,FEU,Z03,20,0.1283571765
11/11/2020,FEU,Z01,21,0.11029972158
11/11/2020,FEU,Z02,21,0.12901955438
11/11/2020,FEU,Z03,21,0.12901955438
11/11/2020,FEU,Z01,22,0.10908565146
11/11/2020,FEU,Z02,22,0.12779314226
11/11/2020,FEU,Z03,22,0.12779314226
11/11/2020,FEU,Z01,23,0.10793770392
11/11/2020,FEU,Z02,23,0.05908902088
11/11/2020,FEU,Z03,23,0.12673357568
11/11/2020,FEU,Z01,24,0.10393272378
11/11/2020,FEU,Z02,24,0.05513916178
11/11/2020,FEU,Z03,24,0.05870398266
11/11/2020,FEU,Z01,3,0.10662601508
11/11/2020,FEU,Z02,3,0.05728590424
11/11/2020,FEU,Z03,3,0.05405411998
11/11/2020,FEU,Z01,4,0.10560055708
11/11/2020,FEU,Z02,4,0.05630936824
11/11/2020,FEU,Z03,4,0.05310799798
11/11/2020,FEU,Z01,5,0.1030486901
11/11/2020,FEU,Z02,5,0.05387796426
11/11/2020,FEU,Z03,5,0.050749977
11/11/2020,FEU,Z01,6,0.10240221716
11/11/2020,FEU,Z02,6,0.0533098063
11/11/2020,FEU,Z03,6,0.05024012302
11/11/2020,FEU,Z01,7,0.10429030054
11/11/2020,FEU,Z02,7,0.05536900858
11/11/2020,FEU,Z03,7,0.05231021326
11/11/2020,FEU,Z01,8,0.10537637186
11/11/2020,FEU,Z02,8,0.05662423182
11/11/2020,FEU,Z03,8,0.06017017874
11/11/2020,FEU,Z01,9,0.1070829566
11/11/2020,FEU,Z02,9,0.0587274074
11/11/2020,FEU,Z03,9,0.06192765452
11/12/2020,FEU,Z01,1,0.10882605734
11/12/2020,FEU,Z02,1,0.05954941444
11/12/2020,FEU,Z03,1,0.0635856552
11/12/2020,FEU,Z01,10,0.1068502568
11/12/2020,FEU,Z02,10,0.05862352756
11/12/2020,FEU,Z03,10,0.0617825417
11/12/2020,FEU,Z01,11,0.1066855368
11/12/2020,FEU,Z02,11,0.05846420356
11/12/2020,FEU,Z03,11,0.06156669272
11/12/2020,FEU,Z01,12,0.10584442178
11/12/2020,FEU,Z02,12,0.05764738054
11/12/2020,FEU,Z03,12,0.06076854468
11/12/2020,FEU,Z01,13,0.10486848094
11/12/2020,FEU,Z02,13,0.12349455876
11/12/2020,FEU,Z03,13,0.05976982386
11/12/2020,FEU,Z01,14,0.10504368586
11/12/2020,FEU,Z02,14,0.12367005668
11/12/2020,FEU,Z03,14,0.12367005668
11/12/2020,FEU,Z01,15,0.10503662476
11/12/2020,FEU,Z02,15,0.12366161358
11/12/2020,FEU,Z03,15,0.12366161358
11/12/2020,FEU,Z01,16,0.10563057266
11/12/2020,FEU,Z02,16,0.12431176346
11/12/2020,FEU,Z03,16,0.12431176346
11/12/2020,FEU,Z01,17,0.10721999158
11/12/2020,FEU,Z02,17,0.12591470538
11/12/2020,FEU,Z03,17,0.12591470538
11/12/2020,FEU,Z01,18,0.11134431256
11/12/2020,FEU,Z02,18,0.13007271836
11/12/2020,FEU,Z03,18,0.13007271836
11/12/2020,FEU,Z01,19,0.11443401664
11/12/2020,FEU,Z02,19,0.13319027044
11/12/2020,FEU,Z03,19,0.13319027044
11/12/2020,FEU,Z01,2,0.10742113916
11/12/2020,FEU,Z02,2,0.0580972063
11/12/2020,FEU,Z03,2,0.05488323202
11/12/2020,FEU,Z01,20,0.11221591562
11/12/2020,FEU,Z02,20,0.13089434844
11/12/2020,FEU,Z03,20,0.13089434844
11/12/2020,FEU,Z01,21,0.11211428052
11/12/2020,FEU,Z02,21,0.13084855232
11/12/2020,FEU,Z03,21,0.13084855232
11/12/2020,FEU,Z01,22,0.1095028164
11/12/2020,FEU,Z02,22,0.1282128662
11/12/2020,FEU,Z03,22,0.1282128662
11/12/2020,FEU,Z01,23,0.10864445588
11/12/2020,FEU,Z02,23,0.05976294484
11/12/2020,FEU,Z03,23,0.12744658964
11/12/2020,FEU,Z01,24,0.10595305174
11/12/2020,FEU,Z02,24,0.05707252374
11/12/2020,FEU,Z03,24,0.06072662062
11/12/2020,FEU,Z01,3,0.10633445108
11/12/2020,FEU,Z02,3,0.05700910024
11/12/2020,FEU,Z03,3,0.05378478598
11/12/2020,FEU,Z01,4,0.1060703051
11/12/2020,FEU,Z02,4,0.05680357624
11/12/2020,FEU,Z03,4,0.05358681398
11/12/2020,FEU,Z01,5,0.1065122801
11/12/2020,FEU,Z02,5,0.05718019826
11/12/2020,FEU,Z03,5,0.053949277
11/12/2020,FEU,Z01,6,0.10815800326
11/12/2020,FEU,Z02,6,0.05885573638
11/12/2020,FEU,Z03,6,0.05566133908
11/12/2020,FEU,Z01,7,0.10738034356
11/12/2020,FEU,Z02,7,0.0583281766
11/12/2020,FEU,Z03,7,0.05523116626
11/12/2020,FEU,Z01,8,0.11083575788
11/12/2020,FEU,Z02,8,0.06186818884
11/12/2020,FEU,Z03,8,0.06566057576
11/12/2020,FEU,Z01,9,0.10806245862
11/12/2020,FEU,Z02,9,0.05967430342
11/12/2020,FEU,Z03,9,0.06296547052
11/13/2020,FEU,Z01,1,0.10612313826
11/13/2020,FEU,Z02,1,0.05691417238
11/13/2020,FEU,Z03,1,0.06080526114
11/13/2020,FEU,Z01,10,0.1099123867
11/13/2020,FEU,Z02,10,0.06152252348
11/13/2020,FEU,Z03,10,0.06478570962
11/13/2020,FEU,Z01,11,0.10900843874
11/13/2020,FEU,Z02,11,0.0607048525
11/13/2020,FEU,Z03,11,0.06393851264
11/13/2020,FEU,Z01,12,0.10840650068
11/13/2020,FEU,Z02,12,0.06006501446
11/13/2020,FEU,Z03,12,0.06332248358
11/13/2020,FEU,Z01,13,0.10869633486
11/13/2020,FEU,Z02,13,0.12735228468
11/13/2020,FEU,Z03,13,0.06359579378
11/13/2020,FEU,Z01,14,0.10882586978
11/13/2020,FEU,Z02,14,0.1274804966
11/13/2020,FEU,Z03,14,0.1274804966
11/13/2020,FEU,Z01,15,0.1078188817
11/13/2020,FEU,Z02,15,0.1265206515
11/13/2020,FEU,Z03,15,0.1265206515
11/13/2020,FEU,Z01,16,0.1077966566
11/13/2020,FEU,Z02,16,0.1264954364
11/13/2020,FEU,Z03,16,0.1264954364
11/13/2020,FEU,Z01,17,0.10870716158
11/13/2020,FEU,Z02,17,0.12741339438
11/13/2020,FEU,Z03,17,0.12741339438
11/13/2020,FEU,Z01,18,0.11182989554
11/13/2020,FEU,Z02,18,0.13056209434
11/13/2020,FEU,Z03,18,0.13056209434
11/13/2020,FEU,Z01,19,0.1124520866
11/13/2020,FEU,Z02,19,0.1311906564
11/13/2020,FEU,Z03,19,0.1311906564
11/13/2020,FEU,Z01,2,0.10626025614
11/13/2020,FEU,Z02,2,0.05698920028
11/13/2020,FEU,Z03,2,0.05376295702
11/13/2020,FEU,Z01,20,0.11084657858
11/13/2020,FEU,Z02,20,0.12957108138
11/13/2020,FEU,Z03,20,0.12957108138
11/13/2020,FEU,Z01,21,0.11011143652
11/13/2020,FEU,Z02,21,0.12882983232
11/13/2020,FEU,Z03,21,0.12882983232
11/13/2020,FEU,Z01,22,0.1074543364
11/13/2020,FEU,Z02,22,0.12620092118
11/13/2020,FEU,Z03,22,0.12620092118
11/13/2020,FEU,Z01,23,0.1064266758
11/13/2020,FEU,Z02,23,0.0575307368
11/13/2020,FEU,Z03,23,0.12520526156
11/13/2020,FEU,Z01,24,0.10371068768
11/13/2020,FEU,Z02,24,0.0548718117
11/13/2020,FEU,Z03,24,0.05846164556
11/13/2020,FEU,Z01,3,0.10303002706
11/13/2020,FEU,Z02,3,0.05385562422
11/13/2020,FEU,Z03,3,0.05073186496
11/13/2020,FEU,Z01,4,0.10286542306
11/13/2020,FEU,Z02,4,0.05369986522
11/13/2020,FEU,Z03,4,0.05057980096
11/13/2020,FEU,Z01,5,0.1057665251
11/13/2020,FEU,Z02,5,0.05646918526
11/13/2020,FEU,Z03,5,0.053260427
11/13/2020,FEU,Z01,6,0.1077468552
11/13/2020,FEU,Z02,6,0.05845971232
11/13/2020,FEU,Z03,6,0.05523229704
11/13/2020,FEU,Z01,7,0.1077845505
11/13/2020,FEU,Z02,7,0.05866201256
11/13/2020,FEU,Z03,7,0.05550997724
11/13/2020,FEU,Z01,8,0.11224609574
11/13/2020,FEU,Z02,8,0.06310500474
11/13/2020,FEU,Z03,8,0.06705079262
11/13/2020,FEU,Z01,9,0.11059445648
11/13/2020,FEU,Z02,9,0.06200172532
11/13/2020,FEU,Z03,9,0.06548142438
11/14/2020,FEU,Z01,1,0.10197871512
11/14/2020,FEU,Z02,1,0.05285954828
11/14/2020,FEU,Z03,1,0.05665696298
11/14/2020,FEU,Z01,10,0.10352565616
11/14/2020,FEU,Z02,10,0.05501253406
11/14/2020,FEU,Z03,10,0.05836794004
11/14/2020,FEU,Z01,11,0.1029356963
11/14/2020,FEU,Z02,11,0.05450472518
11/14/2020,FEU,Z03,11,0.0577558262
11/14/2020,FEU,Z01,12,0.10352004634
11/14/2020,FEU,Z02,12,0.0551189572
11/14/2020,FEU,Z03,12,0.05835026024
11/14/2020,FEU,Z01,13,0.10305942858
11/14/2020,FEU,Z02,13,0.1216668764
11/14/2020,FEU,Z03,13,0.05793341648
11/14/2020,FEU,Z01,14,0.10234073052
11/14/2020,FEU,Z02,14,0.12099175232
11/14/2020,FEU,Z03,14,0.12099175232
11/14/2020,FEU,Z01,15,0.10273684838
11/14/2020,FEU,Z02,15,0.12138928118
11/14/2020,FEU,Z03,15,0.12138928118
11/14/2020,FEU,Z01,16,0.09998369422
11/14/2020,FEU,Z02,16,0.118657976
11/14/2020,FEU,Z03,16,0.118657976
11/14/2020,FEU,Z01,17,0.09811636016
11/14/2020,FEU,Z02,17,0.11677253594
11/14/2020,FEU,Z03,17,0.11677253594
11/14/2020,FEU,Z01,18,0.1021203962
11/14/2020,FEU,Z02,18,0.12081413698
11/14/2020,FEU,Z03,18,0.12081413698
11/14/2020,FEU,Z01,19,0.10583059232
11/14/2020,FEU,Z02,19,0.1245606661
11/14/2020,FEU,Z03,19,0.1245606661
11/14/2020,FEU,Z01,2,0.10076733098
11/14/2020,FEU,Z02,2,0.05165079216
11/14/2020,FEU,Z03,2,0.04855771692
11/14/2020,FEU,Z01,20,0.10170790432
11/14/2020,FEU,Z02,20,0.12035081612
11/14/2020,FEU,Z03,20,0.12035081612
11/14/2020,FEU,Z01,21,0.1017198863
11/14/2020,FEU,Z02,21,0.12041146008
11/14/2020,FEU,Z03,21,0.12041146008
11/14/2020,FEU,Z01,22,0.10065770416
11/14/2020,FEU,Z02,22,0.11933733194
11/14/2020,FEU,Z03,22,0.11933733194
11/14/2020,FEU,Z01,23,0.09364353158
11/14/2020,FEU,Z02,23,0.04517806462
11/14/2020,FEU,Z03,23,0.11233326132
11/14/2020,FEU,Z01,24,0.09731190446
11/14/2020,FEU,Z02,24,0.04860008854
11/14/2020,FEU,Z03,24,0.05198936534
11/14/2020,FEU,Z01,3,0.0972540349
11/14/2020,FEU,Z02,3,0.0482571311
11/14/2020,FEU,Z03,3,0.04523591688
11/14/2020,FEU,Z01,4,0.09724961186
11/14/2020,FEU,Z02,4,0.04821074408
11/14/2020,FEU,Z03,4,0.04523042884
11/14/2020,FEU,Z01,5,0.09740296586
11/14/2020,FEU,Z02,5,0.04835665608
11/14/2020,FEU,Z03,5,0.04537170484
11/14/2020,FEU,Z01,6,0.09747872492
11/14/2020,FEU,Z02,6,0.04847292412
11/14/2020,FEU,Z03,6,0.04548330088
11/14/2020,FEU,Z01,7,0.09830763806
11/14/2020,FEU,Z02,7,0.04935407022
11/14/2020,FEU,Z03,7,0.04636924096
11/14/2020,FEU,Z01,8,0.10331326818
11/14/2020,FEU,Z02,8,0.05417955232
11/14/2020,FEU,Z03,8,0.05801062304
11/14/2020,FEU,Z01,9,0.10480850792
11/14/2020,FEU,Z02,9,0.05608457688
11/14/2020,FEU,Z03,9,0.05956414982
11/15/2020,FEU,Z01,1,0.09452174606
11/15/2020,FEU,Z02,1,0.04574426622
11/15/2020,FEU,Z03,1,0.0491834549
11/15/2020,FEU,Z01,10,0.07888864784
11/15/2020,FEU,Z02,10,0.03116216082
11/15/2020,FEU,Z03,10,0.03354704372
11/15/2020,FEU,Z01,11,0.079376576
11/15/2020,FEU,Z02,11,0.03170295194
11/15/2020,FEU,Z03,11,0.03406734188
11/15/2020,FEU,Z01,12,0.07999092098
11/15/2020,FEU,Z02,12,0.03226446294
11/15/2020,FEU,Z03,12,0.03465466388
11/15/2020,FEU,Z01,13,0.0849772562
11/15/2020,FEU,Z02,13,0.10351253098
11/15/2020,FEU,Z03,13,0.03973371608
11/15/2020,FEU,Z01,14,0.08176526726
11/15/2020,FEU,Z02,14,0.10027130404
11/15/2020,FEU,Z03,14,0.10027130404
11/15/2020,FEU,Z01,15,0.08501964914
11/15/2020,FEU,Z02,15,0.10355599592
11/15/2020,FEU,Z03,15,0.10355599592
11/15/2020,FEU,Z01,16,0.08349499994
11/15/2020,FEU,Z02,16,0.10201448972
11/15/2020,FEU,Z03,16,0.10201448972
11/15/2020,FEU,Z01,17,0.08894524784
11/15/2020,FEU,Z02,17,0.1075509156
11/15/2020,FEU,Z03,17,0.1075509156
11/15/2020,FEU,Z01,18,0.09194728986
11/15/2020,FEU,Z02,18,0.11058303062
11/15/2020,FEU,Z03,18,0.11058303062
11/15/2020,FEU,Z01,19,0.09824293412
11/15/2020,FEU,Z02,19,0.1168997259
11/15/2020,FEU,Z03,19,0.1168997259
11/15/2020,FEU,Z01,2,0.09073254994
11/15/2020,FEU,Z02,2,0.04208502412
11/15/2020,FEU,Z03,2,0.03929754488
11/15/2020,FEU,Z01,20,0.10591729118
11/15/2020,FEU,Z02,20,0.12464699396
11/15/2020,FEU,Z03,20,0.12464699396
11/15/2020,FEU,Z01,21,0.1080168462
11/15/2020,FEU,Z02,21,0.126711176
11/15/2020,FEU,Z03,21,0.126711176
11/15/2020,FEU,Z01,22,0.10826356118
11/15/2020,FEU,Z02,22,0.12701373196
11/15/2020,FEU,Z03,22,0.12701373196
11/15/2020,FEU,Z01,23,0.10557481568
11/15/2020,FEU,Z02,23,0.0566577567
11/15/2020,FEU,Z03,23,0.12439355742
11/15/2020,FEU,Z01,24,0.1060749556
11/15/2020,FEU,Z02,24,0.05708294464
11/15/2020,FEU,Z03,24,0.06086944946
11/15/2020,FEU,Z01,3,0.08562685282
11/15/2020,FEU,Z02,3,0.03714626004
11/15/2020,FEU,Z03,3,0.03449118182
11/15/2020,FEU,Z01,4,0.0816759047
11/15/2020,FEU,Z02,4,0.03334741294
11/15/2020,FEU,Z03,4,0.03079368474
11/15/2020,FEU,Z01,5,0.07238102272
11/15/2020,FEU,Z02,5,0.02451087396
11/15/2020,FEU,Z03,5,0.02225050876
11/15/2020,FEU,Z01,6,0.0703735748
11/15/2020,FEU,Z02,6,0.02261212404
11/15/2020,FEU,Z03,6,0.0204470568
11/15/2020,FEU,Z01,7,0.07052775692
11/15/2020,FEU,Z02,7,0.02281147612
11/15/2020,FEU,Z03,7,0.02063739288
11/15/2020,FEU,Z01,8,0.070531975
11/15/2020,FEU,Z02,8,0.02284428718
11/15/2020,FEU,Z03,8,0.02501097386
11/15/2020,FEU,Z01,9,0.07320416564
11/15/2020,FEU,Z02,9,0.02563900066
11/15/2020,FEU,Z03,9,0.0278175255
11/16/2020,FEU,Z01,1,0.10719263418
11/16/2020,FEU,Z02,1,0.0579289363
11/16/2020,FEU,Z03,1,0.06191311904
11/16/2020,FEU,Z01,10,0.10378718386
11/16/2020,FEU,Z02,10,0.0557151376
11/16/2020,FEU,Z03,10,0.05866967078
11/16/2020,FEU,Z01,11,0.1051137719
11/16/2020,FEU,Z02,11,0.05700368564
11/16/2020,FEU,Z03,11,0.06000840482
11/16/2020,FEU,Z01,12,0.1036018769
11/16/2020,FEU,Z02,12,0.05553910564
11/16/2020,FEU,Z03,12,0.05849127382
11/16/2020,FEU,Z01,13,0.10320070706
11/16/2020,FEU,Z02,13,0.1217635919
11/16/2020,FEU,Z03,13,0.05811891998
11/16/2020,FEU,Z01,14,0.10512812904
11/16/2020,FEU,Z02,14,0.12375875286
11/16/2020,FEU,Z03,14,0.12375875286
11/16/2020,FEU,Z01,15,0.10393688692
11/16/2020,FEU,Z02,15,0.12255543074
11/16/2020,FEU,Z03,15,0.12255543074
11/16/2020,FEU,Z01,16,0.1030941768
11/16/2020,FEU,Z02,16,0.12170462362
11/16/2020,FEU,Z03,16,0.12170462362
11/16/2020,FEU,Z01,17,0.1056496568
11/16/2020,FEU,Z02,17,0.12427993062
11/16/2020,FEU,Z03,17,0.12427993062
11/16/2020,FEU,Z01,18,0.10833128378
11/16/2020,FEU,Z02,18,0.1269820766
11/16/2020,FEU,Z03,18,0.1269820766
11/16/2020,FEU,Z01,19,0.11308872888
11/16/2020,FEU,Z02,19,0.1317780017
11/16/2020,FEU,Z03,19,0.1317780017
11/16/2020,FEU,Z01,2,0.10102343894
11/16/2020,FEU,Z02,2,0.05189134612
11/16/2020,FEU,Z03,2,0.04879292888
11/16/2020,FEU,Z01,20,0.11212633982
11/16/2020,FEU,Z02,20,0.13080834464
11/16/2020,FEU,Z03,20,0.13080834464
11/16/2020,FEU,Z01,21,0.11236136774
11/16/2020,FEU,Z02,21,0.13104394856
11/16/2020,FEU,Z03,21,0.13104394856
11/16/2020,FEU,Z01,22,0.1119173966
11/16/2020,FEU,Z02,22,0.1306525764
11/16/2020,FEU,Z03,22,0.1306525764
11/16/2020,FEU,Z01,23,0.10887923906
11/16/2020,FEU,Z02,23,0.06010452198
11/16/2020,FEU,Z03,23,0.12763295184
11/16/2020,FEU,Z01,24,0.10839287396
11/16/2020,FEU,Z02,24,0.0595792069
11/16/2020,FEU,Z03,24,0.06322099184
11/16/2020,FEU,Z01,3,0.0973766348
11/16/2020,FEU,Z02,3,0.04832611802
11/16/2020,FEU,Z03,3,0.0453070168
11/16/2020,FEU,Z01,4,0.09749589678
11/16/2020,FEU,Z02,4,0.04839925702
11/16/2020,FEU,Z03,4,0.0453777768
11/16/2020,FEU,Z01,5,0.09707111786
11/16/2020,FEU,Z02,5,0.04807922806
11/16/2020,FEU,Z03,5,0.04506599284
11/16/2020,FEU,Z01,6,0.09659363802
11/16/2020,FEU,Z02,6,0.0476777362
11/16/2020,FEU,Z03,6,0.04474724994
11/16/2020,FEU,Z01,7,0.10390505552
11/16/2020,FEU,Z02,7,0.05495330358
11/16/2020,FEU,Z03,7,0.05195145124
11/16/2020,FEU,Z01,8,0.10565749198
11/16/2020,FEU,Z02,8,0.05695150492
11/16/2020,FEU,Z03,8,0.06047580886
11/16/2020,FEU,Z01,9,0.10349414268
11/16/2020,FEU,Z02,9,0.05531696346
11/16/2020,FEU,Z03,9,0.05838906058
11/17/2020,FEU,Z01,1,0.11032124938
11/17/2020,FEU,Z02,1,0.06103084346
11/17/2020,FEU,Z03,1,0.06509714124
11/17/2020,FEU,Z01,10,0.1068978168
11/17/2020,FEU,Z02,10,0.05866952956
11/17/2020,FEU,Z03,10,0.06177970472
11/17/2020,FEU,Z01,11,0.10550185786
11/17/2020,FEU,Z02,11,0.0573749776
11/17/2020,FEU,Z03,11,0.06039027278
11/17/2020,FEU,Z01,12,0.10460311484
11/17/2020,FEU,Z02,12,0.05650164458
11/17/2020,FEU,Z03,12,0.05948464476
11/17/2020,FEU,Z01,13,0.10482505704
11/17/2020,FEU,Z02,13,0.12345330486
11/17/2020,FEU,Z03,13,0.05974515296
11/17/2020,FEU,Z01,14,0.10264740698
11/17/2020,FEU,Z02,14,0.1212566568
11/17/2020,FEU,Z03,14,0.1212566568
11/17/2020,FEU,Z01,15,0.10270206888
11/17/2020,FEU,Z02,15,0.1213116417
11/17/2020,FEU,Z03,15,0.1213116417
11/17/2020,FEU,Z01,16,0.10359324278
11/17/2020,FEU,Z02,16,0.12225875558
11/17/2020,FEU,Z03,16,0.12225875558
11/17/2020,FEU,Z01,17,0.10425808476
11/17/2020,FEU,Z02,17,0.12287704358
11/17/2020,FEU,Z03,17,0.12287704358
11/17/2020,FEU,Z01,18,0.10811914472
11/17/2020,FEU,Z02,18,0.12676744154
11/17/2020,FEU,Z03,18,0.12676744154
11/17/2020,FEU,Z01,19,0.11094483374
11/17/2020,FEU,Z02,19,0.12961528056
11/17/2020,FEU,Z03,19,0.12961528056
11/17/2020,FEU,Z01,2,0.1087413352
11/17/2020,FEU,Z02,2,0.05940928032
11/17/2020,FEU,Z03,2,0.05610485106
11/17/2020,FEU,Z01,20,0.1103737267
11/17/2020,FEU,Z02,20,0.12903915852
11/17/2020,FEU,Z03,20,0.12903915852
11/17/2020,FEU,Z01,21,0.10877437962
11/17/2020,FEU,Z02,21,0.12748184642
11/17/2020,FEU,Z03,21,0.12748184642
11/17/2020,FEU,Z01,22,0.1081996015
11/17/2020,FEU,Z02,22,0.1269002063
11/17/2020,FEU,Z03,22,0.1269002063
11/17/2020,FEU,Z01,23,0.10761635294
11/17/2020,FEU,Z02,23,0.0587822569
11/17/2020,FEU,Z03,23,0.1264094057
11/17/2020,FEU,Z01,24,0.10482758582
11/17/2020,FEU,Z02,24,0.05600068982
11/17/2020,FEU,Z03,24,0.0596109707
11/17/2020,FEU,Z01,3,0.10792627912
11/17/2020,FEU,Z02,3,0.05857729726
11/17/2020,FEU,Z03,3,0.055303977
11/17/2020,FEU,Z01,4,0.10792808508
11/17/2020,FEU,Z02,4,0.05852855224
11/17/2020,FEU,Z03,4,0.05525806598
11/17/2020,FEU,Z01,5,0.10778982606
11/17/2020,FEU,Z02,5,0.05839522622
11/17/2020,FEU,Z03,5,0.05512904896
11/17/2020,FEU,Z01,6,0.10822328222
11/17/2020,FEU,Z02,6,0.05891616634
11/17/2020,FEU,Z03,6,0.05567357906
11/17/2020,FEU,Z01,7,0.10831865166
11/17/2020,FEU,Z02,7,0.05928484668
11/17/2020,FEU,Z03,7,0.05620476532
11/17/2020,FEU,Z01,8,0.10915821188
11/17/2020,FEU,Z02,8,0.06025741084
11/17/2020,FEU,Z03,8,0.06397468376
11/17/2020,FEU,Z01,9,0.10795491062
11/17/2020,FEU,Z02,9,0.05957156442
11/17/2020,FEU,Z03,9,0.06285746252
11/18/2020,FEU,Z01,1,0.09947921126
11/18/2020,FEU,Z02,1,0.05057102138
11/18/2020,FEU,Z03,1,0.05417033912
11/18/2020,FEU,Z01,10,0.10608419684
11/18/2020,FEU,Z02,10,0.05793652458
11/18/2020,FEU,Z03,10,0.06102083574
11/18/2020,FEU,Z01,11,0.10347450394
11/18/2020,FEU,Z02,11,0.05546906966
11/18/2020,FEU,Z03,11,0.05841897284
11/18/2020,FEU,Z01,12,0.10235475292
11/18/2020,FEU,Z02,12,0.05438197564
11/18/2020,FEU,Z03,12,0.05729054982
11/18/2020,FEU,Z01,13,0.10051426512
11/18/2020,FEU,Z02,13,0.11910853694
11/18/2020,FEU,Z03,13,0.05543441704
11/18/2020,FEU,Z01,14,0.10102632504
11/18/2020,FEU,Z02,14,0.11962363486
11/18/2020,FEU,Z03,14,0.11962363486
11/18/2020,FEU,Z01,15,0.1021592819
11/18/2020,FEU,Z02,15,0.12076371272
11/18/2020,FEU,Z03,15,0.12076371272
11/18/2020,FEU,Z01,16,0.10404347382
11/18/2020,FEU,Z02,16,0.12266154464
11/18/2020,FEU,Z03,16,0.12266154464
11/18/2020,FEU,Z01,17,0.1062853368
11/18/2020,FEU,Z02,17,0.12492054262
11/18/2020,FEU,Z03,17,0.12492054262
11/18/2020,FEU,Z01,18,0.10856329476
11/18/2020,FEU,Z02,18,0.12721559858
11/18/2020,FEU,Z03,18,0.12721559858
11/18/2020,FEU,Z01,19,0.11183103974
11/18/2020,FEU,Z02,19,0.13056678854
11/18/2020,FEU,Z03,19,0.13056678854
11/18/2020,FEU,Z01,2,0.0977151101
11/18/2020,FEU,Z02,2,0.04879285626
11/18/2020,FEU,Z03,2,0.04586245298
11/18/2020,FEU,Z01,20,0.11388786668
11/18/2020,FEU,Z02,20,0.1325801265
11/18/2020,FEU,Z03,20,0.1325801265
11/18/2020,FEU,Z01,21,0.11517342358
11/18/2020,FEU,Z02,21,0.13393605738
11/18/2020,FEU,Z03,21,0.13393605738
11/18/2020,FEU,Z01,22,0.11337581646
11/18/2020,FEU,Z02,22,0.13211975726
11/18/2020,FEU,Z03,22,0.13211975726
11/18/2020,FEU,Z01,23,0.11237564792
11/18/2020,FEU,Z02,23,0.06334888088
11/18/2020,FEU,Z03,23,0.13121575168
11/18/2020,FEU,Z01,24,0.10987146778
11/18/2020,FEU,Z02,24,0.06083154478
11/18/2020,FEU,Z03,24,0.06467215066
11/18/2020,FEU,Z01,3,0.09593658108
11/18/2020,FEU,Z02,3,0.04709524024
11/18/2020,FEU,Z03,3,0.04417969098
11/18/2020,FEU,Z01,4,0.09405138308
11/18/2020,FEU,Z02,4,0.04529779624
11/18/2020,FEU,Z03,4,0.04243937898
11/18/2020,FEU,Z01,5,0.0940373801
11/18/2020,FEU,Z02,5,0.04528527126
11/18/2020,FEU,Z03,5,0.042426277
11/18/2020,FEU,Z01,6,0.09677844116
11/18/2020,FEU,Z02,6,0.0479441263
11/18/2020,FEU,Z03,6,0.04503745102
11/18/2020,FEU,Z01,7,0.10314801854
11/18/2020,FEU,Z02,7,0.05427529458
11/18/2020,FEU,Z03,7,0.05124825526
11/18/2020,FEU,Z01,8,0.11054836686
11/18/2020,FEU,Z02,8,0.06158938782
11/18/2020,FEU,Z03,8,0.06536788374
11/18/2020,FEU,Z01,9,0.1105403066
11/18/2020,FEU,Z02,9,0.0620654274
11/18/2020,FEU,Z03,9,0.06539682452
11/19/2020,FEU,Z01,1,0.10623552434
11/19/2020,FEU,Z02,1,0.05707443644
11/19/2020,FEU,Z03,1,0.0609804152
11/19/2020,FEU,Z01,10,0.1027055768
11/19/2020,FEU,Z02,10,0.05461462156
11/19/2020,FEU,Z03,10,0.0576199967
11/19/2020,FEU,Z01,11,0.0991838168
11/19/2020,FEU,Z02,11,0.05120822956
11/19/2020,FEU,Z03,11,0.05403910472
11/19/2020,FEU,Z01,12,0.09728669078
11/19/2020,FEU,Z02,12,0.04937087054
11/19/2020,FEU,Z03,12,0.05217395868
11/19/2020,FEU,Z01,13,0.09700156194
11/19/2020,FEU,Z02,13,0.11556623276
11/19/2020,FEU,Z03,13,0.05187561286
11/19/2020,FEU,Z01,14,0.09558752486
11/19/2020,FEU,Z02,14,0.11414150468
11/19/2020,FEU,Z03,14,0.11414150468
11/19/2020,FEU,Z01,15,0.09511430676
11/19/2020,FEU,Z02,15,0.11366361558
11/19/2020,FEU,Z03,15,0.11366361558
11/19/2020,FEU,Z01,16,0.09656648366
11/19/2020,FEU,Z02,16,0.11517000446
11/19/2020,FEU,Z03,16,0.11517000446
11/19/2020,FEU,Z01,17,0.09753113758
11/19/2020,FEU,Z02,17,0.11614311138
11/19/2020,FEU,Z03,17,0.11614311138
11/19/2020,FEU,Z01,18,0.10302662856
11/19/2020,FEU,Z02,18,0.12168406436
11/19/2020,FEU,Z03,18,0.12168406436
11/19/2020,FEU,Z01,19,0.10863606464
11/19/2020,FEU,Z02,19,0.12734267844
11/19/2020,FEU,Z03,19,0.12734267844
11/19/2020,FEU,Z01,2,0.10396589516
11/19/2020,FEU,Z02,2,0.0548017213
11/19/2020,FEU,Z03,2,0.05168671402
11/19/2020,FEU,Z01,20,0.10905844662
11/19/2020,FEU,Z02,20,0.12771374844
11/19/2020,FEU,Z03,20,0.12771374844
11/19/2020,FEU,Z01,21,0.10588034052
11/19/2020,FEU,Z02,21,0.12456151232
11/19/2020,FEU,Z03,21,0.12456151232
11/19/2020,FEU,Z01,22,0.1033573764
11/19/2020,FEU,Z02,22,0.1220153462
11/19/2020,FEU,Z03,22,0.1220153462
11/19/2020,FEU,Z01,23,0.10226471588
11/19/2020,FEU,Z02,23,0.05363828284
11/19/2020,FEU,Z03,23,0.12100458764
11/19/2020,FEU,Z01,24,0.10042298474
11/19/2020,FEU,Z02,24,0.05177040674
11/19/2020,FEU,Z03,24,0.05516919962
11/19/2020,FEU,Z01,3,0.10246312908
11/19/2020,FEU,Z02,3,0.05331798424
11/19/2020,FEU,Z03,3,0.05020977998
11/19/2020,FEU,Z01,4,0.1020128501
11/19/2020,FEU,Z02,4,0.05293188424
11/19/2020,FEU,Z03,4,0.04983570498
11/19/2020,FEU,Z01,5,0.0977275601
11/19/2020,FEU,Z02,5,0.04880472626
11/19/2020,FEU,Z03,5,0.045834877
11/19/2020,FEU,Z01,6,0.09690501426
11/19/2020,FEU,Z02,6,0.04811336038
11/19/2020,FEU,Z03,6,0.04523732308
11/19/2020,FEU,Z01,7,0.09813713556
11/19/2020,FEU,Z02,7,0.0494794666
11/19/2020,FEU,Z03,7,0.04663203526
11/19/2020,FEU,Z01,8,0.10551006188
11/19/2020,FEU,Z02,8,0.05675330284
11/19/2020,FEU,Z03,8,0.06030838376
11/19/2020,FEU,Z01,9,0.10285222562
11/19/2020,FEU,Z02,9,0.05464347942
11/19/2020,FEU,Z03,9,0.05773295252
11/20/2020,FEU,Z01,1,0.10053437226
11/20/2020,FEU,Z02,1,0.05157841438
11/20/2020,FEU,Z03,1,0.05518938714
11/20/2020,FEU,Z01,10,0.1052057867
11/20/2020,FEU,Z02,10,0.05697235748
11/20/2020,FEU,Z03,10,0.06006294962
11/20/2020,FEU,Z01,11,0.10410871974
11/20/2020,FEU,Z02,11,0.0559652275
11/20/2020,FEU,Z03,11,0.05901772864
11/20/2020,FEU,Z01,12,0.10278404868
11/20/2020,FEU,Z02,12,0.05463062046
11/20/2020,FEU,Z03,12,0.05767592158
11/20/2020,FEU,Z01,13,0.10332901186
11/20/2020,FEU,Z02,13,0.12194204468
11/20/2020,FEU,Z03,13,0.05820991478
11/20/2020,FEU,Z01,14,0.10446515378
11/20/2020,FEU,Z02,14,0.1230859766
11/20/2020,FEU,Z03,14,0.1230859766
11/20/2020,FEU,Z01,15,0.1040699117
11/20/2020,FEU,Z02,15,0.1227383265
11/20/2020,FEU,Z03,15,0.1227383265
11/20/2020,FEU,Z01,16,0.1044223766
11/20/2020,FEU,Z02,16,0.1230923164
11/20/2020,FEU,Z03,16,0.1230923164
11/20/2020,FEU,Z01,17,0.10486628158
11/20/2020,FEU,Z02,17,0.12353971438
11/20/2020,FEU,Z03,17,0.12353971438
11/20/2020,FEU,Z01,18,0.10911440054
11/20/2020,FEU,Z02,18,0.12782344934
11/20/2020,FEU,Z03,18,0.12782344934
11/20/2020,FEU,Z01,19,0.1116085166
11/20/2020,FEU,Z02,19,0.1303410564
11/20/2020,FEU,Z03,19,0.1303410564
11/20/2020,FEU,Z01,2,0.09882711614
11/20/2020,FEU,Z02,2,0.04989692028
11/20/2020,FEU,Z03,2,0.04689308602
11/20/2020,FEU,Z01,20,0.11110771158
11/20/2020,FEU,Z02,20,0.12983444438
11/20/2020,FEU,Z03,20,0.12983444438
11/20/2020,FEU,Z01,21,0.11037441252
11/20/2020,FEU,Z02,21,0.12909386432
11/20/2020,FEU,Z03,21,0.12909386432
11/20/2020,FEU,Z01,22,0.1075510964
11/20/2020,FEU,Z02,22,0.12629858318
11/20/2020,FEU,Z03,22,0.12629858318
11/20/2020,FEU,Z01,23,0.1060818258
11/20/2020,FEU,Z02,23,0.0572012968
11/20/2020,FEU,Z03,23,0.12485699156
11/20/2020,FEU,Z01,24,0.10193289568
11/20/2020,FEU,Z02,24,0.0531685817
11/20/2020,FEU,Z03,24,0.05667508156
11/20/2020,FEU,Z01,3,0.09635733006
11/20/2020,FEU,Z02,3,0.04749447422
11/20/2020,FEU,Z03,3,0.04456866496
11/20/2020,FEU,Z01,4,0.09606677906
11/20/2020,FEU,Z02,4,0.04721743722
11/20/2020,FEU,Z03,4,0.04429909696
11/20/2020,FEU,Z01,5,0.0950981201
11/20/2020,FEU,Z02,5,0.04629778226
11/20/2020,FEU,Z03,5,0.043407227
11/20/2020,FEU,Z01,6,0.0961392152
11/20/2020,FEU,Z02,6,0.04737628832
11/20/2020,FEU,Z03,6,0.04448701704
11/20/2020,FEU,Z01,7,0.0993271505
11/20/2020,FEU,Z02,7,0.05057169656
11/20/2020,FEU,Z03,7,0.04765322524
11/20/2020,FEU,Z01,8,0.10637153674
11/20/2020,FEU,Z02,8,0.05747375874
11/20/2020,FEU,Z03,8,0.06114717562
11/20/2020,FEU,Z01,9,0.10687006448
11/20/2020,FEU,Z02,9,0.05840921332
11/20/2020,FEU,Z03,9,0.06174119738
11/21/2020,FEU,Z01,1,0.10151097112
11/21/2020,FEU,Z02,1,0.05241361228
11/21/2020,FEU,Z03,1,0.05618658698
11/21/2020,FEU,Z01,10,0.10361028816
11/21/2020,FEU,Z02,10,0.05509511806
11/21/2020,FEU,Z03,10,0.05845299804
11/21/2020,FEU,Z01,11,0.1033077863
11/21/2020,FEU,Z02,11,0.05486414018
11/21/2020,FEU,Z03,11,0.0581294862
11/21/2020,FEU,Z01,12,0.10368803234
11/21/2020,FEU,Z02,12,0.0552808372
11/21/2020,FEU,Z03,12,0.05852014424
11/21/2020,FEU,Z01,13,0.10200201558
11/21/2020,FEU,Z02,13,0.1206013364
11/21/2020,FEU,Z03,13,0.05687148848
11/21/2020,FEU,Z01,14,0.10516537452
11/21/2020,FEU,Z02,14,0.12384045632
11/21/2020,FEU,Z03,14,0.12384045632
11/21/2020,FEU,Z01,15,0.10551810338
11/21/2020,FEU,Z02,15,0.12419408618
11/21/2020,FEU,Z03,15,0.12419408618
11/21/2020,FEU,Z01,16,0.10300137622
11/21/2020,FEU,Z02,16,0.121703576
11/21/2020,FEU,Z03,16,0.121703576
11/21/2020,FEU,Z01,17,0.10551033616
11/21/2020,FEU,Z02,17,0.12423474494
11/21/2020,FEU,Z03,17,0.12423474494
11/21/2020,FEU,Z01,18,0.1114476162
11/21/2020,FEU,Z02,18,0.13022757498
11/21/2020,FEU,Z03,18,0.13022757498
11/21/2020,FEU,Z01,19,0.11335491232
11/21/2020,FEU,Z02,19,0.1321548911
11/21/2020,FEU,Z03,19,0.1321548911
11/21/2020,FEU,Z01,2,0.09931992398
11/21/2020,FEU,Z02,2,0.05027164816
11/21/2020,FEU,Z03,2,0.04722138492
11/21/2020,FEU,Z01,20,0.11318678432
11/21/2020,FEU,Z02,20,0.13192664612
11/21/2020,FEU,Z03,20,0.13192664612
11/21/2020,FEU,Z01,21,0.1132214963
11/21/2020,FEU,Z02,21,0.13201983608
11/21/2020,FEU,Z03,21,0.13201983608
11/21/2020,FEU,Z01,22,0.11278272816
11/21/2020,FEU,Z02,22,0.13157424794
11/21/2020,FEU,Z03,22,0.13157424794
11/21/2020,FEU,Z01,23,0.11243472158
11/21/2020,FEU,Z02,23,0.06317014362
11/21/2020,FEU,Z03,23,0.13132575532
11/21/2020,FEU,Z01,24,0.10869846446
11/21/2020,FEU,Z02,24,0.05948435554
11/21/2020,FEU,Z03,24,0.06343160534
11/21/2020,FEU,Z01,3,0.0975602549
11/21/2020,FEU,Z02,3,0.0485487111
11/21/2020,FEU,Z03,3,0.04551798088
11/21/2020,FEU,Z01,4,0.09607557386
11/21/2020,FEU,Z02,4,0.04709368008
11/21/2020,FEU,Z03,4,0.04414885684
11/21/2020,FEU,Z01,5,0.09626663786
11/21/2020,FEU,Z02,5,0.04727547208
11/21/2020,FEU,Z03,5,0.04432603084
11/21/2020,FEU,Z01,6,0.09676645292
11/21/2020,FEU,Z02,6,0.04779473212
11/21/2020,FEU,Z03,6,0.04482553688
11/21/2020,FEU,Z01,7,0.09785123606
11/21/2020,FEU,Z02,7,0.04891889622
11/21/2020,FEU,Z03,7,0.04594876096
11/21/2020,FEU,Z01,8,0.09943266118
11/21/2020,FEU,Z02,8,0.05047718432
11/21/2020,FEU,Z03,8,0.05410812704
11/21/2020,FEU,Z01,9,0.09886797192
11/21/2020,FEU,Z02,9,0.05038087288
11/21/2020,FEU,Z03,9,0.05359894382
11/22/2020,FEU,Z01,1,0.10999202806
11/22/2020,FEU,Z02,1,0.06049500022
11/22/2020,FEU,Z03,1,0.0647542399
11/22/2020,FEU,Z01,10,0.10685022384
11/22/2020,FEU,Z02,10,0.05798953382
11/22/2020,FEU,Z03,10,0.06164750172
11/22/2020,FEU,Z01,11,0.104618576
11/22/2020,FEU,Z02,11,0.05595630694
11/22/2020,FEU,Z03,11,0.05943555188
11/22/2020,FEU,Z01,12,0.10522993598
11/22/2020,FEU,Z02,12,0.05649475794
11/22/2020,FEU,Z03,12,0.05999875388
11/22/2020,FEU,Z01,13,0.1058534262
11/22/2020,FEU,Z02,13,0.12458167398
11/22/2020,FEU,Z03,13,0.06071514408
11/22/2020,FEU,Z01,14,0.10521563926
11/22/2020,FEU,Z02,14,0.12393899204
11/22/2020,FEU,Z03,14,0.12393899204
11/22/2020,FEU,Z01,15,0.10556191614
11/22/2020,FEU,Z02,15,0.12428646792
11/22/2020,FEU,Z03,15,0.12428646792
11/22/2020,FEU,Z01,16,0.10361036294
11/22/2020,FEU,Z02,16,0.12231378372
11/22/2020,FEU,Z03,16,0.12231378372
11/22/2020,FEU,Z01,17,0.10743851984
11/22/2020,FEU,Z02,17,0.1262291156
11/22/2020,FEU,Z03,17,0.1262291156
11/22/2020,FEU,Z01,18,0.11510599886
11/22/2020,FEU,Z02,18,0.13397198362
11/22/2020,FEU,Z03,18,0.13397198362
11/22/2020,FEU,Z01,19,0.11531116412
11/22/2020,FEU,Z02,19,0.1341252009
11/22/2020,FEU,Z03,19,0.1341252009
11/22/2020,FEU,Z01,2,0.10842741594
11/22/2020,FEU,Z02,2,0.05894669212
11/22/2020,FEU,Z03,2,0.05562257688
11/22/2020,FEU,Z01,20,0.11306329118
11/22/2020,FEU,Z02,20,0.13185899396
11/22/2020,FEU,Z03,20,0.13185899396
11/22/2020,FEU,Z01,21,0.1156149962
11/22/2020,FEU,Z02,21,0.134374376
11/22/2020,FEU,Z03,21,0.134374376
11/22/2020,FEU,Z01,22,0.11533691018
11/22/2020,FEU,Z02,22,0.13415240996
11/22/2020,FEU,Z03,22,0.13415240996
11/22/2020,FEU,Z01,23,0.11358703968
11/22/2020,FEU,Z02,23,0.0643339417
11/22/2020,FEU,Z03,23,0.13249143842
11/22/2020,FEU,Z01,24,0.1101375556
11/22/2020,FEU,Z02,24,0.06097238464
11/22/2020,FEU,Z03,24,0.06495535946
11/22/2020,FEU,Z01,3,0.10380177682
11/22/2020,FEU,Z02,3,0.05444178604
11/22/2020,FEU,Z03,3,0.05122250582
11/22/2020,FEU,Z01,4,0.1015819447
11/22/2020,FEU,Z02,4,0.05227782094
11/22/2020,FEU,Z03,4,0.04909465274
11/22/2020,FEU,Z01,5,0.10133167872
11/22/2020,FEU,Z02,5,0.05204148196
11/22/2020,FEU,Z03,5,0.04886379476
11/22/2020,FEU,Z01,6,0.1014577748
11/22/2020,FEU,Z02,6,0.05216678404
11/22/2020,FEU,Z03,6,0.0490642568
11/22/2020,FEU,Z01,7,0.10490115092
11/22/2020,FEU,Z02,7,0.05554021012
11/22/2020,FEU,Z03,7,0.05232450888
11/22/2020,FEU,Z01,8,0.105975725
11/22/2020,FEU,Z02,8,0.05661509218
11/22/2020,FEU,Z03,8,0.06065320886
11/22/2020,FEU,Z01,9,0.10457619164
11/22/2020,FEU,Z02,9,0.05569625266
11/22/2020,FEU,Z03,9,0.0593698505
11/23/2020,FEU,Z01,1,0.11376993418
11/23/2020,FEU,Z02,1,0.0642094363
11/23/2020,FEU,Z03,1,0.06852627104
11/23/2020,FEU,Z01,10,0.12128912286
11/23/2020,FEU,Z02,10,0.0726562576
11/23/2020,FEU,Z03,10,0.07623211778
11/23/2020,FEU,Z01,11,0.1139783969
11/23/2020,FEU,Z02,11,0.06558433564
11/23/2020,FEU,Z03,11,0.06890488882
11/23/2020,FEU,Z01,12,0.1115517419
11/23/2020,FEU,Z02,12,0.06323541764
11/23/2020,FEU,Z03,12,0.06646867082
11/23/2020,FEU,Z01,13,0.10995424306
11/23/2020,FEU,Z02,13,0.1285642319
11/23/2020,FEU,Z03,13,0.06489600798
11/23/2020,FEU,Z01,14,0.10884650104
11/23/2020,FEU,Z02,14,0.12750511886
11/23/2020,FEU,Z03,14,0.12750511886
11/23/2020,FEU,Z01,15,0.11142288492
11/23/2020,FEU,Z02,15,0.13009981174
11/23/2020,FEU,Z03,15,0.13009981174
11/23/2020,FEU,Z01,16,0.1114670568
11/23/2020,FEU,Z02,16,0.13014246562
11/23/2020,FEU,Z03,16,0.13014246562
11/23/2020,FEU,Z01,17,0.1131861768
11/23/2020,FEU,Z02,17,0.13187492362
11/23/2020,FEU,Z03,17,0.13187492362
11/23/2020,FEU,Z01,18,0.12115452878
11/23/2020,FEU,Z02,18,0.1399058966
11/23/2020,FEU,Z03,18,0.1399058966
11/23/2020,FEU,Z01,19,0.12352278488
11/23/2020,FEU,Z02,19,0.1422932917
11/23/2020,FEU,Z03,19,0.1422932917
11/23/2020,FEU,Z01,2,0.11225658394
11/23/2020,FEU,Z02,2,0.06259555612
11/23/2020,FEU,Z03,2,0.05915531288
11/23/2020,FEU,Z01,20,0.11748091982
11/23/2020,FEU,Z02,20,0.13620333664
11/23/2020,FEU,Z03,20,0.13620333664
11/23/2020,FEU,Z01,21,0.11684822174
11/23/2020,FEU,Z02,21,0.13556435256
11/23/2020,FEU,Z03,21,0.13556435256
11/23/2020,FEU,Z01,22,0.1156953266
11/23/2020,FEU,Z02,22,0.1344616164
11/23/2020,FEU,Z03,22,0.1344616164
11/23/2020,FEU,Z01,23,0.11425017806
11/23/2020,FEU,Z02,23,0.06527020998
11/23/2020,FEU,Z03,23,0.13305324784
11/23/2020,FEU,Z01,24,0.10945423996
11/23/2020,FEU,Z02,24,0.0605990719
11/23/2020,FEU,Z03,24,0.06428886384
11/23/2020,FEU,Z01,3,0.1108598948
11/23/2020,FEU,Z02,3,0.06115541802
11/23/2020,FEU,Z03,3,0.0577201768
11/23/2020,FEU,Z01,4,0.10864691978
11/23/2020,FEU,Z02,4,0.05900081502
11/23/2020,FEU,Z03,4,0.0556356568
11/23/2020,FEU,Z01,5,0.10730561186
11/23/2020,FEU,Z02,5,0.05782520206
11/23/2020,FEU,Z03,5,0.05449442884
11/23/2020,FEU,Z01,6,0.11050375102
11/23/2020,FEU,Z02,6,0.0609307662
11/23/2020,FEU,Z03,6,0.05758821094
11/23/2020,FEU,Z01,7,0.11465422352
11/23/2020,FEU,Z02,7,0.06523585458
11/23/2020,FEU,Z03,7,0.06194536724
11/23/2020,FEU,Z01,8,0.12282458598
11/23/2020,FEU,Z02,8,0.07344793492
11/23/2020,FEU,Z03,8,0.07772866686
11/23/2020,FEU,Z01,9,0.12592681668
11/23/2020,FEU,Z02,9,0.07699818946
11/23/2020,FEU,Z03,9,0.08091792958
11/24/2020,FEU,Z01,1,0.11058345238
11/24/2020,FEU,Z02,1,0.06128154446
11/24/2020,FEU,Z03,1,0.06536083524
11/24/2020,FEU,Z01,10,0.1151535368
11/24/2020,FEU,Z02,10,0.06665368156
11/24/2020,FEU,Z03,10,0.07006389272
11/24/2020,FEU,Z01,11,0.11245542786
11/24/2020,FEU,Z02,11,0.0641061776
11/24/2020,FEU,Z03,11,0.06736788278
11/24/2020,FEU,Z01,12,0.11054018084
11/24/2020,FEU,Z02,12,0.06224901158
11/24/2020,FEU,Z03,12,0.06544221876
11/24/2020,FEU,Z01,13,0.10933554904
11/24/2020,FEU,Z02,13,0.12799800086
11/24/2020,FEU,Z03,13,0.06427136096
11/24/2020,FEU,Z01,14,0.10597724998
11/24/2020,FEU,Z02,14,0.1246125368
11/24/2020,FEU,Z03,14,0.1246125368
11/24/2020,FEU,Z01,15,0.10608221288
11/24/2020,FEU,Z02,15,0.1247169367
11/24/2020,FEU,Z03,15,0.1247169367
11/24/2020,FEU,Z01,16,0.10776471578
11/24/2020,FEU,Z02,16,0.12646732958
11/24/2020,FEU,Z03,16,0.12646732958
11/24/2020,FEU,Z01,17,0.10994375076
11/24/2020,FEU,Z02,17,0.12860674658
11/24/2020,FEU,Z03,17,0.12860674658
11/24/2020,FEU,Z01,18,0.11414633672
11/24/2020,FEU,Z02,18,0.13284123554
11/24/2020,FEU,Z03,18,0.13284123554
11/24/2020,FEU,Z01,19,0.11636441374
11/24/2020,FEU,Z02,19,0.13507680056
11/24/2020,FEU,Z03,19,0.13507680056
11/24/2020,FEU,Z01,2,0.1066382952
11/24/2020,FEU,Z02,2,0.05740121632
11/24/2020,FEU,Z03,2,0.05416068606
11/24/2020,FEU,Z01,20,0.1161579517
11/24/2020,FEU,Z02,20,0.13486806852
11/24/2020,FEU,Z03,20,0.13486806852
11/24/2020,FEU,Z01,21,0.11253622162
11/24/2020,FEU,Z02,21,0.13127586842
11/24/2020,FEU,Z03,21,0.13127586842
11/24/2020,FEU,Z01,22,0.1074123515
11/24/2020,FEU,Z02,22,0.1261062563
11/24/2020,FEU,Z03,22,0.1261062563
11/24/2020,FEU,Z01,23,0.10597906994
11/24/2020,FEU,Z02,23,0.0572103019
11/24/2020,FEU,Z03,23,0.1247570057
11/24/2020,FEU,Z01,24,0.10218954782
11/24/2020,FEU,Z02,24,0.05347059282
11/24/2020,FEU,Z03,24,0.0569598407
11/24/2020,FEU,Z01,3,0.10433982712
11/24/2020,FEU,Z02,3,0.05515517626
11/24/2020,FEU,Z03,3,0.051988527
11/24/2020,FEU,Z01,4,0.10297025108
11/24/2020,FEU,Z02,4,0.05380031224
11/24/2020,FEU,Z03,4,0.05067708598
11/24/2020,FEU,Z01,5,0.10315597406
11/24/2020,FEU,Z02,5,0.05397690222
11/24/2020,FEU,Z03,5,0.05084936896
11/24/2020,FEU,Z01,6,0.10652585222
11/24/2020,FEU,Z02,6,0.05729427334
11/24/2020,FEU,Z03,6,0.05410218906
11/24/2020,FEU,Z01,7,0.11182847966
11/24/2020,FEU,Z02,7,0.06264642468
11/24/2020,FEU,Z03,7,0.05947408732
11/24/2020,FEU,Z01,8,0.11846370788
11/24/2020,FEU,Z02,8,0.06919253884
11/24/2020,FEU,Z03,8,0.07332647576
11/24/2020,FEU,Z01,9,0.11764007562
11/24/2020,FEU,Z02,9,0.06892420042
11/24/2020,FEU,Z03,9,0.07258405252
11/25/2020,FEU,Z01,1,0.10072363326
11/25/2020,FEU,Z02,1,0.05175792638
11/25/2020,FEU,Z03,1,0.05542180312
11/25/2020,FEU,Z01,10,0.11494868684
11/25/2020,FEU,Z02,10,0.06651665858
11/25/2020,FEU,Z03,10,0.06992360074
11/25/2020,FEU,Z01,11,0.11292103294
11/25/2020,FEU,Z02,11,0.06462065066
11/25/2020,FEU,Z03,11,0.06790646684
11/25/2020,FEU,Z01,12,0.11274652292
11/25/2020,FEU,Z02,12,0.06444956564
11/25/2020,FEU,Z03,12,0.06772734482
11/25/2020,FEU,Z01,13,0.11124498512
11/25/2020,FEU,Z02,13,0.12992482994
11/25/2020,FEU,Z03,13,0.06620265704
11/25/2020,FEU,Z01,14,0.11144557304
11/25/2020,FEU,Z02,14,0.13012456686
11/25/2020,FEU,Z03,14,0.13012456686
11/25/2020,FEU,Z01,15,0.1135337219
11/25/2020,FEU,Z02,15,0.13222678472
11/25/2020,FEU,Z03,15,0.13222678472
11/25/2020,FEU,Z01,16,0.11484535382
11/25/2020,FEU,Z02,16,0.13354730464
11/25/2020,FEU,Z03,16,0.13354730464
11/25/2020,FEU,Z01,17,0.1167543368
11/25/2020,FEU,Z02,17,0.13547193662
11/25/2020,FEU,Z03,17,0.13547193662
11/25/2020,FEU,Z01,18,0.12132786476
11/25/2020,FEU,Z02,18,0.14007903358
11/25/2020,FEU,Z03,18,0.14007903358
11/25/2020,FEU,Z01,19,0.12218522874
11/25/2020,FEU,Z02,19,0.14101000754
11/25/2020,FEU,Z03,19,0.14101000754
11/25/2020,FEU,Z01,2,0.1017725651
11/25/2020,FEU,Z02,2,0.05266010226
11/25/2020,FEU,Z03,2,0.04961356198
11/25/2020,FEU,Z01,20,0.11891799068
11/25/2020,FEU,Z02,20,0.1376502515
11/25/2020,FEU,Z03,20,0.1376502515
11/25/2020,FEU,Z01,21,0.11490058058
11/25/2020,FEU,Z02,21,0.13365970338
11/25/2020,FEU,Z03,21,0.13365970338
11/25/2020,FEU,Z01,22,0.10815346746
11/25/2020,FEU,Z02,22,0.12685303826
11/25/2020,FEU,Z03,22,0.12685303826
11/25/2020,FEU,Z01,23,0.10792566392
11/25/2020,FEU,Z02,23,0.05907746088
11/25/2020,FEU,Z03,23,0.12672141568
11/25/2020,FEU,Z01,24,0.10559300478
11/25/2020,FEU,Z02,24,0.05672973178
11/25/2020,FEU,Z03,24,0.06037248966
11/25/2020,FEU,Z01,3,0.09906154908
11/25/2020,FEU,Z02,3,0.05007355624
11/25/2020,FEU,Z03,3,0.04706639898
11/25/2020,FEU,Z01,4,0.09915001508
11/25/2020,FEU,Z02,4,0.05015790424
11/25/2020,FEU,Z03,4,0.04714811998
11/25/2020,FEU,Z01,5,0.0997631351
11/25/2020,FEU,Z02,5,0.05074428426
11/25/2020,FEU,Z03,5,0.047715127
11/25/2020,FEU,Z01,6,0.10159491716
11/25/2020,FEU,Z02,6,0.0525395563
11/25/2020,FEU,Z03,6,0.04949442202
11/25/2020,FEU,Z01,7,0.10975344154
11/25/2020,FEU,Z02,7,0.06059986558
11/25/2020,FEU,Z03,7,0.05738919226
11/25/2020,FEU,Z01,8,0.11866061386
11/25/2020,FEU,Z02,8,0.06937902682
11/25/2020,FEU,Z03,8,0.07352045674
11/25/2020,FEU,Z01,9,0.1165739966
11/25/2020,FEU,Z02,9,0.0678939674
11/25/2020,FEU,Z03,9,0.07145114252
11/26/2020,FEU,Z01,1,0.10805050034
11/26/2020,FEU,Z02,1,0.05880845244
11/26/2020,FEU,Z03,1,0.0628056952
11/26/2020,FEU,Z01,10,0.1130446568
11/26/2020,FEU,Z02,10,0.06461500756
11/26/2020,FEU,Z03,10,0.0680048067
11/26/2020,FEU,Z01,11,0.1130574168
11/26/2020,FEU,Z02,11,0.06462622756
11/26/2020,FEU,Z03,11,0.06796054472
11/26/2020,FEU,Z01,12,0.11336421878
11/26/2020,FEU,Z02,12,0.06492217454
11/26/2020,FEU,Z03,12,0.06832072668
11/26/2020,FEU,Z01,13,0.11275730694
11/26/2020,FEU,Z02,13,0.13144496276
11/26/2020,FEU,Z03,13,0.06768601786
11/26/2020,FEU,Z01,14,0.11454612686
11/26/2020,FEU,Z02,14,0.13324641468
11/26/2020,FEU,Z03,14,0.13324641468
11/26/2020,FEU,Z01,15,0.11316365276
11/26/2020,FEU,Z02,15,0.13185275858
11/26/2020,FEU,Z03,15,0.13185275858
11/26/2020,FEU,Z01,16,0.11321257166
11/26/2020,FEU,Z02,16,0.13195873246
11/26/2020,FEU,Z03,16,0.13195873246
11/26/2020,FEU,Z01,17,0.11369913458
11/26/2020,FEU,Z02,17,0.13244917838
11/26/2020,FEU,Z03,17,0.13244917838
11/26/2020,FEU,Z01,18,0.11385473656
11/26/2020,FEU,Z02,18,0.13260456236
11/26/2020,FEU,Z03,18,0.13260456236
11/26/2020,FEU,Z01,19,0.11668708864
11/26/2020,FEU,Z02,19,0.13546263244
11/26/2020,FEU,Z03,19,0.13546263244
11/26/2020,FEU,Z01,2,0.10583137916
11/26/2020,FEU,Z02,2,0.0565815913
11/26/2020,FEU,Z03,2,0.05341366102
11/26/2020,FEU,Z01,20,0.11834030662
11/26/2020,FEU,Z02,20,0.13706589044
11/26/2020,FEU,Z03,20,0.13706589044
11/26/2020,FEU,Z01,21,0.11896809252
11/26/2020,FEU,Z02,21,0.13776074432
11/26/2020,FEU,Z03,21,0.13776074432
11/26/2020,FEU,Z01,22,0.1151691764
11/26/2020,FEU,Z02,22,0.1339284362
11/26/2020,FEU,Z03,22,0.1339284362
11/26/2020,FEU,Z01,23,0.11389658588
11/26/2020,FEU,Z02,23,0.06480719284
11/26/2020,FEU,Z03,23,0.13275097964
11/26/2020,FEU,Z01,24,0.10896978274
11/26/2020,FEU,Z02,24,0.05996490474
11/26/2020,FEU,Z03,24,0.06375827362
11/26/2020,FEU,Z01,3,0.10265376708
11/26/2020,FEU,Z02,3,0.05349974824
11/26/2020,FEU,Z03,3,0.05038473198
11/26/2020,FEU,Z01,4,0.1027586051
11/26/2020,FEU,Z02,4,0.05364349624
11/26/2020,FEU,Z03,4,0.05052515398
11/26/2020,FEU,Z01,5,0.1031619851
11/26/2020,FEU,Z02,5,0.05398598126
11/26/2020,FEU,Z03,5,0.050855777
11/26/2020,FEU,Z01,6,0.10472903926
11/26/2020,FEU,Z02,6,0.05558318538
11/26/2020,FEU,Z03,6,0.05248462708
11/26/2020,FEU,Z01,7,0.11303698156
11/26/2020,FEU,Z02,7,0.0637452766
11/26/2020,FEU,Z03,7,0.06049433926
11/26/2020,FEU,Z01,8,0.11586839588
11/26/2020,FEU,Z02,8,0.06669936484
11/26/2020,FEU,Z03,8,0.07071825176
11/26/2020,FEU,Z01,9,0.11379406562
11/26/2020,FEU,Z02,9,0.06521091942
11/26/2020,FEU,Z03,9,0.06872159252
11/27/2020,FEU,Z01,1,0.11163644726
11/27/2020,FEU,Z02,1,0.06217788938
11/27/2020,FEU,Z03,1,0.06634531214
11/27/2020,FEU,Z01,10,0.1209006667
11/27/2020,FEU,Z02,10,0.07214295548
11/27/2020,FEU,Z03,10,0.07581171762
11/27/2020,FEU,Z01,11,0.11941031074
11/27/2020,FEU,Z02,11,0.0707668525
11/27/2020,FEU,Z03,11,0.07438510464
11/27/2020,FEU,Z01,12,0.11861016668
11/27/2020,FEU,Z02,12,0.06992739146
11/27/2020,FEU,Z03,12,0.07357107558
11/27/2020,FEU,Z01,13,0.11803448186
11/27/2020,FEU,Z02,13,0.13676307068
11/27/2020,FEU,Z03,13,0.07296738578
11/27/2020,FEU,Z01,14,0.11793739778
11/27/2020,FEU,Z02,14,0.1366626566
11/27/2020,FEU,Z03,14,0.1366626566
11/27/2020,FEU,Z01,15,0.1164538617
11/27/2020,FEU,Z02,15,0.1352285765
11/27/2020,FEU,Z03,15,0.1352285765
11/27/2020,FEU,Z01,16,0.1176433766
11/27/2020,FEU,Z02,16,0.1364263164
11/27/2020,FEU,Z03,16,0.1364263164
11/27/2020,FEU,Z01,17,0.11777772758
11/27/2020,FEU,Z02,17,0.13656142038
11/27/2020,FEU,Z03,17,0.13656142038
11/27/2020,FEU,Z01,18,0.11943914654
11/27/2020,FEU,Z02,18,0.13823739834
11/27/2020,FEU,Z03,18,0.13823739834
11/27/2020,FEU,Z01,19,0.1231306766
11/27/2020,FEU,Z02,19,0.1419605164
11/27/2020,FEU,Z03,19,0.1419605164
11/27/2020,FEU,Z01,2,0.11039944614
11/27/2020,FEU,Z02,2,0.06093858028
11/27/2020,FEU,Z03,2,0.05758912702
11/27/2020,FEU,Z01,20,0.12445828258
11/27/2020,FEU,Z02,20,0.14329902538
11/27/2020,FEU,Z03,20,0.14329902538
11/27/2020,FEU,Z01,21,0.12237621452
11/27/2020,FEU,Z02,21,0.14119789632
11/27/2020,FEU,Z03,21,0.14119789632
11/27/2020,FEU,Z01,22,0.1160081564
11/27/2020,FEU,Z02,22,0.13483448018
11/27/2020,FEU,Z03,22,0.13483448018
11/27/2020,FEU,Z01,23,0.1165846258
11/27/2020,FEU,Z02,23,0.0672700968
11/27/2020,FEU,Z03,23,0.13546517356
11/27/2020,FEU,Z01,24,0.11153807968
11/27/2020,FEU,Z02,24,0.0623709167
11/27/2020,FEU,Z03,24,0.06632765956
11/27/2020,FEU,Z01,3,0.10827116806
11/27/2020,FEU,Z02,3,0.05885418022
11/27/2020,FEU,Z03,3,0.05557372096
11/27/2020,FEU,Z01,4,0.10609390606
11/27/2020,FEU,Z02,4,0.05677699722
11/27/2020,FEU,Z03,4,0.05356232896
11/27/2020,FEU,Z01,5,0.1071185951
11/27/2020,FEU,Z02,5,0.05775826726
11/27/2020,FEU,Z03,5,0.054509327
11/27/2020,FEU,Z01,6,0.1115102552
11/27/2020,FEU,Z02,6,0.06205315232
11/27/2020,FEU,Z03,6,0.05871762504
11/27/2020,FEU,Z01,7,0.1175968005
11/27/2020,FEU,Z02,7,0.06805090456
11/27/2020,FEU,Z03,7,0.06462535724
11/27/2020,FEU,Z01,8,0.12116164574
11/27/2020,FEU,Z02,8,0.07165421774
11/27/2020,FEU,Z03,8,0.07601044262
11/27/2020,FEU,Z01,9,0.12143482448
11/27/2020,FEU,Z02,9,0.07245493732
11/27/2020,FEU,Z03,9,0.07636788238
11/28/2020,FEU,Z01,1,0.11559305112
11/28/2020,FEU,Z02,1,0.06583913228
11/28/2020,FEU,Z03,1,0.07034790698
11/28/2020,FEU,Z01,10,0.11325476016
11/28/2020,FEU,Z02,10,0.06437549506
11/28/2020,FEU,Z03,10,0.06814601604
11/28/2020,FEU,Z01,11,0.1137630413
11/28/2020,FEU,Z02,11,0.06493004218
11/28/2020,FEU,Z03,11,0.0686288562
11/28/2020,FEU,Z01,12,0.11201162034
11/28/2020,FEU,Z02,12,0.0633018772
11/28/2020,FEU,Z03,12,0.06687772424
11/28/2020,FEU,Z01,13,0.11160772858
11/28/2020,FEU,Z02,13,0.1302808764
11/28/2020,FEU,Z03,13,0.06651821648
11/28/2020,FEU,Z01,14,0.11112459852
11/28/2020,FEU,Z02,14,0.12985044032
11/28/2020,FEU,Z03,14,0.12985044032
11/28/2020,FEU,Z01,15,0.11099794338
11/28/2020,FEU,Z02,15,0.12972032618
11/28/2020,FEU,Z03,15,0.12972032618
11/28/2020,FEU,Z01,16,0.11125779222
11/28/2020,FEU,Z02,16,0.130036376
11/28/2020,FEU,Z03,16,0.130036376
11/28/2020,FEU,Z01,17,0.11421074416
11/28/2020,FEU,Z02,17,0.13301544194
11/28/2020,FEU,Z03,17,0.13301544194
11/28/2020,FEU,Z01,18,0.1185269262
11/28/2020,FEU,Z02,18,0.13737232398
11/28/2020,FEU,Z03,18,0.13737232398
11/28/2020,FEU,Z01,19,0.12024342432
11/28/2020,FEU,Z02,19,0.1391074011
11/28/2020,FEU,Z03,19,0.1391074011
11/28/2020,FEU,Z01,2,0.11290953698
11/28/2020,FEU,Z02,2,0.06322034416
11/28/2020,FEU,Z03,2,0.05975728692
11/28/2020,FEU,Z01,20,0.11725027232
11/28/2020,FEU,Z02,20,0.13602445412
11/28/2020,FEU,Z03,20,0.13602445412
11/28/2020,FEU,Z01,21,0.1138222913
11/28/2020,FEU,Z02,21,0.13262740408
11/28/2020,FEU,Z03,21,0.13262740408
11/28/2020,FEU,Z01,22,0.11233572816
11/28/2020,FEU,Z02,22,0.13112312294
11/28/2020,FEU,Z03,22,0.13112312294
11/28/2020,FEU,Z01,23,0.11206353758
11/28/2020,FEU,Z02,23,0.06281476762
11/28/2020,FEU,Z03,23,0.13094938532
11/28/2020,FEU,Z01,24,0.11187394046
11/28/2020,FEU,Z02,24,0.06252125254
11/28/2020,FEU,Z03,24,0.06662260934
11/28/2020,FEU,Z01,3,0.1118685099
11/28/2020,FEU,Z02,3,0.0621729061
11/28/2020,FEU,Z03,3,0.05869753688
11/28/2020,FEU,Z01,4,0.11249953586
11/28/2020,FEU,Z02,4,0.06272061608
11/28/2020,FEU,Z03,4,0.05927928484
11/28/2020,FEU,Z01,5,0.10987114886
11/28/2020,FEU,Z02,5,0.06021858408
11/28/2020,FEU,Z03,5,0.05685790684
11/28/2020,FEU,Z01,6,0.10973908292
11/28/2020,FEU,Z02,6,0.06014666212
11/28/2020,FEU,Z03,6,0.05678435688
11/28/2020,FEU,Z01,7,0.10922013506
11/28/2020,FEU,Z02,7,0.05975900922
11/28/2020,FEU,Z03,7,0.05645154496
11/28/2020,FEU,Z01,8,0.11201888318
11/28/2020,FEU,Z02,8,0.06248649632
11/28/2020,FEU,Z03,8,0.06676534304
11/28/2020,FEU,Z01,9,0.11048055192
11/28/2020,FEU,Z02,9,0.06153049288
11/28/2020,FEU,Z03,9,0.06525974882
11/29/2020,FEU,Z01,1,0.10895452406
11/29/2020,FEU,Z02,1,0.05950575222
11/29/2020,FEU,Z03,1,0.0637088249
11/29/2020,FEU,Z01,10,0.11045610384
11/29/2020,FEU,Z02,10,0.06144914882
11/29/2020,FEU,Z03,10,0.06527129172
11/29/2020,FEU,Z01,11,0.109431776
11/29/2020,FEU,Z02,11,0.06057983694
11/29/2020,FEU,Z03,11,0.06427281788
11/29/2020,FEU,Z01,12,0.11030295998
11/29/2020,FEU,Z02,12,0.06136502994
11/29/2020,FEU,Z03,12,0.06509289788
11/29/2020,FEU,Z01,13,0.1096352462
11/29/2020,FEU,Z02,13,0.12839845198
11/29/2020,FEU,Z03,13,0.06451603208
11/29/2020,FEU,Z01,14,0.10760150926
11/29/2020,FEU,Z02,14,0.12634817004
11/29/2020,FEU,Z03,14,0.12634817004
11/29/2020,FEU,Z01,15,0.10682172414
11/29/2020,FEU,Z02,15,0.12555789192
11/29/2020,FEU,Z03,15,0.12555789192
11/29/2020,FEU,Z01,16,0.10903348694
11/29/2020,FEU,Z02,16,0.12778649572
11/29/2020,FEU,Z03,16,0.12778649572
11/29/2020,FEU,Z01,17,0.11413567184
11/29/2020,FEU,Z02,17,0.1329915756
11/29/2020,FEU,Z03,17,0.1329915756
11/29/2020,FEU,Z01,18,0.12078010586
11/29/2020,FEU,Z02,18,0.13970250262
11/29/2020,FEU,Z03,18,0.13970250262
11/29/2020,FEU,Z01,19,0.12311753612
11/29/2020,FEU,Z02,19,0.1420034909
11/29/2020,FEU,Z03,19,0.1420034909
11/29/2020,FEU,Z01,2,0.10627726794
11/29/2020,FEU,Z02,2,0.05689778812
11/29/2020,FEU,Z03,2,0.05364003688
11/29/2020,FEU,Z01,20,0.12351074318
11/29/2020,FEU,Z02,20,0.14240173596
11/29/2020,FEU,Z03,20,0.14240173596
11/29/2020,FEU,Z01,21,0.1199168462
11/29/2020,FEU,Z02,21,0.138711176
11/29/2020,FEU,Z03,21,0.138711176
11/29/2020,FEU,Z01,22,0.11565133418
11/29/2020,FEU,Z02,22,0.13446973796
11/29/2020,FEU,Z03,22,0.13446973796
11/29/2020,FEU,Z01,23,0.11469846368
11/29/2020,FEU,Z02,23,0.0653987517
11/29/2020,FEU,Z03,23,0.13361474442
11/29/2020,FEU,Z01,24,0.1096300356
11/29/2020,FEU,Z02,24,0.06048532864
11/29/2020,FEU,Z03,24,0.06444492746
11/29/2020,FEU,Z01,3,0.10470951582
11/29/2020,FEU,Z02,3,0.05530554404
11/29/2020,FEU,Z03,3,0.05205814482
11/29/2020,FEU,Z01,4,0.1039449647
11/29/2020,FEU,Z02,4,0.05452502494
11/29/2020,FEU,Z03,4,0.05126713674
11/29/2020,FEU,Z01,5,0.10402652672
11/29/2020,FEU,Z02,5,0.05460414596
11/29/2020,FEU,Z03,5,0.05134117876
11/29/2020,FEU,Z01,6,0.1064209148
11/29/2020,FEU,Z02,6,0.05688690404
11/29/2020,FEU,Z03,6,0.0536334968
11/29/2020,FEU,Z01,7,0.10604730692
11/29/2020,FEU,Z02,7,0.05663152612
11/29/2020,FEU,Z03,7,0.05338109288
11/29/2020,FEU,Z01,8,0.109046975
11/29/2020,FEU,Z02,8,0.05954137918
11/29/2020,FEU,Z03,8,0.06374165786
11/29/2020,FEU,Z01,9,0.10921311764
11/29/2020,FEU,Z02,9,0.06014018866
11/29/2020,FEU,Z03,9,0.0640334255
11/30/2020,FEU,Z01,1,0.11385804518
11/30/2020,FEU,Z02,1,0.0642935713
11/30/2020,FEU,Z03,1,0.06861487904
11/30/2020,FEU,Z01,10,0.12113639886
11/30/2020,FEU,Z02,10,0.0725084176
11/30/2020,FEU,Z03,10,0.07607886578
11/30/2020,FEU,Z01,11,0.1202523569
11/30/2020,FEU,Z02,11,0.07165731164
11/30/2020,FEU,Z03,11,0.07519941782
11/30/2020,FEU,Z01,12,0.1207443869
11/30/2020,FEU,Z02,12,0.07213357964
11/30/2020,FEU,Z03,12,0.07569315182
11/30/2020,FEU,Z01,13,0.11725604506
11/30/2020,FEU,Z02,13,0.1359169619
11/30/2020,FEU,Z03,13,0.07222327398
11/30/2020,FEU,Z01,14,0.11622354904
11/30/2020,FEU,Z02,14,0.13494000086
11/30/2020,FEU,Z03,14,0.13494000086
11/30/2020,FEU,Z01,15,0.11667127692
11/30/2020,FEU,Z02,15,0.13538913574
11/30/2020,FEU,Z03,15,0.13538913574
11/30/2020,FEU,Z01,16,0.1176614568
11/30/2020,FEU,Z02,16,0.13638492562
11/30/2020,FEU,Z03,16,0.13638492562
11/30/2020,FEU,Z01,17,0.1184862168
11/30/2020,FEU,Z02,17,0.13721608462
11/30/2020,FEU,Z03,17,0.13721608462
11/30/2020,FEU,Z01,18,0.11919824378
11/30/2020,FEU,Z02,18,0.1379332766
11/30/2020,FEU,Z03,18,0.1379332766
11/30/2020,FEU,Z01,19,0.12178531688
11/30/2020,FEU,Z02,19,0.1405422967
11/30/2020,FEU,Z03,19,0.1405422967
11/30/2020,FEU,Z01,2,0.11094594594
11/30/2020,FEU,Z02,2,0.06134663212
11/30/2020,FEU,Z03,2,0.05794613688
11/30/2020,FEU,Z01,20,0.12195234182
11/30/2020,FEU,Z02,20,0.14070948064
11/30/2020,FEU,Z03,20,0.14070948064
11/30/2020,FEU,Z01,21,0.11891487274
11/30/2020,FEU,Z02,21,0.13764699656
11/30/2020,FEU,Z03,21,0.13764699656
11/30/2020,FEU,Z01,22,0.1142819666
11/30/2020,FEU,Z02,22,0.1330361764
11/30/2020,FEU,Z03,22,0.1330361764
11/30/2020,FEU,Z01,23,0.10970516906
11/30/2020,FEU,Z02,23,0.06089986298
11/30/2020,FEU,Z03,23,0.12846647184
11/30/2020,FEU,Z01,24,0.10644082596
11/30/2020,FEU,Z02,24,0.0577034869
11/30/2020,FEU,Z03,24,0.06125919984
11/30/2020,FEU,Z01,3,0.1103344748
11/30/2020,FEU,Z02,3,0.06065663402
11/30/2020,FEU,Z03,3,0.0572376168
11/30/2020,FEU,Z01,4,0.10734052378
11/30/2020,FEU,Z02,4,0.05775985002
11/30/2020,FEU,Z03,4,0.0544338968
11/30/2020,FEU,Z01,5,0.10740742886
11/30/2020,FEU,Z02,5,0.05792215906
11/30/2020,FEU,Z03,5,0.05458938484
11/30/2020,FEU,Z01,6,0.11155665802
11/30/2020,FEU,Z02,6,0.0619339362
11/30/2020,FEU,Z03,6,0.05855903694
11/30/2020,FEU,Z01,7,0.12199822352
11/30/2020,FEU,Z02,7,0.07226185458
11/30/2020,FEU,Z03,7,0.06877336724
11/30/2020,FEU,Z01,8,0.12272730498
11/30/2020,FEU,Z02,8,0.07335446092
11/30/2020,FEU,Z03,8,0.07763089986
11/30/2020,FEU,Z01,9,0.12315640068
11/30/2020,FEU,Z02,9,0.07432156446
11/30/2020,FEU,Z03,9,0.07813563358
12/01/2020,FEU,Z01,1,0.11224866532
12/01/2020,FEU,Z02,1,0.06281793442
12/01/2020,FEU,Z03,1,0.06702378318
12/01/2020,FEU,Z01,10,0.12045147266
12/01/2020,FEU,Z02,10,0.07170541744
12/01/2020,FEU,Z03,10,0.07541522856
12/01/2020,FEU,Z01,11,0.11802866674
12/01/2020,FEU,Z02,11,0.06937060552
12/01/2020,FEU,Z03,11,0.07299868864
12/01/2020,FEU,Z01,12,0.11706913476
12/01/2020,FEU,Z02,12,0.06850400152
12/01/2020,FEU,Z03,12,0.07203773066
12/01/2020,FEU,Z01,13,0.11564903094
12/01/2020,FEU,Z02,13,0.13435925876
12/01/2020,FEU,Z03,13,0.07064629484
12/01/2020,FEU,Z01,14,0.11581110888
12/01/2020,FEU,Z02,14,0.1345227417
12/01/2020,FEU,Z03,14,0.1345227417
12/01/2020,FEU,Z01,15,0.11265702076
12/01/2020,FEU,Z02,15,0.13134103158
12/01/2020,FEU,Z03,15,0.13134103158
12/01/2020,FEU,Z01,16,0.11176807868
12/01/2020,FEU,Z02,16,0.13050339248
12/01/2020,FEU,Z03,16,0.13050339248
12/01/2020,FEU,Z01,17,0.11292846464
12/01/2020,FEU,Z02,17,0.13161269446
12/01/2020,FEU,Z03,17,0.13161269446
12/01/2020,FEU,Z01,18,0.1168441367
12/01/2020,FEU,Z02,18,0.1356222015
12/01/2020,FEU,Z03,18,0.1356222015
12/01/2020,FEU,Z01,19,0.12012580472
12/01/2020,FEU,Z02,19,0.13893245652
12/01/2020,FEU,Z03,19,0.13893245652
12/01/2020,FEU,Z01,2,0.10769810516
12/01/2020,FEU,Z02,2,0.0583626463
12/01/2020,FEU,Z03,2,0.05509224104
12/01/2020,FEU,Z01,20,0.1205765666
12/01/2020,FEU,Z02,20,0.1393857564
12/01/2020,FEU,Z03,20,0.1393857564
12/01/2020,FEU,Z01,21,0.12108170042
12/01/2020,FEU,Z02,21,0.13989028722
12/01/2020,FEU,Z03,21,0.13989028722
12/01/2020,FEU,Z01,22,0.11641142326
12/01/2020,FEU,Z02,22,0.13523852804
12/01/2020,FEU,Z03,22,0.13523852804
12/01/2020,FEU,Z01,23,0.11466076768
12/01/2020,FEU,Z02,23,0.0653626367
12/01/2020,FEU,Z03,23,0.13351841544
12/01/2020,FEU,Z01,24,0.11162830054
12/01/2020,FEU,Z02,24,0.0623436166
12/01/2020,FEU,Z03,24,0.06639123742
12/01/2020,FEU,Z01,3,0.1069791551
12/01/2020,FEU,Z02,3,0.05767200424
12/01/2020,FEU,Z03,3,0.05442819498
12/01/2020,FEU,Z01,4,0.10450879904
12/01/2020,FEU,Z02,4,0.05522059622
12/01/2020,FEU,Z03,4,0.05205320896
12/01/2020,FEU,Z01,5,0.10277283104
12/01/2020,FEU,Z02,5,0.05356669722
12/01/2020,FEU,Z03,5,0.05045077696
12/01/2020,FEU,Z01,6,0.1055557752
12/01/2020,FEU,Z02,6,0.05632184734
12/01/2020,FEU,Z03,6,0.05315935506
12/01/2020,FEU,Z01,7,0.1126052903
12/01/2020,FEU,Z02,7,0.0631572564
12/01/2020,FEU,Z03,7,0.05978138512
12/01/2020,FEU,Z01,8,0.12132546754
12/01/2020,FEU,Z02,8,0.0716205466
12/01/2020,FEU,Z03,8,0.07613597842
12/01/2020,FEU,Z01,9,0.12147710746
12/01/2020,FEU,Z02,9,0.0724941773
12/01/2020,FEU,Z03,9,0.07640646836
12/02/2020,FEU,Z01,1,0.11432918932
12/02/2020,FEU,Z02,1,0.06480454942
12/02/2020,FEU,Z03,1,0.06911610918
12/02/2020,FEU,Z01,10,0.11513490862
12/02/2020,FEU,Z02,10,0.06650588242
12/02/2020,FEU,Z03,10,0.07006817052
12/02/2020,FEU,Z01,11,0.11214891272
12/02/2020,FEU,Z02,11,0.0636861025
12/02/2020,FEU,Z03,11,0.06703371264
12/02/2020,FEU,Z01,12,0.10942130374
12/02/2020,FEU,Z02,12,0.06105188152
12/02/2020,FEU,Z03,12,0.06430052066
12/02/2020,FEU,Z01,13,0.10731450888
12/02/2020,FEU,Z02,13,0.1259588267
12/02/2020,FEU,Z03,13,0.0622129768
12/02/2020,FEU,Z01,14,0.10761975076
12/02/2020,FEU,Z02,14,0.12626474658
12/02/2020,FEU,Z03,14,0.12626474658
12/02/2020,FEU,Z01,15,0.10682099264
12/02/2020,FEU,Z02,15,0.12551324444
12/02/2020,FEU,Z03,15,0.12551324444
12/02/2020,FEU,Z01,16,0.10728754448
12/02/2020,FEU,Z02,16,0.12598007228
12/02/2020,FEU,Z03,16,0.12598007228
12/02/2020,FEU,Z01,17,0.11098495238
12/02/2020,FEU,Z02,17,0.12970841618
12/02/2020,FEU,Z03,17,0.12970841618
12/02/2020,FEU,Z01,18,0.1164270564
12/02/2020,FEU,Z02,18,0.13525728518
12/02/2020,FEU,Z03,18,0.13525728518
12/02/2020,FEU,Z01,19,0.1214888515
12/02/2020,FEU,Z02,19,0.1403025563
12/02/2020,FEU,Z03,19,0.1403025563
12/02/2020,FEU,Z01,2,0.11273380014
12/02/2020,FEU,Z02,2,0.06316588828
12/02/2020,FEU,Z03,2,0.05974694902
12/02/2020,FEU,Z01,20,0.12443725644
12/02/2020,FEU,Z02,20,0.14327474024
12/02/2020,FEU,Z03,20,0.14327474024
12/02/2020,FEU,Z01,21,0.12565193632
12/02/2020,FEU,Z02,21,0.14449707812
12/02/2020,FEU,Z03,21,0.14449707812
12/02/2020,FEU,Z01,22,0.11983817616
12/02/2020,FEU,Z02,22,0.13869480494
12/02/2020,FEU,Z03,22,0.13869480494
12/02/2020,FEU,Z01,23,0.11823971564
12/02/2020,FEU,Z02,23,0.06878882566
12/02/2020,FEU,Z03,23,0.1371317654
12/02/2020,FEU,Z01,24,0.11399863964
12/02/2020,FEU,Z02,24,0.06467060068
12/02/2020,FEU,Z03,24,0.06879259952
12/02/2020,FEU,Z01,3,0.11025020402
12/02/2020,FEU,Z02,3,0.0606891962
12/02/2020,FEU,Z03,3,0.05735415194
12/02/2020,FEU,Z01,4,0.107460725
12/02/2020,FEU,Z02,4,0.05803000018
12/02/2020,FEU,Z03,4,0.05477893092
12/02/2020,FEU,Z01,5,0.102980725
12/02/2020,FEU,Z02,5,0.05376145618
12/02/2020,FEU,Z03,5,0.05059987794
12/02/2020,FEU,Z01,6,0.10619735218
12/02/2020,FEU,Z02,6,0.0569785663
12/02/2020,FEU,Z03,6,0.05375252504
12/02/2020,FEU,Z01,7,0.1106326755
12/02/2020,FEU,Z02,7,0.06138691256
12/02/2020,FEU,Z03,7,0.05815582724
12/02/2020,FEU,Z01,8,0.1184275007
12/02/2020,FEU,Z02,8,0.06897154072
12/02/2020,FEU,Z03,8,0.07325497358
12/02/2020,FEU,Z01,9,0.1155363015
12/02/2020,FEU,Z02,9,0.06682576132
12/02/2020,FEU,Z03,9,0.0704481364
12/03/2020,FEU,Z01,1,0.11413466114
12/03/2020,FEU,Z02,1,0.0644499913
12/03/2020,FEU,Z03,1,0.068885225
12/03/2020,FEU,Z01,10,0.12557542146
12/03/2020,FEU,Z02,10,0.0764462473
12/03/2020,FEU,Z03,10,0.08052219236
12/03/2020,FEU,Z01,11,0.12240449054
12/03/2020,FEU,Z02,11,0.07345739736
12/03/2020,FEU,Z03,11,0.07735331444
12/03/2020,FEU,Z01,12,0.11932067354
12/03/2020,FEU,Z02,12,0.07054167534
12/03/2020,FEU,Z03,12,0.07425635244
12/03/2020,FEU,Z01,13,0.11804628566
12/03/2020,FEU,Z02,13,0.13683504346
12/03/2020,FEU,Z03,13,0.07299973656
12/03/2020,FEU,Z01,14,0.11522538052
12/03/2020,FEU,Z02,14,0.13398615232
12/03/2020,FEU,Z03,14,0.13398615232
12/03/2020,FEU,Z01,15,0.1095393964
12/03/2020,FEU,Z02,15,0.12830541818
12/03/2020,FEU,Z03,15,0.12830541818
12/03/2020,FEU,Z01,16,0.10510762226
12/03/2020,FEU,Z02,16,0.12377837306
12/03/2020,FEU,Z03,16,0.12377837306
12/03/2020,FEU,Z01,17,0.1053226862
12/03/2020,FEU,Z02,17,0.12404602798
12/03/2020,FEU,Z03,17,0.12404602798
12/03/2020,FEU,Z01,18,0.1102635662
12/03/2020,FEU,Z02,18,0.12903257998
12/03/2020,FEU,Z03,18,0.12903257998
12/03/2020,FEU,Z01,19,0.11489411232
12/03/2020,FEU,Z02,19,0.1337083911
12/03/2020,FEU,Z03,19,0.1337083911
12/03/2020,FEU,Z01,2,0.11204942288
12/03/2020,FEU,Z02,2,0.0622936011
12/03/2020,FEU,Z03,2,0.05886556086
12/03/2020,FEU,Z01,20,0.1131610613
12/03/2020,FEU,Z02,20,0.1319003561
12/03/2020,FEU,Z03,20,0.1319003561
12/03/2020,FEU,Z01,21,0.11293109018
12/03/2020,FEU,Z02,21,0.13172436996
12/03/2020,FEU,Z03,21,0.13172436996
12/03/2020,FEU,Z01,22,0.104338976
12/03/2020,FEU,Z02,22,0.12305000878
12/03/2020,FEU,Z03,22,0.12305000878
12/03/2020,FEU,Z01,23,0.10579660344
12/03/2020,FEU,Z02,23,0.05670853452
12/03/2020,FEU,Z03,23,0.12461297918
12/03/2020,FEU,Z01,24,0.09758655438
12/03/2020,FEU,Z02,24,0.04885360146
12/03/2020,FEU,Z03,24,0.05229003124
12/03/2020,FEU,Z01,3,0.11165440478
12/03/2020,FEU,Z02,3,0.06186162902
12/03/2020,FEU,Z03,3,0.0584034168
12/03/2020,FEU,Z01,4,0.11075909478
12/03/2020,FEU,Z02,4,0.061059376
12/03/2020,FEU,Z03,4,0.05762752978
12/03/2020,FEU,Z01,5,0.10978560278
12/03/2020,FEU,Z02,5,0.06008471102
12/03/2020,FEU,Z03,5,0.0566842968
12/03/2020,FEU,Z01,6,0.11208100084
12/03/2020,FEU,Z02,6,0.06237134804
12/03/2020,FEU,Z03,6,0.05889508582
12/03/2020,FEU,Z01,7,0.121674475
12/03/2020,FEU,Z02,7,0.07157286118
12/03/2020,FEU,Z03,7,0.06789991092
12/03/2020,FEU,Z01,8,0.12778052238
12/03/2020,FEU,Z02,8,0.07765890448
12/03/2020,FEU,Z03,8,0.08259125526
12/03/2020,FEU,Z01,9,0.12737905628
12/03/2020,FEU,Z02,9,0.07804035116
12/03/2020,FEU,Z03,9,0.08229842918
12/04/2020,FEU,Z01,1,0.09365923868
12/04/2020,FEU,Z02,1,0.04470613894
12/04/2020,FEU,Z03,1,0.04820668554
12/04/2020,FEU,Z01,10,0.11079856758
12/04/2020,FEU,Z02,10,0.06231405538
12/04/2020,FEU,Z03,10,0.06570560048
12/04/2020,FEU,Z01,11,0.11055625664
12/04/2020,FEU,Z02,11,0.06213891042
12/04/2020,FEU,Z03,11,0.06547377554
12/04/2020,FEU,Z01,12,0.11071542658
12/04/2020,FEU,Z02,12,0.06223375438
12/04/2020,FEU,Z03,12,0.06562210448
12/04/2020,FEU,Z01,13,0.10977318872
12/04/2020,FEU,Z02,13,0.12843427454
12/04/2020,FEU,Z03,13,0.06470271062
12/04/2020,FEU,Z01,14,0.11055476662
12/04/2020,FEU,Z02,14,0.12922041044
12/04/2020,FEU,Z03,14,0.12922041044
12/04/2020,FEU,Z01,15,0.11016142946
12/04/2020,FEU,Z02,15,0.12887806026
12/04/2020,FEU,Z03,15,0.12887806026
12/04/2020,FEU,Z01,16,0.10980177634
12/04/2020,FEU,Z02,16,0.12851337514
12/04/2020,FEU,Z03,16,0.12851337514
12/04/2020,FEU,Z01,17,0.11064341028
12/04/2020,FEU,Z02,17,0.12941744006
12/04/2020,FEU,Z03,17,0.12941744006
12/04/2020,FEU,Z01,18,0.11252084828
12/04/2020,FEU,Z02,18,0.13131229106
12/04/2020,FEU,Z03,18,0.13131229106
12/04/2020,FEU,Z01,19,0.1169663164
12/04/2020,FEU,Z02,19,0.13580157218
12/04/2020,FEU,Z03,19,0.13580157218
12/04/2020,FEU,Z01,2,0.09077397876
12/04/2020,FEU,Z02,2,0.042004576
12/04/2020,FEU,Z03,2,0.03919317178
12/04/2020,FEU,Z01,20,0.1195008113
12/04/2020,FEU,Z02,20,0.13835863608
12/04/2020,FEU,Z03,20,0.13835863608
12/04/2020,FEU,Z01,21,0.12105669212
12/04/2020,FEU,Z02,21,0.1399236609
12/04/2020,FEU,Z03,21,0.1399236609
12/04/2020,FEU,Z01,22,0.11614081094
12/04/2020,FEU,Z02,22,0.13495880772
12/04/2020,FEU,Z03,22,0.13495880772
12/04/2020,FEU,Z01,23,0.11540774138
12/04/2020,FEU,Z02,23,0.06589420746
12/04/2020,FEU,Z03,23,0.1343825801
12/04/2020,FEU,Z01,24,0.11228383928
12/04/2020,FEU,Z02,24,0.06284869738
12/04/2020,FEU,Z03,24,0.06705133614
12/04/2020,FEU,Z01,3,0.08696392274
12/04/2020,FEU,Z02,3,0.03838068898
12/04/2020,FEU,Z03,3,0.03568671476
12/04/2020,FEU,Z01,4,0.08639499072
12/04/2020,FEU,Z02,4,0.03783744796
12/04/2020,FEU,Z03,4,0.03513244076
12/04/2020,FEU,Z01,5,0.08754902272
12/04/2020,FEU,Z02,5,0.03893487396
12/04/2020,FEU,Z03,5,0.03619450876
12/04/2020,FEU,Z01,6,0.0906037899
12/04/2020,FEU,Z02,6,0.0419236311
12/04/2020,FEU,Z03,6,0.03914333886
12/04/2020,FEU,Z01,7,0.09387285096
12/04/2020,FEU,Z02,7,0.04507946614
12/04/2020,FEU,Z03,7,0.0421957069
12/04/2020,FEU,Z01,8,0.10930285242
12/04/2020,FEU,Z02,8,0.0600590515
12/04/2020,FEU,Z03,8,0.0640312353
12/04/2020,FEU,Z01,9,0.11063385836
12/04/2020,FEU,Z02,9,0.06197602922
12/04/2020,FEU,Z03,9,0.06555072824
12/05/2020,FEU,Z01,1,0.11500855888
12/05/2020,FEU,Z02,1,0.06516045608
12/05/2020,FEU,Z03,1,0.06976606272
12/05/2020,FEU,Z01,10,0.1098896958
12/05/2020,FEU,Z02,10,0.06090236578
12/05/2020,FEU,Z03,10,0.06469555168
12/05/2020,FEU,Z01,11,0.11002117706
12/05/2020,FEU,Z02,11,0.06120372698
12/05/2020,FEU,Z03,11,0.06487678394
12/05/2020,FEU,Z01,12,0.1070476911
12/05/2020,FEU,Z02,12,0.05834822302
12/05/2020,FEU,Z03,12,0.06189611598
12/05/2020,FEU,Z01,13,0.10540574834
12/05/2020,FEU,Z02,13,0.12408018714
12/05/2020,FEU,Z03,13,0.06024393224
12/05/2020,FEU,Z01,14,0.10668597836
12/05/2020,FEU,Z02,14,0.12542469814
12/05/2020,FEU,Z03,14,0.12542469814
12/05/2020,FEU,Z01,15,0.10620808424
12/05/2020,FEU,Z02,15,0.12494029202
12/05/2020,FEU,Z03,15,0.12494029202
12/05/2020,FEU,Z01,16,0.1040028311
12/05/2020,FEU,Z02,16,0.12271236788
12/05/2020,FEU,Z03,16,0.12271236788
12/05/2020,FEU,Z01,17,0.10668671602
12/05/2020,FEU,Z02,17,0.12547200878
12/05/2020,FEU,Z03,17,0.12547200878
12/05/2020,FEU,Z01,18,0.10958886396
12/05/2020,FEU,Z02,18,0.12834730674
12/05/2020,FEU,Z03,18,0.12834730674
12/05/2020,FEU,Z01,19,0.11238330824
12/05/2020,FEU,Z02,19,0.13117269402
12/05/2020,FEU,Z03,19,0.13117269402
12/05/2020,FEU,Z01,2,0.11268871872
12/05/2020,FEU,Z02,2,0.06284145196
12/05/2020,FEU,Z03,2,0.05930436476
12/05/2020,FEU,Z01,20,0.1129934262
12/05/2020,FEU,Z02,20,0.13178767398
12/05/2020,FEU,Z03,20,0.13178767398
12/05/2020,FEU,Z01,21,0.11469819404
12/05/2020,FEU,Z02,21,0.1335641158
12/05/2020,FEU,Z03,21,0.1335641158
12/05/2020,FEU,Z01,22,0.11363970788
12/05/2020,FEU,Z02,22,0.13249154564
12/05/2020,FEU,Z03,22,0.13249154564
12/05/2020,FEU,Z01,23,0.11423614922
12/05/2020,FEU,Z02,23,0.06465726534
12/05/2020,FEU,Z03,23,0.13319365194
12/05/2020,FEU,Z01,24,0.11182154516
12/05/2020,FEU,Z02,24,0.0622968463
12/05/2020,FEU,Z03,24,0.06656298702
12/05/2020,FEU,Z01,3,0.10787667674
12/05/2020,FEU,Z02,3,0.05826684698
12/05/2020,FEU,Z03,3,0.05488176478
12/05/2020,FEU,Z01,4,0.1043307897
12/05/2020,FEU,Z02,4,0.05484815196
12/05/2020,FEU,Z03,4,0.05162068874
12/05/2020,FEU,Z01,5,0.10317964672
12/05/2020,FEU,Z02,5,0.05379880596
12/05/2020,FEU,Z03,5,0.05056263876
12/05/2020,FEU,Z01,6,0.1036186748
12/05/2020,FEU,Z02,6,0.05426596402
12/05/2020,FEU,Z03,6,0.0510548168
12/05/2020,FEU,Z01,7,0.10887560486
12/05/2020,FEU,Z02,7,0.05927254808
12/05/2020,FEU,Z03,7,0.05594077084
12/05/2020,FEU,Z01,8,0.11004117896
12/05/2020,FEU,Z02,8,0.06043702416
12/05/2020,FEU,Z03,8,0.06473364482
12/05/2020,FEU,Z01,9,0.10946848254
12/05/2020,FEU,Z02,9,0.06032585158
12/05/2020,FEU,Z03,9,0.0642707354
12/06/2020,FEU,Z01,1,0.1055724854
12/06/2020,FEU,Z02,1,0.05649090448
12/06/2020,FEU,Z03,1,0.06032525526
12/06/2020,FEU,Z01,10,0.10186876054
12/06/2020,FEU,Z02,10,0.0530070166
12/06/2020,FEU,Z03,10,0.05658381742
12/06/2020,FEU,Z01,11,0.10594092174
12/06/2020,FEU,Z02,11,0.05705973074
12/06/2020,FEU,Z03,11,0.06071443062
12/06/2020,FEU,Z01,12,0.10626192784
12/06/2020,FEU,Z02,12,0.05742510082
12/06/2020,FEU,Z03,12,0.06105628372
12/06/2020,FEU,Z01,13,0.1004477061
12/06/2020,FEU,Z02,13,0.11917187486
12/06/2020,FEU,Z03,13,0.05526299298
12/06/2020,FEU,Z01,14,0.1014550911
12/06/2020,FEU,Z02,14,0.12014117588
12/06/2020,FEU,Z03,14,0.12014117588
12/06/2020,FEU,Z01,15,0.10367324612
12/06/2020,FEU,Z02,15,0.12243016388
12/06/2020,FEU,Z03,15,0.12243016388
12/06/2020,FEU,Z01,16,0.101572976
12/06/2020,FEU,Z02,16,0.12030675176
12/06/2020,FEU,Z03,16,0.12030675176
12/06/2020,FEU,Z01,17,0.10694801592
12/06/2020,FEU,Z02,17,0.12573402368
12/06/2020,FEU,Z03,17,0.12573402368
12/06/2020,FEU,Z01,18,0.11151638086
12/06/2020,FEU,Z02,18,0.13034667762
12/06/2020,FEU,Z03,18,0.13034667762
12/06/2020,FEU,Z01,19,0.11420347208
12/06/2020,FEU,Z02,19,0.13306532784
12/06/2020,FEU,Z03,19,0.13306532784
12/06/2020,FEU,Z01,2,0.10035164834
12/06/2020,FEU,Z02,2,0.05145302044
12/06/2020,FEU,Z03,2,0.04847478214
12/06/2020,FEU,Z01,20,0.1161834661
12/06/2020,FEU,Z02,20,0.13500512588
12/06/2020,FEU,Z03,20,0.13500512588
12/06/2020,FEU,Z01,21,0.11722837004
12/06/2020,FEU,Z02,21,0.13605838982
12/06/2020,FEU,Z03,21,0.13605838982
12/06/2020,FEU,Z01,22,0.11459891702
12/06/2020,FEU,Z02,22,0.1334043958
12/06/2020,FEU,Z03,22,0.1334043958
12/06/2020,FEU,Z01,23,0.11483576556
12/06/2020,FEU,Z02,23,0.0654675166
12/06/2020,FEU,Z03,23,0.1337506553
12/06/2020,FEU,Z01,24,0.1121614755
12/06/2020,FEU,Z02,24,0.06285074056
12/06/2020,FEU,Z03,24,0.06691928838
12/06/2020,FEU,Z01,3,0.0978729753
12/06/2020,FEU,Z02,3,0.0490810364
12/06/2020,FEU,Z03,3,0.0461741621
12/06/2020,FEU,Z01,4,0.09566973422
12/06/2020,FEU,Z02,4,0.04693001034
12/06/2020,FEU,Z03,4,0.04405332206
12/06/2020,FEU,Z01,5,0.09422914818
12/06/2020,FEU,Z02,5,0.04551385632
12/06/2020,FEU,Z03,5,0.04268006504
12/06/2020,FEU,Z01,6,0.09460990916
12/06/2020,FEU,Z02,6,0.0458751163
12/06/2020,FEU,Z03,6,0.04299461704
12/06/2020,FEU,Z01,7,0.0951616151
12/06/2020,FEU,Z02,7,0.04635831926
12/06/2020,FEU,Z03,7,0.043464727
12/06/2020,FEU,Z01,8,0.09641134898
12/06/2020,FEU,Z02,8,0.04750024816
12/06/2020,FEU,Z03,8,0.05103144084
12/06/2020,FEU,Z01,9,0.0996524954
12/06/2020,FEU,Z02,9,0.05083199248
12/06/2020,FEU,Z03,9,0.05437157426
12/07/2020,FEU,Z01,1,0.1012800749
12/07/2020,FEU,Z02,1,0.0520906911
12/07/2020,FEU,Z03,1,0.05595402374
12/07/2020,FEU,Z01,10,0.10426437762
12/07/2020,FEU,Z02,10,0.05600731142
12/07/2020,FEU,Z03,10,0.05915114452
12/07/2020,FEU,Z01,11,0.1055960617
12/07/2020,FEU,Z02,11,0.05734956748
12/07/2020,FEU,Z03,11,0.0605038166
12/07/2020,FEU,Z01,12,0.1029468517
12/07/2020,FEU,Z02,12,0.05478904348
12/07/2020,FEU,Z03,12,0.0578432366
12/07/2020,FEU,Z01,13,0.09967450488
12/07/2020,FEU,Z02,13,0.1182593417
12/07/2020,FEU,Z03,13,0.05459107778
12/07/2020,FEU,Z01,14,0.1019863768
12/07/2020,FEU,Z02,14,0.12058939762
12/07/2020,FEU,Z03,14,0.12058939762
12/07/2020,FEU,Z01,15,0.10128233066
12/07/2020,FEU,Z02,15,0.11987705648
12/07/2020,FEU,Z03,15,0.11987705648
12/07/2020,FEU,Z01,16,0.09745595354
12/07/2020,FEU,Z02,16,0.11601992036
12/07/2020,FEU,Z03,16,0.11601992036
12/07/2020,FEU,Z01,17,0.0976904015
12/07/2020,FEU,Z02,17,0.1163015663
12/07/2020,FEU,Z03,17,0.1163015663
12/07/2020,FEU,Z01,18,0.10288403846
12/07/2020,FEU,Z02,18,0.12153883926
12/07/2020,FEU,Z03,18,0.12153883926
12/07/2020,FEU,Z01,19,0.10635615248
12/07/2020,FEU,Z02,19,0.12504076028
12/07/2020,FEU,Z03,19,0.12504076028
12/07/2020,FEU,Z01,2,0.09908556282
12/07/2020,FEU,Z02,2,0.04995407804
12/07/2020,FEU,Z03,2,0.04688089182
12/07/2020,FEU,Z01,20,0.10697024942
12/07/2020,FEU,Z02,20,0.12565914622
12/07/2020,FEU,Z03,20,0.12565914622
12/07/2020,FEU,Z01,21,0.11013698828
12/07/2020,FEU,Z02,21,0.12890632106
12/07/2020,FEU,Z03,21,0.12890632106
12/07/2020,FEU,Z01,22,0.1090254161
12/07/2020,FEU,Z02,22,0.12778118588
12/07/2020,FEU,Z03,22,0.12778118588
12/07/2020,FEU,Z01,23,0.10793879756
12/07/2020,FEU,Z02,23,0.0588628666
12/07/2020,FEU,Z03,23,0.1267803153
12/07/2020,FEU,Z01,24,0.09640269746
12/07/2020,FEU,Z02,24,0.04773089554
12/07/2020,FEU,Z03,24,0.05107571234
12/07/2020,FEU,Z01,3,0.09378611094
12/07/2020,FEU,Z02,3,0.04499360812
12/07/2020,FEU,Z03,3,0.04211471688
12/07/2020,FEU,Z01,4,0.09231138288
12/07/2020,FEU,Z02,4,0.04354754008
12/07/2020,FEU,Z03,4,0.04068214886
12/07/2020,FEU,Z01,5,0.09174920484
12/07/2020,FEU,Z02,5,0.04297522006
12/07/2020,FEU,Z03,5,0.04012828084
12/07/2020,FEU,Z01,6,0.0927335348
12/07/2020,FEU,Z02,6,0.04387303004
12/07/2020,FEU,Z03,6,0.04099780782
12/07/2020,FEU,Z01,7,0.09399446902
12/07/2020,FEU,Z02,7,0.0452013462
12/07/2020,FEU,Z03,7,0.04234670394
12/07/2020,FEU,Z01,8,0.09811431152
12/07/2020,FEU,Z02,8,0.04941330258
12/07/2020,FEU,Z03,8,0.0528071354
12/07/2020,FEU,Z01,9,0.09719044442
12/07/2020,FEU,Z02,9,0.04906961026
12/07/2020,FEU,Z03,9,0.05200905632
12/08/2020,FEU,Z01,1,0.09141939692
12/08/2020,FEU,Z02,1,0.04270351612
12/08/2020,FEU,Z03,1,0.04600013078
12/08/2020,FEU,Z01,10,0.09342174764
12/08/2020,FEU,Z02,10,0.04501003366
12/08/2020,FEU,Z03,10,0.04811434352
12/08/2020,FEU,Z01,11,0.09460428182
12/08/2020,FEU,Z02,11,0.04619902682
12/08/2020,FEU,Z03,11,0.0493369307
12/08/2020,FEU,Z01,12,0.0931885659
12/08/2020,FEU,Z02,12,0.04488871688
12/08/2020,FEU,Z03,12,0.04792938678
12/08/2020,FEU,Z01,13,0.0897835261
12/08/2020,FEU,Z02,13,0.10836337988
12/08/2020,FEU,Z03,13,0.044510576
12/08/2020,FEU,Z01,14,0.09523730408
12/08/2020,FEU,Z02,14,0.11386590286
12/08/2020,FEU,Z03,14,0.11386590286
12/08/2020,FEU,Z01,15,0.09595087002
12/08/2020,FEU,Z02,15,0.1145852658
12/08/2020,FEU,Z03,15,0.1145852658
12/08/2020,FEU,Z01,16,0.09248951984
12/08/2020,FEU,Z02,16,0.1111303956
12/08/2020,FEU,Z03,16,0.1111303956
12/08/2020,FEU,Z01,17,0.09682048376
12/08/2020,FEU,Z02,17,0.11550444752
12/08/2020,FEU,Z03,17,0.11550444752
12/08/2020,FEU,Z01,18,0.1028390258
12/08/2020,FEU,Z02,18,0.12158203156
12/08/2020,FEU,Z03,18,0.12158203156
12/08/2020,FEU,Z01,19,0.110941376
12/08/2020,FEU,Z02,19,0.12971414178
12/08/2020,FEU,Z03,19,0.12971414178
12/08/2020,FEU,Z01,2,0.07339803686
12/08/2020,FEU,Z02,2,0.02553612706
12/08/2020,FEU,Z03,2,0.02325853684
12/08/2020,FEU,Z01,20,0.11298479298
12/08/2020,FEU,Z02,20,0.13177469576
12/08/2020,FEU,Z03,20,0.13177469576
12/08/2020,FEU,Z01,21,0.11632064588
12/08/2020,FEU,Z02,21,0.13519915964
12/08/2020,FEU,Z03,21,0.13519915964
12/08/2020,FEU,Z01,22,0.11647630082
12/08/2020,FEU,Z02,22,0.13535500358
12/08/2020,FEU,Z03,22,0.13535500358
12/08/2020,FEU,Z01,23,0.11711305034
12/08/2020,FEU,Z02,23,0.06746675244
12/08/2020,FEU,Z03,23,0.13604680308
12/08/2020,FEU,Z01,24,0.11402262026
12/08/2020,FEU,Z02,24,0.06445603838
12/08/2020,FEU,Z03,24,0.06879604712
12/08/2020,FEU,Z01,3,0.06369857478
12/08/2020,FEU,Z02,3,0.01626365902
12/08/2020,FEU,Z03,3,0.0142874568
12/08/2020,FEU,Z01,4,0.06153204484
12/08/2020,FEU,Z02,4,0.01422208306
12/08/2020,FEU,Z03,4,0.01232298882
12/08/2020,FEU,Z01,5,0.0616493348
12/08/2020,FEU,Z02,5,0.01431837004
12/08/2020,FEU,Z03,5,0.01240527782
12/08/2020,FEU,Z01,6,0.06226902272
12/08/2020,FEU,Z02,6,0.01488432498
12/08/2020,FEU,Z03,6,0.01295450876
12/08/2020,FEU,Z01,7,0.06238341488
12/08/2020,FEU,Z02,7,0.01505044808
12/08/2020,FEU,Z03,7,0.01312487884
12/08/2020,FEU,Z01,8,0.06365332892
12/08/2020,FEU,Z02,8,0.01626596812
12/08/2020,FEU,Z03,8,0.01807906878
12/08/2020,FEU,Z01,9,0.07758051746
12/08/2020,FEU,Z02,9,0.02976053852
12/08/2020,FEU,Z03,9,0.03218524132
12/09/2020,FEU,Z01,1,0.10993121332
12/09/2020,FEU,Z02,1,0.06060377242
12/09/2020,FEU,Z03,1,0.06469318518
12/09/2020,FEU,Z01,10,0.11671422762
12/09/2020,FEU,Z02,10,0.06803003242
12/09/2020,FEU,Z03,10,0.07165424452
12/09/2020,FEU,Z01,11,0.11467712072
12/09/2020,FEU,Z02,11,0.0661296025
12/09/2020,FEU,Z03,11,0.06957060864
12/09/2020,FEU,Z01,12,0.11127512574
12/09/2020,FEU,Z02,12,0.06284353752
12/09/2020,FEU,Z03,12,0.06616071866
12/09/2020,FEU,Z01,13,0.11010740488
12/09/2020,FEU,Z02,13,0.1287746317
12/09/2020,FEU,Z03,13,0.0650155368
12/09/2020,FEU,Z01,14,0.11002625276
12/09/2020,FEU,Z02,14,0.12868988758
12/09/2020,FEU,Z03,14,0.12868988758
12/09/2020,FEU,Z01,15,0.10743769664
12/09/2020,FEU,Z02,15,0.12613522844
12/09/2020,FEU,Z03,15,0.12613522844
12/09/2020,FEU,Z01,16,0.10793199248
12/09/2020,FEU,Z02,16,0.12663000028
12/09/2020,FEU,Z03,16,0.12663000028
12/09/2020,FEU,Z01,17,0.11164513138
12/09/2020,FEU,Z02,17,0.13037299418
12/09/2020,FEU,Z03,17,0.13037299418
12/09/2020,FEU,Z01,18,0.1161639164
12/09/2020,FEU,Z02,18,0.13499169218
12/09/2020,FEU,Z03,18,0.13499169218
12/09/2020,FEU,Z01,19,0.1172424015
12/09/2020,FEU,Z02,19,0.1360199663
12/09/2020,FEU,Z03,19,0.1360199663
12/09/2020,FEU,Z01,2,0.10676491414
12/09/2020,FEU,Z02,2,0.05747071628
12/09/2020,FEU,Z03,2,0.05422945102
12/09/2020,FEU,Z01,20,0.11691454844
12/09/2020,FEU,Z02,20,0.13568817224
12/09/2020,FEU,Z03,20,0.13568817224
12/09/2020,FEU,Z01,21,0.11704544032
12/09/2020,FEU,Z02,21,0.13581789212
12/09/2020,FEU,Z03,21,0.13581789212
12/09/2020,FEU,Z01,22,0.11400572016
12/09/2020,FEU,Z02,22,0.13280852594
12/09/2020,FEU,Z03,22,0.13280852594
12/09/2020,FEU,Z01,23,0.10844577764
12/09/2020,FEU,Z02,23,0.05940497866
12/09/2020,FEU,Z03,23,0.1272413354
12/09/2020,FEU,Z01,24,0.09922186364
12/09/2020,FEU,Z02,24,0.05052468868
12/09/2020,FEU,Z03,24,0.05394303152
12/09/2020,FEU,Z01,3,0.10405016802
12/09/2020,FEU,Z02,3,0.0547820362
12/09/2020,FEU,Z03,3,0.05162950694
12/09/2020,FEU,Z01,4,0.101039475
12/09/2020,FEU,Z02,4,0.05191183318
12/09/2020,FEU,Z03,4,0.04884967892
12/09/2020,FEU,Z01,5,0.101280725
12/09/2020,FEU,Z02,5,0.05214169618
12/09/2020,FEU,Z03,5,0.04903064494
12/09/2020,FEU,Z01,6,0.10608442118
12/09/2020,FEU,Z02,6,0.0568707313
12/09/2020,FEU,Z03,6,0.05364690904
12/09/2020,FEU,Z01,7,0.1134183255
12/09/2020,FEU,Z02,7,0.06405204056
12/09/2020,FEU,Z03,7,0.06074363924
12/09/2020,FEU,Z01,8,0.1178722457
12/09/2020,FEU,Z02,8,0.06843959272
12/09/2020,FEU,Z03,8,0.07269697658
12/09/2020,FEU,Z01,9,0.1170755515
12/09/2020,FEU,Z02,9,0.06831016732
12/09/2020,FEU,Z03,9,0.0719939364
12/10/2020,FEU,Z01,1,0.09716149614
12/10/2020,FEU,Z02,1,0.0482688163
12/10/2020,FEU,Z03,1,0.051816475
12/10/2020,FEU,Z01,10,0.11152321846
12/10/2020,FEU,Z02,10,0.0628954823
12/10/2020,FEU,Z03,10,0.06641029436
12/10/2020,FEU,Z01,11,0.11137711754
12/10/2020,FEU,Z02,11,0.06281546536
12/10/2020,FEU,Z03,11,0.06627893644
12/10/2020,FEU,Z01,12,0.11093724254
12/10/2020,FEU,Z02,12,0.06244299134
12/10/2020,FEU,Z03,12,0.06583718644
12/10/2020,FEU,Z01,13,0.10971740666
12/10/2020,FEU,Z02,13,0.12843479446
12/10/2020,FEU,Z03,13,0.06463517256
12/10/2020,FEU,Z01,14,0.10794305852
12/10/2020,FEU,Z02,14,0.12664180032
12/10/2020,FEU,Z03,14,0.12664180032
12/10/2020,FEU,Z01,15,0.1078378364
12/10/2020,FEU,Z02,15,0.12658799618
12/10/2020,FEU,Z03,15,0.12658799618
12/10/2020,FEU,Z01,16,0.10838492926
12/10/2020,FEU,Z02,16,0.12708329006
12/10/2020,FEU,Z03,16,0.12708329006
12/10/2020,FEU,Z01,17,0.1087165662
12/10/2020,FEU,Z02,17,0.12747248098
12/10/2020,FEU,Z03,17,0.12747248098
12/10/2020,FEU,Z01,18,0.1102754662
12/10/2020,FEU,Z02,18,0.12904458998
12/10/2020,FEU,Z03,18,0.12904458998
12/10/2020,FEU,Z01,19,0.11450931232
12/10/2020,FEU,Z02,19,0.1333200161
12/10/2020,FEU,Z03,19,0.1333200161
12/10/2020,FEU,Z01,2,0.09593243088
12/10/2020,FEU,Z02,2,0.0469593611
12/10/2020,FEU,Z03,2,0.04401777986
12/10/2020,FEU,Z01,20,0.1149053813
12/10/2020,FEU,Z02,20,0.1336593961
12/10/2020,FEU,Z03,20,0.1336593961
12/10/2020,FEU,Z01,21,0.11542147118
12/10/2020,FEU,Z02,21,0.13423775196
12/10/2020,FEU,Z03,21,0.13423775196
12/10/2020,FEU,Z01,22,0.113584976
12/10/2020,FEU,Z02,22,0.13238197478
12/10/2020,FEU,Z03,22,0.13238197478
12/10/2020,FEU,Z01,23,0.11185555544
12/10/2020,FEU,Z02,23,0.06250105052
12/10/2020,FEU,Z03,23,0.13073607318
12/10/2020,FEU,Z01,24,0.10734715338
12/10/2020,FEU,Z02,24,0.05818603446
12/10/2020,FEU,Z03,24,0.06210613324
12/10/2020,FEU,Z01,3,0.09402688578
12/10/2020,FEU,Z02,3,0.04510080802
12/10/2020,FEU,Z03,3,0.0421866168
12/10/2020,FEU,Z01,4,0.09255403778
12/10/2020,FEU,Z02,4,0.043734976
12/10/2020,FEU,Z03,4,0.04086733378
12/10/2020,FEU,Z01,5,0.09196515078
12/10/2020,FEU,Z02,5,0.04314044302
12/10/2020,FEU,Z03,5,0.0402911768
12/10/2020,FEU,Z01,6,0.09388151484
12/10/2020,FEU,Z02,6,0.04503988204
12/10/2020,FEU,Z03,6,0.04212783282
12/10/2020,FEU,Z01,7,0.097169475
12/10/2020,FEU,Z02,7,0.04822330618
12/10/2020,FEU,Z03,7,0.04527689492
12/10/2020,FEU,Z01,8,0.10989655438
12/10/2020,FEU,Z02,8,0.06057397648
12/10/2020,FEU,Z03,8,0.06462011926
12/10/2020,FEU,Z01,9,0.11005278228
12/10/2020,FEU,Z02,9,0.06135687316
12/10/2020,FEU,Z03,9,0.06489911018
12/11/2020,FEU,Z01,1,0.09674448068
12/11/2020,FEU,Z02,1,0.04763664694
12/11/2020,FEU,Z03,1,0.05130898654
12/11/2020,FEU,Z01,10,0.10591315558
12/11/2020,FEU,Z02,10,0.05759439238
12/11/2020,FEU,Z03,10,0.06079932848
12/11/2020,FEU,Z01,11,0.10571840064
12/11/2020,FEU,Z02,11,0.05746259242
12/11/2020,FEU,Z03,11,0.06061520954
12/11/2020,FEU,Z01,12,0.10496230358
12/11/2020,FEU,Z02,12,0.05667602038
12/11/2020,FEU,Z03,12,0.05984441648
12/11/2020,FEU,Z01,13,0.10392408872
12/11/2020,FEU,Z02,13,0.12253994954
12/11/2020,FEU,Z03,13,0.05882848562
12/11/2020,FEU,Z01,14,0.10355245662
12/11/2020,FEU,Z02,14,0.12216419044
12/11/2020,FEU,Z03,14,0.12216419044
12/11/2020,FEU,Z01,15,0.10178472046
12/11/2020,FEU,Z02,15,0.12043018126
12/11/2020,FEU,Z03,15,0.12043018126
12/11/2020,FEU,Z01,16,0.09924468434
12/11/2020,FEU,Z02,16,0.11786704314
12/11/2020,FEU,Z03,16,0.11786704314
12/11/2020,FEU,Z01,17,0.10158830028
12/11/2020,FEU,Z02,17,0.12027834506
12/11/2020,FEU,Z03,17,0.12027834506
12/11/2020,FEU,Z01,18,0.10214216228
12/11/2020,FEU,Z02,18,0.12083734406
12/11/2020,FEU,Z03,18,0.12083734406
12/11/2020,FEU,Z01,19,0.1051663164
12/11/2020,FEU,Z02,19,0.12389157218
12/11/2020,FEU,Z03,19,0.12389157218
12/11/2020,FEU,Z01,2,0.09288782876
12/11/2020,FEU,Z02,2,0.044015776
12/11/2020,FEU,Z03,2,0.04113784678
12/11/2020,FEU,Z01,20,0.1060877963
12/11/2020,FEU,Z02,20,0.12481991608
12/11/2020,FEU,Z03,20,0.12481991608
12/11/2020,FEU,Z01,21,0.10709166812
12/11/2020,FEU,Z02,21,0.1258299809
12/11/2020,FEU,Z03,21,0.1258299809
12/11/2020,FEU,Z01,22,0.10737214394
12/11/2020,FEU,Z02,22,0.12610996172
12/11/2020,FEU,Z03,22,0.12610996172
12/11/2020,FEU,Z01,23,0.10484699238
12/11/2020,FEU,Z02,23,0.05579672446
12/11/2020,FEU,Z03,23,0.1237017251
12/11/2020,FEU,Z01,24,0.09494275928
12/11/2020,FEU,Z02,24,0.04627926738
12/11/2020,FEU,Z03,24,0.04961204614
12/11/2020,FEU,Z01,3,0.08807915174
12/11/2020,FEU,Z02,3,0.03944117198
12/11/2020,FEU,Z03,3,0.03671276076
12/11/2020,FEU,Z01,4,0.08304539072
12/11/2020,FEU,Z02,4,0.03465214796
12/11/2020,FEU,Z03,4,0.03205314076
12/11/2020,FEU,Z01,5,0.07999156672
12/11/2020,FEU,Z02,5,0.03174811596
12/11/2020,FEU,Z03,5,0.02924574876
12/11/2020,FEU,Z01,6,0.0863982849
12/11/2020,FEU,Z02,6,0.0379203811
12/11/2020,FEU,Z03,6,0.03526738886
12/11/2020,FEU,Z01,7,0.09229658296
12/11/2020,FEU,Z02,7,0.04357747914
12/11/2020,FEU,Z03,7,0.0407427169
12/11/2020,FEU,Z01,8,0.09601490442
12/11/2020,FEU,Z02,8,0.0473549515
12/11/2020,FEU,Z03,8,0.0506784153
12/11/2020,FEU,Z01,9,0.10443072236
12/11/2020,FEU,Z02,9,0.05599741822
12/11/2020,FEU,Z03,9,0.05931610424
12/12/2020,FEU,Z01,1,0.09422301488
12/12/2020,FEU,Z02,1,0.04536904808
12/12/2020,FEU,Z03,1,0.04884939072
12/12/2020,FEU,Z01,10,0.1017330858
12/12/2020,FEU,Z02,10,0.05307606478
12/12/2020,FEU,Z03,10,0.05649727968
12/12/2020,FEU,Z01,11,0.10392126506
12/12/2020,FEU,Z02,11,0.05533707998
12/12/2020,FEU,Z03,11,0.05874629594
12/12/2020,FEU,Z01,12,0.1002541161
12/12/2020,FEU,Z02,12,0.05181615802
12/12/2020,FEU,Z03,12,0.05506843098
12/12/2020,FEU,Z01,13,0.09581043534
12/12/2020,FEU,Z02,13,0.11440376414
12/12/2020,FEU,Z03,13,0.05060806424
12/12/2020,FEU,Z01,14,0.10152654836
12/12/2020,FEU,Z02,14,0.12021725314
12/12/2020,FEU,Z03,14,0.12021725314
12/12/2020,FEU,Z01,15,0.10472427224
12/12/2020,FEU,Z02,15,0.12344394002
12/12/2020,FEU,Z03,15,0.12344394002
12/12/2020,FEU,Z01,16,0.1022437911
12/12/2020,FEU,Z02,16,0.12093713588
12/12/2020,FEU,Z03,16,0.12093713588
12/12/2020,FEU,Z01,17,0.10817107802
12/12/2020,FEU,Z02,17,0.12697243778
12/12/2020,FEU,Z03,17,0.12697243778
12/12/2020,FEU,Z01,18,0.10890612796
12/12/2020,FEU,Z02,18,0.12765832274
12/12/2020,FEU,Z03,18,0.12765832274
12/12/2020,FEU,Z01,19,0.11327549624
12/12/2020,FEU,Z02,19,0.13207434202
12/12/2020,FEU,Z03,19,0.13207434202
12/12/2020,FEU,Z01,2,0.09119439872
12/12/2020,FEU,Z02,2,0.04240023996
12/12/2020,FEU,Z03,2,0.03954455476
12/12/2020,FEU,Z01,20,0.1164003962
12/12/2020,FEU,Z02,20,0.13522613698
12/12/2020,FEU,Z03,20,0.13522613698
12/12/2020,FEU,Z01,21,0.11370026004
12/12/2020,FEU,Z02,21,0.1325573958
12/12/2020,FEU,Z03,21,0.1325573958
12/12/2020,FEU,Z01,22,0.11044380788
12/12/2020,FEU,Z02,22,0.12926384564
12/12/2020,FEU,Z03,22,0.12926384564
12/12/2020,FEU,Z01,23,0.11167018022
12/12/2020,FEU,Z02,23,0.06220727234
12/12/2020,FEU,Z03,23,0.13059868894
12/12/2020,FEU,Z01,24,0.10956483116
12/12/2020,FEU,Z02,24,0.0601425163
12/12/2020,FEU,Z03,24,0.06429355402
12/12/2020,FEU,Z01,3,0.08091162674
12/12/2020,FEU,Z02,3,0.03262549698
12/12/2020,FEU,Z03,3,0.03009325378
12/12/2020,FEU,Z01,4,0.0763085097
12/12/2020,FEU,Z02,4,0.02822144796
12/12/2020,FEU,Z03,4,0.02585791274
12/12/2020,FEU,Z01,5,0.07834836672
12/12/2020,FEU,Z02,5,0.03018551596
12/12/2020,FEU,Z03,5,0.02773631076
12/12/2020,FEU,Z01,6,0.0803767148
12/12/2020,FEU,Z02,6,0.03214801102
12/12/2020,FEU,Z03,6,0.0296562968
12/12/2020,FEU,Z01,7,0.08658145286
12/12/2020,FEU,Z02,7,0.03806029208
12/12/2020,FEU,Z03,7,0.03540248284
12/12/2020,FEU,Z01,8,0.09031466696
12/12/2020,FEU,Z02,8,0.04165468016
12/12/2020,FEU,Z03,8,0.04489684082
12/12/2020,FEU,Z01,9,0.09312797954
12/12/2020,FEU,Z02,9,0.04468129158
12/12/2020,FEU,Z03,9,0.0478367054
12/13/2020,FEU,Z01,1,0.11067843482
12/13/2020,FEU,Z02,1,0.06098526204
12/13/2020,FEU,Z03,1,0.06534721268
12/13/2020,FEU,Z01,10,0.11035834366
12/13/2020,FEU,Z02,10,0.06123789668
12/13/2020,FEU,Z03,10,0.06513823654
12/13/2020,FEU,Z01,11,0.10988572386
12/13/2020,FEU,Z02,11,0.06090357484
12/13/2020,FEU,Z03,11,0.06470315974
12/13/2020,FEU,Z01,12,0.1110611259
12/13/2020,FEU,Z02,12,0.06208625586
12/13/2020,FEU,Z03,12,0.06589214978
12/13/2020,FEU,Z01,13,0.11042376016
12/13/2020,FEU,Z02,13,0.12919351094
12/13/2020,FEU,Z03,13,0.06524866106
12/13/2020,FEU,Z01,14,0.10854083714
12/13/2020,FEU,Z02,14,0.1273470759
12/13/2020,FEU,Z03,14,0.1273470759
12/13/2020,FEU,Z01,15,0.106714976
12/13/2020,FEU,Z02,15,0.12544778878
12/13/2020,FEU,Z03,15,0.12544778878
12/13/2020,FEU,Z01,16,0.1066723058
12/13/2020,FEU,Z02,16,0.12545332756
12/13/2020,FEU,Z03,16,0.12545332756
12/13/2020,FEU,Z01,17,0.10890037766
12/13/2020,FEU,Z02,17,0.12770079642
12/13/2020,FEU,Z03,17,0.12770079642
12/13/2020,FEU,Z01,18,0.11658566956
12/13/2020,FEU,Z02,18,0.1355191753
12/13/2020,FEU,Z03,18,0.1355191753
12/13/2020,FEU,Z01,19,0.11658089796
12/13/2020,FEU,Z02,19,0.13546504572
12/13/2020,FEU,Z03,19,0.13546504572
12/13/2020,FEU,Z01,2,0.10760743872
12/13/2020,FEU,Z02,2,0.05800820996
12/13/2020,FEU,Z03,2,0.05463312476
12/13/2020,FEU,Z01,20,0.11527552596
12/13/2020,FEU,Z02,20,0.13414542772
12/13/2020,FEU,Z03,20,0.13414542772
12/13/2020,FEU,Z01,21,0.11268455588
12/13/2020,FEU,Z02,21,0.13152688964
12/13/2020,FEU,Z03,21,0.13152688964
12/13/2020,FEU,Z01,22,0.11050531388
12/13/2020,FEU,Z02,22,0.12932596364
12/13/2020,FEU,Z03,22,0.12932596364
12/13/2020,FEU,Z01,23,0.11074213934
12/13/2020,FEU,Z02,23,0.06137884844
12/13/2020,FEU,Z03,23,0.12960872108
12/13/2020,FEU,Z01,24,0.10852643834
12/13/2020,FEU,Z02,24,0.05926198244
12/13/2020,FEU,Z03,24,0.06323562122
12/13/2020,FEU,Z01,3,0.09941007866
12/13/2020,FEU,Z02,3,0.05016788792
12/13/2020,FEU,Z03,3,0.04705603672
12/13/2020,FEU,Z01,4,0.09852518276
12/13/2020,FEU,Z02,4,0.049376176
12/13/2020,FEU,Z03,4,0.04632403378
12/13/2020,FEU,Z01,5,0.09822230474
12/13/2020,FEU,Z02,5,0.04908520198
12/13/2020,FEU,Z03,5,0.04604478276
12/13/2020,FEU,Z01,6,0.0986547347
12/13/2020,FEU,Z02,6,0.04949407894
12/13/2020,FEU,Z03,6,0.04640230774
12/13/2020,FEU,Z01,7,0.09937890982
12/13/2020,FEU,Z02,7,0.05023321204
12/13/2020,FEU,Z03,7,0.04715209782
12/13/2020,FEU,Z01,8,0.09957773884
12/13/2020,FEU,Z02,8,0.05046442604
12/13/2020,FEU,Z03,8,0.05422920068
12/13/2020,FEU,Z01,9,0.10696811544
12/13/2020,FEU,Z02,9,0.05782970452
12/13/2020,FEU,Z03,9,0.0617366053
12/14/2020,FEU,Z01,1,0.0992168549
12/14/2020,FEU,Z02,1,0.0501249161
12/14/2020,FEU,Z03,1,0.05387765174
12/14/2020,FEU,Z01,10,0.11723560162
12/14/2020,FEU,Z02,10,0.06853469542
12/14/2020,FEU,Z03,10,0.07217784852
12/14/2020,FEU,Z01,11,0.1164293967
12/14/2020,FEU,Z02,11,0.06782136748
12/14/2020,FEU,Z03,11,0.0713836466
12/14/2020,FEU,Z01,12,0.1159564067
12/14/2020,FEU,Z02,12,0.06736421148
12/14/2020,FEU,Z03,12,0.0709086266
12/14/2020,FEU,Z01,13,0.11471984488
12/14/2020,FEU,Z02,13,0.1334218167
12/14/2020,FEU,Z03,13,0.06970149278
12/14/2020,FEU,Z01,14,0.1143171768
12/14/2020,FEU,Z02,14,0.13301469862
12/14/2020,FEU,Z03,14,0.13301469862
12/14/2020,FEU,Z01,15,0.11354516666
12/14/2020,FEU,Z02,15,0.13223446448
12/14/2020,FEU,Z03,15,0.13223446448
12/14/2020,FEU,Z01,16,0.11392604654
12/14/2020,FEU,Z02,16,0.13261638236
12/14/2020,FEU,Z03,16,0.13261638236
12/14/2020,FEU,Z01,17,0.1140334765
12/14/2020,FEU,Z02,17,0.1327837313
12/14/2020,FEU,Z03,17,0.1327837313
12/14/2020,FEU,Z01,18,0.11576512646
12/14/2020,FEU,Z02,18,0.13452936726
12/14/2020,FEU,Z03,18,0.13452936726
12/14/2020,FEU,Z01,19,0.11778216848
12/14/2020,FEU,Z02,19,0.13656393628
12/14/2020,FEU,Z03,19,0.13656393628
12/14/2020,FEU,Z01,2,0.09727008482
12/14/2020,FEU,Z02,2,0.04822656204
12/14/2020,FEU,Z03,2,0.04521077282
12/14/2020,FEU,Z01,20,0.11916700442
12/14/2020,FEU,Z02,20,0.13795935122
12/14/2020,FEU,Z03,20,0.13795935122
12/14/2020,FEU,Z01,21,0.11904740628
12/14/2020,FEU,Z02,21,0.13789938206
12/14/2020,FEU,Z03,21,0.13789938206
12/14/2020,FEU,Z01,22,0.1116341011
12/14/2020,FEU,Z02,22,0.13041388388
12/14/2020,FEU,Z03,22,0.13041388388
12/14/2020,FEU,Z01,23,0.10771517156
12/14/2020,FEU,Z02,23,0.0586499266
12/14/2020,FEU,Z03,23,0.1265543103
12/14/2020,FEU,Z01,24,0.10709109446
12/14/2020,FEU,Z02,24,0.05794889854
12/14/2020,FEU,Z03,24,0.06181637534
12/14/2020,FEU,Z01,3,0.09487997994
12/14/2020,FEU,Z02,3,0.04603716412
12/14/2020,FEU,Z03,3,0.04312390488
12/14/2020,FEU,Z01,4,0.09399442288
12/14/2020,FEU,Z02,4,0.04515018008
12/14/2020,FEU,Z03,4,0.04223252886
12/14/2020,FEU,Z01,5,0.09460989684
12/14/2020,FEU,Z02,5,0.04569719806
12/14/2020,FEU,Z03,5,0.04276157284
12/14/2020,FEU,Z01,6,0.0967756148
12/14/2020,FEU,Z02,6,0.04771621404
12/14/2020,FEU,Z03,6,0.04471587982
12/14/2020,FEU,Z01,7,0.10586371602
12/14/2020,FEU,Z02,7,0.0565087262
12/14/2020,FEU,Z03,7,0.05330366294
12/14/2020,FEU,Z01,8,0.11706427952
12/14/2020,FEU,Z02,8,0.06754272458
12/14/2020,FEU,Z03,8,0.0718499954
12/14/2020,FEU,Z01,9,0.11661800642
12/14/2020,FEU,Z02,9,0.06780395926
12/14/2020,FEU,Z03,9,0.07151900832
12/15/2020,FEU,Z01,1,0.10507048732
12/15/2020,FEU,Z02,1,0.05595969142
12/15/2020,FEU,Z03,1,0.05980488618
12/15/2020,FEU,Z01,10,0.11759699066
12/15/2020,FEU,Z02,10,0.06894520144
12/15/2020,FEU,Z03,10,0.07254851656
12/15/2020,FEU,Z01,11,0.11736808274
12/15/2020,FEU,Z02,11,0.06873217352
12/15/2020,FEU,Z03,11,0.07233409664
12/15/2020,FEU,Z01,12,0.11481601676
12/15/2020,FEU,Z02,12,0.06632456552
12/15/2020,FEU,Z03,12,0.06977491766
12/15/2020,FEU,Z01,13,0.11218426594
12/15/2020,FEU,Z02,13,0.13086744876
12/15/2020,FEU,Z03,13,0.06716650484
12/15/2020,FEU,Z01,14,0.11114086888
12/15/2020,FEU,Z02,14,0.1298149767
12/15/2020,FEU,Z03,14,0.1298149767
12/15/2020,FEU,Z01,15,0.10974272476
12/15/2020,FEU,Z02,15,0.12840416358
12/15/2020,FEU,Z03,15,0.12840416358
12/15/2020,FEU,Z01,16,0.11140195468
12/15/2020,FEU,Z02,16,0.13013295248
12/15/2020,FEU,Z03,16,0.13013295248
12/15/2020,FEU,Z01,17,0.11363977664
12/15/2020,FEU,Z02,17,0.13232948746
12/15/2020,FEU,Z03,17,0.13232948746
12/15/2020,FEU,Z01,18,0.1168557867
12/15/2020,FEU,Z02,18,0.1356339515
12/15/2020,FEU,Z03,18,0.1356339515
12/15/2020,FEU,Z01,19,0.11936920472
12/15/2020,FEU,Z02,19,0.13816935652
12/15/2020,FEU,Z03,19,0.13816935652
12/15/2020,FEU,Z01,2,0.10276736516
12/15/2020,FEU,Z02,2,0.0536581963
12/15/2020,FEU,Z03,2,0.05053582904
12/15/2020,FEU,Z01,20,0.1234629566
12/15/2020,FEU,Z02,20,0.1422968164
12/15/2020,FEU,Z03,20,0.1422968164
12/15/2020,FEU,Z01,21,0.12147666542
12/15/2020,FEU,Z02,21,0.14028979122
12/15/2020,FEU,Z03,21,0.14028979122
12/15/2020,FEU,Z01,22,0.11655623726
12/15/2020,FEU,Z02,22,0.13538468404
12/15/2020,FEU,Z03,22,0.13538468404
12/15/2020,FEU,Z01,23,0.11369769568
12/15/2020,FEU,Z02,23,0.0644399567
12/15/2020,FEU,Z03,23,0.13254706744
12/15/2020,FEU,Z01,24,0.10902086454
12/15/2020,FEU,Z02,24,0.0598491766
12/15/2020,FEU,Z03,24,0.06377100942
12/15/2020,FEU,Z01,3,0.0999013301
12/15/2020,FEU,Z02,3,0.05091822424
12/15/2020,FEU,Z03,3,0.04788360898
12/15/2020,FEU,Z01,4,0.09832620704
12/15/2020,FEU,Z02,4,0.04932910122
12/15/2020,FEU,Z03,4,0.04634620096
12/15/2020,FEU,Z01,5,0.10001100704
12/15/2020,FEU,Z02,5,0.05093544022
12/15/2020,FEU,Z03,5,0.04790140096
12/15/2020,FEU,Z01,6,0.1039822152
12/15/2020,FEU,Z02,6,0.05482062034
12/15/2020,FEU,Z03,6,0.05170381206
12/15/2020,FEU,Z01,7,0.1108750553
12/15/2020,FEU,Z02,7,0.0615040764
12/15/2020,FEU,Z03,7,0.05817864112
12/15/2020,FEU,Z01,8,0.12099036554
12/15/2020,FEU,Z02,8,0.0712999666
12/15/2020,FEU,Z03,8,0.07579923242
12/15/2020,FEU,Z01,9,0.11858521846
12/15/2020,FEU,Z02,9,0.0697054823
12/15/2020,FEU,Z03,9,0.07350229436
12/16/2020,FEU,Z01,1,0.10077369932
12/16/2020,FEU,Z02,1,0.05185441342
12/16/2020,FEU,Z03,1,0.05548372418
12/16/2020,FEU,Z01,10,0.11834030662
12/16/2020,FEU,Z02,10,0.06960047142
12/16/2020,FEU,Z03,10,0.07328727852
12/16/2020,FEU,Z01,11,0.11751378872
12/16/2020,FEU,Z02,11,0.0688712275
12/16/2020,FEU,Z03,11,0.07241702464
12/16/2020,FEU,Z01,12,0.11696684774
12/16/2020,FEU,Z02,12,0.06834439352
12/16/2020,FEU,Z03,12,0.07187201666
12/16/2020,FEU,Z01,13,0.11673822088
12/16/2020,FEU,Z02,13,0.1354570717
12/16/2020,FEU,Z03,13,0.0716704568
12/16/2020,FEU,Z01,14,0.11677398676
12/16/2020,FEU,Z02,14,0.13548988458
12/16/2020,FEU,Z03,14,0.13548988458
12/16/2020,FEU,Z01,15,0.11678169664
12/16/2020,FEU,Z02,15,0.13555922844
12/16/2020,FEU,Z03,15,0.13555922844
12/16/2020,FEU,Z01,16,0.11685077648
12/16/2020,FEU,Z02,16,0.13562462428
12/16/2020,FEU,Z03,16,0.13562462428
12/16/2020,FEU,Z01,17,0.11891064338
12/16/2020,FEU,Z02,17,0.13770002618
12/16/2020,FEU,Z03,17,0.13770002618
12/16/2020,FEU,Z01,18,0.1217346964
12/16/2020,FEU,Z02,18,0.14061440318
12/16/2020,FEU,Z03,18,0.14061440318
12/16/2020,FEU,Z01,19,0.1263557015
12/16/2020,FEU,Z02,19,0.1452108263
12/16/2020,FEU,Z03,19,0.1452108263
12/16/2020,FEU,Z01,2,0.09933177414
12/16/2020,FEU,Z02,2,0.05037843628
12/16/2020,FEU,Z03,2,0.04735958002
12/16/2020,FEU,Z01,20,0.12602755644
12/16/2020,FEU,Z02,20,0.14487854024
12/16/2020,FEU,Z03,20,0.14487854024
12/16/2020,FEU,Z01,21,0.12225030432
12/16/2020,FEU,Z02,21,0.14106671612
12/16/2020,FEU,Z03,21,0.14106671612
12/16/2020,FEU,Z01,22,0.12077032016
12/16/2020,FEU,Z02,22,0.13963555094
12/16/2020,FEU,Z03,22,0.13963555094
12/16/2020,FEU,Z01,23,0.11971105964
12/16/2020,FEU,Z02,23,0.07019856166
12/16/2020,FEU,Z03,23,0.1386176054
12/16/2020,FEU,Z01,24,0.11828965364
12/16/2020,FEU,Z02,24,0.06877841868
12/16/2020,FEU,Z03,24,0.07310475152
12/16/2020,FEU,Z01,3,0.09754537602
12/16/2020,FEU,Z02,3,0.0485833262
12/16/2020,FEU,Z03,3,0.04562468294
12/16/2020,FEU,Z01,4,0.094681975
12/16/2020,FEU,Z02,4,0.04585440718
12/16/2020,FEU,Z03,4,0.04298043492
12/16/2020,FEU,Z01,5,0.095506975
12/16/2020,FEU,Z02,5,0.04664046718
12/16/2020,FEU,Z03,5,0.04370493794
12/16/2020,FEU,Z01,6,0.09725222418
12/16/2020,FEU,Z02,6,0.0484370863
12/16/2020,FEU,Z03,6,0.04547774104
12/16/2020,FEU,Z01,7,0.1001736255
12/16/2020,FEU,Z02,7,0.05138037656
12/16/2020,FEU,Z03,7,0.04843958324
12/16/2020,FEU,Z01,8,0.1171566107
12/16/2020,FEU,Z02,8,0.06775516072
12/16/2020,FEU,Z03,8,0.07197780758
12/16/2020,FEU,Z01,9,0.1165738265
12/16/2020,FEU,Z02,9,0.06782708332
12/16/2020,FEU,Z03,9,0.0714900764
12/17/2020,FEU,Z01,1,0.11645658514
12/17/2020,FEU,Z02,1,0.0666635713
12/17/2020,FEU,Z03,1,0.071220225
12/17/2020,FEU,Z01,10,0.12758338346
12/17/2020,FEU,Z02,10,0.0783825573
12/17/2020,FEU,Z03,10,0.08253868436
12/17/2020,FEU,Z01,11,0.12609592154
12/17/2020,FEU,Z02,11,0.07701980136
12/17/2020,FEU,Z03,11,0.08106165844
12/17/2020,FEU,Z01,12,0.12466720754
12/17/2020,FEU,Z02,12,0.07570588934
12/17/2020,FEU,Z03,12,0.07962567644
12/17/2020,FEU,Z01,13,0.12336663866
12/17/2020,FEU,Z02,13,0.14219980946
12/17/2020,FEU,Z03,13,0.07834288456
12/17/2020,FEU,Z01,14,0.12356782452
12/17/2020,FEU,Z02,14,0.14239965632
12/17/2020,FEU,Z03,14,0.14239965632
12/17/2020,FEU,Z01,15,0.1218302764
12/17/2020,FEU,Z02,15,0.14071087418
12/17/2020,FEU,Z03,15,0.14071087418
12/17/2020,FEU,Z01,16,0.12383492126
12/17/2020,FEU,Z02,16,0.14266344206
12/17/2020,FEU,Z03,16,0.14266344206
12/17/2020,FEU,Z01,17,0.1256181362
12/17/2020,FEU,Z02,17,0.14453028398
12/17/2020,FEU,Z03,17,0.14453028398
12/17/2020,FEU,Z01,18,0.1295451362
12/17/2020,FEU,Z02,18,0.14849238298
12/17/2020,FEU,Z03,18,0.14849238298
12/17/2020,FEU,Z01,19,0.13478768032
12/17/2020,FEU,Z02,19,0.1537867811
12/17/2020,FEU,Z03,19,0.1537867811
12/17/2020,FEU,Z01,2,0.11358048688
12/17/2020,FEU,Z02,2,0.0637491111
12/17/2020,FEU,Z03,2,0.06027478686
12/17/2020,FEU,Z01,20,0.1316755013
12/17/2020,FEU,Z02,20,0.1505722311
12/17/2020,FEU,Z03,20,0.1505722311
12/17/2020,FEU,Z01,21,0.12690866618
12/17/2020,FEU,Z02,21,0.14583104196
12/17/2020,FEU,Z03,21,0.14583104196
12/17/2020,FEU,Z01,22,0.126231776
12/17/2020,FEU,Z02,22,0.14514349278
12/17/2020,FEU,Z03,22,0.14514349278
12/17/2020,FEU,Z01,23,0.12477043144
12/17/2020,FEU,Z02,23,0.07484918252
12/17/2020,FEU,Z03,23,0.14378767018
12/17/2020,FEU,Z01,24,0.11372004038
12/17/2020,FEU,Z02,24,0.06428054046
12/17/2020,FEU,Z03,24,0.06851525924
12/17/2020,FEU,Z01,3,0.11111721878
12/17/2020,FEU,Z02,3,0.06135085502
12/17/2020,FEU,Z03,3,0.0579080968
12/17/2020,FEU,Z01,4,0.11074648478
12/17/2020,FEU,Z02,4,0.061046176
12/17/2020,FEU,Z03,4,0.05761591978
12/17/2020,FEU,Z01,5,0.11116891978
12/17/2020,FEU,Z02,5,0.06139881502
12/17/2020,FEU,Z03,5,0.0579556568
12/17/2020,FEU,Z01,6,0.11277164284
12/17/2020,FEU,Z02,6,0.06302785204
12/17/2020,FEU,Z03,6,0.05953021782
12/17/2020,FEU,Z01,7,0.117435725
12/17/2020,FEU,Z02,7,0.06753418018
12/17/2020,FEU,Z03,7,0.06398669692
12/17/2020,FEU,Z01,8,0.12675509938
12/17/2020,FEU,Z02,8,0.07668047248
12/17/2020,FEU,Z03,8,0.08156083426
12/17/2020,FEU,Z01,9,0.12712643828
12/17/2020,FEU,Z02,9,0.07779710516
12/17/2020,FEU,Z03,9,0.08204474618
12/18/2020,FEU,Z01,1,0.11328603668
12/18/2020,FEU,Z02,1,0.06335504494
12/18/2020,FEU,Z03,1,0.06794200454
12/18/2020,FEU,Z01,10,0.12200972158
12/18/2020,FEU,Z02,10,0.07314224938
12/18/2020,FEU,Z03,10,0.07696462448
12/18/2020,FEU,Z01,11,0.12100401664
12/18/2020,FEU,Z02,11,0.07223668642
12/18/2020,FEU,Z03,11,0.07596626054
12/18/2020,FEU,Z01,12,0.12023799858
12/18/2020,FEU,Z02,12,0.07143104638
12/18/2020,FEU,Z03,12,0.07518533648
12/18/2020,FEU,Z01,13,0.11802245672
12/18/2020,FEU,Z02,13,0.13674732554
12/18/2020,FEU,Z03,13,0.07298741362
12/18/2020,FEU,Z01,14,0.11566914162
12/18/2020,FEU,Z02,14,0.13437416044
12/18/2020,FEU,Z03,14,0.13437416044
12/18/2020,FEU,Z01,15,0.10983893146
12/18/2020,FEU,Z02,15,0.12855282226
12/18/2020,FEU,Z03,15,0.12855282226
12/18/2020,FEU,Z01,16,0.11023357134
12/18/2020,FEU,Z02,16,0.12895001314
12/18/2020,FEU,Z03,16,0.12895001314
12/18/2020,FEU,Z01,17,0.11130519828
12/18/2020,FEU,Z02,17,0.13008536606
12/18/2020,FEU,Z03,17,0.13008536606
12/18/2020,FEU,Z01,18,0.11737396028
12/18/2020,FEU,Z02,18,0.13621041506
12/18/2020,FEU,Z03,18,0.13621041506
12/18/2020,FEU,Z01,19,0.1206679764
12/18/2020,FEU,Z02,19,0.13953773918
12/18/2020,FEU,Z03,19,0.13953773918
12/18/2020,FEU,Z01,2,0.11117042276
12/18/2020,FEU,Z02,2,0.061400176
12/18/2020,FEU,Z03,2,0.05795725378
12/18/2020,FEU,Z01,20,0.1190078513
12/18/2020,FEU,Z02,20,0.13785990408
12/18/2020,FEU,Z03,20,0.13785990408
12/18/2020,FEU,Z01,21,0.11499594812
12/18/2020,FEU,Z02,21,0.1338070809
12/18/2020,FEU,Z03,21,0.1338070809
12/18/2020,FEU,Z01,22,0.10989964694
12/18/2020,FEU,Z02,22,0.12866178972
12/18/2020,FEU,Z03,22,0.12866178972
12/18/2020,FEU,Z01,23,0.10472266138
12/18/2020,FEU,Z02,23,0.05567667046
12/18/2020,FEU,Z03,23,0.1235759801
12/18/2020,FEU,Z01,24,0.09994979528
12/18/2020,FEU,Z02,24,0.05106231738
12/18/2020,FEU,Z03,24,0.05464743914
12/18/2020,FEU,Z01,3,0.10863321374
12/18/2020,FEU,Z02,3,0.05898624598
12/18/2020,FEU,Z03,3,0.05562431076
12/18/2020,FEU,Z01,4,0.10117747072
12/18/2020,FEU,Z02,4,0.05189483796
12/18/2020,FEU,Z03,4,0.04872319276
12/18/2020,FEU,Z01,5,0.10065164672
12/18/2020,FEU,Z02,5,0.05139480596
12/18/2020,FEU,Z03,5,0.04823863876
12/18/2020,FEU,Z01,6,0.1018410599
12/18/2020,FEU,Z02,6,0.0526248561
12/18/2020,FEU,Z03,6,0.04950311686
12/18/2020,FEU,Z01,7,0.10939264296
12/18/2020,FEU,Z02,7,0.05986789414
12/18/2020,FEU,Z03,7,0.0565130869
12/18/2020,FEU,Z01,8,0.12257851042
12/18/2020,FEU,Z02,8,0.0727514015
12/18/2020,FEU,Z03,8,0.0773717053
12/18/2020,FEU,Z01,9,0.12254960036
12/18/2020,FEU,Z02,9,0.07345828822
12/18/2020,FEU,Z03,9,0.07752814424
12/19/2020,FEU,Z01,1,0.10219359088
12/19/2020,FEU,Z02,1,0.05295766808
12/19/2020,FEU,Z03,1,0.05686947072
12/19/2020,FEU,Z01,10,0.1100010158
12/19/2020,FEU,Z02,10,0.06100917778
12/19/2020,FEU,Z03,10,0.06480620768
12/19/2020,FEU,Z01,11,0.11241517706
12/19/2020,FEU,Z02,11,0.06350572698
12/19/2020,FEU,Z03,11,0.06728278394
12/19/2020,FEU,Z01,12,0.1138663611
12/19/2020,FEU,Z02,12,0.06490326802
12/19/2020,FEU,Z03,12,0.06874902198
12/19/2020,FEU,Z01,13,0.10975327334
12/19/2020,FEU,Z02,13,0.12846565514
12/19/2020,FEU,Z03,13,0.06460983224
12/19/2020,FEU,Z01,14,0.11163028436
12/19/2020,FEU,Z02,14,0.13041501714
12/19/2020,FEU,Z03,14,0.13041501714
12/19/2020,FEU,Z01,15,0.11373406424
12/19/2020,FEU,Z02,15,0.13253595702
12/19/2020,FEU,Z03,15,0.13253595702
12/19/2020,FEU,Z01,16,0.1111118861
12/19/2020,FEU,Z02,16,0.12988686188
12/19/2020,FEU,Z03,16,0.12988686188
12/19/2020,FEU,Z01,17,0.10992401602
12/19/2020,FEU,Z02,17,0.12874291978
12/19/2020,FEU,Z03,17,0.12874291978
12/19/2020,FEU,Z01,18,0.11548347196
12/19/2020,FEU,Z02,18,0.13429585874
12/19/2020,FEU,Z03,18,0.13429585874
12/19/2020,FEU,Z01,19,0.11729212424
12/19/2020,FEU,Z02,19,0.13612696202
12/19/2020,FEU,Z03,19,0.13612696202
12/19/2020,FEU,Z01,2,0.09979212672
12/19/2020,FEU,Z02,2,0.05057744596
12/19/2020,FEU,Z03,2,0.04744847876
12/19/2020,FEU,Z01,20,0.1181163762
12/19/2020,FEU,Z02,20,0.13695797898
12/19/2020,FEU,Z03,20,0.13695797898
12/19/2020,FEU,Z01,21,0.11928294004
12/19/2020,FEU,Z02,21,0.1381947858
12/19/2020,FEU,Z03,21,0.1381947858
12/19/2020,FEU,Z01,22,0.11960217188
12/19/2020,FEU,Z02,22,0.13851333764
12/19/2020,FEU,Z03,22,0.13851333764
12/19/2020,FEU,Z01,23,0.11997148022
12/19/2020,FEU,Z02,23,0.07013337234
12/19/2020,FEU,Z03,23,0.13899504194
12/19/2020,FEU,Z01,24,0.11793715316
12/19/2020,FEU,Z02,24,0.0681306013
12/19/2020,FEU,Z03,24,0.07271306302
12/19/2020,FEU,Z01,3,0.09708055274
12/19/2020,FEU,Z02,3,0.04800069898
12/19/2020,FEU,Z03,3,0.04495637578
12/19/2020,FEU,Z01,4,0.0955074147
12/19/2020,FEU,Z02,4,0.04646420196
12/19/2020,FEU,Z03,4,0.04350992674
12/19/2020,FEU,Z01,5,0.09564747072
12/19/2020,FEU,Z02,5,0.04663488596
12/19/2020,FEU,Z03,5,0.04363828076
12/19/2020,FEU,Z01,6,0.0975681548
12/19/2020,FEU,Z02,6,0.04850836602
12/19/2020,FEU,Z03,6,0.0454844968
12/19/2020,FEU,Z01,7,0.09913888286
12/19/2020,FEU,Z02,7,0.05000713608
12/19/2020,FEU,Z03,7,0.04697090284
12/19/2020,FEU,Z01,8,0.10015163096
12/19/2020,FEU,Z02,8,0.05102141616
12/19/2020,FEU,Z03,8,0.05478880382
12/19/2020,FEU,Z01,9,0.10899640454
12/19/2020,FEU,Z02,9,0.05987501658
12/19/2020,FEU,Z03,9,0.0637959554
12/20/2020,FEU,Z01,1,0.11429554182
12/20/2020,FEU,Z02,1,0.06442711604
12/20/2020,FEU,Z03,1,0.06898443068
12/20/2020,FEU,Z01,10,0.10878841366
12/20/2020,FEU,Z02,10,0.05973492268
12/20/2020,FEU,Z03,10,0.06356056654
12/20/2020,FEU,Z01,11,0.10907703386
12/20/2020,FEU,Z02,11,0.06012771484
12/20/2020,FEU,Z03,11,0.06388923674
12/20/2020,FEU,Z01,12,0.1105851509
12/20/2020,FEU,Z02,12,0.06162808386
12/20/2020,FEU,Z03,12,0.06541259378
12/20/2020,FEU,Z01,13,0.11206872016
12/20/2020,FEU,Z02,13,0.13085365094
12/20/2020,FEU,Z03,13,0.06690052106
12/20/2020,FEU,Z01,14,0.10825093814
12/20/2020,FEU,Z02,14,0.1270542609
12/20/2020,FEU,Z03,14,0.1270542609
12/20/2020,FEU,Z01,15,0.106056176
12/20/2020,FEU,Z02,15,0.12478416078
12/20/2020,FEU,Z03,15,0.12478416078
12/20/2020,FEU,Z01,16,0.1048536758
12/20/2020,FEU,Z02,16,0.12361666156
12/20/2020,FEU,Z03,16,0.12361666156
12/20/2020,FEU,Z01,17,0.10731827766
12/20/2020,FEU,Z02,17,0.12610309642
12/20/2020,FEU,Z03,17,0.12610309642
12/20/2020,FEU,Z01,18,0.11508383156
12/20/2020,FEU,Z02,18,0.1340013603
12/20/2020,FEU,Z03,18,0.1340013603
12/20/2020,FEU,Z01,19,0.11638617396
12/20/2020,FEU,Z02,19,0.13526716372
12/20/2020,FEU,Z03,19,0.13526716372
12/20/2020,FEU,Z01,2,0.10987758272
12/20/2020,FEU,Z02,2,0.06016820396
12/20/2020,FEU,Z03,2,0.05672123876
12/20/2020,FEU,Z01,20,0.11608086596
12/20/2020,FEU,Z02,20,0.13495880772
12/20/2020,FEU,Z03,20,0.13495880772
12/20/2020,FEU,Z01,21,0.11454541388
12/20/2020,FEU,Z02,21,0.13340626364
12/20/2020,FEU,Z03,21,0.13340626364
12/20/2020,FEU,Z01,22,0.11329720388
12/20/2020,FEU,Z02,22,0.13214563364
12/20/2020,FEU,Z03,22,0.13214563364
12/20/2020,FEU,Z01,23,0.11145481334
12/20/2020,FEU,Z02,23,0.06206091044
12/20/2020,FEU,Z03,23,0.13032890908
12/20/2020,FEU,Z01,24,0.10275476534
12/20/2020,FEU,Z02,24,0.05374894244
12/20/2020,FEU,Z03,24,0.05743710122
12/20/2020,FEU,Z01,3,0.10241920366
12/20/2020,FEU,Z02,3,0.05302859192
12/20/2020,FEU,Z03,3,0.04982170072
12/20/2020,FEU,Z01,4,0.10085609676
12/20/2020,FEU,Z02,4,0.051592576
12/20/2020,FEU,Z03,4,0.04846956178
12/20/2020,FEU,Z01,5,0.10138864574
12/20/2020,FEU,Z02,5,0.05209730998
12/20/2020,FEU,Z03,5,0.04895907876
12/20/2020,FEU,Z01,6,0.1015692947
12/20/2020,FEU,Z02,6,0.05226579094
12/20/2020,FEU,Z03,6,0.04908302274
12/20/2020,FEU,Z01,7,0.10078521282
12/20/2020,FEU,Z02,7,0.05157137804
12/20/2020,FEU,Z03,7,0.04844670082
12/20/2020,FEU,Z01,8,0.10037027884
12/20/2020,FEU,Z02,8,0.05121916604
12/20/2020,FEU,Z03,8,0.05502678068
12/20/2020,FEU,Z01,9,0.10255468344
12/20/2020,FEU,Z02,9,0.05361034852
12/20/2020,FEU,Z03,9,0.0572980153
12/21/2020,FEU,Z01,1,0.1058168999
12/21/2020,FEU,Z02,1,0.0564094211
12/21/2020,FEU,Z03,1,0.06051976874
12/21/2020,FEU,Z01,10,0.11582344962
12/21/2020,FEU,Z02,10,0.06717086342
12/21/2020,FEU,Z03,10,0.07075965652
12/21/2020,FEU,Z01,11,0.1155067167
12/21/2020,FEU,Z02,11,0.06692957548
12/21/2020,FEU,Z03,11,0.0704570066
12/21/2020,FEU,Z01,12,0.1150453767
12/21/2020,FEU,Z02,12,0.06648367948
12/21/2020,FEU,Z03,12,0.0699936866
12/21/2020,FEU,Z01,13,0.11510710488
12/21/2020,FEU,Z02,13,0.1338120917
12/21/2020,FEU,Z03,13,0.07009042778
12/21/2020,FEU,Z01,14,0.1135863768
12/21/2020,FEU,Z02,14,0.13227939762
12/21/2020,FEU,Z03,14,0.13227939762
12/21/2020,FEU,Z01,15,0.11035808966
12/21/2020,FEU,Z02,15,0.12902280848
12/21/2020,FEU,Z03,15,0.12902280848
12/21/2020,FEU,Z01,16,0.10647163154
12/21/2020,FEU,Z02,16,0.12510477236
12/21/2020,FEU,Z03,16,0.12510477236
12/21/2020,FEU,Z01,17,0.1063031515
12/21/2020,FEU,Z02,17,0.1249876163
12/21/2020,FEU,Z03,17,0.1249876163
12/21/2020,FEU,Z01,18,0.11335109946
12/21/2020,FEU,Z02,18,0.13209601726
12/21/2020,FEU,Z03,18,0.13209601726
12/21/2020,FEU,Z01,19,0.11615811248
12/21/2020,FEU,Z02,19,0.13492607028
12/21/2020,FEU,Z03,19,0.13492607028
12/21/2020,FEU,Z01,2,0.10073485282
12/21/2020,FEU,Z02,2,0.05152226004
12/21/2020,FEU,Z03,2,0.04839918182
12/21/2020,FEU,Z01,20,0.11581510742
12/21/2020,FEU,Z02,20,0.13457902422
12/21/2020,FEU,Z03,20,0.13457902422
12/21/2020,FEU,Z01,21,0.11628995628
12/21/2020,FEU,Z02,21,0.13511635706
12/21/2020,FEU,Z03,21,0.13511635706
12/21/2020,FEU,Z01,22,0.1155644561
12/21/2020,FEU,Z02,22,0.13438041788
12/21/2020,FEU,Z03,22,0.13438041788
12/21/2020,FEU,Z01,23,0.11366997756
12/21/2020,FEU,Z02,23,0.0643513366
12/21/2020,FEU,Z03,23,0.1325724653
12/21/2020,FEU,Z01,24,0.10783833746
12/21/2020,FEU,Z02,24,0.05866325554
12/21/2020,FEU,Z03,24,0.06256727234
12/21/2020,FEU,Z01,3,0.09921786594
12/21/2020,FEU,Z02,3,0.05016959812
12/21/2020,FEU,Z03,3,0.04712597688
12/21/2020,FEU,Z01,4,0.09859766288
12/21/2020,FEU,Z02,4,0.04953352008
12/21/2020,FEU,Z03,4,0.04647293386
12/21/2020,FEU,Z01,5,0.09945068084
12/21/2020,FEU,Z02,5,0.05030325406
12/21/2020,FEU,Z03,5,0.04721755684
12/21/2020,FEU,Z01,6,0.1049114348
12/21/2020,FEU,Z02,6,0.05545170004
12/21/2020,FEU,Z03,6,0.05219954282
12/21/2020,FEU,Z01,7,0.11131560102
12/21/2020,FEU,Z02,7,0.0617042662
12/21/2020,FEU,Z03,7,0.05833650794
12/21/2020,FEU,Z01,8,0.11736293552
12/21/2020,FEU,Z02,8,0.06782727758
12/21/2020,FEU,Z03,8,0.0721501154
12/21/2020,FEU,Z01,9,0.11704834142
12/21/2020,FEU,Z02,9,0.06822010126
12/21/2020,FEU,Z03,9,0.07195116832
12/22/2020,FEU,Z01,1,0.11159711332
12/22/2020,FEU,Z02,1,0.06219542242
12/22/2020,FEU,Z03,1,0.06636853518
12/22/2020,FEU,Z01,10,0.11352065966
12/22/2020,FEU,Z02,10,0.06500622544
12/22/2020,FEU,Z03,10,0.06845472056
12/22/2020,FEU,Z01,11,0.11216133174
12/22/2020,FEU,Z02,11,0.06370002552
12/22/2020,FEU,Z03,11,0.06710496064
12/22/2020,FEU,Z01,12,0.10807990276
12/22/2020,FEU,Z02,12,0.05980873752
12/22/2020,FEU,Z03,12,0.06300981866
12/22/2020,FEU,Z01,13,0.10665908994
12/22/2020,FEU,Z02,13,0.12529914476
12/22/2020,FEU,Z03,13,0.06161736884
12/22/2020,FEU,Z01,14,0.10664634088
12/22/2020,FEU,Z02,14,0.1252854567
12/22/2020,FEU,Z03,14,0.1252854567
12/22/2020,FEU,Z01,15,0.10612193276
12/22/2020,FEU,Z02,15,0.12475532758
12/22/2020,FEU,Z03,15,0.12475532758
12/22/2020,FEU,Z01,16,0.10540055268
12/22/2020,FEU,Z02,16,0.12408008048
12/22/2020,FEU,Z03,16,0.12408008048
12/22/2020,FEU,Z01,17,0.11039040064
12/22/2020,FEU,Z02,17,0.12905507346
12/22/2020,FEU,Z03,17,0.12905507346
12/22/2020,FEU,Z01,18,0.1152352717
12/22/2020,FEU,Z02,18,0.1339995265
12/22/2020,FEU,Z03,18,0.1339995265
12/22/2020,FEU,Z01,19,0.11600175272
12/22/2020,FEU,Z02,19,0.13477297452
12/22/2020,FEU,Z03,19,0.13477297452
12/22/2020,FEU,Z01,2,0.10694172716
12/22/2020,FEU,Z02,2,0.0576409813
12/22/2020,FEU,Z03,2,0.05439310904
12/22/2020,FEU,Z01,20,0.1160510066
12/22/2020,FEU,Z02,20,0.1348215164
12/22/2020,FEU,Z03,20,0.1348215164
12/22/2020,FEU,Z01,21,0.11625841142
12/22/2020,FEU,Z02,21,0.13502608822
12/22/2020,FEU,Z03,21,0.13502608822
12/22/2020,FEU,Z01,22,0.11509741426
12/22/2020,FEU,Z02,22,0.13391234204
12/22/2020,FEU,Z03,22,0.13391234204
12/22/2020,FEU,Z01,23,0.11489545568
12/22/2020,FEU,Z02,23,0.0655874817
12/22/2020,FEU,Z03,23,0.13375541944
12/22/2020,FEU,Z01,24,0.10662500754
12/22/2020,FEU,Z02,24,0.0575571466
12/22/2020,FEU,Z03,24,0.06136339842
12/22/2020,FEU,Z01,3,0.1011027551
12/22/2020,FEU,Z02,3,0.05206345624
12/22/2020,FEU,Z03,3,0.04899432398
12/22/2020,FEU,Z01,4,0.09912367904
12/22/2020,FEU,Z02,4,0.05009006122
12/22/2020,FEU,Z03,4,0.04708348096
12/22/2020,FEU,Z01,5,0.09901011104
12/22/2020,FEU,Z02,5,0.04998186222
12/22/2020,FEU,Z03,5,0.04697749696
12/22/2020,FEU,Z01,6,0.1012380952
12/22/2020,FEU,Z02,6,0.05220264134
12/22/2020,FEU,Z03,6,0.04916435406
12/22/2020,FEU,Z01,7,0.1077653253
12/22/2020,FEU,Z02,7,0.0585328364
12/22/2020,FEU,Z03,7,0.05529804912
12/22/2020,FEU,Z01,8,0.11625980154
12/22/2020,FEU,Z02,8,0.0667744066
12/22/2020,FEU,Z03,8,0.07104546042
12/22/2020,FEU,Z01,9,0.11463049846
12/22/2020,FEU,Z02,9,0.0658918823
12/22/2020,FEU,Z03,9,0.06953077436
12/23/2020,FEU,Z01,1,0.10290358332
12/23/2020,FEU,Z02,1,0.05388818842
12/23/2020,FEU,Z03,1,0.05762569018
12/23/2020,FEU,Z01,10,0.11509983862
12/23/2020,FEU,Z02,10,0.06647201242
12/23/2020,FEU,Z03,10,0.07003295052
12/23/2020,FEU,Z01,11,0.11472484472
12/23/2020,FEU,Z02,11,0.0661757275
12/23/2020,FEU,Z03,11,0.06961849664
12/23/2020,FEU,Z01,12,0.11416866974
12/23/2020,FEU,Z02,12,0.06563892552
12/23/2020,FEU,Z03,12,0.06906421466
12/23/2020,FEU,Z01,13,0.11480192088
12/23/2020,FEU,Z02,13,0.1335056967
12/23/2020,FEU,Z03,13,0.0697262968
12/23/2020,FEU,Z01,14,0.11256289876
12/23/2020,FEU,Z02,14,0.13124618058
12/23/2020,FEU,Z03,14,0.13124618058
12/23/2020,FEU,Z01,15,0.11087745664
12/23/2020,FEU,Z02,15,0.12960326044
12/23/2020,FEU,Z03,15,0.12960326044
12/23/2020,FEU,Z01,16,0.11179985648
12/23/2020,FEU,Z02,16,0.13053194028
12/23/2020,FEU,Z03,16,0.13053194028
12/23/2020,FEU,Z01,17,0.11171717238
12/23/2020,FEU,Z02,17,0.13044564518
12/23/2020,FEU,Z03,17,0.13044564518
12/23/2020,FEU,Z01,18,0.1147502764
12/23/2020,FEU,Z02,18,0.13356487418
12/23/2020,FEU,Z03,18,0.13356487418
12/23/2020,FEU,Z01,19,0.1158817515
12/23/2020,FEU,Z02,19,0.1346477363
12/23/2020,FEU,Z03,19,0.1346477363
12/23/2020,FEU,Z01,2,0.09853749714
12/23/2020,FEU,Z02,2,0.04962058228
12/23/2020,FEU,Z03,2,0.04662422002
12/23/2020,FEU,Z01,20,0.11635264244
12/23/2020,FEU,Z02,20,0.13512149624
12/23/2020,FEU,Z03,20,0.13512149624
12/23/2020,FEU,Z01,21,0.11664880032
12/23/2020,FEU,Z02,21,0.13541790212
12/23/2020,FEU,Z03,21,0.13541790212
12/23/2020,FEU,Z01,22,0.11637660816
12/23/2020,FEU,Z02,22,0.13520249594
12/23/2020,FEU,Z03,22,0.13520249594
12/23/2020,FEU,Z01,23,0.11537132564
12/23/2020,FEU,Z02,23,0.06603937366
12/23/2020,FEU,Z03,23,0.1342351154
12/23/2020,FEU,Z01,24,0.11247735764
12/23/2020,FEU,Z02,24,0.06321543268
12/23/2020,FEU,Z03,24,0.06726382352
12/23/2020,FEU,Z01,3,0.09821733802
12/23/2020,FEU,Z02,3,0.0492247362
12/23/2020,FEU,Z03,3,0.04624499694
12/23/2020,FEU,Z01,4,0.097334475
12/23/2020,FEU,Z02,4,0.04838051818
12/23/2020,FEU,Z03,4,0.04542922292
12/23/2020,FEU,Z01,5,0.097359475
12/23/2020,FEU,Z02,5,0.04840552918
12/23/2020,FEU,Z03,5,0.04541368394
12/23/2020,FEU,Z01,6,0.09834926818
12/23/2020,FEU,Z02,6,0.0494834413
12/23/2020,FEU,Z03,6,0.04649142504
12/23/2020,FEU,Z01,7,0.1011058505
12/23/2020,FEU,Z02,7,0.05227344056
12/23/2020,FEU,Z03,7,0.04930560124
12/23/2020,FEU,Z01,8,0.1124691407
12/23/2020,FEU,Z02,8,0.06326444872
12/23/2020,FEU,Z03,8,0.06726718958
12/23/2020,FEU,Z01,9,0.1146891265
12/23/2020,FEU,Z02,9,0.06600814732
12/23/2020,FEU,Z03,9,0.0695973564
12/24/2020,FEU,Z01,1,0.10859461014
12/24/2020,FEU,Z02,1,0.0591684463
12/24/2020,FEU,Z03,1,0.063313975
12/24/2020,FEU,Z01,10,0.10937283946
12/24/2020,FEU,Z02,10,0.0608218373
12/24/2020,FEU,Z03,10,0.06425078036
12/24/2020,FEU,Z01,11,0.10962700154
12/24/2020,FEU,Z02,11,0.06112652136
12/24/2020,FEU,Z03,11,0.06452136044
12/24/2020,FEU,Z01,12,0.10984166054
12/24/2020,FEU,Z02,12,0.06138476934
12/24/2020,FEU,Z03,12,0.06473693444
12/24/2020,FEU,Z01,13,0.10749077066
12/24/2020,FEU,Z02,13,0.12618790146
12/24/2020,FEU,Z03,13,0.06239899656
12/24/2020,FEU,Z01,14,0.10458189652
12/24/2020,FEU,Z02,14,0.12325200832
12/24/2020,FEU,Z03,14,0.12325200832
12/24/2020,FEU,Z01,15,0.1021596764
12/24/2020,FEU,Z02,15,0.12085690418
12/24/2020,FEU,Z03,15,0.12085690418
12/24/2020,FEU,Z01,16,0.10156442726
12/24/2020,FEU,Z02,16,0.12020532806
12/24/2020,FEU,Z03,16,0.12020532806
12/24/2020,FEU,Z01,17,0.1058415262
12/24/2020,FEU,Z02,17,0.12456966398
12/24/2020,FEU,Z03,17,0.12456966398
12/24/2020,FEU,Z01,18,0.1106741162
12/24/2020,FEU,Z02,18,0.12944692498
12/24/2020,FEU,Z03,18,0.12944692498
12/24/2020,FEU,Z01,19,0.11124028832
12/24/2020,FEU,Z02,19,0.1300206211
12/24/2020,FEU,Z03,19,0.1300206211
12/24/2020,FEU,Z01,2,0.10178539088
12/24/2020,FEU,Z02,2,0.0525280611
12/24/2020,FEU,Z03,2,0.04940939986
12/24/2020,FEU,Z01,20,0.1091190263
12/24/2020,FEU,Z02,20,0.1278242111
12/24/2020,FEU,Z03,20,0.1278242111
12/24/2020,FEU,Z01,21,0.10868636618
12/24/2020,FEU,Z02,21,0.12744164396
12/24/2020,FEU,Z03,21,0.12744164396
12/24/2020,FEU,Z01,22,0.101719376
12/24/2020,FEU,Z02,22,0.12040639578
12/24/2020,FEU,Z03,22,0.12040639578
12/24/2020,FEU,Z01,23,0.09553543544
12/24/2020,FEU,Z02,23,0.04689976452
12/24/2020,FEU,Z03,23,0.11424318318
12/24/2020,FEU,Z01,24,0.09198673538
12/24/2020,FEU,Z02,24,0.04350060546
12/24/2020,FEU,Z03,24,0.04665836924
12/24/2020,FEU,Z01,3,0.10100399878
12/24/2020,FEU,Z02,3,0.05173487502
12/24/2020,FEU,Z03,3,0.0486048968
12/24/2020,FEU,Z01,4,0.10054247278
12/24/2020,FEU,Z02,4,0.051336976
12/24/2020,FEU,Z03,4,0.04822226878
12/24/2020,FEU,Z01,5,0.10040250178
12/24/2020,FEU,Z02,5,0.05116175302
12/24/2020,FEU,Z03,5,0.0480515768
12/24/2020,FEU,Z01,6,0.09994884884
12/24/2020,FEU,Z02,6,0.05081783604
12/24/2020,FEU,Z03,6,0.04771653082
12/24/2020,FEU,Z01,7,0.100226975
12/24/2020,FEU,Z02,7,0.05113768318
12/24/2020,FEU,Z03,7,0.04810073292
12/24/2020,FEU,Z01,8,0.10112321738
12/24/2020,FEU,Z02,8,0.05219262448
12/24/2020,FEU,Z03,8,0.05580402026
12/24/2020,FEU,Z01,9,0.10482726628
12/24/2020,FEU,Z02,9,0.05632522116
12/24/2020,FEU,Z03,9,0.05965156418
12/25/2020,FEU,Z01,1,0.09878842178
12/25/2020,FEU,Z02,1,0.049667776
12/25/2020,FEU,Z03,1,0.05342324462
12/25/2020,FEU,Z01,10,0.07979753834
12/25/2020,FEU,Z02,10,0.03181576044
12/25/2020,FEU,Z03,10,0.03436692122
12/25/2020,FEU,Z01,11,0.07846531168
12/25/2020,FEU,Z02,11,0.0306852467
12/25/2020,FEU,Z03,11,0.03309170356
12/25/2020,FEU,Z01,12,0.07446132784
12/25/2020,FEU,Z02,12,0.02691442582
12/25/2020,FEU,Z03,12,0.02909773372
12/25/2020,FEU,Z01,13,0.07340552008
12/25/2020,FEU,Z02,13,0.09183453186
12/25/2020,FEU,Z03,13,0.02808251196
12/25/2020,FEU,Z01,14,0.07201237014
12/25/2020,FEU,Z02,14,0.09042757992
12/25/2020,FEU,Z03,14,0.09042757992
12/25/2020,FEU,Z01,15,0.06682611404
12/25/2020,FEU,Z02,15,0.0852137258
12/25/2020,FEU,Z03,15,0.0852137258
12/25/2020,FEU,Z01,16,0.06774755582
12/25/2020,FEU,Z02,16,0.08614259858
12/25/2020,FEU,Z03,16,0.08614259858
12/25/2020,FEU,Z01,17,0.0634864157
12/25/2020,FEU,Z02,17,0.08185522744
12/25/2020,FEU,Z03,17,0.08185522744
12/25/2020,FEU,Z01,18,0.0719112257
12/25/2020,FEU,Z02,18,0.09037017944
12/25/2020,FEU,Z03,18,0.09037017944
12/25/2020,FEU,Z01,19,0.0918691658
12/25/2020,FEU,Z02,19,0.11050337956
12/25/2020,FEU,Z03,19,0.11050337956
12/25/2020,FEU,Z01,2,0.0904945148
12/25/2020,FEU,Z02,2,0.04174418404
12/25/2020,FEU,Z03,2,0.03893826482
12/25/2020,FEU,Z01,20,0.09479587774
12/25/2020,FEU,Z02,20,0.1134583005
12/25/2020,FEU,Z03,20,0.1134583005
12/25/2020,FEU,Z01,21,0.0973581857
12/25/2020,FEU,Z02,21,0.11604660146
12/25/2020,FEU,Z03,21,0.11604660146
12/25/2020,FEU,Z01,22,0.09841500768
12/25/2020,FEU,Z02,22,0.11711233544
12/25/2020,FEU,Z03,22,0.11711233544
12/25/2020,FEU,Z01,23,0.0999137801
12/25/2020,FEU,Z02,23,0.05088909826
12/25/2020,FEU,Z03,23,0.11870726282
12/25/2020,FEU,Z01,24,0.09409292492
12/25/2020,FEU,Z02,24,0.04524912412
12/25/2020,FEU,Z03,24,0.04868858278
12/25/2020,FEU,Z01,3,0.08405427056
12/25/2020,FEU,Z02,3,0.03553765584
12/25/2020,FEU,Z03,3,0.03288628366
12/25/2020,FEU,Z01,4,0.0808231344
12/25/2020,FEU,Z02,4,0.03239987172
12/25/2020,FEU,Z03,4,0.02983554856
12/25/2020,FEU,Z01,5,0.0760026544
12/25/2020,FEU,Z02,5,0.02782673372
12/25/2020,FEU,Z03,5,0.02542062456
12/25/2020,FEU,Z01,6,0.0758848944
12/25/2020,FEU,Z02,6,0.02771625972
12/25/2020,FEU,Z03,6,0.02531397256
12/25/2020,FEU,Z01,7,0.07933206252
12/25/2020,FEU,Z02,7,0.0310468558
12/25/2020,FEU,Z03,7,0.02855036162
12/25/2020,FEU,Z01,8,0.08055293474
12/25/2020,FEU,Z02,8,0.03228441298
12/25/2020,FEU,Z03,8,0.03506450758
12/25/2020,FEU,Z01,9,0.08031385494
12/25/2020,FEU,Z02,9,0.03213183714
12/25/2020,FEU,Z03,9,0.0348363548
12/26/2020,FEU,Z01,1,0.10293211888
12/26/2020,FEU,Z02,1,0.05366211208
12/26/2020,FEU,Z03,1,0.05761396672
12/26/2020,FEU,Z01,10,0.0986621058
12/26/2020,FEU,Z02,10,0.05012944678
12/26/2020,FEU,Z03,10,0.05341107168
12/26/2020,FEU,Z01,11,0.10023809606
12/26/2020,FEU,Z02,11,0.05179660398
12/26/2020,FEU,Z03,11,0.05504466494
12/26/2020,FEU,Z01,12,0.0976334811
12/26/2020,FEU,Z02,12,0.04929640102
12/26/2020,FEU,Z03,12,0.05243463798
12/26/2020,FEU,Z01,13,0.09673435834
12/26/2020,FEU,Z02,13,0.11533549714
12/26/2020,FEU,Z03,13,0.05153589224
12/26/2020,FEU,Z01,14,0.09544161236
12/26/2020,FEU,Z02,14,0.11407688214
12/26/2020,FEU,Z03,14,0.11407688214
12/26/2020,FEU,Z01,15,0.09236194424
12/26/2020,FEU,Z02,15,0.11096594702
12/26/2020,FEU,Z03,15,0.11096594702
12/26/2020,FEU,Z01,16,0.0906821661
12/26/2020,FEU,Z02,16,0.10926908588
12/26/2020,FEU,Z03,16,0.10926908588
12/26/2020,FEU,Z01,17,0.09625421702
12/26/2020,FEU,Z02,17,0.11493630878
12/26/2020,FEU,Z03,17,0.11493630878
12/26/2020,FEU,Z01,18,0.10534219796
12/26/2020,FEU,Z02,18,0.12406177774
12/26/2020,FEU,Z03,18,0.12406177774
12/26/2020,FEU,Z01,19,0.10741390424
12/26/2020,FEU,Z02,19,0.12615727702
12/26/2020,FEU,Z03,19,0.12615727702
12/26/2020,FEU,Z01,2,0.09709727872
12/26/2020,FEU,Z02,2,0.04801478196
12/26/2020,FEU,Z03,2,0.04497109476
12/26/2020,FEU,Z01,20,0.1085963762
12/26/2020,FEU,Z02,20,0.12734997898
12/26/2020,FEU,Z03,20,0.12734997898
12/26/2020,FEU,Z01,21,0.11216801804
12/26/2020,FEU,Z02,21,0.1310085958
12/26/2020,FEU,Z03,21,0.1310085958
12/26/2020,FEU,Z01,22,0.11367588788
12/26/2020,FEU,Z02,22,0.13252808564
12/26/2020,FEU,Z03,22,0.13252808564
12/26/2020,FEU,Z01,23,0.11384586422
12/26/2020,FEU,Z02,23,0.06428462034
12/26/2020,FEU,Z03,23,0.13279895694
12/26/2020,FEU,Z01,24,0.10982937716
12/26/2020,FEU,Z02,24,0.0603949213
12/26/2020,FEU,Z03,24,0.06455959102
12/26/2020,FEU,Z01,3,0.09324734774
12/26/2020,FEU,Z02,3,0.04435446298
12/26/2020,FEU,Z03,3,0.04143274078
12/26/2020,FEU,Z01,4,0.0885473847
12/26/2020,FEU,Z02,4,0.03985079796
12/26/2020,FEU,Z03,4,0.03710993774
12/26/2020,FEU,Z01,5,0.08549628672
12/26/2020,FEU,Z02,5,0.03698282596
12/26/2020,FEU,Z03,5,0.03430625876
12/26/2020,FEU,Z01,6,0.0854671148
12/26/2020,FEU,Z02,6,0.03699317002
12/26/2020,FEU,Z03,6,0.0343438568
12/26/2020,FEU,Z01,7,0.08549666186
12/26/2020,FEU,Z02,7,0.03702814408
12/26/2020,FEU,Z03,7,0.03440312884
12/26/2020,FEU,Z01,8,0.08911900696
12/26/2020,FEU,Z02,8,0.04051751216
12/26/2020,FEU,Z03,8,0.04369449582
12/26/2020,FEU,Z01,9,0.09487931554
12/26/2020,FEU,Z02,9,0.04635699258
12/26/2020,FEU,Z03,9,0.0495980654
12/27/2020,FEU,Z01,1,0.10529746882
12/27/2020,FEU,Z02,1,0.05586501004
12/27/2020,FEU,Z03,1,0.05993632868
12/27/2020,FEU,Z01,10,0.08958902166
12/27/2020,FEU,Z02,10,0.04133894068
12/27/2020,FEU,Z03,10,0.04426651854
12/27/2020,FEU,Z01,11,0.09239991486
12/27/2020,FEU,Z02,11,0.04412762884
12/27/2020,FEU,Z03,11,0.04712921574
12/27/2020,FEU,Z01,12,0.0870840359
12/27/2020,FEU,Z02,12,0.03906426986
12/27/2020,FEU,Z03,12,0.04179446078
12/27/2020,FEU,Z01,13,0.08851956816
12/27/2020,FEU,Z02,13,0.10708718294
12/27/2020,FEU,Z03,13,0.04325258906
12/27/2020,FEU,Z01,14,0.08446251814
12/27/2020,FEU,Z02,14,0.1030277659
12/27/2020,FEU,Z03,14,0.1030277659
12/27/2020,FEU,Z01,15,0.079180976
12/27/2020,FEU,Z02,15,0.09766260478
12/27/2020,FEU,Z03,15,0.09766260478
12/27/2020,FEU,Z01,16,0.0789221658
12/27/2020,FEU,Z02,16,0.09742797956
12/27/2020,FEU,Z03,16,0.09742797956
12/27/2020,FEU,Z01,17,0.08038363366
12/27/2020,FEU,Z02,17,0.09890286842
12/27/2020,FEU,Z03,17,0.09890286842
12/27/2020,FEU,Z01,18,0.08678597756
12/27/2020,FEU,Z02,18,0.1054024653
12/27/2020,FEU,Z03,18,0.1054024653
12/27/2020,FEU,Z01,19,0.09451818796
12/27/2020,FEU,Z02,19,0.11318086172
12/27/2020,FEU,Z03,19,0.11318086172
12/27/2020,FEU,Z01,2,0.09863683072
12/27/2020,FEU,Z02,2,0.04947881796
12/27/2020,FEU,Z03,2,0.04638641076
12/27/2020,FEU,Z01,20,0.09726355596
12/27/2020,FEU,Z02,20,0.11595485172
12/27/2020,FEU,Z03,20,0.11595485172
12/27/2020,FEU,Z01,21,0.09751428188
12/27/2020,FEU,Z02,21,0.11620566764
12/27/2020,FEU,Z03,21,0.11620566764
12/27/2020,FEU,Z01,22,0.09319318388
12/27/2020,FEU,Z02,22,0.11184157364
12/27/2020,FEU,Z03,22,0.11184157364
12/27/2020,FEU,Z01,23,0.09431857934
12/27/2020,FEU,Z02,23,0.04568906644
12/27/2020,FEU,Z03,23,0.11301200108
12/27/2020,FEU,Z01,24,0.08369135234
12/27/2020,FEU,Z02,24,0.03553470644
12/27/2020,FEU,Z03,24,0.03827968322
12/27/2020,FEU,Z01,3,0.09375038966
12/27/2020,FEU,Z02,3,0.04478961992
12/27/2020,FEU,Z03,3,0.04185644872
12/27/2020,FEU,Z01,4,0.08977447476
12/27/2020,FEU,Z02,4,0.041054176
12/27/2020,FEU,Z03,4,0.03827365978
12/27/2020,FEU,Z01,5,0.08795158874
12/27/2020,FEU,Z02,5,0.03931866998
12/27/2020,FEU,Z03,5,0.03659539876
12/27/2020,FEU,Z01,6,0.0847840097
12/27/2020,FEU,Z02,6,0.03630318394
12/27/2020,FEU,Z03,6,0.03365117574
12/27/2020,FEU,Z01,7,0.08759466982
12/27/2020,FEU,Z02,7,0.03901993204
12/27/2020,FEU,Z03,7,0.03630269882
12/27/2020,FEU,Z01,8,0.07791749484
12/27/2020,FEU,Z02,8,0.02983726204
12/27/2020,FEU,Z03,8,0.03243121268
12/27/2020,FEU,Z01,9,0.07570077944
12/27/2020,FEU,Z02,9,0.02793731652
12/27/2020,FEU,Z03,9,0.0302910353
12/28/2020,FEU,Z01,1,0.0750079049
12/28/2020,FEU,Z02,1,0.0270745611
12/28/2020,FEU,Z03,1,0.02951438174
12/28/2020,FEU,Z01,10,0.08532307062
12/28/2020,FEU,Z02,10,0.03771412442
12/28/2020,FEU,Z03,10,0.04012882252
12/28/2020,FEU,Z01,11,0.0844722817
12/28/2020,FEU,Z02,11,0.03693406148
12/28/2020,FEU,Z03,11,0.0392893766
12/28/2020,FEU,Z01,12,0.0759677817
12/28/2020,FEU,Z02,12,0.02871426148
12/28/2020,FEU,Z03,12,0.0307483766
12/28/2020,FEU,Z01,13,0.07319863688
12/28/2020,FEU,Z02,13,0.0915773467
12/28/2020,FEU,Z03,13,0.02800069478
12/28/2020,FEU,Z01,14,0.0708612568
12/28/2020,FEU,Z02,14,0.08922162062
12/28/2020,FEU,Z03,14,0.08922162062
12/28/2020,FEU,Z01,15,0.07098817766
12/28/2020,FEU,Z02,15,0.08934927248
12/28/2020,FEU,Z03,15,0.08934927248
12/28/2020,FEU,Z01,16,0.07131682154
12/28/2020,FEU,Z02,16,0.08968023236
12/28/2020,FEU,Z03,16,0.08968023236
12/28/2020,FEU,Z01,17,0.0738567015
12/28/2020,FEU,Z02,17,0.0922650263
12/28/2020,FEU,Z03,17,0.0922650263
12/28/2020,FEU,Z01,18,0.09230869346
12/28/2020,FEU,Z02,18,0.11087364426
12/28/2020,FEU,Z03,18,0.11087364426
12/28/2020,FEU,Z01,19,0.09865570448
12/28/2020,FEU,Z02,19,0.11727483228
12/28/2020,FEU,Z03,19,0.11727483228
12/28/2020,FEU,Z01,2,0.06104739582
12/28/2020,FEU,Z02,2,0.01375890404
12/28/2020,FEU,Z03,2,0.01186402482
12/28/2020,FEU,Z01,20,0.10270934342
12/28/2020,FEU,Z02,20,0.12136210022
12/28/2020,FEU,Z03,20,0.12136210022
12/28/2020,FEU,Z01,21,0.10579029828
12/28/2020,FEU,Z02,21,0.12451931606
12/28/2020,FEU,Z03,21,0.12451931606
12/28/2020,FEU,Z01,22,0.1059686061
12/28/2020,FEU,Z02,22,0.12469623788
12/28/2020,FEU,Z03,22,0.12469623788
12/28/2020,FEU,Z01,23,0.09997380156
12/28/2020,FEU,Z02,23,0.0512368066
12/28/2020,FEU,Z03,23,0.1187305853
12/28/2020,FEU,Z01,24,0.09692662646
12/28/2020,FEU,Z02,24,0.04823059354
12/28/2020,FEU,Z03,24,0.05160220334
12/28/2020,FEU,Z01,3,0.05979597994
12/28/2020,FEU,Z02,3,0.01260516412
12/28/2020,FEU,Z03,3,0.01075590488
12/28/2020,FEU,Z01,4,0.06001208688
12/28/2020,FEU,Z02,4,0.01279240008
12/28/2020,FEU,Z03,4,0.01092873686
12/28/2020,FEU,Z01,5,0.06033065484
12/28/2020,FEU,Z02,5,0.01308014506
12/28/2020,FEU,Z03,5,0.01120838884
12/28/2020,FEU,Z01,6,0.0598576148
12/28/2020,FEU,Z02,6,0.01261481404
12/28/2020,FEU,Z03,6,0.01075833882
12/28/2020,FEU,Z01,7,0.07333850702
12/28/2020,FEU,Z02,7,0.0255211262
12/28/2020,FEU,Z03,7,0.02327838994
12/28/2020,FEU,Z01,8,0.07266490352
12/28/2020,FEU,Z02,8,0.02506587058
12/28/2020,FEU,Z03,8,0.0272329754
12/28/2020,FEU,Z01,9,0.07449705242
12/28/2020,FEU,Z02,9,0.02718349726
12/28/2020,FEU,Z03,9,0.02921942432
12/29/2020,FEU,Z01,1,0.09571183132
12/29/2020,FEU,Z02,1,0.04701815542
12/29/2020,FEU,Z03,1,0.05039314218
12/29/2020,FEU,Z01,10,0.10887716666
12/29/2020,FEU,Z02,10,0.06051678544
12/29/2020,FEU,Z03,10,0.06379133256
12/29/2020,FEU,Z01,11,0.10853626074
12/29/2020,FEU,Z02,11,0.06019651752
12/29/2020,FEU,Z03,11,0.06346430464
12/29/2020,FEU,Z01,12,0.10543751476
12/29/2020,FEU,Z02,12,0.05725163752
12/29/2020,FEU,Z03,12,0.06035606066
12/29/2020,FEU,Z01,13,0.10134491294
12/29/2020,FEU,Z02,13,0.11994348676
12/29/2020,FEU,Z03,13,0.05628014684
12/29/2020,FEU,Z01,14,0.09932308088
12/29/2020,FEU,Z02,14,0.1179051817
12/29/2020,FEU,Z03,14,0.1179051817
12/29/2020,FEU,Z01,15,0.09837139276
12/29/2020,FEU,Z02,15,0.11694475758
12/29/2020,FEU,Z03,15,0.11694475758
12/29/2020,FEU,Z01,16,0.09766997268
12/29/2020,FEU,Z02,16,0.11628320048
12/29/2020,FEU,Z03,16,0.11628320048
12/29/2020,FEU,Z01,17,0.10143768064
12/29/2020,FEU,Z02,17,0.12003336846
12/29/2020,FEU,Z03,17,0.12003336846
12/29/2020,FEU,Z01,18,0.1060690517
12/29/2020,FEU,Z02,18,0.1247546265
12/29/2020,FEU,Z03,18,0.1247546265
12/29/2020,FEU,Z01,19,0.11174733272
12/29/2020,FEU,Z02,19,0.13048200452
12/29/2020,FEU,Z03,19,0.13048200452
12/29/2020,FEU,Z01,2,0.08590969916
12/29/2020,FEU,Z02,2,0.0375741913
12/29/2020,FEU,Z03,2,0.03495287704
12/29/2020,FEU,Z01,20,0.1150775666
12/29/2020,FEU,Z02,20,0.1338385764
12/29/2020,FEU,Z03,20,0.1338385764
12/29/2020,FEU,Z01,21,0.11708371142
12/29/2020,FEU,Z02,21,0.13585957722
12/29/2020,FEU,Z03,21,0.13585957722
12/29/2020,FEU,Z01,22,0.11241004626
12/29/2020,FEU,Z02,22,0.13120007004
12/29/2020,FEU,Z03,22,0.13120007004
12/29/2020,FEU,Z01,23,0.11009347168
12/29/2020,FEU,Z02,23,0.0609868967
12/29/2020,FEU,Z03,23,0.12890604744
12/29/2020,FEU,Z01,24,0.10748110754
12/29/2020,FEU,Z02,24,0.0583761466
12/29/2020,FEU,Z03,24,0.06222369842
12/29/2020,FEU,Z01,3,0.0803349101
12/29/2020,FEU,Z02,3,0.03224761624
12/29/2020,FEU,Z03,3,0.02979564398
12/29/2020,FEU,Z01,4,0.07966236704
12/29/2020,FEU,Z02,4,0.03154879522
12/29/2020,FEU,Z03,4,0.02911919296
12/29/2020,FEU,Z01,5,0.08033379104
12/29/2020,FEU,Z02,5,0.03218847722
12/29/2020,FEU,Z03,5,0.02973896896
12/29/2020,FEU,Z01,6,0.0829208152
12/29/2020,FEU,Z02,6,0.03472736534
12/29/2020,FEU,Z03,6,0.03222201706
12/29/2020,FEU,Z01,7,0.0909520353
12/29/2020,FEU,Z02,7,0.0424683164
12/29/2020,FEU,Z03,7,0.03972363312
12/29/2020,FEU,Z01,8,0.10321039154
12/29/2020,FEU,Z02,8,0.0542905066
12/29/2020,FEU,Z03,8,0.05793203042
12/29/2020,FEU,Z01,9,0.10676813846
12/29/2020,FEU,Z02,9,0.0583089473
12/29/2020,FEU,Z03,9,0.06163501436
12/30/2020,FEU,Z01,1,0.10949314332
12/30/2020,FEU,Z02,1,0.06018522742
12/30/2020,FEU,Z03,1,0.06425263018
12/30/2020,FEU,Z01,10,0.11868399262
12/30/2020,FEU,Z02,10,0.06993352642
12/30/2020,FEU,Z03,10,0.07363243452
12/30/2020,FEU,Z01,11,0.11806901672
12/30/2020,FEU,Z02,11,0.0694078525
12/30/2020,FEU,Z03,11,0.07297416064
12/30/2020,FEU,Z01,12,0.11570266674
12/30/2020,FEU,Z02,12,0.06712260552
12/30/2020,FEU,Z03,12,0.07060465466
12/30/2020,FEU,Z01,13,0.11347598888
12/30/2020,FEU,Z02,13,0.1321682767
12/30/2020,FEU,Z03,13,0.0683957768
12/30/2020,FEU,Z01,14,0.11384807076
12/30/2020,FEU,Z02,14,0.13254130658
12/30/2020,FEU,Z03,14,0.13254130658
12/30/2020,FEU,Z01,15,0.11235964864
12/30/2020,FEU,Z02,15,0.13109814244
12/30/2020,FEU,Z03,15,0.13109814244
12/30/2020,FEU,Z01,16,0.11248076048
12/30/2020,FEU,Z02,16,0.13121744828
12/30/2020,FEU,Z03,16,0.13121744828
12/30/2020,FEU,Z01,17,0.11530150738
12/30/2020,FEU,Z02,17,0.13406033018
12/30/2020,FEU,Z03,17,0.13406033018
12/30/2020,FEU,Z01,18,0.1182725764
12/30/2020,FEU,Z02,18,0.13712000918
12/30/2020,FEU,Z03,18,0.13712000918
12/30/2020,FEU,Z01,19,0.1234804765
12/30/2020,FEU,Z02,19,0.1423111313
12/30/2020,FEU,Z03,19,0.1423111313
12/30/2020,FEU,Z01,2,0.10612104014
12/30/2020,FEU,Z02,2,0.05685636828
12/30/2020,FEU,Z03,2,0.05363541802
12/30/2020,FEU,Z01,20,0.12350428044
12/30/2020,FEU,Z02,20,0.14233384424
12/30/2020,FEU,Z03,20,0.14233384424
12/30/2020,FEU,Z01,21,0.12002675232
12/30/2020,FEU,Z02,21,0.13882438412
12/30/2020,FEU,Z03,21,0.13882438412
12/30/2020,FEU,Z01,22,0.11646243216
12/30/2020,FEU,Z02,22,0.13528790894
12/30/2020,FEU,Z03,22,0.13528790894
12/30/2020,FEU,Z01,23,0.11617520564
12/30/2020,FEU,Z02,23,0.06680959366
12/30/2020,FEU,Z03,23,0.1350469154
12/30/2020,FEU,Z01,24,0.11218016564
12/30/2020,FEU,Z02,24,0.06293092868
12/30/2020,FEU,Z03,24,0.06696516752
12/30/2020,FEU,Z01,3,0.10202054302
12/30/2020,FEU,Z02,3,0.0528482862
12/30/2020,FEU,Z03,3,0.04975703494
12/30/2020,FEU,Z01,4,0.099351975
12/30/2020,FEU,Z02,4,0.05030398318
12/30/2020,FEU,Z03,4,0.04729177892
12/30/2020,FEU,Z01,5,0.098450725
12/30/2020,FEU,Z02,5,0.04944527218
12/30/2020,FEU,Z03,5,0.04642025294
12/30/2020,FEU,Z01,6,0.10112042118
12/30/2020,FEU,Z02,6,0.0521307313
12/30/2020,FEU,Z03,6,0.04905490904
12/30/2020,FEU,Z01,7,0.1090904005
12/30/2020,FEU,Z02,7,0.05991136456
12/30/2020,FEU,Z03,7,0.05672308524
12/30/2020,FEU,Z01,8,0.1166876207
12/30/2020,FEU,Z02,8,0.06730585672
12/30/2020,FEU,Z03,8,0.07150650158
12/30/2020,FEU,Z01,9,0.1167653515
12/30/2020,FEU,Z02,9,0.06801079132
12/30/2020,FEU,Z03,9,0.0716824164
12/31/2020,FEU,Z01,1,0.10816577514
12/31/2020,FEU,Z02,1,0.0587596213
12/31/2020,FEU,Z03,1,0.062882725
12/31/2020,FEU,Z01,10,0.11669731046
12/31/2020,FEU,Z02,10,0.0678849423
12/31/2020,FEU,Z03,10,0.07160636636
12/31/2020,FEU,Z01,11,0.11684329754
12/31/2020,FEU,Z02,11,0.06809058536
12/31/2020,FEU,Z03,11,0.07176841644
12/31/2020,FEU,Z01,12,0.11711777954
12/31/2020,FEU,Z02,12,0.06841276834
12/31/2020,FEU,Z03,12,0.07204406844
12/31/2020,FEU,Z01,13,0.11616274766
12/31/2020,FEU,Z02,13,0.13493418846
12/31/2020,FEU,Z03,13,0.07110812856
12/31/2020,FEU,Z01,14,0.11536860852
12/31/2020,FEU,Z02,14,0.13413060032
12/31/2020,FEU,Z03,14,0.13413060032
12/31/2020,FEU,Z01,15,0.1162476964
12/31/2020,FEU,Z02,15,0.13507625318
12/31/2020,FEU,Z03,15,0.13507625318
12/31/2020,FEU,Z01,16,0.11701323226
12/31/2020,FEU,Z02,16,0.13578428306
12/31/2020,FEU,Z03,16,0.13578428306
12/31/2020,FEU,Z01,17,0.1179711962
12/31/2020,FEU,Z02,17,0.13681145698
12/31/2020,FEU,Z03,17,0.13681145698
12/31/2020,FEU,Z01,18,0.1220552762
12/31/2020,FEU,Z02,18,0.14093328898
12/31/2020,FEU,Z03,18,0.14093328898
12/31/2020,FEU,Z01,19,0.12531568032
12/31/2020,FEU,Z02,19,0.1442267811
12/31/2020,FEU,Z03,19,0.1442267811
12/31/2020,FEU,Z01,2,0.10360910288
12/31/2020,FEU,Z02,2,0.0542620061
12/31/2020,FEU,Z03,2,0.05108936386
12/31/2020,FEU,Z01,20,0.1246626713
12/31/2020,FEU,Z02,20,0.1434990261
12/31/2020,FEU,Z03,20,0.1434990261
12/31/2020,FEU,Z01,21,0.12066901718
12/31/2020,FEU,Z02,21,0.13953376396
12/31/2020,FEU,Z03,21,0.13953376396
12/31/2020,FEU,Z01,22,0.116289776
12/31/2020,FEU,Z02,22,0.13511035778
12/31/2020,FEU,Z03,22,0.13511035778
12/31/2020,FEU,Z01,23,0.11735331144
12/31/2020,FEU,Z02,23,0.06775704852
12/31/2020,FEU,Z03,23,0.13629203018
12/31/2020,FEU,Z01,24,0.11815656438
12/31/2020,FEU,Z02,24,0.06852244846
12/31/2020,FEU,Z03,24,0.07297701124
12/31/2020,FEU,Z01,3,0.10067109478
12/31/2020,FEU,Z02,3,0.05141833902
12/31/2020,FEU,Z03,3,0.0482986568
12/31/2020,FEU,Z01,4,0.09676577778
12/31/2020,FEU,Z02,4,0.047742976
12/31/2020,FEU,Z03,4,0.04474507378
12/31/2020,FEU,Z01,5,0.09680486878
12/31/2020,FEU,Z02,5,0.04774220502
12/31/2020,FEU,Z03,5,0.0447420968
12/31/2020,FEU,Z01,6,0.09968089484
12/31/2020,FEU,Z02,6,0.05056146404
12/31/2020,FEU,Z03,6,0.04746966382
12/31/2020,FEU,Z01,7,0.102753225
12/31/2020,FEU,Z02,7,0.05354350318
12/31/2020,FEU,Z03,7,0.05043181292
12/31/2020,FEU,Z01,8,0.11185876838
12/31/2020,FEU,Z02,8,0.06244852048
12/31/2020,FEU,Z03,8,0.06659189726
12/31/2020,FEU,Z01,9,0.11296678428
12/31/2020,FEU,Z02,9,0.06416276716
12/31/2020,FEU,Z03,9,0.06782539718
