Fecha,TerminoCosteHorario,TipoPrecio,Hour,Ctd
01/01/2022,FEU,Z24,1,0.20450896566
01/01/2022,FEU,Z14,1,0.20450896566
01/01/2022,FEU,Z24,10,0.11895884008
01/01/2022,FEU,Z14,10,0.11895884008
01/01/2022,FEU,Z24,11,0.12205786174
01/01/2022,FEU,Z14,11,0.12205786174
01/01/2022,FEU,Z24,12,0.12797336486
01/01/2022,FEU,Z14,12,0.12797336486
01/01/2022,FEU,Z24,13,0.13989974028
01/01/2022,FEU,Z14,13,0.13989974028
01/01/2022,FEU,Z24,14,0.14194957342
01/01/2022,FEU,Z14,14,0.14194957342
01/01/2022,FEU,Z24,15,0.14348279214
01/01/2022,FEU,Z14,15,0.14348279214
01/01/2022,FEU,Z24,16,0.14768963446
01/01/2022,FEU,Z14,16,0.14768963446
01/01/2022,FEU,Z24,17,0.17214064906
01/01/2022,FEU,Z14,17,0.17214064906
01/01/2022,FEU,Z24,18,0.21223649208
01/01/2022,FEU,Z14,18,0.21223649208
01/01/2022,FEU,Z24,19,0.24073591608
01/01/2022,FEU,Z14,19,0.24073591608
01/01/2022,FEU,Z24,2,0.17135284798
01/01/2022,FEU,Z14,2,0.17135284798
01/01/2022,FEU,Z24,20,0.24432826864
01/01/2022,FEU,Z14,20,0.24432826864
01/01/2022,FEU,Z24,21,0.24710986236
01/01/2022,FEU,Z14,21,0.24710986236
01/01/2022,FEU,Z24,22,0.2483794035
01/01/2022,FEU,Z14,22,0.2483794035
01/01/2022,FEU,Z24,23,0.24888431938
01/01/2022,FEU,Z14,23,0.24888431938
01/01/2022,FEU,Z24,24,0.22910337226
01/01/2022,FEU,Z14,24,0.22910337226
01/01/2022,FEU,Z24,3,0.17269832002
01/01/2022,FEU,Z14,3,0.17269832002
01/01/2022,FEU,Z24,4,0.15607209448
01/01/2022,FEU,Z14,4,0.15607209448
01/01/2022,FEU,Z24,5,0.1590835465
01/01/2022,FEU,Z14,5,0.1590835465
01/01/2022,FEU,Z24,6,0.1572845215
01/01/2022,FEU,Z14,6,0.1572845215
01/01/2022,FEU,Z24,7,0.15887060734
01/01/2022,FEU,Z14,7,0.15887060734
01/01/2022,FEU,Z24,8,0.15757741874
01/01/2022,FEU,Z14,8,0.15757741874
01/01/2022,FEU,Z24,9,0.15618469486
01/01/2022,FEU,Z14,9,0.15618469486
01/02/2022,FEU,Z24,1,0.18621004352
01/02/2022,FEU,Z14,1,0.18621004352
01/02/2022,FEU,Z24,10,0.16064253436
01/02/2022,FEU,Z14,10,0.16064253436
01/02/2022,FEU,Z24,11,0.15361590232
01/02/2022,FEU,Z14,11,0.15361590232
01/02/2022,FEU,Z24,12,0.14137188502
01/02/2022,FEU,Z14,12,0.14137188502
01/02/2022,FEU,Z24,13,0.14113225474
01/02/2022,FEU,Z14,13,0.14113225474
01/02/2022,FEU,Z24,14,0.14785347502
01/02/2022,FEU,Z14,14,0.14785347502
01/02/2022,FEU,Z24,15,0.15448686874
01/02/2022,FEU,Z14,15,0.15448686874
01/02/2022,FEU,Z24,16,0.14814059662
01/02/2022,FEU,Z14,16,0.14814059662
01/02/2022,FEU,Z24,17,0.15992857264
01/02/2022,FEU,Z14,17,0.15992857264
01/02/2022,FEU,Z24,18,0.21036624808
01/02/2022,FEU,Z14,18,0.21036624808
01/02/2022,FEU,Z24,19,0.25284754236
01/02/2022,FEU,Z14,19,0.25284754236
01/02/2022,FEU,Z24,2,0.16859490184
01/02/2022,FEU,Z14,2,0.16859490184
01/02/2022,FEU,Z24,20,0.25533754836
01/02/2022,FEU,Z14,20,0.25533754836
01/02/2022,FEU,Z24,21,0.26747607022
01/02/2022,FEU,Z14,21,0.26747607022
01/02/2022,FEU,Z24,22,0.26810756436
01/02/2022,FEU,Z14,22,0.26810756436
01/02/2022,FEU,Z24,23,0.2476958535
01/02/2022,FEU,Z14,23,0.2476958535
01/02/2022,FEU,Z24,24,0.23227221322
01/02/2022,FEU,Z14,24,0.23227221322
01/02/2022,FEU,Z24,3,0.16436498644
01/02/2022,FEU,Z14,3,0.16436498644
01/02/2022,FEU,Z24,4,0.16880413846
01/02/2022,FEU,Z14,4,0.16880413846
01/02/2022,FEU,Z24,5,0.17314533676
01/02/2022,FEU,Z14,5,0.17314533676
01/02/2022,FEU,Z24,6,0.1675282329
01/02/2022,FEU,Z14,6,0.1675282329
01/02/2022,FEU,Z24,7,0.17080904902
01/02/2022,FEU,Z14,7,0.17080904902
01/02/2022,FEU,Z24,8,0.18378327328
01/02/2022,FEU,Z14,8,0.18378327328
01/02/2022,FEU,Z24,9,0.16547619384
01/02/2022,FEU,Z14,9,0.16547619384
01/03/2022,FEU,Z24,1,0.2374076771
01/03/2022,FEU,Z14,1,0.2374076771
01/03/2022,FEU,Z24,10,0.2579750141
01/03/2022,FEU,Z14,10,0.2579750141
01/03/2022,FEU,Z24,11,0.22955052908
01/03/2022,FEU,Z14,11,0.29867582452
01/03/2022,FEU,Z24,12,0.28836760252
01/03/2022,FEU,Z14,12,0.28836760252
01/03/2022,FEU,Z24,13,0.28407183566
01/03/2022,FEU,Z14,13,0.28407183566
01/03/2022,FEU,Z24,14,0.27618709252
01/03/2022,FEU,Z14,14,0.27618709252
01/03/2022,FEU,Z24,15,0.25889797824
01/03/2022,FEU,Z14,15,0.18977458994
01/03/2022,FEU,Z24,16,0.17326167138
01/03/2022,FEU,Z14,16,0.17326167138
01/03/2022,FEU,Z24,17,0.19030489024
01/03/2022,FEU,Z14,17,0.19030489024
01/03/2022,FEU,Z24,18,0.21717416168
01/03/2022,FEU,Z14,18,0.21717416168
01/03/2022,FEU,Z24,19,0.25045424798
01/03/2022,FEU,Z14,19,0.31965840442
01/03/2022,FEU,Z24,2,0.21514176928
01/03/2022,FEU,Z14,2,0.21514176928
01/03/2022,FEU,Z24,20,0.32647597514
01/03/2022,FEU,Z14,20,0.32647597514
01/03/2022,FEU,Z24,21,0.2951620963
01/03/2022,FEU,Z14,21,0.2951620963
01/03/2022,FEU,Z24,22,0.28110356974
01/03/2022,FEU,Z14,22,0.28110356974
01/03/2022,FEU,Z24,23,0.2484342199
01/03/2022,FEU,Z14,23,0.1793330806
01/03/2022,FEU,Z24,24,0.16470606762
01/03/2022,FEU,Z14,24,0.16470606762
01/03/2022,FEU,Z24,3,0.20870642644
01/03/2022,FEU,Z14,3,0.20870642644
01/03/2022,FEU,Z24,4,0.20375262988
01/03/2022,FEU,Z14,4,0.20375262988
01/03/2022,FEU,Z24,5,0.19648578802
01/03/2022,FEU,Z14,5,0.19648578802
01/03/2022,FEU,Z24,6,0.20067975242
01/03/2022,FEU,Z14,6,0.20067975242
01/03/2022,FEU,Z24,7,0.20287077706
01/03/2022,FEU,Z14,7,0.20287077706
01/03/2022,FEU,Z24,8,0.206644432
01/03/2022,FEU,Z14,8,0.206644432
01/03/2022,FEU,Z24,9,0.26511462182
01/03/2022,FEU,Z14,9,0.26511462182
01/04/2022,FEU,Z24,1,0.17465329264
01/04/2022,FEU,Z14,1,0.17465329264
01/04/2022,FEU,Z24,10,0.26520402466
01/04/2022,FEU,Z14,10,0.26520402466
01/04/2022,FEU,Z24,11,0.26359377364
01/04/2022,FEU,Z14,11,0.33283125908
01/04/2022,FEU,Z24,12,0.32374542736
01/04/2022,FEU,Z14,12,0.32374542736
01/04/2022,FEU,Z24,13,0.32375718736
01/04/2022,FEU,Z14,13,0.32375718736
01/04/2022,FEU,Z24,14,0.3200613605
01/04/2022,FEU,Z14,14,0.3200613605
01/04/2022,FEU,Z24,15,0.30132141994
01/04/2022,FEU,Z14,15,0.23202021764
01/04/2022,FEU,Z24,16,0.22598707908
01/04/2022,FEU,Z14,16,0.22598707908
01/04/2022,FEU,Z24,17,0.22876392452
01/04/2022,FEU,Z14,17,0.22876392452
01/04/2022,FEU,Z24,18,0.23830147882
01/04/2022,FEU,Z14,18,0.23830147882
01/04/2022,FEU,Z24,19,0.26225338512
01/04/2022,FEU,Z14,19,0.33149652456
01/04/2022,FEU,Z24,2,0.16391335738
01/04/2022,FEU,Z14,2,0.16391335738
01/04/2022,FEU,Z24,20,0.32457178986
01/04/2022,FEU,Z14,20,0.32457178986
01/04/2022,FEU,Z24,21,0.29927857544
01/04/2022,FEU,Z14,21,0.29927857544
01/04/2022,FEU,Z24,22,0.29141596502
01/04/2022,FEU,Z14,22,0.29141596502
01/04/2022,FEU,Z24,23,0.28057944118
01/04/2022,FEU,Z14,23,0.21134603088
01/04/2022,FEU,Z24,24,0.17406744576
01/04/2022,FEU,Z14,24,0.17406744576
01/04/2022,FEU,Z24,3,0.16168400254
01/04/2022,FEU,Z14,3,0.16168400254
01/04/2022,FEU,Z24,4,0.15357836812
01/04/2022,FEU,Z14,4,0.15357836812
01/04/2022,FEU,Z24,5,0.15267677298
01/04/2022,FEU,Z14,5,0.15267677298
01/04/2022,FEU,Z24,6,0.16378741096
01/04/2022,FEU,Z14,6,0.16378741096
01/04/2022,FEU,Z24,7,0.2065572049
01/04/2022,FEU,Z14,7,0.2065572049
01/04/2022,FEU,Z24,8,0.2074267427
01/04/2022,FEU,Z14,8,0.2074267427
01/04/2022,FEU,Z24,9,0.25266617024
01/04/2022,FEU,Z14,9,0.25266617024
01/05/2022,FEU,Z24,1,0.16658835664
01/05/2022,FEU,Z14,1,0.16658835664
01/05/2022,FEU,Z24,10,0.29289228794
01/05/2022,FEU,Z14,10,0.29289228794
01/05/2022,FEU,Z24,11,0.28638228764
01/05/2022,FEU,Z14,11,0.35569741708
01/05/2022,FEU,Z24,12,0.34834316308
01/05/2022,FEU,Z14,12,0.34834316308
01/05/2022,FEU,Z24,13,0.3456483148
01/05/2022,FEU,Z14,13,0.3456483148
01/05/2022,FEU,Z24,14,0.34263053966
01/05/2022,FEU,Z14,14,0.34263053966
01/05/2022,FEU,Z24,15,0.34068765052
01/05/2022,FEU,Z14,15,0.27142018308
01/05/2022,FEU,Z24,16,0.27726729452
01/05/2022,FEU,Z14,16,0.27726729452
01/05/2022,FEU,Z24,17,0.28609404224
01/05/2022,FEU,Z14,17,0.28609404224
01/05/2022,FEU,Z24,18,0.29158927996
01/05/2022,FEU,Z14,18,0.29158927996
01/05/2022,FEU,Z24,19,0.3082609334
01/05/2022,FEU,Z14,19,0.3778906727
01/05/2022,FEU,Z24,2,0.14968863552
01/05/2022,FEU,Z14,2,0.14968863552
01/05/2022,FEU,Z24,20,0.40858097284
01/05/2022,FEU,Z14,20,0.40858097284
01/05/2022,FEU,Z24,21,0.39904942942
01/05/2022,FEU,Z14,21,0.39904942942
01/05/2022,FEU,Z24,22,0.37208815386
01/05/2022,FEU,Z14,22,0.37208815386
01/05/2022,FEU,Z24,23,0.3595838063
01/05/2022,FEU,Z14,23,0.29024220586
01/05/2022,FEU,Z24,24,0.28356872688
01/05/2022,FEU,Z14,24,0.28356872688
01/05/2022,FEU,Z24,3,0.12537151668
01/05/2022,FEU,Z14,3,0.12537151668
01/05/2022,FEU,Z24,4,0.1147281864
01/05/2022,FEU,Z14,4,0.1147281864
01/05/2022,FEU,Z24,5,0.11900061126
01/05/2022,FEU,Z14,5,0.11900061126
01/05/2022,FEU,Z24,6,0.13838543924
01/05/2022,FEU,Z14,6,0.13838543924
01/05/2022,FEU,Z24,7,0.22558047804
01/05/2022,FEU,Z14,7,0.22558047804
01/05/2022,FEU,Z24,8,0.26277954142
01/05/2022,FEU,Z14,8,0.26277954142
01/05/2022,FEU,Z24,9,0.29049151052
01/05/2022,FEU,Z14,9,0.29049151052
01/06/2022,FEU,Z24,1,0.2739686171
01/06/2022,FEU,Z14,1,0.2739686171
01/06/2022,FEU,Z24,10,0.28262338522
01/06/2022,FEU,Z14,10,0.28262338522
01/06/2022,FEU,Z24,11,0.27252799146
01/06/2022,FEU,Z14,11,0.27252799146
01/06/2022,FEU,Z24,12,0.26293532116
01/06/2022,FEU,Z14,12,0.26293532116
01/06/2022,FEU,Z24,13,0.25946277944
01/06/2022,FEU,Z14,13,0.25946277944
01/06/2022,FEU,Z24,14,0.25912434772
01/06/2022,FEU,Z14,14,0.25912434772
01/06/2022,FEU,Z24,15,0.25031139958
01/06/2022,FEU,Z14,15,0.25031139958
01/06/2022,FEU,Z24,16,0.24550857318
01/06/2022,FEU,Z14,16,0.24550857318
01/06/2022,FEU,Z24,17,0.26118042462
01/06/2022,FEU,Z14,17,0.26118042462
01/06/2022,FEU,Z24,18,0.28400161934
01/06/2022,FEU,Z14,18,0.28400161934
01/06/2022,FEU,Z24,19,0.34792232234
01/06/2022,FEU,Z14,19,0.34792232234
01/06/2022,FEU,Z24,2,0.27437765998
01/06/2022,FEU,Z14,2,0.27437765998
01/06/2022,FEU,Z24,20,0.35208913376
01/06/2022,FEU,Z14,20,0.35208913376
01/06/2022,FEU,Z24,21,0.31888818034
01/06/2022,FEU,Z14,21,0.31888818034
01/06/2022,FEU,Z24,22,0.29235542634
01/06/2022,FEU,Z14,22,0.29235542634
01/06/2022,FEU,Z24,23,0.27692328478
01/06/2022,FEU,Z14,23,0.27692328478
01/06/2022,FEU,Z24,24,0.27224664622
01/06/2022,FEU,Z14,24,0.27224664622
01/06/2022,FEU,Z24,3,0.260047075
01/06/2022,FEU,Z14,3,0.260047075
01/06/2022,FEU,Z24,4,0.24778647202
01/06/2022,FEU,Z14,4,0.24778647202
01/06/2022,FEU,Z24,5,0.23525142374
01/06/2022,FEU,Z14,5,0.23525142374
01/06/2022,FEU,Z24,6,0.26543177616
01/06/2022,FEU,Z14,6,0.26543177616
01/06/2022,FEU,Z24,7,0.27439961314
01/06/2022,FEU,Z14,7,0.27439961314
01/06/2022,FEU,Z24,8,0.28548249412
01/06/2022,FEU,Z14,8,0.28548249412
01/06/2022,FEU,Z24,9,0.28853764984
01/06/2022,FEU,Z14,9,0.28853764984
01/07/2022,FEU,Z24,1,0.28147054864
01/07/2022,FEU,Z14,1,0.28147054864
01/07/2022,FEU,Z24,10,0.33597058994
01/07/2022,FEU,Z14,10,0.33597058994
01/07/2022,FEU,Z24,11,0.32257231778
01/07/2022,FEU,Z14,11,0.39201037022
01/07/2022,FEU,Z24,12,0.38369494308
01/07/2022,FEU,Z14,12,0.38369494308
01/07/2022,FEU,Z24,13,0.3647442548
01/07/2022,FEU,Z14,13,0.3647442548
01/07/2022,FEU,Z24,14,0.35973085252
01/07/2022,FEU,Z14,14,0.35973085252
01/07/2022,FEU,Z24,15,0.35464759796
01/07/2022,FEU,Z14,15,0.28533208052
01/07/2022,FEU,Z24,16,0.29013287196
01/07/2022,FEU,Z14,16,0.29013287196
01/07/2022,FEU,Z24,17,0.30308675182
01/07/2022,FEU,Z14,17,0.30308675182
01/07/2022,FEU,Z24,18,0.33249384626
01/07/2022,FEU,Z14,18,0.33249384626
01/07/2022,FEU,Z24,19,0.35301662684
01/07/2022,FEU,Z14,19,0.42283361014
01/07/2022,FEU,Z24,2,0.25467419896
01/07/2022,FEU,Z14,2,0.25467419896
01/07/2022,FEU,Z24,20,0.41027810758
01/07/2022,FEU,Z14,20,0.41027810758
01/07/2022,FEU,Z24,21,0.40424088744
01/07/2022,FEU,Z14,21,0.40424088744
01/07/2022,FEU,Z24,22,0.40533986702
01/07/2022,FEU,Z14,22,0.40533986702
01/07/2022,FEU,Z24,23,0.39786441118
01/07/2022,FEU,Z14,23,0.32814875888
01/07/2022,FEU,Z24,24,0.30450553404
01/07/2022,FEU,Z14,24,0.30450553404
01/07/2022,FEU,Z24,3,0.24438968212
01/07/2022,FEU,Z14,3,0.24438968212
01/07/2022,FEU,Z24,4,0.2274635407
01/07/2022,FEU,Z14,4,0.2274635407
01/07/2022,FEU,Z24,5,0.22530275956
01/07/2022,FEU,Z14,5,0.22530275956
01/07/2022,FEU,Z24,6,0.22635645382
01/07/2022,FEU,Z14,6,0.22635645382
01/07/2022,FEU,Z24,7,0.22543908576
01/07/2022,FEU,Z14,7,0.22543908576
01/07/2022,FEU,Z24,8,0.27604792084
01/07/2022,FEU,Z14,8,0.27604792084
01/07/2022,FEU,Z24,9,0.32912210666
01/07/2022,FEU,Z14,9,0.32912210666
01/08/2022,FEU,Z24,1,0.34782517138
01/08/2022,FEU,Z14,1,0.34782517138
01/08/2022,FEU,Z24,10,0.29586980334
01/08/2022,FEU,Z14,10,0.29586980334
01/08/2022,FEU,Z24,11,0.2898189463
01/08/2022,FEU,Z14,11,0.2898189463
01/08/2022,FEU,Z24,12,0.27362166972
01/08/2022,FEU,Z14,12,0.27362166972
01/08/2022,FEU,Z24,13,0.26391612658
01/08/2022,FEU,Z14,13,0.26391612658
01/08/2022,FEU,Z24,14,0.23942906158
01/08/2022,FEU,Z14,14,0.23942906158
01/08/2022,FEU,Z24,15,0.22151525116
01/08/2022,FEU,Z14,15,0.22151525116
01/08/2022,FEU,Z24,16,0.21472130632
01/08/2022,FEU,Z14,16,0.21472130632
01/08/2022,FEU,Z24,17,0.21744358348
01/08/2022,FEU,Z14,17,0.21744358348
01/08/2022,FEU,Z24,18,0.24905999492
01/08/2022,FEU,Z14,18,0.24905999492
01/08/2022,FEU,Z24,19,0.26787186178
01/08/2022,FEU,Z14,19,0.26787186178
01/08/2022,FEU,Z24,2,0.31442859842
01/08/2022,FEU,Z14,2,0.31442859842
01/08/2022,FEU,Z24,20,0.26997052978
01/08/2022,FEU,Z14,20,0.26997052978
01/08/2022,FEU,Z24,21,0.26994484678
01/08/2022,FEU,Z14,21,0.26994484678
01/08/2022,FEU,Z24,22,0.26999928236
01/08/2022,FEU,Z14,22,0.26999928236
01/08/2022,FEU,Z24,23,0.24348825836
01/08/2022,FEU,Z14,23,0.24348825836
01/08/2022,FEU,Z24,24,0.19953449466
01/08/2022,FEU,Z14,24,0.19953449466
01/08/2022,FEU,Z24,3,0.29201642588
01/08/2022,FEU,Z14,3,0.29201642588
01/08/2022,FEU,Z24,4,0.2886089729
01/08/2022,FEU,Z14,4,0.2886089729
01/08/2022,FEU,Z24,5,0.27672771334
01/08/2022,FEU,Z14,5,0.27672771334
01/08/2022,FEU,Z24,6,0.2761259529
01/08/2022,FEU,Z14,6,0.2761259529
01/08/2022,FEU,Z24,7,0.27428155216
01/08/2022,FEU,Z14,7,0.27428155216
01/08/2022,FEU,Z24,8,0.28059025612
01/08/2022,FEU,Z14,8,0.28059025612
01/08/2022,FEU,Z24,9,0.28414688638
01/08/2022,FEU,Z14,9,0.28414688638
01/09/2022,FEU,Z24,1,0.16124479552
01/09/2022,FEU,Z14,1,0.16124479552
01/09/2022,FEU,Z24,10,0.19204529836
01/09/2022,FEU,Z14,10,0.19204529836
01/09/2022,FEU,Z24,11,0.18827789032
01/09/2022,FEU,Z14,11,0.18827789032
01/09/2022,FEU,Z24,12,0.16306046802
01/09/2022,FEU,Z14,12,0.16306046802
01/09/2022,FEU,Z24,13,0.10218673774
01/09/2022,FEU,Z14,13,0.10218673774
01/09/2022,FEU,Z24,14,0.10217214602
01/09/2022,FEU,Z14,14,0.10217214602
01/09/2022,FEU,Z24,15,0.08797252474
01/09/2022,FEU,Z14,15,0.08797252474
01/09/2022,FEU,Z24,16,0.03634941062
01/09/2022,FEU,Z14,16,0.03634941062
01/09/2022,FEU,Z24,17,0.13604466064
01/09/2022,FEU,Z14,17,0.13604466064
01/09/2022,FEU,Z24,18,0.21743584408
01/09/2022,FEU,Z14,18,0.21743584408
01/09/2022,FEU,Z24,19,0.27174265436
01/09/2022,FEU,Z14,19,0.27174265436
01/09/2022,FEU,Z24,2,0.14055762984
01/09/2022,FEU,Z14,2,0.14055762984
01/09/2022,FEU,Z24,20,0.30696563436
01/09/2022,FEU,Z14,20,0.30696563436
01/09/2022,FEU,Z24,21,0.29562835822
01/09/2022,FEU,Z14,21,0.29562835822
01/09/2022,FEU,Z24,22,0.27538877836
01/09/2022,FEU,Z14,22,0.27538877836
01/09/2022,FEU,Z24,23,0.2789860285
01/09/2022,FEU,Z14,23,0.2789860285
01/09/2022,FEU,Z24,24,0.25128212422
01/09/2022,FEU,Z14,24,0.25128212422
01/09/2022,FEU,Z24,3,0.12935456044
01/09/2022,FEU,Z14,3,0.12935456044
01/09/2022,FEU,Z24,4,0.10082615046
01/09/2022,FEU,Z14,4,0.10082615046
01/09/2022,FEU,Z24,5,0.09010333276
01/09/2022,FEU,Z14,5,0.09010333276
01/09/2022,FEU,Z24,6,0.0945048429
01/09/2022,FEU,Z14,6,0.0945048429
01/09/2022,FEU,Z24,7,0.12357978802
01/09/2022,FEU,Z14,7,0.12357978802
01/09/2022,FEU,Z24,8,0.14043898528
01/09/2022,FEU,Z14,8,0.14043898528
01/09/2022,FEU,Z24,9,0.15719115384
01/09/2022,FEU,Z14,9,0.15719115384
01/10/2022,FEU,Z24,1,0.2625831521
01/10/2022,FEU,Z14,1,0.2625831521
01/10/2022,FEU,Z24,10,0.3264407591
01/10/2022,FEU,Z14,10,0.3264407591
01/10/2022,FEU,Z24,11,0.32319328308
01/10/2022,FEU,Z14,11,0.39263536852
01/10/2022,FEU,Z24,12,0.38014399252
01/10/2022,FEU,Z14,12,0.38014399252
01/10/2022,FEU,Z24,13,0.37289248366
01/10/2022,FEU,Z14,13,0.37289248366
01/10/2022,FEU,Z24,14,0.36521533252
01/10/2022,FEU,Z14,14,0.36521533252
01/10/2022,FEU,Z24,15,0.35349839424
01/10/2022,FEU,Z14,15,0.28397551094
01/10/2022,FEU,Z24,16,0.27881957838
01/10/2022,FEU,Z14,16,0.27881957838
01/10/2022,FEU,Z24,17,0.30679273024
01/10/2022,FEU,Z14,17,0.30679273024
01/10/2022,FEU,Z24,18,0.34717937768
01/10/2022,FEU,Z14,18,0.34717937768
01/10/2022,FEU,Z24,19,0.38426351398
01/10/2022,FEU,Z14,19,0.45391751542
01/10/2022,FEU,Z24,2,0.22798868128
01/10/2022,FEU,Z14,2,0.22798868128
01/10/2022,FEU,Z24,20,0.46431781114
01/10/2022,FEU,Z14,20,0.46431781114
01/10/2022,FEU,Z24,21,0.4327273063
01/10/2022,FEU,Z14,21,0.4327273063
01/10/2022,FEU,Z24,22,0.40378321774
01/10/2022,FEU,Z14,22,0.40378321774
01/10/2022,FEU,Z24,23,0.3744989749
01/10/2022,FEU,Z14,23,0.3048778406
01/10/2022,FEU,Z24,24,0.28400979462
01/10/2022,FEU,Z14,24,0.28400979462
01/10/2022,FEU,Z24,3,0.22068714244
01/10/2022,FEU,Z14,3,0.22068714244
01/10/2022,FEU,Z24,4,0.22204143388
01/10/2022,FEU,Z14,4,0.22204143388
01/10/2022,FEU,Z24,5,0.22281239602
01/10/2022,FEU,Z14,5,0.22281239602
01/10/2022,FEU,Z24,6,0.23849378042
01/10/2022,FEU,Z14,6,0.23849378042
01/10/2022,FEU,Z24,7,0.26370954406
01/10/2022,FEU,Z14,7,0.26370954406
01/10/2022,FEU,Z24,8,0.287757232
01/10/2022,FEU,Z14,8,0.287757232
01/10/2022,FEU,Z24,9,0.32099383382
01/10/2022,FEU,Z14,9,0.32099383382
01/11/2022,FEU,Z24,1,0.27136765264
01/11/2022,FEU,Z14,1,0.27136765264
01/11/2022,FEU,Z24,10,0.33695095566
01/11/2022,FEU,Z14,10,0.33695095566
01/11/2022,FEU,Z24,11,0.32625015364
01/11/2022,FEU,Z14,11,0.39570229708
01/11/2022,FEU,Z24,12,0.35878669936
01/11/2022,FEU,Z14,12,0.35878669936
01/11/2022,FEU,Z24,13,0.35250685936
01/11/2022,FEU,Z14,13,0.35250685936
01/11/2022,FEU,Z24,14,0.3522093605
01/11/2022,FEU,Z14,14,0.3522093605
01/11/2022,FEU,Z24,15,0.35279066494
01/11/2022,FEU,Z14,15,0.28327118764
01/11/2022,FEU,Z24,16,0.28413315908
01/11/2022,FEU,Z14,16,0.28413315908
01/11/2022,FEU,Z24,17,0.29195600852
01/11/2022,FEU,Z14,17,0.29195600852
01/11/2022,FEU,Z24,18,0.33070705482
01/11/2022,FEU,Z14,18,0.33070705482
01/11/2022,FEU,Z24,19,0.35297769712
01/11/2022,FEU,Z14,19,0.42252647656
01/11/2022,FEU,Z24,2,0.26280365638
01/11/2022,FEU,Z14,2,0.26280365638
01/11/2022,FEU,Z24,20,0.42490813386
01/11/2022,FEU,Z14,20,0.42490813386
01/11/2022,FEU,Z24,21,0.42653655944
01/11/2022,FEU,Z14,21,0.42653655944
01/11/2022,FEU,Z24,22,0.40635736802
01/11/2022,FEU,Z14,22,0.40635736802
01/11/2022,FEU,Z24,23,0.38635061518
01/11/2022,FEU,Z14,23,0.31668121488
01/11/2022,FEU,Z24,24,0.29902482176
01/11/2022,FEU,Z14,24,0.29902482176
01/11/2022,FEU,Z24,3,0.25757145154
01/11/2022,FEU,Z14,3,0.25757145154
01/11/2022,FEU,Z24,4,0.25225775212
01/11/2022,FEU,Z14,4,0.25225775212
01/11/2022,FEU,Z24,5,0.25489239198
01/11/2022,FEU,Z14,5,0.25489239198
01/11/2022,FEU,Z24,6,0.26591685496
01/11/2022,FEU,Z14,6,0.26591685496
01/11/2022,FEU,Z24,7,0.2809261399
01/11/2022,FEU,Z14,7,0.2809261399
01/11/2022,FEU,Z24,8,0.2858354727
01/11/2022,FEU,Z14,8,0.2858354727
01/11/2022,FEU,Z24,9,0.33772117824
01/11/2022,FEU,Z14,9,0.33772117824
01/12/2022,FEU,Z24,1,0.25256701264
01/12/2022,FEU,Z14,1,0.25256701264
01/12/2022,FEU,Z24,10,0.28257485894
01/12/2022,FEU,Z14,10,0.28257485894
01/12/2022,FEU,Z24,11,0.27492874364
01/12/2022,FEU,Z14,11,0.34420484908
01/12/2022,FEU,Z24,12,0.34061666108
01/12/2022,FEU,Z14,12,0.34061666108
01/12/2022,FEU,Z24,13,0.3413354148
01/12/2022,FEU,Z14,13,0.3413354148
01/12/2022,FEU,Z24,14,0.34205539266
01/12/2022,FEU,Z14,14,0.34205539266
01/12/2022,FEU,Z24,15,0.34225971052
01/12/2022,FEU,Z14,15,0.27298692308
01/12/2022,FEU,Z24,16,0.27645171452
01/12/2022,FEU,Z14,16,0.27645171452
01/12/2022,FEU,Z24,17,0.27813637824
01/12/2022,FEU,Z14,17,0.27813637824
01/12/2022,FEU,Z24,18,0.31078231796
01/12/2022,FEU,Z14,18,0.31078231796
01/12/2022,FEU,Z24,19,0.3454960334
01/12/2022,FEU,Z14,19,0.4152810277
01/12/2022,FEU,Z24,2,0.24235721152
01/12/2022,FEU,Z14,2,0.24235721152
01/12/2022,FEU,Z24,20,0.42193944484
01/12/2022,FEU,Z14,20,0.42193944484
01/12/2022,FEU,Z24,21,0.41267248642
01/12/2022,FEU,Z14,21,0.41267248642
01/12/2022,FEU,Z24,22,0.37695340486
01/12/2022,FEU,Z14,22,0.37695340486
01/12/2022,FEU,Z24,23,0.3666667963
01/12/2022,FEU,Z14,23,0.29730168386
01/12/2022,FEU,Z24,24,0.28289466288
01/12/2022,FEU,Z14,24,0.28289466288
01/12/2022,FEU,Z24,3,0.23997193868
01/12/2022,FEU,Z14,3,0.23997193868
01/12/2022,FEU,Z24,4,0.2345109464
01/12/2022,FEU,Z14,4,0.2345109464
01/12/2022,FEU,Z24,5,0.23298273826
01/12/2022,FEU,Z14,5,0.23298273826
01/12/2022,FEU,Z24,6,0.24666400324
01/12/2022,FEU,Z14,6,0.24666400324
01/12/2022,FEU,Z24,7,0.23768405804
01/12/2022,FEU,Z14,7,0.23768405804
01/12/2022,FEU,Z24,8,0.25155168142
01/12/2022,FEU,Z14,8,0.25155168142
01/12/2022,FEU,Z24,9,0.29734356452
01/12/2022,FEU,Z14,9,0.29734356452
01/13/2022,FEU,Z24,1,0.24456637378
01/13/2022,FEU,Z14,1,0.24456637378
01/13/2022,FEU,Z24,10,0.30908426738
01/13/2022,FEU,Z14,10,0.30908426738
01/13/2022,FEU,Z24,11,0.29967106736
01/13/2022,FEU,Z14,11,0.3690323748
01/13/2022,FEU,Z24,12,0.36475185066
01/13/2022,FEU,Z14,12,0.36475185066
01/13/2022,FEU,Z24,13,0.36185013366
01/13/2022,FEU,Z14,13,0.36185013366
01/13/2022,FEU,Z24,14,0.36208303252
01/13/2022,FEU,Z14,14,0.36208303252
01/13/2022,FEU,Z24,15,0.36232156224
01/13/2022,FEU,Z14,15,0.2929799348
01/13/2022,FEU,Z24,16,0.29402802624
01/13/2022,FEU,Z14,16,0.29402802624
01/13/2022,FEU,Z24,17,0.30285766082
01/13/2022,FEU,Z14,17,0.30285766082
01/13/2022,FEU,Z24,18,0.31515407726
01/13/2022,FEU,Z14,18,0.31515407726
01/13/2022,FEU,Z24,19,0.3516337327
01/13/2022,FEU,Z14,19,0.42117899014
01/13/2022,FEU,Z24,2,0.2454438221
01/13/2022,FEU,Z14,2,0.2454438221
01/13/2022,FEU,Z24,20,0.425478232
01/13/2022,FEU,Z14,20,0.425478232
01/13/2022,FEU,Z24,21,0.41320611572
01/13/2022,FEU,Z14,21,0.41320611572
01/13/2022,FEU,Z24,22,0.38741785488
01/13/2022,FEU,Z14,22,0.38741785488
01/13/2022,FEU,Z24,23,0.37326918232
01/13/2022,FEU,Z14,23,0.30365399902
01/13/2022,FEU,Z24,24,0.29316964232
01/13/2022,FEU,Z14,24,0.29316964232
01/13/2022,FEU,Z24,3,0.24566273212
01/13/2022,FEU,Z14,3,0.24566273212
01/13/2022,FEU,Z24,4,0.24019121356
01/13/2022,FEU,Z14,4,0.24019121356
01/13/2022,FEU,Z24,5,0.24514029042
01/13/2022,FEU,Z14,5,0.24514029042
01/13/2022,FEU,Z24,6,0.24401896068
01/13/2022,FEU,Z14,6,0.24401896068
01/13/2022,FEU,Z24,7,0.24650262748
01/13/2022,FEU,Z14,7,0.24650262748
01/13/2022,FEU,Z24,8,0.27543786628
01/13/2022,FEU,Z14,8,0.27543786628
01/13/2022,FEU,Z24,9,0.3095865041
01/13/2022,FEU,Z14,9,0.3095865041
01/14/2022,FEU,Z24,1,0.26233453264
01/14/2022,FEU,Z14,1,0.26233453264
01/14/2022,FEU,Z24,10,0.28556716094
01/14/2022,FEU,Z14,10,0.28556716094
01/14/2022,FEU,Z24,11,0.27515144678
01/14/2022,FEU,Z14,11,0.34442779122
01/14/2022,FEU,Z24,12,0.32377832908
01/14/2022,FEU,Z14,12,0.32377832908
01/14/2022,FEU,Z24,13,0.3213414948
01/14/2022,FEU,Z14,13,0.3213414948
01/14/2022,FEU,Z24,14,0.32212315852
01/14/2022,FEU,Z14,14,0.32212315852
01/14/2022,FEU,Z24,15,0.32245125596
01/14/2022,FEU,Z14,15,0.25324432652
01/14/2022,FEU,Z24,16,0.25663548796
01/14/2022,FEU,Z14,16,0.25663548796
01/14/2022,FEU,Z24,17,0.27903338382
01/14/2022,FEU,Z14,17,0.27903338382
01/14/2022,FEU,Z24,18,0.29065758926
01/14/2022,FEU,Z14,18,0.29065758926
01/14/2022,FEU,Z24,19,0.31074783284
01/14/2022,FEU,Z14,19,0.38038781114
01/14/2022,FEU,Z24,2,0.25781116696
01/14/2022,FEU,Z14,2,0.25781116696
01/14/2022,FEU,Z24,20,0.39061507258
01/14/2022,FEU,Z14,20,0.39061507258
01/14/2022,FEU,Z24,21,0.39251874344
01/14/2022,FEU,Z14,21,0.39251874344
01/14/2022,FEU,Z24,22,0.38171525602
01/14/2022,FEU,Z14,22,0.38171525602
01/14/2022,FEU,Z24,23,0.37224949018
01/14/2022,FEU,Z14,23,0.30263942288
01/14/2022,FEU,Z24,24,0.29078733404
01/14/2022,FEU,Z14,24,0.29078733404
01/14/2022,FEU,Z24,3,0.25454054812
01/14/2022,FEU,Z14,3,0.25454054812
01/14/2022,FEU,Z24,4,0.2505943957
01/14/2022,FEU,Z14,4,0.2505943957
01/14/2022,FEU,Z24,5,0.25046323756
01/14/2022,FEU,Z14,5,0.25046323756
01/14/2022,FEU,Z24,6,0.25515257682
01/14/2022,FEU,Z14,6,0.25515257682
01/14/2022,FEU,Z24,7,0.26275934176
01/14/2022,FEU,Z14,7,0.26275934176
01/14/2022,FEU,Z24,8,0.25690810084
01/14/2022,FEU,Z14,8,0.25690810084
01/14/2022,FEU,Z24,9,0.28749303766
01/14/2022,FEU,Z14,9,0.28749303766
01/15/2022,FEU,Z24,1,0.28633669438
01/15/2022,FEU,Z14,1,0.28633669438
01/15/2022,FEU,Z24,10,0.28687236434
01/15/2022,FEU,Z14,10,0.28687236434
01/15/2022,FEU,Z24,11,0.2794692013
01/15/2022,FEU,Z14,11,0.2794692013
01/15/2022,FEU,Z24,12,0.26960698972
01/15/2022,FEU,Z14,12,0.26960698972
01/15/2022,FEU,Z24,13,0.26224395658
01/15/2022,FEU,Z14,13,0.26224395658
01/15/2022,FEU,Z24,14,0.25188612658
01/15/2022,FEU,Z14,14,0.25188612658
01/15/2022,FEU,Z24,15,0.25625046316
01/15/2022,FEU,Z14,15,0.25625046316
01/15/2022,FEU,Z24,16,0.27090356632
01/15/2022,FEU,Z14,16,0.27090356632
01/15/2022,FEU,Z24,17,0.27888802948
01/15/2022,FEU,Z14,17,0.27888802948
01/15/2022,FEU,Z24,18,0.29671188492
01/15/2022,FEU,Z14,18,0.29671188492
01/15/2022,FEU,Z24,19,0.33966318478
01/15/2022,FEU,Z14,19,0.33966318478
01/15/2022,FEU,Z24,2,0.28074089342
01/15/2022,FEU,Z14,2,0.28074089342
01/15/2022,FEU,Z24,20,0.33175404378
01/15/2022,FEU,Z14,20,0.33175404378
01/15/2022,FEU,Z24,21,0.30971436078
01/15/2022,FEU,Z14,21,0.30971436078
01/15/2022,FEU,Z24,22,0.29149474036
01/15/2022,FEU,Z14,22,0.29149474036
01/15/2022,FEU,Z24,23,0.28512199236
01/15/2022,FEU,Z14,23,0.28512199236
01/15/2022,FEU,Z24,24,0.27880597066
01/15/2022,FEU,Z14,24,0.27880597066
01/15/2022,FEU,Z24,3,0.27621846188
01/15/2022,FEU,Z14,3,0.27621846188
01/15/2022,FEU,Z24,4,0.2614076779
01/15/2022,FEU,Z14,4,0.2614076779
01/15/2022,FEU,Z24,5,0.25755693034
01/15/2022,FEU,Z14,5,0.25755693034
01/15/2022,FEU,Z24,6,0.2598023929
01/15/2022,FEU,Z14,6,0.2598023929
01/15/2022,FEU,Z24,7,0.26511275216
01/15/2022,FEU,Z14,7,0.26511275216
01/15/2022,FEU,Z24,8,0.28322578012
01/15/2022,FEU,Z14,8,0.28322578012
01/15/2022,FEU,Z24,9,0.28755119938
01/15/2022,FEU,Z14,9,0.28755119938
01/16/2022,FEU,Z24,1,0.29217436352
01/16/2022,FEU,Z14,1,0.29217436352
01/16/2022,FEU,Z24,10,0.26243241036
01/16/2022,FEU,Z14,10,0.26243241036
01/16/2022,FEU,Z24,11,0.25900536232
01/16/2022,FEU,Z14,11,0.25900536232
01/16/2022,FEU,Z24,12,0.25784376402
01/16/2022,FEU,Z14,12,0.25784376402
01/16/2022,FEU,Z24,13,0.25923341974
01/16/2022,FEU,Z14,13,0.25923341974
01/16/2022,FEU,Z24,14,0.24633743302
01/16/2022,FEU,Z14,14,0.24633743302
01/16/2022,FEU,Z24,15,0.24295786174
01/16/2022,FEU,Z14,15,0.24295786174
01/16/2022,FEU,Z24,16,0.25075195162
01/16/2022,FEU,Z14,16,0.25075195162
01/16/2022,FEU,Z24,17,0.25795995664
01/16/2022,FEU,Z14,17,0.25795995664
01/16/2022,FEU,Z24,18,0.28622840408
01/16/2022,FEU,Z14,18,0.28622840408
01/16/2022,FEU,Z24,19,0.32787629036
01/16/2022,FEU,Z14,19,0.32787629036
01/16/2022,FEU,Z24,2,0.28361140984
01/16/2022,FEU,Z14,2,0.28361140984
01/16/2022,FEU,Z24,20,0.33773455636
01/16/2022,FEU,Z14,20,0.33773455636
01/16/2022,FEU,Z24,21,0.32740520422
01/16/2022,FEU,Z14,21,0.32740520422
01/16/2022,FEU,Z24,22,0.31597796036
01/16/2022,FEU,Z14,22,0.31597796036
01/16/2022,FEU,Z24,23,0.2922062285
01/16/2022,FEU,Z14,23,0.2922062285
01/16/2022,FEU,Z24,24,0.27293131222
01/16/2022,FEU,Z14,24,0.27293131222
01/16/2022,FEU,Z24,3,0.27518849044
01/16/2022,FEU,Z14,3,0.27518849044
01/16/2022,FEU,Z24,4,0.26391128046
01/16/2022,FEU,Z14,4,0.26391128046
01/16/2022,FEU,Z24,5,0.25180444876
01/16/2022,FEU,Z14,5,0.25180444876
01/16/2022,FEU,Z24,6,0.2515571229
01/16/2022,FEU,Z14,6,0.2515571229
01/16/2022,FEU,Z24,7,0.26384087602
01/16/2022,FEU,Z14,7,0.26384087602
01/16/2022,FEU,Z24,8,0.26256576928
01/16/2022,FEU,Z14,8,0.26256576928
01/16/2022,FEU,Z24,9,0.26028516584
01/16/2022,FEU,Z14,9,0.26028516584
01/17/2022,FEU,Z24,1,0.3237823421
01/17/2022,FEU,Z14,1,0.3237823421
01/17/2022,FEU,Z24,10,0.3420448391
01/17/2022,FEU,Z14,10,0.3420448391
01/17/2022,FEU,Z24,11,0.32526185108
01/17/2022,FEU,Z14,11,0.39471096052
01/17/2022,FEU,Z24,12,0.38812367452
01/17/2022,FEU,Z14,12,0.38812367452
01/17/2022,FEU,Z24,13,0.38792779466
01/17/2022,FEU,Z14,13,0.38792779466
01/17/2022,FEU,Z24,14,0.38765560252
01/17/2022,FEU,Z14,14,0.38765560252
01/17/2022,FEU,Z24,15,0.38678300224
01/17/2022,FEU,Z14,15,0.31711837994
01/17/2022,FEU,Z24,16,0.31218372738
01/17/2022,FEU,Z14,16,0.31218372738
01/17/2022,FEU,Z24,17,0.32012338624
01/17/2022,FEU,Z14,17,0.32012338624
01/17/2022,FEU,Z24,18,0.33736174568
01/17/2022,FEU,Z14,18,0.33736174568
01/17/2022,FEU,Z24,19,0.35689132198
01/17/2022,FEU,Z14,19,0.42645235042
01/17/2022,FEU,Z24,2,0.31603258528
01/17/2022,FEU,Z14,2,0.31603258528
01/17/2022,FEU,Z24,20,0.45293690314
01/17/2022,FEU,Z14,20,0.45293690314
01/17/2022,FEU,Z24,21,0.4439832113
01/17/2022,FEU,Z14,21,0.4439832113
01/17/2022,FEU,Z24,22,0.42157969774
01/17/2022,FEU,Z14,22,0.42157969774
01/17/2022,FEU,Z24,23,0.4121700499
01/17/2022,FEU,Z14,23,0.3423938906
01/17/2022,FEU,Z24,24,0.32127311762
01/17/2022,FEU,Z14,24,0.32127311762
01/17/2022,FEU,Z24,3,0.30511896244
01/17/2022,FEU,Z14,3,0.30511896244
01/17/2022,FEU,Z24,4,0.28472379988
01/17/2022,FEU,Z14,4,0.28472379988
01/17/2022,FEU,Z24,5,0.27727820602
01/17/2022,FEU,Z14,5,0.27727820602
01/17/2022,FEU,Z24,6,0.29257741742
01/17/2022,FEU,Z14,6,0.29257741742
01/17/2022,FEU,Z24,7,0.31687554706
01/17/2022,FEU,Z14,7,0.31687554706
01/17/2022,FEU,Z24,8,0.338242432
01/17/2022,FEU,Z14,8,0.338242432
01/17/2022,FEU,Z24,9,0.35516993782
01/17/2022,FEU,Z14,9,0.35516993782
01/18/2022,FEU,Z24,1,0.27489766864
01/18/2022,FEU,Z14,1,0.27489766864
01/18/2022,FEU,Z24,10,0.31505757766
01/18/2022,FEU,Z14,10,0.31505757766
01/18/2022,FEU,Z24,11,0.30087531764
01/18/2022,FEU,Z14,11,0.37023982708
01/18/2022,FEU,Z24,12,0.36535348336
01/18/2022,FEU,Z14,12,0.36535348336
01/18/2022,FEU,Z24,13,0.36430331536
01/18/2022,FEU,Z14,13,0.36430331536
01/18/2022,FEU,Z24,14,0.3640792105
01/18/2022,FEU,Z14,14,0.3640792105
01/18/2022,FEU,Z24,15,0.36340755994
01/18/2022,FEU,Z14,15,0.29384305764
01/18/2022,FEU,Z24,16,0.29099854308
01/18/2022,FEU,Z14,16,0.29099854308
01/18/2022,FEU,Z24,17,0.29961182252
01/18/2022,FEU,Z14,17,0.29961182252
01/18/2022,FEU,Z24,18,0.31706486382
01/18/2022,FEU,Z14,18,0.31706486382
01/18/2022,FEU,Z24,19,0.34553604112
01/18/2022,FEU,Z14,19,0.41505865256
01/18/2022,FEU,Z24,2,0.26396760838
01/18/2022,FEU,Z14,2,0.26396760838
01/18/2022,FEU,Z24,20,0.43762432186
01/18/2022,FEU,Z14,20,0.43762432186
01/18/2022,FEU,Z24,21,0.42239239144
01/18/2022,FEU,Z14,21,0.42239239144
01/18/2022,FEU,Z24,22,0.39987457102
01/18/2022,FEU,Z14,22,0.39987457102
01/18/2022,FEU,Z24,23,0.38398526518
01/18/2022,FEU,Z14,23,0.31432682288
01/18/2022,FEU,Z24,24,0.30098866176
01/18/2022,FEU,Z14,24,0.30098866176
01/18/2022,FEU,Z24,3,0.26172210154
01/18/2022,FEU,Z14,3,0.26172210154
01/18/2022,FEU,Z24,4,0.25494295612
01/18/2022,FEU,Z14,4,0.25494295612
01/18/2022,FEU,Z24,5,0.25453937998
01/18/2022,FEU,Z14,5,0.25453937998
01/18/2022,FEU,Z24,6,0.26684632696
01/18/2022,FEU,Z14,6,0.26684632696
01/18/2022,FEU,Z24,7,0.2857727749
01/18/2022,FEU,Z14,7,0.2857727749
01/18/2022,FEU,Z24,8,0.2845986477
01/18/2022,FEU,Z14,8,0.2845986477
01/18/2022,FEU,Z24,9,0.32016009024
01/18/2022,FEU,Z14,9,0.32016009024
01/19/2022,FEU,Z24,1,0.28553422864
01/19/2022,FEU,Z14,1,0.28553422864
01/19/2022,FEU,Z24,10,0.31319230994
01/19/2022,FEU,Z14,10,0.31319230994
01/19/2022,FEU,Z24,11,0.29457093764
01/19/2022,FEU,Z14,11,0.36391396708
01/19/2022,FEU,Z24,12,0.35364062908
01/19/2022,FEU,Z14,12,0.35364062908
01/19/2022,FEU,Z24,13,0.3539979948
01/19/2022,FEU,Z14,13,0.3539979948
01/19/2022,FEU,Z24,14,0.35348156766
01/19/2022,FEU,Z14,14,0.35348156766
01/19/2022,FEU,Z24,15,0.32163144652
01/19/2022,FEU,Z14,15,0.25242964508
01/19/2022,FEU,Z24,16,0.25240392452
01/19/2022,FEU,Z14,16,0.25240392452
01/19/2022,FEU,Z24,17,0.25848316224
01/19/2022,FEU,Z14,17,0.25848316224
01/19/2022,FEU,Z24,18,0.29964459196
01/19/2022,FEU,Z14,18,0.29964459196
01/19/2022,FEU,Z24,19,0.3252350934
01/19/2022,FEU,Z14,19,0.3949361527
01/19/2022,FEU,Z24,2,0.27715258752
01/19/2022,FEU,Z14,2,0.27715258752
01/19/2022,FEU,Z24,20,0.42019381684
01/19/2022,FEU,Z14,20,0.42019381684
01/19/2022,FEU,Z24,21,0.41415437242
01/19/2022,FEU,Z14,21,0.41415437242
01/19/2022,FEU,Z24,22,0.37662312986
01/19/2022,FEU,Z14,22,0.37662312986
01/19/2022,FEU,Z24,23,0.3610768013
01/19/2022,FEU,Z14,23,0.29172904386
01/19/2022,FEU,Z24,24,0.27145248688
01/19/2022,FEU,Z14,24,0.27145248688
01/19/2022,FEU,Z24,3,0.26357564668
01/19/2022,FEU,Z14,3,0.26357564668
01/19/2022,FEU,Z24,4,0.2526013064
01/19/2022,FEU,Z14,4,0.2526013064
01/19/2022,FEU,Z24,5,0.24686704626
01/19/2022,FEU,Z14,5,0.24686704626
01/19/2022,FEU,Z24,6,0.25339177124
01/19/2022,FEU,Z14,6,0.25339177124
01/19/2022,FEU,Z24,7,0.28332317404
01/19/2022,FEU,Z14,7,0.28332317404
01/19/2022,FEU,Z24,8,0.28331766742
01/19/2022,FEU,Z14,8,0.28331766742
01/19/2022,FEU,Z24,9,0.32380381652
01/19/2022,FEU,Z14,9,0.32380381652
01/20/2022,FEU,Z24,1,0.25149466878
01/20/2022,FEU,Z14,1,0.25149466878
01/20/2022,FEU,Z24,10,0.29732643038
01/20/2022,FEU,Z14,10,0.29732643038
01/20/2022,FEU,Z24,11,0.28326704336
01/20/2022,FEU,Z14,11,0.3525725548
01/20/2022,FEU,Z24,12,0.32745114666
01/20/2022,FEU,Z14,12,0.32745114666
01/20/2022,FEU,Z24,13,0.31227175366
01/20/2022,FEU,Z14,13,0.31227175366
01/20/2022,FEU,Z24,14,0.31183975852
01/20/2022,FEU,Z14,14,0.31183975852
01/20/2022,FEU,Z24,15,0.30166642624
01/20/2022,FEU,Z14,15,0.2325308948
01/20/2022,FEU,Z24,16,0.23030751424
01/20/2022,FEU,Z14,16,0.23030751424
01/20/2022,FEU,Z24,17,0.23518085582
01/20/2022,FEU,Z14,17,0.23518085582
01/20/2022,FEU,Z24,18,0.28253139626
01/20/2022,FEU,Z14,18,0.28253139626
01/20/2022,FEU,Z24,19,0.2992724177
01/20/2022,FEU,Z14,19,0.36864120814
01/20/2022,FEU,Z24,2,0.2434505321
01/20/2022,FEU,Z14,2,0.2434505321
01/20/2022,FEU,Z24,20,0.397007032
01/20/2022,FEU,Z14,20,0.397007032
01/20/2022,FEU,Z24,21,0.37466879372
01/20/2022,FEU,Z14,21,0.37466879372
01/20/2022,FEU,Z24,22,0.36195683888
01/20/2022,FEU,Z14,22,0.36195683888
01/20/2022,FEU,Z24,23,0.33509966632
01/20/2022,FEU,Z14,23,0.26564315502
01/20/2022,FEU,Z24,24,0.25468015832
01/20/2022,FEU,Z14,24,0.25468015832
01/20/2022,FEU,Z24,3,0.23802194812
01/20/2022,FEU,Z14,3,0.23802194812
01/20/2022,FEU,Z24,4,0.22879405156
01/20/2022,FEU,Z14,4,0.22879405156
01/20/2022,FEU,Z24,5,0.22497380642
01/20/2022,FEU,Z14,5,0.22497380642
01/20/2022,FEU,Z24,6,0.23368785068
01/20/2022,FEU,Z14,6,0.23368785068
01/20/2022,FEU,Z24,7,0.23980119148
01/20/2022,FEU,Z14,7,0.23980119148
01/20/2022,FEU,Z24,8,0.26019810828
01/20/2022,FEU,Z14,8,0.26019810828
01/20/2022,FEU,Z24,9,0.2996253941
01/20/2022,FEU,Z14,9,0.2996253941
01/21/2022,FEU,Z24,1,0.23385327664
01/21/2022,FEU,Z14,1,0.23385327664
01/21/2022,FEU,Z24,10,0.28131804494
01/21/2022,FEU,Z14,10,0.28131804494
01/21/2022,FEU,Z24,11,0.25670484878
01/21/2022,FEU,Z14,11,0.32591946622
01/21/2022,FEU,Z24,12,0.30051754108
01/21/2022,FEU,Z14,12,0.30051754108
01/21/2022,FEU,Z24,13,0.2989037948
01/21/2022,FEU,Z14,13,0.2989037948
01/21/2022,FEU,Z24,14,0.29963560852
01/21/2022,FEU,Z14,14,0.29963560852
01/21/2022,FEU,Z24,15,0.29942980996
01/21/2022,FEU,Z14,15,0.23029934252
01/21/2022,FEU,Z24,16,0.22958045596
01/21/2022,FEU,Z14,16,0.22958045596
01/21/2022,FEU,Z24,17,0.23438556582
01/21/2022,FEU,Z14,17,0.23438556582
01/21/2022,FEU,Z24,18,0.26097310526
01/21/2022,FEU,Z14,18,0.26097310526
01/21/2022,FEU,Z24,19,0.28751020484
01/21/2022,FEU,Z14,19,0.35705287314
01/21/2022,FEU,Z24,2,0.21626426296
01/21/2022,FEU,Z14,2,0.21626426296
01/21/2022,FEU,Z24,20,0.36777611758
01/21/2022,FEU,Z14,20,0.36777611758
01/21/2022,FEU,Z24,21,0.36768022344
01/21/2022,FEU,Z14,21,0.36768022344
01/21/2022,FEU,Z24,22,0.36230428202
01/21/2022,FEU,Z14,22,0.36230428202
01/21/2022,FEU,Z24,23,0.35404842518
01/21/2022,FEU,Z14,23,0.28451338288
01/21/2022,FEU,Z24,24,0.26512701604
01/21/2022,FEU,Z14,24,0.26512701604
01/21/2022,FEU,Z24,3,0.21219828412
01/21/2022,FEU,Z14,3,0.21219828412
01/21/2022,FEU,Z24,4,0.2065836457
01/21/2022,FEU,Z14,4,0.2065836457
01/21/2022,FEU,Z24,5,0.20670745556
01/21/2022,FEU,Z14,5,0.20670745556
01/21/2022,FEU,Z24,6,0.21138751682
01/21/2022,FEU,Z14,6,0.21138751682
01/21/2022,FEU,Z24,7,0.21108177376
01/21/2022,FEU,Z14,7,0.21108177376
01/21/2022,FEU,Z24,8,0.23442149884
01/21/2022,FEU,Z14,8,0.23442149884
01/21/2022,FEU,Z24,9,0.28292492966
01/21/2022,FEU,Z14,9,0.28292492966
01/22/2022,FEU,Z24,1,0.25078683838
01/22/2022,FEU,Z14,1,0.25078683838
01/22/2022,FEU,Z24,10,0.23290235834
01/22/2022,FEU,Z14,10,0.23290235834
01/22/2022,FEU,Z24,11,0.2377159513
01/22/2022,FEU,Z14,11,0.2377159513
01/22/2022,FEU,Z24,12,0.23180168572
01/22/2022,FEU,Z14,12,0.23180168572
01/22/2022,FEU,Z24,13,0.23261406658
01/22/2022,FEU,Z14,13,0.23261406658
01/22/2022,FEU,Z24,14,0.24095566858
01/22/2022,FEU,Z14,14,0.24095566858
01/22/2022,FEU,Z24,15,0.24001529116
01/22/2022,FEU,Z14,15,0.24001529116
01/22/2022,FEU,Z24,16,0.24306998632
01/22/2022,FEU,Z14,16,0.24306998632
01/22/2022,FEU,Z24,17,0.24801172948
01/22/2022,FEU,Z14,17,0.24801172948
01/22/2022,FEU,Z24,18,0.26264496892
01/22/2022,FEU,Z14,18,0.26264496892
01/22/2022,FEU,Z24,19,0.29105260378
01/22/2022,FEU,Z14,19,0.29105260378
01/22/2022,FEU,Z24,2,0.23274635742
01/22/2022,FEU,Z14,2,0.23274635742
01/22/2022,FEU,Z24,20,0.31240862978
01/22/2022,FEU,Z14,20,0.31240862978
01/22/2022,FEU,Z24,21,0.29017204378
01/22/2022,FEU,Z14,21,0.29017204378
01/22/2022,FEU,Z24,22,0.27150603636
01/22/2022,FEU,Z14,22,0.27150603636
01/22/2022,FEU,Z24,23,0.26041564036
01/22/2022,FEU,Z14,23,0.26041564036
01/22/2022,FEU,Z24,24,0.25437431366
01/22/2022,FEU,Z14,24,0.25437431366
01/22/2022,FEU,Z24,3,0.22543803388
01/22/2022,FEU,Z14,3,0.22543803388
01/22/2022,FEU,Z24,4,0.2249086329
01/22/2022,FEU,Z14,4,0.2249086329
01/22/2022,FEU,Z24,5,0.22577355634
01/22/2022,FEU,Z14,5,0.22577355634
01/22/2022,FEU,Z24,6,0.2264886179
01/22/2022,FEU,Z14,6,0.2264886179
01/22/2022,FEU,Z24,7,0.22647693616
01/22/2022,FEU,Z14,7,0.22647693616
01/22/2022,FEU,Z24,8,0.22371038212
01/22/2022,FEU,Z14,8,0.22371038212
01/22/2022,FEU,Z24,9,0.21894214738
01/22/2022,FEU,Z14,9,0.21894214738
01/23/2022,FEU,Z24,1,0.25716585152
01/23/2022,FEU,Z14,1,0.25716585152
01/23/2022,FEU,Z24,10,0.25120470236
01/23/2022,FEU,Z14,10,0.25120470236
01/23/2022,FEU,Z24,11,0.24809130232
01/23/2022,FEU,Z14,11,0.24809130232
01/23/2022,FEU,Z24,12,0.24790653302
01/23/2022,FEU,Z14,12,0.24790653302
01/23/2022,FEU,Z24,13,0.24779386174
01/23/2022,FEU,Z14,13,0.24779386174
01/23/2022,FEU,Z24,14,0.23608155402
01/23/2022,FEU,Z14,14,0.23608155402
01/23/2022,FEU,Z24,15,0.23431713874
01/23/2022,FEU,Z14,15,0.23431713874
01/23/2022,FEU,Z24,16,0.24262239162
01/23/2022,FEU,Z14,16,0.24262239162
01/23/2022,FEU,Z24,17,0.24999416464
01/23/2022,FEU,Z14,17,0.24999416464
01/23/2022,FEU,Z24,18,0.27659106008
01/23/2022,FEU,Z14,18,0.27659106008
01/23/2022,FEU,Z24,19,0.30634405236
01/23/2022,FEU,Z14,19,0.30634405236
01/23/2022,FEU,Z24,2,0.25048493384
01/23/2022,FEU,Z14,2,0.25048493384
01/23/2022,FEU,Z24,20,0.31216877836
01/23/2022,FEU,Z14,20,0.31216877836
01/23/2022,FEU,Z24,21,0.31745300722
01/23/2022,FEU,Z14,21,0.31745300722
01/23/2022,FEU,Z24,22,0.31509401436
01/23/2022,FEU,Z14,22,0.31509401436
01/23/2022,FEU,Z24,23,0.2851673785
01/23/2022,FEU,Z14,23,0.2851673785
01/23/2022,FEU,Z24,24,0.26271776422
01/23/2022,FEU,Z14,24,0.26271776422
01/23/2022,FEU,Z24,3,0.24952287244
01/23/2022,FEU,Z14,3,0.24952287244
01/23/2022,FEU,Z24,4,0.24122589046
01/23/2022,FEU,Z14,4,0.24122589046
01/23/2022,FEU,Z24,5,0.24140679076
01/23/2022,FEU,Z14,5,0.24140679076
01/23/2022,FEU,Z24,6,0.2419507129
01/23/2022,FEU,Z14,6,0.2419507129
01/23/2022,FEU,Z24,7,0.24002701102
01/23/2022,FEU,Z14,7,0.24002701102
01/23/2022,FEU,Z24,8,0.24973008928
01/23/2022,FEU,Z14,8,0.24973008928
01/23/2022,FEU,Z24,9,0.24850199784
01/23/2022,FEU,Z14,9,0.24850199784
01/24/2022,FEU,Z24,1,0.2493303671
01/24/2022,FEU,Z14,1,0.2493303671
01/24/2022,FEU,Z24,10,0.3296047091
01/24/2022,FEU,Z14,10,0.3296047091
01/24/2022,FEU,Z24,11,0.32307312708
01/24/2022,FEU,Z14,11,0.39251598652
01/24/2022,FEU,Z24,12,0.38611900252
01/24/2022,FEU,Z14,12,0.38611900252
01/24/2022,FEU,Z24,13,0.38243732566
01/24/2022,FEU,Z14,13,0.38243732566
01/24/2022,FEU,Z24,14,0.38197963852
01/24/2022,FEU,Z14,14,0.38197963852
01/24/2022,FEU,Z24,15,0.38108441024
01/24/2022,FEU,Z14,15,0.31144503194
01/24/2022,FEU,Z24,16,0.31369678438
01/24/2022,FEU,Z14,16,0.31369678438
01/24/2022,FEU,Z24,17,0.31597701824
01/24/2022,FEU,Z14,17,0.31597701824
01/24/2022,FEU,Z24,18,0.32648204168
01/24/2022,FEU,Z14,18,0.32648204168
01/24/2022,FEU,Z24,19,0.35804256698
01/24/2022,FEU,Z14,19,0.42760745542
01/24/2022,FEU,Z24,2,0.23931552928
01/24/2022,FEU,Z14,2,0.23931552928
01/24/2022,FEU,Z24,20,0.46741003214
01/24/2022,FEU,Z14,20,0.46741003214
01/24/2022,FEU,Z24,21,0.4415599563
01/24/2022,FEU,Z14,21,0.4415599563
01/24/2022,FEU,Z24,22,0.41216642374
01/24/2022,FEU,Z14,22,0.41216642374
01/24/2022,FEU,Z24,23,0.3954552949
01/24/2022,FEU,Z14,23,0.3257491306
01/24/2022,FEU,Z24,24,0.30282704862
01/24/2022,FEU,Z14,24,0.30282704862
01/24/2022,FEU,Z24,3,0.23936296444
01/24/2022,FEU,Z14,3,0.23936296444
01/24/2022,FEU,Z24,4,0.23831240588
01/24/2022,FEU,Z14,4,0.23831240588
01/24/2022,FEU,Z24,5,0.23812642702
01/24/2022,FEU,Z14,5,0.23812642702
01/24/2022,FEU,Z24,6,0.25192646442
01/24/2022,FEU,Z14,6,0.25192646442
01/24/2022,FEU,Z24,7,0.28774615006
01/24/2022,FEU,Z14,7,0.28774615006
01/24/2022,FEU,Z24,8,0.297003232
01/24/2022,FEU,Z14,8,0.297003232
01/24/2022,FEU,Z24,9,0.33004352182
01/24/2022,FEU,Z14,9,0.33004352182
01/25/2022,FEU,Z24,1,0.28225390864
01/25/2022,FEU,Z14,1,0.28225390864
01/25/2022,FEU,Z24,10,0.31877418466
01/25/2022,FEU,Z14,10,0.31877418466
01/25/2022,FEU,Z24,11,0.30802732564
01/25/2022,FEU,Z14,11,0.37741620308
01/25/2022,FEU,Z24,12,0.37158510736
01/25/2022,FEU,Z14,12,0.37158510736
01/25/2022,FEU,Z24,13,0.36740677936
01/25/2022,FEU,Z14,13,0.36740677936
01/25/2022,FEU,Z24,14,0.3636726605
01/25/2022,FEU,Z14,14,0.3636726605
01/25/2022,FEU,Z24,15,0.36437669794
01/25/2022,FEU,Z14,15,0.29480925964
01/25/2022,FEU,Z24,16,0.30003969308
01/25/2022,FEU,Z14,16,0.30003969308
01/25/2022,FEU,Z24,17,0.30859975052
01/25/2022,FEU,Z14,17,0.30859975052
01/25/2022,FEU,Z24,18,0.31564283782
01/25/2022,FEU,Z14,18,0.31564283782
01/25/2022,FEU,Z24,19,0.32666906512
01/25/2022,FEU,Z14,19,0.39612956056
01/25/2022,FEU,Z24,2,0.27509666638
01/25/2022,FEU,Z14,2,0.27509666638
01/25/2022,FEU,Z24,20,0.40849646886
01/25/2022,FEU,Z14,20,0.40849646886
01/25/2022,FEU,Z24,21,0.41871296744
01/25/2022,FEU,Z14,21,0.41871296744
01/25/2022,FEU,Z24,22,0.40199527002
01/25/2022,FEU,Z14,22,0.40199527002
01/25/2022,FEU,Z24,23,0.38883726518
01/25/2022,FEU,Z14,23,0.31915882288
01/25/2022,FEU,Z24,24,0.30186418176
01/25/2022,FEU,Z14,24,0.30186418176
01/25/2022,FEU,Z24,3,0.26491748254
01/25/2022,FEU,Z14,3,0.26491748254
01/25/2022,FEU,Z24,4,0.25625450812
01/25/2022,FEU,Z14,4,0.25625450812
01/25/2022,FEU,Z24,5,0.25968788598
01/25/2022,FEU,Z14,5,0.25968788598
01/25/2022,FEU,Z24,6,0.27846596296
01/25/2022,FEU,Z14,6,0.27846596296
01/25/2022,FEU,Z24,7,0.2856500599
01/25/2022,FEU,Z14,7,0.2856500599
01/25/2022,FEU,Z24,8,0.2848531827
01/25/2022,FEU,Z14,8,0.2848531827
01/25/2022,FEU,Z24,9,0.32106111424
01/25/2022,FEU,Z14,9,0.32106111424
01/26/2022,FEU,Z24,1,0.31252465264
01/26/2022,FEU,Z14,1,0.31252465264
01/26/2022,FEU,Z24,10,0.32872917194
01/26/2022,FEU,Z14,10,0.32872917194
01/26/2022,FEU,Z24,11,0.32241234764
01/26/2022,FEU,Z14,11,0.39185141508
01/26/2022,FEU,Z24,12,0.38978166908
01/26/2022,FEU,Z14,12,0.38978166908
01/26/2022,FEU,Z24,13,0.3864515348
01/26/2022,FEU,Z14,13,0.3864515348
01/26/2022,FEU,Z24,14,0.38490679666
01/26/2022,FEU,Z14,14,0.38490679666
01/26/2022,FEU,Z24,15,0.38080354852
01/26/2022,FEU,Z14,15,0.31140150308
01/26/2022,FEU,Z24,16,0.31196017652
01/26/2022,FEU,Z14,16,0.31196017652
01/26/2022,FEU,Z24,17,0.31894530624
01/26/2022,FEU,Z14,17,0.31894530624
01/26/2022,FEU,Z24,18,0.32381052796
01/26/2022,FEU,Z14,18,0.32381052796
01/26/2022,FEU,Z24,19,0.3320740234
01/26/2022,FEU,Z14,19,0.4018026227
01/26/2022,FEU,Z24,2,0.30214370752
01/26/2022,FEU,Z14,2,0.30214370752
01/26/2022,FEU,Z24,20,0.40678758484
01/26/2022,FEU,Z14,20,0.40678758484
01/26/2022,FEU,Z24,21,0.40900248442
01/26/2022,FEU,Z14,21,0.40900248442
01/26/2022,FEU,Z24,22,0.40277730686
01/26/2022,FEU,Z14,22,0.40277730686
01/26/2022,FEU,Z24,23,0.3941070563
01/26/2022,FEU,Z14,23,0.32464965486
01/26/2022,FEU,Z24,24,0.31489095888
01/26/2022,FEU,Z14,24,0.31489095888
01/26/2022,FEU,Z24,3,0.29975991068
01/26/2022,FEU,Z14,3,0.29975991068
01/26/2022,FEU,Z24,4,0.2955164664
01/26/2022,FEU,Z14,4,0.2955164664
01/26/2022,FEU,Z24,5,0.29218588426
01/26/2022,FEU,Z14,5,0.29218588426
01/26/2022,FEU,Z24,6,0.30069716124
01/26/2022,FEU,Z14,6,0.30069716124
01/26/2022,FEU,Z24,7,0.29578367004
01/26/2022,FEU,Z14,7,0.29578367004
01/26/2022,FEU,Z24,8,0.29792465842
01/26/2022,FEU,Z14,8,0.29792465842
01/26/2022,FEU,Z24,9,0.32943131852
01/26/2022,FEU,Z14,9,0.32943131852
01/27/2022,FEU,Z24,1,0.30413992678
01/27/2022,FEU,Z14,1,0.30413992678
01/27/2022,FEU,Z24,10,0.33559056538
01/27/2022,FEU,Z14,10,0.33559056538
01/27/2022,FEU,Z24,11,0.32112601136
01/27/2022,FEU,Z14,11,0.3905602948
01/27/2022,FEU,Z24,12,0.38098587666
01/27/2022,FEU,Z14,12,0.38098587666
01/27/2022,FEU,Z24,13,0.38171809666
01/27/2022,FEU,Z14,13,0.38171809666
01/27/2022,FEU,Z24,14,0.38265101452
01/27/2022,FEU,Z14,14,0.38265101452
01/27/2022,FEU,Z24,15,0.37777986624
01/27/2022,FEU,Z14,15,0.3083860148
01/27/2022,FEU,Z24,16,0.30750194624
01/27/2022,FEU,Z14,16,0.30750194624
01/27/2022,FEU,Z24,17,0.31413653482
01/27/2022,FEU,Z14,17,0.31413653482
01/27/2022,FEU,Z24,18,0.32412588026
01/27/2022,FEU,Z14,18,0.32412588026
01/27/2022,FEU,Z24,19,0.3331207927
01/27/2022,FEU,Z14,19,0.40260288314
01/27/2022,FEU,Z24,2,0.2968000621
01/27/2022,FEU,Z14,2,0.2968000621
01/27/2022,FEU,Z24,20,0.408727432
01/27/2022,FEU,Z14,20,0.408727432
01/27/2022,FEU,Z24,21,0.40835003572
01/27/2022,FEU,Z14,21,0.40835003572
01/27/2022,FEU,Z24,22,0.39624712688
01/27/2022,FEU,Z14,22,0.39624712688
01/27/2022,FEU,Z24,23,0.37091911432
01/27/2022,FEU,Z14,23,0.30131362602
01/27/2022,FEU,Z24,24,0.31108421432
01/27/2022,FEU,Z14,24,0.31108421432
01/27/2022,FEU,Z24,3,0.29733490012
01/27/2022,FEU,Z14,3,0.29733490012
01/27/2022,FEU,Z24,4,0.28895591556
01/27/2022,FEU,Z14,4,0.28895591556
01/27/2022,FEU,Z24,5,0.28626011542
01/27/2022,FEU,Z14,5,0.28626011542
01/27/2022,FEU,Z24,6,0.28556995468
01/27/2022,FEU,Z14,6,0.28556995468
01/27/2022,FEU,Z24,7,0.28507059748
01/27/2022,FEU,Z14,7,0.28507059748
01/27/2022,FEU,Z24,8,0.29633338228
01/27/2022,FEU,Z14,8,0.29633338228
01/27/2022,FEU,Z24,9,0.3361257641
01/27/2022,FEU,Z14,9,0.3361257641
01/28/2022,FEU,Z24,1,0.29654410864
01/28/2022,FEU,Z14,1,0.29654410864
01/28/2022,FEU,Z24,10,0.33188889194
01/28/2022,FEU,Z14,10,0.33188889194
01/28/2022,FEU,Z24,11,0.31199654978
01/28/2022,FEU,Z14,11,0.38139971522
01/28/2022,FEU,Z24,12,0.37101730708
01/28/2022,FEU,Z14,12,0.37101730708
01/28/2022,FEU,Z24,13,0.3665166148
01/28/2022,FEU,Z14,13,0.3665166148
01/28/2022,FEU,Z24,14,0.36029584852
01/28/2022,FEU,Z14,14,0.36029584852
01/28/2022,FEU,Z24,15,0.33901848996
01/28/2022,FEU,Z14,15,0.26975568452
01/28/2022,FEU,Z24,16,0.28243810396
01/28/2022,FEU,Z14,16,0.28243810396
01/28/2022,FEU,Z24,17,0.29723009382
01/28/2022,FEU,Z14,17,0.29723009382
01/28/2022,FEU,Z24,18,0.32516562326
01/28/2022,FEU,Z14,18,0.32516562326
01/28/2022,FEU,Z24,19,0.33971904884
01/28/2022,FEU,Z14,19,0.40948034714
01/28/2022,FEU,Z24,2,0.28478933896
01/28/2022,FEU,Z14,2,0.28478933896
01/28/2022,FEU,Z24,20,0.41728919158
01/28/2022,FEU,Z14,20,0.41728919158
01/28/2022,FEU,Z24,21,0.41091465944
01/28/2022,FEU,Z14,21,0.41091465944
01/28/2022,FEU,Z24,22,0.39831874802
01/28/2022,FEU,Z14,22,0.39831874802
01/28/2022,FEU,Z24,23,0.38760607018
01/28/2022,FEU,Z14,23,0.31793270288
01/28/2022,FEU,Z24,24,0.30571225004
01/28/2022,FEU,Z14,24,0.30571225004
01/28/2022,FEU,Z24,3,0.27259674412
01/28/2022,FEU,Z14,3,0.27259674412
01/28/2022,FEU,Z24,4,0.2613001507
01/28/2022,FEU,Z14,4,0.2613001507
01/28/2022,FEU,Z24,5,0.24980534956
01/28/2022,FEU,Z14,5,0.24980534956
01/28/2022,FEU,Z24,6,0.26597880082
01/28/2022,FEU,Z14,6,0.26597880082
01/28/2022,FEU,Z24,7,0.28491850976
01/28/2022,FEU,Z14,7,0.28491850976
01/28/2022,FEU,Z24,8,0.30265621084
01/28/2022,FEU,Z14,8,0.30265621084
01/28/2022,FEU,Z24,9,0.33803038966
01/28/2022,FEU,Z14,9,0.33803038966
01/29/2022,FEU,Z24,1,0.29496152938
01/29/2022,FEU,Z14,1,0.29496152938
01/29/2022,FEU,Z24,10,0.29995345334
01/29/2022,FEU,Z14,10,0.29995345334
01/29/2022,FEU,Z24,11,0.2966452713
01/29/2022,FEU,Z14,11,0.2966452713
01/29/2022,FEU,Z24,12,0.27801497972
01/29/2022,FEU,Z14,12,0.27801497972
01/29/2022,FEU,Z24,13,0.27401651458
01/29/2022,FEU,Z14,13,0.27401651458
01/29/2022,FEU,Z24,14,0.26776332058
01/29/2022,FEU,Z14,14,0.26776332058
01/29/2022,FEU,Z24,15,0.26215142116
01/29/2022,FEU,Z14,15,0.26215142116
01/29/2022,FEU,Z24,16,0.23293160632
01/29/2022,FEU,Z14,16,0.23293160632
01/29/2022,FEU,Z24,17,0.23631405748
01/29/2022,FEU,Z14,17,0.23631405748
01/29/2022,FEU,Z24,18,0.28466540892
01/29/2022,FEU,Z14,18,0.28466540892
01/29/2022,FEU,Z24,19,0.31492923278
01/29/2022,FEU,Z14,19,0.31492923278
01/29/2022,FEU,Z24,2,0.28475373942
01/29/2022,FEU,Z14,2,0.28475373942
01/29/2022,FEU,Z24,20,0.33411321078
01/29/2022,FEU,Z14,20,0.33411321078
01/29/2022,FEU,Z24,21,0.33017637378
01/29/2022,FEU,Z14,21,0.33017637378
01/29/2022,FEU,Z24,22,0.33097561836
01/29/2022,FEU,Z14,22,0.33097561836
01/29/2022,FEU,Z24,23,0.32008506036
01/29/2022,FEU,Z14,23,0.32008506036
01/29/2022,FEU,Z24,24,0.31467361766
01/29/2022,FEU,Z14,24,0.31467361766
01/29/2022,FEU,Z24,3,0.26575819188
01/29/2022,FEU,Z14,3,0.26575819188
01/29/2022,FEU,Z24,4,0.2741727929
01/29/2022,FEU,Z14,4,0.2741727929
01/29/2022,FEU,Z24,5,0.27147024634
01/29/2022,FEU,Z14,5,0.27147024634
01/29/2022,FEU,Z24,6,0.2647080629
01/29/2022,FEU,Z14,6,0.2647080629
01/29/2022,FEU,Z24,7,0.27613038416
01/29/2022,FEU,Z14,7,0.27613038416
01/29/2022,FEU,Z24,8,0.29385481612
01/29/2022,FEU,Z14,8,0.29385481612
01/29/2022,FEU,Z24,9,0.30742962538
01/29/2022,FEU,Z14,9,0.30742962538
01/30/2022,FEU,Z24,1,0.30496991552
01/30/2022,FEU,Z14,1,0.30496991552
01/30/2022,FEU,Z24,10,0.29576367236
01/30/2022,FEU,Z14,10,0.29576367236
01/30/2022,FEU,Z24,11,0.28569360232
01/30/2022,FEU,Z14,11,0.28569360232
01/30/2022,FEU,Z24,12,0.29221550302
01/30/2022,FEU,Z14,12,0.29221550302
01/30/2022,FEU,Z24,13,0.29732054674
01/30/2022,FEU,Z14,13,0.29732054674
01/30/2022,FEU,Z24,14,0.28104109702
01/30/2022,FEU,Z14,14,0.28104109702
01/30/2022,FEU,Z24,15,0.27223258774
01/30/2022,FEU,Z14,15,0.27223258774
01/30/2022,FEU,Z24,16,0.26820981662
01/30/2022,FEU,Z14,16,0.26820981662
01/30/2022,FEU,Z24,17,0.28472638864
01/30/2022,FEU,Z14,17,0.28472638864
01/30/2022,FEU,Z24,18,0.29562874408
01/30/2022,FEU,Z14,18,0.29562874408
01/30/2022,FEU,Z24,19,0.33307943436
01/30/2022,FEU,Z14,19,0.33307943436
01/30/2022,FEU,Z24,2,0.29137894584
01/30/2022,FEU,Z14,2,0.29137894584
01/30/2022,FEU,Z24,20,0.33525803636
01/30/2022,FEU,Z14,20,0.33525803636
01/30/2022,FEU,Z24,21,0.34168134922
01/30/2022,FEU,Z14,21,0.34168134922
01/30/2022,FEU,Z24,22,0.33823231236
01/30/2022,FEU,Z14,22,0.33823231236
01/30/2022,FEU,Z24,23,0.3276871285
01/30/2022,FEU,Z14,23,0.3276871285
01/30/2022,FEU,Z24,24,0.32060394322
01/30/2022,FEU,Z14,24,0.32060394322
01/30/2022,FEU,Z24,3,0.28854233644
01/30/2022,FEU,Z14,3,0.28854233644
01/30/2022,FEU,Z24,4,0.28040011646
01/30/2022,FEU,Z14,4,0.28040011646
01/30/2022,FEU,Z24,5,0.28014512476
01/30/2022,FEU,Z14,5,0.28014512476
01/30/2022,FEU,Z24,6,0.2863231179
01/30/2022,FEU,Z14,6,0.2863231179
01/30/2022,FEU,Z24,7,0.28769119402
01/30/2022,FEU,Z14,7,0.28769119402
01/30/2022,FEU,Z24,8,0.29598845728
01/30/2022,FEU,Z14,8,0.29598845728
01/30/2022,FEU,Z24,9,0.28833487784
01/30/2022,FEU,Z14,9,0.28833487784
01/31/2022,FEU,Z24,1,0.3145284871
01/31/2022,FEU,Z14,1,0.3145284871
01/31/2022,FEU,Z24,10,0.3403360691
01/31/2022,FEU,Z14,10,0.3403360691
01/31/2022,FEU,Z24,11,0.33410038508
01/31/2022,FEU,Z14,11,0.40357950652
01/31/2022,FEU,Z24,12,0.39753121252
01/31/2022,FEU,Z14,12,0.39753121252
01/31/2022,FEU,Z24,13,0.39102201466
01/31/2022,FEU,Z14,13,0.39102201466
01/31/2022,FEU,Z24,14,0.37260756052
01/31/2022,FEU,Z14,14,0.37260756052
01/31/2022,FEU,Z24,15,0.35610674624
01/31/2022,FEU,Z14,15,0.28657284794
01/31/2022,FEU,Z24,16,0.27197355738
01/31/2022,FEU,Z14,16,0.27197355738
01/31/2022,FEU,Z24,17,0.27501180224
01/31/2022,FEU,Z14,17,0.27501180224
01/31/2022,FEU,Z24,18,0.32861687768
01/31/2022,FEU,Z14,18,0.32861687768
01/31/2022,FEU,Z24,19,0.34482770598
01/31/2022,FEU,Z14,19,0.41434948342
01/31/2022,FEU,Z24,2,0.29405031328
01/31/2022,FEU,Z14,2,0.29405031328
01/31/2022,FEU,Z24,20,0.42193316114
01/31/2022,FEU,Z14,20,0.42193316114
01/31/2022,FEU,Z24,21,0.4141088513
01/31/2022,FEU,Z14,21,0.4141088513
01/31/2022,FEU,Z24,22,0.40092272374
01/31/2022,FEU,Z14,22,0.40092272374
01/31/2022,FEU,Z24,23,0.3774344149
01/31/2022,FEU,Z14,23,0.3078012006
01/31/2022,FEU,Z24,24,0.28990250862
01/31/2022,FEU,Z14,24,0.28990250862
01/31/2022,FEU,Z24,3,0.26156628844
01/31/2022,FEU,Z14,3,0.26156628844
01/31/2022,FEU,Z24,4,0.24640889388
01/31/2022,FEU,Z14,4,0.24640889388
01/31/2022,FEU,Z24,5,0.23193695902
01/31/2022,FEU,Z14,5,0.23193695902
01/31/2022,FEU,Z24,6,0.23097437042
01/31/2022,FEU,Z14,6,0.23097437042
01/31/2022,FEU,Z24,7,0.25482188506
01/31/2022,FEU,Z14,7,0.25482188506
01/31/2022,FEU,Z24,8,0.302498032
01/31/2022,FEU,Z14,8,0.302498032
01/31/2022,FEU,Z24,9,0.34035973882
01/31/2022,FEU,Z14,9,0.34035973882
02/01/2022,FEU,Z24,1,0.26974541434
02/01/2022,FEU,Z14,1,0.26974541434
02/01/2022,FEU,Z24,10,0.31994141712
02/01/2022,FEU,Z14,10,0.31994141712
02/01/2022,FEU,Z24,11,0.27696026168
02/01/2022,FEU,Z14,11,0.34645656898
02/01/2022,FEU,Z24,12,0.34040834884
02/01/2022,FEU,Z14,12,0.34040834884
02/01/2022,FEU,Z24,13,0.34070570714
02/01/2022,FEU,Z14,13,0.34070570714
02/01/2022,FEU,Z24,14,0.3384126527
02/01/2022,FEU,Z14,14,0.3384126527
02/01/2022,FEU,Z24,15,0.33906778726
02/01/2022,FEU,Z14,15,0.26980208482
02/01/2022,FEU,Z24,16,0.24765853712
02/01/2022,FEU,Z14,16,0.24765853712
02/01/2022,FEU,Z24,17,0.27302356028
02/01/2022,FEU,Z14,17,0.27302356028
02/01/2022,FEU,Z24,18,0.30282782642
02/01/2022,FEU,Z14,18,0.30282782642
02/01/2022,FEU,Z24,19,0.33978579518
02/01/2022,FEU,Z14,19,0.40955049748
02/01/2022,FEU,Z24,2,0.25472487496
02/01/2022,FEU,Z14,2,0.25472487496
02/01/2022,FEU,Z24,20,0.41481679572
02/01/2022,FEU,Z14,20,0.41481679572
02/01/2022,FEU,Z24,21,0.4111319877
02/01/2022,FEU,Z14,21,0.4111319877
02/01/2022,FEU,Z24,22,0.38109703656
02/01/2022,FEU,Z14,22,0.38109703656
02/01/2022,FEU,Z24,23,0.35471316764
02/01/2022,FEU,Z14,23,0.2854021562
02/01/2022,FEU,Z24,24,0.2821628748
02/01/2022,FEU,Z14,24,0.2821628748
02/01/2022,FEU,Z24,3,0.25664757614
02/01/2022,FEU,Z14,3,0.25664757614
02/01/2022,FEU,Z24,4,0.25077060244
02/01/2022,FEU,Z14,4,0.25077060244
02/01/2022,FEU,Z24,5,0.2316639543
02/01/2022,FEU,Z14,5,0.2316639543
02/01/2022,FEU,Z24,6,0.24466467014
02/01/2022,FEU,Z14,6,0.24466467014
02/01/2022,FEU,Z24,7,0.25318765522
02/01/2022,FEU,Z14,7,0.25318765522
02/01/2022,FEU,Z24,8,0.28808983174
02/01/2022,FEU,Z14,8,0.28808983174
02/01/2022,FEU,Z24,9,0.33960292526
02/01/2022,FEU,Z14,9,0.33960292526
02/02/2022,FEU,Z24,1,0.23757468748
02/02/2022,FEU,Z14,1,0.23757468748
02/02/2022,FEU,Z24,10,0.30895527982
02/02/2022,FEU,Z14,10,0.30895527982
02/02/2022,FEU,Z24,11,0.28623158252
02/02/2022,FEU,Z14,11,0.35555132996
02/02/2022,FEU,Z24,12,0.33925618282
02/02/2022,FEU,Z14,12,0.33925618282
02/02/2022,FEU,Z24,13,0.34291352626
02/02/2022,FEU,Z14,13,0.34291352626
02/02/2022,FEU,Z24,14,0.34058206182
02/02/2022,FEU,Z14,14,0.34058206182
02/02/2022,FEU,Z24,15,0.33848796538
02/02/2022,FEU,Z14,15,0.26922857894
02/02/2022,FEU,Z24,16,0.26903025338
02/02/2022,FEU,Z14,16,0.26903025338
02/02/2022,FEU,Z24,17,0.28129052168
02/02/2022,FEU,Z14,17,0.28129052168
02/02/2022,FEU,Z24,18,0.3256587334
02/02/2022,FEU,Z14,18,0.3256587334
02/02/2022,FEU,Z24,19,0.36314700744
02/02/2022,FEU,Z14,19,0.43300716574
02/02/2022,FEU,Z24,2,0.2335952321
02/02/2022,FEU,Z14,2,0.2335952321
02/02/2022,FEU,Z24,20,0.43141605214
02/02/2022,FEU,Z14,20,0.43141605214
02/02/2022,FEU,Z24,21,0.43236449898
02/02/2022,FEU,Z14,21,0.43236449898
02/02/2022,FEU,Z24,22,0.43069754856
02/02/2022,FEU,Z14,22,0.43069754856
02/02/2022,FEU,Z24,23,0.39251177222
02/02/2022,FEU,Z14,23,0.32307201578
02/02/2022,FEU,Z24,24,0.2950885948
02/02/2022,FEU,Z14,24,0.2950885948
02/02/2022,FEU,Z24,3,0.22498627642
02/02/2022,FEU,Z14,3,0.22498627642
02/02/2022,FEU,Z24,4,0.22338215986
02/02/2022,FEU,Z14,4,0.22338215986
02/02/2022,FEU,Z24,5,0.22526241286
02/02/2022,FEU,Z14,5,0.22526241286
02/02/2022,FEU,Z24,6,0.23336736342
02/02/2022,FEU,Z14,6,0.23336736342
02/02/2022,FEU,Z24,7,0.23694340222
02/02/2022,FEU,Z14,7,0.23694340222
02/02/2022,FEU,Z24,8,0.27895915144
02/02/2022,FEU,Z14,8,0.27895915144
02/02/2022,FEU,Z24,9,0.30659217996
02/02/2022,FEU,Z14,9,0.30659217996
02/03/2022,FEU,Z24,1,0.27522725734
02/03/2022,FEU,Z14,1,0.27522725734
02/03/2022,FEU,Z24,10,0.31408122622
02/03/2022,FEU,Z14,10,0.31408122622
02/03/2022,FEU,Z24,11,0.29106767192
02/03/2022,FEU,Z14,11,0.36061978022
02/03/2022,FEU,Z24,12,0.35572215508
02/03/2022,FEU,Z14,12,0.35572215508
02/03/2022,FEU,Z24,13,0.34473420538
02/03/2022,FEU,Z14,13,0.34473420538
02/03/2022,FEU,Z24,14,0.33591644108
02/03/2022,FEU,Z14,14,0.33591644108
02/03/2022,FEU,Z24,15,0.3320968855
02/03/2022,FEU,Z14,15,0.26286355106
02/03/2022,FEU,Z24,16,0.26407285022
02/03/2022,FEU,Z14,16,0.26407285022
02/03/2022,FEU,Z24,17,0.27817011138
02/03/2022,FEU,Z14,17,0.27817011138
02/03/2022,FEU,Z24,18,0.30859324482
02/03/2022,FEU,Z14,18,0.30859324482
02/03/2022,FEU,Z24,19,0.32774821958
02/03/2022,FEU,Z14,19,0.39746116688
02/03/2022,FEU,Z24,2,0.24621625096
02/03/2022,FEU,Z14,2,0.24621625096
02/03/2022,FEU,Z24,20,0.40397292856
02/03/2022,FEU,Z14,20,0.40397292856
02/03/2022,FEU,Z24,21,0.39570460126
02/03/2022,FEU,Z14,21,0.39570460126
02/03/2022,FEU,Z24,22,0.37842557326
02/03/2022,FEU,Z14,22,0.37842557326
02/03/2022,FEU,Z24,23,0.35060879536
02/03/2022,FEU,Z14,23,0.28110070506
02/03/2022,FEU,Z24,24,0.27105469866
02/03/2022,FEU,Z14,24,0.27105469866
02/03/2022,FEU,Z24,3,0.23979814242
02/03/2022,FEU,Z14,3,0.23979814242
02/03/2022,FEU,Z24,4,0.23537174386
02/03/2022,FEU,Z14,4,0.23537174386
02/03/2022,FEU,Z24,5,0.228842075
02/03/2022,FEU,Z14,5,0.228842075
02/03/2022,FEU,Z24,6,0.2374187464
02/03/2022,FEU,Z14,6,0.2374187464
02/03/2022,FEU,Z24,7,0.2481385492
02/03/2022,FEU,Z14,7,0.2481385492
02/03/2022,FEU,Z24,8,0.29087672242
02/03/2022,FEU,Z14,8,0.29087672242
02/03/2022,FEU,Z24,9,0.33121781908
02/03/2022,FEU,Z14,9,0.33121781908
02/04/2022,FEU,Z24,1,0.25239490162
02/04/2022,FEU,Z14,1,0.25239490162
02/04/2022,FEU,Z24,10,0.3112822391
02/04/2022,FEU,Z14,10,0.3112822391
02/04/2022,FEU,Z24,11,0.30133078522
02/04/2022,FEU,Z14,11,0.37069936666
02/04/2022,FEU,Z24,12,0.34569995866
02/04/2022,FEU,Z14,12,0.34569995866
02/04/2022,FEU,Z24,13,0.3345231541
02/04/2022,FEU,Z14,13,0.3345231541
02/04/2022,FEU,Z24,14,0.32151662166
02/04/2022,FEU,Z14,14,0.32151662166
02/04/2022,FEU,Z24,15,0.32067724336
02/04/2022,FEU,Z14,15,0.25148219992
02/04/2022,FEU,Z24,16,0.24580203536
02/04/2022,FEU,Z14,16,0.24580203536
02/04/2022,FEU,Z24,17,0.25332119638
02/04/2022,FEU,Z14,17,0.25332119638
02/04/2022,FEU,Z24,18,0.27452184554
02/04/2022,FEU,Z14,18,0.27452184554
02/04/2022,FEU,Z24,19,0.30565906316
02/04/2022,FEU,Z14,19,0.37528105346
02/04/2022,FEU,Z24,2,0.23660443524
02/04/2022,FEU,Z14,2,0.23660443524
02/04/2022,FEU,Z24,20,0.39125025658
02/04/2022,FEU,Z14,20,0.39125025658
02/04/2022,FEU,Z24,21,0.383666632
02/04/2022,FEU,Z14,21,0.383666632
02/04/2022,FEU,Z24,22,0.37909768714
02/04/2022,FEU,Z14,22,0.37909768714
02/04/2022,FEU,Z24,23,0.35196883022
02/04/2022,FEU,Z14,23,0.28266568478
02/04/2022,FEU,Z24,24,0.26327249022
02/04/2022,FEU,Z14,24,0.26327249022
02/04/2022,FEU,Z24,3,0.23655370528
02/04/2022,FEU,Z14,3,0.23655370528
02/04/2022,FEU,Z24,4,0.22243920872
02/04/2022,FEU,Z14,4,0.22243920872
02/04/2022,FEU,Z24,5,0.22169285044
02/04/2022,FEU,Z14,5,0.22169285044
02/04/2022,FEU,Z24,6,0.22105811384
02/04/2022,FEU,Z14,6,0.22105811384
02/04/2022,FEU,Z24,7,0.23321924464
02/04/2022,FEU,Z14,7,0.23321924464
02/04/2022,FEU,Z24,8,0.2746492013
02/04/2022,FEU,Z14,8,0.2746492013
02/04/2022,FEU,Z24,9,0.31112025024
02/04/2022,FEU,Z14,9,0.31112025024
02/05/2022,FEU,Z24,1,0.2790667692
02/05/2022,FEU,Z14,1,0.2790667692
02/05/2022,FEU,Z24,10,0.26552934958
02/05/2022,FEU,Z14,10,0.26552934958
02/05/2022,FEU,Z24,11,0.27048097426
02/05/2022,FEU,Z14,11,0.27048097426
02/05/2022,FEU,Z24,12,0.2392330334
02/05/2022,FEU,Z14,12,0.2392330334
02/05/2022,FEU,Z24,13,0.2404864177
02/05/2022,FEU,Z14,13,0.2404864177
02/05/2022,FEU,Z24,14,0.23854150498
02/05/2022,FEU,Z14,14,0.23854150498
02/05/2022,FEU,Z24,15,0.22221523684
02/05/2022,FEU,Z14,15,0.22221523684
02/05/2022,FEU,Z24,16,0.21917453144
02/05/2022,FEU,Z14,16,0.21917453144
02/05/2022,FEU,Z24,17,0.22627281918
02/05/2022,FEU,Z14,17,0.22627281918
02/05/2022,FEU,Z24,18,0.23189880748
02/05/2022,FEU,Z14,18,0.23189880748
02/05/2022,FEU,Z24,19,0.28578644506
02/05/2022,FEU,Z14,19,0.28578644506
02/05/2022,FEU,Z24,2,0.28065951682
02/05/2022,FEU,Z14,2,0.28065951682
02/05/2022,FEU,Z24,20,0.28849971918
02/05/2022,FEU,Z14,20,0.28849971918
02/05/2022,FEU,Z24,21,0.2856709906
02/05/2022,FEU,Z14,21,0.2856709906
02/05/2022,FEU,Z24,22,0.28305797374
02/05/2022,FEU,Z14,22,0.28305797374
02/05/2022,FEU,Z24,23,0.26683580758
02/05/2022,FEU,Z14,23,0.26683580758
02/05/2022,FEU,Z24,24,0.24515582374
02/05/2022,FEU,Z14,24,0.24515582374
02/05/2022,FEU,Z24,3,0.25317330472
02/05/2022,FEU,Z14,3,0.25317330472
02/05/2022,FEU,Z24,4,0.25393803146
02/05/2022,FEU,Z14,4,0.25393803146
02/05/2022,FEU,Z24,5,0.24554856704
02/05/2022,FEU,Z14,5,0.24554856704
02/05/2022,FEU,Z24,6,0.24477324074
02/05/2022,FEU,Z14,6,0.24477324074
02/05/2022,FEU,Z24,7,0.25327980886
02/05/2022,FEU,Z14,7,0.25327980886
02/05/2022,FEU,Z24,8,0.25274109496
02/05/2022,FEU,Z14,8,0.25274109496
02/05/2022,FEU,Z24,9,0.27609164478
02/05/2022,FEU,Z14,9,0.27609164478
02/06/2022,FEU,Z24,1,0.24774660576
02/06/2022,FEU,Z14,1,0.24774660576
02/06/2022,FEU,Z24,10,0.23154330418
02/06/2022,FEU,Z14,10,0.23154330418
02/06/2022,FEU,Z24,11,0.22787440714
02/06/2022,FEU,Z14,11,0.22787440714
02/06/2022,FEU,Z24,12,0.22762808228
02/06/2022,FEU,Z14,12,0.22762808228
02/06/2022,FEU,Z24,13,0.23143486344
02/06/2022,FEU,Z14,13,0.23143486344
02/06/2022,FEU,Z24,14,0.22972328586
02/06/2022,FEU,Z14,14,0.22972328586
02/06/2022,FEU,Z24,15,0.22996385758
02/06/2022,FEU,Z14,15,0.22996385758
02/06/2022,FEU,Z24,16,0.22474565218
02/06/2022,FEU,Z14,16,0.22474565218
02/06/2022,FEU,Z24,17,0.22894744078
02/06/2022,FEU,Z14,17,0.22894744078
02/06/2022,FEU,Z24,18,0.23755074036
02/06/2022,FEU,Z14,18,0.23755074036
02/06/2022,FEU,Z24,19,0.29082849208
02/06/2022,FEU,Z14,19,0.29082849208
02/06/2022,FEU,Z24,2,0.23911068924
02/06/2022,FEU,Z14,2,0.23911068924
02/06/2022,FEU,Z24,20,0.3051386599
02/06/2022,FEU,Z14,20,0.3051386599
02/06/2022,FEU,Z24,21,0.3115662006
02/06/2022,FEU,Z14,21,0.3115662006
02/06/2022,FEU,Z24,22,0.29752849474
02/06/2022,FEU,Z14,22,0.29752849474
02/06/2022,FEU,Z24,23,0.28636166772
02/06/2022,FEU,Z14,23,0.28636166772
02/06/2022,FEU,Z24,24,0.2460059806
02/06/2022,FEU,Z14,24,0.2460059806
02/06/2022,FEU,Z24,3,0.23945530528
02/06/2022,FEU,Z14,3,0.23945530528
02/06/2022,FEU,Z24,4,0.2401547836
02/06/2022,FEU,Z14,4,0.2401547836
02/06/2022,FEU,Z24,5,0.23836445562
02/06/2022,FEU,Z14,5,0.23836445562
02/06/2022,FEU,Z24,6,0.24412758418
02/06/2022,FEU,Z14,6,0.24412758418
02/06/2022,FEU,Z24,7,0.24388031388
02/06/2022,FEU,Z14,7,0.24388031388
02/06/2022,FEU,Z24,8,0.24168392156
02/06/2022,FEU,Z14,8,0.24168392156
02/06/2022,FEU,Z24,9,0.2383228121
02/06/2022,FEU,Z14,9,0.2383228121
02/07/2022,FEU,Z24,1,0.2464293292
02/07/2022,FEU,Z14,1,0.2464293292
02/07/2022,FEU,Z24,10,0.33451417796
02/07/2022,FEU,Z14,10,0.33451417796
02/07/2022,FEU,Z24,11,0.31688988224
02/07/2022,FEU,Z14,11,0.38631420568
02/07/2022,FEU,Z24,12,0.3635625734
02/07/2022,FEU,Z14,12,0.3635625734
02/07/2022,FEU,Z24,13,0.3500842177
02/07/2022,FEU,Z14,13,0.3500842177
02/07/2022,FEU,Z24,14,0.34757016112
02/07/2022,FEU,Z14,14,0.34757016112
02/07/2022,FEU,Z24,15,0.33562871082
02/07/2022,FEU,Z14,15,0.26618013452
02/07/2022,FEU,Z24,16,0.26258309654
02/07/2022,FEU,Z14,16,0.26258309654
02/07/2022,FEU,Z24,17,0.26888848398
02/07/2022,FEU,Z14,17,0.26888848398
02/07/2022,FEU,Z24,18,0.28846779284
02/07/2022,FEU,Z14,18,0.28846779284
02/07/2022,FEU,Z24,19,0.32644929716
02/07/2022,FEU,Z14,19,0.39615748246
02/07/2022,FEU,Z24,2,0.23753398582
02/07/2022,FEU,Z14,2,0.23753398582
02/07/2022,FEU,Z24,20,0.398943832
02/07/2022,FEU,Z14,20,0.398943832
02/07/2022,FEU,Z24,21,0.39371244456
02/07/2022,FEU,Z14,21,0.39371244456
02/07/2022,FEU,Z24,22,0.38422936056
02/07/2022,FEU,Z14,22,0.38422936056
02/07/2022,FEU,Z24,23,0.34679998308
02/07/2022,FEU,Z14,23,0.27751506564
02/07/2022,FEU,Z24,24,0.26745686338
02/07/2022,FEU,Z14,24,0.26745686338
02/07/2022,FEU,Z24,3,0.23608356286
02/07/2022,FEU,Z14,3,0.23608356286
02/07/2022,FEU,Z24,4,0.23628869302
02/07/2022,FEU,Z14,4,0.23628869302
02/07/2022,FEU,Z24,5,0.22529399274
02/07/2022,FEU,Z14,5,0.22529399274
02/07/2022,FEU,Z24,6,0.23966996128
02/07/2022,FEU,Z14,6,0.23966996128
02/07/2022,FEU,Z24,7,0.26617576348
02/07/2022,FEU,Z14,7,0.26617576348
02/07/2022,FEU,Z24,8,0.300524032
02/07/2022,FEU,Z14,8,0.300524032
02/07/2022,FEU,Z24,9,0.34175162938
02/07/2022,FEU,Z14,9,0.34175162938
02/08/2022,FEU,Z24,1,0.23724687434
02/08/2022,FEU,Z14,1,0.23724687434
02/08/2022,FEU,Z24,10,0.31968632912
02/08/2022,FEU,Z14,10,0.31968632912
02/08/2022,FEU,Z24,11,0.29268819368
02/08/2022,FEU,Z14,11,0.36225069598
02/08/2022,FEU,Z24,12,0.33631054084
02/08/2022,FEU,Z14,12,0.33631054084
02/08/2022,FEU,Z24,13,0.33207530514
02/08/2022,FEU,Z14,13,0.33207530514
02/08/2022,FEU,Z24,14,0.3273003477
02/08/2022,FEU,Z14,14,0.3273003477
02/08/2022,FEU,Z24,15,0.32280587326
02/08/2022,FEU,Z14,15,0.25359359982
02/08/2022,FEU,Z24,16,0.25355178512
02/08/2022,FEU,Z14,16,0.25355178512
02/08/2022,FEU,Z24,17,0.26174918228
02/08/2022,FEU,Z14,17,0.26174918228
02/08/2022,FEU,Z24,18,0.29507485742
02/08/2022,FEU,Z14,18,0.29507485742
02/08/2022,FEU,Z24,19,0.33285228718
02/08/2022,FEU,Z14,19,0.40258840948
02/08/2022,FEU,Z24,2,0.23556316696
02/08/2022,FEU,Z14,2,0.23556316696
02/08/2022,FEU,Z24,20,0.41003403772
02/08/2022,FEU,Z14,20,0.41003403772
02/08/2022,FEU,Z24,21,0.3965494027
02/08/2022,FEU,Z14,21,0.3965494027
02/08/2022,FEU,Z24,22,0.39090782456
02/08/2022,FEU,Z14,22,0.39090782456
02/08/2022,FEU,Z24,23,0.35979071764
02/08/2022,FEU,Z14,23,0.2904624062
02/08/2022,FEU,Z24,24,0.2780777148
02/08/2022,FEU,Z14,24,0.2780777148
02/08/2022,FEU,Z24,3,0.23152768814
02/08/2022,FEU,Z14,3,0.23152768814
02/08/2022,FEU,Z24,4,0.22796912044
02/08/2022,FEU,Z14,4,0.22796912044
02/08/2022,FEU,Z24,5,0.2385827693
02/08/2022,FEU,Z14,5,0.2385827693
02/08/2022,FEU,Z24,6,0.24266127414
02/08/2022,FEU,Z14,6,0.24266127414
02/08/2022,FEU,Z24,7,0.24781830322
02/08/2022,FEU,Z14,7,0.24781830322
02/08/2022,FEU,Z24,8,0.30237779374
02/08/2022,FEU,Z14,8,0.30237779374
02/08/2022,FEU,Z24,9,0.33918012026
02/08/2022,FEU,Z14,9,0.33918012026
02/09/2022,FEU,Z24,1,0.25008841948
02/09/2022,FEU,Z14,1,0.25008841948
02/09/2022,FEU,Z24,10,0.32113864782
02/09/2022,FEU,Z14,10,0.32113864782
02/09/2022,FEU,Z24,11,0.30204792452
02/09/2022,FEU,Z14,11,0.37142000996
02/09/2022,FEU,Z24,12,0.35072853782
02/09/2022,FEU,Z14,12,0.35072853782
02/09/2022,FEU,Z24,13,0.33892367626
02/09/2022,FEU,Z14,13,0.33892367626
02/09/2022,FEU,Z24,14,0.33278465882
02/09/2022,FEU,Z14,14,0.33278465882
02/09/2022,FEU,Z24,15,0.32662247538
02/09/2022,FEU,Z14,15,0.25740320894
02/09/2022,FEU,Z24,16,0.26367362938
02/09/2022,FEU,Z14,16,0.26367362938
02/09/2022,FEU,Z24,17,0.26725073768
02/09/2022,FEU,Z14,17,0.26725073768
02/09/2022,FEU,Z24,18,0.3024620634
02/09/2022,FEU,Z14,18,0.3024620634
02/09/2022,FEU,Z24,19,0.34113307144
02/09/2022,FEU,Z14,19,0.41090180974
02/09/2022,FEU,Z24,2,0.2441396621
02/09/2022,FEU,Z14,2,0.2441396621
02/09/2022,FEU,Z24,20,0.41842728514
02/09/2022,FEU,Z14,20,0.41842728514
02/09/2022,FEU,Z24,21,0.40195254298
02/09/2022,FEU,Z14,21,0.40195254298
02/09/2022,FEU,Z24,22,0.39775612056
02/09/2022,FEU,Z14,22,0.39775612056
02/09/2022,FEU,Z24,23,0.38071823222
02/09/2022,FEU,Z14,23,0.31131855578
02/09/2022,FEU,Z24,24,0.2861040748
02/09/2022,FEU,Z14,24,0.2861040748
02/09/2022,FEU,Z24,3,0.24403918942
02/09/2022,FEU,Z14,3,0.24403918942
02/09/2022,FEU,Z24,4,0.24297907486
02/09/2022,FEU,Z14,4,0.24297907486
02/09/2022,FEU,Z24,5,0.24174683986
02/09/2022,FEU,Z14,5,0.24174683986
02/09/2022,FEU,Z24,6,0.24088677342
02/09/2022,FEU,Z14,6,0.24088677342
02/09/2022,FEU,Z24,7,0.25855700722
02/09/2022,FEU,Z14,7,0.25855700722
02/09/2022,FEU,Z24,8,0.29830863544
02/09/2022,FEU,Z14,8,0.29830863544
02/09/2022,FEU,Z24,9,0.33622438996
02/09/2022,FEU,Z14,9,0.33622438996
02/10/2022,FEU,Z24,1,0.26385398734
02/10/2022,FEU,Z14,1,0.26385398734
02/10/2022,FEU,Z24,10,0.31213329122
02/10/2022,FEU,Z14,10,0.31213329122
02/10/2022,FEU,Z24,11,0.29443599992
02/10/2022,FEU,Z14,11,0.36400130122
02/10/2022,FEU,Z24,12,0.35256393708
02/10/2022,FEU,Z14,12,0.35256393708
02/10/2022,FEU,Z24,13,0.33793550438
02/10/2022,FEU,Z14,13,0.33793550438
02/10/2022,FEU,Z24,14,0.32132691108
02/10/2022,FEU,Z14,14,0.32132691108
02/10/2022,FEU,Z24,15,0.3175680105
02/10/2022,FEU,Z14,15,0.24838296506
02/10/2022,FEU,Z24,16,0.25796775122
02/10/2022,FEU,Z14,16,0.25796775122
02/10/2022,FEU,Z24,17,0.27366643038
02/10/2022,FEU,Z14,17,0.27366643038
02/10/2022,FEU,Z24,18,0.29771201582
02/10/2022,FEU,Z14,18,0.29771201582
02/10/2022,FEU,Z24,19,0.32789498558
02/10/2022,FEU,Z14,19,0.39760854288
02/10/2022,FEU,Z24,2,0.25057067896
02/10/2022,FEU,Z14,2,0.25057067896
02/10/2022,FEU,Z24,20,0.40674166856
02/10/2022,FEU,Z14,20,0.40674166856
02/10/2022,FEU,Z24,21,0.38963407426
02/10/2022,FEU,Z14,21,0.38963407426
02/10/2022,FEU,Z24,22,0.37985239126
02/10/2022,FEU,Z14,22,0.37985239126
02/10/2022,FEU,Z24,23,0.35655465136
02/10/2022,FEU,Z14,23,0.28702011006
02/10/2022,FEU,Z24,24,0.27243410666
02/10/2022,FEU,Z14,24,0.27243410666
02/10/2022,FEU,Z24,3,0.24374863842
02/10/2022,FEU,Z14,3,0.24374863842
02/10/2022,FEU,Z24,4,0.22871642386
02/10/2022,FEU,Z14,4,0.22871642386
02/10/2022,FEU,Z24,5,0.231659575
02/10/2022,FEU,Z14,5,0.231659575
02/10/2022,FEU,Z24,6,0.2297654664
02/10/2022,FEU,Z14,6,0.2297654664
02/10/2022,FEU,Z24,7,0.2605374092
02/10/2022,FEU,Z14,7,0.2605374092
02/10/2022,FEU,Z24,8,0.29128968742
02/10/2022,FEU,Z14,8,0.29128968742
02/10/2022,FEU,Z24,9,0.32441251308
02/10/2022,FEU,Z14,9,0.32441251308
02/11/2022,FEU,Z24,1,0.25429828962
02/11/2022,FEU,Z14,1,0.25429828962
02/11/2022,FEU,Z24,10,0.3065066891
02/11/2022,FEU,Z14,10,0.3065066891
02/11/2022,FEU,Z24,11,0.28584499622
02/11/2022,FEU,Z14,11,0.35515976866
02/11/2022,FEU,Z24,12,0.33556815966
02/11/2022,FEU,Z14,12,0.33556815966
02/11/2022,FEU,Z24,13,0.3167303791
02/11/2022,FEU,Z14,13,0.3167303791
02/11/2022,FEU,Z24,14,0.31576160866
02/11/2022,FEU,Z14,14,0.31576160866
02/11/2022,FEU,Z24,15,0.31494659536
02/11/2022,FEU,Z14,15,0.24577104392
02/11/2022,FEU,Z24,16,0.24402274736
02/11/2022,FEU,Z14,16,0.24402274736
02/11/2022,FEU,Z24,17,0.25093153638
02/11/2022,FEU,Z14,17,0.25093153638
02/11/2022,FEU,Z24,18,0.28792068654
02/11/2022,FEU,Z14,18,0.28792068654
02/11/2022,FEU,Z24,19,0.31508636516
02/11/2022,FEU,Z14,19,0.38474865146
02/11/2022,FEU,Z24,2,0.23371070524
02/11/2022,FEU,Z14,2,0.23371070524
02/11/2022,FEU,Z24,20,0.40075275358
02/11/2022,FEU,Z14,20,0.40075275358
02/11/2022,FEU,Z24,21,0.375359032
02/11/2022,FEU,Z14,21,0.375359032
02/11/2022,FEU,Z24,22,0.36879947614
02/11/2022,FEU,Z14,22,0.36879947614
02/11/2022,FEU,Z24,23,0.35209947722
02/11/2022,FEU,Z14,23,0.28279706078
02/11/2022,FEU,Z24,24,0.27420682022
02/11/2022,FEU,Z14,24,0.27420682022
02/11/2022,FEU,Z24,3,0.23208087328
02/11/2022,FEU,Z14,3,0.23208087328
02/11/2022,FEU,Z24,4,0.22296004072
02/11/2022,FEU,Z14,4,0.22296004072
02/11/2022,FEU,Z24,5,0.21989712244
02/11/2022,FEU,Z14,5,0.21989712244
02/11/2022,FEU,Z24,6,0.22594578984
02/11/2022,FEU,Z14,6,0.22594578984
02/11/2022,FEU,Z24,7,0.25347399664
02/11/2022,FEU,Z14,7,0.25347399664
02/11/2022,FEU,Z24,8,0.2771929563
02/11/2022,FEU,Z14,8,0.2771929563
02/11/2022,FEU,Z24,9,0.31325973824
02/11/2022,FEU,Z14,9,0.31325973824
02/12/2022,FEU,Z24,1,0.2712514492
02/12/2022,FEU,Z14,1,0.2712514492
02/12/2022,FEU,Z24,10,0.26580964858
02/12/2022,FEU,Z14,10,0.26580964858
02/12/2022,FEU,Z24,11,0.25358902126
02/12/2022,FEU,Z14,11,0.25358902126
02/12/2022,FEU,Z24,12,0.2313314334
02/12/2022,FEU,Z14,12,0.2313314334
02/12/2022,FEU,Z24,13,0.2265837877
02/12/2022,FEU,Z14,13,0.2265837877
02/12/2022,FEU,Z24,14,0.21533526898
02/12/2022,FEU,Z14,14,0.21533526898
02/12/2022,FEU,Z24,15,0.21250562884
02/12/2022,FEU,Z14,15,0.21250562884
02/12/2022,FEU,Z24,16,0.21230571144
02/12/2022,FEU,Z14,16,0.21230571144
02/12/2022,FEU,Z24,17,0.22032548018
02/12/2022,FEU,Z14,17,0.22032548018
02/12/2022,FEU,Z24,18,0.24978026548
02/12/2022,FEU,Z14,18,0.24978026548
02/12/2022,FEU,Z24,19,0.27187925506
02/12/2022,FEU,Z14,19,0.27187925506
02/12/2022,FEU,Z24,2,0.27368902182
02/12/2022,FEU,Z14,2,0.27368902182
02/12/2022,FEU,Z24,20,0.29288350118
02/12/2022,FEU,Z14,20,0.29288350118
02/12/2022,FEU,Z24,21,0.2778217206
02/12/2022,FEU,Z14,21,0.2778217206
02/12/2022,FEU,Z24,22,0.27158214574
02/12/2022,FEU,Z14,22,0.27158214574
02/12/2022,FEU,Z24,23,0.25845691258
02/12/2022,FEU,Z14,23,0.25845691258
02/12/2022,FEU,Z24,24,0.24586671574
02/12/2022,FEU,Z14,24,0.24586671574
02/12/2022,FEU,Z24,3,0.27039581672
02/12/2022,FEU,Z14,3,0.27039581672
02/12/2022,FEU,Z24,4,0.26851897446
02/12/2022,FEU,Z14,4,0.26851897446
02/12/2022,FEU,Z24,5,0.26500279104
02/12/2022,FEU,Z14,5,0.26500279104
02/12/2022,FEU,Z24,6,0.25613697474
02/12/2022,FEU,Z14,6,0.25613697474
02/12/2022,FEU,Z24,7,0.26054436586
02/12/2022,FEU,Z14,7,0.26054436586
02/12/2022,FEU,Z24,8,0.26856436696
02/12/2022,FEU,Z14,8,0.26856436696
02/12/2022,FEU,Z24,9,0.27024325878
02/12/2022,FEU,Z14,9,0.27024325878
02/13/2022,FEU,Z24,1,0.27830103776
02/13/2022,FEU,Z14,1,0.27830103776
02/13/2022,FEU,Z24,10,0.22049772618
02/13/2022,FEU,Z14,10,0.22049772618
02/13/2022,FEU,Z24,11,0.20945776714
02/13/2022,FEU,Z14,11,0.20945776714
02/13/2022,FEU,Z24,12,0.19263570028
02/13/2022,FEU,Z14,12,0.19263570028
02/13/2022,FEU,Z24,13,0.19332224344
02/13/2022,FEU,Z14,13,0.19332224344
02/13/2022,FEU,Z24,14,0.15717567986
02/13/2022,FEU,Z14,14,0.15717567986
02/13/2022,FEU,Z24,15,0.09929520058
02/13/2022,FEU,Z14,15,0.09929520058
02/13/2022,FEU,Z24,16,0.12688081218
02/13/2022,FEU,Z14,16,0.12688081218
02/13/2022,FEU,Z24,17,0.14637904178
02/13/2022,FEU,Z14,17,0.14637904178
02/13/2022,FEU,Z24,18,0.17069941236
02/13/2022,FEU,Z14,18,0.17069941236
02/13/2022,FEU,Z24,19,0.21818369608
02/13/2022,FEU,Z14,19,0.21818369608
02/13/2022,FEU,Z24,2,0.27795947724
02/13/2022,FEU,Z14,2,0.27795947724
02/13/2022,FEU,Z24,20,0.2351011999
02/13/2022,FEU,Z14,20,0.2351011999
02/13/2022,FEU,Z24,21,0.2598871006
02/13/2022,FEU,Z14,21,0.2598871006
02/13/2022,FEU,Z24,22,0.25974966274
02/13/2022,FEU,Z14,22,0.25974966274
02/13/2022,FEU,Z24,23,0.21969634372
02/13/2022,FEU,Z14,23,0.21969634372
02/13/2022,FEU,Z24,24,0.2195941006
02/13/2022,FEU,Z14,24,0.2195941006
02/13/2022,FEU,Z24,3,0.27713616928
02/13/2022,FEU,Z14,3,0.27713616928
02/13/2022,FEU,Z24,4,0.2518211236
02/13/2022,FEU,Z14,4,0.2518211236
02/13/2022,FEU,Z24,5,0.23238421562
02/13/2022,FEU,Z14,5,0.23238421562
02/13/2022,FEU,Z24,6,0.23253577018
02/13/2022,FEU,Z14,6,0.23253577018
02/13/2022,FEU,Z24,7,0.23253944388
02/13/2022,FEU,Z14,7,0.23253944388
02/13/2022,FEU,Z24,8,0.25318325556
02/13/2022,FEU,Z14,8,0.25318325556
02/13/2022,FEU,Z24,9,0.2267249271
02/13/2022,FEU,Z14,9,0.2267249271
02/14/2022,FEU,Z24,1,0.2077114092
02/14/2022,FEU,Z14,1,0.2077114092
02/14/2022,FEU,Z24,10,0.31208217396
02/14/2022,FEU,Z14,10,0.31208217396
02/14/2022,FEU,Z24,11,0.29950876224
02/14/2022,FEU,Z14,11,0.36887317768
02/14/2022,FEU,Z24,12,0.3479890434
02/14/2022,FEU,Z14,12,0.3479890434
02/14/2022,FEU,Z24,13,0.3141493727
02/14/2022,FEU,Z14,13,0.3141493727
02/14/2022,FEU,Z24,14,0.30537216912
02/14/2022,FEU,Z14,14,0.30537216912
02/14/2022,FEU,Z24,15,0.30129592282
02/14/2022,FEU,Z14,15,0.23199196652
02/14/2022,FEU,Z24,16,0.22845760754
02/14/2022,FEU,Z14,16,0.22845760754
02/14/2022,FEU,Z24,17,0.23875449698
02/14/2022,FEU,Z14,17,0.23875449698
02/14/2022,FEU,Z24,18,0.27546155084
02/14/2022,FEU,Z14,18,0.27546155084
02/14/2022,FEU,Z24,19,0.31015261916
02/14/2022,FEU,Z14,19,0.37979323946
02/14/2022,FEU,Z24,2,0.20702956582
02/14/2022,FEU,Z14,2,0.20702956582
02/14/2022,FEU,Z24,20,0.409202632
02/14/2022,FEU,Z14,20,0.409202632
02/14/2022,FEU,Z24,21,0.38380478056
02/14/2022,FEU,Z14,21,0.38380478056
02/14/2022,FEU,Z24,22,0.37659170456
02/14/2022,FEU,Z14,22,0.37659170456
02/14/2022,FEU,Z24,23,0.35865184108
02/14/2022,FEU,Z14,23,0.28932667964
02/14/2022,FEU,Z24,24,0.27285016038
02/14/2022,FEU,Z14,24,0.27285016038
02/14/2022,FEU,Z24,3,0.20027994286
02/14/2022,FEU,Z14,3,0.20027994286
02/14/2022,FEU,Z24,4,0.16061352202
02/14/2022,FEU,Z14,4,0.16061352202
02/14/2022,FEU,Z24,5,0.15766680774
02/14/2022,FEU,Z14,5,0.15766680774
02/14/2022,FEU,Z24,6,0.20759012128
02/14/2022,FEU,Z14,6,0.20759012128
02/14/2022,FEU,Z24,7,0.22746041548
02/14/2022,FEU,Z14,7,0.22746041548
02/14/2022,FEU,Z24,8,0.275684032
02/14/2022,FEU,Z14,8,0.275684032
02/14/2022,FEU,Z24,9,0.30703057938
02/14/2022,FEU,Z14,9,0.30703057938
02/15/2022,FEU,Z24,1,0.25672649434
02/15/2022,FEU,Z14,1,0.25672649434
02/15/2022,FEU,Z24,10,0.32737115312
02/15/2022,FEU,Z14,10,0.32737115312
02/15/2022,FEU,Z24,11,0.30354294968
02/15/2022,FEU,Z14,11,0.37315113698
02/15/2022,FEU,Z24,12,0.35158418884
02/15/2022,FEU,Z14,12,0.35158418884
02/15/2022,FEU,Z24,13,0.32976243414
02/15/2022,FEU,Z14,13,0.32976243414
02/15/2022,FEU,Z24,14,0.3045284277
02/15/2022,FEU,Z14,14,0.3045284277
02/15/2022,FEU,Z24,15,0.30362839126
02/15/2022,FEU,Z14,15,0.23448171282
02/15/2022,FEU,Z24,16,0.23509724112
02/15/2022,FEU,Z14,16,0.23509724112
02/15/2022,FEU,Z24,17,0.24010012428
02/15/2022,FEU,Z14,17,0.24010012428
02/15/2022,FEU,Z24,18,0.26847392642
02/15/2022,FEU,Z14,18,0.26847392642
02/15/2022,FEU,Z24,19,0.31380090918
02/15/2022,FEU,Z14,19,0.38345971948
02/15/2022,FEU,Z24,2,0.24954232696
02/15/2022,FEU,Z14,2,0.24954232696
02/15/2022,FEU,Z24,20,0.39636609572
02/15/2022,FEU,Z14,20,0.39636609572
02/15/2022,FEU,Z24,21,0.4062790927
02/15/2022,FEU,Z14,21,0.4062790927
02/15/2022,FEU,Z24,22,0.39478166856
02/15/2022,FEU,Z14,22,0.39478166856
02/15/2022,FEU,Z24,23,0.37522529564
02/15/2022,FEU,Z14,23,0.3058455662
02/15/2022,FEU,Z24,24,0.2486437948
02/15/2022,FEU,Z14,24,0.2486437948
02/15/2022,FEU,Z24,3,0.24112750214
02/15/2022,FEU,Z14,3,0.24112750214
02/15/2022,FEU,Z24,4,0.23495766244
02/15/2022,FEU,Z14,4,0.23495766244
02/15/2022,FEU,Z24,5,0.2254592343
02/15/2022,FEU,Z14,5,0.2254592343
02/15/2022,FEU,Z24,6,0.23015878414
02/15/2022,FEU,Z14,6,0.23015878414
02/15/2022,FEU,Z24,7,0.26573127622
02/15/2022,FEU,Z14,7,0.26573127622
02/15/2022,FEU,Z24,8,0.29542967074
02/15/2022,FEU,Z14,8,0.29542967074
02/15/2022,FEU,Z24,9,0.34023177326
02/15/2022,FEU,Z14,9,0.34023177326
02/16/2022,FEU,Z24,1,0.22252629748
02/16/2022,FEU,Z14,1,0.22252629748
02/16/2022,FEU,Z24,10,0.29666389482
02/16/2022,FEU,Z14,10,0.29666389482
02/16/2022,FEU,Z24,11,0.24853996652
02/16/2022,FEU,Z14,11,0.31773097596
02/16/2022,FEU,Z24,12,0.30391088382
02/16/2022,FEU,Z14,12,0.30391088382
02/16/2022,FEU,Z24,13,0.30810178726
02/16/2022,FEU,Z14,13,0.30810178726
02/16/2022,FEU,Z24,14,0.29627135182
02/16/2022,FEU,Z14,14,0.29627135182
02/16/2022,FEU,Z24,15,0.28153597938
02/16/2022,FEU,Z14,15,0.21246916094
02/16/2022,FEU,Z24,16,0.20707062838
02/16/2022,FEU,Z14,16,0.20707062838
02/16/2022,FEU,Z24,17,0.20698230968
02/16/2022,FEU,Z14,17,0.20698230968
02/16/2022,FEU,Z24,18,0.2359434434
02/16/2022,FEU,Z14,18,0.2359434434
02/16/2022,FEU,Z24,19,0.29590601544
02/16/2022,FEU,Z14,19,0.36548814274
02/16/2022,FEU,Z24,2,0.2158297571
02/16/2022,FEU,Z14,2,0.2158297571
02/16/2022,FEU,Z24,20,0.37983986814
02/16/2022,FEU,Z14,20,0.37983986814
02/16/2022,FEU,Z24,21,0.39208166098
02/16/2022,FEU,Z14,21,0.39208166098
02/16/2022,FEU,Z24,22,0.38024668056
02/16/2022,FEU,Z14,22,0.38024668056
02/16/2022,FEU,Z24,23,0.35757252722
02/16/2022,FEU,Z14,23,0.28825151078
02/16/2022,FEU,Z24,24,0.2471463748
02/16/2022,FEU,Z14,24,0.2471463748
02/16/2022,FEU,Z24,3,0.21341536342
02/16/2022,FEU,Z14,3,0.21341536342
02/16/2022,FEU,Z24,4,0.20581811986
02/16/2022,FEU,Z14,4,0.20581811986
02/16/2022,FEU,Z24,5,0.20320102786
02/16/2022,FEU,Z14,5,0.20320102786
02/16/2022,FEU,Z24,6,0.20645211542
02/16/2022,FEU,Z14,6,0.20645211542
02/16/2022,FEU,Z24,7,0.21601691722
02/16/2022,FEU,Z14,7,0.21601691722
02/16/2022,FEU,Z24,8,0.26929103144
02/16/2022,FEU,Z14,8,0.26929103144
02/16/2022,FEU,Z24,9,0.30104169996
02/16/2022,FEU,Z14,9,0.30104169996
02/17/2022,FEU,Z24,1,0.17651995134
02/17/2022,FEU,Z14,1,0.17651995134
02/17/2022,FEU,Z24,10,0.26761091222
02/17/2022,FEU,Z14,10,0.26761091222
02/17/2022,FEU,Z24,11,0.23986885192
02/17/2022,FEU,Z14,11,0.30920135822
02/17/2022,FEU,Z24,12,0.29147639108
02/17/2022,FEU,Z14,12,0.29147639108
02/17/2022,FEU,Z24,13,0.28091135538
02/17/2022,FEU,Z14,13,0.28091135538
02/17/2022,FEU,Z24,14,0.26630135308
02/17/2022,FEU,Z14,14,0.26630135308
02/17/2022,FEU,Z24,15,0.2718205605
02/17/2022,FEU,Z14,15,0.20279125106
02/17/2022,FEU,Z24,16,0.19534075822
02/17/2022,FEU,Z14,16,0.19534075822
02/17/2022,FEU,Z24,17,0.22597378538
02/17/2022,FEU,Z14,17,0.22597378538
02/17/2022,FEU,Z24,18,0.23267391182
02/17/2022,FEU,Z14,18,0.23267391182
02/17/2022,FEU,Z24,19,0.29439384158
02/17/2022,FEU,Z14,19,0.36396815888
02/17/2022,FEU,Z24,2,0.17575807096
02/17/2022,FEU,Z14,2,0.17575807096
02/17/2022,FEU,Z24,20,0.39588557656
02/17/2022,FEU,Z14,20,0.39588557656
02/17/2022,FEU,Z24,21,0.42982556026
02/17/2022,FEU,Z14,21,0.42982556026
02/17/2022,FEU,Z24,22,0.39345480226
02/17/2022,FEU,Z14,22,0.39345480226
02/17/2022,FEU,Z24,23,0.35710384336
02/17/2022,FEU,Z14,23,0.28756696706
02/17/2022,FEU,Z24,24,0.27428000966
02/17/2022,FEU,Z14,24,0.27428000966
02/17/2022,FEU,Z24,3,0.14906517542
02/17/2022,FEU,Z14,3,0.14906517542
02/17/2022,FEU,Z24,4,0.14359838386
02/17/2022,FEU,Z14,4,0.14359838386
02/17/2022,FEU,Z24,5,0.143588325
02/17/2022,FEU,Z14,5,0.143588325
02/17/2022,FEU,Z24,6,0.1574424664
02/17/2022,FEU,Z14,6,0.1574424664
02/17/2022,FEU,Z24,7,0.1865200092
02/17/2022,FEU,Z14,7,0.1865200092
02/17/2022,FEU,Z24,8,0.21647958142
02/17/2022,FEU,Z14,8,0.21647958142
02/17/2022,FEU,Z24,9,0.27264059108
02/17/2022,FEU,Z14,9,0.27264059108
02/18/2022,FEU,Z24,1,0.26268707062
02/18/2022,FEU,Z14,1,0.26268707062
02/18/2022,FEU,Z24,10,0.2892424241
02/18/2022,FEU,Z14,10,0.2892424241
02/18/2022,FEU,Z24,11,0.28264237922
02/18/2022,FEU,Z14,11,0.35194626766
02/18/2022,FEU,Z24,12,0.34517205166
02/18/2022,FEU,Z14,12,0.34517205166
02/18/2022,FEU,Z24,13,0.3325501291
02/18/2022,FEU,Z14,13,0.3325501291
02/18/2022,FEU,Z24,14,0.32371091966
02/18/2022,FEU,Z14,14,0.32371091966
02/18/2022,FEU,Z24,15,0.29930697136
02/18/2022,FEU,Z14,15,0.23018344392
02/18/2022,FEU,Z24,16,0.22410836336
02/18/2022,FEU,Z14,16,0.22410836336
02/18/2022,FEU,Z24,17,0.22620210438
02/18/2022,FEU,Z14,17,0.22620210438
02/18/2022,FEU,Z24,18,0.23038973254
02/18/2022,FEU,Z14,18,0.23038973254
02/18/2022,FEU,Z24,19,0.27222150716
02/18/2022,FEU,Z14,19,0.34170607846
02/18/2022,FEU,Z24,2,0.25879175524
02/18/2022,FEU,Z14,2,0.25879175524
02/18/2022,FEU,Z24,20,0.35208298258
02/18/2022,FEU,Z14,20,0.35208298258
02/18/2022,FEU,Z24,21,0.341369032
02/18/2022,FEU,Z14,21,0.341369032
02/18/2022,FEU,Z24,22,0.32477219614
02/18/2022,FEU,Z14,22,0.32477219614
02/18/2022,FEU,Z24,23,0.29395450022
02/18/2022,FEU,Z14,23,0.22484968778
02/18/2022,FEU,Z24,24,0.21730357822
02/18/2022,FEU,Z14,24,0.21730357822
02/18/2022,FEU,Z24,3,0.24999591328
02/18/2022,FEU,Z14,3,0.24999591328
02/18/2022,FEU,Z24,4,0.23828952872
02/18/2022,FEU,Z14,4,0.23828952872
02/18/2022,FEU,Z24,5,0.23057869444
02/18/2022,FEU,Z14,5,0.23057869444
02/18/2022,FEU,Z24,6,0.22951980184
02/18/2022,FEU,Z14,6,0.22951980184
02/18/2022,FEU,Z24,7,0.25589751664
02/18/2022,FEU,Z14,7,0.25589751664
02/18/2022,FEU,Z24,8,0.2649597963
02/18/2022,FEU,Z14,8,0.2649597963
02/18/2022,FEU,Z24,9,0.29513388224
02/18/2022,FEU,Z14,9,0.29513388224
02/19/2022,FEU,Z24,1,0.1770320692
02/19/2022,FEU,Z14,1,0.1770320692
02/19/2022,FEU,Z24,10,0.21768964858
02/19/2022,FEU,Z14,10,0.21768964858
02/19/2022,FEU,Z24,11,0.18146444326
02/19/2022,FEU,Z14,11,0.18146444326
02/19/2022,FEU,Z24,12,0.1718802234
02/19/2022,FEU,Z14,12,0.1718802234
02/19/2022,FEU,Z24,13,0.1605122377
02/19/2022,FEU,Z14,13,0.1605122377
02/19/2022,FEU,Z24,14,0.16003256098
02/19/2022,FEU,Z14,14,0.16003256098
02/19/2022,FEU,Z24,15,0.16079348884
02/19/2022,FEU,Z14,15,0.16079348884
02/19/2022,FEU,Z24,16,0.14920888744
02/19/2022,FEU,Z14,16,0.14920888744
02/19/2022,FEU,Z24,17,0.15163329018
02/19/2022,FEU,Z14,17,0.15163329018
02/19/2022,FEU,Z24,18,0.17457241948
02/19/2022,FEU,Z14,18,0.17457241948
02/19/2022,FEU,Z24,19,0.22032375106
02/19/2022,FEU,Z14,19,0.22032375106
02/19/2022,FEU,Z24,2,0.16042559082
02/19/2022,FEU,Z14,2,0.16042559082
02/19/2022,FEU,Z24,20,0.25119875618
02/19/2022,FEU,Z14,20,0.25119875618
02/19/2022,FEU,Z24,21,0.2581180806
02/19/2022,FEU,Z14,21,0.2581180806
02/19/2022,FEU,Z24,22,0.25875465574
02/19/2022,FEU,Z14,22,0.25875465574
02/19/2022,FEU,Z24,23,0.25307108158
02/19/2022,FEU,Z14,23,0.25307108158
02/19/2022,FEU,Z24,24,0.24513043474
02/19/2022,FEU,Z14,24,0.24513043474
02/19/2022,FEU,Z24,3,0.14688726872
02/19/2022,FEU,Z14,3,0.14688726872
02/19/2022,FEU,Z24,4,0.12365151146
02/19/2022,FEU,Z14,4,0.12365151146
02/19/2022,FEU,Z24,5,0.13069773504
02/19/2022,FEU,Z14,5,0.13069773504
02/19/2022,FEU,Z24,6,0.14722340274
02/19/2022,FEU,Z14,6,0.14722340274
02/19/2022,FEU,Z24,7,0.16347427186
02/19/2022,FEU,Z14,7,0.16347427186
02/19/2022,FEU,Z24,8,0.18785480296
02/19/2022,FEU,Z14,8,0.18785480296
02/19/2022,FEU,Z24,9,0.18793658178
02/19/2022,FEU,Z14,9,0.18793658178
02/20/2022,FEU,Z24,1,0.25468510176
02/20/2022,FEU,Z14,1,0.25468510176
02/20/2022,FEU,Z24,10,0.19017879118
02/20/2022,FEU,Z14,10,0.19017879118
02/20/2022,FEU,Z24,11,0.17811350914
02/20/2022,FEU,Z14,11,0.17811350914
02/20/2022,FEU,Z24,12,0.17130291428
02/20/2022,FEU,Z14,12,0.17130291428
02/20/2022,FEU,Z24,13,0.17035473944
02/20/2022,FEU,Z14,13,0.17035473944
02/20/2022,FEU,Z24,14,0.17129463586
02/20/2022,FEU,Z14,14,0.17129463586
02/20/2022,FEU,Z24,15,0.17043701158
02/20/2022,FEU,Z14,15,0.17043701158
02/20/2022,FEU,Z24,16,0.16784018318
02/20/2022,FEU,Z14,16,0.16784018318
02/20/2022,FEU,Z24,17,0.17468782278
02/20/2022,FEU,Z14,17,0.17468782278
02/20/2022,FEU,Z24,18,0.18501296236
02/20/2022,FEU,Z14,18,0.18501296236
02/20/2022,FEU,Z24,19,0.25895084008
02/20/2022,FEU,Z14,19,0.25895084008
02/20/2022,FEU,Z24,2,0.23503848924
02/20/2022,FEU,Z14,2,0.23503848924
02/20/2022,FEU,Z24,20,0.2774342299
02/20/2022,FEU,Z14,20,0.2774342299
02/20/2022,FEU,Z24,21,0.2845287506
02/20/2022,FEU,Z14,21,0.2845287506
02/20/2022,FEU,Z24,22,0.28195294774
02/20/2022,FEU,Z14,22,0.28195294774
02/20/2022,FEU,Z24,23,0.27047363172
02/20/2022,FEU,Z14,23,0.27047363172
02/20/2022,FEU,Z24,24,0.2604521706
02/20/2022,FEU,Z14,24,0.2604521706
02/20/2022,FEU,Z24,3,0.20922375328
02/20/2022,FEU,Z14,3,0.20922375328
02/20/2022,FEU,Z24,4,0.2006789836
02/20/2022,FEU,Z14,4,0.2006789836
02/20/2022,FEU,Z24,5,0.20197621562
02/20/2022,FEU,Z14,5,0.20197621562
02/20/2022,FEU,Z24,6,0.20758394218
02/20/2022,FEU,Z14,6,0.20758394218
02/20/2022,FEU,Z24,7,0.22290945388
02/20/2022,FEU,Z14,7,0.22290945388
02/20/2022,FEU,Z24,8,0.23400606956
02/20/2022,FEU,Z14,8,0.23400606956
02/20/2022,FEU,Z24,9,0.2045949621
02/20/2022,FEU,Z14,9,0.2045949621
02/21/2022,FEU,Z24,1,0.2601409092
02/21/2022,FEU,Z14,1,0.2601409092
02/21/2022,FEU,Z24,10,0.30041549196
02/21/2022,FEU,Z14,10,0.30041549196
02/21/2022,FEU,Z24,11,0.27641721024
02/21/2022,FEU,Z14,11,0.34570480168
02/21/2022,FEU,Z24,12,0.3138598434
02/21/2022,FEU,Z14,12,0.3138598434
02/21/2022,FEU,Z24,13,0.3046981177
02/21/2022,FEU,Z14,13,0.3046981177
02/21/2022,FEU,Z24,14,0.28772818512
02/21/2022,FEU,Z14,14,0.28772818512
02/21/2022,FEU,Z24,15,0.28060532582
02/21/2022,FEU,Z14,15,0.21138734252
02/21/2022,FEU,Z24,16,0.19399563154
02/21/2022,FEU,Z14,16,0.19399563154
02/21/2022,FEU,Z24,17,0.21456761498
02/21/2022,FEU,Z14,17,0.21456761498
02/21/2022,FEU,Z24,18,0.23928932084
02/21/2022,FEU,Z14,18,0.23928932084
02/21/2022,FEU,Z24,19,0.30549987116
02/21/2022,FEU,Z14,19,0.37512120146
02/21/2022,FEU,Z24,2,0.22572805782
02/21/2022,FEU,Z14,2,0.22572805782
02/21/2022,FEU,Z24,20,0.383264632
02/21/2022,FEU,Z14,20,0.383264632
02/21/2022,FEU,Z24,21,0.39244946856
02/21/2022,FEU,Z14,21,0.39244946856
02/21/2022,FEU,Z24,22,0.38131590456
02/21/2022,FEU,Z14,22,0.38131590456
02/21/2022,FEU,Z24,23,0.36705922708
02/21/2022,FEU,Z14,23,0.29770551764
02/21/2022,FEU,Z24,24,0.26638861438
02/21/2022,FEU,Z14,24,0.26638861438
02/21/2022,FEU,Z24,3,0.22161699886
02/21/2022,FEU,Z14,3,0.22161699886
02/21/2022,FEU,Z24,4,0.20826387802
02/21/2022,FEU,Z14,4,0.20826387802
02/21/2022,FEU,Z24,5,0.20228702674
02/21/2022,FEU,Z14,5,0.20228702674
02/21/2022,FEU,Z24,6,0.21709239328
02/21/2022,FEU,Z14,6,0.21709239328
02/21/2022,FEU,Z24,7,0.26325865348
02/21/2022,FEU,Z14,7,0.26325865348
02/21/2022,FEU,Z24,8,0.280666432
02/21/2022,FEU,Z14,8,0.280666432
02/21/2022,FEU,Z24,9,0.30721157838
02/21/2022,FEU,Z14,9,0.30721157838
02/22/2022,FEU,Z24,1,0.22931362234
02/22/2022,FEU,Z14,1,0.22931362234
02/22/2022,FEU,Z24,10,0.27964228112
02/22/2022,FEU,Z14,10,0.27964228112
02/22/2022,FEU,Z24,11,0.26884265768
02/22/2022,FEU,Z14,11,0.33830599298
02/22/2022,FEU,Z24,12,0.31846740484
02/22/2022,FEU,Z14,12,0.31846740484
02/22/2022,FEU,Z24,13,0.31558186114
02/22/2022,FEU,Z14,13,0.31558186114
02/22/2022,FEU,Z24,14,0.3016281627
02/22/2022,FEU,Z14,14,0.3016281627
02/22/2022,FEU,Z24,15,0.28332660526
02/22/2022,FEU,Z14,15,0.21424811082
02/22/2022,FEU,Z24,16,0.20936911312
02/22/2022,FEU,Z14,16,0.20936911312
02/22/2022,FEU,Z24,17,0.21453480428
02/22/2022,FEU,Z14,17,0.21453480428
02/22/2022,FEU,Z24,18,0.23520091742
02/22/2022,FEU,Z14,18,0.23520091742
02/22/2022,FEU,Z24,19,0.28887618518
02/22/2022,FEU,Z14,19,0.35843103748
02/22/2022,FEU,Z24,2,0.22470861496
02/22/2022,FEU,Z14,2,0.22470861496
02/22/2022,FEU,Z24,20,0.36809144972
02/22/2022,FEU,Z14,20,0.36809144972
02/22/2022,FEU,Z24,21,0.3740439677
02/22/2022,FEU,Z14,21,0.3740439677
02/22/2022,FEU,Z24,22,0.36244661256
02/22/2022,FEU,Z14,22,0.36244661256
02/22/2022,FEU,Z24,23,0.34172168364
02/22/2022,FEU,Z14,23,0.2724549362
02/22/2022,FEU,Z24,24,0.2508114548
02/22/2022,FEU,Z14,24,0.2508114548
02/22/2022,FEU,Z24,3,0.22170055614
02/22/2022,FEU,Z14,3,0.22170055614
02/22/2022,FEU,Z24,4,0.22006265044
02/22/2022,FEU,Z14,4,0.22006265044
02/22/2022,FEU,Z24,5,0.2141705093
02/22/2022,FEU,Z14,5,0.2141705093
02/22/2022,FEU,Z24,6,0.22124467114
02/22/2022,FEU,Z14,6,0.22124467114
02/22/2022,FEU,Z24,7,0.24940113322
02/22/2022,FEU,Z14,7,0.24940113322
02/22/2022,FEU,Z24,8,0.25781042674
02/22/2022,FEU,Z14,8,0.25781042674
02/22/2022,FEU,Z24,9,0.29308722926
02/22/2022,FEU,Z14,9,0.29308722926
02/23/2022,FEU,Z24,1,0.23121916348
02/23/2022,FEU,Z14,1,0.23121916348
02/23/2022,FEU,Z24,10,0.29596475182
02/23/2022,FEU,Z14,10,0.29596475182
02/23/2022,FEU,Z24,11,0.28399996652
02/23/2022,FEU,Z14,11,0.35331097596
02/23/2022,FEU,Z24,12,0.34118387082
02/23/2022,FEU,Z14,12,0.34118387082
02/23/2022,FEU,Z24,13,0.32868226726
02/23/2022,FEU,Z14,13,0.32868226726
02/23/2022,FEU,Z24,14,0.32076984482
02/23/2022,FEU,Z14,14,0.32076984482
02/23/2022,FEU,Z24,15,0.30752648938
02/23/2022,FEU,Z14,15,0.23837061194
02/23/2022,FEU,Z24,16,0.24221164338
02/23/2022,FEU,Z14,16,0.24221164338
02/23/2022,FEU,Z24,17,0.25574495768
02/23/2022,FEU,Z14,17,0.25574495768
02/23/2022,FEU,Z24,18,0.2867207434
02/23/2022,FEU,Z14,18,0.2867207434
02/23/2022,FEU,Z24,19,0.31855566344
02/23/2022,FEU,Z14,19,0.38823185074
02/23/2022,FEU,Z24,2,0.2281167721
02/23/2022,FEU,Z14,2,0.2281167721
02/23/2022,FEU,Z24,20,0.39400965014
02/23/2022,FEU,Z14,20,0.39400965014
02/23/2022,FEU,Z24,21,0.40087407098
02/23/2022,FEU,Z14,21,0.40087407098
02/23/2022,FEU,Z24,22,0.37688352856
02/23/2022,FEU,Z14,22,0.37688352856
02/23/2022,FEU,Z24,23,0.36085871122
02/23/2022,FEU,Z14,23,0.29152535378
02/23/2022,FEU,Z24,24,0.2871707948
02/23/2022,FEU,Z14,24,0.2871707948
02/23/2022,FEU,Z24,3,0.22403730942
02/23/2022,FEU,Z14,3,0.22403730942
02/23/2022,FEU,Z24,4,0.22034723386
02/23/2022,FEU,Z14,4,0.22034723386
02/23/2022,FEU,Z24,5,0.21971172586
02/23/2022,FEU,Z14,5,0.21971172586
02/23/2022,FEU,Z24,6,0.22680939042
02/23/2022,FEU,Z14,6,0.22680939042
02/23/2022,FEU,Z24,7,0.26051284522
02/23/2022,FEU,Z14,7,0.26051284522
02/23/2022,FEU,Z24,8,0.26743325944
02/23/2022,FEU,Z14,8,0.26743325944
02/23/2022,FEU,Z24,9,0.29829610996
02/23/2022,FEU,Z14,9,0.29829610996
02/24/2022,FEU,Z24,1,0.26948576734
02/24/2022,FEU,Z14,1,0.26948576734
02/24/2022,FEU,Z24,10,0.30015967022
02/24/2022,FEU,Z14,10,0.30015967022
02/24/2022,FEU,Z24,11,0.29138997192
02/24/2022,FEU,Z14,11,0.36094227822
02/24/2022,FEU,Z24,12,0.35892631508
02/24/2022,FEU,Z14,12,0.35892631508
02/24/2022,FEU,Z24,13,0.35862972338
02/24/2022,FEU,Z14,13,0.35862972338
02/24/2022,FEU,Z24,14,0.35460894508
02/24/2022,FEU,Z14,14,0.35460894508
02/24/2022,FEU,Z24,15,0.3556086355
02/24/2022,FEU,Z14,15,0.28629526106
02/24/2022,FEU,Z24,16,0.27048985422
02/24/2022,FEU,Z14,16,0.27048985422
02/24/2022,FEU,Z24,17,0.25255224638
02/24/2022,FEU,Z14,17,0.25255224638
02/24/2022,FEU,Z24,18,0.26693429282
02/24/2022,FEU,Z14,18,0.26693429282
02/24/2022,FEU,Z24,19,0.28641915458
02/24/2022,FEU,Z14,19,0.35596032688
02/24/2022,FEU,Z24,2,0.27056050696
02/24/2022,FEU,Z14,2,0.27056050696
02/24/2022,FEU,Z24,20,0.37321659256
02/24/2022,FEU,Z14,20,0.37321659256
02/24/2022,FEU,Z24,21,0.36635836126
02/24/2022,FEU,Z14,21,0.36635836126
02/24/2022,FEU,Z24,22,0.36003415126
02/24/2022,FEU,Z14,22,0.36003415126
02/24/2022,FEU,Z24,23,0.33839485936
02/24/2022,FEU,Z14,23,0.26893869906
02/24/2022,FEU,Z24,24,0.23573335066
02/24/2022,FEU,Z14,24,0.23573335066
02/24/2022,FEU,Z24,3,0.26704259842
02/24/2022,FEU,Z14,3,0.26704259842
02/24/2022,FEU,Z24,4,0.26472270586
02/24/2022,FEU,Z14,4,0.26472270586
02/24/2022,FEU,Z24,5,0.268689575
02/24/2022,FEU,Z14,5,0.268689575
02/24/2022,FEU,Z24,6,0.2670783064
02/24/2022,FEU,Z14,6,0.2670783064
02/24/2022,FEU,Z24,7,0.2709903692
02/24/2022,FEU,Z14,7,0.2709903692
02/24/2022,FEU,Z24,8,0.27377757742
02/24/2022,FEU,Z14,8,0.27377757742
02/24/2022,FEU,Z24,9,0.31751178908
02/24/2022,FEU,Z14,9,0.31751178908
02/25/2022,FEU,Z24,1,0.30005018762
02/25/2022,FEU,Z14,1,0.30005018762
02/25/2022,FEU,Z24,10,0.3637955141
02/25/2022,FEU,Z14,10,0.3637955141
02/25/2022,FEU,Z24,11,0.35415925322
02/25/2022,FEU,Z14,11,0.42370618966
02/25/2022,FEU,Z24,12,0.40389845766
02/25/2022,FEU,Z14,12,0.40389845766
02/25/2022,FEU,Z24,13,0.4124688991
02/25/2022,FEU,Z14,13,0.4124688991
02/25/2022,FEU,Z24,14,0.39771237966
02/25/2022,FEU,Z14,14,0.39771237966
02/25/2022,FEU,Z24,15,0.39333875536
02/25/2022,FEU,Z14,15,0.32389656392
02/25/2022,FEU,Z24,16,0.31889278736
02/25/2022,FEU,Z14,16,0.31889278736
02/25/2022,FEU,Z24,17,0.32878121738
02/25/2022,FEU,Z14,17,0.32878121738
02/25/2022,FEU,Z24,18,0.35391256454
02/25/2022,FEU,Z14,18,0.35391256454
02/25/2022,FEU,Z24,19,0.37826388116
02/25/2022,FEU,Z14,19,0.44818688646
02/25/2022,FEU,Z24,2,0.26335138524
02/25/2022,FEU,Z14,2,0.26335138524
02/25/2022,FEU,Z24,20,0.47325034558
02/25/2022,FEU,Z14,20,0.47325034558
02/25/2022,FEU,Z24,21,0.461807032
02/25/2022,FEU,Z14,21,0.461807032
02/25/2022,FEU,Z24,22,0.44528008914
02/25/2022,FEU,Z14,22,0.44528008914
02/25/2022,FEU,Z24,23,0.43371265722
02/25/2022,FEU,Z14,23,0.36413288078
02/25/2022,FEU,Z24,24,0.36061156722
02/25/2022,FEU,Z14,24,0.36061156722
02/25/2022,FEU,Z24,3,0.24981869728
02/25/2022,FEU,Z14,3,0.24981869728
02/25/2022,FEU,Z24,4,0.22641806472
02/25/2022,FEU,Z14,4,0.22641806472
02/25/2022,FEU,Z24,5,0.21847132444
02/25/2022,FEU,Z14,5,0.21847132444
02/25/2022,FEU,Z24,6,0.23766551384
02/25/2022,FEU,Z14,6,0.23766551384
02/25/2022,FEU,Z24,7,0.27489766864
02/25/2022,FEU,Z14,7,0.27489766864
02/25/2022,FEU,Z24,8,0.3384949213
02/25/2022,FEU,Z14,8,0.3384949213
02/25/2022,FEU,Z24,9,0.36423804224
02/25/2022,FEU,Z14,9,0.36423804224
02/26/2022,FEU,Z24,1,0.3639958492
02/26/2022,FEU,Z14,1,0.3639958492
02/26/2022,FEU,Z24,10,0.33624289258
02/26/2022,FEU,Z14,10,0.33624289258
02/26/2022,FEU,Z24,11,0.30769734226
02/26/2022,FEU,Z14,11,0.30769734226
02/26/2022,FEU,Z24,12,0.3049912434
02/26/2022,FEU,Z14,12,0.3049912434
02/26/2022,FEU,Z24,13,0.3028929027
02/26/2022,FEU,Z14,13,0.3028929027
02/26/2022,FEU,Z24,14,0.29874863598
02/26/2022,FEU,Z14,14,0.29874863598
02/26/2022,FEU,Z24,15,0.29858228284
02/26/2022,FEU,Z14,15,0.29858228284
02/26/2022,FEU,Z24,16,0.30061911144
02/26/2022,FEU,Z14,16,0.30061911144
02/26/2022,FEU,Z24,17,0.30293199318
02/26/2022,FEU,Z14,17,0.30293199318
02/26/2022,FEU,Z24,18,0.32785528348
02/26/2022,FEU,Z14,18,0.32785528348
02/26/2022,FEU,Z24,19,0.37869477706
02/26/2022,FEU,Z14,19,0.37869477706
02/26/2022,FEU,Z24,2,0.34608815782
02/26/2022,FEU,Z14,2,0.34608815782
02/26/2022,FEU,Z24,20,0.37903682618
02/26/2022,FEU,Z14,20,0.37903682618
02/26/2022,FEU,Z24,21,0.3732459506
02/26/2022,FEU,Z14,21,0.3732459506
02/26/2022,FEU,Z24,22,0.37616910874
02/26/2022,FEU,Z14,22,0.37616910874
02/26/2022,FEU,Z24,23,0.33712228558
02/26/2022,FEU,Z14,23,0.33712228558
02/26/2022,FEU,Z24,24,0.33171296974
02/26/2022,FEU,Z14,24,0.33171296974
02/26/2022,FEU,Z24,3,0.34265624872
02/26/2022,FEU,Z14,3,0.34265624872
02/26/2022,FEU,Z24,4,0.32889439346
02/26/2022,FEU,Z14,4,0.32889439346
02/26/2022,FEU,Z24,5,0.32037483904
02/26/2022,FEU,Z14,5,0.32037483904
02/26/2022,FEU,Z24,6,0.31922798274
02/26/2022,FEU,Z14,6,0.31922798274
02/26/2022,FEU,Z24,7,0.32968588486
02/26/2022,FEU,Z14,7,0.32968588486
02/26/2022,FEU,Z24,8,0.34313966296
02/26/2022,FEU,Z14,8,0.34313966296
02/26/2022,FEU,Z24,9,0.35143333678
02/26/2022,FEU,Z14,9,0.35143333678
02/27/2022,FEU,Z24,1,0.33095383776
02/27/2022,FEU,Z14,1,0.33095383776
02/27/2022,FEU,Z24,10,0.32729024618
02/27/2022,FEU,Z14,10,0.32729024618
02/27/2022,FEU,Z24,11,0.32128729814
02/27/2022,FEU,Z14,11,0.32128729814
02/27/2022,FEU,Z24,12,0.31401706028
02/27/2022,FEU,Z14,12,0.31401706028
02/27/2022,FEU,Z24,13,0.30121870344
02/27/2022,FEU,Z14,13,0.30121870344
02/27/2022,FEU,Z24,14,0.31443942386
02/27/2022,FEU,Z14,14,0.31443942386
02/27/2022,FEU,Z24,15,0.31451550958
02/27/2022,FEU,Z14,15,0.31451550958
02/27/2022,FEU,Z24,16,0.27198593718
02/27/2022,FEU,Z14,16,0.27198593718
02/27/2022,FEU,Z24,17,0.27504842578
02/27/2022,FEU,Z14,17,0.27504842578
02/27/2022,FEU,Z24,18,0.30226147236
02/27/2022,FEU,Z14,18,0.30226147236
02/27/2022,FEU,Z24,19,0.35443520808
02/27/2022,FEU,Z14,19,0.35443520808
02/27/2022,FEU,Z24,2,0.32827089124
02/27/2022,FEU,Z14,2,0.32827089124
02/27/2022,FEU,Z24,20,0.3796181599
02/27/2022,FEU,Z14,20,0.3796181599
02/27/2022,FEU,Z24,21,0.4375792306
02/27/2022,FEU,Z14,21,0.4375792306
02/27/2022,FEU,Z24,22,0.43710996274
02/27/2022,FEU,Z14,22,0.43710996274
02/27/2022,FEU,Z24,23,0.38641494572
02/27/2022,FEU,Z14,23,0.38641494572
02/27/2022,FEU,Z24,24,0.3526081906
02/27/2022,FEU,Z14,24,0.3526081906
02/27/2022,FEU,Z24,3,0.30380592928
02/27/2022,FEU,Z14,3,0.30380592928
02/27/2022,FEU,Z24,4,0.3010959436
02/27/2022,FEU,Z14,4,0.3010959436
02/27/2022,FEU,Z24,5,0.30862213962
02/27/2022,FEU,Z14,5,0.30862213962
02/27/2022,FEU,Z24,6,0.31590640018
02/27/2022,FEU,Z14,6,0.31590640018
02/27/2022,FEU,Z24,7,0.33676851788
02/27/2022,FEU,Z14,7,0.33676851788
02/27/2022,FEU,Z24,8,0.33692442356
02/27/2022,FEU,Z14,8,0.33692442356
02/27/2022,FEU,Z24,9,0.3310169721
02/27/2022,FEU,Z14,9,0.3310169721
02/28/2022,FEU,Z24,1,0.3745110292
02/28/2022,FEU,Z14,1,0.3745110292
02/28/2022,FEU,Z24,10,0.38055706996
02/28/2022,FEU,Z14,10,0.38055706996
02/28/2022,FEU,Z24,11,0.34942857024
02/28/2022,FEU,Z14,11,0.41896282168
02/28/2022,FEU,Z24,12,0.3746652734
02/28/2022,FEU,Z14,12,0.3746652734
02/28/2022,FEU,Z24,13,0.3790068027
02/28/2022,FEU,Z14,13,0.3790068027
02/28/2022,FEU,Z24,14,0.37594810512
02/28/2022,FEU,Z14,14,0.37594810512
02/28/2022,FEU,Z24,15,0.37262512682
02/28/2022,FEU,Z14,15,0.30301952852
02/28/2022,FEU,Z24,16,0.30341930154
02/28/2022,FEU,Z14,16,0.30341930154
02/28/2022,FEU,Z24,17,0.34720177598
02/28/2022,FEU,Z14,17,0.34720177598
02/28/2022,FEU,Z24,18,0.37933358084
02/28/2022,FEU,Z14,18,0.37933358084
02/28/2022,FEU,Z24,19,0.40500451916
02/28/2022,FEU,Z14,19,0.47503838946
02/28/2022,FEU,Z24,2,0.37019976182
02/28/2022,FEU,Z14,2,0.37019976182
02/28/2022,FEU,Z24,20,0.496979032
02/28/2022,FEU,Z14,20,0.496979032
02/28/2022,FEU,Z24,21,0.52762856456
02/28/2022,FEU,Z14,21,0.52762856456
02/28/2022,FEU,Z24,22,0.50197197256
02/28/2022,FEU,Z14,22,0.50197197256
02/28/2022,FEU,Z24,23,0.45789127308
02/28/2022,FEU,Z14,23,0.38822796164
02/28/2022,FEU,Z24,24,0.37711031638
02/28/2022,FEU,Z14,24,0.37711031638
02/28/2022,FEU,Z24,3,0.36932381986
02/28/2022,FEU,Z14,3,0.36932381986
02/28/2022,FEU,Z24,4,0.37090836502
02/28/2022,FEU,Z14,4,0.37090836502
02/28/2022,FEU,Z24,5,0.36608544474
02/28/2022,FEU,Z14,5,0.36608544474
02/28/2022,FEU,Z24,6,0.36794189728
02/28/2022,FEU,Z14,6,0.36794189728
02/28/2022,FEU,Z24,7,0.36532218148
02/28/2022,FEU,Z14,7,0.36532218148
02/28/2022,FEU,Z24,8,0.401678032
02/28/2022,FEU,Z14,8,0.401678032
02/28/2022,FEU,Z24,9,0.40848111038
02/28/2022,FEU,Z14,9,0.40848111038
03/01/2022,FEU,Z24,1,0.34114607602
03/01/2022,FEU,Z14,1,0.34114607602
03/01/2022,FEU,Z24,10,0.38621464076
03/01/2022,FEU,Z14,10,0.38621464076
03/01/2022,FEU,Z24,11,0.3499778776
03/01/2022,FEU,Z14,11,0.41950676104
03/01/2022,FEU,Z24,12,0.37743384732
03/01/2022,FEU,Z14,12,0.37743384732
03/01/2022,FEU,Z24,13,0.37219763746
03/01/2022,FEU,Z14,13,0.37219763746
03/01/2022,FEU,Z24,14,0.36681124174
03/01/2022,FEU,Z14,14,0.36681124174
03/01/2022,FEU,Z24,15,0.36902212076
03/01/2022,FEU,Z14,15,0.29966702332
03/01/2022,FEU,Z24,16,0.29992203362
03/01/2022,FEU,Z14,16,0.29992203362
03/01/2022,FEU,Z24,17,0.30512511578
03/01/2022,FEU,Z14,17,0.30512511578
03/01/2022,FEU,Z24,18,0.34868256794
03/01/2022,FEU,Z14,18,0.34868256794
03/01/2022,FEU,Z24,19,0.37722979938
03/01/2022,FEU,Z14,19,0.44714930968
03/01/2022,FEU,Z24,2,0.3328333892
03/01/2022,FEU,Z14,2,0.3328333892
03/01/2022,FEU,Z24,20,0.48458771482
03/01/2022,FEU,Z14,20,0.48458771482
03/01/2022,FEU,Z24,21,0.48514447538
03/01/2022,FEU,Z14,21,0.48514447538
03/01/2022,FEU,Z24,22,0.46054435196
03/01/2022,FEU,Z14,22,0.46054435196
03/01/2022,FEU,Z24,23,0.4306607234
03/01/2022,FEU,Z14,23,0.3608116841
03/01/2022,FEU,Z24,24,0.35589452112
03/01/2022,FEU,Z14,24,0.35589452112
03/01/2022,FEU,Z24,3,0.31374297208
03/01/2022,FEU,Z14,3,0.31374297208
03/01/2022,FEU,Z24,4,0.29406301952
03/01/2022,FEU,Z14,4,0.29406301952
03/01/2022,FEU,Z24,5,0.29016686966
03/01/2022,FEU,Z14,5,0.29016686966
03/01/2022,FEU,Z24,6,0.29885045178
03/01/2022,FEU,Z14,6,0.29885045178
03/01/2022,FEU,Z24,7,0.3384828713
03/01/2022,FEU,Z14,7,0.3384828713
03/01/2022,FEU,Z24,8,0.36982756912
03/01/2022,FEU,Z14,8,0.36982756912
03/01/2022,FEU,Z24,9,0.39919327424
03/01/2022,FEU,Z14,9,0.39919327424
03/02/2022,FEU,Z24,1,0.3189221063
03/02/2022,FEU,Z14,1,0.3189221063
03/02/2022,FEU,Z24,10,0.3845877419
03/02/2022,FEU,Z14,10,0.3845877419
03/02/2022,FEU,Z24,11,0.35290754402
03/02/2022,FEU,Z14,11,0.4221674776
03/02/2022,FEU,Z24,12,0.40770573988
03/02/2022,FEU,Z14,12,0.40770573988
03/02/2022,FEU,Z24,13,0.39655697674
03/02/2022,FEU,Z14,13,0.39655697674
03/02/2022,FEU,Z24,14,0.37227249416
03/02/2022,FEU,Z14,14,0.37227249416
03/02/2022,FEU,Z24,15,0.35369089218
03/02/2022,FEU,Z14,15,0.28438981374
03/02/2022,FEU,Z24,16,0.28127454062
03/02/2022,FEU,Z14,16,0.28127454062
03/02/2022,FEU,Z24,17,0.28666678778
03/02/2022,FEU,Z14,17,0.28666678778
03/02/2022,FEU,Z24,18,0.30961404494
03/02/2022,FEU,Z14,18,0.30961404494
03/02/2022,FEU,Z24,19,0.3483148548
03/02/2022,FEU,Z14,19,0.41784287424
03/02/2022,FEU,Z24,2,0.31891665376
03/02/2022,FEU,Z14,2,0.31891665376
03/02/2022,FEU,Z24,20,0.44734105024
03/02/2022,FEU,Z14,20,0.44734105024
03/02/2022,FEU,Z24,21,0.46153887652
03/02/2022,FEU,Z14,21,0.46153887652
03/02/2022,FEU,Z24,22,0.4425572341
03/02/2022,FEU,Z14,22,0.4425572341
03/02/2022,FEU,Z24,23,0.42727288168
03/02/2022,FEU,Z14,23,0.35743702638
03/02/2022,FEU,Z24,24,0.3431755334
03/02/2022,FEU,Z14,24,0.3431755334
03/02/2022,FEU,Z24,3,0.3197191921
03/02/2022,FEU,Z14,3,0.3197191921
03/02/2022,FEU,Z24,4,0.30582692464
03/02/2022,FEU,Z14,4,0.30582692464
03/02/2022,FEU,Z24,5,0.30631040464
03/02/2022,FEU,Z14,5,0.30631040464
03/02/2022,FEU,Z24,6,0.32120164762
03/02/2022,FEU,Z14,6,0.32120164762
03/02/2022,FEU,Z24,7,0.33565069544
03/02/2022,FEU,Z14,7,0.33565069544
03/02/2022,FEU,Z24,8,0.36459854284
03/02/2022,FEU,Z14,8,0.36459854284
03/02/2022,FEU,Z24,9,0.40707362456
03/02/2022,FEU,Z14,9,0.40707362456
03/03/2022,FEU,Z24,1,0.41785446316
03/03/2022,FEU,Z14,1,0.41785446316
03/03/2022,FEU,Z24,10,0.46873876434
03/03/2022,FEU,Z14,10,0.46873876434
03/03/2022,FEU,Z24,11,0.4607729576
03/03/2022,FEU,Z14,11,0.53068272904
03/03/2022,FEU,Z24,12,0.5291834219
03/03/2022,FEU,Z14,12,0.5291834219
03/03/2022,FEU,Z24,13,0.52497563704
03/03/2022,FEU,Z14,13,0.52497563704
03/03/2022,FEU,Z24,14,0.5183477176
03/03/2022,FEU,Z14,14,0.5183477176
03/03/2022,FEU,Z24,15,0.49187588662
03/03/2022,FEU,Z14,15,0.42209926418
03/03/2022,FEU,Z24,16,0.41858649248
03/03/2022,FEU,Z14,16,0.41858649248
03/03/2022,FEU,Z24,17,0.4408033105
03/03/2022,FEU,Z14,17,0.4408033105
03/03/2022,FEU,Z24,18,0.45278119394
03/03/2022,FEU,Z14,18,0.45278119394
03/03/2022,FEU,Z24,19,0.46210795482
03/03/2022,FEU,Z14,19,0.53202288826
03/03/2022,FEU,Z24,2,0.41335035748
03/03/2022,FEU,Z14,2,0.41335035748
03/03/2022,FEU,Z24,20,0.54016980754
03/03/2022,FEU,Z14,20,0.54016980754
03/03/2022,FEU,Z24,21,0.54136840168
03/03/2022,FEU,Z14,21,0.54136840168
03/03/2022,FEU,Z24,22,0.5305124334
03/03/2022,FEU,Z14,22,0.5305124334
03/03/2022,FEU,Z24,23,0.50851130298
03/03/2022,FEU,Z14,23,0.43833580568
03/03/2022,FEU,Z24,24,0.36107905256
03/03/2022,FEU,Z14,24,0.36107905256
03/03/2022,FEU,Z24,3,0.4130769785
03/03/2022,FEU,Z14,3,0.4130769785
03/03/2022,FEU,Z24,4,0.40439278594
03/03/2022,FEU,Z14,4,0.40439278594
03/03/2022,FEU,Z24,5,0.40477869194
03/03/2022,FEU,Z14,5,0.40477869194
03/03/2022,FEU,Z24,6,0.42728199664
03/03/2022,FEU,Z14,6,0.42728199664
03/03/2022,FEU,Z24,7,0.46265476602
03/03/2022,FEU,Z14,7,0.46265476602
03/03/2022,FEU,Z24,8,0.48709176112
03/03/2022,FEU,Z14,8,0.48709176112
03/03/2022,FEU,Z24,9,0.51932414168
03/03/2022,FEU,Z14,9,0.51932414168
03/04/2022,FEU,Z24,1,0.44637694774
03/04/2022,FEU,Z14,1,0.44637694774
03/04/2022,FEU,Z24,10,0.48433322434
03/04/2022,FEU,Z14,10,0.48433322434
03/04/2022,FEU,Z24,11,0.47775811818
03/04/2022,FEU,Z14,11,0.54772617262
03/04/2022,FEU,Z24,12,0.50102264876
03/04/2022,FEU,Z14,12,0.50102264876
03/04/2022,FEU,Z24,13,0.51693371062
03/04/2022,FEU,Z14,13,0.51693371062
03/04/2022,FEU,Z24,14,0.47841687562
03/04/2022,FEU,Z14,14,0.47841687562
03/04/2022,FEU,Z24,15,0.48877938736
03/04/2022,FEU,Z14,15,0.41901256792
03/04/2022,FEU,Z24,16,0.4398155948
03/04/2022,FEU,Z14,16,0.4398155948
03/04/2022,FEU,Z24,17,0.4686893441
03/04/2022,FEU,Z14,17,0.4686893441
03/04/2022,FEU,Z24,18,0.5009564434
03/04/2022,FEU,Z14,18,0.5009564434
03/04/2022,FEU,Z24,19,0.51533315256
03/04/2022,FEU,Z14,19,0.58582892286
03/04/2022,FEU,Z24,2,0.36002003892
03/04/2022,FEU,Z14,2,0.36002003892
03/04/2022,FEU,Z24,20,0.60635549572
03/04/2022,FEU,Z14,20,0.60635549572
03/04/2022,FEU,Z24,21,0.59205251242
03/04/2022,FEU,Z14,21,0.59205251242
03/04/2022,FEU,Z24,22,0.582014632
03/04/2022,FEU,Z14,22,0.582014632
03/04/2022,FEU,Z24,23,0.57828307258
03/04/2022,FEU,Z14,23,0.50781958028
03/04/2022,FEU,Z24,24,0.49443839144
03/04/2022,FEU,Z14,24,0.49443839144
03/04/2022,FEU,Z24,3,0.36053469194
03/04/2022,FEU,Z14,3,0.36053469194
03/04/2022,FEU,Z24,4,0.35810237952
03/04/2022,FEU,Z14,4,0.35810237952
03/04/2022,FEU,Z24,5,0.35611393152
03/04/2022,FEU,Z14,5,0.35611393152
03/04/2022,FEU,Z24,6,0.3576714535
03/04/2022,FEU,Z14,6,0.3576714535
03/04/2022,FEU,Z24,7,0.35511834316
03/04/2022,FEU,Z14,7,0.35511834316
03/04/2022,FEU,Z24,8,0.46376661442
03/04/2022,FEU,Z14,8,0.46376661442
03/04/2022,FEU,Z24,9,0.49945959368
03/04/2022,FEU,Z14,9,0.49945959368
03/05/2022,FEU,Z24,1,0.47940287218
03/05/2022,FEU,Z14,1,0.47940287218
03/05/2022,FEU,Z24,10,0.4553239141
03/05/2022,FEU,Z14,10,0.4553239141
03/05/2022,FEU,Z24,11,0.44610707764
03/05/2022,FEU,Z14,11,0.44610707764
03/05/2022,FEU,Z24,12,0.44294901764
03/05/2022,FEU,Z14,12,0.44294901764
03/05/2022,FEU,Z24,13,0.4411747105
03/05/2022,FEU,Z14,13,0.4411747105
03/05/2022,FEU,Z24,14,0.44750409136
03/05/2022,FEU,Z14,14,0.44750409136
03/05/2022,FEU,Z24,15,0.44548356308
03/05/2022,FEU,Z14,15,0.44548356308
03/05/2022,FEU,Z24,16,0.38794652968
03/05/2022,FEU,Z14,16,0.38794652968
03/05/2022,FEU,Z24,17,0.4299273777
03/05/2022,FEU,Z14,17,0.4299273777
03/05/2022,FEU,Z24,18,0.47988062842
03/05/2022,FEU,Z14,18,0.47988062842
03/05/2022,FEU,Z24,19,0.50731780174
03/05/2022,FEU,Z14,19,0.50731780174
03/05/2022,FEU,Z24,2,0.46951389022
03/05/2022,FEU,Z14,2,0.46951389022
03/05/2022,FEU,Z24,20,0.51098603088
03/05/2022,FEU,Z14,20,0.51098603088
03/05/2022,FEU,Z24,21,0.49825967986
03/05/2022,FEU,Z14,21,0.49825967986
03/05/2022,FEU,Z24,22,0.48749232772
03/05/2022,FEU,Z14,22,0.48749232772
03/05/2022,FEU,Z24,23,0.478355632
03/05/2022,FEU,Z14,23,0.478355632
03/05/2022,FEU,Z24,24,0.45883795544
03/05/2022,FEU,Z14,24,0.45883795544
03/05/2022,FEU,Z24,3,0.4660395221
03/05/2022,FEU,Z14,3,0.4660395221
03/05/2022,FEU,Z24,4,0.4457139464
03/05/2022,FEU,Z14,4,0.4457139464
03/05/2022,FEU,Z24,5,0.45632550826
03/05/2022,FEU,Z14,5,0.45632550826
03/05/2022,FEU,Z24,6,0.46485491254
03/05/2022,FEU,Z14,6,0.46485491254
03/05/2022,FEU,Z24,7,0.48450237766
03/05/2022,FEU,Z14,7,0.48450237766
03/05/2022,FEU,Z24,8,0.4878448535
03/05/2022,FEU,Z14,8,0.4878448535
03/05/2022,FEU,Z24,9,0.47036146102
03/05/2022,FEU,Z14,9,0.47036146102
03/06/2022,FEU,Z24,1,0.50103341974
03/06/2022,FEU,Z14,1,0.50103341974
03/06/2022,FEU,Z24,10,0.4963980577
03/06/2022,FEU,Z14,10,0.4963980577
03/06/2022,FEU,Z24,11,0.44001488796
03/06/2022,FEU,Z14,11,0.44001488796
03/06/2022,FEU,Z24,12,0.4338374941
03/06/2022,FEU,Z14,12,0.4338374941
03/06/2022,FEU,Z24,13,0.4384080391
03/06/2022,FEU,Z14,13,0.4384080391
03/06/2022,FEU,Z24,14,0.4230338491
03/06/2022,FEU,Z14,14,0.4230338491
03/06/2022,FEU,Z24,15,0.43765215854
03/06/2022,FEU,Z14,15,0.43765215854
03/06/2022,FEU,Z24,16,0.42955232172
03/06/2022,FEU,Z14,16,0.42955232172
03/06/2022,FEU,Z24,17,0.4319956913
03/06/2022,FEU,Z14,17,0.4319956913
03/06/2022,FEU,Z24,18,0.4860809113
03/06/2022,FEU,Z14,18,0.4860809113
03/06/2022,FEU,Z24,19,0.54706657488
03/06/2022,FEU,Z14,19,0.54706657488
03/06/2022,FEU,Z24,2,0.4691158285
03/06/2022,FEU,Z14,2,0.4691158285
03/06/2022,FEU,Z24,20,0.5681799713
03/06/2022,FEU,Z14,20,0.5681799713
03/06/2022,FEU,Z24,21,0.58536270344
03/06/2022,FEU,Z14,21,0.58536270344
03/06/2022,FEU,Z24,22,0.58585152744
03/06/2022,FEU,Z14,22,0.58585152744
03/06/2022,FEU,Z24,23,0.56867199916
03/06/2022,FEU,Z14,23,0.56867199916
03/06/2022,FEU,Z24,24,0.56509832546
03/06/2022,FEU,Z14,24,0.56509832546
03/06/2022,FEU,Z24,3,0.46546373468
03/06/2022,FEU,Z14,3,0.46546373468
03/06/2022,FEU,Z24,4,0.45581459784
03/06/2022,FEU,Z14,4,0.45581459784
03/06/2022,FEU,Z24,5,0.46323310842
03/06/2022,FEU,Z14,5,0.46323310842
03/06/2022,FEU,Z24,6,0.46693829356
03/06/2022,FEU,Z14,6,0.46693829356
03/06/2022,FEU,Z24,7,0.47426387854
03/06/2022,FEU,Z14,7,0.47426387854
03/06/2022,FEU,Z24,8,0.49402109728
03/06/2022,FEU,Z14,8,0.49402109728
03/06/2022,FEU,Z24,9,0.46741700576
03/06/2022,FEU,Z14,9,0.46741700576
03/07/2022,FEU,Z24,1,0.56641278176
03/07/2022,FEU,Z14,1,0.56641278176
03/07/2022,FEU,Z24,10,0.61219844434
03/07/2022,FEU,Z14,10,0.61219844434
03/07/2022,FEU,Z24,11,0.56980372346
03/07/2022,FEU,Z14,11,0.6400890919
03/07/2022,FEU,Z24,12,0.63873870318
03/07/2022,FEU,Z14,12,0.63873870318
03/07/2022,FEU,Z24,13,0.63888234904
03/07/2022,FEU,Z14,13,0.63888234904
03/07/2022,FEU,Z24,14,0.63458363746
03/07/2022,FEU,Z14,14,0.63458363746
03/07/2022,FEU,Z24,15,0.61090903648
03/07/2022,FEU,Z14,15,0.54072352904
03/07/2022,FEU,Z24,16,0.49298612906
03/07/2022,FEU,Z14,16,0.49298612906
03/07/2022,FEU,Z24,17,0.51413753294
03/07/2022,FEU,Z14,17,0.51413753294
03/07/2022,FEU,Z24,18,0.5777139348
03/07/2022,FEU,Z14,18,0.5777139348
03/07/2022,FEU,Z24,19,0.60451936052
03/07/2022,FEU,Z14,19,0.67491622396
03/07/2022,FEU,Z24,2,0.55353516922
03/07/2022,FEU,Z14,2,0.55353516922
03/07/2022,FEU,Z24,20,0.71077601368
03/07/2022,FEU,Z14,20,0.71077601368
03/07/2022,FEU,Z24,21,0.6781613041
03/07/2022,FEU,Z14,21,0.6781613041
03/07/2022,FEU,Z24,22,0.64917290796
03/07/2022,FEU,Z14,22,0.64917290796
03/07/2022,FEU,Z24,23,0.62401334626
03/07/2022,FEU,Z14,23,0.55379064782
03/07/2022,FEU,Z24,24,0.5035624477
03/07/2022,FEU,Z14,24,0.5035624477
03/07/2022,FEU,Z24,3,0.54815210782
03/07/2022,FEU,Z14,3,0.54815210782
03/07/2022,FEU,Z24,4,0.53161697826
03/07/2022,FEU,Z14,4,0.53161697826
03/07/2022,FEU,Z24,5,0.52691731126
03/07/2022,FEU,Z14,5,0.52691731126
03/07/2022,FEU,Z24,6,0.55249596352
03/07/2022,FEU,Z14,6,0.55249596352
03/07/2022,FEU,Z24,7,0.58856750546
03/07/2022,FEU,Z14,7,0.58856750546
03/07/2022,FEU,Z24,8,0.6166509077
03/07/2022,FEU,Z14,8,0.6166509077
03/07/2022,FEU,Z24,9,0.6440930441
03/07/2022,FEU,Z14,9,0.6440930441
03/08/2022,FEU,Z24,1,0.56815984302
03/08/2022,FEU,Z14,1,0.56815984302
03/08/2022,FEU,Z24,10,0.75551132676
03/08/2022,FEU,Z14,10,0.75551132676
03/08/2022,FEU,Z24,11,0.7282445976
03/08/2022,FEU,Z14,11,0.79907668504
03/08/2022,FEU,Z24,12,0.75551378732
03/08/2022,FEU,Z14,12,0.75551378732
03/08/2022,FEU,Z24,13,0.71621935246
03/08/2022,FEU,Z14,13,0.71621935246
03/08/2022,FEU,Z24,14,0.65036059174
03/08/2022,FEU,Z14,14,0.65036059174
03/08/2022,FEU,Z24,15,0.64190226676
03/08/2022,FEU,Z14,15,0.57160988332
03/08/2022,FEU,Z24,16,0.57391262762
03/08/2022,FEU,Z14,16,0.57391262762
03/08/2022,FEU,Z24,17,0.65284571678
03/08/2022,FEU,Z14,17,0.65284571678
03/08/2022,FEU,Z24,18,0.76835822894
03/08/2022,FEU,Z14,18,0.76835822894
03/08/2022,FEU,Z24,19,0.82356386938
03/08/2022,FEU,Z14,19,0.89536864168
03/08/2022,FEU,Z24,2,0.5763246492
03/08/2022,FEU,Z14,2,0.5763246492
03/08/2022,FEU,Z24,20,0.95401416582
03/08/2022,FEU,Z14,20,0.95401416582
03/08/2022,FEU,Z24,21,0.89525508538
03/08/2022,FEU,Z14,21,0.89525508538
03/08/2022,FEU,Z24,22,0.89141815196
03/08/2022,FEU,Z14,22,0.89141815196
03/08/2022,FEU,Z24,23,0.8945322434
03/08/2022,FEU,Z14,23,0.8227329791
03/08/2022,FEU,Z24,24,0.76660765712
03/08/2022,FEU,Z14,24,0.76660765712
03/08/2022,FEU,Z24,3,0.58829184408
03/08/2022,FEU,Z14,3,0.58829184408
03/08/2022,FEU,Z24,4,0.56162631552
03/08/2022,FEU,Z14,4,0.56162631552
03/08/2022,FEU,Z24,5,0.56704831366
03/08/2022,FEU,Z14,5,0.56704831366
03/08/2022,FEU,Z24,6,0.57987995278
03/08/2022,FEU,Z14,6,0.57987995278
03/08/2022,FEU,Z24,7,0.6968510763
03/08/2022,FEU,Z14,7,0.6968510763
03/08/2022,FEU,Z24,8,0.74424907312
03/08/2022,FEU,Z14,8,0.74424907312
03/08/2022,FEU,Z24,9,0.81667049024
03/08/2022,FEU,Z14,9,0.81667049024
03/09/2022,FEU,Z24,1,0.6411644113
03/09/2022,FEU,Z14,1,0.6411644113
03/09/2022,FEU,Z24,10,0.6365830669
03/09/2022,FEU,Z14,10,0.6365830669
03/09/2022,FEU,Z24,11,0.55669226802
03/09/2022,FEU,Z14,11,0.6264805976
03/09/2022,FEU,Z24,12,0.57656182588
03/09/2022,FEU,Z14,12,0.57656182588
03/09/2022,FEU,Z24,13,0.53322509774
03/09/2022,FEU,Z14,13,0.53322509774
03/09/2022,FEU,Z24,14,0.52884344616
03/09/2022,FEU,Z14,14,0.52884344616
03/09/2022,FEU,Z24,15,0.54543819118
03/09/2022,FEU,Z14,15,0.47547762074
03/09/2022,FEU,Z24,16,0.50858396762
03/09/2022,FEU,Z14,16,0.50858396762
03/09/2022,FEU,Z24,17,0.54826455578
03/09/2022,FEU,Z14,17,0.54826455578
03/09/2022,FEU,Z24,18,0.66009419594
03/09/2022,FEU,Z14,18,0.66009419594
03/09/2022,FEU,Z24,19,0.6961210348
03/09/2022,FEU,Z14,19,0.76682805824
03/09/2022,FEU,Z24,2,0.57789425376
03/09/2022,FEU,Z14,2,0.57789425376
03/09/2022,FEU,Z24,20,0.82792719424
03/09/2022,FEU,Z14,20,0.82792719424
03/09/2022,FEU,Z24,21,0.77868720652
03/09/2022,FEU,Z14,21,0.77868720652
03/09/2022,FEU,Z24,22,0.7693399441
03/09/2022,FEU,Z14,22,0.7693399441
03/09/2022,FEU,Z24,23,0.74268925768
03/09/2022,FEU,Z14,23,0.67152707538
03/09/2022,FEU,Z24,24,0.6189901634
03/09/2022,FEU,Z14,24,0.6189901634
03/09/2022,FEU,Z24,3,0.5658040571
03/09/2022,FEU,Z14,3,0.5658040571
03/09/2022,FEU,Z24,4,0.55537359664
03/09/2022,FEU,Z14,4,0.55537359664
03/09/2022,FEU,Z24,5,0.55523650864
03/09/2022,FEU,Z14,5,0.55523650864
03/09/2022,FEU,Z24,6,0.56704781762
03/09/2022,FEU,Z14,6,0.56704781762
03/09/2022,FEU,Z24,7,0.65832269544
03/09/2022,FEU,Z14,7,0.65832269544
03/09/2022,FEU,Z24,8,0.71411935684
03/09/2022,FEU,Z14,8,0.71411935684
03/09/2022,FEU,Z24,9,0.71006826456
03/09/2022,FEU,Z14,9,0.71006826456
03/10/2022,FEU,Z24,1,0.48567266716
03/10/2022,FEU,Z14,1,0.48567266716
03/10/2022,FEU,Z24,10,0.53945975734
03/10/2022,FEU,Z14,10,0.53945975734
03/10/2022,FEU,Z24,11,0.5121539976
03/10/2022,FEU,Z14,11,0.58224210904
03/10/2022,FEU,Z24,12,0.5305441419
03/10/2022,FEU,Z14,12,0.5305441419
03/10/2022,FEU,Z24,13,0.53364976504
03/10/2022,FEU,Z14,13,0.53364976504
03/10/2022,FEU,Z24,14,0.5149790776
03/10/2022,FEU,Z14,14,0.5149790776
03/10/2022,FEU,Z24,15,0.49078590862
03/10/2022,FEU,Z14,15,0.42101302218
03/10/2022,FEU,Z24,16,0.42176462048
03/10/2022,FEU,Z14,16,0.42176462048
03/10/2022,FEU,Z24,17,0.4245918355
03/10/2022,FEU,Z14,17,0.4245918355
03/10/2022,FEU,Z24,18,0.50384368394
03/10/2022,FEU,Z14,18,0.50384368394
03/10/2022,FEU,Z24,19,0.54226962582
03/10/2022,FEU,Z14,19,0.61245469126
03/10/2022,FEU,Z24,2,0.42392259748
03/10/2022,FEU,Z14,2,0.42392259748
03/10/2022,FEU,Z24,20,0.64277456254
03/10/2022,FEU,Z14,20,0.64277456254
03/10/2022,FEU,Z24,21,0.62786905768
03/10/2022,FEU,Z14,21,0.62786905768
03/10/2022,FEU,Z24,22,0.6042198434
03/10/2022,FEU,Z14,22,0.6042198434
03/10/2022,FEU,Z24,23,0.50822021098
03/10/2022,FEU,Z14,23,0.43804593368
03/10/2022,FEU,Z24,24,0.43496434456
03/10/2022,FEU,Z14,24,0.43496434456
03/10/2022,FEU,Z24,3,0.4365443035
03/10/2022,FEU,Z14,3,0.4365443035
03/10/2022,FEU,Z24,4,0.43662085294
03/10/2022,FEU,Z14,4,0.43662085294
03/10/2022,FEU,Z24,5,0.43660856294
03/10/2022,FEU,Z14,5,0.43660856294
03/10/2022,FEU,Z24,6,0.44395777264
03/10/2022,FEU,Z14,6,0.44395777264
03/10/2022,FEU,Z24,7,0.52545497602
03/10/2022,FEU,Z14,7,0.52545497602
03/10/2022,FEU,Z24,8,0.53998676112
03/10/2022,FEU,Z14,8,0.53998676112
03/10/2022,FEU,Z24,9,0.58228220168
03/10/2022,FEU,Z14,9,0.58228220168
03/11/2022,FEU,Z24,1,0.35444458774
03/11/2022,FEU,Z14,1,0.35444458774
03/11/2022,FEU,Z24,10,0.40594476034
03/11/2022,FEU,Z14,10,0.40594476034
03/11/2022,FEU,Z24,11,0.39299518918
03/11/2022,FEU,Z14,11,0.46267171162
03/11/2022,FEU,Z24,12,0.43259010876
03/11/2022,FEU,Z14,12,0.43259010876
03/11/2022,FEU,Z24,13,0.43773175462
03/11/2022,FEU,Z14,13,0.43773175462
03/11/2022,FEU,Z24,14,0.42974714062
03/11/2022,FEU,Z14,14,0.42974714062
03/11/2022,FEU,Z24,15,0.43541250736
03/11/2022,FEU,Z14,15,0.36582603592
03/11/2022,FEU,Z24,16,0.3654814948
03/11/2022,FEU,Z14,16,0.3654814948
03/11/2022,FEU,Z24,17,0.3699788441
03/11/2022,FEU,Z14,17,0.3699788441
03/11/2022,FEU,Z24,18,0.4010690334
03/11/2022,FEU,Z14,18,0.4010690334
03/11/2022,FEU,Z24,19,0.41520881656
03/11/2022,FEU,Z14,19,0.48528720786
03/11/2022,FEU,Z24,2,0.33451323292
03/11/2022,FEU,Z14,2,0.33451323292
03/11/2022,FEU,Z24,20,0.53012345372
03/11/2022,FEU,Z14,20,0.53012345372
03/11/2022,FEU,Z24,21,0.58585444642
03/11/2022,FEU,Z14,21,0.58585444642
03/11/2022,FEU,Z24,22,0.593088232
03/11/2022,FEU,Z14,22,0.593088232
03/11/2022,FEU,Z24,23,0.52356822658
03/11/2022,FEU,Z14,23,0.45333214428
03/11/2022,FEU,Z24,24,0.43723273944
03/11/2022,FEU,Z14,24,0.43723273944
03/11/2022,FEU,Z24,3,0.32178063494
03/11/2022,FEU,Z14,3,0.32178063494
03/11/2022,FEU,Z24,4,0.28151879552
03/11/2022,FEU,Z14,4,0.28151879552
03/11/2022,FEU,Z24,5,0.22348297152
03/11/2022,FEU,Z14,5,0.22348297152
03/11/2022,FEU,Z24,6,0.2441764285
03/11/2022,FEU,Z14,6,0.2441764285
03/11/2022,FEU,Z24,7,0.35434650316
03/11/2022,FEU,Z14,7,0.35434650316
03/11/2022,FEU,Z24,8,0.38449768342
03/11/2022,FEU,Z14,8,0.38449768342
03/11/2022,FEU,Z24,9,0.41480390168
03/11/2022,FEU,Z14,9,0.41480390168
03/12/2022,FEU,Z24,1,0.37060162418
03/12/2022,FEU,Z14,1,0.37060162418
03/12/2022,FEU,Z24,10,0.3042565591
03/12/2022,FEU,Z14,10,0.3042565591
03/12/2022,FEU,Z24,11,0.26740901564
03/12/2022,FEU,Z14,11,0.26740901564
03/12/2022,FEU,Z24,12,0.25932837364
03/12/2022,FEU,Z14,12,0.25932837364
03/12/2022,FEU,Z24,13,0.2531394605
03/12/2022,FEU,Z14,13,0.2531394605
03/12/2022,FEU,Z24,14,0.25306425136
03/12/2022,FEU,Z14,14,0.25306425136
03/12/2022,FEU,Z24,15,0.24869159508
03/12/2022,FEU,Z14,15,0.24869159508
03/12/2022,FEU,Z24,16,0.25212961768
03/12/2022,FEU,Z14,16,0.25212961768
03/12/2022,FEU,Z24,17,0.2649205827
03/12/2022,FEU,Z14,17,0.2649205827
03/12/2022,FEU,Z24,18,0.28061962942
03/12/2022,FEU,Z14,18,0.28061962942
03/12/2022,FEU,Z24,19,0.35957437474
03/12/2022,FEU,Z14,19,0.35957437474
03/12/2022,FEU,Z24,2,0.36589742122
03/12/2022,FEU,Z14,2,0.36589742122
03/12/2022,FEU,Z24,20,0.36605019088
03/12/2022,FEU,Z14,20,0.36605019088
03/12/2022,FEU,Z24,21,0.36755124686
03/12/2022,FEU,Z14,21,0.36755124686
03/12/2022,FEU,Z24,22,0.35607766772
03/12/2022,FEU,Z14,22,0.35607766772
03/12/2022,FEU,Z24,23,0.342482032
03/12/2022,FEU,Z14,23,0.342482032
03/12/2022,FEU,Z24,24,0.33491745944
03/12/2022,FEU,Z14,24,0.33491745944
03/12/2022,FEU,Z24,3,0.3611324471
03/12/2022,FEU,Z14,3,0.3611324471
03/12/2022,FEU,Z24,4,0.3269765064
03/12/2022,FEU,Z14,4,0.3269765064
03/12/2022,FEU,Z24,5,0.32034417426
03/12/2022,FEU,Z14,5,0.32034417426
03/12/2022,FEU,Z24,6,0.33489248554
03/12/2022,FEU,Z14,6,0.33489248554
03/12/2022,FEU,Z24,7,0.33185837766
03/12/2022,FEU,Z14,7,0.33185837766
03/12/2022,FEU,Z24,8,0.3498241035
03/12/2022,FEU,Z14,8,0.3498241035
03/12/2022,FEU,Z24,9,0.33164819302
03/12/2022,FEU,Z14,9,0.33164819302
03/13/2022,FEU,Z24,1,0.28826150974
03/13/2022,FEU,Z14,1,0.28826150974
03/13/2022,FEU,Z24,10,0.3207641277
03/13/2022,FEU,Z14,10,0.3207641277
03/13/2022,FEU,Z24,11,0.28254848196
03/13/2022,FEU,Z14,11,0.28254848196
03/13/2022,FEU,Z24,12,0.2764066891
03/13/2022,FEU,Z14,12,0.2764066891
03/13/2022,FEU,Z24,13,0.2765749591
03/13/2022,FEU,Z14,13,0.2765749591
03/13/2022,FEU,Z24,14,0.3183082891
03/13/2022,FEU,Z14,14,0.3183082891
03/13/2022,FEU,Z24,15,0.28884048554
03/13/2022,FEU,Z14,15,0.28884048554
03/13/2022,FEU,Z24,16,0.29059631372
03/13/2022,FEU,Z14,16,0.29059631372
03/13/2022,FEU,Z24,17,0.2951281763
03/13/2022,FEU,Z14,17,0.2951281763
03/13/2022,FEU,Z24,18,0.3325012513
03/13/2022,FEU,Z14,18,0.3325012513
03/13/2022,FEU,Z24,19,0.36495936688
03/13/2022,FEU,Z14,19,0.36495936688
03/13/2022,FEU,Z24,2,0.2909873535
03/13/2022,FEU,Z14,2,0.2909873535
03/13/2022,FEU,Z24,20,0.4523770613
03/13/2022,FEU,Z14,20,0.4523770613
03/13/2022,FEU,Z24,21,0.48195234744
03/13/2022,FEU,Z14,21,0.48195234744
03/13/2022,FEU,Z24,22,0.43644475944
03/13/2022,FEU,Z14,22,0.43644475944
03/13/2022,FEU,Z24,23,0.40257444316
03/13/2022,FEU,Z14,23,0.40257444316
03/13/2022,FEU,Z24,24,0.38385401046
03/13/2022,FEU,Z14,24,0.38385401046
03/13/2022,FEU,Z24,3,0.28720411468
03/13/2022,FEU,Z14,3,0.28720411468
03/13/2022,FEU,Z24,4,0.26910014984
03/13/2022,FEU,Z14,4,0.26910014984
03/13/2022,FEU,Z24,5,0.25292655842
03/13/2022,FEU,Z14,5,0.25292655842
03/13/2022,FEU,Z24,6,0.28457996356
03/13/2022,FEU,Z14,6,0.28457996356
03/13/2022,FEU,Z24,7,0.29622577354
03/13/2022,FEU,Z14,7,0.29622577354
03/13/2022,FEU,Z24,8,0.29787668128
03/13/2022,FEU,Z14,8,0.29787668128
03/13/2022,FEU,Z24,9,0.28949796576
03/13/2022,FEU,Z14,9,0.28949796576
03/14/2022,FEU,Z24,1,0.36987799776
03/14/2022,FEU,Z14,1,0.36987799776
03/14/2022,FEU,Z24,10,0.38478352234
03/14/2022,FEU,Z14,10,0.38478352234
03/14/2022,FEU,Z24,11,0.37767912146
03/14/2022,FEU,Z14,11,0.4473025619
03/14/2022,FEU,Z24,12,0.43821773218
03/14/2022,FEU,Z14,12,0.43821773218
03/14/2022,FEU,Z24,13,0.41194308904
03/14/2022,FEU,Z14,13,0.41194308904
03/14/2022,FEU,Z24,14,0.36892129546
03/14/2022,FEU,Z14,14,0.36892129546
03/14/2022,FEU,Z24,15,0.36354182048
03/14/2022,FEU,Z14,15,0.29420346104
03/14/2022,FEU,Z24,16,0.29533069706
03/14/2022,FEU,Z14,16,0.29533069706
03/14/2022,FEU,Z24,17,0.29675822894
03/14/2022,FEU,Z14,17,0.29675822894
03/14/2022,FEU,Z24,18,0.2982155948
03/14/2022,FEU,Z14,18,0.2982155948
03/14/2022,FEU,Z24,19,0.30513176252
03/14/2022,FEU,Z14,19,0.37451428396
03/14/2022,FEU,Z24,2,0.36039187222
03/14/2022,FEU,Z14,2,0.36039187222
03/14/2022,FEU,Z24,20,0.42844187368
03/14/2022,FEU,Z14,20,0.42844187368
03/14/2022,FEU,Z24,21,0.4459735891
03/14/2022,FEU,Z14,21,0.4459735891
03/14/2022,FEU,Z24,22,0.44448235396
03/14/2022,FEU,Z14,22,0.44448235396
03/14/2022,FEU,Z24,23,0.40018990726
03/14/2022,FEU,Z14,23,0.33071892482
03/14/2022,FEU,Z24,24,0.3034585027
03/14/2022,FEU,Z14,24,0.3034585027
03/14/2022,FEU,Z24,3,0.30703111982
03/14/2022,FEU,Z14,3,0.30703111982
03/14/2022,FEU,Z24,4,0.29977087626
03/14/2022,FEU,Z14,4,0.29977087626
03/14/2022,FEU,Z24,5,0.29416403826
03/14/2022,FEU,Z14,5,0.29416403826
03/14/2022,FEU,Z24,6,0.30493295552
03/14/2022,FEU,Z14,6,0.30493295552
03/14/2022,FEU,Z24,7,0.35440854546
03/14/2022,FEU,Z14,7,0.35440854546
03/14/2022,FEU,Z24,8,0.3601322077
03/14/2022,FEU,Z14,8,0.3601322077
03/14/2022,FEU,Z24,9,0.3925957541
03/14/2022,FEU,Z14,9,0.3925957541
03/15/2022,FEU,Z24,1,0.27692281302
03/15/2022,FEU,Z14,1,0.27692281302
03/15/2022,FEU,Z24,10,0.34489043476
03/15/2022,FEU,Z14,10,0.34489043476
03/15/2022,FEU,Z24,11,0.3382363576
03/15/2022,FEU,Z14,11,0.40772475304
03/15/2022,FEU,Z24,12,0.40714967332
03/15/2022,FEU,Z14,12,0.40714967332
03/15/2022,FEU,Z24,13,0.39950784046
03/15/2022,FEU,Z14,13,0.39950784046
03/15/2022,FEU,Z24,14,0.39844035174
03/15/2022,FEU,Z14,14,0.39844035174
03/15/2022,FEU,Z24,15,0.39972873076
03/15/2022,FEU,Z14,15,0.33026829332
03/15/2022,FEU,Z24,16,0.33915073862
03/15/2022,FEU,Z14,16,0.33915073862
03/15/2022,FEU,Z24,17,0.34087580978
03/15/2022,FEU,Z14,17,0.34087580978
03/15/2022,FEU,Z24,18,0.34187148494
03/15/2022,FEU,Z14,18,0.34187148494
03/15/2022,FEU,Z24,19,0.37201750138
03/15/2022,FEU,Z14,19,0.44191498168
03/15/2022,FEU,Z24,2,0.2770098492
03/15/2022,FEU,Z14,2,0.2770098492
03/15/2022,FEU,Z24,20,0.46400513482
03/15/2022,FEU,Z14,20,0.46400513482
03/15/2022,FEU,Z24,21,0.47984818438
03/15/2022,FEU,Z14,21,0.47984818438
03/15/2022,FEU,Z24,22,0.47204380796
03/15/2022,FEU,Z14,22,0.47204380796
03/15/2022,FEU,Z24,23,0.4483964834
03/15/2022,FEU,Z14,23,0.3784729241
03/15/2022,FEU,Z24,24,0.35819388912
03/15/2022,FEU,Z14,24,0.35819388912
03/15/2022,FEU,Z24,3,0.27681578408
03/15/2022,FEU,Z14,3,0.27681578408
03/15/2022,FEU,Z24,4,0.27789055552
03/15/2022,FEU,Z14,4,0.27789055552
03/15/2022,FEU,Z24,5,0.27765621666
03/15/2022,FEU,Z14,5,0.27765621666
03/15/2022,FEU,Z24,6,0.27774269478
03/15/2022,FEU,Z14,6,0.27774269478
03/15/2022,FEU,Z24,7,0.2780376613
03/15/2022,FEU,Z14,7,0.2780376613
03/15/2022,FEU,Z24,8,0.30584696912
03/15/2022,FEU,Z14,8,0.30584696912
03/15/2022,FEU,Z24,9,0.34991045824
03/15/2022,FEU,Z14,9,0.34991045824
03/16/2022,FEU,Z24,1,0.3209031263
03/16/2022,FEU,Z14,1,0.3209031263
03/16/2022,FEU,Z24,10,0.3873790819
03/16/2022,FEU,Z14,10,0.3873790819
03/16/2022,FEU,Z24,11,0.36258584902
03/16/2022,FEU,Z14,11,0.4318720376
03/16/2022,FEU,Z24,12,0.41802815188
03/16/2022,FEU,Z14,12,0.41802815188
03/16/2022,FEU,Z24,13,0.42414928974
03/16/2022,FEU,Z14,13,0.42414928974
03/16/2022,FEU,Z24,14,0.42384049816
03/16/2022,FEU,Z14,14,0.42384049816
03/16/2022,FEU,Z24,15,0.43114552918
03/16/2022,FEU,Z14,15,0.36157805474
03/16/2022,FEU,Z24,16,0.36167267162
03/16/2022,FEU,Z14,16,0.36167267162
03/16/2022,FEU,Z24,17,0.35349846278
03/16/2022,FEU,Z14,17,0.35349846278
03/16/2022,FEU,Z24,18,0.36437505794
03/16/2022,FEU,Z14,18,0.36437505794
03/16/2022,FEU,Z24,19,0.3405634348
03/16/2022,FEU,Z14,19,0.41006636224
03/16/2022,FEU,Z24,2,0.32157118176
03/16/2022,FEU,Z14,2,0.32157118176
03/16/2022,FEU,Z24,20,0.42149669824
03/16/2022,FEU,Z14,20,0.42149669824
03/16/2022,FEU,Z24,21,0.43906314652
03/16/2022,FEU,Z14,21,0.43906314652
03/16/2022,FEU,Z24,22,0.4216834591
03/16/2022,FEU,Z14,22,0.4216834591
03/16/2022,FEU,Z24,23,0.40558712968
03/16/2022,FEU,Z14,23,0.33584372738
03/16/2022,FEU,Z24,24,0.2741436334
03/16/2022,FEU,Z14,24,0.2741436334
03/16/2022,FEU,Z24,3,0.3215753971
03/16/2022,FEU,Z14,3,0.3215753971
03/16/2022,FEU,Z24,4,0.30766537264
03/16/2022,FEU,Z14,4,0.30766537264
03/16/2022,FEU,Z24,5,0.30561517264
03/16/2022,FEU,Z14,5,0.30561517264
03/16/2022,FEU,Z24,6,0.32028768062
03/16/2022,FEU,Z14,6,0.32028768062
03/16/2022,FEU,Z24,7,0.35973069544
03/16/2022,FEU,Z14,7,0.35973069544
03/16/2022,FEU,Z24,8,0.37224730684
03/16/2022,FEU,Z14,8,0.37224730684
03/16/2022,FEU,Z24,9,0.40969645256
03/16/2022,FEU,Z14,9,0.40969645256
03/17/2022,FEU,Z24,1,0.26473587916
03/17/2022,FEU,Z14,1,0.26473587916
03/17/2022,FEU,Z24,10,0.30735714534
03/17/2022,FEU,Z14,10,0.30735714534
03/17/2022,FEU,Z24,11,0.2787295176
03/17/2022,FEU,Z14,11,0.34801155304
03/17/2022,FEU,Z24,12,0.3371424919
03/17/2022,FEU,Z14,12,0.3371424919
03/17/2022,FEU,Z24,13,0.34638078904
03/17/2022,FEU,Z14,13,0.34638078904
03/17/2022,FEU,Z24,14,0.3455726776
03/17/2022,FEU,Z14,14,0.3455726776
03/17/2022,FEU,Z24,15,0.34200274462
03/17/2022,FEU,Z14,15,0.27273982618
03/17/2022,FEU,Z24,16,0.28484231648
03/17/2022,FEU,Z14,16,0.28484231648
03/17/2022,FEU,Z24,17,0.2864306355
03/17/2022,FEU,Z14,17,0.2864306355
03/17/2022,FEU,Z24,18,0.31352832494
03/17/2022,FEU,Z14,18,0.31352832494
03/17/2022,FEU,Z24,19,0.32752589482
03/17/2022,FEU,Z14,19,0.39698611726
03/17/2022,FEU,Z24,2,0.25702614748
03/17/2022,FEU,Z14,2,0.25702614748
03/17/2022,FEU,Z24,20,0.43419899354
03/17/2022,FEU,Z14,20,0.43419899354
03/17/2022,FEU,Z24,21,0.46403435368
03/17/2022,FEU,Z14,21,0.46403435368
03/17/2022,FEU,Z24,22,0.4196675034
03/17/2022,FEU,Z14,22,0.4196675034
03/17/2022,FEU,Z24,23,0.40321235098
03/17/2022,FEU,Z14,23,0.33347817368
03/17/2022,FEU,Z24,24,0.33020192056
03/17/2022,FEU,Z14,24,0.33020192056
03/17/2022,FEU,Z24,3,0.2485656035
03/17/2022,FEU,Z14,3,0.2485656035
03/17/2022,FEU,Z24,4,0.24558263494
03/17/2022,FEU,Z14,4,0.24558263494
03/17/2022,FEU,Z24,5,0.24503450094
03/17/2022,FEU,Z14,5,0.24503450094
03/17/2022,FEU,Z24,6,0.24942255664
03/17/2022,FEU,Z14,6,0.24942255664
03/17/2022,FEU,Z24,7,0.25360478002
03/17/2022,FEU,Z14,7,0.25360478002
03/17/2022,FEU,Z24,8,0.30084891312
03/17/2022,FEU,Z14,8,0.30084891312
03/17/2022,FEU,Z24,9,0.32281587368
03/17/2022,FEU,Z14,9,0.32281587368
03/18/2022,FEU,Z24,1,0.26454818374
03/18/2022,FEU,Z14,1,0.26454818374
03/18/2022,FEU,Z24,10,0.33125968834
03/18/2022,FEU,Z14,10,0.33125968834
03/18/2022,FEU,Z24,11,0.32308493318
03/18/2022,FEU,Z14,11,0.39252100762
03/18/2022,FEU,Z24,12,0.37569863676
03/18/2022,FEU,Z14,12,0.37569863676
03/18/2022,FEU,Z24,13,0.37496349262
03/18/2022,FEU,Z14,13,0.37496349262
03/18/2022,FEU,Z24,14,0.36104234962
03/18/2022,FEU,Z14,14,0.36104234962
03/18/2022,FEU,Z24,15,0.36241701136
03/18/2022,FEU,Z14,15,0.29307882392
03/18/2022,FEU,Z24,16,0.3102787348
03/18/2022,FEU,Z14,16,0.3102787348
03/18/2022,FEU,Z24,17,0.3285346541
03/18/2022,FEU,Z14,17,0.3285346541
03/18/2022,FEU,Z24,18,0.3378966934
03/18/2022,FEU,Z14,18,0.3378966934
03/18/2022,FEU,Z24,19,0.37302709256
03/18/2022,FEU,Z14,19,0.44292913886
03/18/2022,FEU,Z24,2,0.26348814892
03/18/2022,FEU,Z14,2,0.26348814892
03/18/2022,FEU,Z24,20,0.45627137172
03/18/2022,FEU,Z14,20,0.45627137172
03/18/2022,FEU,Z24,21,0.45877733542
03/18/2022,FEU,Z14,21,0.45877733542
03/18/2022,FEU,Z24,22,0.450623032
03/18/2022,FEU,Z14,22,0.450623032
03/18/2022,FEU,Z24,23,0.41912136058
03/18/2022,FEU,Z14,23,0.34931819028
03/18/2022,FEU,Z24,24,0.30969422344
03/18/2022,FEU,Z14,24,0.30969422344
03/18/2022,FEU,Z24,3,0.26340067694
03/18/2022,FEU,Z14,3,0.26340067694
03/18/2022,FEU,Z24,4,0.26425724352
03/18/2022,FEU,Z14,4,0.26425724352
03/18/2022,FEU,Z24,5,0.26429543552
03/18/2022,FEU,Z14,5,0.26429543552
03/18/2022,FEU,Z24,6,0.2662264285
03/18/2022,FEU,Z14,6,0.2662264285
03/18/2022,FEU,Z24,7,0.26937536116
03/18/2022,FEU,Z14,7,0.26937536116
03/18/2022,FEU,Z24,8,0.30894663442
03/18/2022,FEU,Z14,8,0.30894663442
03/18/2022,FEU,Z24,9,0.33867567368
03/18/2022,FEU,Z14,9,0.33867567368
03/19/2022,FEU,Z24,1,0.33064055218
03/19/2022,FEU,Z14,1,0.33064055218
03/19/2022,FEU,Z24,10,0.2963644591
03/19/2022,FEU,Z14,10,0.2963644591
03/19/2022,FEU,Z24,11,0.28242682364
03/19/2022,FEU,Z14,11,0.28242682364
03/19/2022,FEU,Z24,12,0.24402410964
03/19/2022,FEU,Z14,12,0.24402410964
03/19/2022,FEU,Z24,13,0.2428452855
03/19/2022,FEU,Z14,13,0.2428452855
03/19/2022,FEU,Z24,14,0.23811729136
03/19/2022,FEU,Z14,14,0.23811729136
03/19/2022,FEU,Z24,15,0.23872924908
03/19/2022,FEU,Z14,15,0.23872924908
03/19/2022,FEU,Z24,16,0.23974234168
03/19/2022,FEU,Z14,16,0.23974234168
03/19/2022,FEU,Z24,17,0.2434344827
03/19/2022,FEU,Z14,17,0.2434344827
03/19/2022,FEU,Z24,18,0.25268164942
03/19/2022,FEU,Z14,18,0.25268164942
03/19/2022,FEU,Z24,19,0.29511049474
03/19/2022,FEU,Z14,19,0.29511049474
03/19/2022,FEU,Z24,2,0.32300886322
03/19/2022,FEU,Z14,2,0.32300886322
03/19/2022,FEU,Z24,20,0.35901117488
03/19/2022,FEU,Z14,20,0.35901117488
03/19/2022,FEU,Z24,21,0.34978605486
03/19/2022,FEU,Z14,21,0.34978605486
03/19/2022,FEU,Z24,22,0.32569230972
03/19/2022,FEU,Z14,22,0.32569230972
03/19/2022,FEU,Z24,23,0.314339632
03/19/2022,FEU,Z14,23,0.314339632
03/19/2022,FEU,Z24,24,0.31252426344
03/19/2022,FEU,Z14,24,0.31252426344
03/19/2022,FEU,Z24,3,0.2972014371
03/19/2022,FEU,Z14,3,0.2972014371
03/19/2022,FEU,Z24,4,0.2689420264
03/19/2022,FEU,Z14,4,0.2689420264
03/19/2022,FEU,Z24,5,0.26624526126
03/19/2022,FEU,Z14,5,0.26624526126
03/19/2022,FEU,Z24,6,0.26676607054
03/19/2022,FEU,Z14,6,0.26676607054
03/19/2022,FEU,Z24,7,0.28739219566
03/19/2022,FEU,Z14,7,0.28739219566
03/19/2022,FEU,Z24,8,0.2727924285
03/19/2022,FEU,Z14,8,0.2727924285
03/19/2022,FEU,Z24,9,0.30008272902
03/19/2022,FEU,Z14,9,0.30008272902
03/20/2022,FEU,Z24,1,0.28003789174
03/20/2022,FEU,Z14,1,0.28003789174
03/20/2022,FEU,Z24,10,0.2590973477
03/20/2022,FEU,Z14,10,0.2590973477
03/20/2022,FEU,Z24,11,0.25501074796
03/20/2022,FEU,Z14,11,0.25501074796
03/20/2022,FEU,Z24,12,0.2540895841
03/20/2022,FEU,Z14,12,0.2540895841
03/20/2022,FEU,Z24,13,0.2460896491
03/20/2022,FEU,Z14,13,0.2460896491
03/20/2022,FEU,Z24,14,0.2472568741
03/20/2022,FEU,Z14,14,0.2472568741
03/20/2022,FEU,Z24,15,0.24474523154
03/20/2022,FEU,Z14,15,0.24474523154
03/20/2022,FEU,Z24,16,0.24418829572
03/20/2022,FEU,Z14,16,0.24418829572
03/20/2022,FEU,Z24,17,0.2450676563
03/20/2022,FEU,Z14,17,0.2450676563
03/20/2022,FEU,Z24,18,0.2488115913
03/20/2022,FEU,Z14,18,0.2488115913
03/20/2022,FEU,Z24,19,0.26120545488
03/20/2022,FEU,Z14,19,0.26120545488
03/20/2022,FEU,Z24,2,0.2868456285
03/20/2022,FEU,Z14,2,0.2868456285
03/20/2022,FEU,Z24,20,0.3049874863
03/20/2022,FEU,Z14,20,0.3049874863
03/20/2022,FEU,Z24,21,0.31540904744
03/20/2022,FEU,Z14,21,0.31540904744
03/20/2022,FEU,Z24,22,0.31344171144
03/20/2022,FEU,Z14,22,0.31344171144
03/20/2022,FEU,Z24,23,0.30828574516
03/20/2022,FEU,Z14,23,0.30828574516
03/20/2022,FEU,Z24,24,0.25959451146
03/20/2022,FEU,Z14,24,0.25959451146
03/20/2022,FEU,Z24,3,0.28078137068
03/20/2022,FEU,Z14,3,0.28078137068
03/20/2022,FEU,Z24,4,0.27110920984
03/20/2022,FEU,Z14,4,0.27110920984
03/20/2022,FEU,Z24,5,0.27130858542
03/20/2022,FEU,Z14,5,0.27130858542
03/20/2022,FEU,Z24,6,0.27192932556
03/20/2022,FEU,Z14,6,0.27192932556
03/20/2022,FEU,Z24,7,0.27892933354
03/20/2022,FEU,Z14,7,0.27892933354
03/20/2022,FEU,Z24,8,0.28896970528
03/20/2022,FEU,Z14,8,0.28896970528
03/20/2022,FEU,Z24,9,0.26456145376
03/20/2022,FEU,Z14,9,0.26456145376
03/21/2022,FEU,Z24,1,0.28612842976
03/21/2022,FEU,Z14,1,0.28612842976
03/21/2022,FEU,Z24,10,0.33246960334
03/21/2022,FEU,Z14,10,0.33246960334
03/21/2022,FEU,Z24,11,0.32358929246
03/21/2022,FEU,Z14,11,0.3930263769
03/21/2022,FEU,Z24,12,0.36487197418
03/21/2022,FEU,Z14,12,0.36487197418
03/21/2022,FEU,Z24,13,0.36918820504
03/21/2022,FEU,Z14,13,0.36918820504
03/21/2022,FEU,Z24,14,0.36369911746
03/21/2022,FEU,Z14,14,0.36369911746
03/21/2022,FEU,Z24,15,0.36198838048
03/21/2022,FEU,Z14,15,0.29265650504
03/21/2022,FEU,Z24,16,0.29446298606
03/21/2022,FEU,Z14,16,0.29446298606
03/21/2022,FEU,Z24,17,0.32017081094
03/21/2022,FEU,Z14,17,0.32017081094
03/21/2022,FEU,Z24,18,0.3347413148
03/21/2022,FEU,Z14,18,0.3347413148
03/21/2022,FEU,Z24,19,0.35515991252
03/21/2022,FEU,Z14,19,0.42471173396
03/21/2022,FEU,Z24,2,0.26299138522
03/21/2022,FEU,Z14,2,0.26299138522
03/21/2022,FEU,Z24,20,0.44006882968
03/21/2022,FEU,Z14,20,0.44006882968
03/21/2022,FEU,Z24,21,0.4515561241
03/21/2022,FEU,Z14,21,0.4515561241
03/21/2022,FEU,Z24,22,0.42141346796
03/21/2022,FEU,Z14,22,0.42141346796
03/21/2022,FEU,Z24,23,0.39812233126
03/21/2022,FEU,Z14,23,0.32865829282
03/21/2022,FEU,Z24,24,0.3173730827
03/21/2022,FEU,Z14,24,0.3173730827
03/21/2022,FEU,Z24,3,0.26305205882
03/21/2022,FEU,Z14,3,0.26305205882
03/21/2022,FEU,Z24,4,0.26144383226
03/21/2022,FEU,Z14,4,0.26144383226
03/21/2022,FEU,Z24,5,0.25847163726
03/21/2022,FEU,Z14,5,0.25847163726
03/21/2022,FEU,Z24,6,0.26315706752
03/21/2022,FEU,Z14,6,0.26315706752
03/21/2022,FEU,Z24,7,0.27726057946
03/21/2022,FEU,Z14,7,0.27726057946
03/21/2022,FEU,Z24,8,0.3075283077
03/21/2022,FEU,Z14,8,0.3075283077
03/21/2022,FEU,Z24,9,0.3346693991
03/21/2022,FEU,Z14,9,0.3346693991
03/22/2022,FEU,Z24,1,0.28624809502
03/22/2022,FEU,Z14,1,0.28624809502
03/22/2022,FEU,Z24,10,0.32901651076
03/22/2022,FEU,Z14,10,0.32901651076
03/22/2022,FEU,Z24,11,0.2942271176
03/22/2022,FEU,Z14,11,0.36356375704
03/22/2022,FEU,Z24,12,0.35688271532
03/22/2022,FEU,Z14,12,0.35688271532
03/22/2022,FEU,Z24,13,0.35933840146
03/22/2022,FEU,Z14,13,0.35933840146
03/22/2022,FEU,Z24,14,0.33893729174
03/22/2022,FEU,Z14,14,0.33893729174
03/22/2022,FEU,Z24,15,0.33674141076
03/22/2022,FEU,Z14,15,0.26749705332
03/22/2022,FEU,Z24,16,0.27452111162
03/22/2022,FEU,Z14,16,0.27452111162
03/22/2022,FEU,Z24,17,0.31168687778
03/22/2022,FEU,Z14,17,0.31168687778
03/22/2022,FEU,Z24,18,0.33192544094
03/22/2022,FEU,Z14,18,0.33192544094
03/22/2022,FEU,Z24,19,0.33321273538
03/22/2022,FEU,Z14,19,0.40294620568
03/22/2022,FEU,Z24,2,0.2797597292
03/22/2022,FEU,Z14,2,0.2797597292
03/22/2022,FEU,Z24,20,0.41534406982
03/22/2022,FEU,Z14,20,0.41534406982
03/22/2022,FEU,Z24,21,0.44038212138
03/22/2022,FEU,Z14,21,0.44038212138
03/22/2022,FEU,Z24,22,0.41455008596
03/22/2022,FEU,Z14,22,0.41455008596
03/22/2022,FEU,Z24,23,0.3996362334
03/22/2022,FEU,Z14,23,0.3299175491
03/22/2022,FEU,Z24,24,0.29677847312
03/22/2022,FEU,Z14,24,0.29677847312
03/22/2022,FEU,Z24,3,0.27166678008
03/22/2022,FEU,Z14,3,0.27166678008
03/22/2022,FEU,Z24,4,0.26250657152
03/22/2022,FEU,Z14,4,0.26250657152
03/22/2022,FEU,Z24,5,0.26764572466
03/22/2022,FEU,Z14,5,0.26764572466
03/22/2022,FEU,Z24,6,0.28141780978
03/22/2022,FEU,Z14,6,0.28141780978
03/22/2022,FEU,Z24,7,0.2776098863
03/22/2022,FEU,Z14,7,0.2776098863
03/22/2022,FEU,Z24,8,0.30918695312
03/22/2022,FEU,Z14,8,0.30918695312
03/22/2022,FEU,Z24,9,0.34019692224
03/22/2022,FEU,Z14,9,0.34019692224
03/23/2022,FEU,Z24,1,0.2814140713
03/23/2022,FEU,Z14,1,0.2814140713
03/23/2022,FEU,Z24,10,0.3210754369
03/23/2022,FEU,Z14,10,0.3210754369
03/23/2022,FEU,Z24,11,0.29620875902
03/23/2022,FEU,Z14,11,0.3653216776
03/23/2022,FEU,Z24,12,0.35446089988
03/23/2022,FEU,Z14,12,0.35446089988
03/23/2022,FEU,Z24,13,0.34910288074
03/23/2022,FEU,Z14,13,0.34910288074
03/23/2022,FEU,Z24,14,0.33983397816
03/23/2022,FEU,Z14,14,0.33983397816
03/23/2022,FEU,Z24,15,0.34050247218
03/23/2022,FEU,Z14,15,0.27124675374
03/23/2022,FEU,Z24,16,0.27967458362
03/23/2022,FEU,Z14,16,0.27967458362
03/23/2022,FEU,Z24,17,0.29638509278
03/23/2022,FEU,Z14,17,0.29638509278
03/23/2022,FEU,Z24,18,0.30057700994
03/23/2022,FEU,Z14,18,0.30057700994
03/23/2022,FEU,Z24,19,0.3141243548
03/23/2022,FEU,Z14,19,0.38353765824
03/23/2022,FEU,Z24,2,0.24889572576
03/23/2022,FEU,Z14,2,0.24889572576
03/23/2022,FEU,Z24,20,0.39897109824
03/23/2022,FEU,Z14,20,0.39897109824
03/23/2022,FEU,Z24,21,0.40510310452
03/23/2022,FEU,Z14,21,0.40510310452
03/23/2022,FEU,Z24,22,0.4012315441
03/23/2022,FEU,Z14,22,0.4012315441
03/23/2022,FEU,Z24,23,0.38487791368
03/23/2022,FEU,Z14,23,0.31522167138
03/23/2022,FEU,Z24,24,0.2968440734
03/23/2022,FEU,Z14,24,0.2968440734
03/23/2022,FEU,Z24,3,0.2444163021
03/23/2022,FEU,Z14,3,0.2444163021
03/23/2022,FEU,Z24,4,0.24084843664
03/23/2022,FEU,Z14,4,0.24084843664
03/23/2022,FEU,Z24,5,0.23923275664
03/23/2022,FEU,Z14,5,0.23923275664
03/23/2022,FEU,Z24,6,0.24017622162
03/23/2022,FEU,Z14,6,0.24017622162
03/23/2022,FEU,Z24,7,0.23896467944
03/23/2022,FEU,Z14,7,0.23896467944
03/23/2022,FEU,Z24,8,0.28914013084
03/23/2022,FEU,Z14,8,0.28914013084
03/23/2022,FEU,Z24,9,0.32921880856
03/23/2022,FEU,Z14,9,0.32921880856
03/24/2022,FEU,Z24,1,0.284000268694
03/24/2022,FEU,Z14,1,0.284000268694
03/24/2022,FEU,Z24,10,0.329413590681
03/24/2022,FEU,Z14,10,0.329413590681
03/24/2022,FEU,Z24,11,0.32075375284
03/24/2022,FEU,Z14,11,0.390181863436
03/24/2022,FEU,Z24,12,0.370110581085
03/24/2022,FEU,Z14,12,0.370110581085
03/24/2022,FEU,Z24,13,0.359822415436
03/24/2022,FEU,Z14,13,0.359822415436
03/24/2022,FEU,Z24,14,0.36138207284
03/24/2022,FEU,Z14,14,0.36138207284
03/24/2022,FEU,Z24,15,0.363037673383
03/24/2022,FEU,Z14,15,0.293702655787
03/24/2022,FEU,Z24,16,0.291927158032
03/24/2022,FEU,Z14,16,0.291927158032
03/24/2022,FEU,Z24,17,0.316067412575
03/24/2022,FEU,Z14,17,0.316067412575
03/24/2022,FEU,Z24,18,0.329573087171
03/24/2022,FEU,Z14,18,0.329573087171
03/24/2022,FEU,Z24,19,0.330459908363
03/24/2022,FEU,Z14,19,0.399930017959
03/24/2022,FEU,Z24,2,0.277150904482
03/24/2022,FEU,Z14,2,0.277150904482
03/24/2022,FEU,Z24,20,0.406465317661
03/24/2022,FEU,Z14,20,0.406465317661
03/24/2022,FEU,Z24,21,0.431137195012
03/24/2022,FEU,Z14,21,0.431137195012
03/24/2022,FEU,Z24,22,0.40777320231
03/24/2022,FEU,Z14,22,0.40777320231
03/24/2022,FEU,Z24,23,0.397900863257
03/24/2022,FEU,Z14,23,0.328188947012
03/24/2022,FEU,Z24,24,0.319376672204
03/24/2022,FEU,Z14,24,0.319376672204
03/24/2022,FEU,Z24,3,0.251431845025
03/24/2022,FEU,Z14,3,0.251431845025
03/24/2022,FEU,Z24,4,0.245713878621
03/24/2022,FEU,Z14,4,0.245713878621
03/24/2022,FEU,Z24,5,0.245863816621
03/24/2022,FEU,Z14,5,0.245863816621
03/24/2022,FEU,Z24,6,0.259656162376
03/24/2022,FEU,Z14,6,0.259656162376
03/24/2022,FEU,Z24,7,0.294403539343
03/24/2022,FEU,Z14,7,0.294403539343
03/24/2022,FEU,Z24,8,0.301411285608
03/24/2022,FEU,Z14,8,0.301411285608
03/24/2022,FEU,Z24,9,0.330878579012
03/24/2022,FEU,Z14,9,0.330878579012
03/25/2022,FEU,Z24,1,0.335928497641
03/25/2022,FEU,Z14,1,0.335928497641
03/25/2022,FEU,Z24,10,0.382938593681
03/25/2022,FEU,Z14,10,0.382938593681
03/25/2022,FEU,Z24,11,0.372078388787
03/25/2022,FEU,Z14,11,0.441682970383
03/25/2022,FEU,Z24,12,0.421207370734
03/25/2022,FEU,Z14,12,0.421207370734
03/25/2022,FEU,Z24,13,0.407976509383
03/25/2022,FEU,Z14,13,0.407976509383
03/25/2022,FEU,Z24,14,0.404338970383
03/25/2022,FEU,Z14,14,0.404338970383
03/25/2022,FEU,Z24,15,0.402453683224
03/25/2022,FEU,Z14,15,0.332980488628
03/25/2022,FEU,Z24,16,0.31916152582
03/25/2022,FEU,Z14,16,0.31916152582
03/25/2022,FEU,Z24,17,0.341196129065
03/25/2022,FEU,Z14,17,0.341196129065
03/25/2022,FEU,Z24,18,0.37203159231
03/25/2022,FEU,Z14,18,0.37203159231
03/25/2022,FEU,Z24,19,0.382310192204
03/25/2022,FEU,Z14,19,0.452249846449
03/25/2022,FEU,Z24,2,0.319655899078
03/25/2022,FEU,Z14,2,0.319655899078
03/25/2022,FEU,Z24,20,0.467821136098
03/25/2022,FEU,Z14,20,0.467821136098
03/25/2022,FEU,Z24,21,0.470535213853
03/25/2022,FEU,Z14,21,0.470535213853
03/25/2022,FEU,Z24,22,0.4499831788
03/25/2022,FEU,Z14,22,0.4499831788
03/25/2022,FEU,Z24,23,0.443137798747
03/25/2022,FEU,Z14,23,0.373236007502
03/25/2022,FEU,Z24,24,0.371354421396
03/25/2022,FEU,Z14,24,0.371354421396
03/25/2022,FEU,Z24,3,0.307861950621
03/25/2022,FEU,Z14,3,0.307861950621
03/25/2022,FEU,Z24,4,0.303837447568
03/25/2022,FEU,Z14,4,0.303837447568
03/25/2022,FEU,Z24,5,0.299185415568
03/25/2022,FEU,Z14,5,0.299185415568
03/25/2022,FEU,Z24,6,0.326275670025
03/25/2022,FEU,Z14,6,0.326275670025
03/25/2022,FEU,Z24,7,0.334481016694
03/25/2022,FEU,Z14,7,0.334481016694
03/25/2022,FEU,Z24,8,0.352725459853
03/25/2022,FEU,Z14,8,0.352725459853
03/25/2022,FEU,Z24,9,0.384561923012
03/25/2022,FEU,Z14,9,0.384561923012
03/26/2022,FEU,Z24,1,0.338552695237
03/26/2022,FEU,Z14,1,0.338552695237
03/26/2022,FEU,Z24,10,0.288694889065
03/26/2022,FEU,Z14,10,0.288694889065
03/26/2022,FEU,Z24,11,0.272587281926
03/26/2022,FEU,Z14,11,0.272587281926
03/26/2022,FEU,Z24,12,0.253458125926
03/26/2022,FEU,Z14,12,0.253458125926
03/26/2022,FEU,Z24,13,0.256473862575
03/26/2022,FEU,Z14,13,0.256473862575
03/26/2022,FEU,Z24,14,0.273342947224
03/26/2022,FEU,Z14,14,0.273342947224
03/26/2022,FEU,Z24,15,0.250658606522
03/26/2022,FEU,Z14,15,0.250658606522
03/26/2022,FEU,Z24,16,0.252557047012
03/26/2022,FEU,Z14,16,0.252557047012
03/26/2022,FEU,Z24,17,0.256445390555
03/26/2022,FEU,Z14,17,0.256445390555
03/26/2022,FEU,Z24,18,0.293883333853
03/26/2022,FEU,Z14,18,0.293883333853
03/26/2022,FEU,Z24,19,0.330306647641
03/26/2022,FEU,Z14,19,0.330306647641
03/26/2022,FEU,Z24,2,0.327074882323
03/26/2022,FEU,Z14,2,0.327074882323
03/26/2022,FEU,Z24,20,0.365822831992
03/26/2022,FEU,Z14,20,0.365822831992
03/26/2022,FEU,Z24,21,0.359169214449
03/26/2022,FEU,Z14,21,0.359169214449
03/26/2022,FEU,Z24,22,0.357902050098
03/26/2022,FEU,Z14,22,0.357902050098
03/26/2022,FEU,Z24,23,0.3410981788
03/26/2022,FEU,Z14,23,0.3410981788
03/26/2022,FEU,Z24,24,0.335192921396
03/26/2022,FEU,Z14,24,0.335192921396
03/26/2022,FEU,Z24,3,0.322873121515
03/26/2022,FEU,Z14,3,0.322873121515
03/26/2022,FEU,Z24,4,0.29903532476
03/26/2022,FEU,Z14,4,0.29903532476
03/26/2022,FEU,Z24,5,0.283422921409
03/26/2022,FEU,Z14,5,0.283422921409
03/26/2022,FEU,Z24,6,0.289916524111
03/26/2022,FEU,Z14,6,0.289916524111
03/26/2022,FEU,Z24,7,0.309143705919
03/26/2022,FEU,Z14,7,0.309143705919
03/26/2022,FEU,Z24,8,0.286851495025
03/26/2022,FEU,Z14,8,0.286851495025
03/26/2022,FEU,Z24,9,0.298397502343
03/26/2022,FEU,Z14,9,0.298397502343
03/27/2022,FEU,Z24,1,0.325188950641
03/27/2022,FEU,Z14,1,0.325188950641
03/27/2022,FEU,Z24,10,0.261771505555
03/27/2022,FEU,Z14,10,0.261771505555
03/27/2022,FEU,Z24,11,0.249346161714
03/27/2022,FEU,Z14,11,0.249346161714
03/27/2022,FEU,Z24,12,0.241992854065
03/27/2022,FEU,Z14,12,0.241992854065
03/27/2022,FEU,Z24,13,0.223285259065
03/27/2022,FEU,Z14,13,0.223285259065
03/27/2022,FEU,Z24,14,0.232669274065
03/27/2022,FEU,Z14,14,0.232669274065
03/27/2022,FEU,Z24,15,0.223625962661
03/27/2022,FEU,Z14,15,0.223625962661
03/27/2022,FEU,Z24,16,0.224864690098
03/27/2022,FEU,Z14,16,0.224864690098
03/27/2022,FEU,Z24,17,0.256402837045
03/27/2022,FEU,Z14,17,0.256402837045
03/27/2022,FEU,Z24,18,0.283132147045
03/27/2022,FEU,Z14,18,0.283132147045
03/27/2022,FEU,Z24,19,0.329117751992
03/27/2022,FEU,Z14,19,0.329117751992
03/27/2022,FEU,Z24,2,0.309722245025
03/27/2022,FEU,Z14,2,0.309722245025
03/27/2022,FEU,Z24,20,0.355555057045
03/27/2022,FEU,Z14,20,0.355555057045
03/27/2022,FEU,Z24,21,0.343980917396
03/27/2022,FEU,Z14,21,0.343980917396
03/27/2022,FEU,Z24,22,0.331060793396
03/27/2022,FEU,Z14,22,0.331060793396
03/27/2022,FEU,Z24,23,0.306736986694
03/27/2022,FEU,Z14,23,0.306736986694
03/27/2022,FEU,Z24,3,0.299200073462
03/27/2022,FEU,Z14,3,0.299200073462
03/27/2022,FEU,Z24,4,0.284085111356
03/27/2022,FEU,Z14,4,0.284085111356
03/27/2022,FEU,Z24,5,0.285037792303
03/27/2022,FEU,Z14,5,0.285037792303
03/27/2022,FEU,Z24,6,0.284104974654
03/27/2022,FEU,Z14,6,0.284104974654
03/27/2022,FEU,Z24,7,0.286080580111
03/27/2022,FEU,Z14,7,0.286080580111
03/27/2022,FEU,Z24,8,0.286821633952
03/27/2022,FEU,Z14,8,0.286821633952
03/27/2022,FEU,Z24,9,0.277925037184
03/27/2022,FEU,Z14,9,0.277925037184
03/28/2022,FEU,Z24,1,0.282961709184
03/28/2022,FEU,Z14,1,0.282961709184
03/28/2022,FEU,Z24,10,0.333828903681
03/28/2022,FEU,Z14,10,0.333828903681
03/28/2022,FEU,Z24,11,0.326859584489
03/28/2022,FEU,Z14,11,0.396307936085
03/28/2022,FEU,Z24,12,0.392683710787
03/28/2022,FEU,Z14,12,0.392683710787
03/28/2022,FEU,Z24,13,0.388444011436
03/28/2022,FEU,Z14,13,0.388444011436
03/28/2022,FEU,Z24,14,0.364978294489
03/28/2022,FEU,Z14,14,0.364978294489
03/28/2022,FEU,Z24,15,0.363036998032
03/28/2022,FEU,Z14,15,0.293701531436
03/28/2022,FEU,Z24,16,0.287251720979
03/28/2022,FEU,Z14,16,0.287251720979
03/28/2022,FEU,Z24,17,0.287201006171
03/28/2022,FEU,Z14,17,0.287201006171
03/28/2022,FEU,Z24,18,0.28161746582
03/28/2022,FEU,Z14,18,0.28161746582
03/28/2022,FEU,Z24,19,0.327314107118
03/28/2022,FEU,Z14,19,0.396771695714
03/28/2022,FEU,Z24,2,0.274258667323
03/28/2022,FEU,Z14,2,0.274258667323
03/28/2022,FEU,Z24,20,0.414071575012
03/28/2022,FEU,Z14,20,0.414071575012
03/28/2022,FEU,Z24,21,0.454027784065
03/28/2022,FEU,Z14,21,0.454027784065
03/28/2022,FEU,Z24,22,0.446836313714
03/28/2022,FEU,Z14,22,0.446836313714
03/28/2022,FEU,Z24,23,0.416108561959
03/28/2022,FEU,Z14,23,0.346582929363
03/28/2022,FEU,Z24,24,0.333818420555
03/28/2022,FEU,Z14,24,0.333818420555
03/28/2022,FEU,Z24,3,0.269726649813
03/28/2022,FEU,Z14,3,0.269726649813
03/28/2022,FEU,Z24,4,0.263705913409
03/28/2022,FEU,Z14,4,0.263705913409
03/28/2022,FEU,Z24,5,0.263163596409
03/28/2022,FEU,Z14,5,0.263163596409
03/28/2022,FEU,Z24,6,0.277997479568
03/28/2022,FEU,Z14,6,0.277997479568
03/28/2022,FEU,Z24,7,0.306797824939
03/28/2022,FEU,Z14,7,0.306797824939
03/28/2022,FEU,Z24,8,0.304487975555
03/28/2022,FEU,Z14,8,0.304487975555
03/28/2022,FEU,Z24,9,0.334772244065
03/28/2022,FEU,Z14,9,0.334772244065
03/29/2022,FEU,Z24,1,0.304488024343
03/29/2022,FEU,Z14,1,0.304488024343
03/29/2022,FEU,Z24,10,0.367956000734
03/29/2022,FEU,Z14,10,0.367956000734
03/29/2022,FEU,Z24,11,0.36084219284
03/29/2022,FEU,Z14,11,0.430407375436
03/29/2022,FEU,Z24,12,0.429840964138
03/29/2022,FEU,Z14,12,0.429840964138
03/29/2022,FEU,Z24,13,0.428438554489
03/29/2022,FEU,Z14,13,0.428438554489
03/29/2022,FEU,Z24,14,0.408929057191
03/29/2022,FEU,Z14,14,0.408929057191
03/29/2022,FEU,Z24,15,0.399403170734
03/29/2022,FEU,Z14,15,0.329943850138
03/29/2022,FEU,Z24,16,0.323209272383
03/29/2022,FEU,Z14,16,0.323209272383
03/29/2022,FEU,Z24,17,0.318755128277
03/29/2022,FEU,Z14,17,0.318755128277
03/29/2022,FEU,Z24,18,0.332541809171
03/29/2022,FEU,Z14,18,0.332541809171
03/29/2022,FEU,Z24,19,0.332437620767
03/29/2022,FEU,Z14,19,0.402167815012
03/29/2022,FEU,Z24,2,0.28240443178
03/29/2022,FEU,Z14,2,0.28240443178
03/29/2022,FEU,Z24,20,0.405384889363
03/29/2022,FEU,Z14,20,0.405384889363
03/29/2022,FEU,Z24,21,0.419214452767
03/29/2022,FEU,Z14,21,0.419214452767
03/29/2022,FEU,Z24,22,0.422755769714
03/29/2022,FEU,Z14,22,0.422755769714
03/29/2022,FEU,Z24,23,0.40858240231
03/29/2022,FEU,Z14,23,0.338826129065
03/29/2022,FEU,Z24,24,0.325077493608
03/29/2022,FEU,Z14,24,0.325077493608
03/29/2022,FEU,Z24,3,0.276485192972
03/29/2022,FEU,Z14,3,0.276485192972
03/29/2022,FEU,Z24,4,0.273744615568
03/29/2022,FEU,Z14,4,0.273744615568
03/29/2022,FEU,Z24,5,0.277249726919
03/29/2022,FEU,Z14,5,0.277249726919
03/29/2022,FEU,Z24,6,0.291084143727
03/29/2022,FEU,Z14,6,0.291084143727
03/29/2022,FEU,Z24,7,0.326390442045
03/29/2022,FEU,Z14,7,0.326390442045
03/29/2022,FEU,Z24,8,0.324259541608
03/29/2022,FEU,Z14,8,0.324259541608
03/29/2022,FEU,Z24,9,0.366768000416
03/29/2022,FEU,Z14,9,0.366768000416
03/30/2022,FEU,Z24,1,0.334684457045
03/30/2022,FEU,Z14,1,0.334684457045
03/30/2022,FEU,Z24,10,0.367302391085
03/30/2022,FEU,Z14,10,0.367302391085
03/30/2022,FEU,Z24,11,0.352947794893
03/30/2022,FEU,Z14,11,0.42220899284
03/30/2022,FEU,Z24,12,0.416058149542
03/30/2022,FEU,Z14,12,0.416058149542
03/30/2022,FEU,Z24,13,0.412388672191
03/30/2022,FEU,Z14,13,0.412388672191
03/30/2022,FEU,Z24,14,0.411265286244
03/30/2022,FEU,Z14,14,0.411265286244
03/30/2022,FEU,Z24,15,0.408919190787
03/30/2022,FEU,Z14,15,0.339427002191
03/30/2022,FEU,Z24,16,0.336123294383
03/30/2022,FEU,Z14,16,0.336123294383
03/30/2022,FEU,Z24,17,0.327614797277
03/30/2022,FEU,Z14,17,0.327614797277
03/30/2022,FEU,Z24,18,0.311845643171
03/30/2022,FEU,Z14,18,0.311845643171
03/30/2022,FEU,Z24,19,0.32062354582
03/30/2022,FEU,Z14,19,0.390057696416
03/30/2022,FEU,Z24,2,0.319022189184
03/30/2022,FEU,Z14,2,0.319022189184
03/30/2022,FEU,Z24,20,0.416803072416
03/30/2022,FEU,Z14,20,0.416803072416
03/30/2022,FEU,Z24,21,0.436345479118
03/30/2022,FEU,Z14,21,0.436345479118
03/30/2022,FEU,Z24,22,0.445414019065
03/30/2022,FEU,Z14,22,0.445414019065
03/30/2022,FEU,Z24,23,0.425975335012
03/30/2022,FEU,Z14,23,0.356146123767
03/30/2022,FEU,Z24,24,0.35181944231
03/30/2022,FEU,Z14,24,0.35181944231
03/30/2022,FEU,Z24,3,0.309031241515
03/30/2022,FEU,Z14,3,0.309031241515
03/30/2022,FEU,Z24,4,0.295928178376
03/30/2022,FEU,Z14,4,0.295928178376
03/30/2022,FEU,Z24,5,0.299892714376
03/30/2022,FEU,Z14,5,0.299892714376
03/30/2022,FEU,Z24,6,0.309198119833
03/30/2022,FEU,Z14,6,0.309198119833
03/30/2022,FEU,Z24,7,0.324716917396
03/30/2022,FEU,Z14,7,0.324716917396
03/30/2022,FEU,Z24,8,0.328238602906
03/30/2022,FEU,Z14,8,0.328238602906
03/30/2022,FEU,Z24,9,0.371467256204
03/30/2022,FEU,Z14,9,0.371467256204
03/31/2022,FEU,Z24,1,0.346533732694
03/31/2022,FEU,Z14,1,0.346533732694
03/31/2022,FEU,Z24,10,0.365456050681
03/31/2022,FEU,Z14,10,0.365456050681
03/31/2022,FEU,Z24,11,0.34280639284
03/31/2022,FEU,Z14,11,0.391250555436
03/31/2022,FEU,Z24,12,0.375568081085
03/31/2022,FEU,Z14,12,0.375568081085
03/31/2022,FEU,Z24,13,0.341653679436
03/31/2022,FEU,Z14,13,0.341653679436
03/31/2022,FEU,Z24,14,0.31897139284
03/31/2022,FEU,Z14,14,0.31897139284
03/31/2022,FEU,Z24,15,0.310021222383
03/31/2022,FEU,Z14,15,0.261854616787
03/31/2022,FEU,Z24,16,0.258553910032
03/31/2022,FEU,Z14,16,0.258553910032
03/31/2022,FEU,Z24,17,0.249566987575
03/31/2022,FEU,Z14,17,0.249566987575
03/31/2022,FEU,Z24,18,0.250594365171
03/31/2022,FEU,Z14,18,0.250594365171
03/31/2022,FEU,Z24,19,0.268213908363
03/31/2022,FEU,Z14,19,0.316415017959
03/31/2022,FEU,Z24,2,0.331379576482
03/31/2022,FEU,Z14,2,0.331379576482
03/31/2022,FEU,Z24,20,0.367938201661
03/31/2022,FEU,Z14,20,0.367938201661
03/31/2022,FEU,Z24,21,0.418661283012
03/31/2022,FEU,Z14,21,0.418661283012
03/31/2022,FEU,Z24,22,0.42199449231
03/31/2022,FEU,Z14,22,0.42199449231
03/31/2022,FEU,Z24,23,0.395341090257
03/31/2022,FEU,Z14,23,0.346606479012
03/31/2022,FEU,Z24,24,0.302790120204
03/31/2022,FEU,Z14,24,0.302790120204
03/31/2022,FEU,Z24,3,0.330629195025
03/31/2022,FEU,Z14,3,0.330629195025
03/31/2022,FEU,Z24,4,0.323351525621
03/31/2022,FEU,Z14,4,0.323351525621
03/31/2022,FEU,Z24,5,0.317100831621
03/31/2022,FEU,Z14,5,0.317100831621
03/31/2022,FEU,Z24,6,0.321179322376
03/31/2022,FEU,Z14,6,0.321179322376
03/31/2022,FEU,Z24,7,0.326833052343
03/31/2022,FEU,Z14,7,0.326833052343
03/31/2022,FEU,Z24,8,0.348112813608
03/31/2022,FEU,Z14,8,0.348112813608
03/31/2022,FEU,Z24,9,0.382162131012
03/31/2022,FEU,Z14,9,0.382162131012
04/01/2022,FEU,Z24,1,0.276937687171
04/01/2022,FEU,Z14,1,0.276937687171
04/01/2022,FEU,Z24,10,0.362101963224
04/01/2022,FEU,Z14,10,0.362101963224
04/01/2022,FEU,Z24,11,0.332547232734
04/01/2022,FEU,Z14,11,0.38095794933
04/01/2022,FEU,Z24,12,0.31631035284
04/01/2022,FEU,Z14,12,0.31631035284
04/01/2022,FEU,Z24,13,0.317184323191
04/01/2022,FEU,Z14,13,0.317184323191
04/01/2022,FEU,Z24,14,0.316006874595
04/01/2022,FEU,Z14,14,0.316006874595
04/01/2022,FEU,Z24,15,0.312782243926
04/01/2022,FEU,Z14,15,0.26460132933
04/01/2022,FEU,Z24,16,0.26480834231
04/01/2022,FEU,Z14,16,0.26480834231
04/01/2022,FEU,Z24,17,0.260838451502
04/01/2022,FEU,Z14,17,0.260838451502
04/01/2022,FEU,Z24,18,0.268252952098
04/01/2022,FEU,Z14,18,0.268252952098
04/01/2022,FEU,Z24,19,0.277282678873
04/01/2022,FEU,Z14,19,0.325721879118
04/01/2022,FEU,Z24,2,0.244959517608
04/01/2022,FEU,Z14,2,0.244959517608
04/01/2022,FEU,Z24,20,0.40632576231
04/01/2022,FEU,Z14,20,0.40632576231
04/01/2022,FEU,Z24,21,0.441539359065
04/01/2022,FEU,Z14,21,0.441539359065
04/01/2022,FEU,Z24,22,0.457731872681
04/01/2022,FEU,Z14,22,0.457731872681
04/01/2022,FEU,Z24,23,0.443031006906
04/01/2022,FEU,Z14,23,0.39440410231
04/01/2022,FEU,Z24,24,0.371861105661
04/01/2022,FEU,Z14,24,0.371861105661
04/01/2022,FEU,Z24,3,0.239731549396
04/01/2022,FEU,Z14,3,0.239731549396
04/01/2022,FEU,Z24,4,0.23747107529
04/01/2022,FEU,Z14,4,0.23747107529
04/01/2022,FEU,Z24,5,0.241906654588
04/01/2022,FEU,Z14,5,0.241906654588
04/01/2022,FEU,Z24,6,0.249898346939
04/01/2022,FEU,Z14,6,0.249898346939
04/01/2022,FEU,Z24,7,0.263594956747
04/01/2022,FEU,Z14,7,0.263594956747
04/01/2022,FEU,Z24,8,0.340936973608
04/01/2022,FEU,Z14,8,0.340936973608
04/01/2022,FEU,Z24,9,0.390165634482
04/01/2022,FEU,Z14,9,0.390165634482
04/02/2022,FEU,Z24,1,0.36474134582
04/02/2022,FEU,Z14,1,0.36474134582
04/02/2022,FEU,Z24,10,0.294907824522
04/02/2022,FEU,Z14,10,0.294907824522
04/02/2022,FEU,Z24,11,0.230129580734
04/02/2022,FEU,Z14,11,0.230129580734
04/02/2022,FEU,Z24,12,0.197744902489
04/02/2022,FEU,Z14,12,0.197744902489
04/02/2022,FEU,Z24,13,0.191176498138
04/02/2022,FEU,Z14,13,0.191176498138
04/02/2022,FEU,Z24,14,0.209012407489
04/02/2022,FEU,Z14,14,0.209012407489
04/02/2022,FEU,Z24,15,0.195116398489
04/02/2022,FEU,Z14,15,0.195116398489
04/02/2022,FEU,Z24,16,0.176919299224
04/02/2022,FEU,Z14,16,0.176919299224
04/02/2022,FEU,Z24,17,0.169964560416
04/02/2022,FEU,Z14,17,0.169964560416
04/02/2022,FEU,Z24,18,0.133743919661
04/02/2022,FEU,Z14,18,0.133743919661
04/02/2022,FEU,Z24,19,0.230512585555
04/02/2022,FEU,Z14,19,0.230512585555
04/02/2022,FEU,Z24,2,0.360857011502
04/02/2022,FEU,Z14,2,0.360857011502
04/02/2022,FEU,Z24,20,0.316105338853
04/02/2022,FEU,Z14,20,0.316105338853
04/02/2022,FEU,Z24,21,0.364426336906
04/02/2022,FEU,Z14,21,0.364426336906
04/02/2022,FEU,Z24,22,0.365536000171
04/02/2022,FEU,Z14,22,0.365536000171
04/02/2022,FEU,Z24,23,0.362074119469
04/02/2022,FEU,Z14,23,0.362074119469
04/02/2022,FEU,Z24,24,0.355439820767
04/02/2022,FEU,Z14,24,0.355439820767
04/02/2022,FEU,Z24,3,0.357031883939
04/02/2022,FEU,Z14,3,0.357031883939
04/02/2022,FEU,Z24,4,0.338112601429
04/02/2022,FEU,Z14,4,0.338112601429
04/02/2022,FEU,Z24,5,0.337556251674
04/02/2022,FEU,Z14,5,0.337556251674
04/02/2022,FEU,Z24,6,0.330641026727
04/02/2022,FEU,Z14,6,0.330641026727
04/02/2022,FEU,Z24,7,0.341376706588
04/02/2022,FEU,Z14,7,0.341376706588
04/02/2022,FEU,Z24,8,0.322060335992
04/02/2022,FEU,Z14,8,0.322060335992
04/02/2022,FEU,Z24,9,0.332652497502
04/02/2022,FEU,Z14,9,0.332652497502
04/03/2022,FEU,Z24,1,0.361078963012
04/03/2022,FEU,Z14,1,0.361078963012
04/03/2022,FEU,Z24,10,0.318790469469
04/03/2022,FEU,Z14,10,0.318790469469
04/03/2022,FEU,Z24,11,0.277471035436
04/03/2022,FEU,Z14,11,0.277471035436
04/03/2022,FEU,Z24,12,0.230405735542
04/03/2022,FEU,Z14,12,0.230405735542
04/03/2022,FEU,Z24,13,0.219165072191
04/03/2022,FEU,Z14,13,0.219165072191
04/03/2022,FEU,Z24,14,0.21916363284
04/03/2022,FEU,Z14,14,0.21916363284
04/03/2022,FEU,Z24,15,0.21893975284
04/03/2022,FEU,Z14,15,0.21893975284
04/03/2022,FEU,Z24,16,0.22012290582
04/03/2022,FEU,Z14,16,0.22012290582
04/03/2022,FEU,Z24,17,0.184442879661
04/03/2022,FEU,Z14,17,0.184442879661
04/03/2022,FEU,Z24,18,0.175630011661
04/03/2022,FEU,Z14,18,0.175630011661
04/03/2022,FEU,Z24,19,0.221904842959
04/03/2022,FEU,Z14,19,0.221904842959
04/03/2022,FEU,Z24,2,0.360629052343
04/03/2022,FEU,Z14,2,0.360629052343
04/03/2022,FEU,Z24,20,0.263378301608
04/03/2022,FEU,Z14,20,0.263378301608
04/03/2022,FEU,Z24,21,0.340454095012
04/03/2022,FEU,Z14,21,0.340454095012
04/03/2022,FEU,Z24,22,0.346937287575
04/03/2022,FEU,Z14,22,0.346937287575
04/03/2022,FEU,Z24,23,0.329894118767
04/03/2022,FEU,Z14,23,0.329894118767
04/03/2022,FEU,Z24,24,0.262296741714
04/03/2022,FEU,Z14,24,0.262296741714
04/03/2022,FEU,Z24,3,0.36116091178
04/03/2022,FEU,Z14,3,0.36116091178
04/03/2022,FEU,Z24,4,0.35940146827
04/03/2022,FEU,Z14,4,0.35940146827
04/03/2022,FEU,Z24,5,0.339698271515
04/03/2022,FEU,Z14,5,0.339698271515
04/03/2022,FEU,Z24,6,0.342858656866
04/03/2022,FEU,Z14,6,0.342858656866
04/03/2022,FEU,Z24,7,0.354259865323
04/03/2022,FEU,Z14,7,0.354259865323
04/03/2022,FEU,Z24,8,0.357923802376
04/03/2022,FEU,Z14,8,0.357923802376
04/03/2022,FEU,Z24,9,0.356672146588
04/03/2022,FEU,Z14,9,0.356672146588
04/04/2022,FEU,Z24,1,0.258462039257
04/04/2022,FEU,Z14,1,0.258462039257
04/04/2022,FEU,Z24,10,0.36886654582
04/04/2022,FEU,Z14,10,0.36886654582
04/04/2022,FEU,Z24,11,0.352128281681
04/04/2022,FEU,Z14,11,0.400606985277
04/04/2022,FEU,Z24,12,0.361650344138
04/04/2022,FEU,Z14,12,0.361650344138
04/04/2022,FEU,Z24,13,0.393349167191
04/04/2022,FEU,Z14,13,0.393349167191
04/04/2022,FEU,Z24,14,0.394917229297
04/04/2022,FEU,Z14,14,0.394917229297
04/04/2022,FEU,Z24,15,0.401465375979
04/04/2022,FEU,Z14,15,0.352984282383
04/04/2022,FEU,Z24,16,0.360173172363
04/04/2022,FEU,Z14,16,0.360173172363
04/04/2022,FEU,Z24,17,0.359433876204
04/04/2022,FEU,Z14,17,0.359433876204
04/04/2022,FEU,Z24,18,0.371400716449
04/04/2022,FEU,Z14,18,0.371400716449
04/04/2022,FEU,Z24,19,0.369248925171
04/04/2022,FEU,Z14,19,0.417788530767
04/04/2022,FEU,Z24,2,0.247160674588
04/04/2022,FEU,Z14,2,0.247160674588
04/04/2022,FEU,Z24,20,0.423602014065
04/04/2022,FEU,Z14,20,0.423602014065
04/04/2022,FEU,Z24,21,0.432542923224
04/04/2022,FEU,Z14,21,0.432542923224
04/04/2022,FEU,Z24,22,0.431334322138
04/04/2022,FEU,Z14,22,0.431334322138
04/04/2022,FEU,Z24,23,0.426632763012
04/04/2022,FEU,Z14,23,0.378062160416
04/04/2022,FEU,Z24,24,0.365765102661
04/04/2022,FEU,Z14,24,0.365765102661
04/04/2022,FEU,Z24,3,0.240799945025
04/04/2022,FEU,Z14,3,0.240799945025
04/04/2022,FEU,Z24,4,0.242552930919
04/04/2022,FEU,Z14,4,0.242552930919
04/04/2022,FEU,Z24,5,0.254887550919
04/04/2022,FEU,Z14,5,0.254887550919
04/04/2022,FEU,Z24,6,0.264980269078
04/04/2022,FEU,Z14,6,0.264980269078
04/04/2022,FEU,Z24,7,0.337555345396
04/04/2022,FEU,Z14,7,0.337555345396
04/04/2022,FEU,Z24,8,0.353067814906
04/04/2022,FEU,Z14,8,0.353067814906
04/04/2022,FEU,Z24,9,0.387709749429
04/04/2022,FEU,Z14,9,0.387709749429
04/05/2022,FEU,Z24,1,0.30613664582
04/05/2022,FEU,Z14,1,0.30613664582
04/05/2022,FEU,Z24,10,0.361166291873
04/05/2022,FEU,Z14,10,0.361166291873
04/05/2022,FEU,Z24,11,0.36497211933
04/05/2022,FEU,Z14,11,0.413495007926
04/05/2022,FEU,Z24,12,0.410737079436
04/05/2022,FEU,Z14,12,0.410737079436
04/05/2022,FEU,Z24,13,0.413100156489
04/05/2022,FEU,Z14,13,0.413100156489
04/05/2022,FEU,Z24,14,0.412404808946
04/05/2022,FEU,Z14,14,0.412404808946
04/05/2022,FEU,Z24,15,0.416837092979
04/05/2022,FEU,Z14,15,0.368303491383
04/05/2022,FEU,Z24,16,0.368574059714
04/05/2022,FEU,Z14,16,0.368574059714
04/05/2022,FEU,Z24,17,0.366815118257
04/05/2022,FEU,Z14,17,0.366815118257
04/05/2022,FEU,Z24,18,0.366299589502
04/05/2022,FEU,Z14,18,0.366299589502
04/05/2022,FEU,Z24,19,0.373365896873
04/05/2022,FEU,Z14,19,0.421920197469
04/05/2022,FEU,Z24,2,0.297374658449
04/05/2022,FEU,Z14,2,0.297374658449
04/05/2022,FEU,Z24,20,0.430251411012
04/05/2022,FEU,Z14,20,0.430251411012
04/05/2022,FEU,Z24,21,0.44157148582
04/05/2022,FEU,Z14,21,0.44157148582
04/05/2022,FEU,Z24,22,0.433774083489
04/05/2022,FEU,Z14,22,0.433774083489
04/05/2022,FEU,Z24,23,0.431239372661
04/05/2022,FEU,Z14,23,0.382352976416
04/05/2022,FEU,Z24,24,0.377506359012
04/05/2022,FEU,Z14,24,0.377506359012
04/05/2022,FEU,Z24,3,0.26900488529
04/05/2022,FEU,Z14,3,0.26900488529
04/05/2022,FEU,Z24,4,0.275457228535
04/05/2022,FEU,Z14,4,0.275457228535
04/05/2022,FEU,Z24,5,0.283549934482
04/05/2022,FEU,Z14,5,0.283549934482
04/05/2022,FEU,Z24,6,0.303036298588
04/05/2022,FEU,Z14,6,0.303036298588
04/05/2022,FEU,Z24,7,0.280669350853
04/05/2022,FEU,Z14,7,0.280669350853
04/05/2022,FEU,Z24,8,0.329418763012
04/05/2022,FEU,Z14,8,0.329418763012
04/05/2022,FEU,Z24,9,0.361616667886
04/05/2022,FEU,Z14,9,0.361616667886
04/06/2022,FEU,Z24,1,0.342386967118
04/06/2022,FEU,Z14,1,0.342386967118
04/06/2022,FEU,Z24,10,0.385826844171
04/06/2022,FEU,Z14,10,0.385826844171
04/06/2022,FEU,Z24,11,0.37569867933
04/06/2022,FEU,Z14,11,0.424556237575
04/06/2022,FEU,Z24,12,0.389631431436
04/06/2022,FEU,Z14,12,0.389631431436
04/06/2022,FEU,Z24,13,0.380804619489
04/06/2022,FEU,Z14,13,0.380804619489
04/06/2022,FEU,Z24,14,0.334679897297
04/06/2022,FEU,Z14,14,0.334679897297
04/06/2022,FEU,Z24,15,0.349079167681
04/06/2022,FEU,Z14,15,0.300777856085
04/06/2022,FEU,Z24,16,0.280697104416
04/06/2022,FEU,Z14,16,0.280697104416
04/06/2022,FEU,Z24,17,0.276036061608
04/06/2022,FEU,Z14,17,0.276036061608
04/06/2022,FEU,Z24,18,0.275920601853
04/06/2022,FEU,Z14,18,0.275920601853
04/06/2022,FEU,Z24,19,0.27766552582
04/06/2022,FEU,Z14,19,0.325894920416
04/06/2022,FEU,Z24,2,0.330797316853
04/06/2022,FEU,Z14,2,0.330797316853
04/06/2022,FEU,Z24,20,0.356900339363
04/06/2022,FEU,Z14,20,0.356900339363
04/06/2022,FEU,Z24,21,0.415154913171
04/06/2022,FEU,Z14,21,0.415154913171
04/06/2022,FEU,Z24,22,0.409737531085
04/06/2022,FEU,Z14,22,0.409737531085
04/06/2022,FEU,Z24,23,0.39946303231
04/06/2022,FEU,Z14,23,0.350983307714
04/06/2022,FEU,Z24,24,0.337240992661
04/06/2022,FEU,Z14,24,0.337240992661
04/06/2022,FEU,Z24,3,0.327358623992
04/06/2022,FEU,Z14,3,0.327358623992
04/06/2022,FEU,Z24,4,0.319588971237
04/06/2022,FEU,Z14,4,0.319588971237
04/06/2022,FEU,Z24,5,0.323152019886
04/06/2022,FEU,Z14,5,0.323152019886
04/06/2022,FEU,Z24,6,0.334286881939
04/06/2022,FEU,Z14,6,0.334286881939
04/06/2022,FEU,Z24,7,0.358595187502
04/06/2022,FEU,Z14,7,0.358595187502
04/06/2022,FEU,Z24,8,0.36827790231
04/06/2022,FEU,Z14,8,0.36827790231
04/06/2022,FEU,Z24,9,0.417150164833
04/06/2022,FEU,Z14,9,0.417150164833
04/07/2022,FEU,Z24,1,0.312851820767
04/07/2022,FEU,Z14,1,0.312851820767
04/07/2022,FEU,Z24,10,0.354119706469
04/07/2022,FEU,Z14,10,0.354119706469
04/07/2022,FEU,Z24,11,0.336123104628
04/07/2022,FEU,Z14,11,0.384548011224
04/07/2022,FEU,Z24,12,0.339254675436
04/07/2022,FEU,Z14,12,0.339254675436
04/07/2022,FEU,Z24,13,0.31403791284
04/07/2022,FEU,Z14,13,0.31403791284
04/07/2022,FEU,Z24,14,0.305335829595
04/07/2022,FEU,Z14,14,0.305335829595
04/07/2022,FEU,Z24,15,0.301203480628
04/07/2022,FEU,Z14,15,0.252870853383
04/07/2022,FEU,Z24,16,0.246503659065
04/07/2022,FEU,Z14,16,0.246503659065
04/07/2022,FEU,Z24,17,0.248030431959
04/07/2022,FEU,Z14,17,0.248030431959
04/07/2022,FEU,Z24,18,0.246729198906
04/07/2022,FEU,Z14,18,0.246729198906
04/07/2022,FEU,Z24,19,0.261364740628
04/07/2022,FEU,Z14,19,0.309734435873
04/07/2022,FEU,Z24,2,0.285389001502
04/07/2022,FEU,Z14,2,0.285389001502
04/07/2022,FEU,Z24,20,0.319314257118
04/07/2022,FEU,Z14,20,0.319314257118
04/07/2022,FEU,Z24,21,0.405854961171
04/07/2022,FEU,Z14,21,0.405854961171
04/07/2022,FEU,Z24,22,0.399133760734
04/07/2022,FEU,Z14,22,0.399133760734
04/07/2022,FEU,Z24,23,0.387774653608
04/07/2022,FEU,Z14,23,0.339333543012
04/07/2022,FEU,Z24,24,0.31706005231
04/07/2022,FEU,Z14,24,0.31706005231
04/07/2022,FEU,Z24,3,0.268622828939
04/07/2022,FEU,Z14,3,0.268622828939
04/07/2022,FEU,Z24,4,0.232764206482
04/07/2022,FEU,Z14,4,0.232764206482
04/07/2022,FEU,Z24,5,0.225271070482
04/07/2022,FEU,Z14,5,0.225271070482
04/07/2022,FEU,Z24,6,0.236947803535
04/07/2022,FEU,Z14,6,0.236947803535
04/07/2022,FEU,Z24,7,0.287596116449
04/07/2022,FEU,Z14,7,0.287596116449
04/07/2022,FEU,Z24,8,0.32825225231
04/07/2022,FEU,Z14,8,0.32825225231
04/07/2022,FEU,Z24,9,0.366004168482
04/07/2022,FEU,Z14,9,0.366004168482
04/08/2022,FEU,Z24,1,0.276901138171
04/08/2022,FEU,Z14,1,0.276901138171
04/08/2022,FEU,Z24,10,0.267221107224
04/08/2022,FEU,Z14,10,0.267221107224
04/08/2022,FEU,Z24,11,0.225346358734
04/08/2022,FEU,Z14,11,0.27338931933
04/08/2022,FEU,Z24,12,0.25599035284
04/08/2022,FEU,Z14,12,0.25599035284
04/08/2022,FEU,Z24,13,0.205696636191
04/08/2022,FEU,Z14,13,0.205696636191
04/08/2022,FEU,Z24,14,0.180866099595
04/08/2022,FEU,Z14,14,0.180866099595
04/08/2022,FEU,Z24,15,0.111247533926
04/08/2022,FEU,Z14,15,0.06375327933
04/08/2022,FEU,Z24,16,0.05007641231
04/08/2022,FEU,Z14,16,0.05007641231
04/08/2022,FEU,Z24,17,0.050769151502
04/08/2022,FEU,Z14,17,0.050769151502
04/08/2022,FEU,Z24,18,0.063620866098
04/08/2022,FEU,Z14,18,0.063620866098
04/08/2022,FEU,Z24,19,0.166978946873
04/08/2022,FEU,Z14,19,0.214950749118
04/08/2022,FEU,Z24,2,0.237650173608
04/08/2022,FEU,Z14,2,0.237650173608
04/08/2022,FEU,Z24,20,0.28962127231
04/08/2022,FEU,Z14,20,0.28962127231
04/08/2022,FEU,Z24,21,0.382349794065
04/08/2022,FEU,Z14,21,0.382349794065
04/08/2022,FEU,Z24,22,0.379366788681
04/08/2022,FEU,Z14,22,0.379366788681
04/08/2022,FEU,Z24,23,0.382566846906
04/08/2022,FEU,Z14,23,0.33414250231
04/08/2022,FEU,Z24,24,0.324252356661
04/08/2022,FEU,Z14,24,0.324252356661
04/08/2022,FEU,Z24,3,0.224146973396
04/08/2022,FEU,Z14,3,0.224146973396
04/08/2022,FEU,Z24,4,0.22386099529
04/08/2022,FEU,Z14,4,0.22386099529
04/08/2022,FEU,Z24,5,0.224238118588
04/08/2022,FEU,Z14,5,0.224238118588
04/08/2022,FEU,Z24,6,0.224879086939
04/08/2022,FEU,Z14,6,0.224879086939
04/08/2022,FEU,Z24,7,0.230985235747
04/08/2022,FEU,Z14,7,0.230985235747
04/08/2022,FEU,Z24,8,0.303506981608
04/08/2022,FEU,Z14,8,0.303506981608
04/08/2022,FEU,Z24,9,0.343077754482
04/08/2022,FEU,Z14,9,0.343077754482
04/09/2022,FEU,Z24,1,0.30247038582
04/09/2022,FEU,Z14,1,0.30247038582
04/09/2022,FEU,Z24,10,0.319937968522
04/09/2022,FEU,Z14,10,0.319937968522
04/09/2022,FEU,Z24,11,0.291898430734
04/09/2022,FEU,Z14,11,0.291898430734
04/09/2022,FEU,Z24,12,0.282067171489
04/09/2022,FEU,Z14,12,0.282067171489
04/09/2022,FEU,Z24,13,0.284560628138
04/09/2022,FEU,Z14,13,0.284560628138
04/09/2022,FEU,Z24,14,0.279957634489
04/09/2022,FEU,Z14,14,0.279957634489
04/09/2022,FEU,Z24,15,0.271117780489
04/09/2022,FEU,Z14,15,0.271117780489
04/09/2022,FEU,Z24,16,0.235791035224
04/09/2022,FEU,Z14,16,0.235791035224
04/09/2022,FEU,Z24,17,0.235678928416
04/09/2022,FEU,Z14,17,0.235678928416
04/09/2022,FEU,Z24,18,0.272984142661
04/09/2022,FEU,Z14,18,0.272984142661
04/09/2022,FEU,Z24,19,0.299435405555
04/09/2022,FEU,Z14,19,0.299435405555
04/09/2022,FEU,Z24,2,0.298525071502
04/09/2022,FEU,Z14,2,0.298525071502
04/09/2022,FEU,Z24,20,0.323871474853
04/09/2022,FEU,Z14,20,0.323871474853
04/09/2022,FEU,Z24,21,0.364414396906
04/09/2022,FEU,Z14,21,0.364414396906
04/09/2022,FEU,Z24,22,0.358845175171
04/09/2022,FEU,Z14,22,0.358845175171
04/09/2022,FEU,Z24,23,0.347471054469
04/09/2022,FEU,Z14,23,0.347471054469
04/09/2022,FEU,Z24,24,0.352329713767
04/09/2022,FEU,Z14,24,0.352329713767
04/09/2022,FEU,Z24,3,0.302469067939
04/09/2022,FEU,Z14,3,0.302469067939
04/09/2022,FEU,Z24,4,0.299771980429
04/09/2022,FEU,Z14,4,0.299771980429
04/09/2022,FEU,Z24,5,0.302419091674
04/09/2022,FEU,Z14,5,0.302419091674
04/09/2022,FEU,Z24,6,0.304976371727
04/09/2022,FEU,Z14,6,0.304976371727
04/09/2022,FEU,Z24,7,0.301326166588
04/09/2022,FEU,Z14,7,0.301326166588
04/09/2022,FEU,Z24,8,0.301273071992
04/09/2022,FEU,Z14,8,0.301273071992
04/09/2022,FEU,Z24,9,0.298610129502
04/09/2022,FEU,Z14,9,0.298610129502
04/10/2022,FEU,Z24,1,0.351008287012
04/10/2022,FEU,Z14,1,0.351008287012
04/10/2022,FEU,Z24,10,0.262294972469
04/10/2022,FEU,Z14,10,0.262294972469
04/10/2022,FEU,Z24,11,0.197526351436
04/10/2022,FEU,Z14,11,0.197526351436
04/10/2022,FEU,Z24,12,0.116357789542
04/10/2022,FEU,Z14,12,0.116357789542
04/10/2022,FEU,Z24,13,0.028207073191
04/10/2022,FEU,Z14,13,0.028207073191
04/10/2022,FEU,Z24,14,0.02818123284
04/10/2022,FEU,Z14,14,0.02818123284
04/10/2022,FEU,Z24,15,0.02820443284
04/10/2022,FEU,Z14,15,0.02820443284
04/10/2022,FEU,Z24,16,0.02578752582
04/10/2022,FEU,Z14,16,0.02578752582
04/10/2022,FEU,Z24,17,0.026420023661
04/10/2022,FEU,Z14,17,0.026420023661
04/10/2022,FEU,Z24,18,0.029111919661
04/10/2022,FEU,Z14,18,0.029111919661
04/10/2022,FEU,Z24,19,0.045031814959
04/10/2022,FEU,Z14,19,0.045031814959
04/10/2022,FEU,Z24,2,0.339528278343
04/10/2022,FEU,Z14,2,0.339528278343
04/10/2022,FEU,Z24,20,0.162887933608
04/10/2022,FEU,Z14,20,0.162887933608
04/10/2022,FEU,Z24,21,0.286650763012
04/10/2022,FEU,Z14,21,0.286650763012
04/10/2022,FEU,Z24,22,0.316435462575
04/10/2022,FEU,Z14,22,0.316435462575
04/10/2022,FEU,Z24,23,0.303352330767
04/10/2022,FEU,Z14,23,0.303352330767
04/10/2022,FEU,Z24,24,0.270352053714
04/10/2022,FEU,Z14,24,0.270352053714
04/10/2022,FEU,Z24,3,0.35052129178
04/10/2022,FEU,Z14,3,0.35052129178
04/10/2022,FEU,Z24,4,0.33757388827
04/10/2022,FEU,Z14,4,0.33757388827
04/10/2022,FEU,Z24,5,0.329755286515
04/10/2022,FEU,Z14,5,0.329755286515
04/10/2022,FEU,Z24,6,0.321862146866
04/10/2022,FEU,Z14,6,0.321862146866
04/10/2022,FEU,Z24,7,0.328150532323
04/10/2022,FEU,Z14,7,0.328150532323
04/10/2022,FEU,Z24,8,0.326249130376
04/10/2022,FEU,Z14,8,0.326249130376
04/10/2022,FEU,Z24,9,0.324716554588
04/10/2022,FEU,Z14,9,0.324716554588
04/11/2022,FEU,Z24,1,0.203377650257
04/11/2022,FEU,Z14,1,0.203377650257
04/11/2022,FEU,Z24,10,0.33701244582
04/11/2022,FEU,Z14,10,0.33701244582
04/11/2022,FEU,Z24,11,0.291482899681
04/11/2022,FEU,Z14,11,0.339754091277
04/11/2022,FEU,Z24,12,0.268053568138
04/11/2022,FEU,Z14,12,0.268053568138
04/11/2022,FEU,Z24,13,0.233594925191
04/11/2022,FEU,Z14,13,0.233594925191
04/11/2022,FEU,Z24,14,0.195313328297
04/11/2022,FEU,Z14,14,0.195313328297
04/11/2022,FEU,Z24,15,0.166029970979
04/11/2022,FEU,Z14,15,0.118351930383
04/11/2022,FEU,Z24,16,0.111420704363
04/11/2022,FEU,Z14,16,0.111420704363
04/11/2022,FEU,Z24,17,0.120622576204
04/11/2022,FEU,Z14,17,0.120622576204
04/11/2022,FEU,Z24,18,0.179984135449
04/11/2022,FEU,Z14,18,0.179984135449
04/11/2022,FEU,Z24,19,0.225206958171
04/11/2022,FEU,Z14,19,0.273257871767
04/11/2022,FEU,Z24,2,0.167500762588
04/11/2022,FEU,Z14,2,0.167500762588
04/11/2022,FEU,Z24,20,0.373243069065
04/11/2022,FEU,Z14,20,0.373243069065
04/11/2022,FEU,Z24,21,0.403304035224
04/11/2022,FEU,Z14,21,0.403304035224
04/11/2022,FEU,Z24,22,0.404508390138
04/11/2022,FEU,Z14,22,0.404508390138
04/11/2022,FEU,Z24,23,0.391233927012
04/11/2022,FEU,Z14,23,0.342782512416
04/11/2022,FEU,Z24,24,0.298191854661
04/11/2022,FEU,Z14,24,0.298191854661
04/11/2022,FEU,Z24,3,0.149342670025
04/11/2022,FEU,Z14,3,0.149342670025
04/11/2022,FEU,Z24,4,0.156970117919
04/11/2022,FEU,Z14,4,0.156970117919
04/11/2022,FEU,Z24,5,0.176152790919
04/11/2022,FEU,Z14,5,0.176152790919
04/11/2022,FEU,Z24,6,0.213482745078
04/11/2022,FEU,Z14,6,0.213482745078
04/11/2022,FEU,Z24,7,0.219795717396
04/11/2022,FEU,Z14,7,0.219795717396
04/11/2022,FEU,Z24,8,0.319806556906
04/11/2022,FEU,Z14,8,0.319806556906
04/11/2022,FEU,Z24,9,0.361443597429
04/11/2022,FEU,Z14,9,0.361443597429
04/12/2022,FEU,Z24,1,0.27696586582
04/12/2022,FEU,Z14,1,0.27696586582
04/12/2022,FEU,Z24,10,0.334291850873
04/12/2022,FEU,Z14,10,0.334291850873
04/12/2022,FEU,Z24,11,0.33266373933
04/12/2022,FEU,Z14,11,0.381076171926
04/12/2022,FEU,Z24,12,0.374186315436
04/12/2022,FEU,Z14,12,0.374186315436
04/12/2022,FEU,Z24,13,0.369890058489
04/12/2022,FEU,Z14,13,0.369890058489
04/12/2022,FEU,Z24,14,0.364113370946
04/12/2022,FEU,Z14,14,0.364113370946
04/12/2022,FEU,Z24,15,0.370723112979
04/12/2022,FEU,Z14,15,0.322345864383
04/12/2022,FEU,Z24,16,0.323157375714
04/12/2022,FEU,Z14,16,0.323157375714
04/12/2022,FEU,Z24,17,0.323298057257
04/12/2022,FEU,Z14,17,0.323298057257
04/12/2022,FEU,Z24,18,0.313380335502
04/12/2022,FEU,Z14,18,0.313380335502
04/12/2022,FEU,Z24,19,0.332535766873
04/12/2022,FEU,Z14,19,0.380950126469
04/12/2022,FEU,Z24,2,0.246847387449
04/12/2022,FEU,Z14,2,0.246847387449
04/12/2022,FEU,Z24,20,0.395938407012
04/12/2022,FEU,Z14,20,0.395938407012
04/12/2022,FEU,Z24,21,0.41618732582
04/12/2022,FEU,Z14,21,0.41618732582
04/12/2022,FEU,Z24,22,0.411755718489
04/12/2022,FEU,Z14,22,0.411755718489
04/12/2022,FEU,Z24,23,0.405467797661
04/12/2022,FEU,Z14,23,0.356689776416
04/12/2022,FEU,Z24,24,0.345955455012
04/12/2022,FEU,Z14,24,0.345955455012
04/12/2022,FEU,Z24,3,0.24778995529
04/12/2022,FEU,Z14,3,0.24778995529
04/12/2022,FEU,Z24,4,0.242991213535
04/12/2022,FEU,Z14,4,0.242991213535
04/12/2022,FEU,Z24,5,0.246045278482
04/12/2022,FEU,Z14,5,0.246045278482
04/12/2022,FEU,Z24,6,0.253030390588
04/12/2022,FEU,Z14,6,0.253030390588
04/12/2022,FEU,Z24,7,0.288410349853
04/12/2022,FEU,Z14,7,0.288410349853
04/12/2022,FEU,Z24,8,0.308517091012
04/12/2022,FEU,Z14,8,0.308517091012
04/12/2022,FEU,Z24,9,0.343548705886
04/12/2022,FEU,Z14,9,0.343548705886
04/13/2022,FEU,Z24,1,0.300266397118
04/13/2022,FEU,Z14,1,0.300266397118
04/13/2022,FEU,Z24,10,0.336284085171
04/13/2022,FEU,Z14,10,0.336284085171
04/13/2022,FEU,Z24,11,0.32090406933
04/13/2022,FEU,Z14,11,0.369527462575
04/13/2022,FEU,Z24,12,0.357536459436
04/13/2022,FEU,Z14,12,0.357536459436
04/13/2022,FEU,Z24,13,0.348767985489
04/13/2022,FEU,Z14,13,0.348767985489
04/13/2022,FEU,Z24,14,0.323665288297
04/13/2022,FEU,Z14,14,0.323665288297
04/13/2022,FEU,Z24,15,0.319101331681
04/13/2022,FEU,Z14,15,0.270901431085
04/13/2022,FEU,Z24,16,0.268389424416
04/13/2022,FEU,Z14,16,0.268389424416
04/13/2022,FEU,Z24,17,0.275310133608
04/13/2022,FEU,Z14,17,0.275310133608
04/13/2022,FEU,Z24,18,0.301671662853
04/13/2022,FEU,Z14,18,0.301671662853
04/13/2022,FEU,Z24,19,0.29565816582
04/13/2022,FEU,Z14,19,0.343949736416
04/13/2022,FEU,Z24,2,0.290245350853
04/13/2022,FEU,Z14,2,0.290245350853
04/13/2022,FEU,Z24,20,0.372541438363
04/13/2022,FEU,Z14,20,0.372541438363
04/13/2022,FEU,Z24,21,0.383459856171
04/13/2022,FEU,Z14,21,0.383459856171
04/13/2022,FEU,Z24,22,0.385230591085
04/13/2022,FEU,Z14,22,0.385230591085
04/13/2022,FEU,Z24,23,0.38193314231
04/13/2022,FEU,Z14,23,0.333512341714
04/13/2022,FEU,Z24,24,0.313087646661
04/13/2022,FEU,Z14,24,0.313087646661
04/13/2022,FEU,Z24,3,0.280927935992
04/13/2022,FEU,Z14,3,0.280927935992
04/13/2022,FEU,Z24,4,0.261031396237
04/13/2022,FEU,Z14,4,0.261031396237
04/13/2022,FEU,Z24,5,0.248660979886
04/13/2022,FEU,Z14,5,0.248660979886
04/13/2022,FEU,Z24,6,0.270195917939
04/13/2022,FEU,Z14,6,0.270195917939
04/13/2022,FEU,Z24,7,0.310614089502
04/13/2022,FEU,Z14,7,0.310614089502
04/13/2022,FEU,Z24,8,0.31775407231
04/13/2022,FEU,Z14,8,0.31775407231
04/13/2022,FEU,Z24,9,0.353358675833
04/13/2022,FEU,Z14,9,0.353358675833
04/14/2022,FEU,Z24,1,0.291906805767
04/14/2022,FEU,Z14,1,0.291906805767
04/14/2022,FEU,Z24,10,0.323462127469
04/14/2022,FEU,Z14,10,0.323462127469
04/14/2022,FEU,Z24,11,0.293585364628
04/14/2022,FEU,Z14,11,0.341865091224
04/14/2022,FEU,Z24,12,0.320701679436
04/14/2022,FEU,Z14,12,0.320701679436
04/14/2022,FEU,Z24,13,0.31128175284
04/14/2022,FEU,Z14,13,0.31128175284
04/14/2022,FEU,Z24,14,0.316252889595
04/14/2022,FEU,Z14,14,0.316252889595
04/14/2022,FEU,Z24,15,0.318087312628
04/14/2022,FEU,Z14,15,0.269682655383
04/14/2022,FEU,Z24,16,0.271430134065
04/14/2022,FEU,Z14,16,0.271430134065
04/14/2022,FEU,Z24,17,0.271028641959
04/14/2022,FEU,Z14,17,0.271028641959
04/14/2022,FEU,Z24,18,0.282076374906
04/14/2022,FEU,Z14,18,0.282076374906
04/14/2022,FEU,Z24,19,0.310683672628
04/14/2022,FEU,Z14,19,0.359263772873
04/14/2022,FEU,Z24,2,0.266014945502
04/14/2022,FEU,Z14,2,0.266014945502
04/14/2022,FEU,Z24,20,0.375810311118
04/14/2022,FEU,Z14,20,0.375810311118
04/14/2022,FEU,Z24,21,0.405831381171
04/14/2022,FEU,Z14,21,0.405831381171
04/14/2022,FEU,Z24,22,0.393701366734
04/14/2022,FEU,Z14,22,0.393701366734
04/14/2022,FEU,Z24,23,0.387387253608
04/14/2022,FEU,Z14,23,0.338947443012
04/14/2022,FEU,Z24,24,0.32283393231
04/14/2022,FEU,Z14,24,0.32283393231
04/14/2022,FEU,Z24,3,0.260348065939
04/14/2022,FEU,Z14,3,0.260348065939
04/14/2022,FEU,Z24,4,0.259745342482
04/14/2022,FEU,Z14,4,0.259745342482
04/14/2022,FEU,Z24,5,0.261959666482
04/14/2022,FEU,Z14,5,0.261959666482
04/14/2022,FEU,Z24,6,0.267192798535
04/14/2022,FEU,Z14,6,0.267192798535
04/14/2022,FEU,Z24,7,0.304459357449
04/14/2022,FEU,Z14,7,0.304459357449
04/14/2022,FEU,Z24,8,0.30680845231
04/14/2022,FEU,Z14,8,0.30680845231
04/14/2022,FEU,Z24,9,0.339752614482
04/14/2022,FEU,Z14,9,0.339752614482
04/15/2022,FEU,Z24,1,0.274519558171
04/15/2022,FEU,Z14,1,0.274519558171
04/15/2022,FEU,Z24,10,0.317055283224
04/15/2022,FEU,Z14,10,0.317055283224
04/15/2022,FEU,Z24,11,0.268067432734
04/15/2022,FEU,Z14,11,0.31625811933
04/15/2022,FEU,Z24,12,0.29116735284
04/15/2022,FEU,Z14,12,0.29116735284
04/15/2022,FEU,Z24,13,0.291168250191
04/15/2022,FEU,Z14,13,0.291168250191
04/15/2022,FEU,Z24,14,0.288204869595
04/15/2022,FEU,Z14,14,0.288204869595
04/15/2022,FEU,Z24,15,0.280422107926
04/15/2022,FEU,Z14,15,0.23235261933
04/15/2022,FEU,Z24,16,0.22962837231
04/15/2022,FEU,Z14,16,0.22962837231
04/15/2022,FEU,Z24,17,0.235346209502
04/15/2022,FEU,Z14,17,0.235346209502
04/15/2022,FEU,Z24,18,0.253719570098
04/15/2022,FEU,Z14,18,0.253719570098
04/15/2022,FEU,Z24,19,0.279887379873
04/15/2022,FEU,Z14,19,0.328337645118
04/15/2022,FEU,Z24,2,0.265484565608
04/15/2022,FEU,Z14,2,0.265484565608
04/15/2022,FEU,Z24,20,0.36425926231
04/15/2022,FEU,Z14,20,0.36425926231
04/15/2022,FEU,Z24,21,0.366878434065
04/15/2022,FEU,Z14,21,0.366878434065
04/15/2022,FEU,Z24,22,0.365161100681
04/15/2022,FEU,Z14,22,0.365161100681
04/15/2022,FEU,Z24,23,0.367184544906
04/15/2022,FEU,Z14,23,0.31881173231
04/15/2022,FEU,Z24,24,0.299061013661
04/15/2022,FEU,Z14,24,0.299061013661
04/15/2022,FEU,Z24,3,0.262967545396
04/15/2022,FEU,Z14,3,0.262967545396
04/15/2022,FEU,Z24,4,0.26087247529
04/15/2022,FEU,Z14,4,0.26087247529
04/15/2022,FEU,Z24,5,0.259760626588
04/15/2022,FEU,Z14,5,0.259760626588
04/15/2022,FEU,Z24,6,0.265413678939
04/15/2022,FEU,Z14,6,0.265413678939
04/15/2022,FEU,Z24,7,0.272522419747
04/15/2022,FEU,Z14,7,0.272522419747
04/15/2022,FEU,Z24,8,0.288355469608
04/15/2022,FEU,Z14,8,0.288355469608
04/15/2022,FEU,Z24,9,0.329673664482
04/15/2022,FEU,Z14,9,0.329673664482
04/16/2022,FEU,Z24,1,0.28162568582
04/16/2022,FEU,Z14,1,0.28162568582
04/16/2022,FEU,Z24,10,0.225961840522
04/16/2022,FEU,Z14,10,0.225961840522
04/16/2022,FEU,Z24,11,0.192426970734
04/16/2022,FEU,Z14,11,0.192426970734
04/16/2022,FEU,Z24,12,0.164612284489
04/16/2022,FEU,Z14,12,0.164612284489
04/16/2022,FEU,Z24,13,0.140319244138
04/16/2022,FEU,Z14,13,0.140319244138
04/16/2022,FEU,Z24,14,0.128579488489
04/16/2022,FEU,Z14,14,0.128579488489
04/16/2022,FEU,Z24,15,0.076305463489
04/16/2022,FEU,Z14,15,0.076305463489
04/16/2022,FEU,Z24,16,0.075544571224
04/16/2022,FEU,Z14,16,0.075544571224
04/16/2022,FEU,Z24,17,0.104922704416
04/16/2022,FEU,Z14,17,0.104922704416
04/16/2022,FEU,Z24,18,0.154421818661
04/16/2022,FEU,Z14,18,0.154421818661
04/16/2022,FEU,Z24,19,0.195451285555
04/16/2022,FEU,Z14,19,0.195451285555
04/16/2022,FEU,Z24,2,0.250872225502
04/16/2022,FEU,Z14,2,0.250872225502
04/16/2022,FEU,Z24,20,0.233081418853
04/16/2022,FEU,Z14,20,0.233081418853
04/16/2022,FEU,Z24,21,0.258433762906
04/16/2022,FEU,Z14,21,0.258433762906
04/16/2022,FEU,Z24,22,0.256266280171
04/16/2022,FEU,Z14,22,0.256266280171
04/16/2022,FEU,Z24,23,0.231193337469
04/16/2022,FEU,Z14,23,0.231193337469
04/16/2022,FEU,Z24,24,0.224204898767
04/16/2022,FEU,Z14,24,0.224204898767
04/16/2022,FEU,Z24,3,0.239914862939
04/16/2022,FEU,Z14,3,0.239914862939
04/16/2022,FEU,Z24,4,0.251254324429
04/16/2022,FEU,Z14,4,0.251254324429
04/16/2022,FEU,Z24,5,0.252420359674
04/16/2022,FEU,Z14,5,0.252420359674
04/16/2022,FEU,Z24,6,0.251934861727
04/16/2022,FEU,Z14,6,0.251934861727
04/16/2022,FEU,Z24,7,0.266626606588
04/16/2022,FEU,Z14,7,0.266626606588
04/16/2022,FEU,Z24,8,0.268246351992
04/16/2022,FEU,Z14,8,0.268246351992
04/16/2022,FEU,Z24,9,0.251918079502
04/16/2022,FEU,Z14,9,0.251918079502
04/17/2022,FEU,Z24,1,0.222173251012
04/17/2022,FEU,Z14,1,0.222173251012
04/17/2022,FEU,Z24,10,0.153307568469
04/17/2022,FEU,Z14,10,0.153307568469
04/17/2022,FEU,Z24,11,0.116933319436
04/17/2022,FEU,Z14,11,0.116933319436
04/17/2022,FEU,Z24,12,0.101544653542
04/17/2022,FEU,Z14,12,0.101544653542
04/17/2022,FEU,Z24,13,0.089698977191
04/17/2022,FEU,Z14,13,0.089698977191
04/17/2022,FEU,Z24,14,0.06317031284
04/17/2022,FEU,Z14,14,0.06317031284
04/17/2022,FEU,Z24,15,0.04670643284
04/17/2022,FEU,Z14,15,0.04670643284
04/17/2022,FEU,Z24,16,0.04069092582
04/17/2022,FEU,Z14,16,0.04069092582
04/17/2022,FEU,Z24,17,0.057949925661
04/17/2022,FEU,Z14,17,0.057949925661
04/17/2022,FEU,Z24,18,0.117484344661
04/17/2022,FEU,Z14,18,0.117484344661
04/17/2022,FEU,Z24,19,0.153998786959
04/17/2022,FEU,Z14,19,0.153998786959
04/17/2022,FEU,Z24,2,0.203376264343
04/17/2022,FEU,Z14,2,0.203376264343
04/17/2022,FEU,Z24,20,0.235533181608
04/17/2022,FEU,Z14,20,0.235533181608
04/17/2022,FEU,Z24,21,0.241555471012
04/17/2022,FEU,Z14,21,0.241555471012
04/17/2022,FEU,Z24,22,0.238431912575
04/17/2022,FEU,Z14,22,0.238431912575
04/17/2022,FEU,Z24,23,0.219593564767
04/17/2022,FEU,Z14,23,0.219593564767
04/17/2022,FEU,Z24,24,0.208366949714
04/17/2022,FEU,Z14,24,0.208366949714
04/17/2022,FEU,Z24,3,0.19503107178
04/17/2022,FEU,Z14,3,0.19503107178
04/17/2022,FEU,Z24,4,0.19461836827
04/17/2022,FEU,Z14,4,0.19461836827
04/17/2022,FEU,Z24,5,0.207610081515
04/17/2022,FEU,Z14,5,0.207610081515
04/17/2022,FEU,Z24,6,0.214472062866
04/17/2022,FEU,Z14,6,0.214472062866
04/17/2022,FEU,Z24,7,0.219176981323
04/17/2022,FEU,Z14,7,0.219176981323
04/17/2022,FEU,Z24,8,0.241712346376
04/17/2022,FEU,Z14,8,0.241712346376
04/17/2022,FEU,Z24,9,0.201450094588
04/17/2022,FEU,Z14,9,0.201450094588
04/18/2022,FEU,Z24,1,0.151224462257
04/18/2022,FEU,Z14,1,0.151224462257
04/18/2022,FEU,Z24,10,0.19002220582
04/18/2022,FEU,Z14,10,0.19002220582
04/18/2022,FEU,Z24,11,0.163224895681
04/18/2022,FEU,Z14,11,0.211057223277
04/18/2022,FEU,Z24,12,0.199973150138
04/18/2022,FEU,Z14,12,0.199973150138
04/18/2022,FEU,Z24,13,0.205484539191
04/18/2022,FEU,Z14,13,0.205484539191
04/18/2022,FEU,Z24,14,0.170228660297
04/18/2022,FEU,Z14,14,0.170228660297
04/18/2022,FEU,Z24,15,0.152061111979
04/18/2022,FEU,Z14,15,0.104430787383
04/18/2022,FEU,Z24,16,0.123809423363
04/18/2022,FEU,Z14,16,0.123809423363
04/18/2022,FEU,Z24,17,0.146764744204
04/18/2022,FEU,Z14,17,0.146764744204
04/18/2022,FEU,Z24,18,0.131688322449
04/18/2022,FEU,Z14,18,0.131688322449
04/18/2022,FEU,Z24,19,0.136416468171
04/18/2022,FEU,Z14,19,0.184167324767
04/18/2022,FEU,Z24,2,0.146164714588
04/18/2022,FEU,Z14,2,0.146164714588
04/18/2022,FEU,Z24,20,0.214344049065
04/18/2022,FEU,Z14,20,0.214344049065
04/18/2022,FEU,Z24,21,0.320865259224
04/18/2022,FEU,Z14,21,0.320865259224
04/18/2022,FEU,Z24,22,0.340180070138
04/18/2022,FEU,Z14,22,0.340180070138
04/18/2022,FEU,Z24,23,0.299751987012
04/18/2022,FEU,Z14,23,0.251608592416
04/18/2022,FEU,Z24,24,0.224376356661
04/18/2022,FEU,Z14,24,0.224376356661
04/18/2022,FEU,Z24,3,0.153570145025
04/18/2022,FEU,Z14,3,0.153570145025
04/18/2022,FEU,Z24,4,0.157569614919
04/18/2022,FEU,Z14,4,0.157569614919
04/18/2022,FEU,Z24,5,0.161768555919
04/18/2022,FEU,Z14,5,0.161768555919
04/18/2022,FEU,Z24,6,0.169069155078
04/18/2022,FEU,Z14,6,0.169069155078
04/18/2022,FEU,Z24,7,0.169631057396
04/18/2022,FEU,Z14,7,0.169631057396
04/18/2022,FEU,Z24,8,0.171750556906
04/18/2022,FEU,Z14,8,0.171750556906
04/18/2022,FEU,Z24,9,0.198275262429
04/18/2022,FEU,Z14,9,0.198275262429
04/19/2022,FEU,Z24,1,0.16408116582
04/19/2022,FEU,Z14,1,0.16408116582
04/19/2022,FEU,Z24,10,0.226163214873
04/19/2022,FEU,Z14,10,0.226163214873
04/19/2022,FEU,Z24,11,0.21378705933
04/19/2022,FEU,Z14,11,0.261793075926
04/19/2022,FEU,Z24,12,0.245318711436
04/19/2022,FEU,Z14,12,0.245318711436
04/19/2022,FEU,Z24,13,0.227917173489
04/19/2022,FEU,Z14,13,0.227917173489
04/19/2022,FEU,Z24,14,0.212253894946
04/19/2022,FEU,Z14,14,0.212253894946
04/19/2022,FEU,Z24,15,0.194752258979
04/19/2022,FEU,Z14,15,0.146976106383
04/19/2022,FEU,Z24,16,0.132000267714
04/19/2022,FEU,Z14,16,0.132000267714
04/19/2022,FEU,Z24,17,0.116891162257
04/19/2022,FEU,Z14,17,0.116891162257
04/19/2022,FEU,Z24,18,0.112615901502
04/19/2022,FEU,Z14,18,0.112615901502
04/19/2022,FEU,Z24,19,0.125550900873
04/19/2022,FEU,Z14,19,0.173263009469
04/19/2022,FEU,Z24,2,0.139611298449
04/19/2022,FEU,Z14,2,0.139611298449
04/19/2022,FEU,Z24,20,0.197342823012
04/19/2022,FEU,Z14,20,0.197342823012
04/19/2022,FEU,Z24,21,0.26198374582
04/19/2022,FEU,Z14,21,0.26198374582
04/19/2022,FEU,Z24,22,0.270691896489
04/19/2022,FEU,Z14,22,0.270691896489
04/19/2022,FEU,Z24,23,0.262895996661
04/19/2022,FEU,Z14,23,0.214718704416
04/19/2022,FEU,Z24,24,0.160928019012
04/19/2022,FEU,Z14,24,0.160928019012
04/19/2022,FEU,Z24,3,0.13472634529
04/19/2022,FEU,Z14,3,0.13472634529
04/19/2022,FEU,Z24,4,0.137576598535
04/19/2022,FEU,Z14,4,0.137576598535
04/19/2022,FEU,Z24,5,0.137846684482
04/19/2022,FEU,Z14,5,0.137846684482
04/19/2022,FEU,Z24,6,0.139718086588
04/19/2022,FEU,Z14,6,0.139718086588
04/19/2022,FEU,Z24,7,0.185590443853
04/19/2022,FEU,Z14,7,0.185590443853
04/19/2022,FEU,Z24,8,0.203731927012
04/19/2022,FEU,Z14,8,0.203731927012
04/19/2022,FEU,Z24,9,0.245024107886
04/19/2022,FEU,Z14,9,0.245024107886
04/20/2022,FEU,Z24,1,0.166226415118
04/20/2022,FEU,Z14,1,0.166226415118
04/20/2022,FEU,Z24,10,0.211346634171
04/20/2022,FEU,Z14,10,0.211346634171
04/20/2022,FEU,Z24,11,0.18817809933
04/20/2022,FEU,Z14,11,0.236234287575
04/20/2022,FEU,Z24,12,0.192508031436
04/20/2022,FEU,Z14,12,0.192508031436
04/20/2022,FEU,Z24,13,0.173591661489
04/20/2022,FEU,Z14,13,0.173591661489
04/20/2022,FEU,Z24,14,0.162911722297
04/20/2022,FEU,Z14,14,0.162911722297
04/20/2022,FEU,Z24,15,0.140142628681
04/20/2022,FEU,Z14,15,0.092556241085
04/20/2022,FEU,Z24,16,0.060834224416
04/20/2022,FEU,Z14,16,0.060834224416
04/20/2022,FEU,Z24,17,0.057277837608
04/20/2022,FEU,Z14,17,0.057277837608
04/20/2022,FEU,Z24,18,0.058090541853
04/20/2022,FEU,Z14,18,0.058090541853
04/20/2022,FEU,Z24,19,0.09007502582
04/20/2022,FEU,Z14,19,0.137668520416
04/20/2022,FEU,Z24,2,0.142291362853
04/20/2022,FEU,Z14,2,0.142291362853
04/20/2022,FEU,Z24,20,0.176380192363
04/20/2022,FEU,Z14,20,0.176380192363
04/20/2022,FEU,Z24,21,0.216197484171
04/20/2022,FEU,Z14,21,0.216197484171
04/20/2022,FEU,Z24,22,0.258345781085
04/20/2022,FEU,Z14,22,0.258345781085
04/20/2022,FEU,Z24,23,0.23827634231
04/20/2022,FEU,Z14,23,0.190337235714
04/20/2022,FEU,Z24,24,0.155861420661
04/20/2022,FEU,Z14,24,0.155861420661
04/20/2022,FEU,Z24,3,0.122501151992
04/20/2022,FEU,Z14,3,0.122501151992
04/20/2022,FEU,Z24,4,0.113932099237
04/20/2022,FEU,Z14,4,0.113932099237
04/20/2022,FEU,Z24,5,0.119372407886
04/20/2022,FEU,Z14,5,0.119372407886
04/20/2022,FEU,Z24,6,0.131122255939
04/20/2022,FEU,Z14,6,0.131122255939
04/20/2022,FEU,Z24,7,0.140108739502
04/20/2022,FEU,Z14,7,0.140108739502
04/20/2022,FEU,Z24,8,0.18997068231
04/20/2022,FEU,Z14,8,0.18997068231
04/20/2022,FEU,Z24,9,0.220217658833
04/20/2022,FEU,Z14,9,0.220217658833
04/21/2022,FEU,Z24,1,0.200677394767
04/21/2022,FEU,Z14,1,0.200677394767
04/21/2022,FEU,Z24,10,0.247398641469
04/21/2022,FEU,Z14,10,0.247398641469
04/21/2022,FEU,Z24,11,0.228905028628
04/21/2022,FEU,Z14,11,0.276965179224
04/21/2022,FEU,Z24,12,0.266495363436
04/21/2022,FEU,Z14,12,0.266495363436
04/21/2022,FEU,Z24,13,0.26031251284
04/21/2022,FEU,Z14,13,0.26031251284
04/21/2022,FEU,Z24,14,0.258279974595
04/21/2022,FEU,Z14,14,0.258279974595
04/21/2022,FEU,Z24,15,0.214974752628
04/21/2022,FEU,Z14,15,0.167011162383
04/21/2022,FEU,Z24,16,0.166043344065
04/21/2022,FEU,Z14,16,0.166043344065
04/21/2022,FEU,Z24,17,0.167635549959
04/21/2022,FEU,Z14,17,0.167635549959
04/21/2022,FEU,Z24,18,0.191259540906
04/21/2022,FEU,Z14,18,0.191259540906
04/21/2022,FEU,Z24,19,0.224110376628
04/21/2022,FEU,Z14,19,0.272321136873
04/21/2022,FEU,Z24,2,0.193915711502
04/21/2022,FEU,Z14,2,0.193915711502
04/21/2022,FEU,Z24,20,0.298709633118
04/21/2022,FEU,Z14,20,0.298709633118
04/21/2022,FEU,Z24,21,0.349574217171
04/21/2022,FEU,Z14,21,0.349574217171
04/21/2022,FEU,Z24,22,0.341970610734
04/21/2022,FEU,Z14,22,0.341970610734
04/21/2022,FEU,Z24,23,0.323831005608
04/21/2022,FEU,Z14,23,0.275603283012
04/21/2022,FEU,Z24,24,0.26236765231
04/21/2022,FEU,Z14,24,0.26236765231
04/21/2022,FEU,Z24,3,0.196048809939
04/21/2022,FEU,Z14,3,0.196048809939
04/21/2022,FEU,Z24,4,0.202778264482
04/21/2022,FEU,Z14,4,0.202778264482
04/21/2022,FEU,Z24,5,0.209603936482
04/21/2022,FEU,Z14,5,0.209603936482
04/21/2022,FEU,Z24,6,0.222959508535
04/21/2022,FEU,Z14,6,0.222959508535
04/21/2022,FEU,Z24,7,0.227229052449
04/21/2022,FEU,Z14,7,0.227229052449
04/21/2022,FEU,Z24,8,0.25732349231
04/21/2022,FEU,Z14,8,0.25732349231
04/21/2022,FEU,Z24,9,0.293245720482
04/21/2022,FEU,Z14,9,0.293245720482
04/22/2022,FEU,Z24,1,0.268355746171
04/22/2022,FEU,Z14,1,0.268355746171
04/22/2022,FEU,Z24,10,0.295743811224
04/22/2022,FEU,Z14,10,0.295743811224
04/22/2022,FEU,Z24,11,0.302881860734
04/22/2022,FEU,Z14,11,0.35119080933
04/22/2022,FEU,Z24,12,0.32821659284
04/22/2022,FEU,Z14,12,0.32821659284
04/22/2022,FEU,Z24,13,0.324138323191
04/22/2022,FEU,Z14,13,0.324138323191
04/22/2022,FEU,Z24,14,0.322643504595
04/22/2022,FEU,Z14,14,0.322643504595
04/22/2022,FEU,Z24,15,0.324069079926
04/22/2022,FEU,Z14,15,0.27585087933
04/22/2022,FEU,Z24,16,0.27714388231
04/22/2022,FEU,Z14,16,0.27714388231
04/22/2022,FEU,Z24,17,0.278827619502
04/22/2022,FEU,Z14,17,0.278827619502
04/22/2022,FEU,Z24,18,0.278870218098
04/22/2022,FEU,Z14,18,0.278870218098
04/22/2022,FEU,Z24,19,0.279553111873
04/22/2022,FEU,Z14,19,0.328001957118
04/22/2022,FEU,Z24,2,0.255415741608
04/22/2022,FEU,Z14,2,0.255415741608
04/22/2022,FEU,Z24,20,0.33310149231
04/22/2022,FEU,Z14,20,0.33310149231
04/22/2022,FEU,Z24,21,0.332724364065
04/22/2022,FEU,Z14,21,0.332724364065
04/22/2022,FEU,Z24,22,0.335336403681
04/22/2022,FEU,Z14,22,0.335336403681
04/22/2022,FEU,Z24,23,0.334528644906
04/22/2022,FEU,Z14,23,0.28626523231
04/22/2022,FEU,Z24,24,0.273916041661
04/22/2022,FEU,Z14,24,0.273916041661
04/22/2022,FEU,Z24,3,0.241210061396
04/22/2022,FEU,Z14,3,0.241210061396
04/22/2022,FEU,Z24,4,0.23388463529
04/22/2022,FEU,Z14,4,0.23388463529
04/22/2022,FEU,Z24,5,0.230612026588
04/22/2022,FEU,Z14,5,0.230612026588
04/22/2022,FEU,Z24,6,0.246677086939
04/22/2022,FEU,Z14,6,0.246677086939
04/22/2022,FEU,Z24,7,0.276577732747
04/22/2022,FEU,Z14,7,0.276577732747
04/22/2022,FEU,Z24,8,0.298231189608
04/22/2022,FEU,Z14,8,0.298231189608
04/22/2022,FEU,Z24,9,0.333915958482
04/22/2022,FEU,Z14,9,0.333915958482
04/23/2022,FEU,Z24,1,0.22820826582
04/23/2022,FEU,Z14,1,0.22820826582
04/23/2022,FEU,Z24,10,0.106906092522
04/23/2022,FEU,Z14,10,0.106906092522
04/23/2022,FEU,Z24,11,0.086374606734
04/23/2022,FEU,Z14,11,0.086374606734
04/23/2022,FEU,Z24,12,0.028909960489
04/23/2022,FEU,Z14,12,0.028909960489
04/23/2022,FEU,Z24,13,0.026715152138
04/23/2022,FEU,Z14,13,0.026715152138
04/23/2022,FEU,Z24,14,0.026658781489
04/23/2022,FEU,Z14,14,0.026658781489
04/23/2022,FEU,Z24,15,0.026988505489
04/23/2022,FEU,Z14,15,0.026988505489
04/23/2022,FEU,Z24,16,0.025185899224
04/23/2022,FEU,Z14,16,0.025185899224
04/23/2022,FEU,Z24,17,0.025985424416
04/23/2022,FEU,Z14,17,0.025985424416
04/23/2022,FEU,Z24,18,0.026021708661
04/23/2022,FEU,Z14,18,0.026021708661
04/23/2022,FEU,Z24,19,0.032688700555
04/23/2022,FEU,Z14,19,0.032688700555
04/23/2022,FEU,Z24,2,0.224187973502
04/23/2022,FEU,Z14,2,0.224187973502
04/23/2022,FEU,Z24,20,0.050177424853
04/23/2022,FEU,Z14,20,0.050177424853
04/23/2022,FEU,Z24,21,0.165386536906
04/23/2022,FEU,Z14,21,0.165386536906
04/23/2022,FEU,Z24,22,0.218190475171
04/23/2022,FEU,Z14,22,0.218190475171
04/23/2022,FEU,Z24,23,0.231240577469
04/23/2022,FEU,Z14,23,0.231240577469
04/23/2022,FEU,Z24,24,0.218920437767
04/23/2022,FEU,Z14,24,0.218920437767
04/23/2022,FEU,Z24,3,0.222727139939
04/23/2022,FEU,Z14,3,0.222727139939
04/23/2022,FEU,Z24,4,0.197604805429
04/23/2022,FEU,Z14,4,0.197604805429
04/23/2022,FEU,Z24,5,0.180031189674
04/23/2022,FEU,Z14,5,0.180031189674
04/23/2022,FEU,Z24,6,0.175735846727
04/23/2022,FEU,Z14,6,0.175735846727
04/23/2022,FEU,Z24,7,0.189244042588
04/23/2022,FEU,Z14,7,0.189244042588
04/23/2022,FEU,Z24,8,0.170980607992
04/23/2022,FEU,Z14,8,0.170980607992
04/23/2022,FEU,Z24,9,0.127264981502
04/23/2022,FEU,Z14,9,0.127264981502
04/24/2022,FEU,Z24,1,0.196725103012
04/24/2022,FEU,Z14,1,0.196725103012
04/24/2022,FEU,Z24,10,0.204348026469
04/24/2022,FEU,Z14,10,0.204348026469
04/24/2022,FEU,Z24,11,0.164674779436
04/24/2022,FEU,Z14,11,0.164674779436
04/24/2022,FEU,Z24,12,0.152214101542
04/24/2022,FEU,Z14,12,0.152214101542
04/24/2022,FEU,Z24,13,0.155790952191
04/24/2022,FEU,Z14,13,0.155790952191
04/24/2022,FEU,Z24,14,0.17500127284
04/24/2022,FEU,Z14,14,0.17500127284
04/24/2022,FEU,Z24,15,0.16051519284
04/24/2022,FEU,Z14,15,0.16051519284
04/24/2022,FEU,Z24,16,0.15393434582
04/24/2022,FEU,Z14,16,0.15393434582
04/24/2022,FEU,Z24,17,0.148953607661
04/24/2022,FEU,Z14,17,0.148953607661
04/24/2022,FEU,Z24,18,0.161265702661
04/24/2022,FEU,Z14,18,0.161265702661
04/24/2022,FEU,Z24,19,0.221348645959
04/24/2022,FEU,Z14,19,0.221348645959
04/24/2022,FEU,Z24,2,0.170094446343
04/24/2022,FEU,Z14,2,0.170094446343
04/24/2022,FEU,Z24,20,0.256892629608
04/24/2022,FEU,Z14,20,0.256892629608
04/24/2022,FEU,Z24,21,0.280740463012
04/24/2022,FEU,Z14,21,0.280740463012
04/24/2022,FEU,Z24,22,0.312809412575
04/24/2022,FEU,Z14,22,0.312809412575
04/24/2022,FEU,Z24,23,0.312683834767
04/24/2022,FEU,Z14,23,0.312683834767
04/24/2022,FEU,Z24,24,0.302464189714
04/24/2022,FEU,Z14,24,0.302464189714
04/24/2022,FEU,Z24,3,0.17001131178
04/24/2022,FEU,Z14,3,0.17001131178
04/24/2022,FEU,Z24,4,0.17030618827
04/24/2022,FEU,Z14,4,0.17030618827
04/24/2022,FEU,Z24,5,0.164454241515
04/24/2022,FEU,Z14,5,0.164454241515
04/24/2022,FEU,Z24,6,0.176763490866
04/24/2022,FEU,Z14,6,0.176763490866
04/24/2022,FEU,Z24,7,0.194587901323
04/24/2022,FEU,Z14,7,0.194587901323
04/24/2022,FEU,Z24,8,0.201215082376
04/24/2022,FEU,Z14,8,0.201215082376
04/24/2022,FEU,Z24,9,0.218430214588
04/24/2022,FEU,Z14,9,0.218430214588
04/25/2022,FEU,Z24,1,0.330005056257
04/25/2022,FEU,Z14,1,0.330005056257
04/25/2022,FEU,Z24,10,0.31855134582
04/25/2022,FEU,Z14,10,0.31855134582
04/25/2022,FEU,Z24,11,0.295399049681
04/25/2022,FEU,Z14,11,0.343683641277
04/25/2022,FEU,Z24,12,0.320844390138
04/25/2022,FEU,Z14,12,0.320844390138
04/25/2022,FEU,Z24,13,0.295522613191
04/25/2022,FEU,Z14,13,0.295522613191
04/25/2022,FEU,Z24,14,0.291545014297
04/25/2022,FEU,Z14,14,0.291545014297
04/25/2022,FEU,Z24,15,0.287504826979
04/25/2022,FEU,Z14,15,0.239411842383
04/25/2022,FEU,Z24,16,0.238460566363
04/25/2022,FEU,Z14,16,0.238460566363
04/25/2022,FEU,Z24,17,0.240659116204
04/25/2022,FEU,Z14,17,0.240659116204
04/25/2022,FEU,Z24,18,0.253191090449
04/25/2022,FEU,Z14,18,0.253191090449
04/25/2022,FEU,Z24,19,0.282888354171
04/25/2022,FEU,Z14,19,0.331134963767
04/25/2022,FEU,Z24,2,0.328224082588
04/25/2022,FEU,Z14,2,0.328224082588
04/25/2022,FEU,Z24,20,0.360093124065
04/25/2022,FEU,Z14,20,0.360093124065
04/25/2022,FEU,Z24,21,0.408735979224
04/25/2022,FEU,Z14,21,0.408735979224
04/25/2022,FEU,Z24,22,0.391803082138
04/25/2022,FEU,Z14,22,0.391803082138
04/25/2022,FEU,Z24,23,0.385807143012
04/25/2022,FEU,Z14,23,0.337372816416
04/25/2022,FEU,Z24,24,0.315609515661
04/25/2022,FEU,Z14,24,0.315609515661
04/25/2022,FEU,Z24,3,0.318217495025
04/25/2022,FEU,Z14,3,0.318217495025
04/25/2022,FEU,Z24,4,0.308113528919
04/25/2022,FEU,Z14,4,0.308113528919
04/25/2022,FEU,Z24,5,0.301127603919
04/25/2022,FEU,Z14,5,0.301127603919
04/25/2022,FEU,Z24,6,0.297161639078
04/25/2022,FEU,Z14,6,0.297161639078
04/25/2022,FEU,Z24,7,0.299625733396
04/25/2022,FEU,Z14,7,0.299625733396
04/25/2022,FEU,Z24,8,0.324594496906
04/25/2022,FEU,Z14,8,0.324594496906
04/25/2022,FEU,Z24,9,0.369698778429
04/25/2022,FEU,Z14,9,0.369698778429
04/26/2022,FEU,Z24,1,0.29298318582
04/26/2022,FEU,Z14,1,0.29298318582
04/26/2022,FEU,Z24,10,0.326202329873
04/26/2022,FEU,Z14,10,0.326202329873
04/26/2022,FEU,Z24,11,0.31445385933
04/26/2022,FEU,Z14,11,0.362805209926
04/26/2022,FEU,Z24,12,0.349795859436
04/26/2022,FEU,Z14,12,0.349795859436
04/26/2022,FEU,Z24,13,0.342179310489
04/26/2022,FEU,Z14,13,0.342179310489
04/26/2022,FEU,Z24,14,0.331285532946
04/26/2022,FEU,Z14,14,0.331285532946
04/26/2022,FEU,Z24,15,0.323775380979
04/26/2022,FEU,Z14,15,0.275559667383
04/26/2022,FEU,Z24,16,0.278956341714
04/26/2022,FEU,Z14,16,0.278956341714
04/26/2022,FEU,Z24,17,0.283171502257
04/26/2022,FEU,Z14,17,0.283171502257
04/26/2022,FEU,Z24,18,0.303395005502
04/26/2022,FEU,Z14,18,0.303395005502
04/26/2022,FEU,Z24,19,0.306892467873
04/26/2022,FEU,Z14,19,0.355220860469
04/26/2022,FEU,Z24,2,0.290766756449
04/26/2022,FEU,Z14,2,0.290766756449
04/26/2022,FEU,Z24,20,0.371816067012
04/26/2022,FEU,Z14,20,0.371816067012
04/26/2022,FEU,Z24,21,0.39755866582
04/26/2022,FEU,Z14,21,0.39755866582
04/26/2022,FEU,Z24,22,0.397340742489
04/26/2022,FEU,Z14,22,0.397340742489
04/26/2022,FEU,Z24,23,0.387372406661
04/26/2022,FEU,Z14,23,0.338671664416
04/26/2022,FEU,Z24,24,0.330480567012
04/26/2022,FEU,Z14,24,0.330480567012
04/26/2022,FEU,Z24,3,0.28143642529
04/26/2022,FEU,Z14,3,0.28143642529
04/26/2022,FEU,Z24,4,0.269808693535
04/26/2022,FEU,Z14,4,0.269808693535
04/26/2022,FEU,Z24,5,0.273731636482
04/26/2022,FEU,Z14,5,0.273731636482
04/26/2022,FEU,Z24,6,0.294324442588
04/26/2022,FEU,Z14,6,0.294324442588
04/26/2022,FEU,Z24,7,0.313201416853
04/26/2022,FEU,Z14,7,0.313201416853
04/26/2022,FEU,Z24,8,0.314921599012
04/26/2022,FEU,Z14,8,0.314921599012
04/26/2022,FEU,Z24,9,0.347837767886
04/26/2022,FEU,Z14,9,0.347837767886
04/27/2022,FEU,Z24,1,0.263378541118
04/27/2022,FEU,Z14,1,0.263378541118
04/27/2022,FEU,Z24,10,0.334165422171
04/27/2022,FEU,Z14,10,0.334165422171
04/27/2022,FEU,Z24,11,0.31148439933
04/27/2022,FEU,Z14,11,0.360068712575
04/27/2022,FEU,Z24,12,0.335390195436
04/27/2022,FEU,Z14,12,0.335390195436
04/27/2022,FEU,Z24,13,0.323885433489
04/27/2022,FEU,Z14,13,0.323885433489
04/27/2022,FEU,Z24,14,0.313960487297
04/27/2022,FEU,Z14,14,0.313960487297
04/27/2022,FEU,Z24,15,0.308562796681
04/27/2022,FEU,Z14,15,0.260398956085
04/27/2022,FEU,Z24,16,0.261320944416
04/27/2022,FEU,Z14,16,0.261320944416
04/27/2022,FEU,Z24,17,0.263232789608
04/27/2022,FEU,Z14,17,0.263232789608
04/27/2022,FEU,Z24,18,0.282701606853
04/27/2022,FEU,Z14,18,0.282701606853
04/27/2022,FEU,Z24,19,0.30030736582
04/27/2022,FEU,Z14,19,0.348613512416
04/27/2022,FEU,Z24,2,0.259111380853
04/27/2022,FEU,Z14,2,0.259111380853
04/27/2022,FEU,Z24,20,0.363299456363
04/27/2022,FEU,Z14,20,0.363299456363
04/27/2022,FEU,Z24,21,0.383376147171
04/27/2022,FEU,Z14,21,0.383376147171
04/27/2022,FEU,Z24,22,0.380310796085
04/27/2022,FEU,Z14,22,0.380310796085
04/27/2022,FEU,Z24,23,0.36324419231
04/27/2022,FEU,Z14,23,0.314885025714
04/27/2022,FEU,Z24,24,0.304431726661
04/27/2022,FEU,Z14,24,0.304431726661
04/27/2022,FEU,Z24,3,0.251212343992
04/27/2022,FEU,Z14,3,0.251212343992
04/27/2022,FEU,Z24,4,0.250170194237
04/27/2022,FEU,Z14,4,0.250170194237
04/27/2022,FEU,Z24,5,0.252752159886
04/27/2022,FEU,Z14,5,0.252752159886
04/27/2022,FEU,Z24,6,0.266802695939
04/27/2022,FEU,Z14,6,0.266802695939
04/27/2022,FEU,Z24,7,0.302939701502
04/27/2022,FEU,Z14,7,0.302939701502
04/27/2022,FEU,Z24,8,0.31439589231
04/27/2022,FEU,Z14,8,0.31439589231
04/27/2022,FEU,Z24,9,0.360439181833
04/27/2022,FEU,Z14,9,0.360439181833
04/28/2022,FEU,Z24,1,0.272090372767
04/28/2022,FEU,Z14,1,0.272090372767
04/28/2022,FEU,Z24,10,0.332921937469
04/28/2022,FEU,Z14,10,0.332921937469
04/28/2022,FEU,Z24,11,0.299321132628
04/28/2022,FEU,Z14,11,0.347620435224
04/28/2022,FEU,Z24,12,0.332779343436
04/28/2022,FEU,Z14,12,0.332779343436
04/28/2022,FEU,Z24,13,0.32407075284
04/28/2022,FEU,Z14,13,0.32407075284
04/28/2022,FEU,Z24,14,0.313813529595
04/28/2022,FEU,Z14,14,0.313813529595
04/28/2022,FEU,Z24,15,0.313708720628
04/28/2022,FEU,Z14,15,0.265322743383
04/28/2022,FEU,Z24,16,0.268387054065
04/28/2022,FEU,Z14,16,0.268387054065
04/28/2022,FEU,Z24,17,0.270568915959
04/28/2022,FEU,Z14,17,0.270568915959
04/28/2022,FEU,Z24,18,0.295665288906
04/28/2022,FEU,Z14,18,0.295665288906
04/28/2022,FEU,Z24,19,0.305019396628
04/28/2022,FEU,Z14,19,0.353576508873
04/28/2022,FEU,Z24,2,0.260347207502
04/28/2022,FEU,Z14,2,0.260347207502
04/28/2022,FEU,Z24,20,0.367314095118
04/28/2022,FEU,Z14,20,0.367314095118
04/28/2022,FEU,Z24,21,0.383663823171
04/28/2022,FEU,Z14,21,0.383663823171
04/28/2022,FEU,Z24,22,0.395606610734
04/28/2022,FEU,Z14,22,0.395606610734
04/28/2022,FEU,Z24,23,0.381688301608
04/28/2022,FEU,Z14,23,0.333266427012
04/28/2022,FEU,Z24,24,0.30117236231
04/28/2022,FEU,Z14,24,0.30117236231
04/28/2022,FEU,Z24,3,0.253697253939
04/28/2022,FEU,Z14,3,0.253697253939
04/28/2022,FEU,Z24,4,0.260649098482
04/28/2022,FEU,Z14,4,0.260649098482
04/28/2022,FEU,Z24,5,0.259498088482
04/28/2022,FEU,Z14,5,0.259498088482
04/28/2022,FEU,Z24,6,0.278578563535
04/28/2022,FEU,Z14,6,0.278578563535
04/28/2022,FEU,Z24,7,0.312079702449
04/28/2022,FEU,Z14,7,0.312079702449
04/28/2022,FEU,Z24,8,0.32546170231
04/28/2022,FEU,Z14,8,0.32546170231
04/28/2022,FEU,Z24,9,0.361837390482
04/28/2022,FEU,Z14,9,0.361837390482
04/29/2022,FEU,Z24,1,0.254961127171
04/29/2022,FEU,Z14,1,0.254961127171
04/29/2022,FEU,Z24,10,0.311312875224
04/29/2022,FEU,Z14,10,0.311312875224
04/29/2022,FEU,Z24,11,0.283148476734
04/29/2022,FEU,Z14,11,0.33139089933
04/29/2022,FEU,Z24,12,0.31952587284
04/29/2022,FEU,Z14,12,0.31952587284
04/29/2022,FEU,Z24,13,0.308265818191
04/29/2022,FEU,Z14,13,0.308265818191
04/29/2022,FEU,Z24,14,0.303143639595
04/29/2022,FEU,Z14,14,0.303143639595
04/29/2022,FEU,Z24,15,0.301197211926
04/29/2022,FEU,Z14,15,0.25305576933
04/29/2022,FEU,Z24,16,0.25681035231
04/29/2022,FEU,Z14,16,0.25681035231
04/29/2022,FEU,Z24,17,0.268696133502
04/29/2022,FEU,Z14,17,0.268696133502
04/29/2022,FEU,Z24,18,0.277930254098
04/29/2022,FEU,Z14,18,0.277930254098
04/29/2022,FEU,Z24,19,0.277187341873
04/29/2022,FEU,Z14,19,0.325626137118
04/29/2022,FEU,Z24,2,0.255294157608
04/29/2022,FEU,Z14,2,0.255294157608
04/29/2022,FEU,Z24,20,0.34344259231
04/29/2022,FEU,Z14,20,0.34344259231
04/29/2022,FEU,Z24,21,0.381628129065
04/29/2022,FEU,Z14,21,0.381628129065
04/29/2022,FEU,Z24,22,0.381384482681
04/29/2022,FEU,Z14,22,0.381384482681
04/29/2022,FEU,Z24,23,0.371730102906
04/29/2022,FEU,Z14,23,0.32334206231
04/29/2022,FEU,Z24,24,0.298421331661
04/29/2022,FEU,Z14,24,0.298421331661
04/29/2022,FEU,Z24,3,0.256758517396
04/29/2022,FEU,Z14,3,0.256758517396
04/29/2022,FEU,Z24,4,0.25882152529
04/29/2022,FEU,Z14,4,0.25882152529
04/29/2022,FEU,Z24,5,0.261324106588
04/29/2022,FEU,Z14,5,0.261324106588
04/29/2022,FEU,Z24,6,0.270565272939
04/29/2022,FEU,Z14,6,0.270565272939
04/29/2022,FEU,Z24,7,0.288155404747
04/29/2022,FEU,Z14,7,0.288155404747
04/29/2022,FEU,Z24,8,0.302999189608
04/29/2022,FEU,Z14,8,0.302999189608
04/29/2022,FEU,Z24,9,0.338663722482
04/29/2022,FEU,Z14,9,0.338663722482
04/30/2022,FEU,Z24,1,0.25498364582
04/30/2022,FEU,Z14,1,0.25498364582
04/30/2022,FEU,Z24,10,0.242692974522
04/30/2022,FEU,Z14,10,0.242692974522
04/30/2022,FEU,Z24,11,0.220008700734
04/30/2022,FEU,Z14,11,0.220008700734
04/30/2022,FEU,Z24,12,0.215861146489
04/30/2022,FEU,Z14,12,0.215861146489
04/30/2022,FEU,Z24,13,0.216280346138
04/30/2022,FEU,Z14,13,0.216280346138
04/30/2022,FEU,Z24,14,0.213539146489
04/30/2022,FEU,Z14,14,0.213539146489
04/30/2022,FEU,Z24,15,0.206395513489
04/30/2022,FEU,Z14,15,0.206395513489
04/30/2022,FEU,Z24,16,0.200749763224
04/30/2022,FEU,Z14,16,0.200749763224
04/30/2022,FEU,Z24,17,0.186227984416
04/30/2022,FEU,Z14,17,0.186227984416
04/30/2022,FEU,Z24,18,0.179070977661
04/30/2022,FEU,Z14,18,0.179070977661
04/30/2022,FEU,Z24,19,0.212399970555
04/30/2022,FEU,Z14,19,0.212399970555
04/30/2022,FEU,Z24,2,0.241689555502
04/30/2022,FEU,Z14,2,0.241689555502
04/30/2022,FEU,Z24,20,0.224283468853
04/30/2022,FEU,Z14,20,0.224283468853
04/30/2022,FEU,Z24,21,0.265972678906
04/30/2022,FEU,Z14,21,0.265972678906
04/30/2022,FEU,Z24,22,0.284645989171
04/30/2022,FEU,Z14,22,0.284645989171
04/30/2022,FEU,Z24,23,0.269776607469
04/30/2022,FEU,Z14,23,0.269776607469
04/30/2022,FEU,Z24,24,0.242136812767
04/30/2022,FEU,Z14,24,0.242136812767
04/30/2022,FEU,Z24,3,0.245496361939
04/30/2022,FEU,Z14,3,0.245496361939
04/30/2022,FEU,Z24,4,0.246395965429
04/30/2022,FEU,Z14,4,0.246395965429
04/30/2022,FEU,Z24,5,0.250043145674
04/30/2022,FEU,Z14,5,0.250043145674
04/30/2022,FEU,Z24,6,0.254852939727
04/30/2022,FEU,Z14,6,0.254852939727
04/30/2022,FEU,Z24,7,0.260019994588
04/30/2022,FEU,Z14,7,0.260019994588
04/30/2022,FEU,Z24,8,0.265266215992
04/30/2022,FEU,Z14,8,0.265266215992
04/30/2022,FEU,Z24,9,0.267292013502
04/30/2022,FEU,Z14,9,0.267292013502
05/01/2022,FEU,Z24,1,0.25790650582
05/01/2022,FEU,Z14,1,0.25790650582
05/01/2022,FEU,Z24,10,0.239946064416
05/01/2022,FEU,Z14,10,0.239946064416
05/01/2022,FEU,Z24,11,0.230358498681
05/01/2022,FEU,Z14,11,0.230358498681
05/01/2022,FEU,Z24,12,0.220464135436
05/01/2022,FEU,Z14,12,0.220464135436
05/01/2022,FEU,Z24,13,0.217340303383
05/01/2022,FEU,Z14,13,0.217340303383
05/01/2022,FEU,Z24,14,0.197581442138
05/01/2022,FEU,Z14,14,0.197581442138
05/01/2022,FEU,Z24,15,0.185819483191
05/01/2022,FEU,Z14,15,0.185819483191
05/01/2022,FEU,Z24,16,0.180099037575
05/01/2022,FEU,Z14,16,0.180099037575
05/01/2022,FEU,Z24,17,0.16653674582
05/01/2022,FEU,Z14,17,0.16653674582
05/01/2022,FEU,Z24,18,0.140164566522
05/01/2022,FEU,Z14,18,0.140164566522
05/01/2022,FEU,Z24,19,0.181797897767
05/01/2022,FEU,Z14,19,0.181797897767
05/01/2022,FEU,Z24,2,0.255880499959
05/01/2022,FEU,Z14,2,0.255880499959
05/01/2022,FEU,Z24,20,0.218240399714
05/01/2022,FEU,Z14,20,0.218240399714
05/01/2022,FEU,Z24,21,0.266731191661
05/01/2022,FEU,Z14,21,0.266731191661
05/01/2022,FEU,Z24,22,0.282006875714
05/01/2022,FEU,Z14,22,0.282006875714
05/01/2022,FEU,Z24,23,0.277713439012
05/01/2022,FEU,Z14,23,0.277713439012
05/01/2022,FEU,Z24,24,0.264993438853
05/01/2022,FEU,Z14,24,0.264993438853
05/01/2022,FEU,Z24,3,0.2573891788
05/01/2022,FEU,Z14,3,0.2573891788
05/01/2022,FEU,Z24,4,0.256577627045
05/01/2022,FEU,Z14,4,0.256577627045
05/01/2022,FEU,Z24,5,0.264223711992
05/01/2022,FEU,Z14,5,0.264223711992
05/01/2022,FEU,Z24,6,0.269506318588
05/01/2022,FEU,Z14,6,0.269506318588
05/01/2022,FEU,Z24,7,0.261556413535
05/01/2022,FEU,Z14,7,0.261556413535
05/01/2022,FEU,Z24,8,0.262046144482
05/01/2022,FEU,Z14,8,0.262046144482
05/01/2022,FEU,Z24,9,0.249699168694
05/01/2022,FEU,Z14,9,0.249699168694
05/02/2022,FEU,Z24,1,0.248840358032
05/02/2022,FEU,Z14,1,0.248840358032
05/02/2022,FEU,Z24,10,0.279550424595
05/02/2022,FEU,Z14,10,0.279550424595
05/02/2022,FEU,Z24,11,0.25895374635
05/02/2022,FEU,Z14,11,0.307104616946
05/02/2022,FEU,Z24,12,0.278978678456
05/02/2022,FEU,Z14,12,0.278978678456
05/02/2022,FEU,Z24,13,0.298689201807
05/02/2022,FEU,Z14,13,0.298689201807
05/02/2022,FEU,Z24,14,0.30403765986
05/02/2022,FEU,Z14,14,0.30403765986
05/02/2022,FEU,Z24,15,0.300590523893
05/02/2022,FEU,Z14,15,0.252656020946
05/02/2022,FEU,Z24,16,0.239235835224
05/02/2022,FEU,Z14,16,0.239235835224
05/02/2022,FEU,Z24,17,0.233356903767
05/02/2022,FEU,Z14,17,0.233356903767
05/02/2022,FEU,Z24,18,0.224499394065
05/02/2022,FEU,Z14,18,0.224499394065
05/02/2022,FEU,Z24,19,0.22851391284
05/02/2022,FEU,Z14,19,0.276563963436
05/02/2022,FEU,Z24,2,0.253055549065
05/02/2022,FEU,Z14,2,0.253055549065
05/02/2022,FEU,Z24,20,0.278218007436
05/02/2022,FEU,Z14,20,0.278218007436
05/02/2022,FEU,Z24,21,0.32423663284
05/02/2022,FEU,Z14,21,0.32423663284
05/02/2022,FEU,Z24,22,0.333858541701
05/02/2022,FEU,Z14,22,0.333858541701
05/02/2022,FEU,Z24,23,0.33045255933
05/02/2022,FEU,Z14,23,0.282213344734
05/02/2022,FEU,Z24,24,0.279842037575
05/02/2022,FEU,Z14,24,0.279842037575
05/02/2022,FEU,Z24,3,0.253314244257
05/02/2022,FEU,Z14,3,0.253314244257
05/02/2022,FEU,Z24,4,0.257009448853
05/02/2022,FEU,Z14,4,0.257009448853
05/02/2022,FEU,Z24,5,0.259359104204
05/02/2022,FEU,Z14,5,0.259359104204
05/02/2022,FEU,Z24,6,0.271377803661
05/02/2022,FEU,Z14,6,0.271377803661
05/02/2022,FEU,Z24,7,0.266893937575
05/02/2022,FEU,Z14,7,0.266893937575
05/02/2022,FEU,Z24,8,0.267029622032
05/02/2022,FEU,Z14,8,0.267029622032
05/02/2022,FEU,Z24,9,0.291862251012
05/02/2022,FEU,Z14,9,0.291862251012
05/03/2022,FEU,Z24,1,0.197837210734
05/03/2022,FEU,Z14,1,0.197837210734
05/03/2022,FEU,Z24,10,0.269695656085
05/03/2022,FEU,Z14,10,0.269695656085
05/03/2022,FEU,Z24,11,0.239378618191
05/03/2022,FEU,Z14,11,0.287465539787
05/03/2022,FEU,Z24,12,0.308377661297
05/03/2022,FEU,Z14,12,0.308377661297
05/03/2022,FEU,Z24,13,0.310040164999
05/03/2022,FEU,Z14,13,0.310040164999
05/03/2022,FEU,Z24,14,0.308322938105
05/03/2022,FEU,Z14,14,0.308322938105
05/03/2022,FEU,Z24,15,0.297799979436
05/03/2022,FEU,Z14,15,0.24967579284
05/03/2022,FEU,Z24,16,0.267693478767
05/03/2022,FEU,Z14,16,0.267693478767
05/03/2022,FEU,Z24,17,0.269198749608
05/03/2022,FEU,Z14,17,0.269198749608
05/03/2022,FEU,Z24,18,0.269364913257
05/03/2022,FEU,Z14,18,0.269364913257
05/03/2022,FEU,Z24,19,0.266442976085
05/03/2022,FEU,Z14,19,0.314626399681
05/03/2022,FEU,Z24,2,0.204746613118
05/03/2022,FEU,Z14,2,0.204746613118
05/03/2022,FEU,Z24,20,0.324703179681
05/03/2022,FEU,Z14,20,0.324703179681
05/03/2022,FEU,Z24,21,0.331025834138
05/03/2022,FEU,Z14,21,0.331025834138
05/03/2022,FEU,Z24,22,0.34132244635
05/03/2022,FEU,Z14,22,0.34132244635
05/03/2022,FEU,Z24,23,0.332037956979
05/03/2022,FEU,Z14,23,0.283794019383
05/03/2022,FEU,Z24,24,0.270594173926
05/03/2022,FEU,Z14,24,0.270594173926
05/03/2022,FEU,Z24,3,0.239949541608
05/03/2022,FEU,Z14,3,0.239949541608
05/03/2022,FEU,Z24,4,0.245241625502
05/03/2022,FEU,Z14,4,0.245241625502
05/03/2022,FEU,Z24,5,0.2479115788
05/03/2022,FEU,Z14,5,0.2479115788
05/03/2022,FEU,Z24,6,0.249087665555
05/03/2022,FEU,Z14,6,0.249087665555
05/03/2022,FEU,Z24,7,0.206762339065
05/03/2022,FEU,Z14,7,0.206762339065
05/03/2022,FEU,Z24,8,0.252105194522
05/03/2022,FEU,Z14,8,0.252105194522
05/03/2022,FEU,Z24,9,0.283782962449
05/03/2022,FEU,Z14,9,0.283782962449
05/04/2022,FEU,Z24,1,0.253957116085
05/04/2022,FEU,Z14,1,0.253957116085
05/04/2022,FEU,Z24,10,0.273545850138
05/04/2022,FEU,Z14,10,0.273545850138
05/04/2022,FEU,Z24,11,0.260992519542
05/04/2022,FEU,Z14,11,0.309153508138
05/04/2022,FEU,Z24,12,0.298947219648
05/04/2022,FEU,Z14,12,0.298947219648
05/04/2022,FEU,Z24,13,0.316746771648
05/04/2022,FEU,Z14,13,0.316746771648
05/04/2022,FEU,Z24,14,0.315812333052
05/04/2022,FEU,Z14,14,0.315812333052
05/04/2022,FEU,Z24,15,0.319682324681
05/04/2022,FEU,Z14,15,0.271481601085
05/04/2022,FEU,Z24,16,0.277053997714
05/04/2022,FEU,Z14,16,0.277053997714
05/04/2022,FEU,Z24,17,0.27738545231
05/04/2022,FEU,Z14,17,0.27738545231
05/04/2022,FEU,Z24,18,0.277137469608
05/04/2022,FEU,Z14,18,0.277137469608
05/04/2022,FEU,Z24,19,0.271587616085
05/04/2022,FEU,Z14,19,0.319789872681
05/04/2022,FEU,Z24,2,0.251123920522
05/04/2022,FEU,Z14,2,0.251123920522
05/04/2022,FEU,Z24,20,0.320453864681
05/04/2022,FEU,Z14,20,0.320453864681
05/04/2022,FEU,Z24,21,0.329012409489
05/04/2022,FEU,Z14,21,0.329012409489
05/04/2022,FEU,Z24,22,0.33504229635
05/04/2022,FEU,Z14,22,0.33504229635
05/04/2022,FEU,Z24,23,0.32849163933
05/04/2022,FEU,Z14,23,0.280260294734
05/04/2022,FEU,Z24,24,0.272834165926
05/04/2022,FEU,Z14,24,0.272834165926
05/04/2022,FEU,Z24,3,0.254206483012
05/04/2022,FEU,Z14,3,0.254206483012
05/04/2022,FEU,Z24,4,0.257718556906
05/04/2022,FEU,Z14,4,0.257718556906
05/04/2022,FEU,Z24,5,0.258788612204
05/04/2022,FEU,Z14,5,0.258788612204
05/04/2022,FEU,Z24,6,0.258182877257
05/04/2022,FEU,Z14,6,0.258182877257
05/04/2022,FEU,Z24,7,0.25713950582
05/04/2022,FEU,Z14,7,0.25713950582
05/04/2022,FEU,Z24,8,0.259533992628
05/04/2022,FEU,Z14,8,0.259533992628
05/04/2022,FEU,Z24,9,0.291763930555
05/04/2022,FEU,Z14,9,0.291763930555
05/05/2022,FEU,Z24,1,0.246952498138
05/05/2022,FEU,Z14,1,0.246952498138
05/05/2022,FEU,Z24,10,0.277778088489
05/05/2022,FEU,Z14,10,0.277778088489
05/05/2022,FEU,Z24,11,0.270386215542
05/05/2022,FEU,Z14,11,0.318579652138
05/05/2022,FEU,Z24,12,0.281980879297
05/05/2022,FEU,Z14,12,0.281980879297
05/05/2022,FEU,Z24,13,0.294939446297
05/05/2022,FEU,Z14,13,0.294939446297
05/05/2022,FEU,Z24,14,0.293000416403
05/05/2022,FEU,Z14,14,0.293000416403
05/05/2022,FEU,Z24,15,0.276805202734
05/05/2022,FEU,Z14,15,0.228751912138
05/05/2022,FEU,Z24,16,0.231558736416
05/05/2022,FEU,Z14,16,0.231558736416
05/05/2022,FEU,Z24,17,0.229180474959
05/05/2022,FEU,Z14,17,0.229180474959
05/05/2022,FEU,Z24,18,0.231588568257
05/05/2022,FEU,Z14,18,0.231588568257
05/05/2022,FEU,Z24,19,0.240933462032
05/05/2022,FEU,Z14,19,0.289031088628
05/05/2022,FEU,Z24,2,0.241819815873
05/05/2022,FEU,Z14,2,0.241819815873
05/05/2022,FEU,Z24,20,0.311780387277
05/05/2022,FEU,Z14,20,0.311780387277
05/05/2022,FEU,Z24,21,0.334707481681
05/05/2022,FEU,Z14,21,0.334707481681
05/05/2022,FEU,Z24,22,0.344887730946
05/05/2022,FEU,Z14,22,0.344887730946
05/05/2022,FEU,Z24,23,0.335759394979
05/05/2022,FEU,Z14,23,0.287501578383
05/05/2022,FEU,Z24,24,0.278589487575
05/05/2022,FEU,Z14,24,0.278589487575
05/05/2022,FEU,Z24,3,0.237572339065
05/05/2022,FEU,Z14,3,0.237572339065
05/05/2022,FEU,Z24,4,0.247248237661
05/05/2022,FEU,Z14,4,0.247248237661
05/05/2022,FEU,Z24,5,0.255794769661
05/05/2022,FEU,Z14,5,0.255794769661
05/05/2022,FEU,Z24,6,0.254503344416
05/05/2022,FEU,Z14,6,0.254503344416
05/05/2022,FEU,Z24,7,0.253195520873
05/05/2022,FEU,Z14,7,0.253195520873
05/05/2022,FEU,Z24,8,0.261437320628
05/05/2022,FEU,Z14,8,0.261437320628
05/05/2022,FEU,Z24,9,0.294391508853
05/05/2022,FEU,Z14,9,0.294391508853
05/06/2022,FEU,Z24,1,0.267192439489
05/06/2022,FEU,Z14,1,0.267192439489
05/06/2022,FEU,Z24,10,0.27569111284
05/06/2022,FEU,Z14,10,0.27569111284
05/06/2022,FEU,Z24,11,0.271939378244
05/06/2022,FEU,Z14,11,0.32013835284
05/06/2022,FEU,Z24,12,0.31184334635
05/06/2022,FEU,Z14,12,0.31184334635
05/06/2022,FEU,Z24,13,0.308102557701
05/06/2022,FEU,Z14,13,0.308102557701
05/06/2022,FEU,Z24,14,0.296295406456
05/06/2022,FEU,Z14,14,0.296295406456
05/06/2022,FEU,Z24,15,0.281832564138
05/06/2022,FEU,Z14,15,0.233941749191
05/06/2022,FEU,Z24,16,0.233621481171
05/06/2022,FEU,Z14,16,0.233621481171
05/06/2022,FEU,Z24,17,0.223873714065
05/06/2022,FEU,Z14,17,0.223873714065
05/06/2022,FEU,Z24,18,0.222875944065
05/06/2022,FEU,Z14,18,0.222875944065
05/06/2022,FEU,Z24,19,0.227071413489
05/06/2022,FEU,Z14,19,0.275117121085
05/06/2022,FEU,Z24,2,0.266586021926
05/06/2022,FEU,Z14,2,0.266586021926
05/06/2022,FEU,Z24,20,0.321707394979
05/06/2022,FEU,Z14,20,0.321707394979
05/06/2022,FEU,Z24,21,0.331763615277
05/06/2022,FEU,Z14,21,0.331763615277
05/06/2022,FEU,Z24,22,0.352225529191
05/06/2022,FEU,Z14,22,0.352225529191
05/06/2022,FEU,Z24,23,0.34893322582
05/06/2022,FEU,Z14,23,0.300395137575
05/06/2022,FEU,Z24,24,0.285725028171
05/06/2022,FEU,Z14,24,0.285725028171
05/06/2022,FEU,Z24,3,0.262782528767
05/06/2022,FEU,Z14,3,0.262782528767
05/06/2022,FEU,Z24,4,0.26148016231
05/06/2022,FEU,Z14,4,0.26148016231
05/06/2022,FEU,Z24,5,0.26430641231
05/06/2022,FEU,Z14,5,0.26430641231
05/06/2022,FEU,Z24,6,0.270646027012
05/06/2022,FEU,Z14,6,0.270646027012
05/06/2022,FEU,Z24,7,0.269625731224
05/06/2022,FEU,Z14,7,0.269625731224
05/06/2022,FEU,Z24,8,0.272774494681
05/06/2022,FEU,Z14,8,0.272774494681
05/06/2022,FEU,Z24,9,0.297693891257
05/06/2022,FEU,Z14,9,0.297693891257
05/07/2022,FEU,Z24,1,0.25794144635
05/07/2022,FEU,Z14,1,0.25794144635
05/07/2022,FEU,Z24,10,0.213972639297
05/07/2022,FEU,Z14,10,0.213972639297
05/07/2022,FEU,Z24,11,0.197271165403
05/07/2022,FEU,Z14,11,0.197271165403
05/07/2022,FEU,Z24,12,0.189064961264
05/07/2022,FEU,Z14,12,0.189064961264
05/07/2022,FEU,Z24,13,0.187624413913
05/07/2022,FEU,Z14,13,0.187624413913
05/07/2022,FEU,Z24,14,0.187727889264
05/07/2022,FEU,Z14,14,0.187727889264
05/07/2022,FEU,Z24,15,0.183690545264
05/07/2022,FEU,Z14,15,0.183690545264
05/07/2022,FEU,Z24,16,0.188055196489
05/07/2022,FEU,Z14,16,0.188055196489
05/07/2022,FEU,Z24,17,0.18738814933
05/07/2022,FEU,Z14,17,0.18738814933
05/07/2022,FEU,Z24,18,0.188987796628
05/07/2022,FEU,Z14,18,0.188987796628
05/07/2022,FEU,Z24,19,0.203943842522
05/07/2022,FEU,Z14,19,0.203943842522
05/07/2022,FEU,Z24,2,0.255610560138
05/07/2022,FEU,Z14,2,0.255610560138
05/07/2022,FEU,Z24,20,0.256941164065
05/07/2022,FEU,Z14,20,0.256941164065
05/07/2022,FEU,Z24,21,0.270294929065
05/07/2022,FEU,Z14,21,0.270294929065
05/07/2022,FEU,Z24,22,0.27860017933
05/07/2022,FEU,Z14,22,0.27860017933
05/07/2022,FEU,Z24,23,0.271464518032
05/07/2022,FEU,Z14,23,0.271464518032
05/07/2022,FEU,Z24,24,0.254389526032
05/07/2022,FEU,Z14,24,0.254389526032
05/07/2022,FEU,Z24,3,0.255914551979
05/07/2022,FEU,Z14,3,0.255914551979
05/07/2022,FEU,Z24,4,0.255392992522
05/07/2022,FEU,Z14,4,0.255392992522
05/07/2022,FEU,Z24,5,0.255476350171
05/07/2022,FEU,Z14,5,0.255476350171
05/07/2022,FEU,Z24,6,0.256635620469
05/07/2022,FEU,Z14,6,0.256635620469
05/07/2022,FEU,Z24,7,0.257174957873
05/07/2022,FEU,Z14,7,0.257174957873
05/07/2022,FEU,Z24,8,0.261086266522
05/07/2022,FEU,Z14,8,0.261086266522
05/07/2022,FEU,Z24,9,0.25548565933
05/07/2022,FEU,Z14,9,0.25548565933
05/08/2022,FEU,Z24,1,0.262304184734
05/08/2022,FEU,Z14,1,0.262304184734
05/08/2022,FEU,Z24,10,0.213074880787
05/08/2022,FEU,Z14,10,0.213074880787
05/08/2022,FEU,Z24,11,0.179622257701
05/08/2022,FEU,Z14,11,0.179622257701
05/08/2022,FEU,Z24,12,0.159549285211
05/08/2022,FEU,Z14,12,0.159549285211
05/08/2022,FEU,Z24,13,0.165460756807
05/08/2022,FEU,Z14,13,0.165460756807
05/08/2022,FEU,Z24,14,0.153090067807
05/08/2022,FEU,Z14,14,0.153090067807
05/08/2022,FEU,Z24,15,0.146603542807
05/08/2022,FEU,Z14,15,0.146603542807
05/08/2022,FEU,Z24,16,0.130750211085
05/08/2022,FEU,Z14,16,0.130750211085
05/08/2022,FEU,Z24,17,0.154515981277
05/08/2022,FEU,Z14,17,0.154515981277
05/08/2022,FEU,Z24,18,0.194437562575
05/08/2022,FEU,Z14,18,0.194437562575
05/08/2022,FEU,Z24,19,0.229812722522
05/08/2022,FEU,Z14,19,0.229812722522
05/08/2022,FEU,Z24,2,0.250154325118
05/08/2022,FEU,Z14,2,0.250154325118
05/08/2022,FEU,Z24,20,0.26043406582
05/08/2022,FEU,Z14,20,0.26043406582
05/08/2022,FEU,Z24,21,0.274278812575
05/08/2022,FEU,Z14,21,0.274278812575
05/08/2022,FEU,Z24,22,0.28746791284
05/08/2022,FEU,Z14,22,0.28746791284
05/08/2022,FEU,Z24,23,0.272314494191
05/08/2022,FEU,Z14,23,0.272314494191
05/08/2022,FEU,Z24,24,0.264647434138
05/08/2022,FEU,Z14,24,0.264647434138
05/08/2022,FEU,Z24,3,0.252700174906
05/08/2022,FEU,Z14,3,0.252700174906
05/08/2022,FEU,Z24,4,0.248676510449
05/08/2022,FEU,Z14,4,0.248676510449
05/08/2022,FEU,Z24,5,0.246203185747
05/08/2022,FEU,Z14,5,0.246203185747
05/08/2022,FEU,Z24,6,0.249613060098
05/08/2022,FEU,Z14,6,0.249613060098
05/08/2022,FEU,Z24,7,0.247921081449
05/08/2022,FEU,Z14,7,0.247921081449
05/08/2022,FEU,Z24,8,0.249534517396
05/08/2022,FEU,Z14,8,0.249534517396
05/08/2022,FEU,Z24,9,0.241981431363
05/08/2022,FEU,Z14,9,0.241981431363
05/09/2022,FEU,Z24,1,0.261480454032
05/09/2022,FEU,Z14,1,0.261480454032
05/09/2022,FEU,Z24,10,0.289282454595
05/09/2022,FEU,Z14,10,0.289282454595
05/09/2022,FEU,Z24,11,0.26619299635
05/09/2022,FEU,Z14,11,0.314367892946
05/09/2022,FEU,Z24,12,0.310302542456
05/09/2022,FEU,Z14,12,0.310302542456
05/09/2022,FEU,Z24,13,0.314262576807
05/09/2022,FEU,Z14,13,0.314262576807
05/09/2022,FEU,Z24,14,0.31289203986
05/09/2022,FEU,Z14,14,0.31289203986
05/09/2022,FEU,Z24,15,0.308284573893
05/09/2022,FEU,Z14,15,0.260330120946
05/09/2022,FEU,Z24,16,0.256142011224
05/09/2022,FEU,Z14,16,0.256142011224
05/09/2022,FEU,Z24,17,0.264907513767
05/09/2022,FEU,Z14,17,0.264907513767
05/09/2022,FEU,Z24,18,0.276591994065
05/09/2022,FEU,Z14,18,0.276591994065
05/09/2022,FEU,Z24,19,0.27578507284
05/09/2022,FEU,Z14,19,0.323998127436
05/09/2022,FEU,Z24,2,0.254956289065
05/09/2022,FEU,Z14,2,0.254956289065
05/09/2022,FEU,Z24,20,0.330947207436
05/09/2022,FEU,Z14,20,0.330947207436
05/09/2022,FEU,Z24,21,0.34724755284
05/09/2022,FEU,Z14,21,0.34724755284
05/09/2022,FEU,Z24,22,0.371477950701
05/09/2022,FEU,Z14,22,0.371477950701
05/09/2022,FEU,Z24,23,0.35483769933
05/09/2022,FEU,Z14,23,0.306516282734
05/09/2022,FEU,Z24,24,0.291640212575
05/09/2022,FEU,Z14,24,0.291640212575
05/09/2022,FEU,Z24,3,0.253991868257
05/09/2022,FEU,Z14,3,0.253991868257
05/09/2022,FEU,Z24,4,0.249268449853
05/09/2022,FEU,Z14,4,0.249268449853
05/09/2022,FEU,Z24,5,0.252256060204
05/09/2022,FEU,Z14,5,0.252256060204
05/09/2022,FEU,Z24,6,0.268964133661
05/09/2022,FEU,Z14,6,0.268964133661
05/09/2022,FEU,Z24,7,0.277105862575
05/09/2022,FEU,Z14,7,0.277105862575
05/09/2022,FEU,Z24,8,0.284639558032
05/09/2022,FEU,Z14,8,0.284639558032
05/09/2022,FEU,Z24,9,0.307939455012
05/09/2022,FEU,Z14,9,0.307939455012
05/10/2022,FEU,Z24,1,0.266198624734
05/10/2022,FEU,Z14,1,0.266198624734
05/10/2022,FEU,Z24,10,0.292321121085
05/10/2022,FEU,Z14,10,0.292321121085
05/10/2022,FEU,Z24,11,0.279066255191
05/10/2022,FEU,Z14,11,0.327291311787
05/10/2022,FEU,Z24,12,0.315611583297
05/10/2022,FEU,Z14,12,0.315611583297
05/10/2022,FEU,Z24,13,0.308357402999
05/10/2022,FEU,Z14,13,0.308357402999
05/10/2022,FEU,Z24,14,0.297186668105
05/10/2022,FEU,Z14,14,0.297186668105
05/10/2022,FEU,Z24,15,0.299170007436
05/10/2022,FEU,Z14,15,0.25104227284
05/10/2022,FEU,Z24,16,0.245847017767
05/10/2022,FEU,Z14,16,0.245847017767
05/10/2022,FEU,Z24,17,0.250768045608
05/10/2022,FEU,Z14,17,0.250768045608
05/10/2022,FEU,Z24,18,0.266809507257
05/10/2022,FEU,Z14,18,0.266809507257
05/10/2022,FEU,Z24,19,0.280932081085
05/10/2022,FEU,Z14,19,0.329165252681
05/10/2022,FEU,Z24,2,0.257714397118
05/10/2022,FEU,Z14,2,0.257714397118
05/10/2022,FEU,Z24,20,0.336856103681
05/10/2022,FEU,Z14,20,0.336856103681
05/10/2022,FEU,Z24,21,0.351575804138
05/10/2022,FEU,Z14,21,0.351575804138
05/10/2022,FEU,Z24,22,0.35576529635
05/10/2022,FEU,Z14,22,0.35576529635
05/10/2022,FEU,Z24,23,0.351832540979
05/10/2022,FEU,Z14,23,0.303519820383
05/10/2022,FEU,Z24,24,0.299150549926
05/10/2022,FEU,Z14,24,0.299150549926
05/10/2022,FEU,Z24,3,0.251253277608
05/10/2022,FEU,Z14,3,0.251253277608
05/10/2022,FEU,Z24,4,0.253025031502
05/10/2022,FEU,Z14,4,0.253025031502
05/10/2022,FEU,Z24,5,0.2538935788
05/10/2022,FEU,Z14,5,0.2538935788
05/10/2022,FEU,Z24,6,0.257300900555
05/10/2022,FEU,Z14,6,0.257300900555
05/10/2022,FEU,Z24,7,0.280605614065
05/10/2022,FEU,Z14,7,0.280605614065
05/10/2022,FEU,Z24,8,0.290553936522
05/10/2022,FEU,Z14,8,0.290553936522
05/10/2022,FEU,Z24,9,0.318679218449
05/10/2022,FEU,Z14,9,0.318679218449
05/11/2022,FEU,Z24,1,0.254560586085
05/11/2022,FEU,Z14,1,0.254560586085
05/11/2022,FEU,Z24,10,0.269321980138
05/11/2022,FEU,Z14,10,0.269321980138
05/11/2022,FEU,Z24,11,0.245862091542
05/11/2022,FEU,Z14,11,0.293970816138
05/11/2022,FEU,Z24,12,0.281813523648
05/11/2022,FEU,Z14,12,0.281813523648
05/11/2022,FEU,Z24,13,0.275603091648
05/11/2022,FEU,Z14,13,0.275603091648
05/11/2022,FEU,Z24,14,0.272514365052
05/11/2022,FEU,Z14,14,0.272514365052
05/11/2022,FEU,Z24,15,0.273064942681
05/11/2022,FEU,Z14,15,0.225023731085
05/11/2022,FEU,Z24,16,0.220920617714
05/11/2022,FEU,Z14,16,0.220920617714
05/11/2022,FEU,Z24,17,0.22211352231
05/11/2022,FEU,Z14,17,0.22211352231
05/11/2022,FEU,Z24,18,0.224738341608
05/11/2022,FEU,Z14,18,0.224738341608
05/11/2022,FEU,Z24,19,0.234095586085
05/11/2022,FEU,Z14,19,0.282167945681
05/11/2022,FEU,Z24,2,0.241449006522
05/11/2022,FEU,Z14,2,0.241449006522
05/11/2022,FEU,Z24,20,0.289679939681
05/11/2022,FEU,Z14,20,0.289679939681
05/11/2022,FEU,Z24,21,0.337098774489
05/11/2022,FEU,Z14,21,0.337098774489
05/11/2022,FEU,Z24,22,0.33679259635
05/11/2022,FEU,Z14,22,0.33679259635
05/11/2022,FEU,Z24,23,0.32543910933
05/11/2022,FEU,Z14,23,0.277218200734
05/11/2022,FEU,Z24,24,0.263645267926
05/11/2022,FEU,Z14,24,0.263645267926
05/11/2022,FEU,Z24,3,0.235247191012
05/11/2022,FEU,Z14,3,0.235247191012
05/11/2022,FEU,Z24,4,0.229983130906
05/11/2022,FEU,Z14,4,0.229983130906
05/11/2022,FEU,Z24,5,0.230897892204
05/11/2022,FEU,Z14,5,0.230897892204
05/11/2022,FEU,Z24,6,0.237338781257
05/11/2022,FEU,Z14,6,0.237338781257
05/11/2022,FEU,Z24,7,0.26901148582
05/11/2022,FEU,Z14,7,0.26901148582
05/11/2022,FEU,Z24,8,0.278487576628
05/11/2022,FEU,Z14,8,0.278487576628
05/11/2022,FEU,Z24,9,0.304575525555
05/11/2022,FEU,Z14,9,0.304575525555
05/12/2022,FEU,Z24,1,0.207939510138
05/12/2022,FEU,Z14,1,0.207939510138
05/12/2022,FEU,Z24,10,0.280689876489
05/12/2022,FEU,Z14,10,0.280689876489
05/12/2022,FEU,Z24,11,0.273277741542
05/12/2022,FEU,Z14,11,0.321481166138
05/12/2022,FEU,Z24,12,0.298720133297
05/12/2022,FEU,Z14,12,0.298720133297
05/12/2022,FEU,Z24,13,0.285504447297
05/12/2022,FEU,Z14,13,0.285504447297
05/12/2022,FEU,Z24,14,0.273995773403
05/12/2022,FEU,Z14,14,0.273995773403
05/12/2022,FEU,Z24,15,0.276177894734
05/12/2022,FEU,Z14,15,0.228126756138
05/12/2022,FEU,Z24,16,0.230621008416
05/12/2022,FEU,Z14,16,0.230621008416
05/12/2022,FEU,Z24,17,0.231851887959
05/12/2022,FEU,Z14,17,0.231851887959
05/12/2022,FEU,Z24,18,0.234374223257
05/12/2022,FEU,Z14,18,0.234374223257
05/12/2022,FEU,Z24,19,0.255138678032
05/12/2022,FEU,Z14,19,0.303284952628
05/12/2022,FEU,Z24,2,0.209831309873
05/12/2022,FEU,Z14,2,0.209831309873
05/12/2022,FEU,Z24,20,0.319474094277
05/12/2022,FEU,Z14,20,0.319474094277
05/12/2022,FEU,Z24,21,0.333781633681
05/12/2022,FEU,Z14,21,0.333781633681
05/12/2022,FEU,Z24,22,0.345977106946
05/12/2022,FEU,Z14,22,0.345977106946
05/12/2022,FEU,Z24,23,0.346327669979
05/12/2022,FEU,Z14,23,0.298034920383
05/12/2022,FEU,Z24,24,0.287178737575
05/12/2022,FEU,Z14,24,0.287178737575
05/12/2022,FEU,Z24,3,0.210599369065
05/12/2022,FEU,Z14,3,0.210599369065
05/12/2022,FEU,Z24,4,0.208825702661
05/12/2022,FEU,Z14,4,0.208825702661
05/12/2022,FEU,Z24,5,0.211058644661
05/12/2022,FEU,Z14,5,0.211058644661
05/12/2022,FEU,Z24,6,0.220677648416
05/12/2022,FEU,Z14,6,0.220677648416
05/12/2022,FEU,Z24,7,0.262300792873
05/12/2022,FEU,Z14,7,0.262300792873
05/12/2022,FEU,Z24,8,0.260437604628
05/12/2022,FEU,Z14,8,0.260437604628
05/12/2022,FEU,Z24,9,0.295169558853
05/12/2022,FEU,Z14,9,0.295169558853
05/13/2022,FEU,Z24,1,0.257409853489
05/13/2022,FEU,Z14,1,0.257409853489
05/13/2022,FEU,Z24,10,0.29770095284
05/13/2022,FEU,Z14,10,0.29770095284
05/13/2022,FEU,Z24,11,0.276540258244
05/13/2022,FEU,Z14,11,0.32475399284
05/13/2022,FEU,Z24,12,0.31540374635
05/13/2022,FEU,Z14,12,0.31540374635
05/13/2022,FEU,Z24,13,0.308312824701
05/13/2022,FEU,Z14,13,0.308312824701
05/13/2022,FEU,Z24,14,0.298362614456
05/13/2022,FEU,Z14,14,0.298362614456
05/13/2022,FEU,Z24,15,0.278045606138
05/13/2022,FEU,Z14,15,0.230164568191
05/13/2022,FEU,Z24,16,0.232341087171
05/13/2022,FEU,Z14,16,0.232341087171
05/13/2022,FEU,Z24,17,0.233738839065
05/13/2022,FEU,Z14,17,0.233738839065
05/13/2022,FEU,Z24,18,0.232246924065
05/13/2022,FEU,Z14,18,0.232246924065
05/13/2022,FEU,Z24,19,0.264600738489
05/13/2022,FEU,Z14,19,0.312775746085
05/13/2022,FEU,Z24,2,0.252581375926
05/13/2022,FEU,Z14,2,0.252581375926
05/13/2022,FEU,Z24,20,0.342499670979
05/13/2022,FEU,Z14,20,0.342499670979
05/13/2022,FEU,Z24,21,0.350353319277
05/13/2022,FEU,Z14,21,0.350353319277
05/13/2022,FEU,Z24,22,0.348601336191
05/13/2022,FEU,Z14,22,0.348601336191
05/13/2022,FEU,Z24,23,0.34810604582
05/13/2022,FEU,Z14,23,0.299572637575
05/13/2022,FEU,Z24,24,0.298676343171
05/13/2022,FEU,Z14,24,0.298676343171
05/13/2022,FEU,Z24,3,0.238869366767
05/13/2022,FEU,Z14,3,0.238869366767
05/13/2022,FEU,Z24,4,0.22772462231
05/13/2022,FEU,Z14,4,0.22772462231
05/13/2022,FEU,Z24,5,0.23650801231
05/13/2022,FEU,Z14,5,0.23650801231
05/13/2022,FEU,Z24,6,0.256160743012
05/13/2022,FEU,Z14,6,0.256160743012
05/13/2022,FEU,Z24,7,0.280192091224
05/13/2022,FEU,Z14,7,0.280192091224
05/13/2022,FEU,Z24,8,0.294267728681
05/13/2022,FEU,Z14,8,0.294267728681
05/13/2022,FEU,Z24,9,0.320209380257
05/13/2022,FEU,Z14,9,0.320209380257
05/14/2022,FEU,Z24,1,0.26606734635
05/14/2022,FEU,Z14,1,0.26606734635
05/14/2022,FEU,Z24,10,0.204537640297
05/14/2022,FEU,Z14,10,0.204537640297
05/14/2022,FEU,Z24,11,0.199367881403
05/14/2022,FEU,Z14,11,0.199367881403
05/14/2022,FEU,Z24,12,0.197115793264
05/14/2022,FEU,Z14,12,0.197115793264
05/14/2022,FEU,Z24,13,0.196570329913
05/14/2022,FEU,Z14,13,0.196570329913
05/14/2022,FEU,Z24,14,0.179976961264
05/14/2022,FEU,Z14,14,0.179976961264
05/14/2022,FEU,Z24,15,0.174015233264
05/14/2022,FEU,Z14,15,0.174015233264
05/14/2022,FEU,Z24,16,0.175573285489
05/14/2022,FEU,Z14,16,0.175573285489
05/14/2022,FEU,Z24,17,0.18988141933
05/14/2022,FEU,Z14,17,0.18988141933
05/14/2022,FEU,Z24,18,0.204955124628
05/14/2022,FEU,Z14,18,0.204955124628
05/14/2022,FEU,Z24,19,0.257091668522
05/14/2022,FEU,Z14,19,0.257091668522
05/14/2022,FEU,Z24,2,0.268446012138
05/14/2022,FEU,Z14,2,0.268446012138
05/14/2022,FEU,Z24,20,0.279377954065
05/14/2022,FEU,Z14,20,0.279377954065
05/14/2022,FEU,Z24,21,0.296654069065
05/14/2022,FEU,Z14,21,0.296654069065
05/14/2022,FEU,Z24,22,0.29489710933
05/14/2022,FEU,Z14,22,0.29489710933
05/14/2022,FEU,Z24,23,0.290034550032
05/14/2022,FEU,Z14,23,0.290034550032
05/14/2022,FEU,Z24,24,0.273397558032
05/14/2022,FEU,Z14,24,0.273397558032
05/14/2022,FEU,Z24,3,0.262203992979
05/14/2022,FEU,Z14,3,0.262203992979
05/14/2022,FEU,Z24,4,0.268117748522
05/14/2022,FEU,Z14,4,0.268117748522
05/14/2022,FEU,Z24,5,0.254207746171
05/14/2022,FEU,Z14,5,0.254207746171
05/14/2022,FEU,Z24,6,0.247450983469
05/14/2022,FEU,Z14,6,0.247450983469
05/14/2022,FEU,Z24,7,0.253434451873
05/14/2022,FEU,Z14,7,0.253434451873
05/14/2022,FEU,Z24,8,0.244522408522
05/14/2022,FEU,Z14,8,0.244522408522
05/14/2022,FEU,Z24,9,0.23158606933
05/14/2022,FEU,Z14,9,0.23158606933
05/15/2022,FEU,Z24,1,0.267204882734
05/15/2022,FEU,Z14,1,0.267204882734
05/15/2022,FEU,Z24,10,0.156377467787
05/15/2022,FEU,Z14,10,0.156377467787
05/15/2022,FEU,Z24,11,0.133149803701
05/15/2022,FEU,Z14,11,0.133149803701
05/15/2022,FEU,Z24,12,0.126234674211
05/15/2022,FEU,Z14,12,0.126234674211
05/15/2022,FEU,Z24,13,0.109018273807
05/15/2022,FEU,Z14,13,0.109018273807
05/15/2022,FEU,Z24,14,0.075354637807
05/15/2022,FEU,Z14,14,0.075354637807
05/15/2022,FEU,Z24,15,0.043235194807
05/15/2022,FEU,Z14,15,0.043235194807
05/15/2022,FEU,Z24,16,0.028656601085
05/15/2022,FEU,Z14,16,0.028656601085
05/15/2022,FEU,Z24,17,0.027117624277
05/15/2022,FEU,Z14,17,0.027117624277
05/15/2022,FEU,Z24,18,0.027552312575
05/15/2022,FEU,Z14,18,0.027552312575
05/15/2022,FEU,Z24,19,0.044884392522
05/15/2022,FEU,Z14,19,0.044884392522
05/15/2022,FEU,Z24,2,0.251786667118
05/15/2022,FEU,Z14,2,0.251786667118
05/15/2022,FEU,Z24,20,0.20592632582
05/15/2022,FEU,Z14,20,0.20592632582
05/15/2022,FEU,Z24,21,0.269507137575
05/15/2022,FEU,Z14,21,0.269507137575
05/15/2022,FEU,Z24,22,0.27416039284
05/15/2022,FEU,Z14,22,0.27416039284
05/15/2022,FEU,Z24,23,0.264949049191
05/15/2022,FEU,Z14,23,0.264949049191
05/15/2022,FEU,Z24,24,0.246952498138
05/15/2022,FEU,Z14,24,0.246952498138
05/15/2022,FEU,Z24,3,0.242650276906
05/15/2022,FEU,Z14,3,0.242650276906
05/15/2022,FEU,Z24,4,0.234155219449
05/15/2022,FEU,Z14,4,0.234155219449
05/15/2022,FEU,Z24,5,0.231095911747
05/15/2022,FEU,Z14,5,0.231095911747
05/15/2022,FEU,Z24,6,0.231321024098
05/15/2022,FEU,Z14,6,0.231321024098
05/15/2022,FEU,Z24,7,0.223120431449
05/15/2022,FEU,Z14,7,0.223120431449
05/15/2022,FEU,Z24,8,0.219330973396
05/15/2022,FEU,Z14,8,0.219330973396
05/15/2022,FEU,Z24,9,0.213468504363
05/15/2022,FEU,Z14,9,0.213468504363
05/16/2022,FEU,Z24,1,0.230969958032
05/16/2022,FEU,Z14,1,0.230969958032
05/16/2022,FEU,Z24,10,0.302661974595
05/16/2022,FEU,Z14,10,0.302661974595
05/16/2022,FEU,Z24,11,0.27903504635
05/16/2022,FEU,Z14,11,0.327255764946
05/16/2022,FEU,Z24,12,0.299757150456
05/16/2022,FEU,Z14,12,0.299757150456
05/16/2022,FEU,Z24,13,0.293166225807
05/16/2022,FEU,Z14,13,0.293166225807
05/16/2022,FEU,Z24,14,0.28031197986
05/16/2022,FEU,Z14,14,0.28031197986
05/16/2022,FEU,Z24,15,0.274220179893
05/16/2022,FEU,Z14,15,0.226354052946
05/16/2022,FEU,Z24,16,0.229732579224
05/16/2022,FEU,Z14,16,0.229732579224
05/16/2022,FEU,Z24,17,0.231219222767
05/16/2022,FEU,Z14,17,0.231219222767
05/16/2022,FEU,Z24,18,0.231765814065
05/16/2022,FEU,Z14,18,0.231765814065
05/16/2022,FEU,Z24,19,0.23237671284
05/16/2022,FEU,Z14,19,0.280440083436
05/16/2022,FEU,Z24,2,0.222834494065
05/16/2022,FEU,Z14,2,0.222834494065
05/16/2022,FEU,Z24,20,0.319165199436
05/16/2022,FEU,Z14,20,0.319165199436
05/16/2022,FEU,Z24,21,0.35193511284
05/16/2022,FEU,Z14,21,0.35193511284
05/16/2022,FEU,Z24,22,0.367266865701
05/16/2022,FEU,Z14,22,0.367266865701
05/16/2022,FEU,Z24,23,0.36311661933
05/16/2022,FEU,Z14,23,0.314766898734
05/16/2022,FEU,Z24,24,0.307266537575
05/16/2022,FEU,Z14,24,0.307266537575
05/16/2022,FEU,Z24,3,0.224015357257
05/16/2022,FEU,Z14,3,0.224015357257
05/16/2022,FEU,Z24,4,0.226737318853
05/16/2022,FEU,Z14,4,0.226737318853
05/16/2022,FEU,Z24,5,0.226064856204
05/16/2022,FEU,Z14,5,0.226064856204
05/16/2022,FEU,Z24,6,0.238652956661
05/16/2022,FEU,Z14,6,0.238652956661
05/16/2022,FEU,Z24,7,0.285265062575
05/16/2022,FEU,Z14,7,0.285265062575
05/16/2022,FEU,Z24,8,0.301975014032
05/16/2022,FEU,Z14,8,0.301975014032
05/16/2022,FEU,Z24,9,0.321664419012
05/16/2022,FEU,Z14,9,0.321664419012
05/17/2022,FEU,Z24,1,0.250503098734
05/17/2022,FEU,Z14,1,0.250503098734
05/17/2022,FEU,Z24,10,0.281841946085
05/17/2022,FEU,Z14,10,0.281841946085
05/17/2022,FEU,Z24,11,0.246426497191
05/17/2022,FEU,Z14,11,0.294537742787
05/17/2022,FEU,Z24,12,0.272547033297
05/17/2022,FEU,Z14,12,0.272547033297
05/17/2022,FEU,Z24,13,0.271455191999
05/17/2022,FEU,Z14,13,0.271455191999
05/17/2022,FEU,Z24,14,0.270276878105
05/17/2022,FEU,Z14,14,0.270276878105
05/17/2022,FEU,Z24,15,0.272900855436
05/17/2022,FEU,Z14,15,0.22486339284
05/17/2022,FEU,Z24,16,0.228697066767
05/17/2022,FEU,Z14,16,0.228697066767
05/17/2022,FEU,Z24,17,0.230498085608
05/17/2022,FEU,Z14,17,0.230498085608
05/17/2022,FEU,Z24,18,0.239424192257
05/17/2022,FEU,Z14,18,0.239424192257
05/17/2022,FEU,Z24,19,0.256638336085
05/17/2022,FEU,Z14,19,0.304788095681
05/17/2022,FEU,Z24,2,0.245186379118
05/17/2022,FEU,Z14,2,0.245186379118
05/17/2022,FEU,Z24,20,0.345507872681
05/17/2022,FEU,Z14,20,0.345507872681
05/17/2022,FEU,Z24,21,0.370014420138
05/17/2022,FEU,Z14,21,0.370014420138
05/17/2022,FEU,Z24,22,0.38915554635
05/17/2022,FEU,Z14,22,0.38915554635
05/17/2022,FEU,Z24,23,0.371792235979
05/17/2022,FEU,Z14,23,0.323412502383
05/17/2022,FEU,Z24,24,0.312035199926
05/17/2022,FEU,Z14,24,0.312035199926
05/17/2022,FEU,Z24,3,0.239380957608
05/17/2022,FEU,Z14,3,0.239380957608
05/17/2022,FEU,Z24,4,0.236399187502
05/17/2022,FEU,Z14,4,0.236399187502
05/17/2022,FEU,Z24,5,0.2417591788
05/17/2022,FEU,Z14,5,0.2417591788
05/17/2022,FEU,Z24,6,0.255043545555
05/17/2022,FEU,Z14,6,0.255043545555
05/17/2022,FEU,Z24,7,0.283275419065
05/17/2022,FEU,Z14,7,0.283275419065
05/17/2022,FEU,Z24,8,0.291415054522
05/17/2022,FEU,Z14,8,0.291415054522
05/17/2022,FEU,Z24,9,0.312692233449
05/17/2022,FEU,Z14,9,0.312692233449
05/18/2022,FEU,Z24,1,0.253353646085
05/18/2022,FEU,Z14,1,0.253353646085
05/18/2022,FEU,Z24,10,0.292420216138
05/18/2022,FEU,Z14,10,0.292420216138
05/18/2022,FEU,Z24,11,0.277028503542
05/18/2022,FEU,Z14,11,0.325244884138
05/18/2022,FEU,Z24,12,0.285859347648
05/18/2022,FEU,Z14,12,0.285859347648
05/18/2022,FEU,Z24,13,0.282642963648
05/18/2022,FEU,Z14,13,0.282642963648
05/18/2022,FEU,Z24,14,0.278191225052
05/18/2022,FEU,Z14,14,0.278191225052
05/18/2022,FEU,Z24,15,0.279663947681
05/18/2022,FEU,Z14,15,0.231598991085
05/18/2022,FEU,Z24,16,0.237681169714
05/18/2022,FEU,Z14,16,0.237681169714
05/18/2022,FEU,Z24,17,0.23975170231
05/18/2022,FEU,Z14,17,0.23975170231
05/18/2022,FEU,Z24,18,0.243858021608
05/18/2022,FEU,Z14,18,0.243858021608
05/18/2022,FEU,Z24,19,0.249150881085
05/18/2022,FEU,Z14,19,0.297276101681
05/18/2022,FEU,Z24,2,0.234153652522
05/18/2022,FEU,Z14,2,0.234153652522
05/18/2022,FEU,Z24,20,0.333900871681
05/18/2022,FEU,Z14,20,0.333900871681
05/18/2022,FEU,Z24,21,0.351207246489
05/18/2022,FEU,Z14,21,0.351207246489
05/18/2022,FEU,Z24,22,0.35699119635
05/18/2022,FEU,Z14,22,0.35699119635
05/18/2022,FEU,Z24,23,0.34888707933
05/18/2022,FEU,Z14,23,0.300586006734
05/18/2022,FEU,Z24,24,0.265491969926
05/18/2022,FEU,Z14,24,0.265491969926
05/18/2022,FEU,Z24,3,0.227129587012
05/18/2022,FEU,Z14,3,0.227129587012
05/18/2022,FEU,Z24,4,0.225049522906
05/18/2022,FEU,Z14,4,0.225049522906
05/18/2022,FEU,Z24,5,0.222167092204
05/18/2022,FEU,Z14,5,0.222167092204
05/18/2022,FEU,Z24,6,0.228690724257
05/18/2022,FEU,Z14,6,0.228690724257
05/18/2022,FEU,Z24,7,0.27364770582
05/18/2022,FEU,Z14,7,0.27364770582
05/18/2022,FEU,Z24,8,0.287376024628
05/18/2022,FEU,Z14,8,0.287376024628
05/18/2022,FEU,Z24,9,0.312400385555
05/18/2022,FEU,Z14,9,0.312400385555
05/19/2022,FEU,Z24,1,0.241714202138
05/19/2022,FEU,Z14,1,0.241714202138
05/19/2022,FEU,Z24,10,0.287395812489
05/19/2022,FEU,Z14,10,0.287395812489
05/19/2022,FEU,Z24,11,0.267940519542
05/19/2022,FEU,Z14,11,0.316125508138
05/19/2022,FEU,Z24,12,0.284731937297
05/19/2022,FEU,Z14,12,0.284731937297
05/19/2022,FEU,Z24,13,0.279745212297
05/19/2022,FEU,Z14,13,0.279745212297
05/19/2022,FEU,Z24,14,0.275556840403
05/19/2022,FEU,Z14,14,0.275556840403
05/19/2022,FEU,Z24,15,0.276047302734
05/19/2022,FEU,Z14,15,0.227997774138
05/19/2022,FEU,Z24,16,0.226834576416
05/19/2022,FEU,Z14,16,0.226834576416
05/19/2022,FEU,Z24,17,0.227160538959
05/19/2022,FEU,Z14,17,0.227160538959
05/19/2022,FEU,Z24,18,0.231480005257
05/19/2022,FEU,Z14,18,0.231480005257
05/19/2022,FEU,Z24,19,0.235502262032
05/19/2022,FEU,Z14,19,0.283581288628
05/19/2022,FEU,Z24,2,0.230325233873
05/19/2022,FEU,Z14,2,0.230325233873
05/19/2022,FEU,Z24,20,0.299300840277
05/19/2022,FEU,Z14,20,0.299300840277
05/19/2022,FEU,Z24,21,0.344653333681
05/19/2022,FEU,Z14,21,0.344653333681
05/19/2022,FEU,Z24,22,0.357481332946
05/19/2022,FEU,Z14,22,0.357481332946
05/19/2022,FEU,Z24,23,0.350215389979
05/19/2022,FEU,Z14,23,0.301909360383
05/19/2022,FEU,Z24,24,0.288156337575
05/19/2022,FEU,Z14,24,0.288156337575
05/19/2022,FEU,Z24,3,0.225998444065
05/19/2022,FEU,Z14,3,0.225998444065
05/19/2022,FEU,Z24,4,0.222393381661
05/19/2022,FEU,Z14,4,0.222393381661
05/19/2022,FEU,Z24,5,0.224361176661
05/19/2022,FEU,Z14,5,0.224361176661
05/19/2022,FEU,Z24,6,0.231677008416
05/19/2022,FEU,Z14,6,0.231677008416
05/19/2022,FEU,Z24,7,0.274967666873
05/19/2022,FEU,Z14,7,0.274967666873
05/19/2022,FEU,Z24,8,0.288244476628
05/19/2022,FEU,Z14,8,0.288244476628
05/19/2022,FEU,Z24,9,0.313057526853
05/19/2022,FEU,Z14,9,0.313057526853
05/20/2022,FEU,Z24,1,0.258010090489
05/20/2022,FEU,Z14,1,0.258010090489
05/20/2022,FEU,Z24,10,0.29768935284
05/20/2022,FEU,Z14,10,0.29768935284
05/20/2022,FEU,Z24,11,0.273982030244
05/20/2022,FEU,Z14,11,0.32218691284
05/20/2022,FEU,Z24,12,0.31575449635
05/20/2022,FEU,Z14,12,0.31575449635
05/20/2022,FEU,Z24,13,0.310050112701
05/20/2022,FEU,Z14,13,0.310050112701
05/20/2022,FEU,Z24,14,0.303159406456
05/20/2022,FEU,Z14,14,0.303159406456
05/20/2022,FEU,Z24,15,0.293853454138
05/20/2022,FEU,Z14,15,0.245931604191
05/20/2022,FEU,Z24,16,0.242335470171
05/20/2022,FEU,Z14,16,0.242335470171
05/20/2022,FEU,Z24,17,0.250713964065
05/20/2022,FEU,Z14,17,0.250713964065
05/20/2022,FEU,Z24,18,0.261457174065
05/20/2022,FEU,Z14,18,0.261457174065
05/20/2022,FEU,Z24,19,0.287018487489
05/20/2022,FEU,Z14,19,0.335271896085
05/20/2022,FEU,Z24,2,0.243559185926
05/20/2022,FEU,Z14,2,0.243559185926
05/20/2022,FEU,Z24,20,0.349728253979
05/20/2022,FEU,Z14,20,0.349728253979
05/20/2022,FEU,Z24,21,0.351579104277
05/20/2022,FEU,Z14,21,0.351579104277
05/20/2022,FEU,Z24,22,0.336810829191
05/20/2022,FEU,Z14,22,0.336810829191
05/20/2022,FEU,Z24,23,0.32648254582
05/20/2022,FEU,Z14,23,0.278040762575
05/20/2022,FEU,Z24,24,0.261355098171
05/20/2022,FEU,Z14,24,0.261355098171
05/20/2022,FEU,Z24,3,0.237608288767
05/20/2022,FEU,Z14,3,0.237608288767
05/20/2022,FEU,Z24,4,0.23799432231
05/20/2022,FEU,Z14,4,0.23799432231
05/20/2022,FEU,Z24,5,0.23973410231
05/20/2022,FEU,Z14,5,0.23973410231
05/20/2022,FEU,Z24,6,0.261636235012
05/20/2022,FEU,Z14,6,0.261636235012
05/20/2022,FEU,Z24,7,0.280132115224
05/20/2022,FEU,Z14,7,0.280132115224
05/20/2022,FEU,Z24,8,0.281663570681
05/20/2022,FEU,Z14,8,0.281663570681
05/20/2022,FEU,Z24,9,0.313596581257
05/20/2022,FEU,Z14,9,0.313596581257
05/21/2022,FEU,Z24,1,0.22307919635
05/21/2022,FEU,Z14,1,0.22307919635
05/21/2022,FEU,Z24,10,0.214651756297
05/21/2022,FEU,Z14,10,0.214651756297
05/21/2022,FEU,Z24,11,0.219128397403
05/21/2022,FEU,Z14,11,0.219128397403
05/21/2022,FEU,Z24,12,0.215061185264
05/21/2022,FEU,Z14,12,0.215061185264
05/21/2022,FEU,Z24,13,0.210318933913
05/21/2022,FEU,Z14,13,0.210318933913
05/21/2022,FEU,Z24,14,0.206410545264
05/21/2022,FEU,Z14,14,0.206410545264
05/21/2022,FEU,Z24,15,0.203020721264
05/21/2022,FEU,Z14,15,0.203020721264
05/21/2022,FEU,Z24,16,0.204262756489
05/21/2022,FEU,Z14,16,0.204262756489
05/21/2022,FEU,Z24,17,0.20361370933
05/21/2022,FEU,Z14,17,0.20361370933
05/21/2022,FEU,Z24,18,0.208322280628
05/21/2022,FEU,Z14,18,0.208322280628
05/21/2022,FEU,Z24,19,0.222206376522
05/21/2022,FEU,Z14,19,0.222206376522
05/21/2022,FEU,Z24,2,0.212257502138
05/21/2022,FEU,Z14,2,0.212257502138
05/21/2022,FEU,Z24,20,0.252814994065
05/21/2022,FEU,Z14,20,0.252814994065
05/21/2022,FEU,Z24,21,0.273820304065
05/21/2022,FEU,Z14,21,0.273820304065
05/21/2022,FEU,Z24,22,0.27878971933
05/21/2022,FEU,Z14,22,0.27878971933
05/21/2022,FEU,Z24,23,0.277275318032
05/21/2022,FEU,Z14,23,0.277275318032
05/21/2022,FEU,Z24,24,0.265429462032
05/21/2022,FEU,Z14,24,0.265429462032
05/21/2022,FEU,Z24,3,0.213223404979
05/21/2022,FEU,Z14,3,0.213223404979
05/21/2022,FEU,Z24,4,0.212267590522
05/21/2022,FEU,Z14,4,0.212267590522
05/21/2022,FEU,Z24,5,0.210530512171
05/21/2022,FEU,Z14,5,0.210530512171
05/21/2022,FEU,Z24,6,0.211650149469
05/21/2022,FEU,Z14,6,0.211650149469
05/21/2022,FEU,Z24,7,0.210465712873
05/21/2022,FEU,Z14,7,0.210465712873
05/21/2022,FEU,Z24,8,0.210712630522
05/21/2022,FEU,Z14,8,0.210712630522
05/21/2022,FEU,Z24,9,0.21249751933
05/21/2022,FEU,Z14,9,0.21249751933
05/22/2022,FEU,Z24,1,0.265430230734
05/22/2022,FEU,Z14,1,0.265430230734
05/22/2022,FEU,Z24,10,0.217561734787
05/22/2022,FEU,Z14,10,0.217561734787
05/22/2022,FEU,Z24,11,0.208470200701
05/22/2022,FEU,Z14,11,0.208470200701
05/22/2022,FEU,Z24,12,0.199732066211
05/22/2022,FEU,Z14,12,0.199732066211
05/22/2022,FEU,Z24,13,0.187717252807
05/22/2022,FEU,Z14,13,0.187717252807
05/22/2022,FEU,Z24,14,0.179443075807
05/22/2022,FEU,Z14,14,0.179443075807
05/22/2022,FEU,Z24,15,0.132980125807
05/22/2022,FEU,Z14,15,0.132980125807
05/22/2022,FEU,Z24,16,0.139456256085
05/22/2022,FEU,Z14,16,0.139456256085
05/22/2022,FEU,Z24,17,0.174939084277
05/22/2022,FEU,Z14,17,0.174939084277
05/22/2022,FEU,Z24,18,0.185169162575
05/22/2022,FEU,Z14,18,0.185169162575
05/22/2022,FEU,Z24,19,0.199973982522
05/22/2022,FEU,Z14,19,0.199973982522
05/22/2022,FEU,Z24,2,0.228517815118
05/22/2022,FEU,Z14,2,0.228517815118
05/22/2022,FEU,Z24,20,0.21840954582
05/22/2022,FEU,Z14,20,0.21840954582
05/22/2022,FEU,Z24,21,0.273788837575
05/22/2022,FEU,Z14,21,0.273788837575
05/22/2022,FEU,Z24,22,0.27764619284
05/22/2022,FEU,Z14,22,0.27764619284
05/22/2022,FEU,Z24,23,0.267313409191
05/22/2022,FEU,Z14,23,0.267313409191
05/22/2022,FEU,Z24,24,0.263644628138
05/22/2022,FEU,Z14,24,0.263644628138
05/22/2022,FEU,Z24,3,0.223256134906
05/22/2022,FEU,Z14,3,0.223256134906
05/22/2022,FEU,Z24,4,0.227179811449
05/22/2022,FEU,Z14,4,0.227179811449
05/22/2022,FEU,Z24,5,0.227798488747
05/22/2022,FEU,Z14,5,0.227798488747
05/22/2022,FEU,Z24,6,0.232297048098
05/22/2022,FEU,Z14,6,0.232297048098
05/22/2022,FEU,Z24,7,0.238166559449
05/22/2022,FEU,Z14,7,0.238166559449
05/22/2022,FEU,Z24,8,0.237995381396
05/22/2022,FEU,Z14,8,0.237995381396
05/22/2022,FEU,Z24,9,0.236124773363
05/22/2022,FEU,Z14,9,0.236124773363
05/23/2022,FEU,Z24,1,0.246278934032
05/23/2022,FEU,Z14,1,0.246278934032
05/23/2022,FEU,Z24,10,0.292413659595
05/23/2022,FEU,Z14,10,0.292413659595
05/23/2022,FEU,Z24,11,0.28664804635
05/23/2022,FEU,Z14,11,0.334894090946
05/23/2022,FEU,Z24,12,0.315912718456
05/23/2022,FEU,Z14,12,0.315912718456
05/23/2022,FEU,Z24,13,0.303354927807
05/23/2022,FEU,Z14,13,0.303354927807
05/23/2022,FEU,Z24,14,0.30180439986
05/23/2022,FEU,Z14,14,0.30180439986
05/23/2022,FEU,Z24,15,0.293590673893
05/23/2022,FEU,Z14,15,0.245673166946
05/23/2022,FEU,Z24,16,0.250877059224
05/23/2022,FEU,Z14,16,0.250877059224
05/23/2022,FEU,Z24,17,0.249161783767
05/23/2022,FEU,Z14,17,0.249161783767
05/23/2022,FEU,Z24,18,0.255213409065
05/23/2022,FEU,Z14,18,0.255213409065
05/23/2022,FEU,Z24,19,0.25151323284
05/23/2022,FEU,Z14,19,0.299643755436
05/23/2022,FEU,Z24,2,0.231592829065
05/23/2022,FEU,Z14,2,0.231592829065
05/23/2022,FEU,Z24,20,0.335898863436
05/23/2022,FEU,Z14,20,0.335898863436
05/23/2022,FEU,Z24,21,0.33129059284
05/23/2022,FEU,Z14,21,0.33129059284
05/23/2022,FEU,Z24,22,0.333369067701
05/23/2022,FEU,Z14,22,0.333369067701
05/23/2022,FEU,Z24,23,0.33292242933
05/23/2022,FEU,Z14,23,0.284675936734
05/23/2022,FEU,Z24,24,0.255506612575
05/23/2022,FEU,Z14,24,0.255506612575
05/23/2022,FEU,Z24,3,0.223095554257
05/23/2022,FEU,Z14,3,0.223095554257
05/23/2022,FEU,Z24,4,0.225060321853
05/23/2022,FEU,Z14,4,0.225060321853
05/23/2022,FEU,Z24,5,0.224815036204
05/23/2022,FEU,Z14,5,0.224815036204
05/23/2022,FEU,Z24,6,0.225339723661
05/23/2022,FEU,Z14,6,0.225339723661
05/23/2022,FEU,Z24,7,0.255573987575
05/23/2022,FEU,Z14,7,0.255573987575
05/23/2022,FEU,Z24,8,0.276872358032
05/23/2022,FEU,Z14,8,0.276872358032
05/23/2022,FEU,Z24,9,0.312872031012
05/23/2022,FEU,Z14,9,0.312872031012
05/24/2022,FEU,Z24,1,0.219417538734
05/24/2022,FEU,Z14,1,0.219417538734
05/24/2022,FEU,Z24,10,0.264728096085
05/24/2022,FEU,Z14,10,0.264728096085
05/24/2022,FEU,Z24,11,0.254792159191
05/24/2022,FEU,Z14,11,0.302932276787
05/24/2022,FEU,Z24,12,0.290163720297
05/24/2022,FEU,Z14,12,0.290163720297
05/24/2022,FEU,Z24,13,0.301182068999
05/24/2022,FEU,Z14,13,0.301182068999
05/24/2022,FEU,Z24,14,0.288701073105
05/24/2022,FEU,Z14,14,0.288701073105
05/24/2022,FEU,Z24,15,0.284587415436
05/24/2022,FEU,Z14,15,0.23650979284
05/24/2022,FEU,Z24,16,0.236743832767
05/24/2022,FEU,Z14,16,0.236743832767
05/24/2022,FEU,Z24,17,0.236294781608
05/24/2022,FEU,Z14,17,0.236294781608
05/24/2022,FEU,Z24,18,0.240780633257
05/24/2022,FEU,Z14,18,0.240780633257
05/24/2022,FEU,Z24,19,0.236070261085
05/24/2022,FEU,Z14,19,0.284149400681
05/24/2022,FEU,Z24,2,0.214910631118
05/24/2022,FEU,Z14,2,0.214910631118
05/24/2022,FEU,Z24,20,0.284209019681
05/24/2022,FEU,Z14,20,0.284209019681
05/24/2022,FEU,Z24,21,0.316491538138
05/24/2022,FEU,Z14,21,0.316491538138
05/24/2022,FEU,Z24,22,0.34176634635
05/24/2022,FEU,Z14,22,0.34176634635
05/24/2022,FEU,Z24,23,0.337090821979
05/24/2022,FEU,Z14,23,0.288829624383
05/24/2022,FEU,Z24,24,0.262953781926
05/24/2022,FEU,Z14,24,0.262953781926
05/24/2022,FEU,Z24,3,0.217114397608
05/24/2022,FEU,Z14,3,0.217114397608
05/24/2022,FEU,Z24,4,0.221730875502
05/24/2022,FEU,Z14,4,0.221730875502
05/24/2022,FEU,Z24,5,0.2245691788
05/24/2022,FEU,Z14,5,0.2245691788
05/24/2022,FEU,Z24,6,0.236639350555
05/24/2022,FEU,Z14,6,0.236639350555
05/24/2022,FEU,Z24,7,0.258096539065
05/24/2022,FEU,Z14,7,0.258096539065
05/24/2022,FEU,Z24,8,0.260524360522
05/24/2022,FEU,Z14,8,0.260524360522
05/24/2022,FEU,Z24,9,0.293939819449
05/24/2022,FEU,Z14,9,0.293939819449
05/25/2022,FEU,Z24,1,0.247321276085
05/25/2022,FEU,Z14,1,0.247321276085
05/25/2022,FEU,Z24,10,0.291499912138
05/25/2022,FEU,Z14,10,0.291499912138
05/25/2022,FEU,Z24,11,0.265718317542
05/25/2022,FEU,Z14,11,0.313895630138
05/25/2022,FEU,Z24,12,0.295274643648
05/25/2022,FEU,Z14,12,0.295274643648
05/25/2022,FEU,Z24,13,0.306315411648
05/25/2022,FEU,Z14,13,0.306315411648
05/25/2022,FEU,Z24,14,0.305940681052
05/25/2022,FEU,Z14,14,0.305940681052
05/25/2022,FEU,Z24,15,0.285063558681
05/25/2022,FEU,Z14,15,0.236981291085
05/25/2022,FEU,Z24,16,0.240438619714
05/25/2022,FEU,Z14,16,0.240438619714
05/25/2022,FEU,Z24,17,0.23801192231
05/25/2022,FEU,Z14,17,0.23801192231
05/25/2022,FEU,Z24,18,0.239986405608
05/25/2022,FEU,Z14,18,0.239986405608
05/25/2022,FEU,Z24,19,0.246230226085
05/25/2022,FEU,Z14,19,0.294344249681
05/25/2022,FEU,Z24,2,0.240372314522
05/25/2022,FEU,Z14,2,0.240372314522
05/25/2022,FEU,Z24,20,0.315860863681
05/25/2022,FEU,Z14,20,0.315860863681
05/25/2022,FEU,Z24,21,0.336650628489
05/25/2022,FEU,Z14,21,0.336650628489
05/25/2022,FEU,Z24,22,0.34211709635
05/25/2022,FEU,Z14,22,0.34211709635
05/25/2022,FEU,Z24,23,0.33760242933
05/25/2022,FEU,Z14,23,0.289339936734
05/25/2022,FEU,Z24,24,0.274741915926
05/25/2022,FEU,Z14,24,0.274741915926
05/25/2022,FEU,Z24,3,0.233063647012
05/25/2022,FEU,Z14,3,0.233063647012
05/25/2022,FEU,Z24,4,0.232820074906
05/25/2022,FEU,Z14,4,0.232820074906
05/25/2022,FEU,Z24,5,0.235281232204
05/25/2022,FEU,Z14,5,0.235281232204
05/25/2022,FEU,Z24,6,0.240742410257
05/25/2022,FEU,Z14,6,0.240742410257
05/25/2022,FEU,Z24,7,0.27624724582
05/25/2022,FEU,Z14,7,0.27624724582
05/25/2022,FEU,Z24,8,0.286531012628
05/25/2022,FEU,Z14,8,0.286531012628
05/25/2022,FEU,Z24,9,0.311781375555
05/25/2022,FEU,Z14,9,0.311781375555
05/26/2022,FEU,Z24,1,0.232795852138
05/26/2022,FEU,Z14,1,0.232795852138
05/26/2022,FEU,Z24,10,0.235016136489
05/26/2022,FEU,Z14,10,0.235016136489
05/26/2022,FEU,Z24,11,0.234987313542
05/26/2022,FEU,Z14,11,0.283058474138
05/26/2022,FEU,Z24,12,0.295021309297
05/26/2022,FEU,Z14,12,0.295021309297
05/26/2022,FEU,Z24,13,0.283761111297
05/26/2022,FEU,Z14,13,0.283761111297
05/26/2022,FEU,Z24,14,0.272598727403
05/26/2022,FEU,Z14,14,0.272598727403
05/26/2022,FEU,Z24,15,0.276662950734
05/26/2022,FEU,Z14,15,0.228611310138
05/26/2022,FEU,Z24,16,0.228757392416
05/26/2022,FEU,Z14,16,0.228757392416
05/26/2022,FEU,Z24,17,0.231876898959
05/26/2022,FEU,Z14,17,0.231876898959
05/26/2022,FEU,Z24,18,0.238843201257
05/26/2022,FEU,Z14,18,0.238843201257
05/26/2022,FEU,Z24,19,0.235359766032
05/26/2022,FEU,Z14,19,0.283438304628
05/26/2022,FEU,Z24,2,0.225867934873
05/26/2022,FEU,Z14,2,0.225867934873
05/26/2022,FEU,Z24,20,0.323093972277
05/26/2022,FEU,Z14,20,0.323093972277
05/26/2022,FEU,Z24,21,0.329865483681
05/26/2022,FEU,Z14,21,0.329865483681
05/26/2022,FEU,Z24,22,0.342040812946
05/26/2022,FEU,Z14,22,0.342040812946
05/26/2022,FEU,Z24,23,0.341156533979
05/26/2022,FEU,Z14,23,0.292881448383
05/26/2022,FEU,Z24,24,0.294442587575
05/26/2022,FEU,Z14,24,0.294442587575
05/26/2022,FEU,Z24,3,0.218612339065
05/26/2022,FEU,Z14,3,0.218612339065
05/26/2022,FEU,Z24,4,0.210008757661
05/26/2022,FEU,Z14,4,0.210008757661
05/26/2022,FEU,Z24,5,0.209900558661
05/26/2022,FEU,Z14,5,0.209900558661
05/26/2022,FEU,Z24,6,0.211543088416
05/26/2022,FEU,Z14,6,0.211543088416
05/26/2022,FEU,Z24,7,0.240182608873
05/26/2022,FEU,Z14,7,0.240182608873
05/26/2022,FEU,Z24,8,0.249384472628
05/26/2022,FEU,Z14,8,0.249384472628
05/26/2022,FEU,Z24,9,0.272055488853
05/26/2022,FEU,Z14,9,0.272055488853
05/27/2022,FEU,Z24,1,0.226174309489
05/27/2022,FEU,Z14,1,0.226174309489
05/27/2022,FEU,Z24,10,0.25902655284
05/27/2022,FEU,Z14,10,0.25902655284
05/27/2022,FEU,Z24,11,0.237270938244
05/27/2022,FEU,Z14,11,0.28534995284
05/27/2022,FEU,Z24,12,0.28725519635
05/27/2022,FEU,Z14,12,0.28725519635
05/27/2022,FEU,Z24,13,0.281855950701
05/27/2022,FEU,Z14,13,0.281855950701
05/27/2022,FEU,Z24,14,0.279873286456
05/27/2022,FEU,Z14,14,0.279873286456
05/27/2022,FEU,Z24,15,0.279060032138
05/27/2022,FEU,Z14,15,0.231176375191
05/27/2022,FEU,Z24,16,0.223434921171
05/27/2022,FEU,Z14,16,0.223434921171
05/27/2022,FEU,Z24,17,0.221491864065
05/27/2022,FEU,Z14,17,0.221491864065
05/27/2022,FEU,Z24,18,0.220181254065
05/27/2022,FEU,Z14,18,0.220181254065
05/27/2022,FEU,Z24,19,0.217959885489
05/27/2022,FEU,Z14,19,0.265975366085
05/27/2022,FEU,Z24,2,0.203821633926
05/27/2022,FEU,Z14,2,0.203821633926
05/27/2022,FEU,Z24,20,0.289870246979
05/27/2022,FEU,Z14,20,0.289870246979
05/27/2022,FEU,Z24,21,0.329560721277
05/27/2022,FEU,Z14,21,0.329560721277
05/27/2022,FEU,Z24,22,0.341622997191
05/27/2022,FEU,Z14,22,0.341622997191
05/27/2022,FEU,Z24,23,0.33340678582
05/27/2022,FEU,Z14,23,0.284935662575
05/27/2022,FEU,Z24,24,0.269219028171
05/27/2022,FEU,Z14,24,0.269219028171
05/27/2022,FEU,Z24,3,0.202106458767
05/27/2022,FEU,Z14,3,0.202106458767
05/27/2022,FEU,Z24,4,0.20444465231
05/27/2022,FEU,Z14,4,0.20444465231
05/27/2022,FEU,Z24,5,0.20458983231
05/27/2022,FEU,Z14,5,0.20458983231
05/27/2022,FEU,Z24,6,0.205637479012
05/27/2022,FEU,Z14,6,0.205637479012
05/27/2022,FEU,Z24,7,0.230537843224
05/27/2022,FEU,Z14,7,0.230537843224
05/27/2022,FEU,Z24,8,0.240185112681
05/27/2022,FEU,Z14,8,0.240185112681
05/27/2022,FEU,Z24,9,0.278399502257
05/27/2022,FEU,Z14,9,0.278399502257
05/28/2022,FEU,Z24,1,0.21746374635
05/28/2022,FEU,Z14,1,0.21746374635
05/28/2022,FEU,Z24,10,0.225596032297
05/28/2022,FEU,Z14,10,0.225596032297
05/28/2022,FEU,Z24,11,0.205084529403
05/28/2022,FEU,Z14,11,0.205084529403
05/28/2022,FEU,Z24,12,0.204784929264
05/28/2022,FEU,Z14,12,0.204784929264
05/28/2022,FEU,Z24,13,0.213366093913
05/28/2022,FEU,Z14,13,0.213366093913
05/28/2022,FEU,Z24,14,0.212028065264
05/28/2022,FEU,Z14,14,0.212028065264
05/28/2022,FEU,Z24,15,0.206387825264
05/28/2022,FEU,Z14,15,0.206387825264
05/28/2022,FEU,Z24,16,0.207090952489
05/28/2022,FEU,Z14,16,0.207090952489
05/28/2022,FEU,Z24,17,0.19589287933
05/28/2022,FEU,Z14,17,0.19589287933
05/28/2022,FEU,Z24,18,0.199089264628
05/28/2022,FEU,Z14,18,0.199089264628
05/28/2022,FEU,Z24,19,0.212351228522
05/28/2022,FEU,Z14,19,0.212351228522
05/28/2022,FEU,Z24,2,0.205509768138
05/28/2022,FEU,Z14,2,0.205509768138
05/28/2022,FEU,Z24,20,0.217312394065
05/28/2022,FEU,Z14,20,0.217312394065
05/28/2022,FEU,Z24,21,0.271438454065
05/28/2022,FEU,Z14,21,0.271438454065
05/28/2022,FEU,Z24,22,0.28540606933
05/28/2022,FEU,Z14,22,0.28540606933
05/28/2022,FEU,Z24,23,0.271986614032
05/28/2022,FEU,Z14,23,0.271986614032
05/28/2022,FEU,Z24,24,0.258361894032
05/28/2022,FEU,Z14,24,0.258361894032
05/28/2022,FEU,Z24,3,0.216671999979
05/28/2022,FEU,Z14,3,0.216671999979
05/28/2022,FEU,Z24,4,0.208344850522
05/28/2022,FEU,Z14,4,0.208344850522
05/28/2022,FEU,Z24,5,0.211643488171
05/28/2022,FEU,Z14,5,0.211643488171
05/28/2022,FEU,Z24,6,0.222836581469
05/28/2022,FEU,Z14,6,0.222836581469
05/28/2022,FEU,Z24,7,0.237171842873
05/28/2022,FEU,Z14,7,0.237171842873
05/28/2022,FEU,Z24,8,0.239786848522
05/28/2022,FEU,Z14,8,0.239786848522
05/28/2022,FEU,Z24,9,0.22893718933
05/28/2022,FEU,Z14,9,0.22893718933
05/29/2022,FEU,Z24,1,0.238464148734
05/29/2022,FEU,Z14,1,0.238464148734
05/29/2022,FEU,Z24,10,0.189543901787
05/29/2022,FEU,Z14,10,0.189543901787
05/29/2022,FEU,Z24,11,0.185618888701
05/29/2022,FEU,Z14,11,0.185618888701
05/29/2022,FEU,Z24,12,0.190493637211
05/29/2022,FEU,Z14,12,0.190493637211
05/29/2022,FEU,Z24,13,0.185697571807
05/29/2022,FEU,Z14,13,0.185697571807
05/29/2022,FEU,Z24,14,0.178213207807
05/29/2022,FEU,Z14,14,0.178213207807
05/29/2022,FEU,Z24,15,0.167154682807
05/29/2022,FEU,Z14,15,0.167154682807
05/29/2022,FEU,Z24,16,0.168468251085
05/29/2022,FEU,Z14,16,0.168468251085
05/29/2022,FEU,Z24,17,0.168473508277
05/29/2022,FEU,Z14,17,0.168473508277
05/29/2022,FEU,Z24,18,0.191682187575
05/29/2022,FEU,Z14,18,0.191682187575
05/29/2022,FEU,Z24,19,0.200475810522
05/29/2022,FEU,Z14,19,0.200475810522
05/29/2022,FEU,Z24,2,0.238970241118
05/29/2022,FEU,Z14,2,0.238970241118
05/29/2022,FEU,Z24,20,0.23852382582
05/29/2022,FEU,Z14,20,0.23852382582
05/29/2022,FEU,Z24,21,0.270044112575
05/29/2022,FEU,Z14,21,0.270044112575
05/29/2022,FEU,Z24,22,0.27735155284
05/29/2022,FEU,Z14,22,0.27735155284
05/29/2022,FEU,Z24,23,0.280127313191
05/29/2022,FEU,Z14,23,0.280127313191
05/29/2022,FEU,Z24,24,0.267243342138
05/29/2022,FEU,Z14,24,0.267243342138
05/29/2022,FEU,Z24,3,0.223085392906
05/29/2022,FEU,Z14,3,0.223085392906
05/29/2022,FEU,Z24,4,0.220023052449
05/29/2022,FEU,Z14,4,0.220023052449
05/29/2022,FEU,Z24,5,0.216549235747
05/29/2022,FEU,Z14,5,0.216549235747
05/29/2022,FEU,Z24,6,0.228294388098
05/29/2022,FEU,Z14,6,0.228294388098
05/29/2022,FEU,Z24,7,0.246177229449
05/29/2022,FEU,Z14,7,0.246177229449
05/29/2022,FEU,Z24,8,0.228021445396
05/29/2022,FEU,Z14,8,0.228021445396
05/29/2022,FEU,Z24,9,0.201562894363
05/29/2022,FEU,Z14,9,0.201562894363
05/30/2022,FEU,Z24,1,0.257947254032
05/30/2022,FEU,Z14,1,0.257947254032
05/30/2022,FEU,Z24,10,0.288062774595
05/30/2022,FEU,Z14,10,0.288062774595
05/30/2022,FEU,Z24,11,0.28029659635
05/30/2022,FEU,Z14,11,0.328520548946
05/30/2022,FEU,Z24,12,0.313508030456
05/30/2022,FEU,Z14,12,0.313508030456
05/30/2022,FEU,Z24,13,0.313321887807
05/30/2022,FEU,Z14,13,0.313321887807
05/30/2022,FEU,Z24,14,0.30509101986
05/30/2022,FEU,Z14,14,0.30509101986
05/30/2022,FEU,Z24,15,0.304044168893
05/30/2022,FEU,Z14,15,0.256100710946
05/30/2022,FEU,Z24,16,0.250984075224
05/30/2022,FEU,Z14,16,0.250984075224
05/30/2022,FEU,Z24,17,0.239818449767
05/30/2022,FEU,Z14,17,0.239818449767
05/30/2022,FEU,Z24,18,0.257522974065
05/30/2022,FEU,Z14,18,0.257522974065
05/30/2022,FEU,Z24,19,0.26131175284
05/30/2022,FEU,Z14,19,0.309474899436
05/30/2022,FEU,Z24,2,0.258793319065
05/30/2022,FEU,Z14,2,0.258793319065
05/30/2022,FEU,Z24,20,0.334539311436
05/30/2022,FEU,Z14,20,0.334539311436
05/30/2022,FEU,Z24,21,0.36307575284
05/30/2022,FEU,Z14,21,0.36307575284
05/30/2022,FEU,Z24,22,0.374335513701
05/30/2022,FEU,Z14,22,0.374335513701
05/30/2022,FEU,Z24,23,0.37197819933
05/30/2022,FEU,Z14,23,0.323598182734
05/30/2022,FEU,Z24,24,0.307194862575
05/30/2022,FEU,Z14,24,0.307194862575
05/30/2022,FEU,Z24,3,0.253859445257
05/30/2022,FEU,Z14,3,0.253859445257
05/30/2022,FEU,Z24,4,0.252622443853
05/30/2022,FEU,Z14,4,0.252622443853
05/30/2022,FEU,Z24,5,0.250883052204
05/30/2022,FEU,Z14,5,0.250883052204
05/30/2022,FEU,Z24,6,0.255685381661
05/30/2022,FEU,Z14,6,0.255685381661
05/30/2022,FEU,Z24,7,0.285825537575
05/30/2022,FEU,Z14,7,0.285825537575
05/30/2022,FEU,Z24,8,0.283689974032
05/30/2022,FEU,Z14,8,0.283689974032
05/30/2022,FEU,Z24,9,0.310580379012
05/30/2022,FEU,Z14,9,0.310580379012
05/31/2022,FEU,Z24,1,0.274887656734
05/31/2022,FEU,Z14,1,0.274887656734
05/31/2022,FEU,Z24,10,0.301889266085
05/31/2022,FEU,Z14,10,0.301889266085
05/31/2022,FEU,Z24,11,0.281196497191
05/31/2022,FEU,Z14,11,0.329427742787
05/31/2022,FEU,Z24,12,0.318432974297
05/31/2022,FEU,Z14,12,0.318432974297
05/31/2022,FEU,Z24,13,0.309373735999
05/31/2022,FEU,Z14,13,0.309373735999
05/31/2022,FEU,Z24,14,0.297222163105
05/31/2022,FEU,Z14,14,0.297222163105
05/31/2022,FEU,Z24,15,0.307832495436
05/31/2022,FEU,Z14,15,0.25967499284
05/31/2022,FEU,Z24,16,0.252488379767
05/31/2022,FEU,Z14,16,0.252488379767
05/31/2022,FEU,Z24,17,0.253079333608
05/31/2022,FEU,Z14,17,0.253079333608
05/31/2022,FEU,Z24,18,0.260378044257
05/31/2022,FEU,Z14,18,0.260378044257
05/31/2022,FEU,Z24,19,0.268276686085
05/31/2022,FEU,Z14,19,0.316466405681
05/31/2022,FEU,Z24,2,0.269150247118
05/31/2022,FEU,Z14,2,0.269150247118
05/31/2022,FEU,Z24,20,0.343442249681
05/31/2022,FEU,Z14,20,0.343442249681
05/31/2022,FEU,Z24,21,0.366050838138
05/31/2022,FEU,Z14,21,0.366050838138
05/31/2022,FEU,Z24,22,0.37149154635
05/31/2022,FEU,Z14,22,0.37149154635
05/31/2022,FEU,Z24,23,0.367679683979
05/31/2022,FEU,Z14,23,0.319312831383
05/31/2022,FEU,Z24,24,0.306897775926
05/31/2022,FEU,Z14,24,0.306897775926
05/31/2022,FEU,Z24,3,0.268412117608
05/31/2022,FEU,Z14,3,0.268412117608
05/31/2022,FEU,Z24,4,0.269809011502
05/31/2022,FEU,Z14,4,0.269809011502
05/31/2022,FEU,Z24,5,0.2685611788
05/31/2022,FEU,Z14,5,0.2685611788
05/31/2022,FEU,Z24,6,0.264713485555
05/31/2022,FEU,Z14,6,0.264713485555
05/31/2022,FEU,Z24,7,0.285297029065
05/31/2022,FEU,Z14,7,0.285297029065
05/31/2022,FEU,Z24,8,0.306149478522
05/31/2022,FEU,Z14,8,0.306149478522
05/31/2022,FEU,Z24,9,0.331871002449
05/31/2022,FEU,Z14,9,0.331871002449
06/01/2022,FEU,Z24,1,0.270185411191
06/01/2022,FEU,Z14,1,0.270185411191
06/01/2022,FEU,Z24,10,0.299730403105
06/01/2022,FEU,Z14,10,0.299730403105
06/01/2022,FEU,Z24,11,0.279090249509
06/01/2022,FEU,Z14,11,0.327305893105
06/01/2022,FEU,Z24,12,0.322748793105
06/01/2022,FEU,Z14,12,0.322748793105
06/01/2022,FEU,Z24,13,0.313275063105
06/01/2022,FEU,Z14,13,0.313275063105
06/01/2022,FEU,Z24,14,0.295173333807
06/01/2022,FEU,Z14,14,0.295173333807
06/01/2022,FEU,Z24,15,0.288785191403
06/01/2022,FEU,Z14,15,0.240887518456
06/01/2022,FEU,Z24,16,0.238176137754
06/01/2022,FEU,Z14,16,0.238176137754
06/01/2022,FEU,Z24,17,0.235873017052
06/01/2022,FEU,Z14,17,0.235873017052
06/01/2022,FEU,Z24,18,0.23901274635
06/01/2022,FEU,Z14,18,0.23901274635
06/01/2022,FEU,Z24,19,0.245809472999
06/01/2022,FEU,Z14,19,0.293725140946
06/01/2022,FEU,Z24,2,0.260249281085
06/01/2022,FEU,Z14,2,0.260249281085
06/01/2022,FEU,Z24,20,0.323130783489
06/01/2022,FEU,Z14,20,0.323130783489
06/01/2022,FEU,Z24,21,0.374355652138
06/01/2022,FEU,Z14,21,0.374355652138
06/01/2022,FEU,Z24,22,0.39076263284
06/01/2022,FEU,Z14,22,0.39076263284
06/01/2022,FEU,Z24,23,0.378216886734
06/01/2022,FEU,Z14,23,0.329816862138
06/01/2022,FEU,Z24,24,0.310076726032
06/01/2022,FEU,Z14,24,0.310076726032
06/01/2022,FEU,Z24,3,0.252302310032
06/01/2022,FEU,Z14,3,0.252302310032
06/01/2022,FEU,Z24,4,0.248306564979
06/01/2022,FEU,Z14,4,0.248306564979
06/01/2022,FEU,Z24,5,0.241407886681
06/01/2022,FEU,Z14,5,0.241407886681
06/01/2022,FEU,Z24,6,0.245413446032
06/01/2022,FEU,Z14,6,0.245413446032
06/01/2022,FEU,Z24,7,0.280372780138
06/01/2022,FEU,Z14,7,0.280372780138
06/01/2022,FEU,Z24,8,0.301014523648
06/01/2022,FEU,Z14,8,0.301014523648
06/01/2022,FEU,Z24,9,0.322566458297
06/01/2022,FEU,Z14,9,0.322566458297
06/02/2022,FEU,Z24,1,0.295264090787
06/02/2022,FEU,Z14,1,0.295264090787
06/02/2022,FEU,Z24,10,0.263796971158
06/02/2022,FEU,Z14,10,0.263796971158
06/02/2022,FEU,Z24,11,0.243886172562
06/02/2022,FEU,Z14,11,0.291787355509
06/02/2022,FEU,Z24,12,0.292209697158
06/02/2022,FEU,Z14,12,0.292209697158
06/02/2022,FEU,Z24,13,0.292302199158
06/02/2022,FEU,Z14,13,0.292302199158
06/02/2022,FEU,Z24,14,0.286296863509
06/02/2022,FEU,Z14,14,0.286296863509
06/02/2022,FEU,Z24,15,0.283687679754
06/02/2022,FEU,Z14,15,0.235623831158
06/02/2022,FEU,Z24,16,0.236105315754
06/02/2022,FEU,Z14,16,0.236105315754
06/02/2022,FEU,Z24,17,0.241548729052
06/02/2022,FEU,Z14,17,0.241548729052
06/02/2022,FEU,Z24,18,0.246219518403
06/02/2022,FEU,Z14,18,0.246219518403
06/02/2022,FEU,Z24,19,0.289793786999
06/02/2022,FEU,Z14,19,0.338051204595
06/02/2022,FEU,Z24,2,0.293105222032
06/02/2022,FEU,Z14,2,0.293105222032
06/02/2022,FEU,Z24,20,0.354132923436
06/02/2022,FEU,Z14,20,0.354132923436
06/02/2022,FEU,Z24,21,0.364355246032
06/02/2022,FEU,Z14,21,0.364355246032
06/02/2022,FEU,Z24,22,0.385318811436
06/02/2022,FEU,Z14,22,0.385318811436
06/02/2022,FEU,Z24,23,0.38535246933
06/02/2022,FEU,Z14,23,0.336926728734
06/02/2022,FEU,Z24,24,0.32232912933
06/02/2022,FEU,Z14,24,0.32232912933
06/02/2022,FEU,Z24,3,0.28135552933
06/02/2022,FEU,Z14,3,0.28135552933
06/02/2022,FEU,Z24,4,0.281985996628
06/02/2022,FEU,Z14,4,0.281985996628
06/02/2022,FEU,Z24,5,0.273633152628
06/02/2022,FEU,Z14,5,0.273633152628
06/02/2022,FEU,Z24,6,0.274602810681
06/02/2022,FEU,Z14,6,0.274602810681
06/02/2022,FEU,Z24,7,0.289245634489
06/02/2022,FEU,Z14,7,0.289245634489
06/02/2022,FEU,Z24,8,0.292283246297
06/02/2022,FEU,Z14,8,0.292283246297
06/02/2022,FEU,Z24,9,0.310967582999
06/02/2022,FEU,Z14,9,0.310967582999
06/03/2022,FEU,Z24,1,0.292229823787
06/03/2022,FEU,Z14,1,0.292229823787
06/03/2022,FEU,Z24,10,0.301968227754
06/03/2022,FEU,Z14,10,0.301968227754
06/03/2022,FEU,Z24,11,0.29034013986
06/03/2022,FEU,Z14,11,0.338363874807
06/03/2022,FEU,Z24,12,0.326805858807
06/03/2022,FEU,Z14,12,0.326805858807
06/03/2022,FEU,Z24,13,0.306533610807
06/03/2022,FEU,Z14,13,0.306533610807
06/03/2022,FEU,Z24,14,0.291436866807
06/03/2022,FEU,Z14,14,0.291436866807
06/03/2022,FEU,Z24,15,0.283482357052
06/03/2022,FEU,Z14,15,0.235416910456
06/03/2022,FEU,Z24,16,0.235954525052
06/03/2022,FEU,Z14,16,0.235954525052
06/03/2022,FEU,Z24,17,0.239961430701
06/03/2022,FEU,Z14,17,0.239961430701
06/03/2022,FEU,Z24,18,0.24466384635
06/03/2022,FEU,Z14,18,0.24466384635
06/03/2022,FEU,Z24,19,0.25839369635
06/03/2022,FEU,Z14,19,0.306340310297
06/03/2022,FEU,Z24,2,0.28790050933
06/03/2022,FEU,Z14,2,0.28790050933
06/03/2022,FEU,Z24,20,0.332719979436
06/03/2022,FEU,Z14,20,0.332719979436
06/03/2022,FEU,Z24,21,0.34540632933
06/03/2022,FEU,Z14,21,0.34540632933
06/03/2022,FEU,Z24,22,0.362971092979
06/03/2022,FEU,Z14,22,0.362971092979
06/03/2022,FEU,Z24,23,0.368024035224
06/03/2022,FEU,Z14,23,0.319655332628
06/03/2022,FEU,Z24,24,0.318241037575
06/03/2022,FEU,Z14,24,0.318241037575
06/03/2022,FEU,Z24,3,0.283960816628
06/03/2022,FEU,Z14,3,0.283960816628
06/03/2022,FEU,Z24,4,0.282140727277
06/03/2022,FEU,Z14,4,0.282140727277
06/03/2022,FEU,Z24,5,0.270397260628
06/03/2022,FEU,Z14,5,0.270397260628
06/03/2022,FEU,Z24,6,0.27282739933
06/03/2022,FEU,Z14,6,0.27282739933
06/03/2022,FEU,Z24,7,0.284283044787
06/03/2022,FEU,Z14,7,0.284283044787
06/03/2022,FEU,Z24,8,0.289517003542
06/03/2022,FEU,Z14,8,0.289517003542
06/03/2022,FEU,Z24,9,0.314789725542
06/03/2022,FEU,Z14,9,0.314789725542
06/04/2022,FEU,Z24,1,0.290986618734
06/04/2022,FEU,Z14,1,0.290986618734
06/04/2022,FEU,Z24,10,0.240826053105
06/04/2022,FEU,Z14,10,0.240826053105
06/04/2022,FEU,Z24,11,0.243489029211
06/04/2022,FEU,Z14,11,0.243489029211
06/04/2022,FEU,Z24,12,0.237526721264
06/04/2022,FEU,Z14,12,0.237526721264
06/04/2022,FEU,Z24,13,0.227727148562
06/04/2022,FEU,Z14,13,0.227727148562
06/04/2022,FEU,Z24,14,0.223821532562
06/04/2022,FEU,Z14,14,0.223821532562
06/04/2022,FEU,Z24,15,0.21566867986
06/04/2022,FEU,Z14,15,0.21566867986
06/04/2022,FEU,Z24,16,0.201810945052
06/04/2022,FEU,Z14,16,0.201810945052
06/04/2022,FEU,Z24,17,0.198461261701
06/04/2022,FEU,Z14,17,0.198461261701
06/04/2022,FEU,Z24,18,0.20353494635
06/04/2022,FEU,Z14,18,0.20353494635
06/04/2022,FEU,Z24,19,0.226188344946
06/04/2022,FEU,Z14,19,0.226188344946
06/04/2022,FEU,Z24,2,0.292671120628
06/04/2022,FEU,Z14,2,0.292671120628
06/04/2022,FEU,Z24,20,0.244962772489
06/04/2022,FEU,Z14,20,0.244962772489
06/04/2022,FEU,Z24,21,0.261737965681
06/04/2022,FEU,Z14,21,0.261737965681
06/04/2022,FEU,Z24,22,0.298582278979
06/04/2022,FEU,Z14,22,0.298582278979
06/04/2022,FEU,Z24,23,0.303884566979
06/04/2022,FEU,Z14,23,0.303884566979
06/04/2022,FEU,Z24,24,0.297230087575
06/04/2022,FEU,Z14,24,0.297230087575
06/04/2022,FEU,Z24,3,0.273451573926
06/04/2022,FEU,Z14,3,0.273451573926
06/04/2022,FEU,Z24,4,0.268181603224
06/04/2022,FEU,Z14,4,0.268181603224
06/04/2022,FEU,Z24,5,0.260464282522
06/04/2022,FEU,Z14,5,0.260464282522
06/04/2022,FEU,Z24,6,0.268558534171
06/04/2022,FEU,Z14,6,0.268558534171
06/04/2022,FEU,Z24,7,0.268335271873
06/04/2022,FEU,Z14,7,0.268335271873
06/04/2022,FEU,Z24,8,0.277135413979
06/04/2022,FEU,Z14,8,0.277135413979
06/04/2022,FEU,Z24,9,0.256450146893
06/04/2022,FEU,Z14,9,0.256450146893
06/05/2022,FEU,Z24,1,0.291146708873
06/05/2022,FEU,Z14,1,0.291146708873
06/05/2022,FEU,Z24,10,0.217532804999
06/05/2022,FEU,Z14,10,0.217532804999
06/05/2022,FEU,Z24,11,0.213160563105
06/05/2022,FEU,Z14,11,0.213160563105
06/05/2022,FEU,Z24,12,0.212860358456
06/05/2022,FEU,Z14,12,0.212860358456
06/05/2022,FEU,Z24,13,0.211116602403
06/05/2022,FEU,Z14,13,0.211116602403
06/05/2022,FEU,Z24,14,0.211260651754
06/05/2022,FEU,Z14,14,0.211260651754
06/05/2022,FEU,Z24,15,0.209882430403
06/05/2022,FEU,Z14,15,0.209882430403
06/05/2022,FEU,Z24,16,0.206459538244
06/05/2022,FEU,Z14,16,0.206459538244
06/05/2022,FEU,Z24,17,0.20032059284
06/05/2022,FEU,Z14,17,0.20032059284
06/05/2022,FEU,Z24,18,0.20710427284
06/05/2022,FEU,Z14,18,0.20710427284
06/05/2022,FEU,Z24,19,0.21099027284
06/05/2022,FEU,Z14,19,0.21099027284
06/05/2022,FEU,Z24,2,0.27348014582
06/05/2022,FEU,Z14,2,0.27348014582
06/05/2022,FEU,Z24,20,0.216606051085
06/05/2022,FEU,Z14,20,0.216606051085
06/05/2022,FEU,Z24,21,0.25686274933
06/05/2022,FEU,Z14,21,0.25686274933
06/05/2022,FEU,Z24,22,0.296739662734
06/05/2022,FEU,Z14,22,0.296739662734
06/05/2022,FEU,Z24,23,0.299764916085
06/05/2022,FEU,Z14,23,0.299764916085
06/05/2022,FEU,Z24,24,0.289425730681
06/05/2022,FEU,Z14,24,0.289425730681
06/05/2022,FEU,Z24,3,0.265898565118
06/05/2022,FEU,Z14,3,0.265898565118
06/05/2022,FEU,Z24,4,0.271053329065
06/05/2022,FEU,Z14,4,0.271053329065
06/05/2022,FEU,Z24,5,0.267678809714
06/05/2022,FEU,Z14,5,0.267678809714
06/05/2022,FEU,Z24,6,0.273433370363
06/05/2022,FEU,Z14,6,0.273433370363
06/05/2022,FEU,Z24,7,0.271776118661
06/05/2022,FEU,Z14,7,0.271776118661
06/05/2022,FEU,Z24,8,0.264704321714
06/05/2022,FEU,Z14,8,0.264704321714
06/05/2022,FEU,Z24,9,0.237753467383
06/05/2022,FEU,Z14,9,0.237753467383
06/06/2022,FEU,Z24,1,0.265879732681
06/06/2022,FEU,Z14,1,0.265879732681
06/06/2022,FEU,Z24,10,0.257254338105
06/06/2022,FEU,Z14,10,0.257254338105
06/06/2022,FEU,Z24,11,0.25288771986
06/06/2022,FEU,Z14,11,0.300812895807
06/06/2022,FEU,Z24,12,0.295347069807
06/06/2022,FEU,Z14,12,0.295347069807
06/06/2022,FEU,Z24,13,0.290589903807
06/06/2022,FEU,Z14,13,0.290589903807
06/06/2022,FEU,Z24,14,0.289139436807
06/06/2022,FEU,Z14,14,0.289139436807
06/06/2022,FEU,Z24,15,0.291835064403
06/06/2022,FEU,Z14,15,0.243742218807
06/06/2022,FEU,Z24,16,0.240450904701
06/06/2022,FEU,Z14,16,0.240450904701
06/06/2022,FEU,Z24,17,0.238238194999
06/06/2022,FEU,Z14,17,0.238238194999
06/06/2022,FEU,Z24,18,0.236987339297
06/06/2022,FEU,Z14,18,0.236987339297
06/06/2022,FEU,Z24,19,0.238878934244
06/06/2022,FEU,Z14,19,0.28696351284
06/06/2022,FEU,Z24,2,0.248518161926
06/06/2022,FEU,Z14,2,0.248518161926
06/06/2022,FEU,Z24,20,0.320864844734
06/06/2022,FEU,Z14,20,0.320864844734
06/06/2022,FEU,Z24,21,0.336040334734
06/06/2022,FEU,Z14,21,0.336040334734
06/06/2022,FEU,Z24,22,0.36289827284
06/06/2022,FEU,Z14,22,0.36289827284
06/06/2022,FEU,Z24,23,0.362236856734
06/06/2022,FEU,Z14,23,0.313890490138
06/06/2022,FEU,Z24,24,0.292770811085
06/06/2022,FEU,Z14,24,0.292770811085
06/06/2022,FEU,Z24,3,0.236316707224
06/06/2022,FEU,Z14,3,0.236316707224
06/06/2022,FEU,Z24,4,0.237083338522
06/06/2022,FEU,Z14,4,0.237083338522
06/06/2022,FEU,Z24,5,0.234447087873
06/06/2022,FEU,Z14,5,0.234447087873
06/06/2022,FEU,Z24,6,0.23674108933
06/06/2022,FEU,Z14,6,0.23674108933
06/06/2022,FEU,Z24,7,0.263303089489
06/06/2022,FEU,Z14,7,0.263303089489
06/06/2022,FEU,Z24,8,0.272851488946
06/06/2022,FEU,Z14,8,0.272851488946
06/06/2022,FEU,Z24,9,0.287137310244
06/06/2022,FEU,Z14,9,0.287137310244
06/07/2022,FEU,Z24,1,0.252864156191
06/07/2022,FEU,Z14,1,0.252864156191
06/07/2022,FEU,Z24,10,0.278491798105
06/07/2022,FEU,Z14,10,0.278491798105
06/07/2022,FEU,Z24,11,0.261853162509
06/07/2022,FEU,Z14,11,0.309802614456
06/07/2022,FEU,Z24,12,0.309664190456
06/07/2022,FEU,Z14,12,0.309664190456
06/07/2022,FEU,Z24,13,0.308904595158
06/07/2022,FEU,Z14,13,0.308904595158
06/07/2022,FEU,Z24,14,0.295726087509
06/07/2022,FEU,Z14,14,0.295726087509
06/07/2022,FEU,Z24,15,0.283238278105
06/07/2022,FEU,Z14,15,0.235356603158
06/07/2022,FEU,Z24,16,0.225924251754
06/07/2022,FEU,Z14,16,0.225924251754
06/07/2022,FEU,Z24,17,0.225022121052
06/07/2022,FEU,Z14,17,0.225022121052
06/07/2022,FEU,Z24,18,0.235348381052
06/07/2022,FEU,Z14,18,0.235348381052
06/07/2022,FEU,Z24,19,0.24128974635
06/07/2022,FEU,Z14,19,0.289378022946
06/07/2022,FEU,Z24,2,0.234242403436
06/07/2022,FEU,Z14,2,0.234242403436
06/07/2022,FEU,Z24,20,0.311710026489
06/07/2022,FEU,Z14,20,0.311710026489
06/07/2022,FEU,Z24,21,0.348578742489
06/07/2022,FEU,Z14,21,0.348578742489
06/07/2022,FEU,Z24,22,0.350060517191
06/07/2022,FEU,Z14,22,0.350060517191
06/07/2022,FEU,Z24,23,0.341534951436
06/07/2022,FEU,Z14,23,0.29326163284
06/07/2022,FEU,Z24,24,0.282966171085
06/07/2022,FEU,Z14,24,0.282966171085
06/07/2022,FEU,Z24,3,0.221155226383
06/07/2022,FEU,Z14,3,0.221155226383
06/07/2022,FEU,Z24,4,0.218074646681
06/07/2022,FEU,Z14,4,0.218074646681
06/07/2022,FEU,Z24,5,0.216639114681
06/07/2022,FEU,Z14,5,0.216639114681
06/07/2022,FEU,Z24,6,0.215361071383
06/07/2022,FEU,Z14,6,0.215361071383
06/07/2022,FEU,Z24,7,0.21322791284
06/07/2022,FEU,Z14,7,0.21322791284
06/07/2022,FEU,Z24,8,0.261553915648
06/07/2022,FEU,Z14,8,0.261553915648
06/07/2022,FEU,Z24,9,0.291223854946
06/07/2022,FEU,Z14,9,0.291223854946
06/08/2022,FEU,Z24,1,0.232485459191
06/08/2022,FEU,Z14,1,0.232485459191
06/08/2022,FEU,Z24,10,0.272726723105
06/08/2022,FEU,Z14,10,0.272726723105
06/08/2022,FEU,Z24,11,0.254926151509
06/08/2022,FEU,Z14,11,0.303057083105
06/08/2022,FEU,Z24,12,0.300906773105
06/08/2022,FEU,Z14,12,0.300906773105
06/08/2022,FEU,Z24,13,0.286283978105
06/08/2022,FEU,Z14,13,0.286283978105
06/08/2022,FEU,Z24,14,0.279287919807
06/08/2022,FEU,Z14,14,0.279287919807
06/08/2022,FEU,Z24,15,0.272971502403
06/08/2022,FEU,Z14,15,0.225115190456
06/08/2022,FEU,Z24,16,0.222166517754
06/08/2022,FEU,Z14,16,0.222166517754
06/08/2022,FEU,Z24,17,0.222144085052
06/08/2022,FEU,Z14,17,0.222144085052
06/08/2022,FEU,Z24,18,0.22394084635
06/08/2022,FEU,Z14,18,0.22394084635
06/08/2022,FEU,Z24,19,0.227814738999
06/08/2022,FEU,Z14,19,0.275682350946
06/08/2022,FEU,Z24,2,0.215458526085
06/08/2022,FEU,Z14,2,0.215458526085
06/08/2022,FEU,Z24,20,0.303329928489
06/08/2022,FEU,Z14,20,0.303329928489
06/08/2022,FEU,Z24,21,0.332122762138
06/08/2022,FEU,Z14,21,0.332122762138
06/08/2022,FEU,Z24,22,0.33092519284
06/08/2022,FEU,Z14,22,0.33092519284
06/08/2022,FEU,Z24,23,0.331162956734
06/08/2022,FEU,Z14,23,0.282924352138
06/08/2022,FEU,Z24,24,0.269640566032
06/08/2022,FEU,Z14,24,0.269640566032
06/08/2022,FEU,Z24,3,0.212447814032
06/08/2022,FEU,Z14,3,0.212447814032
06/08/2022,FEU,Z24,4,0.214959997979
06/08/2022,FEU,Z14,4,0.214959997979
06/08/2022,FEU,Z24,5,0.214692729681
06/08/2022,FEU,Z14,5,0.214692729681
06/08/2022,FEU,Z24,6,0.217369766032
06/08/2022,FEU,Z14,6,0.217369766032
06/08/2022,FEU,Z24,7,0.241194788138
06/08/2022,FEU,Z14,7,0.241194788138
06/08/2022,FEU,Z24,8,0.258478075648
06/08/2022,FEU,Z14,8,0.258478075648
06/08/2022,FEU,Z24,9,0.285997910297
06/08/2022,FEU,Z14,9,0.285997910297
06/09/2022,FEU,Z24,1,0.232131798787
06/09/2022,FEU,Z14,1,0.232131798787
06/09/2022,FEU,Z24,10,0.266393879158
06/09/2022,FEU,Z14,10,0.266393879158
06/09/2022,FEU,Z24,11,0.256756952562
06/09/2022,FEU,Z14,11,0.304690924509
06/09/2022,FEU,Z24,12,0.295467823158
06/09/2022,FEU,Z14,12,0.295467823158
06/09/2022,FEU,Z24,13,0.293704575158
06/09/2022,FEU,Z14,13,0.293704575158
06/09/2022,FEU,Z24,14,0.283203612509
06/09/2022,FEU,Z14,14,0.283203612509
06/09/2022,FEU,Z24,15,0.270425021754
06/09/2022,FEU,Z14,15,0.222406323158
06/09/2022,FEU,Z24,16,0.219118157754
06/09/2022,FEU,Z14,16,0.219118157754
06/09/2022,FEU,Z24,17,0.214707341052
06/09/2022,FEU,Z14,17,0.214707341052
06/09/2022,FEU,Z24,18,0.216583332403
06/09/2022,FEU,Z14,18,0.216583332403
06/09/2022,FEU,Z24,19,0.227873439999
06/09/2022,FEU,Z14,19,0.275915669595
06/09/2022,FEU,Z24,2,0.211048550032
06/09/2022,FEU,Z14,2,0.211048550032
06/09/2022,FEU,Z24,20,0.302975123436
06/09/2022,FEU,Z14,20,0.302975123436
06/09/2022,FEU,Z24,21,0.319449150032
06/09/2022,FEU,Z14,21,0.319449150032
06/09/2022,FEU,Z24,22,0.329257079436
06/09/2022,FEU,Z14,22,0.329257079436
06/09/2022,FEU,Z24,23,0.32909769933
06/09/2022,FEU,Z14,23,0.280864282734
06/09/2022,FEU,Z24,24,0.26150199933
06/09/2022,FEU,Z14,24,0.26150199933
06/09/2022,FEU,Z24,3,0.20468191933
06/09/2022,FEU,Z14,3,0.20468191933
06/09/2022,FEU,Z24,4,0.206002892628
06/09/2022,FEU,Z14,4,0.206002892628
06/09/2022,FEU,Z24,5,0.206229088628
06/09/2022,FEU,Z14,5,0.206229088628
06/09/2022,FEU,Z24,6,0.210835029681
06/09/2022,FEU,Z14,6,0.210835029681
06/09/2022,FEU,Z24,7,0.240318772489
06/09/2022,FEU,Z14,7,0.240318772489
06/09/2022,FEU,Z24,8,0.260198715297
06/09/2022,FEU,Z14,8,0.260198715297
06/09/2022,FEU,Z24,9,0.286124398999
06/09/2022,FEU,Z14,9,0.286124398999
06/10/2022,FEU,Z24,1,0.242533670787
06/10/2022,FEU,Z14,1,0.242533670787
06/10/2022,FEU,Z24,10,0.267378509754
06/10/2022,FEU,Z14,10,0.267378509754
06/10/2022,FEU,Z24,11,0.25156873986
06/10/2022,FEU,Z14,11,0.299490444807
06/10/2022,FEU,Z24,12,0.307078821807
06/10/2022,FEU,Z14,12,0.307078821807
06/10/2022,FEU,Z24,13,0.312776676807
06/10/2022,FEU,Z14,13,0.312776676807
06/10/2022,FEU,Z24,14,0.306058122807
06/10/2022,FEU,Z14,14,0.306058122807
06/10/2022,FEU,Z24,15,0.295731517052
06/10/2022,FEU,Z14,15,0.247624534456
06/10/2022,FEU,Z24,16,0.237073825052
06/10/2022,FEU,Z14,16,0.237073825052
06/10/2022,FEU,Z24,17,0.237290005701
06/10/2022,FEU,Z14,17,0.237290005701
06/10/2022,FEU,Z24,18,0.26514189635
06/10/2022,FEU,Z14,18,0.26514189635
06/10/2022,FEU,Z24,19,0.27291704635
06/10/2022,FEU,Z14,19,0.320902700297
06/10/2022,FEU,Z24,2,0.22240390933
06/10/2022,FEU,Z14,2,0.22240390933
06/10/2022,FEU,Z24,20,0.330309335436
06/10/2022,FEU,Z14,20,0.330309335436
06/10/2022,FEU,Z24,21,0.34267437933
06/10/2022,FEU,Z14,21,0.34267437933
06/10/2022,FEU,Z24,22,0.338219665979
06/10/2022,FEU,Z14,22,0.338219665979
06/10/2022,FEU,Z24,23,0.337686763224
06/10/2022,FEU,Z14,23,0.289421248628
06/10/2022,FEU,Z24,24,0.278601237575
06/10/2022,FEU,Z14,24,0.278601237575
06/10/2022,FEU,Z24,3,0.215843004628
06/10/2022,FEU,Z14,3,0.215843004628
06/10/2022,FEU,Z24,4,0.216381174277
06/10/2022,FEU,Z14,4,0.216381174277
06/10/2022,FEU,Z24,5,0.216771228628
06/10/2022,FEU,Z14,5,0.216771228628
06/10/2022,FEU,Z24,6,0.23525635933
06/10/2022,FEU,Z14,6,0.23525635933
06/10/2022,FEU,Z24,7,0.253808955787
06/10/2022,FEU,Z14,7,0.253808955787
06/10/2022,FEU,Z24,8,0.258762839542
06/10/2022,FEU,Z14,8,0.258762839542
06/10/2022,FEU,Z24,9,0.284834581542
06/10/2022,FEU,Z14,9,0.284834581542
06/11/2022,FEU,Z24,1,0.254811468734
06/11/2022,FEU,Z14,1,0.254811468734
06/11/2022,FEU,Z24,10,0.213880768105
06/11/2022,FEU,Z14,10,0.213880768105
06/11/2022,FEU,Z24,11,0.217424153211
06/11/2022,FEU,Z14,11,0.217424153211
06/11/2022,FEU,Z24,12,0.219685841264
06/11/2022,FEU,Z14,12,0.219685841264
06/11/2022,FEU,Z24,13,0.210443204562
06/11/2022,FEU,Z14,13,0.210443204562
06/11/2022,FEU,Z24,14,0.207092932562
06/11/2022,FEU,Z14,14,0.207092932562
06/11/2022,FEU,Z24,15,0.20722013986
06/11/2022,FEU,Z14,15,0.20722013986
06/11/2022,FEU,Z24,16,0.204199933052
06/11/2022,FEU,Z14,16,0.204199933052
06/11/2022,FEU,Z24,17,0.213404006701
06/11/2022,FEU,Z14,17,0.213404006701
06/11/2022,FEU,Z24,18,0.22652344635
06/11/2022,FEU,Z14,18,0.22652344635
06/11/2022,FEU,Z24,19,0.215995062946
06/11/2022,FEU,Z14,19,0.215995062946
06/11/2022,FEU,Z24,2,0.251621820628
06/11/2022,FEU,Z14,2,0.251621820628
06/11/2022,FEU,Z24,20,0.242003383489
06/11/2022,FEU,Z14,20,0.242003383489
06/11/2022,FEU,Z24,21,0.263530042681
06/11/2022,FEU,Z14,21,0.263530042681
06/11/2022,FEU,Z24,22,0.286063117979
06/11/2022,FEU,Z14,22,0.286063117979
06/11/2022,FEU,Z24,23,0.285933136979
06/11/2022,FEU,Z14,23,0.285933136979
06/11/2022,FEU,Z24,24,0.265916337575
06/11/2022,FEU,Z14,24,0.265916337575
06/11/2022,FEU,Z24,3,0.244345765926
06/11/2022,FEU,Z14,3,0.244345765926
06/11/2022,FEU,Z24,4,0.247442843224
06/11/2022,FEU,Z14,4,0.247442843224
06/11/2022,FEU,Z24,5,0.248026958522
06/11/2022,FEU,Z14,5,0.248026958522
06/11/2022,FEU,Z24,6,0.248354011171
06/11/2022,FEU,Z14,6,0.248354011171
06/11/2022,FEU,Z24,7,0.247555336873
06/11/2022,FEU,Z14,7,0.247555336873
06/11/2022,FEU,Z24,8,0.245512558979
06/11/2022,FEU,Z14,8,0.245512558979
06/11/2022,FEU,Z24,9,0.232311655893
06/11/2022,FEU,Z14,9,0.232311655893
06/12/2022,FEU,Z24,1,0.248308616873
06/12/2022,FEU,Z14,1,0.248308616873
06/12/2022,FEU,Z24,10,0.205906553999
06/12/2022,FEU,Z14,10,0.205906553999
06/12/2022,FEU,Z24,11,0.195968388105
06/12/2022,FEU,Z14,11,0.195968388105
06/12/2022,FEU,Z24,12,0.193000518456
06/12/2022,FEU,Z14,12,0.193000518456
06/12/2022,FEU,Z24,13,0.188130722403
06/12/2022,FEU,Z14,13,0.188130722403
06/12/2022,FEU,Z24,14,0.190237281754
06/12/2022,FEU,Z14,14,0.190237281754
06/12/2022,FEU,Z24,15,0.189236430403
06/12/2022,FEU,Z14,15,0.189236430403
06/12/2022,FEU,Z24,16,0.137509918244
06/12/2022,FEU,Z14,16,0.137509918244
06/12/2022,FEU,Z24,17,0.10132619284
06/12/2022,FEU,Z14,17,0.10132619284
06/12/2022,FEU,Z24,18,0.19054643284
06/12/2022,FEU,Z14,18,0.19054643284
06/12/2022,FEU,Z24,19,0.20775155284
06/12/2022,FEU,Z14,19,0.20775155284
06/12/2022,FEU,Z24,2,0.23812734582
06/12/2022,FEU,Z14,2,0.23812734582
06/12/2022,FEU,Z24,20,0.237552751085
06/12/2022,FEU,Z14,20,0.237552751085
06/12/2022,FEU,Z24,21,0.25629295933
06/12/2022,FEU,Z14,21,0.25629295933
06/12/2022,FEU,Z24,22,0.272887966734
06/12/2022,FEU,Z14,22,0.272887966734
06/12/2022,FEU,Z24,23,0.276937906085
06/12/2022,FEU,Z14,23,0.276937906085
06/12/2022,FEU,Z24,24,0.269998119681
06/12/2022,FEU,Z14,24,0.269998119681
06/12/2022,FEU,Z24,3,0.229178553118
06/12/2022,FEU,Z14,3,0.229178553118
06/12/2022,FEU,Z24,4,0.221283329065
06/12/2022,FEU,Z14,4,0.221283329065
06/12/2022,FEU,Z24,5,0.222718735714
06/12/2022,FEU,Z14,5,0.222718735714
06/12/2022,FEU,Z24,6,0.226074444363
06/12/2022,FEU,Z14,6,0.226074444363
06/12/2022,FEU,Z24,7,0.230203922661
06/12/2022,FEU,Z14,7,0.230203922661
06/12/2022,FEU,Z24,8,0.229618883714
06/12/2022,FEU,Z14,8,0.229618883714
06/12/2022,FEU,Z24,9,0.217979819383
06/12/2022,FEU,Z14,9,0.217979819383
06/13/2022,FEU,Z24,1,0.246819187681
06/13/2022,FEU,Z14,1,0.246819187681
06/13/2022,FEU,Z24,10,0.266112058105
06/13/2022,FEU,Z14,10,0.266112058105
06/13/2022,FEU,Z24,11,0.26566483986
06/13/2022,FEU,Z14,11,0.313623639807
06/13/2022,FEU,Z24,12,0.315016956807
06/13/2022,FEU,Z14,12,0.315016956807
06/13/2022,FEU,Z24,13,0.320481639807
06/13/2022,FEU,Z14,13,0.320481639807
06/13/2022,FEU,Z24,14,0.320771961807
06/13/2022,FEU,Z14,14,0.320771961807
06/13/2022,FEU,Z24,15,0.319898713403
06/13/2022,FEU,Z14,15,0.271707999807
06/13/2022,FEU,Z24,16,0.267000847701
06/13/2022,FEU,Z14,16,0.267000847701
06/13/2022,FEU,Z24,17,0.266212098999
06/13/2022,FEU,Z14,17,0.266212098999
06/13/2022,FEU,Z24,18,0.268896614297
06/13/2022,FEU,Z14,18,0.268896614297
06/13/2022,FEU,Z24,19,0.274087226244
06/13/2022,FEU,Z14,19,0.32229247284
06/13/2022,FEU,Z24,2,0.228029513926
06/13/2022,FEU,Z14,2,0.228029513926
06/13/2022,FEU,Z24,20,0.343710282734
06/13/2022,FEU,Z14,20,0.343710282734
06/13/2022,FEU,Z24,21,0.363147502734
06/13/2022,FEU,Z14,21,0.363147502734
06/13/2022,FEU,Z24,22,0.36142623284
06/13/2022,FEU,Z14,22,0.36142623284
06/13/2022,FEU,Z24,23,0.359928176734
06/13/2022,FEU,Z14,23,0.311590892138
06/13/2022,FEU,Z24,24,0.296946171085
06/13/2022,FEU,Z14,24,0.296946171085
06/13/2022,FEU,Z24,3,0.209106419224
06/13/2022,FEU,Z14,3,0.209106419224
06/13/2022,FEU,Z24,4,0.208154014522
06/13/2022,FEU,Z14,4,0.208154014522
06/13/2022,FEU,Z24,5,0.212544294873
06/13/2022,FEU,Z14,5,0.212544294873
06/13/2022,FEU,Z24,6,0.21753436933
06/13/2022,FEU,Z14,6,0.21753436933
06/13/2022,FEU,Z24,7,0.245493349489
06/13/2022,FEU,Z14,7,0.245493349489
06/13/2022,FEU,Z24,8,0.254610210946
06/13/2022,FEU,Z14,8,0.254610210946
06/13/2022,FEU,Z24,9,0.273840998244
06/13/2022,FEU,Z14,9,0.273840998244
06/14/2022,FEU,Z24,1,0.266949483191
06/14/2022,FEU,Z14,1,0.266949483191
06/14/2022,FEU,Z24,10,0.291953563105
06/14/2022,FEU,Z14,10,0.291953563105
06/14/2022,FEU,Z24,11,0.284430129509
06/14/2022,FEU,Z14,11,0.332438942456
06/14/2022,FEU,Z24,12,0.317747694456
06/14/2022,FEU,Z14,12,0.317747694456
06/14/2022,FEU,Z24,13,0.313785503158
06/14/2022,FEU,Z14,13,0.313785503158
06/14/2022,FEU,Z24,14,0.313355678509
06/14/2022,FEU,Z14,14,0.313355678509
06/14/2022,FEU,Z24,15,0.313380403105
06/14/2022,FEU,Z14,15,0.265419753158
06/14/2022,FEU,Z24,16,0.258397307754
06/14/2022,FEU,Z14,16,0.258397307754
06/14/2022,FEU,Z24,17,0.268774697052
06/14/2022,FEU,Z14,17,0.268774697052
06/14/2022,FEU,Z24,18,0.271233713052
06/14/2022,FEU,Z14,18,0.271233713052
06/14/2022,FEU,Z24,19,0.27770449635
06/14/2022,FEU,Z14,19,0.325919432946
06/14/2022,FEU,Z24,2,0.266338539436
06/14/2022,FEU,Z14,2,0.266338539436
06/14/2022,FEU,Z24,20,0.340646790489
06/14/2022,FEU,Z14,20,0.340646790489
06/14/2022,FEU,Z24,21,0.361803693489
06/14/2022,FEU,Z14,21,0.361803693489
06/14/2022,FEU,Z24,22,0.366250588191
06/14/2022,FEU,Z14,22,0.366250588191
06/14/2022,FEU,Z24,23,0.358256975436
06/14/2022,FEU,Z14,23,0.30992619284
06/14/2022,FEU,Z24,24,0.292865176085
06/14/2022,FEU,Z14,24,0.292865176085
06/14/2022,FEU,Z24,3,0.254411225383
06/14/2022,FEU,Z14,3,0.254411225383
06/14/2022,FEU,Z24,4,0.249726490681
06/14/2022,FEU,Z14,4,0.249726490681
06/14/2022,FEU,Z24,5,0.244741874681
06/14/2022,FEU,Z14,5,0.244741874681
06/14/2022,FEU,Z24,6,0.248961335383
06/14/2022,FEU,Z14,6,0.248961335383
06/14/2022,FEU,Z24,7,0.26112315284
06/14/2022,FEU,Z14,7,0.26112315284
06/14/2022,FEU,Z24,8,0.274290427648
06/14/2022,FEU,Z14,8,0.274290427648
06/14/2022,FEU,Z24,9,0.300678576946
06/14/2022,FEU,Z14,9,0.300678576946
06/15/2022,FEU,Z24,1,0.311850591941
06/15/2022,FEU,Z14,1,0.311850591941
06/15/2022,FEU,Z24,10,0.293986899905
06/15/2022,FEU,Z14,10,0.293986899905
06/15/2022,FEU,Z24,11,0.275007306519
06/15/2022,FEU,Z14,11,0.323208636555
06/15/2022,FEU,Z24,12,0.318028816855
06/15/2022,FEU,Z14,12,0.318028816855
06/15/2022,FEU,Z24,13,0.318488912205
06/15/2022,FEU,Z14,13,0.318488912205
06/15/2022,FEU,Z24,14,0.319298326197
06/15/2022,FEU,Z14,14,0.319298326197
06/15/2022,FEU,Z24,15,0.315703365913
06/15/2022,FEU,Z14,15,0.267735287976
06/15/2022,FEU,Z24,16,0.257790477834
06/15/2022,FEU,Z14,16,0.257790477834
06/15/2022,FEU,Z24,17,0.261459790292
06/15/2022,FEU,Z14,17,0.261459790292
06/15/2022,FEU,Z24,18,0.26071694935
06/15/2022,FEU,Z14,18,0.26071694935
06/15/2022,FEU,Z24,19,0.261873715269
06/15/2022,FEU,Z14,19,0.309830099526
06/15/2022,FEU,Z24,2,0.310044887735
06/15/2022,FEU,Z14,2,0.310044887735
06/15/2022,FEU,Z24,20,0.328612154739
06/15/2022,FEU,Z14,20,0.328612154739
06/15/2022,FEU,Z24,21,0.356122512598
06/15/2022,FEU,Z14,21,0.356122512598
06/15/2022,FEU,Z24,22,0.35824471244
06/15/2022,FEU,Z14,22,0.35824471244
06/15/2022,FEU,Z24,23,0.357381073054
06/15/2022,FEU,Z14,23,0.309052526378
06/15/2022,FEU,Z24,24,0.282856310832
06/15/2022,FEU,Z14,24,0.282856310832
06/15/2022,FEU,Z24,3,0.309447667792
06/15/2022,FEU,Z14,3,0.309447667792
06/15/2022,FEU,Z24,4,0.308393724969
06/15/2022,FEU,Z14,4,0.308393724969
06/15/2022,FEU,Z24,5,0.309253618971
06/15/2022,FEU,Z14,5,0.309253618971
06/15/2022,FEU,Z24,6,0.317242350832
06/15/2022,FEU,Z14,6,0.317242350832
06/15/2022,FEU,Z24,7,0.306786585598
06/15/2022,FEU,Z14,7,0.306786585598
06/15/2022,FEU,Z24,8,0.301173476608
06/15/2022,FEU,Z14,8,0.301173476608
06/15/2022,FEU,Z24,9,0.318525504607
06/15/2022,FEU,Z14,9,0.318525504607
06/16/2022,FEU,Z24,1,0.351788100487
06/16/2022,FEU,Z14,1,0.351788100487
06/16/2022,FEU,Z24,10,0.327583415418
06/16/2022,FEU,Z14,10,0.327583415418
06/16/2022,FEU,Z24,11,0.318294188762
06/16/2022,FEU,Z14,11,0.366391526409
06/16/2022,FEU,Z24,12,0.354134087578
06/16/2022,FEU,Z14,12,0.354134087578
06/16/2022,FEU,Z24,13,0.351107741898
06/16/2022,FEU,Z14,13,0.351107741898
06/16/2022,FEU,Z24,14,0.351568612849
06/16/2022,FEU,Z14,14,0.351568612849
06/16/2022,FEU,Z24,15,0.343119354354
06/16/2022,FEU,Z14,15,0.294848065358
06/16/2022,FEU,Z24,16,0.297180216834
06/16/2022,FEU,Z14,16,0.297180216834
06/16/2022,FEU,Z24,17,0.298734041572
06/16/2022,FEU,Z14,17,0.298734041572
06/16/2022,FEU,Z24,18,0.310601408363
06/16/2022,FEU,Z14,18,0.310601408363
06/16/2022,FEU,Z24,19,0.314507529539
06/16/2022,FEU,Z14,19,0.362850833295
06/16/2022,FEU,Z24,2,0.327787778992
06/16/2022,FEU,Z14,2,0.327787778992
06/16/2022,FEU,Z24,20,0.404996464236
06/16/2022,FEU,Z14,20,0.404996464236
06/16/2022,FEU,Z24,21,0.418485843952
06/16/2022,FEU,Z14,21,0.418485843952
06/16/2022,FEU,Z24,22,0.428975900196
06/16/2022,FEU,Z14,22,0.428975900196
06/16/2022,FEU,Z24,23,0.43357363323
06/16/2022,FEU,Z14,23,0.384981867954
06/16/2022,FEU,Z24,24,0.37962543333
06/16/2022,FEU,Z14,24,0.37962543333
06/16/2022,FEU,Z24,3,0.32577964543
06/16/2022,FEU,Z14,3,0.32577964543
06/16/2022,FEU,Z24,4,0.329175732788
06/16/2022,FEU,Z14,4,0.329175732788
06/16/2022,FEU,Z24,5,0.333755768148
06/16/2022,FEU,Z14,5,0.333755768148
06/16/2022,FEU,Z24,6,0.343865698291
06/16/2022,FEU,Z14,6,0.343865698291
06/16/2022,FEU,Z24,7,0.337219257439
06/16/2022,FEU,Z14,7,0.337219257439
06/16/2022,FEU,Z24,8,0.350954573697
06/16/2022,FEU,Z14,8,0.350954573697
06/16/2022,FEU,Z24,9,0.365203220949
06/16/2022,FEU,Z14,9,0.365203220949
06/17/2022,FEU,Z24,1,0.366152394897
06/17/2022,FEU,Z14,1,0.366152394897
06/17/2022,FEU,Z24,10,0.344416869954
06/17/2022,FEU,Z14,10,0.344416869954
06/17/2022,FEU,Z24,11,0.33298734606
06/17/2022,FEU,Z14,11,0.381123310497
06/17/2022,FEU,Z24,12,0.368452972617
06/17/2022,FEU,Z14,12,0.368452972617
06/17/2022,FEU,Z24,13,0.365066515077
06/17/2022,FEU,Z14,13,0.365066515077
06/17/2022,FEU,Z24,14,0.360420642987
06/17/2022,FEU,Z14,14,0.360420642987
06/17/2022,FEU,Z24,15,0.344656131532
06/17/2022,FEU,Z14,15,0.296378679896
06/17/2022,FEU,Z24,16,0.295379057492
06/17/2022,FEU,Z14,16,0.295379057492
06/17/2022,FEU,Z24,17,0.295859350011
06/17/2022,FEU,Z14,17,0.295859350011
06/17/2022,FEU,Z24,18,0.29930325585
06/17/2022,FEU,Z14,18,0.29930325585
06/17/2022,FEU,Z24,19,0.31101937535
06/17/2022,FEU,Z14,19,0.359104426677
06/17/2022,FEU,Z24,2,0.36298832473
06/17/2022,FEU,Z14,2,0.36298832473
06/17/2022,FEU,Z24,20,0.387786852276
06/17/2022,FEU,Z14,20,0.387786852276
06/17/2022,FEU,Z24,21,0.41081908713
06/17/2022,FEU,Z14,21,0.41081908713
06/17/2022,FEU,Z24,22,0.423975345039
06/17/2022,FEU,Z14,22,0.423975345039
06/17/2022,FEU,Z24,23,0.428701084104
06/17/2022,FEU,Z14,23,0.380125996988
06/17/2022,FEU,Z24,24,0.372879230825
06/17/2022,FEU,Z14,24,0.372879230825
06/17/2022,FEU,Z24,3,0.357705775668
06/17/2022,FEU,Z14,3,0.357705775668
06/17/2022,FEU,Z24,4,0.356934761467
06/17/2022,FEU,Z14,4,0.356934761467
06/17/2022,FEU,Z24,5,0.359791466868
06/17/2022,FEU,Z14,5,0.359791466868
06/17/2022,FEU,Z24,6,0.35771085253
06/17/2022,FEU,Z14,6,0.35771085253
06/17/2022,FEU,Z24,7,0.351592949087
06/17/2022,FEU,Z14,7,0.351592949087
06/17/2022,FEU,Z24,8,0.352256818222
06/17/2022,FEU,Z14,8,0.352256818222
06/17/2022,FEU,Z24,9,0.361210633662
06/17/2022,FEU,Z14,9,0.361210633662
06/18/2022,FEU,Z24,1,0.382471200274
06/18/2022,FEU,Z14,1,0.382471200274
06/18/2022,FEU,Z24,10,0.249120146855
06/18/2022,FEU,Z14,10,0.249120146855
06/18/2022,FEU,Z24,11,0.248110134451
06/18/2022,FEU,Z14,11,0.248110134451
06/18/2022,FEU,Z24,12,0.223013071664
06/18/2022,FEU,Z14,12,0.223013071664
06/18/2022,FEU,Z24,13,0.200129191922
06/18/2022,FEU,Z14,13,0.200129191922
06/18/2022,FEU,Z24,14,0.192797331042
06/18/2022,FEU,Z14,14,0.192797331042
06/18/2022,FEU,Z24,15,0.17631809146
06/18/2022,FEU,Z14,15,0.17631809146
06/18/2022,FEU,Z24,16,0.169649254372
06/18/2022,FEU,Z14,16,0.169649254372
06/18/2022,FEU,Z24,17,0.164589270241
06/18/2022,FEU,Z14,17,0.164589270241
06/18/2022,FEU,Z24,18,0.16742915535
06/18/2022,FEU,Z14,18,0.16742915535
06/18/2022,FEU,Z24,19,0.178446522526
06/18/2022,FEU,Z14,19,0.178446522526
06/18/2022,FEU,Z24,2,0.349776586228
06/18/2022,FEU,Z14,2,0.349776586228
06/18/2022,FEU,Z24,20,0.206711282269
06/18/2022,FEU,Z14,20,0.206711282269
06/18/2022,FEU,Z24,21,0.256635163781
06/18/2022,FEU,Z14,21,0.256635163781
06/18/2022,FEU,Z24,22,0.286584224689
06/18/2022,FEU,Z14,22,0.286584224689
06/18/2022,FEU,Z24,23,0.304924532079
06/18/2022,FEU,Z14,23,0.304924532079
06/18/2022,FEU,Z24,24,0.293119209075
06/18/2022,FEU,Z14,24,0.293119209075
06/18/2022,FEU,Z24,3,0.340399945306
06/18/2022,FEU,Z14,3,0.340399945306
06/18/2022,FEU,Z24,4,0.341756526184
06/18/2022,FEU,Z14,4,0.341756526184
06/18/2022,FEU,Z24,5,0.345853249942
06/18/2022,FEU,Z14,5,0.345853249942
06/18/2022,FEU,Z24,6,0.343838733481
06/18/2022,FEU,Z14,6,0.343838733481
06/18/2022,FEU,Z24,7,0.333591082603
06/18/2022,FEU,Z14,7,0.333591082603
06/18/2022,FEU,Z24,8,0.318783000909
06/18/2022,FEU,Z14,8,0.318783000909
06/18/2022,FEU,Z24,9,0.273875839593
06/18/2022,FEU,Z14,9,0.273875839593
06/19/2022,FEU,Z24,1,0.322009873403
06/19/2022,FEU,Z14,1,0.322009873403
06/19/2022,FEU,Z24,10,0.201139940719
06/19/2022,FEU,Z14,10,0.201139940719
06/19/2022,FEU,Z24,11,0.164988913155
06/19/2022,FEU,Z14,11,0.164988913155
06/19/2022,FEU,Z24,12,0.150797283096
06/19/2022,FEU,Z14,12,0.150797283096
06/19/2022,FEU,Z24,13,0.146690805283
06/19/2022,FEU,Z14,13,0.146690805283
06/19/2022,FEU,Z24,14,0.145943705614
06/19/2022,FEU,Z14,14,0.145943705614
06/19/2022,FEU,Z24,15,0.138999642663
06/19/2022,FEU,Z14,15,0.138999642663
06/19/2022,FEU,Z24,16,0.120925815084
06/19/2022,FEU,Z14,16,0.120925815084
06/19/2022,FEU,Z24,17,0.10470667644
06/19/2022,FEU,Z14,17,0.10470667644
06/19/2022,FEU,Z24,18,0.13053122284
06/19/2022,FEU,Z14,18,0.13053122284
06/19/2022,FEU,Z24,19,0.16373005164
06/19/2022,FEU,Z14,19,0.16373005164
06/19/2022,FEU,Z24,2,0.31156841002
06/19/2022,FEU,Z14,2,0.31156841002
06/19/2022,FEU,Z24,20,0.204768649185
06/19/2022,FEU,Z14,20,0.204768649185
06/19/2022,FEU,Z24,21,0.28114113853
06/19/2022,FEU,Z14,21,0.28114113853
06/19/2022,FEU,Z24,22,0.332162602814
06/19/2022,FEU,Z14,22,0.332162602814
06/19/2022,FEU,Z24,23,0.384063186035
06/19/2022,FEU,Z14,23,0.384063186035
06/19/2022,FEU,Z24,24,0.376310206121
06/19/2022,FEU,Z14,24,0.376310206121
06/19/2022,FEU,Z24,3,0.304473466078
06/19/2022,FEU,Z14,3,0.304473466078
06/19/2022,FEU,Z24,4,0.296160753565
06/19/2022,FEU,Z14,4,0.296160753565
06/19/2022,FEU,Z24,5,0.274580226734
06/19/2022,FEU,Z14,5,0.274580226734
06/19/2022,FEU,Z24,6,0.257945596153
06/19/2022,FEU,Z14,6,0.257945596153
06/19/2022,FEU,Z24,7,0.259738028711
06/19/2022,FEU,Z14,7,0.259738028711
06/19/2022,FEU,Z24,8,0.259427084254
06/19/2022,FEU,Z14,8,0.259427084254
06/19/2022,FEU,Z24,9,0.234591095773
06/19/2022,FEU,Z14,9,0.234591095773
06/20/2022,FEU,Z24,1,0.389795486181
06/20/2022,FEU,Z14,1,0.389795486181
06/20/2022,FEU,Z24,10,0.349025080505
06/20/2022,FEU,Z14,10,0.349025080505
06/20/2022,FEU,Z24,11,0.33230351706
06/20/2022,FEU,Z14,11,0.380437681947
06/20/2022,FEU,Z24,12,0.346397816067
06/20/2022,FEU,Z14,12,0.346397816067
06/20/2022,FEU,Z24,13,0.333983224437
06/20/2022,FEU,Z14,13,0.333983224437
06/20/2022,FEU,Z24,14,0.312396537867
06/20/2022,FEU,Z14,14,0.312396537867
06/20/2022,FEU,Z24,15,0.300721527193
06/20/2022,FEU,Z14,15,0.252596548317
06/20/2022,FEU,Z24,16,0.243504981171
06/20/2022,FEU,Z14,16,0.243504981171
06/20/2022,FEU,Z24,17,0.235207117069
06/20/2022,FEU,Z14,17,0.235207117069
06/20/2022,FEU,Z24,18,0.243745210657
06/20/2022,FEU,Z14,18,0.243745210657
06/20/2022,FEU,Z24,19,0.254107153444
06/20/2022,FEU,Z14,19,0.30224326484
06/20/2022,FEU,Z24,2,0.392626485826
06/20/2022,FEU,Z14,2,0.392626485826
06/20/2022,FEU,Z24,20,0.332237577314
06/20/2022,FEU,Z14,20,0.332237577314
06/20/2022,FEU,Z24,21,0.382487186834
06/20/2022,FEU,Z14,21,0.382487186834
06/20/2022,FEU,Z24,22,0.41293754084
06/20/2022,FEU,Z14,22,0.41293754084
06/20/2022,FEU,Z24,23,0.433114510394
06/20/2022,FEU,Z14,23,0.384524995758
06/20/2022,FEU,Z24,24,0.372815642735
06/20/2022,FEU,Z14,24,0.372815642735
06/20/2022,FEU,Z24,3,0.400820173624
06/20/2022,FEU,Z14,3,0.400820173624
06/20/2022,FEU,Z24,4,0.405913462142
06/20/2022,FEU,Z14,4,0.405913462142
06/20/2022,FEU,Z24,5,0.408324050253
06/20/2022,FEU,Z14,5,0.408324050253
06/20/2022,FEU,Z24,6,0.39456353593
06/20/2022,FEU,Z14,6,0.39456353593
06/20/2022,FEU,Z24,7,0.377083074799
06/20/2022,FEU,Z14,7,0.377083074799
06/20/2022,FEU,Z24,8,0.374726389686
06/20/2022,FEU,Z14,8,0.374726389686
06/20/2022,FEU,Z24,9,0.382647590844
06/20/2022,FEU,Z14,9,0.382647590844
06/21/2022,FEU,Z24,1,0.394389055101
06/21/2022,FEU,Z14,1,0.394389055101
06/21/2022,FEU,Z24,10,0.351731368155
06/21/2022,FEU,Z14,10,0.351731368155
06/21/2022,FEU,Z24,11,0.324817399089
06/21/2022,FEU,Z14,11,0.372932401176
06/21/2022,FEU,Z24,12,0.361286824376
06/21/2022,FEU,Z14,12,0.361286824376
06/21/2022,FEU,Z24,13,0.353634119978
06/21/2022,FEU,Z14,13,0.353634119978
06/21/2022,FEU,Z24,14,0.343441726249
06/21/2022,FEU,Z14,14,0.343441726249
06/21/2022,FEU,Z24,15,0.338256363955
06/21/2022,FEU,Z14,15,0.290230536818
06/21/2022,FEU,Z24,16,0.284427345474
06/21/2022,FEU,Z14,16,0.284427345474
06/21/2022,FEU,Z24,17,0.286366568692
06/21/2022,FEU,Z14,17,0.286366568692
06/21/2022,FEU,Z24,18,0.287516807292
06/21/2022,FEU,Z14,18,0.287516807292
06/21/2022,FEU,Z24,19,0.29181665235
06/21/2022,FEU,Z14,19,0.340080674706
06/21/2022,FEU,Z24,2,0.384497203756
06/21/2022,FEU,Z14,2,0.384497203756
06/21/2022,FEU,Z24,20,0.350693039589
06/21/2022,FEU,Z14,20,0.350693039589
06/21/2022,FEU,Z24,21,0.382410108339
06/21/2022,FEU,Z14,21,0.382410108339
06/21/2022,FEU,Z24,22,0.427603980101
06/21/2022,FEU,Z14,22,0.427603980101
06/21/2022,FEU,Z24,23,0.435062176836
06/21/2022,FEU,Z14,23,0.38646629884
06/21/2022,FEU,Z24,24,0.364883810135
06/21/2022,FEU,Z14,24,0.364883810135
06/21/2022,FEU,Z24,3,0.393009035113
06/21/2022,FEU,Z14,3,0.393009035113
06/21/2022,FEU,Z24,4,0.395994202201
06/21/2022,FEU,Z14,4,0.395994202201
06/21/2022,FEU,Z24,5,0.404890666281
06/21/2022,FEU,Z14,5,0.404890666281
06/21/2022,FEU,Z24,6,0.405494219623
06/21/2022,FEU,Z14,6,0.405494219623
06/21/2022,FEU,Z24,7,0.38894660364
06/21/2022,FEU,Z14,7,0.38894660364
06/21/2022,FEU,Z24,8,0.393165918208
06/21/2022,FEU,Z14,8,0.393165918208
06/21/2022,FEU,Z24,9,0.396509575786
06/21/2022,FEU,Z14,9,0.396509575786
06/22/2022,FEU,Z24,1,0.360803576281
06/22/2022,FEU,Z14,1,0.360803576281
06/22/2022,FEU,Z24,10,0.352061883855
06/22/2022,FEU,Z14,10,0.352061883855
06/22/2022,FEU,Z24,11,0.337850403129
06/22/2022,FEU,Z14,11,0.386273187005
06/22/2022,FEU,Z24,12,0.375316361405
06/22/2022,FEU,Z14,12,0.375316361405
06/22/2022,FEU,Z24,13,0.370353782555
06/22/2022,FEU,Z14,13,0.370353782555
06/22/2022,FEU,Z24,14,0.366736438077
06/22/2022,FEU,Z14,14,0.366736438077
06/22/2022,FEU,Z24,15,0.356886527083
06/22/2022,FEU,Z14,15,0.308811877816
06/22/2022,FEU,Z24,16,0.299735556174
06/22/2022,FEU,Z14,16,0.299735556174
06/22/2022,FEU,Z24,17,0.300531338892
06/22/2022,FEU,Z14,17,0.300531338892
06/22/2022,FEU,Z24,18,0.30445621035
06/22/2022,FEU,Z14,18,0.30445621035
06/22/2022,FEU,Z24,19,0.312125696179
06/22/2022,FEU,Z14,19,0.360213058666
06/22/2022,FEU,Z24,2,0.363959980985
06/22/2022,FEU,Z14,2,0.363959980985
06/22/2022,FEU,Z24,20,0.390133196439
06/22/2022,FEU,Z14,20,0.390133196439
06/22/2022,FEU,Z24,21,0.434272253218
06/22/2022,FEU,Z14,21,0.434272253218
06/22/2022,FEU,Z24,22,0.46188089884
06/22/2022,FEU,Z14,22,0.46188089884
06/22/2022,FEU,Z24,23,0.471347183994
06/22/2022,FEU,Z14,23,0.422627672958
06/22/2022,FEU,Z24,24,0.421173697392
06/22/2022,FEU,Z14,24,0.421173697392
06/22/2022,FEU,Z24,3,0.363701407952
06/22/2022,FEU,Z14,3,0.363701407952
06/22/2022,FEU,Z24,4,0.368890629569
06/22/2022,FEU,Z14,4,0.368890629569
06/22/2022,FEU,Z24,5,0.378862285091
06/22/2022,FEU,Z14,5,0.378862285091
06/22/2022,FEU,Z24,6,0.387136288432
06/22/2022,FEU,Z14,6,0.387136288432
06/22/2022,FEU,Z24,7,0.375089758998
06/22/2022,FEU,Z14,7,0.375089758998
06/22/2022,FEU,Z24,8,0.388154326528
06/22/2022,FEU,Z14,8,0.388154326528
06/22/2022,FEU,Z24,9,0.394713611557
06/22/2022,FEU,Z14,9,0.394713611557
06/23/2022,FEU,Z24,1,0.412518367177
06/23/2022,FEU,Z14,1,0.412518367177
06/23/2022,FEU,Z24,10,0.346091044278
06/23/2022,FEU,Z14,10,0.346091044278
06/23/2022,FEU,Z24,11,0.325580666202
06/23/2022,FEU,Z14,11,0.373697212489
06/23/2022,FEU,Z24,12,0.363990678158
06/23/2022,FEU,Z14,12,0.363990678158
06/23/2022,FEU,Z24,13,0.356516893418
06/23/2022,FEU,Z14,13,0.356516893418
06/23/2022,FEU,Z24,14,0.342642626899
06/23/2022,FEU,Z14,14,0.342642626899
06/23/2022,FEU,Z24,15,0.327409378974
06/23/2022,FEU,Z14,15,0.279191782098
06/23/2022,FEU,Z24,16,0.281231300454
06/23/2022,FEU,Z14,16,0.281231300454
06/23/2022,FEU,Z24,17,0.278961142132
06/23/2022,FEU,Z14,17,0.278961142132
06/23/2022,FEU,Z24,18,0.281844168463
06/23/2022,FEU,Z14,18,0.281844168463
06/23/2022,FEU,Z24,19,0.284924090159
06/23/2022,FEU,Z14,19,0.333164584395
06/23/2022,FEU,Z24,2,0.414643319152
06/23/2022,FEU,Z14,2,0.414643319152
06/23/2022,FEU,Z24,20,0.342417822156
06/23/2022,FEU,Z14,20,0.342417822156
06/23/2022,FEU,Z24,21,0.372623296112
06/23/2022,FEU,Z14,21,0.372623296112
06/23/2022,FEU,Z24,22,0.423711058356
06/23/2022,FEU,Z14,22,0.423711058356
06/23/2022,FEU,Z24,23,0.44117043153
06/23/2022,FEU,Z14,23,0.392553860294
06/23/2022,FEU,Z24,24,0.37507840383
06/23/2022,FEU,Z14,24,0.37507840383
06/23/2022,FEU,Z24,3,0.39931611103
06/23/2022,FEU,Z14,3,0.39931611103
06/23/2022,FEU,Z24,4,0.404045741508
06/23/2022,FEU,Z14,4,0.404045741508
06/23/2022,FEU,Z24,5,0.405093462628
06/23/2022,FEU,Z14,5,0.405093462628
06/23/2022,FEU,Z24,6,0.402766394551
06/23/2022,FEU,Z14,6,0.402766394551
06/23/2022,FEU,Z24,7,0.383644570789
06/23/2022,FEU,Z14,7,0.383644570789
06/23/2022,FEU,Z24,8,0.389309441537
06/23/2022,FEU,Z14,8,0.389309441537
06/23/2022,FEU,Z24,9,0.392171335109
06/23/2022,FEU,Z14,9,0.392171335109
06/24/2022,FEU,Z24,1,0.354524395257
06/24/2022,FEU,Z14,1,0.354524395257
06/24/2022,FEU,Z24,10,0.264901568274
06/24/2022,FEU,Z14,10,0.264901568274
06/24/2022,FEU,Z24,11,0.24921923406
06/24/2022,FEU,Z14,11,0.297134756097
06/24/2022,FEU,Z24,12,0.291362926137
06/24/2022,FEU,Z14,12,0.291362926137
06/24/2022,FEU,Z24,13,0.289250330667
06/24/2022,FEU,Z14,13,0.289250330667
06/24/2022,FEU,Z24,14,0.286678032027
06/24/2022,FEU,Z14,14,0.286678032027
06/24/2022,FEU,Z24,15,0.288373801372
06/24/2022,FEU,Z14,15,0.240291311416
06/24/2022,FEU,Z24,16,0.240739331652
06/24/2022,FEU,Z14,16,0.240739331652
06/24/2022,FEU,Z24,17,0.240723757731
06/24/2022,FEU,Z14,17,0.240723757731
06/24/2022,FEU,Z24,18,0.24671537735
06/24/2022,FEU,Z14,18,0.24671537735
06/24/2022,FEU,Z24,19,0.25383473985
06/24/2022,FEU,Z14,19,0.301769460867
06/24/2022,FEU,Z24,2,0.34628811913
06/24/2022,FEU,Z14,2,0.34628811913
06/24/2022,FEU,Z24,20,0.326330667036
06/24/2022,FEU,Z14,20,0.326330667036
06/24/2022,FEU,Z24,21,0.38180942853
06/24/2022,FEU,Z14,21,0.38180942853
06/24/2022,FEU,Z24,22,0.414371095789
06/24/2022,FEU,Z14,22,0.414371095789
06/24/2022,FEU,Z24,23,0.426089587944
06/24/2022,FEU,Z14,23,0.377522211468
06/24/2022,FEU,Z24,24,0.387785034075
06/24/2022,FEU,Z14,24,0.387785034075
06/24/2022,FEU,Z24,3,0.345193902148
06/24/2022,FEU,Z14,3,0.345193902148
06/24/2022,FEU,Z24,4,0.341245065367
06/24/2022,FEU,Z14,4,0.341245065367
06/24/2022,FEU,Z24,5,0.335748343948
06/24/2022,FEU,Z14,5,0.335748343948
06/24/2022,FEU,Z24,6,0.32836254913
06/24/2022,FEU,Z14,6,0.32836254913
06/24/2022,FEU,Z24,7,0.313839294187
06/24/2022,FEU,Z14,7,0.313839294187
06/24/2022,FEU,Z24,8,0.321809153662
06/24/2022,FEU,Z14,8,0.321809153662
06/24/2022,FEU,Z24,9,0.300525991062
06/24/2022,FEU,Z14,9,0.300525991062
06/25/2022,FEU,Z24,1,0.356406564534
06/25/2022,FEU,Z14,1,0.356406564534
06/25/2022,FEU,Z24,10,0.266692885505
06/25/2022,FEU,Z14,10,0.266692885505
06/25/2022,FEU,Z24,11,0.241425400401
06/25/2022,FEU,Z14,11,0.241425400401
06/25/2022,FEU,Z24,12,0.220049077264
06/25/2022,FEU,Z14,12,0.220049077264
06/25/2022,FEU,Z24,13,0.200571384582
06/25/2022,FEU,Z14,13,0.200571384582
06/25/2022,FEU,Z24,14,0.195692300622
06/25/2022,FEU,Z14,14,0.195692300622
06/25/2022,FEU,Z24,15,0.18368250286
06/25/2022,FEU,Z14,15,0.18368250286
06/25/2022,FEU,Z24,16,0.155667636092
06/25/2022,FEU,Z14,16,0.155667636092
06/25/2022,FEU,Z24,17,0.143672977651
06/25/2022,FEU,Z14,17,0.143672977651
06/25/2022,FEU,Z24,18,0.14843561735
06/25/2022,FEU,Z14,18,0.14843561735
06/25/2022,FEU,Z24,19,0.167920299986
06/25/2022,FEU,Z14,19,0.167920299986
06/25/2022,FEU,Z24,2,0.357384846908
06/25/2022,FEU,Z14,2,0.357384846908
06/25/2022,FEU,Z24,20,0.200744694289
06/25/2022,FEU,Z14,20,0.200744694289
06/25/2022,FEU,Z24,21,0.238488917061
06/25/2022,FEU,Z14,21,0.238488917061
06/25/2022,FEU,Z24,22,0.281249605379
06/25/2022,FEU,Z14,22,0.281249605379
06/25/2022,FEU,Z24,23,0.288543600439
06/25/2022,FEU,Z14,23,0.288543600439
06/25/2022,FEU,Z24,24,0.282178831075
06/25/2022,FEU,Z14,24,0.282178831075
06/25/2022,FEU,Z24,3,0.362532827266
06/25/2022,FEU,Z14,3,0.362532827266
06/25/2022,FEU,Z24,4,0.365275420744
06/25/2022,FEU,Z14,4,0.365275420744
06/25/2022,FEU,Z24,5,0.366048363622
06/25/2022,FEU,Z14,5,0.366048363622
06/25/2022,FEU,Z24,6,0.361582270831
06/25/2022,FEU,Z14,6,0.361582270831
06/25/2022,FEU,Z24,7,0.352565923323
06/25/2022,FEU,Z14,7,0.352565923323
06/25/2022,FEU,Z24,8,0.336687099089
06/25/2022,FEU,Z14,8,0.336687099089
06/25/2022,FEU,Z24,9,0.294595083203
06/25/2022,FEU,Z14,9,0.294595083203
06/26/2022,FEU,Z24,1,0.267059898213
06/26/2022,FEU,Z14,1,0.267059898213
06/26/2022,FEU,Z24,10,0.262756389189
06/26/2022,FEU,Z14,10,0.262756389189
06/26/2022,FEU,Z24,11,0.230497202755
06/26/2022,FEU,Z14,11,0.230497202755
06/26/2022,FEU,Z24,12,0.179999095736
06/26/2022,FEU,Z14,12,0.179999095736
06/26/2022,FEU,Z24,13,0.182028567703
06/26/2022,FEU,Z14,13,0.182028567703
06/26/2022,FEU,Z24,14,0.175324039954
06/26/2022,FEU,Z14,14,0.175324039954
06/26/2022,FEU,Z24,15,0.173442469803
06/26/2022,FEU,Z14,15,0.173442469803
06/26/2022,FEU,Z24,16,0.162340913844
06/26/2022,FEU,Z14,16,0.162340913844
06/26/2022,FEU,Z24,17,0.14920342964
06/26/2022,FEU,Z14,17,0.14920342964
06/26/2022,FEU,Z24,18,0.14310877804
06/26/2022,FEU,Z14,18,0.14310877804
06/26/2022,FEU,Z24,19,0.15118308564
06/26/2022,FEU,Z14,19,0.15118308564
06/26/2022,FEU,Z24,2,0.27386664302
06/26/2022,FEU,Z14,2,0.27386664302
06/26/2022,FEU,Z24,20,0.170093414435
06/26/2022,FEU,Z14,20,0.170093414435
06/26/2022,FEU,Z24,21,0.21272363353
06/26/2022,FEU,Z14,21,0.21272363353
06/26/2022,FEU,Z24,22,0.231974985614
06/26/2022,FEU,Z14,22,0.231974985614
06/26/2022,FEU,Z24,23,0.243416697035
06/26/2022,FEU,Z14,23,0.243416697035
06/26/2022,FEU,Z24,24,0.233070590371
06/26/2022,FEU,Z14,24,0.233070590371
06/26/2022,FEU,Z24,3,0.286806313018
06/26/2022,FEU,Z14,3,0.286806313018
06/26/2022,FEU,Z24,4,0.296362120615
06/26/2022,FEU,Z14,4,0.296362120615
06/26/2022,FEU,Z24,5,0.302657922814
06/26/2022,FEU,Z14,5,0.302657922814
06/26/2022,FEU,Z24,6,0.307123979493
06/26/2022,FEU,Z14,6,0.307123979493
06/26/2022,FEU,Z24,7,0.310773582721
06/26/2022,FEU,Z14,7,0.310773582721
06/26/2022,FEU,Z24,8,0.303370234414
06/26/2022,FEU,Z14,8,0.303370234414
06/26/2022,FEU,Z24,9,0.268949022853
06/26/2022,FEU,Z14,9,0.268949022853
06/27/2022,FEU,Z24,1,0.254950003521
06/27/2022,FEU,Z14,1,0.254950003521
06/27/2022,FEU,Z24,10,0.263107692605
06/27/2022,FEU,Z14,10,0.263107692605
06/27/2022,FEU,Z24,11,0.25387678386
06/27/2022,FEU,Z14,11,0.301804562607
06/27/2022,FEU,Z24,12,0.296645392077
06/27/2022,FEU,Z14,12,0.296645392077
06/27/2022,FEU,Z24,13,0.300993764127
06/27/2022,FEU,Z14,13,0.300993764127
06/27/2022,FEU,Z24,14,0.299944924467
06/27/2022,FEU,Z14,14,0.299944924467
06/27/2022,FEU,Z24,15,0.296164301203
06/27/2022,FEU,Z14,15,0.248056358007
06/27/2022,FEU,Z24,16,0.240855410151
06/27/2022,FEU,Z14,16,0.240855410151
06/27/2022,FEU,Z24,17,0.237662545369
06/27/2022,FEU,Z14,17,0.237662545369
06/27/2022,FEU,Z24,18,0.241425778207
06/27/2022,FEU,Z14,18,0.241425778207
06/27/2022,FEU,Z24,19,0.247952678804
06/27/2022,FEU,Z14,19,0.29606749444
06/27/2022,FEU,Z24,2,0.246460503866
06/27/2022,FEU,Z14,2,0.246460503866
06/27/2022,FEU,Z24,20,0.316311404854
06/27/2022,FEU,Z14,20,0.316311404854
06/27/2022,FEU,Z24,21,0.351185287194
06/27/2022,FEU,Z14,21,0.351185287194
06/27/2022,FEU,Z24,22,0.36885980284
06/27/2022,FEU,Z14,22,0.36885980284
06/27/2022,FEU,Z24,23,0.371909129894
06/27/2022,FEU,Z14,23,0.323530744258
06/27/2022,FEU,Z24,24,0.317370321985
06/27/2022,FEU,Z14,24,0.317370321985
06/27/2022,FEU,Z24,3,0.241434812104
06/27/2022,FEU,Z14,3,0.241434812104
06/27/2022,FEU,Z24,4,0.238878810782
06/27/2022,FEU,Z14,4,0.238878810782
06/27/2022,FEU,Z24,5,0.247343041383
06/27/2022,FEU,Z14,5,0.247343041383
06/27/2022,FEU,Z24,6,0.25852717963
06/27/2022,FEU,Z14,6,0.25852717963
06/27/2022,FEU,Z24,7,0.266254142509
06/27/2022,FEU,Z14,7,0.266254142509
06/27/2022,FEU,Z24,8,0.283719907106
06/27/2022,FEU,Z14,8,0.283719907106
06/27/2022,FEU,Z24,9,0.295391312084
06/27/2022,FEU,Z14,9,0.295391312084
06/28/2022,FEU,Z24,1,0.320608830421
06/28/2022,FEU,Z14,1,0.320608830421
06/28/2022,FEU,Z24,10,0.344037162805
06/28/2022,FEU,Z14,10,0.344037162805
06/28/2022,FEU,Z24,11,0.318584138909
06/28/2022,FEU,Z14,11,0.366682752056
06/28/2022,FEU,Z24,12,0.358424341896
06/28/2022,FEU,Z14,12,0.358424341896
06/28/2022,FEU,Z24,13,0.359881773578
06/28/2022,FEU,Z14,13,0.359881773578
06/28/2022,FEU,Z24,14,0.362312599739
06/28/2022,FEU,Z14,14,0.362312599739
06/28/2022,FEU,Z24,15,0.353794872705
06/28/2022,FEU,Z14,15,0.305729475318
06/28/2022,FEU,Z24,16,0.305648721354
06/28/2022,FEU,Z14,16,0.305648721354
06/28/2022,FEU,Z24,17,0.304925940292
06/28/2022,FEU,Z14,17,0.304925940292
06/28/2022,FEU,Z24,18,0.307734200852
06/28/2022,FEU,Z14,18,0.307734200852
06/28/2022,FEU,Z24,19,0.30741206685
06/28/2022,FEU,Z14,19,0.355731488126
06/28/2022,FEU,Z24,2,0.316267632676
06/28/2022,FEU,Z14,2,0.316267632676
06/28/2022,FEU,Z24,20,0.367146302019
06/28/2022,FEU,Z14,20,0.367146302019
06/28/2022,FEU,Z24,21,0.409166583999
06/28/2022,FEU,Z14,21,0.409166583999
06/28/2022,FEU,Z24,22,0.418890038601
06/28/2022,FEU,Z14,22,0.418890038601
06/28/2022,FEU,Z24,23,0.425739945276
06/28/2022,FEU,Z14,23,0.37717726244
06/28/2022,FEU,Z24,24,0.378182005535
06/28/2022,FEU,Z14,24,0.378182005535
06/28/2022,FEU,Z24,3,0.322425724213
06/28/2022,FEU,Z14,3,0.322425724213
06/28/2022,FEU,Z24,4,0.337461881221
06/28/2022,FEU,Z14,4,0.337461881221
06/28/2022,FEU,Z24,5,0.349682513701
06/28/2022,FEU,Z14,5,0.349682513701
06/28/2022,FEU,Z24,6,0.369443477353
06/28/2022,FEU,Z14,6,0.369443477353
06/28/2022,FEU,Z24,7,0.37185893364
06/28/2022,FEU,Z14,7,0.37185893364
06/28/2022,FEU,Z24,8,0.372273799168
06/28/2022,FEU,Z14,8,0.372273799168
06/28/2022,FEU,Z24,9,0.378686957446
06/28/2022,FEU,Z14,9,0.378686957446
06/29/2022,FEU,Z24,1,0.338248323641
06/29/2022,FEU,Z14,1,0.338248323641
06/29/2022,FEU,Z24,10,0.303736655055
06/29/2022,FEU,Z14,10,0.303736655055
06/29/2022,FEU,Z24,11,0.278799591169
06/29/2022,FEU,Z14,11,0.327014215805
06/29/2022,FEU,Z24,12,0.315187877205
06/29/2022,FEU,Z14,12,0.315187877205
06/29/2022,FEU,Z24,13,0.310161029505
06/29/2022,FEU,Z14,13,0.310161029505
06/29/2022,FEU,Z24,14,0.305769320997
06/29/2022,FEU,Z14,14,0.305769320997
06/29/2022,FEU,Z24,15,0.299140617093
06/29/2022,FEU,Z14,15,0.251217003336
06/29/2022,FEU,Z24,16,0.232249197654
06/29/2022,FEU,Z14,16,0.232249197654
06/29/2022,FEU,Z24,17,0.221999574812
06/29/2022,FEU,Z14,17,0.221999574812
06/29/2022,FEU,Z24,18,0.21985696635
06/29/2022,FEU,Z14,18,0.21985696635
06/29/2022,FEU,Z24,19,0.217085945719
06/29/2022,FEU,Z14,19,0.264925593826
06/29/2022,FEU,Z24,2,0.338875841735
06/29/2022,FEU,Z14,2,0.338875841735
06/29/2022,FEU,Z24,20,0.284302148559
06/29/2022,FEU,Z14,20,0.284302148559
06/29/2022,FEU,Z24,21,0.317775420318
06/29/2022,FEU,Z14,21,0.317775420318
06/29/2022,FEU,Z24,22,0.32973900004
06/29/2022,FEU,Z14,22,0.32973900004
06/29/2022,FEU,Z24,23,0.335157626094
06/29/2022,FEU,Z14,23,0.286905317658
06/29/2022,FEU,Z24,24,0.292511057232
06/29/2022,FEU,Z14,24,0.292511057232
06/29/2022,FEU,Z24,3,0.332923323152
06/29/2022,FEU,Z14,3,0.332923323152
06/29/2022,FEU,Z24,4,0.339797099439
06/29/2022,FEU,Z14,4,0.339797099439
06/29/2022,FEU,Z24,5,0.343391610341
06/29/2022,FEU,Z14,5,0.343391610341
06/29/2022,FEU,Z24,6,0.351614091312
06/29/2022,FEU,Z14,6,0.351614091312
06/29/2022,FEU,Z24,7,0.356086213458
06/29/2022,FEU,Z14,7,0.356086213458
06/29/2022,FEU,Z24,8,0.338251322368
06/29/2022,FEU,Z14,8,0.338251322368
06/29/2022,FEU,Z24,9,0.346290551707
06/29/2022,FEU,Z14,9,0.346290551707
06/30/2022,FEU,Z24,1,0.275791644517
06/30/2022,FEU,Z14,1,0.275791644517
06/30/2022,FEU,Z24,10,0.273931273298
06/30/2022,FEU,Z14,10,0.273931273298
06/30/2022,FEU,Z24,11,0.263394235142
06/30/2022,FEU,Z14,11,0.311345704319
06/30/2022,FEU,Z24,12,0.297425999138
06/30/2022,FEU,Z14,12,0.297425999138
06/30/2022,FEU,Z24,13,0.290486042298
06/30/2022,FEU,Z14,13,0.290486042298
06/30/2022,FEU,Z24,14,0.280449341199
06/30/2022,FEU,Z14,14,0.280449341199
06/30/2022,FEU,Z24,15,0.274455033894
06/30/2022,FEU,Z14,15,0.226423410938
06/30/2022,FEU,Z24,16,0.223461394614
06/30/2022,FEU,Z14,16,0.223461394614
06/30/2022,FEU,Z24,17,0.213327617252
06/30/2022,FEU,Z14,17,0.213327617252
06/30/2022,FEU,Z24,18,0.214046959833
06/30/2022,FEU,Z14,18,0.214046959833
06/30/2022,FEU,Z24,19,0.216928627039
06/30/2022,FEU,Z14,19,0.264932820795
06/30/2022,FEU,Z24,2,0.278334378672
06/30/2022,FEU,Z14,2,0.278334378672
06/30/2022,FEU,Z24,20,0.289378881756
06/30/2022,FEU,Z14,20,0.289378881756
06/30/2022,FEU,Z24,21,0.334773742192
06/30/2022,FEU,Z14,21,0.334773742192
06/30/2022,FEU,Z24,22,0.356923508676
06/30/2022,FEU,Z14,22,0.356923508676
06/30/2022,FEU,Z24,23,0.36331485243
06/30/2022,FEU,Z14,23,0.314964454114
06/30/2022,FEU,Z24,24,0.31675581093
06/30/2022,FEU,Z14,24,0.31675581093
06/30/2022,FEU,Z24,3,0.28669780783
06/30/2022,FEU,Z14,3,0.28669780783
06/30/2022,FEU,Z24,4,0.294351850668
06/30/2022,FEU,Z14,4,0.294351850668
06/30/2022,FEU,Z24,5,0.297048505468
06/30/2022,FEU,Z14,5,0.297048505468
06/30/2022,FEU,Z24,6,0.292233563471
06/30/2022,FEU,Z14,6,0.292233563471
06/30/2022,FEU,Z24,7,0.292273127749
06/30/2022,FEU,Z14,7,0.292273127749
06/30/2022,FEU,Z24,8,0.287030939277
06/30/2022,FEU,Z14,8,0.287030939277
06/30/2022,FEU,Z24,9,0.294155041099
06/30/2022,FEU,Z14,9,0.294155041099
07/01/2022,FEU,Z24,1,0.292964654179
07/01/2022,FEU,Z14,1,0.292964654179
07/01/2022,FEU,Z24,10,0.294501806511
07/01/2022,FEU,Z14,10,0.294501806511
07/01/2022,FEU,Z24,11,0.287745689816
07/01/2022,FEU,Z14,11,0.335765095583
07/01/2022,FEU,Z24,12,0.335369815854
07/01/2022,FEU,Z14,12,0.335369815854
07/01/2022,FEU,Z24,13,0.340309716043
07/01/2022,FEU,Z14,13,0.340309716043
07/01/2022,FEU,Z24,14,0.335614058905
07/01/2022,FEU,Z14,14,0.335614058905
07/01/2022,FEU,Z24,15,0.327647884047
07/01/2022,FEU,Z14,15,0.27965227506
07/01/2022,FEU,Z24,16,0.274079267607
07/01/2022,FEU,Z14,16,0.274079267607
07/01/2022,FEU,Z24,17,0.269774181976
07/01/2022,FEU,Z14,17,0.269774181976
07/01/2022,FEU,Z24,18,0.269868333176
07/01/2022,FEU,Z14,18,0.269868333176
07/01/2022,FEU,Z24,19,0.257039500281
07/01/2022,FEU,Z14,19,0.305182029557
07/01/2022,FEU,Z24,2,0.302914389712
07/01/2022,FEU,Z14,2,0.302914389712
07/01/2022,FEU,Z24,20,0.331514885078
07/01/2022,FEU,Z14,20,0.331514885078
07/01/2022,FEU,Z24,21,0.350997963348
07/01/2022,FEU,Z14,21,0.350997963348
07/01/2022,FEU,Z24,22,0.36202337133
07/01/2022,FEU,Z14,22,0.36202337133
07/01/2022,FEU,Z24,23,0.362389413371
07/01/2022,FEU,Z14,23,0.314042557735
07/01/2022,FEU,Z24,24,0.312488028335
07/01/2022,FEU,Z14,24,0.312488028335
07/01/2022,FEU,Z24,3,0.306424247628
07/01/2022,FEU,Z14,3,0.306424247628
07/01/2022,FEU,Z24,4,0.312481931806
07/01/2022,FEU,Z14,4,0.312481931806
07/01/2022,FEU,Z24,5,0.319527943957
07/01/2022,FEU,Z14,5,0.319527943957
07/01/2022,FEU,Z24,6,0.32099448583
07/01/2022,FEU,Z14,6,0.32099448583
07/01/2022,FEU,Z24,7,0.311292719235
07/01/2022,FEU,Z14,7,0.311292719235
07/01/2022,FEU,Z24,8,0.304306208931
07/01/2022,FEU,Z14,8,0.304306208931
07/01/2022,FEU,Z24,9,0.30804102485
07/01/2022,FEU,Z14,9,0.30804102485
07/02/2022,FEU,Z24,1,0.330024393872
07/02/2022,FEU,Z14,1,0.330024393872
07/02/2022,FEU,Z24,10,0.277634997869
07/02/2022,FEU,Z14,10,0.277634997869
07/02/2022,FEU,Z24,11,0.265480869643
07/02/2022,FEU,Z14,11,0.265480869643
07/02/2022,FEU,Z24,12,0.243948066536
07/02/2022,FEU,Z14,12,0.243948066536
07/02/2022,FEU,Z24,13,0.229611870634
07/02/2022,FEU,Z14,13,0.229611870634
07/02/2022,FEU,Z24,14,0.229484622005
07/02/2022,FEU,Z14,14,0.229484622005
07/02/2022,FEU,Z24,15,0.218167031256
07/02/2022,FEU,Z14,15,0.218167031256
07/02/2022,FEU,Z24,16,0.218160487531
07/02/2022,FEU,Z14,16,0.218160487531
07/02/2022,FEU,Z24,17,0.216551104332
07/02/2022,FEU,Z14,17,0.216551104332
07/02/2022,FEU,Z24,18,0.22093791935
07/02/2022,FEU,Z14,18,0.22093791935
07/02/2022,FEU,Z24,19,0.234925148124
07/02/2022,FEU,Z14,19,0.234925148124
07/02/2022,FEU,Z24,2,0.33551657263
07/02/2022,FEU,Z14,2,0.33551657263
07/02/2022,FEU,Z24,20,0.265080565707
07/02/2022,FEU,Z14,20,0.265080565707
07/02/2022,FEU,Z24,21,0.293773696717
07/02/2022,FEU,Z14,21,0.293773696717
07/02/2022,FEU,Z24,22,0.310005161224
07/02/2022,FEU,Z14,22,0.310005161224
07/02/2022,FEU,Z24,23,0.311410985526
07/02/2022,FEU,Z14,23,0.311410985526
07/02/2022,FEU,Z24,24,0.316592665825
07/02/2022,FEU,Z14,24,0.316592665825
07/02/2022,FEU,Z24,3,0.351363077825
07/02/2022,FEU,Z14,3,0.351363077825
07/02/2022,FEU,Z24,4,0.356332417483
07/02/2022,FEU,Z14,4,0.356332417483
07/02/2022,FEU,Z24,5,0.366193940862
07/02/2022,FEU,Z14,5,0.366193940862
07/02/2022,FEU,Z24,6,0.373573557202
07/02/2022,FEU,Z14,6,0.373573557202
07/02/2022,FEU,Z24,7,0.375330432424
07/02/2022,FEU,Z14,7,0.375330432424
07/02/2022,FEU,Z24,8,0.355681931325
07/02/2022,FEU,Z14,8,0.355681931325
07/02/2022,FEU,Z24,9,0.323178556756
07/02/2022,FEU,Z14,9,0.323178556756
07/03/2022,FEU,Z24,1,0.332911541388
07/03/2022,FEU,Z14,1,0.332911541388
07/03/2022,FEU,Z24,10,0.236657608423
07/03/2022,FEU,Z14,10,0.236657608423
07/03/2022,FEU,Z24,11,0.21514643446
07/03/2022,FEU,Z14,11,0.21514643446
07/03/2022,FEU,Z24,12,0.195125178322
07/03/2022,FEU,Z14,12,0.195125178322
07/03/2022,FEU,Z24,13,0.219215378049
07/03/2022,FEU,Z14,13,0.219215378049
07/03/2022,FEU,Z24,14,0.217865791839
07/03/2022,FEU,Z14,14,0.217865791839
07/03/2022,FEU,Z24,15,0.20945721886
07/03/2022,FEU,Z14,15,0.20945721886
07/03/2022,FEU,Z24,16,0.191119072655
07/03/2022,FEU,Z14,16,0.191119072655
07/03/2022,FEU,Z24,17,0.183903133474
07/03/2022,FEU,Z14,17,0.183903133474
07/03/2022,FEU,Z24,18,0.188473301254
07/03/2022,FEU,Z14,18,0.188473301254
07/03/2022,FEU,Z24,19,0.21719485335
07/03/2022,FEU,Z14,19,0.21719485335
07/03/2022,FEU,Z24,2,0.336145553437
07/03/2022,FEU,Z14,2,0.336145553437
07/03/2022,FEU,Z24,20,0.243016743524
07/03/2022,FEU,Z14,20,0.243016743524
07/03/2022,FEU,Z24,21,0.290182846636
07/03/2022,FEU,Z14,21,0.290182846636
07/03/2022,FEU,Z24,22,0.305974959499
07/03/2022,FEU,Z14,22,0.305974959499
07/03/2022,FEU,Z24,23,0.320713975162
07/03/2022,FEU,Z14,23,0.320713975162
07/03/2022,FEU,Z24,24,0.316178709859
07/03/2022,FEU,Z14,24,0.316178709859
07/03/2022,FEU,Z24,3,0.340800337073
07/03/2022,FEU,Z14,3,0.340800337073
07/03/2022,FEU,Z24,4,0.343299817142
07/03/2022,FEU,Z14,4,0.343299817142
07/03/2022,FEU,Z24,5,0.342962064451
07/03/2022,FEU,Z14,5,0.342962064451
07/03/2022,FEU,Z24,6,0.350905730221
07/03/2022,FEU,Z14,6,0.350905730221
07/03/2022,FEU,Z24,7,0.352361254793
07/03/2022,FEU,Z14,7,0.352361254793
07/03/2022,FEU,Z24,8,0.312616092904
07/03/2022,FEU,Z14,8,0.312616092904
07/03/2022,FEU,Z24,9,0.27456968724
07/03/2022,FEU,Z14,9,0.27456968724
07/04/2022,FEU,Z24,1,0.362529224083
07/04/2022,FEU,Z14,1,0.362529224083
07/04/2022,FEU,Z24,10,0.332890803054
07/04/2022,FEU,Z14,10,0.332890803054
07/04/2022,FEU,Z24,11,0.324362838378
07/04/2022,FEU,Z14,11,0.372737506614
07/04/2022,FEU,Z24,12,0.360821696574
07/04/2022,FEU,Z14,12,0.360821696574
07/04/2022,FEU,Z24,13,0.361596701994
07/04/2022,FEU,Z14,13,0.361596701994
07/04/2022,FEU,Z24,14,0.359833532536
07/04/2022,FEU,Z14,14,0.359833532536
07/04/2022,FEU,Z24,15,0.356326149269
07/04/2022,FEU,Z14,15,0.308256414242
07/04/2022,FEU,Z24,16,0.30146713266
07/04/2022,FEU,Z14,16,0.30146713266
07/04/2022,FEU,Z24,17,0.293776972138
07/04/2022,FEU,Z14,17,0.293776972138
07/04/2022,FEU,Z24,18,0.287959561989
07/04/2022,FEU,Z14,18,0.287959561989
07/04/2022,FEU,Z24,19,0.284091227517
07/04/2022,FEU,Z14,19,0.332100415374
07/04/2022,FEU,Z24,2,0.371685090575
07/04/2022,FEU,Z14,2,0.371685090575
07/04/2022,FEU,Z24,20,0.342031955677
07/04/2022,FEU,Z14,20,0.342031955677
07/04/2022,FEU,Z24,21,0.373137009195
07/04/2022,FEU,Z14,21,0.373137009195
07/04/2022,FEU,Z24,22,0.380660655291
07/04/2022,FEU,Z14,22,0.380660655291
07/04/2022,FEU,Z24,23,0.378504130892
07/04/2022,FEU,Z14,23,0.330372412205
07/04/2022,FEU,Z24,24,0.323356517772
07/04/2022,FEU,Z14,24,0.323356517772
07/04/2022,FEU,Z24,3,0.372141630631
07/04/2022,FEU,Z14,3,0.372141630631
07/04/2022,FEU,Z24,4,0.371918864609
07/04/2022,FEU,Z14,4,0.371918864609
07/04/2022,FEU,Z24,5,0.375974733502
07/04/2022,FEU,Z14,5,0.375974733502
07/04/2022,FEU,Z24,6,0.370896159784
07/04/2022,FEU,Z14,6,0.370896159784
07/04/2022,FEU,Z24,7,0.366481654693
07/04/2022,FEU,Z14,7,0.366481654693
07/04/2022,FEU,Z24,8,0.352603099549
07/04/2022,FEU,Z14,8,0.352603099549
07/04/2022,FEU,Z24,9,0.35771066335
07/04/2022,FEU,Z14,9,0.35771066335
07/05/2022,FEU,Z24,1,0.317715595541
07/05/2022,FEU,Z14,1,0.317715595541
07/05/2022,FEU,Z24,10,0.314301841218
07/05/2022,FEU,Z14,10,0.314301841218
07/05/2022,FEU,Z24,11,0.306638269282
07/05/2022,FEU,Z14,11,0.354949395638
07/05/2022,FEU,Z24,12,0.347256420139
07/05/2022,FEU,Z14,12,0.347256420139
07/05/2022,FEU,Z24,13,0.345610051118
07/05/2022,FEU,Z14,13,0.345610051118
07/05/2022,FEU,Z24,14,0.34513134246
07/05/2022,FEU,Z14,14,0.34513134246
07/05/2022,FEU,Z24,15,0.338927148393
07/05/2022,FEU,Z14,15,0.290904463326
07/05/2022,FEU,Z24,16,0.269294955664
07/05/2022,FEU,Z14,16,0.269294955664
07/05/2022,FEU,Z24,17,0.267085400973
07/05/2022,FEU,Z14,17,0.267085400973
07/05/2022,FEU,Z24,18,0.268480238463
07/05/2022,FEU,Z14,18,0.268480238463
07/05/2022,FEU,Z24,19,0.27153477966
07/05/2022,FEU,Z14,19,0.319510169817
07/05/2022,FEU,Z24,2,0.300553015756
07/05/2022,FEU,Z14,2,0.300553015756
07/05/2022,FEU,Z24,20,0.327148282012
07/05/2022,FEU,Z14,20,0.327148282012
07/05/2022,FEU,Z24,21,0.363543071724
07/05/2022,FEU,Z14,21,0.363543071724
07/05/2022,FEU,Z24,22,0.382105437509
07/05/2022,FEU,Z14,22,0.382105437509
07/05/2022,FEU,Z24,23,0.379953498066
07/05/2022,FEU,Z14,23,0.33155011835
07/05/2022,FEU,Z24,24,0.319019173087
07/05/2022,FEU,Z14,24,0.319019173087
07/05/2022,FEU,Z24,3,0.300678492493
07/05/2022,FEU,Z14,3,0.300678492493
07/05/2022,FEU,Z24,4,0.307355092831
07/05/2022,FEU,Z14,4,0.307355092831
07/05/2022,FEU,Z24,5,0.305292895001
07/05/2022,FEU,Z14,5,0.305292895001
07/05/2022,FEU,Z24,6,0.304142293574
07/05/2022,FEU,Z14,6,0.304142293574
07/05/2022,FEU,Z24,7,0.307604189791
07/05/2022,FEU,Z14,7,0.307604189791
07/05/2022,FEU,Z24,8,0.322529394295
07/05/2022,FEU,Z14,8,0.322529394295
07/05/2022,FEU,Z24,9,0.334661845555
07/05/2022,FEU,Z14,9,0.334661845555
07/06/2022,FEU,Z24,1,0.306201692898
07/06/2022,FEU,Z14,1,0.306201692898
07/06/2022,FEU,Z24,10,0.309416977155
07/06/2022,FEU,Z14,10,0.309416977155
07/06/2022,FEU,Z24,11,0.308421831678
07/06/2022,FEU,Z14,11,0.356494301805
07/06/2022,FEU,Z24,12,0.345449777577
07/06/2022,FEU,Z14,12,0.345449777577
07/06/2022,FEU,Z24,13,0.346510195827
07/06/2022,FEU,Z14,13,0.346510195827
07/06/2022,FEU,Z24,14,0.34502198226
07/06/2022,FEU,Z14,14,0.34502198226
07/06/2022,FEU,Z24,15,0.334304164302
07/06/2022,FEU,Z14,15,0.286293057665
07/06/2022,FEU,Z24,16,0.270617234942
07/06/2022,FEU,Z14,16,0.270617234942
07/06/2022,FEU,Z24,17,0.259463424551
07/06/2022,FEU,Z14,17,0.259463424551
07/06/2022,FEU,Z24,18,0.25754672886
07/06/2022,FEU,Z14,18,0.25754672886
07/06/2022,FEU,Z24,19,0.282750922857
07/06/2022,FEU,Z14,19,0.330756592854
07/06/2022,FEU,Z24,2,0.283672116583
07/06/2022,FEU,Z14,2,0.283672116583
07/06/2022,FEU,Z24,20,0.357554783147
07/06/2022,FEU,Z14,20,0.357554783147
07/06/2022,FEU,Z24,21,0.381739753941
07/06/2022,FEU,Z14,21,0.381739753941
07/06/2022,FEU,Z24,22,0.391427797095
07/06/2022,FEU,Z14,22,0.391427797095
07/06/2022,FEU,Z24,23,0.393096812844
07/06/2022,FEU,Z14,23,0.344648494848
07/06/2022,FEU,Z24,24,0.342248922766
07/06/2022,FEU,Z14,24,0.342248922766
07/06/2022,FEU,Z24,3,0.287096947988
07/06/2022,FEU,Z14,3,0.287096947988
07/06/2022,FEU,Z24,4,0.295753415737
07/06/2022,FEU,Z14,4,0.295753415737
07/06/2022,FEU,Z24,5,0.298183379077
07/06/2022,FEU,Z14,5,0.298183379077
07/06/2022,FEU,Z24,6,0.299414539068
07/06/2022,FEU,Z14,6,0.299414539068
07/06/2022,FEU,Z24,7,0.323258513774
07/06/2022,FEU,Z14,7,0.323258513774
07/06/2022,FEU,Z24,8,0.328323876181
07/06/2022,FEU,Z14,8,0.328323876181
07/06/2022,FEU,Z24,9,0.337363480614
07/06/2022,FEU,Z14,9,0.337363480614
07/07/2022,FEU,Z24,1,0.29496728964
07/07/2022,FEU,Z14,1,0.29496728964
07/07/2022,FEU,Z24,10,0.243045331256
07/07/2022,FEU,Z14,10,0.243045331256
07/07/2022,FEU,Z24,11,0.238022590219
07/07/2022,FEU,Z14,11,0.285909385096
07/07/2022,FEU,Z24,12,0.282297833778
07/07/2022,FEU,Z14,12,0.282297833778
07/07/2022,FEU,Z24,13,0.282759289576
07/07/2022,FEU,Z14,13,0.282759289576
07/07/2022,FEU,Z24,14,0.28189123326
07/07/2022,FEU,Z14,14,0.28189123326
07/07/2022,FEU,Z24,15,0.281566999233
07/07/2022,FEU,Z14,15,0.233515818197
07/07/2022,FEU,Z24,16,0.234183274544
07/07/2022,FEU,Z14,16,0.234183274544
07/07/2022,FEU,Z24,17,0.233607334203
07/07/2022,FEU,Z14,17,0.233607334203
07/07/2022,FEU,Z24,18,0.233632405642
07/07/2022,FEU,Z14,18,0.233632405642
07/07/2022,FEU,Z24,19,0.234987681656
07/07/2022,FEU,Z14,19,0.282868736003
07/07/2022,FEU,Z24,2,0.269953062973
07/07/2022,FEU,Z14,2,0.269953062973
07/07/2022,FEU,Z24,20,0.293814806746
07/07/2022,FEU,Z14,20,0.293814806746
07/07/2022,FEU,Z24,21,0.348327008742
07/07/2022,FEU,Z14,21,0.348327008742
07/07/2022,FEU,Z24,22,0.367281817545
07/07/2022,FEU,Z14,22,0.367281817545
07/07/2022,FEU,Z24,23,0.360753211446
07/07/2022,FEU,Z14,23,0.312664444749
07/07/2022,FEU,Z24,24,0.297466337166
07/07/2022,FEU,Z14,24,0.297466337166
07/07/2022,FEU,Z24,3,0.258006473219
07/07/2022,FEU,Z14,3,0.258006473219
07/07/2022,FEU,Z24,4,0.259650653508
07/07/2022,FEU,Z14,4,0.259650653508
07/07/2022,FEU,Z24,5,0.260833928148
07/07/2022,FEU,Z14,5,0.260833928148
07/07/2022,FEU,Z24,6,0.257375889719
07/07/2022,FEU,Z14,6,0.257375889719
07/07/2022,FEU,Z24,7,0.254334544996
07/07/2022,FEU,Z14,7,0.254334544996
07/07/2022,FEU,Z24,8,0.243326586204
07/07/2022,FEU,Z14,8,0.243326586204
07/07/2022,FEU,Z24,9,0.256101208605
07/07/2022,FEU,Z14,9,0.256101208605
07/08/2022,FEU,Z24,1,0.308594860489
07/08/2022,FEU,Z14,1,0.308594860489
07/08/2022,FEU,Z24,10,0.299706868431
07/08/2022,FEU,Z14,10,0.299706868431
07/08/2022,FEU,Z24,11,0.288119114296
07/08/2022,FEU,Z14,11,0.336140646323
07/08/2022,FEU,Z24,12,0.347211410934
07/08/2022,FEU,Z14,12,0.347211410934
07/08/2022,FEU,Z24,13,0.354253806513
07/08/2022,FEU,Z14,13,0.354253806513
07/08/2022,FEU,Z24,14,0.358842193005
07/08/2022,FEU,Z14,14,0.358842193005
07/08/2022,FEU,Z24,15,0.348109755747
07/08/2022,FEU,Z14,15,0.30006044106
07/08/2022,FEU,Z24,16,0.295555666107
07/08/2022,FEU,Z14,16,0.295555666107
07/08/2022,FEU,Z24,17,0.284750354616
07/08/2022,FEU,Z14,17,0.284750354616
07/08/2022,FEU,Z24,18,0.281048988376
07/08/2022,FEU,Z14,18,0.281048988376
07/08/2022,FEU,Z24,19,0.282942900981
07/08/2022,FEU,Z14,19,0.331175607457
07/08/2022,FEU,Z24,2,0.306849802192
07/08/2022,FEU,Z14,2,0.306849802192
07/08/2022,FEU,Z24,20,0.354623892818
07/08/2022,FEU,Z14,20,0.354623892818
07/08/2022,FEU,Z24,21,0.387641000428
07/08/2022,FEU,Z14,21,0.387641000428
07/08/2022,FEU,Z24,22,0.39276347163
07/08/2022,FEU,Z14,22,0.39276347163
07/08/2022,FEU,Z24,23,0.393853340621
07/08/2022,FEU,Z14,23,0.345398823985
07/08/2022,FEU,Z24,24,0.346897305235
07/08/2022,FEU,Z14,24,0.346897305235
07/08/2022,FEU,Z24,3,0.290955488428
07/08/2022,FEU,Z14,3,0.290955488428
07/08/2022,FEU,Z24,4,0.284552307446
07/08/2022,FEU,Z14,4,0.284552307446
07/08/2022,FEU,Z24,5,0.289936403167
07/08/2022,FEU,Z14,5,0.289936403167
07/08/2022,FEU,Z24,6,0.29815546573
07/08/2022,FEU,Z14,6,0.29815546573
07/08/2022,FEU,Z24,7,0.319239207535
07/08/2022,FEU,Z14,7,0.319239207535
07/08/2022,FEU,Z24,8,0.326718290301
07/08/2022,FEU,Z14,8,0.326718290301
07/08/2022,FEU,Z24,9,0.33971506085
07/08/2022,FEU,Z14,9,0.33971506085
07/09/2022,FEU,Z24,1,0.346257070992
07/09/2022,FEU,Z14,1,0.346257070992
07/09/2022,FEU,Z24,10,0.305552997799
07/09/2022,FEU,Z14,10,0.305552997799
07/09/2022,FEU,Z24,11,0.282077317323
07/09/2022,FEU,Z14,11,0.282077317323
07/09/2022,FEU,Z24,12,0.273904152696
07/09/2022,FEU,Z14,12,0.273904152696
07/09/2022,FEU,Z24,13,0.276129110794
07/09/2022,FEU,Z14,13,0.276129110794
07/09/2022,FEU,Z24,14,0.277207569355
07/09/2022,FEU,Z14,14,0.277207569355
07/09/2022,FEU,Z24,15,0.275642735256
07/09/2022,FEU,Z14,15,0.275642735256
07/09/2022,FEU,Z24,16,0.272595614941
07/09/2022,FEU,Z14,16,0.272595614941
07/09/2022,FEU,Z24,17,0.270964731572
07/09/2022,FEU,Z14,17,0.270964731572
07/09/2022,FEU,Z24,18,0.27081742135
07/09/2022,FEU,Z14,18,0.27081742135
07/09/2022,FEU,Z24,19,0.277378265524
07/09/2022,FEU,Z14,19,0.277378265524
07/09/2022,FEU,Z24,2,0.35116901983
07/09/2022,FEU,Z14,2,0.35116901983
07/09/2022,FEU,Z24,20,0.286156381927
07/09/2022,FEU,Z14,20,0.286156381927
07/09/2022,FEU,Z24,21,0.329348428987
07/09/2022,FEU,Z14,21,0.329348428987
07/09/2022,FEU,Z24,22,0.350577372904
07/09/2022,FEU,Z14,22,0.350577372904
07/09/2022,FEU,Z24,23,0.354278644586
07/09/2022,FEU,Z14,23,0.354278644586
07/09/2022,FEU,Z24,24,0.348793493825
07/09/2022,FEU,Z14,24,0.348793493825
07/09/2022,FEU,Z24,3,0.360782982325
07/09/2022,FEU,Z14,3,0.360782982325
07/09/2022,FEU,Z24,4,0.377187409773
07/09/2022,FEU,Z14,4,0.377187409773
07/09/2022,FEU,Z24,5,0.390591522422
07/09/2022,FEU,Z14,5,0.390591522422
07/09/2022,FEU,Z24,6,0.396921847042
07/09/2022,FEU,Z14,6,0.396921847042
07/09/2022,FEU,Z24,7,0.413826557224
07/09/2022,FEU,Z14,7,0.413826557224
07/09/2022,FEU,Z24,8,0.392788948325
07/09/2022,FEU,Z14,8,0.392788948325
07/09/2022,FEU,Z24,9,0.356301620116
07/09/2022,FEU,Z14,9,0.356301620116
07/10/2022,FEU,Z24,1,0.369109054388
07/10/2022,FEU,Z14,1,0.369109054388
07/10/2022,FEU,Z24,10,0.344200580763
07/10/2022,FEU,Z14,10,0.344200580763
07/10/2022,FEU,Z24,11,0.31649668666
07/10/2022,FEU,Z14,11,0.31649668666
07/10/2022,FEU,Z24,12,0.304489390882
07/10/2022,FEU,Z14,12,0.304489390882
07/10/2022,FEU,Z24,13,0.294994824589
07/10/2022,FEU,Z14,13,0.294994824589
07/10/2022,FEU,Z24,14,0.295041149189
07/10/2022,FEU,Z14,14,0.295041149189
07/10/2022,FEU,Z24,15,0.29272781206
07/10/2022,FEU,Z14,15,0.29272781206
07/10/2022,FEU,Z24,16,0.287874412255
07/10/2022,FEU,Z14,16,0.287874412255
07/10/2022,FEU,Z24,17,0.289921449994
07/10/2022,FEU,Z14,17,0.289921449994
07/10/2022,FEU,Z24,18,0.289279243054
07/10/2022,FEU,Z14,18,0.289279243054
07/10/2022,FEU,Z24,19,0.28705085585
07/10/2022,FEU,Z14,19,0.28705085585
07/10/2022,FEU,Z24,2,0.384891609457
07/10/2022,FEU,Z14,2,0.384891609457
07/10/2022,FEU,Z24,20,0.291172512964
07/10/2022,FEU,Z14,20,0.291172512964
07/10/2022,FEU,Z24,21,0.348000228196
07/10/2022,FEU,Z14,21,0.348000228196
07/10/2022,FEU,Z24,22,0.368290903069
07/10/2022,FEU,Z14,22,0.368290903069
07/10/2022,FEU,Z24,23,0.378775272982
07/10/2022,FEU,Z14,23,0.378775272982
07/10/2022,FEU,Z24,24,0.372831283819
07/10/2022,FEU,Z14,24,0.372831283819
07/10/2022,FEU,Z24,3,0.406271527033
07/10/2022,FEU,Z14,3,0.406271527033
07/10/2022,FEU,Z24,4,0.430658706842
07/10/2022,FEU,Z14,4,0.430658706842
07/10/2022,FEU,Z24,5,0.446284318951
07/10/2022,FEU,Z14,5,0.446284318951
07/10/2022,FEU,Z24,6,0.456756550651
07/10/2022,FEU,Z14,6,0.456756550651
07/10/2022,FEU,Z24,7,0.463810478503
07/10/2022,FEU,Z14,7,0.463810478503
07/10/2022,FEU,Z24,8,0.466512274504
07/10/2022,FEU,Z14,8,0.466512274504
07/10/2022,FEU,Z24,9,0.39565211124
07/10/2022,FEU,Z14,9,0.39565211124
07/11/2022,FEU,Z24,1,0.395346010963
07/11/2022,FEU,Z14,1,0.395346010963
07/11/2022,FEU,Z24,10,0.376998211494
07/11/2022,FEU,Z14,10,0.376998211494
07/11/2022,FEU,Z24,11,0.356065180918
07/11/2022,FEU,Z14,11,0.404550890634
07/11/2022,FEU,Z24,12,0.392536169334
07/11/2022,FEU,Z14,12,0.392536169334
07/11/2022,FEU,Z24,13,0.391443630234
07/11/2022,FEU,Z14,13,0.391443630234
07/11/2022,FEU,Z24,14,0.388628676056
07/11/2022,FEU,Z14,14,0.388628676056
07/11/2022,FEU,Z24,15,0.378842198279
07/11/2022,FEU,Z14,15,0.330713262422
07/11/2022,FEU,Z24,16,0.31969849146
07/11/2022,FEU,Z14,16,0.31969849146
07/11/2022,FEU,Z24,17,0.319390147838
07/11/2022,FEU,Z14,17,0.319390147838
07/11/2022,FEU,Z24,18,0.322644410229
07/11/2022,FEU,Z14,18,0.322644410229
07/11/2022,FEU,Z24,19,0.335244775197
07/11/2022,FEU,Z14,19,0.383388224334
07/11/2022,FEU,Z24,2,0.410712891825
07/11/2022,FEU,Z14,2,0.410712891825
07/11/2022,FEU,Z24,20,0.406611820047
07/11/2022,FEU,Z14,20,0.406611820047
07/11/2022,FEU,Z24,21,0.434459967045
07/11/2022,FEU,Z14,21,0.434459967045
07/11/2022,FEU,Z24,22,0.458627337171
07/11/2022,FEU,Z14,22,0.458627337171
07/11/2022,FEU,Z24,23,0.450569027292
07/11/2022,FEU,Z14,23,0.402248985705
07/11/2022,FEU,Z24,24,0.397870212972
07/11/2022,FEU,Z14,24,0.397870212972
07/11/2022,FEU,Z24,3,0.418495878451
07/11/2022,FEU,Z14,3,0.418495878451
07/11/2022,FEU,Z24,4,0.404663010789
07/11/2022,FEU,Z14,4,0.404663010789
07/11/2022,FEU,Z24,5,0.415378315182
07/11/2022,FEU,Z14,5,0.415378315182
07/11/2022,FEU,Z24,6,0.433580005624
07/11/2022,FEU,Z14,6,0.433580005624
07/11/2022,FEU,Z24,7,0.426622579573
07/11/2022,FEU,Z14,7,0.426622579573
07/11/2022,FEU,Z24,8,0.405303362479
07/11/2022,FEU,Z14,8,0.405303362479
07/11/2022,FEU,Z24,9,0.41003653735
07/11/2022,FEU,Z14,9,0.41003653735
07/12/2022,FEU,Z24,1,0.397567821221
07/12/2022,FEU,Z14,1,0.397567821221
07/12/2022,FEU,Z24,10,0.362610119958
07/12/2022,FEU,Z14,10,0.362610119958
07/12/2022,FEU,Z24,11,0.353868751562
07/12/2022,FEU,Z14,11,0.402345890158
07/12/2022,FEU,Z24,12,0.397219532219
07/12/2022,FEU,Z14,12,0.397219532219
07/12/2022,FEU,Z24,13,0.396197396418
07/12/2022,FEU,Z14,13,0.396197396418
07/12/2022,FEU,Z24,14,0.39605579226
07/12/2022,FEU,Z14,14,0.39605579226
07/12/2022,FEU,Z24,15,0.396651944823
07/12/2022,FEU,Z14,15,0.348478085586
07/12/2022,FEU,Z24,16,0.351741280304
07/12/2022,FEU,Z14,16,0.351741280304
07/12/2022,FEU,Z24,17,0.355028007633
07/12/2022,FEU,Z14,17,0.355028007633
07/12/2022,FEU,Z24,18,0.360304858743
07/12/2022,FEU,Z14,18,0.360304858743
07/12/2022,FEU,Z24,19,0.37422802026
07/12/2022,FEU,Z14,19,0.422473655787
07/12/2022,FEU,Z24,2,0.388241954716
07/12/2022,FEU,Z14,2,0.388241954716
07/12/2022,FEU,Z24,20,0.440256405532
07/12/2022,FEU,Z14,20,0.440256405532
07/12/2022,FEU,Z24,21,0.472754657364
07/12/2022,FEU,Z14,21,0.472754657364
07/12/2022,FEU,Z24,22,0.483420140709
07/12/2022,FEU,Z14,22,0.483420140709
07/12/2022,FEU,Z24,23,0.484687491506
07/12/2022,FEU,Z14,23,0.43592223235
07/12/2022,FEU,Z24,24,0.427656458817
07/12/2022,FEU,Z14,24,0.427656458817
07/12/2022,FEU,Z24,3,0.397157836813
07/12/2022,FEU,Z14,3,0.397157836813
07/12/2022,FEU,Z24,4,0.387397282681
07/12/2022,FEU,Z14,4,0.387397282681
07/12/2022,FEU,Z24,5,0.388271227081
07/12/2022,FEU,Z14,5,0.388271227081
07/12/2022,FEU,Z24,6,0.391373423714
07/12/2022,FEU,Z14,6,0.391373423714
07/12/2022,FEU,Z24,7,0.397993359661
07/12/2022,FEU,Z14,7,0.397993359661
07/12/2022,FEU,Z24,8,0.392060267245
07/12/2022,FEU,Z14,8,0.392060267245
07/12/2022,FEU,Z24,9,0.392251544155
07/12/2022,FEU,Z14,9,0.392251544155
07/13/2022,FEU,Z24,1,0.416131877878
07/13/2022,FEU,Z14,1,0.416131877878
07/13/2022,FEU,Z24,10,0.389175432955
07/13/2022,FEU,Z14,10,0.389175432955
07/13/2022,FEU,Z24,11,0.381743884578
07/13/2022,FEU,Z14,11,0.430010114555
07/13/2022,FEU,Z24,12,0.419130037887
07/13/2022,FEU,Z14,12,0.419130037887
07/13/2022,FEU,Z24,13,0.419496643707
07/13/2022,FEU,Z14,13,0.419496643707
07/13/2022,FEU,Z24,14,0.41705808066
07/13/2022,FEU,Z14,14,0.41705808066
07/13/2022,FEU,Z24,15,0.407357562202
07/13/2022,FEU,Z14,15,0.359153871915
07/13/2022,FEU,Z24,16,0.357635463282
07/13/2022,FEU,Z14,16,0.357635463282
07/13/2022,FEU,Z24,17,0.349920264581
07/13/2022,FEU,Z14,17,0.349920264581
07/13/2022,FEU,Z24,18,0.35242587366
07/13/2022,FEU,Z14,18,0.35242587366
07/13/2022,FEU,Z24,19,0.347178952497
07/13/2022,FEU,Z14,19,0.395353724934
07/13/2022,FEU,Z24,2,0.419484507373
07/13/2022,FEU,Z14,2,0.419484507373
07/13/2022,FEU,Z24,20,0.416423492617
07/13/2022,FEU,Z14,20,0.416423492617
07/13/2022,FEU,Z24,21,0.453504790551
07/13/2022,FEU,Z14,21,0.453504790551
07/13/2022,FEU,Z24,22,0.471516987045
07/13/2022,FEU,Z14,22,0.471516987045
07/13/2022,FEU,Z24,23,0.474290391804
07/13/2022,FEU,Z14,23,0.425559975168
07/13/2022,FEU,Z24,24,0.432447363006
07/13/2022,FEU,Z14,24,0.432447363006
07/13/2022,FEU,Z24,3,0.416445817948
07/13/2022,FEU,Z14,3,0.416445817948
07/13/2022,FEU,Z24,4,0.418875753727
07/13/2022,FEU,Z14,4,0.418875753727
07/13/2022,FEU,Z24,5,0.437152489597
07/13/2022,FEU,Z14,5,0.437152489597
07/13/2022,FEU,Z24,6,0.454526430228
07/13/2022,FEU,Z14,6,0.454526430228
07/13/2022,FEU,Z24,7,0.434274446494
07/13/2022,FEU,Z14,7,0.434274446494
07/13/2022,FEU,Z24,8,0.440854222761
07/13/2022,FEU,Z14,8,0.440854222761
07/13/2022,FEU,Z24,9,0.434629623234
07/13/2022,FEU,Z14,9,0.434629623234
07/14/2022,FEU,Z24,1,0.41791198924
07/14/2022,FEU,Z14,1,0.41791198924
07/14/2022,FEU,Z24,10,0.401631999496
07/14/2022,FEU,Z14,10,0.401631999496
07/14/2022,FEU,Z24,11,0.386835860769
07/14/2022,FEU,Z14,11,0.435115070296
07/14/2022,FEU,Z24,12,0.421663756598
07/14/2022,FEU,Z14,12,0.421663756598
07/14/2022,FEU,Z24,13,0.419362750856
07/14/2022,FEU,Z14,13,0.419362750856
07/14/2022,FEU,Z24,14,0.41558111946
07/14/2022,FEU,Z14,14,0.41558111946
07/14/2022,FEU,Z24,15,0.410230601433
07/14/2022,FEU,Z14,15,0.361726777997
07/14/2022,FEU,Z24,16,0.360553186864
07/14/2022,FEU,Z14,16,0.360553186864
07/14/2022,FEU,Z24,17,0.351624909783
07/14/2022,FEU,Z14,17,0.351624909783
07/14/2022,FEU,Z24,18,0.338908865302
07/14/2022,FEU,Z14,18,0.338908865302
07/14/2022,FEU,Z24,19,0.341679592696
07/14/2022,FEU,Z14,19,0.389840433523
07/14/2022,FEU,Z24,2,0.419293959613
07/14/2022,FEU,Z14,2,0.419293959613
07/14/2022,FEU,Z24,20,0.392950596166
07/14/2022,FEU,Z14,20,0.392950596166
07/14/2022,FEU,Z24,21,0.405438248622
07/14/2022,FEU,Z14,21,0.405438248622
07/14/2022,FEU,Z24,22,0.435474692295
07/14/2022,FEU,Z14,22,0.435474692295
07/14/2022,FEU,Z24,23,0.424467524786
07/14/2022,FEU,Z14,23,0.376213122959
07/14/2022,FEU,Z24,24,0.374111058946
07/14/2022,FEU,Z14,24,0.374111058946
07/14/2022,FEU,Z24,3,0.433133036219
07/14/2022,FEU,Z14,3,0.433133036219
07/14/2022,FEU,Z24,4,0.436486678068
07/14/2022,FEU,Z14,4,0.436486678068
07/14/2022,FEU,Z24,5,0.444268828388
07/14/2022,FEU,Z14,5,0.444268828388
07/14/2022,FEU,Z24,6,0.451559025679
07/14/2022,FEU,Z14,6,0.451559025679
07/14/2022,FEU,Z24,7,0.444125757676
07/14/2022,FEU,Z14,7,0.444125757676
07/14/2022,FEU,Z24,8,0.427968767124
07/14/2022,FEU,Z14,8,0.427968767124
07/14/2022,FEU,Z24,9,0.426422202805
07/14/2022,FEU,Z14,9,0.426422202805
07/15/2022,FEU,Z24,1,0.365884126849
07/15/2022,FEU,Z14,1,0.365884126849
07/15/2022,FEU,Z24,10,0.367704458631
07/15/2022,FEU,Z14,10,0.367704458631
07/15/2022,FEU,Z24,11,0.359184783256
07/15/2022,FEU,Z14,11,0.407392676303
07/15/2022,FEU,Z24,12,0.381207558234
07/15/2022,FEU,Z14,12,0.381207558234
07/15/2022,FEU,Z24,13,0.397143577513
07/15/2022,FEU,Z14,13,0.397143577513
07/15/2022,FEU,Z24,14,0.394211529255
07/15/2022,FEU,Z14,14,0.394211529255
07/15/2022,FEU,Z24,15,0.392076416607
07/15/2022,FEU,Z14,15,0.34391170386
07/15/2022,FEU,Z24,16,0.343850639367
07/15/2022,FEU,Z14,16,0.343850639367
07/15/2022,FEU,Z24,17,0.345375822376
07/15/2022,FEU,Z14,17,0.345375822376
07/15/2022,FEU,Z24,18,0.345959514056
07/15/2022,FEU,Z14,18,0.345959514056
07/15/2022,FEU,Z24,19,0.352708595361
07/15/2022,FEU,Z14,19,0.401184176317
07/15/2022,FEU,Z24,2,0.382875728112
07/15/2022,FEU,Z14,2,0.382875728112
07/15/2022,FEU,Z24,20,0.415914861018
07/15/2022,FEU,Z14,20,0.415914861018
07/15/2022,FEU,Z24,21,0.460542049148
07/15/2022,FEU,Z14,21,0.460542049148
07/15/2022,FEU,Z24,22,0.47733812673
07/15/2022,FEU,Z14,22,0.47733812673
07/15/2022,FEU,Z24,23,0.479149682801
07/15/2022,FEU,Z14,23,0.430403305285
07/15/2022,FEU,Z24,24,0.431728679185
07/15/2022,FEU,Z14,24,0.431728679185
07/15/2022,FEU,Z24,3,0.398980873188
07/15/2022,FEU,Z14,3,0.398980873188
07/15/2022,FEU,Z24,4,0.408368029606
07/15/2022,FEU,Z14,4,0.408368029606
07/15/2022,FEU,Z24,5,0.413390313067
07/15/2022,FEU,Z14,5,0.413390313067
07/15/2022,FEU,Z24,6,0.41976641233
07/15/2022,FEU,Z14,6,0.41976641233
07/15/2022,FEU,Z24,7,0.413261860635
07/15/2022,FEU,Z14,7,0.413261860635
07/15/2022,FEU,Z24,8,0.391418526511
07/15/2022,FEU,Z14,8,0.391418526511
07/15/2022,FEU,Z24,9,0.39527832285
07/15/2022,FEU,Z14,9,0.39527832285
07/16/2022,FEU,Z24,1,0.402988454512
07/16/2022,FEU,Z14,1,0.402988454512
07/16/2022,FEU,Z24,10,0.343797528019
07/16/2022,FEU,Z14,10,0.343797528019
07/16/2022,FEU,Z24,11,0.320921091703
07/16/2022,FEU,Z14,11,0.320921091703
07/16/2022,FEU,Z24,12,0.307130603096
07/16/2022,FEU,Z14,12,0.307130603096
07/16/2022,FEU,Z24,13,0.300029605474
07/16/2022,FEU,Z14,13,0.300029605474
07/16/2022,FEU,Z24,14,0.295494810905
07/16/2022,FEU,Z14,14,0.295494810905
07/16/2022,FEU,Z24,15,0.294062645336
07/16/2022,FEU,Z14,15,0.294062645336
07/16/2022,FEU,Z24,16,0.296634878041
07/16/2022,FEU,Z14,16,0.296634878041
07/16/2022,FEU,Z24,17,0.297098653092
07/16/2022,FEU,Z14,17,0.297098653092
07/16/2022,FEU,Z24,18,0.30203221635
07/16/2022,FEU,Z14,18,0.30203221635
07/16/2022,FEU,Z24,19,0.302216844484
07/16/2022,FEU,Z14,19,0.302216844484
07/16/2022,FEU,Z24,2,0.40384089883
07/16/2022,FEU,Z14,2,0.40384089883
07/16/2022,FEU,Z24,20,0.306119672347
07/16/2022,FEU,Z14,20,0.306119672347
07/16/2022,FEU,Z24,21,0.368843151307
07/16/2022,FEU,Z14,21,0.368843151307
07/16/2022,FEU,Z24,22,0.388403977384
07/16/2022,FEU,Z14,22,0.388403977384
07/16/2022,FEU,Z24,23,0.390700456646
07/16/2022,FEU,Z14,23,0.390700456646
07/16/2022,FEU,Z24,24,0.390193361575
07/16/2022,FEU,Z14,24,0.390193361575
07/16/2022,FEU,Z24,3,0.414229972325
07/16/2022,FEU,Z14,3,0.414229972325
07/16/2022,FEU,Z24,4,0.406462424663
07/16/2022,FEU,Z14,4,0.406462424663
07/16/2022,FEU,Z24,5,0.427105635022
07/16/2022,FEU,Z14,5,0.427105635022
07/16/2022,FEU,Z24,6,0.435821668802
07/16/2022,FEU,Z14,6,0.435821668802
07/16/2022,FEU,Z24,7,0.429656293384
07/16/2022,FEU,Z14,7,0.429656293384
07/16/2022,FEU,Z24,8,0.419846390075
07/16/2022,FEU,Z14,8,0.419846390075
07/16/2022,FEU,Z24,9,0.389675118076
07/16/2022,FEU,Z14,9,0.389675118076
07/17/2022,FEU,Z24,1,0.293196246948
07/17/2022,FEU,Z14,1,0.293196246948
07/17/2022,FEU,Z24,10,0.265991754913
07/17/2022,FEU,Z14,10,0.265991754913
07/17/2022,FEU,Z24,11,0.23234757526
07/17/2022,FEU,Z14,11,0.23234757526
07/17/2022,FEU,Z24,12,0.213251731662
07/17/2022,FEU,Z14,12,0.213251731662
07/17/2022,FEU,Z24,13,0.215770265469
07/17/2022,FEU,Z14,13,0.215770265469
07/17/2022,FEU,Z24,14,0.227807895339
07/17/2022,FEU,Z14,14,0.227807895339
07/17/2022,FEU,Z24,15,0.22282840426
07/17/2022,FEU,Z14,15,0.22282840426
07/17/2022,FEU,Z24,16,0.217860146905
07/17/2022,FEU,Z14,16,0.217860146905
07/17/2022,FEU,Z24,17,0.211391582254
07/17/2022,FEU,Z14,17,0.211391582254
07/17/2022,FEU,Z24,18,0.212081646154
07/17/2022,FEU,Z14,18,0.212081646154
07/17/2022,FEU,Z24,19,0.22954287485
07/17/2022,FEU,Z14,19,0.22954287485
07/17/2022,FEU,Z24,2,0.301369176697
07/17/2022,FEU,Z14,2,0.301369176697
07/17/2022,FEU,Z24,20,0.243900239644
07/17/2022,FEU,Z14,20,0.243900239644
07/17/2022,FEU,Z24,21,0.299346890596
07/17/2022,FEU,Z14,21,0.299346890596
07/17/2022,FEU,Z24,22,0.326507732119
07/17/2022,FEU,Z14,22,0.326507732119
07/17/2022,FEU,Z24,23,0.336741332062
07/17/2022,FEU,Z14,23,0.336741332062
07/17/2022,FEU,Z24,24,0.328949744689
07/17/2022,FEU,Z14,24,0.328949744689
07/17/2022,FEU,Z24,3,0.322716426503
07/17/2022,FEU,Z14,3,0.322716426503
07/17/2022,FEU,Z24,4,0.340352260882
07/17/2022,FEU,Z14,4,0.340352260882
07/17/2022,FEU,Z24,5,0.348573314521
07/17/2022,FEU,Z14,5,0.348573314521
07/17/2022,FEU,Z24,6,0.354782883511
07/17/2022,FEU,Z14,6,0.354782883511
07/17/2022,FEU,Z24,7,0.364832217143
07/17/2022,FEU,Z14,7,0.364832217143
07/17/2022,FEU,Z24,8,0.368016994264
07/17/2022,FEU,Z14,8,0.368016994264
07/17/2022,FEU,Z24,9,0.33164339244
07/17/2022,FEU,Z14,9,0.33164339244
07/18/2022,FEU,Z24,1,0.320345254963
07/18/2022,FEU,Z14,1,0.320345254963
07/18/2022,FEU,Z24,10,0.314280049554
07/18/2022,FEU,Z14,10,0.314280049554
07/18/2022,FEU,Z24,11,0.283112245258
07/18/2022,FEU,Z14,11,0.331342428054
07/18/2022,FEU,Z24,12,0.308666319774
07/18/2022,FEU,Z14,12,0.308666319774
07/18/2022,FEU,Z24,13,0.304355961654
07/18/2022,FEU,Z14,13,0.304355961654
07/18/2022,FEU,Z24,14,0.300285586936
07/18/2022,FEU,Z14,14,0.300285586936
07/18/2022,FEU,Z24,15,0.290840519479
07/18/2022,FEU,Z14,15,0.242942964022
07/18/2022,FEU,Z24,16,0.22815217086
07/18/2022,FEU,Z14,16,0.22815217086
07/18/2022,FEU,Z24,17,0.228825231078
07/18/2022,FEU,Z14,17,0.228825231078
07/18/2022,FEU,Z24,18,0.222885890249
07/18/2022,FEU,Z14,18,0.222885890249
07/18/2022,FEU,Z24,19,0.241849616547
07/18/2022,FEU,Z14,19,0.289749080034
07/18/2022,FEU,Z24,2,0.298875440075
07/18/2022,FEU,Z14,2,0.298875440075
07/18/2022,FEU,Z24,20,0.294042435357
07/18/2022,FEU,Z14,20,0.294042435357
07/18/2022,FEU,Z24,21,0.314237379945
07/18/2022,FEU,Z14,21,0.314237379945
07/18/2022,FEU,Z24,22,0.319900730991
07/18/2022,FEU,Z14,22,0.319900730991
07/18/2022,FEU,Z24,23,0.322594338212
07/18/2022,FEU,Z14,23,0.274608725255
07/18/2022,FEU,Z24,24,0.286735409612
07/18/2022,FEU,Z14,24,0.286735409612
07/18/2022,FEU,Z24,3,0.315707687371
07/18/2022,FEU,Z14,3,0.315707687371
07/18/2022,FEU,Z24,4,0.325484755389
07/18/2022,FEU,Z14,4,0.325484755389
07/18/2022,FEU,Z24,5,0.324899987242
07/18/2022,FEU,Z14,5,0.324899987242
07/18/2022,FEU,Z24,6,0.319552376104
07/18/2022,FEU,Z14,6,0.319552376104
07/18/2022,FEU,Z24,7,0.323708852383
07/18/2022,FEU,Z14,7,0.323708852383
07/18/2022,FEU,Z24,8,0.328207912129
07/18/2022,FEU,Z14,8,0.328207912129
07/18/2022,FEU,Z24,9,0.33271145735
07/18/2022,FEU,Z14,9,0.33271145735
07/19/2022,FEU,Z24,1,0.289879266681
07/19/2022,FEU,Z14,1,0.289879266681
07/19/2022,FEU,Z24,10,0.293017953258
07/19/2022,FEU,Z14,10,0.293017953258
07/19/2022,FEU,Z24,11,0.270290276162
07/19/2022,FEU,Z14,11,0.318474783558
07/19/2022,FEU,Z24,12,0.307489535079
07/19/2022,FEU,Z14,12,0.307489535079
07/19/2022,FEU,Z24,13,0.308367227058
07/19/2022,FEU,Z14,13,0.308367227058
07/19/2022,FEU,Z24,14,0.30469042386
07/19/2022,FEU,Z14,14,0.30469042386
07/19/2022,FEU,Z24,15,0.298467640113
07/19/2022,FEU,Z14,15,0.250552842366
07/19/2022,FEU,Z24,16,0.238086456944
07/19/2022,FEU,Z14,16,0.238086456944
07/19/2022,FEU,Z24,17,0.241349076243
07/19/2022,FEU,Z14,17,0.241349076243
07/19/2022,FEU,Z24,18,0.244807295853
07/19/2022,FEU,Z14,18,0.244807295853
07/19/2022,FEU,Z24,19,0.25225473486
07/19/2022,FEU,Z14,19,0.300178245057
07/19/2022,FEU,Z24,2,0.273278831236
07/19/2022,FEU,Z14,2,0.273278831236
07/19/2022,FEU,Z24,20,0.324789451972
07/19/2022,FEU,Z14,20,0.324789451972
07/19/2022,FEU,Z24,21,0.356685830004
07/19/2022,FEU,Z14,21,0.356685830004
07/19/2022,FEU,Z24,22,0.372597855229
07/19/2022,FEU,Z14,22,0.372597855229
07/19/2022,FEU,Z24,23,0.378711240146
07/19/2022,FEU,Z14,23,0.33031331635
07/19/2022,FEU,Z24,24,0.330851189907
07/19/2022,FEU,Z14,24,0.330851189907
07/19/2022,FEU,Z24,3,0.271451152543
07/19/2022,FEU,Z14,3,0.271451152543
07/19/2022,FEU,Z24,4,0.267203274481
07/19/2022,FEU,Z14,4,0.267203274481
07/19/2022,FEU,Z24,5,0.286882045131
07/19/2022,FEU,Z14,5,0.286882045131
07/19/2022,FEU,Z24,6,0.286499909034
07/19/2022,FEU,Z14,6,0.286499909034
07/19/2022,FEU,Z24,7,0.295857052571
07/19/2022,FEU,Z14,7,0.295857052571
07/19/2022,FEU,Z24,8,0.302621063545
07/19/2022,FEU,Z14,8,0.302621063545
07/19/2022,FEU,Z24,9,0.312526465105
07/19/2022,FEU,Z14,9,0.312526465105
07/20/2022,FEU,Z24,1,0.304268485118
07/20/2022,FEU,Z14,1,0.304268485118
07/20/2022,FEU,Z24,10,0.283674526105
07/20/2022,FEU,Z14,10,0.283674526105
07/20/2022,FEU,Z24,11,0.275634132338
07/20/2022,FEU,Z14,11,0.323621615155
07/20/2022,FEU,Z24,12,0.324655064277
07/20/2022,FEU,Z14,12,0.324655064277
07/20/2022,FEU,Z24,13,0.335523211197
07/20/2022,FEU,Z14,13,0.335523211197
07/20/2022,FEU,Z24,14,0.33589246326
07/20/2022,FEU,Z14,14,0.33589246326
07/20/2022,FEU,Z24,15,0.334633205622
07/20/2022,FEU,Z14,15,0.286622366565
07/20/2022,FEU,Z24,16,0.288710376602
07/20/2022,FEU,Z14,16,0.288710376602
07/20/2022,FEU,Z24,17,0.284575310641
07/20/2022,FEU,Z14,17,0.284575310641
07/20/2022,FEU,Z24,18,0.27489390366
07/20/2022,FEU,Z14,18,0.27489390366
07/20/2022,FEU,Z24,19,0.270841902987
07/20/2022,FEU,Z14,19,0.318816315714
07/20/2022,FEU,Z24,2,0.314263562833
07/20/2022,FEU,Z14,2,0.314263562833
07/20/2022,FEU,Z24,20,0.330136835167
07/20/2022,FEU,Z14,20,0.330136835167
07/20/2022,FEU,Z24,21,0.352279932651
07/20/2022,FEU,Z14,21,0.352279932651
07/20/2022,FEU,Z24,22,0.358781410245
07/20/2022,FEU,Z14,22,0.358781410245
07/20/2022,FEU,Z24,23,0.359602256164
07/20/2022,FEU,Z14,23,0.311268684288
07/20/2022,FEU,Z24,24,0.310108637966
07/20/2022,FEU,Z14,24,0.310108637966
07/20/2022,FEU,Z24,3,0.316591441388
07/20/2022,FEU,Z14,3,0.316591441388
07/20/2022,FEU,Z24,4,0.326240237047
07/20/2022,FEU,Z14,4,0.326240237047
07/20/2022,FEU,Z24,5,0.330883874257
07/20/2022,FEU,Z14,5,0.330883874257
07/20/2022,FEU,Z24,6,0.330294711508
07/20/2022,FEU,Z14,6,0.330294711508
07/20/2022,FEU,Z24,7,0.324971927454
07/20/2022,FEU,Z14,7,0.324971927454
07/20/2022,FEU,Z24,8,0.308497917871
07/20/2022,FEU,Z14,8,0.308497917871
07/20/2022,FEU,Z24,9,0.312185081334
07/20/2022,FEU,Z14,9,0.312185081334
07/21/2022,FEU,Z24,1,0.29844264964
07/21/2022,FEU,Z14,1,0.29844264964
07/21/2022,FEU,Z24,10,0.299998261576
07/21/2022,FEU,Z14,10,0.299998261576
07/21/2022,FEU,Z24,11,0.288336696719
07/21/2022,FEU,Z14,11,0.336356925096
07/21/2022,FEU,Z24,12,0.329103286198
07/21/2022,FEU,Z14,12,0.329103286198
07/21/2022,FEU,Z24,13,0.334933560296
07/21/2022,FEU,Z14,13,0.334933560296
07/21/2022,FEU,Z24,14,0.33265500006
07/21/2022,FEU,Z14,14,0.33265500006
07/21/2022,FEU,Z24,15,0.322133146743
07/21/2022,FEU,Z14,15,0.273939252787
07/21/2022,FEU,Z24,16,0.267995587504
07/21/2022,FEU,Z14,16,0.267995587504
07/21/2022,FEU,Z24,17,0.268225516353
07/21/2022,FEU,Z14,17,0.268225516353
07/21/2022,FEU,Z24,18,0.273631102762
07/21/2022,FEU,Z14,18,0.273631102762
07/21/2022,FEU,Z24,19,0.277975037496
07/21/2022,FEU,Z14,19,0.325969967923
07/21/2022,FEU,Z24,2,0.300371244733
07/21/2022,FEU,Z14,2,0.300371244733
07/21/2022,FEU,Z24,20,0.344119109246
07/21/2022,FEU,Z14,20,0.344119109246
07/21/2022,FEU,Z24,21,0.356538919422
07/21/2022,FEU,Z14,21,0.356538919422
07/21/2022,FEU,Z24,22,0.360479341095
07/21/2022,FEU,Z14,22,0.360479341095
07/21/2022,FEU,Z24,23,0.362091966846
07/21/2022,FEU,Z14,23,0.313999719849
07/21/2022,FEU,Z24,24,0.321523013526
07/21/2022,FEU,Z14,24,0.321523013526
07/21/2022,FEU,Z24,3,0.288148282549
07/21/2022,FEU,Z14,3,0.288148282549
07/21/2022,FEU,Z24,4,0.284626676708
07/21/2022,FEU,Z14,4,0.284626676708
07/21/2022,FEU,Z24,5,0.294331258628
07/21/2022,FEU,Z14,5,0.294331258628
07/21/2022,FEU,Z24,6,0.312240541939
07/21/2022,FEU,Z14,6,0.312240541939
07/21/2022,FEU,Z24,7,0.324454498636
07/21/2022,FEU,Z14,7,0.324454498636
07/21/2022,FEU,Z24,8,0.312382211404
07/21/2022,FEU,Z14,8,0.312382211404
07/21/2022,FEU,Z24,9,0.319461592705
07/21/2022,FEU,Z14,9,0.319461592705
07/22/2022,FEU,Z24,1,0.301050380629
07/22/2022,FEU,Z14,1,0.301050380629
07/22/2022,FEU,Z24,10,0.302063444451
07/22/2022,FEU,Z14,10,0.302063444451
07/22/2022,FEU,Z24,11,0.295831127176
07/22/2022,FEU,Z14,11,0.343871736013
07/22/2022,FEU,Z24,12,0.341090120694
07/22/2022,FEU,Z14,12,0.341090120694
07/22/2022,FEU,Z24,13,0.338785444803
07/22/2022,FEU,Z14,13,0.338785444803
07/22/2022,FEU,Z24,14,0.333289468455
07/22/2022,FEU,Z14,14,0.333289468455
07/22/2022,FEU,Z24,15,0.317085649647
07/22/2022,FEU,Z14,15,0.26911662306
07/22/2022,FEU,Z24,16,0.261261814197
07/22/2022,FEU,Z14,16,0.261261814197
07/22/2022,FEU,Z24,17,0.251005168856
07/22/2022,FEU,Z14,17,0.251005168856
07/22/2022,FEU,Z24,18,0.243712775176
07/22/2022,FEU,Z14,18,0.243712775176
07/22/2022,FEU,Z24,19,0.239936796141
07/22/2022,FEU,Z14,19,0.288019785977
07/22/2022,FEU,Z24,2,0.307732658352
07/22/2022,FEU,Z14,2,0.307732658352
07/22/2022,FEU,Z24,20,0.294590522358
07/22/2022,FEU,Z14,20,0.294590522358
07/22/2022,FEU,Z24,21,0.330273768628
07/22/2022,FEU,Z14,21,0.330273768628
07/22/2022,FEU,Z24,22,0.34686629043
07/22/2022,FEU,Z14,22,0.34686629043
07/22/2022,FEU,Z24,23,0.347706668161
07/22/2022,FEU,Z14,23,0.299408887885
07/22/2022,FEU,Z24,24,0.280113458885
07/22/2022,FEU,Z14,24,0.280113458885
07/22/2022,FEU,Z24,3,0.289333545908
07/22/2022,FEU,Z14,3,0.289333545908
07/22/2022,FEU,Z24,4,0.293120241626
07/22/2022,FEU,Z14,4,0.293120241626
07/22/2022,FEU,Z24,5,0.297584879287
07/22/2022,FEU,Z14,5,0.297584879287
07/22/2022,FEU,Z24,6,0.31539011563
07/22/2022,FEU,Z14,6,0.31539011563
07/22/2022,FEU,Z24,7,0.322919908535
07/22/2022,FEU,Z14,7,0.322919908535
07/22/2022,FEU,Z24,8,0.305039160531
07/22/2022,FEU,Z14,8,0.305039160531
07/22/2022,FEU,Z24,9,0.31467011935
07/22/2022,FEU,Z14,9,0.31467011935
07/23/2022,FEU,Z24,1,0.317541393872
07/23/2022,FEU,Z14,1,0.317541393872
07/23/2022,FEU,Z24,10,0.299699241999
07/23/2022,FEU,Z14,10,0.299699241999
07/23/2022,FEU,Z24,11,0.278999480463
07/23/2022,FEU,Z14,11,0.278999480463
07/23/2022,FEU,Z24,12,0.278491592696
07/23/2022,FEU,Z14,12,0.278491592696
07/23/2022,FEU,Z24,13,0.277598660974
07/23/2022,FEU,Z14,13,0.277598660974
07/23/2022,FEU,Z24,14,0.277853303555
07/23/2022,FEU,Z14,14,0.277853303555
07/23/2022,FEU,Z24,15,0.275594893176
07/23/2022,FEU,Z14,15,0.275594893176
07/23/2022,FEU,Z24,16,0.273131853241
07/23/2022,FEU,Z14,16,0.273131853241
07/23/2022,FEU,Z24,17,0.266968004012
07/23/2022,FEU,Z14,17,0.266968004012
07/23/2022,FEU,Z24,18,0.26794088035
07/23/2022,FEU,Z14,18,0.26794088035
07/23/2022,FEU,Z24,19,0.279867052604
07/23/2022,FEU,Z14,19,0.279867052604
07/23/2022,FEU,Z24,2,0.31834337113
07/23/2022,FEU,Z14,2,0.31834337113
07/23/2022,FEU,Z24,20,0.303919695027
07/23/2022,FEU,Z14,20,0.303919695027
07/23/2022,FEU,Z24,21,0.334341573277
07/23/2022,FEU,Z14,21,0.334341573277
07/23/2022,FEU,Z24,22,0.380433896104
07/23/2022,FEU,Z14,22,0.380433896104
07/23/2022,FEU,Z24,23,0.389698060226
07/23/2022,FEU,Z14,23,0.389698060226
07/23/2022,FEU,Z24,24,0.367752659325
07/23/2022,FEU,Z14,24,0.367752659325
07/23/2022,FEU,Z24,3,0.325933105075
07/23/2022,FEU,Z14,3,0.325933105075
07/23/2022,FEU,Z24,4,0.331790190213
07/23/2022,FEU,Z14,4,0.331790190213
07/23/2022,FEU,Z24,5,0.340864891142
07/23/2022,FEU,Z14,5,0.340864891142
07/23/2022,FEU,Z24,6,0.349162982302
07/23/2022,FEU,Z14,6,0.349162982302
07/23/2022,FEU,Z24,7,0.351979682344
07/23/2022,FEU,Z14,7,0.351979682344
07/23/2022,FEU,Z24,8,0.353675524825
07/23/2022,FEU,Z14,8,0.353675524825
07/23/2022,FEU,Z24,9,0.329908397356
07/23/2022,FEU,Z14,9,0.329908397356
07/24/2022,FEU,Z24,1,0.360423713988
07/24/2022,FEU,Z14,1,0.360423713988
07/24/2022,FEU,Z24,10,0.301171196923
07/24/2022,FEU,Z14,10,0.301171196923
07/24/2022,FEU,Z24,11,0.25945878166
07/24/2022,FEU,Z14,11,0.25945878166
07/24/2022,FEU,Z24,12,0.248878210022
07/24/2022,FEU,Z14,12,0.248878210022
07/24/2022,FEU,Z24,13,0.246686687369
07/24/2022,FEU,Z14,13,0.246686687369
07/24/2022,FEU,Z24,14,0.242687505189
07/24/2022,FEU,Z14,14,0.242687505189
07/24/2022,FEU,Z24,15,0.23715998266
07/24/2022,FEU,Z14,15,0.23715998266
07/24/2022,FEU,Z24,16,0.218100539655
07/24/2022,FEU,Z14,16,0.218100539655
07/24/2022,FEU,Z24,17,0.209204475634
07/24/2022,FEU,Z14,17,0.209204475634
07/24/2022,FEU,Z24,18,0.202340772214
07/24/2022,FEU,Z14,18,0.202340772214
07/24/2022,FEU,Z24,19,0.21817066285
07/24/2022,FEU,Z14,19,0.21817066285
07/24/2022,FEU,Z24,2,0.373091968447
07/24/2022,FEU,Z14,2,0.373091968447
07/24/2022,FEU,Z24,20,0.249695337004
07/24/2022,FEU,Z14,20,0.249695337004
07/24/2022,FEU,Z24,21,0.298785120916
07/24/2022,FEU,Z14,21,0.298785120916
07/24/2022,FEU,Z24,22,0.316726388389
07/24/2022,FEU,Z14,22,0.316726388389
07/24/2022,FEU,Z24,23,0.341059166662
07/24/2022,FEU,Z14,23,0.341059166662
07/24/2022,FEU,Z24,24,0.331981649749
07/24/2022,FEU,Z14,24,0.331981649749
07/24/2022,FEU,Z24,3,0.388220584233
07/24/2022,FEU,Z14,3,0.388220584233
07/24/2022,FEU,Z24,4,0.402114412142
07/24/2022,FEU,Z14,4,0.402114412142
07/24/2022,FEU,Z24,5,0.414602006941
07/24/2022,FEU,Z14,5,0.414602006941
07/24/2022,FEU,Z24,6,0.421370174341
07/24/2022,FEU,Z14,6,0.421370174341
07/24/2022,FEU,Z24,7,0.427858307303
07/24/2022,FEU,Z14,7,0.427858307303
07/24/2022,FEU,Z24,8,0.415340810104
07/24/2022,FEU,Z14,8,0.415340810104
07/24/2022,FEU,Z24,9,0.35950955044
07/24/2022,FEU,Z14,9,0.35950955044
07/25/2022,FEU,Z24,1,0.371174383423
07/25/2022,FEU,Z14,1,0.371174383423
07/25/2022,FEU,Z24,10,0.349263395634
07/25/2022,FEU,Z14,10,0.349263395634
07/25/2022,FEU,Z24,11,0.329400188958
07/25/2022,FEU,Z14,11,0.377792501154
07/25/2022,FEU,Z24,12,0.367519482114
07/25/2022,FEU,Z14,12,0.367519482114
07/25/2022,FEU,Z24,13,0.362930290734
07/25/2022,FEU,Z14,13,0.362930290734
07/25/2022,FEU,Z24,14,0.359535909496
07/25/2022,FEU,Z14,14,0.359535909496
07/25/2022,FEU,Z24,15,0.349003051529
07/25/2022,FEU,Z14,15,0.300952570922
07/25/2022,FEU,Z24,16,0.28881320106
07/25/2022,FEU,Z14,16,0.28881320106
07/25/2022,FEU,Z24,17,0.264470819678
07/25/2022,FEU,Z14,17,0.264470819678
07/25/2022,FEU,Z24,18,0.262626612179
07/25/2022,FEU,Z14,18,0.262626612179
07/25/2022,FEU,Z24,19,0.265014671817
07/25/2022,FEU,Z14,19,0.312974935974
07/25/2022,FEU,Z24,2,0.373796295325
07/25/2022,FEU,Z14,2,0.373796295325
07/25/2022,FEU,Z24,20,0.321611045847
07/25/2022,FEU,Z14,20,0.321611045847
07/25/2022,FEU,Z24,21,0.369990096195
07/25/2022,FEU,Z14,21,0.369990096195
07/25/2022,FEU,Z24,22,0.377129514021
07/25/2022,FEU,Z14,22,0.377129514021
07/25/2022,FEU,Z24,23,0.380897871612
07/25/2022,FEU,Z14,23,0.332758752505
07/25/2022,FEU,Z24,24,0.334910977052
07/25/2022,FEU,Z14,24,0.334910977052
07/25/2022,FEU,Z24,3,0.379735593211
07/25/2022,FEU,Z14,3,0.379735593211
07/25/2022,FEU,Z24,4,0.387353294559
07/25/2022,FEU,Z14,4,0.387353294559
07/25/2022,FEU,Z24,5,0.394574941202
07/25/2022,FEU,Z14,5,0.394574941202
07/25/2022,FEU,Z24,6,0.392577178024
07/25/2022,FEU,Z14,6,0.392577178024
07/25/2022,FEU,Z24,7,0.373448703043
07/25/2022,FEU,Z14,7,0.373448703043
07/25/2022,FEU,Z24,8,0.365262492619
07/25/2022,FEU,Z14,8,0.365262492619
07/25/2022,FEU,Z24,9,0.37166647685
07/25/2022,FEU,Z14,9,0.37166647685
07/26/2022,FEU,Z24,1,0.320113554951
07/26/2022,FEU,Z14,1,0.320113554951
07/26/2022,FEU,Z24,10,0.316839513678
07/26/2022,FEU,Z14,10,0.316839513678
07/26/2022,FEU,Z24,11,0.305616811862
07/26/2022,FEU,Z14,11,0.353924347858
07/26/2022,FEU,Z24,12,0.355833659439
07/26/2022,FEU,Z14,12,0.355833659439
07/26/2022,FEU,Z24,13,0.361068836898
07/26/2022,FEU,Z14,13,0.361068836898
07/26/2022,FEU,Z24,14,0.36535544406
07/26/2022,FEU,Z14,14,0.36535544406
07/26/2022,FEU,Z24,15,0.356005923063
07/26/2022,FEU,Z14,15,0.307939309266
07/26/2022,FEU,Z24,16,0.298037868624
07/26/2022,FEU,Z14,16,0.298037868624
07/26/2022,FEU,Z24,17,0.286452388143
07/26/2022,FEU,Z14,17,0.286452388143
07/26/2022,FEU,Z24,18,0.276421728663
07/26/2022,FEU,Z14,18,0.276421728663
07/26/2022,FEU,Z24,19,0.26620985106
07/26/2022,FEU,Z14,19,0.314170085247
07/26/2022,FEU,Z24,2,0.314540163556
07/26/2022,FEU,Z14,2,0.314540163556
07/26/2022,FEU,Z24,20,0.331486229612
07/26/2022,FEU,Z14,20,0.331486229612
07/26/2022,FEU,Z24,21,0.367063126404
07/26/2022,FEU,Z14,21,0.367063126404
07/26/2022,FEU,Z24,22,0.377360255849
07/26/2022,FEU,Z14,22,0.377360255849
07/26/2022,FEU,Z24,23,0.383716576666
07/26/2022,FEU,Z14,23,0.33530130335
07/26/2022,FEU,Z24,24,0.335239231187
07/26/2022,FEU,Z14,24,0.335239231187
07/26/2022,FEU,Z24,3,0.314394850333
07/26/2022,FEU,Z14,3,0.314394850333
07/26/2022,FEU,Z24,4,0.321564977541
07/26/2022,FEU,Z14,4,0.321564977541
07/26/2022,FEU,Z24,5,0.326341569991
07/26/2022,FEU,Z14,5,0.326341569991
07/26/2022,FEU,Z24,6,0.325566156034
07/26/2022,FEU,Z14,6,0.325566156034
07/26/2022,FEU,Z24,7,0.340624343181
07/26/2022,FEU,Z14,7,0.340624343181
07/26/2022,FEU,Z24,8,0.333409552045
07/26/2022,FEU,Z14,8,0.333409552045
07/26/2022,FEU,Z24,9,0.344388265605
07/26/2022,FEU,Z14,9,0.344388265605
07/27/2022,FEU,Z24,1,0.311604667538
07/27/2022,FEU,Z14,1,0.311604667538
07/27/2022,FEU,Z24,10,0.331136493605
07/27/2022,FEU,Z14,10,0.331136493605
07/27/2022,FEU,Z24,11,0.302603855578
07/27/2022,FEU,Z14,11,0.350661042055
07/27/2022,FEU,Z24,12,0.349828622007
07/27/2022,FEU,Z14,12,0.349828622007
07/27/2022,FEU,Z24,13,0.361302661797
07/27/2022,FEU,Z14,13,0.361302661797
07/27/2022,FEU,Z24,14,0.36610573506
07/27/2022,FEU,Z14,14,0.36610573506
07/27/2022,FEU,Z24,15,0.359945216142
07/27/2022,FEU,Z14,15,0.311866514465
07/27/2022,FEU,Z24,16,0.317913755362
07/27/2022,FEU,Z14,16,0.317913755362
07/27/2022,FEU,Z24,17,0.313883933351
07/27/2022,FEU,Z14,17,0.313883933351
07/27/2022,FEU,Z24,18,0.31457094246
07/27/2022,FEU,Z14,18,0.31457094246
07/27/2022,FEU,Z24,19,0.300676374687
07/27/2022,FEU,Z14,19,0.348730239114
07/27/2022,FEU,Z24,2,0.310353622693
07/27/2022,FEU,Z14,2,0.310353622693
07/27/2022,FEU,Z24,20,0.373312326827
07/27/2022,FEU,Z14,20,0.373312326827
07/27/2022,FEU,Z24,21,0.387620647431
07/27/2022,FEU,Z14,21,0.387620647431
07/27/2022,FEU,Z24,22,0.394497902595
07/27/2022,FEU,Z14,22,0.394497902595
07/27/2022,FEU,Z24,23,0.394424987484
07/27/2022,FEU,Z14,23,0.345972073728
07/27/2022,FEU,Z24,24,0.350851992766
07/27/2022,FEU,Z14,24,0.350851992766
07/27/2022,FEU,Z24,3,0.307750260148
07/27/2022,FEU,Z14,3,0.307750260148
07/27/2022,FEU,Z24,4,0.311862377227
07/27/2022,FEU,Z14,4,0.311862377227
07/27/2022,FEU,Z24,5,0.319419582217
07/27/2022,FEU,Z14,5,0.319419582217
07/27/2022,FEU,Z24,6,0.330045942788
07/27/2022,FEU,Z14,6,0.330045942788
07/27/2022,FEU,Z24,7,0.339579668734
07/27/2022,FEU,Z14,7,0.339579668734
07/27/2022,FEU,Z24,8,0.344139995831
07/27/2022,FEU,Z14,8,0.344139995831
07/27/2022,FEU,Z24,9,0.358329779814
07/27/2022,FEU,Z14,9,0.358329779814
07/28/2022,FEU,Z24,1,0.38906838044
07/28/2022,FEU,Z14,1,0.38906838044
07/28/2022,FEU,Z24,10,0.369208076536
07/28/2022,FEU,Z14,10,0.369208076536
07/28/2022,FEU,Z24,11,0.351598380589
07/28/2022,FEU,Z14,11,0.399783797176
07/28/2022,FEU,Z24,12,0.398483429178
07/28/2022,FEU,Z14,12,0.398483429178
07/28/2022,FEU,Z24,13,0.407257320376
07/28/2022,FEU,Z14,13,0.407257320376
07/28/2022,FEU,Z24,14,0.40330851786
07/28/2022,FEU,Z14,14,0.40330851786
07/28/2022,FEU,Z24,15,0.390111659313
07/28/2022,FEU,Z14,15,0.341678614917
07/28/2022,FEU,Z24,16,0.333014467984
07/28/2022,FEU,Z14,16,0.333014467984
07/28/2022,FEU,Z24,17,0.331138864473
07/28/2022,FEU,Z14,17,0.331138864473
07/28/2022,FEU,Z24,18,0.332836986642
07/28/2022,FEU,Z14,18,0.332836986642
07/28/2022,FEU,Z24,19,0.327912971256
07/28/2022,FEU,Z14,19,0.376038857803
07/28/2022,FEU,Z24,2,0.403443368833
07/28/2022,FEU,Z14,2,0.403443368833
07/28/2022,FEU,Z24,20,0.393546290966
07/28/2022,FEU,Z14,20,0.393546290966
07/28/2022,FEU,Z24,21,0.420325380822
07/28/2022,FEU,Z14,21,0.420325380822
07/28/2022,FEU,Z24,22,0.431067720495
07/28/2022,FEU,Z14,22,0.431067720495
07/28/2022,FEU,Z24,23,0.430285150366
07/28/2022,FEU,Z14,23,0.382014473729
07/28/2022,FEU,Z24,24,0.383661366766
07/28/2022,FEU,Z14,24,0.383661366766
07/28/2022,FEU,Z24,3,0.412747682719
07/28/2022,FEU,Z14,3,0.412747682719
07/28/2022,FEU,Z24,4,0.424170176948
07/28/2022,FEU,Z14,4,0.424170176948
07/28/2022,FEU,Z24,5,0.430666373708
07/28/2022,FEU,Z14,5,0.430666373708
07/28/2022,FEU,Z24,6,0.433395878879
07/28/2022,FEU,Z14,6,0.433395878879
07/28/2022,FEU,Z24,7,0.415932793036
07/28/2022,FEU,Z14,7,0.415932793036
07/28/2022,FEU,Z24,8,0.402805814564
07/28/2022,FEU,Z14,8,0.402805814564
07/28/2022,FEU,Z24,9,0.407222785555
07/28/2022,FEU,Z14,9,0.407222785555
07/29/2022,FEU,Z24,1,0.374717409589
07/29/2022,FEU,Z14,1,0.374717409589
07/29/2022,FEU,Z24,10,0.361278434841
07/29/2022,FEU,Z14,10,0.361278434841
07/29/2022,FEU,Z24,11,0.337371689096
07/29/2022,FEU,Z14,11,0.385522379973
07/29/2022,FEU,Z24,12,0.378313335234
07/29/2022,FEU,Z14,12,0.378313335234
07/29/2022,FEU,Z24,13,0.386605021803
07/29/2022,FEU,Z14,13,0.386605021803
07/29/2022,FEU,Z24,14,0.385767005405
07/29/2022,FEU,Z14,14,0.385767005405
07/29/2022,FEU,Z24,15,0.373290011457
07/29/2022,FEU,Z14,15,0.32517460686
07/29/2022,FEU,Z24,16,0.321344089257
07/29/2022,FEU,Z14,16,0.321344089257
07/29/2022,FEU,Z24,17,0.314958269496
07/29/2022,FEU,Z14,17,0.314958269496
07/29/2022,FEU,Z24,18,0.304778477016
07/29/2022,FEU,Z14,18,0.304778477016
07/29/2022,FEU,Z24,19,0.306285950511
07/29/2022,FEU,Z14,19,0.354599920867
07/29/2022,FEU,Z24,2,0.384241120112
07/29/2022,FEU,Z14,2,0.384241120112
07/29/2022,FEU,Z24,20,0.380051636698
07/29/2022,FEU,Z14,20,0.380051636698
07/29/2022,FEU,Z24,21,0.422275206068
07/29/2022,FEU,Z14,21,0.422275206068
07/29/2022,FEU,Z24,22,0.43065373443
07/29/2022,FEU,Z14,22,0.43065373443
07/29/2022,FEU,Z24,23,0.427473722171
07/29/2022,FEU,Z14,23,0.378904165735
07/29/2022,FEU,Z24,24,0.361459257685
07/29/2022,FEU,Z14,24,0.361459257685
07/29/2022,FEU,Z24,3,0.392373301268
07/29/2022,FEU,Z14,3,0.392373301268
07/29/2022,FEU,Z24,4,0.394978195666
07/29/2022,FEU,Z14,4,0.394978195666
07/29/2022,FEU,Z24,5,0.403729614097
07/29/2022,FEU,Z14,5,0.403729614097
07/29/2022,FEU,Z24,6,0.40806824923
07/29/2022,FEU,Z14,6,0.40806824923
07/29/2022,FEU,Z24,7,0.401939062535
07/29/2022,FEU,Z14,7,0.401939062535
07/29/2022,FEU,Z24,8,0.393788264271
07/29/2022,FEU,Z14,8,0.393788264271
07/29/2022,FEU,Z24,9,0.40125711535
07/29/2022,FEU,Z14,9,0.40125711535
07/30/2022,FEU,Z24,1,0.335585674032
07/30/2022,FEU,Z14,1,0.335585674032
07/30/2022,FEU,Z24,10,0.269457660819
07/30/2022,FEU,Z14,10,0.269457660819
07/30/2022,FEU,Z24,11,0.254245557313
07/30/2022,FEU,Z14,11,0.254245557313
07/30/2022,FEU,Z24,12,0.247471975496
07/30/2022,FEU,Z14,12,0.247471975496
07/30/2022,FEU,Z24,13,0.243194067814
07/30/2022,FEU,Z14,13,0.243194067814
07/30/2022,FEU,Z24,14,0.244060517805
07/30/2022,FEU,Z14,14,0.244060517805
07/30/2022,FEU,Z24,15,0.243460676776
07/30/2022,FEU,Z14,15,0.243460676776
07/30/2022,FEU,Z24,16,0.244977469621
07/30/2022,FEU,Z14,16,0.244977469621
07/30/2022,FEU,Z24,17,0.246889782492
07/30/2022,FEU,Z14,17,0.246889782492
07/30/2022,FEU,Z24,18,0.24423829935
07/30/2022,FEU,Z14,18,0.24423829935
07/30/2022,FEU,Z24,19,0.250499392804
07/30/2022,FEU,Z14,19,0.250499392804
07/30/2022,FEU,Z24,2,0.33861624193
07/30/2022,FEU,Z14,2,0.33861624193
07/30/2022,FEU,Z24,20,0.283960509997
07/30/2022,FEU,Z14,20,0.283960509997
07/30/2022,FEU,Z24,21,0.295516856827
07/30/2022,FEU,Z14,21,0.295516856827
07/30/2022,FEU,Z24,22,0.302510430904
07/30/2022,FEU,Z14,22,0.302510430904
07/30/2022,FEU,Z24,23,0.305253003326
07/30/2022,FEU,Z14,23,0.305253003326
07/30/2022,FEU,Z24,24,0.310475169325
07/30/2022,FEU,Z14,24,0.310475169325
07/30/2022,FEU,Z24,3,0.333791375825
07/30/2022,FEU,Z14,3,0.333791375825
07/30/2022,FEU,Z24,4,0.331065629013
07/30/2022,FEU,Z14,4,0.331065629013
07/30/2022,FEU,Z24,5,0.316005616042
07/30/2022,FEU,Z14,5,0.316005616042
07/30/2022,FEU,Z24,6,0.319911887602
07/30/2022,FEU,Z14,6,0.319911887602
07/30/2022,FEU,Z24,7,0.316856654824
07/30/2022,FEU,Z14,7,0.316856654824
07/30/2022,FEU,Z24,8,0.318944287325
07/30/2022,FEU,Z14,8,0.318944287325
07/30/2022,FEU,Z24,9,0.295986422596
07/30/2022,FEU,Z14,9,0.295986422596
07/31/2022,FEU,Z24,1,0.264568857748
07/31/2022,FEU,Z14,1,0.264568857748
07/31/2022,FEU,Z24,10,0.237945035633
07/31/2022,FEU,Z14,10,0.237945035633
07/31/2022,FEU,Z24,11,0.19991415346
07/31/2022,FEU,Z14,11,0.19991415346
07/31/2022,FEU,Z24,12,0.190696173362
07/31/2022,FEU,Z14,12,0.190696173362
07/31/2022,FEU,Z24,13,0.197951644999
07/31/2022,FEU,Z14,13,0.197951644999
07/31/2022,FEU,Z24,14,0.198201044779
07/31/2022,FEU,Z14,14,0.198201044779
07/31/2022,FEU,Z24,15,0.20833070506
07/31/2022,FEU,Z14,15,0.20833070506
07/31/2022,FEU,Z24,16,0.210655451955
07/31/2022,FEU,Z14,16,0.210655451955
07/31/2022,FEU,Z24,17,0.207985887994
07/31/2022,FEU,Z14,17,0.207985887994
07/31/2022,FEU,Z24,18,0.206596225474
07/31/2022,FEU,Z14,18,0.206596225474
07/31/2022,FEU,Z24,19,0.21838037685
07/31/2022,FEU,Z14,19,0.21838037685
07/31/2022,FEU,Z24,2,0.262161944947
07/31/2022,FEU,Z14,2,0.262161944947
07/31/2022,FEU,Z24,20,0.240106455724
07/31/2022,FEU,Z14,20,0.240106455724
07/31/2022,FEU,Z24,21,0.285358183036
07/31/2022,FEU,Z14,21,0.285358183036
07/31/2022,FEU,Z24,22,0.296706951919
07/31/2022,FEU,Z14,22,0.296706951919
07/31/2022,FEU,Z24,23,0.313735890322
07/31/2022,FEU,Z14,23,0.313735890322
07/31/2022,FEU,Z24,24,0.301510229509
07/31/2022,FEU,Z14,24,0.301510229509
07/31/2022,FEU,Z24,3,0.267677717283
07/31/2022,FEU,Z14,3,0.267677717283
07/31/2022,FEU,Z24,4,0.267645723922
07/31/2022,FEU,Z14,4,0.267645723922
07/31/2022,FEU,Z24,5,0.284955677101
07/31/2022,FEU,Z14,5,0.284955677101
07/31/2022,FEU,Z24,6,0.291136879351
07/31/2022,FEU,Z14,6,0.291136879351
07/31/2022,FEU,Z24,7,0.298122882033
07/31/2022,FEU,Z14,7,0.298122882033
07/31/2022,FEU,Z24,8,0.299543841544
07/31/2022,FEU,Z14,8,0.299543841544
07/31/2022,FEU,Z24,9,0.26342861804
07/31/2022,FEU,Z14,9,0.26342861804
08/01/2022,FEU,Z24,1,0.312874418167
08/01/2022,FEU,Z14,1,0.312874418167
08/01/2022,FEU,Z24,10,0.309508004217
08/01/2022,FEU,Z14,10,0.309508004217
08/01/2022,FEU,Z24,11,0.269052749104
08/01/2022,FEU,Z14,11,0.31723081146
08/01/2022,FEU,Z24,12,0.317493980211
08/01/2022,FEU,Z14,12,0.317493980211
08/01/2022,FEU,Z24,13,0.318808693741
08/01/2022,FEU,Z14,13,0.318808693741
08/01/2022,FEU,Z24,14,0.33100857786
08/01/2022,FEU,Z14,14,0.33100857786
08/01/2022,FEU,Z24,15,0.335255135634
08/01/2022,FEU,Z14,15,0.287237689347
08/01/2022,FEU,Z24,16,0.285686377593
08/01/2022,FEU,Z14,16,0.285686377593
08/01/2022,FEU,Z24,17,0.284442876572
08/01/2022,FEU,Z14,17,0.284442876572
08/01/2022,FEU,Z24,18,0.293332288292
08/01/2022,FEU,Z14,18,0.293332288292
08/01/2022,FEU,Z24,19,0.295936503332
08/01/2022,FEU,Z14,19,0.343979828609
08/01/2022,FEU,Z24,2,0.318087491704
08/01/2022,FEU,Z14,2,0.318087491704
08/01/2022,FEU,Z24,20,0.359096695461
08/01/2022,FEU,Z14,20,0.359096695461
08/01/2022,FEU,Z24,21,0.372920642121
08/01/2022,FEU,Z14,21,0.372920642121
08/01/2022,FEU,Z24,22,0.377998785663
08/01/2022,FEU,Z14,22,0.377998785663
08/01/2022,FEU,Z24,23,0.383922078722
08/01/2022,FEU,Z14,23,0.335498646526
08/01/2022,FEU,Z24,24,0.336442619902
08/01/2022,FEU,Z14,24,0.336442619902
08/01/2022,FEU,Z24,3,0.323543557171
08/01/2022,FEU,Z14,3,0.323543557171
08/01/2022,FEU,Z24,4,0.327244388758
08/01/2022,FEU,Z14,4,0.327244388758
08/01/2022,FEU,Z24,5,0.330475448809
08/01/2022,FEU,Z14,5,0.330475448809
08/01/2022,FEU,Z24,6,0.332581221304
08/01/2022,FEU,Z14,6,0.332581221304
08/01/2022,FEU,Z24,7,0.333421372636
08/01/2022,FEU,Z14,7,0.333421372636
08/01/2022,FEU,Z24,8,0.326383791311
08/01/2022,FEU,Z14,8,0.326383791311
08/01/2022,FEU,Z24,9,0.339741668244
08/01/2022,FEU,Z14,9,0.339741668244
08/02/2022,FEU,Z24,1,0.341260511651
08/02/2022,FEU,Z14,1,0.341260511651
08/02/2022,FEU,Z24,10,0.333797295416
08/02/2022,FEU,Z14,10,0.333797295416
08/02/2022,FEU,Z24,11,0.298512820023
08/02/2022,FEU,Z14,11,0.34655627406
08/02/2022,FEU,Z24,12,0.34310811606
08/02/2022,FEU,Z14,12,0.34310811606
08/02/2022,FEU,Z24,13,0.339813426119
08/02/2022,FEU,Z14,13,0.339813426119
08/02/2022,FEU,Z24,14,0.347495504538
08/02/2022,FEU,Z14,14,0.347495504538
08/02/2022,FEU,Z24,15,0.357421363452
08/02/2022,FEU,Z14,15,0.309344739105
08/02/2022,FEU,Z24,16,0.308814325013
08/02/2022,FEU,Z14,16,0.308814325013
08/02/2022,FEU,Z24,17,0.310530085972
08/02/2022,FEU,Z14,17,0.310530085972
08/02/2022,FEU,Z24,18,0.31559605335
08/02/2022,FEU,Z14,18,0.31559605335
08/02/2022,FEU,Z24,19,0.318703235309
08/02/2022,FEU,Z14,19,0.366808895686
08/02/2022,FEU,Z24,2,0.348436322188
08/02/2022,FEU,Z14,2,0.348436322188
08/02/2022,FEU,Z24,20,0.387355702535
08/02/2022,FEU,Z14,20,0.387355702535
08/02/2022,FEU,Z24,21,0.404173068348
08/02/2022,FEU,Z14,21,0.404173068348
08/02/2022,FEU,Z24,22,0.417743701443
08/02/2022,FEU,Z14,22,0.417743701443
08/02/2022,FEU,Z24,23,0.420610915426
08/02/2022,FEU,Z14,23,0.37206378183
08/02/2022,FEU,Z24,24,0.376460168508
08/02/2022,FEU,Z14,24,0.376460168508
08/02/2022,FEU,Z24,3,0.351262990786
08/02/2022,FEU,Z14,3,0.351262990786
08/02/2022,FEU,Z24,4,0.361296108963
08/02/2022,FEU,Z14,4,0.361296108963
08/02/2022,FEU,Z24,5,0.374735999704
08/02/2022,FEU,Z14,5,0.374735999704
08/02/2022,FEU,Z24,6,0.375488613708
08/02/2022,FEU,Z14,6,0.375488613708
08/02/2022,FEU,Z24,7,0.375164415085
08/02/2022,FEU,Z14,7,0.375164415085
08/02/2022,FEU,Z24,8,0.359790656641
08/02/2022,FEU,Z14,8,0.359790656641
08/02/2022,FEU,Z24,9,0.366320813573
08/02/2022,FEU,Z14,9,0.366320813573
08/03/2022,FEU,Z24,1,0.366439375269
08/03/2022,FEU,Z14,1,0.366439375269
08/03/2022,FEU,Z24,10,0.345024708354
08/03/2022,FEU,Z14,10,0.345024708354
08/03/2022,FEU,Z24,11,0.304113295211
08/03/2022,FEU,Z14,11,0.352415916807
08/03/2022,FEU,Z24,12,0.339646805889
08/03/2022,FEU,Z14,12,0.339646805889
08/03/2022,FEU,Z24,13,0.341717715418
08/03/2022,FEU,Z14,13,0.341717715418
08/03/2022,FEU,Z24,14,0.330880779537
08/03/2022,FEU,Z14,14,0.330880779537
08/03/2022,FEU,Z24,15,0.333505729761
08/03/2022,FEU,Z14,15,0.285490970994
08/03/2022,FEU,Z24,16,0.280993526892
08/03/2022,FEU,Z14,16,0.280993526892
08/03/2022,FEU,Z24,17,0.280816607541
08/03/2022,FEU,Z14,17,0.280816607541
08/03/2022,FEU,Z24,18,0.287116607039
08/03/2022,FEU,Z14,18,0.287116607039
08/03/2022,FEU,Z24,19,0.292300296679
08/03/2022,FEU,Z14,19,0.340337139666
08/03/2022,FEU,Z24,2,0.374960015325
08/03/2022,FEU,Z14,2,0.374960015325
08/03/2022,FEU,Z24,20,0.379033432596
08/03/2022,FEU,Z14,20,0.379033432596
08/03/2022,FEU,Z24,21,0.407773604727
08/03/2022,FEU,Z14,21,0.407773604727
08/03/2022,FEU,Z24,22,0.41732014533
08/03/2022,FEU,Z14,22,0.41732014533
08/03/2022,FEU,Z24,23,0.421762052751
08/03/2022,FEU,Z14,23,0.373209911075
08/03/2022,FEU,Z24,24,0.379855453902
08/03/2022,FEU,Z14,24,0.379855453902
08/03/2022,FEU,Z24,3,0.374402403784
08/03/2022,FEU,Z14,3,0.374402403784
08/03/2022,FEU,Z24,4,0.375687558673
08/03/2022,FEU,Z14,4,0.375687558673
08/03/2022,FEU,Z24,5,0.377648368325
08/03/2022,FEU,Z14,5,0.377648368325
08/03/2022,FEU,Z24,6,0.380275431159
08/03/2022,FEU,Z14,6,0.380275431159
08/03/2022,FEU,Z24,7,0.380852434385
08/03/2022,FEU,Z14,7,0.380852434385
08/03/2022,FEU,Z24,8,0.378211501301
08/03/2022,FEU,Z14,8,0.378211501301
08/03/2022,FEU,Z24,9,0.383048372473
08/03/2022,FEU,Z14,9,0.383048372473
08/04/2022,FEU,Z24,1,0.358203242788
08/04/2022,FEU,Z14,1,0.358203242788
08/04/2022,FEU,Z24,10,0.339017882216
08/04/2022,FEU,Z14,10,0.339017882216
08/04/2022,FEU,Z24,11,0.314629874282
08/04/2022,FEU,Z14,11,0.362969090638
08/04/2022,FEU,Z24,12,0.355194697238
08/04/2022,FEU,Z14,12,0.355194697238
08/04/2022,FEU,Z24,13,0.348940696296
08/04/2022,FEU,Z14,13,0.348940696296
08/04/2022,FEU,Z24,14,0.344021439714
08/04/2022,FEU,Z14,14,0.344021439714
08/04/2022,FEU,Z24,15,0.332099356467
08/04/2022,FEU,Z14,15,0.283863445311
08/04/2022,FEU,Z24,16,0.276635278848
08/04/2022,FEU,Z14,16,0.276635278848
08/04/2022,FEU,Z24,17,0.272388520826
08/04/2022,FEU,Z14,17,0.272388520826
08/04/2022,FEU,Z24,18,0.272328772457
08/04/2022,FEU,Z14,18,0.272328772457
08/04/2022,FEU,Z24,19,0.274051146917
08/04/2022,FEU,Z14,19,0.322254816673
08/04/2022,FEU,Z24,2,0.362082915679
08/04/2022,FEU,Z14,2,0.362082915679
08/04/2022,FEU,Z24,20,0.347658988374
08/04/2022,FEU,Z14,20,0.347658988374
08/04/2022,FEU,Z24,21,0.379585966766
08/04/2022,FEU,Z14,21,0.379585966766
08/04/2022,FEU,Z24,22,0.392188939047
08/04/2022,FEU,Z14,22,0.392188939047
08/04/2022,FEU,Z24,23,0.394967739936
08/04/2022,FEU,Z14,23,0.346235470041
08/04/2022,FEU,Z24,24,0.339070813969
08/04/2022,FEU,Z14,24,0.339070813969
08/04/2022,FEU,Z24,3,0.367193407686
08/04/2022,FEU,Z14,3,0.367193407686
08/04/2022,FEU,Z24,4,0.363684392126
08/04/2022,FEU,Z14,4,0.363684392126
08/04/2022,FEU,Z24,5,0.362809961706
08/04/2022,FEU,Z14,5,0.362809961706
08/04/2022,FEU,Z24,6,0.374044575289
08/04/2022,FEU,Z14,6,0.374044575289
08/04/2022,FEU,Z24,7,0.370182793535
08/04/2022,FEU,Z14,7,0.370182793535
08/04/2022,FEU,Z24,8,0.36832016804
08/04/2022,FEU,Z14,8,0.36832016804
08/04/2022,FEU,Z24,9,0.373843222623
08/04/2022,FEU,Z14,9,0.373843222623
08/05/2022,FEU,Z24,1,0.333063670691
08/05/2022,FEU,Z14,1,0.333063670691
08/05/2022,FEU,Z24,10,0.302652867816
08/05/2022,FEU,Z14,10,0.302652867816
08/05/2022,FEU,Z24,11,0.280085122061
08/05/2022,FEU,Z14,11,0.328081230458
08/05/2022,FEU,Z24,12,0.322675388277
08/05/2022,FEU,Z14,12,0.322675388277
08/05/2022,FEU,Z24,13,0.325170033005
08/05/2022,FEU,Z14,13,0.325170033005
08/05/2022,FEU,Z24,14,0.333782296434
08/05/2022,FEU,Z14,14,0.333782296434
08/05/2022,FEU,Z24,15,0.326072879127
08/05/2022,FEU,Z14,15,0.277857875091
08/05/2022,FEU,Z24,16,0.275867482368
08/05/2022,FEU,Z14,16,0.275867482368
08/05/2022,FEU,Z24,17,0.274945678907
08/05/2022,FEU,Z14,17,0.274945678907
08/05/2022,FEU,Z24,18,0.275452623195
08/05/2022,FEU,Z14,18,0.275452623195
08/05/2022,FEU,Z24,19,0.294175786946
08/05/2022,FEU,Z14,19,0.342449695542
08/05/2022,FEU,Z24,2,0.306760589819
08/05/2022,FEU,Z14,2,0.306760589819
08/05/2022,FEU,Z24,20,0.360641107743
08/05/2022,FEU,Z14,20,0.360641107743
08/05/2022,FEU,Z24,21,0.381017248522
08/05/2022,FEU,Z14,21,0.381017248522
08/05/2022,FEU,Z24,22,0.386043799731
08/05/2022,FEU,Z14,22,0.386043799731
08/05/2022,FEU,Z24,23,0.392080178074
08/05/2022,FEU,Z14,23,0.343625370438
08/05/2022,FEU,Z24,24,0.356124905487
08/05/2022,FEU,Z14,24,0.356124905487
08/05/2022,FEU,Z24,3,0.309096595148
08/05/2022,FEU,Z14,3,0.309096595148
08/05/2022,FEU,Z24,4,0.316617132727
08/05/2022,FEU,Z14,4,0.316617132727
08/05/2022,FEU,Z24,5,0.322304789806
08/05/2022,FEU,Z14,5,0.322304789806
08/05/2022,FEU,Z24,6,0.31956851323
08/05/2022,FEU,Z14,6,0.31956851323
08/05/2022,FEU,Z24,7,0.313889171419
08/05/2022,FEU,Z14,7,0.313889171419
08/05/2022,FEU,Z24,8,0.310500663023
08/05/2022,FEU,Z14,8,0.310500663023
08/05/2022,FEU,Z24,9,0.319713170295
08/05/2022,FEU,Z14,9,0.319713170295
08/06/2022,FEU,Z24,1,0.305194827952
08/06/2022,FEU,Z14,1,0.305194827952
08/06/2022,FEU,Z24,10,0.290318130747
08/06/2022,FEU,Z14,10,0.290318130747
08/06/2022,FEU,Z24,11,0.255185795805
08/06/2022,FEU,Z14,11,0.255185795805
08/06/2022,FEU,Z24,12,0.244751397598
08/06/2022,FEU,Z14,12,0.244751397598
08/06/2022,FEU,Z24,13,0.241124224987
08/06/2022,FEU,Z14,13,0.241124224987
08/06/2022,FEU,Z24,14,0.248314696605
08/06/2022,FEU,Z14,14,0.248314696605
08/06/2022,FEU,Z24,15,0.248960743343
08/06/2022,FEU,Z14,15,0.248960743343
08/06/2022,FEU,Z24,16,0.250251390208
08/06/2022,FEU,Z14,16,0.250251390208
08/06/2022,FEU,Z24,17,0.244094535966
08/06/2022,FEU,Z14,17,0.244094535966
08/06/2022,FEU,Z24,18,0.241906703173
08/06/2022,FEU,Z14,18,0.241906703173
08/06/2022,FEU,Z24,19,0.243792385031
08/06/2022,FEU,Z14,19,0.243792385031
08/06/2022,FEU,Z24,2,0.293058145029
08/06/2022,FEU,Z14,2,0.293058145029
08/06/2022,FEU,Z24,20,0.290766897712
08/06/2022,FEU,Z14,20,0.290766897712
08/06/2022,FEU,Z24,21,0.321277719702
08/06/2022,FEU,Z14,21,0.321277719702
08/06/2022,FEU,Z24,22,0.334553456653
08/06/2022,FEU,Z14,22,0.334553456653
08/06/2022,FEU,Z24,23,0.331599697322
08/06/2022,FEU,Z14,23,0.331599697322
08/06/2022,FEU,Z24,24,0.337532824078
08/06/2022,FEU,Z14,24,0.337532824078
08/06/2022,FEU,Z24,3,0.288521959348
08/06/2022,FEU,Z14,3,0.288521959348
08/06/2022,FEU,Z24,4,0.295074201817
08/06/2022,FEU,Z14,4,0.295074201817
08/06/2022,FEU,Z24,5,0.333878175726
08/06/2022,FEU,Z14,5,0.333878175726
08/06/2022,FEU,Z24,6,0.342470686147
08/06/2022,FEU,Z14,6,0.342470686147
08/06/2022,FEU,Z24,7,0.361101313219
08/06/2022,FEU,Z14,7,0.361101313219
08/06/2022,FEU,Z24,8,0.366726741708
08/06/2022,FEU,Z14,8,0.366726741708
08/06/2022,FEU,Z24,9,0.340479715794
08/06/2022,FEU,Z14,9,0.340479715794
08/07/2022,FEU,Z24,1,0.353016279202
08/07/2022,FEU,Z14,1,0.353016279202
08/07/2022,FEU,Z24,10,0.269899815167
08/07/2022,FEU,Z14,10,0.269899815167
08/07/2022,FEU,Z24,11,0.222326886154
08/07/2022,FEU,Z14,11,0.222326886154
08/07/2022,FEU,Z24,12,0.202427089896
08/07/2022,FEU,Z14,12,0.202427089896
08/07/2022,FEU,Z24,13,0.218276569256
08/07/2022,FEU,Z14,13,0.218276569256
08/07/2022,FEU,Z24,14,0.197057195098
08/07/2022,FEU,Z14,14,0.197057195098
08/07/2022,FEU,Z24,15,0.186443698338
08/07/2022,FEU,Z14,15,0.186443698338
08/07/2022,FEU,Z24,16,0.208393497274
08/07/2022,FEU,Z14,16,0.208393497274
08/07/2022,FEU,Z24,17,0.237404179253
08/07/2022,FEU,Z14,17,0.237404179253
08/07/2022,FEU,Z24,18,0.241826103732
08/07/2022,FEU,Z14,18,0.241826103732
08/07/2022,FEU,Z24,19,0.246361673728
08/07/2022,FEU,Z14,19,0.246361673728
08/07/2022,FEU,Z24,2,0.35995570242
08/07/2022,FEU,Z14,2,0.35995570242
08/07/2022,FEU,Z24,20,0.26611361204
08/07/2022,FEU,Z14,20,0.26611361204
08/07/2022,FEU,Z24,21,0.327426132493
08/07/2022,FEU,Z14,21,0.327426132493
08/07/2022,FEU,Z24,22,0.328408909276
08/07/2022,FEU,Z14,22,0.328408909276
08/07/2022,FEU,Z24,23,0.331806636916
08/07/2022,FEU,Z14,23,0.331806636916
08/07/2022,FEU,Z24,24,0.340097442694
08/07/2022,FEU,Z14,24,0.340097442694
08/07/2022,FEU,Z24,3,0.354619304979
08/07/2022,FEU,Z14,3,0.354619304979
08/07/2022,FEU,Z24,4,0.361112081098
08/07/2022,FEU,Z14,4,0.361112081098
08/07/2022,FEU,Z24,5,0.385781418989
08/07/2022,FEU,Z14,5,0.385781418989
08/07/2022,FEU,Z24,6,0.40772849802
08/07/2022,FEU,Z14,6,0.40772849802
08/07/2022,FEU,Z24,7,0.413749008033
08/07/2022,FEU,Z14,7,0.413749008033
08/07/2022,FEU,Z24,8,0.38953273282
08/07/2022,FEU,Z14,8,0.38953273282
08/07/2022,FEU,Z24,9,0.351204789072
08/07/2022,FEU,Z14,9,0.351204789072
08/08/2022,FEU,Z24,1,0.374324439547
08/08/2022,FEU,Z14,1,0.374324439547
08/08/2022,FEU,Z24,10,0.355836846027
08/08/2022,FEU,Z14,10,0.355836846027
08/08/2022,FEU,Z24,11,0.318751385904
08/08/2022,FEU,Z14,11,0.36710444346
08/08/2022,FEU,Z24,12,0.356379747741
08/08/2022,FEU,Z14,12,0.356379747741
08/08/2022,FEU,Z24,13,0.361931564051
08/08/2022,FEU,Z14,13,0.361931564051
08/08/2022,FEU,Z24,14,0.36011506926
08/08/2022,FEU,Z14,14,0.36011506926
08/08/2022,FEU,Z24,15,0.345496112514
08/08/2022,FEU,Z14,15,0.297451857387
08/08/2022,FEU,Z24,16,0.291757632113
08/08/2022,FEU,Z14,16,0.291757632113
08/08/2022,FEU,Z24,17,0.288896381852
08/08/2022,FEU,Z14,17,0.288896381852
08/08/2022,FEU,Z24,18,0.292537298292
08/08/2022,FEU,Z14,18,0.292537298292
08/08/2022,FEU,Z24,19,0.303236325372
08/08/2022,FEU,Z14,19,0.351298726839
08/08/2022,FEU,Z24,2,0.387413009224
08/08/2022,FEU,Z14,2,0.387413009224
08/08/2022,FEU,Z24,20,0.379868977271
08/08/2022,FEU,Z14,20,0.379868977271
08/08/2022,FEU,Z24,21,0.401285866001
08/08/2022,FEU,Z14,21,0.401285866001
08/08/2022,FEU,Z24,22,0.407390625933
08/08/2022,FEU,Z14,22,0.407390625933
08/08/2022,FEU,Z24,23,0.413459568782
08/08/2022,FEU,Z14,23,0.364935839506
08/08/2022,FEU,Z24,24,0.365710960522
08/08/2022,FEU,Z14,24,0.365710960522
08/08/2022,FEU,Z24,3,0.381704971231
08/08/2022,FEU,Z14,3,0.381704971231
08/08/2022,FEU,Z24,4,0.379586752918
08/08/2022,FEU,Z14,4,0.379586752918
08/08/2022,FEU,Z24,5,0.387805806519
08/08/2022,FEU,Z14,5,0.387805806519
08/08/2022,FEU,Z24,6,0.397081493224
08/08/2022,FEU,Z14,6,0.397081493224
08/08/2022,FEU,Z24,7,0.399097197556
08/08/2022,FEU,Z14,7,0.399097197556
08/08/2022,FEU,Z24,8,0.379480791741
08/08/2022,FEU,Z14,8,0.379480791741
08/08/2022,FEU,Z24,9,0.395811772044
08/08/2022,FEU,Z14,9,0.395811772044
08/09/2022,FEU,Z24,1,0.376125621021
08/09/2022,FEU,Z14,1,0.376125621021
08/09/2022,FEU,Z24,10,0.349898580616
08/09/2022,FEU,Z14,10,0.349898580616
08/09/2022,FEU,Z24,11,0.326019897183
08/09/2022,FEU,Z14,11,0.37413706926
08/09/2022,FEU,Z24,12,0.35554798986
08/09/2022,FEU,Z14,12,0.35554798986
08/09/2022,FEU,Z24,13,0.359271332699
08/09/2022,FEU,Z14,13,0.359271332699
08/09/2022,FEU,Z24,14,0.365000537338
08/09/2022,FEU,Z14,14,0.365000537338
08/09/2022,FEU,Z24,15,0.342854368492
08/09/2022,FEU,Z14,15,0.294814666205
08/09/2022,FEU,Z24,16,0.293767141703
08/09/2022,FEU,Z14,16,0.293767141703
08/09/2022,FEU,Z24,17,0.290065585412
08/09/2022,FEU,Z14,17,0.290065585412
08/09/2022,FEU,Z24,18,0.29995499535
08/09/2022,FEU,Z14,18,0.29995499535
08/09/2022,FEU,Z24,19,0.323653732349
08/09/2022,FEU,Z14,19,0.371771141846
08/09/2022,FEU,Z24,2,0.385094700748
08/09/2022,FEU,Z14,2,0.385094700748
08/09/2022,FEU,Z24,20,0.385705841185
08/09/2022,FEU,Z14,20,0.385705841185
08/09/2022,FEU,Z24,21,0.411826228348
08/09/2022,FEU,Z14,21,0.411826228348
08/09/2022,FEU,Z24,22,0.419146925583
08/09/2022,FEU,Z14,22,0.419146925583
08/09/2022,FEU,Z24,23,0.428821812726
08/09/2022,FEU,Z14,23,0.38024670333
08/09/2022,FEU,Z24,24,0.396860938108
08/09/2022,FEU,Z14,24,0.396860938108
08/09/2022,FEU,Z24,3,0.372875121566
08/09/2022,FEU,Z14,3,0.372875121566
08/09/2022,FEU,Z24,4,0.372606714093
08/09/2022,FEU,Z14,4,0.372606714093
08/09/2022,FEU,Z24,5,0.377483841304
08/09/2022,FEU,Z14,5,0.377483841304
08/09/2022,FEU,Z24,6,0.379609201628
08/09/2022,FEU,Z14,6,0.379609201628
08/09/2022,FEU,Z24,7,0.383378678635
08/09/2022,FEU,Z14,7,0.383378678635
08/09/2022,FEU,Z24,8,0.380849675051
08/09/2022,FEU,Z14,8,0.380849675051
08/09/2022,FEU,Z24,9,0.386805533283
08/09/2022,FEU,Z14,9,0.386805533283
08/10/2022,FEU,Z24,1,0.366926768889
08/10/2022,FEU,Z14,1,0.366926768889
08/10/2022,FEU,Z24,10,0.366750748254
08/10/2022,FEU,Z14,10,0.366750748254
08/10/2022,FEU,Z24,11,0.343980960471
08/10/2022,FEU,Z14,11,0.392423591427
08/10/2022,FEU,Z24,12,0.359231534619
08/10/2022,FEU,Z14,12,0.359231534619
08/10/2022,FEU,Z24,13,0.342445386398
08/10/2022,FEU,Z14,13,0.342445386398
08/10/2022,FEU,Z24,14,0.339704750967
08/10/2022,FEU,Z14,14,0.339704750967
08/10/2022,FEU,Z24,15,0.339530832981
08/10/2022,FEU,Z14,15,0.291500342874
08/10/2022,FEU,Z24,16,0.289175701732
08/10/2022,FEU,Z14,16,0.289175701732
08/10/2022,FEU,Z24,17,0.294582523761
08/10/2022,FEU,Z14,17,0.294582523761
08/10/2022,FEU,Z24,18,0.308253191209
08/10/2022,FEU,Z14,18,0.308253191209
08/10/2022,FEU,Z24,19,0.328358041999
08/10/2022,FEU,Z14,19,0.376488866946
08/10/2022,FEU,Z24,2,0.377786994825
08/10/2022,FEU,Z14,2,0.377786994825
08/10/2022,FEU,Z24,20,0.390995441556
08/10/2022,FEU,Z14,20,0.390995441556
08/10/2022,FEU,Z24,21,0.415514618817
08/10/2022,FEU,Z14,21,0.415514618817
08/10/2022,FEU,Z24,22,0.42365693553
08/10/2022,FEU,Z14,22,0.42365693553
08/10/2022,FEU,Z24,23,0.427872951231
08/10/2022,FEU,Z14,23,0.379300077075
08/10/2022,FEU,Z24,24,0.394183738842
08/10/2022,FEU,Z14,24,0.394183738842
08/10/2022,FEU,Z24,3,0.378794657944
08/10/2022,FEU,Z14,3,0.378794657944
08/10/2022,FEU,Z24,4,0.373362042073
08/10/2022,FEU,Z14,4,0.373362042073
08/10/2022,FEU,Z24,5,0.396093001325
08/10/2022,FEU,Z14,5,0.396093001325
08/10/2022,FEU,Z24,6,0.403527966449
08/10/2022,FEU,Z14,6,0.403527966449
08/10/2022,FEU,Z24,7,0.390650398935
08/10/2022,FEU,Z14,7,0.390650398935
08/10/2022,FEU,Z24,8,0.382209425441
08/10/2022,FEU,Z14,8,0.382209425441
08/10/2022,FEU,Z24,9,0.391067608893
08/10/2022,FEU,Z14,9,0.391067608893
08/11/2022,FEU,Z24,1,0.385657999108
08/11/2022,FEU,Z14,1,0.385657999108
08/11/2022,FEU,Z24,10,0.361095823816
08/11/2022,FEU,Z14,10,0.361095823816
08/11/2022,FEU,Z24,11,0.333412222882
08/11/2022,FEU,Z14,11,0.381818600038
08/11/2022,FEU,Z24,12,0.361186040358
08/11/2022,FEU,Z14,12,0.361186040358
08/11/2022,FEU,Z24,13,0.357841576856
08/11/2022,FEU,Z14,13,0.357841576856
08/11/2022,FEU,Z24,14,0.359022831834
08/11/2022,FEU,Z14,14,0.359022831834
08/11/2022,FEU,Z24,15,0.337297737677
08/11/2022,FEU,Z14,15,0.289043792241
08/11/2022,FEU,Z24,16,0.283822779648
08/11/2022,FEU,Z14,16,0.283822779648
08/11/2022,FEU,Z24,17,0.285790938346
08/11/2022,FEU,Z14,17,0.285790938346
08/11/2022,FEU,Z24,18,0.303360579867
08/11/2022,FEU,Z14,18,0.303360579867
08/11/2022,FEU,Z24,19,0.320433627367
08/11/2022,FEU,Z14,19,0.368799364723
08/11/2022,FEU,Z24,2,0.394965497349
08/11/2022,FEU,Z14,2,0.394965497349
08/11/2022,FEU,Z24,20,0.386930346434
08/11/2022,FEU,Z14,20,0.386930346434
08/11/2022,FEU,Z24,21,0.410178082246
08/11/2022,FEU,Z14,21,0.410178082246
08/11/2022,FEU,Z24,22,0.421696082487
08/11/2022,FEU,Z14,22,0.421696082487
08/11/2022,FEU,Z24,23,0.428895023136
08/11/2022,FEU,Z14,23,0.380019479241
08/11/2022,FEU,Z24,24,0.390731840229
08/11/2022,FEU,Z14,24,0.390731840229
08/11/2022,FEU,Z24,3,0.396696039426
08/11/2022,FEU,Z14,3,0.396696039426
08/11/2022,FEU,Z24,4,0.392831712766
08/11/2022,FEU,Z14,4,0.392831712766
08/11/2022,FEU,Z24,5,0.399413062846
08/11/2022,FEU,Z14,5,0.399413062846
08/11/2022,FEU,Z24,6,0.403131067709
08/11/2022,FEU,Z14,6,0.403131067709
08/11/2022,FEU,Z24,7,0.393782513085
08/11/2022,FEU,Z14,7,0.393782513085
08/11/2022,FEU,Z24,8,0.39007233724
08/11/2022,FEU,Z14,8,0.39007233724
08/11/2022,FEU,Z24,9,0.394933446713
08/11/2022,FEU,Z14,9,0.394933446713
08/12/2022,FEU,Z24,1,0.408055581811
08/12/2022,FEU,Z14,1,0.408055581811
08/12/2022,FEU,Z24,10,0.387947563016
08/12/2022,FEU,Z14,10,0.387947563016
08/12/2022,FEU,Z24,11,0.362091914721
08/12/2022,FEU,Z14,11,0.410304019938
08/12/2022,FEU,Z24,12,0.388456112697
08/12/2022,FEU,Z14,12,0.388456112697
08/12/2022,FEU,Z24,13,0.385309669505
08/12/2022,FEU,Z14,13,0.385309669505
08/12/2022,FEU,Z24,14,0.389153670114
08/12/2022,FEU,Z14,14,0.389153670114
08/12/2022,FEU,Z24,15,0.373433691607
08/12/2022,FEU,Z14,15,0.325054382931
08/12/2022,FEU,Z24,16,0.306783337728
08/12/2022,FEU,Z14,16,0.306783337728
08/12/2022,FEU,Z24,17,0.306427087137
08/12/2022,FEU,Z14,17,0.306427087137
08/12/2022,FEU,Z24,18,0.313307517195
08/12/2022,FEU,Z14,18,0.313307517195
08/12/2022,FEU,Z24,19,0.333674875866
08/12/2022,FEU,Z14,19,0.382085696382
08/12/2022,FEU,Z24,2,0.412996602189
08/12/2022,FEU,Z14,2,0.412996602189
08/12/2022,FEU,Z24,20,0.410683433133
08/12/2022,FEU,Z14,20,0.410683433133
08/12/2022,FEU,Z24,21,0.435082076842
08/12/2022,FEU,Z14,21,0.435082076842
08/12/2022,FEU,Z24,22,0.453153305031
08/12/2022,FEU,Z14,22,0.453153305031
08/12/2022,FEU,Z24,23,0.458765874474
08/12/2022,FEU,Z14,23,0.410087339238
08/12/2022,FEU,Z24,24,0.421685665297
08/12/2022,FEU,Z14,24,0.421685665297
08/12/2022,FEU,Z24,3,0.423019425308
08/12/2022,FEU,Z14,3,0.423019425308
08/12/2022,FEU,Z24,4,0.432619313797
08/12/2022,FEU,Z14,4,0.432619313797
08/12/2022,FEU,Z24,5,0.440234651226
08/12/2022,FEU,Z14,5,0.440234651226
08/12/2022,FEU,Z24,6,0.44500215403
08/12/2022,FEU,Z14,6,0.44500215403
08/12/2022,FEU,Z24,7,0.428189249899
08/12/2022,FEU,Z14,7,0.428189249899
08/12/2022,FEU,Z24,8,0.420827312053
08/12/2022,FEU,Z14,8,0.420827312053
08/12/2022,FEU,Z24,9,0.425273136345
08/12/2022,FEU,Z14,9,0.425273136345
08/13/2022,FEU,Z24,1,0.430103177392
08/13/2022,FEU,Z14,1,0.430103177392
08/13/2022,FEU,Z24,10,0.409420436497
08/13/2022,FEU,Z14,10,0.409420436497
08/13/2022,FEU,Z24,11,0.377216277605
08/13/2022,FEU,Z14,11,0.377216277605
08/13/2022,FEU,Z24,12,0.309791426678
08/13/2022,FEU,Z14,12,0.309791426678
08/13/2022,FEU,Z24,13,0.306044316127
08/13/2022,FEU,Z14,13,0.306044316127
08/13/2022,FEU,Z24,14,0.282083906805
08/13/2022,FEU,Z14,14,0.282083906805
08/13/2022,FEU,Z24,15,0.260404041183
08/13/2022,FEU,Z14,15,0.260404041183
08/13/2022,FEU,Z24,16,0.259781552128
08/13/2022,FEU,Z14,16,0.259781552128
08/13/2022,FEU,Z24,17,0.261081554446
08/13/2022,FEU,Z14,17,0.261081554446
08/13/2022,FEU,Z24,18,0.261050552443
08/13/2022,FEU,Z14,18,0.261050552443
08/13/2022,FEU,Z24,19,0.264407135561
08/13/2022,FEU,Z14,19,0.264407135561
08/13/2022,FEU,Z24,2,0.443443410179
08/13/2022,FEU,Z14,2,0.443443410179
08/13/2022,FEU,Z24,20,0.318549284432
08/13/2022,FEU,Z14,20,0.318549284432
08/13/2022,FEU,Z24,21,0.341327008762
08/13/2022,FEU,Z14,21,0.341327008762
08/13/2022,FEU,Z24,22,0.346721565133
08/13/2022,FEU,Z14,22,0.346721565133
08/13/2022,FEU,Z24,23,0.353529522022
08/13/2022,FEU,Z14,23,0.353529522022
08/13/2022,FEU,Z24,24,0.371971836118
08/13/2022,FEU,Z14,24,0.371971836118
08/13/2022,FEU,Z24,3,0.463635237668
08/13/2022,FEU,Z14,3,0.463635237668
08/13/2022,FEU,Z24,4,0.473495771467
08/13/2022,FEU,Z14,4,0.473495771467
08/13/2022,FEU,Z24,5,0.484781423786
08/13/2022,FEU,Z14,5,0.484781423786
08/13/2022,FEU,Z24,6,0.489480500527
08/13/2022,FEU,Z14,6,0.489480500527
08/13/2022,FEU,Z24,7,0.488574241999
08/13/2022,FEU,Z14,7,0.488574241999
08/13/2022,FEU,Z24,8,0.483406936268
08/13/2022,FEU,Z14,8,0.483406936268
08/13/2022,FEU,Z24,9,0.447211263134
08/13/2022,FEU,Z14,9,0.447211263134
08/14/2022,FEU,Z24,1,0.409563365562
08/14/2022,FEU,Z14,1,0.409563365562
08/14/2022,FEU,Z24,10,0.318635003647
08/14/2022,FEU,Z14,10,0.318635003647
08/14/2022,FEU,Z24,11,0.272276465074
08/14/2022,FEU,Z14,11,0.272276465074
08/14/2022,FEU,Z24,12,0.251905547496
08/14/2022,FEU,Z14,12,0.251905547496
08/14/2022,FEU,Z24,13,0.242151689096
08/14/2022,FEU,Z14,13,0.242151689096
08/14/2022,FEU,Z24,14,0.238515438078
08/14/2022,FEU,Z14,14,0.238515438078
08/14/2022,FEU,Z24,15,0.234080241258
08/14/2022,FEU,Z14,15,0.234080241258
08/14/2022,FEU,Z24,16,0.228388515634
08/14/2022,FEU,Z14,16,0.228388515634
08/14/2022,FEU,Z24,17,0.205975553413
08/14/2022,FEU,Z14,17,0.205975553413
08/14/2022,FEU,Z24,18,0.203606922172
08/14/2022,FEU,Z14,18,0.203606922172
08/14/2022,FEU,Z24,19,0.215805518848
08/14/2022,FEU,Z14,19,0.215805518848
08/14/2022,FEU,Z24,2,0.42605839382
08/14/2022,FEU,Z14,2,0.42605839382
08/14/2022,FEU,Z24,20,0.24127829044
08/14/2022,FEU,Z14,20,0.24127829044
08/14/2022,FEU,Z24,21,0.342791332963
08/14/2022,FEU,Z14,21,0.342791332963
08/14/2022,FEU,Z24,22,0.351016105636
08/14/2022,FEU,Z14,22,0.351016105636
08/14/2022,FEU,Z24,23,0.353885377276
08/14/2022,FEU,Z14,23,0.353885377276
08/14/2022,FEU,Z24,24,0.357484065134
08/14/2022,FEU,Z14,24,0.357484065134
08/14/2022,FEU,Z24,3,0.442611823969
08/14/2022,FEU,Z14,3,0.442611823969
08/14/2022,FEU,Z24,4,0.461412570478
08/14/2022,FEU,Z14,4,0.461412570478
08/14/2022,FEU,Z24,5,0.474793955869
08/14/2022,FEU,Z14,5,0.474793955869
08/14/2022,FEU,Z24,6,0.48167398862
08/14/2022,FEU,Z14,6,0.48167398862
08/14/2022,FEU,Z24,7,0.480807606123
08/14/2022,FEU,Z14,7,0.480807606123
08/14/2022,FEU,Z24,8,0.47021227102
08/14/2022,FEU,Z14,8,0.47021227102
08/14/2022,FEU,Z24,9,0.419846046672
08/14/2022,FEU,Z14,9,0.419846046672
08/15/2022,FEU,Z24,1,0.373763945388
08/15/2022,FEU,Z14,1,0.373763945388
08/15/2022,FEU,Z24,10,0.306523103995
08/15/2022,FEU,Z14,10,0.306523103995
08/15/2022,FEU,Z24,11,0.248871864679
08/15/2022,FEU,Z14,11,0.248871864679
08/15/2022,FEU,Z24,12,0.227744881408
08/15/2022,FEU,Z14,12,0.227744881408
08/15/2022,FEU,Z24,13,0.228984706884
08/15/2022,FEU,Z14,13,0.228984706884
08/15/2022,FEU,Z24,14,0.232231564084
08/15/2022,FEU,Z14,14,0.232231564084
08/15/2022,FEU,Z24,15,0.234068071345
08/15/2022,FEU,Z14,15,0.234068071345
08/15/2022,FEU,Z24,16,0.23932848124
08/15/2022,FEU,Z14,16,0.23932848124
08/15/2022,FEU,Z24,17,0.233390955627
08/15/2022,FEU,Z14,17,0.233390955627
08/15/2022,FEU,Z24,18,0.229693791943
08/15/2022,FEU,Z14,18,0.229693791943
08/15/2022,FEU,Z24,19,0.234305140469
08/15/2022,FEU,Z14,19,0.234305140469
08/15/2022,FEU,Z24,2,0.383328247825
08/15/2022,FEU,Z14,2,0.383328247825
08/15/2022,FEU,Z24,20,0.316254221162
08/15/2022,FEU,Z14,20,0.316254221162
08/15/2022,FEU,Z24,21,0.338240251078
08/15/2022,FEU,Z14,21,0.338240251078
08/15/2022,FEU,Z24,22,0.351896468584
08/15/2022,FEU,Z14,22,0.351896468584
08/15/2022,FEU,Z24,23,0.355055573902
08/15/2022,FEU,Z14,23,0.355055573902
08/15/2022,FEU,Z24,24,0.357520798678
08/15/2022,FEU,Z14,24,0.357520798678
08/15/2022,FEU,Z24,3,0.380506814226
08/15/2022,FEU,Z14,3,0.380506814226
08/15/2022,FEU,Z24,4,0.361661353237
08/15/2022,FEU,Z14,4,0.361661353237
08/15/2022,FEU,Z24,5,0.354254691067
08/15/2022,FEU,Z14,5,0.354254691067
08/15/2022,FEU,Z24,6,0.355462444689
08/15/2022,FEU,Z14,6,0.355462444689
08/15/2022,FEU,Z24,7,0.399478500221
08/15/2022,FEU,Z14,7,0.399478500221
08/15/2022,FEU,Z24,8,0.394996394497
08/15/2022,FEU,Z14,8,0.394996394497
08/15/2022,FEU,Z24,9,0.368285772534
08/15/2022,FEU,Z14,9,0.368285772534
08/16/2022,FEU,Z24,1,0.381712272021
08/16/2022,FEU,Z14,1,0.381712272021
08/16/2022,FEU,Z24,10,0.323340506216
08/16/2022,FEU,Z14,10,0.323340506216
08/16/2022,FEU,Z24,11,0.263615095053
08/16/2022,FEU,Z14,11,0.31156761066
08/16/2022,FEU,Z24,12,0.32233224306
08/16/2022,FEU,Z14,12,0.32233224306
08/16/2022,FEU,Z24,13,0.302972749659
08/16/2022,FEU,Z14,13,0.302972749659
08/16/2022,FEU,Z24,14,0.294612465158
08/16/2022,FEU,Z14,14,0.294612465158
08/16/2022,FEU,Z24,15,0.281239520932
08/16/2022,FEU,Z14,15,0.233361978055
08/16/2022,FEU,Z24,16,0.225322830083
08/16/2022,FEU,Z14,16,0.225322830083
08/16/2022,FEU,Z24,17,0.225416149092
08/16/2022,FEU,Z14,17,0.225416149092
08/16/2022,FEU,Z24,18,0.22674505235
08/16/2022,FEU,Z14,18,0.22674505235
08/16/2022,FEU,Z24,19,0.230671336839
08/16/2022,FEU,Z14,19,0.278546394306
08/16/2022,FEU,Z24,2,0.391214580028
08/16/2022,FEU,Z14,2,0.391214580028
08/16/2022,FEU,Z24,20,0.301602895135
08/16/2022,FEU,Z14,20,0.301602895135
08/16/2022,FEU,Z24,21,0.380511923668
08/16/2022,FEU,Z14,21,0.380511923668
08/16/2022,FEU,Z24,22,0.400312047393
08/16/2022,FEU,Z14,22,0.400312047393
08/16/2022,FEU,Z24,23,0.410741285266
08/16/2022,FEU,Z14,23,0.36222777903
08/16/2022,FEU,Z24,24,0.369058074348
08/16/2022,FEU,Z14,24,0.369058074348
08/16/2022,FEU,Z24,3,0.389631435726
08/16/2022,FEU,Z14,3,0.389631435726
08/16/2022,FEU,Z24,4,0.398971843653
08/16/2022,FEU,Z14,4,0.398971843653
08/16/2022,FEU,Z24,5,0.373031611144
08/16/2022,FEU,Z14,5,0.373031611144
08/16/2022,FEU,Z24,6,0.359242548948
08/16/2022,FEU,Z14,6,0.359242548948
08/16/2022,FEU,Z24,7,0.372063441385
08/16/2022,FEU,Z14,7,0.372063441385
08/16/2022,FEU,Z24,8,0.369869958091
08/16/2022,FEU,Z14,8,0.369869958091
08/16/2022,FEU,Z24,9,0.376681910553
08/16/2022,FEU,Z14,9,0.376681910553
08/17/2022,FEU,Z24,1,0.347192538229
08/17/2022,FEU,Z14,1,0.347192538229
08/17/2022,FEU,Z24,10,0.330043371234
08/17/2022,FEU,Z14,10,0.330043371234
08/17/2022,FEU,Z24,11,0.274327010071
08/17/2022,FEU,Z14,11,0.322525026627
08/17/2022,FEU,Z24,12,0.298867443069
08/17/2022,FEU,Z14,12,0.298867443069
08/17/2022,FEU,Z24,13,0.300633157678
08/17/2022,FEU,Z14,13,0.300633157678
08/17/2022,FEU,Z24,14,0.316343065407
08/17/2022,FEU,Z14,14,0.316343065407
08/17/2022,FEU,Z24,15,0.314488538841
08/17/2022,FEU,Z14,15,0.266523433314
08/17/2022,FEU,Z24,16,0.249127928372
08/17/2022,FEU,Z14,16,0.249127928372
08/17/2022,FEU,Z24,17,0.245620680831
08/17/2022,FEU,Z14,17,0.245620680831
08/17/2022,FEU,Z24,18,0.243464425599
08/17/2022,FEU,Z14,18,0.243464425599
08/17/2022,FEU,Z24,19,0.240988486479
08/17/2022,FEU,Z14,19,0.288890434866
08/17/2022,FEU,Z24,2,0.357344356575
08/17/2022,FEU,Z14,2,0.357344356575
08/17/2022,FEU,Z24,20,0.313820611956
08/17/2022,FEU,Z14,20,0.313820611956
08/17/2022,FEU,Z24,21,0.373714517487
08/17/2022,FEU,Z14,21,0.373714517487
08/17/2022,FEU,Z24,22,0.39434671563
08/17/2022,FEU,Z14,22,0.39434671563
08/17/2022,FEU,Z24,23,0.389958303741
08/17/2022,FEU,Z14,23,0.341512887825
08/17/2022,FEU,Z24,24,0.325299788322
08/17/2022,FEU,Z14,24,0.325299788322
08/17/2022,FEU,Z24,3,0.357401406904
08/17/2022,FEU,Z14,3,0.357401406904
08/17/2022,FEU,Z24,4,0.361320990743
08/17/2022,FEU,Z14,4,0.361320990743
08/17/2022,FEU,Z24,5,0.363330464575
08/17/2022,FEU,Z14,5,0.363330464575
08/17/2022,FEU,Z24,6,0.370375246789
08/17/2022,FEU,Z14,6,0.370375246789
08/17/2022,FEU,Z24,7,0.375047099585
08/17/2022,FEU,Z14,7,0.375047099585
08/17/2022,FEU,Z24,8,0.362734945471
08/17/2022,FEU,Z14,8,0.362734945471
08/17/2022,FEU,Z24,9,0.380788115123
08/17/2022,FEU,Z14,9,0.380788115123
08/18/2022,FEU,Z24,1,0.316772585708
08/18/2022,FEU,Z14,1,0.316772585708
08/18/2022,FEU,Z24,10,0.293448083656
08/18/2022,FEU,Z14,10,0.293448083656
08/18/2022,FEU,Z24,11,0.236917538522
08/18/2022,FEU,Z14,11,0.284983600798
08/18/2022,FEU,Z24,12,0.278520017838
08/18/2022,FEU,Z14,12,0.278520017838
08/18/2022,FEU,Z24,13,0.280881619496
08/18/2022,FEU,Z14,13,0.280881619496
08/18/2022,FEU,Z24,14,0.280288150974
08/18/2022,FEU,Z14,14,0.280288150974
08/18/2022,FEU,Z24,15,0.280489496857
08/18/2022,FEU,Z14,15,0.232432631181
08/18/2022,FEU,Z24,16,0.228660918528
08/18/2022,FEU,Z14,16,0.228660918528
08/18/2022,FEU,Z24,17,0.227416829246
08/18/2022,FEU,Z14,17,0.227416829246
08/18/2022,FEU,Z24,18,0.228288530797
08/18/2022,FEU,Z14,18,0.228288530797
08/18/2022,FEU,Z24,19,0.236795745287
08/18/2022,FEU,Z14,19,0.284871325203
08/18/2022,FEU,Z24,2,0.317629413679
08/18/2022,FEU,Z14,2,0.317629413679
08/18/2022,FEU,Z24,20,0.331925462434
08/18/2022,FEU,Z14,20,0.331925462434
08/18/2022,FEU,Z24,21,0.385631785006
08/18/2022,FEU,Z14,21,0.385631785006
08/18/2022,FEU,Z24,22,0.406794055887
08/18/2022,FEU,Z14,22,0.406794055887
08/18/2022,FEU,Z24,23,0.402165950816
08/18/2022,FEU,Z14,23,0.353403283071
08/18/2022,FEU,Z24,24,0.347974491069
08/18/2022,FEU,Z14,24,0.347974491069
08/18/2022,FEU,Z24,3,0.320452793066
08/18/2022,FEU,Z14,3,0.320452793066
08/18/2022,FEU,Z24,4,0.298230428826
08/18/2022,FEU,Z14,4,0.298230428826
08/18/2022,FEU,Z24,5,0.300296563166
08/18/2022,FEU,Z14,5,0.300296563166
08/18/2022,FEU,Z24,6,0.311095397619
08/18/2022,FEU,Z14,6,0.311095397619
08/18/2022,FEU,Z24,7,0.328137046485
08/18/2022,FEU,Z14,7,0.328137046485
08/18/2022,FEU,Z24,8,0.33241285524
08/18/2022,FEU,Z14,8,0.33241285524
08/18/2022,FEU,Z24,9,0.348582268073
08/18/2022,FEU,Z14,9,0.348582268073
08/19/2022,FEU,Z24,1,0.307312938691
08/19/2022,FEU,Z14,1,0.307312938691
08/19/2022,FEU,Z24,10,0.277867238376
08/19/2022,FEU,Z14,10,0.277867238376
08/19/2022,FEU,Z24,11,0.228728899131
08/19/2022,FEU,Z14,11,0.276590882918
08/19/2022,FEU,Z24,12,0.273598054377
08/19/2022,FEU,Z14,12,0.273598054377
08/19/2022,FEU,Z24,13,0.292776849455
08/19/2022,FEU,Z14,13,0.292776849455
08/19/2022,FEU,Z24,14,0.311070341274
08/19/2022,FEU,Z14,14,0.311070341274
08/19/2022,FEU,Z24,15,0.310715022897
08/19/2022,FEU,Z14,15,0.262553298501
08/19/2022,FEU,Z24,16,0.277038882048
08/19/2022,FEU,Z14,16,0.277038882048
08/19/2022,FEU,Z24,17,0.285340342867
08/19/2022,FEU,Z14,17,0.285340342867
08/19/2022,FEU,Z24,18,0.289305184995
08/19/2022,FEU,Z14,18,0.289305184995
08/19/2022,FEU,Z24,19,0.307861303746
08/19/2022,FEU,Z14,19,0.356182649142
08/19/2022,FEU,Z24,2,0.284463719339
08/19/2022,FEU,Z14,2,0.284463719339
08/19/2022,FEU,Z24,20,0.375133952373
08/19/2022,FEU,Z14,20,0.375133952373
08/19/2022,FEU,Z24,21,0.422134301882
08/19/2022,FEU,Z14,21,0.422134301882
08/19/2022,FEU,Z24,22,0.471302111841
08/19/2022,FEU,Z14,22,0.471302111841
08/19/2022,FEU,Z24,23,0.433644342694
08/19/2022,FEU,Z14,23,0.385050534378
08/19/2022,FEU,Z24,24,0.364553283627
08/19/2022,FEU,Z14,24,0.364553283627
08/19/2022,FEU,Z24,3,0.283388341508
08/19/2022,FEU,Z14,3,0.283388341508
08/19/2022,FEU,Z24,4,0.263460127507
08/19/2022,FEU,Z14,4,0.263460127507
08/19/2022,FEU,Z24,5,0.265940873706
08/19/2022,FEU,Z14,5,0.265940873706
08/19/2022,FEU,Z24,6,0.26876431693
08/19/2022,FEU,Z14,6,0.26876431693
08/19/2022,FEU,Z24,7,0.327861179479
08/19/2022,FEU,Z14,7,0.327861179479
08/19/2022,FEU,Z24,8,0.332056024253
08/19/2022,FEU,Z14,8,0.332056024253
08/19/2022,FEU,Z24,9,0.344009195895
08/19/2022,FEU,Z14,9,0.344009195895
08/20/2022,FEU,Z24,1,0.392175098832
08/20/2022,FEU,Z14,1,0.392175098832
08/20/2022,FEU,Z24,10,0.367760932297
08/20/2022,FEU,Z14,10,0.367760932297
08/20/2022,FEU,Z24,11,0.321964359855
08/20/2022,FEU,Z14,11,0.321964359855
08/20/2022,FEU,Z24,12,0.300287257298
08/20/2022,FEU,Z14,12,0.300287257298
08/20/2022,FEU,Z24,13,0.300803363947
08/20/2022,FEU,Z14,13,0.300803363947
08/20/2022,FEU,Z24,14,0.308847766555
08/20/2022,FEU,Z14,14,0.308847766555
08/20/2022,FEU,Z24,15,0.297330192143
08/20/2022,FEU,Z14,15,0.297330192143
08/20/2022,FEU,Z24,16,0.278246015488
08/20/2022,FEU,Z14,16,0.278246015488
08/20/2022,FEU,Z24,17,0.261313704626
08/20/2022,FEU,Z14,17,0.261313704626
08/20/2022,FEU,Z24,18,0.267539957183
08/20/2022,FEU,Z14,18,0.267539957183
08/20/2022,FEU,Z24,19,0.305743345751
08/20/2022,FEU,Z14,19,0.305743345751
08/20/2022,FEU,Z24,2,0.398680693919
08/20/2022,FEU,Z14,2,0.398680693919
08/20/2022,FEU,Z24,20,0.347494999152
08/20/2022,FEU,Z14,20,0.347494999152
08/20/2022,FEU,Z24,21,0.373446168282
08/20/2022,FEU,Z14,21,0.373446168282
08/20/2022,FEU,Z24,22,0.427856577113
08/20/2022,FEU,Z14,22,0.427856577113
08/20/2022,FEU,Z24,23,0.425407147502
08/20/2022,FEU,Z14,23,0.425407147502
08/20/2022,FEU,Z24,24,0.396851304958
08/20/2022,FEU,Z14,24,0.396851304958
08/20/2022,FEU,Z24,3,0.423757386828
08/20/2022,FEU,Z14,3,0.423757386828
08/20/2022,FEU,Z24,4,0.436895590867
08/20/2022,FEU,Z14,4,0.436895590867
08/20/2022,FEU,Z24,5,0.447816448886
08/20/2022,FEU,Z14,5,0.447816448886
08/20/2022,FEU,Z24,6,0.456074117407
08/20/2022,FEU,Z14,6,0.456074117407
08/20/2022,FEU,Z24,7,0.451551894289
08/20/2022,FEU,Z14,7,0.451551894289
08/20/2022,FEU,Z24,8,0.449815001948
08/20/2022,FEU,Z14,8,0.449815001948
08/20/2022,FEU,Z24,9,0.421281405334
08/20/2022,FEU,Z14,9,0.421281405334
08/21/2022,FEU,Z24,1,0.450704238082
08/21/2022,FEU,Z14,1,0.450704238082
08/21/2022,FEU,Z24,10,0.381302017957
08/21/2022,FEU,Z14,10,0.381302017957
08/21/2022,FEU,Z24,11,0.295104349594
08/21/2022,FEU,Z14,11,0.295104349594
08/21/2022,FEU,Z24,12,0.240385925096
08/21/2022,FEU,Z14,12,0.240385925096
08/21/2022,FEU,Z24,13,0.231910074856
08/21/2022,FEU,Z14,13,0.231910074856
08/21/2022,FEU,Z24,14,0.228723187778
08/21/2022,FEU,Z14,14,0.228723187778
08/21/2022,FEU,Z24,15,0.213780277658
08/21/2022,FEU,Z14,15,0.213780277658
08/21/2022,FEU,Z24,16,0.194453003194
08/21/2022,FEU,Z14,16,0.194453003194
08/21/2022,FEU,Z24,17,0.181033350213
08/21/2022,FEU,Z14,17,0.181033350213
08/21/2022,FEU,Z24,18,0.125371112492
08/21/2022,FEU,Z14,18,0.125371112492
08/21/2022,FEU,Z24,19,0.176017639168
08/21/2022,FEU,Z14,19,0.176017639168
08/21/2022,FEU,Z24,2,0.46110942062
08/21/2022,FEU,Z14,2,0.46110942062
08/21/2022,FEU,Z24,20,0.21377283444
08/21/2022,FEU,Z14,20,0.21377283444
08/21/2022,FEU,Z24,21,0.305529664813
08/21/2022,FEU,Z14,21,0.305529664813
08/21/2022,FEU,Z24,22,0.347222303716
08/21/2022,FEU,Z14,22,0.347222303716
08/21/2022,FEU,Z24,23,0.346120624276
08/21/2022,FEU,Z14,23,0.346120624276
08/21/2022,FEU,Z24,24,0.354172298654
08/21/2022,FEU,Z14,24,0.354172298654
08/21/2022,FEU,Z24,3,0.471990002049
08/21/2022,FEU,Z14,3,0.471990002049
08/21/2022,FEU,Z24,4,0.483934764898
08/21/2022,FEU,Z14,4,0.483934764898
08/21/2022,FEU,Z24,5,0.496412243539
08/21/2022,FEU,Z14,5,0.496412243539
08/21/2022,FEU,Z24,6,0.50329046762
08/21/2022,FEU,Z14,6,0.50329046762
08/21/2022,FEU,Z24,7,0.497506175923
08/21/2022,FEU,Z14,7,0.497506175923
08/21/2022,FEU,Z24,8,0.50533990342
08/21/2022,FEU,Z14,8,0.50533990342
08/21/2022,FEU,Z24,9,0.479309966192
08/21/2022,FEU,Z14,9,0.479309966192
08/22/2022,FEU,Z24,1,0.401813706277
08/22/2022,FEU,Z14,1,0.401813706277
08/22/2022,FEU,Z24,10,0.370581054537
08/22/2022,FEU,Z14,10,0.370581054537
08/22/2022,FEU,Z24,11,0.308621753424
08/22/2022,FEU,Z14,11,0.35694028326
08/22/2022,FEU,Z24,12,0.329808791261
08/22/2022,FEU,Z14,12,0.329808791261
08/22/2022,FEU,Z24,13,0.332303019021
08/22/2022,FEU,Z14,13,0.332303019021
08/22/2022,FEU,Z24,14,0.36293352546
08/22/2022,FEU,Z14,14,0.36293352546
08/22/2022,FEU,Z24,15,0.361153062474
08/22/2022,FEU,Z14,15,0.313067820567
08/22/2022,FEU,Z24,16,0.292519997133
08/22/2022,FEU,Z14,16,0.292519997133
08/22/2022,FEU,Z24,17,0.291784967972
08/22/2022,FEU,Z14,17,0.291784967972
08/22/2022,FEU,Z24,18,0.291928031732
08/22/2022,FEU,Z14,18,0.291928031732
08/22/2022,FEU,Z24,19,0.333009464292
08/22/2022,FEU,Z14,19,0.381149670129
08/22/2022,FEU,Z24,2,0.397300934824
08/22/2022,FEU,Z14,2,0.397300934824
08/22/2022,FEU,Z24,20,0.430340541361
08/22/2022,FEU,Z14,20,0.430340541361
08/22/2022,FEU,Z24,21,0.465307273241
08/22/2022,FEU,Z14,21,0.465307273241
08/22/2022,FEU,Z24,22,0.496394950143
08/22/2022,FEU,Z14,22,0.496394950143
08/22/2022,FEU,Z24,23,0.480897759902
08/22/2022,FEU,Z14,23,0.432145038466
08/22/2022,FEU,Z24,24,0.418760494202
08/22/2022,FEU,Z14,24,0.418760494202
08/22/2022,FEU,Z24,3,0.387736841341
08/22/2022,FEU,Z14,3,0.387736841341
08/22/2022,FEU,Z24,4,0.373297685518
08/22/2022,FEU,Z14,4,0.373297685518
08/22/2022,FEU,Z24,5,0.371717941079
08/22/2022,FEU,Z14,5,0.371717941079
08/22/2022,FEU,Z24,6,0.380877165784
08/22/2022,FEU,Z14,6,0.380877165784
08/22/2022,FEU,Z24,7,0.406071734236
08/22/2022,FEU,Z14,7,0.406071734236
08/22/2022,FEU,Z24,8,0.415387689611
08/22/2022,FEU,Z14,8,0.415387689611
08/22/2022,FEU,Z24,9,0.419592391364
08/22/2022,FEU,Z14,9,0.419592391364
08/23/2022,FEU,Z24,1,0.471276013631
08/23/2022,FEU,Z14,1,0.471276013631
08/23/2022,FEU,Z24,10,0.423964012056
08/23/2022,FEU,Z14,10,0.423964012056
08/23/2022,FEU,Z24,11,0.408302154003
08/23/2022,FEU,Z14,11,0.45663528966
08/23/2022,FEU,Z24,12,0.45259243926
08/23/2022,FEU,Z14,12,0.45259243926
08/23/2022,FEU,Z24,13,0.460453786449
08/23/2022,FEU,Z14,13,0.460453786449
08/23/2022,FEU,Z24,14,0.478862048538
08/23/2022,FEU,Z14,14,0.478862048538
08/23/2022,FEU,Z24,15,0.483061938932
08/23/2022,FEU,Z14,15,0.434655840555
08/23/2022,FEU,Z24,16,0.430927649823
08/23/2022,FEU,Z14,16,0.430927649823
08/23/2022,FEU,Z24,17,0.423296048092
08/23/2022,FEU,Z14,17,0.423296048092
08/23/2022,FEU,Z24,18,0.43101891985
08/23/2022,FEU,Z14,18,0.43101891985
08/23/2022,FEU,Z24,19,0.460570983389
08/23/2022,FEU,Z14,19,0.509046412006
08/23/2022,FEU,Z24,2,0.466708104468
08/23/2022,FEU,Z14,2,0.466708104468
08/23/2022,FEU,Z24,20,0.552524695935
08/23/2022,FEU,Z14,20,0.552524695935
08/23/2022,FEU,Z24,21,0.597332685468
08/23/2022,FEU,Z14,21,0.597332685468
08/23/2022,FEU,Z24,22,0.610310441463
08/23/2022,FEU,Z14,22,0.610310441463
08/23/2022,FEU,Z24,23,0.615418699346
08/23/2022,FEU,Z14,23,0.56620782543
08/23/2022,FEU,Z24,24,0.575427819148
08/23/2022,FEU,Z14,24,0.575427819148
08/23/2022,FEU,Z24,3,0.450712812546
08/23/2022,FEU,Z14,3,0.450712812546
08/23/2022,FEU,Z24,4,0.466298409333
08/23/2022,FEU,Z14,4,0.466298409333
08/23/2022,FEU,Z24,5,0.476467396744
08/23/2022,FEU,Z14,5,0.476467396744
08/23/2022,FEU,Z24,6,0.486071513428
08/23/2022,FEU,Z14,6,0.486071513428
08/23/2022,FEU,Z24,7,0.504329933935
08/23/2022,FEU,Z14,7,0.504329933935
08/23/2022,FEU,Z24,8,0.490667903681
08/23/2022,FEU,Z14,8,0.490667903681
08/23/2022,FEU,Z24,9,0.498840573803
08/23/2022,FEU,Z14,9,0.498840573803
08/24/2022,FEU,Z24,1,0.617496049079
08/24/2022,FEU,Z14,1,0.617496049079
08/24/2022,FEU,Z24,10,0.558552619734
08/24/2022,FEU,Z14,10,0.558552619734
08/24/2022,FEU,Z24,11,0.462441345621
08/24/2022,FEU,Z14,11,0.511299991977
08/24/2022,FEU,Z24,12,0.493357875989
08/24/2022,FEU,Z14,12,0.493357875989
08/24/2022,FEU,Z24,13,0.484420276738
08/24/2022,FEU,Z14,13,0.484420276738
08/24/2022,FEU,Z24,14,0.487580970327
08/24/2022,FEU,Z14,14,0.487580970327
08/24/2022,FEU,Z24,15,0.475107501621
08/24/2022,FEU,Z14,15,0.426723025434
08/24/2022,FEU,Z24,16,0.418283363492
08/24/2022,FEU,Z14,16,0.418283363492
08/24/2022,FEU,Z24,17,0.422177434101
08/24/2022,FEU,Z14,17,0.422177434101
08/24/2022,FEU,Z24,18,0.430629583009
08/24/2022,FEU,Z14,18,0.430629583009
08/24/2022,FEU,Z24,19,0.446825925549
08/24/2022,FEU,Z14,19,0.495264374646
08/24/2022,FEU,Z24,2,0.640047864325
08/24/2022,FEU,Z14,2,0.640047864325
08/24/2022,FEU,Z24,20,0.579648145836
08/24/2022,FEU,Z14,20,0.579648145836
08/24/2022,FEU,Z24,21,0.614081853507
08/24/2022,FEU,Z14,21,0.614081853507
08/24/2022,FEU,Z24,22,0.62596527423
08/24/2022,FEU,Z14,22,0.62596527423
08/24/2022,FEU,Z24,23,0.632258614131
08/24/2022,FEU,Z14,23,0.582992319575
08/24/2022,FEU,Z24,24,0.617246437982
08/24/2022,FEU,Z14,24,0.617246437982
08/24/2022,FEU,Z24,3,0.670256602984
08/24/2022,FEU,Z14,3,0.670256602984
08/24/2022,FEU,Z24,4,0.683635755383
08/24/2022,FEU,Z14,4,0.683635755383
08/24/2022,FEU,Z24,5,0.692879365825
08/24/2022,FEU,Z14,5,0.692879365825
08/24/2022,FEU,Z24,6,0.681870275199
08/24/2022,FEU,Z14,6,0.681870275199
08/24/2022,FEU,Z24,7,0.624350435785
08/24/2022,FEU,Z14,7,0.624350435785
08/24/2022,FEU,Z24,8,0.624824541221
08/24/2022,FEU,Z14,8,0.624824541221
08/24/2022,FEU,Z24,9,0.623244048453
08/24/2022,FEU,Z14,9,0.623244048453
08/25/2022,FEU,Z24,1,0.599660722068
08/25/2022,FEU,Z14,1,0.599660722068
08/25/2022,FEU,Z24,10,0.507103399816
08/25/2022,FEU,Z14,10,0.507103399816
08/25/2022,FEU,Z24,11,0.419325259762
08/25/2022,FEU,Z14,11,0.468032473958
08/25/2022,FEU,Z24,12,0.448586589318
08/25/2022,FEU,Z14,12,0.448586589318
08/25/2022,FEU,Z24,13,0.437525707096
08/25/2022,FEU,Z14,13,0.437525707096
08/25/2022,FEU,Z24,14,0.441101024994
08/25/2022,FEU,Z14,14,0.441101024994
08/25/2022,FEU,Z24,15,0.429839985097
08/25/2022,FEU,Z14,15,0.381264991101
08/25/2022,FEU,Z24,16,0.379795335168
08/25/2022,FEU,Z14,16,0.379795335168
08/25/2022,FEU,Z24,17,0.372964086806
08/25/2022,FEU,Z14,17,0.372964086806
08/25/2022,FEU,Z24,18,0.374992976277
08/25/2022,FEU,Z14,18,0.374992976277
08/25/2022,FEU,Z24,19,0.386121905227
08/25/2022,FEU,Z14,19,0.434714372063
08/25/2022,FEU,Z24,2,0.567867909789
08/25/2022,FEU,Z14,2,0.567867909789
08/25/2022,FEU,Z24,20,0.456424576074
08/25/2022,FEU,Z14,20,0.456424576074
08/25/2022,FEU,Z24,21,0.532992499806
08/25/2022,FEU,Z14,21,0.532992499806
08/25/2022,FEU,Z24,22,0.534141035487
08/25/2022,FEU,Z14,22,0.534141035487
08/25/2022,FEU,Z24,23,0.541263999456
08/25/2022,FEU,Z14,23,0.491912745411
08/25/2022,FEU,Z24,24,0.480146991819
08/25/2022,FEU,Z14,24,0.480146991819
08/25/2022,FEU,Z24,3,0.594335816586
08/25/2022,FEU,Z14,3,0.594335816586
08/25/2022,FEU,Z24,4,0.599855765006
08/25/2022,FEU,Z14,4,0.599855765006
08/25/2022,FEU,Z24,5,0.603084206306
08/25/2022,FEU,Z14,5,0.603084206306
08/25/2022,FEU,Z24,6,0.594218220189
08/25/2022,FEU,Z14,6,0.594218220189
08/25/2022,FEU,Z24,7,0.570113744285
08/25/2022,FEU,Z14,7,0.570113744285
08/25/2022,FEU,Z24,8,0.57301319964
08/25/2022,FEU,Z14,8,0.57301319964
08/25/2022,FEU,Z24,9,0.560841218743
08/25/2022,FEU,Z14,9,0.560841218743
08/26/2022,FEU,Z24,1,0.472037418401
08/26/2022,FEU,Z14,1,0.472037418401
08/26/2022,FEU,Z24,10,0.358927177336
08/26/2022,FEU,Z14,10,0.358927177336
08/26/2022,FEU,Z24,11,0.325968484161
08/26/2022,FEU,Z14,11,0.374085444258
08/26/2022,FEU,Z24,12,0.373057399527
08/26/2022,FEU,Z14,12,0.373057399527
08/26/2022,FEU,Z24,13,0.390253756605
08/26/2022,FEU,Z14,13,0.390253756605
08/26/2022,FEU,Z24,14,0.457332820014
08/26/2022,FEU,Z14,14,0.457332820014
08/26/2022,FEU,Z24,15,0.458999631817
08/26/2022,FEU,Z14,15,0.410323476861
08/26/2022,FEU,Z24,16,0.416646916608
08/26/2022,FEU,Z14,16,0.416646916608
08/26/2022,FEU,Z24,17,0.426192344827
08/26/2022,FEU,Z14,17,0.426192344827
08/26/2022,FEU,Z24,18,0.426732132345
08/26/2022,FEU,Z14,18,0.426732132345
08/26/2022,FEU,Z24,19,0.434129017966
08/26/2022,FEU,Z14,19,0.482888033082
08/26/2022,FEU,Z24,2,0.419634368849
08/26/2022,FEU,Z14,2,0.419634368849
08/26/2022,FEU,Z24,20,0.502505595543
08/26/2022,FEU,Z14,20,0.502505595543
08/26/2022,FEU,Z24,21,0.526739323622
08/26/2022,FEU,Z14,21,0.526739323622
08/26/2022,FEU,Z24,22,0.548290128021
08/26/2022,FEU,Z14,22,0.548290128021
08/26/2022,FEU,Z24,23,0.549808690074
08/26/2022,FEU,Z14,23,0.500821914438
08/26/2022,FEU,Z24,24,0.504723144367
08/26/2022,FEU,Z14,24,0.504723144367
08/26/2022,FEU,Z24,3,0.413051459828
08/26/2022,FEU,Z14,3,0.413051459828
08/26/2022,FEU,Z24,4,0.413833014997
08/26/2022,FEU,Z14,4,0.413833014997
08/26/2022,FEU,Z24,5,0.413780697906
08/26/2022,FEU,Z14,5,0.413780697906
08/26/2022,FEU,Z24,6,0.41710770433
08/26/2022,FEU,Z14,6,0.41710770433
08/26/2022,FEU,Z24,7,0.407810251729
08/26/2022,FEU,Z14,7,0.407810251729
08/26/2022,FEU,Z24,8,0.446353323733
08/26/2022,FEU,Z14,8,0.446353323733
08/26/2022,FEU,Z24,9,0.424280656395
08/26/2022,FEU,Z14,9,0.424280656395
08/27/2022,FEU,Z24,1,0.492815047952
08/27/2022,FEU,Z14,1,0.492815047952
08/27/2022,FEU,Z24,10,0.445720519977
08/27/2022,FEU,Z14,10,0.445720519977
08/27/2022,FEU,Z24,11,0.405175654755
08/27/2022,FEU,Z14,11,0.405175654755
08/27/2022,FEU,Z24,12,0.389125173138
08/27/2022,FEU,Z14,12,0.389125173138
08/27/2022,FEU,Z24,13,0.381831754087
08/27/2022,FEU,Z14,13,0.381831754087
08/27/2022,FEU,Z24,14,0.381229777405
08/27/2022,FEU,Z14,14,0.381229777405
08/27/2022,FEU,Z24,15,0.385120344853
08/27/2022,FEU,Z14,15,0.385120344853
08/27/2022,FEU,Z24,16,0.391415465728
08/27/2022,FEU,Z14,16,0.391415465728
08/27/2022,FEU,Z24,17,0.400214337626
08/27/2022,FEU,Z14,17,0.400214337626
08/27/2022,FEU,Z24,18,0.407640092163
08/27/2022,FEU,Z14,18,0.407640092163
08/27/2022,FEU,Z24,19,0.414833594891
08/27/2022,FEU,Z14,19,0.414833594891
08/27/2022,FEU,Z24,2,0.497345289619
08/27/2022,FEU,Z14,2,0.497345289619
08/27/2022,FEU,Z24,20,0.491039232432
08/27/2022,FEU,Z14,20,0.491039232432
08/27/2022,FEU,Z24,21,0.544132890582
08/27/2022,FEU,Z14,21,0.544132890582
08/27/2022,FEU,Z24,22,0.555799125363
08/27/2022,FEU,Z14,22,0.555799125363
08/27/2022,FEU,Z24,23,0.563931996002
08/27/2022,FEU,Z14,23,0.563931996002
08/27/2022,FEU,Z24,24,0.581636639098
08/27/2022,FEU,Z14,24,0.581636639098
08/27/2022,FEU,Z24,3,0.494443636828
08/27/2022,FEU,Z14,3,0.494443636828
08/27/2022,FEU,Z24,4,0.508859856397
08/27/2022,FEU,Z14,4,0.508859856397
08/27/2022,FEU,Z24,5,0.531017089266
08/27/2022,FEU,Z14,5,0.531017089266
08/27/2022,FEU,Z24,6,0.553118073067
08/27/2022,FEU,Z14,6,0.553118073067
08/27/2022,FEU,Z24,7,0.568162697329
08/27/2022,FEU,Z14,7,0.568162697329
08/27/2022,FEU,Z24,8,0.557062565468
08/27/2022,FEU,Z14,8,0.557062565468
08/27/2022,FEU,Z24,9,0.507937032854
08/27/2022,FEU,Z14,9,0.507937032854
08/28/2022,FEU,Z24,1,0.583669409562
08/28/2022,FEU,Z14,1,0.583669409562
08/28/2022,FEU,Z24,10,0.479592373927
08/28/2022,FEU,Z14,10,0.479592373927
08/28/2022,FEU,Z24,11,0.349797921574
08/28/2022,FEU,Z14,11,0.349797921574
08/28/2022,FEU,Z24,12,0.292371595976
08/28/2022,FEU,Z14,12,0.292371595976
08/28/2022,FEU,Z24,13,0.298971675176
08/28/2022,FEU,Z14,13,0.298971675176
08/28/2022,FEU,Z24,14,0.300950610838
08/28/2022,FEU,Z14,14,0.300950610838
08/28/2022,FEU,Z24,15,0.295329218618
08/28/2022,FEU,Z14,15,0.295329218618
08/28/2022,FEU,Z24,16,0.304974561094
08/28/2022,FEU,Z14,16,0.304974561094
08/28/2022,FEU,Z24,17,0.309964970643
08/28/2022,FEU,Z14,17,0.309964970643
08/28/2022,FEU,Z24,18,0.347722319052
08/28/2022,FEU,Z14,18,0.347722319052
08/28/2022,FEU,Z24,19,0.381394448128
08/28/2022,FEU,Z14,19,0.381394448128
08/28/2022,FEU,Z24,2,0.62071419102
08/28/2022,FEU,Z14,2,0.62071419102
08/28/2022,FEU,Z24,20,0.42288777444
08/28/2022,FEU,Z14,20,0.42288777444
08/28/2022,FEU,Z24,21,0.532402400413
08/28/2022,FEU,Z14,21,0.532402400413
08/28/2022,FEU,Z24,22,0.517706853676
08/28/2022,FEU,Z14,22,0.517706853676
08/28/2022,FEU,Z24,23,0.522586877116
08/28/2022,FEU,Z14,23,0.522586877116
08/28/2022,FEU,Z24,24,0.548785382594
08/28/2022,FEU,Z14,24,0.548785382594
08/28/2022,FEU,Z24,3,0.630152025769
08/28/2022,FEU,Z14,3,0.630152025769
08/28/2022,FEU,Z24,4,0.643313540938
08/28/2022,FEU,Z14,4,0.643313540938
08/28/2022,FEU,Z24,5,0.648317234779
08/28/2022,FEU,Z14,5,0.648317234779
08/28/2022,FEU,Z24,6,0.65828275962
08/28/2022,FEU,Z14,6,0.65828275962
08/28/2022,FEU,Z24,7,0.665186974813
08/28/2022,FEU,Z14,7,0.665186974813
08/28/2022,FEU,Z24,8,0.60353000442
08/28/2022,FEU,Z14,8,0.60353000442
08/28/2022,FEU,Z24,9,0.558464660432
08/28/2022,FEU,Z14,9,0.558464660432
08/29/2022,FEU,Z24,1,0.596891465377
08/29/2022,FEU,Z14,1,0.596891465377
08/29/2022,FEU,Z24,10,0.556323377997
08/29/2022,FEU,Z14,10,0.556323377997
08/29/2022,FEU,Z24,11,0.500516372944
08/29/2022,FEU,Z14,11,0.54950944806
08/29/2022,FEU,Z24,12,0.499769699251
08/29/2022,FEU,Z14,12,0.499769699251
08/29/2022,FEU,Z24,13,0.471010962961
08/29/2022,FEU,Z14,13,0.471010962961
08/29/2022,FEU,Z24,14,0.44477943786
08/29/2022,FEU,Z14,14,0.44477943786
08/29/2022,FEU,Z24,15,0.436543761174
08/29/2022,FEU,Z14,15,0.388261161417
08/29/2022,FEU,Z24,16,0.382988589833
08/29/2022,FEU,Z14,16,0.382988589833
08/29/2022,FEU,Z24,17,0.389992992852
08/29/2022,FEU,Z14,17,0.389992992852
08/29/2022,FEU,Z24,18,0.402109696612
08/29/2022,FEU,Z14,18,0.402109696612
08/29/2022,FEU,Z24,19,0.460868480892
08/29/2022,FEU,Z14,19,0.509342813079
08/29/2022,FEU,Z24,2,0.602589186664
08/29/2022,FEU,Z14,2,0.602589186664
08/29/2022,FEU,Z24,20,0.589366351861
08/29/2022,FEU,Z14,20,0.589366351861
08/29/2022,FEU,Z24,21,0.625608385541
08/29/2022,FEU,Z14,21,0.625608385541
08/29/2022,FEU,Z24,22,0.644202198723
08/29/2022,FEU,Z14,22,0.644202198723
08/29/2022,FEU,Z24,23,0.655310590442
08/29/2022,FEU,Z14,23,0.605965635286
08/29/2022,FEU,Z24,24,0.624504885242
08/29/2022,FEU,Z14,24,0.624504885242
08/29/2022,FEU,Z24,3,0.582706939501
08/29/2022,FEU,Z14,3,0.582706939501
08/29/2022,FEU,Z24,4,0.567130780498
08/29/2022,FEU,Z14,4,0.567130780498
08/29/2022,FEU,Z24,5,0.597429043109
08/29/2022,FEU,Z14,5,0.597429043109
08/29/2022,FEU,Z24,6,0.608113352584
08/29/2022,FEU,Z14,6,0.608113352584
08/29/2022,FEU,Z24,7,0.612666881596
08/29/2022,FEU,Z14,7,0.612666881596
08/29/2022,FEU,Z24,8,0.601670943241
08/29/2022,FEU,Z14,8,0.601670943241
08/29/2022,FEU,Z24,9,0.605975889764
08/29/2022,FEU,Z14,9,0.605975889764
08/30/2022,FEU,Z24,1,0.643844763901
08/30/2022,FEU,Z14,1,0.643844763901
08/30/2022,FEU,Z24,10,0.577855143736
08/30/2022,FEU,Z14,10,0.577855143736
08/30/2022,FEU,Z24,11,0.523382710773
08/30/2022,FEU,Z14,11,0.57202062906
08/30/2022,FEU,Z24,12,0.54082618206
08/30/2022,FEU,Z14,12,0.54082618206
08/30/2022,FEU,Z24,13,0.518415331349
08/30/2022,FEU,Z14,13,0.518415331349
08/30/2022,FEU,Z24,14,0.509502045578
08/30/2022,FEU,Z14,14,0.509502045578
08/30/2022,FEU,Z24,15,0.499086124732
08/30/2022,FEU,Z14,15,0.450639296305
08/30/2022,FEU,Z24,16,0.433223278563
08/30/2022,FEU,Z14,16,0.433223278563
08/30/2022,FEU,Z24,17,0.437180396332
08/30/2022,FEU,Z14,17,0.437180396332
08/30/2022,FEU,Z24,18,0.45593299135
08/30/2022,FEU,Z14,18,0.45593299135
08/30/2022,FEU,Z24,19,0.479571357599
08/30/2022,FEU,Z14,19,0.528095155346
08/30/2022,FEU,Z24,2,0.669872253468
08/30/2022,FEU,Z14,2,0.669872253468
08/30/2022,FEU,Z24,20,0.590857634585
08/30/2022,FEU,Z14,20,0.590857634585
08/30/2022,FEU,Z24,21,0.627867364028
08/30/2022,FEU,Z14,21,0.627867364028
08/30/2022,FEU,Z24,22,0.623519130963
08/30/2022,FEU,Z14,22,0.623519130963
08/30/2022,FEU,Z24,23,0.642571159186
08/30/2022,FEU,Z14,23,0.59326777263
08/30/2022,FEU,Z24,24,0.623325115148
08/30/2022,FEU,Z14,24,0.623325115148
08/30/2022,FEU,Z24,3,0.687881357546
08/30/2022,FEU,Z14,3,0.687881357546
08/30/2022,FEU,Z24,4,0.699733078273
08/30/2022,FEU,Z14,4,0.699733078273
08/30/2022,FEU,Z24,5,0.712597718584
08/30/2022,FEU,Z14,5,0.712597718584
08/30/2022,FEU,Z24,6,0.697441572788
08/30/2022,FEU,Z14,6,0.697441572788
08/30/2022,FEU,Z24,7,0.665756271635
08/30/2022,FEU,Z14,7,0.665756271635
08/30/2022,FEU,Z24,8,0.637565972951
08/30/2022,FEU,Z14,8,0.637565972951
08/30/2022,FEU,Z24,9,0.637654032223
08/30/2022,FEU,Z14,9,0.637654032223
08/31/2022,FEU,Z24,1,0.660890849979
08/31/2022,FEU,Z14,1,0.660890849979
08/31/2022,FEU,Z24,10,0.618377910954
08/31/2022,FEU,Z14,10,0.618377910954
08/31/2022,FEU,Z24,11,0.549676330521
08/31/2022,FEU,Z14,11,0.598841333277
08/31/2022,FEU,Z24,12,0.550295407619
08/31/2022,FEU,Z14,12,0.550295407619
08/31/2022,FEU,Z24,13,0.533956239738
08/31/2022,FEU,Z14,13,0.533956239738
08/31/2022,FEU,Z24,14,0.531768378777
08/31/2022,FEU,Z14,14,0.531768378777
08/31/2022,FEU,Z24,15,0.531277067511
08/31/2022,FEU,Z14,15,0.482745934494
08/31/2022,FEU,Z24,16,0.486755295412
08/31/2022,FEU,Z14,16,0.486755295412
08/31/2022,FEU,Z24,17,0.488549821251
08/31/2022,FEU,Z14,17,0.488549821251
08/31/2022,FEU,Z24,18,0.492969757259
08/31/2022,FEU,Z14,18,0.492969757259
08/31/2022,FEU,Z24,19,0.501431276209
08/31/2022,FEU,Z14,19,0.550012050286
08/31/2022,FEU,Z24,2,0.679884453325
08/31/2022,FEU,Z14,2,0.679884453325
08/31/2022,FEU,Z24,20,0.597443633916
08/31/2022,FEU,Z14,20,0.597443633916
08/31/2022,FEU,Z24,21,0.658672615677
08/31/2022,FEU,Z14,21,0.658672615677
08/31/2022,FEU,Z24,22,0.65564432493
08/31/2022,FEU,Z14,22,0.65564432493
08/31/2022,FEU,Z24,23,0.662123179311
08/31/2022,FEU,Z14,23,0.612755563075
08/31/2022,FEU,Z24,24,0.618731483682
08/31/2022,FEU,Z14,24,0.618731483682
08/31/2022,FEU,Z24,3,0.680756107384
08/31/2022,FEU,Z14,3,0.680756107384
08/31/2022,FEU,Z24,4,0.688418330103
08/31/2022,FEU,Z14,4,0.688418330103
08/31/2022,FEU,Z24,5,0.697535632325
08/31/2022,FEU,Z14,5,0.697535632325
08/31/2022,FEU,Z24,6,0.706279243249
08/31/2022,FEU,Z14,6,0.706279243249
08/31/2022,FEU,Z24,7,0.679975527685
08/31/2022,FEU,Z14,7,0.679975527685
08/31/2022,FEU,Z24,8,0.681142043361
08/31/2022,FEU,Z14,8,0.681142043361
08/31/2022,FEU,Z24,9,0.670336007913
08/31/2022,FEU,Z14,9,0.670336007913
09/01/2022,FEU,Z24,1,0.589698317017
09/01/2022,FEU,Z14,1,0.589698317017
09/01/2022,FEU,Z24,10,0.598127658153
09/01/2022,FEU,Z14,10,0.598127658153
09/01/2022,FEU,Z24,11,0.540797203708
09/01/2022,FEU,Z14,11,0.589479796315
09/01/2022,FEU,Z24,12,0.549837674015
09/01/2022,FEU,Z14,12,0.549837674015
09/01/2022,FEU,Z24,13,0.534352097215
09/01/2022,FEU,Z14,13,0.534352097215
09/01/2022,FEU,Z24,14,0.527361411348
09/01/2022,FEU,Z14,14,0.527361411348
09/01/2022,FEU,Z24,15,0.513183598115
09/01/2022,FEU,Z14,15,0.464701537468
09/01/2022,FEU,Z24,16,0.437939340765
09/01/2022,FEU,Z14,16,0.437939340765
09/01/2022,FEU,Z24,17,0.444398893422
09/01/2022,FEU,Z14,17,0.444398893422
09/01/2022,FEU,Z24,18,0.455917058002
09/01/2022,FEU,Z14,18,0.455917058002
09/01/2022,FEU,Z24,19,0.490599280862
09/01/2022,FEU,Z14,19,0.539150849859
09/01/2022,FEU,Z24,2,0.60366262684
09/01/2022,FEU,Z14,2,0.60366262684
09/01/2022,FEU,Z24,20,0.603163450673
09/01/2022,FEU,Z14,20,0.603163450673
09/01/2022,FEU,Z24,21,0.627871954616
09/01/2022,FEU,Z14,21,0.627871954616
09/01/2022,FEU,Z24,22,0.64845088026
09/01/2022,FEU,Z14,22,0.64845088026
09/01/2022,FEU,Z24,23,0.646835364081
09/01/2022,FEU,Z14,23,0.598002512274
09/01/2022,FEU,Z24,24,0.59646108235
09/01/2022,FEU,Z14,24,0.59646108235
09/01/2022,FEU,Z24,3,0.615709211385
09/01/2022,FEU,Z14,3,0.615709211385
09/01/2022,FEU,Z24,4,0.628068555793
09/01/2022,FEU,Z14,4,0.628068555793
09/01/2022,FEU,Z24,5,0.647942978714
09/01/2022,FEU,Z14,5,0.647942978714
09/01/2022,FEU,Z24,6,0.660169412458
09/01/2022,FEU,Z14,6,0.660169412458
09/01/2022,FEU,Z24,7,0.646150786048
09/01/2022,FEU,Z14,7,0.646150786048
09/01/2022,FEU,Z24,8,0.637394971105
09/01/2022,FEU,Z14,8,0.637394971105
09/01/2022,FEU,Z24,9,0.640187462555
09/01/2022,FEU,Z14,9,0.640187462555
09/02/2022,FEU,Z24,1,0.494160497655
09/02/2022,FEU,Z14,1,0.494160497655
09/02/2022,FEU,Z24,10,0.516376369222
09/02/2022,FEU,Z14,10,0.516376369222
09/02/2022,FEU,Z24,11,0.444942761507
09/02/2022,FEU,Z14,11,0.493371569744
09/02/2022,FEU,Z24,12,0.465706050544
09/02/2022,FEU,Z14,12,0.465706050544
09/02/2022,FEU,Z24,13,0.463208031984
09/02/2022,FEU,Z14,13,0.463208031984
09/02/2022,FEU,Z24,14,0.453943104306
09/02/2022,FEU,Z14,14,0.453943104306
09/02/2022,FEU,Z24,15,0.445693733763
09/02/2022,FEU,Z14,15,0.397390476666
09/02/2022,FEU,Z24,16,0.389190446073
09/02/2022,FEU,Z14,16,0.389190446073
09/02/2022,FEU,Z24,17,0.381365377931
09/02/2022,FEU,Z14,17,0.381365377931
09/02/2022,FEU,Z24,18,0.38044374486
09/02/2022,FEU,Z14,18,0.38044374486
09/02/2022,FEU,Z24,19,0.399240618102
09/02/2022,FEU,Z14,19,0.447877236018
09/02/2022,FEU,Z24,2,0.502098042811
09/02/2022,FEU,Z14,2,0.502098042811
09/02/2022,FEU,Z24,20,0.47792708235
09/02/2022,FEU,Z14,20,0.47792708235
09/02/2022,FEU,Z24,21,0.546638470409
09/02/2022,FEU,Z14,21,0.546638470409
09/02/2022,FEU,Z24,22,0.551160903171
09/02/2022,FEU,Z14,22,0.551160903171
09/02/2022,FEU,Z24,23,0.523454602722
09/02/2022,FEU,Z14,23,0.474554307286
09/02/2022,FEU,Z24,24,0.470965643863
09/02/2022,FEU,Z14,24,0.470965643863
09/02/2022,FEU,Z24,3,0.523496351247
09/02/2022,FEU,Z14,3,0.523496351247
09/02/2022,FEU,Z24,4,0.537584055085
09/02/2022,FEU,Z14,4,0.537584055085
09/02/2022,FEU,Z24,5,0.540053284235
09/02/2022,FEU,Z14,5,0.540053284235
09/02/2022,FEU,Z24,6,0.535430789757
09/02/2022,FEU,Z14,6,0.535430789757
09/02/2022,FEU,Z24,7,0.518911177146
09/02/2022,FEU,Z14,7,0.518911177146
09/02/2022,FEU,Z24,8,0.548281970074
09/02/2022,FEU,Z14,8,0.548281970074
09/02/2022,FEU,Z24,9,0.558564778794
09/02/2022,FEU,Z14,9,0.558564778794
09/03/2022,FEU,Z24,1,0.400305930972
09/03/2022,FEU,Z14,1,0.400305930972
09/03/2022,FEU,Z24,10,0.40083759166
09/03/2022,FEU,Z14,10,0.40083759166
09/03/2022,FEU,Z24,11,0.324811425937
09/03/2022,FEU,Z14,11,0.324811425937
09/03/2022,FEU,Z24,12,0.30137310717
09/03/2022,FEU,Z14,12,0.30137310717
09/03/2022,FEU,Z24,13,0.289285600948
09/03/2022,FEU,Z14,13,0.289285600948
09/03/2022,FEU,Z24,14,0.279705756049
09/03/2022,FEU,Z14,14,0.279705756049
09/03/2022,FEU,Z24,15,0.256902918237
09/03/2022,FEU,Z14,15,0.256902918237
09/03/2022,FEU,Z24,16,0.220594567205
09/03/2022,FEU,Z14,16,0.220594567205
09/03/2022,FEU,Z24,17,0.185405026013
09/03/2022,FEU,Z14,17,0.185405026013
09/03/2022,FEU,Z24,18,0.192039259411
09/03/2022,FEU,Z14,18,0.192039259411
09/03/2022,FEU,Z24,19,0.252817205248
09/03/2022,FEU,Z14,19,0.252817205248
09/03/2022,FEU,Z24,2,0.422070501259
09/03/2022,FEU,Z14,2,0.422070501259
09/03/2022,FEU,Z24,20,0.305089984402
09/03/2022,FEU,Z14,20,0.305089984402
09/03/2022,FEU,Z24,21,0.388910141717
09/03/2022,FEU,Z14,21,0.388910141717
09/03/2022,FEU,Z24,22,0.428507627561
09/03/2022,FEU,Z14,22,0.428507627561
09/03/2022,FEU,Z24,23,0.440830699158
09/03/2022,FEU,Z14,23,0.440830699158
09/03/2022,FEU,Z24,24,0.415951684756
09/03/2022,FEU,Z14,24,0.415951684756
09/03/2022,FEU,Z24,3,0.430351999174
09/03/2022,FEU,Z14,3,0.430351999174
09/03/2022,FEU,Z24,4,0.449359549552
09/03/2022,FEU,Z14,4,0.449359549552
09/03/2022,FEU,Z24,5,0.485834692871
09/03/2022,FEU,Z14,5,0.485834692871
09/03/2022,FEU,Z24,6,0.49946380543
09/03/2022,FEU,Z14,6,0.49946380543
09/03/2022,FEU,Z24,7,0.509357266303
09/03/2022,FEU,Z14,7,0.509357266303
09/03/2022,FEU,Z24,8,0.502298094387
09/03/2022,FEU,Z14,8,0.502298094387
09/03/2022,FEU,Z24,9,0.479518508903
09/03/2022,FEU,Z14,9,0.479518508903
09/04/2022,FEU,Z24,1,0.334186130673
09/04/2022,FEU,Z14,1,0.334186130673
09/04/2022,FEU,Z24,10,0.291252437055
09/04/2022,FEU,Z14,10,0.291252437055
09/04/2022,FEU,Z24,11,0.178526071693
09/04/2022,FEU,Z14,11,0.178526071693
09/04/2022,FEU,Z24,12,0.148027354615
09/04/2022,FEU,Z14,12,0.148027354615
09/04/2022,FEU,Z24,13,0.134113464553
09/04/2022,FEU,Z14,13,0.134113464553
09/04/2022,FEU,Z24,14,0.134335985815
09/04/2022,FEU,Z14,14,0.134335985815
09/04/2022,FEU,Z24,15,0.115465963664
09/04/2022,FEU,Z14,15,0.115465963664
09/04/2022,FEU,Z24,16,0.079595787016
09/04/2022,FEU,Z14,16,0.079595787016
09/04/2022,FEU,Z24,17,0.064713191812
09/04/2022,FEU,Z14,17,0.064713191812
09/04/2022,FEU,Z24,18,0.054576696212
09/04/2022,FEU,Z14,18,0.054576696212
09/04/2022,FEU,Z24,19,0.131634347932
09/04/2022,FEU,Z14,19,0.131634347932
09/04/2022,FEU,Z24,2,0.33143283973
09/04/2022,FEU,Z14,2,0.33143283973
09/04/2022,FEU,Z24,20,0.198255024764
09/04/2022,FEU,Z14,20,0.198255024764
09/04/2022,FEU,Z24,21,0.294115112245
09/04/2022,FEU,Z14,21,0.294115112245
09/04/2022,FEU,Z24,22,0.34978360885
09/04/2022,FEU,Z14,22,0.34978360885
09/04/2022,FEU,Z24,23,0.359147577088
09/04/2022,FEU,Z14,23,0.359147577088
09/04/2022,FEU,Z24,24,0.352131568942
09/04/2022,FEU,Z14,24,0.352131568942
09/04/2022,FEU,Z24,3,0.331933665575
09/04/2022,FEU,Z14,3,0.331933665575
09/04/2022,FEU,Z24,4,0.349654714842
09/04/2022,FEU,Z14,4,0.349654714842
09/04/2022,FEU,Z24,5,0.352127174221
09/04/2022,FEU,Z14,5,0.352127174221
09/04/2022,FEU,Z24,6,0.349604361811
09/04/2022,FEU,Z14,6,0.349604361811
09/04/2022,FEU,Z24,7,0.369443987944
09/04/2022,FEU,Z14,7,0.369443987944
09/04/2022,FEU,Z24,8,0.372118267246
09/04/2022,FEU,Z14,8,0.372118267246
09/04/2022,FEU,Z24,9,0.361546219996
09/04/2022,FEU,Z14,9,0.361546219996
09/05/2022,FEU,Z24,1,0.357738332606
09/05/2022,FEU,Z14,1,0.357738332606
09/05/2022,FEU,Z24,10,0.338402833261
09/05/2022,FEU,Z14,10,0.338402833261
09/05/2022,FEU,Z24,11,0.311666073465
09/05/2022,FEU,Z14,11,0.359743107342
09/05/2022,FEU,Z24,12,0.321619117282
09/05/2022,FEU,Z14,12,0.321619117282
09/05/2022,FEU,Z24,13,0.295769970762
09/05/2022,FEU,Z14,13,0.295769970762
09/05/2022,FEU,Z24,14,0.285411355465
09/05/2022,FEU,Z14,14,0.285411355465
09/05/2022,FEU,Z24,15,0.278134976103
09/05/2022,FEU,Z14,15,0.230272692546
09/05/2022,FEU,Z24,16,0.212478715402
09/05/2022,FEU,Z14,16,0.212478715402
09/05/2022,FEU,Z24,17,0.211048013998
09/05/2022,FEU,Z14,17,0.211048013998
09/05/2022,FEU,Z24,18,0.223875975837
09/05/2022,FEU,Z14,18,0.223875975837
09/05/2022,FEU,Z24,19,0.241460033578
09/05/2022,FEU,Z14,19,0.289356597055
09/05/2022,FEU,Z24,2,0.360348469701
09/05/2022,FEU,Z14,2,0.360348469701
09/05/2022,FEU,Z24,20,0.368174874441
09/05/2022,FEU,Z14,20,0.368174874441
09/05/2022,FEU,Z24,21,0.400609376216
09/05/2022,FEU,Z14,21,0.400609376216
09/05/2022,FEU,Z24,22,0.463517766711
09/05/2022,FEU,Z14,22,0.463517766711
09/05/2022,FEU,Z24,23,0.444081162692
09/05/2022,FEU,Z14,23,0.395778075455
09/05/2022,FEU,Z24,24,0.368661584609
09/05/2022,FEU,Z14,24,0.368661584609
09/05/2022,FEU,Z24,3,0.359874213825
09/05/2022,FEU,Z14,3,0.359874213825
09/05/2022,FEU,Z24,4,0.355186301963
09/05/2022,FEU,Z14,4,0.355186301963
09/05/2022,FEU,Z24,5,0.359273199063
09/05/2022,FEU,Z14,5,0.359273199063
09/05/2022,FEU,Z24,6,0.34763372443
09/05/2022,FEU,Z14,6,0.34763372443
09/05/2022,FEU,Z24,7,0.345194271145
09/05/2022,FEU,Z14,7,0.345194271145
09/05/2022,FEU,Z24,8,0.345889935514
09/05/2022,FEU,Z14,8,0.345889935514
09/05/2022,FEU,Z24,9,0.362844780843
09/05/2022,FEU,Z14,9,0.362844780843
09/06/2022,FEU,Z24,1,0.405761298053
09/06/2022,FEU,Z14,1,0.405761298053
09/06/2022,FEU,Z24,10,0.39900610266
09/06/2022,FEU,Z14,10,0.39900610266
09/06/2022,FEU,Z24,11,0.320857927715
09/06/2022,FEU,Z14,11,0.368959257242
09/06/2022,FEU,Z24,12,0.353134798242
09/06/2022,FEU,Z14,12,0.353134798242
09/06/2022,FEU,Z24,13,0.348859093533
09/06/2022,FEU,Z14,13,0.348859093533
09/06/2022,FEU,Z24,14,0.343266817107
09/06/2022,FEU,Z14,14,0.343266817107
09/06/2022,FEU,Z24,15,0.341561168073
09/06/2022,FEU,Z14,15,0.293298925757
09/06/2022,FEU,Z24,16,0.294995135313
09/06/2022,FEU,Z14,16,0.294995135313
09/06/2022,FEU,Z24,17,0.297046052409
09/06/2022,FEU,Z14,17,0.297046052409
09/06/2022,FEU,Z24,18,0.302972870038
09/06/2022,FEU,Z14,18,0.302972870038
09/06/2022,FEU,Z24,19,0.314906125409
09/06/2022,FEU,Z14,19,0.363247328605
09/06/2022,FEU,Z24,2,0.364996275319
09/06/2022,FEU,Z14,2,0.364996275319
09/06/2022,FEU,Z24,20,0.461996242252
09/06/2022,FEU,Z14,20,0.461996242252
09/06/2022,FEU,Z24,21,0.508179533574
09/06/2022,FEU,Z14,21,0.508179533574
09/06/2022,FEU,Z24,22,0.522994843231
09/06/2022,FEU,Z14,22,0.522994843231
09/06/2022,FEU,Z24,23,0.515510077713
09/06/2022,FEU,Z14,23,0.467019401576
09/06/2022,FEU,Z24,24,0.47719606585
09/06/2022,FEU,Z14,24,0.47719606585
09/06/2022,FEU,Z24,3,0.376146536434
09/06/2022,FEU,Z14,3,0.376146536434
09/06/2022,FEU,Z24,4,0.381553404921
09/06/2022,FEU,Z14,4,0.381553404921
09/06/2022,FEU,Z24,5,0.388342571151
09/06/2022,FEU,Z14,5,0.388342571151
09/06/2022,FEU,Z24,6,0.381216531835
09/06/2022,FEU,Z14,6,0.381216531835
09/06/2022,FEU,Z24,7,0.366316333645
09/06/2022,FEU,Z14,7,0.366316333645
09/06/2022,FEU,Z24,8,0.434010978983
09/06/2022,FEU,Z14,8,0.434010978983
09/06/2022,FEU,Z24,9,0.451196750451
09/06/2022,FEU,Z14,9,0.451196750451
09/07/2022,FEU,Z24,1,0.307492307581
09/07/2022,FEU,Z14,1,0.307492307581
09/07/2022,FEU,Z24,10,0.30110811246
09/07/2022,FEU,Z14,10,0.30110811246
09/07/2022,FEU,Z24,11,0.256121394726
09/07/2022,FEU,Z14,11,0.304052061093
09/07/2022,FEU,Z24,12,0.291068062022
09/07/2022,FEU,Z14,12,0.291068062022
09/07/2022,FEU,Z24,13,0.280492579713
09/07/2022,FEU,Z14,13,0.280492579713
09/07/2022,FEU,Z24,14,0.265202071209
09/07/2022,FEU,Z14,14,0.265202071209
09/07/2022,FEU,Z24,15,0.223066304865
09/07/2022,FEU,Z14,15,0.175221320469
09/07/2022,FEU,Z24,16,0.170667486415
09/07/2022,FEU,Z14,16,0.170667486415
09/07/2022,FEU,Z24,17,0.167576182761
09/07/2022,FEU,Z14,17,0.167576182761
09/07/2022,FEU,Z24,18,0.176592130891
09/07/2022,FEU,Z14,18,0.176592130891
09/07/2022,FEU,Z24,19,0.21340255446
09/07/2022,FEU,Z14,19,0.261224965077
09/07/2022,FEU,Z24,2,0.308049051169
09/07/2022,FEU,Z14,2,0.308049051169
09/07/2022,FEU,Z24,20,0.300126739731
09/07/2022,FEU,Z14,20,0.300126739731
09/07/2022,FEU,Z24,21,0.377569151997
09/07/2022,FEU,Z14,21,0.377569151997
09/07/2022,FEU,Z24,22,0.414341931481
09/07/2022,FEU,Z14,22,0.414341931481
09/07/2022,FEU,Z24,23,0.404279600892
09/07/2022,FEU,Z14,23,0.356080524705
09/07/2022,FEU,Z24,24,0.32295989435
09/07/2022,FEU,Z14,24,0.32295989435
09/07/2022,FEU,Z24,3,0.311288769885
09/07/2022,FEU,Z14,3,0.311288769885
09/07/2022,FEU,Z24,4,0.314488233673
09/07/2022,FEU,Z14,4,0.314488233673
09/07/2022,FEU,Z24,5,0.316036037443
09/07/2022,FEU,Z14,5,0.316036037443
09/07/2022,FEU,Z24,6,0.313978300756
09/07/2022,FEU,Z14,6,0.313978300756
09/07/2022,FEU,Z24,7,0.307380777813
09/07/2022,FEU,Z14,7,0.307380777813
09/07/2022,FEU,Z24,8,0.36560272135
09/07/2022,FEU,Z14,8,0.36560272135
09/07/2022,FEU,Z24,9,0.388160583529
09/07/2022,FEU,Z14,9,0.388160583529
09/08/2022,FEU,Z24,1,0.298928203867
09/08/2022,FEU,Z14,1,0.298928203867
09/08/2022,FEU,Z24,10,0.318905665443
09/08/2022,FEU,Z14,10,0.318905665443
09/08/2022,FEU,Z24,11,0.302770748668
09/08/2022,FEU,Z14,11,0.350822529115
09/08/2022,FEU,Z24,12,0.339361991465
09/08/2022,FEU,Z14,12,0.339361991465
09/08/2022,FEU,Z24,13,0.336410378565
09/08/2022,FEU,Z14,13,0.336410378565
09/08/2022,FEU,Z24,14,0.334928112788
09/08/2022,FEU,Z14,14,0.334928112788
09/08/2022,FEU,Z24,15,0.323282401065
09/08/2022,FEU,Z14,15,0.275303413908
09/08/2022,FEU,Z24,16,0.265822583565
09/08/2022,FEU,Z14,16,0.265822583565
09/08/2022,FEU,Z24,17,0.260969509922
09/08/2022,FEU,Z14,17,0.260969509922
09/08/2022,FEU,Z24,18,0.267409190182
09/08/2022,FEU,Z14,18,0.267409190182
09/08/2022,FEU,Z24,19,0.288451470222
09/08/2022,FEU,Z14,19,0.336468995379
09/08/2022,FEU,Z24,2,0.31507232844
09/08/2022,FEU,Z14,2,0.31507232844
09/08/2022,FEU,Z24,20,0.357401793893
09/08/2022,FEU,Z14,20,0.357401793893
09/08/2022,FEU,Z24,21,0.411708384136
09/08/2022,FEU,Z14,21,0.411708384136
09/08/2022,FEU,Z24,22,0.47088762666
09/08/2022,FEU,Z14,22,0.47088762666
09/08/2022,FEU,Z24,23,0.422248595391
09/08/2022,FEU,Z14,23,0.374002132014
09/08/2022,FEU,Z24,24,0.35464406185
09/08/2022,FEU,Z14,24,0.35464406185
09/08/2022,FEU,Z24,3,0.319876497485
09/08/2022,FEU,Z14,3,0.319876497485
09/08/2022,FEU,Z24,4,0.307667293723
09/08/2022,FEU,Z14,4,0.307667293723
09/08/2022,FEU,Z24,5,0.310003507394
09/08/2022,FEU,Z14,5,0.310003507394
09/08/2022,FEU,Z24,6,0.306021211058
09/08/2022,FEU,Z14,6,0.306021211058
09/08/2022,FEU,Z24,7,0.298926754048
09/08/2022,FEU,Z14,7,0.298926754048
09/08/2022,FEU,Z24,8,0.314056085305
09/08/2022,FEU,Z14,8,0.314056085305
09/08/2022,FEU,Z24,9,0.348296322355
09/08/2022,FEU,Z14,9,0.348296322355
09/09/2022,FEU,Z24,1,0.354060072405
09/09/2022,FEU,Z14,1,0.354060072405
09/09/2022,FEU,Z24,10,0.325485483882
09/09/2022,FEU,Z14,10,0.325485483882
09/09/2022,FEU,Z24,11,0.266976050057
09/09/2022,FEU,Z14,11,0.314933631344
09/09/2022,FEU,Z24,12,0.295426511984
09/09/2022,FEU,Z14,12,0.295426511984
09/09/2022,FEU,Z24,13,0.289796586864
09/09/2022,FEU,Z14,13,0.289796586864
09/09/2022,FEU,Z24,14,0.287718662706
09/09/2022,FEU,Z14,14,0.287718662706
09/09/2022,FEU,Z24,15,0.295638010953
09/09/2022,FEU,Z14,15,0.247729545246
09/09/2022,FEU,Z24,16,0.247177667973
09/09/2022,FEU,Z14,16,0.247177667973
09/09/2022,FEU,Z24,17,0.243877143531
09/09/2022,FEU,Z14,17,0.243877143531
09/09/2022,FEU,Z24,18,0.24884059446
09/09/2022,FEU,Z14,18,0.24884059446
09/09/2022,FEU,Z24,19,0.246980622162
09/09/2022,FEU,Z14,19,0.295083197558
09/09/2022,FEU,Z24,2,0.350389045671
09/09/2022,FEU,Z14,2,0.350389045671
09/09/2022,FEU,Z24,20,0.35977708285
09/09/2022,FEU,Z14,20,0.35977708285
09/09/2022,FEU,Z24,21,0.450395637199
09/09/2022,FEU,Z14,21,0.450395637199
09/09/2022,FEU,Z24,22,0.466728292731
09/09/2022,FEU,Z14,22,0.466728292731
09/09/2022,FEU,Z24,23,0.442946065482
09/09/2022,FEU,Z14,23,0.394323865166
09/09/2022,FEU,Z24,24,0.341459105013
09/09/2022,FEU,Z14,24,0.341459105013
09/09/2022,FEU,Z24,3,0.350775267047
09/09/2022,FEU,Z14,3,0.350775267047
09/09/2022,FEU,Z24,4,0.350026522735
09/09/2022,FEU,Z14,4,0.350026522735
09/09/2022,FEU,Z24,5,0.349182410335
09/09/2022,FEU,Z14,5,0.349182410335
09/09/2022,FEU,Z24,6,0.347781693417
09/09/2022,FEU,Z14,6,0.347781693417
09/09/2022,FEU,Z24,7,0.318254395706
09/09/2022,FEU,Z14,7,0.318254395706
09/09/2022,FEU,Z24,8,0.348774383134
09/09/2022,FEU,Z14,8,0.348774383134
09/09/2022,FEU,Z24,9,0.381785958834
09/09/2022,FEU,Z14,9,0.381785958834
09/10/2022,FEU,Z24,1,0.405425988012
09/10/2022,FEU,Z14,1,0.405425988012
09/10/2022,FEU,Z24,10,0.33449409466
09/10/2022,FEU,Z14,10,0.33449409466
09/10/2022,FEU,Z24,11,0.272857235077
09/10/2022,FEU,Z14,11,0.272857235077
09/10/2022,FEU,Z24,12,0.27241534297
09/10/2022,FEU,Z14,12,0.27241534297
09/10/2022,FEU,Z24,13,0.271678008828
09/10/2022,FEU,Z14,13,0.271678008828
09/10/2022,FEU,Z24,14,0.270330094039
09/10/2022,FEU,Z14,14,0.270330094039
09/10/2022,FEU,Z24,15,0.255984395137
09/10/2022,FEU,Z14,15,0.255984395137
09/10/2022,FEU,Z24,16,0.241139966305
09/10/2022,FEU,Z14,16,0.241139966305
09/10/2022,FEU,Z24,17,0.239510243303
09/10/2022,FEU,Z14,17,0.239510243303
09/10/2022,FEU,Z24,18,0.258058547371
09/10/2022,FEU,Z14,18,0.258058547371
09/10/2022,FEU,Z24,19,0.296531987968
09/10/2022,FEU,Z14,19,0.296531987968
09/10/2022,FEU,Z24,2,0.396730492039
09/10/2022,FEU,Z14,2,0.396730492039
09/10/2022,FEU,Z24,20,0.338276573722
09/10/2022,FEU,Z14,20,0.338276573722
09/10/2022,FEU,Z24,21,0.432377127157
09/10/2022,FEU,Z14,21,0.432377127157
09/10/2022,FEU,Z24,22,0.492963477031
09/10/2022,FEU,Z14,22,0.492963477031
09/10/2022,FEU,Z24,23,0.445615722198
09/10/2022,FEU,Z14,23,0.445615722198
09/10/2022,FEU,Z24,24,0.397111553236
09/10/2022,FEU,Z14,24,0.397111553236
09/10/2022,FEU,Z24,3,0.389237719814
09/10/2022,FEU,Z14,3,0.389237719814
09/10/2022,FEU,Z24,4,0.397930512272
09/10/2022,FEU,Z14,4,0.397930512272
09/10/2022,FEU,Z24,5,0.401166840161
09/10/2022,FEU,Z14,5,0.401166840161
09/10/2022,FEU,Z24,6,0.40324073563
09/10/2022,FEU,Z14,6,0.40324073563
09/10/2022,FEU,Z24,7,0.397283242633
09/10/2022,FEU,Z14,7,0.397283242633
09/10/2022,FEU,Z24,8,0.389054458387
09/10/2022,FEU,Z14,8,0.389054458387
09/10/2022,FEU,Z24,9,0.373210039883
09/10/2022,FEU,Z14,9,0.373210039883
09/11/2022,FEU,Z24,1,0.444084088063
09/11/2022,FEU,Z14,1,0.444084088063
09/11/2022,FEU,Z24,10,0.355046031905
09/11/2022,FEU,Z14,10,0.355046031905
09/11/2022,FEU,Z24,11,0.270710973163
09/11/2022,FEU,Z14,11,0.270710973163
09/11/2022,FEU,Z24,12,0.233840141915
09/11/2022,FEU,Z14,12,0.233840141915
09/11/2022,FEU,Z24,13,0.220870214323
09/11/2022,FEU,Z14,13,0.220870214323
09/11/2022,FEU,Z24,14,0.212160098315
09/11/2022,FEU,Z14,14,0.212160098315
09/11/2022,FEU,Z24,15,0.196375280304
09/11/2022,FEU,Z14,15,0.196375280304
09/11/2022,FEU,Z24,16,0.196802339336
09/11/2022,FEU,Z14,16,0.196802339336
09/11/2022,FEU,Z24,17,0.196687030732
09/11/2022,FEU,Z14,17,0.196687030732
09/11/2022,FEU,Z24,18,0.199724753532
09/11/2022,FEU,Z14,18,0.199724753532
09/11/2022,FEU,Z24,19,0.233919816252
09/11/2022,FEU,Z14,19,0.233919816252
09/11/2022,FEU,Z24,2,0.44570507833
09/11/2022,FEU,Z14,2,0.44570507833
09/11/2022,FEU,Z24,20,0.328838565004
09/11/2022,FEU,Z14,20,0.328838565004
09/11/2022,FEU,Z24,21,0.359758867345
09/11/2022,FEU,Z14,21,0.359758867345
09/11/2022,FEU,Z24,22,0.42237012535
09/11/2022,FEU,Z14,22,0.42237012535
09/11/2022,FEU,Z24,23,0.392891845888
09/11/2022,FEU,Z14,23,0.392891845888
09/11/2022,FEU,Z24,24,0.378988958722
09/11/2022,FEU,Z14,24,0.378988958722
09/11/2022,FEU,Z24,3,0.453688646075
09/11/2022,FEU,Z14,3,0.453688646075
09/11/2022,FEU,Z24,4,0.458866717882
09/11/2022,FEU,Z14,4,0.458866717882
09/11/2022,FEU,Z24,5,0.462057087061
09/11/2022,FEU,Z14,5,0.462057087061
09/11/2022,FEU,Z24,6,0.461636773561
09/11/2022,FEU,Z14,6,0.461636773561
09/11/2022,FEU,Z24,7,0.456125078104
09/11/2022,FEU,Z14,7,0.456125078104
09/11/2022,FEU,Z24,8,0.447160558566
09/11/2022,FEU,Z14,8,0.447160558566
09/11/2022,FEU,Z24,9,0.397124264116
09/11/2022,FEU,Z14,9,0.397124264116
09/12/2022,FEU,Z24,1,0.405696160746
09/12/2022,FEU,Z14,1,0.405696160746
09/12/2022,FEU,Z24,10,0.419006081781
09/12/2022,FEU,Z14,10,0.419006081781
09/12/2022,FEU,Z24,11,0.384509295215
09/12/2022,FEU,Z14,11,0.432780004242
09/12/2022,FEU,Z24,12,0.391406819342
09/12/2022,FEU,Z14,12,0.391406819342
09/12/2022,FEU,Z24,13,0.368778429042
09/12/2022,FEU,Z14,13,0.368778429042
09/12/2022,FEU,Z24,14,0.361251544715
09/12/2022,FEU,Z14,14,0.361251544715
09/12/2022,FEU,Z24,15,0.330702818073
09/12/2022,FEU,Z14,15,0.282702967086
09/12/2022,FEU,Z24,16,0.285237815122
09/12/2022,FEU,Z14,16,0.285237815122
09/12/2022,FEU,Z24,17,0.314599457838
09/12/2022,FEU,Z14,17,0.314599457838
09/12/2022,FEU,Z24,18,0.338444123637
09/12/2022,FEU,Z14,18,0.338444123637
09/12/2022,FEU,Z24,19,0.367362004798
09/12/2022,FEU,Z14,19,0.415590454005
09/12/2022,FEU,Z24,2,0.382968479421
09/12/2022,FEU,Z14,2,0.382968479421
09/12/2022,FEU,Z24,20,0.440621185821
09/12/2022,FEU,Z14,20,0.440621185821
09/12/2022,FEU,Z24,21,0.461088629336
09/12/2022,FEU,Z14,21,0.461088629336
09/12/2022,FEU,Z24,22,0.479905550641
09/12/2022,FEU,Z14,22,0.479905550641
09/12/2022,FEU,Z24,23,0.429047827172
09/12/2022,FEU,Z14,23,0.380782880655
09/12/2022,FEU,Z24,24,0.363851981479
09/12/2022,FEU,Z14,24,0.363851981479
09/12/2022,FEU,Z24,3,0.382351893325
09/12/2022,FEU,Z14,3,0.382351893325
09/12/2022,FEU,Z24,4,0.372098191243
09/12/2022,FEU,Z14,4,0.372098191243
09/12/2022,FEU,Z24,5,0.375126423923
09/12/2022,FEU,Z14,5,0.375126423923
09/12/2022,FEU,Z24,6,0.37003289473
09/12/2022,FEU,Z14,6,0.37003289473
09/12/2022,FEU,Z24,7,0.373296841795
09/12/2022,FEU,Z14,7,0.373296841795
09/12/2022,FEU,Z24,8,0.389848249354
09/12/2022,FEU,Z14,8,0.389848249354
09/12/2022,FEU,Z24,9,0.417604946603
09/12/2022,FEU,Z14,9,0.417604946603
09/13/2022,FEU,Z24,1,0.283988402843
09/13/2022,FEU,Z14,1,0.283988402843
09/13/2022,FEU,Z24,10,0.28965305046
09/13/2022,FEU,Z14,10,0.28965305046
09/13/2022,FEU,Z24,11,0.276018856065
09/13/2022,FEU,Z14,11,0.324001668222
09/13/2022,FEU,Z24,12,0.309850911342
09/13/2022,FEU,Z14,12,0.309850911342
09/13/2022,FEU,Z24,13,0.305846326683
09/13/2022,FEU,Z14,13,0.305846326683
09/13/2022,FEU,Z24,14,0.303595581217
09/13/2022,FEU,Z14,14,0.303595581217
09/13/2022,FEU,Z24,15,0.300995623173
09/13/2022,FEU,Z14,15,0.252876091657
09/13/2022,FEU,Z24,16,0.257748845883
09/13/2022,FEU,Z14,16,0.257748845883
09/13/2022,FEU,Z24,17,0.265081861619
09/13/2022,FEU,Z14,17,0.265081861619
09/13/2022,FEU,Z24,18,0.273743859678
09/13/2022,FEU,Z14,18,0.273743859678
09/13/2022,FEU,Z24,19,0.294416013179
09/13/2022,FEU,Z14,19,0.342686529255
09/13/2022,FEU,Z24,2,0.279038215369
09/13/2022,FEU,Z14,2,0.279038215369
09/13/2022,FEU,Z24,20,0.401478859732
09/13/2022,FEU,Z14,20,0.401478859732
09/13/2022,FEU,Z24,21,0.441657201714
09/13/2022,FEU,Z14,21,0.441657201714
09/13/2022,FEU,Z24,22,0.447954937701
09/13/2022,FEU,Z14,22,0.447954937701
09/13/2022,FEU,Z24,23,0.446580493333
09/13/2022,FEU,Z14,23,0.398271247816
09/13/2022,FEU,Z24,24,0.35477794485
09/13/2022,FEU,Z14,24,0.35477794485
09/13/2022,FEU,Z24,3,0.276008928974
09/13/2022,FEU,Z14,3,0.276008928974
09/13/2022,FEU,Z24,4,0.261248096231
09/13/2022,FEU,Z14,4,0.261248096231
09/13/2022,FEU,Z24,5,0.253871846511
09/13/2022,FEU,Z14,5,0.253871846511
09/13/2022,FEU,Z24,6,0.247966837535
09/13/2022,FEU,Z14,6,0.247966837535
09/13/2022,FEU,Z24,7,0.244431678445
09/13/2022,FEU,Z14,7,0.244431678445
09/13/2022,FEU,Z24,8,0.256946455563
09/13/2022,FEU,Z14,8,0.256946455563
09/13/2022,FEU,Z24,9,0.286691099841
09/13/2022,FEU,Z14,9,0.286691099841
09/14/2022,FEU,Z24,1,0.283371856141
09/14/2022,FEU,Z14,1,0.283371856141
09/14/2022,FEU,Z24,10,0.34818413886
09/14/2022,FEU,Z14,10,0.34818413886
09/14/2022,FEU,Z24,11,0.319715638446
09/14/2022,FEU,Z14,11,0.367814543553
09/14/2022,FEU,Z24,12,0.329863472082
09/14/2022,FEU,Z14,12,0.329863472082
09/14/2022,FEU,Z24,13,0.333193712193
09/14/2022,FEU,Z14,13,0.333193712193
09/14/2022,FEU,Z24,14,0.320985592509
09/14/2022,FEU,Z14,14,0.320985592509
09/14/2022,FEU,Z24,15,0.318453668415
09/14/2022,FEU,Z14,15,0.270273648099
09/14/2022,FEU,Z24,16,0.271823896065
09/14/2022,FEU,Z14,16,0.271823896065
09/14/2022,FEU,Z24,17,0.279505541911
09/14/2022,FEU,Z14,17,0.279505541911
09/14/2022,FEU,Z24,18,0.285774951001
09/14/2022,FEU,Z14,18,0.285774951001
09/14/2022,FEU,Z24,19,0.32002266186
09/14/2022,FEU,Z14,19,0.368125651707
09/14/2022,FEU,Z24,2,0.286852070449
09/14/2022,FEU,Z14,2,0.286852070449
09/14/2022,FEU,Z24,20,0.437563880661
09/14/2022,FEU,Z14,20,0.437563880661
09/14/2022,FEU,Z24,21,0.482718911217
09/14/2022,FEU,Z14,21,0.482718911217
09/14/2022,FEU,Z24,22,0.515031160251
09/14/2022,FEU,Z14,22,0.515031160251
09/14/2022,FEU,Z24,23,0.497620542012
09/14/2022,FEU,Z14,23,0.449176398505
09/14/2022,FEU,Z24,24,0.42612211635
09/14/2022,FEU,Z14,24,0.42612211635
09/14/2022,FEU,Z24,3,0.283570216135
09/14/2022,FEU,Z14,3,0.283570216135
09/14/2022,FEU,Z24,4,0.288664449223
09/14/2022,FEU,Z14,4,0.288664449223
09/14/2022,FEU,Z24,5,0.293456536333
09/14/2022,FEU,Z14,5,0.293456536333
09/14/2022,FEU,Z24,6,0.303528001876
09/14/2022,FEU,Z14,6,0.303528001876
09/14/2022,FEU,Z24,7,0.302979052303
09/14/2022,FEU,Z14,7,0.302979052303
09/14/2022,FEU,Z24,8,0.31819106185
09/14/2022,FEU,Z14,8,0.31819106185
09/14/2022,FEU,Z24,9,0.366903708349
09/14/2022,FEU,Z14,9,0.366903708349
09/15/2022,FEU,Z24,1,0.419507228647
09/15/2022,FEU,Z14,1,0.419507228647
09/15/2022,FEU,Z24,10,0.413900560083
09/15/2022,FEU,Z14,10,0.413900560083
09/15/2022,FEU,Z24,11,0.387087779988
09/15/2022,FEU,Z14,11,0.435363015465
09/15/2022,FEU,Z24,12,0.429501727915
09/15/2022,FEU,Z14,12,0.429501727915
09/15/2022,FEU,Z24,13,0.425496755565
09/15/2022,FEU,Z14,13,0.425496755565
09/15/2022,FEU,Z24,14,0.422683514868
09/15/2022,FEU,Z14,14,0.422683514868
09/15/2022,FEU,Z24,15,0.423000493315
09/15/2022,FEU,Z14,15,0.374757934108
09/15/2022,FEU,Z24,16,0.375208991715
09/15/2022,FEU,Z14,16,0.375208991715
09/15/2022,FEU,Z24,17,0.367714399262
09/15/2022,FEU,Z14,17,0.367714399262
09/15/2022,FEU,Z24,18,0.375666970862
09/15/2022,FEU,Z14,18,0.375666970862
09/15/2022,FEU,Z24,19,0.387023835322
09/15/2022,FEU,Z14,19,0.435301217329
09/15/2022,FEU,Z24,2,0.43484798924
09/15/2022,FEU,Z14,2,0.43484798924
09/15/2022,FEU,Z24,20,0.466259537923
09/15/2022,FEU,Z14,20,0.466259537923
09/15/2022,FEU,Z24,21,0.480884943016
09/15/2022,FEU,Z14,21,0.480884943016
09/15/2022,FEU,Z24,22,0.48562767846
09/15/2022,FEU,Z14,22,0.48562767846
09/15/2022,FEU,Z24,23,0.463862192661
09/15/2022,FEU,Z14,23,0.415507077594
09/15/2022,FEU,Z24,24,0.40262729435
09/15/2022,FEU,Z14,24,0.40262729435
09/15/2022,FEU,Z24,3,0.434760502685
09/15/2022,FEU,Z14,3,0.434760502685
09/15/2022,FEU,Z24,4,0.429148457713
09/15/2022,FEU,Z14,4,0.429148457713
09/15/2022,FEU,Z24,5,0.442971768754
09/15/2022,FEU,Z14,5,0.442971768754
09/15/2022,FEU,Z24,6,0.437819573698
09/15/2022,FEU,Z14,6,0.437819573698
09/15/2022,FEU,Z24,7,0.426460595968
09/15/2022,FEU,Z14,7,0.426460595968
09/15/2022,FEU,Z24,8,0.412932067955
09/15/2022,FEU,Z14,8,0.412932067955
09/15/2022,FEU,Z24,9,0.443028034755
09/15/2022,FEU,Z14,9,0.443028034755
09/16/2022,FEU,Z24,1,0.402857258755
09/16/2022,FEU,Z14,1,0.402857258755
09/16/2022,FEU,Z24,10,0.377868135982
09/16/2022,FEU,Z14,10,0.377868135982
09/16/2022,FEU,Z24,11,0.340995857787
09/16/2022,FEU,Z14,11,0.389149431504
09/16/2022,FEU,Z24,12,0.385270957104
09/16/2022,FEU,Z14,12,0.385270957104
09/16/2022,FEU,Z24,13,0.381454269744
09/16/2022,FEU,Z14,13,0.381454269744
09/16/2022,FEU,Z24,14,0.377657790306
09/16/2022,FEU,Z14,14,0.377657790306
09/16/2022,FEU,Z24,15,0.349393028733
09/16/2022,FEU,Z14,15,0.301342729206
09/16/2022,FEU,Z24,16,0.295011292083
09/16/2022,FEU,Z14,16,0.295011292083
09/16/2022,FEU,Z24,17,0.298266307051
09/16/2022,FEU,Z14,17,0.298266307051
09/16/2022,FEU,Z24,18,0.29598258126
09/16/2022,FEU,Z14,18,0.29598258126
09/16/2022,FEU,Z24,19,0.305779773462
09/16/2022,FEU,Z14,19,0.354089024258
09/16/2022,FEU,Z24,2,0.404019927861
09/16/2022,FEU,Z14,2,0.404019927861
09/16/2022,FEU,Z24,20,0.39692839635
09/16/2022,FEU,Z14,20,0.39692839635
09/16/2022,FEU,Z24,21,0.420541102789
09/16/2022,FEU,Z14,21,0.420541102789
09/16/2022,FEU,Z24,22,0.421657285521
09/16/2022,FEU,Z14,22,0.421657285521
09/16/2022,FEU,Z24,23,0.406666029702
09/16/2022,FEU,Z14,23,0.358170303026
09/16/2022,FEU,Z24,24,0.326688646323
09/16/2022,FEU,Z14,24,0.326688646323
09/16/2022,FEU,Z24,3,0.396134569787
09/16/2022,FEU,Z14,3,0.396134569787
09/16/2022,FEU,Z24,4,0.392948862385
09/16/2022,FEU,Z14,4,0.392948862385
09/16/2022,FEU,Z24,5,0.393042283735
09/16/2022,FEU,Z14,5,0.393042283735
09/16/2022,FEU,Z24,6,0.398574543787
09/16/2022,FEU,Z14,6,0.398574543787
09/16/2022,FEU,Z24,7,0.394390215026
09/16/2022,FEU,Z14,7,0.394390215026
09/16/2022,FEU,Z24,8,0.390648054214
09/16/2022,FEU,Z14,8,0.390648054214
09/16/2022,FEU,Z24,9,0.409115824134
09/16/2022,FEU,Z14,9,0.409115824134
09/17/2022,FEU,Z24,1,0.273996794732
09/17/2022,FEU,Z14,1,0.273996794732
09/17/2022,FEU,Z24,10,0.18661328326
09/17/2022,FEU,Z14,10,0.18661328326
09/17/2022,FEU,Z24,11,0.128493207577
09/17/2022,FEU,Z14,11,0.128493207577
09/17/2022,FEU,Z24,12,0.10865696337
09/17/2022,FEU,Z14,12,0.10865696337
09/17/2022,FEU,Z24,13,0.121960809508
09/17/2022,FEU,Z14,13,0.121960809508
09/17/2022,FEU,Z24,14,0.136639051489
09/17/2022,FEU,Z14,14,0.136639051489
09/17/2022,FEU,Z24,15,0.146944112577
09/17/2022,FEU,Z14,15,0.146944112577
09/17/2022,FEU,Z24,16,0.153883478005
09/17/2022,FEU,Z14,16,0.153883478005
09/17/2022,FEU,Z24,17,0.167957481393
09/17/2022,FEU,Z14,17,0.167957481393
09/17/2022,FEU,Z24,18,0.183179676601
09/17/2022,FEU,Z14,18,0.183179676601
09/17/2022,FEU,Z24,19,0.217814261248
09/17/2022,FEU,Z14,19,0.217814261248
09/17/2022,FEU,Z24,2,0.247468651669
09/17/2022,FEU,Z14,2,0.247468651669
09/17/2022,FEU,Z24,20,0.282209270842
09/17/2022,FEU,Z14,20,0.282209270842
09/17/2022,FEU,Z24,21,0.324813397077
09/17/2022,FEU,Z14,21,0.324813397077
09/17/2022,FEU,Z24,22,0.349114261571
09/17/2022,FEU,Z14,22,0.349114261571
09/17/2022,FEU,Z24,23,0.288202835798
09/17/2022,FEU,Z14,23,0.288202835798
09/17/2022,FEU,Z24,24,0.291563618356
09/17/2022,FEU,Z14,24,0.291563618356
09/17/2022,FEU,Z24,3,0.242909150614
09/17/2022,FEU,Z14,3,0.242909150614
09/17/2022,FEU,Z24,4,0.245297930832
09/17/2022,FEU,Z14,4,0.245297930832
09/17/2022,FEU,Z24,5,0.249055776931
09/17/2022,FEU,Z14,5,0.249055776931
09/17/2022,FEU,Z24,6,0.25137756703
09/17/2022,FEU,Z14,6,0.25137756703
09/17/2022,FEU,Z24,7,0.248866680013
09/17/2022,FEU,Z14,7,0.248866680013
09/17/2022,FEU,Z24,8,0.246679242437
09/17/2022,FEU,Z14,8,0.246679242437
09/17/2022,FEU,Z24,9,0.242839696403
09/17/2022,FEU,Z14,9,0.242839696403
09/18/2022,FEU,Z24,1,0.267383796893
09/18/2022,FEU,Z14,1,0.267383796893
09/18/2022,FEU,Z24,10,0.250095457855
09/18/2022,FEU,Z14,10,0.250095457855
09/18/2022,FEU,Z24,11,0.180935590723
09/18/2022,FEU,Z14,11,0.180935590723
09/18/2022,FEU,Z24,12,0.163561554815
09/18/2022,FEU,Z14,12,0.163561554815
09/18/2022,FEU,Z24,13,0.161502350563
09/18/2022,FEU,Z14,13,0.161502350563
09/18/2022,FEU,Z24,14,0.161666070765
09/18/2022,FEU,Z14,14,0.161666070765
09/18/2022,FEU,Z24,15,0.160579806704
09/18/2022,FEU,Z14,15,0.160579806704
09/18/2022,FEU,Z24,16,0.133398129896
09/18/2022,FEU,Z14,16,0.133398129896
09/18/2022,FEU,Z24,17,0.168416244972
09/18/2022,FEU,Z14,17,0.168416244972
09/18/2022,FEU,Z24,18,0.188318730652
09/18/2022,FEU,Z14,18,0.188318730652
09/18/2022,FEU,Z24,19,0.255371034292
09/18/2022,FEU,Z14,19,0.255371034292
09/18/2022,FEU,Z24,2,0.27138573703
09/18/2022,FEU,Z14,2,0.27138573703
09/18/2022,FEU,Z24,20,0.283449797164
09/18/2022,FEU,Z14,20,0.283449797164
09/18/2022,FEU,Z24,21,0.307722155695
09/18/2022,FEU,Z14,21,0.307722155695
09/18/2022,FEU,Z24,22,0.32981406585
09/18/2022,FEU,Z14,22,0.32981406585
09/18/2022,FEU,Z24,23,0.309107726848
09/18/2022,FEU,Z14,23,0.309107726848
09/18/2022,FEU,Z24,24,0.316254320302
09/18/2022,FEU,Z14,24,0.316254320302
09/18/2022,FEU,Z24,3,0.271909131325
09/18/2022,FEU,Z14,3,0.271909131325
09/18/2022,FEU,Z24,4,0.262304754382
09/18/2022,FEU,Z14,4,0.262304754382
09/18/2022,FEU,Z24,5,0.292295376541
09/18/2022,FEU,Z14,5,0.292295376541
09/18/2022,FEU,Z24,6,0.292391064181
09/18/2022,FEU,Z14,6,0.292391064181
09/18/2022,FEU,Z24,7,0.296406297064
09/18/2022,FEU,Z14,7,0.296406297064
09/18/2022,FEU,Z24,8,0.309070522606
09/18/2022,FEU,Z14,8,0.309070522606
09/18/2022,FEU,Z24,9,0.293813094916
09/18/2022,FEU,Z14,9,0.293813094916
09/19/2022,FEU,Z24,1,0.323310069706
09/19/2022,FEU,Z14,1,0.323310069706
09/19/2022,FEU,Z24,10,0.354709600121
09/19/2022,FEU,Z14,10,0.354709600121
09/19/2022,FEU,Z24,11,0.338813082915
09/19/2022,FEU,Z14,11,0.386963009002
09/19/2022,FEU,Z24,12,0.379484516822
09/19/2022,FEU,Z14,12,0.379484516822
09/19/2022,FEU,Z24,13,0.377046374582
09/19/2022,FEU,Z14,13,0.377046374582
09/19/2022,FEU,Z24,14,0.375384984665
09/19/2022,FEU,Z14,14,0.375384984665
09/19/2022,FEU,Z24,15,0.371297379213
09/19/2022,FEU,Z14,15,0.323189284566
09/19/2022,FEU,Z24,16,0.320778886582
09/19/2022,FEU,Z14,16,0.320778886582
09/19/2022,FEU,Z24,17,0.327824936998
09/19/2022,FEU,Z14,17,0.327824936998
09/19/2022,FEU,Z24,18,0.327850685337
09/19/2022,FEU,Z14,18,0.327850685337
09/19/2022,FEU,Z24,19,0.344909222738
09/19/2022,FEU,Z14,19,0.393078689155
09/19/2022,FEU,Z24,2,0.303044954761
09/19/2022,FEU,Z14,2,0.303044954761
09/19/2022,FEU,Z24,20,0.404697562941
09/19/2022,FEU,Z14,20,0.404697562941
09/19/2022,FEU,Z24,21,0.453970752856
09/19/2022,FEU,Z14,21,0.453970752856
09/19/2022,FEU,Z24,22,0.435440892771
09/19/2022,FEU,Z14,22,0.435440892771
09/19/2022,FEU,Z24,23,0.406919300612
09/19/2022,FEU,Z14,23,0.358712181255
09/19/2022,FEU,Z24,24,0.343146389259
09/19/2022,FEU,Z14,24,0.343146389259
09/19/2022,FEU,Z24,3,0.300535961825
09/19/2022,FEU,Z14,3,0.300535961825
09/19/2022,FEU,Z24,4,0.301208587623
09/19/2022,FEU,Z14,4,0.301208587623
09/19/2022,FEU,Z24,5,0.316529890873
09/19/2022,FEU,Z14,5,0.316529890873
09/19/2022,FEU,Z24,6,0.32313987973
09/19/2022,FEU,Z14,6,0.32313987973
09/19/2022,FEU,Z24,7,0.334770176695
09/19/2022,FEU,Z14,7,0.334770176695
09/19/2022,FEU,Z24,8,0.342060507754
09/19/2022,FEU,Z14,8,0.342060507754
09/19/2022,FEU,Z24,9,0.377152768533
09/19/2022,FEU,Z14,9,0.377152768533
09/20/2022,FEU,Z24,1,0.340052443793
09/20/2022,FEU,Z14,1,0.340052443793
09/20/2022,FEU,Z24,10,0.34875438966
09/20/2022,FEU,Z14,10,0.34875438966
09/20/2022,FEU,Z24,11,0.298768727965
09/20/2022,FEU,Z14,11,0.346812809942
09/20/2022,FEU,Z24,12,0.318416330082
09/20/2022,FEU,Z14,12,0.318416330082
09/20/2022,FEU,Z24,13,0.316447805643
09/20/2022,FEU,Z14,13,0.316447805643
09/20/2022,FEU,Z24,14,0.315378475307
09/20/2022,FEU,Z14,14,0.315378475307
09/20/2022,FEU,Z24,15,0.311209521573
09/20/2022,FEU,Z14,15,0.263054057257
09/20/2022,FEU,Z24,16,0.264614279283
09/20/2022,FEU,Z14,16,0.264614279283
09/20/2022,FEU,Z24,17,0.267799392729
09/20/2022,FEU,Z14,17,0.267799392729
09/20/2022,FEU,Z24,18,0.271339869738
09/20/2022,FEU,Z14,18,0.271339869738
09/20/2022,FEU,Z24,19,0.283119303069
09/20/2022,FEU,Z14,19,0.331349071305
09/20/2022,FEU,Z24,2,0.314412039379
09/20/2022,FEU,Z14,2,0.314412039379
09/20/2022,FEU,Z24,20,0.389610215812
09/20/2022,FEU,Z14,20,0.389610215812
09/20/2022,FEU,Z24,21,0.404757044574
09/20/2022,FEU,Z14,21,0.404757044574
09/20/2022,FEU,Z24,22,0.403973842281
09/20/2022,FEU,Z14,22,0.403973842281
09/20/2022,FEU,Z24,23,0.357215612853
09/20/2022,FEU,Z14,23,0.309140102856
09/20/2022,FEU,Z24,24,0.30670262035
09/20/2022,FEU,Z14,24,0.30670262035
09/20/2022,FEU,Z24,3,0.308011991054
09/20/2022,FEU,Z14,3,0.308011991054
09/20/2022,FEU,Z24,4,0.312451640581
09/20/2022,FEU,Z14,4,0.312451640581
09/20/2022,FEU,Z24,5,0.317552794191
09/20/2022,FEU,Z14,5,0.317552794191
09/20/2022,FEU,Z24,6,0.325014601835
09/20/2022,FEU,Z14,6,0.325014601835
09/20/2022,FEU,Z24,7,0.331586985145
09/20/2022,FEU,Z14,7,0.331586985145
09/20/2022,FEU,Z24,8,0.346851710683
09/20/2022,FEU,Z14,8,0.346851710683
09/20/2022,FEU,Z24,9,0.371204795211
09/20/2022,FEU,Z14,9,0.371204795211
09/21/2022,FEU,Z24,1,0.284599022611
09/21/2022,FEU,Z14,1,0.284599022611
09/21/2022,FEU,Z24,10,0.32268335346
09/21/2022,FEU,Z14,10,0.32268335346
09/21/2022,FEU,Z24,11,0.295856380506
09/21/2022,FEU,Z14,11,0.343891028883
09/21/2022,FEU,Z24,12,0.329289772142
09/21/2022,FEU,Z14,12,0.329289772142
09/21/2022,FEU,Z24,13,0.336004899213
09/21/2022,FEU,Z14,13,0.336004899213
09/21/2022,FEU,Z24,14,0.335369243349
09/21/2022,FEU,Z14,14,0.335369243349
09/21/2022,FEU,Z24,15,0.321673481815
09/21/2022,FEU,Z14,15,0.273480983139
09/21/2022,FEU,Z24,16,0.275059769715
09/21/2022,FEU,Z14,16,0.275059769715
09/21/2022,FEU,Z24,17,0.279182737921
09/21/2022,FEU,Z14,17,0.279182737921
09/21/2022,FEU,Z24,18,0.297232322851
09/21/2022,FEU,Z14,18,0.297232322851
09/21/2022,FEU,Z24,19,0.31797065046
09/21/2022,FEU,Z14,19,0.366068240277
09/21/2022,FEU,Z24,2,0.281863114129
09/21/2022,FEU,Z14,2,0.281863114129
09/21/2022,FEU,Z24,20,0.407530882041
09/21/2022,FEU,Z14,20,0.407530882041
09/21/2022,FEU,Z24,21,0.412170905247
09/21/2022,FEU,Z14,21,0.412170905247
09/21/2022,FEU,Z24,22,0.411092797301
09/21/2022,FEU,Z14,22,0.411092797301
09/21/2022,FEU,Z24,23,0.384765541012
09/21/2022,FEU,Z14,23,0.336617459755
09/21/2022,FEU,Z24,24,0.31801931035
09/21/2022,FEU,Z14,24,0.31801931035
09/21/2022,FEU,Z24,3,0.292376917135
09/21/2022,FEU,Z14,3,0.292376917135
09/21/2022,FEU,Z24,4,0.293069687503
09/21/2022,FEU,Z14,4,0.293069687503
09/21/2022,FEU,Z24,5,0.295737764593
09/21/2022,FEU,Z14,5,0.295737764593
09/21/2022,FEU,Z24,6,0.295592850916
09/21/2022,FEU,Z14,6,0.295592850916
09/21/2022,FEU,Z24,7,0.296294901323
09/21/2022,FEU,Z14,7,0.296294901323
09/21/2022,FEU,Z24,8,0.30933392285
09/21/2022,FEU,Z14,8,0.30933392285
09/21/2022,FEU,Z24,9,0.349046898679
09/21/2022,FEU,Z14,9,0.349046898679
09/22/2022,FEU,Z24,1,0.357036723667
09/22/2022,FEU,Z14,1,0.357036723667
09/22/2022,FEU,Z24,10,0.380716771653
09/22/2022,FEU,Z14,10,0.380716771653
09/22/2022,FEU,Z24,11,0.343253423228
09/22/2022,FEU,Z14,11,0.391412489915
09/22/2022,FEU,Z24,12,0.377377238815
09/22/2022,FEU,Z14,12,0.377377238815
09/22/2022,FEU,Z24,13,0.373211856915
09/22/2022,FEU,Z14,13,0.373211856915
09/22/2022,FEU,Z24,14,0.368952082108
09/22/2022,FEU,Z14,14,0.368952082108
09/22/2022,FEU,Z24,15,0.355083977415
09/22/2022,FEU,Z14,15,0.307020933228
09/22/2022,FEU,Z24,16,0.296070719465
09/22/2022,FEU,Z14,16,0.296070719465
09/22/2022,FEU,Z24,17,0.298462342422
09/22/2022,FEU,Z14,17,0.298462342422
09/22/2022,FEU,Z24,18,0.324766222362
09/22/2022,FEU,Z14,18,0.324766222362
09/22/2022,FEU,Z24,19,0.338705618502
09/22/2022,FEU,Z14,19,0.386856764839
09/22/2022,FEU,Z24,2,0.37726129724
09/22/2022,FEU,Z14,2,0.37726129724
09/22/2022,FEU,Z24,20,0.416998021343
09/22/2022,FEU,Z14,20,0.416998021343
09/22/2022,FEU,Z24,21,0.498264167736
09/22/2022,FEU,Z14,21,0.498264167736
09/22/2022,FEU,Z24,22,0.48561540066
09/22/2022,FEU,Z14,22,0.48561540066
09/22/2022,FEU,Z24,23,0.430912227741
09/22/2022,FEU,Z14,23,0.382643143914
09/22/2022,FEU,Z24,24,0.38540410085
09/22/2022,FEU,Z14,24,0.38540410085
09/22/2022,FEU,Z24,3,0.384003887535
09/22/2022,FEU,Z14,3,0.384003887535
09/22/2022,FEU,Z24,4,0.388939519393
09/22/2022,FEU,Z14,4,0.388939519393
09/22/2022,FEU,Z24,5,0.392717227054
09/22/2022,FEU,Z14,5,0.392717227054
09/22/2022,FEU,Z24,6,0.389314103118
09/22/2022,FEU,Z14,6,0.389314103118
09/22/2022,FEU,Z24,7,0.364607872768
09/22/2022,FEU,Z14,7,0.364607872768
09/22/2022,FEU,Z24,8,0.375176059355
09/22/2022,FEU,Z14,8,0.375176059355
09/22/2022,FEU,Z24,9,0.426095683155
09/22/2022,FEU,Z14,9,0.426095683155
09/23/2022,FEU,Z24,1,0.359638375005
09/23/2022,FEU,Z14,1,0.359638375005
09/23/2022,FEU,Z24,10,0.335265387602
09/23/2022,FEU,Z14,10,0.335265387602
09/23/2022,FEU,Z24,11,0.275679416157
09/23/2022,FEU,Z14,11,0.323660042544
09/23/2022,FEU,Z24,12,0.300494651024
09/23/2022,FEU,Z14,12,0.300494651024
09/23/2022,FEU,Z24,13,0.291572359344
09/23/2022,FEU,Z14,13,0.291572359344
09/23/2022,FEU,Z24,14,0.290187845646
09/23/2022,FEU,Z14,14,0.290187845646
09/23/2022,FEU,Z24,15,0.288299164863
09/23/2022,FEU,Z14,15,0.240410062866
09/23/2022,FEU,Z24,16,0.242056233393
09/23/2022,FEU,Z14,16,0.242056233393
09/23/2022,FEU,Z24,17,0.245473941801
09/23/2022,FEU,Z14,17,0.245473941801
09/23/2022,FEU,Z24,18,0.25069173786
09/23/2022,FEU,Z14,18,0.25069173786
09/23/2022,FEU,Z24,19,0.276154060142
09/23/2022,FEU,Z14,19,0.324358036378
09/23/2022,FEU,Z24,2,0.363874381551
09/23/2022,FEU,Z14,2,0.363874381551
09/23/2022,FEU,Z24,20,0.38584505285
09/23/2022,FEU,Z14,20,0.38584505285
09/23/2022,FEU,Z24,21,0.412568183339
09/23/2022,FEU,Z14,21,0.412568183339
09/23/2022,FEU,Z24,22,0.409618316301
09/23/2022,FEU,Z14,22,0.409618316301
09/23/2022,FEU,Z24,23,0.378950480862
09/23/2022,FEU,Z14,23,0.330550490106
09/23/2022,FEU,Z24,24,0.306623107713
09/23/2022,FEU,Z14,24,0.306623107713
09/23/2022,FEU,Z24,3,0.350457395887
09/23/2022,FEU,Z14,3,0.350457395887
09/23/2022,FEU,Z24,4,0.345415114885
09/23/2022,FEU,Z14,4,0.345415114885
09/23/2022,FEU,Z24,5,0.344840280585
09/23/2022,FEU,Z14,5,0.344840280585
09/23/2022,FEU,Z24,6,0.340244313677
09/23/2022,FEU,Z14,6,0.340244313677
09/23/2022,FEU,Z24,7,0.315522266086
09/23/2022,FEU,Z14,7,0.315522266086
09/23/2022,FEU,Z24,8,0.367800103234
09/23/2022,FEU,Z14,8,0.367800103234
09/23/2022,FEU,Z24,9,0.387326582334
09/23/2022,FEU,Z14,9,0.387326582334
09/24/2022,FEU,Z24,1,0.287723602932
09/24/2022,FEU,Z14,1,0.287723602932
09/24/2022,FEU,Z24,10,0.22633349386
09/24/2022,FEU,Z14,10,0.22633349386
09/24/2022,FEU,Z24,11,0.201465398187
09/24/2022,FEU,Z14,11,0.201465398187
09/24/2022,FEU,Z24,12,0.15039351337
09/24/2022,FEU,Z14,12,0.15039351337
09/24/2022,FEU,Z24,13,0.137334410948
09/24/2022,FEU,Z14,13,0.137334410948
09/24/2022,FEU,Z24,14,0.132800109499
09/24/2022,FEU,Z14,14,0.132800109499
09/24/2022,FEU,Z24,15,0.121597678937
09/24/2022,FEU,Z14,15,0.121597678937
09/24/2022,FEU,Z24,16,0.116793344155
09/24/2022,FEU,Z14,16,0.116793344155
09/24/2022,FEU,Z24,17,0.102892885563
09/24/2022,FEU,Z14,17,0.102892885563
09/24/2022,FEU,Z24,18,0.109214996191
09/24/2022,FEU,Z14,18,0.109214996191
09/24/2022,FEU,Z24,19,0.132743692288
09/24/2022,FEU,Z14,19,0.132743692288
09/24/2022,FEU,Z24,2,0.278969159089
09/24/2022,FEU,Z14,2,0.278969159089
09/24/2022,FEU,Z24,20,0.206183560042
09/24/2022,FEU,Z14,20,0.206183560042
09/24/2022,FEU,Z24,21,0.255838611757
09/24/2022,FEU,Z14,21,0.255838611757
09/24/2022,FEU,Z24,22,0.253110014861
09/24/2022,FEU,Z14,22,0.253110014861
09/24/2022,FEU,Z24,23,0.218983483498
09/24/2022,FEU,Z14,23,0.218983483498
09/24/2022,FEU,Z24,24,0.217372667836
09/24/2022,FEU,Z14,24,0.217372667836
09/24/2022,FEU,Z24,3,0.266609896254
09/24/2022,FEU,Z14,3,0.266609896254
09/24/2022,FEU,Z24,4,0.264412799792
09/24/2022,FEU,Z14,4,0.264412799792
09/24/2022,FEU,Z24,5,0.264811021191
09/24/2022,FEU,Z14,5,0.264811021191
09/24/2022,FEU,Z24,6,0.25633525483
09/24/2022,FEU,Z14,6,0.25633525483
09/24/2022,FEU,Z24,7,0.251535655693
09/24/2022,FEU,Z14,7,0.251535655693
09/24/2022,FEU,Z24,8,0.244101987917
09/24/2022,FEU,Z14,8,0.244101987917
09/24/2022,FEU,Z24,9,0.244983756243
09/24/2022,FEU,Z14,9,0.244983756243
09/25/2022,FEU,Z24,1,0.179599892893
09/25/2022,FEU,Z14,1,0.179599892893
09/25/2022,FEU,Z24,10,0.138760478305
09/25/2022,FEU,Z14,10,0.138760478305
09/25/2022,FEU,Z24,11,0.070907623183
09/25/2022,FEU,Z14,11,0.070907623183
09/25/2022,FEU,Z24,12,0.044101556315
09/25/2022,FEU,Z14,12,0.044101556315
09/25/2022,FEU,Z24,13,0.044421299143
09/25/2022,FEU,Z14,13,0.044421299143
09/25/2022,FEU,Z24,14,0.057858471365
09/25/2022,FEU,Z14,14,0.057858471365
09/25/2022,FEU,Z24,15,0.056705886544
09/25/2022,FEU,Z14,15,0.056705886544
09/25/2022,FEU,Z24,16,0.041025483816
09/25/2022,FEU,Z14,16,0.041025483816
09/25/2022,FEU,Z24,17,0.040566286092
09/25/2022,FEU,Z14,17,0.040566286092
09/25/2022,FEU,Z24,18,0.039592231052
09/25/2022,FEU,Z14,18,0.039592231052
09/25/2022,FEU,Z24,19,0.093549493852
09/25/2022,FEU,Z14,19,0.093549493852
09/25/2022,FEU,Z24,2,0.18804680083
09/25/2022,FEU,Z14,2,0.18804680083
09/25/2022,FEU,Z24,20,0.179094995244
09/25/2022,FEU,Z14,20,0.179094995244
09/25/2022,FEU,Z24,21,0.219215279545
09/25/2022,FEU,Z14,21,0.219215279545
09/25/2022,FEU,Z24,22,0.22650281535
09/25/2022,FEU,Z14,22,0.22650281535
09/25/2022,FEU,Z24,23,0.217607212288
09/25/2022,FEU,Z14,23,0.217607212288
09/25/2022,FEU,Z24,24,0.175313561302
09/25/2022,FEU,Z14,24,0.175313561302
09/25/2022,FEU,Z24,3,0.173608314075
09/25/2022,FEU,Z14,3,0.173608314075
09/25/2022,FEU,Z24,4,0.183675704622
09/25/2022,FEU,Z14,4,0.183675704622
09/25/2022,FEU,Z24,5,0.189820103851
09/25/2022,FEU,Z14,5,0.189820103851
09/25/2022,FEU,Z24,6,0.196454820241
09/25/2022,FEU,Z14,6,0.196454820241
09/25/2022,FEU,Z24,7,0.185933127544
09/25/2022,FEU,Z14,7,0.185933127544
09/25/2022,FEU,Z24,8,0.180453093486
09/25/2022,FEU,Z14,8,0.180453093486
09/25/2022,FEU,Z24,9,0.150443494276
09/25/2022,FEU,Z14,9,0.150443494276
09/26/2022,FEU,Z24,1,0.170589917426
09/26/2022,FEU,Z14,1,0.170589917426
09/26/2022,FEU,Z24,10,0.243303816491
09/26/2022,FEU,Z14,10,0.243303816491
09/26/2022,FEU,Z24,11,0.219839806465
09/26/2022,FEU,Z14,11,0.267674127742
09/26/2022,FEU,Z24,12,0.252640851862
09/26/2022,FEU,Z14,12,0.252640851862
09/26/2022,FEU,Z24,13,0.262234977082
09/26/2022,FEU,Z14,13,0.262234977082
09/26/2022,FEU,Z24,14,0.263849601565
09/26/2022,FEU,Z14,14,0.263849601565
09/26/2022,FEU,Z24,15,0.256591509423
09/26/2022,FEU,Z14,15,0.208787202786
09/26/2022,FEU,Z24,16,0.193703115142
09/26/2022,FEU,Z14,16,0.193703115142
09/26/2022,FEU,Z24,17,0.188500811378
09/26/2022,FEU,Z14,17,0.188500811378
09/26/2022,FEU,Z24,18,0.201306777897
09/26/2022,FEU,Z14,18,0.201306777897
09/26/2022,FEU,Z24,19,0.217212826918
09/26/2022,FEU,Z14,19,0.265045693705
09/26/2022,FEU,Z24,2,0.165722665041
09/26/2022,FEU,Z14,2,0.165722665041
09/26/2022,FEU,Z24,20,0.297359729421
09/26/2022,FEU,Z14,20,0.297359729421
09/26/2022,FEU,Z24,21,0.390258258296
09/26/2022,FEU,Z14,21,0.390258258296
09/26/2022,FEU,Z24,22,0.380102976421
09/26/2022,FEU,Z14,22,0.380102976421
09/26/2022,FEU,Z24,23,0.320921507052
09/26/2022,FEU,Z14,23,0.272940265605
09/26/2022,FEU,Z24,24,0.249635995519
09/26/2022,FEU,Z14,24,0.249635995519
09/26/2022,FEU,Z24,3,0.164011337075
09/26/2022,FEU,Z14,3,0.164011337075
09/26/2022,FEU,Z24,4,0.178688666693
09/26/2022,FEU,Z14,4,0.178688666693
09/26/2022,FEU,Z24,5,0.185785941383
09/26/2022,FEU,Z14,5,0.185785941383
09/26/2022,FEU,Z24,6,0.19250047603
09/26/2022,FEU,Z14,6,0.19250047603
09/26/2022,FEU,Z24,7,0.181522824745
09/26/2022,FEU,Z14,7,0.181522824745
09/26/2022,FEU,Z24,8,0.207701233054
09/26/2022,FEU,Z14,8,0.207701233054
09/26/2022,FEU,Z24,9,0.261144546213
09/26/2022,FEU,Z14,9,0.261144546213
09/27/2022,FEU,Z24,1,0.270227855313
09/27/2022,FEU,Z14,1,0.270227855313
09/27/2022,FEU,Z24,10,0.22850191146
09/27/2022,FEU,Z14,10,0.22850191146
09/27/2022,FEU,Z24,11,0.168198123665
09/27/2022,FEU,Z14,11,0.215895947102
09/27/2022,FEU,Z24,12,0.171302495322
09/27/2022,FEU,Z14,12,0.171302495322
09/27/2022,FEU,Z24,13,0.170442872733
09/27/2022,FEU,Z14,13,0.170442872733
09/27/2022,FEU,Z24,14,0.160036572877
09/27/2022,FEU,Z14,14,0.160036572877
09/27/2022,FEU,Z24,15,0.147160648803
09/27/2022,FEU,Z14,15,0.099581180327
09/27/2022,FEU,Z24,16,0.077660791653
09/27/2022,FEU,Z14,16,0.077660791653
09/27/2022,FEU,Z24,17,0.076766543519
09/27/2022,FEU,Z14,17,0.076766543519
09/27/2022,FEU,Z24,18,0.094615620978
09/27/2022,FEU,Z14,18,0.094615620978
09/27/2022,FEU,Z24,19,0.132646436609
09/27/2022,FEU,Z14,19,0.180348692605
09/27/2022,FEU,Z24,2,0.271308869479
09/27/2022,FEU,Z14,2,0.271308869479
09/27/2022,FEU,Z24,20,0.272489568252
09/27/2022,FEU,Z14,20,0.272489568252
09/27/2022,FEU,Z24,21,0.305900998854
09/27/2022,FEU,Z14,21,0.305900998854
09/27/2022,FEU,Z24,22,0.324004845911
09/27/2022,FEU,Z14,22,0.324004845911
09/27/2022,FEU,Z24,23,0.304040991073
09/27/2022,FEU,Z14,23,0.256104560296
09/27/2022,FEU,Z24,24,0.25393431835
09/27/2022,FEU,Z14,24,0.25393431835
09/27/2022,FEU,Z24,3,0.270972508574
09/27/2022,FEU,Z14,3,0.270972508574
09/27/2022,FEU,Z24,4,0.260161124961
09/27/2022,FEU,Z14,4,0.260161124961
09/27/2022,FEU,Z24,5,0.218703849241
09/27/2022,FEU,Z14,5,0.218703849241
09/27/2022,FEU,Z24,6,0.207807376935
09/27/2022,FEU,Z14,6,0.207807376935
09/27/2022,FEU,Z24,7,0.239672477845
09/27/2022,FEU,Z14,7,0.239672477845
09/27/2022,FEU,Z24,8,0.236969546543
09/27/2022,FEU,Z14,8,0.236969546543
09/27/2022,FEU,Z24,9,0.256320616941
09/27/2022,FEU,Z14,9,0.256320616941
09/28/2022,FEU,Z24,1,0.218344396471
09/28/2022,FEU,Z14,1,0.218344396471
09/28/2022,FEU,Z24,10,0.21951618066
09/28/2022,FEU,Z14,10,0.21951618066
09/28/2022,FEU,Z24,11,0.188615327286
09/28/2022,FEU,Z14,11,0.236367406173
09/28/2022,FEU,Z24,12,0.210709022762
09/28/2022,FEU,Z14,12,0.210709022762
09/28/2022,FEU,Z24,13,0.202008789753
09/28/2022,FEU,Z14,13,0.202008789753
09/28/2022,FEU,Z24,14,0.179071150749
09/28/2022,FEU,Z14,14,0.179071150749
09/28/2022,FEU,Z24,15,0.156485343465
09/28/2022,FEU,Z14,15,0.108875005629
09/28/2022,FEU,Z24,16,0.093550036265
09/28/2022,FEU,Z14,16,0.093550036265
09/28/2022,FEU,Z24,17,0.088499706791
09/28/2022,FEU,Z14,17,0.088499706791
09/28/2022,FEU,Z24,18,0.105398856161
09/28/2022,FEU,Z14,18,0.105398856161
09/28/2022,FEU,Z24,19,0.13962936966
09/28/2022,FEU,Z14,19,0.187256497317
09/28/2022,FEU,Z24,2,0.207516993049
09/28/2022,FEU,Z14,2,0.207516993049
09/28/2022,FEU,Z24,20,0.233707691691
09/28/2022,FEU,Z14,20,0.233707691691
09/28/2022,FEU,Z24,21,0.315036822147
09/28/2022,FEU,Z14,21,0.315036822147
09/28/2022,FEU,Z24,22,0.352765359041
09/28/2022,FEU,Z14,22,0.352765359041
09/28/2022,FEU,Z24,23,0.290324230412
09/28/2022,FEU,Z14,23,0.242422947005
09/28/2022,FEU,Z24,24,0.22617741235
09/28/2022,FEU,Z14,24,0.22617741235
09/28/2022,FEU,Z24,3,0.211526254985
09/28/2022,FEU,Z14,3,0.211526254985
09/28/2022,FEU,Z24,4,0.209324787223
09/28/2022,FEU,Z14,4,0.209324787223
09/28/2022,FEU,Z24,5,0.194597644003
09/28/2022,FEU,Z14,5,0.194597644003
09/28/2022,FEU,Z24,6,0.189082520836
09/28/2022,FEU,Z14,6,0.189082520836
09/28/2022,FEU,Z24,7,0.194849106613
09/28/2022,FEU,Z14,7,0.194849106613
09/28/2022,FEU,Z24,8,0.21947084135
09/28/2022,FEU,Z14,8,0.21947084135
09/28/2022,FEU,Z24,9,0.243093089979
09/28/2022,FEU,Z14,9,0.243093089979
09/29/2022,FEU,Z24,1,0.191115826147
09/29/2022,FEU,Z14,1,0.191115826147
09/29/2022,FEU,Z24,10,0.207857467803
09/29/2022,FEU,Z14,10,0.207857467803
09/29/2022,FEU,Z24,11,0.174126499108
09/29/2022,FEU,Z14,11,0.221837349565
09/29/2022,FEU,Z24,12,0.201012619265
09/29/2022,FEU,Z14,12,0.201012619265
09/29/2022,FEU,Z24,13,0.201549565065
09/29/2022,FEU,Z14,13,0.201549565065
09/29/2022,FEU,Z24,14,0.201687694188
09/29/2022,FEU,Z14,14,0.201687694188
09/29/2022,FEU,Z24,15,0.199652287715
09/29/2022,FEU,Z14,15,0.152000076188
09/29/2022,FEU,Z24,16,0.147949235615
09/29/2022,FEU,Z14,16,0.147949235615
09/29/2022,FEU,Z24,17,0.151179765022
09/29/2022,FEU,Z14,17,0.151179765022
09/29/2022,FEU,Z24,18,0.163635163642
09/29/2022,FEU,Z14,18,0.163635163642
09/29/2022,FEU,Z24,19,0.183910579622
09/29/2022,FEU,Z14,19,0.231652513679
09/29/2022,FEU,Z24,2,0.18575860244
09/29/2022,FEU,Z14,2,0.18575860244
09/29/2022,FEU,Z24,20,0.257534430853
09/29/2022,FEU,Z14,20,0.257534430853
09/29/2022,FEU,Z24,21,0.319133936456
09/29/2022,FEU,Z14,21,0.319133936456
09/29/2022,FEU,Z24,22,0.34562312706
09/29/2022,FEU,Z14,22,0.34562312706
09/29/2022,FEU,Z24,23,0.274160419791
09/29/2022,FEU,Z14,23,0.226299463614
09/29/2022,FEU,Z24,24,0.20663681935
09/29/2022,FEU,Z14,24,0.20663681935
09/29/2022,FEU,Z24,3,0.174468001085
09/29/2022,FEU,Z14,3,0.174468001085
09/29/2022,FEU,Z24,4,0.162556888783
09/29/2022,FEU,Z14,4,0.162556888783
09/29/2022,FEU,Z24,5,0.158743341194
09/29/2022,FEU,Z14,5,0.158743341194
09/29/2022,FEU,Z24,6,0.157380704218
09/29/2022,FEU,Z14,6,0.157380704218
09/29/2022,FEU,Z24,7,0.174927075328
09/29/2022,FEU,Z14,7,0.174927075328
09/29/2022,FEU,Z24,8,0.206523937005
09/29/2022,FEU,Z14,8,0.206523937005
09/29/2022,FEU,Z24,9,0.244153396955
09/29/2022,FEU,Z14,9,0.244153396955
09/30/2022,FEU,Z24,1,0.160971463105
09/30/2022,FEU,Z14,1,0.160971463105
09/30/2022,FEU,Z24,10,0.224228280902
09/30/2022,FEU,Z14,10,0.224228280902
09/30/2022,FEU,Z24,11,0.170648367397
09/30/2022,FEU,Z14,11,0.218352024624
09/30/2022,FEU,Z24,12,0.200681090224
09/30/2022,FEU,Z14,12,0.200681090224
09/30/2022,FEU,Z24,13,0.203861787984
09/30/2022,FEU,Z14,13,0.203861787984
09/30/2022,FEU,Z24,14,0.208061637846
09/30/2022,FEU,Z14,14,0.208061637846
09/30/2022,FEU,Z24,15,0.205212935343
09/30/2022,FEU,Z14,15,0.157543058226
09/30/2022,FEU,Z24,16,0.158073877323
09/30/2022,FEU,Z14,16,0.158073877323
09/30/2022,FEU,Z24,17,0.161042673741
09/30/2022,FEU,Z14,17,0.161042673741
09/30/2022,FEU,Z24,18,0.17453151846
09/30/2022,FEU,Z14,18,0.17453151846
09/30/2022,FEU,Z24,19,0.201644101902
09/30/2022,FEU,Z14,19,0.249586180218
09/30/2022,FEU,Z24,2,0.160108818281
09/30/2022,FEU,Z14,2,0.160108818281
09/30/2022,FEU,Z24,20,0.32103899935
09/30/2022,FEU,Z14,20,0.32103899935
09/30/2022,FEU,Z24,21,0.379682386839
09/30/2022,FEU,Z14,21,0.379682386839
09/30/2022,FEU,Z24,22,0.404502370821
09/30/2022,FEU,Z14,22,0.404502370821
09/30/2022,FEU,Z24,23,0.368779245762
09/30/2022,FEU,Z14,23,0.320414388806
09/30/2022,FEU,Z24,24,0.314789017023
09/30/2022,FEU,Z14,24,0.314789017023
09/30/2022,FEU,Z24,3,0.164311651497
09/30/2022,FEU,Z14,3,0.164311651497
09/30/2022,FEU,Z24,4,0.165583466435
09/30/2022,FEU,Z14,4,0.165583466435
09/30/2022,FEU,Z24,5,0.172260757135
09/30/2022,FEU,Z14,5,0.172260757135
09/30/2022,FEU,Z24,6,0.175775179677
09/30/2022,FEU,Z14,6,0.175775179677
09/30/2022,FEU,Z24,7,0.213730730306
09/30/2022,FEU,Z14,7,0.213730730306
09/30/2022,FEU,Z24,8,0.252254504254
09/30/2022,FEU,Z14,8,0.252254504254
09/30/2022,FEU,Z24,9,0.277387880034
09/30/2022,FEU,Z14,9,0.277387880034
10/01/2022,FEU,Z24,1,0.285146315793
10/01/2022,FEU,Z14,1,0.285146315793
10/01/2022,FEU,Z24,10,0.240371217202
10/01/2022,FEU,Z14,10,0.240371217202
10/01/2022,FEU,Z24,11,0.186226133248
10/01/2022,FEU,Z14,11,0.186226133248
10/01/2022,FEU,Z24,12,0.175204756979
10/01/2022,FEU,Z14,12,0.175204756979
10/01/2022,FEU,Z24,13,0.169302400768
10/01/2022,FEU,Z14,13,0.169302400768
10/01/2022,FEU,Z24,14,0.160517812819
10/01/2022,FEU,Z14,14,0.160517812819
10/01/2022,FEU,Z24,15,0.143164162799
10/01/2022,FEU,Z14,15,0.143164162799
10/01/2022,FEU,Z24,16,0.149820341842
10/01/2022,FEU,Z14,16,0.149820341842
10/01/2022,FEU,Z24,17,0.163237858178
10/01/2022,FEU,Z14,17,0.163237858178
10/01/2022,FEU,Z24,18,0.182272061596
10/01/2022,FEU,Z14,18,0.182272061596
10/01/2022,FEU,Z24,19,0.23136950233
10/01/2022,FEU,Z14,19,0.23136950233
10/01/2022,FEU,Z24,2,0.212135245219
10/01/2022,FEU,Z14,2,0.212135245219
10/01/2022,FEU,Z24,20,0.300417766382
10/01/2022,FEU,Z14,20,0.300417766382
10/01/2022,FEU,Z24,21,0.341348989467
10/01/2022,FEU,Z14,21,0.341348989467
10/01/2022,FEU,Z24,22,0.301854311215
10/01/2022,FEU,Z14,22,0.301854311215
10/01/2022,FEU,Z24,23,0.288948837283
10/01/2022,FEU,Z14,23,0.288948837283
10/01/2022,FEU,Z24,24,0.27278632851
10/01/2022,FEU,Z14,24,0.27278632851
10/01/2022,FEU,Z24,3,0.197782570107
10/01/2022,FEU,Z14,3,0.197782570107
10/01/2022,FEU,Z24,4,0.189817280416
10/01/2022,FEU,Z14,4,0.189817280416
10/01/2022,FEU,Z24,5,0.182521315465
10/01/2022,FEU,Z14,5,0.182521315465
10/01/2022,FEU,Z24,6,0.182552303776
10/01/2022,FEU,Z14,6,0.182552303776
10/01/2022,FEU,Z24,7,0.20153437762
10/01/2022,FEU,Z14,7,0.20153437762
10/01/2022,FEU,Z24,8,0.206680663075
10/01/2022,FEU,Z14,8,0.206680663075
10/01/2022,FEU,Z24,9,0.241490496112
10/01/2022,FEU,Z14,9,0.241490496112
10/02/2022,FEU,Z24,1,0.303236815633
10/02/2022,FEU,Z14,1,0.303236815633
10/02/2022,FEU,Z24,10,0.226941515194
10/02/2022,FEU,Z14,10,0.226941515194
10/02/2022,FEU,Z24,11,0.174708772642
10/02/2022,FEU,Z14,11,0.174708772642
10/02/2022,FEU,Z24,12,0.156767684608
10/02/2022,FEU,Z14,12,0.156767684608
10/02/2022,FEU,Z24,13,0.165393967644
10/02/2022,FEU,Z14,13,0.165393967644
10/02/2022,FEU,Z24,14,0.165460204288
10/02/2022,FEU,Z14,14,0.165460204288
10/02/2022,FEU,Z24,15,0.149996763623
10/02/2022,FEU,Z14,15,0.149996763623
10/02/2022,FEU,Z24,16,0.16485547204
10/02/2022,FEU,Z14,16,0.16485547204
10/02/2022,FEU,Z24,17,0.167145292338
10/02/2022,FEU,Z14,17,0.167145292338
10/02/2022,FEU,Z24,18,0.175264465218
10/02/2022,FEU,Z14,18,0.175264465218
10/02/2022,FEU,Z24,19,0.232288301474
10/02/2022,FEU,Z14,19,0.232288301474
10/02/2022,FEU,Z24,2,0.265517330991
10/02/2022,FEU,Z14,2,0.265517330991
10/02/2022,FEU,Z24,20,0.264776149388
10/02/2022,FEU,Z14,20,0.264776149388
10/02/2022,FEU,Z24,21,0.319736855224
10/02/2022,FEU,Z14,21,0.319736855224
10/02/2022,FEU,Z24,22,0.340016928184
10/02/2022,FEU,Z14,22,0.340016928184
10/02/2022,FEU,Z24,23,0.278441732824
10/02/2022,FEU,Z14,23,0.278441732824
10/02/2022,FEU,Z24,24,0.281527828921
10/02/2022,FEU,Z14,24,0.281527828921
10/02/2022,FEU,Z24,3,0.277815028231
10/02/2022,FEU,Z14,3,0.277815028231
10/02/2022,FEU,Z24,4,0.264038873779
10/02/2022,FEU,Z14,4,0.264038873779
10/02/2022,FEU,Z24,5,0.233635230646
10/02/2022,FEU,Z14,5,0.233635230646
10/02/2022,FEU,Z24,6,0.265065843037
10/02/2022,FEU,Z14,6,0.265065843037
10/02/2022,FEU,Z24,7,0.303291193848
10/02/2022,FEU,Z14,7,0.303291193848
10/02/2022,FEU,Z24,8,0.286470386714
10/02/2022,FEU,Z14,8,0.286470386714
10/02/2022,FEU,Z24,9,0.263085204523
10/02/2022,FEU,Z14,9,0.263085204523
10/03/2022,FEU,Z24,1,0.319961259991
10/03/2022,FEU,Z14,1,0.319961259991
10/03/2022,FEU,Z24,10,0.340183843504
10/03/2022,FEU,Z14,10,0.340183843504
10/03/2022,FEU,Z24,11,0.313858662394
10/03/2022,FEU,Z14,11,0.361936531951
10/03/2022,FEU,Z24,12,0.348041055606
10/03/2022,FEU,Z14,12,0.348041055606
10/03/2022,FEU,Z24,13,0.344342321826
10/03/2022,FEU,Z14,13,0.344342321826
10/03/2022,FEU,Z24,14,0.340146666748
10/03/2022,FEU,Z14,14,0.340146666748
10/03/2022,FEU,Z24,15,0.329582609766
10/03/2022,FEU,Z14,15,0.28135382585
10/03/2022,FEU,Z24,16,0.282136873845
10/03/2022,FEU,Z14,16,0.282136873845
10/03/2022,FEU,Z24,17,0.289862372164
10/03/2022,FEU,Z14,17,0.289862372164
10/03/2022,FEU,Z24,18,0.306328291095
10/03/2022,FEU,Z14,18,0.306328291095
10/03/2022,FEU,Z24,19,0.317130016386
10/03/2022,FEU,Z14,19,0.365222081223
10/03/2022,FEU,Z24,2,0.314761345858
10/03/2022,FEU,Z14,2,0.314761345858
10/03/2022,FEU,Z24,20,0.386315071673
10/03/2022,FEU,Z14,20,0.386315071673
10/03/2022,FEU,Z24,21,0.456844687095
10/03/2022,FEU,Z14,21,0.456844687095
10/03/2022,FEU,Z24,22,0.454789525343
10/03/2022,FEU,Z14,22,0.454789525343
10/03/2022,FEU,Z24,23,0.399319503615
10/03/2022,FEU,Z14,23,0.350840577299
10/03/2022,FEU,Z24,24,0.348449763936
10/03/2022,FEU,Z14,24,0.348449763936
10/03/2022,FEU,Z24,3,0.320244968096
10/03/2022,FEU,Z14,3,0.320244968096
10/03/2022,FEU,Z24,4,0.326715089815
10/03/2022,FEU,Z14,4,0.326715089815
10/03/2022,FEU,Z24,5,0.333192552736
10/03/2022,FEU,Z14,5,0.333192552736
10/03/2022,FEU,Z24,6,0.336060300342
10/03/2022,FEU,Z14,6,0.336060300342
10/03/2022,FEU,Z24,7,0.318307485072
10/03/2022,FEU,Z14,7,0.318307485072
10/03/2022,FEU,Z24,8,0.319999199662
10/03/2022,FEU,Z14,8,0.319999199662
10/03/2022,FEU,Z24,9,0.377997842073
10/03/2022,FEU,Z14,9,0.377997842073
10/04/2022,FEU,Z24,1,0.385055019889
10/04/2022,FEU,Z14,1,0.385055019889
10/04/2022,FEU,Z24,10,0.427268990064
10/04/2022,FEU,Z14,10,0.427268990064
10/04/2022,FEU,Z24,11,0.314487231668
10/04/2022,FEU,Z14,11,0.362823949264
10/04/2022,FEU,Z24,12,0.336274925343
10/04/2022,FEU,Z14,12,0.336274925343
10/04/2022,FEU,Z24,13,0.329058087751
10/04/2022,FEU,Z14,13,0.329058087751
10/04/2022,FEU,Z24,14,0.331276033626
10/04/2022,FEU,Z14,14,0.331276033626
10/04/2022,FEU,Z24,15,0.329326764762
10/04/2022,FEU,Z14,15,0.281098185806
10/04/2022,FEU,Z24,16,0.277317741431
10/04/2022,FEU,Z14,16,0.277317741431
10/04/2022,FEU,Z24,17,0.279775922481
10/04/2022,FEU,Z14,17,0.279775922481
10/04/2022,FEU,Z24,18,0.294689644731
10/04/2022,FEU,Z14,18,0.294689644731
10/04/2022,FEU,Z24,19,0.341680830665
10/04/2022,FEU,Z14,19,0.390115515381
10/04/2022,FEU,Z24,2,0.369676287075
10/04/2022,FEU,Z14,2,0.369676287075
10/04/2022,FEU,Z24,20,0.476843447094
10/04/2022,FEU,Z14,20,0.476843447094
10/04/2022,FEU,Z24,21,0.512532061429
10/04/2022,FEU,Z14,21,0.512532061429
10/04/2022,FEU,Z24,22,0.493981603008
10/04/2022,FEU,Z14,22,0.493981603008
10/04/2022,FEU,Z24,23,0.489791636487
10/04/2022,FEU,Z14,23,0.440658666042
10/04/2022,FEU,Z24,24,0.409062214278
10/04/2022,FEU,Z14,24,0.409062214278
10/04/2022,FEU,Z24,3,0.377336488504
10/04/2022,FEU,Z14,3,0.377336488504
10/04/2022,FEU,Z24,4,0.358697756825
10/04/2022,FEU,Z14,4,0.358697756825
10/04/2022,FEU,Z24,5,0.369728191537
10/04/2022,FEU,Z14,5,0.369728191537
10/04/2022,FEU,Z24,6,0.384821893851
10/04/2022,FEU,Z14,6,0.384821893851
10/04/2022,FEU,Z24,7,0.387328454278
10/04/2022,FEU,Z14,7,0.387328454278
10/04/2022,FEU,Z24,8,0.423114983245
10/04/2022,FEU,Z14,8,0.423114983245
10/04/2022,FEU,Z24,9,0.456140919312
10/04/2022,FEU,Z14,9,0.456140919312
10/05/2022,FEU,Z24,1,0.424635572575
10/05/2022,FEU,Z14,1,0.424635572575
10/05/2022,FEU,Z24,10,0.394743889691
10/05/2022,FEU,Z14,10,0.394743889691
10/05/2022,FEU,Z24,11,0.308595819015
10/05/2022,FEU,Z14,11,0.356912765571
10/05/2022,FEU,Z24,12,0.335936329422
10/05/2022,FEU,Z14,12,0.335936329422
10/05/2022,FEU,Z24,13,0.331672890051
10/05/2022,FEU,Z14,13,0.331672890051
10/05/2022,FEU,Z24,14,0.330322969113
10/05/2022,FEU,Z14,14,0.330322969113
10/05/2022,FEU,Z24,15,0.33064251244
10/05/2022,FEU,Z14,15,0.282408472604
10/05/2022,FEU,Z24,16,0.286695659829
10/05/2022,FEU,Z14,16,0.286695659829
10/05/2022,FEU,Z24,17,0.291820556197
10/05/2022,FEU,Z14,17,0.291820556197
10/05/2022,FEU,Z24,18,0.299898304956
10/05/2022,FEU,Z14,18,0.299898304956
10/05/2022,FEU,Z24,19,0.31516066446
10/05/2022,FEU,Z14,19,0.363503564616
10/05/2022,FEU,Z24,2,0.390397408111
10/05/2022,FEU,Z14,2,0.390397408111
10/05/2022,FEU,Z24,20,0.44493351335
10/05/2022,FEU,Z14,20,0.44493351335
10/05/2022,FEU,Z24,21,0.474367180545
10/05/2022,FEU,Z14,21,0.474367180545
10/05/2022,FEU,Z24,22,0.440219303244
10/05/2022,FEU,Z14,22,0.440219303244
10/05/2022,FEU,Z24,23,0.380198680403
10/05/2022,FEU,Z14,23,0.331528380558
10/05/2022,FEU,Z24,24,0.315516975397
10/05/2022,FEU,Z14,24,0.315516975397
10/05/2022,FEU,Z24,3,0.36436800562
10/05/2022,FEU,Z14,3,0.36436800562
10/05/2022,FEU,Z24,4,0.35239970222
10/05/2022,FEU,Z14,4,0.35239970222
10/05/2022,FEU,Z24,5,0.326289025942
10/05/2022,FEU,Z14,5,0.326289025942
10/05/2022,FEU,Z24,6,0.352231614325
10/05/2022,FEU,Z14,6,0.352231614325
10/05/2022,FEU,Z24,7,0.372450932836
10/05/2022,FEU,Z14,7,0.372450932836
10/05/2022,FEU,Z24,8,0.435945602781
10/05/2022,FEU,Z14,8,0.435945602781
10/05/2022,FEU,Z24,9,0.465542725287
10/05/2022,FEU,Z14,9,0.465542725287
10/06/2022,FEU,Z24,1,0.227382072711
10/06/2022,FEU,Z14,1,0.227382072711
10/06/2022,FEU,Z24,10,0.237465823293
10/06/2022,FEU,Z14,10,0.237465823293
10/06/2022,FEU,Z24,11,0.217955150588
10/06/2022,FEU,Z14,11,0.265782154715
10/06/2022,FEU,Z24,12,0.250507604343
10/06/2022,FEU,Z14,12,0.250507604343
10/06/2022,FEU,Z24,13,0.248344552803
10/06/2022,FEU,Z14,13,0.248344552803
10/06/2022,FEU,Z24,14,0.253960244415
10/06/2022,FEU,Z14,14,0.253960244415
10/06/2022,FEU,Z24,15,0.26194023644
10/06/2022,FEU,Z14,15,0.213943101004
10/06/2022,FEU,Z24,16,0.21782624124
10/06/2022,FEU,Z14,16,0.21782624124
10/06/2022,FEU,Z24,17,0.220821964797
10/06/2022,FEU,Z14,17,0.220821964797
10/06/2022,FEU,Z24,18,0.233988965285
10/06/2022,FEU,Z14,18,0.233988965285
10/06/2022,FEU,Z24,19,0.254629269238
10/06/2022,FEU,Z14,19,0.302759686794
10/06/2022,FEU,Z24,2,0.223468029727
10/06/2022,FEU,Z14,2,0.223468029727
10/06/2022,FEU,Z24,20,0.380877402006
10/06/2022,FEU,Z14,20,0.380877402006
10/06/2022,FEU,Z24,21,0.42037354684
10/06/2022,FEU,Z14,21,0.42037354684
10/06/2022,FEU,Z24,22,0.430500040269
10/06/2022,FEU,Z14,22,0.430500040269
10/06/2022,FEU,Z24,23,0.400638618687
10/06/2022,FEU,Z14,23,0.352152848051
10/06/2022,FEU,Z24,24,0.321336817688
10/06/2022,FEU,Z14,24,0.321336817688
10/06/2022,FEU,Z24,3,0.213489541325
10/06/2022,FEU,Z14,3,0.213489541325
10/06/2022,FEU,Z24,4,0.210580488184
10/06/2022,FEU,Z14,4,0.210580488184
10/06/2022,FEU,Z24,5,0.204752428086
10/06/2022,FEU,Z14,5,0.204752428086
10/06/2022,FEU,Z24,6,0.202935162919
10/06/2022,FEU,Z14,6,0.202935162919
10/06/2022,FEU,Z24,7,0.20054661884
10/06/2022,FEU,Z14,7,0.20054661884
10/06/2022,FEU,Z24,8,0.218676943884
10/06/2022,FEU,Z14,8,0.218676943884
10/06/2022,FEU,Z24,9,0.261989463508
10/06/2022,FEU,Z14,9,0.261989463508
10/07/2022,FEU,Z24,1,0.298936972508
10/07/2022,FEU,Z14,1,0.298936972508
10/07/2022,FEU,Z24,10,0.372500098942
10/07/2022,FEU,Z14,10,0.372500098942
10/07/2022,FEU,Z24,11,0.311247209946
10/07/2022,FEU,Z14,11,0.359323711803
10/07/2022,FEU,Z24,12,0.322972973122
10/07/2022,FEU,Z14,12,0.322972973122
10/07/2022,FEU,Z24,13,0.314900454431
10/07/2022,FEU,Z14,13,0.314900454431
10/07/2022,FEU,Z24,14,0.306053374383
10/07/2022,FEU,Z14,14,0.306053374383
10/07/2022,FEU,Z24,15,0.297826716781
10/07/2022,FEU,Z14,15,0.249705236145
10/07/2022,FEU,Z24,16,0.249877572342
10/07/2022,FEU,Z14,16,0.249877572342
10/07/2022,FEU,Z24,17,0.250622646789
10/07/2022,FEU,Z14,17,0.250622646789
10/07/2022,FEU,Z24,18,0.279188580238
10/07/2022,FEU,Z14,18,0.279188580238
10/07/2022,FEU,Z24,19,0.31896652026
10/07/2022,FEU,Z14,19,0.367322774296
10/07/2022,FEU,Z24,2,0.293893002547
10/07/2022,FEU,Z14,2,0.293893002547
10/07/2022,FEU,Z24,20,0.422233125247
10/07/2022,FEU,Z14,20,0.422233125247
10/07/2022,FEU,Z24,21,0.460408224579
10/07/2022,FEU,Z14,21,0.460408224579
10/07/2022,FEU,Z24,22,0.428043478797
10/07/2022,FEU,Z14,22,0.428043478797
10/07/2022,FEU,Z24,23,0.394423482377
10/07/2022,FEU,Z14,23,0.345958550421
10/07/2022,FEU,Z24,24,0.321002020648
10/07/2022,FEU,Z14,24,0.321002020648
10/07/2022,FEU,Z24,3,0.279013287075
10/07/2022,FEU,Z14,3,0.279013287075
10/07/2022,FEU,Z24,4,0.281605203506
10/07/2022,FEU,Z14,4,0.281605203506
10/07/2022,FEU,Z24,5,0.312999788407
10/07/2022,FEU,Z14,5,0.312999788407
10/07/2022,FEU,Z24,6,0.31198559113
10/07/2022,FEU,Z14,6,0.31198559113
10/07/2022,FEU,Z24,7,0.327298790598
10/07/2022,FEU,Z14,7,0.327298790598
10/07/2022,FEU,Z24,8,0.328935426244
10/07/2022,FEU,Z14,8,0.328935426244
10/07/2022,FEU,Z24,9,0.398638200272
10/07/2022,FEU,Z14,9,0.398638200272
10/08/2022,FEU,Z24,1,0.302367862003
10/08/2022,FEU,Z14,1,0.302367862003
10/08/2022,FEU,Z24,10,0.218556720562
10/08/2022,FEU,Z14,10,0.218556720562
10/08/2022,FEU,Z24,11,0.191510391808
10/08/2022,FEU,Z14,11,0.191510391808
10/08/2022,FEU,Z24,12,0.162874991759
10/08/2022,FEU,Z14,12,0.162874991759
10/08/2022,FEU,Z24,13,0.159438135808
10/08/2022,FEU,Z14,13,0.159438135808
10/08/2022,FEU,Z24,14,0.168738784279
10/08/2022,FEU,Z14,14,0.168738784279
10/08/2022,FEU,Z24,15,0.173561969209
10/08/2022,FEU,Z14,15,0.173561969209
10/08/2022,FEU,Z24,16,0.174913692322
10/08/2022,FEU,Z14,16,0.174913692322
10/08/2022,FEU,Z24,17,0.180056797238
10/08/2022,FEU,Z14,17,0.180056797238
10/08/2022,FEU,Z24,18,0.193390554676
10/08/2022,FEU,Z14,18,0.193390554676
10/08/2022,FEU,Z24,19,0.22084597243
10/08/2022,FEU,Z14,19,0.22084597243
10/08/2022,FEU,Z24,2,0.290969227309
10/08/2022,FEU,Z14,2,0.290969227309
10/08/2022,FEU,Z24,20,0.280229426202
10/08/2022,FEU,Z14,20,0.280229426202
10/08/2022,FEU,Z24,21,0.311713940387
10/08/2022,FEU,Z14,21,0.311713940387
10/08/2022,FEU,Z24,22,0.323613956665
10/08/2022,FEU,Z14,22,0.323613956665
10/08/2022,FEU,Z24,23,0.297537672533
10/08/2022,FEU,Z14,23,0.297537672533
10/08/2022,FEU,Z24,24,0.29139633391
10/08/2022,FEU,Z14,24,0.29139633391
10/08/2022,FEU,Z24,3,0.269349243467
10/08/2022,FEU,Z14,3,0.269349243467
10/08/2022,FEU,Z24,4,0.264554095456
10/08/2022,FEU,Z14,4,0.264554095456
10/08/2022,FEU,Z24,5,0.263157365965
10/08/2022,FEU,Z14,5,0.263157365965
10/08/2022,FEU,Z24,6,0.256605311456
10/08/2022,FEU,Z14,6,0.256605311456
10/08/2022,FEU,Z24,7,0.25190044742
10/08/2022,FEU,Z14,7,0.25190044742
10/08/2022,FEU,Z24,8,0.247828093825
10/08/2022,FEU,Z14,8,0.247828093825
10/08/2022,FEU,Z24,9,0.239781303312
10/08/2022,FEU,Z14,9,0.239781303312
10/09/2022,FEU,Z24,1,0.281310219273
10/09/2022,FEU,Z14,1,0.281310219273
10/09/2022,FEU,Z24,10,0.200893471634
10/09/2022,FEU,Z14,10,0.200893471634
10/09/2022,FEU,Z24,11,0.178219909702
10/09/2022,FEU,Z14,11,0.178219909702
10/09/2022,FEU,Z24,12,0.155787171328
10/09/2022,FEU,Z14,12,0.155787171328
10/09/2022,FEU,Z24,13,0.152178818404
10/09/2022,FEU,Z14,13,0.152178818404
10/09/2022,FEU,Z24,14,0.154998143488
10/09/2022,FEU,Z14,14,0.154998143488
10/09/2022,FEU,Z24,15,0.149271891553
10/09/2022,FEU,Z14,15,0.149271891553
10/09/2022,FEU,Z24,16,0.15390625524
10/09/2022,FEU,Z14,16,0.15390625524
10/09/2022,FEU,Z24,17,0.155483959998
10/09/2022,FEU,Z14,17,0.155483959998
10/09/2022,FEU,Z24,18,0.169674187798
10/09/2022,FEU,Z14,18,0.169674187798
10/09/2022,FEU,Z24,19,0.188641388494
10/09/2022,FEU,Z14,19,0.188641388494
10/09/2022,FEU,Z24,2,0.258401324051
10/09/2022,FEU,Z14,2,0.258401324051
10/09/2022,FEU,Z24,20,0.269167926388
10/09/2022,FEU,Z14,20,0.269167926388
10/09/2022,FEU,Z24,21,0.323756893624
10/09/2022,FEU,Z14,21,0.323756893624
10/09/2022,FEU,Z24,22,0.337895118424
10/09/2022,FEU,Z14,22,0.337895118424
10/09/2022,FEU,Z24,23,0.317004042904
10/09/2022,FEU,Z14,23,0.317004042904
10/09/2022,FEU,Z24,24,0.289664225821
10/09/2022,FEU,Z14,24,0.289664225821
10/09/2022,FEU,Z24,3,0.243574368751
10/09/2022,FEU,Z14,3,0.243574368751
10/09/2022,FEU,Z24,4,0.229881863209
10/09/2022,FEU,Z14,4,0.229881863209
10/09/2022,FEU,Z24,5,0.233010983566
10/09/2022,FEU,Z14,5,0.233010983566
10/09/2022,FEU,Z24,6,0.236459277797
10/09/2022,FEU,Z14,6,0.236459277797
10/09/2022,FEU,Z24,7,0.239692105368
10/09/2022,FEU,Z14,7,0.239692105368
10/09/2022,FEU,Z24,8,0.242519266634
10/09/2022,FEU,Z14,8,0.242519266634
10/09/2022,FEU,Z24,9,0.217582949483
10/09/2022,FEU,Z14,9,0.217582949483
10/10/2022,FEU,Z24,1,0.242451276931
10/10/2022,FEU,Z14,1,0.242451276931
10/10/2022,FEU,Z24,10,0.337822871984
10/10/2022,FEU,Z14,10,0.337822871984
10/10/2022,FEU,Z24,11,0.318689427594
10/10/2022,FEU,Z14,11,0.366780167751
10/10/2022,FEU,Z24,12,0.334471214706
10/10/2022,FEU,Z14,12,0.334471214706
10/10/2022,FEU,Z24,13,0.328729886106
10/10/2022,FEU,Z14,13,0.328729886106
10/10/2022,FEU,Z24,14,0.329513168148
10/10/2022,FEU,Z14,14,0.329513168148
10/10/2022,FEU,Z24,15,0.330075125426
10/10/2022,FEU,Z14,15,0.28184578435
10/10/2022,FEU,Z24,16,0.283904994045
10/10/2022,FEU,Z14,16,0.283904994045
10/10/2022,FEU,Z24,17,0.286354813844
10/10/2022,FEU,Z14,17,0.286354813844
10/10/2022,FEU,Z24,18,0.302966940795
10/10/2022,FEU,Z14,18,0.302966940795
10/10/2022,FEU,Z24,19,0.337417832046
10/10/2022,FEU,Z14,19,0.385562431353
10/10/2022,FEU,Z24,2,0.239797511098
10/10/2022,FEU,Z14,2,0.239797511098
10/10/2022,FEU,Z24,20,0.434727922953
10/10/2022,FEU,Z14,20,0.434727922953
10/10/2022,FEU,Z24,21,0.468757946145
10/10/2022,FEU,Z14,21,0.468757946145
10/10/2022,FEU,Z24,22,0.409729535563
10/10/2022,FEU,Z14,22,0.409729535563
10/10/2022,FEU,Z24,23,0.404428405965
10/10/2022,FEU,Z14,23,0.355933415409
10/10/2022,FEU,Z24,24,0.320875161696
10/10/2022,FEU,Z14,24,0.320875161696
10/10/2022,FEU,Z24,3,0.241762367776
10/10/2022,FEU,Z14,3,0.241762367776
10/10/2022,FEU,Z24,4,0.246576763015
10/10/2022,FEU,Z14,4,0.246576763015
10/10/2022,FEU,Z24,5,0.245851513056
10/10/2022,FEU,Z14,5,0.245851513056
10/10/2022,FEU,Z24,6,0.243043064342
10/10/2022,FEU,Z14,6,0.243043064342
10/10/2022,FEU,Z24,7,0.243053817392
10/10/2022,FEU,Z14,7,0.243053817392
10/10/2022,FEU,Z24,8,0.282689794522
10/10/2022,FEU,Z14,8,0.282689794522
10/10/2022,FEU,Z24,9,0.349571180823
10/10/2022,FEU,Z14,9,0.349571180823
10/11/2022,FEU,Z24,1,0.335930024169
10/11/2022,FEU,Z14,1,0.335930024169
10/11/2022,FEU,Z24,10,0.335096040304
10/11/2022,FEU,Z14,10,0.335096040304
10/11/2022,FEU,Z24,11,0.318644829948
10/11/2022,FEU,Z14,11,0.366996238704
10/11/2022,FEU,Z24,12,0.343803855093
10/11/2022,FEU,Z14,12,0.343803855093
10/11/2022,FEU,Z24,13,0.323275191121
10/11/2022,FEU,Z14,13,0.323275191121
10/11/2022,FEU,Z24,14,0.317893983126
10/11/2022,FEU,Z14,14,0.317893983126
10/11/2022,FEU,Z24,15,0.317360965482
10/11/2022,FEU,Z14,15,0.269173719166
10/11/2022,FEU,Z24,16,0.270806456251
10/11/2022,FEU,Z14,16,0.270806456251
10/11/2022,FEU,Z24,17,0.278898292911
10/11/2022,FEU,Z14,17,0.278898292911
10/11/2022,FEU,Z24,18,0.308667799001
10/11/2022,FEU,Z14,18,0.308667799001
10/11/2022,FEU,Z24,19,0.315348172365
10/11/2022,FEU,Z14,19,0.363690054761
10/11/2022,FEU,Z24,2,0.309777113575
10/11/2022,FEU,Z14,2,0.309777113575
10/11/2022,FEU,Z24,20,0.375728165514
10/11/2022,FEU,Z14,20,0.375728165514
10/11/2022,FEU,Z24,21,0.432678846679
10/11/2022,FEU,Z14,21,0.432678846679
10/11/2022,FEU,Z24,22,0.413347558848
10/11/2022,FEU,Z14,22,0.413347558848
10/11/2022,FEU,Z24,23,0.384229943887
10/11/2022,FEU,Z14,23,0.335543134442
10/11/2022,FEU,Z24,24,0.292488126198
10/11/2022,FEU,Z14,24,0.292488126198
10/11/2022,FEU,Z24,3,0.298345944424
10/11/2022,FEU,Z14,3,0.298345944424
10/11/2022,FEU,Z24,4,0.290908775575
10/11/2022,FEU,Z14,4,0.290908775575
10/11/2022,FEU,Z24,5,0.283868157457
10/11/2022,FEU,Z14,5,0.283868157457
10/11/2022,FEU,Z24,6,0.286496438791
10/11/2022,FEU,Z14,6,0.286496438791
10/11/2022,FEU,Z24,7,0.278879830918
10/11/2022,FEU,Z14,7,0.278879830918
10/11/2022,FEU,Z24,8,0.316978163995
10/11/2022,FEU,Z14,8,0.316978163995
10/11/2022,FEU,Z24,9,0.346386131792
10/11/2022,FEU,Z14,9,0.346386131792
10/12/2022,FEU,Z24,1,0.340289551779
10/12/2022,FEU,Z14,1,0.340289551779
10/12/2022,FEU,Z24,10,0.257498215135
10/12/2022,FEU,Z14,10,0.257498215135
10/12/2022,FEU,Z24,11,0.243364010302
10/12/2022,FEU,Z14,11,0.243364010302
10/12/2022,FEU,Z24,12,0.215531352284
10/12/2022,FEU,Z14,12,0.215531352284
10/12/2022,FEU,Z24,13,0.205563543682
10/12/2022,FEU,Z14,13,0.205563543682
10/12/2022,FEU,Z24,14,0.210925894282
10/12/2022,FEU,Z14,14,0.210925894282
10/12/2022,FEU,Z24,15,0.214689732319
10/12/2022,FEU,Z14,15,0.214689732319
10/12/2022,FEU,Z24,16,0.21125971783
10/12/2022,FEU,Z14,16,0.21125971783
10/12/2022,FEU,Z24,17,0.213797923228
10/12/2022,FEU,Z14,17,0.213797923228
10/12/2022,FEU,Z24,18,0.236615403708
10/12/2022,FEU,Z14,18,0.236615403708
10/12/2022,FEU,Z24,19,0.24906154033
10/12/2022,FEU,Z14,19,0.24906154033
10/12/2022,FEU,Z24,2,0.317453927851
10/12/2022,FEU,Z14,2,0.317453927851
10/12/2022,FEU,Z24,20,0.252843407948
10/12/2022,FEU,Z14,20,0.252843407948
10/12/2022,FEU,Z24,21,0.320334860282
10/12/2022,FEU,Z14,21,0.320334860282
10/12/2022,FEU,Z24,22,0.324809575742
10/12/2022,FEU,Z14,22,0.324809575742
10/12/2022,FEU,Z24,23,0.308345768096
10/12/2022,FEU,Z14,23,0.308345768096
10/12/2022,FEU,Z24,24,0.27944954311
10/12/2022,FEU,Z14,24,0.27944954311
10/12/2022,FEU,Z24,3,0.296883509317
10/12/2022,FEU,Z14,3,0.296883509317
10/12/2022,FEU,Z24,4,0.298249717216
10/12/2022,FEU,Z14,4,0.298249717216
10/12/2022,FEU,Z24,5,0.299926509856
10/12/2022,FEU,Z14,5,0.299926509856
10/12/2022,FEU,Z24,6,0.297605514656
10/12/2022,FEU,Z14,6,0.297605514656
10/12/2022,FEU,Z24,7,0.290458364227
10/12/2022,FEU,Z14,7,0.290458364227
10/12/2022,FEU,Z24,8,0.27127928062
10/12/2022,FEU,Z14,8,0.27127928062
10/12/2022,FEU,Z24,9,0.264149000663
10/12/2022,FEU,Z14,9,0.264149000663
10/13/2022,FEU,Z24,1,0.277938131341
10/13/2022,FEU,Z14,1,0.277938131341
10/13/2022,FEU,Z24,10,0.332057094303
10/13/2022,FEU,Z14,10,0.332057094303
10/13/2022,FEU,Z24,11,0.253597064868
10/13/2022,FEU,Z14,11,0.301518526365
10/13/2022,FEU,Z24,12,0.286412802273
10/13/2022,FEU,Z14,12,0.286412802273
10/13/2022,FEU,Z24,13,0.277771977483
10/13/2022,FEU,Z14,13,0.277771977483
10/13/2022,FEU,Z24,14,0.276550660165
10/13/2022,FEU,Z14,14,0.276550660165
10/13/2022,FEU,Z24,15,0.28010886404
10/13/2022,FEU,Z14,15,0.232049078164
10/13/2022,FEU,Z24,16,0.23025862244
10/13/2022,FEU,Z14,16,0.23025862244
10/13/2022,FEU,Z24,17,0.234383137927
10/13/2022,FEU,Z14,17,0.234383137927
10/13/2022,FEU,Z24,18,0.247363584685
10/13/2022,FEU,Z14,18,0.247363584685
10/13/2022,FEU,Z24,19,0.275347227678
10/13/2022,FEU,Z14,19,0.323550212514
10/13/2022,FEU,Z24,2,0.284484287437
10/13/2022,FEU,Z14,2,0.284484287437
10/13/2022,FEU,Z24,20,0.380465320146
10/13/2022,FEU,Z14,20,0.380465320146
10/13/2022,FEU,Z24,21,0.37996029524
10/13/2022,FEU,Z14,21,0.37996029524
10/13/2022,FEU,Z24,22,0.387924022419
10/13/2022,FEU,Z14,22,0.387924022419
10/13/2022,FEU,Z24,23,0.406715390857
10/13/2022,FEU,Z14,23,0.358210434461
10/13/2022,FEU,Z24,24,0.308411830568
10/13/2022,FEU,Z14,24,0.308411830568
10/13/2022,FEU,Z24,3,0.289071298825
10/13/2022,FEU,Z14,3,0.289071298825
10/13/2022,FEU,Z24,4,0.297010843384
10/13/2022,FEU,Z14,4,0.297010843384
10/13/2022,FEU,Z24,5,0.301644878686
10/13/2022,FEU,Z14,5,0.301644878686
10/13/2022,FEU,Z24,6,0.295008539209
10/13/2022,FEU,Z14,6,0.295008539209
10/13/2022,FEU,Z24,7,0.28991376124
10/13/2022,FEU,Z14,7,0.28991376124
10/13/2022,FEU,Z24,8,0.323736651484
10/13/2022,FEU,Z14,8,0.323736651484
10/13/2022,FEU,Z24,9,0.353900199868
10/13/2022,FEU,Z14,9,0.353900199868
10/14/2022,FEU,Z24,1,0.303605423548
10/14/2022,FEU,Z14,1,0.303605423548
10/14/2022,FEU,Z24,10,0.298581798282
10/14/2022,FEU,Z14,10,0.298581798282
10/14/2022,FEU,Z24,11,0.236684215146
10/14/2022,FEU,Z14,11,0.284562323403
10/14/2022,FEU,Z24,12,0.262326290202
10/14/2022,FEU,Z14,12,0.262326290202
10/14/2022,FEU,Z24,13,0.259043290761
10/14/2022,FEU,Z14,13,0.259043290761
10/14/2022,FEU,Z24,14,0.256447906323
10/14/2022,FEU,Z14,14,0.256447906323
10/14/2022,FEU,Z24,15,0.257257671871
10/14/2022,FEU,Z14,15,0.209277360195
10/14/2022,FEU,Z24,16,0.206838985362
10/14/2022,FEU,Z14,16,0.206838985362
10/14/2022,FEU,Z24,17,0.212058568929
10/14/2022,FEU,Z14,17,0.212058568929
10/14/2022,FEU,Z24,18,0.228489648738
10/14/2022,FEU,Z14,18,0.228489648738
10/14/2022,FEU,Z24,19,0.26567812086
10/14/2022,FEU,Z14,19,0.313846254056
10/14/2022,FEU,Z24,2,0.276281908987
10/14/2022,FEU,Z14,2,0.276281908987
10/14/2022,FEU,Z24,20,0.377903745777
10/14/2022,FEU,Z14,20,0.377903745777
10/14/2022,FEU,Z24,21,0.384288083889
10/14/2022,FEU,Z14,21,0.384288083889
10/14/2022,FEU,Z24,22,0.402329793027
10/14/2022,FEU,Z14,22,0.402329793027
10/14/2022,FEU,Z24,23,0.387898046767
10/14/2022,FEU,Z14,23,0.339454993891
10/14/2022,FEU,Z24,24,0.335961584888
10/14/2022,FEU,Z14,24,0.335961584888
10/14/2022,FEU,Z24,3,0.269228850575
10/14/2022,FEU,Z14,3,0.269228850575
10/14/2022,FEU,Z24,4,0.256785352526
10/14/2022,FEU,Z14,4,0.256785352526
10/14/2022,FEU,Z24,5,0.255877890697
10/14/2022,FEU,Z14,5,0.255877890697
10/14/2022,FEU,Z24,6,0.25525069993
10/14/2022,FEU,Z14,6,0.25525069993
10/14/2022,FEU,Z24,7,0.255286513198
10/14/2022,FEU,Z14,7,0.255286513198
10/14/2022,FEU,Z24,8,0.286327740084
10/14/2022,FEU,Z14,8,0.286327740084
10/14/2022,FEU,Z24,9,0.315720770672
10/14/2022,FEU,Z14,9,0.315720770672
10/15/2022,FEU,Z24,1,0.249778795803
10/15/2022,FEU,Z14,1,0.249778795803
10/15/2022,FEU,Z24,10,0.216496186942
10/15/2022,FEU,Z14,10,0.216496186942
10/15/2022,FEU,Z24,11,0.205216242688
10/15/2022,FEU,Z14,11,0.205216242688
10/15/2022,FEU,Z24,12,0.156481992459
10/15/2022,FEU,Z14,12,0.156481992459
10/15/2022,FEU,Z24,13,0.143959806208
10/15/2022,FEU,Z14,13,0.143959806208
10/15/2022,FEU,Z24,14,0.140442174409
10/15/2022,FEU,Z14,14,0.140442174409
10/15/2022,FEU,Z24,15,0.128562185459
10/15/2022,FEU,Z14,15,0.128562185459
10/15/2022,FEU,Z24,16,0.113526687982
10/15/2022,FEU,Z14,16,0.113526687982
10/15/2022,FEU,Z24,17,0.113932490038
10/15/2022,FEU,Z14,17,0.113932490038
10/15/2022,FEU,Z24,18,0.130577133796
10/15/2022,FEU,Z14,18,0.130577133796
10/15/2022,FEU,Z24,19,0.16148135413
10/15/2022,FEU,Z14,19,0.16148135413
10/15/2022,FEU,Z24,2,0.237613666819
10/15/2022,FEU,Z14,2,0.237613666819
10/15/2022,FEU,Z24,20,0.216018318962
10/15/2022,FEU,Z14,20,0.216018318962
10/15/2022,FEU,Z24,21,0.258429916867
10/15/2022,FEU,Z14,21,0.258429916867
10/15/2022,FEU,Z24,22,0.244498178215
10/15/2022,FEU,Z14,22,0.244498178215
10/15/2022,FEU,Z24,23,0.240642412273
10/15/2022,FEU,Z14,23,0.240642412273
10/15/2022,FEU,Z24,24,0.22732613891
10/15/2022,FEU,Z14,24,0.22732613891
10/15/2022,FEU,Z24,3,0.237015913347
10/15/2022,FEU,Z14,3,0.237015913347
10/15/2022,FEU,Z24,4,0.239094105376
10/15/2022,FEU,Z14,4,0.239094105376
10/15/2022,FEU,Z24,5,0.239713622215
10/15/2022,FEU,Z14,5,0.239713622215
10/15/2022,FEU,Z24,6,0.239971259936
10/15/2022,FEU,Z14,6,0.239971259936
10/15/2022,FEU,Z24,7,0.23547979162
10/15/2022,FEU,Z14,7,0.23547979162
10/15/2022,FEU,Z24,8,0.233542338075
10/15/2022,FEU,Z14,8,0.233542338075
10/15/2022,FEU,Z24,9,0.234208763632
10/15/2022,FEU,Z14,9,0.234208763632
10/16/2022,FEU,Z24,1,0.188698698773
10/16/2022,FEU,Z14,1,0.188698698773
10/16/2022,FEU,Z24,10,0.185102018814
10/16/2022,FEU,Z14,10,0.185102018814
10/16/2022,FEU,Z24,11,0.169164106522
10/16/2022,FEU,Z14,11,0.169164106522
10/16/2022,FEU,Z24,12,0.123567724288
10/16/2022,FEU,Z14,12,0.123567724288
10/16/2022,FEU,Z24,13,0.116877479964
10/16/2022,FEU,Z14,13,0.116877479964
10/16/2022,FEU,Z24,14,0.113920968448
10/16/2022,FEU,Z14,14,0.113920968448
10/16/2022,FEU,Z24,15,0.111015547713
10/16/2022,FEU,Z14,15,0.111015547713
10/16/2022,FEU,Z24,16,0.10993285924
10/16/2022,FEU,Z14,16,0.10993285924
10/16/2022,FEU,Z24,17,0.114109962298
10/16/2022,FEU,Z14,17,0.114109962298
10/16/2022,FEU,Z24,18,0.114628423458
10/16/2022,FEU,Z14,18,0.114628423458
10/16/2022,FEU,Z24,19,0.158382382574
10/16/2022,FEU,Z14,19,0.158382382574
10/16/2022,FEU,Z24,2,0.170482400511
10/16/2022,FEU,Z14,2,0.170482400511
10/16/2022,FEU,Z24,20,0.167561972388
10/16/2022,FEU,Z14,20,0.167561972388
10/16/2022,FEU,Z24,21,0.201095636584
10/16/2022,FEU,Z14,21,0.201095636584
10/16/2022,FEU,Z24,22,0.198282938584
10/16/2022,FEU,Z14,22,0.198282938584
10/16/2022,FEU,Z24,23,0.191658601144
10/16/2022,FEU,Z14,23,0.191658601144
10/16/2022,FEU,Z24,24,0.183110579911
10/16/2022,FEU,Z14,24,0.183110579911
10/16/2022,FEU,Z24,3,0.171560836531
10/16/2022,FEU,Z14,3,0.171560836531
10/16/2022,FEU,Z24,4,0.176405451079
10/16/2022,FEU,Z14,4,0.176405451079
10/16/2022,FEU,Z24,5,0.135107461066
10/16/2022,FEU,Z14,5,0.135107461066
10/16/2022,FEU,Z24,6,0.135152795737
10/16/2022,FEU,Z14,6,0.135152795737
10/16/2022,FEU,Z24,7,0.142111123288
10/16/2022,FEU,Z14,7,0.142111123288
10/16/2022,FEU,Z24,8,0.173315953154
10/16/2022,FEU,Z14,8,0.173315953154
10/16/2022,FEU,Z24,9,0.163988419263
10/16/2022,FEU,Z14,9,0.163988419263
10/17/2022,FEU,Z24,1,0.188563313431
10/17/2022,FEU,Z14,1,0.188563313431
10/17/2022,FEU,Z24,10,0.279355144464
10/17/2022,FEU,Z14,10,0.279355144464
10/17/2022,FEU,Z24,11,0.246269521514
10/17/2022,FEU,Z14,11,0.294168442431
10/17/2022,FEU,Z24,12,0.261128460606
10/17/2022,FEU,Z14,12,0.261128460606
10/17/2022,FEU,Z24,13,0.236645264526
10/17/2022,FEU,Z14,13,0.236645264526
10/17/2022,FEU,Z24,14,0.226292280188
10/17/2022,FEU,Z14,14,0.226292280188
10/17/2022,FEU,Z24,15,0.220031208706
10/17/2022,FEU,Z14,15,0.17218330235
10/17/2022,FEU,Z24,16,0.169219095795
10/17/2022,FEU,Z14,16,0.169219095795
10/17/2022,FEU,Z24,17,0.179236039044
10/17/2022,FEU,Z14,17,0.179236039044
10/17/2022,FEU,Z24,18,0.191586317595
10/17/2022,FEU,Z14,18,0.191586317595
10/17/2022,FEU,Z24,19,0.227660137986
10/17/2022,FEU,Z14,19,0.275514373023
10/17/2022,FEU,Z24,2,0.171303495178
10/17/2022,FEU,Z14,2,0.171303495178
10/17/2022,FEU,Z24,20,0.301635204453
10/17/2022,FEU,Z14,20,0.301635204453
10/17/2022,FEU,Z24,21,0.339063296445
10/17/2022,FEU,Z14,21,0.339063296445
10/17/2022,FEU,Z24,22,0.325667746843
10/17/2022,FEU,Z14,22,0.325667746843
10/17/2022,FEU,Z24,23,0.301540342515
10/17/2022,FEU,Z14,23,0.253392653439
10/17/2022,FEU,Z24,24,0.234306101856
10/17/2022,FEU,Z14,24,0.234306101856
10/17/2022,FEU,Z24,3,0.161390257376
10/17/2022,FEU,Z14,3,0.161390257376
10/17/2022,FEU,Z24,4,0.142970471065
10/17/2022,FEU,Z14,4,0.142970471065
10/17/2022,FEU,Z24,5,0.143082550816
10/17/2022,FEU,Z14,5,0.143082550816
10/17/2022,FEU,Z24,6,0.170540745462
10/17/2022,FEU,Z14,6,0.170540745462
10/17/2022,FEU,Z24,7,0.198847995792
10/17/2022,FEU,Z14,7,0.198847995792
10/17/2022,FEU,Z24,8,0.236472497542
10/17/2022,FEU,Z14,8,0.236472497542
10/17/2022,FEU,Z24,9,0.296149036713
10/17/2022,FEU,Z14,9,0.296149036713
10/18/2022,FEU,Z24,1,0.189755030969
10/18/2022,FEU,Z14,1,0.189755030969
10/18/2022,FEU,Z24,10,0.224033648464
10/18/2022,FEU,Z14,10,0.224033648464
10/18/2022,FEU,Z24,11,0.193503916628
10/18/2022,FEU,Z14,11,0.241413131344
10/18/2022,FEU,Z24,12,0.189725403543
10/18/2022,FEU,Z14,12,0.189725403543
10/18/2022,FEU,Z24,13,0.180987506861
10/18/2022,FEU,Z14,13,0.180987506861
10/18/2022,FEU,Z24,14,0.164764769406
10/18/2022,FEU,Z14,14,0.164764769406
10/18/2022,FEU,Z24,15,0.155605967082
10/18/2022,FEU,Z14,15,0.107976305966
10/18/2022,FEU,Z24,16,0.106024228861
10/18/2022,FEU,Z14,16,0.106024228861
10/18/2022,FEU,Z24,17,0.114857361921
10/18/2022,FEU,Z14,17,0.114857361921
10/18/2022,FEU,Z24,18,0.144364957191
10/18/2022,FEU,Z14,18,0.144364957191
10/18/2022,FEU,Z24,19,0.204065882915
10/18/2022,FEU,Z14,19,0.252014442031
10/18/2022,FEU,Z24,2,0.148227515075
10/18/2022,FEU,Z14,2,0.148227515075
10/18/2022,FEU,Z24,20,0.264583676394
10/18/2022,FEU,Z14,20,0.264583676394
10/18/2022,FEU,Z24,21,0.284763353259
10/18/2022,FEU,Z14,21,0.284763353259
10/18/2022,FEU,Z24,22,0.278827666368
10/18/2022,FEU,Z14,22,0.278827666368
10/18/2022,FEU,Z24,23,0.269046391767
10/18/2022,FEU,Z14,23,0.220846410522
10/18/2022,FEU,Z24,24,0.166580327838
10/18/2022,FEU,Z14,24,0.166580327838
10/18/2022,FEU,Z24,3,0.138981986104
10/18/2022,FEU,Z14,3,0.138981986104
10/18/2022,FEU,Z24,4,0.134378976825
10/18/2022,FEU,Z14,4,0.134378976825
10/18/2022,FEU,Z24,5,0.129639313987
10/18/2022,FEU,Z14,5,0.129639313987
10/18/2022,FEU,Z24,6,0.123673267441
10/18/2022,FEU,Z14,6,0.123673267441
10/18/2022,FEU,Z24,7,0.166794054598
10/18/2022,FEU,Z14,7,0.166794054598
10/18/2022,FEU,Z24,8,0.194104343695
10/18/2022,FEU,Z14,8,0.194104343695
10/18/2022,FEU,Z24,9,0.233799014352
10/18/2022,FEU,Z14,9,0.233799014352
10/19/2022,FEU,Z24,1,0.157684843325
10/19/2022,FEU,Z14,1,0.157684843325
10/19/2022,FEU,Z24,10,0.128861367741
10/19/2022,FEU,Z14,10,0.128861367741
10/19/2022,FEU,Z24,11,0.118766070215
10/19/2022,FEU,Z14,11,0.166415152251
10/19/2022,FEU,Z24,12,0.155608178002
10/19/2022,FEU,Z14,12,0.155608178002
10/19/2022,FEU,Z24,13,0.149196866471
10/19/2022,FEU,Z14,13,0.149196866471
10/19/2022,FEU,Z24,14,0.148356795543
10/19/2022,FEU,Z14,14,0.148356795543
10/19/2022,FEU,Z24,15,0.14724956324
10/19/2022,FEU,Z14,15,0.099647912884
10/19/2022,FEU,Z24,16,0.100501724469
10/19/2022,FEU,Z14,16,0.100501724469
10/19/2022,FEU,Z24,17,0.107333447517
10/19/2022,FEU,Z14,17,0.107333447517
10/19/2022,FEU,Z24,18,0.121666310676
10/19/2022,FEU,Z14,18,0.121666310676
10/19/2022,FEU,Z24,19,0.17110521426
10/19/2022,FEU,Z14,19,0.218941512696
10/19/2022,FEU,Z24,2,0.145581040981
10/19/2022,FEU,Z14,2,0.145581040981
10/19/2022,FEU,Z24,20,0.22111494735
10/19/2022,FEU,Z14,20,0.22111494735
10/19/2022,FEU,Z24,21,0.248006861745
10/19/2022,FEU,Z14,21,0.248006861745
10/19/2022,FEU,Z24,22,0.232534724604
10/19/2022,FEU,Z14,22,0.232534724604
10/19/2022,FEU,Z24,23,0.218649974563
10/19/2022,FEU,Z14,23,0.170658984318
10/19/2022,FEU,Z24,24,0.126905110137
10/19/2022,FEU,Z14,24,0.126905110137
10/19/2022,FEU,Z24,3,0.10147750482
10/19/2022,FEU,Z14,3,0.10147750482
10/19/2022,FEU,Z24,4,0.09277042642
10/19/2022,FEU,Z14,4,0.09277042642
10/19/2022,FEU,Z24,5,0.085978192162
10/19/2022,FEU,Z14,5,0.085978192162
10/19/2022,FEU,Z24,6,0.079037875075
10/19/2022,FEU,Z14,6,0.079037875075
10/19/2022,FEU,Z24,7,0.078014152996
10/19/2022,FEU,Z14,7,0.078014152996
10/19/2022,FEU,Z24,8,0.094220143471
10/19/2022,FEU,Z14,8,0.094220143471
10/19/2022,FEU,Z24,9,0.177776875647
10/19/2022,FEU,Z14,9,0.177776875647
10/20/2022,FEU,Z24,1,0.104813615091
10/20/2022,FEU,Z14,1,0.104813615091
10/20/2022,FEU,Z24,10,0.178560479763
10/20/2022,FEU,Z14,10,0.178560479763
10/20/2022,FEU,Z24,11,0.160588492268
10/20/2022,FEU,Z14,11,0.208263464615
10/20/2022,FEU,Z24,12,0.195006313743
10/20/2022,FEU,Z14,12,0.195006313743
10/20/2022,FEU,Z24,13,0.176142312633
10/20/2022,FEU,Z14,13,0.176142312633
10/20/2022,FEU,Z24,14,0.172673133415
10/20/2022,FEU,Z14,14,0.172673133415
10/20/2022,FEU,Z24,15,0.16933011684
10/20/2022,FEU,Z14,15,0.121652326644
10/20/2022,FEU,Z24,16,0.11722630844
10/20/2022,FEU,Z14,16,0.11722630844
10/20/2022,FEU,Z24,17,0.124506096177
10/20/2022,FEU,Z14,17,0.124506096177
10/20/2022,FEU,Z24,18,0.132534171385
10/20/2022,FEU,Z14,18,0.132534171385
10/20/2022,FEU,Z24,19,0.150841043118
10/20/2022,FEU,Z14,19,0.198609075234
10/20/2022,FEU,Z24,2,0.097664788507
10/20/2022,FEU,Z14,2,0.097664788507
10/20/2022,FEU,Z24,20,0.203696096366
10/20/2022,FEU,Z14,20,0.203696096366
10/20/2022,FEU,Z24,21,0.22964608004
10/20/2022,FEU,Z14,21,0.22964608004
10/20/2022,FEU,Z24,22,0.220184321379
10/20/2022,FEU,Z14,22,0.220184321379
10/20/2022,FEU,Z24,23,0.198713657667
10/20/2022,FEU,Z14,23,0.150906108591
10/20/2022,FEU,Z24,24,0.128912984808
10/20/2022,FEU,Z14,24,0.128912984808
10/20/2022,FEU,Z24,3,0.094982871825
10/20/2022,FEU,Z14,3,0.094982871825
10/20/2022,FEU,Z24,4,0.090683995384
10/20/2022,FEU,Z14,4,0.090683995384
10/20/2022,FEU,Z24,5,0.093453893926
10/20/2022,FEU,Z14,5,0.093453893926
10/20/2022,FEU,Z24,6,0.092175624389
10/20/2022,FEU,Z14,6,0.092175624389
10/20/2022,FEU,Z24,7,0.09711444164
10/20/2022,FEU,Z14,7,0.09711444164
10/20/2022,FEU,Z24,8,0.129727252284
10/20/2022,FEU,Z14,8,0.129727252284
10/20/2022,FEU,Z24,9,0.176769171188
10/20/2022,FEU,Z14,9,0.176769171188
10/21/2022,FEU,Z24,1,0.120010193708
10/21/2022,FEU,Z14,1,0.120010193708
10/21/2022,FEU,Z24,10,0.178219908202
10/21/2022,FEU,Z14,10,0.178219908202
10/21/2022,FEU,Z24,11,0.172372705086
10/21/2022,FEU,Z14,11,0.220081814073
10/21/2022,FEU,Z24,12,0.217751911302
10/21/2022,FEU,Z14,12,0.217751911302
10/21/2022,FEU,Z24,13,0.214487649571
10/21/2022,FEU,Z14,13,0.214487649571
10/21/2022,FEU,Z24,14,0.210902153613
10/21/2022,FEU,Z14,14,0.210902153613
10/21/2022,FEU,Z24,15,0.210362770191
10/21/2022,FEU,Z14,15,0.162543149595
10/21/2022,FEU,Z24,16,0.163182802242
10/21/2022,FEU,Z14,16,0.163182802242
10/21/2022,FEU,Z24,17,0.166768643919
10/21/2022,FEU,Z14,17,0.166768643919
10/21/2022,FEU,Z24,18,0.173523725418
10/21/2022,FEU,Z14,18,0.173523725418
10/21/2022,FEU,Z24,19,0.16779063006
10/21/2022,FEU,Z14,19,0.215615298376
10/21/2022,FEU,Z24,2,0.106039445467
10/21/2022,FEU,Z14,2,0.106039445467
10/21/2022,FEU,Z24,20,0.225025089067
10/21/2022,FEU,Z14,20,0.225025089067
10/21/2022,FEU,Z24,21,0.290199018489
10/21/2022,FEU,Z14,21,0.290199018489
10/21/2022,FEU,Z24,22,0.245598342257
10/21/2022,FEU,Z14,22,0.245598342257
10/21/2022,FEU,Z24,23,0.222559282017
10/21/2022,FEU,Z14,23,0.174670592141
10/21/2022,FEU,Z24,24,0.176279333848
10/21/2022,FEU,Z14,24,0.176279333848
10/21/2022,FEU,Z24,3,0.103004726075
10/21/2022,FEU,Z14,3,0.103004726075
10/21/2022,FEU,Z24,4,0.103985213966
10/21/2022,FEU,Z14,4,0.103985213966
10/21/2022,FEU,Z24,5,0.112150939687
10/21/2022,FEU,Z14,5,0.112150939687
10/21/2022,FEU,Z24,6,0.11773453933
10/21/2022,FEU,Z14,6,0.11773453933
10/21/2022,FEU,Z24,7,0.124989454558
10/21/2022,FEU,Z14,7,0.124989454558
10/21/2022,FEU,Z24,8,0.144075235284
10/21/2022,FEU,Z14,8,0.144075235284
10/21/2022,FEU,Z24,9,0.180217014352
10/21/2022,FEU,Z14,9,0.180217014352
10/22/2022,FEU,Z24,1,0.189194968873
10/22/2022,FEU,Z14,1,0.189194968873
10/22/2022,FEU,Z24,10,0.168496739542
10/22/2022,FEU,Z14,10,0.168496739542
10/22/2022,FEU,Z24,11,0.149043835648
10/22/2022,FEU,Z14,11,0.149043835648
10/22/2022,FEU,Z24,12,0.156103934999
10/22/2022,FEU,Z14,12,0.156103934999
10/22/2022,FEU,Z24,13,0.136377595648
10/22/2022,FEU,Z14,13,0.136377595648
10/22/2022,FEU,Z24,14,0.117612192999
10/22/2022,FEU,Z14,14,0.117612192999
10/22/2022,FEU,Z24,15,0.104033845999
10/22/2022,FEU,Z14,15,0.104033845999
10/22/2022,FEU,Z24,16,0.089177213542
10/22/2022,FEU,Z14,16,0.089177213542
10/22/2022,FEU,Z24,17,0.084991776138
10/22/2022,FEU,Z14,17,0.084991776138
10/22/2022,FEU,Z24,18,0.097375791436
10/22/2022,FEU,Z14,18,0.097375791436
10/22/2022,FEU,Z24,19,0.10995403933
10/22/2022,FEU,Z14,19,0.10995403933
10/22/2022,FEU,Z24,2,0.167598849469
10/22/2022,FEU,Z14,2,0.167598849469
10/22/2022,FEU,Z24,20,0.156405652522
10/22/2022,FEU,Z14,20,0.156405652522
10/22/2022,FEU,Z24,21,0.180812458767
10/22/2022,FEU,Z14,21,0.180812458767
10/22/2022,FEU,Z24,22,0.174773264065
10/22/2022,FEU,Z14,22,0.174773264065
10/22/2022,FEU,Z24,23,0.158071214363
10/22/2022,FEU,Z14,23,0.158071214363
10/22/2022,FEU,Z24,24,0.12391140231
10/22/2022,FEU,Z14,24,0.12391140231
10/22/2022,FEU,Z24,3,0.154666975767
10/22/2022,FEU,Z14,3,0.154666975767
10/22/2022,FEU,Z24,4,0.156585360416
10/22/2022,FEU,Z14,4,0.156585360416
10/22/2022,FEU,Z24,5,0.145359194065
10/22/2022,FEU,Z14,5,0.145359194065
10/22/2022,FEU,Z24,6,0.142750320416
10/22/2022,FEU,Z14,6,0.142750320416
10/22/2022,FEU,Z24,7,0.16103912582
10/22/2022,FEU,Z14,7,0.16103912582
10/22/2022,FEU,Z24,8,0.158186462575
10/22/2022,FEU,Z14,8,0.158186462575
10/22/2022,FEU,Z24,9,0.168182950032
10/22/2022,FEU,Z14,9,0.168182950032
10/23/2022,FEU,Z24,1,0.118279413363
10/23/2022,FEU,Z14,1,0.118279413363
10/23/2022,FEU,Z24,10,0.112831146734
10/23/2022,FEU,Z14,10,0.112831146734
10/23/2022,FEU,Z24,11,0.103896551542
10/23/2022,FEU,Z14,11,0.103896551542
10/23/2022,FEU,Z24,12,0.099361531648
10/23/2022,FEU,Z14,12,0.099361531648
10/23/2022,FEU,Z24,13,0.093581918244
10/23/2022,FEU,Z14,13,0.093581918244
10/23/2022,FEU,Z24,14,0.084801403648
10/23/2022,FEU,Z14,14,0.084801403648
10/23/2022,FEU,Z24,15,0.044631214893
10/23/2022,FEU,Z14,15,0.044631214893
10/23/2022,FEU,Z24,16,0.03419931284
10/23/2022,FEU,Z14,16,0.03419931284
10/23/2022,FEU,Z24,17,0.034701578138
10/23/2022,FEU,Z14,17,0.034701578138
10/23/2022,FEU,Z24,18,0.093614978138
10/23/2022,FEU,Z14,18,0.093614978138
10/23/2022,FEU,Z24,19,0.125971966734
10/23/2022,FEU,Z14,19,0.125971966734
10/23/2022,FEU,Z24,2,0.111001260681
10/23/2022,FEU,Z14,2,0.111001260681
10/23/2022,FEU,Z24,20,0.161252416628
10/23/2022,FEU,Z14,20,0.161252416628
10/23/2022,FEU,Z24,21,0.172799771224
10/23/2022,FEU,Z14,21,0.172799771224
10/23/2022,FEU,Z24,22,0.181671515224
10/23/2022,FEU,Z14,22,0.181671515224
10/23/2022,FEU,Z24,23,0.174579059224
10/23/2022,FEU,Z14,23,0.174579059224
10/23/2022,FEU,Z24,24,0.153004744171
10/23/2022,FEU,Z14,24,0.153004744171
10/23/2022,FEU,Z24,3,0.101607418171
10/23/2022,FEU,Z14,3,0.101607418171
10/23/2022,FEU,Z24,4,0.103662362959
10/23/2022,FEU,Z14,4,0.103662362959
10/23/2022,FEU,Z24,5,0.103588678906
10/23/2022,FEU,Z14,5,0.103588678906
10/23/2022,FEU,Z24,6,0.104025803257
10/23/2022,FEU,Z14,6,0.104025803257
10/23/2022,FEU,Z24,7,0.102089973608
10/23/2022,FEU,Z14,7,0.102089973608
10/23/2022,FEU,Z24,8,0.108887641714
10/23/2022,FEU,Z14,8,0.108887641714
10/23/2022,FEU,Z24,9,0.108764673873
10/23/2022,FEU,Z14,9,0.108764673873
10/24/2022,FEU,Z24,1,0.128683153171
10/24/2022,FEU,Z14,1,0.128683153171
10/24/2022,FEU,Z24,10,0.187815185264
10/24/2022,FEU,Z14,10,0.187815185264
10/24/2022,FEU,Z24,11,0.171276806774
10/24/2022,FEU,Z14,11,0.218975924721
10/24/2022,FEU,Z24,12,0.213871323966
10/24/2022,FEU,Z14,12,0.213871323966
10/24/2022,FEU,Z24,13,0.195336093966
10/24/2022,FEU,Z14,13,0.195336093966
10/24/2022,FEU,Z24,14,0.188146302668
10/24/2022,FEU,Z14,14,0.188146302668
10/24/2022,FEU,Z24,15,0.190204416946
10/24/2022,FEU,Z14,15,0.14245989635
10/24/2022,FEU,Z24,16,0.143834459595
10/24/2022,FEU,Z14,16,0.143834459595
10/24/2022,FEU,Z24,17,0.151398634244
10/24/2022,FEU,Z14,17,0.151398634244
10/24/2022,FEU,Z24,18,0.174708764595
10/24/2022,FEU,Z14,18,0.174708764595
10/24/2022,FEU,Z24,19,0.194971419966
10/24/2022,FEU,Z14,19,0.242740313913
10/24/2022,FEU,Z24,2,0.118550445118
10/24/2022,FEU,Z14,2,0.118550445118
10/24/2022,FEU,Z24,20,0.260430204403
10/24/2022,FEU,Z14,20,0.260430204403
10/24/2022,FEU,Z24,21,0.296530109595
10/24/2022,FEU,Z14,21,0.296530109595
10/24/2022,FEU,Z24,22,0.267196032893
10/24/2022,FEU,Z14,22,0.267196032893
10/24/2022,FEU,Z24,23,0.233100229065
10/24/2022,FEU,Z14,23,0.185182380469
10/24/2022,FEU,Z24,24,0.154821328416
10/24/2022,FEU,Z14,24,0.154821328416
10/24/2022,FEU,Z24,3,0.120103952416
10/24/2022,FEU,Z14,3,0.120103952416
10/24/2022,FEU,Z24,4,0.135662339065
10/24/2022,FEU,Z14,4,0.135662339065
10/24/2022,FEU,Z24,5,0.122508656416
10/24/2022,FEU,Z14,5,0.122508656416
10/24/2022,FEU,Z24,6,0.123361574522
10/24/2022,FEU,Z14,6,0.123361574522
10/24/2022,FEU,Z24,7,0.147704406032
10/24/2022,FEU,Z14,7,0.147704406032
10/24/2022,FEU,Z24,8,0.154600739542
10/24/2022,FEU,Z14,8,0.154600739542
10/24/2022,FEU,Z24,9,0.191096875383
10/24/2022,FEU,Z14,9,0.191096875383
10/25/2022,FEU,Z24,1,0.150049125979
10/25/2022,FEU,Z14,1,0.150049125979
10/25/2022,FEU,Z24,10,0.186142993264
10/25/2022,FEU,Z14,10,0.186142993264
10/25/2022,FEU,Z24,11,0.163728886668
10/25/2022,FEU,Z14,11,0.211534025264
10/25/2022,FEU,Z24,12,0.208064087913
10/25/2022,FEU,Z14,12,0.208064087913
10/25/2022,FEU,Z24,13,0.201292061211
10/25/2022,FEU,Z14,13,0.201292061211
10/25/2022,FEU,Z24,14,0.187403763966
10/25/2022,FEU,Z14,14,0.187403763966
10/25/2022,FEU,Z24,15,0.185186347542
10/25/2022,FEU,Z14,15,0.137455662946
10/25/2022,FEU,Z24,16,0.138668472191
10/25/2022,FEU,Z14,16,0.138668472191
10/25/2022,FEU,Z24,17,0.143398351191
10/25/2022,FEU,Z14,17,0.143398351191
10/25/2022,FEU,Z24,18,0.163013267191
10/25/2022,FEU,Z14,18,0.163013267191
10/25/2022,FEU,Z24,19,0.180438156615
10/25/2022,FEU,Z14,19,0.228304585211
10/25/2022,FEU,Z24,2,0.125476812575
10/25/2022,FEU,Z14,2,0.125476812575
10/25/2022,FEU,Z24,20,0.239744309754
10/25/2022,FEU,Z14,20,0.239744309754
10/25/2022,FEU,Z24,21,0.261884626999
10/25/2022,FEU,Z14,21,0.261884626999
10/25/2022,FEU,Z24,22,0.231897363648
10/25/2022,FEU,Z14,22,0.231897363648
10/25/2022,FEU,Z24,23,0.224617643767
10/25/2022,FEU,Z14,23,0.176604264522
10/25/2022,FEU,Z24,24,0.171527045118
10/25/2022,FEU,Z14,24,0.171527045118
10/25/2022,FEU,Z24,3,0.118823723224
10/25/2022,FEU,Z14,3,0.118823723224
10/25/2022,FEU,Z24,4,0.109527362575
10/25/2022,FEU,Z14,4,0.109527362575
10/25/2022,FEU,Z24,5,0.107822370277
10/25/2022,FEU,Z14,5,0.107822370277
10/25/2022,FEU,Z24,6,0.107844960681
10/25/2022,FEU,Z14,6,0.107844960681
10/25/2022,FEU,Z24,7,0.118518962138
10/25/2022,FEU,Z14,7,0.118518962138
10/25/2022,FEU,Z24,8,0.150514389595
10/25/2022,FEU,Z14,8,0.150514389595
10/25/2022,FEU,Z24,9,0.203343718032
10/25/2022,FEU,Z14,9,0.203343718032
10/26/2022,FEU,Z24,1,0.126145387575
10/26/2022,FEU,Z14,1,0.126145387575
10/26/2022,FEU,Z24,10,0.193370603211
10/26/2022,FEU,Z14,10,0.193370603211
10/26/2022,FEU,Z24,11,0.185532036615
10/26/2022,FEU,Z14,11,0.233415278211
10/26/2022,FEU,Z24,12,0.214420154562
10/26/2022,FEU,Z14,12,0.214420154562
10/26/2022,FEU,Z24,13,0.205940320211
10/26/2022,FEU,Z14,13,0.205940320211
10/26/2022,FEU,Z24,14,0.192965864913
10/26/2022,FEU,Z14,14,0.192965864913
10/26/2022,FEU,Z24,15,0.19617727284
10/26/2022,FEU,Z14,15,0.148405750244
10/26/2022,FEU,Z24,16,0.147828519489
10/26/2022,FEU,Z14,16,0.147828519489
10/26/2022,FEU,Z24,17,0.154929559787
10/26/2022,FEU,Z14,17,0.154929559787
10/26/2022,FEU,Z24,18,0.178613951436
10/26/2022,FEU,Z14,18,0.178613951436
10/26/2022,FEU,Z24,19,0.19133911986
10/26/2022,FEU,Z14,19,0.239246414456
10/26/2022,FEU,Z24,2,0.121117510171
10/26/2022,FEU,Z14,2,0.121117510171
10/26/2022,FEU,Z24,20,0.25656169635
10/26/2022,FEU,Z14,20,0.25656169635
10/26/2022,FEU,Z24,21,0.246085484595
10/26/2022,FEU,Z14,21,0.246085484595
10/26/2022,FEU,Z24,22,0.215966574244
10/26/2022,FEU,Z14,22,0.215966574244
10/26/2022,FEU,Z24,23,0.202059750363
10/26/2022,FEU,Z14,23,0.154139825118
10/26/2022,FEU,Z24,24,0.144073527767
10/26/2022,FEU,Z14,24,0.144073527767
10/26/2022,FEU,Z24,3,0.11703692582
10/26/2022,FEU,Z14,3,0.11703692582
10/26/2022,FEU,Z24,4,0.11710890582
10/26/2022,FEU,Z14,4,0.11710890582
10/26/2022,FEU,Z24,5,0.116903778522
10/26/2022,FEU,Z14,5,0.116903778522
10/26/2022,FEU,Z24,6,0.120658137575
10/26/2022,FEU,Z14,6,0.120658137575
10/26/2022,FEU,Z24,7,0.123349287436
10/26/2022,FEU,Z14,7,0.123349287436
10/26/2022,FEU,Z24,8,0.171804855191
10/26/2022,FEU,Z14,8,0.171804855191
10/26/2022,FEU,Z24,9,0.210391331277
10/26/2022,FEU,Z14,9,0.210391331277
10/27/2022,FEU,Z24,1,0.134049264681
10/27/2022,FEU,Z14,1,0.134049264681
10/27/2022,FEU,Z24,10,0.202661411913
10/27/2022,FEU,Z14,10,0.202661411913
10/27/2022,FEU,Z24,11,0.190448614668
10/27/2022,FEU,Z14,11,0.238203856615
10/27/2022,FEU,Z24,12,0.226163990913
10/27/2022,FEU,Z14,12,0.226163990913
10/27/2022,FEU,Z24,13,0.209553557913
10/27/2022,FEU,Z14,13,0.209553557913
10/27/2022,FEU,Z24,14,0.205098176615
10/27/2022,FEU,Z14,14,0.205098176615
10/27/2022,FEU,Z24,15,0.19958071284
10/27/2022,FEU,Z14,15,0.151797454244
10/27/2022,FEU,Z24,16,0.14920935284
10/27/2022,FEU,Z14,16,0.14920935284
10/27/2022,FEU,Z24,17,0.150265929787
10/27/2022,FEU,Z14,17,0.150265929787
10/27/2022,FEU,Z24,18,0.170711431085
10/27/2022,FEU,Z14,18,0.170711431085
10/27/2022,FEU,Z24,19,0.197839619158
10/27/2022,FEU,Z14,19,0.245771123754
10/27/2022,FEU,Z24,2,0.135283473277
10/27/2022,FEU,Z14,2,0.135283473277
10/27/2022,FEU,Z24,20,0.262841792946
10/27/2022,FEU,Z14,20,0.262841792946
10/27/2022,FEU,Z24,21,0.25005463284
10/27/2022,FEU,Z14,21,0.25005463284
10/27/2022,FEU,Z24,22,0.241661091489
10/27/2022,FEU,Z14,22,0.241661091489
10/27/2022,FEU,Z24,23,0.240288073257
10/27/2022,FEU,Z14,23,0.192339940661
10/27/2022,FEU,Z24,24,0.164424333608
10/27/2022,FEU,Z14,24,0.164424333608
10/27/2022,FEU,Z24,3,0.136189287575
10/27/2022,FEU,Z14,3,0.136189287575
10/27/2022,FEU,Z24,4,0.130308539224
10/27/2022,FEU,Z14,4,0.130308539224
10/27/2022,FEU,Z24,5,0.128518925926
10/27/2022,FEU,Z14,5,0.128518925926
10/27/2022,FEU,Z24,6,0.132953696979
10/27/2022,FEU,Z14,6,0.132953696979
10/27/2022,FEU,Z24,7,0.14481691284
10/27/2022,FEU,Z14,7,0.14481691284
10/27/2022,FEU,Z24,8,0.171297486244
10/27/2022,FEU,Z14,8,0.171297486244
10/27/2022,FEU,Z24,9,0.242077136628
10/27/2022,FEU,Z14,9,0.242077136628
10/28/2022,FEU,Z24,1,0.127353734748
10/28/2022,FEU,Z14,1,0.127353734748
10/28/2022,FEU,Z24,10,0.197950097002
10/28/2022,FEU,Z14,10,0.197950097002
10/28/2022,FEU,Z24,11,0.193191777066
10/28/2022,FEU,Z14,11,0.240954825963
10/28/2022,FEU,Z24,12,0.219753664682
10/28/2022,FEU,Z14,12,0.219753664682
10/28/2022,FEU,Z24,13,0.210365824981
10/28/2022,FEU,Z14,13,0.210365824981
10/28/2022,FEU,Z24,14,0.204833848173
10/28/2022,FEU,Z14,14,0.204833848173
10/28/2022,FEU,Z24,15,0.208820685921
10/28/2022,FEU,Z14,15,0.161006387445
10/28/2022,FEU,Z24,16,0.153841633122
10/28/2022,FEU,Z14,16,0.153841633122
10/28/2022,FEU,Z24,17,0.167006799849
10/28/2022,FEU,Z14,17,0.167006799849
10/28/2022,FEU,Z24,18,0.188096286078
10/28/2022,FEU,Z14,18,0.188096286078
10/28/2022,FEU,Z24,19,0.19336397646
10/28/2022,FEU,Z14,19,0.241278375816
10/28/2022,FEU,Z24,2,0.126774836257
10/28/2022,FEU,Z14,2,0.126774836257
10/28/2022,FEU,Z24,20,0.246634741897
10/28/2022,FEU,Z14,20,0.246634741897
10/28/2022,FEU,Z24,21,0.243906024309
10/28/2022,FEU,Z14,21,0.243906024309
10/28/2022,FEU,Z24,22,0.240045691797
10/28/2022,FEU,Z14,22,0.240045691797
10/28/2022,FEU,Z24,23,0.217451285497
10/28/2022,FEU,Z14,23,0.169579722181
10/28/2022,FEU,Z24,24,0.156362515768
10/28/2022,FEU,Z14,24,0.156362515768
10/28/2022,FEU,Z24,3,0.125417228325
10/28/2022,FEU,Z14,3,0.125417228325
10/28/2022,FEU,Z24,4,0.125605269246
10/28/2022,FEU,Z14,4,0.125605269246
10/28/2022,FEU,Z24,5,0.126553772677
10/28/2022,FEU,Z14,5,0.126553772677
10/28/2022,FEU,Z24,6,0.12697573753
10/28/2022,FEU,Z14,6,0.12697573753
10/28/2022,FEU,Z24,7,0.147948726978
10/28/2022,FEU,Z14,7,0.147948726978
10/28/2022,FEU,Z24,8,0.171409572004
10/28/2022,FEU,Z14,8,0.171409572004
10/28/2022,FEU,Z24,9,0.205800641072
10/28/2022,FEU,Z14,9,0.205800641072
10/29/2022,FEU,Z24,1,0.132746413743
10/29/2022,FEU,Z14,1,0.132746413743
10/29/2022,FEU,Z24,10,0.147627877282
10/29/2022,FEU,Z14,10,0.147627877282
10/29/2022,FEU,Z24,11,0.131549033728
10/29/2022,FEU,Z14,11,0.131549033728
10/29/2022,FEU,Z24,12,0.121949011369
10/29/2022,FEU,Z14,12,0.121949011369
10/29/2022,FEU,Z24,13,0.118039138048
10/29/2022,FEU,Z14,13,0.118039138048
10/29/2022,FEU,Z24,14,0.113605216699
10/29/2022,FEU,Z14,14,0.113605216699
10/29/2022,FEU,Z24,15,0.118009886519
10/29/2022,FEU,Z14,15,0.118009886519
10/29/2022,FEU,Z24,16,0.120496134142
10/29/2022,FEU,Z14,16,0.120496134142
10/29/2022,FEU,Z24,17,0.121196140418
10/29/2022,FEU,Z14,17,0.121196140418
10/29/2022,FEU,Z24,18,0.144616940956
10/29/2022,FEU,Z14,18,0.144616940956
10/29/2022,FEU,Z24,19,0.17478213643
10/29/2022,FEU,Z14,19,0.17478213643
10/29/2022,FEU,Z24,2,0.130855624709
10/29/2022,FEU,Z14,2,0.130855624709
10/29/2022,FEU,Z24,20,0.179100317282
10/29/2022,FEU,Z14,20,0.179100317282
10/29/2022,FEU,Z24,21,0.171708351027
10/29/2022,FEU,Z14,21,0.171708351027
10/29/2022,FEU,Z24,22,0.172207122865
10/29/2022,FEU,Z14,22,0.172207122865
10/29/2022,FEU,Z24,23,0.166215435023
10/29/2022,FEU,Z14,23,0.166215435023
10/29/2022,FEU,Z24,24,0.16100774831
10/29/2022,FEU,Z14,24,0.16100774831
10/29/2022,FEU,Z24,3,0.128795215307
10/29/2022,FEU,Z14,3,0.128795215307
10/29/2022,FEU,Z24,4,0.126016670816
10/29/2022,FEU,Z14,4,0.126016670816
10/29/2022,FEU,Z24,5,0.125121278215
10/29/2022,FEU,Z14,5,0.125121278215
10/29/2022,FEU,Z24,6,0.124582420576
10/29/2022,FEU,Z14,6,0.124582420576
10/29/2022,FEU,Z24,7,0.13046688342
10/29/2022,FEU,Z14,7,0.13046688342
10/29/2022,FEU,Z24,8,0.143253787075
10/29/2022,FEU,Z14,8,0.143253787075
10/29/2022,FEU,Z24,9,0.156005019952
10/29/2022,FEU,Z14,9,0.156005019952
10/30/2022,FEU,Z24,1,0.182582764363
10/30/2022,FEU,Z14,1,0.182582764363
10/30/2022,FEU,Z24,10,0.154618254734
10/30/2022,FEU,Z14,10,0.154618254734
10/30/2022,FEU,Z24,11,0.176621267542
10/30/2022,FEU,Z14,11,0.176621267542
10/30/2022,FEU,Z24,12,0.177417595648
10/30/2022,FEU,Z14,12,0.177417595648
10/30/2022,FEU,Z24,13,0.171368002244
10/30/2022,FEU,Z14,13,0.171368002244
10/30/2022,FEU,Z24,14,0.169897339648
10/30/2022,FEU,Z14,14,0.169897339648
10/30/2022,FEU,Z24,15,0.171185031893
10/30/2022,FEU,Z14,15,0.171185031893
10/30/2022,FEU,Z24,16,0.16461347284
10/30/2022,FEU,Z14,16,0.16461347284
10/30/2022,FEU,Z24,17,0.164573670138
10/30/2022,FEU,Z14,17,0.164573670138
10/30/2022,FEU,Z24,18,0.179520476138
10/30/2022,FEU,Z14,18,0.179520476138
10/30/2022,FEU,Z24,19,0.197090970734
10/30/2022,FEU,Z14,19,0.197090970734
10/30/2022,FEU,Z24,2,0.145762644681
10/30/2022,FEU,Z14,2,0.145762644681
10/30/2022,FEU,Z24,20,0.215866444628
10/30/2022,FEU,Z14,20,0.215866444628
10/30/2022,FEU,Z24,21,0.251395379224
10/30/2022,FEU,Z14,21,0.251395379224
10/30/2022,FEU,Z24,22,0.281028227224
10/30/2022,FEU,Z14,22,0.281028227224
10/30/2022,FEU,Z24,23,0.262427435224
10/30/2022,FEU,Z14,23,0.262427435224
10/30/2022,FEU,Z24,24,0.200081035171
10/30/2022,FEU,Z14,24,0.200081035171
10/30/2022,FEU,Z24,25,0.186488807714
10/30/2022,FEU,Z14,25,0.186488807714
10/30/2022,FEU,Z24,3,0.141932755171
10/30/2022,FEU,Z14,3,0.141932755171
10/30/2022,FEU,Z24,4,0.144398135959
10/30/2022,FEU,Z14,4,0.144398135959
10/30/2022,FEU,Z24,5,0.143881402906
10/30/2022,FEU,Z14,5,0.143881402906
10/30/2022,FEU,Z24,6,0.141402493257
10/30/2022,FEU,Z14,6,0.141402493257
10/30/2022,FEU,Z24,7,0.140161261608
10/30/2022,FEU,Z14,7,0.140161261608
10/30/2022,FEU,Z24,8,0.145309701714
10/30/2022,FEU,Z14,8,0.145309701714
10/30/2022,FEU,Z24,9,0.151161390873
10/30/2022,FEU,Z14,9,0.151161390873
10/31/2022,FEU,Z24,1,0.214445499571
10/31/2022,FEU,Z14,1,0.214445499571
10/31/2022,FEU,Z24,10,0.225677588144
10/31/2022,FEU,Z14,10,0.225677588144
10/31/2022,FEU,Z24,11,0.208615484734
10/31/2022,FEU,Z14,11,0.256412955061
10/31/2022,FEU,Z24,12,0.255536343726
10/31/2022,FEU,Z14,12,0.255536343726
10/31/2022,FEU,Z24,13,0.255256007586
10/31/2022,FEU,Z14,13,0.255256007586
10/31/2022,FEU,Z24,14,0.259678752388
10/31/2022,FEU,Z14,14,0.259678752388
10/31/2022,FEU,Z24,15,0.273898947806
10/31/2022,FEU,Z14,15,0.22586432485
10/31/2022,FEU,Z24,16,0.244250413695
10/31/2022,FEU,Z14,16,0.244250413695
10/31/2022,FEU,Z24,17,0.244975897884
10/31/2022,FEU,Z14,17,0.244975897884
10/31/2022,FEU,Z24,18,0.315601370295
10/31/2022,FEU,Z14,18,0.315601370295
10/31/2022,FEU,Z24,19,0.259145409846
10/31/2022,FEU,Z14,19,0.307084076253
10/31/2022,FEU,Z24,2,0.206555108578
10/31/2022,FEU,Z14,2,0.206555108578
10/31/2022,FEU,Z24,20,0.307443383053
10/31/2022,FEU,Z14,20,0.307443383053
10/31/2022,FEU,Z24,21,0.357190259145
10/31/2022,FEU,Z14,21,0.357190259145
10/31/2022,FEU,Z24,22,0.377583783093
10/31/2022,FEU,Z14,22,0.377583783093
10/31/2022,FEU,Z24,23,0.350287640115
10/31/2022,FEU,Z14,23,0.301975403199
10/31/2022,FEU,Z24,24,0.285663546336
10/31/2022,FEU,Z14,24,0.285663546336
10/31/2022,FEU,Z24,3,0.173919203296
10/31/2022,FEU,Z14,3,0.173919203296
10/31/2022,FEU,Z24,4,0.174525824215
10/31/2022,FEU,Z14,4,0.174525824215
10/31/2022,FEU,Z24,5,0.174227860256
10/31/2022,FEU,Z14,5,0.174227860256
10/31/2022,FEU,Z24,6,0.179442620522
10/31/2022,FEU,Z14,6,0.179442620522
10/31/2022,FEU,Z24,7,0.199292536592
10/31/2022,FEU,Z14,7,0.199292536592
10/31/2022,FEU,Z24,8,0.217069593802
10/31/2022,FEU,Z14,8,0.217069593802
10/31/2022,FEU,Z24,9,0.248703916503
10/31/2022,FEU,Z14,9,0.248703916503
11/01/2022,FEU,Z24,1,0.208718962808
11/01/2022,FEU,Z14,1,0.208718962808
11/01/2022,FEU,Z24,10,0.159993351703
11/01/2022,FEU,Z14,10,0.159993351703
11/01/2022,FEU,Z24,11,0.146893204723
11/01/2022,FEU,Z14,11,0.146893204723
11/01/2022,FEU,Z24,12,0.135768623335
11/01/2022,FEU,Z14,12,0.135768623335
11/01/2022,FEU,Z24,13,0.140307345232
11/01/2022,FEU,Z14,13,0.140307345232
11/01/2022,FEU,Z24,14,0.132973812223
11/01/2022,FEU,Z14,14,0.132973812223
11/01/2022,FEU,Z24,15,0.13358049283
11/01/2022,FEU,Z14,15,0.13358049283
11/01/2022,FEU,Z24,16,0.140957101624
11/01/2022,FEU,Z14,16,0.140957101624
11/01/2022,FEU,Z24,17,0.158918345518
11/01/2022,FEU,Z14,17,0.158918345518
11/01/2022,FEU,Z24,18,0.194754172917
11/01/2022,FEU,Z14,18,0.194754172917
11/01/2022,FEU,Z24,19,0.209053608134
11/01/2022,FEU,Z14,19,0.209053608134
11/01/2022,FEU,Z24,2,0.1937965708
11/01/2022,FEU,Z14,2,0.1937965708
11/01/2022,FEU,Z24,20,0.209184981354
11/01/2022,FEU,Z14,20,0.209184981354
11/01/2022,FEU,Z24,21,0.251164073696
11/01/2022,FEU,Z14,21,0.251164073696
11/01/2022,FEU,Z24,22,0.253807695172
11/01/2022,FEU,Z14,22,0.253807695172
11/01/2022,FEU,Z24,23,0.213704180968
11/01/2022,FEU,Z14,23,0.213704180968
11/01/2022,FEU,Z24,24,0.1989445348
11/01/2022,FEU,Z14,24,0.1989445348
11/01/2022,FEU,Z24,3,0.168984996083
11/01/2022,FEU,Z14,3,0.168984996083
11/01/2022,FEU,Z24,4,0.169226346719
11/01/2022,FEU,Z14,4,0.169226346719
11/01/2022,FEU,Z24,5,0.167703566548
11/01/2022,FEU,Z14,5,0.167703566548
11/01/2022,FEU,Z24,6,0.163067688552
11/01/2022,FEU,Z14,6,0.163067688552
11/01/2022,FEU,Z24,7,0.165777968107
11/01/2022,FEU,Z14,7,0.165777968107
11/01/2022,FEU,Z24,8,0.163468473368
11/01/2022,FEU,Z14,8,0.163468473368
11/01/2022,FEU,Z24,9,0.162665922214
11/01/2022,FEU,Z14,9,0.162665922214
11/02/2022,FEU,Z24,1,0.167284558238
11/02/2022,FEU,Z14,1,0.167284558238
11/02/2022,FEU,Z24,10,0.208270333817
11/02/2022,FEU,Z14,10,0.208270333817
11/02/2022,FEU,Z24,11,0.18974117964
11/02/2022,FEU,Z14,11,0.237658695156
11/02/2022,FEU,Z24,12,0.226828204014
11/02/2022,FEU,Z14,12,0.226828204014
11/02/2022,FEU,Z24,13,0.225141736594
11/02/2022,FEU,Z14,13,0.225141736594
11/02/2022,FEU,Z24,14,0.222727106035
11/02/2022,FEU,Z14,14,0.222727106035
11/02/2022,FEU,Z24,15,0.229522281624
11/02/2022,FEU,Z14,15,0.181624673428
11/02/2022,FEU,Z24,16,0.182235693522
11/02/2022,FEU,Z14,16,0.182235693522
11/02/2022,FEU,Z24,17,0.206122647422
11/02/2022,FEU,Z14,17,0.206122647422
11/02/2022,FEU,Z24,18,0.256242848061
11/02/2022,FEU,Z14,18,0.256242848061
11/02/2022,FEU,Z24,19,0.269750743079
11/02/2022,FEU,Z14,19,0.317948605075
11/02/2022,FEU,Z24,2,0.16609110619
11/02/2022,FEU,Z14,2,0.16609110619
11/02/2022,FEU,Z24,20,0.314497328361
11/02/2022,FEU,Z14,20,0.314497328361
11/02/2022,FEU,Z24,21,0.324994130421
11/02/2022,FEU,Z14,21,0.324994130421
11/02/2022,FEU,Z24,22,0.277354306339
11/02/2022,FEU,Z14,22,0.277354306339
11/02/2022,FEU,Z24,23,0.250889699283
11/02/2022,FEU,Z14,23,0.202756896088
11/02/2022,FEU,Z24,24,0.187872322233
11/02/2022,FEU,Z14,24,0.187872322233
11/02/2022,FEU,Z24,3,0.161516952046
11/02/2022,FEU,Z14,3,0.161516952046
11/02/2022,FEU,Z24,4,0.161687291033
11/02/2022,FEU,Z14,4,0.161687291033
11/02/2022,FEU,Z24,5,0.161256059253
11/02/2022,FEU,Z14,5,0.161256059253
11/02/2022,FEU,Z24,6,0.16398097509
11/02/2022,FEU,Z14,6,0.16398097509
11/02/2022,FEU,Z24,7,0.182707487062
11/02/2022,FEU,Z14,7,0.182707487062
11/02/2022,FEU,Z24,8,0.206499541615
11/02/2022,FEU,Z14,8,0.206499541615
11/02/2022,FEU,Z24,9,0.239748524184
11/02/2022,FEU,Z14,9,0.239748524184
11/03/2022,FEU,Z24,1,0.161150902233
11/03/2022,FEU,Z14,1,0.161150902233
11/03/2022,FEU,Z24,10,0.184165520709
11/03/2022,FEU,Z14,10,0.184165520709
11/03/2022,FEU,Z24,11,0.168175252902
11/03/2022,FEU,Z14,11,0.216015629178
11/03/2022,FEU,Z24,12,0.221322787397
11/03/2022,FEU,Z14,12,0.221322787397
11/03/2022,FEU,Z24,13,0.235763060597
11/03/2022,FEU,Z14,13,0.235763060597
11/03/2022,FEU,Z24,14,0.239441467838
11/03/2022,FEU,Z14,14,0.239441467838
11/03/2022,FEU,Z24,15,0.245282215548
11/03/2022,FEU,Z14,15,0.197333902512
11/03/2022,FEU,Z24,16,0.198153580584
11/03/2022,FEU,Z14,16,0.198153580584
11/03/2022,FEU,Z24,17,0.206918445322
11/03/2022,FEU,Z14,17,0.206918445322
11/03/2022,FEU,Z24,18,0.21203403202
11/03/2022,FEU,Z14,18,0.21203403202
11/03/2022,FEU,Z24,19,0.244701572788
11/03/2022,FEU,Z14,19,0.292815636504
11/03/2022,FEU,Z24,2,0.145851934144
11/03/2022,FEU,Z14,2,0.145851934144
11/03/2022,FEU,Z24,20,0.270840852222
11/03/2022,FEU,Z14,20,0.270840852222
11/03/2022,FEU,Z24,21,0.250567762911
11/03/2022,FEU,Z14,21,0.250567762911
11/03/2022,FEU,Z24,22,0.245102885817
11/03/2022,FEU,Z14,22,0.245102885817
11/03/2022,FEU,Z24,23,0.243542734642
11/03/2022,FEU,Z14,23,0.195439988247
11/03/2022,FEU,Z24,24,0.180768496539
11/03/2022,FEU,Z14,24,0.180768496539
11/03/2022,FEU,Z24,3,0.14026183138
11/03/2022,FEU,Z14,3,0.14026183138
11/03/2022,FEU,Z24,4,0.13548215198
11/03/2022,FEU,Z14,4,0.13548215198
11/03/2022,FEU,Z24,5,0.130979214821
11/03/2022,FEU,Z14,5,0.130979214821
11/03/2022,FEU,Z24,6,0.133113838347
11/03/2022,FEU,Z14,6,0.133113838347
11/03/2022,FEU,Z24,7,0.136682351682
11/03/2022,FEU,Z14,7,0.136682351682
11/03/2022,FEU,Z24,8,0.148299669216
11/03/2022,FEU,Z14,8,0.148299669216
11/03/2022,FEU,Z24,9,0.197973311593
11/03/2022,FEU,Z14,9,0.197973311593
11/04/2022,FEU,Z24,1,0.208379587352
11/04/2022,FEU,Z14,1,0.208379587352
11/04/2022,FEU,Z24,10,0.225755420985
11/04/2022,FEU,Z14,10,0.225755420985
11/04/2022,FEU,Z24,11,0.205296010959
11/04/2022,FEU,Z14,11,0.253266695635
11/04/2022,FEU,Z24,12,0.233372428983
11/04/2022,FEU,Z14,12,0.233372428983
11/04/2022,FEU,Z24,13,0.226621684083
11/04/2022,FEU,Z14,13,0.226621684083
11/04/2022,FEU,Z24,14,0.220911698474
11/04/2022,FEU,Z14,14,0.220911698474
11/04/2022,FEU,Z24,15,0.221227636104
11/04/2022,FEU,Z14,15,0.173357068988
11/04/2022,FEU,Z24,16,0.173413257144
11/04/2022,FEU,Z14,16,0.173413257144
11/04/2022,FEU,Z24,17,0.209837963939
11/04/2022,FEU,Z14,17,0.209837963939
11/04/2022,FEU,Z24,18,0.235154626057
11/04/2022,FEU,Z14,18,0.235154626057
11/04/2022,FEU,Z24,19,0.259813825006
11/04/2022,FEU,Z14,19,0.307979387282
11/04/2022,FEU,Z24,2,0.207115124002
11/04/2022,FEU,Z14,2,0.207115124002
11/04/2022,FEU,Z24,20,0.357277278496
11/04/2022,FEU,Z14,20,0.357277278496
11/04/2022,FEU,Z24,21,0.330379767492
11/04/2022,FEU,Z14,21,0.330379767492
11/04/2022,FEU,Z24,22,0.320790267132
11/04/2022,FEU,Z14,22,0.320790267132
11/04/2022,FEU,Z24,23,0.310746660054
11/04/2022,FEU,Z14,23,0.262360197009
11/04/2022,FEU,Z24,24,0.246185289745
11/04/2022,FEU,Z14,24,0.246185289745
11/04/2022,FEU,Z24,3,0.206717557558
11/04/2022,FEU,Z14,3,0.206717557558
11/04/2022,FEU,Z24,4,0.198292944337
11/04/2022,FEU,Z14,4,0.198292944337
11/04/2022,FEU,Z24,5,0.181712089278
11/04/2022,FEU,Z14,5,0.181712089278
11/04/2022,FEU,Z24,6,0.194860959982
11/04/2022,FEU,Z14,6,0.194860959982
11/04/2022,FEU,Z24,7,0.210584557237
11/04/2022,FEU,Z14,7,0.210584557237
11/04/2022,FEU,Z24,8,0.220961146492
11/04/2022,FEU,Z14,8,0.220961146492
11/04/2022,FEU,Z24,9,0.24399659762
11/04/2022,FEU,Z14,9,0.24399659762
11/05/2022,FEU,Z24,1,0.218368423969
11/05/2022,FEU,Z14,1,0.218368423969
11/05/2022,FEU,Z24,10,0.164804080153
11/05/2022,FEU,Z14,10,0.164804080153
11/05/2022,FEU,Z24,11,0.15858019462
11/05/2022,FEU,Z14,11,0.15858019462
11/05/2022,FEU,Z24,12,0.151526313541
11/05/2022,FEU,Z14,12,0.151526313541
11/05/2022,FEU,Z24,13,0.156574982119
11/05/2022,FEU,Z14,13,0.156574982119
11/05/2022,FEU,Z24,14,0.15998595222
11/05/2022,FEU,Z14,14,0.15998595222
11/05/2022,FEU,Z24,15,0.159790969376
11/05/2022,FEU,Z14,15,0.159790969376
11/05/2022,FEU,Z24,16,0.159528259486
11/05/2022,FEU,Z14,16,0.159528259486
11/05/2022,FEU,Z24,17,0.171315423321
11/05/2022,FEU,Z14,17,0.171315423321
11/05/2022,FEU,Z24,18,0.229399284757
11/05/2022,FEU,Z14,18,0.229399284757
11/05/2022,FEU,Z24,19,0.243886203218
11/05/2022,FEU,Z14,19,0.243886203218
11/05/2022,FEU,Z24,2,0.203405149001
11/05/2022,FEU,Z14,2,0.203405149001
11/05/2022,FEU,Z24,20,0.232661666695
11/05/2022,FEU,Z14,20,0.232661666695
11/05/2022,FEU,Z24,21,0.216880553039
11/05/2022,FEU,Z14,21,0.216880553039
11/05/2022,FEU,Z24,22,0.215380456617
11/05/2022,FEU,Z14,22,0.215380456617
11/05/2022,FEU,Z24,23,0.194059761535
11/05/2022,FEU,Z14,23,0.194059761535
11/05/2022,FEU,Z24,24,0.179672779018
11/05/2022,FEU,Z14,24,0.179672779018
11/05/2022,FEU,Z24,3,0.187322392603
11/05/2022,FEU,Z14,3,0.187322392603
11/05/2022,FEU,Z24,4,0.18520626067
11/05/2022,FEU,Z14,4,0.18520626067
11/05/2022,FEU,Z24,5,0.185838334631
11/05/2022,FEU,Z14,5,0.185838334631
11/05/2022,FEU,Z24,6,0.18569245507
11/05/2022,FEU,Z14,6,0.18569245507
11/05/2022,FEU,Z24,7,0.182738263816
11/05/2022,FEU,Z14,7,0.182738263816
11/05/2022,FEU,Z24,8,0.188041146947
11/05/2022,FEU,Z14,8,0.188041146947
11/05/2022,FEU,Z24,9,0.184086522918
11/05/2022,FEU,Z14,9,0.184086522918
11/06/2022,FEU,Z24,1,0.188646397307
11/06/2022,FEU,Z14,1,0.188646397307
11/06/2022,FEU,Z24,10,0.142547030083
11/06/2022,FEU,Z14,10,0.142547030083
11/06/2022,FEU,Z24,11,0.136689000292
11/06/2022,FEU,Z14,11,0.136689000292
11/06/2022,FEU,Z24,12,0.140468864814
11/06/2022,FEU,Z14,12,0.140468864814
11/06/2022,FEU,Z24,13,0.136357043523
11/06/2022,FEU,Z14,13,0.136357043523
11/06/2022,FEU,Z24,14,0.139805594314
11/06/2022,FEU,Z14,14,0.139805594314
11/06/2022,FEU,Z24,15,0.141613307812
11/06/2022,FEU,Z14,15,0.141613307812
11/06/2022,FEU,Z24,16,0.1439687908
11/06/2022,FEU,Z14,16,0.1439687908
11/06/2022,FEU,Z24,17,0.154679941916
11/06/2022,FEU,Z14,17,0.154679941916
11/06/2022,FEU,Z24,18,0.185235509581
11/06/2022,FEU,Z14,18,0.185235509581
11/06/2022,FEU,Z24,19,0.203235322953
11/06/2022,FEU,Z14,19,0.203235322953
11/06/2022,FEU,Z24,2,0.180963952826
11/06/2022,FEU,Z14,2,0.180963952826
11/06/2022,FEU,Z24,20,0.189823229341
11/06/2022,FEU,Z14,20,0.189823229341
11/06/2022,FEU,Z24,21,0.188959301079
11/06/2022,FEU,Z14,21,0.188959301079
11/06/2022,FEU,Z24,22,0.193452217526
11/06/2022,FEU,Z14,22,0.193452217526
11/06/2022,FEU,Z24,23,0.185254505024
11/06/2022,FEU,Z14,23,0.185254505024
11/06/2022,FEU,Z24,24,0.178925587118
11/06/2022,FEU,Z14,24,0.178925587118
11/06/2022,FEU,Z24,3,0.161142064318
11/06/2022,FEU,Z14,3,0.161142064318
11/06/2022,FEU,Z24,4,0.144816028253
11/06/2022,FEU,Z14,4,0.144816028253
11/06/2022,FEU,Z24,5,0.140517735319
11/06/2022,FEU,Z14,5,0.140517735319
11/06/2022,FEU,Z24,6,0.144854560553
11/06/2022,FEU,Z14,6,0.144854560553
11/06/2022,FEU,Z24,7,0.144999015241
11/06/2022,FEU,Z14,7,0.144999015241
11/06/2022,FEU,Z24,8,0.151194093579
11/06/2022,FEU,Z14,8,0.151194093579
11/06/2022,FEU,Z24,9,0.154368643231
11/06/2022,FEU,Z14,9,0.154368643231
11/07/2022,FEU,Z24,1,0.191623202025
11/07/2022,FEU,Z14,1,0.191623202025
11/07/2022,FEU,Z24,10,0.214663682032
11/07/2022,FEU,Z14,10,0.214663682032
11/07/2022,FEU,Z24,11,0.164599495698
11/07/2022,FEU,Z14,11,0.212431951814
11/07/2022,FEU,Z24,12,0.208837100676
11/07/2022,FEU,Z14,12,0.208837100676
11/07/2022,FEU,Z24,13,0.206514967236
11/07/2022,FEU,Z14,13,0.206514967236
11/07/2022,FEU,Z24,14,0.203213865587
11/07/2022,FEU,Z14,14,0.203213865587
11/07/2022,FEU,Z24,15,0.206096238366
11/07/2022,FEU,Z14,15,0.15827881953
11/07/2022,FEU,Z24,16,0.159798670143
11/07/2022,FEU,Z14,16,0.159798670143
11/07/2022,FEU,Z24,17,0.17081384722
11/07/2022,FEU,Z14,17,0.17081384722
11/07/2022,FEU,Z24,18,0.217355661856
11/07/2022,FEU,Z14,18,0.217355661856
11/07/2022,FEU,Z24,19,0.221723125464
11/07/2022,FEU,Z14,19,0.26976022902
11/07/2022,FEU,Z24,2,0.146053771986
11/07/2022,FEU,Z14,2,0.146053771986
11/07/2022,FEU,Z24,20,0.276921516297
11/07/2022,FEU,Z14,20,0.276921516297
11/07/2022,FEU,Z24,21,0.265314489615
11/07/2022,FEU,Z14,21,0.265314489615
11/07/2022,FEU,Z24,22,0.236803519454
11/07/2022,FEU,Z14,22,0.236803519454
11/07/2022,FEU,Z24,23,0.213642161667
11/07/2022,FEU,Z14,23,0.165661712222
11/07/2022,FEU,Z24,24,0.167495710872
11/07/2022,FEU,Z14,24,0.167495710872
11/07/2022,FEU,Z24,3,0.14646074396
11/07/2022,FEU,Z14,3,0.14646074396
11/07/2022,FEU,Z24,4,0.145459305478
11/07/2022,FEU,Z14,4,0.145459305478
11/07/2022,FEU,Z24,5,0.143405116081
11/07/2022,FEU,Z14,5,0.143405116081
11/07/2022,FEU,Z24,6,0.150624214439
11/07/2022,FEU,Z14,6,0.150624214439
11/07/2022,FEU,Z24,7,0.177141300274
11/07/2022,FEU,Z14,7,0.177141300274
11/07/2022,FEU,Z24,8,0.201374492149
11/07/2022,FEU,Z14,8,0.201374492149
11/07/2022,FEU,Z24,9,0.233085539936
11/07/2022,FEU,Z14,9,0.233085539936
11/08/2022,FEU,Z24,1,0.137313720988
11/08/2022,FEU,Z14,1,0.137313720988
11/08/2022,FEU,Z24,10,0.186990771627
11/08/2022,FEU,Z14,10,0.186990771627
11/08/2022,FEU,Z24,11,0.177777907271
11/08/2022,FEU,Z14,11,0.225653392347
11/08/2022,FEU,Z24,12,0.206568108777
11/08/2022,FEU,Z14,12,0.206568108777
11/08/2022,FEU,Z24,13,0.204486474338
11/08/2022,FEU,Z14,13,0.204486474338
11/08/2022,FEU,Z24,14,0.20548085564
11/08/2022,FEU,Z14,14,0.20548085564
11/08/2022,FEU,Z24,15,0.21132843603
11/08/2022,FEU,Z14,15,0.163497649394
11/08/2022,FEU,Z24,16,0.169378547547
11/08/2022,FEU,Z14,16,0.169378547547
11/08/2022,FEU,Z24,17,0.201050295613
11/08/2022,FEU,Z14,17,0.201050295613
11/08/2022,FEU,Z24,18,0.216414586042
11/08/2022,FEU,Z14,18,0.216414586042
11/08/2022,FEU,Z24,19,0.22664424783
11/08/2022,FEU,Z14,19,0.274694220626
11/08/2022,FEU,Z24,2,0.127916511259
11/08/2022,FEU,Z14,2,0.127916511259
11/08/2022,FEU,Z24,20,0.277463002613
11/08/2022,FEU,Z14,20,0.277463002613
11/08/2022,FEU,Z24,21,0.263757273103
11/08/2022,FEU,Z14,21,0.263757273103
11/08/2022,FEU,Z24,22,0.239796996621
11/08/2022,FEU,Z14,22,0.239796996621
11/08/2022,FEU,Z24,23,0.245002678027
11/08/2022,FEU,Z14,23,0.197039926871
11/08/2022,FEU,Z24,24,0.179507875404
11/08/2022,FEU,Z14,24,0.179507875404
11/08/2022,FEU,Z24,3,0.125566473525
11/08/2022,FEU,Z14,3,0.125566473525
11/08/2022,FEU,Z24,4,0.118161520101
11/08/2022,FEU,Z14,4,0.118161520101
11/08/2022,FEU,Z24,5,0.108408108463
11/08/2022,FEU,Z14,5,0.108408108463
11/08/2022,FEU,Z24,6,0.13161676498
11/08/2022,FEU,Z14,6,0.13161676498
11/08/2022,FEU,Z24,7,0.138683357116
11/08/2022,FEU,Z14,7,0.138683357116
11/08/2022,FEU,Z24,8,0.177477283214
11/08/2022,FEU,Z14,8,0.177477283214
11/08/2022,FEU,Z24,9,0.208989101763
11/08/2022,FEU,Z14,9,0.208989101763
11/09/2022,FEU,Z24,1,0.148572603538
11/09/2022,FEU,Z14,1,0.148572603538
11/09/2022,FEU,Z24,10,0.224164450057
11/09/2022,FEU,Z14,10,0.224164450057
11/09/2022,FEU,Z24,11,0.20736051244
11/09/2022,FEU,Z14,11,0.255338784276
11/09/2022,FEU,Z24,12,0.243365103954
11/09/2022,FEU,Z14,12,0.243365103954
11/09/2022,FEU,Z24,13,0.243211600054
11/09/2022,FEU,Z14,13,0.243211600054
11/09/2022,FEU,Z24,14,0.241006072535
11/09/2022,FEU,Z14,14,0.241006072535
11/09/2022,FEU,Z24,15,0.243723657624
11/09/2022,FEU,Z14,15,0.195776573428
11/09/2022,FEU,Z24,16,0.199527284582
11/09/2022,FEU,Z14,16,0.199527284582
11/09/2022,FEU,Z24,17,0.226529695082
11/09/2022,FEU,Z14,17,0.226529695082
11/09/2022,FEU,Z24,18,0.243915436281
11/09/2022,FEU,Z14,18,0.243915436281
11/09/2022,FEU,Z24,19,0.249544868749
11/09/2022,FEU,Z14,19,0.297673709825
11/09/2022,FEU,Z24,2,0.14242406279
11/09/2022,FEU,Z14,2,0.14242406279
11/09/2022,FEU,Z24,20,0.319660546641
11/09/2022,FEU,Z14,20,0.319660546641
11/09/2022,FEU,Z24,21,0.283852147281
11/09/2022,FEU,Z14,21,0.283852147281
11/09/2022,FEU,Z24,22,0.271136778309
11/09/2022,FEU,Z14,22,0.271136778309
11/09/2022,FEU,Z24,23,0.254326046883
11/09/2022,FEU,Z14,23,0.206178889688
11/09/2022,FEU,Z24,24,0.200421562503
11/09/2022,FEU,Z14,24,0.200421562503
11/09/2022,FEU,Z24,3,0.141763168946
11/09/2022,FEU,Z14,3,0.141763168946
11/09/2022,FEU,Z24,4,0.137916786183
11/09/2022,FEU,Z14,4,0.137916786183
11/09/2022,FEU,Z24,5,0.138132450753
11/09/2022,FEU,Z14,5,0.138132450753
11/09/2022,FEU,Z24,6,0.14467419089
11/09/2022,FEU,Z14,6,0.14467419089
11/09/2022,FEU,Z24,7,0.172185848402
11/09/2022,FEU,Z14,7,0.172185848402
11/09/2022,FEU,Z24,8,0.197384486065
11/09/2022,FEU,Z14,8,0.197384486065
11/09/2022,FEU,Z24,9,0.235500541704
11/09/2022,FEU,Z14,9,0.235500541704
11/10/2022,FEU,Z24,1,0.180854899623
11/10/2022,FEU,Z14,1,0.180854899623
11/10/2022,FEU,Z24,10,0.224770624959
11/10/2022,FEU,Z14,10,0.224770624959
11/10/2022,FEU,Z24,11,0.210563460762
11/10/2022,FEU,Z14,11,0.258550255718
11/10/2022,FEU,Z24,12,0.238949133987
11/10/2022,FEU,Z14,12,0.238949133987
11/10/2022,FEU,Z24,13,0.239510025627
11/10/2022,FEU,Z14,13,0.239510025627
11/10/2022,FEU,Z24,14,0.238260283218
11/10/2022,FEU,Z14,14,0.238260283218
11/10/2022,FEU,Z24,15,0.234396538908
11/10/2022,FEU,Z14,15,0.186484210352
11/10/2022,FEU,Z24,16,0.188713311144
11/10/2022,FEU,Z14,16,0.188713311144
11/10/2022,FEU,Z24,17,0.216579835882
11/10/2022,FEU,Z14,17,0.216579835882
11/10/2022,FEU,Z24,18,0.24548871942
11/10/2022,FEU,Z14,18,0.24548871942
11/10/2022,FEU,Z24,19,0.269519891668
11/10/2022,FEU,Z14,19,0.317717483544
11/10/2022,FEU,Z24,2,0.178233746624
11/10/2022,FEU,Z14,2,0.178233746624
11/10/2022,FEU,Z24,20,0.342392230602
11/10/2022,FEU,Z14,20,0.342392230602
11/10/2022,FEU,Z24,21,0.331824195321
11/10/2022,FEU,Z14,21,0.331824195321
11/10/2022,FEU,Z24,22,0.306391915437
11/10/2022,FEU,Z14,22,0.306391915437
11/10/2022,FEU,Z24,23,0.277675899062
11/10/2022,FEU,Z14,23,0.229431886717
11/10/2022,FEU,Z24,24,0.221307771139
11/10/2022,FEU,Z14,24,0.221307771139
11/10/2022,FEU,Z24,3,0.17400759258
11/10/2022,FEU,Z14,3,0.17400759258
11/10/2022,FEU,Z24,4,0.16897066398
11/10/2022,FEU,Z14,4,0.16897066398
11/10/2022,FEU,Z24,5,0.167678099691
11/10/2022,FEU,Z14,5,0.167678099691
11/10/2022,FEU,Z24,6,0.182496002357
11/10/2022,FEU,Z14,6,0.182496002357
11/10/2022,FEU,Z24,7,0.193670025662
11/10/2022,FEU,Z14,7,0.193670025662
11/10/2022,FEU,Z24,8,0.209565453216
11/10/2022,FEU,Z14,8,0.209565453216
11/10/2022,FEU,Z24,9,0.244476534513
11/10/2022,FEU,Z14,9,0.244476534513
11/11/2022,FEU,Z24,1,0.196706103512
11/11/2022,FEU,Z14,1,0.196706103512
11/11/2022,FEU,Z24,10,0.200990270385
11/11/2022,FEU,Z14,10,0.200990270385
11/11/2022,FEU,Z24,11,0.184621631169
11/11/2022,FEU,Z14,11,0.232522251285
11/11/2022,FEU,Z24,12,0.222328722873
11/11/2022,FEU,Z14,12,0.222328722873
11/11/2022,FEU,Z24,13,0.221509057083
11/11/2022,FEU,Z14,13,0.221509057083
11/11/2022,FEU,Z24,14,0.217902345754
11/11/2022,FEU,Z14,14,0.217902345754
11/11/2022,FEU,Z24,15,0.214744606824
11/11/2022,FEU,Z14,15,0.166897262828
11/11/2022,FEU,Z24,16,0.167479784424
11/11/2022,FEU,Z14,16,0.167479784424
11/11/2022,FEU,Z24,17,0.181682628689
11/11/2022,FEU,Z14,17,0.181682628689
11/11/2022,FEU,Z24,18,0.211045819517
11/11/2022,FEU,Z14,18,0.211045819517
11/11/2022,FEU,Z24,19,0.208921523746
11/11/2022,FEU,Z14,19,0.256913688062
11/11/2022,FEU,Z24,2,0.195396855622
11/11/2022,FEU,Z14,2,0.195396855622
11/11/2022,FEU,Z24,20,0.263372876896
11/11/2022,FEU,Z14,20,0.263372876896
11/11/2022,FEU,Z24,21,0.268868240052
11/11/2022,FEU,Z14,21,0.268868240052
11/11/2022,FEU,Z24,22,0.258366023052
11/11/2022,FEU,Z14,22,0.258366023052
11/11/2022,FEU,Z24,23,0.247516839834
11/11/2022,FEU,Z14,23,0.199393724639
11/11/2022,FEU,Z24,24,0.168782801595
11/11/2022,FEU,Z14,24,0.168782801595
11/11/2022,FEU,Z24,3,0.183342237278
11/11/2022,FEU,Z14,3,0.183342237278
11/11/2022,FEU,Z24,4,0.162842124627
11/11/2022,FEU,Z14,4,0.162842124627
11/11/2022,FEU,Z24,5,0.156821977798
11/11/2022,FEU,Z14,5,0.156821977798
11/11/2022,FEU,Z24,6,0.164927867002
11/11/2022,FEU,Z14,6,0.164927867002
11/11/2022,FEU,Z24,7,0.170077887097
11/11/2022,FEU,Z14,7,0.170077887097
11/11/2022,FEU,Z24,8,0.193540253212
11/11/2022,FEU,Z14,8,0.193540253212
11/11/2022,FEU,Z24,9,0.22002151102
11/11/2022,FEU,Z14,9,0.22002151102
11/12/2022,FEU,Z24,1,0.171738977959
11/12/2022,FEU,Z14,1,0.171738977959
11/12/2022,FEU,Z24,10,0.130416702023
11/12/2022,FEU,Z14,10,0.130416702023
11/12/2022,FEU,Z24,11,0.12101077642
11/12/2022,FEU,Z14,11,0.12101077642
11/12/2022,FEU,Z24,12,0.115729173631
11/12/2022,FEU,Z14,12,0.115729173631
11/12/2022,FEU,Z24,13,0.113497782729
11/12/2022,FEU,Z14,13,0.113497782729
11/12/2022,FEU,Z24,14,0.11255978162
11/12/2022,FEU,Z14,14,0.11255978162
11/12/2022,FEU,Z24,15,0.113806173536
11/12/2022,FEU,Z14,15,0.113806173536
11/12/2022,FEU,Z24,16,0.114676485286
11/12/2022,FEU,Z14,16,0.114676485286
11/12/2022,FEU,Z24,17,0.125998510911
11/12/2022,FEU,Z14,17,0.125998510911
11/12/2022,FEU,Z24,18,0.167520549697
11/12/2022,FEU,Z14,18,0.167520549697
11/12/2022,FEU,Z24,19,0.196597131238
11/12/2022,FEU,Z14,19,0.196597131238
11/12/2022,FEU,Z24,2,0.139070583311
11/12/2022,FEU,Z14,2,0.139070583311
11/12/2022,FEU,Z24,20,0.213945040345
11/12/2022,FEU,Z14,20,0.213945040345
11/12/2022,FEU,Z24,21,0.236443446669
11/12/2022,FEU,Z14,21,0.236443446669
11/12/2022,FEU,Z24,22,0.217837727757
11/12/2022,FEU,Z14,22,0.217837727757
11/12/2022,FEU,Z24,23,0.202938531985
11/12/2022,FEU,Z14,23,0.202938531985
11/12/2022,FEU,Z24,24,0.195438974138
11/12/2022,FEU,Z14,24,0.195438974138
11/12/2022,FEU,Z24,3,0.133476908653
11/12/2022,FEU,Z14,3,0.133476908653
11/12/2022,FEU,Z24,4,0.13501834927
11/12/2022,FEU,Z14,4,0.13501834927
11/12/2022,FEU,Z24,5,0.134412697711
11/12/2022,FEU,Z14,5,0.134412697711
11/12/2022,FEU,Z24,6,0.13370715697
11/12/2022,FEU,Z14,6,0.13370715697
11/12/2022,FEU,Z24,7,0.131462920936
11/12/2022,FEU,Z14,7,0.131462920936
11/12/2022,FEU,Z24,8,0.131175658427
11/12/2022,FEU,Z14,8,0.131175658427
11/12/2022,FEU,Z24,9,0.132278796378
11/12/2022,FEU,Z14,9,0.132278796378
11/13/2022,FEU,Z24,1,0.195864653377
11/13/2022,FEU,Z14,1,0.195864653377
11/13/2022,FEU,Z24,10,0.173605206043
11/13/2022,FEU,Z14,10,0.173605206043
11/13/2022,FEU,Z24,11,0.156634973812
11/13/2022,FEU,Z14,11,0.156634973812
11/13/2022,FEU,Z24,12,0.146965950714
11/13/2022,FEU,Z14,12,0.146965950714
11/13/2022,FEU,Z24,13,0.145390315313
11/13/2022,FEU,Z14,13,0.145390315313
11/13/2022,FEU,Z24,14,0.146899665174
11/13/2022,FEU,Z14,14,0.146899665174
11/13/2022,FEU,Z24,15,0.144570631852
11/13/2022,FEU,Z14,15,0.144570631852
11/13/2022,FEU,Z24,16,0.1437733828
11/13/2022,FEU,Z14,16,0.1437733828
11/13/2022,FEU,Z24,17,0.157382452356
11/13/2022,FEU,Z14,17,0.157382452356
11/13/2022,FEU,Z24,18,0.181659323851
11/13/2022,FEU,Z14,18,0.181659323851
11/13/2022,FEU,Z24,19,0.213131479743
11/13/2022,FEU,Z14,19,0.213131479743
11/13/2022,FEU,Z24,2,0.188320579566
11/13/2022,FEU,Z14,2,0.188320579566
11/13/2022,FEU,Z24,20,0.225750211861
11/13/2022,FEU,Z14,20,0.225750211861
11/13/2022,FEU,Z24,21,0.211250044869
11/13/2022,FEU,Z14,21,0.211250044869
11/13/2022,FEU,Z24,22,0.202743785046
11/13/2022,FEU,Z14,22,0.202743785046
11/13/2022,FEU,Z24,23,0.209750448064
11/13/2022,FEU,Z14,23,0.209750448064
11/13/2022,FEU,Z24,24,0.187756761158
11/13/2022,FEU,Z14,24,0.187756761158
11/13/2022,FEU,Z24,3,0.183172312558
11/13/2022,FEU,Z14,3,0.183172312558
11/13/2022,FEU,Z24,4,0.181605508583
11/13/2022,FEU,Z14,4,0.181605508583
11/13/2022,FEU,Z24,5,0.191678218489
11/13/2022,FEU,Z14,5,0.191678218489
11/13/2022,FEU,Z24,6,0.192649838423
11/13/2022,FEU,Z14,6,0.192649838423
11/13/2022,FEU,Z24,7,0.190801363651
11/13/2022,FEU,Z14,7,0.190801363651
11/13/2022,FEU,Z24,8,0.198933935429
11/13/2022,FEU,Z14,8,0.198933935429
11/13/2022,FEU,Z24,9,0.189447355201
11/13/2022,FEU,Z14,9,0.189447355201
11/14/2022,FEU,Z24,1,0.209493722525
11/14/2022,FEU,Z14,1,0.209493722525
11/14/2022,FEU,Z24,10,0.251660817872
11/14/2022,FEU,Z14,10,0.251660817872
11/14/2022,FEU,Z24,11,0.235051788098
11/14/2022,FEU,Z14,11,0.283125599014
11/14/2022,FEU,Z24,12,0.271471114236
11/14/2022,FEU,Z14,12,0.271471114236
11/14/2022,FEU,Z24,13,0.260169733476
11/14/2022,FEU,Z14,13,0.260169733476
11/14/2022,FEU,Z24,14,0.234306565917
11/14/2022,FEU,Z14,14,0.234306565917
11/14/2022,FEU,Z24,15,0.230524630786
11/14/2022,FEU,Z14,15,0.18262398063
11/14/2022,FEU,Z24,16,0.182863385773
11/14/2022,FEU,Z14,16,0.182863385773
11/14/2022,FEU,Z24,17,0.19008445082
11/14/2022,FEU,Z14,17,0.19008445082
11/14/2022,FEU,Z24,18,0.225589706976
11/14/2022,FEU,Z14,18,0.225589706976
11/14/2022,FEU,Z24,19,0.232394278824
11/14/2022,FEU,Z14,19,0.28046767882
11/14/2022,FEU,Z24,2,0.202555189126
11/14/2022,FEU,Z14,2,0.202555189126
11/14/2022,FEU,Z24,20,0.280563914147
11/14/2022,FEU,Z14,20,0.280563914147
11/14/2022,FEU,Z24,21,0.286120221915
11/14/2022,FEU,Z14,21,0.286120221915
11/14/2022,FEU,Z24,22,0.274790589474
11/14/2022,FEU,Z14,22,0.274790589474
11/14/2022,FEU,Z24,23,0.235221780177
11/14/2022,FEU,Z14,23,0.187151639882
11/14/2022,FEU,Z24,24,0.177721769112
11/14/2022,FEU,Z14,24,0.177721769112
11/14/2022,FEU,Z24,3,0.18789208276
11/14/2022,FEU,Z14,3,0.18789208276
11/14/2022,FEU,Z24,4,0.184664501038
11/14/2022,FEU,Z14,4,0.184664501038
11/14/2022,FEU,Z24,5,0.177333792961
11/14/2022,FEU,Z14,5,0.177333792961
11/14/2022,FEU,Z24,6,0.209830981319
11/14/2022,FEU,Z14,6,0.209830981319
11/14/2022,FEU,Z24,7,0.197903760094
11/14/2022,FEU,Z14,7,0.197903760094
11/14/2022,FEU,Z24,8,0.209620821319
11/14/2022,FEU,Z14,8,0.209620821319
11/14/2022,FEU,Z24,9,0.251332388896
11/14/2022,FEU,Z14,9,0.251332388896
11/15/2022,FEU,Z24,1,0.160614590668
11/15/2022,FEU,Z14,1,0.160614590668
11/15/2022,FEU,Z24,10,0.180853876487
11/15/2022,FEU,Z14,10,0.180853876487
11/15/2022,FEU,Z24,11,0.164272694541
11/15/2022,FEU,Z14,11,0.212100406737
11/15/2022,FEU,Z24,12,0.206667998847
11/15/2022,FEU,Z14,12,0.206667998847
11/15/2022,FEU,Z24,13,0.204175418558
11/15/2022,FEU,Z14,13,0.204175418558
11/15/2022,FEU,Z24,14,0.20244162084
11/15/2022,FEU,Z14,14,0.20244162084
11/15/2022,FEU,Z24,15,0.20381502363
11/15/2022,FEU,Z14,15,0.156009923874
11/15/2022,FEU,Z24,16,0.158541270927
11/15/2022,FEU,Z14,16,0.158541270927
11/15/2022,FEU,Z24,17,0.172435142233
11/15/2022,FEU,Z14,17,0.172435142233
11/15/2022,FEU,Z24,18,0.196293780602
11/15/2022,FEU,Z14,18,0.196293780602
11/15/2022,FEU,Z24,19,0.21463161213
11/15/2022,FEU,Z14,19,0.262640516086
11/15/2022,FEU,Z24,2,0.141536924989
11/15/2022,FEU,Z14,2,0.141536924989
11/15/2022,FEU,Z24,20,0.268247351553
11/15/2022,FEU,Z14,20,0.268247351553
11/15/2022,FEU,Z24,21,0.275406124493
11/15/2022,FEU,Z14,21,0.275406124493
11/15/2022,FEU,Z24,22,0.273344356941
11/15/2022,FEU,Z14,22,0.273344356941
11/15/2022,FEU,Z24,23,0.250897708577
11/15/2022,FEU,Z14,23,0.202915192021
11/15/2022,FEU,Z24,24,0.174308480684
11/15/2022,FEU,Z14,24,0.174308480684
11/15/2022,FEU,Z24,3,0.137448961275
11/15/2022,FEU,Z14,3,0.137448961275
11/15/2022,FEU,Z24,4,0.137711186231
11/15/2022,FEU,Z14,4,0.137711186231
11/15/2022,FEU,Z24,5,0.135164769853
11/15/2022,FEU,Z14,5,0.135164769853
11/15/2022,FEU,Z24,6,0.13251706398
11/15/2022,FEU,Z14,6,0.13251706398
11/15/2022,FEU,Z24,7,0.137828926476
11/15/2022,FEU,Z14,7,0.137828926476
11/15/2022,FEU,Z24,8,0.145984073174
11/15/2022,FEU,Z14,8,0.145984073174
11/15/2022,FEU,Z24,9,0.185259910783
11/15/2022,FEU,Z14,9,0.185259910783
11/16/2022,FEU,Z24,1,0.131663744998
11/16/2022,FEU,Z14,1,0.131663744998
11/16/2022,FEU,Z24,10,0.188359331877
11/16/2022,FEU,Z14,10,0.188359331877
11/16/2022,FEU,Z24,11,0.17101742244
11/16/2022,FEU,Z14,11,0.218870373276
11/16/2022,FEU,Z24,12,0.220737696294
11/16/2022,FEU,Z14,12,0.220737696294
11/16/2022,FEU,Z24,13,0.208756428314
11/16/2022,FEU,Z14,13,0.208756428314
11/16/2022,FEU,Z24,14,0.203851857585
11/16/2022,FEU,Z14,14,0.203851857585
11/16/2022,FEU,Z24,15,0.205489345704
11/16/2022,FEU,Z14,15,0.157673482188
11/16/2022,FEU,Z24,16,0.163195184762
11/16/2022,FEU,Z14,16,0.163195184762
11/16/2022,FEU,Z24,17,0.174555781422
11/16/2022,FEU,Z14,17,0.174555781422
11/16/2022,FEU,Z24,18,0.170355126801
11/16/2022,FEU,Z14,18,0.170355126801
11/16/2022,FEU,Z24,19,0.180813784899
11/16/2022,FEU,Z14,19,0.228709023575
11/16/2022,FEU,Z24,2,0.12961401059
11/16/2022,FEU,Z14,2,0.12961401059
11/16/2022,FEU,Z24,20,0.231295286571
11/16/2022,FEU,Z14,20,0.231295286571
11/16/2022,FEU,Z24,21,0.233905722261
11/16/2022,FEU,Z14,21,0.233905722261
11/16/2022,FEU,Z24,22,0.234886538379
11/16/2022,FEU,Z14,22,0.234886538379
11/16/2022,FEU,Z24,23,0.225986772633
11/16/2022,FEU,Z14,23,0.177959183688
11/16/2022,FEU,Z24,24,0.150870059733
11/16/2022,FEU,Z14,24,0.150870059733
11/16/2022,FEU,Z24,3,0.127233494926
11/16/2022,FEU,Z14,3,0.127233494926
11/16/2022,FEU,Z24,4,0.128405785143
11/16/2022,FEU,Z14,4,0.128405785143
11/16/2022,FEU,Z24,5,0.131034991943
11/16/2022,FEU,Z14,5,0.131034991943
11/16/2022,FEU,Z24,6,0.12893124389
11/16/2022,FEU,Z14,6,0.12893124389
11/16/2022,FEU,Z24,7,0.129492614582
11/16/2022,FEU,Z14,7,0.129492614582
11/16/2022,FEU,Z24,8,0.154242001465
11/16/2022,FEU,Z14,8,0.154242001465
11/16/2022,FEU,Z24,9,0.187468409304
11/16/2022,FEU,Z14,9,0.187468409304
11/17/2022,FEU,Z24,1,0.080406862943
11/17/2022,FEU,Z14,1,0.080406862943
11/17/2022,FEU,Z24,10,0.147522375399
11/17/2022,FEU,Z14,10,0.147522375399
11/17/2022,FEU,Z24,11,0.134127586362
11/17/2022,FEU,Z14,11,0.181850354118
11/17/2022,FEU,Z24,12,0.178923866267
11/17/2022,FEU,Z14,12,0.178923866267
11/17/2022,FEU,Z24,13,0.175453474267
11/17/2022,FEU,Z14,13,0.175453474267
11/17/2022,FEU,Z24,14,0.174368015338
11/17/2022,FEU,Z14,14,0.174368015338
11/17/2022,FEU,Z24,15,0.175229560468
11/17/2022,FEU,Z14,15,0.127520334992
11/17/2022,FEU,Z24,16,0.140651649384
11/17/2022,FEU,Z14,16,0.140651649384
11/17/2022,FEU,Z24,17,0.150852195002
11/17/2022,FEU,Z14,17,0.150852195002
11/17/2022,FEU,Z24,18,0.16333770942
11/17/2022,FEU,Z14,18,0.16333770942
11/17/2022,FEU,Z24,19,0.190937889388
11/17/2022,FEU,Z14,19,0.238868459304
11/17/2022,FEU,Z24,2,0.054235612224
11/17/2022,FEU,Z14,2,0.054235612224
11/17/2022,FEU,Z24,20,0.239975002242
11/17/2022,FEU,Z14,20,0.239975002242
11/17/2022,FEU,Z24,21,0.247646990841
11/17/2022,FEU,Z14,21,0.247646990841
11/17/2022,FEU,Z24,22,0.253782071787
11/17/2022,FEU,Z14,22,0.253782071787
11/17/2022,FEU,Z24,23,0.245172829282
11/17/2022,FEU,Z14,23,0.197064472487
11/17/2022,FEU,Z24,24,0.193308617939
11/17/2022,FEU,Z14,24,0.193308617939
11/17/2022,FEU,Z24,3,0.03596664218
11/17/2022,FEU,Z14,3,0.03596664218
11/17/2022,FEU,Z24,4,0.03523394678
11/17/2022,FEU,Z14,4,0.03523394678
11/17/2022,FEU,Z24,5,0.038078676271
11/17/2022,FEU,Z14,5,0.038078676271
11/17/2022,FEU,Z24,6,0.059504279777
11/17/2022,FEU,Z14,6,0.059504279777
11/17/2022,FEU,Z24,7,0.088174529022
11/17/2022,FEU,Z14,7,0.088174529022
11/17/2022,FEU,Z24,8,0.127572020576
11/17/2022,FEU,Z14,8,0.127572020576
11/17/2022,FEU,Z24,9,0.153781257643
11/17/2022,FEU,Z14,9,0.153781257643
11/18/2022,FEU,Z24,1,0.149208944792
11/18/2022,FEU,Z14,1,0.149208944792
11/18/2022,FEU,Z24,10,0.190601685785
11/18/2022,FEU,Z14,10,0.190601685785
11/18/2022,FEU,Z24,11,0.183093766779
11/18/2022,FEU,Z14,11,0.230987957935
11/18/2022,FEU,Z24,12,0.228844970793
11/18/2022,FEU,Z14,12,0.228844970793
11/18/2022,FEU,Z24,13,0.228369628353
11/18/2022,FEU,Z14,13,0.228369628353
11/18/2022,FEU,Z24,14,0.214092160914
11/18/2022,FEU,Z14,14,0.214092160914
11/18/2022,FEU,Z24,15,0.191797142424
11/18/2022,FEU,Z14,15,0.144027851028
11/18/2022,FEU,Z24,16,0.135521372904
11/18/2022,FEU,Z14,16,0.135521372904
11/18/2022,FEU,Z24,17,0.139866099559
11/18/2022,FEU,Z14,17,0.139866099559
11/18/2022,FEU,Z24,18,0.164888353617
11/18/2022,FEU,Z14,18,0.164888353617
11/18/2022,FEU,Z24,19,0.162510826606
11/18/2022,FEU,Z14,19,0.210344862482
11/18/2022,FEU,Z24,2,0.152103886042
11/18/2022,FEU,Z14,2,0.152103886042
11/18/2022,FEU,Z24,20,0.213553732576
11/18/2022,FEU,Z14,20,0.213553732576
11/18/2022,FEU,Z24,21,0.215930140332
11/18/2022,FEU,Z14,21,0.215930140332
11/18/2022,FEU,Z24,22,0.211736868612
11/18/2022,FEU,Z14,22,0.211736868612
11/18/2022,FEU,Z24,23,0.213397881774
11/18/2022,FEU,Z14,23,0.165415020629
11/18/2022,FEU,Z24,24,0.142750957645
11/18/2022,FEU,Z14,24,0.142750957645
11/18/2022,FEU,Z24,3,0.159168718818
11/18/2022,FEU,Z14,3,0.159168718818
11/18/2022,FEU,Z24,4,0.161566975907
11/18/2022,FEU,Z14,4,0.161566975907
11/18/2022,FEU,Z24,5,0.164407591678
11/18/2022,FEU,Z14,5,0.164407591678
11/18/2022,FEU,Z24,6,0.167115650782
11/18/2022,FEU,Z14,6,0.167115650782
11/18/2022,FEU,Z24,7,0.162002232307
11/18/2022,FEU,Z14,7,0.162002232307
11/18/2022,FEU,Z24,8,0.186459369292
11/18/2022,FEU,Z14,8,0.186459369292
11/18/2022,FEU,Z24,9,0.32865634662
11/18/2022,FEU,Z14,9,0.32865634662
11/19/2022,FEU,Z24,1,0.091458481929
11/19/2022,FEU,Z14,1,0.091458481929
11/19/2022,FEU,Z24,10,0.077643702843
11/19/2022,FEU,Z14,10,0.077643702843
11/19/2022,FEU,Z24,11,0.07262603282
11/19/2022,FEU,Z14,11,0.07262603282
11/19/2022,FEU,Z24,12,0.044369007841
11/19/2022,FEU,Z14,12,0.044369007841
11/19/2022,FEU,Z24,13,0.041250273069
11/19/2022,FEU,Z14,13,0.041250273069
11/19/2022,FEU,Z24,14,0.05467606162
11/19/2022,FEU,Z14,14,0.05467606162
11/19/2022,FEU,Z24,15,0.065392875296
11/19/2022,FEU,Z14,15,0.065392875296
11/19/2022,FEU,Z24,16,0.069903598666
11/19/2022,FEU,Z14,16,0.069903598666
11/19/2022,FEU,Z24,17,0.073581372291
11/19/2022,FEU,Z14,17,0.073581372291
11/19/2022,FEU,Z24,18,0.128474393737
11/19/2022,FEU,Z14,18,0.128474393737
11/19/2022,FEU,Z24,19,0.144491765458
11/19/2022,FEU,Z14,19,0.144491765458
11/19/2022,FEU,Z24,2,0.072266847791
11/19/2022,FEU,Z14,2,0.072266847791
11/19/2022,FEU,Z24,20,0.149173795995
11/19/2022,FEU,Z14,20,0.149173795995
11/19/2022,FEU,Z24,21,0.154699517689
11/19/2022,FEU,Z14,21,0.154699517689
11/19/2022,FEU,Z24,22,0.153597745087
11/19/2022,FEU,Z14,22,0.153597745087
11/19/2022,FEU,Z24,23,0.144074770885
11/19/2022,FEU,Z14,23,0.144074770885
11/19/2022,FEU,Z24,24,0.144159577138
11/19/2022,FEU,Z14,24,0.144159577138
11/19/2022,FEU,Z24,3,0.073010655403
11/19/2022,FEU,Z14,3,0.073010655403
11/19/2022,FEU,Z24,4,0.07414004047
11/19/2022,FEU,Z14,4,0.07414004047
11/19/2022,FEU,Z24,5,0.075449591501
11/19/2022,FEU,Z14,5,0.075449591501
11/19/2022,FEU,Z24,6,0.07555010017
11/19/2022,FEU,Z14,6,0.07555010017
11/19/2022,FEU,Z24,7,0.077803813576
11/19/2022,FEU,Z14,7,0.077803813576
11/19/2022,FEU,Z24,8,0.083827428557
11/19/2022,FEU,Z14,8,0.083827428557
11/19/2022,FEU,Z24,9,0.089673822238
11/19/2022,FEU,Z14,9,0.089673822238
11/20/2022,FEU,Z24,1,0.132797295127
11/20/2022,FEU,Z14,1,0.132797295127
11/20/2022,FEU,Z24,10,0.139727221273
11/20/2022,FEU,Z14,10,0.139727221273
11/20/2022,FEU,Z24,11,0.139713909652
11/20/2022,FEU,Z14,11,0.139713909652
11/20/2022,FEU,Z24,12,0.131947490394
11/20/2022,FEU,Z14,12,0.131947490394
11/20/2022,FEU,Z24,13,0.124479648513
11/20/2022,FEU,Z14,13,0.124479648513
11/20/2022,FEU,Z24,14,0.127401623554
11/20/2022,FEU,Z14,14,0.127401623554
11/20/2022,FEU,Z24,15,0.111907843012
11/20/2022,FEU,Z14,15,0.111907843012
11/20/2022,FEU,Z24,16,0.0985441228
11/20/2022,FEU,Z14,16,0.0985441228
11/20/2022,FEU,Z24,17,0.140532520516
11/20/2022,FEU,Z14,17,0.140532520516
11/20/2022,FEU,Z24,18,0.145073472601
11/20/2022,FEU,Z14,18,0.145073472601
11/20/2022,FEU,Z24,19,0.158306908483
11/20/2022,FEU,Z14,19,0.158306908483
11/20/2022,FEU,Z24,2,0.116114414626
11/20/2022,FEU,Z14,2,0.116114414626
11/20/2022,FEU,Z24,20,0.191491383361
11/20/2022,FEU,Z14,20,0.191491383361
11/20/2022,FEU,Z24,21,0.202484802649
11/20/2022,FEU,Z14,21,0.202484802649
11/20/2022,FEU,Z24,22,0.176221187126
11/20/2022,FEU,Z14,22,0.176221187126
11/20/2022,FEU,Z24,23,0.146464907584
11/20/2022,FEU,Z14,23,0.146464907584
11/20/2022,FEU,Z24,24,0.125277110938
11/20/2022,FEU,Z14,24,0.125277110938
11/20/2022,FEU,Z24,3,0.099872825698
11/20/2022,FEU,Z14,3,0.099872825698
11/20/2022,FEU,Z24,4,0.098395418243
11/20/2022,FEU,Z14,4,0.098395418243
11/20/2022,FEU,Z24,5,0.101147264119
11/20/2022,FEU,Z14,5,0.101147264119
11/20/2022,FEU,Z24,6,0.102057832303
11/20/2022,FEU,Z14,6,0.102057832303
11/20/2022,FEU,Z24,7,0.130975009651
11/20/2022,FEU,Z14,7,0.130975009651
11/20/2022,FEU,Z24,8,0.139499261209
11/20/2022,FEU,Z14,8,0.139499261209
11/20/2022,FEU,Z24,9,0.141563621161
11/20/2022,FEU,Z14,9,0.141563621161
11/21/2022,FEU,Z24,1,0.137586455275
11/21/2022,FEU,Z14,1,0.137586455275
11/21/2022,FEU,Z24,10,0.152198049232
11/21/2022,FEU,Z14,10,0.152198049232
11/21/2022,FEU,Z24,11,0.148820383958
11/21/2022,FEU,Z14,11,0.196597356994
11/21/2022,FEU,Z24,12,0.196954732596
11/21/2022,FEU,Z14,12,0.196954732596
11/21/2022,FEU,Z24,13,0.198867999396
11/21/2022,FEU,Z14,13,0.198867999396
11/21/2022,FEU,Z24,14,0.197087228107
11/21/2022,FEU,Z14,14,0.197087228107
11/21/2022,FEU,Z24,15,0.176154518886
11/21/2022,FEU,Z14,15,0.12844028613
11/21/2022,FEU,Z24,16,0.115140653663
11/21/2022,FEU,Z14,16,0.115140653663
11/21/2022,FEU,Z24,17,0.11818281462
11/21/2022,FEU,Z14,17,0.11818281462
11/21/2022,FEU,Z24,18,0.130418366176
11/21/2022,FEU,Z14,18,0.130418366176
11/21/2022,FEU,Z24,19,0.150961335624
11/21/2022,FEU,Z14,19,0.19875893282
11/21/2022,FEU,Z24,2,0.100101401286
11/21/2022,FEU,Z14,2,0.100101401286
11/21/2022,FEU,Z24,20,0.194889930297
11/21/2022,FEU,Z14,20,0.194889930297
11/21/2022,FEU,Z24,21,0.194966549865
11/21/2022,FEU,Z14,21,0.194966549865
11/21/2022,FEU,Z24,22,0.200374426474
11/21/2022,FEU,Z14,22,0.200374426474
11/21/2022,FEU,Z24,23,0.167091980427
11/21/2022,FEU,Z14,23,0.119303808382
11/21/2022,FEU,Z24,24,0.104201197912
11/21/2022,FEU,Z14,24,0.104201197912
11/21/2022,FEU,Z24,3,0.08773779116
11/21/2022,FEU,Z14,3,0.08773779116
11/21/2022,FEU,Z24,4,0.079569243118
11/21/2022,FEU,Z14,4,0.079569243118
11/21/2022,FEU,Z24,5,0.080981731351
11/21/2022,FEU,Z14,5,0.080981731351
11/21/2022,FEU,Z24,6,0.080216886309
11/21/2022,FEU,Z14,6,0.080216886309
11/21/2022,FEU,Z24,7,0.083778689674
11/21/2022,FEU,Z14,7,0.083778689674
11/21/2022,FEU,Z24,8,0.126598509949
11/21/2022,FEU,Z14,8,0.126598509949
11/21/2022,FEU,Z24,9,0.150689417056
11/21/2022,FEU,Z14,9,0.150689417056
11/22/2022,FEU,Z24,1,0.074412581428
11/22/2022,FEU,Z14,1,0.074412581428
11/22/2022,FEU,Z24,10,0.154191357167
11/22/2022,FEU,Z14,10,0.154191357167
11/22/2022,FEU,Z24,11,0.135717426391
11/22/2022,FEU,Z14,11,0.183446587187
11/22/2022,FEU,Z24,12,0.161551100197
11/22/2022,FEU,Z14,12,0.161551100197
11/22/2022,FEU,Z24,13,0.156405865818
11/22/2022,FEU,Z14,13,0.156405865818
11/22/2022,FEU,Z24,14,0.15318669844
11/22/2022,FEU,Z14,14,0.15318669844
11/22/2022,FEU,Z24,15,0.15609988473
11/22/2022,FEU,Z14,15,0.108457913654
11/22/2022,FEU,Z24,16,0.116054530587
11/22/2022,FEU,Z14,16,0.116054530587
11/22/2022,FEU,Z24,17,0.132491575713
11/22/2022,FEU,Z14,17,0.132491575713
11/22/2022,FEU,Z24,18,0.153640485662
11/22/2022,FEU,Z14,18,0.153640485662
11/22/2022,FEU,Z24,19,0.15452184423
11/22/2022,FEU,Z14,19,0.202325244706
11/22/2022,FEU,Z24,2,0.073151327929
11/22/2022,FEU,Z14,2,0.073151327929
11/22/2022,FEU,Z24,20,0.208087680113
11/22/2022,FEU,Z14,20,0.208087680113
11/22/2022,FEU,Z24,21,0.209287961173
11/22/2022,FEU,Z14,21,0.209287961173
11/22/2022,FEU,Z24,22,0.200877534591
11/22/2022,FEU,Z14,22,0.200877534591
11/22/2022,FEU,Z24,23,0.178532535627
11/22/2022,FEU,Z14,23,0.130792651671
11/22/2022,FEU,Z24,24,0.099542119404
11/22/2022,FEU,Z14,24,0.099542119404
11/22/2022,FEU,Z24,3,0.075217160525
11/22/2022,FEU,Z14,3,0.075217160525
11/22/2022,FEU,Z24,4,0.076748595341
11/22/2022,FEU,Z14,4,0.076748595341
11/22/2022,FEU,Z24,5,0.079634590363
11/22/2022,FEU,Z14,5,0.079634590363
11/22/2022,FEU,Z24,6,0.07865463738
11/22/2022,FEU,Z14,6,0.07865463738
11/22/2022,FEU,Z24,7,0.079475212316
11/22/2022,FEU,Z14,7,0.079475212316
11/22/2022,FEU,Z24,8,0.118355313674
11/22/2022,FEU,Z14,8,0.118355313674
11/22/2022,FEU,Z24,9,0.155368654003
11/22/2022,FEU,Z14,9,0.155368654003
11/23/2022,FEU,Z24,1,0.093521460298
11/23/2022,FEU,Z14,1,0.093521460298
11/23/2022,FEU,Z24,10,0.154930594857
11/23/2022,FEU,Z14,10,0.154930594857
11/23/2022,FEU,Z24,11,0.15370209084
11/23/2022,FEU,Z14,11,0.201495333636
11/23/2022,FEU,Z24,12,0.202509373434
11/23/2022,FEU,Z14,12,0.202509373434
11/23/2022,FEU,Z24,13,0.204240032254
11/23/2022,FEU,Z14,13,0.204240032254
11/23/2022,FEU,Z24,14,0.206935123285
11/23/2022,FEU,Z14,14,0.206935123285
11/23/2022,FEU,Z24,15,0.210876672264
11/23/2022,FEU,Z14,15,0.163041312508
11/23/2022,FEU,Z24,16,0.174945982142
11/23/2022,FEU,Z14,16,0.174945982142
11/23/2022,FEU,Z24,17,0.196938299742
11/23/2022,FEU,Z14,17,0.196938299742
11/23/2022,FEU,Z24,18,0.202862231841
11/23/2022,FEU,Z14,18,0.202862231841
11/23/2022,FEU,Z24,19,0.207347251409
11/23/2022,FEU,Z14,19,0.255333125325
11/23/2022,FEU,Z24,2,0.02259719409
11/23/2022,FEU,Z14,2,0.02259719409
11/23/2022,FEU,Z24,20,0.266881526961
11/23/2022,FEU,Z14,20,0.266881526961
11/23/2022,FEU,Z24,21,0.283810835121
11/23/2022,FEU,Z14,21,0.283810835121
11/23/2022,FEU,Z24,22,0.272585026799
11/23/2022,FEU,Z14,22,0.272585026799
11/23/2022,FEU,Z24,23,0.266840430513
11/23/2022,FEU,Z14,23,0.218642191368
11/23/2022,FEU,Z24,24,0.199914704823
11/23/2022,FEU,Z14,24,0.199914704823
11/23/2022,FEU,Z24,3,0.017054059886
11/23/2022,FEU,Z14,3,0.017054059886
11/23/2022,FEU,Z24,4,0.012188138913
11/23/2022,FEU,Z14,4,0.012188138913
11/23/2022,FEU,Z24,5,0.011678860923
11/23/2022,FEU,Z14,5,0.011678860923
11/23/2022,FEU,Z24,6,0.01280457939
11/23/2022,FEU,Z14,6,0.01280457939
11/23/2022,FEU,Z24,7,0.062434852102
11/23/2022,FEU,Z14,7,0.062434852102
11/23/2022,FEU,Z24,8,0.112393489465
11/23/2022,FEU,Z14,8,0.112393489465
11/23/2022,FEU,Z24,9,0.150974389224
11/23/2022,FEU,Z14,9,0.150974389224
11/24/2022,FEU,Z24,1,0.210043189193
11/24/2022,FEU,Z14,1,0.210043189193
11/24/2022,FEU,Z24,10,0.209263136349
11/24/2022,FEU,Z14,10,0.209263136349
11/24/2022,FEU,Z24,11,0.196340198382
11/24/2022,FEU,Z14,11,0.244279024898
11/24/2022,FEU,Z24,12,0.234287248487
11/24/2022,FEU,Z14,12,0.234287248487
11/24/2022,FEU,Z24,13,0.236700171107
11/24/2022,FEU,Z14,13,0.236700171107
11/24/2022,FEU,Z24,14,0.241576886858
11/24/2022,FEU,Z14,14,0.241576886858
11/24/2022,FEU,Z24,15,0.244408032468
11/24/2022,FEU,Z14,15,0.196461534992
11/24/2022,FEU,Z24,16,0.209367199224
11/24/2022,FEU,Z14,16,0.209367199224
11/24/2022,FEU,Z24,17,0.232919496922
11/24/2022,FEU,Z14,17,0.232919496922
11/24/2022,FEU,Z24,18,0.23817587002
11/24/2022,FEU,Z14,18,0.23817587002
11/24/2022,FEU,Z24,19,0.249947819828
11/24/2022,FEU,Z14,19,0.298078612824
11/24/2022,FEU,Z24,2,0.187101633344
11/24/2022,FEU,Z14,2,0.187101633344
11/24/2022,FEU,Z24,20,0.330845828002
11/24/2022,FEU,Z14,20,0.330845828002
11/24/2022,FEU,Z24,21,0.339098306991
11/24/2022,FEU,Z14,21,0.339098306991
11/24/2022,FEU,Z24,22,0.331432500097
11/24/2022,FEU,Z14,22,0.331432500097
11/24/2022,FEU,Z24,23,0.292880447842
11/24/2022,FEU,Z14,23,0.244572977447
11/24/2022,FEU,Z24,24,0.236697445189
11/24/2022,FEU,Z14,24,0.236697445189
11/24/2022,FEU,Z24,3,0.18253568538
11/24/2022,FEU,Z14,3,0.18253568538
11/24/2022,FEU,Z24,4,0.17728927058
11/24/2022,FEU,Z14,4,0.17728927058
11/24/2022,FEU,Z24,5,0.176132132871
11/24/2022,FEU,Z14,5,0.176132132871
11/24/2022,FEU,Z24,6,0.171251868387
11/24/2022,FEU,Z14,6,0.171251868387
11/24/2022,FEU,Z24,7,0.183070888382
11/24/2022,FEU,Z14,7,0.183070888382
11/24/2022,FEU,Z24,8,0.202657961696
11/24/2022,FEU,Z14,8,0.202657961696
11/24/2022,FEU,Z24,9,0.216313125503
11/24/2022,FEU,Z14,9,0.216313125503
11/25/2022,FEU,Z24,1,0.235271551832
11/25/2022,FEU,Z14,1,0.235271551832
11/25/2022,FEU,Z24,10,0.243698739335
11/25/2022,FEU,Z14,10,0.243698739335
11/25/2022,FEU,Z24,11,0.245579007369
11/25/2022,FEU,Z14,11,0.293688479285
11/25/2022,FEU,Z24,12,0.281573520123
11/25/2022,FEU,Z14,12,0.281573520123
11/25/2022,FEU,Z24,13,0.251451651333
11/25/2022,FEU,Z14,13,0.251451651333
11/25/2022,FEU,Z24,14,0.240224576234
11/25/2022,FEU,Z14,14,0.240224576234
11/25/2022,FEU,Z24,15,0.225224119224
11/25/2022,FEU,Z14,15,0.177339958628
11/25/2022,FEU,Z24,16,0.180433953624
11/25/2022,FEU,Z14,16,0.180433953624
11/25/2022,FEU,Z24,17,0.226690798509
11/25/2022,FEU,Z14,17,0.226690798509
11/25/2022,FEU,Z24,18,0.257469779827
11/25/2022,FEU,Z14,18,0.257469779827
11/25/2022,FEU,Z24,19,0.257882583266
11/25/2022,FEU,Z14,19,0.306041565502
11/25/2022,FEU,Z24,2,0.216871133482
11/25/2022,FEU,Z14,2,0.216871133482
11/25/2022,FEU,Z24,20,0.320731164896
11/25/2022,FEU,Z14,20,0.320731164896
11/25/2022,FEU,Z24,21,0.330541513692
11/25/2022,FEU,Z14,21,0.330541513692
11/25/2022,FEU,Z24,22,0.317191185492
11/25/2022,FEU,Z14,22,0.317191185492
11/25/2022,FEU,Z24,23,0.305034320454
11/25/2022,FEU,Z14,23,0.256672741409
11/25/2022,FEU,Z24,24,0.262078070895
11/25/2022,FEU,Z14,24,0.262078070895
11/25/2022,FEU,Z24,3,0.197912143278
11/25/2022,FEU,Z14,3,0.197912143278
11/25/2022,FEU,Z24,4,0.185319127967
11/25/2022,FEU,Z14,4,0.185319127967
11/25/2022,FEU,Z24,5,0.180975369918
11/25/2022,FEU,Z14,5,0.180975369918
11/25/2022,FEU,Z24,6,0.184583853562
11/25/2022,FEU,Z14,6,0.184583853562
11/25/2022,FEU,Z24,7,0.192064275997
11/25/2022,FEU,Z14,7,0.192064275997
11/25/2022,FEU,Z24,8,0.213906541132
11/25/2022,FEU,Z14,8,0.213906541132
11/25/2022,FEU,Z24,9,0.24976066162
11/25/2022,FEU,Z14,9,0.24976066162
11/26/2022,FEU,Z24,1,0.213453495699
11/26/2022,FEU,Z14,1,0.213453495699
11/26/2022,FEU,Z24,10,0.202191149723
11/26/2022,FEU,Z14,10,0.202191149723
11/26/2022,FEU,Z24,11,0.17825403962
11/26/2022,FEU,Z14,11,0.17825403962
11/26/2022,FEU,Z24,12,0.156526652971
11/26/2022,FEU,Z14,12,0.156526652971
11/26/2022,FEU,Z24,13,0.157503838619
11/26/2022,FEU,Z14,13,0.157503838619
11/26/2022,FEU,Z24,14,0.16021873082
11/26/2022,FEU,Z14,14,0.16021873082
11/26/2022,FEU,Z24,15,0.159813631136
11/26/2022,FEU,Z14,15,0.159813631136
11/26/2022,FEU,Z24,16,0.162578177266
11/26/2022,FEU,Z14,16,0.162578177266
11/26/2022,FEU,Z24,17,0.209929925731
11/26/2022,FEU,Z14,17,0.209929925731
11/26/2022,FEU,Z24,18,0.230787197887
11/26/2022,FEU,Z14,18,0.230787197887
11/26/2022,FEU,Z24,19,0.249178657298
11/26/2022,FEU,Z14,19,0.249178657298
11/26/2022,FEU,Z24,2,0.177473959311
11/26/2022,FEU,Z14,2,0.177473959311
11/26/2022,FEU,Z24,20,0.252752571445
11/26/2022,FEU,Z14,20,0.252752571445
11/26/2022,FEU,Z24,21,0.260747247869
11/26/2022,FEU,Z14,21,0.260747247869
11/26/2022,FEU,Z24,22,0.257524479807
11/26/2022,FEU,Z14,22,0.257524479807
11/26/2022,FEU,Z24,23,0.242326924435
11/26/2022,FEU,Z14,23,0.242326924435
11/26/2022,FEU,Z24,24,0.242680369898
11/26/2022,FEU,Z14,24,0.242680369898
11/26/2022,FEU,Z24,3,0.189363801583
11/26/2022,FEU,Z14,3,0.189363801583
11/26/2022,FEU,Z24,4,0.18581899747
11/26/2022,FEU,Z14,4,0.18581899747
11/26/2022,FEU,Z24,5,0.185307677011
11/26/2022,FEU,Z14,5,0.185307677011
11/26/2022,FEU,Z24,6,0.18463688137
11/26/2022,FEU,Z14,6,0.18463688137
11/26/2022,FEU,Z24,7,0.204841684216
11/26/2022,FEU,Z14,7,0.204841684216
11/26/2022,FEU,Z24,8,0.203007213727
11/26/2022,FEU,Z14,8,0.203007213727
11/26/2022,FEU,Z24,9,0.209205522258
11/26/2022,FEU,Z14,9,0.209205522258
11/27/2022,FEU,Z24,1,0.234575807637
11/27/2022,FEU,Z14,1,0.234575807637
11/27/2022,FEU,Z24,10,0.172795890403
11/27/2022,FEU,Z14,10,0.172795890403
11/27/2022,FEU,Z24,11,0.154375267132
11/27/2022,FEU,Z14,11,0.154375267132
11/27/2022,FEU,Z24,12,0.147114200714
11/27/2022,FEU,Z14,12,0.147114200714
11/27/2022,FEU,Z24,13,0.146765193673
11/27/2022,FEU,Z14,13,0.146765193673
11/27/2022,FEU,Z24,14,0.154616255574
11/27/2022,FEU,Z14,14,0.154616255574
11/27/2022,FEU,Z24,15,0.155408708332
11/27/2022,FEU,Z14,15,0.155408708332
11/27/2022,FEU,Z24,16,0.1599609628
11/27/2022,FEU,Z14,16,0.1599609628
11/27/2022,FEU,Z24,17,0.183381724676
11/27/2022,FEU,Z14,17,0.183381724676
11/27/2022,FEU,Z24,18,0.222642416911
11/27/2022,FEU,Z14,18,0.222642416911
11/27/2022,FEU,Z24,19,0.225767526533
11/27/2022,FEU,Z14,19,0.225767526533
11/27/2022,FEU,Z24,2,0.232239947606
11/27/2022,FEU,Z14,2,0.232239947606
11/27/2022,FEU,Z24,20,0.226059075091
11/27/2022,FEU,Z14,20,0.226059075091
11/27/2022,FEU,Z24,21,0.224113795489
11/27/2022,FEU,Z14,21,0.224113795489
11/27/2022,FEU,Z24,22,0.214414646886
11/27/2022,FEU,Z14,22,0.214414646886
11/27/2022,FEU,Z24,23,0.202270807744
11/27/2022,FEU,Z14,23,0.202270807744
11/27/2022,FEU,Z24,24,0.169812607658
11/27/2022,FEU,Z14,24,0.169812607658
11/27/2022,FEU,Z24,3,0.223665623578
11/27/2022,FEU,Z14,3,0.223665623578
11/27/2022,FEU,Z24,4,0.197529199783
11/27/2022,FEU,Z14,4,0.197529199783
11/27/2022,FEU,Z24,5,0.199204672339
11/27/2022,FEU,Z14,5,0.199204672339
11/27/2022,FEU,Z24,6,0.197535709123
11/27/2022,FEU,Z14,6,0.197535709123
11/27/2022,FEU,Z24,7,0.195096171301
11/27/2022,FEU,Z14,7,0.195096171301
11/27/2022,FEU,Z24,8,0.204604598479
11/27/2022,FEU,Z14,8,0.204604598479
11/27/2022,FEU,Z24,9,0.195527007991
11/27/2022,FEU,Z14,9,0.195527007991
11/28/2022,FEU,Z24,1,0.166970187275
11/28/2022,FEU,Z14,1,0.166970187275
11/28/2022,FEU,Z24,10,0.165974328912
11/28/2022,FEU,Z14,10,0.165974328912
11/28/2022,FEU,Z24,11,0.152555307598
11/28/2022,FEU,Z14,11,0.200345137514
11/28/2022,FEU,Z24,12,0.194195493876
11/28/2022,FEU,Z14,12,0.194195493876
11/28/2022,FEU,Z24,13,0.182882542956
11/28/2022,FEU,Z14,13,0.182882542956
11/28/2022,FEU,Z24,14,0.165625065937
11/28/2022,FEU,Z14,14,0.165625065937
11/28/2022,FEU,Z24,15,0.165874552246
11/28/2022,FEU,Z14,15,0.11819417493
11/28/2022,FEU,Z24,16,0.137199505093
11/28/2022,FEU,Z14,16,0.137199505093
11/28/2022,FEU,Z24,17,0.15879290402
11/28/2022,FEU,Z14,17,0.15879290402
11/28/2022,FEU,Z24,18,0.184181059296
11/28/2022,FEU,Z14,18,0.184181059296
11/28/2022,FEU,Z24,19,0.222037964184
11/28/2022,FEU,Z14,19,0.27007613862
11/28/2022,FEU,Z24,2,0.161269707706
11/28/2022,FEU,Z14,2,0.161269707706
11/28/2022,FEU,Z24,20,0.281546371987
11/28/2022,FEU,Z14,20,0.281546371987
11/28/2022,FEU,Z24,21,0.304438745865
11/28/2022,FEU,Z14,21,0.304438745865
11/28/2022,FEU,Z24,22,0.295976403974
11/28/2022,FEU,Z14,22,0.295976403974
11/28/2022,FEU,Z24,23,0.282813422577
11/28/2022,FEU,Z14,23,0.234544280282
11/28/2022,FEU,Z24,24,0.219292214072
11/28/2022,FEU,Z14,24,0.219292214072
11/28/2022,FEU,Z24,3,0.15160343316
11/28/2022,FEU,Z14,3,0.15160343316
11/28/2022,FEU,Z24,4,0.150964805818
11/28/2022,FEU,Z14,4,0.150964805818
11/28/2022,FEU,Z24,5,0.141408058711
11/28/2022,FEU,Z14,5,0.141408058711
11/28/2022,FEU,Z24,6,0.130067720819
11/28/2022,FEU,Z14,6,0.130067720819
11/28/2022,FEU,Z24,7,0.140367176434
11/28/2022,FEU,Z14,7,0.140367176434
11/28/2022,FEU,Z24,8,0.149669323309
11/28/2022,FEU,Z14,8,0.149669323309
11/28/2022,FEU,Z24,9,0.195962403936
11/28/2022,FEU,Z14,9,0.195962403936
11/29/2022,FEU,Z24,1,0.188713477468
11/29/2022,FEU,Z14,1,0.188713477468
11/29/2022,FEU,Z24,10,0.196106795937
11/29/2022,FEU,Z14,10,0.196106795937
11/29/2022,FEU,Z24,11,0.175089502461
11/29/2022,FEU,Z14,11,0.222954546177
11/29/2022,FEU,Z24,12,0.220763093647
11/29/2022,FEU,Z14,12,0.220763093647
11/29/2022,FEU,Z24,13,0.223409609478
11/29/2022,FEU,Z14,13,0.223409609478
11/29/2022,FEU,Z24,14,0.22280305444
11/29/2022,FEU,Z14,14,0.22280305444
11/29/2022,FEU,Z24,15,0.22288588323
11/29/2022,FEU,Z14,15,0.175014417954
11/29/2022,FEU,Z24,16,0.178146124317
11/29/2022,FEU,Z14,16,0.178146124317
11/29/2022,FEU,Z24,17,0.223748752383
11/29/2022,FEU,Z14,17,0.223748752383
11/29/2022,FEU,Z24,18,0.245530941102
11/29/2022,FEU,Z14,18,0.245530941102
11/29/2022,FEU,Z24,19,0.27256467693
11/29/2022,FEU,Z14,19,0.320772816646
11/29/2022,FEU,Z24,2,0.173821984279
11/29/2022,FEU,Z14,2,0.173821984279
11/29/2022,FEU,Z24,20,0.344751727743
11/29/2022,FEU,Z14,20,0.344751727743
11/29/2022,FEU,Z24,21,0.352192356873
11/29/2022,FEU,Z14,21,0.352192356873
11/29/2022,FEU,Z24,22,0.329143809561
11/29/2022,FEU,Z14,22,0.329143809561
11/29/2022,FEU,Z24,23,0.309565141847
11/29/2022,FEU,Z14,23,0.261384730731
11/29/2022,FEU,Z24,24,0.261240589844
11/29/2022,FEU,Z14,24,0.261240589844
11/29/2022,FEU,Z24,3,0.171734543025
11/29/2022,FEU,Z14,3,0.171734543025
11/29/2022,FEU,Z24,4,0.174312858661
11/29/2022,FEU,Z14,4,0.174312858661
11/29/2022,FEU,Z24,5,0.172801816933
11/29/2022,FEU,Z14,5,0.172801816933
11/29/2022,FEU,Z24,6,0.17116260138
11/29/2022,FEU,Z14,6,0.17116260138
11/29/2022,FEU,Z24,7,0.186193570356
11/29/2022,FEU,Z14,7,0.186193570356
11/29/2022,FEU,Z24,8,0.213980299574
11/29/2022,FEU,Z14,8,0.213980299574
11/29/2022,FEU,Z24,9,0.231939224673
11/29/2022,FEU,Z14,9,0.231939224673
11/30/2022,FEU,Z24,1,0.240229358618
11/30/2022,FEU,Z14,1,0.240229358618
11/30/2022,FEU,Z24,10,0.274768033807
11/30/2022,FEU,Z14,10,0.274768033807
11/30/2022,FEU,Z24,11,0.26910868124
11/30/2022,FEU,Z14,11,0.317298713796
11/30/2022,FEU,Z24,12,0.315899468714
11/30/2022,FEU,Z14,12,0.315899468714
11/30/2022,FEU,Z24,13,0.316688477594
11/30/2022,FEU,Z14,13,0.316688477594
11/30/2022,FEU,Z24,14,0.316887147585
11/30/2022,FEU,Z14,14,0.316887147585
11/30/2022,FEU,Z24,15,0.314140738344
11/30/2022,FEU,Z14,15,0.265954140268
11/30/2022,FEU,Z24,16,0.273613565822
11/30/2022,FEU,Z14,16,0.273613565822
11/30/2022,FEU,Z24,17,0.279640708582
11/30/2022,FEU,Z14,17,0.279640708582
11/30/2022,FEU,Z24,18,0.313306660281
11/30/2022,FEU,Z14,18,0.313306660281
11/30/2022,FEU,Z24,19,0.322912995499
11/30/2022,FEU,Z14,19,0.371292453575
11/30/2022,FEU,Z24,2,0.24686960509
11/30/2022,FEU,Z14,2,0.24686960509
11/30/2022,FEU,Z24,20,0.378033190341
11/30/2022,FEU,Z14,20,0.378033190341
11/30/2022,FEU,Z24,21,0.377512308141
11/30/2022,FEU,Z14,21,0.377512308141
11/30/2022,FEU,Z24,22,0.377527423129
11/30/2022,FEU,Z14,22,0.377527423129
11/30/2022,FEU,Z24,23,0.355033654863
11/30/2022,FEU,Z14,23,0.306465830968
11/30/2022,FEU,Z24,24,0.276034376703
11/30/2022,FEU,Z14,24,0.276034376703
11/30/2022,FEU,Z24,3,0.259501065106
11/30/2022,FEU,Z14,3,0.259501065106
11/30/2022,FEU,Z24,4,0.264292122913
11/30/2022,FEU,Z14,4,0.264292122913
11/30/2022,FEU,Z24,5,0.264722271563
11/30/2022,FEU,Z14,5,0.264722271563
11/30/2022,FEU,Z24,6,0.26221199369
11/30/2022,FEU,Z14,6,0.26221199369
11/30/2022,FEU,Z24,7,0.251445995622
11/30/2022,FEU,Z14,7,0.251445995622
11/30/2022,FEU,Z24,8,0.256912060465
11/30/2022,FEU,Z14,8,0.256912060465
11/30/2022,FEU,Z24,9,0.289901454984
11/30/2022,FEU,Z14,9,0.289901454984
12/01/2022,FEU,Z24,1,0.294872926814
12/01/2022,FEU,Z14,1,0.294872926814
12/01/2022,FEU,Z24,10,0.292387996665
12/01/2022,FEU,Z14,10,0.292387996665
12/01/2022,FEU,Z24,11,0.275306977464
12/01/2022,FEU,Z14,11,0.32352751902
12/01/2022,FEU,Z24,12,0.320334074582
12/01/2022,FEU,Z14,12,0.320334074582
12/01/2022,FEU,Z24,13,0.319693876971
12/01/2022,FEU,Z14,13,0.319693876971
12/01/2022,FEU,Z24,14,0.326015215182
12/01/2022,FEU,Z14,14,0.326015215182
12/01/2022,FEU,Z24,15,0.32423297022
12/01/2022,FEU,Z14,15,0.275799544075
12/01/2022,FEU,Z24,16,0.278977435899
12/01/2022,FEU,Z14,16,0.278977435899
12/01/2022,FEU,Z24,17,0.277534719094
12/01/2022,FEU,Z14,17,0.277534719094
12/01/2022,FEU,Z24,18,0.29270741631
12/01/2022,FEU,Z14,18,0.29270741631
12/01/2022,FEU,Z24,19,0.302749924055
12/01/2022,FEU,Z14,19,0.3513017388
12/01/2022,FEU,Z24,2,0.279622708453
12/01/2022,FEU,Z14,2,0.279622708453
12/01/2022,FEU,Z24,20,0.354899961507
12/01/2022,FEU,Z14,20,0.354899961507
12/01/2022,FEU,Z24,21,0.359343038583
12/01/2022,FEU,Z14,21,0.359343038583
12/01/2022,FEU,Z24,22,0.347305857051
12/01/2022,FEU,Z14,22,0.347305857051
12/01/2022,FEU,Z24,23,0.338030721664
12/01/2022,FEU,Z14,23,0.289529119769
12/01/2022,FEU,Z24,24,0.277119278682
12/01/2022,FEU,Z14,24,0.277119278682
12/01/2022,FEU,Z24,3,0.289243325457
12/01/2022,FEU,Z14,3,0.289243325457
12/01/2022,FEU,Z24,4,0.291842494674
12/01/2022,FEU,Z14,4,0.291842494674
12/01/2022,FEU,Z24,5,0.274735154455
12/01/2022,FEU,Z14,5,0.274735154455
12/01/2022,FEU,Z24,6,0.27931770436
12/01/2022,FEU,Z14,6,0.27931770436
12/01/2022,FEU,Z24,7,0.280771312291
12/01/2022,FEU,Z14,7,0.280771312291
12/01/2022,FEU,Z24,8,0.2684889508
12/01/2022,FEU,Z14,8,0.2684889508
12/01/2022,FEU,Z24,9,0.299739568514
12/01/2022,FEU,Z14,9,0.299739568514
12/02/2022,FEU,Z24,1,0.279068902237
12/02/2022,FEU,Z14,1,0.279068902237
12/02/2022,FEU,Z24,10,0.282318946273
12/02/2022,FEU,Z14,10,0.282318946273
12/02/2022,FEU,Z24,11,0.250564405522
12/02/2022,FEU,Z14,11,0.298700768118
12/02/2022,FEU,Z24,12,0.28902957002
12/02/2022,FEU,Z14,12,0.28902957002
12/02/2022,FEU,Z24,13,0.293347076418
12/02/2022,FEU,Z14,13,0.293347076418
12/02/2022,FEU,Z24,14,0.319973017909
12/02/2022,FEU,Z14,14,0.319973017909
12/02/2022,FEU,Z24,15,0.315822436537
12/02/2022,FEU,Z14,15,0.267627602181
12/02/2022,FEU,Z24,16,0.256027540896
12/02/2022,FEU,Z14,16,0.256027540896
12/02/2022,FEU,Z24,17,0.29491718681
12/02/2022,FEU,Z14,17,0.29491718681
12/02/2022,FEU,Z24,18,0.339648117666
12/02/2022,FEU,Z14,18,0.339648117666
12/02/2022,FEU,Z24,19,0.355577348883
12/02/2022,FEU,Z14,19,0.404075860439
12/02/2022,FEU,Z24,2,0.281673084538
12/02/2022,FEU,Z14,2,0.281673084538
12/02/2022,FEU,Z24,20,0.403723499193
12/02/2022,FEU,Z14,20,0.403723499193
12/02/2022,FEU,Z24,21,0.404322351432
12/02/2022,FEU,Z14,21,0.404322351432
12/02/2022,FEU,Z24,22,0.398779854171
12/02/2022,FEU,Z14,22,0.398779854171
12/02/2022,FEU,Z24,23,0.394768722304
12/02/2022,FEU,Z14,23,0.346032611709
12/02/2022,FEU,Z24,24,0.350946022302
12/02/2022,FEU,Z14,24,0.350946022302
12/02/2022,FEU,Z24,3,0.282550106831
12/02/2022,FEU,Z14,3,0.282550106831
12/02/2022,FEU,Z24,4,0.287797494827
12/02/2022,FEU,Z14,4,0.287797494827
12/02/2022,FEU,Z24,5,0.289215282348
12/02/2022,FEU,Z14,5,0.289215282348
12/02/2022,FEU,Z24,6,0.293890612405
12/02/2022,FEU,Z14,6,0.293890612405
12/02/2022,FEU,Z24,7,0.290262568701
12/02/2022,FEU,Z14,7,0.290262568701
12/02/2022,FEU,Z24,8,0.295791639112
12/02/2022,FEU,Z14,8,0.295791639112
12/02/2022,FEU,Z24,9,0.313020455469
12/02/2022,FEU,Z14,9,0.313020455469
12/03/2022,FEU,Z24,1,0.266105541775
12/03/2022,FEU,Z14,1,0.266105541775
12/03/2022,FEU,Z24,10,0.254845345267
12/03/2022,FEU,Z14,10,0.254845345267
12/03/2022,FEU,Z24,11,0.227783714239
12/03/2022,FEU,Z14,11,0.227783714239
12/03/2022,FEU,Z24,12,0.20862142141
12/03/2022,FEU,Z14,12,0.20862142141
12/03/2022,FEU,Z24,13,0.204799404568
12/03/2022,FEU,Z14,13,0.204799404568
12/03/2022,FEU,Z24,14,0.211019395771
12/03/2022,FEU,Z14,14,0.211019395771
12/03/2022,FEU,Z24,15,0.213724838328
12/03/2022,FEU,Z14,15,0.213724838328
12/03/2022,FEU,Z24,16,0.2194503148
12/03/2022,FEU,Z14,16,0.2194503148
12/03/2022,FEU,Z24,17,0.218423729494
12/03/2022,FEU,Z14,17,0.218423729494
12/03/2022,FEU,Z24,18,0.240259271339
12/03/2022,FEU,Z14,18,0.240259271339
12/03/2022,FEU,Z24,19,0.260546161319
12/03/2022,FEU,Z14,19,0.260546161319
12/03/2022,FEU,Z24,2,0.252318488044
12/03/2022,FEU,Z14,2,0.252318488044
12/03/2022,FEU,Z24,20,0.264783842335
12/03/2022,FEU,Z14,20,0.264783842335
12/03/2022,FEU,Z24,21,0.267512796442
12/03/2022,FEU,Z14,21,0.267512796442
12/03/2022,FEU,Z24,22,0.265565360483
12/03/2022,FEU,Z14,22,0.265565360483
12/03/2022,FEU,Z24,23,0.263283750739
12/03/2022,FEU,Z14,23,0.263283750739
12/03/2022,FEU,Z24,24,0.270791595223
12/03/2022,FEU,Z14,24,0.270791595223
12/03/2022,FEU,Z24,3,0.249171118557
12/03/2022,FEU,Z14,3,0.249171118557
12/03/2022,FEU,Z24,4,0.256454612836
12/03/2022,FEU,Z14,4,0.256454612836
12/03/2022,FEU,Z24,5,0.262267276694
12/03/2022,FEU,Z14,5,0.262267276694
12/03/2022,FEU,Z24,6,0.262206843955
12/03/2022,FEU,Z14,6,0.262206843955
12/03/2022,FEU,Z24,7,0.261571493044
12/03/2022,FEU,Z14,7,0.261571493044
12/03/2022,FEU,Z24,8,0.265196432525
12/03/2022,FEU,Z14,8,0.265196432525
12/03/2022,FEU,Z24,9,0.271141812693
12/03/2022,FEU,Z14,9,0.271141812693
12/04/2022,FEU,Z24,1,0.324865822715
12/04/2022,FEU,Z14,1,0.324865822715
12/04/2022,FEU,Z24,10,0.318098525548
12/04/2022,FEU,Z14,10,0.318098525548
12/04/2022,FEU,Z24,11,0.298797084001
12/04/2022,FEU,Z14,11,0.298797084001
12/04/2022,FEU,Z24,12,0.288073609813
12/04/2022,FEU,Z14,12,0.288073609813
12/04/2022,FEU,Z24,13,0.280914423582
12/04/2022,FEU,Z14,13,0.280914423582
12/04/2022,FEU,Z24,14,0.283689595324
12/04/2022,FEU,Z14,14,0.283689595324
12/04/2022,FEU,Z24,15,0.285733331541
12/04/2022,FEU,Z14,15,0.285733331541
12/04/2022,FEU,Z24,16,0.292218650131
12/04/2022,FEU,Z14,16,0.292218650131
12/04/2022,FEU,Z24,17,0.311477238464
12/04/2022,FEU,Z14,17,0.311477238464
12/04/2022,FEU,Z24,18,0.338059192491
12/04/2022,FEU,Z14,18,0.338059192491
12/04/2022,FEU,Z24,19,0.367493430833
12/04/2022,FEU,Z14,19,0.367493430833
12/04/2022,FEU,Z24,2,0.327448646398
12/04/2022,FEU,Z14,2,0.327448646398
12/04/2022,FEU,Z24,20,0.388268824282
12/04/2022,FEU,Z14,20,0.388268824282
12/04/2022,FEU,Z24,21,0.387575391233
12/04/2022,FEU,Z14,21,0.387575391233
12/04/2022,FEU,Z24,22,0.346639502993
12/04/2022,FEU,Z14,22,0.346639502993
12/04/2022,FEU,Z24,23,0.316522354399
12/04/2022,FEU,Z14,23,0.316522354399
12/04/2022,FEU,Z24,24,0.303076505113
12/04/2022,FEU,Z14,24,0.303076505113
12/04/2022,FEU,Z24,3,0.340226022027
12/04/2022,FEU,Z14,3,0.340226022027
12/04/2022,FEU,Z24,4,0.341764273842
12/04/2022,FEU,Z14,4,0.341764273842
12/04/2022,FEU,Z24,5,0.339103025162
12/04/2022,FEU,Z14,5,0.339103025162
12/04/2022,FEU,Z24,6,0.338926139445
12/04/2022,FEU,Z14,6,0.338926139445
12/04/2022,FEU,Z24,7,0.34345753625
12/04/2022,FEU,Z14,7,0.34345753625
12/04/2022,FEU,Z24,8,0.330243390682
12/04/2022,FEU,Z14,8,0.330243390682
12/04/2022,FEU,Z24,9,0.323916480688
12/04/2022,FEU,Z14,9,0.323916480688
12/05/2022,FEU,Z24,1,0.385403370652
12/05/2022,FEU,Z14,1,0.385403370652
12/05/2022,FEU,Z24,10,0.380483338014
12/05/2022,FEU,Z14,10,0.380483338014
12/05/2022,FEU,Z24,11,0.370223177403
12/05/2022,FEU,Z14,11,0.418766797559
12/05/2022,FEU,Z24,12,0.41486015622
12/05/2022,FEU,Z14,12,0.41486015622
12/05/2022,FEU,Z24,13,0.406380741189
12/05/2022,FEU,Z14,13,0.406380741189
12/05/2022,FEU,Z24,14,0.407892367491
12/05/2022,FEU,Z14,14,0.407892367491
12/05/2022,FEU,Z24,15,0.41437748902
12/05/2022,FEU,Z14,15,0.365562094575
12/05/2022,FEU,Z24,16,0.358634329221
12/05/2022,FEU,Z14,16,0.358634329221
12/05/2022,FEU,Z24,17,0.362446396117
12/05/2022,FEU,Z14,17,0.362446396117
12/05/2022,FEU,Z24,18,0.372126615974
12/05/2022,FEU,Z14,18,0.372126615974
12/05/2022,FEU,Z24,19,0.388341252051
12/05/2022,FEU,Z14,19,0.436947573687
12/05/2022,FEU,Z24,2,0.335595565459
12/05/2022,FEU,Z14,2,0.335595565459
12/05/2022,FEU,Z24,20,0.443345214633
12/05/2022,FEU,Z14,20,0.443345214633
12/05/2022,FEU,Z24,21,0.4502257908
12/05/2022,FEU,Z14,21,0.4502257908
12/05/2022,FEU,Z24,22,0.450637242516
12/05/2022,FEU,Z14,22,0.450637242516
12/05/2022,FEU,Z24,23,0.43871602869
12/05/2022,FEU,Z14,23,0.389800322745
12/05/2022,FEU,Z24,24,0.382905048708
12/05/2022,FEU,Z14,24,0.382905048708
12/05/2022,FEU,Z24,3,0.320648376352
12/05/2022,FEU,Z14,3,0.320648376352
12/05/2022,FEU,Z24,4,0.32178479875
12/05/2022,FEU,Z14,4,0.32178479875
12/05/2022,FEU,Z24,5,0.315359775581
12/05/2022,FEU,Z14,5,0.315359775581
12/05/2022,FEU,Z24,6,0.314449944805
12/05/2022,FEU,Z14,6,0.314449944805
12/05/2022,FEU,Z24,7,0.299996367275
12/05/2022,FEU,Z14,7,0.299996367275
12/05/2022,FEU,Z24,8,0.359475541345
12/05/2022,FEU,Z14,8,0.359475541345
12/05/2022,FEU,Z24,9,0.383559308071
12/05/2022,FEU,Z14,9,0.383559308071
12/06/2022,FEU,Z24,1,0.369231178698
12/06/2022,FEU,Z14,1,0.369231178698
12/06/2022,FEU,Z24,10,0.353906061631
12/06/2022,FEU,Z14,10,0.353906061631
12/06/2022,FEU,Z24,11,0.349129916991
12/06/2022,FEU,Z14,11,0.349129916991
12/06/2022,FEU,Z24,12,0.339773241782
12/06/2022,FEU,Z14,12,0.339773241782
12/06/2022,FEU,Z24,13,0.3428772148
12/06/2022,FEU,Z14,13,0.3428772148
12/06/2022,FEU,Z24,14,0.3480708388
12/06/2022,FEU,Z14,14,0.3480708388
12/06/2022,FEU,Z24,15,0.350553533279
12/06/2022,FEU,Z14,15,0.350553533279
12/06/2022,FEU,Z24,16,0.352841691574
12/06/2022,FEU,Z14,16,0.352841691574
12/06/2022,FEU,Z24,17,0.373944091948
12/06/2022,FEU,Z14,17,0.373944091948
12/06/2022,FEU,Z24,18,0.369368304523
12/06/2022,FEU,Z14,18,0.369368304523
12/06/2022,FEU,Z24,19,0.376847898508
12/06/2022,FEU,Z14,19,0.376847898508
12/06/2022,FEU,Z24,2,0.385104670761
12/06/2022,FEU,Z14,2,0.385104670761
12/06/2022,FEU,Z24,20,0.391048696468
12/06/2022,FEU,Z14,20,0.391048696468
12/06/2022,FEU,Z24,21,0.405386316224
12/06/2022,FEU,Z14,21,0.405386316224
12/06/2022,FEU,Z24,22,0.39881485758
12/06/2022,FEU,Z14,22,0.39881485758
12/06/2022,FEU,Z24,23,0.383503151172
12/06/2022,FEU,Z14,23,0.383503151172
12/06/2022,FEU,Z24,24,0.376224143419
12/06/2022,FEU,Z14,24,0.376224143419
12/06/2022,FEU,Z24,3,0.394403992065
12/06/2022,FEU,Z14,3,0.394403992065
12/06/2022,FEU,Z24,4,0.404410923241
12/06/2022,FEU,Z14,4,0.404410923241
12/06/2022,FEU,Z24,5,0.41054640836
12/06/2022,FEU,Z14,5,0.41054640836
12/06/2022,FEU,Z24,6,0.419760211853
12/06/2022,FEU,Z14,6,0.419760211853
12/06/2022,FEU,Z24,7,0.406639459387
12/06/2022,FEU,Z14,7,0.406639459387
12/06/2022,FEU,Z24,8,0.382554214172
12/06/2022,FEU,Z14,8,0.382554214172
12/06/2022,FEU,Z24,9,0.367698603589
12/06/2022,FEU,Z14,9,0.367698603589
12/07/2022,FEU,Z24,1,0.372926875457
12/07/2022,FEU,Z14,1,0.372926875457
12/07/2022,FEU,Z24,10,0.365160284969
12/07/2022,FEU,Z14,10,0.365160284969
12/07/2022,FEU,Z24,11,0.355739935148
12/07/2022,FEU,Z14,11,0.404231793384
12/07/2022,FEU,Z24,12,0.385935089547
12/07/2022,FEU,Z14,12,0.385935089547
12/07/2022,FEU,Z24,13,0.384704524586
12/07/2022,FEU,Z14,13,0.384704524586
12/07/2022,FEU,Z24,14,0.381667480947
12/07/2022,FEU,Z14,14,0.381667480947
12/07/2022,FEU,Z24,15,0.379468883746
12/07/2022,FEU,Z14,15,0.33106075743
12/07/2022,FEU,Z24,16,0.334724419325
12/07/2022,FEU,Z14,16,0.334724419325
12/07/2022,FEU,Z24,17,0.333967110659
12/07/2022,FEU,Z14,17,0.333967110659
12/07/2022,FEU,Z24,18,0.342233165754
12/07/2022,FEU,Z14,18,0.342233165754
12/07/2022,FEU,Z24,19,0.352899857208
12/07/2022,FEU,Z14,19,0.401661257703
12/07/2022,FEU,Z24,2,0.386814584139
12/07/2022,FEU,Z14,2,0.386814584139
12/07/2022,FEU,Z24,20,0.398200520399
12/07/2022,FEU,Z14,20,0.398200520399
12/07/2022,FEU,Z24,21,0.386287764876
12/07/2022,FEU,Z14,21,0.386287764876
12/07/2022,FEU,Z24,22,0.381289638445
12/07/2022,FEU,Z14,22,0.381289638445
12/07/2022,FEU,Z24,23,0.383537347899
12/07/2022,FEU,Z14,23,0.334849486854
12/07/2022,FEU,Z24,24,0.327661826479
12/07/2022,FEU,Z14,24,0.327661826479
12/07/2022,FEU,Z24,3,0.403312899043
12/07/2022,FEU,Z14,3,0.403312899043
12/07/2022,FEU,Z24,4,0.412504418161
12/07/2022,FEU,Z14,4,0.412504418161
12/07/2022,FEU,Z24,5,0.416031950102
12/07/2022,FEU,Z14,5,0.416031950102
12/07/2022,FEU,Z24,6,0.403310100457
12/07/2022,FEU,Z14,6,0.403310100457
12/07/2022,FEU,Z24,7,0.372039899185
12/07/2022,FEU,Z14,7,0.372039899185
12/07/2022,FEU,Z24,8,0.348870393441
12/07/2022,FEU,Z14,8,0.348870393441
12/07/2022,FEU,Z24,9,0.371606506976
12/07/2022,FEU,Z14,9,0.371606506976
12/08/2022,FEU,Z24,1,0.273873534161
12/08/2022,FEU,Z14,1,0.273873534161
12/08/2022,FEU,Z24,10,0.248446939219
12/08/2022,FEU,Z14,10,0.248446939219
12/08/2022,FEU,Z24,11,0.227201125061
12/08/2022,FEU,Z14,11,0.227201125061
12/08/2022,FEU,Z24,12,0.220873251262
12/08/2022,FEU,Z14,12,0.220873251262
12/08/2022,FEU,Z24,13,0.220438161622
12/08/2022,FEU,Z14,13,0.220438161622
12/08/2022,FEU,Z24,14,0.221137074822
12/08/2022,FEU,Z14,14,0.221137074822
12/08/2022,FEU,Z24,15,0.218896250229
12/08/2022,FEU,Z14,15,0.218896250229
12/08/2022,FEU,Z24,16,0.21691110619
12/08/2022,FEU,Z14,16,0.21691110619
12/08/2022,FEU,Z24,17,0.231981454585
12/08/2022,FEU,Z14,17,0.231981454585
12/08/2022,FEU,Z24,18,0.250255139635
12/08/2022,FEU,Z14,18,0.250255139635
12/08/2022,FEU,Z24,19,0.263158799592
12/08/2022,FEU,Z14,19,0.263158799592
12/08/2022,FEU,Z24,2,0.260959223553
12/08/2022,FEU,Z14,2,0.260959223553
12/08/2022,FEU,Z24,20,0.273999963151
12/08/2022,FEU,Z14,20,0.273999963151
12/08/2022,FEU,Z24,21,0.275318169409
12/08/2022,FEU,Z14,21,0.275318169409
12/08/2022,FEU,Z24,22,0.262052863299
12/08/2022,FEU,Z14,22,0.262052863299
12/08/2022,FEU,Z24,23,0.243774237504
12/08/2022,FEU,Z14,23,0.243774237504
12/08/2022,FEU,Z24,24,0.217406119781
12/08/2022,FEU,Z14,24,0.217406119781
12/08/2022,FEU,Z24,3,0.260528078396
12/08/2022,FEU,Z14,3,0.260528078396
12/08/2022,FEU,Z24,4,0.263887756103
12/08/2022,FEU,Z14,4,0.263887756103
12/08/2022,FEU,Z24,5,0.263549892832
12/08/2022,FEU,Z14,5,0.263549892832
12/08/2022,FEU,Z24,6,0.263325327055
12/08/2022,FEU,Z14,6,0.263325327055
12/08/2022,FEU,Z24,7,0.260794492263
12/08/2022,FEU,Z14,7,0.260794492263
12/08/2022,FEU,Z24,8,0.257369403771
12/08/2022,FEU,Z14,8,0.257369403771
12/08/2022,FEU,Z24,9,0.254548119207
12/08/2022,FEU,Z14,9,0.254548119207
12/09/2022,FEU,Z24,1,0.272602088497
12/09/2022,FEU,Z14,1,0.272602088497
12/09/2022,FEU,Z24,10,0.318387638683
12/09/2022,FEU,Z14,10,0.318387638683
12/09/2022,FEU,Z24,11,0.301742344582
12/09/2022,FEU,Z14,11,0.350052486258
12/09/2022,FEU,Z24,12,0.34882093702
12/09/2022,FEU,Z14,12,0.34882093702
12/09/2022,FEU,Z24,13,0.335972750478
12/09/2022,FEU,Z14,13,0.335972750478
12/09/2022,FEU,Z24,14,0.341153343539
12/09/2022,FEU,Z14,14,0.341153343539
12/09/2022,FEU,Z24,15,0.349085190607
12/09/2022,FEU,Z14,15,0.300776708091
12/09/2022,FEU,Z24,16,0.308140898336
12/09/2022,FEU,Z14,16,0.308140898336
12/09/2022,FEU,Z24,17,0.31371020231
12/09/2022,FEU,Z14,17,0.31371020231
12/09/2022,FEU,Z24,18,0.321921325026
12/09/2022,FEU,Z14,18,0.321921325026
12/09/2022,FEU,Z24,19,0.320874894453
12/09/2022,FEU,Z14,19,0.369258642249
12/09/2022,FEU,Z24,2,0.279270497638
12/09/2022,FEU,Z14,2,0.279270497638
12/09/2022,FEU,Z24,20,0.371452386783
12/09/2022,FEU,Z14,20,0.371452386783
12/09/2022,FEU,Z24,21,0.367990072312
12/09/2022,FEU,Z14,21,0.367990072312
12/09/2022,FEU,Z24,22,0.360685243461
12/09/2022,FEU,Z14,22,0.360685243461
12/09/2022,FEU,Z24,23,0.337214797824
12/09/2022,FEU,Z14,23,0.288716550879
12/09/2022,FEU,Z24,24,0.275800148142
12/09/2022,FEU,Z14,24,0.275800148142
12/09/2022,FEU,Z24,3,0.283754017931
12/09/2022,FEU,Z14,3,0.283754017931
12/09/2022,FEU,Z24,4,0.286529483887
12/09/2022,FEU,Z14,4,0.286529483887
12/09/2022,FEU,Z24,5,0.286090678468
12/09/2022,FEU,Z14,5,0.286090678468
12/09/2022,FEU,Z24,6,0.285152119255
12/09/2022,FEU,Z14,6,0.285152119255
12/09/2022,FEU,Z24,7,0.276374500001
12/09/2022,FEU,Z14,7,0.276374500001
12/09/2022,FEU,Z24,8,0.310499365272
12/09/2022,FEU,Z14,8,0.310499365272
12/09/2022,FEU,Z24,9,0.333222495219
12/09/2022,FEU,Z14,9,0.333222495219
12/10/2022,FEU,Z24,1,0.230389490775
12/10/2022,FEU,Z14,1,0.230389490775
12/10/2022,FEU,Z24,10,0.217180979167
12/10/2022,FEU,Z14,10,0.217180979167
12/10/2022,FEU,Z24,11,0.206336698369
12/10/2022,FEU,Z14,11,0.206336698369
12/10/2022,FEU,Z24,12,0.20250025181
12/10/2022,FEU,Z14,12,0.20250025181
12/10/2022,FEU,Z24,13,0.200421152808
12/10/2022,FEU,Z14,13,0.200421152808
12/10/2022,FEU,Z24,14,0.200593256901
12/10/2022,FEU,Z14,14,0.200593256901
12/10/2022,FEU,Z24,15,0.201004028888
12/10/2022,FEU,Z14,15,0.201004028888
12/10/2022,FEU,Z24,16,0.2058215668
12/10/2022,FEU,Z14,16,0.2058215668
12/10/2022,FEU,Z24,17,0.213902266654
12/10/2022,FEU,Z14,17,0.213902266654
12/10/2022,FEU,Z24,18,0.234517968779
12/10/2022,FEU,Z14,18,0.234517968779
12/10/2022,FEU,Z24,19,0.274012796179
12/10/2022,FEU,Z14,19,0.274012796179
12/10/2022,FEU,Z24,2,0.232410285484
12/10/2022,FEU,Z14,2,0.232410285484
12/10/2022,FEU,Z24,20,0.297451766035
12/10/2022,FEU,Z14,20,0.297451766035
12/10/2022,FEU,Z24,21,0.311779033282
12/10/2022,FEU,Z14,21,0.311779033282
12/10/2022,FEU,Z24,22,0.312829952973
12/10/2022,FEU,Z14,22,0.312829952973
12/10/2022,FEU,Z24,23,0.311626315339
12/10/2022,FEU,Z14,23,0.311626315339
12/10/2022,FEU,Z24,24,0.301970033323
12/10/2022,FEU,Z14,24,0.301970033323
12/10/2022,FEU,Z24,3,0.220185415107
12/10/2022,FEU,Z14,3,0.220185415107
12/10/2022,FEU,Z24,4,0.198921939116
12/10/2022,FEU,Z14,4,0.198921939116
12/10/2022,FEU,Z24,5,0.196619984914
12/10/2022,FEU,Z14,5,0.196619984914
12/10/2022,FEU,Z24,6,0.197072925955
12/10/2022,FEU,Z14,6,0.197072925955
12/10/2022,FEU,Z24,7,0.222451116604
12/10/2022,FEU,Z14,7,0.222451116604
12/10/2022,FEU,Z24,8,0.231216329025
12/10/2022,FEU,Z14,8,0.231216329025
12/10/2022,FEU,Z24,9,0.226100241083
12/10/2022,FEU,Z14,9,0.226100241083
12/11/2022,FEU,Z24,1,0.330775013665
12/11/2022,FEU,Z14,1,0.330775013665
12/11/2022,FEU,Z24,10,0.305678531308
12/11/2022,FEU,Z14,10,0.305678531308
12/11/2022,FEU,Z24,11,0.298745167301
12/11/2022,FEU,Z14,11,0.298745167301
12/11/2022,FEU,Z24,12,0.286013967823
12/11/2022,FEU,Z14,12,0.286013967823
12/11/2022,FEU,Z24,13,0.269045466202
12/11/2022,FEU,Z14,13,0.269045466202
12/11/2022,FEU,Z24,14,0.272524421044
12/11/2022,FEU,Z14,14,0.272524421044
12/11/2022,FEU,Z24,15,0.278788387821
12/11/2022,FEU,Z14,15,0.278788387821
12/11/2022,FEU,Z24,16,0.270851896411
12/11/2022,FEU,Z14,16,0.270851896411
12/11/2022,FEU,Z24,17,0.284700796864
12/11/2022,FEU,Z14,17,0.284700796864
12/11/2022,FEU,Z24,18,0.296905935341
12/11/2022,FEU,Z14,18,0.296905935341
12/11/2022,FEU,Z24,19,0.311176159503
12/11/2022,FEU,Z14,19,0.311176159503
12/11/2022,FEU,Z24,2,0.292247708518
12/11/2022,FEU,Z14,2,0.292247708518
12/11/2022,FEU,Z24,20,0.311896399762
12/11/2022,FEU,Z14,20,0.311896399762
12/11/2022,FEU,Z24,21,0.314931772823
12/11/2022,FEU,Z14,21,0.314931772823
12/11/2022,FEU,Z24,22,0.312128985313
12/11/2022,FEU,Z14,22,0.312128985313
12/11/2022,FEU,Z24,23,0.297192044059
12/11/2022,FEU,Z14,23,0.297192044059
12/11/2022,FEU,Z24,24,0.280489312423
12/11/2022,FEU,Z14,24,0.280489312423
12/11/2022,FEU,Z24,3,0.276586001667
12/11/2022,FEU,Z14,3,0.276586001667
12/11/2022,FEU,Z24,4,0.280751978322
12/11/2022,FEU,Z14,4,0.280751978322
12/11/2022,FEU,Z24,5,0.284459014982
12/11/2022,FEU,Z14,5,0.284459014982
12/11/2022,FEU,Z24,6,0.287584177295
12/11/2022,FEU,Z14,6,0.287584177295
12/11/2022,FEU,Z24,7,0.28769521125
12/11/2022,FEU,Z14,7,0.28769521125
12/11/2022,FEU,Z24,8,0.288230932182
12/11/2022,FEU,Z14,8,0.288230932182
12/11/2022,FEU,Z24,9,0.300220118768
12/11/2022,FEU,Z14,9,0.300220118768
12/12/2022,FEU,Z24,1,0.219710227092
12/12/2022,FEU,Z14,1,0.219710227092
12/12/2022,FEU,Z24,10,0.237852961814
12/12/2022,FEU,Z14,10,0.237852961814
12/12/2022,FEU,Z24,11,0.225078715303
12/12/2022,FEU,Z14,11,0.273127885259
12/12/2022,FEU,Z24,12,0.25237288182
12/12/2022,FEU,Z14,12,0.25237288182
12/12/2022,FEU,Z24,13,0.248652534199
12/12/2022,FEU,Z14,13,0.248652534199
12/12/2022,FEU,Z24,14,0.225523551021
12/12/2022,FEU,Z14,14,0.225523551021
12/12/2022,FEU,Z24,15,0.22480855382
12/12/2022,FEU,Z14,15,0.176797592575
12/12/2022,FEU,Z24,16,0.176140019991
12/12/2022,FEU,Z14,16,0.176140019991
12/12/2022,FEU,Z24,17,0.183316098407
12/12/2022,FEU,Z14,17,0.183316098407
12/12/2022,FEU,Z24,18,0.201920660514
12/12/2022,FEU,Z14,18,0.201920660514
12/12/2022,FEU,Z24,19,0.211087296031
12/12/2022,FEU,Z14,19,0.259097304947
12/12/2022,FEU,Z24,2,0.187979024989
12/12/2022,FEU,Z14,2,0.187979024989
12/12/2022,FEU,Z24,20,0.270923002503
12/12/2022,FEU,Z14,20,0.270923002503
12/12/2022,FEU,Z24,21,0.2779699668
12/12/2022,FEU,Z14,21,0.2779699668
12/12/2022,FEU,Z24,22,0.268745543156
12/12/2022,FEU,Z14,22,0.268745543156
12/12/2022,FEU,Z24,23,0.25620099599
12/12/2022,FEU,Z14,23,0.208038279395
12/12/2022,FEU,Z24,24,0.180424922988
12/12/2022,FEU,Z14,24,0.180424922988
12/12/2022,FEU,Z24,3,0.193664912992
12/12/2022,FEU,Z14,3,0.193664912992
12/12/2022,FEU,Z24,4,0.19282856125
12/12/2022,FEU,Z14,4,0.19282856125
12/12/2022,FEU,Z24,5,0.186196276611
12/12/2022,FEU,Z14,5,0.186196276611
12/12/2022,FEU,Z24,6,0.184284534955
12/12/2022,FEU,Z14,6,0.184284534955
12/12/2022,FEU,Z24,7,0.198590438525
12/12/2022,FEU,Z14,7,0.198590438525
12/12/2022,FEU,Z24,8,0.208136964445
12/12/2022,FEU,Z14,8,0.208136964445
12/12/2022,FEU,Z24,9,0.239950187801
12/12/2022,FEU,Z14,9,0.239950187801
12/13/2022,FEU,Z24,1,0.042250679186
12/13/2022,FEU,Z14,1,0.042250679186
12/13/2022,FEU,Z24,10,0.245863510215
12/13/2022,FEU,Z14,10,0.245863510215
12/13/2022,FEU,Z24,11,0.242170744433
12/13/2022,FEU,Z14,11,0.290461968078
12/13/2022,FEU,Z24,12,0.286075882761
12/13/2022,FEU,Z14,12,0.286075882761
12/13/2022,FEU,Z24,13,0.293573957271
12/13/2022,FEU,Z14,13,0.293573957271
12/13/2022,FEU,Z24,14,0.297129609051
12/13/2022,FEU,Z14,14,0.297129609051
12/13/2022,FEU,Z24,15,0.29410189442
12/13/2022,FEU,Z14,15,0.245981100744
12/13/2022,FEU,Z24,16,0.256480259477
12/13/2022,FEU,Z14,16,0.256480259477
12/13/2022,FEU,Z24,17,0.256313810854
12/13/2022,FEU,Z14,17,0.256313810854
12/13/2022,FEU,Z24,18,0.245787238491
12/13/2022,FEU,Z14,18,0.245787238491
12/13/2022,FEU,Z24,19,0.246728655608
12/13/2022,FEU,Z14,19,0.295044707103
12/13/2022,FEU,Z24,2,0.043507905967
12/13/2022,FEU,Z14,2,0.043507905967
12/13/2022,FEU,Z24,20,0.299095781678
12/13/2022,FEU,Z14,20,0.299095781678
12/13/2022,FEU,Z24,21,0.304580748295
12/13/2022,FEU,Z14,21,0.304580748295
12/13/2022,FEU,Z24,22,0.288773128792
12/13/2022,FEU,Z14,22,0.288773128792
12/13/2022,FEU,Z24,23,0.245133248206
12/13/2022,FEU,Z14,23,0.196875503032
12/13/2022,FEU,Z24,24,0.180180730785
12/13/2022,FEU,Z14,24,0.180180730785
12/13/2022,FEU,Z24,3,0.044778592729
12/13/2022,FEU,Z14,3,0.044778592729
12/13/2022,FEU,Z24,4,0.045434416969
12/13/2022,FEU,Z14,4,0.045434416969
12/13/2022,FEU,Z24,5,0.051091964389
12/13/2022,FEU,Z14,5,0.051091964389
12/13/2022,FEU,Z24,6,0.049880746073
12/13/2022,FEU,Z14,6,0.049880746073
12/13/2022,FEU,Z24,7,0.148371507332
12/13/2022,FEU,Z14,7,0.148371507332
12/13/2022,FEU,Z24,8,0.165685019295
12/13/2022,FEU,Z14,8,0.165685019295
12/13/2022,FEU,Z24,9,0.232556450751
12/13/2022,FEU,Z14,9,0.232556450751
12/14/2022,FEU,Z24,1,0.044706464087
12/14/2022,FEU,Z14,1,0.044706464087
12/14/2022,FEU,Z24,10,0.163742057689
12/14/2022,FEU,Z14,10,0.163742057689
12/14/2022,FEU,Z24,11,0.155636218028
12/14/2022,FEU,Z14,11,0.203445128424
12/14/2022,FEU,Z24,12,0.201735615147
12/14/2022,FEU,Z14,12,0.201735615147
12/14/2022,FEU,Z24,13,0.203210111986
12/14/2022,FEU,Z14,13,0.203210111986
12/14/2022,FEU,Z24,14,0.206019035787
12/14/2022,FEU,Z14,14,0.206019035787
12/14/2022,FEU,Z24,15,0.209283143546
12/14/2022,FEU,Z14,15,0.16145603643
12/14/2022,FEU,Z24,16,0.177249098075
12/14/2022,FEU,Z14,16,0.177249098075
12/14/2022,FEU,Z24,17,0.197991435609
12/14/2022,FEU,Z14,17,0.197991435609
12/14/2022,FEU,Z24,18,0.229241854634
12/14/2022,FEU,Z14,18,0.229241854634
12/14/2022,FEU,Z24,19,0.266281770648
12/14/2022,FEU,Z14,19,0.314679840243
12/14/2022,FEU,Z24,2,0.044048075159
12/14/2022,FEU,Z14,2,0.044048075159
12/14/2022,FEU,Z24,20,0.348632824379
12/14/2022,FEU,Z14,20,0.348632824379
12/14/2022,FEU,Z24,21,0.352673276836
12/14/2022,FEU,Z14,21,0.352673276836
12/14/2022,FEU,Z24,22,0.308917302295
12/14/2022,FEU,Z14,22,0.308917302295
12/14/2022,FEU,Z24,23,0.257101972539
12/14/2022,FEU,Z14,23,0.208936140294
12/14/2022,FEU,Z24,24,0.166653018729
12/14/2022,FEU,Z14,24,0.166653018729
12/14/2022,FEU,Z24,3,0.044517288563
12/14/2022,FEU,Z14,3,0.044517288563
12/14/2022,FEU,Z24,4,0.045430583971
12/14/2022,FEU,Z14,4,0.045430583971
12/14/2022,FEU,Z24,5,0.037212838942
12/14/2022,FEU,Z14,5,0.037212838942
12/14/2022,FEU,Z24,6,0.036332520067
12/14/2022,FEU,Z14,6,0.036332520067
12/14/2022,FEU,Z24,7,0.046257101335
12/14/2022,FEU,Z14,7,0.046257101335
12/14/2022,FEU,Z24,8,0.119823169321
12/14/2022,FEU,Z14,8,0.119823169321
12/14/2022,FEU,Z24,9,0.151966278176
12/14/2022,FEU,Z14,9,0.151966278176
12/15/2022,FEU,Z24,1,0.206982347674
12/15/2022,FEU,Z14,1,0.206982347674
12/15/2022,FEU,Z24,10,0.263430341265
12/15/2022,FEU,Z14,10,0.263430341265
12/15/2022,FEU,Z24,11,0.252392005944
12/15/2022,FEU,Z14,11,0.30053342542
12/15/2022,FEU,Z24,12,0.292837917162
12/15/2022,FEU,Z14,12,0.292837917162
12/15/2022,FEU,Z24,13,0.294940795551
12/15/2022,FEU,Z14,13,0.294940795551
12/15/2022,FEU,Z24,14,0.294461048022
12/15/2022,FEU,Z14,14,0.294461048022
12/15/2022,FEU,Z24,15,0.29408772262
12/15/2022,FEU,Z14,15,0.245782030575
12/15/2022,FEU,Z24,16,0.250205240729
12/15/2022,FEU,Z14,16,0.250205240729
12/15/2022,FEU,Z24,17,0.255349331934
12/15/2022,FEU,Z14,17,0.255349331934
12/15/2022,FEU,Z24,18,0.27992316301
12/15/2022,FEU,Z14,18,0.27992316301
12/15/2022,FEU,Z24,19,0.293111603755
12/15/2022,FEU,Z14,19,0.3416230908
12/15/2022,FEU,Z24,2,0.165840949713
12/15/2022,FEU,Z14,2,0.165840949713
12/15/2022,FEU,Z24,20,0.377892082467
12/15/2022,FEU,Z14,20,0.377892082467
12/15/2022,FEU,Z24,21,0.367974512843
12/15/2022,FEU,Z14,21,0.367974512843
12/15/2022,FEU,Z24,22,0.327834924141
12/15/2022,FEU,Z14,22,0.327834924141
12/15/2022,FEU,Z24,23,0.309541835904
12/15/2022,FEU,Z14,23,0.261157375809
12/15/2022,FEU,Z24,24,0.250776106722
12/15/2022,FEU,Z14,24,0.250776106722
12/15/2022,FEU,Z24,3,0.159708953017
12/15/2022,FEU,Z14,3,0.159708953017
12/15/2022,FEU,Z24,4,0.161664414334
12/15/2022,FEU,Z14,4,0.161664414334
12/15/2022,FEU,Z24,5,0.163711831255
12/15/2022,FEU,Z14,5,0.163711831255
12/15/2022,FEU,Z24,6,0.17479380156
12/15/2022,FEU,Z14,6,0.17479380156
12/15/2022,FEU,Z24,7,0.218383635881
12/15/2022,FEU,Z14,7,0.218383635881
12/15/2022,FEU,Z24,8,0.2645685748
12/15/2022,FEU,Z14,8,0.2645685748
12/15/2022,FEU,Z24,9,0.272453657894
12/15/2022,FEU,Z14,9,0.272453657894
12/16/2022,FEU,Z24,1,0.225964406017
12/16/2022,FEU,Z14,1,0.225964406017
12/16/2022,FEU,Z24,10,0.234317615873
12/16/2022,FEU,Z14,10,0.234317615873
12/16/2022,FEU,Z24,11,0.228512386882
12/16/2022,FEU,Z14,11,0.276575051958
12/16/2022,FEU,Z24,12,0.26729039462
12/16/2022,FEU,Z14,12,0.26729039462
12/16/2022,FEU,Z24,13,0.268936636998
12/16/2022,FEU,Z14,13,0.268936636998
12/16/2022,FEU,Z24,14,0.269871738349
12/16/2022,FEU,Z14,14,0.269871738349
12/16/2022,FEU,Z24,15,0.267411142697
12/16/2022,FEU,Z14,15,0.219379998261
12/16/2022,FEU,Z24,16,0.226176106656
12/16/2022,FEU,Z14,16,0.226176106656
12/16/2022,FEU,Z24,17,0.25095126831
12/16/2022,FEU,Z14,17,0.25095126831
12/16/2022,FEU,Z24,18,0.252326467926
12/16/2022,FEU,Z14,18,0.252326467926
12/16/2022,FEU,Z24,19,0.265316247183
12/16/2022,FEU,Z14,19,0.313513134339
12/16/2022,FEU,Z24,2,0.220664963998
12/16/2022,FEU,Z14,2,0.220664963998
12/16/2022,FEU,Z24,20,0.316639088903
12/16/2022,FEU,Z14,20,0.316639088903
12/16/2022,FEU,Z24,21,0.319458962232
12/16/2022,FEU,Z14,21,0.319458962232
12/16/2022,FEU,Z24,22,0.317553612321
12/16/2022,FEU,Z14,22,0.317553612321
12/16/2022,FEU,Z24,23,0.308500173824
12/16/2022,FEU,Z14,23,0.260118785879
12/16/2022,FEU,Z24,24,0.258851117862
12/16/2022,FEU,Z14,24,0.258851117862
12/16/2022,FEU,Z24,3,0.212134184671
12/16/2022,FEU,Z14,3,0.212134184671
12/16/2022,FEU,Z24,4,0.204421759657
12/16/2022,FEU,Z14,4,0.204421759657
12/16/2022,FEU,Z24,5,0.199632015588
12/16/2022,FEU,Z14,5,0.199632015588
12/16/2022,FEU,Z24,6,0.201946727455
12/16/2022,FEU,Z14,6,0.201946727455
12/16/2022,FEU,Z24,7,0.203437147611
12/16/2022,FEU,Z14,7,0.203437147611
12/16/2022,FEU,Z24,8,0.202050512952
12/16/2022,FEU,Z14,8,0.202050512952
12/16/2022,FEU,Z24,9,0.242981389929
12/16/2022,FEU,Z14,9,0.242981389929
12/17/2022,FEU,Z24,1,0.268350146025
12/17/2022,FEU,Z14,1,0.268350146025
12/17/2022,FEU,Z24,10,0.251654917087
12/17/2022,FEU,Z14,10,0.251654917087
12/17/2022,FEU,Z24,11,0.230398030699
12/17/2022,FEU,Z14,11,0.230398030699
12/17/2022,FEU,Z24,12,0.22587881331
12/17/2022,FEU,Z14,12,0.22587881331
12/17/2022,FEU,Z24,13,0.223155250968
12/17/2022,FEU,Z14,13,0.223155250968
12/17/2022,FEU,Z24,14,0.219061494521
12/17/2022,FEU,Z14,14,0.219061494521
12/17/2022,FEU,Z24,15,0.207810789928
12/17/2022,FEU,Z14,15,0.207810789928
12/17/2022,FEU,Z24,16,0.2108223268
12/17/2022,FEU,Z14,16,0.2108223268
12/17/2022,FEU,Z24,17,0.229485885094
12/17/2022,FEU,Z14,17,0.229485885094
12/17/2022,FEU,Z24,18,0.244736229349
12/17/2022,FEU,Z14,18,0.244736229349
12/17/2022,FEU,Z24,19,0.262435636179
12/17/2022,FEU,Z14,19,0.262435636179
12/17/2022,FEU,Z24,2,0.279271247884
12/17/2022,FEU,Z14,2,0.279271247884
12/17/2022,FEU,Z24,20,0.263114699635
12/17/2022,FEU,Z14,20,0.263114699635
12/17/2022,FEU,Z24,21,0.263080275202
12/17/2022,FEU,Z14,21,0.263080275202
12/17/2022,FEU,Z24,22,0.254136501313
12/17/2022,FEU,Z14,22,0.254136501313
12/17/2022,FEU,Z24,23,0.239543298289
12/17/2022,FEU,Z14,23,0.239543298289
12/17/2022,FEU,Z24,24,0.218261909263
12/17/2022,FEU,Z14,24,0.218261909263
12/17/2022,FEU,Z24,3,0.284902384127
12/17/2022,FEU,Z14,3,0.284902384127
12/17/2022,FEU,Z24,4,0.280724517916
12/17/2022,FEU,Z14,4,0.280724517916
12/17/2022,FEU,Z24,5,0.282411121954
12/17/2022,FEU,Z14,5,0.282411121954
12/17/2022,FEU,Z24,6,0.285050826055
12/17/2022,FEU,Z14,6,0.285050826055
12/17/2022,FEU,Z24,7,0.281809979524
12/17/2022,FEU,Z14,7,0.281809979524
12/17/2022,FEU,Z24,8,0.249226487275
12/17/2022,FEU,Z14,8,0.249226487275
12/17/2022,FEU,Z24,9,0.253426880783
12/17/2022,FEU,Z14,9,0.253426880783
12/18/2022,FEU,Z24,1,0.229336090365
12/18/2022,FEU,Z14,1,0.229336090365
12/18/2022,FEU,Z24,10,0.167642930188
12/18/2022,FEU,Z14,10,0.167642930188
12/18/2022,FEU,Z24,11,0.153068585701
12/18/2022,FEU,Z14,11,0.153068585701
12/18/2022,FEU,Z24,12,0.148598367823
12/18/2022,FEU,Z14,12,0.148598367823
12/18/2022,FEU,Z24,13,0.143743471502
12/18/2022,FEU,Z14,13,0.143743471502
12/18/2022,FEU,Z24,14,0.145114254004
12/18/2022,FEU,Z14,14,0.145114254004
12/18/2022,FEU,Z24,15,0.144028041771
12/18/2022,FEU,Z14,15,0.144028041771
12/18/2022,FEU,Z24,16,0.143111942641
12/18/2022,FEU,Z14,16,0.143111942641
12/18/2022,FEU,Z24,17,0.152615885504
12/18/2022,FEU,Z14,17,0.152615885504
12/18/2022,FEU,Z24,18,0.173823017741
12/18/2022,FEU,Z14,18,0.173823017741
12/18/2022,FEU,Z24,19,0.171499085793
12/18/2022,FEU,Z14,19,0.171499085793
12/18/2022,FEU,Z24,2,0.192296839438
12/18/2022,FEU,Z14,2,0.192296839438
12/18/2022,FEU,Z24,20,0.165476856142
12/18/2022,FEU,Z14,20,0.165476856142
12/18/2022,FEU,Z24,21,0.167003524303
12/18/2022,FEU,Z14,21,0.167003524303
12/18/2022,FEU,Z24,22,0.160645222613
12/18/2022,FEU,Z14,22,0.160645222613
12/18/2022,FEU,Z24,23,0.148453926619
12/18/2022,FEU,Z14,23,0.148453926619
12/18/2022,FEU,Z24,24,0.154147821823
12/18/2022,FEU,Z14,24,0.154147821823
12/18/2022,FEU,Z24,3,0.200256273927
12/18/2022,FEU,Z14,3,0.200256273927
12/18/2022,FEU,Z24,4,0.199233829922
12/18/2022,FEU,Z14,4,0.199233829922
12/18/2022,FEU,Z24,5,0.194751034982
12/18/2022,FEU,Z14,5,0.194751034982
12/18/2022,FEU,Z24,6,0.189366848195
12/18/2022,FEU,Z14,6,0.189366848195
12/18/2022,FEU,Z24,7,0.19066173625
12/18/2022,FEU,Z14,7,0.19066173625
12/18/2022,FEU,Z24,8,0.185287691502
12/18/2022,FEU,Z14,8,0.185287691502
12/18/2022,FEU,Z24,9,0.183722543728
12/18/2022,FEU,Z14,9,0.183722543728
12/19/2022,FEU,Z24,1,0.143133583852
12/19/2022,FEU,Z14,1,0.143133583852
12/19/2022,FEU,Z24,10,0.175989588854
12/19/2022,FEU,Z14,10,0.175989588854
12/19/2022,FEU,Z24,11,0.150257107783
12/19/2022,FEU,Z14,11,0.198051998699
12/19/2022,FEU,Z24,12,0.19563449342
12/19/2022,FEU,Z14,12,0.19563449342
12/19/2022,FEU,Z24,13,0.193912723609
12/19/2022,FEU,Z14,13,0.193912723609
12/19/2022,FEU,Z24,14,0.193587765801
12/19/2022,FEU,Z14,14,0.193587765801
12/19/2022,FEU,Z24,15,0.19443004382
12/19/2022,FEU,Z14,15,0.146546630075
12/19/2022,FEU,Z24,16,0.148693937511
12/19/2022,FEU,Z14,16,0.148693937511
12/19/2022,FEU,Z24,17,0.172040771617
12/19/2022,FEU,Z14,17,0.172040771617
12/19/2022,FEU,Z24,18,0.194830823674
12/19/2022,FEU,Z14,18,0.194830823674
12/19/2022,FEU,Z24,19,0.204130445141
12/19/2022,FEU,Z14,19,0.252117050017
12/19/2022,FEU,Z24,2,0.123010391549
12/19/2022,FEU,Z14,2,0.123010391549
12/19/2022,FEU,Z24,20,0.258903279123
12/19/2022,FEU,Z14,20,0.258903279123
12/19/2022,FEU,Z24,21,0.2640966588
12/19/2022,FEU,Z14,21,0.2640966588
12/19/2022,FEU,Z24,22,0.251414553116
12/19/2022,FEU,Z14,22,0.251414553116
12/19/2022,FEU,Z24,23,0.21750166279
12/19/2022,FEU,Z14,23,0.169500065795
12/19/2022,FEU,Z24,24,0.143080815348
12/19/2022,FEU,Z14,24,0.143080815348
12/19/2022,FEU,Z24,3,0.113027040352
12/19/2022,FEU,Z14,3,0.113027040352
12/19/2022,FEU,Z24,4,0.11270496125
12/19/2022,FEU,Z14,4,0.11270496125
12/19/2022,FEU,Z24,5,0.113049153661
12/19/2022,FEU,Z14,5,0.113049153661
12/19/2022,FEU,Z24,6,0.112577714155
12/19/2022,FEU,Z14,6,0.112577714155
12/19/2022,FEU,Z24,7,0.125973602275
12/19/2022,FEU,Z14,7,0.125973602275
12/19/2022,FEU,Z24,8,0.137844422145
12/19/2022,FEU,Z14,8,0.137844422145
12/19/2022,FEU,Z24,9,0.180251579791
12/19/2022,FEU,Z14,9,0.180251579791
12/20/2022,FEU,Z24,1,0.096725189626
12/20/2022,FEU,Z14,1,0.096725189626
12/20/2022,FEU,Z24,10,0.172017900765
12/20/2022,FEU,Z14,10,0.172017900765
12/20/2022,FEU,Z24,11,0.166930631023
12/20/2022,FEU,Z14,11,0.214901046018
12/20/2022,FEU,Z24,12,0.210249393801
12/20/2022,FEU,Z14,12,0.210249393801
12/20/2022,FEU,Z24,13,0.210135030801
12/20/2022,FEU,Z14,13,0.210135030801
12/20/2022,FEU,Z24,14,0.199835121741
12/20/2022,FEU,Z14,14,0.199835121741
12/20/2022,FEU,Z24,15,0.19139249962
12/20/2022,FEU,Z14,15,0.143621049384
12/20/2022,FEU,Z24,16,0.162555513107
12/20/2022,FEU,Z14,16,0.162555513107
12/20/2022,FEU,Z24,17,0.166540904754
12/20/2022,FEU,Z14,17,0.166540904754
12/20/2022,FEU,Z24,18,0.173663378351
12/20/2022,FEU,Z14,18,0.173663378351
12/20/2022,FEU,Z24,19,0.174752071928
12/20/2022,FEU,Z14,19,0.222766208223
12/20/2022,FEU,Z24,2,0.053587007637
12/20/2022,FEU,Z14,2,0.053587007637
12/20/2022,FEU,Z24,20,0.229393688818
12/20/2022,FEU,Z14,20,0.229393688818
12/20/2022,FEU,Z24,21,0.223440048895
12/20/2022,FEU,Z14,21,0.223440048895
12/20/2022,FEU,Z24,22,0.214486093672
12/20/2022,FEU,Z14,22,0.214486093672
12/20/2022,FEU,Z24,23,0.195171211746
12/20/2022,FEU,Z14,23,0.147160395912
12/20/2022,FEU,Z24,24,0.116935217985
12/20/2022,FEU,Z14,24,0.116935217985
12/20/2022,FEU,Z24,3,0.048970218349
12/20/2022,FEU,Z14,3,0.048970218349
12/20/2022,FEU,Z24,4,0.050162033539
12/20/2022,FEU,Z14,4,0.050162033539
12/20/2022,FEU,Z24,5,0.048475973269
12/20/2022,FEU,Z14,5,0.048475973269
12/20/2022,FEU,Z24,6,0.049416500443
12/20/2022,FEU,Z14,6,0.049416500443
12/20/2022,FEU,Z24,7,0.049157150732
12/20/2022,FEU,Z14,7,0.049157150732
12/20/2022,FEU,Z24,8,0.109575001645
12/20/2022,FEU,Z14,8,0.109575001645
12/20/2022,FEU,Z24,9,0.168006639511
12/20/2022,FEU,Z14,9,0.168006639511
12/21/2022,FEU,Z24,1,0.105051558867
12/21/2022,FEU,Z14,1,0.105051558867
12/21/2022,FEU,Z24,10,0.143828826959
12/21/2022,FEU,Z14,10,0.143828826959
12/21/2022,FEU,Z24,11,0.134730796948
12/21/2022,FEU,Z14,11,0.182468357784
12/21/2022,FEU,Z24,12,0.162404878227
12/21/2022,FEU,Z14,12,0.162404878227
12/21/2022,FEU,Z24,13,0.161247818246
12/21/2022,FEU,Z14,13,0.161247818246
12/21/2022,FEU,Z24,14,0.159861837687
12/21/2022,FEU,Z14,14,0.159861837687
12/21/2022,FEU,Z24,15,0.157734963706
12/21/2022,FEU,Z14,15,0.11008231923
12/21/2022,FEU,Z24,16,0.116964266075
12/21/2022,FEU,Z14,16,0.116964266075
12/21/2022,FEU,Z24,17,0.132945451369
12/21/2022,FEU,Z14,17,0.132945451369
12/21/2022,FEU,Z24,18,0.148485869334
12/21/2022,FEU,Z14,18,0.148485869334
12/21/2022,FEU,Z24,19,0.155488040728
12/21/2022,FEU,Z14,19,0.203422568523
12/21/2022,FEU,Z24,2,0.094666167349
12/21/2022,FEU,Z14,2,0.094666167349
12/21/2022,FEU,Z24,20,0.209250973549
12/21/2022,FEU,Z14,20,0.209250973549
12/21/2022,FEU,Z24,21,0.212838212516
12/21/2022,FEU,Z14,21,0.212838212516
12/21/2022,FEU,Z24,22,0.204925754095
12/21/2022,FEU,Z14,22,0.204925754095
12/21/2022,FEU,Z24,23,0.180139931369
12/21/2022,FEU,Z14,23,0.132290655474
12/21/2022,FEU,Z24,24,0.122287379789
12/21/2022,FEU,Z14,24,0.122287379789
12/21/2022,FEU,Z24,3,0.083960085013
12/21/2022,FEU,Z14,3,0.083960085013
12/21/2022,FEU,Z24,4,0.080820079021
12/21/2022,FEU,Z14,4,0.080820079021
12/21/2022,FEU,Z24,5,0.080599774562
12/21/2022,FEU,Z14,5,0.080599774562
12/21/2022,FEU,Z24,6,0.095255691247
12/21/2022,FEU,Z14,6,0.095255691247
12/21/2022,FEU,Z24,7,0.100397999485
12/21/2022,FEU,Z14,7,0.100397999485
12/21/2022,FEU,Z24,8,0.103170066481
12/21/2022,FEU,Z14,8,0.103170066481
12/21/2022,FEU,Z24,9,0.141270294496
12/21/2022,FEU,Z14,9,0.141270294496
12/22/2022,FEU,Z24,1,0.066998415534
12/22/2022,FEU,Z14,1,0.066998415534
12/22/2022,FEU,Z24,10,0.131404383915
12/22/2022,FEU,Z14,10,0.131404383915
12/22/2022,FEU,Z24,11,0.119166517464
12/22/2022,FEU,Z14,11,0.16685478902
12/22/2022,FEU,Z24,12,0.158056858682
12/22/2022,FEU,Z14,12,0.158056858682
12/22/2022,FEU,Z24,13,0.149955923301
12/22/2022,FEU,Z14,13,0.149955923301
12/22/2022,FEU,Z24,14,0.149746704802
12/22/2022,FEU,Z14,14,0.149746704802
12/22/2022,FEU,Z24,15,0.14926437562
12/22/2022,FEU,Z14,15,0.101572341825
12/22/2022,FEU,Z24,16,0.103571005249
12/22/2022,FEU,Z14,16,0.103571005249
12/22/2022,FEU,Z24,17,0.121049348574
12/22/2022,FEU,Z14,17,0.121049348574
12/22/2022,FEU,Z24,18,0.12134056191
12/22/2022,FEU,Z14,18,0.12134056191
12/22/2022,FEU,Z24,19,0.135258736005
12/22/2022,FEU,Z14,19,0.1831109508
12/22/2022,FEU,Z24,2,0.075807710733
12/22/2022,FEU,Z14,2,0.075807710733
12/22/2022,FEU,Z24,20,0.186172895757
12/22/2022,FEU,Z14,20,0.186172895757
12/22/2022,FEU,Z24,21,0.186847844203
12/22/2022,FEU,Z14,21,0.186847844203
12/22/2022,FEU,Z24,22,0.184671479301
12/22/2022,FEU,Z14,22,0.184671479301
12/22/2022,FEU,Z24,23,0.171301252864
12/22/2022,FEU,Z14,23,0.123485216219
12/22/2022,FEU,Z24,24,0.101924046582
12/22/2022,FEU,Z14,24,0.101924046582
12/22/2022,FEU,Z24,3,0.074503465837
12/22/2022,FEU,Z14,3,0.074503465837
12/22/2022,FEU,Z24,4,0.078994806334
12/22/2022,FEU,Z14,4,0.078994806334
12/22/2022,FEU,Z24,5,0.081511801855
12/22/2022,FEU,Z14,5,0.081511801855
12/22/2022,FEU,Z24,6,0.08447902156
12/22/2022,FEU,Z14,6,0.08447902156
12/22/2022,FEU,Z24,7,0.084425653581
12/22/2022,FEU,Z14,7,0.084425653581
12/22/2022,FEU,Z24,8,0.0884709508
12/22/2022,FEU,Z14,8,0.0884709508
12/22/2022,FEU,Z24,9,0.127827314854
12/22/2022,FEU,Z14,9,0.127827314854
12/23/2022,FEU,Z24,1,0.042014886877
12/23/2022,FEU,Z14,1,0.042014886877
12/23/2022,FEU,Z24,10,0.077349281893
12/23/2022,FEU,Z14,10,0.077349281893
12/23/2022,FEU,Z24,11,0.064199716562
12/23/2022,FEU,Z14,11,0.111703261878
12/23/2022,FEU,Z24,12,0.11333371782
12/23/2022,FEU,Z14,12,0.11333371782
12/23/2022,FEU,Z24,13,0.108195570498
12/23/2022,FEU,Z14,13,0.108195570498
12/23/2022,FEU,Z24,14,0.109653699919
12/23/2022,FEU,Z14,14,0.109653699919
12/23/2022,FEU,Z24,15,0.108605210867
12/23/2022,FEU,Z14,15,0.061109847471
12/23/2022,FEU,Z24,16,0.066387729056
12/23/2022,FEU,Z14,16,0.066387729056
12/23/2022,FEU,Z24,17,0.06192714631
12/23/2022,FEU,Z14,17,0.06192714631
12/23/2022,FEU,Z24,18,0.086806976166
12/23/2022,FEU,Z14,18,0.086806976166
12/23/2022,FEU,Z24,19,0.119023024863
12/23/2022,FEU,Z14,19,0.166731045779
12/23/2022,FEU,Z24,2,0.038242338958
12/23/2022,FEU,Z14,2,0.038242338958
12/23/2022,FEU,Z24,20,0.172701997323
12/23/2022,FEU,Z14,20,0.172701997323
12/23/2022,FEU,Z24,21,0.176660678232
12/23/2022,FEU,Z14,21,0.176660678232
12/23/2022,FEU,Z24,22,0.166817523441
12/23/2022,FEU,Z14,22,0.166817523441
12/23/2022,FEU,Z24,23,0.148972769024
12/23/2022,FEU,Z14,23,0.101247332579
12/23/2022,FEU,Z24,24,0.076169448762
12/23/2022,FEU,Z14,24,0.076169448762
12/23/2022,FEU,Z24,3,0.039995693221
12/23/2022,FEU,Z14,3,0.039995693221
12/23/2022,FEU,Z24,4,0.041465450897
12/23/2022,FEU,Z14,4,0.041465450897
12/23/2022,FEU,Z24,5,0.040878378028
12/23/2022,FEU,Z14,5,0.040878378028
12/23/2022,FEU,Z24,6,0.040180889455
12/23/2022,FEU,Z14,6,0.040180889455
12/23/2022,FEU,Z24,7,0.042966543871
12/23/2022,FEU,Z14,7,0.042966543871
12/23/2022,FEU,Z24,8,0.047743443832
12/23/2022,FEU,Z14,8,0.047743443832
12/23/2022,FEU,Z24,9,0.080383628379
12/23/2022,FEU,Z14,9,0.080383628379
12/24/2022,FEU,Z24,1,0.095832011775
12/24/2022,FEU,Z14,1,0.095832011775
12/24/2022,FEU,Z24,10,0.089903338567
12/24/2022,FEU,Z14,10,0.089903338567
12/24/2022,FEU,Z24,11,0.084266272909
12/24/2022,FEU,Z14,11,0.084266272909
12/24/2022,FEU,Z24,12,0.06207463501
12/24/2022,FEU,Z14,12,0.06207463501
12/24/2022,FEU,Z24,13,0.059172824168
12/24/2022,FEU,Z14,13,0.059172824168
12/24/2022,FEU,Z24,14,0.058557540331
12/24/2022,FEU,Z14,14,0.058557540331
12/24/2022,FEU,Z24,15,0.057092128568
12/24/2022,FEU,Z14,15,0.057092128568
12/24/2022,FEU,Z24,16,0.0584950588
12/24/2022,FEU,Z14,16,0.0584950588
12/24/2022,FEU,Z24,17,0.078842543734
12/24/2022,FEU,Z14,17,0.078842543734
12/24/2022,FEU,Z24,18,0.091545552829
12/24/2022,FEU,Z14,18,0.091545552829
12/24/2022,FEU,Z24,19,0.152792773969
12/24/2022,FEU,Z14,19,0.152792773969
12/24/2022,FEU,Z24,2,0.072925930084
12/24/2022,FEU,Z14,2,0.072925930084
12/24/2022,FEU,Z24,20,0.106318572985
12/24/2022,FEU,Z14,20,0.106318572985
12/24/2022,FEU,Z24,21,0.092323751782
12/24/2022,FEU,Z14,21,0.092323751782
12/24/2022,FEU,Z24,22,0.078401579613
12/24/2022,FEU,Z14,22,0.078401579613
12/24/2022,FEU,Z24,23,0.057036240259
12/24/2022,FEU,Z14,23,0.057036240259
12/24/2022,FEU,Z24,24,0.055368505843
12/24/2022,FEU,Z14,24,0.055368505843
12/24/2022,FEU,Z24,3,0.073828852447
12/24/2022,FEU,Z14,3,0.073828852447
12/24/2022,FEU,Z24,4,0.076552818876
12/24/2022,FEU,Z14,4,0.076552818876
12/24/2022,FEU,Z24,5,0.076992247594
12/24/2022,FEU,Z14,5,0.076992247594
12/24/2022,FEU,Z24,6,0.078563193655
12/24/2022,FEU,Z14,6,0.078563193655
12/24/2022,FEU,Z24,7,0.077757701284
12/24/2022,FEU,Z14,7,0.077757701284
12/24/2022,FEU,Z24,8,0.073632414775
12/24/2022,FEU,Z14,8,0.073632414775
12/24/2022,FEU,Z24,9,0.096113566383
12/24/2022,FEU,Z14,9,0.096113566383
12/25/2022,FEU,Z24,1,0.046107832444
12/25/2022,FEU,Z14,1,0.046107832444
12/25/2022,FEU,Z24,10,0.052748948554
12/25/2022,FEU,Z14,10,0.052748948554
12/25/2022,FEU,Z24,11,0.045586349671
12/25/2022,FEU,Z14,11,0.045586349671
12/25/2022,FEU,Z24,12,0.0423297868
12/25/2022,FEU,Z14,12,0.0423297868
12/25/2022,FEU,Z24,13,0.0426233668
12/25/2022,FEU,Z14,13,0.0426233668
12/25/2022,FEU,Z24,14,0.043037771005
12/25/2022,FEU,Z14,14,0.043037771005
12/25/2022,FEU,Z24,15,0.043765815311
12/25/2022,FEU,Z14,15,0.043765815311
12/25/2022,FEU,Z24,16,0.04760403419
12/25/2022,FEU,Z14,16,0.04760403419
12/25/2022,FEU,Z24,17,0.047910642671
12/25/2022,FEU,Z14,17,0.047910642671
12/25/2022,FEU,Z24,18,0.063912719018
12/25/2022,FEU,Z14,18,0.063912719018
12/25/2022,FEU,Z24,19,0.08266321578
12/25/2022,FEU,Z14,19,0.08266321578
12/25/2022,FEU,Z24,2,0.047519471179
12/25/2022,FEU,Z14,2,0.047519471179
12/25/2022,FEU,Z24,20,0.083179207275
12/25/2022,FEU,Z14,20,0.083179207275
12/25/2022,FEU,Z24,21,0.087158901291
12/25/2022,FEU,Z14,21,0.087158901291
12/25/2022,FEU,Z24,22,0.08775681697
12/25/2022,FEU,Z14,22,0.08775681697
12/25/2022,FEU,Z24,23,0.089196409422
12/25/2022,FEU,Z14,23,0.089196409422
12/25/2022,FEU,Z24,24,0.088044347367
12/25/2022,FEU,Z14,24,0.088044347367
12/25/2022,FEU,Z24,3,0.049202426218
12/25/2022,FEU,Z14,3,0.049202426218
12/25/2022,FEU,Z24,4,0.053383494409
12/25/2022,FEU,Z14,4,0.053383494409
12/25/2022,FEU,Z24,5,0.055573162773
12/25/2022,FEU,Z14,5,0.055573162773
12/25/2022,FEU,Z24,6,0.055386734764
12/25/2022,FEU,Z14,6,0.055386734764
12/25/2022,FEU,Z24,7,0.054546883741
12/25/2022,FEU,Z14,7,0.054546883741
12/25/2022,FEU,Z24,8,0.051168226824
12/25/2022,FEU,Z14,8,0.051168226824
12/25/2022,FEU,Z24,9,0.048713407072
12/25/2022,FEU,Z14,9,0.048713407072
12/26/2022,FEU,Z24,1,0.112082781092
12/26/2022,FEU,Z14,1,0.112082781092
12/26/2022,FEU,Z24,10,0.128203691954
12/26/2022,FEU,Z14,10,0.128203691954
12/26/2022,FEU,Z24,11,0.132202998853
12/26/2022,FEU,Z14,11,0.179936533409
12/26/2022,FEU,Z24,12,0.17792136002
12/26/2022,FEU,Z14,12,0.17792136002
12/26/2022,FEU,Z24,13,0.173547831239
12/26/2022,FEU,Z14,13,0.173547831239
12/26/2022,FEU,Z24,14,0.173526691731
12/26/2022,FEU,Z14,14,0.173526691731
12/26/2022,FEU,Z24,15,0.17764703362
12/26/2022,FEU,Z14,15,0.129835909325
12/26/2022,FEU,Z24,16,0.134414066361
12/26/2022,FEU,Z14,16,0.134414066361
12/26/2022,FEU,Z24,17,0.157341771847
12/26/2022,FEU,Z14,17,0.157341771847
12/26/2022,FEU,Z24,18,0.206066110034
12/26/2022,FEU,Z14,18,0.206066110034
12/26/2022,FEU,Z24,19,0.257196870601
12/26/2022,FEU,Z14,19,0.305362000037
12/26/2022,FEU,Z24,2,0.106475307549
12/26/2022,FEU,Z14,2,0.106475307549
12/26/2022,FEU,Z24,20,0.330961685613
12/26/2022,FEU,Z14,20,0.330961685613
12/26/2022,FEU,Z24,21,0.2824020948
12/26/2022,FEU,Z14,21,0.2824020948
12/26/2022,FEU,Z24,22,0.271046387156
12/26/2022,FEU,Z14,22,0.271046387156
12/26/2022,FEU,Z24,23,0.28923765019
12/26/2022,FEU,Z14,23,0.240939623495
12/26/2022,FEU,Z24,24,0.215079069348
12/26/2022,FEU,Z14,24,0.215079069348
12/26/2022,FEU,Z24,3,0.105351740512
12/26/2022,FEU,Z14,3,0.105351740512
12/26/2022,FEU,Z24,4,0.10290188625
12/26/2022,FEU,Z14,4,0.10290188625
12/26/2022,FEU,Z24,5,0.103537444121
12/26/2022,FEU,Z14,5,0.103537444121
12/26/2022,FEU,Z24,6,0.108165745405
12/26/2022,FEU,Z14,6,0.108165745405
12/26/2022,FEU,Z24,7,0.102319820025
12/26/2022,FEU,Z14,7,0.102319820025
12/26/2022,FEU,Z24,8,0.102477057595
12/26/2022,FEU,Z14,8,0.102477057595
12/26/2022,FEU,Z24,9,0.130057885341
12/26/2022,FEU,Z14,9,0.130057885341
12/27/2022,FEU,Z24,1,0.142740161146
12/27/2022,FEU,Z14,1,0.142740161146
12/27/2022,FEU,Z24,10,0.239627921715
12/27/2022,FEU,Z14,10,0.239627921715
12/27/2022,FEU,Z24,11,0.203389818513
12/27/2022,FEU,Z14,11,0.251516297358
12/27/2022,FEU,Z24,12,0.207080241801
12/27/2022,FEU,Z14,12,0.207080241801
12/27/2022,FEU,Z24,13,0.206852199621
12/27/2022,FEU,Z14,13,0.206852199621
12/27/2022,FEU,Z24,14,0.200780656161
12/27/2022,FEU,Z14,14,0.200780656161
12/27/2022,FEU,Z24,15,0.19185418642
12/27/2022,FEU,Z14,15,0.144081171144
12/27/2022,FEU,Z24,16,0.159484977457
12/27/2022,FEU,Z14,16,0.159484977457
12/27/2022,FEU,Z24,17,0.179248325474
12/27/2022,FEU,Z14,17,0.179248325474
12/27/2022,FEU,Z24,18,0.241936864121
12/27/2022,FEU,Z14,18,0.241936864121
12/27/2022,FEU,Z24,19,0.249801917688
12/27/2022,FEU,Z14,19,0.298132057383
12/27/2022,FEU,Z24,2,0.156398819157
12/27/2022,FEU,Z14,2,0.156398819157
12/27/2022,FEU,Z24,20,0.290869137418
12/27/2022,FEU,Z14,20,0.290869137418
12/27/2022,FEU,Z24,21,0.276618928145
12/27/2022,FEU,Z14,21,0.276618928145
12/27/2022,FEU,Z24,22,0.254098757192
12/27/2022,FEU,Z14,22,0.254098757192
12/27/2022,FEU,Z24,23,0.231413809926
12/27/2022,FEU,Z14,23,0.183223870872
12/27/2022,FEU,Z24,24,0.176591280585
12/27/2022,FEU,Z14,24,0.176591280585
12/27/2022,FEU,Z24,3,0.146271372049
12/27/2022,FEU,Z14,3,0.146271372049
12/27/2022,FEU,Z24,4,0.130814453899
12/27/2022,FEU,Z14,4,0.130814453899
12/27/2022,FEU,Z24,5,0.131524021099
12/27/2022,FEU,Z14,5,0.131524021099
12/27/2022,FEU,Z24,6,0.152888283233
12/27/2022,FEU,Z14,6,0.152888283233
12/27/2022,FEU,Z24,7,0.164040824172
12/27/2022,FEU,Z14,7,0.164040824172
12/27/2022,FEU,Z24,8,0.179451180295
12/27/2022,FEU,Z14,8,0.179451180295
12/27/2022,FEU,Z24,9,0.237124600641
12/27/2022,FEU,Z14,9,0.237124600641
12/28/2022,FEU,Z24,1,0.087404769567
12/28/2022,FEU,Z14,1,0.087404769567
12/28/2022,FEU,Z24,10,0.121030472279
12/28/2022,FEU,Z14,10,0.121030472279
12/28/2022,FEU,Z24,11,0.105962673988
12/28/2022,FEU,Z14,11,0.153602050104
12/28/2022,FEU,Z24,12,0.142502106297
12/28/2022,FEU,Z14,12,0.142502106297
12/28/2022,FEU,Z24,13,0.136033526746
12/28/2022,FEU,Z14,13,0.136033526746
12/28/2022,FEU,Z24,14,0.133021228227
12/28/2022,FEU,Z14,14,0.133021228227
12/28/2022,FEU,Z24,15,0.126621498306
12/28/2022,FEU,Z14,15,0.07907603223
12/28/2022,FEU,Z24,16,0.084901806075
12/28/2022,FEU,Z14,16,0.084901806075
12/28/2022,FEU,Z24,17,0.101812425389
12/28/2022,FEU,Z14,17,0.101812425389
12/28/2022,FEU,Z24,18,0.120135120474
12/28/2022,FEU,Z14,18,0.120135120474
12/28/2022,FEU,Z24,19,0.137828250808
12/28/2022,FEU,Z14,19,0.185687505303
12/28/2022,FEU,Z24,2,0.082093952039
12/28/2022,FEU,Z14,2,0.082093952039
12/28/2022,FEU,Z24,20,0.188627101299
12/28/2022,FEU,Z14,20,0.188627101299
12/28/2022,FEU,Z24,21,0.172559379796
12/28/2022,FEU,Z14,21,0.172559379796
12/28/2022,FEU,Z24,22,0.157628732895
12/28/2022,FEU,Z14,22,0.157628732895
12/28/2022,FEU,Z24,23,0.144503725379
12/28/2022,FEU,Z14,23,0.096802790934
12/28/2022,FEU,Z24,24,0.078269721699
12/28/2022,FEU,Z14,24,0.078269721699
12/28/2022,FEU,Z24,3,0.078109644033
12/28/2022,FEU,Z14,3,0.078109644033
12/28/2022,FEU,Z24,4,0.076315174141
12/28/2022,FEU,Z14,4,0.076315174141
12/28/2022,FEU,Z24,5,0.069435379142
12/28/2022,FEU,Z14,5,0.069435379142
12/28/2022,FEU,Z24,6,0.068191057657
12/28/2022,FEU,Z14,6,0.068191057657
12/28/2022,FEU,Z24,7,0.072471090835
12/28/2022,FEU,Z14,7,0.072471090835
12/28/2022,FEU,Z24,8,0.089388137001
12/28/2022,FEU,Z14,8,0.089388137001
12/28/2022,FEU,Z24,9,0.128368092576
12/28/2022,FEU,Z14,9,0.128368092576
12/29/2022,FEU,Z24,1,0.046130976034
12/29/2022,FEU,Z14,1,0.046130976034
12/29/2022,FEU,Z24,10,0.084094609815
12/29/2022,FEU,Z14,10,0.084094609815
12/29/2022,FEU,Z24,11,0.076132290984
12/29/2022,FEU,Z14,11,0.12367418762
12/29/2022,FEU,Z24,12,0.123663051842
12/29/2022,FEU,Z14,12,0.123663051842
12/29/2022,FEU,Z24,13,0.124497328281
12/29/2022,FEU,Z14,13,0.124497328281
12/29/2022,FEU,Z24,14,0.123819761182
12/29/2022,FEU,Z14,14,0.123819761182
12/29/2022,FEU,Z24,15,0.12225017542
12/29/2022,FEU,Z14,15,0.074673783575
12/29/2022,FEU,Z24,16,0.076692968739
12/29/2022,FEU,Z14,16,0.076692968739
12/29/2022,FEU,Z24,17,0.078602942274
12/29/2022,FEU,Z14,17,0.078602942274
12/29/2022,FEU,Z24,18,0.07897520531
12/29/2022,FEU,Z14,18,0.07897520531
12/29/2022,FEU,Z24,19,0.087284373555
12/29/2022,FEU,Z14,19,0.1349358588
12/29/2022,FEU,Z24,2,0.049354342033
12/29/2022,FEU,Z14,2,0.049354342033
12/29/2022,FEU,Z24,20,0.133078574967
12/29/2022,FEU,Z14,20,0.133078574967
12/29/2022,FEU,Z24,21,0.132319217273
12/29/2022,FEU,Z14,21,0.132319217273
12/29/2022,FEU,Z24,22,0.128527538331
12/29/2022,FEU,Z14,22,0.128527538331
12/29/2022,FEU,Z24,23,0.126185780224
12/29/2022,FEU,Z14,23,0.078554040279
12/29/2022,FEU,Z24,24,0.067986108702
12/29/2022,FEU,Z14,24,0.067986108702
12/29/2022,FEU,Z24,3,0.049749145697
12/29/2022,FEU,Z14,3,0.049749145697
12/29/2022,FEU,Z24,4,0.052536856074
12/29/2022,FEU,Z14,4,0.052536856074
12/29/2022,FEU,Z24,5,0.051998006155
12/29/2022,FEU,Z14,5,0.051998006155
12/29/2022,FEU,Z24,6,0.05065085436
12/29/2022,FEU,Z14,6,0.05065085436
12/29/2022,FEU,Z24,7,0.048783507621
12/29/2022,FEU,Z14,7,0.048783507621
12/29/2022,FEU,Z24,8,0.0464782828
12/29/2022,FEU,Z14,8,0.0464782828
12/29/2022,FEU,Z24,9,0.082395165414
12/29/2022,FEU,Z14,9,0.082395165414
12/30/2022,FEU,Z24,1,0.037309919167
12/30/2022,FEU,Z14,1,0.037309919167
12/30/2022,FEU,Z24,10,0.059625615133
12/30/2022,FEU,Z14,10,0.059625615133
12/30/2022,FEU,Z24,11,0.055021105742
12/30/2022,FEU,Z14,11,0.102493484298
12/30/2022,FEU,Z24,12,0.10298256902
12/30/2022,FEU,Z14,12,0.10298256902
12/30/2022,FEU,Z24,13,0.103554033798
12/30/2022,FEU,Z14,13,0.103554033798
12/30/2022,FEU,Z24,14,0.103188150079
12/30/2022,FEU,Z14,14,0.103188150079
12/30/2022,FEU,Z24,15,0.103793287387
12/30/2022,FEU,Z14,15,0.056314194231
12/30/2022,FEU,Z24,16,0.055962431456
12/30/2022,FEU,Z14,16,0.055962431456
12/30/2022,FEU,Z24,17,0.05940536971
12/30/2022,FEU,Z14,17,0.05940536971
12/30/2022,FEU,Z24,18,0.062127831966
12/30/2022,FEU,Z14,18,0.062127831966
12/30/2022,FEU,Z24,19,0.074193794823
12/30/2022,FEU,Z14,19,0.121752010459
12/30/2022,FEU,Z24,2,0.041780834218
12/30/2022,FEU,Z14,2,0.041780834218
12/30/2022,FEU,Z24,20,0.121561914263
12/30/2022,FEU,Z14,20,0.121561914263
12/30/2022,FEU,Z24,21,0.113690440792
12/30/2022,FEU,Z14,21,0.113690440792
12/30/2022,FEU,Z24,22,0.102115458351
12/30/2022,FEU,Z14,22,0.102115458351
12/30/2022,FEU,Z24,23,0.106597272704
12/30/2022,FEU,Z14,23,0.059047288609
12/30/2022,FEU,Z24,24,0.061150814502
12/30/2022,FEU,Z14,24,0.061150814502
12/30/2022,FEU,Z24,3,0.041389614691
12/30/2022,FEU,Z14,3,0.041389614691
12/30/2022,FEU,Z24,4,0.043356666447
12/30/2022,FEU,Z14,4,0.043356666447
12/30/2022,FEU,Z24,5,0.042636824548
12/30/2022,FEU,Z14,5,0.042636824548
12/30/2022,FEU,Z24,6,0.042913403005
12/30/2022,FEU,Z14,6,0.042913403005
12/30/2022,FEU,Z24,7,0.044388361681
12/30/2022,FEU,Z14,7,0.044388361681
12/30/2022,FEU,Z24,8,0.040517067032
12/30/2022,FEU,Z14,8,0.040517067032
12/30/2022,FEU,Z24,9,0.058785391239
12/30/2022,FEU,Z14,9,0.058785391239
12/31/2022,FEU,Z24,1,0.043440991275
12/31/2022,FEU,Z14,1,0.043440991275
12/31/2022,FEU,Z24,10,0.038872836457
12/31/2022,FEU,Z14,10,0.038872836457
12/31/2022,FEU,Z24,11,0.027609045169
12/31/2022,FEU,Z14,11,0.027609045169
12/31/2022,FEU,Z24,12,0.02587462081
12/31/2022,FEU,Z14,12,0.02587462081
12/31/2022,FEU,Z24,13,0.025796991048
12/31/2022,FEU,Z14,13,0.025796991048
12/31/2022,FEU,Z24,14,0.027308706041
12/31/2022,FEU,Z14,14,0.027308706041
12/31/2022,FEU,Z24,15,0.027978506008
12/31/2022,FEU,Z14,15,0.027978506008
12/31/2022,FEU,Z24,16,0.0280124788
12/31/2022,FEU,Z14,16,0.0280124788
12/31/2022,FEU,Z24,17,0.032990978494
12/31/2022,FEU,Z14,17,0.032990978494
12/31/2022,FEU,Z24,18,0.029932064739
12/31/2022,FEU,Z14,18,0.029932064739
12/31/2022,FEU,Z24,19,0.047365463309
12/31/2022,FEU,Z14,19,0.047365463309
12/31/2022,FEU,Z24,2,0.045967608244
12/31/2022,FEU,Z14,2,0.045967608244
12/31/2022,FEU,Z24,20,0.044379197335
12/31/2022,FEU,Z14,20,0.044379197335
12/31/2022,FEU,Z24,21,0.034018566802
12/31/2022,FEU,Z14,21,0.034018566802
12/31/2022,FEU,Z24,22,0.030887733353
12/31/2022,FEU,Z14,22,0.030887733353
12/31/2022,FEU,Z24,23,0.032122199239
12/31/2022,FEU,Z14,23,0.032122199239
12/31/2022,FEU,Z24,24,0.032682601003
12/31/2022,FEU,Z14,24,0.032682601003
12/31/2022,FEU,Z24,3,0.049460682687
12/31/2022,FEU,Z14,3,0.049460682687
12/31/2022,FEU,Z24,4,0.047568377716
12/31/2022,FEU,Z14,4,0.047568377716
12/31/2022,FEU,Z24,5,0.045719803174
12/31/2022,FEU,Z14,5,0.045719803174
12/31/2022,FEU,Z24,6,0.045426373255
12/31/2022,FEU,Z14,6,0.045426373255
12/31/2022,FEU,Z24,7,0.049144115884
12/31/2022,FEU,Z14,7,0.049144115884
12/31/2022,FEU,Z24,8,0.050056407775
12/31/2022,FEU,Z14,8,0.050056407775
12/31/2022,FEU,Z24,9,0.049916733183
12/31/2022,FEU,Z14,9,0.049916733183
