Fecha,TerminoCosteHorario,TipoPrecio,Hour,Ctd
01/01/2025,FEU,Z24,1,0.18278526062
01/01/2025,FEU,Z14,1,0.18278526062
01/01/2025,FEU,Z24,10,0.423149353483
01/01/2025,FEU,Z14,10,0.423149353483
01/01/2025,FEU,Z24,11,0.074950803366
01/01/2025,FEU,Z14,11,0.074950803366
01/01/2025,FEU,Z24,12,0.049752809902
01/01/2025,FEU,Z14,12,0.049752809902
01/01/2025,FEU,Z24,13,0.045809314954
01/01/2025,FEU,Z14,13,0.045809314954
01/01/2025,FEU,Z24,14,0.051574119196
01/01/2025,FEU,Z14,14,0.051574119196
01/01/2025,FEU,Z24,15,0.041727798765
01/01/2025,FEU,Z14,15,0.041727798765
01/01/2025,FEU,Z24,16,0.029119697797
01/01/2025,FEU,Z14,16,0.029119697797
01/01/2025,FEU,Z24,17,0.149060833692
01/01/2025,FEU,Z14,17,0.149060833692
01/01/2025,FEU,Z24,18,0.272856855966
01/01/2025,FEU,Z14,18,0.272856855966
01/01/2025,FEU,Z24,19,0.191182776725
01/01/2025,FEU,Z14,19,0.191182776725
01/01/2025,FEU,Z24,2,0.183189805378
01/01/2025,FEU,Z14,2,0.183189805378
01/01/2025,FEU,Z24,20,0.191570313483
01/01/2025,FEU,Z14,20,0.191570313483
01/01/2025,FEU,Z24,21,0.194051282672
01/01/2025,FEU,Z14,21,0.194051282672
01/01/2025,FEU,Z24,22,0.195872457483
01/01/2025,FEU,Z14,22,0.195872457483
01/01/2025,FEU,Z24,23,0.193006035809
01/01/2025,FEU,Z14,23,0.193006035809
01/01/2025,FEU,Z24,24,0.181254236894
01/01/2025,FEU,Z14,24,0.181254236894
01/01/2025,FEU,Z24,3,0.188740310031
01/01/2025,FEU,Z14,3,0.188740310031
01/01/2025,FEU,Z24,4,0.187773540305
01/01/2025,FEU,Z14,4,0.187773540305
01/01/2025,FEU,Z24,5,0.180194913821
01/01/2025,FEU,Z14,5,0.180194913821
01/01/2025,FEU,Z24,6,0.17230186739
01/01/2025,FEU,Z14,6,0.17230186739
01/01/2025,FEU,Z24,7,0.171276901442
01/01/2025,FEU,Z14,7,0.171276901442
01/01/2025,FEU,Z24,8,0.167896469979
01/01/2025,FEU,Z14,8,0.167896469979
01/01/2025,FEU,Z24,9,0.165975363652
01/01/2025,FEU,Z14,9,0.165975363652
01/02/2025,FEU,Z24,1,0.168487606042
01/02/2025,FEU,Z14,1,0.168487606042
01/02/2025,FEU,Z24,10,0.200461922728
01/02/2025,FEU,Z14,10,0.200461922728
01/02/2025,FEU,Z24,11,0.175475118694
01/02/2025,FEU,Z14,11,0.241155139979
01/02/2025,FEU,Z24,12,0.238537430158
01/02/2025,FEU,Z14,12,0.238537430158
01/02/2025,FEU,Z24,13,0.235877044337
01/02/2025,FEU,Z14,13,0.235877044337
01/02/2025,FEU,Z24,14,0.226462058515
01/02/2025,FEU,Z14,14,0.226462058515
01/02/2025,FEU,Z24,15,0.233102984158
01/02/2025,FEU,Z14,15,0.167449510873
01/02/2025,FEU,Z24,16,0.175302361443
01/02/2025,FEU,Z14,16,0.175302361443
01/02/2025,FEU,Z24,17,0.186566330728
01/02/2025,FEU,Z14,17,0.186566330728
01/02/2025,FEU,Z24,18,0.199704427907
01/02/2025,FEU,Z14,18,0.199704427907
01/02/2025,FEU,Z24,19,0.208447028371
01/02/2025,FEU,Z14,19,0.274395148477
01/02/2025,FEU,Z24,2,0.156025108612
01/02/2025,FEU,Z14,2,0.156025108612
01/02/2025,FEU,Z24,20,0.277244616583
01/02/2025,FEU,Z14,20,0.277244616583
01/02/2025,FEU,Z24,21,0.278055259689
01/02/2025,FEU,Z14,21,0.278055259689
01/02/2025,FEU,Z24,22,0.274909509617
01/02/2025,FEU,Z14,22,0.274909509617
01/02/2025,FEU,Z24,23,0.269730759366
01/02/2025,FEU,Z14,23,0.20379876526
01/02/2025,FEU,Z24,24,0.190990235187
01/02/2025,FEU,Z14,24,0.190990235187
01/02/2025,FEU,Z24,3,0.141677559897
01/02/2025,FEU,Z14,3,0.141677559897
01/02/2025,FEU,Z24,4,0.142580578361
01/02/2025,FEU,Z14,4,0.142580578361
01/02/2025,FEU,Z24,5,0.142566938361
01/02/2025,FEU,Z14,5,0.142566938361
01/02/2025,FEU,Z24,6,0.140714947612
01/02/2025,FEU,Z14,6,0.140714947612
01/02/2025,FEU,Z24,7,0.161726711008
01/02/2025,FEU,Z14,7,0.161726711008
01/02/2025,FEU,Z24,8,0.168184611404
01/02/2025,FEU,Z14,8,0.168184611404
01/02/2025,FEU,Z24,9,0.201943316371
01/02/2025,FEU,Z14,9,0.201943316371
01/03/2025,FEU,Z24,1,0.154545325115
01/03/2025,FEU,Z14,1,0.154545325115
01/03/2025,FEU,Z24,10,0.190662841003
01/03/2025,FEU,Z14,10,0.190662841003
01/03/2025,FEU,Z24,11,0.185668394186
01/03/2025,FEU,Z14,11,0.251383745397
01/03/2025,FEU,Z24,12,0.240306998397
01/03/2025,FEU,Z14,12,0.240306998397
01/03/2025,FEU,Z24,13,0.2271576627
01/03/2025,FEU,Z14,13,0.2271576627
01/03/2025,FEU,Z24,14,0.218510791003
01/03/2025,FEU,Z14,14,0.218510791003
01/03/2025,FEU,Z24,15,0.218111491911
01/03/2025,FEU,Z14,15,0.1525062727
01/03/2025,FEU,Z24,16,0.158286583122
01/03/2025,FEU,Z14,16,0.158286583122
01/03/2025,FEU,Z24,17,0.176304000333
01/03/2025,FEU,Z14,17,0.176304000333
01/03/2025,FEU,Z24,18,0.198422653636
01/03/2025,FEU,Z14,18,0.198422653636
01/03/2025,FEU,Z24,19,0.203944036847
01/03/2025,FEU,Z14,19,0.269727583059
01/03/2025,FEU,Z24,2,0.141338621537
01/03/2025,FEU,Z14,2,0.141338621537
01/03/2025,FEU,Z24,20,0.271390953967
01/03/2025,FEU,Z14,20,0.271390953967
01/03/2025,FEU,Z24,21,0.271651220573
01/03/2025,FEU,Z14,21,0.271651220573
01/03/2025,FEU,Z24,22,0.270223678087
01/03/2025,FEU,Z14,22,0.270223678087
01/03/2025,FEU,Z24,23,0.267200127115
01/03/2025,FEU,Z14,23,0.201136351298
01/03/2025,FEU,Z24,24,0.193378002812
01/03/2025,FEU,Z14,24,0.193378002812
01/03/2025,FEU,Z24,3,0.134847941051
01/03/2025,FEU,Z14,3,0.134847941051
01/03/2025,FEU,Z24,4,0.131537138262
01/03/2025,FEU,Z14,4,0.131537138262
01/03/2025,FEU,Z24,5,0.126831528959
01/03/2025,FEU,Z14,5,0.126831528959
01/03/2025,FEU,Z24,6,0.129217419748
01/03/2025,FEU,Z14,6,0.129217419748
01/03/2025,FEU,Z24,7,0.137408110298
01/03/2025,FEU,Z14,7,0.137408110298
01/03/2025,FEU,Z24,8,0.156630094242
01/03/2025,FEU,Z14,8,0.156630094242
01/03/2025,FEU,Z24,9,0.193600407608
01/03/2025,FEU,Z14,9,0.193600407608
01/04/2025,FEU,Z24,1,0.146269567501
01/04/2025,FEU,Z14,1,0.146269567501
01/04/2025,FEU,Z24,10,0.167265286384
01/04/2025,FEU,Z14,10,0.167265286384
01/04/2025,FEU,Z24,11,0.150925619609
01/04/2025,FEU,Z14,11,0.150925619609
01/04/2025,FEU,Z24,12,0.128069356979
01/04/2025,FEU,Z14,12,0.128069356979
01/04/2025,FEU,Z24,13,0.107624232492
01/04/2025,FEU,Z14,13,0.107624232492
01/04/2025,FEU,Z24,14,0.107133710348
01/04/2025,FEU,Z14,14,0.107133710348
01/04/2025,FEU,Z24,15,0.11503080715
01/04/2025,FEU,Z14,15,0.11503080715
01/04/2025,FEU,Z24,16,0.127845664753
01/04/2025,FEU,Z14,16,0.127845664753
01/04/2025,FEU,Z24,17,0.157853394042
01/04/2025,FEU,Z14,17,0.157853394042
01/04/2025,FEU,Z24,18,0.174479672528
01/04/2025,FEU,Z14,18,0.174479672528
01/04/2025,FEU,Z24,19,0.177555109069
01/04/2025,FEU,Z14,19,0.177555109069
01/04/2025,FEU,Z24,2,0.140409560762
01/04/2025,FEU,Z14,2,0.140409560762
01/04/2025,FEU,Z24,20,0.169411877897
01/04/2025,FEU,Z14,20,0.169411877897
01/04/2025,FEU,Z24,21,0.158931638726
01/04/2025,FEU,Z14,21,0.158931638726
01/04/2025,FEU,Z24,22,0.154386596384
01/04/2025,FEU,Z14,22,0.154386596384
01/04/2025,FEU,Z24,23,0.150446232186
01/04/2025,FEU,Z14,23,0.150446232186
01/04/2025,FEU,Z24,24,0.143833698987
01/04/2025,FEU,Z14,24,0.143833698987
01/04/2025,FEU,Z24,3,0.138085674906
01/04/2025,FEU,Z14,3,0.138085674906
01/04/2025,FEU,Z24,4,0.133713347735
01/04/2025,FEU,Z14,4,0.133713347735
01/04/2025,FEU,Z24,5,0.137159478221
01/04/2025,FEU,Z14,5,0.137159478221
01/04/2025,FEU,Z24,6,0.144933200221
01/04/2025,FEU,Z14,6,0.144933200221
01/04/2025,FEU,Z24,7,0.15129895642
01/04/2025,FEU,Z14,7,0.15129895642
01/04/2025,FEU,Z24,8,0.154357302474
01/04/2025,FEU,Z14,8,0.154357302474
01/04/2025,FEU,Z24,9,0.161362001672
01/04/2025,FEU,Z14,9,0.161362001672
01/05/2025,FEU,Z24,1,0.162023679153
01/05/2025,FEU,Z14,1,0.162023679153
01/05/2025,FEU,Z24,10,0.163731802236
01/05/2025,FEU,Z14,10,0.163731802236
01/05/2025,FEU,Z24,11,0.114497712403
01/05/2025,FEU,Z14,11,0.114497712403
01/05/2025,FEU,Z24,12,0.089664539661
01/05/2025,FEU,Z14,12,0.089664539661
01/05/2025,FEU,Z24,13,0.084883273703
01/05/2025,FEU,Z14,13,0.084883273703
01/05/2025,FEU,Z24,14,0.073924380527
01/05/2025,FEU,Z14,14,0.073924380527
01/05/2025,FEU,Z24,15,0.067872811394
01/05/2025,FEU,Z14,15,0.067872811394
01/05/2025,FEU,Z24,16,0.068846226836
01/05/2025,FEU,Z14,16,0.068846226836
01/05/2025,FEU,Z24,17,0.102959419753
01/05/2025,FEU,Z14,17,0.102959419753
01/05/2025,FEU,Z24,18,0.106518581669
01/05/2025,FEU,Z14,18,0.106518581669
01/05/2025,FEU,Z24,19,0.109122355494
01/05/2025,FEU,Z14,19,0.109122355494
01/05/2025,FEU,Z24,2,0.131497199245
01/05/2025,FEU,Z14,2,0.131497199245
01/05/2025,FEU,Z24,20,0.107447118103
01/05/2025,FEU,Z14,20,0.107447118103
01/05/2025,FEU,Z24,21,0.107742055886
01/05/2025,FEU,Z14,21,0.107742055886
01/05/2025,FEU,Z24,22,0.115389294669
01/05/2025,FEU,Z14,22,0.115389294669
01/05/2025,FEU,Z24,23,0.103817967453
01/05/2025,FEU,Z14,23,0.103817967453
01/05/2025,FEU,Z24,24,0.085266436195
01/05/2025,FEU,Z14,24,0.085266436195
01/05/2025,FEU,Z24,3,0.127948067161
01/05/2025,FEU,Z14,3,0.127948067161
01/05/2025,FEU,Z24,4,0.11012909812
01/05/2025,FEU,Z14,4,0.11012909812
01/05/2025,FEU,Z24,5,0.107348012295
01/05/2025,FEU,Z14,5,0.107348012295
01/05/2025,FEU,Z24,6,0.098804893511
01/05/2025,FEU,Z14,6,0.098804893511
01/05/2025,FEU,Z24,7,0.094338359161
01/05/2025,FEU,Z14,7,0.094338359161
01/05/2025,FEU,Z24,8,0.103384043245
01/05/2025,FEU,Z14,8,0.103384043245
01/05/2025,FEU,Z24,9,0.107730037503
01/05/2025,FEU,Z14,9,0.107730037503
01/06/2025,FEU,Z24,1,0.068861175585
01/06/2025,FEU,Z14,1,0.068861175585
01/06/2025,FEU,Z24,10,0.120005282065
01/06/2025,FEU,Z14,10,0.120005282065
01/06/2025,FEU,Z24,11,0.095087663646
01/06/2025,FEU,Z14,11,0.095087663646
01/06/2025,FEU,Z24,12,0.080210193506
01/06/2025,FEU,Z14,12,0.080210193506
01/06/2025,FEU,Z24,13,0.072295210126
01/06/2025,FEU,Z14,13,0.072295210126
01/06/2025,FEU,Z24,14,0.062792351056
01/06/2025,FEU,Z14,14,0.062792351056
01/06/2025,FEU,Z24,15,0.051549185506
01/06/2025,FEU,Z14,15,0.051549185506
01/06/2025,FEU,Z24,16,0.052399692096
01/06/2025,FEU,Z14,16,0.052399692096
01/06/2025,FEU,Z24,17,0.092052711925
01/06/2025,FEU,Z14,17,0.092052711925
01/06/2025,FEU,Z24,18,0.125119801755
01/06/2025,FEU,Z14,18,0.125119801755
01/06/2025,FEU,Z24,19,0.145401788685
01/06/2025,FEU,Z14,19,0.145401788685
01/06/2025,FEU,Z24,2,0.066396599795
01/06/2025,FEU,Z14,2,0.066396599795
01/06/2025,FEU,Z24,20,0.165644722065
01/06/2025,FEU,Z14,20,0.165644722065
01/06/2025,FEU,Z24,21,0.172987442065
01/06/2025,FEU,Z14,21,0.172987442065
01/06/2025,FEU,Z24,22,0.179231822135
01/06/2025,FEU,Z14,22,0.179231822135
01/06/2025,FEU,Z24,23,0.165996575585
01/06/2025,FEU,Z14,23,0.165996575585
01/06/2025,FEU,Z24,24,0.148480311725
01/06/2025,FEU,Z14,24,0.148480311725
01/06/2025,FEU,Z24,3,0.064844489385
01/06/2025,FEU,Z14,3,0.064844489385
01/06/2025,FEU,Z24,4,0.064108619215
01/06/2025,FEU,Z14,4,0.064108619215
01/06/2025,FEU,Z24,5,0.065346323975
01/06/2025,FEU,Z14,5,0.065346323975
01/06/2025,FEU,Z24,6,0.068881539355
01/06/2025,FEU,Z14,6,0.068881539355
01/06/2025,FEU,Z24,7,0.074004142905
01/06/2025,FEU,Z14,7,0.074004142905
01/06/2025,FEU,Z24,8,0.102678788005
01/06/2025,FEU,Z14,8,0.102678788005
01/06/2025,FEU,Z24,9,0.120788612485
01/06/2025,FEU,Z14,9,0.120788612485
01/07/2025,FEU,Z24,1,0.11900386725
01/07/2025,FEU,Z14,1,0.11900386725
01/07/2025,FEU,Z24,10,0.169780715029
01/07/2025,FEU,Z14,10,0.169780715029
01/07/2025,FEU,Z24,11,0.156313758421
01/07/2025,FEU,Z14,11,0.222039621301
01/07/2025,FEU,Z24,12,0.199569789301
01/07/2025,FEU,Z14,12,0.199569789301
01/07/2025,FEU,Z24,13,0.194003276725
01/07/2025,FEU,Z14,13,0.194003276725
01/07/2025,FEU,Z24,14,0.192298581301
01/07/2025,FEU,Z14,14,0.192298581301
01/07/2025,FEU,Z24,15,0.194599814029
01/07/2025,FEU,Z14,15,0.128990750149
01/07/2025,FEU,Z24,16,0.145478523181
01/07/2025,FEU,Z14,16,0.145478523181
01/07/2025,FEU,Z24,17,0.165379712636
01/07/2025,FEU,Z14,17,0.165379712636
01/07/2025,FEU,Z24,18,0.180414184212
01/07/2025,FEU,Z14,18,0.180414184212
01/07/2025,FEU,Z24,19,0.193366398516
01/07/2025,FEU,Z14,19,0.259253061396
01/07/2025,FEU,Z24,2,0.112420715585
01/07/2025,FEU,Z14,2,0.112420715585
01/07/2025,FEU,Z24,20,0.254149053396
01/07/2025,FEU,Z14,20,0.254149053396
01/07/2025,FEU,Z24,21,0.241978969427
01/07/2025,FEU,Z14,21,0.241978969427
01/07/2025,FEU,Z24,22,0.239138200307
01/07/2025,FEU,Z14,22,0.239138200307
01/07/2025,FEU,Z24,23,0.226951351187
01/07/2025,FEU,Z14,23,0.161195323307
01/07/2025,FEU,Z24,24,0.154151332339
01/07/2025,FEU,Z14,24,0.154151332339
01/07/2025,FEU,Z24,3,0.102522507041
01/07/2025,FEU,Z14,3,0.102522507041
01/07/2025,FEU,Z24,4,0.089889214769
01/07/2025,FEU,Z14,4,0.089889214769
01/07/2025,FEU,Z24,5,0.068413630769
01/07/2025,FEU,Z14,5,0.068413630769
01/07/2025,FEU,Z24,6,0.087738881737
01/07/2025,FEU,Z14,6,0.087738881737
01/07/2025,FEU,Z24,7,0.11305074549
01/07/2025,FEU,Z14,7,0.11305074549
01/07/2025,FEU,Z24,8,0.139070533244
01/07/2025,FEU,Z14,8,0.139070533244
01/07/2025,FEU,Z24,9,0.178463975333
01/07/2025,FEU,Z14,9,0.178463975333
01/08/2025,FEU,Z24,1,0.107375639214
01/08/2025,FEU,Z14,1,0.107375639214
01/08/2025,FEU,Z24,10,0.188886881965
01/08/2025,FEU,Z14,10,0.188886881965
01/08/2025,FEU,Z24,11,0.166091135246
01/08/2025,FEU,Z14,11,0.231858746105
01/08/2025,FEU,Z24,12,0.227962468277
01/08/2025,FEU,Z14,12,0.227962468277
01/08/2025,FEU,Z24,13,0.218247722105
01/08/2025,FEU,Z14,13,0.218247722105
01/08/2025,FEU,Z24,14,0.208434002105
01/08/2025,FEU,Z14,14,0.208434002105
01/08/2025,FEU,Z24,15,0.208190849621
01/08/2025,FEU,Z14,15,0.142524147762
01/08/2025,FEU,Z24,16,0.145209586449
01/08/2025,FEU,Z14,16,0.145209586449
01/08/2025,FEU,Z24,17,0.160979268652
01/08/2025,FEU,Z14,17,0.160979268652
01/08/2025,FEU,Z24,18,0.16762193948
01/08/2025,FEU,Z14,18,0.16762193948
01/08/2025,FEU,Z24,19,0.178399435996
01/08/2025,FEU,Z14,19,0.244095145683
01/08/2025,FEU,Z24,2,0.103657928276
01/08/2025,FEU,Z14,2,0.103657928276
01/08/2025,FEU,Z24,20,0.255025745371
01/08/2025,FEU,Z14,20,0.255025745371
01/08/2025,FEU,Z24,21,0.248290505058
01/08/2025,FEU,Z14,21,0.248290505058
01/08/2025,FEU,Z24,22,0.235118557261
01/08/2025,FEU,Z14,22,0.235118557261
01/08/2025,FEU,Z24,23,0.236126272636
01/08/2025,FEU,Z14,23,0.170214895605
01/08/2025,FEU,Z24,24,0.15673727298
01/08/2025,FEU,Z14,24,0.15673727298
01/08/2025,FEU,Z24,3,0.098204997792
01/08/2025,FEU,Z14,3,0.098204997792
01/08/2025,FEU,Z24,4,0.088654438479
01/08/2025,FEU,Z14,4,0.088654438479
01/08/2025,FEU,Z24,5,0.096383291307
01/08/2025,FEU,Z14,5,0.096383291307
01/08/2025,FEU,Z24,6,0.108176709448
01/08/2025,FEU,Z14,6,0.108176709448
01/08/2025,FEU,Z24,7,0.134235788011
01/08/2025,FEU,Z14,7,0.134235788011
01/08/2025,FEU,Z24,8,0.158540764714
01/08/2025,FEU,Z14,8,0.158540764714
01/08/2025,FEU,Z24,9,0.194347638308
01/08/2025,FEU,Z14,9,0.194347638308
01/09/2025,FEU,Z24,1,0.094065333803
01/09/2025,FEU,Z14,1,0.094065333803
01/09/2025,FEU,Z24,10,0.162840192127
01/09/2025,FEU,Z14,10,0.162840192127
01/09/2025,FEU,Z24,11,0.156213485721
01/09/2025,FEU,Z14,11,0.221828886505
01/09/2025,FEU,Z24,12,0.214185294559
01/09/2025,FEU,Z14,12,0.214185294559
01/09/2025,FEU,Z24,13,0.212366751613
01/09/2025,FEU,Z14,13,0.212366751613
01/09/2025,FEU,Z24,14,0.200675860667
01/09/2025,FEU,Z14,14,0.200675860667
01/09/2025,FEU,Z24,15,0.199835492559
01/09/2025,FEU,Z14,15,0.134295366775
01/09/2025,FEU,Z24,16,0.142339712343
01/09/2025,FEU,Z14,16,0.142339712343
01/09/2025,FEU,Z24,17,0.170412084127
01/09/2025,FEU,Z14,17,0.170412084127
01/09/2025,FEU,Z24,18,0.192052876181
01/09/2025,FEU,Z14,18,0.192052876181
01/09/2025,FEU,Z24,19,0.198515784018
01/09/2025,FEU,Z14,19,0.264421964748
01/09/2025,FEU,Z24,2,0.081115580371
01/09/2025,FEU,Z14,2,0.081115580371
01/09/2025,FEU,Z24,20,0.265108949478
01/09/2025,FEU,Z14,20,0.265108949478
01/09/2025,FEU,Z24,21,0.273415279208
01/09/2025,FEU,Z14,21,0.273415279208
01/09/2025,FEU,Z24,22,0.266979554884
01/09/2025,FEU,Z14,22,0.266979554884
01/09/2025,FEU,Z24,23,0.242806330505
01/09/2025,FEU,Z14,23,0.176985410776
01/09/2025,FEU,Z24,24,0.164646452451
01/09/2025,FEU,Z14,24,0.164646452451
01/09/2025,FEU,Z24,3,0.071623930154
01/09/2025,FEU,Z14,3,0.071623930154
01/09/2025,FEU,Z24,4,0.051246052992
01/09/2025,FEU,Z14,4,0.051246052992
01/09/2025,FEU,Z24,5,0.035144652992
01/09/2025,FEU,Z14,5,0.035144652992
01/09/2025,FEU,Z24,6,0.056105408371
01/09/2025,FEU,Z14,6,0.056105408371
01/09/2025,FEU,Z24,7,0.093864262397
01/09/2025,FEU,Z14,7,0.093864262397
01/09/2025,FEU,Z24,8,0.126495990424
01/09/2025,FEU,Z14,8,0.126495990424
01/09/2025,FEU,Z24,9,0.159256712018
01/09/2025,FEU,Z14,9,0.159256712018
01/10/2025,FEU,Z24,1,0.130150550217
01/10/2025,FEU,Z14,1,0.130150550217
01/10/2025,FEU,Z24,10,0.192814373925
01/10/2025,FEU,Z14,10,0.192814373925
01/10/2025,FEU,Z24,11,0.174661993832
01/10/2025,FEU,Z14,11,0.240340989561
01/10/2025,FEU,Z24,12,0.229095931561
01/10/2025,FEU,Z14,12,0.229095931561
01/10/2025,FEU,Z24,13,0.222143952743
01/10/2025,FEU,Z14,13,0.222143952743
01/10/2025,FEU,Z24,14,0.217945907925
01/10/2025,FEU,Z14,14,0.217945907925
01/10/2025,FEU,Z24,15,0.223256595472
01/10/2025,FEU,Z14,15,0.157633964743
01/10/2025,FEU,Z24,16,0.163570070202
01/10/2025,FEU,Z14,16,0.163570070202
01/10/2025,FEU,Z24,17,0.172314976931
01/10/2025,FEU,Z14,17,0.172314976931
01/10/2025,FEU,Z24,18,0.186400556113
01/10/2025,FEU,Z14,18,0.186400556113
01/10/2025,FEU,Z24,19,0.199561827842
01/10/2025,FEU,Z14,19,0.265330705571
01/10/2025,FEU,Z24,2,0.110978812676
01/10/2025,FEU,Z14,2,0.110978812676
01/10/2025,FEU,Z24,20,0.263835037118
01/10/2025,FEU,Z14,20,0.263835037118
01/10/2025,FEU,Z24,21,0.256626359483
01/10/2025,FEU,Z14,21,0.256626359483
01/10/2025,FEU,Z24,22,0.242947283394
01/10/2025,FEU,Z14,22,0.242947283394
01/10/2025,FEU,Z24,23,0.240837886217
01/10/2025,FEU,Z14,23,0.174902654123
01/10/2025,FEU,Z24,24,0.169262674035
01/10/2025,FEU,Z14,24,0.169262674035
01/10/2025,FEU,Z24,3,0.104626832587
01/10/2025,FEU,Z14,3,0.104626832587
01/10/2025,FEU,Z24,4,0.100163601316
01/10/2025,FEU,Z14,4,0.100163601316
01/10/2025,FEU,Z24,5,0.100824750134
01/10/2025,FEU,Z14,5,0.100824750134
01/10/2025,FEU,Z24,6,0.116342242405
01/10/2025,FEU,Z14,6,0.116342242405
01/10/2025,FEU,Z24,7,0.135250037123
01/10/2025,FEU,Z14,7,0.135250037123
01/10/2025,FEU,Z24,8,0.155598005478
01/10/2025,FEU,Z14,8,0.155598005478
01/10/2025,FEU,Z24,9,0.19580401129
01/10/2025,FEU,Z14,9,0.19580401129
01/11/2025,FEU,Z24,1,0.150564984484
01/11/2025,FEU,Z14,1,0.150564984484
01/11/2025,FEU,Z24,10,0.140850833602
01/11/2025,FEU,Z14,10,0.140850833602
01/11/2025,FEU,Z24,11,0.145124707834
01/11/2025,FEU,Z14,11,0.145124707834
01/11/2025,FEU,Z24,12,0.120114398284
01/11/2025,FEU,Z14,12,0.120114398284
01/11/2025,FEU,Z24,13,0.109081232953
01/11/2025,FEU,Z14,13,0.109081232953
01/11/2025,FEU,Z24,14,0.098946156734
01/11/2025,FEU,Z14,14,0.098946156734
01/11/2025,FEU,Z24,15,0.09228546084
01/11/2025,FEU,Z14,15,0.09228546084
01/11/2025,FEU,Z24,16,0.087315406052
01/11/2025,FEU,Z14,16,0.087315406052
01/11/2025,FEU,Z24,17,0.11331578649
01/11/2025,FEU,Z14,17,0.11331578649
01/11/2025,FEU,Z24,18,0.151487565821
01/11/2025,FEU,Z14,18,0.151487565821
01/11/2025,FEU,Z24,19,0.151214960827
01/11/2025,FEU,Z14,19,0.151214960827
01/11/2025,FEU,Z24,2,0.140827411584
01/11/2025,FEU,Z14,2,0.140827411584
01/11/2025,FEU,Z24,20,0.156484066271
01/11/2025,FEU,Z14,20,0.156484066271
01/11/2025,FEU,Z24,21,0.152292829715
01/11/2025,FEU,Z14,21,0.152292829715
01/11/2025,FEU,Z24,22,0.150470623602
01/11/2025,FEU,Z14,22,0.150470623602
01/11/2025,FEU,Z24,23,0.149156496709
01/11/2025,FEU,Z14,23,0.149156496709
01/11/2025,FEU,Z24,24,0.144085975815
01/11/2025,FEU,Z14,24,0.144085975815
01/11/2025,FEU,Z24,3,0.138883113802
01/11/2025,FEU,Z14,3,0.138883113802
01/11/2025,FEU,Z24,4,0.123609350246
01/11/2025,FEU,Z14,4,0.123609350246
01/11/2025,FEU,Z24,5,0.120266629577
01/11/2025,FEU,Z14,5,0.120266629577
01/11/2025,FEU,Z24,6,0.124608428577
01/11/2025,FEU,Z14,6,0.124608428577
01/11/2025,FEU,Z24,7,0.134890580471
01/11/2025,FEU,Z14,7,0.134890580471
01/11/2025,FEU,Z24,8,0.115106823146
01/11/2025,FEU,Z14,8,0.115106823146
01/11/2025,FEU,Z24,9,0.12710541704
01/11/2025,FEU,Z14,9,0.12710541704
01/12/2025,FEU,Z24,1,0.161309246449
01/12/2025,FEU,Z14,1,0.161309246449
01/12/2025,FEU,Z24,10,0.14491208021
01/12/2025,FEU,Z14,10,0.14491208021
01/12/2025,FEU,Z24,11,0.077990473731
01/12/2025,FEU,Z14,11,0.077990473731
01/12/2025,FEU,Z24,12,0.040435480564
01/12/2025,FEU,Z14,12,0.040435480564
01/12/2025,FEU,Z24,13,0.029269739444
01/12/2025,FEU,Z14,13,0.029269739444
01/12/2025,FEU,Z24,14,0.029300694373
01/12/2025,FEU,Z14,14,0.029300694373
01/12/2025,FEU,Z24,15,0.028919452181
01/12/2025,FEU,Z14,15,0.028919452181
01/12/2025,FEU,Z24,16,0.028754665636
01/12/2025,FEU,Z14,16,0.028754665636
01/12/2025,FEU,Z24,17,0.042007889875
01/12/2025,FEU,Z14,17,0.042007889875
01/12/2025,FEU,Z24,18,0.139480579114
01/12/2025,FEU,Z14,18,0.139480579114
01/12/2025,FEU,Z24,19,0.165334965042
01/12/2025,FEU,Z14,19,0.165334965042
01/12/2025,FEU,Z24,2,0.15092055776
01/12/2025,FEU,Z14,2,0.15092055776
01/12/2025,FEU,Z24,20,0.172934116019
01/12/2025,FEU,Z14,20,0.172934116019
01/12/2025,FEU,Z24,21,0.169452674066
01/12/2025,FEU,Z14,21,0.169452674066
01/12/2025,FEU,Z24,22,0.174236882114
01/12/2025,FEU,Z14,22,0.174236882114
01/12/2025,FEU,Z24,23,0.167290849162
01/12/2025,FEU,Z14,23,0.167290849162
01/12/2025,FEU,Z24,24,0.16774881333
01/12/2025,FEU,Z14,24,0.16774881333
01/12/2025,FEU,Z24,3,0.145260329999
01/12/2025,FEU,Z14,3,0.145260329999
01/12/2025,FEU,Z24,4,0.141903277119
01/12/2025,FEU,Z14,4,0.141903277119
01/12/2025,FEU,Z24,5,0.142323878191
01/12/2025,FEU,Z14,5,0.142323878191
01/12/2025,FEU,Z24,6,0.141834690143
01/12/2025,FEU,Z14,6,0.141834690143
01/12/2025,FEU,Z24,7,0.140867567999
01/12/2025,FEU,Z14,7,0.140867567999
01/12/2025,FEU,Z24,8,0.13121808576
01/12/2025,FEU,Z14,8,0.13121808576
01/12/2025,FEU,Z24,9,0.133511136593
01/12/2025,FEU,Z14,9,0.133511136593
01/13/2025,FEU,Z24,1,0.14563564893
01/13/2025,FEU,Z14,1,0.14563564893
01/13/2025,FEU,Z24,10,0.197372227905
01/13/2025,FEU,Z14,10,0.197372227905
01/13/2025,FEU,Z24,11,0.176794769987
01/13/2025,FEU,Z14,11,0.242478739446
01/13/2025,FEU,Z24,12,0.225550293581
01/13/2025,FEU,Z14,12,0.225550293581
01/13/2025,FEU,Z24,13,0.218899193581
01/13/2025,FEU,Z14,13,0.218899193581
01/13/2025,FEU,Z24,14,0.211529134446
01/13/2025,FEU,Z14,14,0.211529134446
01/13/2025,FEU,Z24,15,0.217361441176
01/13/2025,FEU,Z14,15,0.151762419716
01/13/2025,FEU,Z24,16,0.159357516635
01/13/2025,FEU,Z14,16,0.159357516635
01/13/2025,FEU,Z24,17,0.176526474229
01/13/2025,FEU,Z14,17,0.176526474229
01/13/2025,FEU,Z24,18,0.195282450229
01/13/2025,FEU,Z14,18,0.195282450229
01/13/2025,FEU,Z24,19,0.209378584554
01/13/2025,FEU,Z14,19,0.275330846878
01/13/2025,FEU,Z24,2,0.137700341714
01/13/2025,FEU,Z14,2,0.137700341714
01/13/2025,FEU,Z24,20,0.276883123472
01/13/2025,FEU,Z14,20,0.276883123472
01/13/2025,FEU,Z24,21,0.265288437796
01/13/2025,FEU,Z14,21,0.265288437796
01/13/2025,FEU,Z24,22,0.26242455712
01/13/2025,FEU,Z14,22,0.26242455712
01/13/2025,FEU,Z24,23,0.254651773309
01/13/2025,FEU,Z14,23,0.188782148985
01/13/2025,FEU,Z24,24,0.173319967904
01/13/2025,FEU,Z14,24,0.173319967904
01/13/2025,FEU,Z24,3,0.138966038767
01/13/2025,FEU,Z14,3,0.138966038767
01/13/2025,FEU,Z24,4,0.136348875362
01/13/2025,FEU,Z14,4,0.136348875362
01/13/2025,FEU,Z24,5,0.136148887632
01/13/2025,FEU,Z14,5,0.136148887632
01/13/2025,FEU,Z24,6,0.142619147849
01/13/2025,FEU,Z14,6,0.142619147849
01/13/2025,FEU,Z24,7,0.160406805769
01/13/2025,FEU,Z14,7,0.160406805769
01/13/2025,FEU,Z24,8,0.169493556607
01/13/2025,FEU,Z14,8,0.169493556607
01/13/2025,FEU,Z24,9,0.239079527959
01/13/2025,FEU,Z14,9,0.239079527959
01/14/2025,FEU,Z24,1,0.146814710025
01/14/2025,FEU,Z14,1,0.146814710025
01/14/2025,FEU,Z24,10,0.199007259765
01/14/2025,FEU,Z14,10,0.199007259765
01/14/2025,FEU,Z24,11,0.175284270028
01/14/2025,FEU,Z14,11,0.241091134238
01/14/2025,FEU,Z24,12,0.219039958238
01/14/2025,FEU,Z14,12,0.219039958238
01/14/2025,FEU,Z24,13,0.216319189396
01/14/2025,FEU,Z14,13,0.216319189396
01/14/2025,FEU,Z24,14,0.213379870238
01/14/2025,FEU,Z14,14,0.213379870238
01/14/2025,FEU,Z24,15,0.217063614765
01/14/2025,FEU,Z14,15,0.151359284554
01/14/2025,FEU,Z24,16,0.152932128449
01/14/2025,FEU,Z14,16,0.152932128449
01/14/2025,FEU,Z24,17,0.174112787501
01/14/2025,FEU,Z14,17,0.174112787501
01/14/2025,FEU,Z24,18,0.207137372343
01/14/2025,FEU,Z14,18,0.207137372343
01/14/2025,FEU,Z24,19,0.241806019711
01/14/2025,FEU,Z14,19,0.307895868921
01/14/2025,FEU,Z24,2,0.142957439287
01/14/2025,FEU,Z14,2,0.142957439287
01/14/2025,FEU,Z24,20,0.309134763921
01/14/2025,FEU,Z14,20,0.309134763921
01/14/2025,FEU,Z24,21,0.281065945816
01/14/2025,FEU,Z14,21,0.281065945816
01/14/2025,FEU,Z24,22,0.265683326026
01/14/2025,FEU,Z14,22,0.265683326026
01/14/2025,FEU,Z24,23,0.262887288236
01/14/2025,FEU,Z14,23,0.196983254026
01/14/2025,FEU,Z24,24,0.19097335192
01/14/2025,FEU,Z14,24,0.19097335192
01/14/2025,FEU,Z24,3,0.141487603339
01/14/2025,FEU,Z14,3,0.141487603339
01/14/2025,FEU,Z24,4,0.136207818865
01/14/2025,FEU,Z14,4,0.136207818865
01/14/2025,FEU,Z24,5,0.136385034865
01/14/2025,FEU,Z14,5,0.136385034865
01/14/2025,FEU,Z24,6,0.136896462971
01/14/2025,FEU,Z14,6,0.136896462971
01/14/2025,FEU,Z24,7,0.162818549604
01/14/2025,FEU,Z14,7,0.162818549604
01/14/2025,FEU,Z24,8,0.179855006237
01/14/2025,FEU,Z14,8,0.179855006237
01/14/2025,FEU,Z24,9,0.239761435133
01/14/2025,FEU,Z14,9,0.239761435133
01/15/2025,FEU,Z24,1,0.156721296715
01/15/2025,FEU,Z14,1,0.156721296715
01/15/2025,FEU,Z24,10,0.2082730724
01/15/2025,FEU,Z14,10,0.2082730724
01/15/2025,FEU,Z24,11,0.183434891043
01/15/2025,FEU,Z14,11,0.249276557221
01/15/2025,FEU,Z24,12,0.241343856457
01/15/2025,FEU,Z14,12,0.241343856457
01/15/2025,FEU,Z24,13,0.231678893221
01/15/2025,FEU,Z14,13,0.231678893221
01/15/2025,FEU,Z24,14,0.227237141221
01/15/2025,FEU,Z14,14,0.227237141221
01/15/2025,FEU,Z24,15,0.222051248928
01/15/2025,FEU,Z14,15,0.15632459275
01/15/2025,FEU,Z24,16,0.159618957693
01/15/2025,FEU,Z14,16,0.159618957693
01/15/2025,FEU,Z24,17,0.178578964343
01/15/2025,FEU,Z14,17,0.178578964343
01/15/2025,FEU,Z24,18,0.186745983107
01/15/2025,FEU,Z14,18,0.186745983107
01/15/2025,FEU,Z24,19,0.216129493814
01/15/2025,FEU,Z14,19,0.281952347757
01/15/2025,FEU,Z24,2,0.146076628544
01/15/2025,FEU,Z14,2,0.146076628544
01/15/2025,FEU,Z24,20,0.2961995467
01/15/2025,FEU,Z14,20,0.2961995467
01/15/2025,FEU,Z24,21,0.284173054643
01/15/2025,FEU,Z14,21,0.284173054643
01/15/2025,FEU,Z24,22,0.263609178293
01/15/2025,FEU,Z14,22,0.263609178293
01/15/2025,FEU,Z24,23,0.250496468179
01/15/2025,FEU,Z14,23,0.184514068765
01/15/2025,FEU,Z24,24,0.168426758651
01/15/2025,FEU,Z14,24,0.168426758651
01/15/2025,FEU,Z24,3,0.142646977251
01/15/2025,FEU,Z14,3,0.142646977251
01/15/2025,FEU,Z24,4,0.139522998194
01/15/2025,FEU,Z14,4,0.139522998194
01/15/2025,FEU,Z24,5,0.139362472958
01/15/2025,FEU,Z14,5,0.139362472958
01/15/2025,FEU,Z24,6,0.13884176878
01/15/2025,FEU,Z14,6,0.13884176878
01/15/2025,FEU,Z24,7,0.158773626065
01/15/2025,FEU,Z14,7,0.158773626065
01/15/2025,FEU,Z24,8,0.194789592172
01/15/2025,FEU,Z14,8,0.194789592172
01/15/2025,FEU,Z24,9,0.289706977871
01/15/2025,FEU,Z14,9,0.289706977871
01/16/2025,FEU,Z24,1,0.150646075808
01/16/2025,FEU,Z14,1,0.150646075808
01/16/2025,FEU,Z24,10,0.205110120616
01/16/2025,FEU,Z14,10,0.205110120616
01/16/2025,FEU,Z24,11,0.174171193242
01/16/2025,FEU,Z14,11,0.239847935469
01/16/2025,FEU,Z24,12,0.221975208162
01/16/2025,FEU,Z14,12,0.221975208162
01/16/2025,FEU,Z24,13,0.224031486855
01/16/2025,FEU,Z14,13,0.224031486855
01/16/2025,FEU,Z24,14,0.227001747548
01/16/2025,FEU,Z14,14,0.227001747548
01/16/2025,FEU,Z24,15,0.221271982162
01/16/2025,FEU,Z14,15,0.155658818935
01/16/2025,FEU,Z24,16,0.161314183389
01/16/2025,FEU,Z14,16,0.161314183389
01/16/2025,FEU,Z24,17,0.161982486616
01/16/2025,FEU,Z14,17,0.161982486616
01/16/2025,FEU,Z24,18,0.193846060309
01/16/2025,FEU,Z14,18,0.193846060309
01/16/2025,FEU,Z24,19,0.23904216323
01/16/2025,FEU,Z14,19,0.305120674764
01/16/2025,FEU,Z24,2,0.145301073262
01/16/2025,FEU,Z14,2,0.145301073262
01/16/2025,FEU,Z24,20,0.300171190298
01/16/2025,FEU,Z14,20,0.300171190298
01/16/2025,FEU,Z24,21,0.276306500831
01/16/2025,FEU,Z14,21,0.276306500831
01/16/2025,FEU,Z24,22,0.263561404672
01/16/2025,FEU,Z14,22,0.263561404672
01/16/2025,FEU,Z24,23,0.25007270782
01/16/2025,FEU,Z14,23,0.184221811286
01/16/2025,FEU,Z24,24,0.171574333126
01/16/2025,FEU,Z14,24,0.171574333126
01/16/2025,FEU,Z24,3,0.141932982489
01/16/2025,FEU,Z14,3,0.141932982489
01/16/2025,FEU,Z24,4,0.13265126041
01/16/2025,FEU,Z14,4,0.13265126041
01/16/2025,FEU,Z24,5,0.13274054041
01/16/2025,FEU,Z14,5,0.13274054041
01/16/2025,FEU,Z24,6,0.142584774262
01/16/2025,FEU,Z14,6,0.142584774262
01/16/2025,FEU,Z24,7,0.155273676433
01/16/2025,FEU,Z14,7,0.155273676433
01/16/2025,FEU,Z24,8,0.173040476604
01/16/2025,FEU,Z14,8,0.173040476604
01/16/2025,FEU,Z24,9,0.26054715523
01/16/2025,FEU,Z14,9,0.26054715523
01/17/2025,FEU,Z24,1,0.148267987336
01/17/2025,FEU,Z14,1,0.148267987336
01/17/2025,FEU,Z24,10,0.203897611416
01/17/2025,FEU,Z14,10,0.203897611416
01/17/2025,FEU,Z24,11,0.172720140078
01/17/2025,FEU,Z14,11,0.23839251397
01/17/2025,FEU,Z24,12,0.22249948297
01/17/2025,FEU,Z14,12,0.22249948297
01/17/2025,FEU,Z24,13,0.223196543693
01/17/2025,FEU,Z14,13,0.223196543693
01/17/2025,FEU,Z24,14,0.212510176416
01/17/2025,FEU,Z14,14,0.212510176416
01/17/2025,FEU,Z24,15,0.209671326585
01/17/2025,FEU,Z14,15,0.144095847693
01/17/2025,FEU,Z24,16,0.155694485477
01/17/2025,FEU,Z14,16,0.155694485477
01/17/2025,FEU,Z24,17,0.159544540369
01/17/2025,FEU,Z14,17,0.159544540369
01/17/2025,FEU,Z24,18,0.190595902092
01/17/2025,FEU,Z14,18,0.190595902092
01/17/2025,FEU,Z24,19,0.228908088984
01/17/2025,FEU,Z14,19,0.294775196876
01/17/2025,FEU,Z24,2,0.14583241112
01/17/2025,FEU,Z14,2,0.14583241112
01/17/2025,FEU,Z24,20,0.293706589045
01/17/2025,FEU,Z14,20,0.293706589045
01/17/2025,FEU,Z24,21,0.273983874491
01/17/2025,FEU,Z14,21,0.273983874491
01/17/2025,FEU,Z24,22,0.269127623106
01/17/2025,FEU,Z14,22,0.269127623106
01/17/2025,FEU,Z24,23,0.254636406336
01/17/2025,FEU,Z14,23,0.188633256998
01/17/2025,FEU,Z24,24,0.186635666613
01/17/2025,FEU,Z14,24,0.186635666613
01/17/2025,FEU,Z24,3,0.143137354735
01/17/2025,FEU,Z14,3,0.143137354735
01/17/2025,FEU,Z24,4,0.139778069627
01/17/2025,FEU,Z14,4,0.139778069627
01/17/2025,FEU,Z24,5,0.139842772904
01/17/2025,FEU,Z14,5,0.139842772904
01/17/2025,FEU,Z24,6,0.142536126012
01/17/2025,FEU,Z14,6,0.142536126012
01/17/2025,FEU,Z24,7,0.161086379998
01/17/2025,FEU,Z14,7,0.161086379998
01/17/2025,FEU,Z24,8,0.175351151538
01/17/2025,FEU,Z14,8,0.175351151538
01/17/2025,FEU,Z24,9,0.257658343862
01/17/2025,FEU,Z14,9,0.257658343862
01/18/2025,FEU,Z24,1,0.16101430922
01/18/2025,FEU,Z14,1,0.16101430922
01/18/2025,FEU,Z24,10,0.168765224411
01/18/2025,FEU,Z14,10,0.168765224411
01/18/2025,FEU,Z24,11,0.152967000546
01/18/2025,FEU,Z14,11,0.152967000546
01/18/2025,FEU,Z24,12,0.127952772321
01/18/2025,FEU,Z14,12,0.127952772321
01/18/2025,FEU,Z24,13,0.130398992737
01/18/2025,FEU,Z14,13,0.130398992737
01/18/2025,FEU,Z24,14,0.130171502096
01/18/2025,FEU,Z14,14,0.130171502096
01/18/2025,FEU,Z24,15,0.130927225793
01/18/2025,FEU,Z14,15,0.130927225793
01/18/2025,FEU,Z24,16,0.134289929186
01/18/2025,FEU,Z14,16,0.134289929186
01/18/2025,FEU,Z24,17,0.143030690467
01/18/2025,FEU,Z14,17,0.143030690467
01/18/2025,FEU,Z24,18,0.170448196051
01/18/2025,FEU,Z14,18,0.170448196051
01/18/2025,FEU,Z24,19,0.193790435299
01/18/2025,FEU,Z14,19,0.193790435299
01/18/2025,FEU,Z24,2,0.157628425669
01/18/2025,FEU,Z14,2,0.157628425669
01/18/2025,FEU,Z24,20,0.193961075827
01/18/2025,FEU,Z14,20,0.193961075827
01/18/2025,FEU,Z24,21,0.180001906355
01/18/2025,FEU,Z14,21,0.180001906355
01/18/2025,FEU,Z24,22,0.175321648411
01/18/2025,FEU,Z14,22,0.175321648411
01/18/2025,FEU,Z24,23,0.173917343108
01/18/2025,FEU,Z14,23,0.173917343108
01/18/2025,FEU,Z24,24,0.169622072804
01/18/2025,FEU,Z14,24,0.169622072804
01/18/2025,FEU,Z24,3,0.16021632031
01/18/2025,FEU,Z14,3,0.16021632031
01/18/2025,FEU,Z24,4,0.152374974838
01/18/2025,FEU,Z14,4,0.152374974838
01/18/2025,FEU,Z24,5,0.144281494422
01/18/2025,FEU,Z14,5,0.144281494422
01/18/2025,FEU,Z24,6,0.147727090422
01/18/2025,FEU,Z14,6,0.147727090422
01/18/2025,FEU,Z24,7,0.146572120726
01/18/2025,FEU,Z14,7,0.146572120726
01/18/2025,FEU,Z24,8,0.159071782389
01/18/2025,FEU,Z14,8,0.159071782389
01/18/2025,FEU,Z24,9,0.170472097692
01/18/2025,FEU,Z14,9,0.170472097692
01/19/2025,FEU,Z24,1,0.16408162527
01/19/2025,FEU,Z14,1,0.16408162527
01/19/2025,FEU,Z24,10,0.158967176676
01/19/2025,FEU,Z14,10,0.158967176676
01/19/2025,FEU,Z24,11,0.127808116487
01/19/2025,FEU,Z14,11,0.127808116487
01/19/2025,FEU,Z24,12,0.126716470371
01/19/2025,FEU,Z14,12,0.126716470371
01/19/2025,FEU,Z24,13,0.122118910574
01/19/2025,FEU,Z14,13,0.122118910574
01/19/2025,FEU,Z24,14,0.126478137096
01/19/2025,FEU,Z14,14,0.126478137096
01/19/2025,FEU,Z24,15,0.12619531782
01/19/2025,FEU,Z14,15,0.12619531782
01/19/2025,FEU,Z24,16,0.13053932885
01/19/2025,FEU,Z14,16,0.13053932885
01/19/2025,FEU,Z24,17,0.141898166444
01/19/2025,FEU,Z14,17,0.141898166444
01/19/2025,FEU,Z24,18,0.168328512038
01/19/2025,FEU,Z14,18,0.168328512038
01/19/2025,FEU,Z24,19,0.19025369356
01/19/2025,FEU,Z14,19,0.19025369356
01/19/2025,FEU,Z24,2,0.157965498343
01/19/2025,FEU,Z14,2,0.157965498343
01/19/2025,FEU,Z24,20,0.186318522401
01/19/2025,FEU,Z14,20,0.186318522401
01/19/2025,FEU,Z24,21,0.179577433719
01/19/2025,FEU,Z14,21,0.179577433719
01/19/2025,FEU,Z24,22,0.181326072038
01/19/2025,FEU,Z14,22,0.181326072038
01/19/2025,FEU,Z24,23,0.167659152357
01/19/2025,FEU,Z14,23,0.167659152357
01/19/2025,FEU,Z24,24,0.150556781473
01/19/2025,FEU,Z14,24,0.150556781473
01/19/2025,FEU,Z24,3,0.157365361938
01/19/2025,FEU,Z14,3,0.157365361938
01/19/2025,FEU,Z24,4,0.156306407735
01/19/2025,FEU,Z14,4,0.156306407735
01/19/2025,FEU,Z24,5,0.155466517213
01/19/2025,FEU,Z14,5,0.155466517213
01/19/2025,FEU,Z24,6,0.154879640894
01/19/2025,FEU,Z14,6,0.154879640894
01/19/2025,FEU,Z24,7,0.155683747938
01/19/2025,FEU,Z14,7,0.155683747938
01/19/2025,FEU,Z24,8,0.156044762343
01/19/2025,FEU,Z14,8,0.156044762343
01/19/2025,FEU,Z24,9,0.152572237227
01/19/2025,FEU,Z14,9,0.152572237227
01/20/2025,FEU,Z24,1,0.142658983375
01/20/2025,FEU,Z14,1,0.142658983375
01/20/2025,FEU,Z24,10,0.199938905373
01/20/2025,FEU,Z14,10,0.199938905373
01/20/2025,FEU,Z24,11,0.197726526898
01/20/2025,FEU,Z14,11,0.263483292135
01/20/2025,FEU,Z24,12,0.268608043576
01/20/2025,FEU,Z14,12,0.268608043576
01/20/2025,FEU,Z24,13,0.264824827576
01/20/2025,FEU,Z14,13,0.264824827576
01/20/2025,FEU,Z24,14,0.262732572135
01/20/2025,FEU,Z14,14,0.262732572135
01/20/2025,FEU,Z24,15,0.263834682254
01/20/2025,FEU,Z14,15,0.198076283016
01/20/2025,FEU,Z24,16,0.199871133491
01/20/2025,FEU,Z14,16,0.199871133491
01/20/2025,FEU,Z24,17,0.198507767169
01/20/2025,FEU,Z14,17,0.198507767169
01/20/2025,FEU,Z24,18,0.197692187169
01/20/2025,FEU,Z14,18,0.197692187169
01/20/2025,FEU,Z24,19,0.200987318966
01/20/2025,FEU,Z14,19,0.266905426763
01/20/2025,FEU,Z24,2,0.140920776409
01/20/2025,FEU,Z14,2,0.140920776409
01/20/2025,FEU,Z24,20,0.271845833441
01/20/2025,FEU,Z14,20,0.271845833441
01/20/2025,FEU,Z24,21,0.280331271238
01/20/2025,FEU,Z14,21,0.280331271238
01/20/2025,FEU,Z24,22,0.286754344035
01/20/2025,FEU,Z14,22,0.286754344035
01/20/2025,FEU,Z24,23,0.268455592391
01/20/2025,FEU,Z14,23,0.202528974594
01/20/2025,FEU,Z24,24,0.186947961069
01/20/2025,FEU,Z14,24,0.186947961069
01/20/2025,FEU,Z24,3,0.139624208325
01/20/2025,FEU,Z14,3,0.139624208325
01/20/2025,FEU,Z24,4,0.137632357003
01/20/2025,FEU,Z14,4,0.137632357003
01/20/2025,FEU,Z24,5,0.138219713884
01/20/2025,FEU,Z14,5,0.138219713884
01/20/2025,FEU,Z24,6,0.13790525185
01/20/2025,FEU,Z14,6,0.13790525185
01/20/2025,FEU,Z24,7,0.161526664628
01/20/2025,FEU,Z14,7,0.161526664628
01/20/2025,FEU,Z24,8,0.174229789882
01/20/2025,FEU,Z14,8,0.174229789882
01/20/2025,FEU,Z24,9,0.200382494288
01/20/2025,FEU,Z14,9,0.200382494288
01/21/2025,FEU,Z24,1,0.161803948954
01/21/2025,FEU,Z14,1,0.161803948954
01/21/2025,FEU,Z24,10,0.202948916884
01/21/2025,FEU,Z14,10,0.202948916884
01/21/2025,FEU,Z24,11,0.193168040382
01/21/2025,FEU,Z14,11,0.259051265696
01/21/2025,FEU,Z24,12,0.257116745696
01/21/2025,FEU,Z14,12,0.257116745696
01/21/2025,FEU,Z24,13,0.253720873633
01/21/2025,FEU,Z14,13,0.253720873633
01/21/2025,FEU,Z24,14,0.250479401696
01/21/2025,FEU,Z14,14,0.250479401696
01/21/2025,FEU,Z24,15,0.244944866884
01/21/2025,FEU,Z14,15,0.17912112157
01/21/2025,FEU,Z24,16,0.177167690009
01/21/2025,FEU,Z14,16,0.177167690009
01/21/2025,FEU,Z24,17,0.189722099385
01/21/2025,FEU,Z14,17,0.189722099385
01/21/2025,FEU,Z24,18,0.191896782448
01/21/2025,FEU,Z14,18,0.191896782448
01/21/2025,FEU,Z24,19,0.196223010698
01/21/2025,FEU,Z14,19,0.262121656012
01/21/2025,FEU,Z24,2,0.156534674644
01/21/2025,FEU,Z14,2,0.156534674644
01/21/2025,FEU,Z24,20,0.278247640012
01/21/2025,FEU,Z14,20,0.278247640012
01/21/2025,FEU,Z24,21,0.27382053945
01/21/2025,FEU,Z14,21,0.27382053945
01/21/2025,FEU,Z24,22,0.260029099764
01/21/2025,FEU,Z14,22,0.260029099764
01/21/2025,FEU,Z24,23,0.249062524077
01/21/2025,FEU,Z14,23,0.183215428764
01/21/2025,FEU,Z24,24,0.172113460202
01/21/2025,FEU,Z14,24,0.172113460202
01/21/2025,FEU,Z24,3,0.15011074802
01/21/2025,FEU,Z14,3,0.15011074802
01/21/2025,FEU,Z24,4,0.139366782208
01/21/2025,FEU,Z14,4,0.139366782208
01/21/2025,FEU,Z24,5,0.137605854208
01/21/2025,FEU,Z14,5,0.137605854208
01/21/2025,FEU,Z24,6,0.145581254769
01/21/2025,FEU,Z14,6,0.145581254769
01/21/2025,FEU,Z24,7,0.162822472328
01/21/2025,FEU,Z14,7,0.162822472328
01/21/2025,FEU,Z24,8,0.169279519886
01/21/2025,FEU,Z14,8,0.169279519886
01/21/2025,FEU,Z24,9,0.207914153134
01/21/2025,FEU,Z14,9,0.207914153134
01/22/2025,FEU,Z24,1,0.150613643491
01/22/2025,FEU,Z14,1,0.150613643491
01/22/2025,FEU,Z24,10,0.208517997555
01/22/2025,FEU,Z14,10,0.208517997555
01/22/2025,FEU,Z24,11,0.191822047318
01/22/2025,FEU,Z14,11,0.257699525436
01/22/2025,FEU,Z24,12,0.25019182206
01/22/2025,FEU,Z14,12,0.25019182206
01/22/2025,FEU,Z24,13,0.242536181436
01/22/2025,FEU,Z14,13,0.242536181436
01/22/2025,FEU,Z24,14,0.234608765436
01/22/2025,FEU,Z14,14,0.234608765436
01/22/2025,FEU,Z24,15,0.236037004307
01/22/2025,FEU,Z14,15,0.170251036189
01/22/2025,FEU,Z24,16,0.175758014684
01/22/2025,FEU,Z14,16,0.175758014684
01/22/2025,FEU,Z24,17,0.187835459049
01/22/2025,FEU,Z14,17,0.187835459049
01/22/2025,FEU,Z24,18,0.196703882426
01/22/2025,FEU,Z14,18,0.196703882426
01/22/2025,FEU,Z24,19,0.209892269297
01/22/2025,FEU,Z14,19,0.275694104791
01/22/2025,FEU,Z24,2,0.143286100975
01/22/2025,FEU,Z14,2,0.143286100975
01/22/2025,FEU,Z24,20,0.285238275286
01/22/2025,FEU,Z14,20,0.285238275286
01/22/2025,FEU,Z24,21,0.271556442781
01/22/2025,FEU,Z14,21,0.271556442781
01/22/2025,FEU,Z24,22,0.272050440146
01/22/2025,FEU,Z14,22,0.272050440146
01/22/2025,FEU,Z24,23,0.261876975136
01/22/2025,FEU,Z14,23,0.195839537394
01/22/2025,FEU,Z24,24,0.191949534383
01/22/2025,FEU,Z14,24,0.191949534383
01/22/2025,FEU,Z24,3,0.134392275846
01/22/2025,FEU,Z14,3,0.134392275846
01/22/2025,FEU,Z24,4,0.129544474341
01/22/2025,FEU,Z14,4,0.129544474341
01/22/2025,FEU,Z24,5,0.128480387717
01/22/2025,FEU,Z14,5,0.128480387717
01/22/2025,FEU,Z24,6,0.131470980599
01/22/2025,FEU,Z14,6,0.131470980599
01/22/2025,FEU,Z24,7,0.146633530125
01/22/2025,FEU,Z14,7,0.146633530125
01/22/2025,FEU,Z24,8,0.168813959533
01/22/2025,FEU,Z14,8,0.168813959533
01/22/2025,FEU,Z24,9,0.202566473802
01/22/2025,FEU,Z14,9,0.202566473802
01/23/2025,FEU,Z24,1,0.146746614792
01/23/2025,FEU,Z14,1,0.146746614792
01/23/2025,FEU,Z24,10,0.20425171264
01/23/2025,FEU,Z14,10,0.20425171264
01/23/2025,FEU,Z24,11,0.190796777834
01/23/2025,FEU,Z14,11,0.256529136127
01/23/2025,FEU,Z24,12,0.250406866054
01/23/2025,FEU,Z14,12,0.250406866054
01/23/2025,FEU,Z24,13,0.24155583298
01/23/2025,FEU,Z14,13,0.24155583298
01/23/2025,FEU,Z24,14,0.226662765907
01/23/2025,FEU,Z14,14,0.226662765907
01/23/2025,FEU,Z24,15,0.222588936054
01/23/2025,FEU,Z14,15,0.156971285761
01/23/2025,FEU,Z24,16,0.160674254347
01/23/2025,FEU,Z14,16,0.160674254347
01/23/2025,FEU,Z24,17,0.17645934664
01/23/2025,FEU,Z14,17,0.17645934664
01/23/2025,FEU,Z24,18,0.195578311567
01/23/2025,FEU,Z14,18,0.195578311567
01/23/2025,FEU,Z24,19,0.212243230787
01/23/2025,FEU,Z14,19,0.278207382153
01/23/2025,FEU,Z24,2,0.142291032378
01/23/2025,FEU,Z14,2,0.142291032378
01/23/2025,FEU,Z24,20,0.31671139352
01/23/2025,FEU,Z14,20,0.31671139352
01/23/2025,FEU,Z24,21,0.306999421886
01/23/2025,FEU,Z14,21,0.306999421886
01/23/2025,FEU,Z24,22,0.277281253326
01/23/2025,FEU,Z14,22,0.277281253326
01/23/2025,FEU,Z24,23,0.264548552839
01/23/2025,FEU,Z14,23,0.198637937473
01/23/2025,FEU,Z24,24,0.174868557912
01/23/2025,FEU,Z14,24,0.174868557912
01/23/2025,FEU,Z24,3,0.143859939672
01/23/2025,FEU,Z14,3,0.143859939672
01/23/2025,FEU,Z24,4,0.134508490891
01/23/2025,FEU,Z14,4,0.134508490891
01/23/2025,FEU,Z24,5,0.134332410891
01/23/2025,FEU,Z14,5,0.134332410891
01/23/2025,FEU,Z24,6,0.139111125378
01/23/2025,FEU,Z14,6,0.139111125378
01/23/2025,FEU,Z24,7,0.151323036986
01/23/2025,FEU,Z14,7,0.151323036986
01/23/2025,FEU,Z24,8,0.162503882593
01/23/2025,FEU,Z14,8,0.162503882593
01/23/2025,FEU,Z24,9,0.207530910787
01/23/2025,FEU,Z14,9,0.207530910787
01/24/2025,FEU,Z24,1,0.130584642503
01/24/2025,FEU,Z14,1,0.130584642503
01/24/2025,FEU,Z24,10,0.174466900002
01/24/2025,FEU,Z14,10,0.174466900002
01/24/2025,FEU,Z24,11,0.150643769277
01/24/2025,FEU,Z14,11,0.216239684427
01/24/2025,FEU,Z24,12,0.203107895427
01/24/2025,FEU,Z14,12,0.203107895427
01/24/2025,FEU,Z24,13,0.199805662715
01/24/2025,FEU,Z14,13,0.199805662715
01/24/2025,FEU,Z24,14,0.193816618002
01/24/2025,FEU,Z14,14,0.193816618002
01/24/2025,FEU,Z24,15,0.192453799865
01/24/2025,FEU,Z14,15,0.126935408715
01/24/2025,FEU,Z24,16,0.131158001015
01/24/2025,FEU,Z14,16,0.131158001015
01/24/2025,FEU,Z24,17,0.133414002165
01/24/2025,FEU,Z14,17,0.133414002165
01/24/2025,FEU,Z24,18,0.149281975452
01/24/2025,FEU,Z14,18,0.149281975452
01/24/2025,FEU,Z24,19,0.159806693603
01/24/2025,FEU,Z14,19,0.225442499753
01/24/2025,FEU,Z24,2,0.126750799804
01/24/2025,FEU,Z14,2,0.126750799804
01/24/2025,FEU,Z24,20,0.237965719615
01/24/2025,FEU,Z14,20,0.237965719615
01/24/2025,FEU,Z24,21,0.23885544619
01/24/2025,FEU,Z14,21,0.23885544619
01/24/2025,FEU,Z24,22,0.229545645628
01/24/2025,FEU,Z14,22,0.229545645628
01/24/2025,FEU,Z24,23,0.224503414503
01/24/2025,FEU,Z14,23,0.158648581778
01/24/2025,FEU,Z24,24,0.152953782216
01/24/2025,FEU,Z14,24,0.152953782216
01/24/2025,FEU,Z24,3,0.121613778241
01/24/2025,FEU,Z14,3,0.121613778241
01/24/2025,FEU,Z24,4,0.114959887391
01/24/2025,FEU,Z14,4,0.114959887391
01/24/2025,FEU,Z24,5,0.114404940104
01/24/2025,FEU,Z14,5,0.114404940104
01/24/2025,FEU,Z24,6,0.114669442954
01/24/2025,FEU,Z14,6,0.114669442954
01/24/2025,FEU,Z24,7,0.127370516778
01/24/2025,FEU,Z14,7,0.127370516778
01/24/2025,FEU,Z24,8,0.138303210028
01/24/2025,FEU,Z14,8,0.138303210028
01/24/2025,FEU,Z24,9,0.180914087577
01/24/2025,FEU,Z14,9,0.180914087577
01/25/2025,FEU,Z24,1,0.107171131019
01/25/2025,FEU,Z14,1,0.107171131019
01/25/2025,FEU,Z24,10,0.08345057565
01/25/2025,FEU,Z14,10,0.08345057565
01/25/2025,FEU,Z24,11,0.071044007669
01/25/2025,FEU,Z14,11,0.071044007669
01/25/2025,FEU,Z24,12,0.089865305219
01/25/2025,FEU,Z14,12,0.089865305219
01/25/2025,FEU,Z24,13,0.0772145993
01/25/2025,FEU,Z14,13,0.0772145993
01/25/2025,FEU,Z24,14,0.058626588769
01/25/2025,FEU,Z14,14,0.058626588769
01/25/2025,FEU,Z24,15,0.048129827912
01/25/2025,FEU,Z14,15,0.048129827912
01/25/2025,FEU,Z24,16,0.0387917112
01/25/2025,FEU,Z14,16,0.0387917112
01/25/2025,FEU,Z24,17,0.064399480263
01/25/2025,FEU,Z14,17,0.064399480263
01/25/2025,FEU,Z24,18,0.074419955181
01/25/2025,FEU,Z14,18,0.074419955181
01/25/2025,FEU,Z24,19,0.124538270425
01/25/2025,FEU,Z14,19,0.124538270425
01/25/2025,FEU,Z24,2,0.083971925919
01/25/2025,FEU,Z14,2,0.083971925919
01/25/2025,FEU,Z24,20,0.143182108731
01/25/2025,FEU,Z14,20,0.143182108731
01/25/2025,FEU,Z24,21,0.150246574038
01/25/2025,FEU,Z14,21,0.150246574038
01/25/2025,FEU,Z24,22,0.14234251965
01/25/2025,FEU,Z14,22,0.14234251965
01/25/2025,FEU,Z24,23,0.140796725794
01/25/2025,FEU,Z14,23,0.140796725794
01/25/2025,FEU,Z24,24,0.128897788938
01/25/2025,FEU,Z14,24,0.128897788938
01/25/2025,FEU,Z24,3,0.07962157345
01/25/2025,FEU,Z14,3,0.07962157345
01/25/2025,FEU,Z24,4,0.070530979756
01/25/2025,FEU,Z14,4,0.070530979756
01/25/2025,FEU,Z24,5,0.067463818675
01/25/2025,FEU,Z14,5,0.067463818675
01/25/2025,FEU,Z24,6,0.068435844675
01/25/2025,FEU,Z14,6,0.068435844675
01/25/2025,FEU,Z24,7,0.076951674531
01/25/2025,FEU,Z14,7,0.076951674531
01/25/2025,FEU,Z24,8,0.098550830856
01/25/2025,FEU,Z14,8,0.098550830856
01/25/2025,FEU,Z24,9,0.080743634713
01/25/2025,FEU,Z14,9,0.080743634713
01/26/2025,FEU,Z24,1,0.102411302807
01/26/2025,FEU,Z14,1,0.102411302807
01/26/2025,FEU,Z24,10,0.11488084265
01/26/2025,FEU,Z14,10,0.11488084265
01/26/2025,FEU,Z24,11,0.081358548334
01/26/2025,FEU,Z14,11,0.081358548334
01/26/2025,FEU,Z24,12,0.077446366424
01/26/2025,FEU,Z14,12,0.077446366424
01/26/2025,FEU,Z24,13,0.051845748345
01/26/2025,FEU,Z14,13,0.051845748345
01/26/2025,FEU,Z24,14,0.050698971098
01/26/2025,FEU,Z14,14,0.050698971098
01/26/2025,FEU,Z24,15,0.050090929772
01/26/2025,FEU,Z14,15,0.050090929772
01/26/2025,FEU,Z24,16,0.054313478671
01/26/2025,FEU,Z14,16,0.054313478671
01/26/2025,FEU,Z24,17,0.092141107829
01/26/2025,FEU,Z14,17,0.092141107829
01/26/2025,FEU,Z24,18,0.085256403987
01/26/2025,FEU,Z14,18,0.085256403987
01/26/2025,FEU,Z24,19,0.089859846739
01/26/2025,FEU,Z14,19,0.089859846739
01/26/2025,FEU,Z24,2,0.099053709212
01/26/2025,FEU,Z14,2,0.099053709212
01/26/2025,FEU,Z24,20,0.093544954324
01/26/2025,FEU,Z14,20,0.093544954324
01/26/2025,FEU,Z24,21,0.086057980155
01/26/2025,FEU,Z14,21,0.086057980155
01/26/2025,FEU,Z24,22,0.082846743987
01/26/2025,FEU,Z14,22,0.082846743987
01/26/2025,FEU,Z24,23,0.079648883818
01/26/2025,FEU,Z14,23,0.079648883818
01/26/2025,FEU,Z24,24,0.075346899728
01/26/2025,FEU,Z14,24,0.075346899728
01/26/2025,FEU,Z24,3,0.09489892737
01/26/2025,FEU,Z14,3,0.09489892737
01/26/2025,FEU,Z24,4,0.096326711449
01/26/2025,FEU,Z14,4,0.096326711449
01/26/2025,FEU,Z24,5,0.092898142696
01/26/2025,FEU,Z14,5,0.092898142696
01/26/2025,FEU,Z24,6,0.094558723864
01/26/2025,FEU,Z14,6,0.094558723864
01/26/2025,FEU,Z24,7,0.09284989137
01/26/2025,FEU,Z14,7,0.09284989137
01/26/2025,FEU,Z24,8,0.094292921212
01/26/2025,FEU,Z14,8,0.094292921212
01/26/2025,FEU,Z24,9,0.085628588302
01/26/2025,FEU,Z14,9,0.085628588302
01/27/2025,FEU,Z24,1,0.075239772925
01/27/2025,FEU,Z14,1,0.075239772925
01/27/2025,FEU,Z24,10,0.122557879842
01/27/2025,FEU,Z14,10,0.122557879842
01/27/2025,FEU,Z24,11,0.111590764661
01/27/2025,FEU,Z14,11,0.177052796751
01/27/2025,FEU,Z24,12,0.162654219479
01/27/2025,FEU,Z14,12,0.162654219479
01/27/2025,FEU,Z24,13,0.148388635479
01/27/2025,FEU,Z14,13,0.148388635479
01/27/2025,FEU,Z24,14,0.133752674751
01/27/2025,FEU,Z14,14,0.133752674751
01/27/2025,FEU,Z24,15,0.133059195297
01/27/2025,FEU,Z14,15,0.067747160206
01/27/2025,FEU,Z24,16,0.070973083387
01/27/2025,FEU,Z14,16,0.070973083387
01/27/2025,FEU,Z24,17,0.083465732205
01/27/2025,FEU,Z14,17,0.083465732205
01/27/2025,FEU,Z24,18,0.107046632205
01/27/2025,FEU,Z14,18,0.107046632205
01/27/2025,FEU,Z24,19,0.115562149568
01/27/2025,FEU,Z14,19,0.181120420931
01/27/2025,FEU,Z24,2,0.065236869378
01/27/2025,FEU,Z14,2,0.065236869378
01/27/2025,FEU,Z24,20,0.198777215748
01/27/2025,FEU,Z14,20,0.198777215748
01/27/2025,FEU,Z24,21,0.182786527111
01/27/2025,FEU,Z14,21,0.182786527111
01/27/2025,FEU,Z24,22,0.179762048474
01/27/2025,FEU,Z14,22,0.179762048474
01/27/2025,FEU,Z24,23,0.17093825911
01/27/2025,FEU,Z14,23,0.105414272747
01/27/2025,FEU,Z24,24,0.102352450928
01/27/2025,FEU,Z14,24,0.102352450928
01/27/2025,FEU,Z24,3,0.066832569286
01/27/2025,FEU,Z14,3,0.066832569286
01/27/2025,FEU,Z24,4,0.070158177104
01/27/2025,FEU,Z14,4,0.070158177104
01/27/2025,FEU,Z24,5,0.066133011559
01/27/2025,FEU,Z14,5,0.066133011559
01/27/2025,FEU,Z24,6,0.067990851105
01/27/2025,FEU,Z14,6,0.067990851105
01/27/2025,FEU,Z24,7,0.0700149462
01/27/2025,FEU,Z14,7,0.0700149462
01/27/2025,FEU,Z24,8,0.089221423476
01/27/2025,FEU,Z14,8,0.089221423476
01/27/2025,FEU,Z24,9,0.12649581875
01/27/2025,FEU,Z14,9,0.12649581875
01/28/2025,FEU,Z24,1,0.053780141005
01/28/2025,FEU,Z14,1,0.053780141005
01/28/2025,FEU,Z24,10,0.09649550918
01/28/2025,FEU,Z14,10,0.09649550918
01/28/2025,FEU,Z24,11,0.071553518841
01/28/2025,FEU,Z14,11,0.136917467803
01/28/2025,FEU,Z24,12,0.135580355803
01/28/2025,FEU,Z14,12,0.135580355803
01/28/2025,FEU,Z24,13,0.134029181011
01/28/2025,FEU,Z14,13,0.134029181011
01/28/2025,FEU,Z24,14,0.131509043803
01/28/2025,FEU,Z14,14,0.131509043803
01/28/2025,FEU,Z24,15,0.13170395618
01/28/2025,FEU,Z14,15,0.066361626218
01/28/2025,FEU,Z24,16,0.066433267765
01/28/2025,FEU,Z14,16,0.066433267765
01/28/2025,FEU,Z24,17,0.069820534519
01/28/2025,FEU,Z14,17,0.069820534519
01/28/2025,FEU,Z24,18,0.082398501311
01/28/2025,FEU,Z14,18,0.082398501311
01/28/2025,FEU,Z24,19,0.130878440481
01/28/2025,FEU,Z14,19,0.196502989443
01/28/2025,FEU,Z24,2,0.053492904721
01/28/2025,FEU,Z14,2,0.053492904721
01/28/2025,FEU,Z24,20,0.219386038443
01/28/2025,FEU,Z14,20,0.219386038443
01/28/2025,FEU,Z24,21,0.207915661989
01/28/2025,FEU,Z14,21,0.207915661989
01/28/2025,FEU,Z24,22,0.194390953951
01/28/2025,FEU,Z14,22,0.194390953951
01/28/2025,FEU,Z24,23,0.178148813912
01/28/2025,FEU,Z14,23,0.112593784951
01/28/2025,FEU,Z24,24,0.101626475497
01/28/2025,FEU,Z14,24,0.101626475497
01/28/2025,FEU,Z24,3,0.055937366475
01/28/2025,FEU,Z14,3,0.055937366475
01/28/2025,FEU,Z24,4,0.054772012852
01/28/2025,FEU,Z14,4,0.054772012852
01/28/2025,FEU,Z24,5,0.054734572852
01/28/2025,FEU,Z14,5,0.054734572852
01/28/2025,FEU,Z24,6,0.054481591306
01/28/2025,FEU,Z14,6,0.054481591306
01/28/2025,FEU,Z24,7,0.056124125082
01/28/2025,FEU,Z14,7,0.056124125082
01/28/2025,FEU,Z24,8,0.059912796858
01/28/2025,FEU,Z14,8,0.059912796858
01/28/2025,FEU,Z24,9,0.10531460935
01/28/2025,FEU,Z14,9,0.10531460935
01/29/2025,FEU,Z24,1,0.060183374654
01/29/2025,FEU,Z14,1,0.060183374654
01/29/2025,FEU,Z24,10,0.142734685248
01/29/2025,FEU,Z14,10,0.142734685248
01/29/2025,FEU,Z24,11,0.110735724663
01/29/2025,FEU,Z14,11,0.176266975956
01/29/2025,FEU,Z24,12,0.179875058214
01/29/2025,FEU,Z14,12,0.179875058214
01/29/2025,FEU,Z24,13,0.157689703956
01/29/2025,FEU,Z14,13,0.157689703956
01/29/2025,FEU,Z24,14,0.131578975956
01/29/2025,FEU,Z14,14,0.131578975956
01/29/2025,FEU,Z24,15,0.130134077731
01/29/2025,FEU,Z14,15,0.064798405439
01/29/2025,FEU,Z24,16,0.068881178472
01/29/2025,FEU,Z14,16,0.068881178472
01/29/2025,FEU,Z24,17,0.101231671282
01/29/2025,FEU,Z14,17,0.101231671282
01/29/2025,FEU,Z24,18,0.115955834023
01/29/2025,FEU,Z14,18,0.115955834023
01/29/2025,FEU,Z24,19,0.154137258799
01/29/2025,FEU,Z14,19,0.219751208832
01/29/2025,FEU,Z24,2,0.047639295756
01/29/2025,FEU,Z14,2,0.047639295756
01/29/2025,FEU,Z24,20,0.268246133866
01/29/2025,FEU,Z14,20,0.268246133866
01/29/2025,FEU,Z24,21,0.2797895379
01/29/2025,FEU,Z14,21,0.2797895379
01/29/2025,FEU,Z24,22,0.262516569709
01/29/2025,FEU,Z14,22,0.262516569709
01/29/2025,FEU,Z24,23,0.236541565777
01/29/2025,FEU,Z14,23,0.170629344226
01/29/2025,FEU,Z24,24,0.120438562294
01/29/2025,FEU,Z14,24,0.120438562294
01/29/2025,FEU,Z24,3,0.046975941531
01/29/2025,FEU,Z14,3,0.046975941531
01/29/2025,FEU,Z24,4,0.045990418565
01/29/2025,FEU,Z14,4,0.045990418565
01/29/2025,FEU,Z24,5,0.045879899307
01/29/2025,FEU,Z14,5,0.045879899307
01/29/2025,FEU,Z24,6,0.045316713014
01/29/2025,FEU,Z14,6,0.045316713014
01/29/2025,FEU,Z24,7,0.083825949845
01/29/2025,FEU,Z14,7,0.083825949845
01/29/2025,FEU,Z24,8,0.125191251383
01/29/2025,FEU,Z14,8,0.125191251383
01/29/2025,FEU,Z24,9,0.183775269765
01/29/2025,FEU,Z14,9,0.183775269765
01/30/2025,FEU,Z24,1,0.115588672632
01/30/2025,FEU,Z14,1,0.115588672632
01/30/2025,FEU,Z24,10,0.123078979838
01/30/2025,FEU,Z14,10,0.123078979838
01/30/2025,FEU,Z24,11,0.065037168635
01/30/2025,FEU,Z14,11,0.130341121708
01/30/2025,FEU,Z24,12,0.12888958369
01/30/2025,FEU,Z14,12,0.12888958369
01/30/2025,FEU,Z24,13,0.126262771671
01/30/2025,FEU,Z14,13,0.126262771671
01/30/2025,FEU,Z24,14,0.123580613653
01/30/2025,FEU,Z14,14,0.123580613653
01/30/2025,FEU,Z24,15,0.12377681369
01/30/2025,FEU,Z14,15,0.058495831616
01/30/2025,FEU,Z24,16,0.058774833764
01/30/2025,FEU,Z14,16,0.058774833764
01/30/2025,FEU,Z24,17,0.061626799838
01/30/2025,FEU,Z14,17,0.061626799838
01/30/2025,FEU,Z24,18,0.090961723819
01/30/2025,FEU,Z14,18,0.090961723819
01/30/2025,FEU,Z24,19,0.153662397875
01/30/2025,FEU,Z14,19,0.219380352967
01/30/2025,FEU,Z24,2,0.09877346278
01/30/2025,FEU,Z14,2,0.09877346278
01/30/2025,FEU,Z24,20,0.234448310059
01/30/2025,FEU,Z14,20,0.234448310059
01/30/2025,FEU,Z24,21,0.259497374152
01/30/2025,FEU,Z14,21,0.259497374152
01/30/2025,FEU,Z24,22,0.253775252263
01/30/2025,FEU,Z14,22,0.253775252263
01/30/2025,FEU,Z24,23,0.241287782392
01/30/2025,FEU,Z14,23,0.1754731273
01/30/2025,FEU,Z24,24,0.15666257441
01/30/2025,FEU,Z14,24,0.15666257441
01/30/2025,FEU,Z24,3,0.092102554854
01/30/2025,FEU,Z14,3,0.092102554854
01/30/2025,FEU,Z24,4,0.060983862909
01/30/2025,FEU,Z14,4,0.060983862909
01/30/2025,FEU,Z24,5,0.052964782909
01/30/2025,FEU,Z14,5,0.052964782909
01/30/2025,FEU,Z24,6,0.05115623578
01/30/2025,FEU,Z14,6,0.05115623578
01/30/2025,FEU,Z24,7,0.087314820429
01/30/2025,FEU,Z14,7,0.087314820429
01/30/2025,FEU,Z24,8,0.109398017078
01/30/2025,FEU,Z14,8,0.109398017078
01/30/2025,FEU,Z24,9,0.166500509875
01/30/2025,FEU,Z14,9,0.166500509875
01/31/2025,FEU,Z24,1,0.091669563891
01/31/2025,FEU,Z14,1,0.091669563891
01/31/2025,FEU,Z24,10,0.155453435288
01/31/2025,FEU,Z14,10,0.155453435288
01/31/2025,FEU,Z24,11,0.122950679197
01/31/2025,FEU,Z14,11,0.188452159258
01/31/2025,FEU,Z24,12,0.156834408258
01/31/2025,FEU,Z14,12,0.156834408258
01/31/2025,FEU,Z24,13,0.155753442773
01/31/2025,FEU,Z14,13,0.155753442773
01/31/2025,FEU,Z24,14,0.154837967288
01/31/2025,FEU,Z14,14,0.154837967288
01/31/2025,FEU,Z24,15,0.148408020833
01/31/2025,FEU,Z14,15,0.083038684773
01/31/2025,FEU,Z24,16,0.090683648893
01/31/2025,FEU,Z14,16,0.090683648893
01/31/2025,FEU,Z24,17,0.117158872954
01/31/2025,FEU,Z14,17,0.117158872954
01/31/2025,FEU,Z24,18,0.173446445469
01/31/2025,FEU,Z14,18,0.173446445469
01/31/2025,FEU,Z24,19,0.257051285529
01/31/2025,FEU,Z14,19,0.32301139759
01/31/2025,FEU,Z24,2,0.105418457012
01/31/2025,FEU,Z14,2,0.105418457012
01/31/2025,FEU,Z24,20,0.316633287135
01/31/2025,FEU,Z14,20,0.316633287135
01/31/2025,FEU,Z24,21,0.297081160165
01/31/2025,FEU,Z14,21,0.297081160165
01/31/2025,FEU,Z24,22,0.28560725074
01/31/2025,FEU,Z14,22,0.28560725074
01/31/2025,FEU,Z24,23,0.278083617891
01/31/2025,FEU,Z14,23,0.211965059801
01/31/2025,FEU,Z24,24,0.201927403376
01/31/2025,FEU,Z14,24,0.201927403376
01/31/2025,FEU,Z24,3,0.108338026587
01/31/2025,FEU,Z14,3,0.108338026587
01/31/2025,FEU,Z24,4,0.107022576648
01/31/2025,FEU,Z14,4,0.107022576648
01/31/2025,FEU,Z24,5,0.107278036133
01/31/2025,FEU,Z14,5,0.107278036133
01/31/2025,FEU,Z24,6,0.121761514072
01/31/2025,FEU,Z14,6,0.121761514072
01/31/2025,FEU,Z24,7,0.129716734801
01/31/2025,FEU,Z14,7,0.129716734801
01/31/2025,FEU,Z24,8,0.163005739499
01/31/2025,FEU,Z14,8,0.163005739499
01/31/2025,FEU,Z24,9,0.214839762318
01/31/2025,FEU,Z14,9,0.214839762318
02/01/2025,FEU,Z24,1,0.192309730056
02/01/2025,FEU,Z14,1,0.192309730056
02/01/2025,FEU,Z24,10,0.157188197857
02/01/2025,FEU,Z14,10,0.157188197857
02/01/2025,FEU,Z24,11,0.09933698592
02/01/2025,FEU,Z14,11,0.09933698592
02/01/2025,FEU,Z24,12,0.038295078372
02/01/2025,FEU,Z14,12,0.038295078372
02/01/2025,FEU,Z24,13,0.020598295726
02/01/2025,FEU,Z14,13,0.020598295726
02/01/2025,FEU,Z24,14,0.020726739984
02/01/2025,FEU,Z14,14,0.020726739984
02/01/2025,FEU,Z24,15,0.020795593629
02/01/2025,FEU,Z14,15,0.020795593629
02/01/2025,FEU,Z24,16,0.022340813857
02/01/2025,FEU,Z14,16,0.022340813857
02/01/2025,FEU,Z24,17,0.075527458246
02/01/2025,FEU,Z14,17,0.075527458246
02/01/2025,FEU,Z24,18,0.148551657149
02/01/2025,FEU,Z14,18,0.148551657149
02/01/2025,FEU,Z24,19,0.181991385988
02/01/2025,FEU,Z14,19,0.181991385988
02/01/2025,FEU,Z24,2,0.179251407444
02/01/2025,FEU,Z14,2,0.179251407444
02/01/2025,FEU,Z24,20,0.205083020891
02/01/2025,FEU,Z14,20,0.205083020891
02/01/2025,FEU,Z24,21,0.197803990634
02/01/2025,FEU,Z14,21,0.197803990634
02/01/2025,FEU,Z24,22,0.186968992828
02/01/2025,FEU,Z14,22,0.186968992828
02/01/2025,FEU,Z24,23,0.189617966571
02/01/2025,FEU,Z14,23,0.189617966571
02/01/2025,FEU,Z24,24,0.182524546959
02/01/2025,FEU,Z14,24,0.182524546959
02/01/2025,FEU,Z24,3,0.175547043736
02/01/2025,FEU,Z14,3,0.175547043736
02/01/2025,FEU,Z24,4,0.16691387293
02/01/2025,FEU,Z14,4,0.16691387293
02/01/2025,FEU,Z24,5,0.152776343478
02/01/2025,FEU,Z14,5,0.152776343478
02/01/2025,FEU,Z24,6,0.15634755793
02/01/2025,FEU,Z14,6,0.15634755793
02/01/2025,FEU,Z24,7,0.152828777993
02/01/2025,FEU,Z14,7,0.152828777993
02/01/2025,FEU,Z24,8,0.143874162313
02/01/2025,FEU,Z14,8,0.143874162313
02/01/2025,FEU,Z24,9,0.154952800828
02/01/2025,FEU,Z14,9,0.154952800828
02/02/2025,FEU,Z24,1,0.171147530513
02/02/2025,FEU,Z14,1,0.171147530513
02/02/2025,FEU,Z24,10,0.188681529664
02/02/2025,FEU,Z14,10,0.188681529664
02/02/2025,FEU,Z24,11,0.158573251712
02/02/2025,FEU,Z14,11,0.158573251712
02/02/2025,FEU,Z24,12,0.133277763027
02/02/2025,FEU,Z14,12,0.133277763027
02/02/2025,FEU,Z24,13,0.114674204657
02/02/2025,FEU,Z14,13,0.114674204657
02/02/2025,FEU,Z24,14,0.123114651973
02/02/2025,FEU,Z14,14,0.123114651973
02/02/2025,FEU,Z24,15,0.123831232815
02/02/2025,FEU,Z14,15,0.123831232815
02/02/2025,FEU,Z24,16,0.130972610924
02/02/2025,FEU,Z14,16,0.130972610924
02/02/2025,FEU,Z24,17,0.146072443979
02/02/2025,FEU,Z14,17,0.146072443979
02/02/2025,FEU,Z24,18,0.172544708191
02/02/2025,FEU,Z14,18,0.172544708191
02/02/2025,FEU,Z24,19,0.198144308718
02/02/2025,FEU,Z14,19,0.198144308718
02/02/2025,FEU,Z24,2,0.166691723779
02/02/2025,FEU,Z14,2,0.166691723779
02/02/2025,FEU,Z24,20,0.208640985191
02/02/2025,FEU,Z14,20,0.208640985191
02/02/2025,FEU,Z24,21,0.198526718718
02/02/2025,FEU,Z14,21,0.198526718718
02/02/2025,FEU,Z24,22,0.189073300718
02/02/2025,FEU,Z14,22,0.189073300718
02/02/2025,FEU,Z24,23,0.184989747773
02/02/2025,FEU,Z14,23,0.184989747773
02/02/2025,FEU,Z24,24,0.169441696828
02/02/2025,FEU,Z14,24,0.169441696828
02/02/2025,FEU,Z24,3,0.158115819676
02/02/2025,FEU,Z14,3,0.158115819676
02/02/2025,FEU,Z24,4,0.155998885573
02/02/2025,FEU,Z14,4,0.155998885573
02/02/2025,FEU,Z24,5,0.150147375573
02/02/2025,FEU,Z14,5,0.150147375573
02/02/2025,FEU,Z24,6,0.159712777573
02/02/2025,FEU,Z14,6,0.159712777573
02/02/2025,FEU,Z24,7,0.154506797519
02/02/2025,FEU,Z14,7,0.154506797519
02/02/2025,FEU,Z24,8,0.158777667567
02/02/2025,FEU,Z14,8,0.158777667567
02/02/2025,FEU,Z24,9,0.168558976828
02/02/2025,FEU,Z14,9,0.168558976828
02/03/2025,FEU,Z24,1,0.150936291487
02/03/2025,FEU,Z14,1,0.150936291487
02/03/2025,FEU,Z24,10,0.203743748799
02/03/2025,FEU,Z14,10,0.203743748799
02/03/2025,FEU,Z24,11,0.153535984746
02/03/2025,FEU,Z14,11,0.219140500389
02/03/2025,FEU,Z24,12,0.210463523978
02/03/2025,FEU,Z14,12,0.210463523978
02/03/2025,FEU,Z24,13,0.210510342157
02/03/2025,FEU,Z14,13,0.210510342157
02/03/2025,FEU,Z24,14,0.208176342157
02/03/2025,FEU,Z14,14,0.208176342157
02/03/2025,FEU,Z24,15,0.208754445978
02/03/2025,FEU,Z14,15,0.143185813336
02/03/2025,FEU,Z24,16,0.157197080031
02/03/2025,FEU,Z14,16,0.157197080031
02/03/2025,FEU,Z24,17,0.167515297673
02/03/2025,FEU,Z14,17,0.167515297673
02/03/2025,FEU,Z24,18,0.190595322852
02/03/2025,FEU,Z14,18,0.190595322852
02/03/2025,FEU,Z24,19,0.260091962726
02/03/2025,FEU,Z14,19,0.326259479779
02/03/2025,FEU,Z24,2,0.135981659951
02/03/2025,FEU,Z14,2,0.135981659951
02/03/2025,FEU,Z24,20,0.326967062243
02/03/2025,FEU,Z14,20,0.326967062243
02/03/2025,FEU,Z24,21,0.360701009885
02/03/2025,FEU,Z14,21,0.360701009885
02/03/2025,FEU,Z24,22,0.31115133558
02/03/2025,FEU,Z14,22,0.31115133558
02/03/2025,FEU,Z24,23,0.268869227276
02/03/2025,FEU,Z14,23,0.202940320223
02/03/2025,FEU,Z24,24,0.186434554329
02/03/2025,FEU,Z14,24,0.186434554329
02/03/2025,FEU,Z24,3,0.137554575646
02/03/2025,FEU,Z14,3,0.137554575646
02/03/2025,FEU,Z24,4,0.139607746057
02/03/2025,FEU,Z14,4,0.139607746057
02/03/2025,FEU,Z24,5,0.138919513236
02/03/2025,FEU,Z14,5,0.138919513236
02/03/2025,FEU,Z24,6,0.14165764454
02/03/2025,FEU,Z14,6,0.14165764454
02/03/2025,FEU,Z24,7,0.133918916812
02/03/2025,FEU,Z14,7,0.133918916812
02/03/2025,FEU,Z24,8,0.17265170919
02/03/2025,FEU,Z14,8,0.17265170919
02/03/2025,FEU,Z24,9,0.219180021673
02/03/2025,FEU,Z14,9,0.219180021673
02/04/2025,FEU,Z24,1,0.157374915804
02/04/2025,FEU,Z14,1,0.157374915804
02/04/2025,FEU,Z24,10,0.209667348965
02/04/2025,FEU,Z14,10,0.209667348965
02/04/2025,FEU,Z24,11,0.17559441119
02/04/2025,FEU,Z14,11,0.241274598965
02/04/2025,FEU,Z24,12,0.217505378634
02/04/2025,FEU,Z14,12,0.217505378634
02/04/2025,FEU,Z24,13,0.204622240303
02/04/2025,FEU,Z14,13,0.204622240303
02/04/2025,FEU,Z24,14,0.200656478973
02/04/2025,FEU,Z14,14,0.200656478973
02/04/2025,FEU,Z24,15,0.198675676747
02/04/2025,FEU,Z14,15,0.133143143973
02/04/2025,FEU,Z24,16,0.135789264521
02/04/2025,FEU,Z14,16,0.135789264521
02/04/2025,FEU,Z24,17,0.144167403852
02/04/2025,FEU,Z14,17,0.144167403852
02/04/2025,FEU,Z24,18,0.173869796182
02/04/2025,FEU,Z14,18,0.173869796182
02/04/2025,FEU,Z24,19,0.224184309174
02/04/2025,FEU,Z14,19,0.290200076392
02/04/2025,FEU,Z24,2,0.151076018465
02/04/2025,FEU,Z14,2,0.151076018465
02/04/2025,FEU,Z24,20,0.342025407836
02/04/2025,FEU,Z14,20,0.342025407836
02/04/2025,FEU,Z24,21,0.372350906497
02/04/2025,FEU,Z14,21,0.372350906497
02/04/2025,FEU,Z24,22,0.278730535159
02/04/2025,FEU,Z14,22,0.278730535159
02/04/2025,FEU,Z24,23,0.257659920263
02/04/2025,FEU,Z14,23,0.191778178046
02/04/2025,FEU,Z24,24,0.187262228038
02/04/2025,FEU,Z14,24,0.187262228038
02/04/2025,FEU,Z24,3,0.15086052657
02/04/2025,FEU,Z14,3,0.15086052657
02/04/2025,FEU,Z24,4,0.148957247457
02/04/2025,FEU,Z14,4,0.148957247457
02/04/2025,FEU,Z24,5,0.148164248457
02/04/2025,FEU,Z14,5,0.148164248457
02/04/2025,FEU,Z24,6,0.151434183909
02/04/2025,FEU,Z14,6,0.151434183909
02/04/2025,FEU,Z24,7,0.169889732263
02/04/2025,FEU,Z14,7,0.169889732263
02/04/2025,FEU,Z24,8,0.216489533505
02/04/2025,FEU,Z14,8,0.216489533505
02/04/2025,FEU,Z24,9,0.270300919957
02/04/2025,FEU,Z14,9,0.270300919957
02/05/2025,FEU,Z24,1,0.164474818654
02/05/2025,FEU,Z14,1,0.164474818654
02/05/2025,FEU,Z24,10,0.204941624269
02/05/2025,FEU,Z14,10,0.204941624269
02/05/2025,FEU,Z24,11,0.148660185037
02/05/2025,FEU,Z14,11,0.214249784623
02/05/2025,FEU,Z24,12,0.152012269562
02/05/2025,FEU,Z14,12,0.152012269562
02/05/2025,FEU,Z24,13,0.130761149562
02/05/2025,FEU,Z14,13,0.130761149562
02/05/2025,FEU,Z24,14,0.134254609623
02/05/2025,FEU,Z14,14,0.134254609623
02/05/2025,FEU,Z24,15,0.128787999562
02/05/2025,FEU,Z14,15,0.063487502976
02/05/2025,FEU,Z24,16,0.075670802855
02/05/2025,FEU,Z14,16,0.075670802855
02/05/2025,FEU,Z24,17,0.113768154795
02/05/2025,FEU,Z14,17,0.113768154795
02/05/2025,FEU,Z24,18,0.174551745381
02/05/2025,FEU,Z14,18,0.174551745381
02/05/2025,FEU,Z24,19,0.25367877126
02/05/2025,FEU,Z14,19,0.319818344492
02/05/2025,FEU,Z24,2,0.156542348412
02/05/2025,FEU,Z14,2,0.156542348412
02/05/2025,FEU,Z24,20,0.319448127139
02/05/2025,FEU,Z14,20,0.319448127139
02/05/2025,FEU,Z24,21,0.295477550431
02/05/2025,FEU,Z14,21,0.295477550431
02/05/2025,FEU,Z24,22,0.279036860957
02/05/2025,FEU,Z14,22,0.279036860957
02/05/2025,FEU,Z24,23,0.266718659422
02/05/2025,FEU,Z14,23,0.200798341189
02/05/2025,FEU,Z24,24,0.194983108715
02/05/2025,FEU,Z14,24,0.194983108715
02/05/2025,FEU,Z24,3,0.155600572291
02/05/2025,FEU,Z14,3,0.155600572291
02/05/2025,FEU,Z24,4,0.154536890998
02/05/2025,FEU,Z14,4,0.154536890998
02/05/2025,FEU,Z24,5,0.158648452937
02/05/2025,FEU,Z14,5,0.158648452937
02/05/2025,FEU,Z24,6,0.163738693412
02/05/2025,FEU,Z14,6,0.163738693412
02/05/2025,FEU,Z24,7,0.175623156836
02/05/2025,FEU,Z14,7,0.175623156836
02/05/2025,FEU,Z24,8,0.20800677932
02/05/2025,FEU,Z14,8,0.20800677932
02/05/2025,FEU,Z24,9,0.245295545502
02/05/2025,FEU,Z14,9,0.245295545502
02/06/2025,FEU,Z24,1,0.159193335538
02/06/2025,FEU,Z14,1,0.159193335538
02/06/2025,FEU,Z24,10,0.203585366343
02/06/2025,FEU,Z14,10,0.203585366343
02/06/2025,FEU,Z24,11,0.158165670459
02/06/2025,FEU,Z14,11,0.223898008744
02/06/2025,FEU,Z24,12,0.197867706401
02/06/2025,FEU,Z14,12,0.197867706401
02/06/2025,FEU,Z24,13,0.194250208744
02/06/2025,FEU,Z14,13,0.194250208744
02/06/2025,FEU,Z24,14,0.190295118058
02/06/2025,FEU,Z14,14,0.190295118058
02/06/2025,FEU,Z24,15,0.185296622029
02/06/2025,FEU,Z14,15,0.119805586401
02/06/2025,FEU,Z24,16,0.124680523657
02/06/2025,FEU,Z14,16,0.124680523657
02/06/2025,FEU,Z24,17,0.152123953943
02/06/2025,FEU,Z14,17,0.152123953943
02/06/2025,FEU,Z24,18,0.1838325686
02/06/2025,FEU,Z14,18,0.1838325686
02/06/2025,FEU,Z24,19,0.220829461885
02/06/2025,FEU,Z14,19,0.286668662513
02/06/2025,FEU,Z24,2,0.158947730795
02/06/2025,FEU,Z14,2,0.158947730795
02/06/2025,FEU,Z24,20,0.312686309827
02/06/2025,FEU,Z14,20,0.312686309827
02/06/2025,FEU,Z24,21,0.363140039769
02/06/2025,FEU,Z14,21,0.363140039769
02/06/2025,FEU,Z24,22,0.278763076398
02/06/2025,FEU,Z14,22,0.278763076398
02/06/2025,FEU,Z24,23,0.262900853683
02/06/2025,FEU,Z14,23,0.196997170398
02/06/2025,FEU,Z24,24,0.192619590968
02/06/2025,FEU,Z14,24,0.192619590968
02/06/2025,FEU,Z24,3,0.15759227808
02/06/2025,FEU,Z14,3,0.15759227808
02/06/2025,FEU,Z24,4,0.153109214737
02/06/2025,FEU,Z14,4,0.153109214737
02/06/2025,FEU,Z24,5,0.152376845423
02/06/2025,FEU,Z14,5,0.152376845423
02/06/2025,FEU,Z24,6,0.157743818824
02/06/2025,FEU,Z14,6,0.157743818824
02/06/2025,FEU,Z24,7,0.170297351654
02/06/2025,FEU,Z14,7,0.170297351654
02/06/2025,FEU,Z24,8,0.208338239199
02/06/2025,FEU,Z14,8,0.208338239199
02/06/2025,FEU,Z24,9,0.269982240628
02/06/2025,FEU,Z14,9,0.269982240628
02/07/2025,FEU,Z24,1,0.16269842121
02/07/2025,FEU,Z14,1,0.16269842121
02/07/2025,FEU,Z24,10,0.206122893403
02/07/2025,FEU,Z14,10,0.206122893403
02/07/2025,FEU,Z24,11,0.158182181165
02/07/2025,FEU,Z14,11,0.223804306784
02/07/2025,FEU,Z24,12,0.212214393629
02/07/2025,FEU,Z14,12,0.212214393629
02/07/2025,FEU,Z24,13,0.205467410475
02/07/2025,FEU,Z14,13,0.205467410475
02/07/2025,FEU,Z24,14,0.200101031784
02/07/2025,FEU,Z14,14,0.200101031784
02/07/2025,FEU,Z24,15,0.198079736248
02/07/2025,FEU,Z14,15,0.132455075475
02/07/2025,FEU,Z24,16,0.137427573022
02/07/2025,FEU,Z14,16,0.137427573022
02/07/2025,FEU,Z24,17,0.141558283331
02/07/2025,FEU,Z14,17,0.141558283331
02/07/2025,FEU,Z24,18,0.161312233331
02/07/2025,FEU,Z14,18,0.161312233331
02/07/2025,FEU,Z24,19,0.193369614105
02/07/2025,FEU,Z14,19,0.259116512724
02/07/2025,FEU,Z24,2,0.146727423829
02/07/2025,FEU,Z14,2,0.146727423829
02/07/2025,FEU,Z24,20,0.271133832497
02/07/2025,FEU,Z14,20,0.271133832497
02/07/2025,FEU,Z24,21,0.265021818271
02/07/2025,FEU,Z14,21,0.265021818271
02/07/2025,FEU,Z24,22,0.252663327199
02/07/2025,FEU,Z14,22,0.252663327199
02/07/2025,FEU,Z24,23,0.252975796127
02/07/2025,FEU,Z14,23,0.187112240354
02/07/2025,FEU,Z24,24,0.175297544282
02/07/2025,FEU,Z14,24,0.175297544282
02/07/2025,FEU,Z24,3,0.146363262603
02/07/2025,FEU,Z14,3,0.146363262603
02/07/2025,FEU,Z24,4,0.139995286757
02/07/2025,FEU,Z14,4,0.139995286757
02/07/2025,FEU,Z24,5,0.141008452912
02/07/2025,FEU,Z14,5,0.141008452912
02/07/2025,FEU,Z24,6,0.141484810293
02/07/2025,FEU,Z14,6,0.141484810293
02/07/2025,FEU,Z24,7,0.149525187354
02/07/2025,FEU,Z14,7,0.149525187354
02/07/2025,FEU,Z24,8,0.175785754105
02/07/2025,FEU,Z14,8,0.175785754105
02/07/2025,FEU,Z24,9,0.228572991022
02/07/2025,FEU,Z14,9,0.228572991022
02/08/2025,FEU,Z24,1,0.145539794165
02/08/2025,FEU,Z14,1,0.145539794165
02/08/2025,FEU,Z24,10,0.140541551717
02/08/2025,FEU,Z14,10,0.140541551717
02/08/2025,FEU,Z24,11,0.106283198544
02/08/2025,FEU,Z14,11,0.106283198544
02/08/2025,FEU,Z24,12,0.118639983303
02/08/2025,FEU,Z14,12,0.118639983303
02/08/2025,FEU,Z24,13,0.083850104579
02/08/2025,FEU,Z14,13,0.083850104579
02/08/2025,FEU,Z24,14,0.072970553372
02/08/2025,FEU,Z14,14,0.072970553372
02/08/2025,FEU,Z24,15,0.067724576096
02/08/2025,FEU,Z14,15,0.067724576096
02/08/2025,FEU,Z24,16,0.062861295717
02/08/2025,FEU,Z14,16,0.062861295717
02/08/2025,FEU,Z24,17,0.094134289648
02/08/2025,FEU,Z14,17,0.094134289648
02/08/2025,FEU,Z24,18,0.152921593165
02/08/2025,FEU,Z14,18,0.152921593165
02/08/2025,FEU,Z24,19,0.200235920854
02/08/2025,FEU,Z14,19,0.200235920854
02/08/2025,FEU,Z24,2,0.136426168096
02/08/2025,FEU,Z14,2,0.136426168096
02/08/2025,FEU,Z24,20,0.206479334372
02/08/2025,FEU,Z14,20,0.206479334372
02/08/2025,FEU,Z24,21,0.203719195579
02/08/2025,FEU,Z14,21,0.203719195579
02/08/2025,FEU,Z24,22,0.191575432544
02/08/2025,FEU,Z14,22,0.191575432544
02/08/2025,FEU,Z24,23,0.188634256751
02/08/2025,FEU,Z14,23,0.188634256751
02/08/2025,FEU,Z24,24,0.185726320682
02/08/2025,FEU,Z14,24,0.185726320682
02/08/2025,FEU,Z24,3,0.130636113544
02/08/2025,FEU,Z14,3,0.130636113544
02/08/2025,FEU,Z24,4,0.133929705509
02/08/2025,FEU,Z14,4,0.133929705509
02/08/2025,FEU,Z24,5,0.129164260751
02/08/2025,FEU,Z14,5,0.129164260751
02/08/2025,FEU,Z24,6,0.130402620509
02/08/2025,FEU,Z14,6,0.130402620509
02/08/2025,FEU,Z24,7,0.136383418337
02/08/2025,FEU,Z14,7,0.136383418337
02/08/2025,FEU,Z24,8,0.152761392958
02/08/2025,FEU,Z14,8,0.152761392958
02/08/2025,FEU,Z24,9,0.151795168544
02/08/2025,FEU,Z14,9,0.151795168544
02/09/2025,FEU,Z24,1,0.169693647852
02/09/2025,FEU,Z14,1,0.169693647852
02/09/2025,FEU,Z24,10,0.138428797874
02/09/2025,FEU,Z14,10,0.138428797874
02/09/2025,FEU,Z24,11,0.101048409188
02/09/2025,FEU,Z14,11,0.101048409188
02/09/2025,FEU,Z24,12,0.09095257639
02/09/2025,FEU,Z14,12,0.09095257639
02/09/2025,FEU,Z24,13,0.084127672795
02/09/2025,FEU,Z14,13,0.084127672795
02/09/2025,FEU,Z24,14,0.093185700997
02/09/2025,FEU,Z14,14,0.093185700997
02/09/2025,FEU,Z24,15,0.093466019896
02/09/2025,FEU,Z14,15,0.093466019896
02/09/2025,FEU,Z24,16,0.094989478683
02/09/2025,FEU,Z14,16,0.094989478683
02/09/2025,FEU,Z24,17,0.125115850076
02/09/2025,FEU,Z14,17,0.125115850076
02/09/2025,FEU,Z24,18,0.15223993957
02/09/2025,FEU,Z14,18,0.15223993957
02/09/2025,FEU,Z24,19,0.209796349267
02/09/2025,FEU,Z14,19,0.209796349267
02/09/2025,FEU,Z24,2,0.15435630974
02/09/2025,FEU,Z14,2,0.15435630974
02/09/2025,FEU,Z24,20,0.20847393557
02/09/2025,FEU,Z14,20,0.20847393557
02/09/2025,FEU,Z24,21,0.232227427267
02/09/2025,FEU,Z14,21,0.232227427267
02/09/2025,FEU,Z24,22,0.214750683267
02/09/2025,FEU,Z14,22,0.214750683267
02/09/2025,FEU,Z24,23,0.189577016661
02/09/2025,FEU,Z14,23,0.189577016661
02/09/2025,FEU,Z24,24,0.176081782054
02/09/2025,FEU,Z14,24,0.176081782054
02/09/2025,FEU,Z24,3,0.147850096032
02/09/2025,FEU,Z14,3,0.147850096032
02/09/2025,FEU,Z24,4,0.144262105324
02/09/2025,FEU,Z14,4,0.144262105324
02/09/2025,FEU,Z24,5,0.137024777324
02/09/2025,FEU,Z14,5,0.137024777324
02/09/2025,FEU,Z24,6,0.136973404324
02/09/2025,FEU,Z14,6,0.136973404324
02/09/2025,FEU,Z24,7,0.145776620931
02/09/2025,FEU,Z14,7,0.145776620931
02/09/2025,FEU,Z24,8,0.153545577245
02/09/2025,FEU,Z14,8,0.153545577245
02/09/2025,FEU,Z24,9,0.152146584054
02/09/2025,FEU,Z14,9,0.152146584054
02/10/2025,FEU,Z24,1,0.153343218403
02/10/2025,FEU,Z14,1,0.153343218403
02/10/2025,FEU,Z24,10,0.211110921843
02/10/2025,FEU,Z14,10,0.211110921843
02/10/2025,FEU,Z24,11,0.193082451031
02/10/2025,FEU,Z14,11,0.258822632081
02/10/2025,FEU,Z24,12,0.223741437318
02/10/2025,FEU,Z14,12,0.223741437318
02/10/2025,FEU,Z24,13,0.224522921793
02/10/2025,FEU,Z14,13,0.224522921793
02/10/2025,FEU,Z24,14,0.223161032793
02/10/2025,FEU,Z14,14,0.223161032793
02/10/2025,FEU,Z24,15,0.219409123318
02/10/2025,FEU,Z14,15,0.153804033269
02/10/2025,FEU,Z24,16,0.160436559131
02/10/2025,FEU,Z14,16,0.160436559131
02/10/2025,FEU,Z24,17,0.161233438181
02/10/2025,FEU,Z14,17,0.161233438181
02/10/2025,FEU,Z24,18,0.269403024656
02/10/2025,FEU,Z14,18,0.269403024656
02/10/2025,FEU,Z24,19,0.214306729993
02/10/2025,FEU,Z14,19,0.280279545805
02/10/2025,FEU,Z24,2,0.157577992978
02/10/2025,FEU,Z14,2,0.157577992978
02/10/2025,FEU,Z24,20,0.30160453438
02/10/2025,FEU,Z14,20,0.30160453438
02/10/2025,FEU,Z24,21,0.32305428143
02/10/2025,FEU,Z14,21,0.32305428143
02/10/2025,FEU,Z24,22,0.275635785292
02/10/2025,FEU,Z14,22,0.275635785292
02/10/2025,FEU,Z24,23,0.266261335154
02/10/2025,FEU,Z14,23,0.200343151342
02/10/2025,FEU,Z24,24,0.184968562966
02/10/2025,FEU,Z14,24,0.184968562966
02/10/2025,FEU,Z24,3,0.15594221384
02/10/2025,FEU,Z14,3,0.15594221384
02/10/2025,FEU,Z24,4,0.149378794603
02/10/2025,FEU,Z14,4,0.149378794603
02/10/2025,FEU,Z24,5,0.148776203078
02/10/2025,FEU,Z14,5,0.148776203078
02/10/2025,FEU,Z24,6,0.153018195216
02/10/2025,FEU,Z14,6,0.153018195216
02/10/2025,FEU,Z24,7,0.175141622579
02/10/2025,FEU,Z14,7,0.175141622579
02/10/2025,FEU,Z24,8,0.191189826568
02/10/2025,FEU,Z14,8,0.191189826568
02/10/2025,FEU,Z24,9,0.232726258181
02/10/2025,FEU,Z14,9,0.232726258181
02/11/2025,FEU,Z24,1,0.148032307005
02/11/2025,FEU,Z14,1,0.148032307005
02/11/2025,FEU,Z24,10,0.203353562492
02/11/2025,FEU,Z14,10,0.203353562492
02/11/2025,FEU,Z24,11,0.168473184313
02/11/2025,FEU,Z14,11,0.234127772492
02/11/2025,FEU,Z24,12,0.233006174358
02/11/2025,FEU,Z14,12,0.233006174358
02/11/2025,FEU,Z24,13,0.218181212223
02/11/2025,FEU,Z14,13,0.218181212223
02/11/2025,FEU,Z24,14,0.212565554089
02/11/2025,FEU,Z14,14,0.212565554089
02/11/2025,FEU,Z24,15,0.217792862268
02/11/2025,FEU,Z14,15,0.152194691089
02/11/2025,FEU,Z24,16,0.152289233447
02/11/2025,FEU,Z14,16,0.152289233447
02/11/2025,FEU,Z24,17,0.169611056582
02/11/2025,FEU,Z14,17,0.169611056582
02/11/2025,FEU,Z24,18,0.206892702717
02/11/2025,FEU,Z14,18,0.206892702717
02/11/2025,FEU,Z24,19,0.22864751712
02/11/2025,FEU,Z14,19,0.294682132345
02/11/2025,FEU,Z24,2,0.150580263274
02/11/2025,FEU,Z14,2,0.150580263274
02/11/2025,FEU,Z24,20,0.31186319339
02/11/2025,FEU,Z14,20,0.31186319339
02/11/2025,FEU,Z24,21,0.318882053659
02/11/2025,FEU,Z14,21,0.318882053659
02/11/2025,FEU,Z24,22,0.275708227928
02/11/2025,FEU,Z14,22,0.275708227928
02/11/2025,FEU,Z24,23,0.263518252242
02/11/2025,FEU,Z14,23,0.197613486018
02/11/2025,FEU,Z24,24,0.182524979422
02/11/2025,FEU,Z14,24,0.182524979422
02/11/2025,FEU,Z24,3,0.149280307588
02/11/2025,FEU,Z14,3,0.149280307588
02/11/2025,FEU,Z24,4,0.142019562678
02/11/2025,FEU,Z14,4,0.142019562678
02/11/2025,FEU,Z24,5,0.137723220678
02/11/2025,FEU,Z14,5,0.137723220678
02/11/2025,FEU,Z24,6,0.138744889319
02/11/2025,FEU,Z14,6,0.138744889319
02/11/2025,FEU,Z24,7,0.154502307242
02/11/2025,FEU,Z14,7,0.154502307242
02/11/2025,FEU,Z24,8,0.184619297255
02/11/2025,FEU,Z14,8,0.184619297255
02/11/2025,FEU,Z24,9,0.217256060896
02/11/2025,FEU,Z14,9,0.217256060896
02/12/2025,FEU,Z24,1,0.154579973293
02/12/2025,FEU,Z14,1,0.154579973293
02/12/2025,FEU,Z24,10,0.207271710705
02/12/2025,FEU,Z14,10,0.207271710705
02/12/2025,FEU,Z24,11,0.155735795643
02/12/2025,FEU,Z14,11,0.221348389693
02/12/2025,FEU,Z24,12,0.19475760873
02/12/2025,FEU,Z14,12,0.19475760873
02/12/2025,FEU,Z24,13,0.18083600473
02/12/2025,FEU,Z14,13,0.18083600473
02/12/2025,FEU,Z24,14,0.187040739693
02/12/2025,FEU,Z14,14,0.187040739693
02/12/2025,FEU,Z24,15,0.17055088673
02/12/2025,FEU,Z14,15,0.10510975468
02/12/2025,FEU,Z24,16,0.103597114755
02/12/2025,FEU,Z14,16,0.103597114755
02/12/2025,FEU,Z24,17,0.128037933793
02/12/2025,FEU,Z14,17,0.128037933793
02/12/2025,FEU,Z24,18,0.158273661843
02/12/2025,FEU,Z14,18,0.158273661843
02/12/2025,FEU,Z24,19,0.202302662918
02/12/2025,FEU,Z14,19,0.26822691298
02/12/2025,FEU,Z24,2,0.147566820443
02/12/2025,FEU,Z14,2,0.147566820443
02/12/2025,FEU,Z24,20,0.323442434993
02/12/2025,FEU,Z14,20,0.323442434993
02/12/2025,FEU,Z24,21,0.303232847018
02/12/2025,FEU,Z14,21,0.303232847018
02/12/2025,FEU,Z24,22,0.279847871105
02/12/2025,FEU,Z14,22,0.279847871105
02/12/2025,FEU,Z24,23,0.27590769723
02/12/2025,FEU,Z14,23,0.209950870168
02/12/2025,FEU,Z24,24,0.199021755255
02/12/2025,FEU,Z14,24,0.199021755255
02/12/2025,FEU,Z24,3,0.149252070518
02/12/2025,FEU,Z14,3,0.149252070518
02/12/2025,FEU,Z24,4,0.144487815493
02/12/2025,FEU,Z14,4,0.144487815493
02/12/2025,FEU,Z24,5,0.14189308553
02/12/2025,FEU,Z14,5,0.14189308553
02/12/2025,FEU,Z24,6,0.144244670443
02/12/2025,FEU,Z14,6,0.144244670443
02/12/2025,FEU,Z24,7,0.14770888518
02/12/2025,FEU,Z14,7,0.14770888518
02/12/2025,FEU,Z24,8,0.19419964488
02/12/2025,FEU,Z14,8,0.19419964488
02/12/2025,FEU,Z24,9,0.244805862768
02/12/2025,FEU,Z14,9,0.244805862768
02/13/2025,FEU,Z24,1,0.155305056152
02/13/2025,FEU,Z14,1,0.155305056152
02/13/2025,FEU,Z24,10,0.201847506272
02/13/2025,FEU,Z14,10,0.201847506272
02/13/2025,FEU,Z24,11,0.143187828587
02/13/2025,FEU,Z14,11,0.208854714289
02/13/2025,FEU,Z24,12,0.199514698429
02/13/2025,FEU,Z14,12,0.199514698429
02/13/2025,FEU,Z24,13,0.197011974289
02/13/2025,FEU,Z14,13,0.197011974289
02/13/2025,FEU,Z24,14,0.18620892057
02/13/2025,FEU,Z14,14,0.18620892057
02/13/2025,FEU,Z24,15,0.183228014991
02/13/2025,FEU,Z14,15,0.117744021429
02/13/2025,FEU,Z24,16,0.122772292552
02/13/2025,FEU,Z14,16,0.122772292552
02/13/2025,FEU,Z24,17,0.135061902255
02/13/2025,FEU,Z14,17,0.135061902255
02/13/2025,FEU,Z24,18,0.180037586395
02/13/2025,FEU,Z14,18,0.180037586395
02/13/2025,FEU,Z24,19,0.243294857097
02/13/2025,FEU,Z14,19,0.309209571659
02/13/2025,FEU,Z24,2,0.148368011275
02/13/2025,FEU,Z14,2,0.148368011275
02/13/2025,FEU,Z24,20,0.32065822794
02/13/2025,FEU,Z14,20,0.32065822794
02/13/2025,FEU,Z24,21,0.325841358782
02/13/2025,FEU,Z14,21,0.325841358782
02/13/2025,FEU,Z24,22,0.286483265344
02/13/2025,FEU,Z14,22,0.286483265344
02/13/2025,FEU,Z24,23,0.269915551046
02/13/2025,FEU,Z14,23,0.203982905344
02/13/2025,FEU,Z24,24,0.193206290748
02/13/2025,FEU,Z14,24,0.193206290748
02/13/2025,FEU,Z24,3,0.159284111978
02/13/2025,FEU,Z14,3,0.159284111978
02/13/2025,FEU,Z24,4,0.148444934118
02/13/2025,FEU,Z14,4,0.148444934118
02/13/2025,FEU,Z24,5,0.143245955837
02/13/2025,FEU,Z14,5,0.143245955837
02/13/2025,FEU,Z24,6,0.133005006854
02/13/2025,FEU,Z14,6,0.133005006854
02/13/2025,FEU,Z24,7,0.158953108467
02/13/2025,FEU,Z14,7,0.158953108467
02/13/2025,FEU,Z24,8,0.191148983378
02/13/2025,FEU,Z14,8,0.191148983378
02/13/2025,FEU,Z24,9,0.255648697974
02/13/2025,FEU,Z14,9,0.255648697974
02/14/2025,FEU,Z24,1,0.158661886136
02/14/2025,FEU,Z14,1,0.158661886136
02/14/2025,FEU,Z24,10,0.181428126177
02/14/2025,FEU,Z14,10,0.181428126177
02/14/2025,FEU,Z24,11,0.136450155094
02/14/2025,FEU,Z14,11,0.201996871636
02/14/2025,FEU,Z24,12,0.175397144
02/14/2025,FEU,Z14,12,0.175397144
02/14/2025,FEU,Z24,13,0.163881605365
02/14/2025,FEU,Z14,13,0.163881605365
02/14/2025,FEU,Z24,14,0.167093496636
02/14/2025,FEU,Z14,14,0.167093496636
02/14/2025,FEU,Z24,15,0.155467330542
02/14/2025,FEU,Z14,15,0.090024710365
02/14/2025,FEU,Z24,16,0.090683079719
02/14/2025,FEU,Z14,16,0.090683079719
02/14/2025,FEU,Z24,17,0.10487717799
02/14/2025,FEU,Z14,17,0.10487717799
02/14/2025,FEU,Z24,18,0.16354889799
02/14/2025,FEU,Z14,18,0.16354889799
02/14/2025,FEU,Z24,19,0.225626326167
02/14/2025,FEU,Z14,19,0.291480456709
02/14/2025,FEU,Z24,2,0.158174696678
02/14/2025,FEU,Z14,2,0.158174696678
02/14/2025,FEU,Z24,20,0.331108388886
02/14/2025,FEU,Z14,20,0.331108388886
02/14/2025,FEU,Z24,21,0.309416285063
02/14/2025,FEU,Z14,21,0.309416285063
02/14/2025,FEU,Z24,22,0.281604688876
02/14/2025,FEU,Z14,22,0.281604688876
02/14/2025,FEU,Z24,23,0.273677564688
02/14/2025,FEU,Z14,23,0.207730097511
02/14/2025,FEU,Z24,24,0.195152267324
02/14/2025,FEU,Z14,24,0.195152267324
02/14/2025,FEU,Z24,3,0.148688638855
02/14/2025,FEU,Z14,3,0.148688638855
02/14/2025,FEU,Z24,4,0.139581591491
02/14/2025,FEU,Z14,4,0.139581591491
02/14/2025,FEU,Z24,5,0.134781048126
02/14/2025,FEU,Z14,5,0.134781048126
02/14/2025,FEU,Z24,6,0.146391871584
02/14/2025,FEU,Z14,6,0.146391871584
02/14/2025,FEU,Z24,7,0.160958820511
02/14/2025,FEU,Z14,7,0.160958820511
02/14/2025,FEU,Z24,8,0.193230536167
02/14/2025,FEU,Z14,8,0.193230536167
02/14/2025,FEU,Z24,9,0.250803312719
02/14/2025,FEU,Z14,9,0.250803312719
02/15/2025,FEU,Z24,1,0.163204459063
02/15/2025,FEU,Z14,1,0.163204459063
02/15/2025,FEU,Z24,10,0.124399046568
02/15/2025,FEU,Z14,10,0.124399046568
02/15/2025,FEU,Z24,11,0.097251738727
02/15/2025,FEU,Z14,11,0.097251738727
02/15/2025,FEU,Z24,12,0.077852271855
02/15/2025,FEU,Z14,12,0.077852271855
02/15/2025,FEU,Z24,13,0.058833646242
02/15/2025,FEU,Z14,13,0.058833646242
02/15/2025,FEU,Z24,14,0.050217998885
02/15/2025,FEU,Z14,14,0.050217998885
02/15/2025,FEU,Z24,15,0.041365225499
02/15/2025,FEU,Z14,15,0.041365225499
02/15/2025,FEU,Z24,16,0.051511822568
02/15/2025,FEU,Z14,16,0.051511822568
02/15/2025,FEU,Z24,17,0.076445845538
02/15/2025,FEU,Z14,17,0.076445845538
02/15/2025,FEU,Z24,18,0.106243475796
02/15/2025,FEU,Z14,18,0.106243475796
02/15/2025,FEU,Z24,19,0.143571554895
02/15/2025,FEU,Z14,19,0.143571554895
02/15/2025,FEU,Z24,2,0.161740741033
02/15/2025,FEU,Z14,2,0.161740741033
02/15/2025,FEU,Z24,20,0.166799137152
02/15/2025,FEU,Z14,20,0.166799137152
02/15/2025,FEU,Z24,21,0.167162252509
02/15/2025,FEU,Z14,21,0.167162252509
02/15/2025,FEU,Z24,22,0.163116011994
02/15/2025,FEU,Z14,22,0.163116011994
02/15/2025,FEU,Z24,23,0.16207156435
02/15/2025,FEU,Z14,23,0.16207156435
02/15/2025,FEU,Z24,24,0.15637609232
02/15/2025,FEU,Z14,24,0.15637609232
02/15/2025,FEU,Z24,3,0.152444988261
02/15/2025,FEU,Z14,3,0.152444988261
02/15/2025,FEU,Z24,4,0.146544829746
02/15/2025,FEU,Z14,4,0.146544829746
02/15/2025,FEU,Z24,5,0.147013995617
02/15/2025,FEU,Z14,5,0.147013995617
02/15/2025,FEU,Z24,6,0.147100099746
02/15/2025,FEU,Z14,6,0.147100099746
02/15/2025,FEU,Z24,7,0.143398496905
02/15/2025,FEU,Z14,7,0.143398496905
02/15/2025,FEU,Z24,8,0.145877414707
02/15/2025,FEU,Z14,8,0.145877414707
02/15/2025,FEU,Z24,9,0.142025999994
02/15/2025,FEU,Z14,9,0.142025999994
02/16/2025,FEU,Z24,1,0.140620966298
02/16/2025,FEU,Z14,1,0.140620966298
02/16/2025,FEU,Z24,10,0.123000436762
02/16/2025,FEU,Z14,10,0.123000436762
02/16/2025,FEU,Z24,11,0.092823436764
02/16/2025,FEU,Z14,11,0.092823436764
02/16/2025,FEU,Z24,12,0.07857422061
02/16/2025,FEU,Z14,12,0.07857422061
02/16/2025,FEU,Z24,13,0.064197866303
02/16/2025,FEU,Z14,13,0.064197866303
02/16/2025,FEU,Z24,14,0.058130241149
02/16/2025,FEU,Z14,14,0.058130241149
02/16/2025,FEU,Z24,15,0.041242939226
02/16/2025,FEU,Z14,15,0.041242939226
02/16/2025,FEU,Z24,16,0.031846892148
02/16/2025,FEU,Z14,16,0.031846892148
02/16/2025,FEU,Z24,17,0.068880284608
02/16/2025,FEU,Z14,17,0.068880284608
02/16/2025,FEU,Z24,18,0.114741539992
02/16/2025,FEU,Z14,18,0.114741539992
02/16/2025,FEU,Z24,19,0.164910129223
02/16/2025,FEU,Z14,19,0.164910129223
02/16/2025,FEU,Z24,2,0.135728165142
02/16/2025,FEU,Z14,2,0.135728165142
02/16/2025,FEU,Z24,20,0.206827190992
02/16/2025,FEU,Z14,20,0.206827190992
02/16/2025,FEU,Z24,21,0.198888775223
02/16/2025,FEU,Z14,21,0.198888775223
02/16/2025,FEU,Z24,22,0.182891897223
02/16/2025,FEU,Z14,22,0.182891897223
02/16/2025,FEU,Z24,23,0.182889193683
02/16/2025,FEU,Z14,23,0.182889193683
02/16/2025,FEU,Z24,24,0.178297382144
02/16/2025,FEU,Z14,24,0.178297382144
02/16/2025,FEU,Z24,3,0.14492844768
02/16/2025,FEU,Z14,3,0.14492844768
02/16/2025,FEU,Z24,4,0.148523781217
02/16/2025,FEU,Z14,4,0.148523781217
02/16/2025,FEU,Z24,5,0.144363821217
02/16/2025,FEU,Z14,5,0.144363821217
02/16/2025,FEU,Z24,6,0.145407570217
02/16/2025,FEU,Z14,6,0.145407570217
02/16/2025,FEU,Z24,7,0.152549299757
02/16/2025,FEU,Z14,7,0.152549299757
02/16/2025,FEU,Z24,8,0.154360236758
02/16/2025,FEU,Z14,8,0.154360236758
02/16/2025,FEU,Z24,9,0.150702574144
02/16/2025,FEU,Z14,9,0.150702574144
02/17/2025,FEU,Z24,1,0.148330135222
02/17/2025,FEU,Z14,1,0.148330135222
02/17/2025,FEU,Z24,10,0.178721187677
02/17/2025,FEU,Z14,10,0.178721187677
02/17/2025,FEU,Z24,11,0.156747684328
02/17/2025,FEU,Z14,11,0.222362047808
02/17/2025,FEU,Z24,12,0.218371176938
02/17/2025,FEU,Z14,12,0.218371176938
02/17/2025,FEU,Z24,13,0.210526049198
02/17/2025,FEU,Z14,13,0.210526049198
02/17/2025,FEU,Z24,14,0.196805630198
02/17/2025,FEU,Z14,14,0.196805630198
02/17/2025,FEU,Z24,15,0.196260710938
02/17/2025,FEU,Z14,15,0.130734828458
02/17/2025,FEU,Z24,16,0.133053135287
02/17/2025,FEU,Z14,16,0.133053135287
02/17/2025,FEU,Z24,17,0.146098620767
02/17/2025,FEU,Z14,17,0.146098620767
02/17/2025,FEU,Z24,18,0.168463543027
02/17/2025,FEU,Z14,18,0.168463543027
02/17/2025,FEU,Z24,19,0.227919638117
02/17/2025,FEU,Z14,19,0.293951177466
02/17/2025,FEU,Z24,2,0.144332196442
02/17/2025,FEU,Z14,2,0.144332196442
02/17/2025,FEU,Z24,20,0.337989424686
02/17/2025,FEU,Z14,20,0.337989424686
02/17/2025,FEU,Z24,21,0.319630526165
02/17/2025,FEU,Z14,21,0.319630526165
02/17/2025,FEU,Z24,22,0.266562895995
02/17/2025,FEU,Z14,22,0.266562895995
02/17/2025,FEU,Z24,23,0.249650905824
02/17/2025,FEU,Z14,23,0.183801021474
02/17/2025,FEU,Z24,24,0.174872245173
02/17/2025,FEU,Z14,24,0.174872245173
02/17/2025,FEU,Z24,3,0.150626849271
02/17/2025,FEU,Z14,3,0.150626849271
02/17/2025,FEU,Z24,4,0.147440833141
02/17/2025,FEU,Z14,4,0.147440833141
02/17/2025,FEU,Z24,5,0.147463837401
02/17/2025,FEU,Z14,5,0.147463837401
02/17/2025,FEU,Z24,6,0.150392372572
02/17/2025,FEU,Z14,6,0.150392372572
02/17/2025,FEU,Z24,7,0.152814832604
02/17/2025,FEU,Z14,7,0.152814832604
02/17/2025,FEU,Z24,8,0.236499177336
02/17/2025,FEU,Z14,8,0.236499177336
02/17/2025,FEU,Z24,9,0.265430020767
02/17/2025,FEU,Z14,9,0.265430020767
02/18/2025,FEU,Z24,1,0.149449338644
02/18/2025,FEU,Z14,1,0.149449338644
02/18/2025,FEU,Z24,10,0.13928063838
02/18/2025,FEU,Z14,10,0.13928063838
02/18/2025,FEU,Z24,11,0.121547300933
02/18/2025,FEU,Z14,11,0.18704207838
02/18/2025,FEU,Z24,12,0.167569936794
02/18/2025,FEU,Z14,12,0.167569936794
02/18/2025,FEU,Z24,13,0.125686067209
02/18/2025,FEU,Z14,13,0.125686067209
02/18/2025,FEU,Z24,14,0.113095505623
02/18/2025,FEU,Z14,14,0.113095505623
02/18/2025,FEU,Z24,15,0.116867534071
02/18/2025,FEU,Z14,15,0.051617048623
02/18/2025,FEU,Z24,16,0.071443317518
02/18/2025,FEU,Z14,16,0.071443317518
02/18/2025,FEU,Z24,17,0.114662794104
02/18/2025,FEU,Z14,17,0.114662794104
02/18/2025,FEU,Z24,18,0.140208887689
02/18/2025,FEU,Z14,18,0.140208887689
02/18/2025,FEU,Z24,19,0.177764900446
02/18/2025,FEU,Z14,19,0.243584639755
02/18/2025,FEU,Z24,2,0.132792421816
02/18/2025,FEU,Z14,2,0.132792421816
02/18/2025,FEU,Z24,20,0.296928475617
02/18/2025,FEU,Z14,20,0.296928475617
02/18/2025,FEU,Z24,21,0.281313082788
02/18/2025,FEU,Z14,21,0.281313082788
02/18/2025,FEU,Z24,22,0.26961747396
02/18/2025,FEU,Z14,22,0.26961747396
02/18/2025,FEU,Z24,23,0.260853394993
02/18/2025,FEU,Z14,23,0.194959649683
02/18/2025,FEU,Z24,24,0.18715477844
02/18/2025,FEU,Z14,24,0.18715477844
02/18/2025,FEU,Z24,3,0.121832513849
02/18/2025,FEU,Z14,3,0.121832513849
02/18/2025,FEU,Z24,4,0.111705428572
02/18/2025,FEU,Z14,4,0.111705428572
02/18/2025,FEU,Z24,5,0.104222198572
02/18/2025,FEU,Z14,5,0.104222198572
02/18/2025,FEU,Z24,6,0.100727574677
02/18/2025,FEU,Z14,6,0.100727574677
02/18/2025,FEU,Z24,7,0.109245588993
02/18/2025,FEU,Z14,7,0.109245588993
02/18/2025,FEU,Z24,8,0.136113512032
02/18/2025,FEU,Z14,8,0.136113512032
02/18/2025,FEU,Z24,9,0.170382342137
02/18/2025,FEU,Z14,9,0.170382342137
02/19/2025,FEU,Z24,1,0.134072338861
02/19/2025,FEU,Z14,1,0.134072338861
02/19/2025,FEU,Z24,10,0.184137082509
02/19/2025,FEU,Z14,10,0.184137082509
02/19/2025,FEU,Z24,11,0.157688668961
02/19/2025,FEU,Z14,11,0.2233079338
02/19/2025,FEU,Z24,12,0.216526691928
02/19/2025,FEU,Z14,12,0.216526691928
02/19/2025,FEU,Z24,13,0.212053825928
02/19/2025,FEU,Z14,13,0.212053825928
02/19/2025,FEU,Z24,14,0.2009653088
02/19/2025,FEU,Z14,14,0.2009653088
02/19/2025,FEU,Z24,15,0.194222439928
02/19/2025,FEU,Z14,15,0.12869975509
02/19/2025,FEU,Z24,16,0.129380937348
02/19/2025,FEU,Z14,16,0.129380937348
02/19/2025,FEU,Z24,17,0.145840542477
02/19/2025,FEU,Z14,17,0.145840542477
02/19/2025,FEU,Z24,18,0.167338421315
02/19/2025,FEU,Z14,18,0.167338421315
02/19/2025,FEU,Z24,19,0.200077356573
02/19/2025,FEU,Z14,19,0.265992280121
02/19/2025,FEU,Z24,2,0.131170586377
02/19/2025,FEU,Z14,2,0.131170586377
02/19/2025,FEU,Z24,20,0.30702416483
02/19/2025,FEU,Z14,20,0.30702416483
02/19/2025,FEU,Z24,21,0.33248764225
02/19/2025,FEU,Z14,21,0.33248764225
02/19/2025,FEU,Z24,22,0.291257065217
02/19/2025,FEU,Z14,22,0.291257065217
02/19/2025,FEU,Z24,23,0.256571578313
02/19/2025,FEU,Z14,23,0.190692914765
02/19/2025,FEU,Z24,24,0.169275345732
02/19/2025,FEU,Z14,24,0.169275345732
02/19/2025,FEU,Z24,3,0.134148724634
02/19/2025,FEU,Z14,3,0.134148724634
02/19/2025,FEU,Z24,4,0.129120123215
02/19/2025,FEU,Z14,4,0.129120123215
02/19/2025,FEU,Z24,5,0.126260897344
02/19/2025,FEU,Z14,5,0.126260897344
02/19/2025,FEU,Z24,6,0.130881596377
02/19/2025,FEU,Z14,6,0.130881596377
02/19/2025,FEU,Z24,7,0.146862359475
02/19/2025,FEU,Z14,7,0.146862359475
02/19/2025,FEU,Z24,8,0.174958174444
02/19/2025,FEU,Z14,8,0.174958174444
02/19/2025,FEU,Z24,9,0.220674132057
02/19/2025,FEU,Z14,9,0.220674132057
02/20/2025,FEU,Z24,1,0.14156547115
02/20/2025,FEU,Z14,1,0.14156547115
02/20/2025,FEU,Z24,10,0.162608869396
02/20/2025,FEU,Z14,10,0.162608869396
02/20/2025,FEU,Z24,11,0.132142650783
02/20/2025,FEU,Z14,11,0.197763302288
02/20/2025,FEU,Z24,12,0.169523234589
02/20/2025,FEU,Z14,12,0.169523234589
02/20/2025,FEU,Z24,13,0.147565622288
02/20/2025,FEU,Z14,13,0.147565622288
02/20/2025,FEU,Z24,14,0.136999172891
02/20/2025,FEU,Z14,14,0.136999172891
02/20/2025,FEU,Z24,15,0.128023178794
02/20/2025,FEU,Z14,15,0.062727116589
02/20/2025,FEU,Z24,16,0.072490489998
02/20/2025,FEU,Z14,16,0.072490489998
02/20/2025,FEU,Z24,17,0.100842124504
02/20/2025,FEU,Z14,17,0.100842124504
02/20/2025,FEU,Z24,18,0.135131016805
02/20/2025,FEU,Z14,18,0.135131016805
02/20/2025,FEU,Z24,19,0.18923453831
02/20/2025,FEU,Z14,19,0.254967537515
02/20/2025,FEU,Z24,2,0.138812113559
02/20/2025,FEU,Z14,2,0.138812113559
02/20/2025,FEU,Z24,20,0.273852960117
02/20/2025,FEU,Z14,20,0.273852960117
02/20/2025,FEU,Z24,21,0.284549245924
02/20/2025,FEU,Z14,21,0.284549245924
02/20/2025,FEU,Z24,22,0.262305571128
02/20/2025,FEU,Z14,22,0.262305571128
02/20/2025,FEU,Z24,23,0.229838911634
02/20/2025,FEU,Z14,23,0.164071735128
02/20/2025,FEU,Z24,24,0.153495574139
02/20/2025,FEU,Z14,24,0.153495574139
02/20/2025,FEU,Z24,3,0.140192560064
02/20/2025,FEU,Z14,3,0.140192560064
02/20/2025,FEU,Z24,4,0.129955493365
02/20/2025,FEU,Z14,4,0.129955493365
02/20/2025,FEU,Z24,5,0.128895258763
02/20/2025,FEU,Z14,5,0.128895258763
02/20/2025,FEU,Z24,6,0.129895698656
02/20/2025,FEU,Z14,6,0.129895698656
02/20/2025,FEU,Z24,7,0.139285289537
02/20/2025,FEU,Z14,7,0.139285289537
02/20/2025,FEU,Z24,8,0.150635478913
02/20/2025,FEU,Z14,8,0.150635478913
02/20/2025,FEU,Z24,9,0.195951977902
02/20/2025,FEU,Z14,9,0.195951977902
02/21/2025,FEU,Z24,1,0.132004136639
02/21/2025,FEU,Z14,1,0.132004136639
02/21/2025,FEU,Z24,10,0.140409519346
02/21/2025,FEU,Z14,10,0.140409519346
02/21/2025,FEU,Z24,11,0.113397831383
02/21/2025,FEU,Z14,11,0.178866978865
02/21/2025,FEU,Z24,12,0.140248740244
02/21/2025,FEU,Z14,12,0.140248740244
02/21/2025,FEU,Z24,13,0.128060513624
02/21/2025,FEU,Z14,13,0.128060513624
02/21/2025,FEU,Z24,14,0.125460878865
02/21/2025,FEU,Z14,14,0.125460878865
02/21/2025,FEU,Z24,15,0.125820586726
02/21/2025,FEU,Z14,15,0.060502628624
02/21/2025,FEU,Z24,16,0.061498451827
02/21/2025,FEU,Z14,16,0.061498451827
02/21/2025,FEU,Z24,17,0.064935550068
02/21/2025,FEU,Z14,17,0.064935550068
02/21/2025,FEU,Z24,18,0.112022710068
02/21/2025,FEU,Z14,18,0.112022710068
02/21/2025,FEU,Z24,19,0.124421568169
02/21/2025,FEU,Z14,19,0.18993670865
02/21/2025,FEU,Z24,2,0.129013796121
02/21/2025,FEU,Z14,2,0.129013796121
02/21/2025,FEU,Z24,20,0.236916129752
02/21/2025,FEU,Z14,20,0.236916129752
02/21/2025,FEU,Z24,21,0.226859190854
02/21/2025,FEU,Z14,21,0.226859190854
02/21/2025,FEU,Z24,22,0.211289150575
02/21/2025,FEU,Z14,22,0.211289150575
02/21/2025,FEU,Z24,23,0.210445546297
02/21/2025,FEU,Z14,23,0.144758079196
02/21/2025,FEU,Z24,24,0.148671367918
02/21/2025,FEU,Z14,24,0.148671367918
02/21/2025,FEU,Z24,3,0.109451884222
02/21/2025,FEU,Z14,3,0.109451884222
02/21/2025,FEU,Z24,4,0.107334923843
02/21/2025,FEU,Z14,4,0.107334923843
02/21/2025,FEU,Z24,5,0.093764103463
02/21/2025,FEU,Z14,5,0.093764103463
02/21/2025,FEU,Z24,6,0.091921302982
02/21/2025,FEU,Z14,6,0.091921302982
02/21/2025,FEU,Z24,7,0.108646024196
02/21/2025,FEU,Z14,7,0.108646024196
02/21/2025,FEU,Z24,8,0.116116138169
02/21/2025,FEU,Z14,8,0.116116138169
02/21/2025,FEU,Z24,9,0.144536770827
02/21/2025,FEU,Z14,9,0.144536770827
02/22/2025,FEU,Z24,1,0.103650259257
02/22/2025,FEU,Z14,1,0.103650259257
02/22/2025,FEU,Z24,10,0.116667221818
02/22/2025,FEU,Z14,10,0.116667221818
02/22/2025,FEU,Z24,11,0.102742715848
02/22/2025,FEU,Z14,11,0.102742715848
02/22/2025,FEU,Z24,12,0.100930313407
02/22/2025,FEU,Z14,12,0.100930313407
02/22/2025,FEU,Z24,13,0.085564606084
02/22/2025,FEU,Z14,13,0.085564606084
02/22/2025,FEU,Z24,14,0.077562301878
02/22/2025,FEU,Z14,14,0.077562301878
02/22/2025,FEU,Z24,15,0.074383100201
02/22/2025,FEU,Z14,15,0.074383100201
02/22/2025,FEU,Z24,16,0.073792173818
02/22/2025,FEU,Z14,16,0.073792173818
02/22/2025,FEU,Z24,17,0.082966129347
02/22/2025,FEU,Z14,17,0.082966129347
02/22/2025,FEU,Z24,18,0.121070606465
02/22/2025,FEU,Z14,18,0.121070606465
02/22/2025,FEU,Z24,19,0.169483356553
02/22/2025,FEU,Z14,19,0.169483356553
02/22/2025,FEU,Z24,2,0.099052844786
02/22/2025,FEU,Z14,2,0.099052844786
02/22/2025,FEU,Z24,20,0.17700005967
02/22/2025,FEU,Z14,20,0.17700005967
02/22/2025,FEU,Z24,21,0.165507980876
02/22/2025,FEU,Z14,21,0.165507980876
02/22/2025,FEU,Z24,22,0.156952470641
02/22/2025,FEU,Z14,22,0.156952470641
02/22/2025,FEU,Z24,23,0.153930527846
02/22/2025,FEU,Z14,23,0.153930527846
02/22/2025,FEU,Z24,24,0.152908815375
02/22/2025,FEU,Z14,24,0.152908815375
02/22/2025,FEU,Z24,3,0.101749604433
02/22/2025,FEU,Z14,3,0.101749604433
02/22/2025,FEU,Z24,4,0.096329709198
02/22/2025,FEU,Z14,4,0.096329709198
02/22/2025,FEU,Z24,5,0.093898971639
02/22/2025,FEU,Z14,5,0.093898971639
02/22/2025,FEU,Z24,6,0.108235644198
02/22/2025,FEU,Z14,6,0.108235644198
02/22/2025,FEU,Z24,7,0.108202865228
02/22/2025,FEU,Z14,7,0.108202865228
02/22/2025,FEU,Z24,8,0.111638893052
02/22/2025,FEU,Z14,8,0.111638893052
02/22/2025,FEU,Z24,9,0.114170082641
02/22/2025,FEU,Z14,9,0.114170082641
02/23/2025,FEU,Z24,1,0.140152377965
02/23/2025,FEU,Z14,1,0.140152377965
02/23/2025,FEU,Z24,10,0.113943352161
02/23/2025,FEU,Z14,10,0.113943352161
02/23/2025,FEU,Z24,11,0.061867455788
02/23/2025,FEU,Z14,11,0.061867455788
02/23/2025,FEU,Z24,12,0.046205044808
02/23/2025,FEU,Z14,12,0.046205044808
02/23/2025,FEU,Z24,13,0.035015541847
02/23/2025,FEU,Z14,13,0.035015541847
02/23/2025,FEU,Z24,14,0.041215981867
02/23/2025,FEU,Z14,14,0.041215981867
02/23/2025,FEU,Z24,15,0.040995138357
02/23/2025,FEU,Z14,15,0.040995138357
02/23/2025,FEU,Z24,16,0.032656188239
02/23/2025,FEU,Z14,16,0.032656188239
02/23/2025,FEU,Z24,17,0.04152146718
02/23/2025,FEU,Z14,17,0.04152146718
02/23/2025,FEU,Z24,18,0.094092068631
02/23/2025,FEU,Z14,18,0.094092068631
02/23/2025,FEU,Z24,19,0.151049179102
02/23/2025,FEU,Z14,19,0.151049179102
02/23/2025,FEU,Z24,2,0.133456351357
02/23/2025,FEU,Z14,2,0.133456351357
02/23/2025,FEU,Z24,20,0.170464994631
02/23/2025,FEU,Z14,20,0.170464994631
02/23/2025,FEU,Z24,21,0.185325255102
02/23/2025,FEU,Z14,21,0.185325255102
02/23/2025,FEU,Z24,22,0.174676047102
02/23/2025,FEU,Z14,22,0.174676047102
02/23/2025,FEU,Z24,23,0.151162378043
02/23/2025,FEU,Z14,23,0.151162378043
02/23/2025,FEU,Z24,24,0.132237068984
02/23/2025,FEU,Z14,24,0.132237068984
02/23/2025,FEU,Z24,3,0.135079332788
02/23/2025,FEU,Z14,3,0.135079332788
02/23/2025,FEU,Z24,4,0.13733500922
02/23/2025,FEU,Z14,4,0.13733500922
02/23/2025,FEU,Z24,5,0.13579632522
02/23/2025,FEU,Z14,5,0.13579632522
02/23/2025,FEU,Z24,6,0.13704306022
02/23/2025,FEU,Z14,6,0.13704306022
02/23/2025,FEU,Z24,7,0.139945139278
02/23/2025,FEU,Z14,7,0.139945139278
02/23/2025,FEU,Z24,8,0.137114362906
02/23/2025,FEU,Z14,8,0.137114362906
02/23/2025,FEU,Z24,9,0.129972646984
02/23/2025,FEU,Z14,9,0.129972646984
02/24/2025,FEU,Z24,1,0.122536313317
02/24/2025,FEU,Z14,1,0.122536313317
02/24/2025,FEU,Z24,10,0.167075840989
02/24/2025,FEU,Z14,10,0.167075840989
02/24/2025,FEU,Z24,11,0.152076935579
02/24/2025,FEU,Z14,11,0.217675275907
02/24/2025,FEU,Z24,12,0.201202321825
02/24/2025,FEU,Z14,12,0.201202321825
02/24/2025,FEU,Z24,13,0.180200634661
02/24/2025,FEU,Z14,13,0.180200634661
02/24/2025,FEU,Z24,14,0.159656766661
02/24/2025,FEU,Z14,14,0.159656766661
02/24/2025,FEU,Z24,15,0.150549551825
02/24/2025,FEU,Z14,15,0.085181245497
02/24/2025,FEU,Z24,16,0.087718200235
02/24/2025,FEU,Z14,16,0.087718200235
02/24/2025,FEU,Z24,17,0.098289740563
02/24/2025,FEU,Z14,17,0.098289740563
02/24/2025,FEU,Z24,18,0.127553104399
02/24/2025,FEU,Z14,18,0.127553104399
02/24/2025,FEU,Z24,19,0.174851691973
02/24/2025,FEU,Z14,19,0.240658937383
02/24/2025,FEU,Z24,2,0.110418407809
02/24/2025,FEU,Z14,2,0.110418407809
02/24/2025,FEU,Z24,20,0.297640835875
02/24/2025,FEU,Z14,20,0.297640835875
02/24/2025,FEU,Z24,21,0.267933486202
02/24/2025,FEU,Z14,21,0.267933486202
02/24/2025,FEU,Z24,22,0.24702302894
02/24/2025,FEU,Z14,22,0.24702302894
02/24/2025,FEU,Z24,23,0.231311451678
02/24/2025,FEU,Z14,23,0.165536976268
02/24/2025,FEU,Z24,24,0.145462277088
02/24/2025,FEU,Z14,24,0.145462277088
02/24/2025,FEU,Z24,3,0.103869738547
02/24/2025,FEU,Z14,3,0.103869738547
02/24/2025,FEU,Z24,4,0.098395250629
02/24/2025,FEU,Z14,4,0.098395250629
02/24/2025,FEU,Z24,5,0.095260352465
02/24/2025,FEU,Z14,5,0.095260352465
02/24/2025,FEU,Z24,6,0.103629273727
02/24/2025,FEU,Z14,6,0.103629273727
02/24/2025,FEU,Z24,7,0.118510379186
02/24/2025,FEU,Z14,7,0.118510379186
02/24/2025,FEU,Z24,8,0.144643234465
02/24/2025,FEU,Z14,8,0.144643234465
02/24/2025,FEU,Z24,9,0.181575518563
02/24/2025,FEU,Z14,9,0.181575518563
02/25/2025,FEU,Z24,1,0.106563667755
02/25/2025,FEU,Z14,1,0.106563667755
02/25/2025,FEU,Z24,10,0.18841460621
02/25/2025,FEU,Z14,10,0.18841460621
02/25/2025,FEU,Z24,11,0.166843887385
02/25/2025,FEU,Z14,11,0.23249288621
02/25/2025,FEU,Z24,12,0.210511854092
02/25/2025,FEU,Z14,12,0.210511854092
02/25/2025,FEU,Z24,13,0.194775105973
02/25/2025,FEU,Z14,13,0.194775105973
02/25/2025,FEU,Z24,14,0.187357528855
02/25/2025,FEU,Z14,14,0.187357528855
02/25/2025,FEU,Z24,15,0.173621492679
02/25/2025,FEU,Z14,15,0.108174982855
02/25/2025,FEU,Z24,16,0.105141898504
02/25/2025,FEU,Z14,16,0.105141898504
02/25/2025,FEU,Z24,17,0.108599855622
02/25/2025,FEU,Z14,17,0.108599855622
02/25/2025,FEU,Z24,18,0.132747454741
02/25/2025,FEU,Z14,18,0.132747454741
02/25/2025,FEU,Z24,19,0.165809868096
02/25/2025,FEU,Z14,19,0.231579121627
02/25/2025,FEU,Z24,2,0.108633941992
02/25/2025,FEU,Z14,2,0.108633941992
02/25/2025,FEU,Z24,20,0.267806610333
02/25/2025,FEU,Z14,20,0.267806610333
02/25/2025,FEU,Z24,21,0.26503533657
02/25/2025,FEU,Z14,21,0.26503533657
02/25/2025,FEU,Z24,22,0.255345940807
02/25/2025,FEU,Z14,22,0.255345940807
02/25/2025,FEU,Z24,23,0.23923265975
02/25/2025,FEU,Z14,23,0.17342712622
02/25/2025,FEU,Z24,24,0.159908183575
02/25/2025,FEU,Z14,24,0.159908183575
02/25/2025,FEU,Z24,3,0.110278645935
02/25/2025,FEU,Z14,3,0.110278645935
02/25/2025,FEU,Z24,4,0.109808987348
02/25/2025,FEU,Z14,4,0.109808987348
02/25/2025,FEU,Z24,5,0.118690824348
02/25/2025,FEU,Z14,5,0.118690824348
02/25/2025,FEU,Z24,6,0.128022303698
02/25/2025,FEU,Z14,6,0.128022303698
02/25/2025,FEU,Z24,7,0.13670904475
02/25/2025,FEU,Z14,7,0.13670904475
02/25/2025,FEU,Z24,8,0.162450483215
02/25/2025,FEU,Z14,8,0.162450483215
02/25/2025,FEU,Z24,9,0.201113972565
02/25/2025,FEU,Z14,9,0.201113972565
02/26/2025,FEU,Z24,1,0.134540714095
02/26/2025,FEU,Z14,1,0.134540714095
02/26/2025,FEU,Z24,10,0.16020897804
02/26/2025,FEU,Z14,10,0.16020897804
02/26/2025,FEU,Z24,11,0.11084629463
02/26/2025,FEU,Z14,11,0.176305551358
02/26/2025,FEU,Z24,12,0.182033641404
02/26/2025,FEU,Z14,12,0.182033641404
02/26/2025,FEU,Z24,13,0.169200509404
02/26/2025,FEU,Z14,13,0.169200509404
02/26/2025,FEU,Z24,14,0.165128951358
02/26/2025,FEU,Z14,14,0.165128951358
02/26/2025,FEU,Z24,15,0.161702539404
02/26/2025,FEU,Z14,15,0.096290278676
02/26/2025,FEU,Z24,16,0.101274484768
02/26/2025,FEU,Z14,16,0.101274484768
02/26/2025,FEU,Z24,17,0.116880669814
02/26/2025,FEU,Z14,17,0.116880669814
02/26/2025,FEU,Z24,18,0.145331408542
02/26/2025,FEU,Z14,18,0.145331408542
02/26/2025,FEU,Z24,19,0.180478719634
02/26/2025,FEU,Z14,19,0.246310305044
02/26/2025,FEU,Z24,2,0.117902947279
02/26/2025,FEU,Z14,2,0.117902947279
02/26/2025,FEU,Z24,20,0.289359264726
02/26/2025,FEU,Z14,20,0.289359264726
02/26/2025,FEU,Z24,21,0.36794233009
02/26/2025,FEU,Z14,21,0.36794233009
02/26/2025,FEU,Z24,22,0.314567807864
02/26/2025,FEU,Z14,22,0.314567807864
02/26/2025,FEU,Z24,23,0.248358570684
02/26/2025,FEU,Z14,23,0.182513622274
02/26/2025,FEU,Z24,24,0.183677412049
02/26/2025,FEU,Z14,24,0.183677412049
02/26/2025,FEU,Z24,3,0.129976448371
02/26/2025,FEU,Z14,3,0.129976448371
02/26/2025,FEU,Z24,4,0.120098930007
02/26/2025,FEU,Z14,4,0.120098930007
02/26/2025,FEU,Z24,5,0.122815555053
02/26/2025,FEU,Z14,5,0.122815555053
02/26/2025,FEU,Z24,6,0.132207952279
02/26/2025,FEU,Z14,6,0.132207952279
02/26/2025,FEU,Z24,7,0.145590053956
02/26/2025,FEU,Z14,7,0.145590053956
02/26/2025,FEU,Z24,8,0.169711431588
02/26/2025,FEU,Z14,8,0.169711431588
02/26/2025,FEU,Z24,9,0.19675176345
02/26/2025,FEU,Z14,9,0.19675176345
02/27/2025,FEU,Z24,1,0.146458851726
02/27/2025,FEU,Z14,1,0.146458851726
02/27/2025,FEU,Z24,10,0.176889808402
02/27/2025,FEU,Z14,10,0.176889808402
02/27/2025,FEU,Z24,11,0.154438814731
02/27/2025,FEU,Z14,11,0.220155157927
02/27/2025,FEU,Z24,12,0.209303671567
02/27/2025,FEU,Z14,12,0.209303671567
02/27/2025,FEU,Z24,13,0.199819387927
02/27/2025,FEU,Z14,13,0.199819387927
02/27/2025,FEU,Z24,14,0.193078597206
02/27/2025,FEU,Z14,14,0.193078597206
02/27/2025,FEU,Z24,15,0.190926026124
02/27/2025,FEU,Z14,15,0.125415826567
02/27/2025,FEU,Z24,16,0.128126719681
02/27/2025,FEU,Z14,16,0.128126719681
02/27/2025,FEU,Z24,17,0.144838780877
02/27/2025,FEU,Z14,17,0.144838780877
02/27/2025,FEU,Z24,18,0.163066607516
02/27/2025,FEU,Z14,18,0.163066607516
02/27/2025,FEU,Z24,19,0.184668910712
02/27/2025,FEU,Z14,19,0.250386563269
02/27/2025,FEU,Z24,2,0.14452595084
02/27/2025,FEU,Z14,2,0.14452595084
02/27/2025,FEU,Z24,20,0.285389980548
02/27/2025,FEU,Z14,20,0.285389980548
02/27/2025,FEU,Z24,21,0.353082884384
02/27/2025,FEU,Z14,21,0.353082884384
02/27/2025,FEU,Z24,22,0.264534666941
02/27/2025,FEU,Z14,22,0.264534666941
02/27/2025,FEU,Z24,23,0.236626976137
02/27/2025,FEU,Z14,23,0.170831772941
02/27/2025,FEU,Z24,24,0.163397873333
02/27/2025,FEU,Z14,24,0.163397873333
02/27/2025,FEU,Z24,3,0.137740998036
02/27/2025,FEU,Z14,3,0.137740998036
02/27/2025,FEU,Z24,4,0.132814112675
02/27/2025,FEU,Z14,4,0.132814112675
02/27/2025,FEU,Z24,5,0.129840271397
02/27/2025,FEU,Z14,5,0.129840271397
02/27/2025,FEU,Z24,6,0.132072522922
02/27/2025,FEU,Z14,6,0.132072522922
02/27/2025,FEU,Z24,7,0.143329534055
02/27/2025,FEU,Z14,7,0.143329534055
02/27/2025,FEU,Z24,8,0.171693753991
02/27/2025,FEU,Z14,8,0.171693753991
02/27/2025,FEU,Z24,9,0.224957475598
02/27/2025,FEU,Z14,9,0.224957475598
02/28/2025,FEU,Z24,1,0.147684310137
02/28/2025,FEU,Z14,1,0.147684310137
02/28/2025,FEU,Z24,10,0.165878364588
02/28/2025,FEU,Z14,10,0.165878364588
02/28/2025,FEU,Z24,11,0.149097024033
02/28/2025,FEU,Z14,11,0.21468694081
02/28/2025,FEU,Z24,12,0.204785955116
02/28/2025,FEU,Z14,12,0.204785955116
02/28/2025,FEU,Z24,13,0.202094495422
02/28/2025,FEU,Z14,13,0.202094495422
02/28/2025,FEU,Z24,14,0.18685706581
02/28/2025,FEU,Z14,14,0.18685706581
02/28/2025,FEU,Z24,15,0.194130537893
02/28/2025,FEU,Z14,15,0.128522639422
02/28/2025,FEU,Z24,16,0.138830066365
02/28/2025,FEU,Z14,16,0.138830066365
02/28/2025,FEU,Z24,17,0.144069937754
02/28/2025,FEU,Z14,17,0.144069937754
02/28/2025,FEU,Z24,18,0.168636172754
02/28/2025,FEU,Z14,18,0.168636172754
02/28/2025,FEU,Z24,19,0.173227126225
02/28/2025,FEU,Z14,19,0.238906319002
02/28/2025,FEU,Z24,2,0.142040945914
02/28/2025,FEU,Z14,2,0.142040945914
02/28/2025,FEU,Z24,20,0.274076825474
02/28/2025,FEU,Z14,20,0.274076825474
02/28/2025,FEU,Z24,21,0.252819927945
02/28/2025,FEU,Z14,21,0.252819927945
02/28/2025,FEU,Z24,22,0.238631610111
02/28/2025,FEU,Z14,22,0.238631610111
02/28/2025,FEU,Z24,23,0.231467844277
02/28/2025,FEU,Z14,23,0.165692725805
02/28/2025,FEU,Z24,24,0.156922717971
02/28/2025,FEU,Z14,24,0.156922717971
02/28/2025,FEU,Z24,3,0.142007575386
02/28/2025,FEU,Z14,3,0.142007575386
02/28/2025,FEU,Z24,4,0.13424647308
02/28/2025,FEU,Z14,4,0.13424647308
02/28/2025,FEU,Z24,5,0.133400274775
02/28/2025,FEU,Z14,5,0.133400274775
02/28/2025,FEU,Z24,6,0.132628243997
02/28/2025,FEU,Z14,6,0.132628243997
02/28/2025,FEU,Z24,7,0.144887710805
02/28/2025,FEU,Z14,7,0.144887710805
02/28/2025,FEU,Z24,8,0.162445306225
02/28/2025,FEU,Z14,8,0.162445306225
02/28/2025,FEU,Z24,9,0.197175626365
02/28/2025,FEU,Z14,9,0.197175626365
03/01/2025,FEU,Z24,1,0.154171299421
03/01/2025,FEU,Z14,1,0.154171299421
03/01/2025,FEU,Z24,10,0.112339981755
03/01/2025,FEU,Z14,10,0.112339981755
03/01/2025,FEU,Z24,11,0.088574969199
03/01/2025,FEU,Z14,11,0.088574969199
03/01/2025,FEU,Z24,12,0.075643284542
03/01/2025,FEU,Z14,12,0.075643284542
03/01/2025,FEU,Z24,13,0.068968127782
03/01/2025,FEU,Z14,13,0.068968127782
03/01/2025,FEU,Z24,14,0.068457274782
03/01/2025,FEU,Z14,14,0.068457274782
03/01/2025,FEU,Z24,15,0.063358198301
03/01/2025,FEU,Z14,15,0.063358198301
03/01/2025,FEU,Z24,16,0.060209174338
03/01/2025,FEU,Z14,16,0.060209174338
03/01/2025,FEU,Z24,17,0.068117141134
03/01/2025,FEU,Z14,17,0.068117141134
03/01/2025,FEU,Z24,18,0.073702055551
03/01/2025,FEU,Z14,18,0.073702055551
03/01/2025,FEU,Z24,19,0.101975544727
03/01/2025,FEU,Z14,19,0.101975544727
03/01/2025,FEU,Z24,2,0.132959874597
03/01/2025,FEU,Z14,2,0.132959874597
03/01/2025,FEU,Z24,20,0.107865184106
03/01/2025,FEU,Z14,20,0.107865184106
03/01/2025,FEU,Z24,21,0.118532410588
03/01/2025,FEU,Z14,21,0.118532410588
03/01/2025,FEU,Z24,22,0.118735799347
03/01/2025,FEU,Z14,22,0.118735799347
03/01/2025,FEU,Z24,23,0.124656735004
03/01/2025,FEU,Z14,23,0.124656735004
03/01/2025,FEU,Z24,24,0.104611095903
03/01/2025,FEU,Z14,24,0.104611095903
03/01/2025,FEU,Z24,3,0.131629021014
03/01/2025,FEU,Z14,3,0.131629021014
03/01/2025,FEU,Z24,4,0.126153224532
03/01/2025,FEU,Z14,4,0.126153224532
03/01/2025,FEU,Z24,5,0.120299363291
03/01/2025,FEU,Z14,5,0.120299363291
03/01/2025,FEU,Z24,6,0.115429474532
03/01/2025,FEU,Z14,6,0.115429474532
03/01/2025,FEU,Z24,7,0.124006863115
03/01/2025,FEU,Z14,7,0.124006863115
03/01/2025,FEU,Z24,8,0.125930744319
03/01/2025,FEU,Z14,8,0.125930744319
03/01/2025,FEU,Z24,9,0.121622747967
03/01/2025,FEU,Z14,9,0.121622747967
03/02/2025,FEU,Z24,1,0.103153457008
03/02/2025,FEU,Z14,1,0.103153457008
03/02/2025,FEU,Z24,10,0.096147393611
03/02/2025,FEU,Z14,10,0.096147393611
03/02/2025,FEU,Z24,11,0.100433887272
03/02/2025,FEU,Z14,11,0.100433887272
03/02/2025,FEU,Z24,12,0.090698260554
03/02/2025,FEU,Z14,12,0.090698260554
03/02/2025,FEU,Z24,13,0.05388736129
03/02/2025,FEU,Z14,13,0.05388736129
03/02/2025,FEU,Z24,14,0.07414449029
03/02/2025,FEU,Z14,14,0.07414449029
03/02/2025,FEU,Z24,15,0.077108831913
03/02/2025,FEU,Z14,15,0.077108831913
03/02/2025,FEU,Z24,16,0.089795099536
03/02/2025,FEU,Z14,16,0.089795099536
03/02/2025,FEU,Z24,17,0.11986227197
03/02/2025,FEU,Z14,17,0.11986227197
03/02/2025,FEU,Z24,18,0.121634197593
03/02/2025,FEU,Z14,18,0.121634197593
03/02/2025,FEU,Z24,19,0.12878871431
03/02/2025,FEU,Z14,19,0.12878871431
03/02/2025,FEU,Z24,2,0.093534486084
03/02/2025,FEU,Z14,2,0.093534486084
03/02/2025,FEU,Z24,20,0.155755028857
03/02/2025,FEU,Z14,20,0.155755028857
03/02/2025,FEU,Z24,21,0.167884012499
03/02/2025,FEU,Z14,21,0.167884012499
03/02/2025,FEU,Z24,22,0.166852499046
03/02/2025,FEU,Z14,22,0.166852499046
03/02/2025,FEU,Z24,23,0.132918145216
03/02/2025,FEU,Z14,23,0.132918145216
03/02/2025,FEU,Z24,24,0.118960047121
03/02/2025,FEU,Z14,24,0.118960047121
03/02/2025,FEU,Z24,3,0.094347290707
03/02/2025,FEU,Z14,3,0.094347290707
03/02/2025,FEU,Z24,4,0.095435895424
03/02/2025,FEU,Z14,4,0.095435895424
03/02/2025,FEU,Z24,5,0.097660281877
03/02/2025,FEU,Z14,5,0.097660281877
03/02/2025,FEU,Z24,6,0.098793850971
03/02/2025,FEU,Z14,6,0.098793850971
03/02/2025,FEU,Z24,7,0.097588243707
03/02/2025,FEU,Z14,7,0.097588243707
03/02/2025,FEU,Z24,8,0.095156321537
03/02/2025,FEU,Z14,8,0.095156321537
03/02/2025,FEU,Z24,9,0.093014495574
03/02/2025,FEU,Z14,9,0.093014495574
03/03/2025,FEU,Z24,1,0.109594186517
03/03/2025,FEU,Z14,1,0.109594186517
03/03/2025,FEU,Z24,10,0.155237092319
03/03/2025,FEU,Z14,10,0.155237092319
03/03/2025,FEU,Z24,11,0.155764353628
03/03/2025,FEU,Z14,11,0.221373816974
03/03/2025,FEU,Z24,12,0.219440617964
03/03/2025,FEU,Z14,12,0.219440617964
03/03/2025,FEU,Z24,13,0.204820861637
03/03/2025,FEU,Z14,13,0.204820861637
03/03/2025,FEU,Z24,14,0.202121536637
03/03/2025,FEU,Z14,14,0.202121536637
03/03/2025,FEU,Z24,15,0.179386938338
03/03/2025,FEU,Z14,15,0.113917408992
03/03/2025,FEU,Z24,16,0.136567443684
03/03/2025,FEU,Z14,16,0.136567443684
03/03/2025,FEU,Z24,17,0.149787488357
03/03/2025,FEU,Z14,17,0.149787488357
03/03/2025,FEU,Z24,18,0.150639532039
03/03/2025,FEU,Z14,18,0.150639532039
03/03/2025,FEU,Z24,19,0.165138813712
03/03/2025,FEU,Z14,19,0.230789186058
03/03/2025,FEU,Z24,2,0.105021617218
03/03/2025,FEU,Z14,2,0.105021617218
03/03/2025,FEU,Z24,20,0.257864492731
03/03/2025,FEU,Z14,20,0.257864492731
03/03/2025,FEU,Z24,21,0.274002329068
03/03/2025,FEU,Z14,21,0.274002329068
03/03/2025,FEU,Z24,22,0.24384738475
03/03/2025,FEU,Z14,22,0.24384738475
03/03/2025,FEU,Z24,23,0.236417139797
03/03/2025,FEU,Z14,23,0.170622578115
03/03/2025,FEU,Z24,24,0.152376897143
03/03/2025,FEU,Z14,24,0.152376897143
03/03/2025,FEU,Z24,3,0.102054138564
03/03/2025,FEU,Z14,3,0.102054138564
03/03/2025,FEU,Z24,4,0.1036638739
03/03/2025,FEU,Z14,4,0.1036638739
03/03/2025,FEU,Z24,5,0.103242158564
03/03/2025,FEU,Z14,5,0.103242158564
03/03/2025,FEU,Z24,6,0.113393033882
03/03/2025,FEU,Z14,6,0.113393033882
03/03/2025,FEU,Z24,7,0.128883187133
03/03/2025,FEU,Z14,7,0.128883187133
03/03/2025,FEU,Z24,8,0.133625515404
03/03/2025,FEU,Z14,8,0.133625515404
03/03/2025,FEU,Z24,9,0.168594198376
03/03/2025,FEU,Z14,9,0.168594198376
03/04/2025,FEU,Z24,1,0.13241267659
03/04/2025,FEU,Z14,1,0.13241267659
03/04/2025,FEU,Z24,10,0.15257673529
03/04/2025,FEU,Z14,10,0.15257673529
03/04/2025,FEU,Z24,11,0.146504459878
03/04/2025,FEU,Z14,11,0.212081937408
03/04/2025,FEU,Z24,12,0.192778442525
03/04/2025,FEU,Z14,12,0.192778442525
03/04/2025,FEU,Z24,13,0.17612130776
03/04/2025,FEU,Z14,13,0.17612130776
03/04/2025,FEU,Z24,14,0.157092216113
03/04/2025,FEU,Z14,14,0.157092216113
03/04/2025,FEU,Z24,15,0.164323833055
03/04/2025,FEU,Z14,15,0.098910407525
03/04/2025,FEU,Z24,16,0.113792704585
03/04/2025,FEU,Z14,16,0.113792704585
03/04/2025,FEU,Z24,17,0.130328229762
03/04/2025,FEU,Z14,17,0.130328229762
03/04/2025,FEU,Z24,18,0.154023081292
03/04/2025,FEU,Z14,18,0.154023081292
03/04/2025,FEU,Z24,19,0.154754681292
03/04/2025,FEU,Z14,19,0.220367052822
03/04/2025,FEU,Z24,2,0.138488923885
03/04/2025,FEU,Z14,2,0.138488923885
03/04/2025,FEU,Z24,20,0.269443806587
03/04/2025,FEU,Z14,20,0.269443806587
03/04/2025,FEU,Z24,21,0.254277106469
03/04/2025,FEU,Z14,21,0.254277106469
03/04/2025,FEU,Z24,22,0.237229779881
03/04/2025,FEU,Z14,22,0.237229779881
03/04/2025,FEU,Z24,23,0.223029854883
03/04/2025,FEU,Z14,23,0.157291330471
03/04/2025,FEU,Z24,24,0.158710719942
03/04/2025,FEU,Z14,24,0.158710719942
03/04/2025,FEU,Z24,3,0.137074879179
03/04/2025,FEU,Z14,3,0.137074879179
03/04/2025,FEU,Z24,4,0.133315790062
03/04/2025,FEU,Z14,4,0.133315790062
03/04/2025,FEU,Z24,5,0.131859823179
03/04/2025,FEU,Z14,5,0.131859823179
03/04/2025,FEU,Z24,6,0.134961386767
03/04/2025,FEU,Z14,6,0.134961386767
03/04/2025,FEU,Z24,7,0.126343683353
03/04/2025,FEU,Z14,7,0.126343683353
03/04/2025,FEU,Z24,8,0.134832160351
03/04/2025,FEU,Z14,8,0.134832160351
03/04/2025,FEU,Z24,9,0.162330975409
03/04/2025,FEU,Z14,9,0.162330975409
03/05/2025,FEU,Z24,1,0.124706126619
03/05/2025,FEU,Z14,1,0.124706126619
03/05/2025,FEU,Z24,10,0.137777900155
03/05/2025,FEU,Z14,10,0.137777900155
03/05/2025,FEU,Z24,11,0.124340196089
03/05/2025,FEU,Z14,11,0.189841113122
03/05/2025,FEU,Z24,12,0.166656769847
03/05/2025,FEU,Z14,12,0.166656769847
03/05/2025,FEU,Z24,13,0.155655541847
03/05/2025,FEU,Z14,13,0.155655541847
03/05/2025,FEU,Z24,14,0.145748409847
03/05/2025,FEU,Z14,14,0.145748409847
03/05/2025,FEU,Z24,15,0.146682525672
03/05/2025,FEU,Z14,15,0.081328006639
03/05/2025,FEU,Z24,16,0.101039344705
03/05/2025,FEU,Z14,16,0.101039344705
03/05/2025,FEU,Z24,17,0.124520712288
03/05/2025,FEU,Z14,17,0.124520712288
03/05/2025,FEU,Z24,18,0.135953948562
03/05/2025,FEU,Z14,18,0.135953948562
03/05/2025,FEU,Z24,19,0.146748529321
03/05/2025,FEU,Z14,19,0.212437873112
03/05/2025,FEU,Z24,2,0.125090437443
03/05/2025,FEU,Z14,2,0.125090437443
03/05/2025,FEU,Z24,20,0.238095586112
03/05/2025,FEU,Z14,20,0.238095586112
03/05/2025,FEU,Z24,21,0.239813008112
03/05/2025,FEU,Z14,21,0.239813008112
03/05/2025,FEU,Z24,22,0.233323865662
03/05/2025,FEU,Z14,22,0.233323865662
03/05/2025,FEU,Z24,23,0.224380889794
03/05/2025,FEU,Z14,23,0.158636924003
03/05/2025,FEU,Z24,24,0.140454560861
03/05/2025,FEU,Z14,24,0.140454560861
03/05/2025,FEU,Z24,3,0.126372460268
03/05/2025,FEU,Z14,3,0.126372460268
03/05/2025,FEU,Z24,4,0.12050046051
03/05/2025,FEU,Z14,4,0.12050046051
03/05/2025,FEU,Z24,5,0.119474644751
03/05/2025,FEU,Z14,5,0.119474644751
03/05/2025,FEU,Z24,6,0.114821110202
03/05/2025,FEU,Z14,6,0.114821110202
03/05/2025,FEU,Z24,7,0.121691821794
03/05/2025,FEU,Z14,7,0.121691821794
03/05/2025,FEU,Z24,8,0.146465084629
03/05/2025,FEU,Z14,8,0.146465084629
03/05/2025,FEU,Z24,9,0.159759689804
03/05/2025,FEU,Z14,9,0.159759689804
03/06/2025,FEU,Z24,1,0.096090067988
03/06/2025,FEU,Z14,1,0.096090067988
03/06/2025,FEU,Z24,10,0.134284615832
03/06/2025,FEU,Z14,10,0.134284615832
03/06/2025,FEU,Z24,11,0.127268587003
03/06/2025,FEU,Z14,11,0.192777204213
03/06/2025,FEU,Z24,12,0.191709491016
03/06/2025,FEU,Z14,12,0.191709491016
03/06/2025,FEU,Z24,13,0.187012338213
03/06/2025,FEU,Z14,13,0.187012338213
03/06/2025,FEU,Z24,14,0.176222048213
03/06/2025,FEU,Z14,14,0.176222048213
03/06/2025,FEU,Z24,15,0.170649139042
03/06/2025,FEU,Z14,15,0.105211571832
03/06/2025,FEU,Z24,16,0.107355818055
03/06/2025,FEU,Z14,16,0.107355818055
03/06/2025,FEU,Z24,17,0.114380386673
03/06/2025,FEU,Z14,17,0.114380386673
03/06/2025,FEU,Z24,18,0.133600859291
03/06/2025,FEU,Z14,18,0.133600859291
03/06/2025,FEU,Z24,19,0.163746029107
03/06/2025,FEU,Z14,19,0.22950916312
03/06/2025,FEU,Z24,2,0.091102016014
03/06/2025,FEU,Z14,2,0.091102016014
03/06/2025,FEU,Z24,20,0.259237269528
03/06/2025,FEU,Z14,20,0.259237269528
03/06/2025,FEU,Z24,21,0.250156801923
03/06/2025,FEU,Z14,21,0.250156801923
03/06/2025,FEU,Z24,22,0.236769125936
03/06/2025,FEU,Z14,22,0.236769125936
03/06/2025,FEU,Z24,23,0.223961093975
03/06/2025,FEU,Z14,23,0.158215479962
03/06/2025,FEU,Z24,24,0.13909750658
03/06/2025,FEU,Z14,24,0.13909750658
03/06/2025,FEU,Z24,3,0.103286452632
03/06/2025,FEU,Z14,3,0.103286452632
03/06/2025,FEU,Z24,4,0.104863389237
03/06/2025,FEU,Z14,4,0.104863389237
03/06/2025,FEU,Z24,5,0.106847919237
03/06/2025,FEU,Z14,5,0.106847919237
03/06/2025,FEU,Z24,6,0.108164782027
03/06/2025,FEU,Z14,6,0.108164782027
03/06/2025,FEU,Z24,7,0.11278613758
03/06/2025,FEU,Z14,7,0.11278613758
03/06/2025,FEU,Z24,8,0.13448741833
03/06/2025,FEU,Z14,8,0.13448741833
03/06/2025,FEU,Z24,9,0.163386849489
03/06/2025,FEU,Z14,9,0.163386849489
03/07/2025,FEU,Z24,1,0.128791121602
03/07/2025,FEU,Z14,1,0.128791121602
03/07/2025,FEU,Z24,10,0.130699107312
03/07/2025,FEU,Z14,10,0.130699107312
03/07/2025,FEU,Z24,11,0.127523153477
03/07/2025,FEU,Z14,11,0.193033903181
03/07/2025,FEU,Z24,12,0.161732721051
03/07/2025,FEU,Z14,12,0.161732721051
03/07/2025,FEU,Z24,13,0.144223432198
03/07/2025,FEU,Z14,13,0.144223432198
03/07/2025,FEU,Z24,14,0.127056667198
03/07/2025,FEU,Z14,14,0.127056667198
03/07/2025,FEU,Z24,15,0.146293016034
03/07/2025,FEU,Z14,15,0.080940894329
03/07/2025,FEU,Z24,16,0.071595628591
03/07/2025,FEU,Z14,16,0.071595628591
03/07/2025,FEU,Z24,17,0.082427249426
03/07/2025,FEU,Z14,17,0.082427249426
03/07/2025,FEU,Z24,18,0.091455520557
03/07/2025,FEU,Z14,18,0.091455520557
03/07/2025,FEU,Z24,19,0.109394587966
03/07/2025,FEU,Z14,19,0.174927823096
03/07/2025,FEU,Z24,2,0.122636645585
03/07/2025,FEU,Z14,2,0.122636645585
03/07/2025,FEU,Z24,20,0.174501911375
03/07/2025,FEU,Z14,20,0.174501911375
03/07/2025,FEU,Z24,21,0.183647923949
03/07/2025,FEU,Z14,21,0.183647923949
03/07/2025,FEU,Z24,22,0.180140145079
03/07/2025,FEU,Z14,22,0.180140145079
03/07/2025,FEU,Z24,23,0.181527539898
03/07/2025,FEU,Z14,23,0.115956107767
03/07/2025,FEU,Z24,24,0.109907177324
03/07/2025,FEU,Z14,24,0.109907177324
03/07/2025,FEU,Z24,3,0.11728266129
03/07/2025,FEU,Z14,3,0.11728266129
03/07/2025,FEU,Z24,4,0.110912225568
03/07/2025,FEU,Z14,4,0.110912225568
03/07/2025,FEU,Z24,5,0.111727928995
03/07/2025,FEU,Z14,5,0.111727928995
03/07/2025,FEU,Z24,6,0.115198443864
03/07/2025,FEU,Z14,6,0.115198443864
03/07/2025,FEU,Z24,7,0.118054870193
03/07/2025,FEU,Z14,7,0.118054870193
03/07/2025,FEU,Z24,8,0.123670991801
03/07/2025,FEU,Z14,8,0.123670991801
03/07/2025,FEU,Z24,9,0.150183394687
03/07/2025,FEU,Z14,9,0.150183394687
03/08/2025,FEU,Z24,1,0.081422683536
03/08/2025,FEU,Z14,1,0.081422683536
03/08/2025,FEU,Z24,10,0.060900820561
03/08/2025,FEU,Z14,10,0.060900820561
03/08/2025,FEU,Z24,11,0.053678856236
03/08/2025,FEU,Z14,11,0.053678856236
03/08/2025,FEU,Z24,12,0.04785055288
03/08/2025,FEU,Z14,12,0.04785055288
03/08/2025,FEU,Z24,13,0.046360619493
03/08/2025,FEU,Z14,13,0.046360619493
03/08/2025,FEU,Z24,14,0.044176927493
03/08/2025,FEU,Z14,14,0.044176927493
03/08/2025,FEU,Z24,15,0.043473284268
03/08/2025,FEU,Z14,15,0.043473284268
03/08/2025,FEU,Z24,16,0.044024530818
03/08/2025,FEU,Z14,16,0.044024530818
03/08/2025,FEU,Z24,17,0.046307327755
03/08/2025,FEU,Z14,17,0.046307327755
03/08/2025,FEU,Z24,18,0.057635032499
03/08/2025,FEU,Z14,18,0.057635032499
03/08/2025,FEU,Z24,19,0.08806092963
03/08/2025,FEU,Z14,19,0.08806092963
03/08/2025,FEU,Z24,2,0.066515426668
03/08/2025,FEU,Z14,2,0.066515426668
03/08/2025,FEU,Z24,20,0.094799598824
03/08/2025,FEU,Z14,20,0.094799598824
03/08/2025,FEU,Z24,21,0.093001106049
03/08/2025,FEU,Z14,21,0.093001106049
03/08/2025,FEU,Z24,22,0.095201074436
03/08/2025,FEU,Z14,22,0.095201074436
03/08/2025,FEU,Z24,23,0.095833080793
03/08/2025,FEU,Z14,23,0.095833080793
03/08/2025,FEU,Z24,24,0.093845048761
03/08/2025,FEU,Z14,24,0.093845048761
03/08/2025,FEU,Z24,3,0.070557345411
03/08/2025,FEU,Z14,3,0.070557345411
03/08/2025,FEU,Z24,4,0.068122992186
03/08/2025,FEU,Z14,4,0.068122992186
03/08/2025,FEU,Z24,5,0.062849858574
03/08/2025,FEU,Z14,5,0.062849858574
03/08/2025,FEU,Z24,6,0.060266742186
03/08/2025,FEU,Z14,6,0.060266742186
03/08/2025,FEU,Z24,7,0.063634464443
03/08/2025,FEU,Z14,7,0.063634464443
03/08/2025,FEU,Z24,8,0.064433448505
03/08/2025,FEU,Z14,8,0.064433448505
03/08/2025,FEU,Z24,9,0.055123896243
03/08/2025,FEU,Z14,9,0.055123896243
03/09/2025,FEU,Z24,1,0.084128951825
03/09/2025,FEU,Z14,1,0.084128951825
03/09/2025,FEU,Z24,10,0.078499125059
03/09/2025,FEU,Z14,10,0.078499125059
03/09/2025,FEU,Z24,11,0.049103081802
03/09/2025,FEU,Z14,11,0.049103081802
03/09/2025,FEU,Z24,12,0.044176785549
03/09/2025,FEU,Z14,12,0.044176785549
03/09/2025,FEU,Z24,13,0.048246563672
03/09/2025,FEU,Z14,13,0.048246563672
03/09/2025,FEU,Z24,14,0.040839988672
03/09/2025,FEU,Z14,14,0.040839988672
03/09/2025,FEU,Z24,15,0.037232602676
03/09/2025,FEU,Z14,15,0.037232602676
03/09/2025,FEU,Z24,16,0.05723915868
03/09/2025,FEU,Z14,16,0.05723915868
03/09/2025,FEU,Z24,17,0.084020472185
03/09/2025,FEU,Z14,17,0.084020472185
03/09/2025,FEU,Z24,18,0.097941901189
03/09/2025,FEU,Z14,18,0.097941901189
03/09/2025,FEU,Z24,19,0.146269163442
03/09/2025,FEU,Z14,19,0.146269163442
03/09/2025,FEU,Z24,2,0.087075483204
03/09/2025,FEU,Z14,2,0.087075483204
03/09/2025,FEU,Z24,20,0.177823031066
03/09/2025,FEU,Z14,20,0.177823031066
03/09/2025,FEU,Z24,21,0.18090001294
03/09/2025,FEU,Z14,21,0.18090001294
03/09/2025,FEU,Z24,22,0.169862741564
03/09/2025,FEU,Z14,22,0.169862741564
03/09/2025,FEU,Z24,23,0.150008241193
03/09/2025,FEU,Z14,23,0.150008241193
03/09/2025,FEU,Z24,24,0.144529122944
03/09/2025,FEU,Z14,24,0.144529122944
03/09/2025,FEU,Z24,3,0.089669697208
03/09/2025,FEU,Z14,3,0.089669697208
03/09/2025,FEU,Z24,4,0.09161289546
03/09/2025,FEU,Z14,4,0.09161289546
03/09/2025,FEU,Z24,5,0.089366228836
03/09/2025,FEU,Z14,5,0.089366228836
03/09/2025,FEU,Z24,6,0.090156206085
03/09/2025,FEU,Z14,6,0.090156206085
03/09/2025,FEU,Z24,7,0.088820490208
03/09/2025,FEU,Z14,7,0.088820490208
03/09/2025,FEU,Z24,8,0.087961745579
03/09/2025,FEU,Z14,8,0.087961745579
03/09/2025,FEU,Z24,9,0.142086403319
03/09/2025,FEU,Z14,9,0.142086403319
03/10/2025,FEU,Z24,1,0.120047652301
03/10/2025,FEU,Z14,1,0.120047652301
03/10/2025,FEU,Z24,10,0.14861732303
03/10/2025,FEU,Z14,10,0.14861732303
03/10/2025,FEU,Z24,11,0.132473114995
03/10/2025,FEU,Z14,11,0.198000963012
03/10/2025,FEU,Z24,12,0.191704203999
03/10/2025,FEU,Z14,12,0.191704203999
03/10/2025,FEU,Z24,13,0.190296366008
03/10/2025,FEU,Z14,13,0.190296366008
03/10/2025,FEU,Z24,14,0.189235212008
03/10/2025,FEU,Z14,14,0.189235212008
03/10/2025,FEU,Z24,15,0.188509397056
03/10/2025,FEU,Z14,15,0.123009901038
03/10/2025,FEU,Z24,16,0.117533493073
03/10/2025,FEU,Z14,16,0.117533493073
03/10/2025,FEU,Z24,17,0.128808095081
03/10/2025,FEU,Z14,17,0.128808095081
03/10/2025,FEU,Z24,18,0.154349027103
03/10/2025,FEU,Z14,18,0.154349027103
03/10/2025,FEU,Z24,19,0.178393830112
03/10/2025,FEU,Z14,19,0.244088945129
03/10/2025,FEU,Z24,2,0.113416005349
03/10/2025,FEU,Z14,2,0.113416005349
03/10/2025,FEU,Z24,20,0.281040957137
03/10/2025,FEU,Z14,20,0.281040957137
03/10/2025,FEU,Z24,21,0.256112397142
03/10/2025,FEU,Z14,21,0.256112397142
03/10/2025,FEU,Z24,22,0.231339534163
03/10/2025,FEU,Z14,22,0.231339534163
03/10/2025,FEU,Z24,23,0.221610945228
03/10/2025,FEU,Z14,23,0.155878672206
03/10/2025,FEU,Z24,24,0.148571629245
03/10/2025,FEU,Z14,24,0.148571629245
03/10/2025,FEU,Z24,3,0.109617245366
03/10/2025,FEU,Z14,3,0.109617245366
03/10/2025,FEU,Z24,4,0.10905804537
03/10/2025,FEU,Z14,4,0.10905804537
03/10/2025,FEU,Z24,5,0.103580113366
03/10/2025,FEU,Z14,5,0.103580113366
03/10/2025,FEU,Z24,6,0.109804478345
03/10/2025,FEU,Z14,6,0.109804478345
03/10/2025,FEU,Z24,7,0.136120755232
03/10/2025,FEU,Z14,7,0.136120755232
03/10/2025,FEU,Z24,8,0.161165524146
03/10/2025,FEU,Z14,8,0.161165524146
03/10/2025,FEU,Z24,9,0.192498765107
03/10/2025,FEU,Z14,9,0.192498765107
03/11/2025,FEU,Z24,1,0.121112168863
03/11/2025,FEU,Z14,1,0.121112168863
03/11/2025,FEU,Z24,10,0.154307615104
03/11/2025,FEU,Z14,10,0.154307615104
03/11/2025,FEU,Z24,11,0.141762784248
03/11/2025,FEU,Z14,11,0.207323882933
03/11/2025,FEU,Z24,12,0.194130181762
03/11/2025,FEU,Z14,12,0.194130181762
03/11/2025,FEU,Z24,13,0.196095848419
03/11/2025,FEU,Z14,13,0.196095848419
03/11/2025,FEU,Z24,14,0.187882609906
03/11/2025,FEU,Z14,14,0.187882609906
03/11/2025,FEU,Z24,15,0.186543049447
03/11/2025,FEU,Z14,15,0.121053334762
03/11/2025,FEU,Z24,16,0.116696838131
03/11/2025,FEU,Z14,16,0.116696838131
03/11/2025,FEU,Z24,17,0.11701154533
03/11/2025,FEU,Z14,17,0.11701154533
03/11/2025,FEU,Z24,18,0.131245882015
03/11/2025,FEU,Z14,18,0.131245882015
03/11/2025,FEU,Z24,19,0.171545242015
03/11/2025,FEU,Z14,19,0.237215714699
03/11/2025,FEU,Z24,2,0.11813399989
03/11/2025,FEU,Z14,2,0.11813399989
03/11/2025,FEU,Z24,20,0.285682861042
03/11/2025,FEU,Z14,20,0.285682861042
03/11/2025,FEU,Z24,21,0.261768606213
03/11/2025,FEU,Z14,21,0.261768606213
03/11/2025,FEU,Z24,22,0.239971724069
03/11/2025,FEU,Z14,22,0.239971724069
03/11/2025,FEU,Z24,23,0.229751034979
03/11/2025,FEU,Z14,23,0.163985918123
03/11/2025,FEU,Z24,24,0.162066340349
03/11/2025,FEU,Z14,24,0.162066340349
03/11/2025,FEU,Z24,3,0.115983394917
03/11/2025,FEU,Z14,3,0.115983394917
03/11/2025,FEU,Z24,4,0.111969217088
03/11/2025,FEU,Z14,4,0.111969217088
03/11/2025,FEU,Z24,5,0.111805682917
03/11/2025,FEU,Z14,5,0.111805682917
03/11/2025,FEU,Z24,6,0.121665969061
03/11/2025,FEU,Z14,6,0.121665969061
03/11/2025,FEU,Z24,7,0.123256821295
03/11/2025,FEU,Z14,7,0.123256821295
03/11/2025,FEU,Z24,8,0.146466587384
03/11/2025,FEU,Z14,8,0.146466587384
03/11/2025,FEU,Z24,9,0.188324728843
03/11/2025,FEU,Z14,9,0.188324728843
03/12/2025,FEU,Z24,1,0.116179462194
03/12/2025,FEU,Z14,1,0.116179462194
03/12/2025,FEU,Z24,10,0.135666705036
03/12/2025,FEU,Z14,10,0.135666705036
03/12/2025,FEU,Z24,11,0.127816940014
03/12/2025,FEU,Z14,11,0.193329866525
03/12/2025,FEU,Z24,12,0.188022204142
03/12/2025,FEU,Z14,12,0.188022204142
03/12/2025,FEU,Z24,13,0.185457337142
03/12/2025,FEU,Z14,13,0.185457337142
03/12/2025,FEU,Z24,14,0.181797215142
03/12/2025,FEU,Z14,14,0.181797215142
03/12/2025,FEU,Z24,15,0.182822045292
03/12/2025,FEU,Z14,15,0.117343760781
03/12/2025,FEU,Z24,16,0.121215757803
03/12/2025,FEU,Z14,16,0.121215757803
03/12/2025,FEU,Z24,17,0.126317789081
03/12/2025,FEU,Z14,17,0.126317789081
03/12/2025,FEU,Z24,18,0.157894661465
03/12/2025,FEU,Z14,18,0.157894661465
03/12/2025,FEU,Z24,19,0.190766171593
03/12/2025,FEU,Z14,19,0.256641087232
03/12/2025,FEU,Z24,2,0.103016600344
03/12/2025,FEU,Z14,2,0.103016600344
03/12/2025,FEU,Z24,20,0.310556466232
03/12/2025,FEU,Z14,20,0.310556466232
03/12/2025,FEU,Z24,21,0.273604500232
03/12/2025,FEU,Z14,21,0.273604500232
03/12/2025,FEU,Z24,22,0.257491737999
03/12/2025,FEU,Z14,22,0.257491737999
03/12/2025,FEU,Z24,23,0.245300736044
03/12/2025,FEU,Z14,23,0.179469330405
03/12/2025,FEU,Z24,24,0.170362186066
03/12/2025,FEU,Z14,24,0.170362186066
03/12/2025,FEU,Z24,3,0.100789238495
03/12/2025,FEU,Z14,3,0.100789238495
03/12/2025,FEU,Z24,4,0.101037467367
03/12/2025,FEU,Z14,4,0.101037467367
03/12/2025,FEU,Z24,5,0.101046234239
03/12/2025,FEU,Z14,5,0.101046234239
03/12/2025,FEU,Z24,6,0.098670045472
03/12/2025,FEU,Z14,6,0.098670045472
03/12/2025,FEU,Z24,7,0.109090413044
03/12/2025,FEU,Z14,7,0.109090413044
03/12/2025,FEU,Z24,8,0.133151645487
03/12/2025,FEU,Z14,8,0.133151645487
03/12/2025,FEU,Z24,9,0.159575423337
03/12/2025,FEU,Z14,9,0.159575423337
03/13/2025,FEU,Z24,1,0.138257380287
03/13/2025,FEU,Z14,1,0.138257380287
03/13/2025,FEU,Z24,10,0.192890363001
03/13/2025,FEU,Z14,10,0.192890363001
03/13/2025,FEU,Z24,11,0.165257944765
03/13/2025,FEU,Z14,11,0.230899285851
03/13/2025,FEU,Z24,12,0.221114584872
03/13/2025,FEU,Z14,12,0.221114584872
03/13/2025,FEU,Z24,13,0.212202297851
03/13/2025,FEU,Z14,13,0.212202297851
03/13/2025,FEU,Z24,14,0.201153550851
03/13/2025,FEU,Z14,14,0.201153550851
03/13/2025,FEU,Z24,15,0.201079925087
03/13/2025,FEU,Z14,15,0.135537155001
03/13/2025,FEU,Z24,16,0.137581775194
03/13/2025,FEU,Z14,16,0.137581775194
03/13/2025,FEU,Z24,17,0.139313753344
03/13/2025,FEU,Z14,17,0.139313753344
03/13/2025,FEU,Z24,18,0.138535469494
03/13/2025,FEU,Z14,18,0.138535469494
03/13/2025,FEU,Z24,19,0.155895140623
03/13/2025,FEU,Z14,19,0.22162542573
03/13/2025,FEU,Z24,2,0.134516786502
03/13/2025,FEU,Z14,2,0.134516786502
03/13/2025,FEU,Z24,20,0.285138122794
03/13/2025,FEU,Z14,20,0.285138122794
03/13/2025,FEU,Z24,21,0.270320653751
03/13/2025,FEU,Z14,21,0.270320653751
03/13/2025,FEU,Z24,22,0.242888633859
03/13/2025,FEU,Z14,22,0.242888633859
03/13/2025,FEU,Z24,23,0.21826905918
03/13/2025,FEU,Z14,23,0.152546754073
03/13/2025,FEU,Z24,24,0.129286868223
03/13/2025,FEU,Z14,24,0.129286868223
03/13/2025,FEU,Z24,3,0.133243024652
03/13/2025,FEU,Z14,3,0.133243024652
03/13/2025,FEU,Z24,4,0.123922121695
03/13/2025,FEU,Z14,4,0.123922121695
03/13/2025,FEU,Z24,5,0.118841276695
03/13/2025,FEU,Z14,5,0.118841276695
03/13/2025,FEU,Z24,6,0.127414204609
03/13/2025,FEU,Z14,6,0.127414204609
03/13/2025,FEU,Z24,7,0.140695265223
03/13/2025,FEU,Z14,7,0.140695265223
03/13/2025,FEU,Z24,8,0.187449233816
03/13/2025,FEU,Z14,8,0.187449233816
03/13/2025,FEU,Z24,9,0.217754741473
03/13/2025,FEU,Z14,9,0.217754741473
03/14/2025,FEU,Z24,1,0.090376188528
03/14/2025,FEU,Z14,1,0.090376188528
03/14/2025,FEU,Z24,10,0.127413127944
03/14/2025,FEU,Z14,10,0.127413127944
03/14/2025,FEU,Z24,11,0.097493029852
03/14/2025,FEU,Z14,11,0.16290004856
03/14/2025,FEU,Z24,12,0.147468358175
03/14/2025,FEU,Z14,12,0.147468358175
03/14/2025,FEU,Z24,13,0.146693111822
03/14/2025,FEU,Z14,13,0.146693111822
03/14/2025,FEU,Z24,14,0.137946296822
03/14/2025,FEU,Z14,14,0.137946296822
03/14/2025,FEU,Z24,15,0.122689715914
03/14/2025,FEU,Z14,15,0.057418705206
03/14/2025,FEU,Z24,16,0.057207261975
03/14/2025,FEU,Z14,16,0.057207261975
03/14/2025,FEU,Z24,17,0.069088339067
03/14/2025,FEU,Z14,17,0.069088339067
03/14/2025,FEU,Z24,18,0.095923049452
03/14/2025,FEU,Z14,18,0.095923049452
03/14/2025,FEU,Z24,19,0.151236470867
03/14/2025,FEU,Z14,19,0.216946414251
03/14/2025,FEU,Z24,2,0.077540500266
03/14/2025,FEU,Z14,2,0.077540500266
03/14/2025,FEU,Z24,20,0.276442212282
03/14/2025,FEU,Z14,20,0.276442212282
03/14/2025,FEU,Z24,21,0.270482202605
03/14/2025,FEU,Z14,21,0.270482202605
03/14/2025,FEU,Z24,22,0.24868416699
03/14/2025,FEU,Z14,22,0.24868416699
03/14/2025,FEU,Z24,23,0.24228750582
03/14/2025,FEU,Z14,23,0.176467057436
03/14/2025,FEU,Z24,24,0.171646127497
03/14/2025,FEU,Z14,24,0.171646127497
03/14/2025,FEU,Z24,3,0.075827725974
03/14/2025,FEU,Z14,3,0.075827725974
03/14/2025,FEU,Z24,4,0.075048914004
03/14/2025,FEU,Z14,4,0.075048914004
03/14/2025,FEU,Z24,5,0.077572726681
03/14/2025,FEU,Z14,5,0.077572726681
03/14/2025,FEU,Z24,6,0.083260365297
03/14/2025,FEU,Z14,6,0.083260365297
03/14/2025,FEU,Z24,7,0.106446023113
03/14/2025,FEU,Z14,7,0.106446023113
03/14/2025,FEU,Z24,8,0.141846025959
03/14/2025,FEU,Z14,8,0.141846025959
03/14/2025,FEU,Z24,9,0.167923572836
03/14/2025,FEU,Z14,9,0.167923572836
03/15/2025,FEU,Z24,1,0.133176679596
03/15/2025,FEU,Z14,1,0.133176679596
03/15/2025,FEU,Z24,10,0.032039393425
03/15/2025,FEU,Z14,10,0.032039393425
03/15/2025,FEU,Z24,11,0.026544450701
03/15/2025,FEU,Z14,11,0.026544450701
03/15/2025,FEU,Z24,12,0.027664503446
03/15/2025,FEU,Z14,12,0.027664503446
03/15/2025,FEU,Z24,13,0.027587297658
03/15/2025,FEU,Z14,13,0.027587297658
03/15/2025,FEU,Z24,14,0.027551058658
03/15/2025,FEU,Z14,14,0.027551058658
03/15/2025,FEU,Z24,15,0.027838015233
03/15/2025,FEU,Z14,15,0.027838015233
03/15/2025,FEU,Z24,16,0.028618031382
03/15/2025,FEU,Z14,16,0.028618031382
03/15/2025,FEU,Z24,17,0.029052953318
03/15/2025,FEU,Z14,17,0.029052953318
03/15/2025,FEU,Z24,18,0.067455472361
03/15/2025,FEU,Z14,18,0.067455472361
03/15/2025,FEU,Z24,19,0.133342278191
03/15/2025,FEU,Z14,19,0.133342278191
03/15/2025,FEU,Z24,2,0.119474736425
03/15/2025,FEU,Z14,2,0.119474736425
03/15/2025,FEU,Z24,20,0.186876087085
03/15/2025,FEU,Z14,20,0.186876087085
03/15/2025,FEU,Z24,21,0.17145430351
03/15/2025,FEU,Z14,21,0.17145430351
03/15/2025,FEU,Z24,22,0.158970131297
03/15/2025,FEU,Z14,22,0.158970131297
03/15/2025,FEU,Z24,23,0.156585355553
03/15/2025,FEU,Z14,23,0.156585355553
03/15/2025,FEU,Z24,24,0.146162168021
03/15/2025,FEU,Z14,24,0.146162168021
03/15/2025,FEU,Z24,3,0.111012099468
03/15/2025,FEU,Z14,3,0.111012099468
03/15/2025,FEU,Z24,4,0.098390117043
03/15/2025,FEU,Z14,4,0.098390117043
03/15/2025,FEU,Z24,5,0.09335696683
03/15/2025,FEU,Z14,5,0.09335696683
03/15/2025,FEU,Z24,6,0.093288867043
03/15/2025,FEU,Z14,6,0.093288867043
03/15/2025,FEU,Z24,7,0.097451342
03/15/2025,FEU,Z14,7,0.097451342
03/15/2025,FEU,Z24,8,0.104888663064
03/15/2025,FEU,Z14,8,0.104888663064
03/15/2025,FEU,Z24,9,0.076543386404
03/15/2025,FEU,Z14,9,0.076543386404
03/16/2025,FEU,Z24,1,0.13180148144
03/16/2025,FEU,Z14,1,0.13180148144
03/16/2025,FEU,Z24,10,0.087977609432
03/16/2025,FEU,Z14,10,0.087977609432
03/16/2025,FEU,Z24,11,0.060750692018
03/16/2025,FEU,Z14,11,0.060750692018
03/16/2025,FEU,Z24,12,0.03803589484
03/16/2025,FEU,Z14,12,0.03803589484
03/16/2025,FEU,Z24,13,0.036424328192
03/16/2025,FEU,Z14,13,0.036424328192
03/16/2025,FEU,Z24,14,0.037316630192
03/16/2025,FEU,Z14,14,0.037316630192
03/16/2025,FEU,Z24,15,0.036126882429
03/16/2025,FEU,Z14,15,0.036126882429
03/16/2025,FEU,Z24,16,0.033688074666
03/16/2025,FEU,Z14,16,0.033688074666
03/16/2025,FEU,Z24,17,0.065562052021
03/16/2025,FEU,Z14,17,0.065562052021
03/16/2025,FEU,Z24,18,0.088109865258
03/16/2025,FEU,Z14,18,0.088109865258
03/16/2025,FEU,Z24,19,0.128690554436
03/16/2025,FEU,Z14,19,0.128690554436
03/16/2025,FEU,Z24,2,0.120793820206
03/16/2025,FEU,Z14,2,0.120793820206
03/16/2025,FEU,Z24,20,0.190688597906
03/16/2025,FEU,Z14,20,0.190688597906
03/16/2025,FEU,Z24,21,0.179153194317
03/16/2025,FEU,Z14,21,0.179153194317
03/16/2025,FEU,Z24,22,0.160439319788
03/16/2025,FEU,Z14,22,0.160439319788
03/16/2025,FEU,Z24,23,0.154839268495
03/16/2025,FEU,Z14,23,0.154839268495
03/16/2025,FEU,Z24,24,0.136828134554
03/16/2025,FEU,Z14,24,0.136828134554
03/16/2025,FEU,Z24,3,0.118325949443
03/16/2025,FEU,Z14,3,0.118325949443
03/16/2025,FEU,Z24,4,0.120662640621
03/16/2025,FEU,Z14,4,0.120662640621
03/16/2025,FEU,Z24,5,0.119088730151
03/16/2025,FEU,Z14,5,0.119088730151
03/16/2025,FEU,Z24,6,0.121050751091
03/16/2025,FEU,Z14,6,0.121050751091
03/16/2025,FEU,Z24,7,0.120048056443
03/16/2025,FEU,Z14,7,0.120048056443
03/16/2025,FEU,Z24,8,0.122047056736
03/16/2025,FEU,Z14,8,0.122047056736
03/16/2025,FEU,Z24,9,0.121345269084
03/16/2025,FEU,Z14,9,0.121345269084
03/17/2025,FEU,Z24,1,0.121646182961
03/17/2025,FEU,Z14,1,0.121646182961
03/17/2025,FEU,Z24,10,0.154822397109
03/17/2025,FEU,Z14,10,0.154822397109
03/17/2025,FEU,Z24,11,0.136730705667
03/17/2025,FEU,Z14,11,0.202274422388
03/17/2025,FEU,Z24,12,0.187305423348
03/17/2025,FEU,Z14,12,0.187305423348
03/17/2025,FEU,Z24,13,0.172959937708
03/17/2025,FEU,Z14,13,0.172959937708
03/17/2025,FEU,Z24,14,0.160855351708
03/17/2025,FEU,Z14,14,0.160855351708
03/17/2025,FEU,Z24,15,0.16195384119
03/17/2025,FEU,Z14,15,0.096544978469
03/17/2025,FEU,Z24,16,0.112856159911
03/17/2025,FEU,Z14,16,0.112856159911
03/17/2025,FEU,Z24,17,0.123499645271
03/17/2025,FEU,Z14,17,0.123499645271
03/17/2025,FEU,Z24,18,0.137320541672
03/17/2025,FEU,Z14,18,0.137320541672
03/17/2025,FEU,Z24,19,0.173223291033
03/17/2025,FEU,Z14,19,0.238899763754
03/17/2025,FEU,Z24,2,0.111365883444
03/17/2025,FEU,Z14,2,0.111365883444
03/17/2025,FEU,Z24,20,0.303532606114
03/17/2025,FEU,Z14,20,0.303532606114
03/17/2025,FEU,Z24,21,0.269172754794
03/17/2025,FEU,Z14,21,0.269172754794
03/17/2025,FEU,Z24,22,0.233784617195
03/17/2025,FEU,Z14,22,0.233784617195
03/17/2025,FEU,Z24,23,0.228578340398
03/17/2025,FEU,Z14,23,0.162816116997
03/17/2025,FEU,Z24,24,0.132450723119
03/17/2025,FEU,Z14,24,0.132450723119
03/17/2025,FEU,Z24,3,0.116173966164
03/17/2025,FEU,Z14,3,0.116173966164
03/17/2025,FEU,Z24,4,0.113762496845
03/17/2025,FEU,Z14,4,0.113762496845
03/17/2025,FEU,Z24,5,0.113622522164
03/17/2025,FEU,Z14,5,0.113622522164
03/17/2025,FEU,Z24,6,0.110675093763
03/17/2025,FEU,Z14,6,0.110675093763
03/17/2025,FEU,Z24,7,0.119486493078
03/17/2025,FEU,Z14,7,0.119486493078
03/17/2025,FEU,Z24,8,0.176924667474
03/17/2025,FEU,Z14,8,0.176924667474
03/17/2025,FEU,Z24,9,0.206397357353
03/17/2025,FEU,Z14,9,0.206397357353
03/18/2025,FEU,Z24,1,0.114751012188
03/18/2025,FEU,Z14,1,0.114751012188
03/18/2025,FEU,Z24,10,0.137947621012
03/18/2025,FEU,Z14,10,0.137947621012
03/18/2025,FEU,Z24,11,0.09669335147
03/18/2025,FEU,Z14,11,0.162098769903
03/18/2025,FEU,Z24,12,0.131747256795
03/18/2025,FEU,Z14,12,0.131747256795
03/18/2025,FEU,Z24,13,0.140833496578
03/18/2025,FEU,Z14,13,0.140833496578
03/18/2025,FEU,Z24,14,0.119865809253
03/18/2025,FEU,Z14,14,0.119865809253
03/18/2025,FEU,Z24,15,0.121118906228
03/18/2025,FEU,Z14,15,0.055852662795
03/18/2025,FEU,Z24,16,0.082817975662
03/18/2025,FEU,Z14,16,0.082817975662
03/18/2025,FEU,Z24,17,0.09662433542
03/18/2025,FEU,Z14,17,0.09662433542
03/18/2025,FEU,Z24,18,0.104032647854
03/18/2025,FEU,Z14,18,0.104032647854
03/18/2025,FEU,Z24,19,0.140990247854
03/18/2025,FEU,Z14,19,0.206555960287
03/18/2025,FEU,Z24,2,0.081122208838
03/18/2025,FEU,Z14,2,0.081122208838
03/18/2025,FEU,Z24,20,0.295620280504
03/18/2025,FEU,Z14,20,0.295620280504
03/18/2025,FEU,Z24,21,0.278885071612
03/18/2025,FEU,Z14,21,0.278885071612
03/18/2025,FEU,Z24,22,0.243062505154
03/18/2025,FEU,Z14,22,0.243062505154
03/18/2025,FEU,Z24,23,0.227546951996
03/18/2025,FEU,Z14,23,0.161789746454
03/18/2025,FEU,Z24,24,0.149703977863
03/18/2025,FEU,Z14,24,0.149703977863
03/18/2025,FEU,Z24,3,0.082529589488
03/18/2025,FEU,Z14,3,0.082529589488
03/18/2025,FEU,Z24,4,0.082907329596
03/18/2025,FEU,Z14,4,0.082907329596
03/18/2025,FEU,Z24,5,0.082755045488
03/18/2025,FEU,Z14,5,0.082755045488
03/18/2025,FEU,Z24,6,0.077810457946
03/18/2025,FEU,Z14,6,0.077810457946
03/18/2025,FEU,Z24,7,0.095699600562
03/18/2025,FEU,Z14,7,0.095699600562
03/18/2025,FEU,Z24,8,0.121806008721
03/18/2025,FEU,Z14,8,0.121806008721
03/18/2025,FEU,Z24,9,0.166329230745
03/18/2025,FEU,Z14,9,0.166329230745
03/19/2025,FEU,Z24,1,0.104567411267
03/19/2025,FEU,Z14,1,0.104567411267
03/19/2025,FEU,Z24,10,0.091773221922
03/19/2025,FEU,Z14,10,0.091773221922
03/19/2025,FEU,Z24,11,0.075807110873
03/19/2025,FEU,Z14,11,0.141139221398
03/19/2025,FEU,Z24,12,0.136119290504
03/19/2025,FEU,Z14,12,0.136119290504
03/19/2025,FEU,Z24,13,0.135860833504
03/19/2025,FEU,Z14,13,0.135860833504
03/19/2025,FEU,Z24,14,0.133236857504
03/19/2025,FEU,Z14,14,0.133236857504
03/19/2025,FEU,Z24,15,0.135058441184
03/19/2025,FEU,Z14,15,0.06974256666
03/19/2025,FEU,Z24,16,0.070575399709
03/19/2025,FEU,Z14,16,0.070575399709
03/19/2025,FEU,Z24,17,0.071465310021
03/19/2025,FEU,Z14,17,0.071465310021
03/19/2025,FEU,Z24,18,0.080537272914
03/19/2025,FEU,Z14,18,0.080537272914
03/19/2025,FEU,Z24,19,0.105686686545
03/19/2025,FEU,Z14,19,0.171202919701
03/19/2025,FEU,Z24,2,0.102153057947
03/19/2025,FEU,Z14,2,0.102153057947
03/19/2025,FEU,Z24,20,0.174176846701
03/19/2025,FEU,Z14,20,0.174176846701
03/19/2025,FEU,Z24,21,0.192289574701
03/19/2025,FEU,Z14,21,0.192289574701
03/19/2025,FEU,Z24,22,0.175755195488
03/19/2025,FEU,Z14,22,0.175755195488
03/19/2025,FEU,Z24,23,0.171091219586
03/19/2025,FEU,Z14,23,0.10556691443
03/19/2025,FEU,Z24,24,0.089404395635
03/19/2025,FEU,Z14,24,0.089404395635
03/19/2025,FEU,Z24,3,0.097213702627
03/19/2025,FEU,Z14,3,0.097213702627
03/19/2025,FEU,Z24,4,0.088131427996
03/19/2025,FEU,Z14,4,0.088131427996
03/19/2025,FEU,Z24,5,0.089419561365
03/19/2025,FEU,Z14,5,0.089419561365
03/19/2025,FEU,Z24,6,0.088775241578
03/19/2025,FEU,Z14,6,0.088775241578
03/19/2025,FEU,Z24,7,0.124212281586
03/19/2025,FEU,Z14,7,0.124212281586
03/19/2025,FEU,Z24,8,0.173687999963
03/19/2025,FEU,Z14,8,0.173687999963
03/19/2025,FEU,Z24,9,0.111374195283
03/19/2025,FEU,Z14,9,0.111374195283
03/20/2025,FEU,Z24,1,0.053307184904
03/20/2025,FEU,Z14,1,0.053307184904
03/20/2025,FEU,Z24,10,0.078620573692
03/20/2025,FEU,Z14,10,0.078620573692
03/20/2025,FEU,Z24,11,0.074990612336
03/20/2025,FEU,Z14,11,0.140318180283
03/20/2025,FEU,Z24,12,0.13986524477
03/20/2025,FEU,Z14,12,0.13986524477
03/20/2025,FEU,Z24,13,0.136823795283
03/20/2025,FEU,Z14,13,0.136823795283
03/20/2025,FEU,Z24,14,0.134624013283
03/20/2025,FEU,Z14,14,0.134624013283
03/20/2025,FEU,Z24,15,0.137838459639
03/20/2025,FEU,Z14,15,0.072511899692
03/20/2025,FEU,Z24,16,0.076241447073
03/20/2025,FEU,Z14,16,0.076241447073
03/20/2025,FEU,Z24,17,0.088251903482
03/20/2025,FEU,Z14,17,0.088251903482
03/20/2025,FEU,Z24,18,0.11107131189
03/20/2025,FEU,Z14,18,0.11107131189
03/20/2025,FEU,Z24,19,0.144379481811
03/20/2025,FEU,Z14,19,0.210061584245
03/20/2025,FEU,Z24,2,0.051998293773
03/20/2025,FEU,Z14,2,0.051998293773
03/20/2025,FEU,Z24,20,0.253236325706
03/20/2025,FEU,Z14,20,0.253236325706
03/20/2025,FEU,Z24,21,0.242409972732
03/20/2025,FEU,Z14,21,0.242409972732
03/20/2025,FEU,Z24,22,0.207906753166
03/20/2025,FEU,Z14,22,0.207906753166
03/20/2025,FEU,Z24,23,0.193648162469
03/20/2025,FEU,Z14,23,0.128026680035
03/20/2025,FEU,Z24,24,0.119587824443
03/20/2025,FEU,Z14,24,0.119587824443
03/20/2025,FEU,Z24,3,0.053348535181
03/20/2025,FEU,Z14,3,0.053348535181
03/20/2025,FEU,Z24,4,0.050294646154
03/20/2025,FEU,Z14,4,0.050294646154
03/20/2025,FEU,Z24,5,0.050319546154
03/20/2025,FEU,Z14,5,0.050319546154
03/20/2025,FEU,Z24,6,0.049475018207
03/20/2025,FEU,Z14,6,0.049475018207
03/20/2025,FEU,Z24,7,0.053059323443
03/20/2025,FEU,Z14,7,0.053059323443
03/20/2025,FEU,Z24,8,0.052905202193
03/20/2025,FEU,Z14,8,0.052905202193
03/20/2025,FEU,Z24,9,0.090185478403
03/20/2025,FEU,Z14,9,0.090185478403
03/21/2025,FEU,Z24,1,0.07056699483
03/21/2025,FEU,Z14,1,0.07056699483
03/21/2025,FEU,Z24,10,0.082711214208
03/21/2025,FEU,Z14,10,0.082711214208
03/21/2025,FEU,Z24,11,0.082667176952
03/21/2025,FEU,Z14,11,0.148022983732
03/21/2025,FEU,Z24,12,0.145928412256
03/21/2025,FEU,Z14,12,0.145928412256
03/21/2025,FEU,Z24,13,0.145567007866
03/21/2025,FEU,Z14,13,0.145567007866
03/21/2025,FEU,Z24,14,0.142881632866
03/21/2025,FEU,Z14,14,0.142881632866
03/21/2025,FEU,Z24,15,0.143640573122
03/21/2025,FEU,Z14,15,0.078297566342
03/21/2025,FEU,Z24,16,0.080260963293
03/21/2025,FEU,Z14,16,0.080260963293
03/21/2025,FEU,Z24,17,0.080577715549
03/21/2025,FEU,Z14,17,0.080577715549
03/21/2025,FEU,Z24,18,0.083372671025
03/21/2025,FEU,Z14,18,0.083372671025
03/21/2025,FEU,Z24,19,0.090521972586
03/21/2025,FEU,Z14,19,0.155977241061
03/21/2025,FEU,Z24,2,0.064829216696
03/21/2025,FEU,Z14,2,0.064829216696
03/21/2025,FEU,Z24,20,0.182914234147
03/21/2025,FEU,Z14,20,0.182914234147
03/21/2025,FEU,Z24,21,0.185967112452
03/21/2025,FEU,Z14,21,0.185967112452
03/21/2025,FEU,Z24,22,0.180563072927
03/21/2025,FEU,Z14,22,0.180563072927
03/21/2025,FEU,Z24,23,0.176047628049
03/21/2025,FEU,Z14,23,0.110498654574
03/21/2025,FEU,Z24,24,0.096934380744
03/21/2025,FEU,Z14,24,0.096934380744
03/21/2025,FEU,Z24,3,0.067713798476
03/21/2025,FEU,Z14,3,0.067713798476
03/21/2025,FEU,Z24,4,0.064402136561
03/21/2025,FEU,Z14,4,0.064402136561
03/21/2025,FEU,Z24,5,0.064187832256
03/21/2025,FEU,Z14,5,0.064187832256
03/21/2025,FEU,Z24,6,0.062613099781
03/21/2025,FEU,Z14,6,0.062613099781
03/21/2025,FEU,Z24,7,0.065656541269
03/21/2025,FEU,Z14,7,0.065656541269
03/21/2025,FEU,Z24,8,0.073223309842
03/21/2025,FEU,Z14,8,0.073223309842
03/21/2025,FEU,Z24,9,0.0923448095
03/21/2025,FEU,Z14,9,0.0923448095
03/22/2025,FEU,Z24,1,0.062074288152
03/22/2025,FEU,Z14,1,0.062074288152
03/22/2025,FEU,Z24,10,0.050383927292
03/22/2025,FEU,Z14,10,0.050383927292
03/22/2025,FEU,Z24,11,0.050384313673
03/22/2025,FEU,Z14,11,0.050384313673
03/22/2025,FEU,Z24,12,0.051613297395
03/22/2025,FEU,Z14,12,0.051613297395
03/22/2025,FEU,Z24,13,0.051138643458
03/22/2025,FEU,Z14,13,0.051138643458
03/22/2025,FEU,Z24,14,0.050924716458
03/22/2025,FEU,Z14,14,0.050924716458
03/22/2025,FEU,Z24,15,0.051183735331
03/22/2025,FEU,Z14,15,0.051183735331
03/22/2025,FEU,Z24,16,0.050816786078
03/22/2025,FEU,Z14,16,0.050816786078
03/22/2025,FEU,Z24,17,0.051343202761
03/22/2025,FEU,Z14,17,0.051343202761
03/22/2025,FEU,Z24,18,0.051671361976
03/22/2025,FEU,Z14,18,0.051671361976
03/22/2025,FEU,Z24,19,0.060478315127
03/22/2025,FEU,Z14,19,0.060478315127
03/22/2025,FEU,Z24,2,0.064023211303
03/22/2025,FEU,Z14,2,0.064023211303
03/22/2025,FEU,Z24,20,0.092541975595
03/22/2025,FEU,Z14,20,0.092541975595
03/22/2025,FEU,Z24,21,0.134631533722
03/22/2025,FEU,Z14,21,0.134631533722
03/22/2025,FEU,Z24,22,0.110316726659
03/22/2025,FEU,Z14,22,0.110316726659
03/22/2025,FEU,Z24,23,0.101165091937
03/22/2025,FEU,Z14,23,0.101165091937
03/22/2025,FEU,Z24,24,0.090465332278
03/22/2025,FEU,Z14,24,0.090465332278
03/22/2025,FEU,Z24,3,0.062937151518
03/22/2025,FEU,Z14,3,0.062937151518
03/22/2025,FEU,Z24,4,0.059867085391
03/22/2025,FEU,Z14,4,0.059867085391
03/22/2025,FEU,Z24,5,0.061013518328
03/22/2025,FEU,Z14,5,0.061013518328
03/22/2025,FEU,Z24,6,0.061428335391
03/22/2025,FEU,Z14,6,0.061428335391
03/22/2025,FEU,Z24,7,0.059860924176
03/22/2025,FEU,Z14,7,0.059860924176
03/22/2025,FEU,Z24,8,0.055766315493
03/22/2025,FEU,Z14,8,0.055766315493
03/22/2025,FEU,Z24,9,0.05409899619
03/22/2025,FEU,Z14,9,0.05409899619
03/23/2025,FEU,Z24,1,0.093882661165
03/23/2025,FEU,Z14,1,0.093882661165
03/23/2025,FEU,Z24,10,0.070341023669
03/23/2025,FEU,Z14,10,0.070341023669
03/23/2025,FEU,Z24,11,0.043164530583
03/23/2025,FEU,Z14,11,0.043164530583
03/23/2025,FEU,Z24,12,0.04199277126
03/23/2025,FEU,Z14,12,0.04199277126
03/23/2025,FEU,Z24,13,0.041209843158
03/23/2025,FEU,Z14,13,0.041209843158
03/23/2025,FEU,Z24,14,0.041268393158
03/23/2025,FEU,Z14,14,0.041268393158
03/23/2025,FEU,Z24,15,0.041278747921
03/23/2025,FEU,Z14,15,0.041278747921
03/23/2025,FEU,Z24,16,0.042394352685
03/23/2025,FEU,Z14,16,0.042394352685
03/23/2025,FEU,Z24,17,0.043717100331
03/23/2025,FEU,Z14,17,0.043717100331
03/23/2025,FEU,Z24,18,0.072492119094
03/23/2025,FEU,Z14,18,0.072492119094
03/23/2025,FEU,Z24,19,0.108353021417
03/23/2025,FEU,Z14,19,0.108353021417
03/23/2025,FEU,Z24,2,0.091693044149
03/23/2025,FEU,Z14,2,0.091693044149
03/23/2025,FEU,Z24,20,0.165544071197
03/23/2025,FEU,Z14,20,0.165544071197
03/23/2025,FEU,Z24,21,0.186694562535
03/23/2025,FEU,Z14,21,0.186694562535
03/23/2025,FEU,Z24,22,0.171470402315
03/23/2025,FEU,Z14,22,0.171470402315
03/23/2025,FEU,Z24,23,0.157878822858
03/23/2025,FEU,Z14,23,0.157878822858
03/23/2025,FEU,Z24,24,0.118102996299
03/23/2025,FEU,Z14,24,0.118102996299
03/23/2025,FEU,Z24,3,0.082289757913
03/23/2025,FEU,Z14,3,0.082289757913
03/23/2025,FEU,Z24,4,0.074618262235
03/23/2025,FEU,Z14,4,0.074618262235
03/23/2025,FEU,Z24,5,0.074027106456
03/23/2025,FEU,Z14,5,0.074027106456
03/23/2025,FEU,Z24,6,0.073620848015
03/23/2025,FEU,Z14,6,0.073620848015
03/23/2025,FEU,Z24,7,0.074984831913
03/23/2025,FEU,Z14,7,0.074984831913
03/23/2025,FEU,Z24,8,0.079905273369
03/23/2025,FEU,Z14,8,0.079905273369
03/23/2025,FEU,Z24,9,0.099735136519
03/23/2025,FEU,Z14,9,0.099735136519
03/24/2025,FEU,Z24,1,0.110257064944
03/24/2025,FEU,Z14,1,0.110257064944
03/24/2025,FEU,Z24,10,0.083858494811
03/24/2025,FEU,Z14,10,0.083858494811
03/24/2025,FEU,Z24,11,0.064136867206
03/24/2025,FEU,Z14,11,0.129429828009
03/24/2025,FEU,Z24,12,0.124298729907
03/24/2025,FEU,Z14,12,0.124298729907
03/24/2025,FEU,Z24,13,0.124035421308
03/24/2025,FEU,Z14,13,0.124035421308
03/24/2025,FEU,Z24,14,0.123303991308
03/24/2025,FEU,Z14,14,0.123303991308
03/24/2025,FEU,Z24,15,0.125154237014
03/24/2025,FEU,Z14,15,0.059870970212
03/24/2025,FEU,Z24,16,0.060851111816
03/24/2025,FEU,Z14,16,0.060851111816
03/24/2025,FEU,Z24,17,0.066934465217
03/24/2025,FEU,Z14,17,0.066934465217
03/24/2025,FEU,Z24,18,0.11021566972
03/24/2025,FEU,Z14,18,0.11021566972
03/24/2025,FEU,Z24,19,0.147648645121
03/24/2025,FEU,Z14,19,0.213239978923
03/24/2025,FEU,Z24,2,0.098149988649
03/24/2025,FEU,Z14,2,0.098149988649
03/24/2025,FEU,Z24,20,0.336859192324
03/24/2025,FEU,Z14,20,0.336859192324
03/24/2025,FEU,Z24,21,0.308977235024
03/24/2025,FEU,Z14,21,0.308977235024
03/24/2025,FEU,Z24,22,0.265906136527
03/24/2025,FEU,Z14,22,0.265906136527
03/24/2025,FEU,Z24,23,0.252586873035
03/24/2025,FEU,Z14,23,0.186725604532
03/24/2025,FEU,Z24,24,0.156267323837
03/24/2025,FEU,Z14,24,0.156267323837
03/24/2025,FEU,Z24,3,0.091208155451
03/24/2025,FEU,Z14,3,0.091208155451
03/24/2025,FEU,Z24,4,0.090217082152
03/24/2025,FEU,Z14,4,0.090217082152
03/24/2025,FEU,Z24,5,0.090777731451
03/24/2025,FEU,Z14,5,0.090777731451
03/24/2025,FEU,Z24,6,0.086928444949
03/24/2025,FEU,Z14,6,0.086928444949
03/24/2025,FEU,Z24,7,0.100449695735
03/24/2025,FEU,Z14,7,0.100449695735
03/24/2025,FEU,Z24,8,0.128504400725
03/24/2025,FEU,Z14,8,0.128504400725
03/24/2025,FEU,Z24,9,0.11726822942
03/24/2025,FEU,Z14,9,0.11726822942
03/25/2025,FEU,Z24,1,0.09371388475
03/25/2025,FEU,Z14,1,0.09371388475
03/25/2025,FEU,Z24,10,0.064360485758
03/25/2025,FEU,Z14,10,0.064360485758
03/25/2025,FEU,Z24,11,0.063041237951
03/25/2025,FEU,Z14,11,0.128330414196
03/25/2025,FEU,Z24,12,0.127250068635
03/25/2025,FEU,Z14,12,0.127250068635
03/25/2025,FEU,Z24,13,0.127132323513
03/25/2025,FEU,Z14,13,0.127132323513
03/25/2025,FEU,Z24,14,0.124660264829
03/25/2025,FEU,Z14,14,0.124660264829
03/25/2025,FEU,Z24,15,0.12546604888
03/25/2025,FEU,Z14,15,0.060184879635
03/25/2025,FEU,Z24,16,0.062185655125
03/25/2025,FEU,Z14,16,0.062185655125
03/25/2025,FEU,Z24,17,0.062115148054
03/25/2025,FEU,Z14,17,0.062115148054
03/25/2025,FEU,Z24,18,0.119252822299
03/25/2025,FEU,Z14,18,0.119252822299
03/25/2025,FEU,Z24,19,0.137990042299
03/25/2025,FEU,Z14,19,0.203545584544
03/25/2025,FEU,Z24,2,0.073847680118
03/25/2025,FEU,Z14,2,0.073847680118
03/25/2025,FEU,Z24,20,0.312375439667
03/25/2025,FEU,Z14,20,0.312375439667
03/25/2025,FEU,Z24,21,0.312645076228
03/25/2025,FEU,Z14,21,0.312645076228
03/25/2025,FEU,Z24,22,0.277691837035
03/25/2025,FEU,Z14,22,0.277691837035
03/25/2025,FEU,Z24,23,0.253489012576
03/25/2025,FEU,Z14,23,0.18762451977
03/25/2025,FEU,Z24,24,0.181426851066
03/25/2025,FEU,Z14,24,0.181426851066
03/25/2025,FEU,Z24,3,0.070142387485
03/25/2025,FEU,Z14,3,0.070142387485
03/25/2025,FEU,Z24,4,0.066278417047
03/25/2025,FEU,Z14,4,0.066278417047
03/25/2025,FEU,Z24,5,0.067127683485
03/25/2025,FEU,Z14,5,0.067127683485
03/25/2025,FEU,Z24,6,0.071986444679
03/25/2025,FEU,Z14,6,0.071986444679
03/25/2025,FEU,Z24,7,0.085907111331
03/25/2025,FEU,Z14,7,0.085907111331
03/25/2025,FEU,Z24,8,0.145633074789
03/25/2025,FEU,Z14,8,0.145633074789
03/25/2025,FEU,Z24,9,0.107338499738
03/25/2025,FEU,Z14,9,0.107338499738
03/26/2025,FEU,Z24,1,0.104768492411
03/26/2025,FEU,Z14,1,0.104768492411
03/26/2025,FEU,Z24,10,0.065568014219
03/26/2025,FEU,Z14,10,0.065568014219
03/26/2025,FEU,Z24,11,0.065147200762
03/26/2025,FEU,Z14,11,0.130442489491
03/26/2025,FEU,Z24,12,0.129357163944
03/26/2025,FEU,Z14,12,0.129357163944
03/26/2025,FEU,Z24,13,0.129262125944
03/26/2025,FEU,Z14,13,0.129262125944
03/26/2025,FEU,Z24,14,0.126861836944
03/26/2025,FEU,Z14,14,0.126861836944
03/26/2025,FEU,Z24,15,0.127413356583
03/26/2025,FEU,Z14,15,0.062123663855
03/26/2025,FEU,Z24,16,0.062000521311
03/26/2025,FEU,Z14,16,0.062000521311
03/26/2025,FEU,Z24,17,0.062600961131
03/26/2025,FEU,Z14,17,0.062600961131
03/26/2025,FEU,Z24,18,0.061724865677
03/26/2025,FEU,Z14,18,0.061724865677
03/26/2025,FEU,Z24,19,0.097562053859
03/26/2025,FEU,Z14,19,0.163044034769
03/26/2025,FEU,Z24,2,0.086896722049
03/26/2025,FEU,Z14,2,0.086896722049
03/26/2025,FEU,Z24,20,0.273934471769
03/26/2025,FEU,Z14,20,0.273934471769
03/26/2025,FEU,Z24,21,0.275650702769
03/26/2025,FEU,Z14,21,0.275650702769
03/26/2025,FEU,Z24,22,0.251965253861
03/26/2025,FEU,Z14,22,0.251965253861
03/26/2025,FEU,Z24,23,0.244034429773
03/26/2025,FEU,Z14,23,0.178209451863
03/26/2025,FEU,Z24,24,0.131814061229
03/26/2025,FEU,Z14,24,0.131814061229
03/26/2025,FEU,Z24,3,0.077037105687
03/26/2025,FEU,Z14,3,0.077037105687
03/26/2025,FEU,Z24,4,0.072600006505
03/26/2025,FEU,Z14,4,0.072600006505
03/26/2025,FEU,Z24,5,0.077684003323
03/26/2025,FEU,Z14,5,0.077684003323
03/26/2025,FEU,Z24,6,0.085102096231
03/26/2025,FEU,Z14,6,0.085102096231
03/26/2025,FEU,Z24,7,0.116198658773
03/26/2025,FEU,Z14,7,0.116198658773
03/26/2025,FEU,Z24,8,0.154567253133
03/26/2025,FEU,Z14,8,0.154567253133
03/26/2025,FEU,Z24,9,0.095811167495
03/26/2025,FEU,Z14,9,0.095811167495
03/27/2025,FEU,Z24,1,0.138644706295
03/27/2025,FEU,Z14,1,0.138644706295
03/27/2025,FEU,Z24,10,0.062926751413
03/27/2025,FEU,Z14,10,0.062926751413
03/27/2025,FEU,Z24,11,0.059174574985
03/27/2025,FEU,Z14,11,0.124448527777
03/27/2025,FEU,Z24,12,0.124605979725
03/27/2025,FEU,Z14,12,0.124605979725
03/27/2025,FEU,Z24,13,0.124401008777
03/27/2025,FEU,Z14,13,0.124401008777
03/27/2025,FEU,Z24,14,0.121872070777
03/27/2025,FEU,Z14,14,0.121872070777
03/27/2025,FEU,Z24,15,0.122387979205
03/27/2025,FEU,Z14,15,0.057114241413
03/27/2025,FEU,Z24,16,0.057946063945
03/27/2025,FEU,Z14,16,0.057946063945
03/27/2025,FEU,Z24,17,0.057618554582
03/27/2025,FEU,Z14,17,0.057618554582
03/27/2025,FEU,Z24,18,0.065663950218
03/27/2025,FEU,Z14,18,0.065663950218
03/27/2025,FEU,Z24,19,0.112609762906
03/27/2025,FEU,Z14,19,0.178157737646
03/27/2025,FEU,Z24,2,0.108104611776
03/27/2025,FEU,Z14,2,0.108104611776
03/27/2025,FEU,Z24,20,0.29843960549
03/27/2025,FEU,Z14,20,0.29843960549
03/27/2025,FEU,Z24,21,0.279332869594
03/27/2025,FEU,Z14,21,0.279332869594
03/27/2025,FEU,Z24,22,0.257533003335
03/27/2025,FEU,Z14,22,0.257533003335
03/27/2025,FEU,Z24,23,0.246482616555
03/27/2025,FEU,Z14,23,0.180644776815
03/27/2025,FEU,Z24,24,0.167927463451
03/27/2025,FEU,Z14,24,0.167927463451
03/27/2025,FEU,Z24,3,0.106478657412
03/27/2025,FEU,Z14,3,0.106478657412
03/27/2025,FEU,Z24,4,0.097203085308
03/27/2025,FEU,Z14,4,0.097203085308
03/27/2025,FEU,Z24,5,0.097823095308
03/27/2025,FEU,Z14,5,0.097823095308
03/27/2025,FEU,Z24,6,0.105795893516
03/27/2025,FEU,Z14,6,0.105795893516
03/27/2025,FEU,Z24,7,0.137418758451
03/27/2025,FEU,Z14,7,0.137418758451
03/27/2025,FEU,Z24,8,0.177647381438
03/27/2025,FEU,Z14,8,0.177647381438
03/27/2025,FEU,Z24,9,0.12790265027
03/27/2025,FEU,Z14,9,0.12790265027
03/28/2025,FEU,Z24,1,0.113854740287
03/28/2025,FEU,Z14,1,0.113854740287
03/28/2025,FEU,Z24,10,0.072740138774
03/28/2025,FEU,Z14,10,0.072740138774
03/28/2025,FEU,Z24,11,0.071645107272
03/28/2025,FEU,Z14,11,0.136962841273
03/28/2025,FEU,Z24,12,0.136584254771
03/28/2025,FEU,Z14,12,0.136584254771
03/28/2025,FEU,Z24,13,0.136649027771
03/28/2025,FEU,Z14,13,0.136649027771
03/28/2025,FEU,Z24,14,0.134221217771
03/28/2025,FEU,Z14,14,0.134221217771
03/28/2025,FEU,Z24,15,0.134405170273
03/28/2025,FEU,Z14,15,0.069093900272
03/28/2025,FEU,Z24,16,0.068317375274
03/28/2025,FEU,Z14,16,0.068317375274
03/28/2025,FEU,Z24,17,0.068818139777
03/28/2025,FEU,Z14,17,0.068818139777
03/28/2025,FEU,Z24,18,0.066766840278
03/28/2025,FEU,Z14,18,0.066766840278
03/28/2025,FEU,Z24,19,0.07609138828
03/28/2025,FEU,Z14,19,0.141484928781
03/28/2025,FEU,Z24,2,0.098203848789
03/28/2025,FEU,Z14,2,0.098203848789
03/28/2025,FEU,Z24,20,0.206822800282
03/28/2025,FEU,Z14,20,0.206822800282
03/28/2025,FEU,Z24,21,0.232874156781
03/28/2025,FEU,Z14,21,0.232874156781
03/28/2025,FEU,Z24,22,0.208241594282
03/28/2025,FEU,Z14,22,0.208241594282
03/28/2025,FEU,Z24,23,0.193393350286
03/28/2025,FEU,Z14,23,0.127773287785
03/28/2025,FEU,Z24,24,0.095229626786
03/28/2025,FEU,Z14,24,0.095229626786
03/28/2025,FEU,Z24,3,0.09065244779
03/28/2025,FEU,Z14,3,0.09065244779
03/28/2025,FEU,Z24,4,0.08541075529
03/28/2025,FEU,Z14,4,0.08541075529
03/28/2025,FEU,Z24,5,0.085816813791
03/28/2025,FEU,Z14,5,0.085816813791
03/28/2025,FEU,Z24,6,0.091734025289
03/28/2025,FEU,Z14,6,0.091734025289
03/28/2025,FEU,Z24,7,0.110784496285
03/28/2025,FEU,Z14,7,0.110784496285
03/28/2025,FEU,Z24,8,0.147179454782
03/28/2025,FEU,Z14,8,0.147179454782
03/28/2025,FEU,Z24,9,0.098530944779
03/28/2025,FEU,Z14,9,0.098530944779
03/29/2025,FEU,Z24,1,0.074880560909
03/29/2025,FEU,Z14,1,0.074880560909
03/29/2025,FEU,Z24,10,0.064033909414
03/29/2025,FEU,Z14,10,0.064033909414
03/29/2025,FEU,Z24,11,0.058575622916
03/29/2025,FEU,Z14,11,0.058575622916
03/29/2025,FEU,Z24,12,0.057353039625
03/29/2025,FEU,Z14,12,0.057353039625
03/29/2025,FEU,Z24,13,0.059860053542
03/29/2025,FEU,Z14,13,0.059860053542
03/29/2025,FEU,Z24,14,0.060358047542
03/29/2025,FEU,Z14,14,0.060358047542
03/29/2025,FEU,Z24,15,0.061221768708
03/29/2025,FEU,Z14,15,0.061221768708
03/29/2025,FEU,Z24,16,0.06269714204
03/29/2025,FEU,Z14,16,0.06269714204
03/29/2025,FEU,Z24,17,0.064037563455
03/29/2025,FEU,Z14,17,0.064037563455
03/29/2025,FEU,Z24,18,0.060380449829
03/29/2025,FEU,Z14,18,0.060380449829
03/29/2025,FEU,Z24,19,0.059825069286
03/29/2025,FEU,Z14,19,0.059825069286
03/29/2025,FEU,Z24,2,0.075562656365
03/29/2025,FEU,Z14,2,0.075562656365
03/29/2025,FEU,Z24,20,0.068915942327
03/29/2025,FEU,Z14,20,0.068915942327
03/29/2025,FEU,Z24,21,0.076608362161
03/29/2025,FEU,Z14,21,0.076608362161
03/29/2025,FEU,Z24,22,0.077405420244
03/29/2025,FEU,Z14,22,0.077405420244
03/29/2025,FEU,Z24,23,0.069892540535
03/29/2025,FEU,Z14,23,0.069892540535
03/29/2025,FEU,Z24,24,0.065092424743
03/29/2025,FEU,Z14,24,0.065092424743
03/29/2025,FEU,Z24,3,0.075293201739
03/29/2025,FEU,Z14,3,0.075293201739
03/29/2025,FEU,Z24,4,0.070906551905
03/29/2025,FEU,Z14,4,0.070906551905
03/29/2025,FEU,Z24,5,0.071141663988
03/29/2025,FEU,Z14,5,0.071141663988
03/29/2025,FEU,Z24,6,0.071642801905
03/29/2025,FEU,Z14,6,0.071642801905
03/29/2025,FEU,Z24,7,0.071437683532
03/29/2025,FEU,Z14,7,0.071437683532
03/29/2025,FEU,Z24,8,0.069599768116
03/29/2025,FEU,Z14,8,0.069599768116
03/29/2025,FEU,Z24,9,0.067009391203
03/29/2025,FEU,Z14,9,0.067009391203
03/30/2025,FEU,Z24,1,0.067618044184
03/30/2025,FEU,Z14,1,0.067618044184
03/30/2025,FEU,Z24,10,0.060586032491
03/30/2025,FEU,Z14,10,0.060586032491
03/30/2025,FEU,Z24,11,0.058400100265
03/30/2025,FEU,Z14,11,0.058400100265
03/30/2025,FEU,Z24,12,0.057546139025
03/30/2025,FEU,Z14,12,0.057546139025
03/30/2025,FEU,Z24,13,0.057147917658
03/30/2025,FEU,Z14,13,0.057147917658
03/30/2025,FEU,Z24,14,0.055994482658
03/30/2025,FEU,Z14,14,0.055994482658
03/30/2025,FEU,Z24,15,0.057697092645
03/30/2025,FEU,Z14,15,0.057697092645
03/30/2025,FEU,Z24,16,0.059104526631
03/30/2025,FEU,Z14,16,0.059104526631
03/30/2025,FEU,Z24,17,0.060354008111
03/30/2025,FEU,Z14,17,0.060354008111
03/30/2025,FEU,Z24,18,0.058028219098
03/30/2025,FEU,Z14,18,0.058028219098
03/30/2025,FEU,Z24,19,0.064138750338
03/30/2025,FEU,Z14,19,0.064138750338
03/30/2025,FEU,Z24,2,0.071513021044
03/30/2025,FEU,Z14,2,0.071513021044
03/30/2025,FEU,Z24,20,0.083850002464
03/30/2025,FEU,Z14,20,0.083850002464
03/30/2025,FEU,Z24,21,0.095616545844
03/30/2025,FEU,Z14,21,0.095616545844
03/30/2025,FEU,Z24,22,0.085263478971
03/30/2025,FEU,Z14,22,0.085263478971
03/30/2025,FEU,Z24,23,0.070753181084
03/30/2025,FEU,Z14,23,0.070753181084
03/30/2025,FEU,Z24,3,0.07630996003
03/30/2025,FEU,Z14,3,0.07630996003
03/30/2025,FEU,Z24,4,0.07359663227
03/30/2025,FEU,Z14,4,0.07359663227
03/30/2025,FEU,Z24,5,0.073895001144
03/30/2025,FEU,Z14,5,0.073895001144
03/30/2025,FEU,Z24,6,0.073820733397
03/30/2025,FEU,Z14,6,0.073820733397
03/30/2025,FEU,Z24,7,0.07265126203
03/30/2025,FEU,Z14,7,0.07265126203
03/30/2025,FEU,Z24,8,0.077195442917
03/30/2025,FEU,Z14,8,0.077195442917
03/30/2025,FEU,Z24,9,0.061200847704
03/30/2025,FEU,Z14,9,0.061200847704
03/31/2025,FEU,Z24,1,0.060903809476
03/31/2025,FEU,Z14,1,0.060903809476
03/31/2025,FEU,Z24,10,0.070570471848
03/31/2025,FEU,Z14,10,0.070570471848
03/31/2025,FEU,Z24,11,0.071984348213
03/31/2025,FEU,Z14,11,0.137304416031
03/31/2025,FEU,Z24,12,0.136965155667
03/31/2025,FEU,Z14,12,0.136965155667
03/31/2025,FEU,Z24,13,0.136911786576
03/31/2025,FEU,Z14,13,0.136911786576
03/31/2025,FEU,Z24,14,0.134200851576
03/31/2025,FEU,Z14,14,0.134200851576
03/31/2025,FEU,Z24,15,0.134964760575
03/31/2025,FEU,Z14,15,0.069646842757
03/31/2025,FEU,Z24,16,0.069644950392
03/31/2025,FEU,Z14,16,0.069644950392
03/31/2025,FEU,Z24,17,0.067287575301
03/31/2025,FEU,Z14,17,0.067287575301
03/31/2025,FEU,Z24,18,0.068113591573
03/31/2025,FEU,Z14,18,0.068113591573
03/31/2025,FEU,Z24,19,0.068986868482
03/31/2025,FEU,Z14,19,0.1343126773
03/31/2025,FEU,Z24,2,0.064997043475
03/31/2025,FEU,Z14,2,0.064997043475
03/31/2025,FEU,Z24,20,0.202252079209
03/31/2025,FEU,Z14,20,0.202252079209
03/31/2025,FEU,Z24,21,0.304492637663
03/31/2025,FEU,Z14,21,0.304492637663
03/31/2025,FEU,Z24,22,0.364818739935
03/31/2025,FEU,Z14,22,0.364818739935
03/31/2025,FEU,Z24,23,0.275208554751
03/31/2025,FEU,Z14,23,0.209253962479
03/31/2025,FEU,Z24,24,0.182580048569
03/31/2025,FEU,Z14,24,0.182580048569
03/31/2025,FEU,Z24,3,0.067609169293
03/31/2025,FEU,Z14,3,0.067609169293
03/31/2025,FEU,Z24,4,0.065386495747
03/31/2025,FEU,Z14,4,0.065386495747
03/31/2025,FEU,Z24,5,0.065057725293
03/31/2025,FEU,Z14,5,0.065057725293
03/31/2025,FEU,Z24,6,0.064720304021
03/31/2025,FEU,Z14,6,0.064720304021
03/31/2025,FEU,Z24,7,0.065001898206
03/31/2025,FEU,Z14,7,0.065001898206
03/31/2025,FEU,Z24,8,0.096814448118
03/31/2025,FEU,Z14,8,0.096814448118
03/31/2025,FEU,Z24,9,0.126974370028
03/31/2025,FEU,Z14,9,0.126974370028
04/01/2025,FEU,Z24,1,0.131898029473
04/01/2025,FEU,Z14,1,0.131898029473
04/01/2025,FEU,Z24,10,0.152964071257
04/01/2025,FEU,Z14,10,0.152964071257
04/01/2025,FEU,Z24,11,0.093704777026
04/01/2025,FEU,Z14,11,0.159097796513
04/01/2025,FEU,Z24,12,0.122553813769
04/01/2025,FEU,Z14,12,0.122553813769
04/01/2025,FEU,Z24,13,0.116149890911
04/01/2025,FEU,Z14,13,0.116149890911
04/01/2025,FEU,Z24,14,0.113464240052
04/01/2025,FEU,Z14,14,0.113464240052
04/01/2025,FEU,Z24,15,0.113742732346
04/01/2025,FEU,Z14,15,0.048497897859
04/01/2025,FEU,Z24,16,0.049329111833
04/01/2025,FEU,Z14,16,0.049329111833
04/01/2025,FEU,Z24,17,0.049526906923
04/01/2025,FEU,Z14,17,0.049526906923
04/01/2025,FEU,Z24,18,0.049602608012
04/01/2025,FEU,Z14,18,0.049602608012
04/01/2025,FEU,Z24,19,0.070956161833
04/01/2025,FEU,Z14,19,0.13628269632
04/01/2025,FEU,Z24,2,0.118673386704
04/01/2025,FEU,Z14,2,0.118673386704
04/01/2025,FEU,Z24,20,0.181549949436
04/01/2025,FEU,Z14,20,0.181549949436
04/01/2025,FEU,Z24,21,0.246138029038
04/01/2025,FEU,Z14,21,0.246138029038
04/01/2025,FEU,Z24,22,0.255513500782
04/01/2025,FEU,Z14,22,0.255513500782
04/01/2025,FEU,Z24,23,0.215071357165
04/01/2025,FEU,Z14,23,0.149360310306
04/01/2025,FEU,Z24,24,0.122463016768
04/01/2025,FEU,Z14,24,0.122463016768
04/01/2025,FEU,Z24,3,0.116486474819
04/01/2025,FEU,Z14,3,0.116486474819
04/01/2025,FEU,Z24,4,0.103732756076
04/01/2025,FEU,Z14,4,0.103732756076
04/01/2025,FEU,Z24,5,0.104794913563
04/01/2025,FEU,Z14,5,0.104794913563
04/01/2025,FEU,Z24,6,0.110942420076
04/01/2025,FEU,Z14,6,0.110942420076
04/01/2025,FEU,Z24,7,0.126013726012
04/01/2025,FEU,Z14,7,0.126013726012
04/01/2025,FEU,Z24,8,0.206102536179
04/01/2025,FEU,Z14,8,0.206102536179
04/01/2025,FEU,Z24,9,0.244140051615
04/01/2025,FEU,Z14,9,0.244140051615
04/02/2025,FEU,Z24,1,0.093765417508
04/02/2025,FEU,Z14,1,0.093765417508
04/02/2025,FEU,Z24,10,0.128598458286
04/02/2025,FEU,Z14,10,0.128598458286
04/02/2025,FEU,Z24,11,0.090862043372
04/02/2025,FEU,Z14,11,0.156244577315
04/02/2025,FEU,Z24,12,0.131614153401
04/02/2025,FEU,Z14,12,0.131614153401
04/02/2025,FEU,Z24,13,0.129067195473
04/02/2025,FEU,Z14,13,0.129067195473
04/02/2025,FEU,Z24,14,0.125909357502
04/02/2025,FEU,Z14,14,0.125909357502
04/02/2025,FEU,Z24,15,0.127279406199
04/02/2025,FEU,Z14,15,0.061990785257
04/02/2025,FEU,Z24,16,0.062657483156
04/02/2025,FEU,Z14,16,0.062657483156
04/02/2025,FEU,Z24,17,0.060401349055
04/02/2025,FEU,Z14,17,0.060401349055
04/02/2025,FEU,Z24,18,0.06163101794
04/02/2025,FEU,Z14,18,0.06163101794
04/02/2025,FEU,Z24,19,0.075321607185
04/02/2025,FEU,Z14,19,0.140700017113
04/02/2025,FEU,Z24,2,0.082598298422
04/02/2025,FEU,Z14,2,0.082598298422
04/02/2025,FEU,Z24,20,0.172106993041
04/02/2025,FEU,Z14,20,0.172106993041
04/02/2025,FEU,Z24,21,0.19015691294
04/02/2025,FEU,Z14,21,0.19015691294
04/02/2025,FEU,Z24,22,0.184908825883
04/02/2025,FEU,Z14,22,0.184908825883
04/02/2025,FEU,Z24,23,0.16972303835
04/02/2025,FEU,Z14,23,0.104198464422
04/02/2025,FEU,Z24,24,0.100076032292
04/02/2025,FEU,Z14,24,0.100076032292
04/02/2025,FEU,Z24,3,0.090374118379
04/02/2025,FEU,Z14,3,0.090374118379
04/02/2025,FEU,Z24,4,0.081513582379
04/02/2025,FEU,Z14,4,0.081513582379
04/02/2025,FEU,Z24,5,0.081805419336
04/02/2025,FEU,Z14,5,0.081805419336
04/02/2025,FEU,Z24,6,0.087513612408
04/02/2025,FEU,Z14,6,0.087513612408
04/02/2025,FEU,Z24,7,0.096597758667
04/02/2025,FEU,Z14,7,0.096597758667
04/02/2025,FEU,Z24,8,0.143023816926
04/02/2025,FEU,Z14,8,0.143023816926
04/02/2025,FEU,Z24,9,0.191283538638
04/02/2025,FEU,Z14,9,0.191283538638
04/03/2025,FEU,Z24,1,0.066343306755
04/03/2025,FEU,Z14,1,0.066343306755
04/03/2025,FEU,Z24,10,0.112660364716
04/03/2025,FEU,Z14,10,0.112660364716
04/03/2025,FEU,Z24,11,0.1011428168
04/03/2025,FEU,Z14,11,0.166563604716
04/03/2025,FEU,Z24,12,0.137064995758
04/03/2025,FEU,Z14,12,0.137064995758
04/03/2025,FEU,Z24,13,0.133624949841
04/03/2025,FEU,Z14,13,0.133624949841
04/03/2025,FEU,Z24,14,0.130225050967
04/03/2025,FEU,Z14,14,0.130225050967
04/03/2025,FEU,Z24,15,0.130764112986
04/03/2025,FEU,Z14,15,0.06545992807
04/03/2025,FEU,Z24,16,0.066305665861
04/03/2025,FEU,Z14,16,0.066305665861
04/03/2025,FEU,Z24,17,0.064951181652
04/03/2025,FEU,Z14,17,0.064951181652
04/03/2025,FEU,Z24,18,0.06856233188
04/03/2025,FEU,Z14,18,0.06856233188
04/03/2025,FEU,Z24,19,0.074796448465
04/03/2025,FEU,Z14,19,0.140135476382
04/03/2025,FEU,Z24,2,0.068074875067
04/03/2025,FEU,Z14,2,0.068074875067
04/03/2025,FEU,Z24,20,0.168284644214
04/03/2025,FEU,Z14,20,0.168284644214
04/03/2025,FEU,Z24,21,0.222010968652
04/03/2025,FEU,Z14,21,0.222010968652
04/03/2025,FEU,Z24,22,0.219937125173
04/03/2025,FEU,Z14,22,0.219937125173
04/03/2025,FEU,Z24,23,0.171057408941
04/03/2025,FEU,Z14,23,0.105527531546
04/03/2025,FEU,Z24,24,0.078578271732
04/03/2025,FEU,Z14,24,0.078578271732
04/03/2025,FEU,Z24,3,0.071860492941
04/03/2025,FEU,Z14,3,0.071860492941
04/03/2025,FEU,Z24,4,0.06547978642
04/03/2025,FEU,Z14,4,0.06547978642
04/03/2025,FEU,Z24,5,0.062282721378
04/03/2025,FEU,Z14,5,0.062282721378
04/03/2025,FEU,Z24,6,0.06331697842
04/03/2025,FEU,Z14,6,0.06331697842
04/03/2025,FEU,Z24,7,0.063393597359
04/03/2025,FEU,Z14,7,0.063393597359
04/03/2025,FEU,Z24,8,0.083687142735
04/03/2025,FEU,Z14,8,0.083687142735
04/03/2025,FEU,Z24,9,0.134850891275
04/03/2025,FEU,Z14,9,0.134850891275
04/04/2025,FEU,Z24,1,0.056934505424
04/04/2025,FEU,Z14,1,0.056934505424
04/04/2025,FEU,Z24,10,0.097951345627
04/04/2025,FEU,Z14,10,0.097951345627
04/04/2025,FEU,Z24,11,0.08126761321
04/04/2025,FEU,Z14,11,0.146620253919
04/04/2025,FEU,Z24,12,0.14325226621
04/04/2025,FEU,Z14,12,0.14325226621
04/04/2025,FEU,Z24,13,0.136332530824
04/04/2025,FEU,Z14,13,0.136332530824
04/04/2025,FEU,Z24,14,0.134425009021
04/04/2025,FEU,Z14,14,0.134425009021
04/04/2025,FEU,Z24,15,0.135474524887
04/04/2025,FEU,Z14,15,0.070161914178
04/04/2025,FEU,Z24,16,0.07360617421
04/04/2025,FEU,Z14,16,0.07360617421
04/04/2025,FEU,Z24,17,0.070634228368
04/04/2025,FEU,Z14,17,0.070634228368
04/04/2025,FEU,Z24,18,0.071694670817
04/04/2025,FEU,Z14,18,0.071694670817
04/04/2025,FEU,Z24,19,0.075237669659
04/04/2025,FEU,Z14,19,0.140577044368
04/04/2025,FEU,Z24,2,0.058793966164
04/04/2025,FEU,Z14,2,0.058793966164
04/04/2025,FEU,Z24,20,0.152533392431
04/04/2025,FEU,Z14,20,0.152533392431
04/04/2025,FEU,Z24,21,0.174647099108
04/04/2025,FEU,Z14,21,0.174647099108
04/04/2025,FEU,Z24,22,0.192864568754
04/04/2025,FEU,Z14,22,0.192864568754
04/04/2025,FEU,Z24,23,0.178183919455
04/04/2025,FEU,Z14,23,0.112559389392
04/04/2025,FEU,Z24,24,0.097026153195
04/04/2025,FEU,Z14,24,0.097026153195
04/04/2025,FEU,Z24,3,0.059875335195
04/04/2025,FEU,Z14,3,0.059875335195
04/04/2025,FEU,Z24,4,0.056653764873
04/04/2025,FEU,Z14,4,0.056653764873
04/04/2025,FEU,Z24,5,0.056677287518
04/04/2025,FEU,Z14,5,0.056677287518
04/04/2025,FEU,Z24,6,0.056334608487
04/04/2025,FEU,Z14,6,0.056334608487
04/04/2025,FEU,Z24,7,0.05714841262
04/04/2025,FEU,Z14,7,0.05714841262
04/04/2025,FEU,Z24,8,0.088975844431
04/04/2025,FEU,Z14,8,0.088975844431
04/04/2025,FEU,Z24,9,0.121210856297
04/04/2025,FEU,Z14,9,0.121210856297
04/05/2025,FEU,Z24,1,0.086427491624
04/05/2025,FEU,Z14,1,0.086427491624
04/05/2025,FEU,Z24,10,0.055107744671
04/05/2025,FEU,Z14,10,0.055107744671
04/05/2025,FEU,Z24,11,0.042356878194
04/05/2025,FEU,Z14,11,0.042356878194
04/05/2025,FEU,Z24,12,0.038626070708
04/05/2025,FEU,Z14,12,0.038626070708
04/05/2025,FEU,Z24,13,0.037390849048
04/05/2025,FEU,Z14,13,0.037390849048
04/05/2025,FEU,Z24,14,0.036371132387
04/05/2025,FEU,Z14,14,0.036371132387
04/05/2025,FEU,Z24,15,0.036663781222
04/05/2025,FEU,Z14,15,0.036663781222
04/05/2025,FEU,Z24,16,0.038122996873
04/05/2025,FEU,Z14,16,0.038122996873
04/05/2025,FEU,Z24,17,0.039061926029
04/05/2025,FEU,Z14,17,0.039061926029
04/05/2025,FEU,Z24,18,0.040119963671
04/05/2025,FEU,Z14,18,0.040119963671
04/05/2025,FEU,Z24,19,0.051648861147
04/05/2025,FEU,Z14,19,0.051648861147
04/05/2025,FEU,Z24,2,0.073716162614
04/05/2025,FEU,Z14,2,0.073716162614
04/05/2025,FEU,Z24,20,0.099745081633
04/05/2025,FEU,Z14,20,0.099745081633
04/05/2025,FEU,Z24,21,0.147699420798
04/05/2025,FEU,Z14,21,0.147699420798
04/05/2025,FEU,Z24,22,0.150675664138
04/05/2025,FEU,Z14,22,0.150675664138
04/05/2025,FEU,Z24,23,0.132959616963
04/05/2025,FEU,Z14,23,0.132959616963
04/05/2025,FEU,Z24,24,0.121684406954
04/05/2025,FEU,Z14,24,0.121684406954
04/05/2025,FEU,Z24,3,0.072841756605
04/05/2025,FEU,Z14,3,0.072841756605
04/05/2025,FEU,Z24,4,0.07120150344
04/05/2025,FEU,Z14,4,0.07120150344
04/05/2025,FEU,Z24,5,0.066949090605
04/05/2025,FEU,Z14,5,0.066949090605
04/05/2025,FEU,Z24,6,0.07050372977
04/05/2025,FEU,Z14,6,0.07050372977
04/05/2025,FEU,Z24,7,0.075160618605
04/05/2025,FEU,Z14,7,0.075160618605
04/05/2025,FEU,Z24,8,0.068403714614
04/05/2025,FEU,Z14,8,0.068403714614
04/05/2025,FEU,Z24,9,0.074076503973
04/05/2025,FEU,Z14,9,0.074076503973
04/06/2025,FEU,Z24,1,0.130316681248
04/06/2025,FEU,Z14,1,0.130316681248
04/06/2025,FEU,Z24,10,0.055750476352
04/06/2025,FEU,Z14,10,0.055750476352
04/06/2025,FEU,Z24,11,0.040249380362
04/06/2025,FEU,Z14,11,0.040249380362
04/06/2025,FEU,Z24,12,0.038106373905
04/06/2025,FEU,Z14,12,0.038106373905
04/06/2025,FEU,Z24,13,0.037583528372
04/06/2025,FEU,Z14,13,0.037583528372
04/06/2025,FEU,Z24,14,0.037470652223
04/06/2025,FEU,Z14,14,0.037470652223
04/06/2025,FEU,Z24,15,0.037827862223
04/06/2025,FEU,Z14,15,0.037827862223
04/06/2025,FEU,Z24,16,0.039007388372
04/06/2025,FEU,Z14,16,0.039007388372
04/06/2025,FEU,Z24,17,0.039693279979
04/06/2025,FEU,Z14,17,0.039693279979
04/06/2025,FEU,Z24,18,0.040239909268
04/06/2025,FEU,Z14,18,0.040239909268
04/06/2025,FEU,Z24,19,0.055093373567
04/06/2025,FEU,Z14,19,0.055093373567
04/06/2025,FEU,Z24,2,0.108794816781
04/06/2025,FEU,Z14,2,0.108794816781
04/06/2025,FEU,Z24,20,0.078060411716
04/06/2025,FEU,Z14,20,0.078060411716
04/06/2025,FEU,Z24,21,0.121763725641
04/06/2025,FEU,Z14,21,0.121763725641
04/06/2025,FEU,Z24,22,0.1284822428
04/06/2025,FEU,Z14,22,0.1284822428
04/06/2025,FEU,Z24,23,0.118571144333
04/06/2025,FEU,Z14,23,0.118571144333
04/06/2025,FEU,Z24,24,0.115684735248
04/06/2025,FEU,Z14,24,0.115684735248
04/06/2025,FEU,Z24,3,0.098170457856
04/06/2025,FEU,Z14,3,0.098170457856
04/06/2025,FEU,Z24,4,0.091261137547
04/06/2025,FEU,Z14,4,0.091261137547
04/06/2025,FEU,Z24,5,0.091345995239
04/06/2025,FEU,Z14,5,0.091345995239
04/06/2025,FEU,Z24,6,0.09292412093
04/06/2025,FEU,Z14,6,0.09292412093
04/06/2025,FEU,Z24,7,0.092653595547
04/06/2025,FEU,Z14,7,0.092653595547
04/06/2025,FEU,Z24,8,0.094347416781
04/06/2025,FEU,Z14,8,0.094347416781
04/06/2025,FEU,Z24,9,0.09309210295
04/06/2025,FEU,Z14,9,0.09309210295
04/07/2025,FEU,Z24,1,0.095474770633
04/07/2025,FEU,Z14,1,0.095474770633
04/07/2025,FEU,Z24,10,0.120868099653
04/07/2025,FEU,Z14,10,0.120868099653
04/07/2025,FEU,Z24,11,0.075510117101
04/07/2025,FEU,Z14,11,0.140801403832
04/07/2025,FEU,Z24,12,0.12284228037
04/07/2025,FEU,Z14,12,0.12284228037
04/07/2025,FEU,Z24,13,0.119112087639
04/07/2025,FEU,Z14,13,0.119112087639
04/07/2025,FEU,Z24,14,0.116359964998
04/07/2025,FEU,Z14,14,0.116359964998
04/07/2025,FEU,Z24,15,0.116643675205
04/07/2025,FEU,Z14,15,0.051391385563
04/07/2025,FEU,Z24,16,0.052133613846
04/07/2025,FEU,Z14,16,0.052133613846
04/07/2025,FEU,Z24,17,0.05059626695
04/07/2025,FEU,Z14,17,0.05059626695
04/07/2025,FEU,Z24,18,0.053027460784
04/07/2025,FEU,Z14,18,0.053027460784
04/07/2025,FEU,Z24,19,0.078113504756
04/07/2025,FEU,Z14,19,0.143505885308
04/07/2025,FEU,Z24,2,0.091902321364
04/07/2025,FEU,Z14,2,0.091902321364
04/07/2025,FEU,Z24,20,0.199063041681
04/07/2025,FEU,Z14,20,0.199063041681
04/07/2025,FEU,Z24,21,0.300583964232
04/07/2025,FEU,Z14,21,0.300583964232
04/07/2025,FEU,Z24,22,0.319104717143
04/07/2025,FEU,Z14,22,0.319104717143
04/07/2025,FEU,Z24,23,0.257440869916
04/07/2025,FEU,Z14,23,0.191424652453
04/07/2025,FEU,Z24,24,0.172024321198
04/07/2025,FEU,Z14,24,0.172024321198
04/07/2025,FEU,Z24,3,0.094921565185
04/07/2025,FEU,Z14,3,0.094921565185
04/07/2025,FEU,Z24,4,0.092184915185
04/07/2025,FEU,Z14,4,0.092184915185
04/07/2025,FEU,Z24,5,0.092469822095
04/07/2025,FEU,Z14,5,0.092469822095
04/07/2025,FEU,Z24,6,0.097905883543
04/07/2025,FEU,Z14,6,0.097905883543
04/07/2025,FEU,Z24,7,0.121762310246
04/07/2025,FEU,Z14,7,0.121762310246
04/07/2025,FEU,Z24,8,0.212778061501
04/07/2025,FEU,Z14,8,0.212778061501
04/07/2025,FEU,Z24,9,0.227449619709
04/07/2025,FEU,Z14,9,0.227449619709
04/08/2025,FEU,Z24,1,0.130165667046
04/08/2025,FEU,Z14,1,0.130165667046
04/08/2025,FEU,Z24,10,0.103123640375
04/08/2025,FEU,Z14,10,0.103123640375
04/08/2025,FEU,Z24,11,0.058157089476
04/08/2025,FEU,Z14,11,0.123426893408
04/08/2025,FEU,Z24,12,0.122000218442
04/08/2025,FEU,Z14,12,0.122000218442
04/08/2025,FEU,Z24,13,0.121815241027
04/08/2025,FEU,Z14,13,0.121815241027
04/08/2025,FEU,Z24,14,0.118662623611
04/08/2025,FEU,Z14,14,0.118662623611
04/08/2025,FEU,Z24,15,0.119636505688
04/08/2025,FEU,Z14,15,0.054371538756
04/08/2025,FEU,Z24,16,0.054670792621
04/08/2025,FEU,Z14,16,0.054670792621
04/08/2025,FEU,Z24,17,0.055351484935
04/08/2025,FEU,Z14,17,0.055351484935
04/08/2025,FEU,Z24,18,0.056296365249
04/08/2025,FEU,Z14,18,0.056296365249
04/08/2025,FEU,Z24,19,0.055673067621
04/08/2025,FEU,Z14,19,0.120946395553
04/08/2025,FEU,Z24,2,0.120188626944
04/08/2025,FEU,Z14,2,0.120188626944
04/08/2025,FEU,Z24,20,0.163654601002
04/08/2025,FEU,Z14,20,0.163654601002
04/08/2025,FEU,Z24,21,0.253172285384
04/08/2025,FEU,Z14,21,0.253172285384
04/08/2025,FEU,Z24,22,0.26197957235
04/08/2025,FEU,Z14,22,0.26197957235
04/08/2025,FEU,Z24,23,0.222655580741
04/08/2025,FEU,Z14,23,0.156913628326
04/08/2025,FEU,Z24,24,0.139034540123
04/08/2025,FEU,Z14,24,0.139034540123
04/08/2025,FEU,Z24,3,0.121046802393
04/08/2025,FEU,Z14,3,0.121046802393
04/08/2025,FEU,Z24,4,0.105902235427
04/08/2025,FEU,Z14,4,0.105902235427
04/08/2025,FEU,Z24,5,0.099552709359
04/08/2025,FEU,Z14,5,0.099552709359
04/08/2025,FEU,Z24,6,0.100680731427
04/08/2025,FEU,Z14,6,0.100680731427
04/08/2025,FEU,Z24,7,0.103395347249
04/08/2025,FEU,Z14,7,0.103395347249
04/08/2025,FEU,Z24,8,0.178153163968
04/08/2025,FEU,Z14,8,0.178153163968
04/08/2025,FEU,Z24,9,0.17679926163
04/08/2025,FEU,Z14,9,0.17679926163
04/09/2025,FEU,Z24,1,0.103059167663
04/09/2025,FEU,Z14,1,0.103059167663
04/09/2025,FEU,Z24,10,0.108296256878
04/09/2025,FEU,Z14,10,0.108296256878
04/09/2025,FEU,Z24,11,0.076514837902
04/09/2025,FEU,Z14,11,0.141848843553
04/09/2025,FEU,Z24,12,0.133891532577
04/09/2025,FEU,Z14,12,0.133891532577
04/09/2025,FEU,Z24,13,0.133339106763
04/09/2025,FEU,Z14,13,0.133339106763
04/09/2025,FEU,Z24,14,0.130440844438
04/09/2025,FEU,Z14,14,0.130440844438
04/09/2025,FEU,Z24,15,0.131312764854
04/09/2025,FEU,Z14,15,0.066011482203
04/09/2025,FEU,Z24,16,0.066488270342
04/09/2025,FEU,Z14,16,0.066488270342
04/09/2025,FEU,Z24,17,0.062881496481
04/09/2025,FEU,Z14,17,0.062881496481
04/09/2025,FEU,Z24,18,0.062215432782
04/09/2025,FEU,Z14,18,0.062215432782
04/09/2025,FEU,Z24,19,0.077723222017
04/09/2025,FEU,Z14,19,0.14311191283
04/09/2025,FEU,Z24,2,0.090376284639
04/09/2025,FEU,Z14,2,0.090376284639
04/09/2025,FEU,Z24,20,0.182530145644
04/09/2025,FEU,Z14,20,0.182530145644
04/09/2025,FEU,Z24,21,0.209411002782
04/09/2025,FEU,Z14,21,0.209411002782
04/09/2025,FEU,Z24,22,0.230218259433
04/09/2025,FEU,Z14,22,0.230218259433
04/09/2025,FEU,Z24,23,0.193253873453
04/09/2025,FEU,Z14,23,0.127633333639
04/09/2025,FEU,Z24,24,0.110470980103
04/09/2025,FEU,Z14,24,0.110470980103
04/09/2025,FEU,Z24,3,0.089386567127
04/09/2025,FEU,Z14,3,0.089386567127
04/09/2025,FEU,Z24,4,0.085211503127
04/09/2025,FEU,Z14,4,0.085211503127
04/09/2025,FEU,Z24,5,0.081812998615
04/09/2025,FEU,Z14,5,0.081812998615
04/09/2025,FEU,Z24,6,0.081913402802
04/09/2025,FEU,Z14,6,0.081913402802
04/09/2025,FEU,Z24,7,0.090039783874
04/09/2025,FEU,Z14,7,0.090039783874
04/09/2025,FEU,Z24,8,0.137972852945
04/09/2025,FEU,Z14,8,0.137972852945
04/09/2025,FEU,Z24,9,0.179659118199
04/09/2025,FEU,Z14,9,0.179659118199
04/10/2025,FEU,Z24,1,0.088337278037
04/10/2025,FEU,Z14,1,0.088337278037
04/10/2025,FEU,Z24,10,0.107922809224
04/10/2025,FEU,Z14,10,0.107922809224
04/10/2025,FEU,Z24,11,0.089449251588
04/10/2025,FEU,Z14,11,0.154829647224
04/10/2025,FEU,Z24,12,0.143664154406
04/10/2025,FEU,Z14,12,0.143664154406
04/10/2025,FEU,Z24,13,0.14269022077
04/10/2025,FEU,Z14,13,0.14269022077
04/10/2025,FEU,Z24,14,0.139790670317
04/10/2025,FEU,Z14,14,0.139790670317
04/10/2025,FEU,Z24,15,0.141581436723
04/10/2025,FEU,Z14,15,0.076240364087
04/10/2025,FEU,Z24,16,0.077429448177
04/10/2025,FEU,Z14,16,0.077429448177
04/10/2025,FEU,Z24,17,0.073743753266
04/10/2025,FEU,Z14,17,0.073743753266
04/10/2025,FEU,Z24,18,0.074741729583
04/10/2025,FEU,Z14,18,0.074741729583
04/10/2025,FEU,Z24,19,0.078925324132
04/10/2025,FEU,Z14,19,0.144278419768
04/10/2025,FEU,Z24,2,0.084364334718
04/10/2025,FEU,Z14,2,0.084364334718
04/10/2025,FEU,Z24,20,0.16214819704
04/10/2025,FEU,Z14,20,0.16214819704
04/10/2025,FEU,Z24,21,0.177981026266
04/10/2025,FEU,Z14,21,0.177981026266
04/10/2025,FEU,Z24,22,0.191851533857
04/10/2025,FEU,Z14,22,0.191851533857
04/10/2025,FEU,Z24,23,0.186210293171
04/10/2025,FEU,Z14,23,0.120618466127
04/10/2025,FEU,Z24,24,0.112606519261
04/10/2025,FEU,Z14,24,0.112606519261
04/10/2025,FEU,Z24,3,0.077974184171
04/10/2025,FEU,Z14,3,0.077974184171
04/10/2025,FEU,Z24,4,0.07311378858
04/10/2025,FEU,Z14,4,0.07311378858
04/10/2025,FEU,Z24,5,0.071561003398
04/10/2025,FEU,Z14,5,0.071561003398
04/10/2025,FEU,Z24,6,0.07141120458
04/10/2025,FEU,Z14,6,0.07141120458
04/10/2025,FEU,Z24,7,0.067759199992
04/10/2025,FEU,Z14,7,0.067759199992
04/10/2025,FEU,Z24,8,0.085087729631
04/10/2025,FEU,Z14,8,0.085087729631
04/10/2025,FEU,Z24,9,0.116499578628
04/10/2025,FEU,Z14,9,0.116499578628
04/11/2025,FEU,Z24,1,0.074220541663
04/11/2025,FEU,Z14,1,0.074220541663
04/11/2025,FEU,Z24,10,0.106124582347
04/11/2025,FEU,Z14,10,0.106124582347
04/11/2025,FEU,Z24,11,0.091482843744
04/11/2025,FEU,Z14,11,0.156870679046
04/11/2025,FEU,Z24,12,0.142223211744
04/11/2025,FEU,Z14,12,0.142223211744
04/11/2025,FEU,Z24,13,0.137936652117
04/11/2025,FEU,Z14,13,0.137936652117
04/11/2025,FEU,Z24,14,0.134536620888
04/11/2025,FEU,Z14,14,0.134536620888
04/11/2025,FEU,Z24,15,0.13523474407
04/11/2025,FEU,Z14,15,0.069921800768
04/11/2025,FEU,Z24,16,0.071008608744
04/11/2025,FEU,Z14,16,0.071008608744
04/11/2025,FEU,Z24,17,0.071311190625
04/11/2025,FEU,Z14,17,0.071311190625
04/11/2025,FEU,Z24,18,0.075955583204
04/11/2025,FEU,Z14,18,0.075955583204
04/11/2025,FEU,Z24,19,0.082039545323
04/11/2025,FEU,Z14,19,0.147402134625
04/11/2025,FEU,Z24,2,0.069466096941
04/11/2025,FEU,Z14,2,0.069466096941
04/11/2025,FEU,Z24,20,0.173961454577
04/11/2025,FEU,Z14,20,0.173961454577
04/11/2025,FEU,Z24,21,0.193535643902
04/11/2025,FEU,Z14,21,0.193535643902
04/11/2025,FEU,Z24,22,0.200306815252
04/11/2025,FEU,Z14,22,0.200306815252
04/11/2025,FEU,Z24,23,0.184994307639
04/11/2025,FEU,Z14,23,0.119336173687
04/11/2025,FEU,Z24,24,0.112406170917
04/11/2025,FEU,Z14,24,0.112406170917
04/11/2025,FEU,Z24,3,0.068660936917
04/11/2025,FEU,Z14,3,0.068660936917
04/11/2025,FEU,Z24,4,0.067994918242
04/11/2025,FEU,Z14,4,0.067994918242
04/11/2025,FEU,Z24,5,0.066287887591
04/11/2025,FEU,Z14,5,0.066287887591
04/11/2025,FEU,Z24,6,0.067629433615
04/11/2025,FEU,Z14,6,0.067629433615
04/11/2025,FEU,Z24,7,0.065879190433
04/11/2025,FEU,Z14,7,0.065879190433
04/11/2025,FEU,Z24,8,0.082359774577
04/11/2025,FEU,Z14,8,0.082359774577
04/11/2025,FEU,Z24,9,0.114304683759
04/11/2025,FEU,Z14,9,0.114304683759
04/12/2025,FEU,Z24,1,0.097816386915
04/12/2025,FEU,Z14,1,0.097816386915
04/12/2025,FEU,Z24,10,0.08437439199
04/12/2025,FEU,Z14,10,0.08437439199
04/12/2025,FEU,Z24,11,0.070451315527
04/12/2025,FEU,Z14,11,0.070451315527
04/12/2025,FEU,Z24,12,0.05589512325
04/12/2025,FEU,Z14,12,0.05589512325
04/12/2025,FEU,Z24,13,0.05027582346
04/12/2025,FEU,Z14,13,0.05027582346
04/12/2025,FEU,Z24,14,0.04751630167
04/12/2025,FEU,Z14,14,0.04751630167
04/12/2025,FEU,Z24,15,0.046326064972
04/12/2025,FEU,Z14,15,0.046326064972
04/12/2025,FEU,Z24,16,0.047823581947
04/12/2025,FEU,Z14,16,0.047823581947
04/12/2025,FEU,Z24,17,0.04978065083
04/12/2025,FEU,Z14,17,0.04978065083
04/12/2025,FEU,Z24,18,0.06919755699
04/12/2025,FEU,Z14,18,0.06919755699
04/12/2025,FEU,Z24,19,0.072221018452
04/12/2025,FEU,Z14,19,0.072221018452
04/12/2025,FEU,Z24,2,0.0957028311
04/12/2025,FEU,Z14,2,0.0957028311
04/12/2025,FEU,Z24,20,0.08774043573
04/12/2025,FEU,Z14,20,0.08774043573
04/12/2025,FEU,Z24,21,0.099562327427
04/12/2025,FEU,Z14,21,0.099562327427
04/12/2025,FEU,Z24,22,0.134372184637
04/12/2025,FEU,Z14,22,0.134372184637
04/12/2025,FEU,Z24,23,0.105966241125
04/12/2025,FEU,Z14,23,0.105966241125
04/12/2025,FEU,Z24,24,0.09724462931
04/12/2025,FEU,Z14,24,0.09724462931
04/12/2025,FEU,Z24,3,0.101442504285
04/12/2025,FEU,Z14,3,0.101442504285
04/12/2025,FEU,Z24,4,0.097326354588
04/12/2025,FEU,Z14,4,0.097326354588
04/12/2025,FEU,Z24,5,0.097749009285
04/12/2025,FEU,Z14,5,0.097749009285
04/12/2025,FEU,Z24,6,0.099141443983
04/12/2025,FEU,Z14,6,0.099141443983
04/12/2025,FEU,Z24,7,0.098878215285
04/12/2025,FEU,Z14,7,0.098878215285
04/12/2025,FEU,Z24,8,0.0847471101
04/12/2025,FEU,Z14,8,0.0847471101
04/12/2025,FEU,Z24,9,0.08558866194
04/12/2025,FEU,Z14,9,0.08558866194
04/13/2025,FEU,Z24,1,0.10718174339
04/13/2025,FEU,Z14,1,0.10718174339
04/13/2025,FEU,Z24,10,0.063411053808
04/13/2025,FEU,Z14,10,0.063411053808
04/13/2025,FEU,Z24,11,0.052436548292
04/13/2025,FEU,Z14,11,0.052436548292
04/13/2025,FEU,Z24,12,0.047921732017
04/13/2025,FEU,Z14,12,0.047921732017
04/13/2025,FEU,Z24,13,0.047145806776
04/13/2025,FEU,Z14,13,0.047145806776
04/13/2025,FEU,Z24,14,0.046417870846
04/13/2025,FEU,Z14,14,0.046417870846
04/13/2025,FEU,Z24,15,0.046522198846
04/13/2025,FEU,Z14,15,0.046522198846
04/13/2025,FEU,Z24,16,0.046578086776
04/13/2025,FEU,Z14,16,0.046578086776
04/13/2025,FEU,Z24,17,0.048705567982
04/13/2025,FEU,Z14,17,0.048705567982
04/13/2025,FEU,Z24,18,0.050546330359
04/13/2025,FEU,Z14,18,0.050546330359
04/13/2025,FEU,Z24,19,0.053045218219
04/13/2025,FEU,Z14,19,0.053045218219
04/13/2025,FEU,Z24,2,0.110111252631
04/13/2025,FEU,Z14,2,0.110111252631
04/13/2025,FEU,Z24,20,0.06128586215
04/13/2025,FEU,Z14,20,0.06128586215
04/13/2025,FEU,Z24,21,0.094766094185
04/13/2025,FEU,Z14,21,0.094766094185
04/13/2025,FEU,Z24,22,0.113639575599
04/13/2025,FEU,Z14,22,0.113639575599
04/13/2025,FEU,Z24,23,0.11322498084
04/13/2025,FEU,Z14,23,0.11322498084
04/13/2025,FEU,Z24,24,0.09216034939
04/13/2025,FEU,Z14,24,0.09216034939
04/13/2025,FEU,Z24,3,0.108123078596
04/13/2025,FEU,Z14,3,0.108123078596
04/13/2025,FEU,Z24,4,0.098854663251
04/13/2025,FEU,Z14,4,0.098854663251
04/13/2025,FEU,Z24,5,0.094518315906
04/13/2025,FEU,Z14,5,0.094518315906
04/13/2025,FEU,Z24,6,0.094013612561
04/13/2025,FEU,Z14,6,0.094013612561
04/13/2025,FEU,Z24,7,0.098325359251
04/13/2025,FEU,Z14,7,0.098325359251
04/13/2025,FEU,Z24,8,0.101917132631
04/13/2025,FEU,Z14,8,0.101917132631
04/13/2025,FEU,Z24,9,0.08976005953
04/13/2025,FEU,Z14,9,0.08976005953
04/14/2025,FEU,Z24,1,0.108332787905
04/14/2025,FEU,Z14,1,0.108332787905
04/14/2025,FEU,Z24,10,0.113614468854
04/14/2025,FEU,Z14,10,0.113614468854
04/14/2025,FEU,Z24,11,0.10456318551
04/14/2025,FEU,Z14,11,0.169929674316
04/14/2025,FEU,Z24,12,0.143840278703
04/14/2025,FEU,Z14,12,0.143840278703
04/14/2025,FEU,Z24,13,0.139399535897
04/14/2025,FEU,Z14,13,0.139399535897
04/14/2025,FEU,Z24,14,0.133579290822
04/14/2025,FEU,Z14,14,0.133579290822
04/14/2025,FEU,Z24,15,0.133877492197
04/14/2025,FEU,Z14,15,0.068566233122
04/14/2025,FEU,Z24,16,0.069438130273
04/14/2025,FEU,Z14,16,0.069438130273
04/14/2025,FEU,Z24,17,0.06999434196
04/14/2025,FEU,Z14,17,0.06999434196
04/14/2025,FEU,Z24,18,0.070356733454
04/14/2025,FEU,Z14,18,0.070356733454
04/14/2025,FEU,Z24,19,0.074837291541
04/14/2025,FEU,Z14,19,0.140216897885
04/14/2025,FEU,Z24,2,0.108555127711
04/14/2025,FEU,Z14,2,0.108555127711
04/14/2025,FEU,Z24,20,0.144833616767
04/14/2025,FEU,Z14,20,0.144833616767
04/14/2025,FEU,Z24,21,0.17288894411
04/14/2025,FEU,Z14,21,0.17288894411
04/14/2025,FEU,Z24,22,0.170838224379
04/14/2025,FEU,Z14,22,0.170838224379
04/14/2025,FEU,Z24,23,0.156247970055
04/14/2025,FEU,Z14,23,0.090724958442
04/14/2025,FEU,Z24,24,0.084879348205
04/14/2025,FEU,Z14,24,0.084879348205
04/14/2025,FEU,Z24,3,0.109449279249
04/14/2025,FEU,Z14,3,0.109449279249
04/14/2025,FEU,Z24,4,0.108653029249
04/14/2025,FEU,Z14,4,0.108653029249
04/14/2025,FEU,Z24,5,0.103673449518
04/14/2025,FEU,Z14,5,0.103673449518
04/14/2025,FEU,Z24,6,0.105642577174
04/14/2025,FEU,Z14,6,0.105642577174
04/14/2025,FEU,Z24,7,0.109279971067
04/14/2025,FEU,Z14,7,0.109279971067
04/14/2025,FEU,Z24,8,0.123070231304
04/14/2025,FEU,Z14,8,0.123070231304
04/14/2025,FEU,Z24,9,0.16080952468
04/14/2025,FEU,Z14,9,0.16080952468
04/15/2025,FEU,Z24,1,0.07700181442
04/15/2025,FEU,Z14,1,0.07700181442
04/15/2025,FEU,Z24,10,0.095382484836
04/15/2025,FEU,Z14,10,0.095382484836
04/15/2025,FEU,Z24,11,0.079792962398
04/15/2025,FEU,Z14,11,0.14513660269
04/15/2025,FEU,Z24,12,0.142475972544
04/15/2025,FEU,Z14,12,0.142475972544
04/15/2025,FEU,Z24,13,0.138871438178
04/15/2025,FEU,Z14,13,0.138871438178
04/15/2025,FEU,Z24,14,0.135784539813
04/15/2025,FEU,Z14,14,0.135784539813
04/15/2025,FEU,Z24,15,0.137108516641
04/15/2025,FEU,Z14,15,0.071783867348
04/15/2025,FEU,Z24,16,0.072512685934
04/15/2025,FEU,Z14,16,0.072512685934
04/15/2025,FEU,Z24,17,0.073059164738
04/15/2025,FEU,Z14,17,0.073059164738
04/15/2025,FEU,Z24,18,0.073220257542
04/15/2025,FEU,Z14,18,0.073220257542
04/15/2025,FEU,Z24,19,0.075935460934
04/15/2025,FEU,Z14,19,0.141278946226
04/15/2025,FEU,Z24,2,0.071855428859
04/15/2025,FEU,Z14,2,0.071855428859
04/15/2025,FEU,Z24,20,0.147894510445
04/15/2025,FEU,Z14,20,0.147894510445
04/15/2025,FEU,Z24,21,0.175877285957
04/15/2025,FEU,Z14,21,0.175877285957
04/15/2025,FEU,Z24,22,0.176235421104
04/15/2025,FEU,Z14,22,0.176235421104
04/15/2025,FEU,Z24,23,0.164215521737
04/15/2025,FEU,Z14,23,0.098712933371
04/15/2025,FEU,Z24,24,0.100432046248
04/15/2025,FEU,Z14,24,0.100432046248
04/15/2025,FEU,Z24,3,0.070949963078
04/15/2025,FEU,Z14,3,0.070949963078
04/15/2025,FEU,Z24,4,0.066431592932
04/15/2025,FEU,Z14,4,0.066431592932
04/15/2025,FEU,Z24,5,0.066119329225
04/15/2025,FEU,Z14,5,0.066119329225
04/15/2025,FEU,Z24,6,0.068936552932
04/15/2025,FEU,Z14,6,0.068936552932
04/15/2025,FEU,Z24,7,0.083644356542
04/15/2025,FEU,Z14,7,0.083644356542
04/15/2025,FEU,Z24,8,0.094872486592
04/15/2025,FEU,Z14,8,0.094872486592
04/15/2025,FEU,Z24,9,0.119015196054
04/15/2025,FEU,Z14,9,0.119015196054
04/16/2025,FEU,Z24,1,0.076635056561
04/16/2025,FEU,Z14,1,0.076635056561
04/16/2025,FEU,Z24,10,0.079863088714
04/16/2025,FEU,Z14,10,0.079863088714
04/16/2025,FEU,Z24,11,0.075879311175
04/16/2025,FEU,Z14,11,0.141211115868
04/16/2025,FEU,Z24,12,0.139800381329
04/16/2025,FEU,Z14,12,0.139800381329
04/16/2025,FEU,Z24,13,0.139735487714
04/16/2025,FEU,Z14,13,0.139735487714
04/16/2025,FEU,Z24,14,0.137070179867
04/16/2025,FEU,Z14,14,0.137070179867
04/16/2025,FEU,Z24,15,0.138134767252
04/16/2025,FEU,Z14,15,0.07280893856
04/16/2025,FEU,Z24,16,0.073849630022
04/16/2025,FEU,Z14,16,0.073849630022
04/16/2025,FEU,Z24,17,0.074433469483
04/16/2025,FEU,Z14,17,0.074433469483
04/16/2025,FEU,Z24,18,0.074915978868
04/16/2025,FEU,Z14,18,0.074915978868
04/16/2025,FEU,Z24,19,0.077909822175
04/16/2025,FEU,Z14,19,0.143299311791
04/16/2025,FEU,Z24,2,0.0792429141
04/16/2025,FEU,Z14,2,0.0792429141
04/16/2025,FEU,Z24,20,0.150009995406
04/16/2025,FEU,Z14,20,0.150009995406
04/16/2025,FEU,Z24,21,0.174399893868
04/16/2025,FEU,Z14,21,0.174399893868
04/16/2025,FEU,Z24,22,0.21744454756
04/16/2025,FEU,Z14,22,0.21744454756
04/16/2025,FEU,Z24,23,0.183493393715
04/16/2025,FEU,Z14,23,0.1179114391
04/16/2025,FEU,Z24,24,0.104249345407
04/16/2025,FEU,Z14,24,0.104249345407
04/16/2025,FEU,Z24,3,0.079194025869
04/16/2025,FEU,Z14,3,0.079194025869
04/16/2025,FEU,Z24,4,0.075354337869
04/16/2025,FEU,Z14,4,0.075354337869
04/16/2025,FEU,Z24,5,0.068518159638
04/16/2025,FEU,Z14,5,0.068518159638
04/16/2025,FEU,Z24,6,0.068698402023
04/16/2025,FEU,Z14,6,0.068698402023
04/16/2025,FEU,Z24,7,0.075638451407
04/16/2025,FEU,Z14,7,0.075638451407
04/16/2025,FEU,Z24,8,0.071951506791
04/16/2025,FEU,Z14,8,0.071951506791
04/16/2025,FEU,Z24,9,0.095236417253
04/16/2025,FEU,Z14,9,0.095236417253
04/17/2025,FEU,Z24,1,0.085300167192
04/17/2025,FEU,Z14,1,0.085300167192
04/17/2025,FEU,Z24,10,0.082729295952
04/17/2025,FEU,Z14,10,0.082729295952
04/17/2025,FEU,Z24,11,0.075582010974
04/17/2025,FEU,Z14,11,0.140913343952
04/17/2025,FEU,Z24,12,0.138663203463
04/17/2025,FEU,Z14,12,0.138663203463
04/17/2025,FEU,Z24,13,0.137214058485
04/17/2025,FEU,Z14,13,0.137214058485
04/17/2025,FEU,Z24,14,0.136853381019
04/17/2025,FEU,Z14,14,0.136853381019
04/17/2025,FEU,Z24,15,0.13746635964
04/17/2025,FEU,Z14,15,0.072139319662
04/17/2025,FEU,Z24,16,0.073400611106
04/17/2025,FEU,Z14,16,0.073400611106
04/17/2025,FEU,Z24,17,0.07431546655
04/17/2025,FEU,Z14,17,0.07431546655
04/17/2025,FEU,Z24,18,0.075343733726
04/17/2025,FEU,Z14,18,0.075343733726
04/17/2025,FEU,Z24,19,0.078024672884
04/17/2025,FEU,Z14,19,0.143373521862
04/17/2025,FEU,Z24,2,0.083652189392
04/17/2025,FEU,Z14,2,0.083652189392
04/17/2025,FEU,Z24,20,0.158842619816
04/17/2025,FEU,Z14,20,0.158842619816
04/17/2025,FEU,Z24,21,0.21544265355
04/17/2025,FEU,Z14,21,0.21544265355
04/17/2025,FEU,Z24,22,0.256068678305
04/17/2025,FEU,Z14,22,0.256068678305
04/17/2025,FEU,Z24,23,0.238188814858
04/17/2025,FEU,Z14,23,0.172385701636
04/17/2025,FEU,Z24,24,0.145958966302
04/17/2025,FEU,Z14,24,0.145958966302
04/17/2025,FEU,Z24,3,0.086073911858
04/17/2025,FEU,Z14,3,0.086073911858
04/17/2025,FEU,Z24,4,0.083146715102
04/17/2025,FEU,Z14,4,0.083146715102
04/17/2025,FEU,Z24,5,0.083376989591
04/17/2025,FEU,Z14,5,0.083376989591
04/17/2025,FEU,Z24,6,0.083010851102
04/17/2025,FEU,Z14,6,0.083010851102
04/17/2025,FEU,Z24,7,0.080709296971
04/17/2025,FEU,Z14,7,0.080709296971
04/17/2025,FEU,Z24,8,0.085501099572
04/17/2025,FEU,Z14,8,0.085501099572
04/17/2025,FEU,Z24,9,0.099569997948
04/17/2025,FEU,Z14,9,0.099569997948
04/18/2025,FEU,Z24,1,0.11137959689
04/18/2025,FEU,Z14,1,0.11137959689
04/18/2025,FEU,Z24,10,0.104219125095
04/18/2025,FEU,Z14,10,0.104219125095
04/18/2025,FEU,Z24,11,0.086538157404
04/18/2025,FEU,Z14,11,0.15190895675
04/18/2025,FEU,Z24,12,0.149453932404
04/18/2025,FEU,Z14,12,0.149453932404
04/18/2025,FEU,Z24,13,0.149080504723
04/18/2025,FEU,Z14,13,0.149080504723
04/18/2025,FEU,Z24,14,0.147735997352
04/18/2025,FEU,Z14,14,0.147735997352
04/18/2025,FEU,Z24,15,0.148087638741
04/18/2025,FEU,Z14,15,0.082730451396
04/18/2025,FEU,Z24,16,0.083815612404
04/18/2025,FEU,Z14,16,0.083815612404
04/18/2025,FEU,Z24,17,0.085322067448
04/18/2025,FEU,Z14,17,0.085322067448
04/18/2025,FEU,Z24,18,0.086156674147
04/18/2025,FEU,Z14,18,0.086156674147
04/18/2025,FEU,Z24,19,0.086186094103
04/18/2025,FEU,Z14,19,0.151562835448
04/18/2025,FEU,Z24,2,0.102740390244
04/18/2025,FEU,Z14,2,0.102740390244
04/18/2025,FEU,Z24,20,0.154996277466
04/18/2025,FEU,Z14,20,0.154996277466
04/18/2025,FEU,Z24,21,0.162494919802
04/18/2025,FEU,Z14,21,0.162494919802
04/18/2025,FEU,Z24,22,0.17895907213
04/18/2025,FEU,Z14,22,0.17895907213
04/18/2025,FEU,Z24,23,0.174778704899
04/18/2025,FEU,Z14,23,0.109170976881
04/18/2025,FEU,Z24,24,0.101051852253
04/18/2025,FEU,Z14,24,0.101051852253
04/18/2025,FEU,Z24,3,0.104860527253
04/18/2025,FEU,Z14,3,0.104860527253
04/18/2025,FEU,Z24,4,0.106397931589
04/18/2025,FEU,Z14,4,0.106397931589
04/18/2025,FEU,Z24,5,0.107110032917
04/18/2025,FEU,Z14,5,0.107110032917
04/18/2025,FEU,Z24,6,0.106421683908
04/18/2025,FEU,Z14,6,0.106421683908
04/18/2025,FEU,Z24,7,0.098449603519
04/18/2025,FEU,Z14,7,0.098449603519
04/18/2025,FEU,Z24,8,0.099658357466
04/18/2025,FEU,Z14,8,0.099658357466
04/18/2025,FEU,Z24,9,0.120834533855
04/18/2025,FEU,Z14,9,0.120834533855
04/19/2025,FEU,Z24,1,0.091034530999
04/19/2025,FEU,Z14,1,0.091034530999
04/19/2025,FEU,Z24,10,0.0771463314
04/19/2025,FEU,Z14,10,0.0771463314
04/19/2025,FEU,Z24,11,0.0636790406
04/19/2025,FEU,Z14,11,0.0636790406
04/19/2025,FEU,Z24,12,0.061940780721
04/19/2025,FEU,Z14,12,0.061940780721
04/19/2025,FEU,Z24,13,0.061537445774
04/19/2025,FEU,Z14,13,0.061537445774
04/19/2025,FEU,Z24,14,0.060835854828
04/19/2025,FEU,Z14,14,0.060835854828
04/19/2025,FEU,Z24,15,0.060359642841
04/19/2025,FEU,Z14,15,0.060359642841
04/19/2025,FEU,Z24,16,0.061713216707
04/19/2025,FEU,Z14,16,0.061713216707
04/19/2025,FEU,Z24,17,0.063077335614
04/19/2025,FEU,Z14,17,0.063077335614
04/19/2025,FEU,Z24,18,0.0644575404
04/19/2025,FEU,Z14,18,0.0644575404
04/19/2025,FEU,Z24,19,0.054087116199
04/19/2025,FEU,Z14,19,0.054087116199
04/19/2025,FEU,Z24,2,0.091537189919
04/19/2025,FEU,Z14,2,0.091537189919
04/19/2025,FEU,Z24,20,0.055891058079
04/19/2025,FEU,Z14,20,0.055891058079
04/19/2025,FEU,Z24,21,0.049751376066
04/19/2025,FEU,Z14,21,0.049751376066
04/19/2025,FEU,Z24,22,0.057892652119
04/19/2025,FEU,Z14,22,0.057892652119
04/19/2025,FEU,Z24,23,0.056416524052
04/19/2025,FEU,Z14,23,0.056416524052
04/19/2025,FEU,Z24,24,0.066277203972
04/19/2025,FEU,Z14,24,0.066277203972
04/19/2025,FEU,Z24,3,0.093513022839
04/19/2025,FEU,Z14,3,0.093513022839
04/19/2025,FEU,Z24,4,0.094504815852
04/19/2025,FEU,Z14,4,0.094504815852
04/19/2025,FEU,Z24,5,0.095182651839
04/19/2025,FEU,Z14,5,0.095182651839
04/19/2025,FEU,Z24,6,0.094791843825
04/19/2025,FEU,Z14,6,0.094791843825
04/19/2025,FEU,Z24,7,0.091966711839
04/19/2025,FEU,Z14,7,0.091966711839
04/19/2025,FEU,Z24,8,0.089167279919
04/19/2025,FEU,Z14,8,0.089167279919
04/19/2025,FEU,Z24,9,0.085105896133
04/19/2025,FEU,Z14,9,0.085105896133
04/20/2025,FEU,Z24,1,0.081336278904
04/20/2025,FEU,Z14,1,0.081336278904
04/20/2025,FEU,Z24,10,0.074645405133
04/20/2025,FEU,Z14,10,0.074645405133
04/20/2025,FEU,Z24,11,0.061005586271
04/20/2025,FEU,Z14,11,0.061005586271
04/20/2025,FEU,Z24,12,0.059786254247
04/20/2025,FEU,Z14,12,0.059786254247
04/20/2025,FEU,Z24,13,0.058267589409
04/20/2025,FEU,Z14,13,0.058267589409
04/20/2025,FEU,Z24,14,0.054753847781
04/20/2025,FEU,Z14,14,0.054753847781
04/20/2025,FEU,Z24,15,0.054211795781
04/20/2025,FEU,Z14,15,0.054211795781
04/20/2025,FEU,Z24,16,0.056948609409
04/20/2025,FEU,Z14,16,0.056948609409
04/20/2025,FEU,Z24,17,0.061009700062
04/20/2025,FEU,Z14,17,0.061009700062
04/20/2025,FEU,Z24,18,0.06229333518
04/20/2025,FEU,Z14,18,0.06229333518
04/20/2025,FEU,Z24,19,0.063525694437
04/20/2025,FEU,Z14,19,0.063525694437
04/20/2025,FEU,Z24,2,0.085334021742
04/20/2025,FEU,Z14,2,0.085334021742
04/20/2025,FEU,Z24,20,0.058304384066
04/20/2025,FEU,Z14,20,0.058304384066
04/20/2025,FEU,Z24,21,0.090945306251
04/20/2025,FEU,Z14,21,0.090945306251
04/20/2025,FEU,Z24,22,0.143245436018
04/20/2025,FEU,Z14,22,0.143245436018
04/20/2025,FEU,Z24,23,0.142716192856
04/20/2025,FEU,Z14,23,0.142716192856
04/20/2025,FEU,Z24,24,0.099286946904
04/20/2025,FEU,Z14,24,0.099286946904
04/20/2025,FEU,Z24,3,0.088406915556
04/20/2025,FEU,Z14,3,0.088406915556
04/20/2025,FEU,Z24,4,0.091115352161
04/20/2025,FEU,Z14,4,0.091115352161
04/20/2025,FEU,Z24,5,0.092938754765
04/20/2025,FEU,Z14,5,0.092938754765
04/20/2025,FEU,Z24,6,0.09328516737
04/20/2025,FEU,Z14,6,0.09328516737
04/20/2025,FEU,Z24,7,0.091928732161
04/20/2025,FEU,Z14,7,0.091928732161
04/20/2025,FEU,Z24,8,0.094842201742
04/20/2025,FEU,Z14,8,0.094842201742
04/20/2025,FEU,Z24,9,0.091209419647
04/20/2025,FEU,Z14,9,0.091209419647
04/21/2025,FEU,Z24,1,0.10137916538
04/21/2025,FEU,Z14,1,0.10137916538
04/21/2025,FEU,Z24,10,0.098659757002
04/21/2025,FEU,Z14,10,0.098659757002
04/21/2025,FEU,Z24,11,0.089167388111
04/21/2025,FEU,Z14,11,0.154494025845
04/21/2025,FEU,Z24,12,0.141534416376
04/21/2025,FEU,Z14,12,0.141534416376
04/21/2025,FEU,Z24,13,0.137906757642
04/21/2025,FEU,Z14,13,0.137906757642
04/21/2025,FEU,Z24,14,0.130633610329
04/21/2025,FEU,Z14,14,0.130633610329
04/21/2025,FEU,Z24,15,0.129801550892
04/21/2025,FEU,Z14,15,0.06450307358
04/21/2025,FEU,Z24,16,0.068884837205
04/21/2025,FEU,Z14,16,0.068884837205
04/21/2025,FEU,Z24,17,0.073075239987
04/21/2025,FEU,Z14,17,0.073075239987
04/21/2025,FEU,Z24,18,0.084847839503
04/21/2025,FEU,Z14,18,0.084847839503
04/21/2025,FEU,Z24,19,0.113626614783
04/21/2025,FEU,Z14,19,0.179171422674
04/21/2025,FEU,Z24,2,0.090781647114
04/21/2025,FEU,Z14,2,0.090781647114
04/21/2025,FEU,Z24,20,0.250219571722
04/21/2025,FEU,Z14,20,0.250219571722
04/21/2025,FEU,Z24,21,0.276736175612
04/21/2025,FEU,Z14,21,0.276736175612
04/21/2025,FEU,Z24,22,0.307446561191
04/21/2025,FEU,Z14,22,0.307446561191
04/21/2025,FEU,Z24,23,0.268433518005
04/21/2025,FEU,Z14,23,0.202362368536
04/21/2025,FEU,Z24,24,0.182109670631
04/21/2025,FEU,Z14,24,0.182109670631
04/21/2025,FEU,Z24,3,0.090874983271
04/21/2025,FEU,Z14,3,0.090874983271
04/21/2025,FEU,Z24,4,0.090912958271
04/21/2025,FEU,Z14,4,0.090912958271
04/21/2025,FEU,Z24,5,0.093374202849
04/21/2025,FEU,Z14,5,0.093374202849
04/21/2025,FEU,Z24,6,0.096872511958
04/21/2025,FEU,Z14,6,0.096872511958
04/21/2025,FEU,Z24,7,0.126187674972
04/21/2025,FEU,Z14,7,0.126187674972
04/21/2025,FEU,Z24,8,0.130421942878
04/21/2025,FEU,Z14,8,0.130421942878
04/21/2025,FEU,Z24,9,0.141328482441
04/21/2025,FEU,Z14,9,0.141328482441
04/22/2025,FEU,Z24,1,0.139775993389
04/22/2025,FEU,Z14,1,0.139775993389
04/22/2025,FEU,Z24,10,0.141103186312
04/22/2025,FEU,Z14,10,0.141103186312
04/22/2025,FEU,Z24,11,0.126143831486
04/22/2025,FEU,Z14,11,0.19164929137
04/22/2025,FEU,Z24,12,0.163228944428
04/22/2025,FEU,Z14,12,0.163228944428
04/22/2025,FEU,Z24,13,0.146026512073
04/22/2025,FEU,Z14,13,0.146026512073
04/22/2025,FEU,Z24,14,0.132554421718
04/22/2025,FEU,Z14,14,0.132554421718
04/22/2025,FEU,Z24,15,0.127340500492
04/22/2025,FEU,Z14,15,0.062049217608
04/22/2025,FEU,Z24,16,0.051008303376
04/22/2025,FEU,Z14,16,0.051008303376
04/22/2025,FEU,Z24,17,0.050583750557
04/22/2025,FEU,Z14,17,0.050583750557
04/22/2025,FEU,Z24,18,0.052371387737
04/22/2025,FEU,Z14,18,0.052371387737
04/22/2025,FEU,Z24,19,0.074818503376
04/22/2025,FEU,Z14,19,0.14015818626
04/22/2025,FEU,Z24,2,0.133128362214
04/22/2025,FEU,Z14,2,0.133128362214
04/22/2025,FEU,Z24,20,0.182267540673
04/22/2025,FEU,Z14,20,0.182267540673
04/22/2025,FEU,Z24,21,0.226797872969
04/22/2025,FEU,Z14,21,0.226797872969
04/22/2025,FEU,Z24,22,0.261399540911
04/22/2025,FEU,Z14,22,0.261399540911
04/22/2025,FEU,Z24,23,0.237266681866
04/22/2025,FEU,Z14,23,0.171466411511
04/22/2025,FEU,Z24,24,0.138985165163
04/22/2025,FEU,Z14,24,0.138985165163
04/22/2025,FEU,Z24,3,0.130344999627
04/22/2025,FEU,Z14,3,0.130344999627
04/22/2025,FEU,Z24,4,0.125532108685
04/22/2025,FEU,Z14,4,0.125532108685
04/22/2025,FEU,Z24,5,0.128200734569
04/22/2025,FEU,Z14,5,0.128200734569
04/22/2025,FEU,Z24,6,0.119803532685
04/22/2025,FEU,Z14,6,0.119803532685
04/22/2025,FEU,Z24,7,0.131674457737
04/22/2025,FEU,Z14,7,0.131674457737
04/22/2025,FEU,Z24,8,0.162491197615
04/22/2025,FEU,Z14,8,0.162491197615
04/22/2025,FEU,Z24,9,0.199754711034
04/22/2025,FEU,Z14,9,0.199754711034
04/23/2025,FEU,Z24,1,0.127029668781
04/23/2025,FEU,Z14,1,0.127029668781
04/23/2025,FEU,Z24,10,0.107981402391
04/23/2025,FEU,Z14,10,0.107981402391
04/23/2025,FEU,Z24,11,0.06916650557
04/23/2025,FEU,Z14,11,0.13447506245
04/23/2025,FEU,Z24,12,0.126029003629
04/23/2025,FEU,Z14,12,0.126029003629
04/23/2025,FEU,Z24,13,0.121559257778
04/23/2025,FEU,Z14,13,0.121559257778
04/23/2025,FEU,Z24,14,0.118356053838
04/23/2025,FEU,Z14,14,0.118356053838
04/23/2025,FEU,Z24,15,0.118746284212
04/23/2025,FEU,Z14,15,0.053486911331
04/23/2025,FEU,Z24,16,0.053924585123
04/23/2025,FEU,Z14,16,0.053924585123
04/23/2025,FEU,Z24,17,0.054280930914
04/23/2025,FEU,Z14,17,0.054280930914
04/23/2025,FEU,Z24,18,0.054398944675
04/23/2025,FEU,Z14,18,0.054398944675
04/23/2025,FEU,Z24,19,0.061374501182
04/23/2025,FEU,Z14,19,0.126693206033
04/23/2025,FEU,Z24,2,0.117155021602
04/23/2025,FEU,Z14,2,0.117155021602
04/23/2025,FEU,Z24,20,0.160827624884
04/23/2025,FEU,Z14,20,0.160827624884
04/23/2025,FEU,Z24,21,0.223839334675
04/23/2025,FEU,Z14,21,0.223839334675
04/23/2025,FEU,Z24,22,0.257792129556
04/23/2025,FEU,Z14,22,0.257792129556
04/23/2025,FEU,Z24,23,0.250300643453
04/23/2025,FEU,Z14,23,0.184446228602
04/23/2025,FEU,Z24,24,0.155592063334
04/23/2025,FEU,Z14,24,0.155592063334
04/23/2025,FEU,Z24,3,0.122841923513
04/23/2025,FEU,Z14,3,0.122841923513
04/23/2025,FEU,Z24,4,0.112328987513
04/23/2025,FEU,Z14,4,0.112328987513
04/23/2025,FEU,Z24,5,0.110217812423
04/23/2025,FEU,Z14,5,0.110217812423
04/23/2025,FEU,Z24,6,0.112287199572
04/23/2025,FEU,Z14,6,0.112287199572
04/23/2025,FEU,Z24,7,0.121946756109
04/23/2025,FEU,Z14,7,0.121946756109
04/23/2025,FEU,Z24,8,0.125370188646
04/23/2025,FEU,Z14,8,0.125370188646
04/23/2025,FEU,Z24,9,0.143629636049
04/23/2025,FEU,Z14,9,0.143629636049
04/24/2025,FEU,Z24,1,0.126550981129
04/24/2025,FEU,Z14,1,0.126550981129
04/24/2025,FEU,Z24,10,0.077923292748
04/24/2025,FEU,Z14,10,0.077923292748
04/24/2025,FEU,Z24,11,0.056050053672
04/24/2025,FEU,Z14,11,0.121313918748
04/24/2025,FEU,Z24,12,0.12006379221
04/24/2025,FEU,Z14,12,0.12006379221
04/24/2025,FEU,Z24,13,0.120274063133
04/24/2025,FEU,Z14,13,0.120274063133
04/24/2025,FEU,Z24,14,0.117456359519
04/24/2025,FEU,Z14,14,0.117456359519
04/24/2025,FEU,Z24,15,0.118049719709
04/24/2025,FEU,Z14,15,0.052790060632
04/24/2025,FEU,Z24,16,0.053191401324
04/24/2025,FEU,Z14,16,0.053191401324
04/24/2025,FEU,Z24,17,0.053752930015
04/24/2025,FEU,Z14,17,0.053752930015
04/24/2025,FEU,Z24,18,0.053825559514
04/24/2025,FEU,Z14,18,0.053825559514
04/24/2025,FEU,Z24,19,0.060654197978
04/24/2025,FEU,Z14,19,0.125943863055
04/24/2025,FEU,Z24,2,0.107135451551
04/24/2025,FEU,Z14,2,0.107135451551
04/24/2025,FEU,Z24,20,0.177464035208
04/24/2025,FEU,Z14,20,0.177464035208
04/24/2025,FEU,Z24,21,0.238143071015
04/24/2025,FEU,Z14,21,0.238143071015
04/24/2025,FEU,Z24,22,0.253482431746
04/24/2025,FEU,Z14,22,0.253482431746
04/24/2025,FEU,Z24,23,0.250078851166
04/24/2025,FEU,Z14,23,0.184225909821
04/24/2025,FEU,Z24,24,0.171790346858
04/24/2025,FEU,Z14,24,0.171790346858
04/24/2025,FEU,Z24,3,0.106183731166
04/24/2025,FEU,Z14,3,0.106183731166
04/24/2025,FEU,Z24,4,0.103323161435
04/24/2025,FEU,Z14,4,0.103323161435
04/24/2025,FEU,Z24,5,0.102914555974
04/24/2025,FEU,Z14,5,0.102914555974
04/24/2025,FEU,Z24,6,0.107982929435
04/24/2025,FEU,Z14,6,0.107982929435
04/24/2025,FEU,Z24,7,0.113020703783
04/24/2025,FEU,Z14,7,0.113020703783
04/24/2025,FEU,Z24,8,0.140211393939
04/24/2025,FEU,Z14,8,0.140211393939
04/24/2025,FEU,Z24,9,0.14413246786
04/24/2025,FEU,Z14,9,0.14413246786
04/25/2025,FEU,Z24,1,0.126242550228
04/25/2025,FEU,Z14,1,0.126242550228
04/25/2025,FEU,Z24,10,0.103447647098
04/25/2025,FEU,Z14,10,0.103447647098
04/25/2025,FEU,Z24,11,0.072545846984
04/25/2025,FEU,Z14,11,0.137869603541
04/25/2025,FEU,Z24,12,0.121071026984
04/25/2025,FEU,Z14,12,0.121071026984
04/25/2025,FEU,Z24,13,0.120021038037
04/25/2025,FEU,Z14,13,0.120021038037
04/25/2025,FEU,Z24,14,0.117100228976
04/25/2025,FEU,Z14,14,0.117100228976
04/25/2025,FEU,Z24,15,0.117757176373
04/25/2025,FEU,Z14,15,0.052504396816
04/25/2025,FEU,Z24,16,0.052779821984
04/25/2025,FEU,Z14,16,0.052779821984
04/25/2025,FEU,Z24,17,0.053311409823
04/25/2025,FEU,Z14,17,0.053311409823
04/25/2025,FEU,Z24,18,0.053859654106
04/25/2025,FEU,Z14,18,0.053859654106
04/25/2025,FEU,Z24,19,0.057985492266
04/25/2025,FEU,Z14,19,0.123265985823
04/25/2025,FEU,Z24,2,0.117676914953
04/25/2025,FEU,Z14,2,0.117676914953
04/25/2025,FEU,Z24,20,0.147314522159
04/25/2025,FEU,Z14,20,0.147314522159
04/25/2025,FEU,Z24,21,0.215026097548
04/25/2025,FEU,Z14,21,0.215026097548
04/25/2025,FEU,Z24,22,0.24701189777
04/25/2025,FEU,Z14,22,0.24701189777
04/25/2025,FEU,Z24,23,0.214096913396
04/25/2025,FEU,Z14,23,0.14829518106
04/25/2025,FEU,Z24,24,0.106724191121
04/25/2025,FEU,Z14,24,0.106724191121
04/25/2025,FEU,Z24,3,0.132610462121
04/25/2025,FEU,Z14,3,0.132610462121
04/25/2025,FEU,Z24,4,0.12103581251
04/25/2025,FEU,Z14,4,0.12103581251
04/25/2025,FEU,Z24,5,0.125444985731
04/25/2025,FEU,Z14,5,0.125444985731
04/25/2025,FEU,Z24,6,0.132916713563
04/25/2025,FEU,Z14,6,0.132916713563
04/25/2025,FEU,Z24,7,0.142379267167
04/25/2025,FEU,Z14,7,0.142379267167
04/25/2025,FEU,Z24,8,0.161312722159
04/25/2025,FEU,Z14,8,0.161312722159
04/25/2025,FEU,Z24,9,0.173116529556
04/25/2025,FEU,Z14,9,0.173116529556
04/26/2025,FEU,Z24,1,0.087683872856
04/26/2025,FEU,Z14,1,0.087683872856
04/26/2025,FEU,Z24,10,0.054556463651
04/26/2025,FEU,Z14,10,0.054556463651
04/26/2025,FEU,Z24,11,0.052595403049
04/26/2025,FEU,Z14,11,0.052595403049
04/26/2025,FEU,Z24,12,0.051140330088
04/26/2025,FEU,Z14,12,0.051140330088
04/26/2025,FEU,Z24,13,0.050624443994
04/26/2025,FEU,Z14,13,0.050624443994
04/26/2025,FEU,Z24,14,0.0502733029
04/26/2025,FEU,Z14,14,0.0502733029
04/26/2025,FEU,Z24,15,0.049425373126
04/26/2025,FEU,Z14,15,0.049425373126
04/26/2025,FEU,Z24,16,0.050612740861
04/26/2025,FEU,Z14,16,0.050612740861
04/26/2025,FEU,Z24,17,0.051465802276
04/26/2025,FEU,Z14,17,0.051465802276
04/26/2025,FEU,Z24,18,0.052234133651
04/26/2025,FEU,Z14,18,0.052234133651
04/26/2025,FEU,Z24,19,0.051187418253
04/26/2025,FEU,Z14,19,0.051187418253
04/26/2025,FEU,Z24,2,0.076725597497
04/26/2025,FEU,Z14,2,0.076725597497
04/26/2025,FEU,Z24,20,0.053718420215
04/26/2025,FEU,Z14,20,0.053718420215
04/26/2025,FEU,Z24,21,0.065838353988
04/26/2025,FEU,Z14,21,0.065838353988
04/26/2025,FEU,Z24,22,0.080606958894
04/26/2025,FEU,Z14,22,0.080606958894
04/26/2025,FEU,Z24,23,0.076391861762
04/26/2025,FEU,Z14,23,0.076391861762
04/26/2025,FEU,Z24,24,0.075105185403
04/26/2025,FEU,Z14,24,0.075105185403
04/26/2025,FEU,Z24,3,0.081426392137
04/26/2025,FEU,Z14,3,0.081426392137
04/26/2025,FEU,Z24,4,0.080576318364
04/26/2025,FEU,Z14,4,0.080576318364
04/26/2025,FEU,Z24,5,0.081205145137
04/26/2025,FEU,Z14,5,0.081205145137
04/26/2025,FEU,Z24,6,0.079366505911
04/26/2025,FEU,Z14,6,0.079366505911
04/26/2025,FEU,Z24,7,0.081230534137
04/26/2025,FEU,Z14,7,0.081230534137
04/26/2025,FEU,Z24,8,0.081134592497
04/26/2025,FEU,Z14,8,0.081134592497
04/26/2025,FEU,Z24,9,0.070093654121
04/26/2025,FEU,Z14,9,0.070093654121
04/27/2025,FEU,Z24,1,0.08976059148
04/27/2025,FEU,Z14,1,0.08976059148
04/27/2025,FEU,Z24,10,0.059414622847
04/27/2025,FEU,Z14,10,0.059414622847
04/27/2025,FEU,Z24,11,0.056807028451
04/27/2025,FEU,Z14,11,0.056807028451
04/27/2025,FEU,Z24,12,0.05468520753
04/27/2025,FEU,Z14,12,0.05468520753
04/27/2025,FEU,Z24,13,0.054441270056
04/27/2025,FEU,Z14,13,0.054441270056
04/27/2025,FEU,Z24,14,0.05361823695
04/27/2025,FEU,Z14,14,0.05361823695
04/27/2025,FEU,Z24,15,0.05390513895
04/27/2025,FEU,Z14,15,0.05390513895
04/27/2025,FEU,Z24,16,0.054950850056
04/27/2025,FEU,Z14,16,0.054950850056
04/27/2025,FEU,Z24,17,0.057087759083
04/27/2025,FEU,Z14,17,0.057087759083
04/27/2025,FEU,Z24,18,0.059289336689
04/27/2025,FEU,Z14,18,0.059289336689
04/27/2025,FEU,Z24,19,0.0522415709
04/27/2025,FEU,Z14,19,0.0522415709
04/27/2025,FEU,Z24,2,0.084355832954
04/27/2025,FEU,Z14,2,0.084355832954
04/27/2025,FEU,Z24,20,0.058962970006
04/27/2025,FEU,Z14,20,0.058962970006
04/27/2025,FEU,Z24,21,0.093705543453
04/27/2025,FEU,Z14,21,0.093705543453
04/27/2025,FEU,Z24,22,0.164717962163
04/27/2025,FEU,Z14,22,0.164717962163
04/27/2025,FEU,Z24,23,0.148916475637
04/27/2025,FEU,Z14,23,0.148916475637
04/27/2025,FEU,Z24,24,0.09957131548
04/27/2025,FEU,Z14,24,0.09957131548
04/27/2025,FEU,Z24,3,0.083719373507
04/27/2025,FEU,Z14,3,0.083719373507
04/27/2025,FEU,Z24,4,0.086510139691
04/27/2025,FEU,Z14,4,0.086510139691
04/27/2025,FEU,Z24,5,0.086899693875
04/27/2025,FEU,Z14,5,0.086899693875
04/27/2025,FEU,Z24,6,0.08648721606
04/27/2025,FEU,Z14,6,0.08648721606
04/27/2025,FEU,Z24,7,0.083995945691
04/27/2025,FEU,Z14,7,0.083995945691
04/27/2025,FEU,Z24,8,0.083507622954
04/27/2025,FEU,Z14,8,0.083507622954
04/27/2025,FEU,Z24,9,0.070675469269
04/27/2025,FEU,Z14,9,0.070675469269
04/28/2025,FEU,Z24,1,0.099090904627
04/28/2025,FEU,Z14,1,0.099090904627
04/28/2025,FEU,Z24,10,0.075051947169
04/28/2025,FEU,Z14,10,0.075051947169
04/28/2025,FEU,Z24,11,0.070543853396
04/28/2025,FEU,Z14,11,0.13582228526
04/28/2025,FEU,Z24,12,0.135868139532
04/28/2025,FEU,Z14,12,0.135868139532
04/28/2025,FEU,Z24,13,0.134749124668
04/28/2025,FEU,Z14,13,0.134749124668
04/28/2025,FEU,Z24,14,0.13034564385
04/28/2025,FEU,Z14,14,0.13034564385
04/28/2025,FEU,Z24,15,0.130682247942
04/28/2025,FEU,Z14,15,0.065381922124
04/28/2025,FEU,Z24,16,0.067160968761
04/28/2025,FEU,Z14,16,0.067160968761
04/28/2025,FEU,Z24,17,0.067865753307
04/28/2025,FEU,Z14,17,0.067865753307
04/28/2025,FEU,Z24,18,0.070281009717
04/28/2025,FEU,Z14,18,0.070281009717
04/28/2025,FEU,Z24,19,0.071914836715
04/28/2025,FEU,Z14,19,0.137280817488
04/28/2025,FEU,Z24,2,0.092224024491
04/28/2025,FEU,Z14,2,0.092224024491
04/28/2025,FEU,Z24,20,0.143879700171
04/28/2025,FEU,Z14,20,0.143879700171
04/28/2025,FEU,Z24,21,0.185739459944
04/28/2025,FEU,Z14,21,0.185739459944
04/28/2025,FEU,Z24,22,0.229418689898
04/28/2025,FEU,Z14,22,0.229418689898
04/28/2025,FEU,Z24,23,0.210888672264
04/28/2025,FEU,Z14,23,0.145098686537
04/28/2025,FEU,Z24,24,0.116121331901
04/28/2025,FEU,Z14,24,0.116121331901
04/28/2025,FEU,Z24,3,0.095504719401
04/28/2025,FEU,Z14,3,0.095504719401
04/28/2025,FEU,Z24,4,0.096909794401
04/28/2025,FEU,Z14,4,0.096909794401
04/28/2025,FEU,Z24,5,0.096849148355
04/28/2025,FEU,Z14,5,0.096849148355
04/28/2025,FEU,Z24,6,0.101797264582
04/28/2025,FEU,Z14,6,0.101797264582
04/28/2025,FEU,Z24,7,0.099319821444
04/28/2025,FEU,Z14,7,0.099319821444
04/28/2025,FEU,Z24,8,0.11596324208
04/28/2025,FEU,Z14,8,0.11596324208
04/28/2025,FEU,Z24,9,0.111235241172
04/28/2025,FEU,Z14,9,0.111235241172
04/29/2025,FEU,Z24,1,0.093500463329
04/29/2025,FEU,Z14,1,0.093500463329
04/29/2025,FEU,Z24,10,0.102461414013
04/29/2025,FEU,Z14,10,0.102461414013
04/29/2025,FEU,Z24,11,0.097672490424
04/29/2025,FEU,Z14,11,0.163079262817
04/29/2025,FEU,Z24,12,0.15951833162
04/29/2025,FEU,Z14,12,0.15951833162
04/29/2025,FEU,Z24,13,0.158130574629
04/29/2025,FEU,Z14,13,0.158130574629
04/29/2025,FEU,Z24,14,0.154075301637
04/29/2025,FEU,Z14,14,0.154075301637
04/29/2025,FEU,Z24,15,0.156178866594
04/29/2025,FEU,Z14,15,0.090789075201
04/29/2025,FEU,Z24,16,0.092173402988
04/29/2025,FEU,Z14,16,0.092173402988
04/29/2025,FEU,Z24,17,0.093398501569
04/29/2025,FEU,Z14,17,0.093398501569
04/29/2025,FEU,Z24,18,0.09508409115
04/29/2025,FEU,Z14,18,0.09508409115
04/29/2025,FEU,Z24,19,0.098924952988
04/29/2025,FEU,Z14,19,0.164346700381
04/29/2025,FEU,Z24,2,0.091741971919
04/29/2025,FEU,Z14,2,0.091741971919
04/29/2025,FEU,Z24,20,0.172269153176
04/29/2025,FEU,Z14,20,0.172269153176
04/29/2025,FEU,Z24,21,0.182602894364
04/29/2025,FEU,Z14,21,0.182602894364
04/29/2025,FEU,Z24,22,0.19861850956
04/29/2025,FEU,Z14,22,0.19861850956
04/29/2025,FEU,Z24,23,0.206097357098
04/29/2025,FEU,Z14,23,0.140424101107
04/29/2025,FEU,Z24,24,0.125916028287
04/29/2025,FEU,Z14,24,0.125916028287
04/29/2025,FEU,Z24,3,0.094495760714
04/29/2025,FEU,Z14,3,0.094495760714
04/29/2025,FEU,Z24,4,0.091221607517
04/29/2025,FEU,Z14,4,0.091221607517
04/29/2025,FEU,Z24,5,0.09104212991
04/29/2025,FEU,Z14,5,0.09104212991
04/29/2025,FEU,Z24,6,0.089395175517
04/29/2025,FEU,Z14,6,0.089395175517
04/29/2025,FEU,Z24,7,0.08879807015
04/29/2025,FEU,Z14,7,0.08879807015
04/29/2025,FEU,Z24,8,0.093672532372
04/29/2025,FEU,Z14,8,0.093672532372
04/29/2025,FEU,Z24,9,0.110962272338
04/29/2025,FEU,Z14,9,0.110962272338
04/30/2025,FEU,Z24,1,0.102928798052
04/30/2025,FEU,Z14,1,0.102928798052
04/30/2025,FEU,Z24,10,0.116621439472
04/30/2025,FEU,Z14,10,0.116621439472
04/30/2025,FEU,Z24,11,0.093029836296
04/30/2025,FEU,Z14,11,0.158421036747
04/30/2025,FEU,Z24,12,0.149019699571
04/30/2025,FEU,Z14,12,0.149019699571
04/30/2025,FEU,Z24,13,0.148145666258
04/30/2025,FEU,Z14,13,0.148145666258
04/30/2025,FEU,Z24,14,0.144964904533
04/30/2025,FEU,Z14,14,0.144964904533
04/30/2025,FEU,Z24,15,0.146719148648
04/30/2025,FEU,Z14,15,0.081365059197
04/30/2025,FEU,Z24,16,0.082955669235
04/30/2025,FEU,Z14,16,0.082955669235
04/30/2025,FEU,Z24,17,0.083772893274
04/30/2025,FEU,Z14,17,0.083772893274
04/30/2025,FEU,Z24,18,0.084211047174
04/30/2025,FEU,Z14,18,0.084211047174
04/30/2025,FEU,Z24,19,0.08825706351
04/30/2025,FEU,Z14,19,0.153690847823
04/30/2025,FEU,Z24,2,0.086477265228
04/30/2025,FEU,Z14,2,0.086477265228
04/30/2025,FEU,Z24,20,0.154860928136
04/30/2025,FEU,Z14,20,0.154860928136
04/30/2025,FEU,Z24,21,0.183526692174
04/30/2025,FEU,Z14,21,0.183526692174
04/30/2025,FEU,Z24,22,0.258095196625
04/30/2025,FEU,Z14,22,0.258095196625
04/30/2025,FEU,Z24,23,0.251023851541
04/30/2025,FEU,Z14,23,0.185166487228
04/30/2025,FEU,Z24,24,0.136549070991
04/30/2025,FEU,Z14,24,0.136549070991
04/30/2025,FEU,Z24,3,0.085749695815
04/30/2025,FEU,Z14,3,0.085749695815
04/30/2025,FEU,Z24,4,0.082954079815
04/30/2025,FEU,Z14,4,0.082954079815
04/30/2025,FEU,Z24,5,0.084831050403
04/30/2025,FEU,Z14,5,0.084831050403
04/30/2025,FEU,Z24,6,0.10531555809
04/30/2025,FEU,Z14,6,0.10531555809
04/30/2025,FEU,Z24,7,0.156172734564
04/30/2025,FEU,Z14,7,0.156172734564
04/30/2025,FEU,Z24,8,0.181949377037
04/30/2025,FEU,Z14,8,0.181949377037
04/30/2025,FEU,Z24,9,0.186935760289
04/30/2025,FEU,Z14,9,0.186935760289
05/01/2025,FEU,Z24,1,0.113197059136
05/01/2025,FEU,Z14,1,0.113197059136
05/01/2025,FEU,Z24,10,0.086191172892
05/01/2025,FEU,Z14,10,0.086191172892
05/01/2025,FEU,Z24,11,0.079372672728
05/01/2025,FEU,Z14,11,0.079372672728
05/01/2025,FEU,Z24,12,0.074935232229
05/01/2025,FEU,Z14,12,0.074935232229
05/01/2025,FEU,Z24,13,0.071690730645
05/01/2025,FEU,Z14,13,0.071690730645
05/01/2025,FEU,Z24,14,0.069474154147
05/01/2025,FEU,Z14,14,0.069474154147
05/01/2025,FEU,Z24,15,0.069965716563
05/01/2025,FEU,Z14,15,0.069965716563
05/01/2025,FEU,Z24,16,0.072376341895
05/01/2025,FEU,Z14,16,0.072376341895
05/01/2025,FEU,Z24,17,0.07891752981
05/01/2025,FEU,Z14,17,0.07891752981
05/01/2025,FEU,Z24,18,0.083329654807
05/01/2025,FEU,Z14,18,0.083329654807
05/01/2025,FEU,Z24,19,0.084611022138
05/01/2025,FEU,Z14,19,0.084611022138
05/01/2025,FEU,Z24,2,0.110718040218
05/01/2025,FEU,Z14,2,0.110718040218
05/01/2025,FEU,Z24,20,0.083129499804
05/01/2025,FEU,Z14,20,0.083129499804
05/01/2025,FEU,Z24,21,0.108361778722
05/01/2025,FEU,Z14,21,0.108361778722
05/01/2025,FEU,Z24,22,0.129358566223
05/01/2025,FEU,Z14,22,0.129358566223
05/01/2025,FEU,Z24,23,0.109653134722
05/01/2025,FEU,Z14,23,0.109653134722
05/01/2025,FEU,Z24,24,0.112751418053
05/01/2025,FEU,Z14,24,0.112751418053
05/01/2025,FEU,Z24,3,0.1140904333
05/01/2025,FEU,Z14,3,0.1140904333
05/01/2025,FEU,Z24,4,0.113751912716
05/01/2025,FEU,Z14,4,0.113751912716
05/01/2025,FEU,Z24,5,0.114495891133
05/01/2025,FEU,Z14,5,0.114495891133
05/01/2025,FEU,Z24,6,0.118867543133
05/01/2025,FEU,Z14,6,0.118867543133
05/01/2025,FEU,Z24,7,0.118116696133
05/01/2025,FEU,Z14,7,0.118116696133
05/01/2025,FEU,Z24,8,0.113079543051
05/01/2025,FEU,Z14,8,0.113079543051
05/01/2025,FEU,Z24,9,0.107714735889
05/01/2025,FEU,Z14,9,0.107714735889
05/02/2025,FEU,Z24,1,0.105301793551
05/02/2025,FEU,Z14,1,0.105301793551
05/02/2025,FEU,Z24,10,0.119168494565
05/02/2025,FEU,Z14,10,0.119168494565
05/02/2025,FEU,Z24,11,0.105405631565
05/02/2025,FEU,Z14,11,0.170765658393
05/02/2025,FEU,Z24,12,0.169751151002
05/02/2025,FEU,Z14,12,0.169751151002
05/02/2025,FEU,Z24,13,0.169130497174
05/02/2025,FEU,Z14,13,0.169130497174
05/02/2025,FEU,Z24,14,0.164383634736
05/02/2025,FEU,Z14,14,0.164383634736
05/02/2025,FEU,Z24,15,0.165652748144
05/02/2025,FEU,Z14,15,0.100235095706
05/02/2025,FEU,Z24,16,0.101916230581
05/02/2025,FEU,Z14,16,0.101916230581
05/02/2025,FEU,Z24,17,0.103141365894
05/02/2025,FEU,Z14,17,0.103141365894
05/02/2025,FEU,Z24,18,0.10584884716
05/02/2025,FEU,Z14,18,0.10584884716
05/02/2025,FEU,Z24,19,0.104566024144
05/02/2025,FEU,Z14,19,0.169999422581
05/02/2025,FEU,Z24,2,0.101556879598
05/02/2025,FEU,Z14,2,0.101556879598
05/02/2025,FEU,Z24,20,0.1838527838
05/02/2025,FEU,Z14,20,0.1838527838
05/02/2025,FEU,Z24,21,0.201384163628
05/02/2025,FEU,Z14,21,0.201384163628
05/02/2025,FEU,Z24,22,0.232092116066
05/02/2025,FEU,Z14,22,0.232092116066
05/02/2025,FEU,Z24,23,0.221430341739
05/02/2025,FEU,Z14,23,0.155699793692
05/02/2025,FEU,Z24,24,0.145987776177
05/02/2025,FEU,Z14,24,0.145987776177
05/02/2025,FEU,Z24,3,0.102264257035
05/02/2025,FEU,Z14,3,0.102264257035
05/02/2025,FEU,Z24,4,0.103414903645
05/02/2025,FEU,Z14,4,0.103414903645
05/02/2025,FEU,Z24,5,0.103742059645
05/02/2025,FEU,Z14,5,0.103742059645
05/02/2025,FEU,Z24,6,0.102365675207
05/02/2025,FEU,Z14,6,0.102365675207
05/02/2025,FEU,Z24,7,0.104630413504
05/02/2025,FEU,Z14,7,0.104630413504
05/02/2025,FEU,Z24,8,0.097523149362
05/02/2025,FEU,Z14,8,0.097523149362
05/02/2025,FEU,Z24,9,0.123970091066
05/02/2025,FEU,Z14,9,0.123970091066
05/03/2025,FEU,Z24,1,0.117761611819
05/03/2025,FEU,Z14,1,0.117761611819
05/03/2025,FEU,Z24,10,0.084286514849
05/03/2025,FEU,Z14,10,0.084286514849
05/03/2025,FEU,Z24,11,0.071841114608
05/03/2025,FEU,Z14,11,0.071841114608
05/03/2025,FEU,Z24,12,0.069353130127
05/03/2025,FEU,Z14,12,0.069353130127
05/03/2025,FEU,Z24,13,0.068712650007
05/03/2025,FEU,Z14,13,0.068712650007
05/03/2025,FEU,Z24,14,0.066671071044
05/03/2025,FEU,Z14,14,0.066671071044
05/03/2025,FEU,Z24,15,0.067478237164
05/03/2025,FEU,Z14,15,0.067478237164
05/03/2025,FEU,Z24,16,0.069586664007
05/03/2025,FEU,Z14,16,0.069586664007
05/03/2025,FEU,Z24,17,0.07174254245
05/03/2025,FEU,Z14,17,0.07174254245
05/03/2025,FEU,Z24,18,0.074105570774
05/03/2025,FEU,Z14,18,0.074105570774
05/03/2025,FEU,Z24,19,0.077621331338
05/03/2025,FEU,Z14,19,0.077621331338
05/03/2025,FEU,Z24,2,0.116466583421
05/03/2025,FEU,Z14,2,0.116466583421
05/03/2025,FEU,Z24,20,0.095689041977
05/03/2025,FEU,Z14,20,0.095689041977
05/03/2025,FEU,Z24,21,0.107689468616
05/03/2025,FEU,Z14,21,0.107689468616
05/03/2025,FEU,Z24,22,0.135649326857
05/03/2025,FEU,Z14,22,0.135649326857
05/03/2025,FEU,Z24,23,0.137414728218
05/03/2025,FEU,Z14,23,0.137414728218
05/03/2025,FEU,Z24,24,0.122043982579
05/03/2025,FEU,Z14,24,0.122043982579
05/03/2025,FEU,Z24,3,0.110072023902
05/03/2025,FEU,Z14,3,0.110072023902
05/03/2025,FEU,Z24,4,0.105386006143
05/03/2025,FEU,Z14,4,0.105386006143
05/03/2025,FEU,Z24,5,0.105837170263
05/03/2025,FEU,Z14,5,0.105837170263
05/03/2025,FEU,Z24,6,0.108129684504
05/03/2025,FEU,Z14,6,0.108129684504
05/03/2025,FEU,Z24,7,0.107725344384
05/03/2025,FEU,Z14,7,0.107725344384
05/03/2025,FEU,Z24,8,0.103227039421
05/03/2025,FEU,Z14,8,0.103227039421
05/03/2025,FEU,Z24,9,0.096732378293
05/03/2025,FEU,Z14,9,0.096732378293
05/04/2025,FEU,Z24,1,0.11854433664
05/04/2025,FEU,Z14,1,0.11854433664
05/04/2025,FEU,Z24,10,0.090224505627
05/04/2025,FEU,Z14,10,0.090224505627
05/04/2025,FEU,Z24,11,0.080866805497
05/04/2025,FEU,Z14,11,0.080866805497
05/04/2025,FEU,Z24,12,0.077352013744
05/04/2025,FEU,Z14,12,0.077352013744
05/04/2025,FEU,Z24,13,0.076840551555
05/04/2025,FEU,Z14,13,0.076840551555
05/04/2025,FEU,Z24,14,0.075269876179
05/04/2025,FEU,Z14,14,0.075269876179
05/04/2025,FEU,Z24,15,0.072854320179
05/04/2025,FEU,Z14,15,0.072854320179
05/04/2025,FEU,Z24,16,0.075547782555
05/04/2025,FEU,Z14,16,0.075547782555
05/04/2025,FEU,Z24,17,0.076955023062
05/04/2025,FEU,Z14,17,0.076955023062
05/04/2025,FEU,Z24,18,0.078309507945
05/04/2025,FEU,Z14,18,0.078309507945
05/04/2025,FEU,Z24,19,0.078805346451
05/04/2025,FEU,Z14,19,0.078805346451
05/04/2025,FEU,Z24,2,0.121680571799
05/04/2025,FEU,Z14,2,0.121680571799
05/04/2025,FEU,Z24,20,0.084047988292
05/04/2025,FEU,Z14,20,0.084047988292
05/04/2025,FEU,Z24,21,0.095985373133
05/04/2025,FEU,Z14,21,0.095985373133
05/04/2025,FEU,Z24,22,0.109286373133
05/04/2025,FEU,Z14,22,0.109286373133
05/04/2025,FEU,Z24,23,0.107823741916
05/04/2025,FEU,Z14,23,0.107823741916
05/04/2025,FEU,Z24,24,0.098831262292
05/04/2025,FEU,Z14,24,0.098831262292
05/04/2025,FEU,Z24,3,0.116958131364
05/04/2025,FEU,Z14,3,0.116958131364
05/04/2025,FEU,Z24,4,0.115959530552
05/04/2025,FEU,Z14,4,0.115959530552
05/04/2025,FEU,Z24,5,0.114300636146
05/04/2025,FEU,Z14,5,0.114300636146
05/04/2025,FEU,Z24,6,0.114166659146
05/04/2025,FEU,Z14,6,0.114166659146
05/04/2025,FEU,Z24,7,0.110467367364
05/04/2025,FEU,Z14,7,0.110467367364
05/04/2025,FEU,Z24,8,0.103969912987
05/04/2025,FEU,Z14,8,0.103969912987
05/04/2025,FEU,Z24,9,0.100089648133
05/04/2025,FEU,Z14,9,0.100089648133
05/05/2025,FEU,Z24,1,0.118920430383
05/05/2025,FEU,Z14,1,0.118920430383
05/05/2025,FEU,Z24,10,0.111935128637
05/05/2025,FEU,Z14,10,0.111935128637
05/05/2025,FEU,Z24,11,0.093958449459
05/05/2025,FEU,Z14,11,0.159283911964
05/05/2025,FEU,Z24,12,0.158023071964
05/05/2025,FEU,Z14,12,0.158023071964
05/05/2025,FEU,Z24,13,0.157087689627
05/05/2025,FEU,Z14,13,0.157087689627
05/05/2025,FEU,Z24,14,0.153740490459
05/05/2025,FEU,Z14,14,0.153740490459
05/05/2025,FEU,Z24,15,0.154048195332
05/05/2025,FEU,Z14,15,0.088672710658
05/05/2025,FEU,Z24,16,0.090566897669
05/05/2025,FEU,Z14,16,0.090566897669
05/05/2025,FEU,Z24,17,0.091418803184
05/05/2025,FEU,Z14,17,0.091418803184
05/05/2025,FEU,Z24,18,0.091497046026
05/05/2025,FEU,Z14,18,0.091497046026
05/05/2025,FEU,Z24,19,0.096112726658
05/05/2025,FEU,Z14,19,0.161515115332
05/05/2025,FEU,Z24,2,0.11524364872
05/05/2025,FEU,Z14,2,0.11524364872
05/05/2025,FEU,Z24,20,0.162904795332
05/05/2025,FEU,Z14,20,0.162904795332
05/05/2025,FEU,Z24,21,0.1694600895
05/05/2025,FEU,Z14,21,0.1694600895
05/05/2025,FEU,Z24,22,0.186296503847
05/05/2025,FEU,Z14,22,0.186296503847
05/05/2025,FEU,Z24,23,0.180767204404
05/05/2025,FEU,Z14,23,0.115279029731
05/05/2025,FEU,Z24,24,0.111506467909
05/05/2025,FEU,Z14,24,0.111506467909
05/05/2025,FEU,Z24,3,0.113835830889
05/05/2025,FEU,Z14,3,0.113835830889
05/05/2025,FEU,Z24,4,0.111527607057
05/05/2025,FEU,Z14,4,0.111527607057
05/05/2025,FEU,Z24,5,0.109148533889
05/05/2025,FEU,Z14,5,0.109148533889
05/05/2025,FEU,Z24,6,0.111452660047
05/05/2025,FEU,Z14,6,0.111452660047
05/05/2025,FEU,Z24,7,0.115538533689
05/05/2025,FEU,Z14,7,0.115538533689
05/05/2025,FEU,Z24,8,0.116405395669
05/05/2025,FEU,Z14,8,0.116405395669
05/05/2025,FEU,Z24,9,0.134393019689
05/05/2025,FEU,Z14,9,0.134393019689
05/06/2025,FEU,Z24,1,0.085126867768
05/06/2025,FEU,Z14,1,0.085126867768
05/06/2025,FEU,Z24,10,0.090617642753
05/06/2025,FEU,Z14,10,0.090617642753
05/06/2025,FEU,Z24,11,0.08677215105
05/06/2025,FEU,Z14,11,0.152134082457
05/06/2025,FEU,Z24,12,0.148338663698
05/06/2025,FEU,Z14,12,0.148338663698
05/06/2025,FEU,Z24,13,0.148607814643
05/06/2025,FEU,Z14,13,0.148607814643
05/06/2025,FEU,Z24,14,0.144735658939
05/06/2025,FEU,Z14,14,0.144735658939
05/06/2025,FEU,Z24,15,0.147979815326
05/06/2025,FEU,Z14,15,0.082625199919
05/06/2025,FEU,Z24,16,0.083838043678
05/06/2025,FEU,Z14,16,0.083838043678
05/06/2025,FEU,Z24,17,0.084935319195
05/06/2025,FEU,Z14,17,0.084935319195
05/06/2025,FEU,Z24,18,0.084962882602
05/06/2025,FEU,Z14,18,0.084962882602
05/06/2025,FEU,Z24,19,0.088302683567
05/06/2025,FEU,Z14,19,0.153676443974
05/06/2025,FEU,Z24,2,0.082780195175
05/06/2025,FEU,Z14,2,0.082780195175
05/06/2025,FEU,Z24,20,0.157725543326
05/06/2025,FEU,Z14,20,0.157725543326
05/06/2025,FEU,Z24,21,0.200691396733
05/06/2025,FEU,Z14,21,0.200691396733
05/06/2025,FEU,Z24,22,0.220862898843
05/06/2025,FEU,Z14,22,0.220862898843
05/06/2025,FEU,Z24,23,0.209247383396
05/06/2025,FEU,Z14,23,0.143570484637
05/06/2025,FEU,Z24,24,0.128668298858
05/06/2025,FEU,Z14,24,0.128668298858
05/06/2025,FEU,Z24,3,0.084132441878
05/06/2025,FEU,Z14,3,0.084132441878
05/06/2025,FEU,Z24,4,0.080973917175
05/06/2025,FEU,Z14,4,0.080973917175
05/06/2025,FEU,Z24,5,0.081618923527
05/06/2025,FEU,Z14,5,0.081618923527
05/06/2025,FEU,Z24,6,0.08130546712
05/06/2025,FEU,Z14,6,0.08130546712
05/06/2025,FEU,Z24,7,0.094159103899
05/06/2025,FEU,Z14,7,0.094159103899
05/06/2025,FEU,Z24,8,0.101211335326
05/06/2025,FEU,Z14,8,0.101211335326
05/06/2025,FEU,Z24,9,0.111280310602
05/06/2025,FEU,Z14,9,0.111280310602
05/07/2025,FEU,Z24,1,0.078974087287
05/07/2025,FEU,Z14,1,0.078974087287
05/07/2025,FEU,Z24,10,0.094638908821
05/07/2025,FEU,Z14,10,0.094638908821
05/07/2025,FEU,Z24,11,0.080062986726
05/07/2025,FEU,Z14,11,0.145357093439
05/07/2025,FEU,Z24,12,0.145532222535
05/07/2025,FEU,Z14,12,0.145532222535
05/07/2025,FEU,Z24,13,0.14563712063
05/07/2025,FEU,Z14,13,0.14563712063
05/07/2025,FEU,Z24,14,0.142750346917
05/07/2025,FEU,Z14,14,0.142750346917
05/07/2025,FEU,Z24,15,0.144088914624
05/07/2025,FEU,Z14,15,0.078743241007
05/07/2025,FEU,Z24,16,0.079095641338
05/07/2025,FEU,Z14,16,0.079095641338
05/07/2025,FEU,Z24,17,0.079889132956
05/07/2025,FEU,Z14,17,0.079889132956
05/07/2025,FEU,Z24,18,0.080492307478
05/07/2025,FEU,Z14,18,0.080492307478
05/07/2025,FEU,Z24,19,0.087461718293
05/07/2025,FEU,Z14,19,0.152835786911
05/07/2025,FEU,Z24,2,0.076621441001
05/07/2025,FEU,Z14,2,0.076621441001
05/07/2025,FEU,Z24,20,0.192284969198
05/07/2025,FEU,Z14,20,0.192284969198
05/07/2025,FEU,Z24,21,0.205362117007
05/07/2025,FEU,Z14,21,0.205362117007
05/07/2025,FEU,Z24,22,0.233493401338
05/07/2025,FEU,Z14,22,0.233493401338
05/07/2025,FEU,Z24,23,0.213422065472
05/07/2025,FEU,Z14,23,0.14772744995
05/07/2025,FEU,Z24,24,0.127495968995
05/07/2025,FEU,Z14,24,0.127495968995
05/07/2025,FEU,Z24,3,0.07712985681
05/07/2025,FEU,Z14,3,0.07712985681
05/07/2025,FEU,Z24,4,0.073328430714
05/07/2025,FEU,Z14,4,0.073328430714
05/07/2025,FEU,Z24,5,0.078119870714
05/07/2025,FEU,Z14,5,0.078119870714
05/07/2025,FEU,Z24,6,0.083719441001
05/07/2025,FEU,Z14,6,0.083719441001
05/07/2025,FEU,Z24,7,0.101601280051
05/07/2025,FEU,Z14,7,0.101601280051
05/07/2025,FEU,Z24,8,0.112874043293
05/07/2025,FEU,Z14,8,0.112874043293
05/07/2025,FEU,Z24,9,0.129459480433
05/07/2025,FEU,Z14,9,0.129459480433
05/08/2025,FEU,Z24,1,0.084919451208
05/08/2025,FEU,Z14,1,0.084919451208
05/08/2025,FEU,Z24,10,0.087207184872
05/08/2025,FEU,Z14,10,0.087207184872
05/08/2025,FEU,Z24,11,0.07948720142
05/08/2025,FEU,Z14,11,0.144779200872
05/08/2025,FEU,Z24,12,0.14426504969
05/08/2025,FEU,Z14,12,0.14426504969
05/08/2025,FEU,Z24,13,0.144106156055
05/08/2025,FEU,Z14,13,0.144106156055
05/08/2025,FEU,Z24,14,0.14177580242
05/08/2025,FEU,Z14,14,0.14177580242
05/08/2025,FEU,Z24,15,0.142527965135
05/08/2025,FEU,Z14,15,0.077190482865
05/08/2025,FEU,Z24,16,0.078163887222
05/08/2025,FEU,Z14,16,0.078163887222
05/08/2025,FEU,Z24,17,0.07904326431
05/08/2025,FEU,Z14,17,0.07904326431
05/08/2025,FEU,Z24,18,0.079534784945
05/08/2025,FEU,Z14,18,0.079534784945
05/08/2025,FEU,Z24,19,0.08240609423
05/08/2025,FEU,Z14,19,0.1477605025
05/08/2025,FEU,Z24,2,0.086054726478
05/08/2025,FEU,Z14,2,0.086054726478
05/08/2025,FEU,Z24,20,0.168075403587
05/08/2025,FEU,Z14,20,0.168075403587
05/08/2025,FEU,Z24,21,0.186033486492
05/08/2025,FEU,Z14,21,0.186033486492
05/08/2025,FEU,Z24,22,0.233409473398
05/08/2025,FEU,Z14,22,0.233409473398
05/08/2025,FEU,Z24,23,0.205223150106
05/08/2025,FEU,Z14,23,0.139559581018
05/08/2025,FEU,Z24,24,0.118644860376
05/08/2025,FEU,Z14,24,0.118644860376
05/08/2025,FEU,Z24,3,0.087057334295
05/08/2025,FEU,Z14,3,0.087057334295
05/08/2025,FEU,Z24,4,0.070872682113
05/08/2025,FEU,Z14,4,0.070872682113
05/08/2025,FEU,Z24,5,0.074339954295
05/08/2025,FEU,Z14,5,0.074339954295
05/08/2025,FEU,Z24,6,0.081953015208
05/08/2025,FEU,Z14,6,0.081953015208
05/08/2025,FEU,Z24,7,0.096767729215
05/08/2025,FEU,Z14,7,0.096767729215
05/08/2025,FEU,Z24,8,0.10539361177
05/08/2025,FEU,Z14,8,0.10539361177
05/08/2025,FEU,Z24,9,0.123730813215
05/08/2025,FEU,Z14,9,0.123730813215
05/09/2025,FEU,Z24,1,0.093215979917
05/09/2025,FEU,Z14,1,0.093215979917
05/09/2025,FEU,Z24,10,0.093924639058
05/09/2025,FEU,Z14,10,0.093924639058
05/09/2025,FEU,Z24,11,0.086950053058
05/09/2025,FEU,Z14,11,0.152261640048
05/09/2025,FEU,Z24,12,0.144092058045
05/09/2025,FEU,Z14,12,0.144092058045
05/09/2025,FEU,Z24,13,0.143794772055
05/09/2025,FEU,Z14,13,0.143794772055
05/09/2025,FEU,Z24,14,0.140803176069
05/09/2025,FEU,Z14,14,0.140803176069
05/09/2025,FEU,Z24,15,0.142524749993
05/09/2025,FEU,Z14,15,0.077187870007
05/09/2025,FEU,Z24,16,0.078011349979
05/09/2025,FEU,Z14,16,0.078011349979
05/09/2025,FEU,Z24,17,0.078882089938
05/09/2025,FEU,Z14,17,0.078882089938
05/09/2025,FEU,Z24,18,0.078786275914
05/09/2025,FEU,Z14,18,0.078786275914
05/09/2025,FEU,Z24,19,0.089389591993
05/09/2025,FEU,Z14,19,0.154771913979
05/09/2025,FEU,Z24,2,0.0862572879
05/09/2025,FEU,Z14,2,0.0862572879
05/09/2025,FEU,Z24,20,0.165645283972
05/09/2025,FEU,Z14,20,0.165645283972
05/09/2025,FEU,Z24,21,0.194756756962
05/09/2025,FEU,Z14,21,0.194756756962
05/09/2025,FEU,Z24,22,0.234400270948
05/09/2025,FEU,Z14,22,0.234400270948
05/09/2025,FEU,Z24,23,0.214469279848
05/09/2025,FEU,Z14,23,0.148767639865
05/09/2025,FEU,Z24,24,0.131534523834
05/09/2025,FEU,Z14,24,0.131534523834
05/09/2025,FEU,Z24,3,0.089129788886
05/09/2025,FEU,Z14,3,0.089129788886
05/09/2025,FEU,Z24,4,0.083056471883
05/09/2025,FEU,Z14,4,0.083056471883
05/09/2025,FEU,Z24,5,0.081044581883
05/09/2025,FEU,Z14,5,0.081044581883
05/09/2025,FEU,Z24,6,0.082715665896
05/09/2025,FEU,Z14,6,0.082715665896
05/09/2025,FEU,Z24,7,0.099609508934
05/09/2025,FEU,Z14,7,0.099609508934
05/09/2025,FEU,Z24,8,0.101937487986
05/09/2025,FEU,Z14,8,0.101937487986
05/09/2025,FEU,Z24,9,0.116723145948
05/09/2025,FEU,Z14,9,0.116723145948
05/10/2025,FEU,Z24,1,0.104936914941
05/10/2025,FEU,Z14,1,0.104936914941
05/10/2025,FEU,Z24,10,0.06938111167
05/10/2025,FEU,Z14,10,0.06938111167
05/10/2025,FEU,Z24,11,0.064658056017
05/10/2025,FEU,Z14,11,0.064658056017
05/10/2025,FEU,Z24,12,0.061028644712
05/10/2025,FEU,Z14,12,0.061028644712
05/10/2025,FEU,Z24,13,0.059709509885
05/10/2025,FEU,Z14,13,0.059709509885
05/10/2025,FEU,Z24,14,0.058481326274
05/10/2025,FEU,Z14,14,0.058481326274
05/10/2025,FEU,Z24,15,0.0576271621
05/10/2025,FEU,Z14,15,0.0576271621
05/10/2025,FEU,Z24,16,0.056844303885
05/10/2025,FEU,Z14,16,0.056844303885
05/10/2025,FEU,Z24,17,0.062596532802
05/10/2025,FEU,Z14,17,0.062596532802
05/10/2025,FEU,Z24,18,0.067569606892
05/10/2025,FEU,Z14,18,0.067569606892
05/10/2025,FEU,Z24,19,0.069499688636
05/10/2025,FEU,Z14,19,0.069499688636
05/10/2025,FEU,Z24,2,0.094063785073
05/10/2025,FEU,Z14,2,0.094063785073
05/10/2025,FEU,Z24,20,0.067342735157
05/10/2025,FEU,Z14,20,0.067342735157
05/10/2025,FEU,Z24,21,0.091208768677
05/10/2025,FEU,Z14,21,0.091208768677
05/10/2025,FEU,Z24,22,0.10518362033
05/10/2025,FEU,Z14,22,0.10518362033
05/10/2025,FEU,Z24,23,0.100643542809
05/10/2025,FEU,Z14,23,0.100643542809
05/10/2025,FEU,Z24,24,0.094383364289
05/10/2025,FEU,Z14,24,0.094383364289
05/10/2025,FEU,Z24,3,0.094333508379
05/10/2025,FEU,Z14,3,0.094333508379
05/10/2025,FEU,Z24,4,0.093051046032
05/10/2025,FEU,Z14,4,0.093051046032
05/10/2025,FEU,Z24,5,0.090119126858
05/10/2025,FEU,Z14,5,0.090119126858
05/10/2025,FEU,Z24,6,0.092836998511
05/10/2025,FEU,Z14,6,0.092836998511
05/10/2025,FEU,Z24,7,0.093663391685
05/10/2025,FEU,Z14,7,0.093663391685
05/10/2025,FEU,Z24,8,0.092539217073
05/10/2025,FEU,Z14,8,0.092539217073
05/10/2025,FEU,Z24,9,0.082714383587
05/10/2025,FEU,Z14,9,0.082714383587
05/11/2025,FEU,Z24,1,0.092203856346
05/11/2025,FEU,Z14,1,0.092203856346
05/11/2025,FEU,Z24,10,0.077522709046
05/11/2025,FEU,Z14,10,0.077522709046
05/11/2025,FEU,Z24,11,0.066013990184
05/11/2025,FEU,Z14,11,0.066013990184
05/11/2025,FEU,Z24,12,0.064395578609
05/11/2025,FEU,Z14,12,0.064395578609
05/11/2025,FEU,Z24,13,0.065811341965
05/11/2025,FEU,Z14,13,0.065811341965
05/11/2025,FEU,Z24,14,0.063105679678
05/11/2025,FEU,Z14,14,0.063105679678
05/11/2025,FEU,Z24,15,0.063369668678
05/11/2025,FEU,Z14,15,0.063369668678
05/11/2025,FEU,Z24,16,0.064194527965
05/11/2025,FEU,Z14,16,0.064194527965
05/11/2025,FEU,Z24,17,0.066729905115
05/11/2025,FEU,Z14,17,0.066729905115
05/11/2025,FEU,Z24,18,0.078791291553
05/11/2025,FEU,Z14,18,0.078791291553
05/11/2025,FEU,Z24,19,0.082493300702
05/11/2025,FEU,Z14,19,0.082493300702
05/11/2025,FEU,Z24,2,0.093104351599
05/11/2025,FEU,Z14,2,0.093104351599
05/11/2025,FEU,Z24,20,0.083813630449
05/11/2025,FEU,Z14,20,0.083813630449
05/11/2025,FEU,Z24,21,0.086053953196
05/11/2025,FEU,Z14,21,0.086053953196
05/11/2025,FEU,Z24,22,0.107300303196
05/11/2025,FEU,Z14,22,0.107300303196
05/11/2025,FEU,Z24,23,0.105891501162
05/11/2025,FEU,Z14,23,0.105891501162
05/11/2025,FEU,Z24,24,0.103529390449
05/11/2025,FEU,Z14,24,0.103529390449
05/11/2025,FEU,Z24,3,0.096905183531
05/11/2025,FEU,Z14,3,0.096905183531
05/11/2025,FEU,Z24,4,0.095003746174
05/11/2025,FEU,Z14,4,0.095003746174
05/11/2025,FEU,Z24,5,0.095558011496
05/11/2025,FEU,Z14,5,0.095558011496
05/11/2025,FEU,Z24,6,0.096097540496
05/11/2025,FEU,Z14,6,0.096097540496
05/11/2025,FEU,Z24,7,0.097076151531
05/11/2025,FEU,Z14,7,0.097076151531
05/11/2025,FEU,Z24,8,0.101868386243
05/11/2025,FEU,Z14,8,0.101868386243
05/11/2025,FEU,Z24,9,0.091075903196
05/11/2025,FEU,Z14,9,0.091075903196
05/12/2025,FEU,Z24,1,0.090595434591
05/12/2025,FEU,Z14,1,0.090595434591
05/12/2025,FEU,Z24,10,0.089443496649
05/12/2025,FEU,Z14,10,0.089443496649
05/12/2025,FEU,Z24,11,0.081749892093
05/12/2025,FEU,Z14,11,0.147044282045
05/12/2025,FEU,Z24,12,0.145273862045
05/12/2025,FEU,Z14,12,0.145273862045
05/12/2025,FEU,Z24,13,0.144396124744
05/12/2025,FEU,Z14,13,0.144396124744
05/12/2025,FEU,Z24,14,0.141510330093
05/12/2025,FEU,Z14,14,0.141510330093
05/12/2025,FEU,Z24,15,0.142759635064
05/12/2025,FEU,Z14,15,0.07742307646
05/12/2025,FEU,Z24,16,0.078397832366
05/12/2025,FEU,Z14,16,0.078397832366
05/12/2025,FEU,Z24,17,0.079238626224
05/12/2025,FEU,Z14,17,0.079238626224
05/12/2025,FEU,Z24,18,0.081331093478
05/12/2025,FEU,Z14,18,0.081331093478
05/12/2025,FEU,Z24,19,0.08361923646
05/12/2025,FEU,Z14,19,0.148978395064
05/12/2025,FEU,Z24,2,0.092569999893
05/12/2025,FEU,Z14,2,0.092569999893
05/12/2025,FEU,Z24,20,0.160955395064
05/12/2025,FEU,Z14,20,0.160955395064
05/12/2025,FEU,Z24,21,0.214102260715
05/12/2025,FEU,Z14,21,0.214102260715
05/12/2025,FEU,Z24,22,0.276831441922
05/12/2025,FEU,Z14,22,0.276831441922
05/12/2025,FEU,Z24,23,0.262105922402
05/12/2025,FEU,Z14,23,0.196347069799
05/12/2025,FEU,Z24,24,0.161974859355
05/12/2025,FEU,Z14,24,0.161974859355
05/12/2025,FEU,Z24,3,0.097454130544
05/12/2025,FEU,Z14,3,0.097454130544
05/12/2025,FEU,Z24,4,0.095714847195
05/12/2025,FEU,Z14,4,0.095714847195
05/12/2025,FEU,Z24,5,0.093928815544
05/12/2025,FEU,Z14,5,0.093928815544
05/12/2025,FEU,Z24,6,0.093741341289
05/12/2025,FEU,Z14,6,0.093741341289
05/12/2025,FEU,Z24,7,0.097296314177
05/12/2025,FEU,Z14,7,0.097296314177
05/12/2025,FEU,Z24,8,0.103398528366
05/12/2025,FEU,Z14,8,0.103398528366
05/12/2025,FEU,Z24,9,0.110643566177
05/12/2025,FEU,Z14,9,0.110643566177
05/13/2025,FEU,Z24,1,0.130826078276
05/13/2025,FEU,Z14,1,0.130826078276
05/13/2025,FEU,Z24,10,0.097339496519
05/13/2025,FEU,Z14,10,0.097339496519
05/13/2025,FEU,Z24,11,0.071446366586
05/13/2025,FEU,Z14,11,0.136754664452
05/13/2025,FEU,Z24,12,0.13522920562
05/13/2025,FEU,Z14,12,0.13522920562
05/13/2025,FEU,Z24,13,0.135209318721
05/13/2025,FEU,Z14,13,0.135209318721
05/13/2025,FEU,Z24,14,0.130389691788
05/13/2025,FEU,Z14,14,0.130389691788
05/13/2025,FEU,Z24,15,0.131959597082
05/13/2025,FEU,Z14,15,0.066660319217
05/13/2025,FEU,Z24,16,0.069485700049
05/13/2025,FEU,Z14,16,0.069485700049
05/13/2025,FEU,Z24,17,0.069712150713
05/13/2025,FEU,Z14,17,0.069712150713
05/13/2025,FEU,Z24,18,0.070770303578
05/13/2025,FEU,Z14,18,0.070770303578
05/13/2025,FEU,Z24,19,0.09982416825
05/13/2025,FEU,Z14,19,0.165237899116
05/13/2025,FEU,Z24,2,0.111476194141
05/13/2025,FEU,Z14,2,0.111476194141
05/13/2025,FEU,Z24,20,0.174811387082
05/13/2025,FEU,Z14,20,0.174811387082
05/13/2025,FEU,Z24,21,0.238138722948
05/13/2025,FEU,Z14,21,0.238138722948
05/13/2025,FEU,Z24,22,0.273385072746
05/13/2025,FEU,Z14,22,0.273385072746
05/13/2025,FEU,Z24,23,0.260125981738
05/13/2025,FEU,Z14,23,0.194236734906
05/13/2025,FEU,Z24,24,0.156502129503
05/13/2025,FEU,Z14,24,0.156502129503
05/13/2025,FEU,Z24,3,0.106424804074
05/13/2025,FEU,Z14,3,0.106424804074
05/13/2025,FEU,Z24,4,0.101181714141
05/13/2025,FEU,Z14,4,0.101181714141
05/13/2025,FEU,Z24,5,0.102204607108
05/13/2025,FEU,Z14,5,0.102204607108
05/13/2025,FEU,Z24,6,0.104007964242
05/13/2025,FEU,Z14,6,0.104007964242
05/13/2025,FEU,Z24,7,0.131871878645
05/13/2025,FEU,Z14,7,0.131871878645
05/13/2025,FEU,Z24,8,0.161548479082
05/13/2025,FEU,Z14,8,0.161548479082
05/13/2025,FEU,Z24,9,0.145997139578
05/13/2025,FEU,Z14,9,0.145997139578
05/14/2025,FEU,Z24,1,0.132326784959
05/14/2025,FEU,Z14,1,0.132326784959
05/14/2025,FEU,Z24,10,0.116380083922
05/14/2025,FEU,Z14,10,0.116380083922
05/14/2025,FEU,Z24,11,0.074100630977
05/14/2025,FEU,Z14,11,0.139379102143
05/14/2025,FEU,Z24,12,0.139302739088
05/14/2025,FEU,Z14,12,0.139302739088
05/14/2025,FEU,Z24,13,0.138576078032
05/14/2025,FEU,Z14,13,0.138576078032
05/14/2025,FEU,Z24,14,0.132890490867
05/14/2025,FEU,Z14,14,0.132890490867
05/14/2025,FEU,Z24,15,0.135183182189
05/14/2025,FEU,Z14,15,0.069868059968
05/14/2025,FEU,Z24,16,0.072457066354
05/14/2025,FEU,Z14,16,0.072457066354
05/14/2025,FEU,Z24,17,0.072929900574
05/14/2025,FEU,Z14,17,0.072929900574
05/14/2025,FEU,Z24,18,0.074328010849
05/14/2025,FEU,Z14,18,0.074328010849
05/14/2025,FEU,Z24,19,0.078550341803
05/14/2025,FEU,Z14,19,0.143892492023
05/14/2025,FEU,Z24,2,0.116021434124
05/14/2025,FEU,Z14,2,0.116021434124
05/14/2025,FEU,Z24,20,0.174874703858
05/14/2025,FEU,Z14,20,0.174874703858
05/14/2025,FEU,Z24,21,0.195259863968
05/14/2025,FEU,Z14,21,0.195259863968
05/14/2025,FEU,Z24,22,0.210013043354
05/14/2025,FEU,Z14,22,0.210013043354
05/14/2025,FEU,Z24,23,0.210788043005
05/14/2025,FEU,Z14,23,0.14510441173
05/14/2025,FEU,Z24,24,0.12542527028
05/14/2025,FEU,Z14,24,0.12542527028
05/14/2025,FEU,Z24,3,0.113938505234
05/14/2025,FEU,Z14,3,0.113938505234
05/14/2025,FEU,Z24,4,0.10773565529
05/14/2025,FEU,Z14,4,0.10773565529
05/14/2025,FEU,Z24,5,0.10636226729
05/14/2025,FEU,Z14,5,0.10636226729
05/14/2025,FEU,Z24,6,0.109116263124
05/14/2025,FEU,Z14,6,0.109116263124
05/14/2025,FEU,Z24,7,0.119385384519
05/14/2025,FEU,Z14,7,0.119385384519
05/14/2025,FEU,Z24,8,0.149475437803
05/14/2025,FEU,Z14,8,0.149475437803
05/14/2025,FEU,Z24,9,0.140127000299
05/14/2025,FEU,Z14,9,0.140127000299
05/15/2025,FEU,Z24,1,0.112890710977
05/15/2025,FEU,Z14,1,0.112890710977
05/15/2025,FEU,Z24,10,0.09095441172
05/15/2025,FEU,Z14,10,0.09095441172
05/15/2025,FEU,Z24,11,0.085823800773
05/15/2025,FEU,Z14,11,0.15113243172
05/15/2025,FEU,Z24,12,0.150496507369
05/15/2025,FEU,Z14,12,0.150496507369
05/15/2025,FEU,Z24,13,0.149093583071
05/15/2025,FEU,Z14,13,0.149093583071
05/15/2025,FEU,Z24,14,0.146116723773
05/15/2025,FEU,Z14,14,0.146116723773
05/15/2025,FEU,Z24,15,0.146418280455
05/15/2025,FEU,Z14,15,0.081067394859
05/15/2025,FEU,Z24,16,0.0809819127
05/15/2025,FEU,Z14,16,0.0809819127
05/15/2025,FEU,Z24,17,0.081600530944
05/15/2025,FEU,Z14,17,0.081600530944
05/15/2025,FEU,Z24,18,0.083466483242
05/15/2025,FEU,Z14,18,0.083466483242
05/15/2025,FEU,Z24,19,0.090169809561
05/15/2025,FEU,Z14,19,0.155551105157
05/15/2025,FEU,Z24,2,0.101799653573
05/15/2025,FEU,Z14,2,0.101799653573
05/15/2025,FEU,Z24,20,0.156708747402
05/15/2025,FEU,Z14,20,0.156708747402
05/15/2025,FEU,Z24,21,0.177267649295
05/15/2025,FEU,Z14,21,0.177267649295
05/15/2025,FEU,Z24,22,0.188029787189
05/15/2025,FEU,Z14,22,0.188029787189
05/15/2025,FEU,Z24,23,0.187399792009
05/15/2025,FEU,Z14,23,0.121810178765
05/15/2025,FEU,Z24,24,0.113736116605
05/15/2025,FEU,Z14,24,0.113736116605
05/15/2025,FEU,Z24,3,0.102694977222
05/15/2025,FEU,Z14,3,0.102694977222
05/15/2025,FEU,Z24,4,0.092643876871
05/15/2025,FEU,Z14,4,0.092643876871
05/15/2025,FEU,Z24,5,0.092265771222
05/15/2025,FEU,Z14,5,0.092265771222
05/15/2025,FEU,Z24,6,0.096619862977
05/15/2025,FEU,Z14,6,0.096619862977
05/15/2025,FEU,Z24,7,0.099456975838
05/15/2025,FEU,Z14,7,0.099456975838
05/15/2025,FEU,Z24,8,0.104343226753
05/15/2025,FEU,Z14,8,0.104343226753
05/15/2025,FEU,Z24,9,0.127950159838
05/15/2025,FEU,Z14,9,0.127950159838
05/16/2025,FEU,Z24,1,0.087295394193
05/16/2025,FEU,Z14,1,0.087295394193
05/16/2025,FEU,Z24,10,0.091504342617
05/16/2025,FEU,Z14,10,0.091504342617
05/16/2025,FEU,Z24,11,0.086896909617
05/16/2025,FEU,Z14,11,0.152208357123
05/16/2025,FEU,Z24,12,0.151701835625
05/16/2025,FEU,Z14,12,0.151701835625
05/16/2025,FEU,Z24,13,0.149467302119
05/16/2025,FEU,Z14,13,0.149467302119
05/16/2025,FEU,Z24,14,0.146583552112
05/16/2025,FEU,Z14,14,0.146583552112
05/16/2025,FEU,Z24,15,0.147072243153
05/16/2025,FEU,Z14,15,0.081718551145
05/16/2025,FEU,Z24,16,0.08181659716
05/16/2025,FEU,Z14,16,0.08181659716
05/16/2025,FEU,Z24,17,0.082858435182
05/16/2025,FEU,Z14,17,0.082858435182
05/16/2025,FEU,Z24,18,0.087911374695
05/16/2025,FEU,Z14,18,0.087911374695
05/16/2025,FEU,Z24,19,0.093335169153
05/16/2025,FEU,Z14,19,0.15873107316
05/16/2025,FEU,Z24,2,0.089546662703
05/16/2025,FEU,Z14,2,0.089546662703
05/16/2025,FEU,Z24,20,0.162472418164
05/16/2025,FEU,Z14,20,0.162472418164
05/16/2025,FEU,Z24,21,0.185716057669
05/16/2025,FEU,Z14,21,0.185716057669
05/16/2025,FEU,Z24,22,0.196041814677
05/16/2025,FEU,Z14,22,0.196041814677
05/16/2025,FEU,Z24,23,0.20685940423
05/16/2025,FEU,Z14,23,0.141190565721
05/16/2025,FEU,Z24,24,0.137292462238
05/16/2025,FEU,Z14,24,0.137292462238
05/16/2025,FEU,Z24,3,0.09202938171
05/16/2025,FEU,Z14,3,0.09202938171
05/16/2025,FEU,Z24,4,0.087473681212
05/16/2025,FEU,Z14,4,0.087473681212
05/16/2025,FEU,Z24,5,0.087643229212
05/16/2025,FEU,Z14,5,0.087643229212
05/16/2025,FEU,Z24,6,0.087359647204
05/16/2025,FEU,Z14,6,0.087359647204
05/16/2025,FEU,Z24,7,0.087298986684
05/16/2025,FEU,Z14,7,0.087298986684
05/16/2025,FEU,Z24,8,0.082101188156
05/16/2025,FEU,Z14,8,0.082101188156
05/16/2025,FEU,Z24,9,0.095888639677
05/16/2025,FEU,Z14,9,0.095888639677
05/17/2025,FEU,Z24,1,0.100529750776
05/17/2025,FEU,Z14,1,0.100529750776
05/17/2025,FEU,Z24,10,0.070472957866
05/17/2025,FEU,Z14,10,0.070472957866
05/17/2025,FEU,Z24,11,0.066812457932
05/17/2025,FEU,Z14,11,0.066812457932
05/17/2025,FEU,Z24,12,0.064177770065
05/17/2025,FEU,Z14,12,0.064177770065
05/17/2025,FEU,Z24,13,0.060806203098
05/17/2025,FEU,Z14,13,0.060806203098
05/17/2025,FEU,Z24,14,0.059581760362
05/17/2025,FEU,Z14,14,0.059581760362
05/17/2025,FEU,Z24,15,0.059134402329
05/17/2025,FEU,Z14,15,0.059134402329
05/17/2025,FEU,Z24,16,0.062320243098
05/17/2025,FEU,Z14,16,0.062320243098
05/17/2025,FEU,Z24,17,0.064470798701
05/17/2025,FEU,Z14,17,0.064470798701
05/17/2025,FEU,Z24,18,0.069199581338
05/17/2025,FEU,Z14,18,0.069199581338
05/17/2025,FEU,Z24,19,0.073057135908
05/17/2025,FEU,Z14,19,0.073057135908
05/17/2025,FEU,Z24,2,0.095785200611
05/17/2025,FEU,Z14,2,0.095785200611
05/17/2025,FEU,Z24,20,0.079312821007
05/17/2025,FEU,Z14,20,0.079312821007
05/17/2025,FEU,Z24,21,0.106267472106
05/17/2025,FEU,Z14,21,0.106267472106
05/17/2025,FEU,Z24,22,0.12515133004
05/17/2025,FEU,Z14,22,0.12515133004
05/17/2025,FEU,Z24,23,0.130826078941
05/17/2025,FEU,Z14,23,0.130826078941
05/17/2025,FEU,Z24,24,0.113297315842
05/17/2025,FEU,Z14,24,0.113297315842
05/17/2025,FEU,Z24,3,0.097310520478
05/17/2025,FEU,Z14,3,0.097310520478
05/17/2025,FEU,Z24,4,0.096847676412
05/17/2025,FEU,Z14,4,0.096847676412
05/17/2025,FEU,Z24,5,0.096682621379
05/17/2025,FEU,Z14,5,0.096682621379
05/17/2025,FEU,Z24,6,0.104996091313
05/17/2025,FEU,Z14,6,0.104996091313
05/17/2025,FEU,Z24,7,0.108443960346
05/17/2025,FEU,Z14,7,0.108443960346
05/17/2025,FEU,Z24,8,0.103578496611
05/17/2025,FEU,Z14,8,0.103578496611
05/17/2025,FEU,Z24,9,0.08186453347
05/17/2025,FEU,Z14,9,0.08186453347
05/18/2025,FEU,Z24,1,0.121097681987
05/18/2025,FEU,Z14,1,0.121097681987
05/18/2025,FEU,Z24,10,0.076200451237
05/18/2025,FEU,Z14,10,0.076200451237
05/18/2025,FEU,Z24,11,0.071344258705
05/18/2025,FEU,Z14,11,0.071344258705
05/18/2025,FEU,Z24,12,0.069861798018
05/18/2025,FEU,Z14,12,0.069861798018
05/18/2025,FEU,Z24,13,0.067551110096
05/18/2025,FEU,Z14,13,0.067551110096
05/18/2025,FEU,Z24,14,0.067634438252
05/18/2025,FEU,Z14,14,0.067634438252
05/18/2025,FEU,Z24,15,0.063964651252
05/18/2025,FEU,Z14,15,0.063964651252
05/18/2025,FEU,Z24,16,0.067285052096
05/18/2025,FEU,Z14,16,0.067285052096
05/18/2025,FEU,Z24,17,0.070472703471
05/18/2025,FEU,Z14,17,0.070472703471
05/18/2025,FEU,Z24,18,0.07410766569
05/18/2025,FEU,Z14,18,0.07410766569
05/18/2025,FEU,Z24,19,0.081016728065
05/18/2025,FEU,Z14,19,0.081016728065
05/18/2025,FEU,Z24,2,0.111551322214
05/18/2025,FEU,Z14,2,0.111551322214
05/18/2025,FEU,Z24,20,0.082874104839
05/18/2025,FEU,Z14,20,0.082874104839
05/18/2025,FEU,Z24,21,0.089187841612
05/18/2025,FEU,Z14,21,0.089187841612
05/18/2025,FEU,Z24,22,0.110672716612
05/18/2025,FEU,Z14,22,0.110672716612
05/18/2025,FEU,Z24,23,0.111258632995
05/18/2025,FEU,Z14,23,0.111258632995
05/18/2025,FEU,Z24,24,0.106826152839
05/18/2025,FEU,Z14,24,0.106826152839
05/18/2025,FEU,Z24,3,0.107401822979
05/18/2025,FEU,Z14,3,0.107401822979
05/18/2025,FEU,Z24,4,0.109778619901
05/18/2025,FEU,Z14,4,0.109778619901
05/18/2025,FEU,Z24,5,0.108825523362
05/18/2025,FEU,Z14,5,0.108825523362
05/18/2025,FEU,Z24,6,0.110149602362
05/18/2025,FEU,Z14,6,0.110149602362
05/18/2025,FEU,Z24,7,0.104749410979
05/18/2025,FEU,Z14,7,0.104749410979
05/18/2025,FEU,Z24,8,0.100999753136
05/18/2025,FEU,Z14,8,0.100999753136
05/18/2025,FEU,Z24,9,0.083283466612
05/18/2025,FEU,Z14,9,0.083283466612
05/19/2025,FEU,Z24,1,0.10436239929
05/19/2025,FEU,Z14,1,0.10436239929
05/19/2025,FEU,Z24,10,0.097625244965
05/19/2025,FEU,Z14,10,0.097625244965
05/19/2025,FEU,Z24,11,0.092894627263
05/19/2025,FEU,Z14,11,0.158218422849
05/19/2025,FEU,Z24,12,0.158009802849
05/19/2025,FEU,Z14,12,0.158009802849
05/19/2025,FEU,Z24,13,0.157456811792
05/19/2025,FEU,Z14,13,0.157456811792
05/19/2025,FEU,Z24,14,0.154155905263
05/19/2025,FEU,Z14,14,0.154155905263
05/19/2025,FEU,Z24,15,0.155661013426
05/19/2025,FEU,Z14,15,0.09027996731
05/19/2025,FEU,Z24,16,0.091003066483
05/19/2025,FEU,Z14,16,0.091003066483
05/19/2025,FEU,Z24,17,0.091215471243
05/19/2025,FEU,Z14,17,0.091215471243
05/19/2025,FEU,Z24,18,0.092117221887
05/19/2025,FEU,Z14,18,0.092117221887
05/19/2025,FEU,Z24,19,0.09486813131
05/19/2025,FEU,Z14,19,0.160266213426
05/19/2025,FEU,Z24,2,0.104375422348
05/19/2025,FEU,Z14,2,0.104375422348
05/19/2025,FEU,Z24,20,0.160725573426
05/19/2025,FEU,Z14,20,0.160725573426
05/19/2025,FEU,Z24,21,0.183815111954
05/19/2025,FEU,Z14,21,0.183815111954
05/19/2025,FEU,Z24,22,0.193084139185
05/19/2025,FEU,Z14,22,0.193084139185
05/19/2025,FEU,Z24,23,0.196374405636
05/19/2025,FEU,Z14,23,0.130834293521
05/19/2025,FEU,Z24,24,0.126846552222
05/19/2025,FEU,Z14,24,0.126846552222
05/19/2025,FEU,Z24,3,0.100269464876
05/19/2025,FEU,Z14,3,0.100269464876
05/19/2025,FEU,Z24,4,0.101915143405
05/19/2025,FEU,Z14,4,0.101915143405
05/19/2025,FEU,Z24,5,0.098562281876
05/19/2025,FEU,Z14,5,0.098562281876
05/19/2025,FEU,Z24,6,0.105783952232
05/19/2025,FEU,Z14,6,0.105783952232
05/19/2025,FEU,Z24,7,0.107290432829
05/19/2025,FEU,Z14,7,0.107290432829
05/19/2025,FEU,Z24,8,0.116958926483
05/19/2025,FEU,Z14,8,0.116958926483
05/19/2025,FEU,Z24,9,0.120674078829
05/19/2025,FEU,Z14,9,0.120674078829
05/20/2025,FEU,Z24,1,0.100864751406
05/20/2025,FEU,Z14,1,0.100864751406
05/20/2025,FEU,Z24,10,0.091692365363
05/20/2025,FEU,Z14,10,0.091692365363
05/20/2025,FEU,Z24,11,0.091917505415
05/20/2025,FEU,Z14,11,0.157298590312
05/20/2025,FEU,Z24,12,0.156413314441
05/20/2025,FEU,Z14,12,0.156413314441
05/20/2025,FEU,Z24,13,0.155863953519
05/20/2025,FEU,Z14,13,0.155863953519
05/20/2025,FEU,Z24,14,0.15269422957
05/20/2025,FEU,Z14,14,0.15269422957
05/20/2025,FEU,Z24,15,0.154027612027
05/20/2025,FEU,Z14,15,0.08865326013
05/20/2025,FEU,Z24,16,0.088244124001
05/20/2025,FEU,Z14,16,0.088244124001
05/20/2025,FEU,Z24,17,0.089248487742
05/20/2025,FEU,Z14,17,0.089248487742
05/20/2025,FEU,Z24,18,0.091137111639
05/20/2025,FEU,Z14,18,0.091137111639
05/20/2025,FEU,Z24,19,0.092592561156
05/20/2025,FEU,Z14,19,0.157980047053
05/20/2025,FEU,Z24,2,0.099955399302
05/20/2025,FEU,Z14,2,0.099955399302
05/20/2025,FEU,Z24,20,0.161917066027
05/20/2025,FEU,Z14,20,0.161917066027
05/20/2025,FEU,Z24,21,0.194290661923
05/20/2025,FEU,Z14,21,0.194290661923
05/20/2025,FEU,Z24,22,0.211015049768
05/20/2025,FEU,Z14,22,0.211015049768
05/20/2025,FEU,Z24,23,0.215115932991
05/20/2025,FEU,Z14,23,0.149413348121
05/20/2025,FEU,Z24,24,0.13272266881
05/20/2025,FEU,Z14,24,0.13272266881
05/20/2025,FEU,Z24,3,0.09844264125
05/20/2025,FEU,Z14,3,0.09844264125
05/20/2025,FEU,Z24,4,0.088288717302
05/20/2025,FEU,Z14,4,0.088288717302
05/20/2025,FEU,Z24,5,0.087830046276
05/20/2025,FEU,Z14,5,0.087830046276
05/20/2025,FEU,Z24,6,0.09878621138
05/20/2025,FEU,Z14,6,0.09878621138
05/20/2025,FEU,Z24,7,0.10410279369
05/20/2025,FEU,Z14,7,0.10410279369
05/20/2025,FEU,Z24,8,0.107541684027
05/20/2025,FEU,Z14,8,0.107541684027
05/20/2025,FEU,Z24,9,0.118193529639
05/20/2025,FEU,Z14,9,0.118193529639
05/21/2025,FEU,Z24,1,0.107779165145
05/21/2025,FEU,Z14,1,0.107779165145
05/21/2025,FEU,Z24,10,0.099657916611
05/21/2025,FEU,Z14,10,0.099657916611
05/21/2025,FEU,Z24,11,0.089394689599
05/21/2025,FEU,Z14,11,0.154713267561
05/21/2025,FEU,Z24,12,0.154461949573
05/21/2025,FEU,Z14,12,0.154461949573
05/21/2025,FEU,Z24,13,0.154302575586
05/21/2025,FEU,Z14,13,0.154302575586
05/21/2025,FEU,Z24,14,0.151172691624
05/21/2025,FEU,Z14,14,0.151172691624
05/21/2025,FEU,Z24,15,0.152547175322
05/21/2025,FEU,Z14,15,0.087172485372
05/21/2025,FEU,Z24,16,0.088310965284
05/21/2025,FEU,Z14,16,0.088310965284
05/21/2025,FEU,Z24,17,0.088564738234
05/21/2025,FEU,Z14,17,0.088564738234
05/21/2025,FEU,Z24,18,0.089563005171
05/21/2025,FEU,Z14,18,0.089563005171
05/21/2025,FEU,Z24,19,0.09145688741
05/21/2025,FEU,Z14,19,0.156843581359
05/21/2025,FEU,Z24,2,0.105043114108
05/21/2025,FEU,Z14,2,0.105043114108
05/21/2025,FEU,Z24,20,0.162330385397
05/21/2025,FEU,Z14,20,0.162330385397
05/21/2025,FEU,Z24,21,0.192403589372
05/21/2025,FEU,Z14,21,0.192403589372
05/21/2025,FEU,Z24,22,0.221963651284
05/21/2025,FEU,Z14,22,0.221963651284
05/21/2025,FEU,Z24,23,0.196934715906
05/21/2025,FEU,Z14,23,0.131307660969
05/21/2025,FEU,Z24,24,0.118958504843
05/21/2025,FEU,Z14,24,0.118958504843
05/21/2025,FEU,Z24,3,0.105251190083
05/21/2025,FEU,Z14,3,0.105251190083
05/21/2025,FEU,Z24,4,0.09686114107
05/21/2025,FEU,Z14,4,0.09686114107
05/21/2025,FEU,Z24,5,0.10088286707
05/21/2025,FEU,Z14,5,0.10088286707
05/21/2025,FEU,Z24,6,0.103325398108
05/21/2025,FEU,Z14,6,0.103325398108
05/21/2025,FEU,Z24,7,0.106735909246
05/21/2025,FEU,Z14,7,0.106735909246
05/21/2025,FEU,Z24,8,0.12565906841
05/21/2025,FEU,Z14,8,0.12565906841
05/21/2025,FEU,Z24,9,0.125517577297
05/21/2025,FEU,Z14,9,0.125517577297
05/22/2025,FEU,Z24,1,0.094437535998
05/22/2025,FEU,Z14,1,0.094437535998
05/22/2025,FEU,Z24,10,0.098866423715
05/22/2025,FEU,Z14,10,0.098866423715
05/22/2025,FEU,Z24,11,0.098391113695
05/22/2025,FEU,Z14,11,0.163732729715
05/22/2025,FEU,Z24,12,0.160802330389
05/22/2025,FEU,Z14,12,0.160802330389
05/22/2025,FEU,Z24,13,0.159880656042
05/22/2025,FEU,Z14,13,0.159880656042
05/22/2025,FEU,Z24,14,0.156816374695
05/22/2025,FEU,Z14,14,0.156816374695
05/22/2025,FEU,Z24,15,0.158453234816
05/22/2025,FEU,Z14,15,0.093060885123
05/22/2025,FEU,Z24,16,0.094038809183
05/22/2025,FEU,Z14,16,0.094038809183
05/22/2025,FEU,Z24,17,0.09490311955
05/22/2025,FEU,Z14,17,0.09490311955
05/22/2025,FEU,Z24,18,0.095065135897
05/22/2025,FEU,Z14,18,0.095065135897
05/22/2025,FEU,Z24,19,0.098401522776
05/22/2025,FEU,Z14,19,0.16381016747
05/22/2025,FEU,Z24,2,0.095616778692
05/22/2025,FEU,Z14,2,0.095616778692
05/22/2025,FEU,Z24,20,0.166516639837
05/22/2025,FEU,Z14,20,0.166516639837
05/22/2025,FEU,Z24,21,0.168953657877
05/22/2025,FEU,Z14,21,0.168953657877
05/22/2025,FEU,Z24,22,0.186442215917
05/22/2025,FEU,Z14,22,0.186442215917
05/22/2025,FEU,Z24,23,0.177881526446
05/22/2025,FEU,Z14,23,0.112332608079
05/22/2025,FEU,Z24,24,0.10685089114
05/22/2025,FEU,Z14,24,0.10685089114
05/22/2025,FEU,Z24,3,0.092908827365
05/22/2025,FEU,Z14,3,0.092908827365
05/22/2025,FEU,Z24,4,0.088001634039
05/22/2025,FEU,Z14,4,0.088001634039
05/22/2025,FEU,Z24,5,0.088087914365
05/22/2025,FEU,Z14,5,0.088087914365
05/22/2025,FEU,Z24,6,0.086537335998
05/22/2025,FEU,Z14,6,0.086537335998
05/22/2025,FEU,Z24,7,0.085668449591
05/22/2025,FEU,Z14,7,0.085668449591
05/22/2025,FEU,Z24,8,0.088462490163
05/22/2025,FEU,Z14,8,0.088462490163
05/22/2025,FEU,Z24,9,0.102558767591
05/22/2025,FEU,Z14,9,0.102558767591
05/23/2025,FEU,Z24,1,0.087444726139
05/23/2025,FEU,Z14,1,0.087444726139
05/23/2025,FEU,Z24,10,0.09891226844
05/23/2025,FEU,Z14,10,0.09891226844
05/23/2025,FEU,Z24,11,0.09729949544
05/23/2025,FEU,Z14,11,0.16263824632
05/23/2025,FEU,Z24,12,0.162151148947
05/23/2025,FEU,Z14,12,0.162151148947
05/23/2025,FEU,Z24,13,0.161830653067
05/23/2025,FEU,Z14,13,0.161830653067
05/23/2025,FEU,Z24,14,0.159295834559
05/23/2025,FEU,Z14,14,0.159295834559
05/23/2025,FEU,Z24,15,0.160608526349
05/23/2025,FEU,Z14,15,0.095208237842
05/23/2025,FEU,Z24,16,0.094830468856
05/23/2025,FEU,Z14,16,0.094830468856
05/23/2025,FEU,Z24,17,0.096233594378
05/23/2025,FEU,Z14,17,0.096233594378
05/23/2025,FEU,Z24,18,0.096553727766
05/23/2025,FEU,Z14,18,0.096553727766
05/23/2025,FEU,Z24,19,0.098306350349
05/23/2025,FEU,Z14,19,0.163719366856
05/23/2025,FEU,Z24,2,0.088429151273
05/23/2025,FEU,Z14,2,0.088429151273
05/23/2025,FEU,Z24,20,0.16469526811
05/23/2025,FEU,Z14,20,0.16469526811
05/23/2025,FEU,Z24,21,0.17103888999
05/23/2025,FEU,Z14,21,0.17103888999
05/23/2025,FEU,Z24,22,0.193064511498
05/23/2025,FEU,Z14,22,0.193064511498
05/23/2025,FEU,Z24,23,0.182418354675
05/23/2025,FEU,Z14,23,0.116849816541
05/23/2025,FEU,Z24,24,0.113602525182
05/23/2025,FEU,Z14,24,0.113602525182
05/23/2025,FEU,Z24,3,0.09174440378
05/23/2025,FEU,Z14,3,0.09174440378
05/23/2025,FEU,Z24,4,0.085417762407
05/23/2025,FEU,Z14,4,0.085417762407
05/23/2025,FEU,Z24,5,0.086109088407
05/23/2025,FEU,Z14,5,0.086109088407
05/23/2025,FEU,Z24,6,0.0846834859
05/23/2025,FEU,Z14,6,0.0846834859
05/23/2025,FEU,Z24,7,0.085304266005
05/23/2025,FEU,Z14,7,0.085304266005
05/23/2025,FEU,Z24,8,0.087779325603
05/23/2025,FEU,Z14,8,0.087779325603
05/23/2025,FEU,Z24,9,0.103993936498
05/23/2025,FEU,Z14,9,0.103993936498
05/24/2025,FEU,Z24,1,0.091194999231
05/24/2025,FEU,Z14,1,0.091194999231
05/24/2025,FEU,Z24,10,0.072410345424
05/24/2025,FEU,Z14,10,0.072410345424
05/24/2025,FEU,Z24,11,0.0672615598
05/24/2025,FEU,Z14,11,0.0672615598
05/24/2025,FEU,Z24,12,0.06593058855
05/24/2025,FEU,Z14,12,0.06593058855
05/24/2025,FEU,Z24,13,0.066714222738
05/24/2025,FEU,Z14,13,0.066714222738
05/24/2025,FEU,Z24,14,0.066154753239
05/24/2025,FEU,Z14,14,0.066154753239
05/24/2025,FEU,Z24,15,0.066846326052
05/24/2025,FEU,Z14,15,0.066846326052
05/24/2025,FEU,Z24,16,0.067098467738
05/24/2025,FEU,Z14,16,0.067098467738
05/24/2025,FEU,Z24,17,0.067380868486
05/24/2025,FEU,Z14,17,0.067380868486
05/24/2025,FEU,Z24,18,0.070712210422
05/24/2025,FEU,Z14,18,0.070712210422
05/24/2025,FEU,Z24,19,0.071091989982
05/24/2025,FEU,Z14,19,0.071091989982
05/24/2025,FEU,Z24,2,0.091686920293
05/24/2025,FEU,Z14,2,0.091686920293
05/24/2025,FEU,Z24,20,0.073855138545
05/24/2025,FEU,Z14,20,0.073855138545
05/24/2025,FEU,Z24,21,0.093187289108
05/24/2025,FEU,Z14,21,0.093187289108
05/24/2025,FEU,Z24,22,0.107585226732
05/24/2025,FEU,Z14,22,0.107585226732
05/24/2025,FEU,Z24,23,0.125275224169
05/24/2025,FEU,Z14,23,0.125275224169
05/24/2025,FEU,Z24,24,0.108141197606
05/24/2025,FEU,Z14,24,0.108141197606
05/24/2025,FEU,Z24,3,0.092724871542
05/24/2025,FEU,Z14,3,0.092724871542
05/24/2025,FEU,Z24,4,0.089543285167
05/24/2025,FEU,Z14,4,0.089543285167
05/24/2025,FEU,Z24,5,0.089310983979
05/24/2025,FEU,Z14,5,0.089310983979
05/24/2025,FEU,Z24,6,0.090174364604
05/24/2025,FEU,Z14,6,0.090174364604
05/24/2025,FEU,Z24,7,0.092891774791
05/24/2025,FEU,Z14,7,0.092891774791
05/24/2025,FEU,Z24,8,0.085551696293
05/24/2025,FEU,Z14,8,0.085551696293
05/24/2025,FEU,Z24,9,0.078814097172
05/24/2025,FEU,Z14,9,0.078814097172
05/25/2025,FEU,Z24,1,0.110598230542
05/25/2025,FEU,Z14,1,0.110598230542
05/25/2025,FEU,Z24,10,0.076937968922
05/25/2025,FEU,Z14,10,0.076937968922
05/25/2025,FEU,Z24,11,0.075473848314
05/25/2025,FEU,Z14,11,0.075473848314
05/25/2025,FEU,Z24,12,0.073835016909
05/25/2025,FEU,Z14,12,0.073835016909
05/25/2025,FEU,Z24,13,0.072718024308
05/25/2025,FEU,Z14,13,0.072718024308
05/25/2025,FEU,Z24,14,0.066031628106
05/25/2025,FEU,Z14,14,0.066031628106
05/25/2025,FEU,Z24,15,0.066076948106
05/25/2025,FEU,Z14,15,0.066076948106
05/25/2025,FEU,Z24,16,0.069520780308
05/25/2025,FEU,Z14,16,0.069520780308
05/25/2025,FEU,Z24,17,0.075759600118
05/25/2025,FEU,Z14,17,0.075759600118
05/25/2025,FEU,Z24,18,0.078176028131
05/25/2025,FEU,Z14,18,0.078176028131
05/25/2025,FEU,Z24,19,0.07937155594
05/25/2025,FEU,Z14,19,0.07937155594
05/25/2025,FEU,Z24,2,0.105843259146
05/25/2025,FEU,Z14,2,0.105843259146
05/25/2025,FEU,Z24,20,0.080096806336
05/25/2025,FEU,Z14,20,0.080096806336
05/25/2025,FEU,Z24,21,0.096221790732
05/25/2025,FEU,Z14,21,0.096221790732
05/25/2025,FEU,Z24,22,0.100421240732
05/25/2025,FEU,Z14,22,0.100421240732
05/25/2025,FEU,Z24,23,0.105500969134
05/25/2025,FEU,Z14,23,0.105500969134
05/25/2025,FEU,Z24,24,0.092181574336
05/25/2025,FEU,Z14,24,0.092181574336
05/25/2025,FEU,Z24,3,0.10729868795
05/25/2025,FEU,Z14,3,0.10729868795
05/25/2025,FEU,Z24,4,0.107533457551
05/25/2025,FEU,Z14,4,0.107533457551
05/25/2025,FEU,Z24,5,0.107902578352
05/25/2025,FEU,Z14,5,0.107902578352
05/25/2025,FEU,Z24,6,0.108894732352
05/25/2025,FEU,Z14,6,0.108894732352
05/25/2025,FEU,Z24,7,0.10547823995
05/25/2025,FEU,Z14,7,0.10547823995
05/25/2025,FEU,Z24,8,0.101652960747
05/25/2025,FEU,Z14,8,0.101652960747
05/25/2025,FEU,Z24,9,0.084746740732
05/25/2025,FEU,Z14,9,0.084746740732
05/26/2025,FEU,Z24,1,0.104033020642
05/26/2025,FEU,Z14,1,0.104033020642
05/26/2025,FEU,Z24,10,0.089655238601
05/26/2025,FEU,Z14,10,0.089655238601
05/26/2025,FEU,Z24,11,0.08896766942
05/26/2025,FEU,Z14,11,0.154279963641
05/26/2025,FEU,Z24,12,0.154546723641
05/26/2025,FEU,Z14,12,0.154546723641
05/26/2025,FEU,Z24,13,0.154368520161
05/26/2025,FEU,Z14,13,0.154368520161
05/26/2025,FEU,Z24,14,0.15139323542
05/26/2025,FEU,Z14,14,0.15139323542
05/26/2025,FEU,Z24,15,0.153431738441
05/26/2025,FEU,Z14,15,0.088058379481
05/26/2025,FEU,Z24,16,0.088568921921
05/26/2025,FEU,Z14,16,0.088568921921
05/26/2025,FEU,Z24,17,0.089310501582
05/26/2025,FEU,Z14,17,0.089310501582
05/26/2025,FEU,Z24,18,0.089439718282
05/26/2025,FEU,Z14,18,0.089439718282
05/26/2025,FEU,Z24,19,0.095452155481
05/26/2025,FEU,Z14,19,0.160851098441
05/26/2025,FEU,Z24,2,0.098127210122
05/26/2025,FEU,Z14,2,0.098127210122
05/26/2025,FEU,Z24,20,0.163854338441
05/26/2025,FEU,Z14,20,0.163854338441
05/26/2025,FEU,Z24,21,0.192498476181
05/26/2025,FEU,Z14,21,0.192498476181
05/26/2025,FEU,Z24,22,0.231794652102
05/26/2025,FEU,Z14,22,0.231794652102
05/26/2025,FEU,Z24,23,0.218775131523
05/26/2025,FEU,Z14,23,0.153161672563
05/26/2025,FEU,Z24,24,0.128310881743
05/26/2025,FEU,Z14,24,0.128310881743
05/26/2025,FEU,Z24,3,0.098207019862
05/26/2025,FEU,Z14,3,0.098207019862
05/26/2025,FEU,Z24,4,0.097062979603
05/26/2025,FEU,Z14,4,0.097062979603
05/26/2025,FEU,Z24,5,0.098958609862
05/26/2025,FEU,Z14,5,0.098958609862
05/26/2025,FEU,Z24,6,0.100956171162
05/26/2025,FEU,Z14,6,0.100956171162
05/26/2025,FEU,Z24,7,0.104366246802
05/26/2025,FEU,Z14,7,0.104366246802
05/26/2025,FEU,Z24,8,0.106928787921
05/26/2025,FEU,Z14,8,0.106928787921
05/26/2025,FEU,Z24,9,0.119121124802
05/26/2025,FEU,Z14,9,0.119121124802
06/01/2025,FEU,Z24,1,0.124498171872
06/01/2025,FEU,Z14,1,0.124498171872
06/01/2025,FEU,Z24,10,0.063067460769
06/01/2025,FEU,Z14,10,0.063067460769
06/01/2025,FEU,Z24,11,0.059758108155
06/01/2025,FEU,Z14,11,0.059758108155
06/01/2025,FEU,Z24,12,0.063145704785
06/01/2025,FEU,Z14,12,0.063145704785
06/01/2025,FEU,Z24,13,0.05997788891
06/01/2025,FEU,Z14,13,0.05997788891
06/01/2025,FEU,Z24,14,0.058277977666
06/01/2025,FEU,Z14,14,0.058277977666
06/01/2025,FEU,Z24,15,0.058019953918
06/01/2025,FEU,Z14,15,0.058019953918
06/01/2025,FEU,Z24,16,0.060598976288
06/01/2025,FEU,Z14,16,0.060598976288
06/01/2025,FEU,Z24,17,0.061341299651
06/01/2025,FEU,Z14,17,0.061341299651
06/01/2025,FEU,Z24,18,0.065614510643
06/01/2025,FEU,Z14,18,0.065614510643
06/01/2025,FEU,Z24,19,0.066418122762
06/01/2025,FEU,Z14,19,0.066418122762
06/01/2025,FEU,Z24,2,0.10320696399
06/01/2025,FEU,Z14,2,0.10320696399
06/01/2025,FEU,Z24,20,0.09190434888
06/01/2025,FEU,Z14,20,0.09190434888
06/01/2025,FEU,Z24,21,0.10367895688
06/01/2025,FEU,Z14,21,0.10367895688
06/01/2025,FEU,Z24,22,0.09788134125
06/01/2025,FEU,Z14,22,0.09788134125
06/01/2025,FEU,Z24,23,0.112471544376
06/01/2025,FEU,Z14,23,0.112471544376
06/01/2025,FEU,Z24,24,0.098675276998
06/01/2025,FEU,Z14,24,0.098675276998
06/01/2025,FEU,Z24,3,0.104667642361
06/01/2025,FEU,Z14,3,0.104667642361
06/01/2025,FEU,Z24,4,0.105639353857
06/01/2025,FEU,Z14,4,0.105639353857
06/01/2025,FEU,Z24,5,0.107357025857
06/01/2025,FEU,Z14,5,0.107357025857
06/01/2025,FEU,Z24,6,0.109285377731
06/01/2025,FEU,Z14,6,0.109285377731
06/01/2025,FEU,Z24,7,0.109188744731
06/01/2025,FEU,Z14,7,0.109188744731
06/01/2025,FEU,Z24,8,0.156827859235
06/01/2025,FEU,Z14,8,0.156827859235
06/01/2025,FEU,Z24,9,0.081602973006
06/01/2025,FEU,Z14,9,0.081602973006
06/02/2025,FEU,Z24,1,0.093536605136
06/02/2025,FEU,Z14,1,0.093536605136
06/02/2025,FEU,Z24,10,0.120813484284
06/02/2025,FEU,Z14,10,0.120813484284
06/02/2025,FEU,Z24,11,0.09685990622
06/02/2025,FEU,Z14,11,0.162194164284
06/02/2025,FEU,Z24,12,0.146324318241
06/02/2025,FEU,Z14,12,0.146324318241
06/02/2025,FEU,Z24,13,0.14388708122
06/02/2025,FEU,Z14,13,0.14388708122
06/02/2025,FEU,Z24,14,0.140497536199
06/02/2025,FEU,Z14,14,0.140497536199
06/02/2025,FEU,Z24,15,0.140290784199
06/02/2025,FEU,Z14,15,0.075016584135
06/02/2025,FEU,Z24,16,0.075635840199
06/02/2025,FEU,Z14,16,0.075635840199
06/02/2025,FEU,Z24,17,0.075901664199
06/02/2025,FEU,Z14,17,0.075901664199
06/02/2025,FEU,Z24,18,0.077712364284
06/02/2025,FEU,Z14,18,0.077712364284
06/02/2025,FEU,Z24,19,0.095389288369
06/02/2025,FEU,Z14,19,0.160723586433
06/02/2025,FEU,Z24,2,0.091895849221
06/02/2025,FEU,Z14,2,0.091895849221
06/02/2025,FEU,Z24,20,0.186468854582
06/02/2025,FEU,Z14,20,0.186468854582
06/02/2025,FEU,Z24,21,0.235840252625
06/02/2025,FEU,Z14,21,0.235840252625
06/02/2025,FEU,Z24,22,0.245788697774
06/02/2025,FEU,Z14,22,0.245788697774
06/02/2025,FEU,Z24,23,0.245036243902
06/02/2025,FEU,Z14,23,0.179343464817
06/02/2025,FEU,Z24,24,0.14791752088
06/02/2025,FEU,Z14,24,0.14791752088
06/02/2025,FEU,Z24,3,0.093194155285
06/02/2025,FEU,Z14,3,0.093194155285
06/02/2025,FEU,Z24,4,0.086636353307
06/02/2025,FEU,Z14,4,0.086636353307
06/02/2025,FEU,Z24,5,0.087747012285
06/02/2025,FEU,Z14,5,0.087747012285
06/02/2025,FEU,Z24,6,0.084671265136
06/02/2025,FEU,Z14,6,0.084671265136
06/02/2025,FEU,Z24,7,0.099646944902
06/02/2025,FEU,Z14,7,0.099646944902
06/02/2025,FEU,Z24,8,0.104399559604
06/02/2025,FEU,Z14,8,0.104399559604
06/02/2025,FEU,Z24,9,0.134343072327
06/02/2025,FEU,Z14,9,0.134343072327
06/03/2025,FEU,Z24,1,0.129671879154
06/03/2025,FEU,Z14,1,0.129671879154
06/03/2025,FEU,Z24,10,0.120930169977
06/03/2025,FEU,Z14,10,0.120930169977
06/03/2025,FEU,Z24,11,0.098431055977
06/03/2025,FEU,Z14,11,0.16376725376
06/03/2025,FEU,Z24,12,0.133468152832
06/03/2025,FEU,Z14,12,0.133468152832
06/03/2025,FEU,Z24,13,0.129008737832
06/03/2025,FEU,Z14,13,0.129008737832
06/03/2025,FEU,Z24,14,0.125177705905
06/03/2025,FEU,Z14,14,0.125177705905
06/03/2025,FEU,Z24,15,0.125390357832
06/03/2025,FEU,Z14,15,0.060156146049
06/03/2025,FEU,Z24,16,0.060754655905
06/03/2025,FEU,Z14,16,0.060754655905
06/03/2025,FEU,Z24,17,0.061071587688
06/03/2025,FEU,Z14,17,0.061071587688
06/03/2025,FEU,Z24,18,0.06434119747
06/03/2025,FEU,Z14,18,0.06434119747
06/03/2025,FEU,Z24,19,0.083930168253
06/03/2025,FEU,Z14,19,0.149283300964
06/03/2025,FEU,Z24,2,0.121101946864
06/03/2025,FEU,Z14,2,0.121101946864
06/03/2025,FEU,Z24,20,0.173097604819
06/03/2025,FEU,Z14,20,0.173097604819
06/03/2025,FEU,Z24,21,0.188749050457
06/03/2025,FEU,Z14,21,0.188749050457
06/03/2025,FEU,Z24,22,0.244177851733
06/03/2025,FEU,Z14,22,0.244177851733
06/03/2025,FEU,Z24,23,0.246065055154
06/03/2025,FEU,Z14,23,0.180367955443
06/03/2025,FEU,Z24,24,0.168313419081
06/03/2025,FEU,Z14,24,0.168313419081
06/03/2025,FEU,Z24,3,0.122046274864
06/03/2025,FEU,Z14,3,0.122046274864
06/03/2025,FEU,Z24,4,0.119063769792
06/03/2025,FEU,Z14,4,0.119063769792
06/03/2025,FEU,Z24,5,0.119203882864
06/03/2025,FEU,Z14,5,0.119203882864
06/03/2025,FEU,Z24,6,0.129053063154
06/03/2025,FEU,Z14,6,0.129053063154
06/03/2025,FEU,Z24,7,0.145312551805
06/03/2025,FEU,Z14,7,0.145312551805
06/03/2025,FEU,Z24,8,0.155622271674
06/03/2025,FEU,Z14,8,0.155622271674
06/03/2025,FEU,Z24,9,0.151439578543
06/03/2025,FEU,Z14,9,0.151439578543
06/04/2025,FEU,Z24,1,0.135703134948
06/04/2025,FEU,Z14,1,0.135703134948
06/04/2025,FEU,Z24,10,0.113149500885
06/04/2025,FEU,Z14,10,0.113149500885
06/04/2025,FEU,Z24,11,0.094734308905
06/04/2025,FEU,Z14,11,0.160056808493
06/04/2025,FEU,Z24,12,0.129890685297
06/04/2025,FEU,Z14,12,0.129890685297
06/04/2025,FEU,Z24,13,0.128401725297
06/04/2025,FEU,Z14,13,0.128401725297
06/04/2025,FEU,Z24,14,0.125561421297
06/04/2025,FEU,Z14,14,0.125561421297
06/04/2025,FEU,Z24,15,0.123699621493
06/04/2025,FEU,Z14,15,0.058473730905
06/04/2025,FEU,Z24,16,0.057336638082
06/04/2025,FEU,Z14,16,0.057336638082
06/04/2025,FEU,Z24,17,0.05729921767
06/04/2025,FEU,Z14,17,0.05729921767
06/04/2025,FEU,Z24,18,0.06412056767
06/04/2025,FEU,Z14,18,0.06412056767
06/04/2025,FEU,Z24,19,0.092065275847
06/04/2025,FEU,Z14,19,0.157388008436
06/04/2025,FEU,Z24,2,0.12949756434
06/04/2025,FEU,Z14,2,0.12949756434
06/04/2025,FEU,Z24,20,0.194679925613
06/04/2025,FEU,Z14,20,0.194679925613
06/04/2025,FEU,Z24,21,0.241804510398
06/04/2025,FEU,Z14,21,0.241804510398
06/04/2025,FEU,Z24,22,0.260039203967
06/04/2025,FEU,Z14,22,0.260039203967
06/04/2025,FEU,Z24,23,0.256706301144
06/04/2025,FEU,Z14,23,0.19097498836
06/04/2025,FEU,Z24,24,0.16783126534
06/04/2025,FEU,Z14,24,0.16783126534
06/04/2025,FEU,Z24,3,0.125246359537
06/04/2025,FEU,Z14,3,0.125246359537
06/04/2025,FEU,Z24,4,0.122189148733
06/04/2025,FEU,Z14,4,0.122189148733
06/04/2025,FEU,Z24,5,0.121446199537
06/04/2025,FEU,Z14,5,0.121446199537
06/04/2025,FEU,Z24,6,0.127314738948
06/04/2025,FEU,Z14,6,0.127314738948
06/04/2025,FEU,Z24,7,0.143830112379
06/04/2025,FEU,Z14,7,0.143830112379
06/04/2025,FEU,Z24,8,0.151187249221
06/04/2025,FEU,Z14,8,0.151187249221
06/04/2025,FEU,Z24,9,0.145736326866
06/04/2025,FEU,Z14,9,0.145736326866
06/05/2025,FEU,Z24,1,0.156696959534
06/05/2025,FEU,Z14,1,0.156696959534
06/05/2025,FEU,Z24,10,0.079487034054
06/05/2025,FEU,Z14,10,0.079487034054
06/05/2025,FEU,Z24,11,0.059064876442
06/05/2025,FEU,Z14,11,0.124292984054
06/05/2025,FEU,Z24,12,0.124079050925
06/05/2025,FEU,Z14,12,0.124079050925
06/05/2025,FEU,Z24,13,0.124148041925
06/05/2025,FEU,Z14,13,0.124148041925
06/05/2025,FEU,Z24,14,0.121367414054
06/05/2025,FEU,Z14,14,0.121367414054
06/05/2025,FEU,Z24,15,0.121696608667
06/05/2025,FEU,Z14,15,0.056473454054
06/05/2025,FEU,Z24,16,0.057046411538
06/05/2025,FEU,Z14,16,0.057046411538
06/05/2025,FEU,Z24,17,0.05720344915
06/05/2025,FEU,Z14,17,0.05720344915
06/05/2025,FEU,Z24,18,0.055995192763
06/05/2025,FEU,Z14,18,0.055995192763
06/05/2025,FEU,Z24,19,0.062473707375
06/05/2025,FEU,Z14,19,0.127719905988
06/05/2025,FEU,Z24,2,0.142363497405
06/05/2025,FEU,Z14,2,0.142363497405
06/05/2025,FEU,Z24,20,0.164367272955
06/05/2025,FEU,Z14,20,0.164367272955
06/05/2025,FEU,Z24,21,0.233300559309
06/05/2025,FEU,Z14,21,0.233300559309
06/05/2025,FEU,Z24,22,0.274171669534
06/05/2025,FEU,Z14,22,0.274171669534
06/05/2025,FEU,Z24,23,0.276661748888
06/05/2025,FEU,Z14,23,0.210860579405
06/05/2025,FEU,Z24,24,0.186686769146
06/05/2025,FEU,Z14,24,0.186686769146
06/05/2025,FEU,Z24,3,0.141772322276
06/05/2025,FEU,Z14,3,0.141772322276
06/05/2025,FEU,Z24,4,0.136701707276
06/05/2025,FEU,Z14,4,0.136701707276
06/05/2025,FEU,Z24,5,0.136704899405
06/05/2025,FEU,Z14,5,0.136704899405
06/05/2025,FEU,Z24,6,0.137349713663
06/05/2025,FEU,Z14,6,0.137349713663
06/05/2025,FEU,Z24,7,0.146068470567
06/05/2025,FEU,Z14,7,0.146068470567
06/05/2025,FEU,Z24,8,0.153476622117
06/05/2025,FEU,Z14,8,0.153476622117
06/05/2025,FEU,Z24,9,0.148874053408
06/05/2025,FEU,Z14,9,0.148874053408
06/06/2025,FEU,Z24,1,0.16832701341
06/06/2025,FEU,Z14,1,0.16832701341
06/06/2025,FEU,Z24,10,0.115403934284
06/06/2025,FEU,Z14,10,0.115403934284
06/06/2025,FEU,Z24,11,0.060723628859
06/06/2025,FEU,Z14,11,0.125959344572
06/06/2025,FEU,Z24,12,0.119436615334
06/06/2025,FEU,Z14,12,0.119436615334
06/06/2025,FEU,Z24,13,0.117997569334
06/06/2025,FEU,Z14,13,0.117997569334
06/06/2025,FEU,Z24,14,0.114842781334
06/06/2025,FEU,Z14,14,0.114842781334
06/06/2025,FEU,Z24,15,0.114962773809
06/06/2025,FEU,Z14,15,0.049755461097
06/06/2025,FEU,Z24,16,0.050331685809
06/06/2025,FEU,Z14,16,0.050331685809
06/06/2025,FEU,Z24,17,0.050760304522
06/06/2025,FEU,Z14,17,0.050760304522
06/06/2025,FEU,Z24,18,0.051636250759
06/06/2025,FEU,Z14,18,0.051636250759
06/06/2025,FEU,Z24,19,0.069317781422
06/06/2025,FEU,Z14,19,0.134584423134
06/06/2025,FEU,Z24,2,0.167079793647
06/06/2025,FEU,Z14,2,0.167079793647
06/06/2025,FEU,Z24,20,0.169339128085
06/06/2025,FEU,Z14,20,0.169339128085
06/06/2025,FEU,Z24,21,0.23148407551
06/06/2025,FEU,Z14,21,0.23148407551
06/06/2025,FEU,Z24,22,0.261689730935
06/06/2025,FEU,Z14,22,0.261689730935
06/06/2025,FEU,Z24,23,0.267999163647
06/06/2025,FEU,Z14,23,0.202228976697
06/06/2025,FEU,Z24,24,0.183386027647
06/06/2025,FEU,Z14,24,0.183386027647
06/06/2025,FEU,Z24,3,0.15835108236
06/06/2025,FEU,Z14,3,0.15835108236
06/06/2025,FEU,Z24,4,0.149665620835
06/06/2025,FEU,Z14,4,0.149665620835
06/06/2025,FEU,Z24,5,0.149076179597
06/06/2025,FEU,Z14,5,0.149076179597
06/06/2025,FEU,Z24,6,0.149990182647
06/06/2025,FEU,Z14,6,0.149990182647
06/06/2025,FEU,Z24,7,0.160600983985
06/06/2025,FEU,Z14,7,0.160600983985
06/06/2025,FEU,Z24,8,0.162463623134
06/06/2025,FEU,Z14,8,0.162463623134
06/06/2025,FEU,Z24,9,0.181157350759
06/06/2025,FEU,Z14,9,0.181157350759
06/07/2025,FEU,Z24,1,0.163531720097
06/07/2025,FEU,Z14,1,0.163531720097
06/07/2025,FEU,Z24,10,0.043491980304
06/07/2025,FEU,Z14,10,0.043491980304
06/07/2025,FEU,Z24,11,0.044958028993
06/07/2025,FEU,Z14,11,0.044958028993
06/07/2025,FEU,Z24,12,0.044938018786
06/07/2025,FEU,Z14,12,0.044938018786
06/07/2025,FEU,Z24,13,0.044806339683
06/07/2025,FEU,Z14,13,0.044806339683
06/07/2025,FEU,Z24,14,0.044282910027
06/07/2025,FEU,Z14,14,0.044282910027
06/07/2025,FEU,Z24,15,0.044326633476
06/07/2025,FEU,Z14,15,0.044326633476
06/07/2025,FEU,Z24,16,0.045108801234
06/07/2025,FEU,Z14,16,0.045108801234
06/07/2025,FEU,Z24,17,0.045261833545
06/07/2025,FEU,Z14,17,0.045261833545
06/07/2025,FEU,Z24,18,0.045856875855
06/07/2025,FEU,Z14,18,0.045856875855
06/07/2025,FEU,Z24,19,0.046077847373
06/07/2025,FEU,Z14,19,0.046077847373
06/07/2025,FEU,Z24,2,0.156229456408
06/07/2025,FEU,Z14,2,0.156229456408
06/07/2025,FEU,Z24,20,0.051949701132
06/07/2025,FEU,Z14,20,0.051949701132
06/07/2025,FEU,Z24,21,0.100746297787
06/07/2025,FEU,Z14,21,0.100746297787
06/07/2025,FEU,Z24,22,0.161233635546
06/07/2025,FEU,Z14,22,0.161233635546
06/07/2025,FEU,Z24,23,0.151540185546
06/07/2025,FEU,Z14,23,0.151540185546
06/07/2025,FEU,Z24,24,0.140203976201
06/07/2025,FEU,Z14,24,0.140203976201
06/07/2025,FEU,Z24,3,0.156054613615
06/07/2025,FEU,Z14,3,0.156054613615
06/07/2025,FEU,Z24,4,0.151954181615
06/07/2025,FEU,Z14,4,0.151954181615
06/07/2025,FEU,Z24,5,0.152151371063
06/07/2025,FEU,Z14,5,0.152151371063
06/07/2025,FEU,Z24,6,0.15277145996
06/07/2025,FEU,Z14,6,0.15277145996
06/07/2025,FEU,Z24,7,0.154431305511
06/07/2025,FEU,Z14,7,0.154431305511
06/07/2025,FEU,Z24,8,0.148628173753
06/07/2025,FEU,Z14,8,0.148628173753
06/07/2025,FEU,Z24,9,0.075536224373
06/07/2025,FEU,Z14,9,0.075536224373
06/08/2025,FEU,Z24,1,0.136697348961
06/08/2025,FEU,Z14,1,0.136697348961
06/08/2025,FEU,Z24,10,0.05428557851
06/08/2025,FEU,Z14,10,0.05428557851
06/08/2025,FEU,Z24,11,0.048822829946
06/08/2025,FEU,Z14,11,0.048822829946
06/08/2025,FEU,Z24,12,0.052211687327
06/08/2025,FEU,Z14,12,0.052211687327
06/08/2025,FEU,Z24,13,0.051257328003
06/08/2025,FEU,Z14,13,0.051257328003
06/08/2025,FEU,Z24,14,0.049832866059
06/08/2025,FEU,Z14,14,0.049832866059
06/08/2025,FEU,Z24,15,0.049932701411
06/08/2025,FEU,Z14,15,0.049932701411
06/08/2025,FEU,Z24,16,0.050175886031
06/08/2025,FEU,Z14,16,0.050175886031
06/08/2025,FEU,Z24,17,0.051717707242
06/08/2025,FEU,Z14,17,0.051717707242
06/08/2025,FEU,Z24,18,0.052737543834
06/08/2025,FEU,Z14,18,0.052737543834
06/08/2025,FEU,Z24,19,0.051047005101
06/08/2025,FEU,Z14,19,0.051047005101
06/08/2025,FEU,Z24,2,0.137409209228
06/08/2025,FEU,Z14,2,0.137409209228
06/08/2025,FEU,Z24,20,0.059115610369
06/08/2025,FEU,Z14,20,0.059115610369
06/08/2025,FEU,Z24,21,0.143591210369
06/08/2025,FEU,Z14,21,0.143591210369
06/08/2025,FEU,Z24,22,0.162531763989
06/08/2025,FEU,Z14,22,0.162531763989
06/08/2025,FEU,Z24,23,0.162633671665
06/08/2025,FEU,Z14,23,0.162633671665
06/08/2025,FEU,Z24,24,0.152282830637
06/08/2025,FEU,Z14,24,0.152282830637
06/08/2025,FEU,Z24,3,0.139328076848
06/08/2025,FEU,Z14,3,0.139328076848
06/08/2025,FEU,Z24,4,0.128364178144
06/08/2025,FEU,Z14,4,0.128364178144
06/08/2025,FEU,Z24,5,0.128533442144
06/08/2025,FEU,Z14,5,0.128533442144
06/08/2025,FEU,Z24,6,0.129231681468
06/08/2025,FEU,Z14,6,0.129231681468
06/08/2025,FEU,Z24,7,0.128843956468
06/08/2025,FEU,Z14,7,0.128843956468
06/08/2025,FEU,Z24,8,0.097411686172
06/08/2025,FEU,Z14,8,0.097411686172
06/08/2025,FEU,Z24,9,0.066637890045
06/08/2025,FEU,Z14,9,0.066637890045
06/09/2025,FEU,Z24,1,0.135597094067
06/09/2025,FEU,Z14,1,0.135597094067
06/09/2025,FEU,Z24,10,0.082410853929
06/09/2025,FEU,Z14,10,0.082410853929
06/09/2025,FEU,Z24,11,0.066754968419
06/09/2025,FEU,Z14,11,0.132008653929
06/09/2025,FEU,Z24,12,0.127237192922
06/09/2025,FEU,Z14,12,0.127237192922
06/09/2025,FEU,Z24,13,0.125268117419
06/09/2025,FEU,Z14,13,0.125268117419
06/09/2025,FEU,Z24,14,0.122632211915
06/09/2025,FEU,Z14,14,0.122632211915
06/09/2025,FEU,Z24,15,0.124166947915
06/09/2025,FEU,Z14,15,0.058935328405
06/09/2025,FEU,Z24,16,0.059731251915
06/09/2025,FEU,Z14,16,0.059731251915
06/09/2025,FEU,Z24,17,0.062695075915
06/09/2025,FEU,Z14,17,0.062695075915
06/09/2025,FEU,Z24,18,0.070675693929
06/09/2025,FEU,Z14,18,0.070675693929
06/09/2025,FEU,Z24,19,0.113645791943
06/09/2025,FEU,Z14,19,0.179027965453
06/09/2025,FEU,Z24,2,0.125408356081
06/09/2025,FEU,Z14,2,0.125408356081
06/09/2025,FEU,Z24,20,0.219892712977
06/09/2025,FEU,Z14,20,0.219892712977
06/09/2025,FEU,Z24,21,0.243938589984
06/09/2025,FEU,Z14,21,0.243938589984
06/09/2025,FEU,Z24,22,0.267181480508
06/09/2025,FEU,Z14,22,0.267181480508
06/09/2025,FEU,Z24,23,0.255776410529
06/09/2025,FEU,Z14,23,0.190046881515
06/09/2025,FEU,Z24,24,0.179755428025
06/09/2025,FEU,Z14,24,0.179755428025
06/09/2025,FEU,Z24,3,0.126694241591
06/09/2025,FEU,Z14,3,0.126694241591
06/09/2025,FEU,Z24,4,0.129283750094
06/09/2025,FEU,Z14,4,0.129283750094
06/09/2025,FEU,Z24,5,0.131719999591
06/09/2025,FEU,Z14,5,0.131719999591
06/09/2025,FEU,Z24,6,0.134267234067
06/09/2025,FEU,Z14,6,0.134267234067
06/09/2025,FEU,Z24,7,0.147569494529
06/09/2025,FEU,Z14,7,0.147569494529
06/09/2025,FEU,Z24,8,0.147385751481
06/09/2025,FEU,Z14,8,0.147385751481
06/09/2025,FEU,Z24,9,0.148858442936
06/09/2025,FEU,Z14,9,0.148858442936
06/10/2025,FEU,Z24,1,0.139620800276
06/10/2025,FEU,Z14,1,0.139620800276
06/10/2025,FEU,Z24,10,0.153597778318
06/10/2025,FEU,Z14,10,0.153597778318
06/10/2025,FEU,Z24,11,0.145718896318
06/10/2025,FEU,Z14,11,0.211180304622
06/10/2025,FEU,Z24,12,0.193549196854
06/10/2025,FEU,Z14,12,0.193549196854
06/10/2025,FEU,Z24,13,0.161976901854
06/10/2025,FEU,Z14,13,0.161976901854
06/10/2025,FEU,Z24,14,0.158542073086
06/10/2025,FEU,Z14,14,0.158542073086
06/10/2025,FEU,Z24,15,0.157886361854
06/10/2025,FEU,Z14,15,0.09256625755
06/10/2025,FEU,Z24,16,0.092277407086
06/10/2025,FEU,Z14,16,0.092277407086
06/10/2025,FEU,Z24,17,0.09272321239
06/10/2025,FEU,Z14,17,0.09272321239
06/10/2025,FEU,Z24,18,0.131677395695
06/10/2025,FEU,Z14,18,0.131677395695
06/10/2025,FEU,Z24,19,0.145560545999
06/10/2025,FEU,Z14,19,0.211129358072
06/10/2025,FEU,Z24,2,0.137292927348
06/10/2025,FEU,Z14,2,0.137292927348
06/10/2025,FEU,Z24,20,0.219361906608
06/10/2025,FEU,Z14,20,0.219361906608
06/10/2025,FEU,Z24,21,0.229520840449
06/10/2025,FEU,Z14,21,0.229520840449
06/10/2025,FEU,Z24,22,0.23327215013
06/10/2025,FEU,Z14,22,0.23327215013
06/10/2025,FEU,Z24,23,0.230692916276
06/10/2025,FEU,Z14,23,0.165048281203
06/10/2025,FEU,Z24,24,0.159954434044
06/10/2025,FEU,Z14,24,0.159954434044
06/10/2025,FEU,Z24,3,0.137471679348
06/10/2025,FEU,Z14,3,0.137471679348
06/10/2025,FEU,Z24,4,0.133021625116
06/10/2025,FEU,Z14,4,0.133021625116
06/10/2025,FEU,Z24,5,0.132982887348
06/10/2025,FEU,Z14,5,0.132982887348
06/10/2025,FEU,Z24,6,0.132469256276
06/10/2025,FEU,Z14,6,0.132469256276
06/10/2025,FEU,Z24,7,0.135312892362
06/10/2025,FEU,Z14,7,0.135312892362
06/10/2025,FEU,Z24,8,0.135395565144
06/10/2025,FEU,Z14,8,0.135395565144
06/10/2025,FEU,Z24,9,0.157383837927
06/10/2025,FEU,Z14,9,0.157383837927
06/11/2025,FEU,Z24,1,0.145222847167
06/11/2025,FEU,Z14,1,0.145222847167
06/11/2025,FEU,Z24,10,0.157856146889
06/11/2025,FEU,Z14,10,0.157856146889
06/11/2025,FEU,Z24,11,0.137163590795
06/11/2025,FEU,Z14,11,0.202598005652
06/11/2025,FEU,Z24,12,0.168569154033
06/11/2025,FEU,Z14,12,0.168569154033
06/11/2025,FEU,Z24,13,0.130697682033
06/11/2025,FEU,Z14,13,0.130697682033
06/11/2025,FEU,Z24,14,0.117632058033
06/11/2025,FEU,Z14,14,0.117632058033
06/11/2025,FEU,Z24,15,0.116141443652
06/11/2025,FEU,Z14,15,0.050935636795
06/11/2025,FEU,Z24,16,0.048781460508
06/11/2025,FEU,Z14,16,0.048781460508
06/11/2025,FEU,Z24,17,0.050299017365
06/11/2025,FEU,Z14,17,0.050299017365
06/11/2025,FEU,Z24,18,0.051140052365
06/11/2025,FEU,Z14,18,0.051140052365
06/11/2025,FEU,Z24,19,0.068775666078
06/11/2025,FEU,Z14,19,0.134038307934
06/11/2025,FEU,Z24,2,0.143211597405
06/11/2025,FEU,Z14,2,0.143211597405
06/11/2025,FEU,Z24,20,0.198037261647
06/11/2025,FEU,Z14,20,0.198037261647
06/11/2025,FEU,Z24,21,0.229052144122
06/11/2025,FEU,Z14,21,0.229052144122
06/11/2025,FEU,Z24,22,0.239896425073
06/11/2025,FEU,Z14,22,0.239896425073
06/11/2025,FEU,Z24,23,0.240111850786
06/11/2025,FEU,Z14,23,0.174436204311
06/11/2025,FEU,Z24,24,0.169759440405
06/11/2025,FEU,Z14,24,0.169759440405
06/11/2025,FEU,Z24,3,0.141431464024
06/11/2025,FEU,Z14,3,0.141431464024
06/11/2025,FEU,Z24,4,0.138303774642
06/11/2025,FEU,Z14,4,0.138303774642
06/11/2025,FEU,Z24,5,0.136608724024
06/11/2025,FEU,Z14,5,0.136608724024
06/11/2025,FEU,Z24,6,0.137877749167
06/11/2025,FEU,Z14,6,0.137877749167
06/11/2025,FEU,Z24,7,0.141071023217
06/11/2025,FEU,Z14,7,0.141071023217
06/11/2025,FEU,Z24,8,0.142301066409
06/11/2025,FEU,Z14,8,0.142301066409
06/11/2025,FEU,Z24,9,0.165071526984
06/11/2025,FEU,Z14,9,0.165071526984
06/12/2025,FEU,Z24,1,0.145313344212
06/12/2025,FEU,Z14,1,0.145313344212
06/12/2025,FEU,Z24,10,0.075489835759
06/12/2025,FEU,Z14,10,0.075489835759
06/12/2025,FEU,Z24,11,0.057996093177
06/12/2025,FEU,Z14,11,0.123220225759
06/12/2025,FEU,Z24,12,0.122581218286
06/12/2025,FEU,Z14,12,0.122581218286
06/12/2025,FEU,Z24,13,0.122535978286
06/12/2025,FEU,Z14,13,0.122535978286
06/12/2025,FEU,Z24,14,0.119721745759
06/12/2025,FEU,Z14,14,0.119721745759
06/12/2025,FEU,Z24,15,0.119771252341
06/12/2025,FEU,Z14,15,0.054553195759
06/12/2025,FEU,Z24,16,0.055544605868
06/12/2025,FEU,Z14,16,0.055544605868
06/12/2025,FEU,Z24,17,0.05493588045
06/12/2025,FEU,Z14,17,0.05493588045
06/12/2025,FEU,Z24,18,0.056556821031
06/12/2025,FEU,Z14,18,0.056556821031
06/12/2025,FEU,Z24,19,0.075360639613
06/12/2025,FEU,Z14,19,0.140641808195
06/12/2025,FEU,Z24,2,0.142227840739
06/12/2025,FEU,Z14,2,0.142227840739
06/12/2025,FEU,Z24,20,0.219331896412
06/12/2025,FEU,Z14,20,0.219331896412
06/12/2025,FEU,Z24,21,0.234177524048
06/12/2025,FEU,Z14,21,0.234177524048
06/12/2025,FEU,Z24,22,0.262976784212
06/12/2025,FEU,Z14,22,0.262976784212
06/12/2025,FEU,Z24,23,0.273365456848
06/12/2025,FEU,Z14,23,0.207576722739
06/12/2025,FEU,Z24,24,0.182579679793
06/12/2025,FEU,Z14,24,0.182579679793
06/12/2025,FEU,Z24,3,0.137738769266
06/12/2025,FEU,Z14,3,0.137738769266
06/12/2025,FEU,Z24,4,0.133509561266
06/12/2025,FEU,Z14,4,0.133509561266
06/12/2025,FEU,Z24,5,0.133373236739
06/12/2025,FEU,Z14,5,0.133373236739
06/12/2025,FEU,Z24,6,0.137498305685
06/12/2025,FEU,Z14,6,0.137498305685
06/12/2025,FEU,Z24,7,0.143608290994
06/12/2025,FEU,Z14,7,0.143608290994
06/12/2025,FEU,Z24,8,0.141975848667
06/12/2025,FEU,Z14,8,0.141975848667
06/12/2025,FEU,Z24,9,0.153098133395
06/12/2025,FEU,Z14,9,0.153098133395
06/13/2025,FEU,Z24,1,0.165477013434
06/13/2025,FEU,Z14,1,0.165477013434
06/13/2025,FEU,Z24,10,0.110454694362
06/13/2025,FEU,Z14,10,0.110454694362
06/13/2025,FEU,Z24,11,0.070912683348
06/13/2025,FEU,Z14,11,0.136175401855
06/13/2025,FEU,Z24,12,0.121445985686
06/13/2025,FEU,Z14,12,0.121445985686
06/13/2025,FEU,Z24,13,0.120249615686
06/13/2025,FEU,Z14,13,0.120249615686
06/13/2025,FEU,Z24,14,0.117693579686
06/13/2025,FEU,Z14,14,0.117693579686
06/13/2025,FEU,Z24,15,0.118141224024
06/13/2025,FEU,Z14,15,0.052925517517
06/13/2025,FEU,Z24,16,0.053637368024
06/13/2025,FEU,Z14,16,0.053637368024
06/13/2025,FEU,Z24,17,0.054120276532
06/13/2025,FEU,Z14,17,0.054120276532
06/13/2025,FEU,Z24,18,0.058587892701
06/13/2025,FEU,Z14,18,0.058587892701
06/13/2025,FEU,Z24,19,0.077172358884
06/13/2025,FEU,Z14,19,0.142460694391
06/13/2025,FEU,Z24,2,0.157830585603
06/13/2025,FEU,Z14,2,0.157830585603
06/13/2025,FEU,Z24,20,0.219325713067
06/13/2025,FEU,Z14,20,0.219325713067
06/13/2025,FEU,Z24,21,0.232951396081
06/13/2025,FEU,Z14,21,0.232951396081
06/13/2025,FEU,Z24,22,0.247136805095
06/13/2025,FEU,Z14,22,0.247136805095
06/13/2025,FEU,Z24,23,0.247748496603
06/13/2025,FEU,Z14,23,0.182046436926
06/13/2025,FEU,Z24,24,0.175952276603
06/13/2025,FEU,Z14,24,0.175952276603
06/13/2025,FEU,Z24,3,0.15355166211
06/13/2025,FEU,Z14,3,0.15355166211
06/13/2025,FEU,Z24,4,0.149207680448
06/13/2025,FEU,Z14,4,0.149207680448
06/13/2025,FEU,Z24,5,0.148202214279
06/13/2025,FEU,Z14,5,0.148202214279
06/13/2025,FEU,Z24,6,0.147564427603
06/13/2025,FEU,Z14,6,0.147564427603
06/13/2025,FEU,Z24,7,0.151452478419
06/13/2025,FEU,Z14,7,0.151452478419
06/13/2025,FEU,Z24,8,0.148133394391
06/13/2025,FEU,Z14,8,0.148133394391
06/13/2025,FEU,Z24,9,0.171997372701
06/13/2025,FEU,Z14,9,0.171997372701
06/14/2025,FEU,Z24,1,0.157184121937
06/14/2025,FEU,Z14,1,0.157184121937
06/14/2025,FEU,Z24,10,0.046971620757
06/14/2025,FEU,Z14,10,0.046971620757
06/14/2025,FEU,Z24,11,0.041150811433
06/14/2025,FEU,Z14,11,0.041150811433
06/14/2025,FEU,Z24,12,0.039356095884
06/14/2025,FEU,Z14,12,0.039356095884
06/14/2025,FEU,Z24,13,0.03871714011
06/14/2025,FEU,Z14,13,0.03871714011
06/14/2025,FEU,Z24,14,0.038231308448
06/14/2025,FEU,Z14,14,0.038231308448
06/14/2025,FEU,Z24,15,0.038017092561
06/14/2025,FEU,Z14,15,0.038017092561
06/14/2025,FEU,Z24,16,0.038621521997
06/14/2025,FEU,Z14,16,0.038621521997
06/14/2025,FEU,Z24,17,0.040315981321
06/14/2025,FEU,Z14,17,0.040315981321
06/14/2025,FEU,Z24,18,0.041525041644
06/14/2025,FEU,Z14,18,0.041525041644
06/14/2025,FEU,Z24,19,0.045549486516
06/14/2025,FEU,Z14,19,0.045549486516
06/14/2025,FEU,Z24,2,0.158177786261
06/14/2025,FEU,Z14,2,0.158177786261
06/14/2025,FEU,Z24,20,0.079625444952
06/14/2025,FEU,Z14,20,0.079625444952
06/14/2025,FEU,Z24,21,0.132988063614
06/14/2025,FEU,Z14,21,0.132988063614
06/14/2025,FEU,Z24,22,0.14560165805
06/14/2025,FEU,Z14,22,0.14560165805
06/14/2025,FEU,Z24,23,0.14956912805
06/14/2025,FEU,Z14,23,0.14956912805
06/14/2025,FEU,Z24,24,0.145134488712
06/14/2025,FEU,Z14,24,0.145134488712
06/14/2025,FEU,Z24,3,0.159687765809
06/14/2025,FEU,Z14,3,0.159687765809
06/14/2025,FEU,Z24,4,0.156187281809
06/14/2025,FEU,Z14,4,0.156187281809
06/14/2025,FEU,Z24,5,0.156260526922
06/14/2025,FEU,Z14,5,0.156260526922
06/14/2025,FEU,Z24,6,0.156264625148
06/14/2025,FEU,Z14,6,0.156264625148
06/14/2025,FEU,Z24,7,0.156597524035
06/14/2025,FEU,Z14,7,0.156597524035
06/14/2025,FEU,Z24,8,0.151953335599
06/14/2025,FEU,Z14,8,0.151953335599
06/14/2025,FEU,Z24,9,0.101461511516
06/14/2025,FEU,Z14,9,0.101461511516
06/15/2025,FEU,Z24,1,0.151711546759
06/15/2025,FEU,Z14,1,0.151711546759
06/15/2025,FEU,Z24,10,0.060636504283
06/15/2025,FEU,Z14,10,0.060636504283
06/15/2025,FEU,Z24,11,0.054555869795
06/15/2025,FEU,Z14,11,0.054555869795
06/15/2025,FEU,Z24,12,0.0587860203
06/15/2025,FEU,Z14,12,0.0587860203
06/15/2025,FEU,Z24,13,0.058022406801
06/15/2025,FEU,Z14,13,0.058022406801
06/15/2025,FEU,Z24,14,0.055035583807
06/15/2025,FEU,Z14,14,0.055035583807
06/15/2025,FEU,Z24,15,0.05498859481
06/15/2025,FEU,Z14,15,0.05498859481
06/15/2025,FEU,Z24,16,0.056565071304
06/15/2025,FEU,Z14,16,0.056565071304
06/15/2025,FEU,Z24,17,0.058425445791
06/15/2025,FEU,Z14,17,0.058425445791
06/15/2025,FEU,Z24,18,0.058905875782
06/15/2025,FEU,Z14,18,0.058905875782
06/15/2025,FEU,Z24,19,0.054093672275
06/15/2025,FEU,Z14,19,0.054093672275
06/15/2025,FEU,Z24,2,0.128323976251
06/15/2025,FEU,Z14,2,0.128323976251
06/15/2025,FEU,Z24,20,0.056832374767
06/15/2025,FEU,Z14,20,0.056832374767
06/15/2025,FEU,Z24,21,0.091493942767
06/15/2025,FEU,Z14,21,0.091493942767
06/15/2025,FEU,Z24,22,0.136315419262
06/15/2025,FEU,Z14,22,0.136315419262
06/15/2025,FEU,Z24,23,0.137118264763
06/15/2025,FEU,Z14,23,0.137118264763
06/15/2025,FEU,Z24,24,0.11236241126
06/15/2025,FEU,Z14,24,0.11236241126
06/15/2025,FEU,Z24,3,0.108410584746
06/15/2025,FEU,Z14,3,0.108410584746
06/15/2025,FEU,Z24,4,0.105848698742
06/15/2025,FEU,Z14,4,0.105848698742
06/15/2025,FEU,Z24,5,0.095514058742
06/15/2025,FEU,Z14,5,0.095514058742
06/15/2025,FEU,Z24,6,0.091268244241
06/15/2025,FEU,Z14,6,0.091268244241
06/15/2025,FEU,Z24,7,0.088470659241
06/15/2025,FEU,Z14,7,0.088470659241
06/15/2025,FEU,Z24,8,0.092855646245
06/15/2025,FEU,Z14,8,0.092855646245
06/15/2025,FEU,Z24,9,0.070518369268
06/15/2025,FEU,Z14,9,0.070518369268
06/16/2025,FEU,Z24,1,0.07813498565
06/16/2025,FEU,Z14,1,0.07813498565
06/16/2025,FEU,Z24,10,0.087056693594
06/16/2025,FEU,Z14,10,0.087056693594
06/16/2025,FEU,Z24,11,0.06812198119
06/16/2025,FEU,Z14,11,0.133379273594
06/16/2025,FEU,Z24,12,0.129598881992
06/16/2025,FEU,Z14,12,0.129598881992
06/16/2025,FEU,Z24,13,0.12885114319
06/16/2025,FEU,Z14,13,0.12885114319
06/16/2025,FEU,Z24,14,0.126455190389
06/16/2025,FEU,Z14,14,0.126455190389
06/16/2025,FEU,Z24,15,0.127458278389
06/16/2025,FEU,Z14,15,0.062217966985
06/16/2025,FEU,Z24,16,0.064523238389
06/16/2025,FEU,Z14,16,0.064523238389
06/16/2025,FEU,Z24,17,0.080496534389
06/16/2025,FEU,Z14,17,0.080496534389
06/16/2025,FEU,Z24,18,0.112507193594
06/16/2025,FEU,Z14,18,0.112507193594
06/16/2025,FEU,Z24,19,0.1765890128
06/16/2025,FEU,Z14,19,0.242135100204
06/16/2025,FEU,Z24,2,0.065299396856
06/16/2025,FEU,Z14,2,0.065299396856
06/16/2025,FEU,Z24,20,0.251460726814
06/16/2025,FEU,Z14,20,0.251460726814
06/16/2025,FEU,Z24,21,0.261300898417
06/16/2025,FEU,Z14,21,0.261300898417
06/16/2025,FEU,Z24,22,0.355645422027
06/16/2025,FEU,Z14,22,0.355645422027
06/16/2025,FEU,Z24,23,0.308296421835
06/16/2025,FEU,Z14,23,0.242388348629
06/16/2025,FEU,Z24,24,0.196195376034
06/16/2025,FEU,Z14,24,0.196195376034
06/16/2025,FEU,Z24,3,0.06232477226
06/16/2025,FEU,Z14,3,0.06232477226
06/16/2025,FEU,Z24,4,0.059540188062
06/16/2025,FEU,Z14,4,0.059540188062
06/16/2025,FEU,Z24,5,0.06199953426
06/16/2025,FEU,Z14,5,0.06199953426
06/16/2025,FEU,Z24,6,0.07201314565
06/16/2025,FEU,Z14,6,0.07201314565
06/16/2025,FEU,Z24,7,0.108339371835
06/16/2025,FEU,Z14,7,0.108339371835
06/16/2025,FEU,Z24,8,0.118498390615
06/16/2025,FEU,Z14,8,0.118498390615
06/16/2025,FEU,Z24,9,0.127135659197
06/16/2025,FEU,Z14,9,0.127135659197
06/17/2025,FEU,Z24,1,0.155303702097
06/17/2025,FEU,Z14,1,0.155303702097
06/17/2025,FEU,Z24,10,0.159959930833
06/17/2025,FEU,Z14,10,0.159959930833
06/17/2025,FEU,Z24,11,0.118827498833
06/17/2025,FEU,Z14,11,0.184217703084
06/17/2025,FEU,Z24,12,0.13436952
06/17/2025,FEU,Z14,12,0.13436952
06/17/2025,FEU,Z24,13,0.13137312
06/17/2025,FEU,Z14,13,0.13137312
06/17/2025,FEU,Z24,14,0.127124960916
06/17/2025,FEU,Z14,14,0.127124960916
06/17/2025,FEU,Z24,15,0.12242024
06/17/2025,FEU,Z14,15,0.057193878749
06/17/2025,FEU,Z24,16,0.050556770916
06/17/2025,FEU,Z14,16,0.050556770916
06/17/2025,FEU,Z24,17,0.065217267168
06/17/2025,FEU,Z14,17,0.065217267168
06/17/2025,FEU,Z24,18,0.117453975419
06/17/2025,FEU,Z14,18,0.117453975419
06/17/2025,FEU,Z24,19,0.14383269067
06/17/2025,FEU,Z14,19,0.209395456005
06/17/2025,FEU,Z24,2,0.152146178432
06/17/2025,FEU,Z14,2,0.152146178432
06/17/2025,FEU,Z24,20,0.229721653172
06/17/2025,FEU,Z14,20,0.229721653172
06/17/2025,FEU,Z24,21,0.242092880591
06/17/2025,FEU,Z14,21,0.242092880591
06/17/2025,FEU,Z24,22,0.273333905428
06/17/2025,FEU,Z14,22,0.273333905428
06/17/2025,FEU,Z24,23,0.271899634097
06/17/2025,FEU,Z14,23,0.206114361762
06/17/2025,FEU,Z24,24,0.178938636181
06/17/2025,FEU,Z14,24,0.178938636181
06/17/2025,FEU,Z24,3,0.147251666432
06/17/2025,FEU,Z14,3,0.147251666432
06/17/2025,FEU,Z24,4,0.144088150516
06/17/2025,FEU,Z14,4,0.144088150516
06/17/2025,FEU,Z24,5,0.144159962432
06/17/2025,FEU,Z14,5,0.144159962432
06/17/2025,FEU,Z24,6,0.140228266097
06/17/2025,FEU,Z14,6,0.140228266097
06/17/2025,FEU,Z24,7,0.144901031344
06/17/2025,FEU,Z14,7,0.144901031344
06/17/2025,FEU,Z24,8,0.149537114339
06/17/2025,FEU,Z14,8,0.149537114339
06/17/2025,FEU,Z24,9,0.175263080335
06/17/2025,FEU,Z14,9,0.175263080335
06/18/2025,FEU,Z24,1,0.149945272717
06/18/2025,FEU,Z14,1,0.149945272717
06/18/2025,FEU,Z24,10,0.156875159502
06/18/2025,FEU,Z14,10,0.156875159502
06/18/2025,FEU,Z24,11,0.121142454223
06/18/2025,FEU,Z14,11,0.18653531299
06/18/2025,FEU,Z24,12,0.165381016734
06/18/2025,FEU,Z14,12,0.165381016734
06/18/2025,FEU,Z24,13,0.150195880734
06/18/2025,FEU,Z14,13,0.150195880734
06/18/2025,FEU,Z24,14,0.143072560734
06/18/2025,FEU,Z14,14,0.143072560734
06/18/2025,FEU,Z24,15,0.14267027599
06/18/2025,FEU,Z14,15,0.077393976223
06/18/2025,FEU,Z24,16,0.076622589758
06/18/2025,FEU,Z14,16,0.076622589758
06/18/2025,FEU,Z24,17,0.089080420526
06/18/2025,FEU,Z14,17,0.089080420526
06/18/2025,FEU,Z24,18,0.120744650526
06/18/2025,FEU,Z14,18,0.120744650526
06/18/2025,FEU,Z24,19,0.156425731062
06/18/2025,FEU,Z14,19,0.22191768483
06/18/2025,FEU,Z24,2,0.144381342229
06/18/2025,FEU,Z14,2,0.144381342229
06/18/2025,FEU,Z24,20,0.231668594366
06/18/2025,FEU,Z14,20,0.231668594366
06/18/2025,FEU,Z24,21,0.25111966739
06/18/2025,FEU,Z14,21,0.25111966739
06/18/2025,FEU,Z24,22,0.314412739437
06/18/2025,FEU,Z14,22,0.314412739437
06/18/2025,FEU,Z24,23,0.283198946973
06/18/2025,FEU,Z14,23,0.217375741949
06/18/2025,FEU,Z24,24,0.182215880229
06/18/2025,FEU,Z14,24,0.182215880229
06/18/2025,FEU,Z24,3,0.143492579485
06/18/2025,FEU,Z14,3,0.143492579485
06/18/2025,FEU,Z24,4,0.140795237741
06/18/2025,FEU,Z14,4,0.140795237741
06/18/2025,FEU,Z24,5,0.141604199485
06/18/2025,FEU,Z14,5,0.141604199485
06/18/2025,FEU,Z24,6,0.144293491717
06/18/2025,FEU,Z14,6,0.144293491717
06/18/2025,FEU,Z24,7,0.14496020667
06/18/2025,FEU,Z14,7,0.14496020667
06/18/2025,FEU,Z24,8,0.148577913854
06/18/2025,FEU,Z14,8,0.148577913854
06/18/2025,FEU,Z24,9,0.163429594782
06/18/2025,FEU,Z14,9,0.163429594782
06/19/2025,FEU,Z24,1,0.157211428098
06/19/2025,FEU,Z14,1,0.157211428098
06/19/2025,FEU,Z24,10,0.164167656482
06/19/2025,FEU,Z14,10,0.164167656482
06/19/2025,FEU,Z24,11,0.153669318057
06/19/2025,FEU,Z14,11,0.219149256482
06/19/2025,FEU,Z24,12,0.184803123956
06/19/2025,FEU,Z14,12,0.184803123956
06/19/2025,FEU,Z24,13,0.179486292956
06/19/2025,FEU,Z14,13,0.179486292956
06/19/2025,FEU,Z24,14,0.170782996482
06/19/2025,FEU,Z14,14,0.170782996482
06/19/2025,FEU,Z24,15,0.168930929906
06/19/2025,FEU,Z14,15,0.103583836482
06/19/2025,FEU,Z24,16,0.101064440381
06/19/2025,FEU,Z14,16,0.101064440381
06/19/2025,FEU,Z24,17,0.112858011805
06/19/2025,FEU,Z14,17,0.112858011805
06/19/2025,FEU,Z24,18,0.133821401229
06/19/2025,FEU,Z14,18,0.133821401229
06/19/2025,FEU,Z24,19,0.159883143654
06/19/2025,FEU,Z14,19,0.225386156078
06/19/2025,FEU,Z24,2,0.149661029573
06/19/2025,FEU,Z14,2,0.149661029573
06/19/2025,FEU,Z24,20,0.230554485876
06/19/2025,FEU,Z14,20,0.230554485876
06/19/2025,FEU,Z24,21,0.24098890625
06/19/2025,FEU,Z14,21,0.24098890625
06/19/2025,FEU,Z24,22,0.279806313098
06/19/2025,FEU,Z14,22,0.279806313098
06/19/2025,FEU,Z24,23,0.277700245472
06/19/2025,FEU,Z14,23,0.211895525573
06/19/2025,FEU,Z24,24,0.176210514523
06/19/2025,FEU,Z14,24,0.176210514523
06/19/2025,FEU,Z24,3,0.146813300048
06/19/2025,FEU,Z14,3,0.146813300048
06/19/2025,FEU,Z24,4,0.143483849048
06/19/2025,FEU,Z14,4,0.143483849048
06/19/2025,FEU,Z24,5,0.143185065573
06/19/2025,FEU,Z14,5,0.143185065573
06/19/2025,FEU,Z24,6,0.143701200624
06/19/2025,FEU,Z14,6,0.143701200624
06/19/2025,FEU,Z24,7,0.1519698693
06/19/2025,FEU,Z14,7,0.1519698693
06/19/2025,FEU,Z24,8,0.155179928603
06/19/2025,FEU,Z14,8,0.155179928603
06/19/2025,FEU,Z24,9,0.166866758855
06/19/2025,FEU,Z14,9,0.166866758855
06/20/2025,FEU,Z24,1,0.147966736554
06/20/2025,FEU,Z14,1,0.147966736554
06/20/2025,FEU,Z24,10,0.154962243746
06/20/2025,FEU,Z14,10,0.154962243746
06/20/2025,FEU,Z24,11,0.126815738784
06/20/2025,FEU,Z14,11,0.192225475265
06/20/2025,FEU,Z24,12,0.188937497771
06/20/2025,FEU,Z14,12,0.188937497771
06/20/2025,FEU,Z24,13,0.181154855771
06/20/2025,FEU,Z14,13,0.181154855771
06/20/2025,FEU,Z24,14,0.173752103771
06/20/2025,FEU,Z14,14,0.173752103771
06/20/2025,FEU,Z24,15,0.172384456758
06/20/2025,FEU,Z14,15,0.107026635277
06/20/2025,FEU,Z24,16,0.106716200758
06/20/2025,FEU,Z14,16,0.106716200758
06/20/2025,FEU,Z24,17,0.119411543239
06/20/2025,FEU,Z14,17,0.119411543239
06/20/2025,FEU,Z24,18,0.127766882733
06/20/2025,FEU,Z14,18,0.127766882733
06/20/2025,FEU,Z24,19,0.154183458188
06/20/2025,FEU,Z14,19,0.219672067669
06/20/2025,FEU,Z24,2,0.145444241048
06/20/2025,FEU,Z14,2,0.145444241048
06/20/2025,FEU,Z24,20,0.236117941644
06/20/2025,FEU,Z14,20,0.236117941644
06/20/2025,FEU,Z24,21,0.249842532605
06/20/2025,FEU,Z14,21,0.249842532605
06/20/2025,FEU,Z24,22,0.274982429567
06/20/2025,FEU,Z14,22,0.274982429567
06/20/2025,FEU,Z24,23,0.271310071048
06/20/2025,FEU,Z14,23,0.205527390073
06/20/2025,FEU,Z24,24,0.175161243048
06/20/2025,FEU,Z14,24,0.175161243048
06/20/2025,FEU,Z24,3,0.143680286529
06/20/2025,FEU,Z14,3,0.143680286529
06/20/2025,FEU,Z24,4,0.141035847516
06/20/2025,FEU,Z14,4,0.141035847516
06/20/2025,FEU,Z24,5,0.140655513022
06/20/2025,FEU,Z14,5,0.140655513022
06/20/2025,FEU,Z24,6,0.139308160048
06/20/2025,FEU,Z14,6,0.139308160048
06/20/2025,FEU,Z24,7,0.145145519593
06/20/2025,FEU,Z14,7,0.145145519593
06/20/2025,FEU,Z24,8,0.143992617669
06/20/2025,FEU,Z14,8,0.143992617669
06/20/2025,FEU,Z24,9,0.161769662733
06/20/2025,FEU,Z14,9,0.161769662733
06/21/2025,FEU,Z24,1,0.163897740354
06/21/2025,FEU,Z14,1,0.163897740354
06/21/2025,FEU,Z24,10,0.071248754293
06/21/2025,FEU,Z14,10,0.071248754293
06/21/2025,FEU,Z24,11,0.028300999559
06/21/2025,FEU,Z14,11,0.028300999559
06/21/2025,FEU,Z24,12,0.024348667069
06/21/2025,FEU,Z14,12,0.024348667069
06/21/2025,FEU,Z24,13,0.023712318824
06/21/2025,FEU,Z14,13,0.023712318824
06/21/2025,FEU,Z24,14,0.023256003457
06/21/2025,FEU,Z14,14,0.023256003457
06/21/2025,FEU,Z24,15,0.022984968335
06/21/2025,FEU,Z14,15,0.022984968335
06/21/2025,FEU,Z24,16,0.023730588947
06/21/2025,FEU,Z14,16,0.023730588947
06/21/2025,FEU,Z24,17,0.024118613681
06/21/2025,FEU,Z14,17,0.024118613681
06/21/2025,FEU,Z24,18,0.029271910416
06/21/2025,FEU,Z14,18,0.029271910416
06/21/2025,FEU,Z24,19,0.10734281464
06/21/2025,FEU,Z14,19,0.10734281464
06/21/2025,FEU,Z24,2,0.163121463088
06/21/2025,FEU,Z14,2,0.163121463088
06/21/2025,FEU,Z24,20,0.144092316252
06/21/2025,FEU,Z14,20,0.144092316252
06/21/2025,FEU,Z24,21,0.160542917619
06/21/2025,FEU,Z14,21,0.160542917619
06/21/2025,FEU,Z24,22,0.169853693231
06/21/2025,FEU,Z14,22,0.169853693231
06/21/2025,FEU,Z24,23,0.173940503231
06/21/2025,FEU,Z14,23,0.173940503231
06/21/2025,FEU,Z24,24,0.160779065599
06/21/2025,FEU,Z14,24,0.160779065599
06/21/2025,FEU,Z24,3,0.163270016578
06/21/2025,FEU,Z14,3,0.163270016578
06/21/2025,FEU,Z24,4,0.157059137578
06/21/2025,FEU,Z14,4,0.157059137578
06/21/2025,FEU,Z24,5,0.156712744456
06/21/2025,FEU,Z14,5,0.156712744456
06/21/2025,FEU,Z24,6,0.155459150211
06/21/2025,FEU,Z14,6,0.155459150211
06/21/2025,FEU,Z24,7,0.157049358333
06/21/2025,FEU,Z14,7,0.157049358333
06/21/2025,FEU,Z24,8,0.150126867721
06/21/2025,FEU,Z14,8,0.150126867721
06/21/2025,FEU,Z24,9,0.13970294764
06/21/2025,FEU,Z14,9,0.13970294764
06/22/2025,FEU,Z24,1,0.163512971132
06/22/2025,FEU,Z14,1,0.163512971132
06/22/2025,FEU,Z24,10,0.031495841486
06/22/2025,FEU,Z14,10,0.031495841486
06/22/2025,FEU,Z24,11,0.028139382525
06/22/2025,FEU,Z14,11,0.028139382525
06/22/2025,FEU,Z24,12,0.030961611906
06/22/2025,FEU,Z14,12,0.030961611906
06/22/2025,FEU,Z24,13,0.029990726182
06/22/2025,FEU,Z14,13,0.029990726182
06/22/2025,FEU,Z24,14,0.02938935784
06/22/2025,FEU,Z14,14,0.02938935784
06/22/2025,FEU,Z24,15,0.029366328392
06/22/2025,FEU,Z14,15,0.029366328392
06/22/2025,FEU,Z24,16,0.029378991011
06/22/2025,FEU,Z14,16,0.029378991011
06/22/2025,FEU,Z24,17,0.03013554742
06/22/2025,FEU,Z14,17,0.03013554742
06/22/2025,FEU,Z24,18,0.03067698721
06/22/2025,FEU,Z14,18,0.03067698721
06/22/2025,FEU,Z24,19,0.034228062276
06/22/2025,FEU,Z14,19,0.034228062276
06/22/2025,FEU,Z24,2,0.162379263198
06/22/2025,FEU,Z14,2,0.162379263198
06/22/2025,FEU,Z24,20,0.109831805342
06/22/2025,FEU,Z14,20,0.109831805342
06/22/2025,FEU,Z24,21,0.153184461342
06/22/2025,FEU,Z14,21,0.153184461342
06/22/2025,FEU,Z24,22,0.168749132961
06/22/2025,FEU,Z14,22,0.168749132961
06/22/2025,FEU,Z24,23,0.170356448237
06/22/2025,FEU,Z14,23,0.170356448237
06/22/2025,FEU,Z24,24,0.168363175408
06/22/2025,FEU,Z14,24,0.168363175408
06/22/2025,FEU,Z24,3,0.164464255817
06/22/2025,FEU,Z14,3,0.164464255817
06/22/2025,FEU,Z24,4,0.167234582712
06/22/2025,FEU,Z14,4,0.167234582712
06/22/2025,FEU,Z24,5,0.166435942712
06/22/2025,FEU,Z14,5,0.166435942712
06/22/2025,FEU,Z24,6,0.167214892436
06/22/2025,FEU,Z14,6,0.167214892436
06/22/2025,FEU,Z24,7,0.166620778436
06/22/2025,FEU,Z14,7,0.166620778436
06/22/2025,FEU,Z24,8,0.166169653541
06/22/2025,FEU,Z14,8,0.166169653541
06/22/2025,FEU,Z24,9,0.107146093618
06/22/2025,FEU,Z14,9,0.107146093618
06/23/2025,FEU,Z24,1,0.149178459751
06/23/2025,FEU,Z14,1,0.149178459751
06/23/2025,FEU,Z24,10,0.144269114336
06/23/2025,FEU,Z14,10,0.144269114336
06/23/2025,FEU,Z24,11,0.13376023393
06/23/2025,FEU,Z14,11,0.199190714336
06/23/2025,FEU,Z24,12,0.180957202065
06/23/2025,FEU,Z14,12,0.180957202065
06/23/2025,FEU,Z24,13,0.17599722793
06/23/2025,FEU,Z14,13,0.17599722793
06/23/2025,FEU,Z24,14,0.172660097794
06/23/2025,FEU,Z14,14,0.172660097794
06/23/2025,FEU,Z24,15,0.158289697794
06/23/2025,FEU,Z14,15,0.092967965388
06/23/2025,FEU,Z24,16,0.107498497794
06/23/2025,FEU,Z14,16,0.107498497794
06/23/2025,FEU,Z24,17,0.108720833794
06/23/2025,FEU,Z14,17,0.108720833794
06/23/2025,FEU,Z24,18,0.129490154336
06/23/2025,FEU,Z14,18,0.129490154336
06/23/2025,FEU,Z24,19,0.153178578877
06/23/2025,FEU,Z14,19,0.218663275283
06/23/2025,FEU,Z24,2,0.145779824293
06/23/2025,FEU,Z14,2,0.145779824293
06/23/2025,FEU,Z24,20,0.233914542231
06/23/2025,FEU,Z14,20,0.233914542231
06/23/2025,FEU,Z24,21,0.246482520502
06/23/2025,FEU,Z14,21,0.246482520502
06/23/2025,FEU,Z24,22,0.31333354445
06/23/2025,FEU,Z14,22,0.31333354445
06/23/2025,FEU,Z24,23,0.291922629262
06/23/2025,FEU,Z14,23,0.22607058272
06/23/2025,FEU,Z24,24,0.181614454126
06/23/2025,FEU,Z14,24,0.181614454126
06/23/2025,FEU,Z24,3,0.140935430699
06/23/2025,FEU,Z14,3,0.140935430699
06/23/2025,FEU,Z24,4,0.138699400834
06/23/2025,FEU,Z14,4,0.138699400834
06/23/2025,FEU,Z24,5,0.138224322699
06/23/2025,FEU,Z14,5,0.138224322699
06/23/2025,FEU,Z24,6,0.137354859751
06/23/2025,FEU,Z14,6,0.137354859751
06/23/2025,FEU,Z24,7,0.145205346262
06/23/2025,FEU,Z14,7,0.145205346262
06/23/2025,FEU,Z24,8,0.147863496366
06/23/2025,FEU,Z14,8,0.147863496366
06/23/2025,FEU,Z24,9,0.160658308606
06/23/2025,FEU,Z14,9,0.160658308606
06/24/2025,FEU,Z24,1,0.156045195746
06/24/2025,FEU,Z14,1,0.156045195746
06/24/2025,FEU,Z24,10,0.167612976205
06/24/2025,FEU,Z14,10,0.167612976205
06/24/2025,FEU,Z24,11,0.147126070205
06/24/2025,FEU,Z14,11,0.212591204478
06/24/2025,FEU,Z24,12,0.18921007972
06/24/2025,FEU,Z14,12,0.18921007972
06/24/2025,FEU,Z24,13,0.18700817972
06/24/2025,FEU,Z14,13,0.18700817972
06/24/2025,FEU,Z24,14,0.141439072963
06/24/2025,FEU,Z14,14,0.141439072963
06/24/2025,FEU,Z24,15,0.11716935972
06/24/2025,FEU,Z14,15,0.051956877448
06/24/2025,FEU,Z24,16,0.042281602963
06/24/2025,FEU,Z14,16,0.042281602963
06/24/2025,FEU,Z24,17,0.042423457235
06/24/2025,FEU,Z14,17,0.042423457235
06/24/2025,FEU,Z24,18,0.057170403507
06/24/2025,FEU,Z14,18,0.057170403507
06/24/2025,FEU,Z24,19,0.11891034578
06/24/2025,FEU,Z14,19,0.18438589381
06/24/2025,FEU,Z24,2,0.153726338776
06/24/2025,FEU,Z14,2,0.153726338776
06/24/2025,FEU,Z24,20,0.219400960325
06/24/2025,FEU,Z14,20,0.219400960325
06/24/2025,FEU,Z24,21,0.240115702112
06/24/2025,FEU,Z14,21,0.240115702112
06/24/2025,FEU,Z24,22,0.262536261687
06/24/2025,FEU,Z14,22,0.262536261687
06/24/2025,FEU,Z24,23,0.273163839746
06/24/2025,FEU,Z14,23,0.207374252716
06/24/2025,FEU,Z24,24,0.182906512504
06/24/2025,FEU,Z14,24,0.182906512504
06/24/2025,FEU,Z24,3,0.151087394776
06/24/2025,FEU,Z14,3,0.151087394776
06/24/2025,FEU,Z24,4,0.149288929534
06/24/2025,FEU,Z14,4,0.149288929534
06/24/2025,FEU,Z24,5,0.149272826776
06/24/2025,FEU,Z14,5,0.149272826776
06/24/2025,FEU,Z24,6,0.149167899746
06/24/2025,FEU,Z14,6,0.149167899746
06/24/2025,FEU,Z24,7,0.152177542929
06/24/2025,FEU,Z14,7,0.152177542929
06/24/2025,FEU,Z24,8,0.15264789184
06/24/2025,FEU,Z14,8,0.15264789184
06/24/2025,FEU,Z24,9,0.17745186675
06/24/2025,FEU,Z14,9,0.17745186675
06/25/2025,FEU,Z24,1,0.162355335866
06/25/2025,FEU,Z14,1,0.162355335866
06/25/2025,FEU,Z24,10,0.13677520694
06/25/2025,FEU,Z14,10,0.13677520694
06/25/2025,FEU,Z24,11,0.090066158867
06/25/2025,FEU,Z14,11,0.15537622111
06/25/2025,FEU,Z24,12,0.138601347696
06/25/2025,FEU,Z14,12,0.138601347696
06/25/2025,FEU,Z24,13,0.124068195696
06/25/2025,FEU,Z14,13,0.124068195696
06/25/2025,FEU,Z24,14,0.112089963696
06/25/2025,FEU,Z14,14,0.112089963696
06/25/2025,FEU,Z24,15,0.11062830611
06/25/2025,FEU,Z14,15,0.045438274867
06/25/2025,FEU,Z24,16,0.044380013354
06/25/2025,FEU,Z14,16,0.044380013354
06/25/2025,FEU,Z24,17,0.045540865598
06/25/2025,FEU,Z14,17,0.045540865598
06/25/2025,FEU,Z24,18,0.047822215598
06/25/2025,FEU,Z14,18,0.047822215598
06/25/2025,FEU,Z24,19,0.084820175086
06/25/2025,FEU,Z14,19,0.15012500233
06/25/2025,FEU,Z24,2,0.150475524695
06/25/2025,FEU,Z14,2,0.150475524695
06/25/2025,FEU,Z24,20,0.216625626818
06/25/2025,FEU,Z14,20,0.216625626818
06/25/2025,FEU,Z24,21,0.239832576476
06/25/2025,FEU,Z14,21,0.239832576476
06/25/2025,FEU,Z24,22,0.272952763793
06/25/2025,FEU,Z14,22,0.272952763793
06/25/2025,FEU,Z24,23,0.278899724281
06/25/2025,FEU,Z14,23,0.213092406622
06/25/2025,FEU,Z24,24,0.181332301695
06/25/2025,FEU,Z14,24,0.181332301695
06/25/2025,FEU,Z24,3,0.14887944511
06/25/2025,FEU,Z14,3,0.14887944511
06/25/2025,FEU,Z24,4,0.145438438525
06/25/2025,FEU,Z14,4,0.145438438525
06/25/2025,FEU,Z24,5,0.14539986511
06/25/2025,FEU,Z14,5,0.14539986511
06/25/2025,FEU,Z24,6,0.145437336866
06/25/2025,FEU,Z14,6,0.145437336866
06/25/2025,FEU,Z24,7,0.150179367549
06/25/2025,FEU,Z14,7,0.150179367549
06/25/2025,FEU,Z24,8,0.155530383988
06/25/2025,FEU,Z14,8,0.155530383988
06/25/2025,FEU,Z24,9,0.167852223013
06/25/2025,FEU,Z14,9,0.167852223013
06/26/2025,FEU,Z24,1,0.143812534058
06/26/2025,FEU,Z14,1,0.143812534058
06/26/2025,FEU,Z24,10,0.130062904322
06/26/2025,FEU,Z14,10,0.130062904322
06/26/2025,FEU,Z24,11,0.092824620488
06/26/2025,FEU,Z14,11,0.158142594322
06/26/2025,FEU,Z24,12,0.1714390056
06/26/2025,FEU,Z14,12,0.1714390056
06/26/2025,FEU,Z24,13,0.1700501376
06/26/2025,FEU,Z14,13,0.1700501376
06/26/2025,FEU,Z24,14,0.150135414322
06/26/2025,FEU,Z14,14,0.150135414322
06/26/2025,FEU,Z24,15,0.141074769157
06/26/2025,FEU,Z14,15,0.075800304322
06/26/2025,FEU,Z24,16,0.074829127435
06/26/2025,FEU,Z14,16,0.074829127435
06/26/2025,FEU,Z24,17,0.076059920269
06/26/2025,FEU,Z14,17,0.076059920269
06/26/2025,FEU,Z24,18,0.100351917104
06/26/2025,FEU,Z14,18,0.100351917104
06/26/2025,FEU,Z24,19,0.125316312938
06/26/2025,FEU,Z14,19,0.190728598773
06/26/2025,FEU,Z24,2,0.140737402336
06/26/2025,FEU,Z14,2,0.140737402336
06/26/2025,FEU,Z24,20,0.211740596998
06/26/2025,FEU,Z14,20,0.211740596998
06/26/2025,FEU,Z24,21,0.231837214389
06/26/2025,FEU,Z14,21,0.231837214389
06/26/2025,FEU,Z24,22,0.279075629058
06/26/2025,FEU,Z14,22,0.279075629058
06/26/2025,FEU,Z24,23,0.277001525448
06/26/2025,FEU,Z14,23,0.211199194336
06/26/2025,FEU,Z24,24,0.168801660892
06/26/2025,FEU,Z14,24,0.168801660892
06/26/2025,FEU,Z24,3,0.135867777614
06/26/2025,FEU,Z14,3,0.135867777614
06/26/2025,FEU,Z24,4,0.130452897614
06/26/2025,FEU,Z14,4,0.130452897614
06/26/2025,FEU,Z24,5,0.130237572336
06/26/2025,FEU,Z14,5,0.130237572336
06/26/2025,FEU,Z24,6,0.13110649178
06/26/2025,FEU,Z14,6,0.13110649178
06/26/2025,FEU,Z24,7,0.139744779832
06/26/2025,FEU,Z14,7,0.139744779832
06/26/2025,FEU,Z24,8,0.138825668494
06/26/2025,FEU,Z14,8,0.138825668494
06/26/2025,FEU,Z24,9,0.159044115713
06/26/2025,FEU,Z14,9,0.159044115713
06/27/2025,FEU,Z24,1,0.140151500744
06/27/2025,FEU,Z14,1,0.140151500744
06/27/2025,FEU,Z24,10,0.141409657732
06/27/2025,FEU,Z14,10,0.141409657732
06/27/2025,FEU,Z24,11,0.125114199529
06/27/2025,FEU,Z14,11,0.190520561631
06/27/2025,FEU,Z24,12,0.177931884264
06/27/2025,FEU,Z14,12,0.177931884264
06/27/2025,FEU,Z24,13,0.164116362264
06/27/2025,FEU,Z14,13,0.164116362264
06/27/2025,FEU,Z24,14,0.142598712264
06/27/2025,FEU,Z14,14,0.142598712264
06/27/2025,FEU,Z24,15,0.142606344998
06/27/2025,FEU,Z14,15,0.077326029896
06/27/2025,FEU,Z24,16,0.075541944998
06/27/2025,FEU,Z14,16,0.075541944998
06/27/2025,FEU,Z24,17,0.078292360099
06/27/2025,FEU,Z14,17,0.078292360099
06/27/2025,FEU,Z24,18,0.114978218466
06/27/2025,FEU,Z14,18,0.114978218466
06/27/2025,FEU,Z24,19,0.136471339035
06/27/2025,FEU,Z14,19,0.201914772137
06/27/2025,FEU,Z24,2,0.136590087111
06/27/2025,FEU,Z14,2,0.136590087111
06/27/2025,FEU,Z24,20,0.224238519605
06/27/2025,FEU,Z14,20,0.224238519605
06/27/2025,FEU,Z24,21,0.231529465807
06/27/2025,FEU,Z14,21,0.231529465807
06/27/2025,FEU,Z24,22,0.25890664001
06/27/2025,FEU,Z14,22,0.25890664001
06/27/2025,FEU,Z24,23,0.256439074111
06/27/2025,FEU,Z14,23,0.190707277643
06/27/2025,FEU,Z24,24,0.165143934111
06/27/2025,FEU,Z14,24,0.165143934111
06/27/2025,FEU,Z24,3,0.136516874212
06/27/2025,FEU,Z14,3,0.136516874212
06/27/2025,FEU,Z24,4,0.133633628947
06/27/2025,FEU,Z14,4,0.133633628947
06/27/2025,FEU,Z24,5,0.133105936579
06/27/2025,FEU,Z14,5,0.133105936579
06/27/2025,FEU,Z24,6,0.133789163111
06/27/2025,FEU,Z14,6,0.133789163111
06/27/2025,FEU,Z24,7,0.137477334542
06/27/2025,FEU,Z14,7,0.137477334542
06/27/2025,FEU,Z24,8,0.137956122137
06/27/2025,FEU,Z14,8,0.137956122137
06/27/2025,FEU,Z24,9,0.158830598466
06/27/2025,FEU,Z14,9,0.158830598466
06/28/2025,FEU,Z24,1,0.14760267694
06/28/2025,FEU,Z14,1,0.14760267694
06/28/2025,FEU,Z24,10,0.049718266655
06/28/2025,FEU,Z14,10,0.049718266655
06/28/2025,FEU,Z24,11,0.028860156986
06/28/2025,FEU,Z14,11,0.028860156986
06/28/2025,FEU,Z24,12,0.022507766541
06/28/2025,FEU,Z14,12,0.022507766541
06/28/2025,FEU,Z24,13,0.021932493318
06/28/2025,FEU,Z14,13,0.021932493318
06/28/2025,FEU,Z24,14,0.021526126484
06/28/2025,FEU,Z14,14,0.021526126484
06/28/2025,FEU,Z24,15,0.021567370872
06/28/2025,FEU,Z14,15,0.021567370872
06/28/2025,FEU,Z24,16,0.021660903929
06/28/2025,FEU,Z14,16,0.021660903929
06/28/2025,FEU,Z24,17,0.023415174598
06/28/2025,FEU,Z14,17,0.023415174598
06/28/2025,FEU,Z24,18,0.033863912266
06/28/2025,FEU,Z14,18,0.033863912266
06/28/2025,FEU,Z24,19,0.07495085138
06/28/2025,FEU,Z14,19,0.07495085138
06/28/2025,FEU,Z24,2,0.149384094608
06/28/2025,FEU,Z14,2,0.149384094608
06/28/2025,FEU,Z24,20,0.136700240437
06/28/2025,FEU,Z14,20,0.136700240437
06/28/2025,FEU,Z24,21,0.144614442271
06/28/2025,FEU,Z14,21,0.144614442271
06/28/2025,FEU,Z24,22,0.168409315328
06/28/2025,FEU,Z14,22,0.168409315328
06/28/2025,FEU,Z24,23,0.169799275328
06/28/2025,FEU,Z14,23,0.169799275328
06/28/2025,FEU,Z24,24,0.150065457162
06/28/2025,FEU,Z14,24,0.150065457162
06/28/2025,FEU,Z24,3,0.144834003053
06/28/2025,FEU,Z14,3,0.144834003053
06/28/2025,FEU,Z24,4,0.141320528053
06/28/2025,FEU,Z14,4,0.141320528053
06/28/2025,FEU,Z24,5,0.140233441442
06/28/2025,FEU,Z14,5,0.140233441442
06/28/2025,FEU,Z24,6,0.140730014219
06/28/2025,FEU,Z14,6,0.140730014219
06/28/2025,FEU,Z24,7,0.140631180831
06/28/2025,FEU,Z14,7,0.140631180831
06/28/2025,FEU,Z24,8,0.148271347774
06/28/2025,FEU,Z14,8,0.148271347774
06/28/2025,FEU,Z24,9,0.12763253238
06/28/2025,FEU,Z14,9,0.12763253238
06/29/2025,FEU,Z24,1,0.144358792783
06/29/2025,FEU,Z14,1,0.144358792783
06/29/2025,FEU,Z24,10,0.049541944169
06/29/2025,FEU,Z14,10,0.049541944169
06/29/2025,FEU,Z24,11,0.028866189441
06/29/2025,FEU,Z14,11,0.028866189441
06/29/2025,FEU,Z24,12,0.029318002655
06/29/2025,FEU,Z14,12,0.029318002655
06/29/2025,FEU,Z24,13,0.028625746498
06/29/2025,FEU,Z14,13,0.028625746498
06/29/2025,FEU,Z24,14,0.030624937555
06/29/2025,FEU,Z14,14,0.030624937555
06/29/2025,FEU,Z24,15,0.030805017241
06/29/2025,FEU,Z14,15,0.030805017241
06/29/2025,FEU,Z24,16,0.031180952027
06/29/2025,FEU,Z14,16,0.031180952027
06/29/2025,FEU,Z24,17,0.032226348069
06/29/2025,FEU,Z14,17,0.032226348069
06/29/2025,FEU,Z24,18,0.049300739326
06/29/2025,FEU,Z14,18,0.049300739326
06/29/2025,FEU,Z24,19,0.097400897426
06/29/2025,FEU,Z14,19,0.097400897426
06/29/2025,FEU,Z24,2,0.141801490883
06/29/2025,FEU,Z14,2,0.141801490883
06/29/2025,FEU,Z24,20,0.136034055526
06/29/2025,FEU,Z14,20,0.136034055526
06/29/2025,FEU,Z24,21,0.144132967526
06/29/2025,FEU,Z14,21,0.144132967526
06/29/2025,FEU,Z24,22,0.165183721312
06/29/2025,FEU,Z14,22,0.165183721312
06/29/2025,FEU,Z24,23,0.195148272155
06/29/2025,FEU,Z14,23,0.195148272155
06/29/2025,FEU,Z24,24,0.170315359626
06/29/2025,FEU,Z14,24,0.170315359626
06/29/2025,FEU,Z24,3,0.141966426669
06/29/2025,FEU,Z14,3,0.141966426669
06/29/2025,FEU,Z24,4,0.141598755297
06/29/2025,FEU,Z14,4,0.141598755297
06/29/2025,FEU,Z24,5,0.143038691297
06/29/2025,FEU,Z14,5,0.143038691297
06/29/2025,FEU,Z24,6,0.144561532454
06/29/2025,FEU,Z14,6,0.144561532454
06/29/2025,FEU,Z24,7,0.146947532454
06/29/2025,FEU,Z14,7,0.146947532454
06/29/2025,FEU,Z24,8,0.146609929826
06/29/2025,FEU,Z14,8,0.146609929826
06/29/2025,FEU,Z24,9,0.120481908369
06/29/2025,FEU,Z14,9,0.120481908369
06/30/2025,FEU,Z24,1,0.144427796125
06/30/2025,FEU,Z14,1,0.144427796125
06/30/2025,FEU,Z24,10,0.152178450154
06/30/2025,FEU,Z14,10,0.152178450154
06/30/2025,FEU,Z24,11,0.126411818707
06/30/2025,FEU,Z14,11,0.191822910154
06/30/2025,FEU,Z24,12,0.183411883856
06/30/2025,FEU,Z14,12,0.183411883856
06/30/2025,FEU,Z24,13,0.182362169707
06/30/2025,FEU,Z14,13,0.182362169707
06/30/2025,FEU,Z24,14,0.180161121557
06/30/2025,FEU,Z14,14,0.180161121557
06/30/2025,FEU,Z24,15,0.180391729557
06/30/2025,FEU,Z14,15,0.11501162911
06/30/2025,FEU,Z24,16,0.125264417557
06/30/2025,FEU,Z14,16,0.125264417557
06/30/2025,FEU,Z24,17,0.136139345557
06/30/2025,FEU,Z14,17,0.136139345557
06/30/2025,FEU,Z24,18,0.143093790154
06/30/2025,FEU,Z14,18,0.143093790154
06/30/2025,FEU,Z24,19,0.152556258752
06/30/2025,FEU,Z14,19,0.218039323199
06/30/2025,FEU,Z24,2,0.134077184722
06/30/2025,FEU,Z14,2,0.134077184722
06/30/2025,FEU,Z24,20,0.220000780244
06/30/2025,FEU,Z14,20,0.220000780244
06/30/2025,FEU,Z24,21,0.247754136543
06/30/2025,FEU,Z14,21,0.247754136543
06/30/2025,FEU,Z24,22,0.294304554587
06/30/2025,FEU,Z14,22,0.294304554587
06/30/2025,FEU,Z24,23,0.273128632483
06/30/2025,FEU,Z14,23,0.207340893886
06/30/2025,FEU,Z24,24,0.173745654334
06/30/2025,FEU,Z14,24,0.173745654334
06/30/2025,FEU,Z24,3,0.13171008317
06/30/2025,FEU,Z14,3,0.13171008317
06/30/2025,FEU,Z24,4,0.130322829319
06/30/2025,FEU,Z14,4,0.130322829319
06/30/2025,FEU,Z24,5,0.13364964117
06/30/2025,FEU,Z14,5,0.13364964117
06/30/2025,FEU,Z24,6,0.132962916125
06/30/2025,FEU,Z14,6,0.132962916125
06/30/2025,FEU,Z24,7,0.134729953483
06/30/2025,FEU,Z14,7,0.134729953483
06/30/2025,FEU,Z24,8,0.140106532393
06/30/2025,FEU,Z14,8,0.140106532393
06/30/2025,FEU,Z24,9,0.158320650453
06/30/2025,FEU,Z14,9,0.158320650453
07/01/2025,FEU,Z24,1,0.152928966734
07/01/2025,FEU,Z14,1,0.152928966734
07/01/2025,FEU,Z24,10,0.152761103426
07/01/2025,FEU,Z14,10,0.152761103426
07/01/2025,FEU,Z24,11,0.141423931491
07/01/2025,FEU,Z14,11,0.206873967426
07/01/2025,FEU,Z24,12,0.190064013405
07/01/2025,FEU,Z14,12,0.190064013405
07/01/2025,FEU,Z24,13,0.188771244405
07/01/2025,FEU,Z14,13,0.188771244405
07/01/2025,FEU,Z24,14,0.186439257405
07/01/2025,FEU,Z14,14,0.186439257405
07/01/2025,FEU,Z24,15,0.186694819383
07/01/2025,FEU,Z14,15,0.121297080448
07/01/2025,FEU,Z24,16,0.121830651405
07/01/2025,FEU,Z14,16,0.121830651405
07/01/2025,FEU,Z24,17,0.134124877383
07/01/2025,FEU,Z14,17,0.134124877383
07/01/2025,FEU,Z24,18,0.146972401297
07/01/2025,FEU,Z14,18,0.146972401297
07/01/2025,FEU,Z24,19,0.156458515188
07/01/2025,FEU,Z14,19,0.221954225123
07/01/2025,FEU,Z24,2,0.140805938648
07/01/2025,FEU,Z14,2,0.140805938648
07/01/2025,FEU,Z24,20,0.226597515015
07/01/2025,FEU,Z14,20,0.226597515015
07/01/2025,FEU,Z24,21,0.23673892495
07/01/2025,FEU,Z14,21,0.23673892495
07/01/2025,FEU,Z24,22,0.284789870821
07/01/2025,FEU,Z14,22,0.284789870821
07/01/2025,FEU,Z24,23,0.276809613712
07/01/2025,FEU,Z14,23,0.211009279799
07/01/2025,FEU,Z24,24,0.177545465756
07/01/2025,FEU,Z14,24,0.177545465756
07/01/2025,FEU,Z24,3,0.139202352669
07/01/2025,FEU,Z14,3,0.139202352669
07/01/2025,FEU,Z24,4,0.135404044691
07/01/2025,FEU,Z14,4,0.135404044691
07/01/2025,FEU,Z24,5,0.134049184691
07/01/2025,FEU,Z14,5,0.134049184691
07/01/2025,FEU,Z24,6,0.135051694756
07/01/2025,FEU,Z14,6,0.135051694756
07/01/2025,FEU,Z24,7,0.137392734907
07/01/2025,FEU,Z14,7,0.137392734907
07/01/2025,FEU,Z24,8,0.142794875123
07/01/2025,FEU,Z14,8,0.142794875123
07/01/2025,FEU,Z24,9,0.160383663426
07/01/2025,FEU,Z14,9,0.160383663426
07/02/2025,FEU,Z24,1,0.159146870856
07/02/2025,FEU,Z14,1,0.159146870856
07/02/2025,FEU,Z24,10,0.155821718364
07/02/2025,FEU,Z14,10,0.155821718364
07/02/2025,FEU,Z24,11,0.131441846879
07/02/2025,FEU,Z14,11,0.196864978364
07/02/2025,FEU,Z24,12,0.190538350687
07/02/2025,FEU,Z14,12,0.190538350687
07/02/2025,FEU,Z24,13,0.183566863525
07/02/2025,FEU,Z14,13,0.183566863525
07/02/2025,FEU,Z24,14,0.181009028364
07/02/2025,FEU,Z14,14,0.181009028364
07/02/2025,FEU,Z24,15,0.180925663525
07/02/2025,FEU,Z14,15,0.115467062879
07/02/2025,FEU,Z24,16,0.117471471525
07/02/2025,FEU,Z14,16,0.117471471525
07/02/2025,FEU,Z24,17,0.125941114687
07/02/2025,FEU,Z14,17,0.125941114687
07/02/2025,FEU,Z24,18,0.12732721501
07/02/2025,FEU,Z14,18,0.12732721501
07/02/2025,FEU,Z24,19,0.138931143141
07/02/2025,FEU,Z14,19,0.204477885787
07/02/2025,FEU,Z24,2,0.147758289018
07/02/2025,FEU,Z14,2,0.147758289018
07/02/2025,FEU,Z24,20,0.226118401595
07/02/2025,FEU,Z14,20,0.226118401595
07/02/2025,FEU,Z24,21,0.231819227402
07/02/2025,FEU,Z14,21,0.231819227402
07/02/2025,FEU,Z24,22,0.245313588695
07/02/2025,FEU,Z14,22,0.245313588695
07/02/2025,FEU,Z24,23,0.243567469018
07/02/2025,FEU,Z14,23,0.177880608372
07/02/2025,FEU,Z24,24,0.161716909018
07/02/2025,FEU,Z14,24,0.161716909018
07/02/2025,FEU,Z24,3,0.138823163179
07/02/2025,FEU,Z14,3,0.138823163179
07/02/2025,FEU,Z24,4,0.135886295179
07/02/2025,FEU,Z14,4,0.135886295179
07/02/2025,FEU,Z24,5,0.136312793856
07/02/2025,FEU,Z14,5,0.136312793856
07/02/2025,FEU,Z24,6,0.13608145821
07/02/2025,FEU,Z14,6,0.13608145821
07/02/2025,FEU,Z24,7,0.136174609079
07/02/2025,FEU,Z14,7,0.136174609079
07/02/2025,FEU,Z24,8,0.139619477625
07/02/2025,FEU,Z14,8,0.139619477625
07/02/2025,FEU,Z24,9,0.163917169202
07/02/2025,FEU,Z14,9,0.163917169202
07/03/2025,FEU,Z24,1,0.14233579221
07/03/2025,FEU,Z14,1,0.14233579221
07/03/2025,FEU,Z24,10,0.124851172096
07/03/2025,FEU,Z14,10,0.124851172096
07/03/2025,FEU,Z24,11,0.122943229352
07/03/2025,FEU,Z14,11,0.188343837999
07/03/2025,FEU,Z24,12,0.175523287548
07/03/2025,FEU,Z14,12,0.175523287548
07/03/2025,FEU,Z24,13,0.160356551548
07/03/2025,FEU,Z14,13,0.160356551548
07/03/2025,FEU,Z24,14,0.152248919548
07/03/2025,FEU,Z14,14,0.152248919548
07/03/2025,FEU,Z24,15,0.154244871548
07/03/2025,FEU,Z14,15,0.088933820901
07/03/2025,FEU,Z24,16,0.107523367999
07/03/2025,FEU,Z14,16,0.107523367999
07/03/2025,FEU,Z24,17,0.116386382645
07/03/2025,FEU,Z14,17,0.116386382645
07/03/2025,FEU,Z24,18,0.134689025743
07/03/2025,FEU,Z14,18,0.134689025743
07/03/2025,FEU,Z24,19,0.154161933488
07/03/2025,FEU,Z14,19,0.219650782134
07/03/2025,FEU,Z24,2,0.14123131221
07/03/2025,FEU,Z14,2,0.14123131221
07/03/2025,FEU,Z24,20,0.233488903977
07/03/2025,FEU,Z14,20,0.233488903977
07/03/2025,FEU,Z24,21,0.241199436721
07/03/2025,FEU,Z14,21,0.241199436721
07/03/2025,FEU,Z24,22,0.266875296014
07/03/2025,FEU,Z14,22,0.266875296014
07/03/2025,FEU,Z24,23,0.264285614661
07/03/2025,FEU,Z14,23,0.198526969466
07/03/2025,FEU,Z24,24,0.174969395563
07/03/2025,FEU,Z14,24,0.174969395563
07/03/2025,FEU,Z24,3,0.14083936221
07/03/2025,FEU,Z14,3,0.14083936221
07/03/2025,FEU,Z24,4,0.13072003221
07/03/2025,FEU,Z14,4,0.13072003221
07/03/2025,FEU,Z24,5,0.119953091661
07/03/2025,FEU,Z14,5,0.119953091661
07/03/2025,FEU,Z24,6,0.129110366014
07/03/2025,FEU,Z14,6,0.129110366014
07/03/2025,FEU,Z24,7,0.140615876721
07/03/2025,FEU,Z14,7,0.140615876721
07/03/2025,FEU,Z24,8,0.146371055428
07/03/2025,FEU,Z14,8,0.146371055428
07/03/2025,FEU,Z24,9,0.168068542096
07/03/2025,FEU,Z14,9,0.168068542096
07/04/2025,FEU,Z24,1,0.135900590336
07/04/2025,FEU,Z14,1,0.135900590336
07/04/2025,FEU,Z24,10,0.141650361082
07/04/2025,FEU,Z14,10,0.141650361082
07/04/2025,FEU,Z24,11,0.125102882291
07/04/2025,FEU,Z14,11,0.190595219872
07/04/2025,FEU,Z24,12,0.187990510663
07/04/2025,FEU,Z14,12,0.187990510663
07/04/2025,FEU,Z24,13,0.191427610663
07/04/2025,FEU,Z14,13,0.191427610663
07/04/2025,FEU,Z24,14,0.189410261268
07/04/2025,FEU,Z14,14,0.189410261268
07/04/2025,FEU,Z24,15,0.189652868268
07/04/2025,FEU,Z14,15,0.124162293686
07/04/2025,FEU,Z24,16,0.124504212477
07/04/2025,FEU,Z14,16,0.124504212477
07/04/2025,FEU,Z24,17,0.123688753872
07/04/2025,FEU,Z14,17,0.123688753872
07/04/2025,FEU,Z24,18,0.127276226268
07/04/2025,FEU,Z14,18,0.127276226268
07/04/2025,FEU,Z24,19,0.140880757035
07/04/2025,FEU,Z14,19,0.206434304616
07/04/2025,FEU,Z24,2,0.133756811336
07/04/2025,FEU,Z14,2,0.133756811336
07/04/2025,FEU,Z24,20,0.225608161593
07/04/2025,FEU,Z14,20,0.225608161593
07/04/2025,FEU,Z24,21,0.23136940936
07/04/2025,FEU,Z14,21,0.23136940936
07/04/2025,FEU,Z24,22,0.260439425127
07/04/2025,FEU,Z14,22,0.260439425127
07/04/2025,FEU,Z24,23,0.259074398918
07/04/2025,FEU,Z14,23,0.193334295336
07/04/2025,FEU,Z24,24,0.175727766336
07/04/2025,FEU,Z14,24,0.175727766336
07/04/2025,FEU,Z24,3,0.133406333732
07/04/2025,FEU,Z14,3,0.133406333732
07/04/2025,FEU,Z24,4,0.130230760127
07/04/2025,FEU,Z14,4,0.130230760127
07/04/2025,FEU,Z24,5,0.130367843336
07/04/2025,FEU,Z14,5,0.130367843336
07/04/2025,FEU,Z24,6,0.13090292815
07/04/2025,FEU,Z14,6,0.13090292815
07/04/2025,FEU,Z24,7,0.136896046174
07/04/2025,FEU,Z14,7,0.136896046174
07/04/2025,FEU,Z24,8,0.140987927407
07/04/2025,FEU,Z14,8,0.140987927407
07/04/2025,FEU,Z24,9,0.161743236477
07/04/2025,FEU,Z14,9,0.161743236477
07/05/2025,FEU,Z24,1,0.171729315944
07/05/2025,FEU,Z14,1,0.171729315944
07/05/2025,FEU,Z24,10,0.073194714253
07/05/2025,FEU,Z14,10,0.073194714253
07/05/2025,FEU,Z24,11,0.034847488414
07/05/2025,FEU,Z14,11,0.034847488414
07/05/2025,FEU,Z24,12,0.031413464911
07/05/2025,FEU,Z14,12,0.031413464911
07/05/2025,FEU,Z24,13,0.031976320743
07/05/2025,FEU,Z14,13,0.031976320743
07/05/2025,FEU,Z24,14,0.033792415408
07/05/2025,FEU,Z14,14,0.033792415408
07/05/2025,FEU,Z24,15,0.033866126575
07/05/2025,FEU,Z14,15,0.033866126575
07/05/2025,FEU,Z24,16,0.034036237414
07/05/2025,FEU,Z14,16,0.034036237414
07/05/2025,FEU,Z24,17,0.034505737085
07/05/2025,FEU,Z14,17,0.034505737085
07/05/2025,FEU,Z24,18,0.059158461756
07/05/2025,FEU,Z14,18,0.059158461756
07/05/2025,FEU,Z24,19,0.076988673595
07/05/2025,FEU,Z14,19,0.076988673595
07/05/2025,FEU,Z24,2,0.156657443944
07/05/2025,FEU,Z14,2,0.156657443944
07/05/2025,FEU,Z24,20,0.136206173769
07/05/2025,FEU,Z14,20,0.136206173769
07/05/2025,FEU,Z24,21,0.14792485544
07/05/2025,FEU,Z14,21,0.14792485544
07/05/2025,FEU,Z24,22,0.171140428447
07/05/2025,FEU,Z14,22,0.171140428447
07/05/2025,FEU,Z24,23,0.174266998447
07/05/2025,FEU,Z14,23,0.174266998447
07/05/2025,FEU,Z24,24,0.158728999447
07/05/2025,FEU,Z14,24,0.158728999447
07/05/2025,FEU,Z24,3,0.147517845447
07/05/2025,FEU,Z14,3,0.147517845447
07/05/2025,FEU,Z24,4,0.141312716447
07/05/2025,FEU,Z14,4,0.141312716447
07/05/2025,FEU,Z24,5,0.141419116615
07/05/2025,FEU,Z14,5,0.141419116615
07/05/2025,FEU,Z24,6,0.140955004615
07/05/2025,FEU,Z14,6,0.140955004615
07/05/2025,FEU,Z24,7,0.144534137447
07/05/2025,FEU,Z14,7,0.144534137447
07/05/2025,FEU,Z24,8,0.146630395112
07/05/2025,FEU,Z14,8,0.146630395112
07/05/2025,FEU,Z24,9,0.134829461595
07/05/2025,FEU,Z14,9,0.134829461595
07/06/2025,FEU,Z24,1,0.155854045827
07/06/2025,FEU,Z14,1,0.155854045827
07/06/2025,FEU,Z24,10,0.048178525282
07/06/2025,FEU,Z14,10,0.048178525282
07/06/2025,FEU,Z24,11,0.041854911
07/06/2025,FEU,Z14,11,0.041854911
07/06/2025,FEU,Z24,12,0.040215752699
07/06/2025,FEU,Z14,12,0.040215752699
07/06/2025,FEU,Z24,13,0.039667548718
07/06/2025,FEU,Z14,13,0.039667548718
07/06/2025,FEU,Z24,14,0.041607390058
07/06/2025,FEU,Z14,14,0.041607390058
07/06/2025,FEU,Z24,15,0.041654974077
07/06/2025,FEU,Z14,15,0.041654974077
07/06/2025,FEU,Z24,16,0.039110380737
07/06/2025,FEU,Z14,16,0.039110380737
07/06/2025,FEU,Z24,17,0.040612479378
07/06/2025,FEU,Z14,17,0.040612479378
07/06/2025,FEU,Z24,18,0.040333811641
07/06/2025,FEU,Z14,18,0.040333811641
07/06/2025,FEU,Z24,19,0.045217482885
07/06/2025,FEU,Z14,19,0.045217482885
07/06/2025,FEU,Z24,2,0.149863191129
07/06/2025,FEU,Z14,2,0.149863191129
07/06/2025,FEU,Z24,20,0.077774784545
07/06/2025,FEU,Z14,20,0.077774784545
07/06/2025,FEU,Z24,21,0.136718580545
07/06/2025,FEU,Z14,21,0.136718580545
07/06/2025,FEU,Z24,22,0.153085584545
07/06/2025,FEU,Z14,22,0.153085584545
07/06/2025,FEU,Z24,23,0.156002536885
07/06/2025,FEU,Z14,23,0.156002536885
07/06/2025,FEU,Z24,24,0.154089444205
07/06/2025,FEU,Z14,24,0.154089444205
07/06/2025,FEU,Z24,3,0.147840959109
07/06/2025,FEU,Z14,3,0.147840959109
07/06/2025,FEU,Z24,4,0.145062059109
07/06/2025,FEU,Z14,4,0.145062059109
07/06/2025,FEU,Z24,5,0.145001879109
07/06/2025,FEU,Z14,5,0.145001879109
07/06/2025,FEU,Z24,6,0.145829059109
07/06/2025,FEU,Z14,6,0.145829059109
07/06/2025,FEU,Z24,7,0.146402443449
07/06/2025,FEU,Z14,7,0.146402443449
07/06/2025,FEU,Z24,8,0.143230965789
07/06/2025,FEU,Z14,8,0.143230965789
07/06/2025,FEU,Z24,9,0.099599961225
07/06/2025,FEU,Z14,9,0.099599961225
07/07/2025,FEU,Z24,1,0.149149444521
07/07/2025,FEU,Z14,1,0.149149444521
07/07/2025,FEU,Z24,10,0.124151065767
07/07/2025,FEU,Z14,10,0.124151065767
07/07/2025,FEU,Z24,11,0.101023789422
07/07/2025,FEU,Z14,11,0.166366307681
07/07/2025,FEU,Z24,12,0.145208868508
07/07/2025,FEU,Z14,12,0.145208868508
07/07/2025,FEU,Z24,13,0.142034202508
07/07/2025,FEU,Z14,13,0.142034202508
07/07/2025,FEU,Z24,14,0.129878117422
07/07/2025,FEU,Z14,14,0.129878117422
07/07/2025,FEU,Z24,15,0.129750216508
07/07/2025,FEU,Z14,15,0.06450573725
07/07/2025,FEU,Z24,16,0.063268281767
07/07/2025,FEU,Z14,16,0.063268281767
07/07/2025,FEU,Z24,17,0.061065399939
07/07/2025,FEU,Z14,17,0.061065399939
07/07/2025,FEU,Z24,18,0.061949668025
07/07/2025,FEU,Z14,18,0.061949668025
07/07/2025,FEU,Z24,19,0.065895898455
07/07/2025,FEU,Z14,19,0.131186518799
07/07/2025,FEU,Z24,2,0.140333748865
07/07/2025,FEU,Z14,2,0.140333748865
07/07/2025,FEU,Z24,20,0.16914096023
07/07/2025,FEU,Z14,20,0.16914096023
07/07/2025,FEU,Z24,21,0.215368533574
07/07/2025,FEU,Z14,21,0.215368533574
07/07/2025,FEU,Z24,22,0.246878264004
07/07/2025,FEU,Z14,22,0.246878264004
07/07/2025,FEU,Z24,23,0.246957520262
07/07/2025,FEU,Z14,23,0.181260373918
07/07/2025,FEU,Z24,24,0.173508055262
07/07/2025,FEU,Z14,24,0.173508055262
07/07/2025,FEU,Z24,3,0.137402305951
07/07/2025,FEU,Z14,3,0.137402305951
07/07/2025,FEU,Z24,4,0.133924360951
07/07/2025,FEU,Z14,4,0.133924360951
07/07/2025,FEU,Z24,5,0.130101553951
07/07/2025,FEU,Z14,5,0.130101553951
07/07/2025,FEU,Z24,6,0.139198966607
07/07/2025,FEU,Z14,6,0.139198966607
07/07/2025,FEU,Z24,7,0.14799191166
07/07/2025,FEU,Z14,7,0.14799191166
07/07/2025,FEU,Z24,8,0.149219441058
07/07/2025,FEU,Z14,8,0.149219441058
07/07/2025,FEU,Z24,9,0.160687097767
07/07/2025,FEU,Z14,9,0.160687097767
07/08/2025,FEU,Z24,1,0.131589899537
07/08/2025,FEU,Z14,1,0.131589899537
07/08/2025,FEU,Z24,10,0.087259628207
07/08/2025,FEU,Z14,10,0.087259628207
07/08/2025,FEU,Z24,11,0.06950477452
07/08/2025,FEU,Z14,11,0.134764380207
07/08/2025,FEU,Z24,12,0.131730513436
07/08/2025,FEU,Z14,12,0.131730513436
07/08/2025,FEU,Z24,13,0.131222274436
07/08/2025,FEU,Z14,13,0.131222274436
07/08/2025,FEU,Z24,14,0.130287660436
07/08/2025,FEU,Z14,14,0.130287660436
07/08/2025,FEU,Z24,15,0.130782888665
07/08/2025,FEU,Z14,15,0.065532544978
07/08/2025,FEU,Z24,16,0.065748411436
07/08/2025,FEU,Z14,16,0.065748411436
07/08/2025,FEU,Z24,17,0.067445190665
07/08/2025,FEU,Z14,17,0.067445190665
07/08/2025,FEU,Z24,18,0.081995171581
07/08/2025,FEU,Z14,18,0.081995171581
07/08/2025,FEU,Z24,19,0.117479154727
07/08/2025,FEU,Z14,19,0.182871763414
07/08/2025,FEU,Z24,2,0.114587420453
07/08/2025,FEU,Z14,2,0.114587420453
07/08/2025,FEU,Z24,20,0.204019864559
07/08/2025,FEU,Z14,20,0.204019864559
07/08/2025,FEU,Z24,21,0.246255659246
07/08/2025,FEU,Z14,21,0.246255659246
07/08/2025,FEU,Z24,22,0.252559002621
07/08/2025,FEU,Z14,22,0.252559002621
07/08/2025,FEU,Z24,23,0.253697607766
07/08/2025,FEU,Z14,23,0.18797519185
07/08/2025,FEU,Z24,24,0.185323813308
07/08/2025,FEU,Z14,24,0.185323813308
07/08/2025,FEU,Z24,3,0.102639342224
07/08/2025,FEU,Z14,3,0.102639342224
07/08/2025,FEU,Z24,4,0.083633007995
07/08/2025,FEU,Z14,4,0.083633007995
07/08/2025,FEU,Z24,5,0.083834247995
07/08/2025,FEU,Z14,5,0.083834247995
07/08/2025,FEU,Z24,6,0.078153735308
07/08/2025,FEU,Z14,6,0.078153735308
07/08/2025,FEU,Z24,7,0.110701425704
07/08/2025,FEU,Z14,7,0.110701425704
07/08/2025,FEU,Z24,8,0.125848763414
07/08/2025,FEU,Z14,8,0.125848763414
07/08/2025,FEU,Z24,9,0.135316972207
07/08/2025,FEU,Z14,9,0.135316972207
07/09/2025,FEU,Z24,1,0.141194499994
07/09/2025,FEU,Z14,1,0.141194499994
07/09/2025,FEU,Z24,10,0.155998741603
07/09/2025,FEU,Z14,10,0.155998741603
07/09/2025,FEU,Z24,11,0.110668478215
07/09/2025,FEU,Z14,11,0.176035421603
07/09/2025,FEU,Z24,12,0.158072415861
07/09/2025,FEU,Z14,12,0.158072415861
07/09/2025,FEU,Z24,13,0.154301194732
07/09/2025,FEU,Z14,13,0.154301194732
07/09/2025,FEU,Z24,14,0.152794026603
07/09/2025,FEU,Z14,14,0.152794026603
07/09/2025,FEU,Z24,15,0.152870970732
07/09/2025,FEU,Z14,15,0.087511154215
07/09/2025,FEU,Z24,16,0.089242970732
07/09/2025,FEU,Z14,16,0.089242970732
07/09/2025,FEU,Z24,17,0.102062940861
07/09/2025,FEU,Z14,17,0.102062940861
07/09/2025,FEU,Z24,18,0.126325997119
07/09/2025,FEU,Z14,18,0.126325997119
07/09/2025,FEU,Z24,19,0.130559576023
07/09/2025,FEU,Z14,19,0.19607594854
07/09/2025,FEU,Z24,2,0.135076621123
07/09/2025,FEU,Z14,2,0.135076621123
07/09/2025,FEU,Z24,20,0.231657744186
07/09/2025,FEU,Z14,20,0.231657744186
07/09/2025,FEU,Z24,21,0.236358269832
07/09/2025,FEU,Z14,21,0.236358269832
07/09/2025,FEU,Z24,22,0.284923934865
07/09/2025,FEU,Z14,22,0.284923934865
07/09/2025,FEU,Z24,23,0.272626721123
07/09/2025,FEU,Z14,23,0.206839346607
07/09/2025,FEU,Z24,24,0.178991921123
07/09/2025,FEU,Z14,24,0.178991921123
07/09/2025,FEU,Z24,3,0.132883813252
07/09/2025,FEU,Z14,3,0.132883813252
07/09/2025,FEU,Z24,4,0.131432944252
07/09/2025,FEU,Z14,4,0.131432944252
07/09/2025,FEU,Z24,5,0.137135731994
07/09/2025,FEU,Z14,5,0.137135731994
07/09/2025,FEU,Z24,6,0.138012990477
07/09/2025,FEU,Z14,6,0.138012990477
07/09/2025,FEU,Z24,7,0.136790627573
07/09/2025,FEU,Z14,7,0.136790627573
07/09/2025,FEU,Z24,8,0.140778781411
07/09/2025,FEU,Z14,8,0.140778781411
07/09/2025,FEU,Z24,9,0.161999538473
07/09/2025,FEU,Z14,9,0.161999538473
07/10/2025,FEU,Z24,1,0.148122553662
07/10/2025,FEU,Z14,1,0.148122553662
07/10/2025,FEU,Z24,10,0.1544836092
07/10/2025,FEU,Z14,10,0.1544836092
07/10/2025,FEU,Z24,11,0.151836340706
07/10/2025,FEU,Z14,11,0.217313521203
07/10/2025,FEU,Z24,12,0.222301438701
07/10/2025,FEU,Z14,12,0.222301438701
07/10/2025,FEU,Z24,13,0.186873006701
07/10/2025,FEU,Z14,13,0.186873006701
07/10/2025,FEU,Z24,14,0.183296878701
07/10/2025,FEU,Z14,14,0.183296878701
07/10/2025,FEU,Z24,15,0.184507854701
07/10/2025,FEU,Z14,15,0.119118017205
07/10/2025,FEU,Z24,16,0.119278506203
07/10/2025,FEU,Z14,16,0.119278506203
07/10/2025,FEU,Z24,17,0.118826197699
07/10/2025,FEU,Z14,17,0.118826197699
07/10/2025,FEU,Z24,18,0.120513068697
07/10/2025,FEU,Z14,18,0.120513068697
07/10/2025,FEU,Z24,19,0.133553021191
07/10/2025,FEU,Z14,19,0.198987872688
07/10/2025,FEU,Z24,2,0.139629523662
07/10/2025,FEU,Z14,2,0.139629523662
07/10/2025,FEU,Z24,20,0.21789403618
07/10/2025,FEU,Z14,20,0.21789403618
07/10/2025,FEU,Z24,21,0.232910018674
07/10/2025,FEU,Z14,21,0.232910018674
07/10/2025,FEU,Z24,22,0.272937271667
07/10/2025,FEU,Z14,22,0.272937271667
07/10/2025,FEU,Z24,23,0.293505880164
07/10/2025,FEU,Z14,23,0.227647251168
07/10/2025,FEU,Z24,24,0.181866307166
07/10/2025,FEU,Z14,24,0.181866307166
07/10/2025,FEU,Z24,3,0.136434253662
07/10/2025,FEU,Z14,3,0.136434253662
07/10/2025,FEU,Z24,4,0.133036573662
07/10/2025,FEU,Z14,4,0.133036573662
07/10/2025,FEU,Z24,5,0.132641359164
07/10/2025,FEU,Z14,5,0.132641359164
07/10/2025,FEU,Z24,6,0.133384863667
07/10/2025,FEU,Z14,6,0.133384863667
07/10/2025,FEU,Z24,7,0.140699338674
07/10/2025,FEU,Z14,7,0.140699338674
07/10/2025,FEU,Z24,8,0.146911069681
07/10/2025,FEU,Z14,8,0.146911069681
07/10/2025,FEU,Z24,9,0.1552806462
07/10/2025,FEU,Z14,9,0.1552806462
07/11/2025,FEU,Z24,1,0.148764900535
07/11/2025,FEU,Z14,1,0.148764900535
07/11/2025,FEU,Z24,10,0.154057073816
07/11/2025,FEU,Z14,10,0.154057073816
07/11/2025,FEU,Z24,11,0.108095606221
07/11/2025,FEU,Z14,11,0.173529091411
07/11/2025,FEU,Z24,12,0.189480949006
07/11/2025,FEU,Z14,12,0.189480949006
07/11/2025,FEU,Z24,13,0.193994209006
07/11/2025,FEU,Z14,13,0.193994209006
07/11/2025,FEU,Z24,14,0.185926518208
07/11/2025,FEU,Z14,14,0.185926518208
07/11/2025,FEU,Z24,15,0.173877037208
07/11/2025,FEU,Z14,15,0.108441865019
07/11/2025,FEU,Z24,16,0.106644673614
07/11/2025,FEU,Z14,16,0.106644673614
07/11/2025,FEU,Z24,17,0.101641599411
07/11/2025,FEU,Z14,17,0.101641599411
07/11/2025,FEU,Z24,18,0.108100480208
07/11/2025,FEU,Z14,18,0.108100480208
07/11/2025,FEU,Z24,19,0.11520050379
07/11/2025,FEU,Z14,19,0.180663266979
07/11/2025,FEU,Z24,2,0.141655536535
07/11/2025,FEU,Z14,2,0.141655536535
07/11/2025,FEU,Z24,20,0.215732220966
07/11/2025,FEU,Z14,20,0.215732220966
07/11/2025,FEU,Z24,21,0.231236246548
07/11/2025,FEU,Z14,21,0.231236246548
07/11/2025,FEU,Z24,22,0.242895543129
07/11/2025,FEU,Z14,22,0.242895543129
07/11/2025,FEU,Z24,23,0.257454205724
07/11/2025,FEU,Z14,23,0.191719636535
07/11/2025,FEU,Z24,24,0.182786251535
07/11/2025,FEU,Z14,24,0.182786251535
07/11/2025,FEU,Z24,3,0.140031699332
07/11/2025,FEU,Z14,3,0.140031699332
07/11/2025,FEU,Z24,4,0.136042329129
07/11/2025,FEU,Z14,4,0.136042329129
07/11/2025,FEU,Z24,5,0.135933735535
07/11/2025,FEU,Z14,5,0.135933735535
07/11/2025,FEU,Z24,6,0.136123936143
07/11/2025,FEU,Z14,6,0.136123936143
07/11/2025,FEU,Z24,7,0.144270070156
07/11/2025,FEU,Z14,7,0.144270070156
07/11/2025,FEU,Z24,8,0.151826406574
07/11/2025,FEU,Z14,8,0.151826406574
07/11/2025,FEU,Z24,9,0.160181455614
07/11/2025,FEU,Z14,9,0.160181455614
07/12/2025,FEU,Z24,1,0.156781637083
07/12/2025,FEU,Z14,1,0.156781637083
07/12/2025,FEU,Z24,10,0.110441238138
07/12/2025,FEU,Z14,10,0.110441238138
07/12/2025,FEU,Z24,11,0.075348800651
07/12/2025,FEU,Z14,11,0.075348800651
07/12/2025,FEU,Z24,12,0.048447424158
07/12/2025,FEU,Z14,12,0.048447424158
07/12/2025,FEU,Z24,13,0.042820264661
07/12/2025,FEU,Z14,13,0.042820264661
07/12/2025,FEU,Z24,14,0.031216339666
07/12/2025,FEU,Z14,14,0.031216339666
07/12/2025,FEU,Z24,15,0.029569013163
07/12/2025,FEU,Z14,15,0.029569013163
07/12/2025,FEU,Z24,16,0.026257275651
07/12/2025,FEU,Z14,16,0.026257275651
07/12/2025,FEU,Z24,17,0.051458984641
07/12/2025,FEU,Z14,17,0.051458984641
07/12/2025,FEU,Z24,18,0.078282796631
07/12/2025,FEU,Z14,18,0.078282796631
07/12/2025,FEU,Z24,19,0.095516524118
07/12/2025,FEU,Z14,19,0.095516524118
07/12/2025,FEU,Z24,2,0.153497221083
07/12/2025,FEU,Z14,2,0.153497221083
07/12/2025,FEU,Z24,20,0.113286094601
07/12/2025,FEU,Z14,20,0.113286094601
07/12/2025,FEU,Z24,21,0.142170139591
07/12/2025,FEU,Z14,21,0.142170139591
07/12/2025,FEU,Z24,22,0.163833774576
07/12/2025,FEU,Z14,22,0.163833774576
07/12/2025,FEU,Z24,23,0.172441795576
07/12/2025,FEU,Z14,23,0.172441795576
07/12/2025,FEU,Z24,24,0.159816073576
07/12/2025,FEU,Z14,24,0.159816073576
07/12/2025,FEU,Z24,3,0.149163486576
07/12/2025,FEU,Z14,3,0.149163486576
07/12/2025,FEU,Z24,4,0.141294366576
07/12/2025,FEU,Z14,4,0.141294366576
07/12/2025,FEU,Z24,5,0.138794223073
07/12/2025,FEU,Z14,5,0.138794223073
07/12/2025,FEU,Z24,6,0.137080759073
07/12/2025,FEU,Z14,6,0.137080759073
07/12/2025,FEU,Z24,7,0.144253483576
07/12/2025,FEU,Z14,7,0.144253483576
07/12/2025,FEU,Z24,8,0.156106694581
07/12/2025,FEU,Z14,8,0.156106694581
07/12/2025,FEU,Z24,9,0.142438164118
07/12/2025,FEU,Z14,9,0.142438164118
07/13/2025,FEU,Z24,1,0.161296217205
07/13/2025,FEU,Z14,1,0.161296217205
07/13/2025,FEU,Z24,10,0.057476883332
07/13/2025,FEU,Z14,10,0.057476883332
07/13/2025,FEU,Z24,11,0.041091758122
07/13/2025,FEU,Z14,11,0.041091758122
07/13/2025,FEU,Z24,12,0.035612992366
07/13/2025,FEU,Z14,12,0.035612992366
07/13/2025,FEU,Z24,13,0.034765362913
07/13/2025,FEU,Z14,13,0.034765362913
07/13/2025,FEU,Z24,14,0.034045595762
07/13/2025,FEU,Z14,14,0.034045595762
07/13/2025,FEU,Z24,15,0.033561378308
07/13/2025,FEU,Z14,15,0.033561378308
07/13/2025,FEU,Z24,16,0.033956907459
07/13/2025,FEU,Z14,16,0.033956907459
07/13/2025,FEU,Z24,17,0.035497728064
07/13/2025,FEU,Z14,17,0.035497728064
07/13/2025,FEU,Z24,18,0.040991603727
07/13/2025,FEU,Z14,18,0.040991603727
07/13/2025,FEU,Z24,19,0.069992279844
07/13/2025,FEU,Z14,19,0.069992279844
07/13/2025,FEU,Z24,2,0.159402176961
07/13/2025,FEU,Z14,2,0.159402176961
07/13/2025,FEU,Z24,20,0.115369063995
07/13/2025,FEU,Z14,20,0.115369063995
07/13/2025,FEU,Z24,21,0.154649407995
07/13/2025,FEU,Z14,21,0.154649407995
07/13/2025,FEU,Z24,22,0.172281679995
07/13/2025,FEU,Z14,22,0.172281679995
07/13/2025,FEU,Z24,23,0.178913044844
07/13/2025,FEU,Z14,23,0.178913044844
07/13/2025,FEU,Z24,24,0.165022376146
07/13/2025,FEU,Z14,24,0.165022376146
07/13/2025,FEU,Z24,3,0.156722218414
07/13/2025,FEU,Z14,3,0.156722218414
07/13/2025,FEU,Z24,4,0.158028478414
07/13/2025,FEU,Z14,4,0.158028478414
07/13/2025,FEU,Z24,5,0.152194558414
07/13/2025,FEU,Z14,5,0.152194558414
07/13/2025,FEU,Z24,6,0.147917058414
07/13/2025,FEU,Z14,6,0.147917058414
07/13/2025,FEU,Z24,7,0.149385892263
07/13/2025,FEU,Z14,7,0.149385892263
07/13/2025,FEU,Z24,8,0.153053708112
07/13/2025,FEU,Z14,8,0.153053708112
07/13/2025,FEU,Z24,9,0.103956869693
07/13/2025,FEU,Z14,9,0.103956869693
07/14/2025,FEU,Z24,1,0.15106228762
07/14/2025,FEU,Z14,1,0.15106228762
07/14/2025,FEU,Z24,10,0.128732222206
07/14/2025,FEU,Z14,10,0.128732222206
07/14/2025,FEU,Z24,11,0.115254963029
07/14/2025,FEU,Z14,11,0.180634061411
07/14/2025,FEU,Z24,12,0.146086612823
07/14/2025,FEU,Z14,12,0.146086612823
07/14/2025,FEU,Z24,13,0.145971046823
07/14/2025,FEU,Z14,13,0.145971046823
07/14/2025,FEU,Z24,14,0.148533147029
07/14/2025,FEU,Z14,14,0.148533147029
07/14/2025,FEU,Z24,15,0.140692399823
07/14/2025,FEU,Z14,15,0.07541894744
07/14/2025,FEU,Z24,16,0.061068654206
07/14/2025,FEU,Z14,16,0.061068654206
07/14/2025,FEU,Z24,17,0.070970219794
07/14/2025,FEU,Z14,17,0.070970219794
07/14/2025,FEU,Z24,18,0.093151101588
07/14/2025,FEU,Z14,18,0.093151101588
07/14/2025,FEU,Z24,19,0.110509276559
07/14/2025,FEU,Z14,19,0.175955887736
07/14/2025,FEU,Z24,2,0.145489034797
07/14/2025,FEU,Z14,2,0.145489034797
07/14/2025,FEU,Z24,20,0.197155064707
07/14/2025,FEU,Z14,20,0.197155064707
07/14/2025,FEU,Z24,21,0.239051985884
07/14/2025,FEU,Z14,21,0.239051985884
07/14/2025,FEU,Z24,22,0.253145752855
07/14/2025,FEU,Z14,22,0.253145752855
07/14/2025,FEU,Z24,23,0.251372530237
07/14/2025,FEU,Z14,23,0.185659064061
07/14/2025,FEU,Z24,24,0.179957155237
07/14/2025,FEU,Z14,24,0.179957155237
07/14/2025,FEU,Z24,3,0.143193064591
07/14/2025,FEU,Z14,3,0.143193064591
07/14/2025,FEU,Z24,4,0.142716826591
07/14/2025,FEU,Z14,4,0.142716826591
07/14/2025,FEU,Z24,5,0.142585450591
07/14/2025,FEU,Z14,5,0.142585450591
07/14/2025,FEU,Z24,6,0.143166211414
07/14/2025,FEU,Z14,6,0.143166211414
07/14/2025,FEU,Z24,7,0.152733583678
07/14/2025,FEU,Z14,7,0.152733583678
07/14/2025,FEU,Z24,8,0.156607374119
07/14/2025,FEU,Z14,8,0.156607374119
07/14/2025,FEU,Z24,9,0.171854782206
07/14/2025,FEU,Z14,9,0.171854782206
07/15/2025,FEU,Z24,1,0.14818370643
07/15/2025,FEU,Z14,1,0.14818370643
07/15/2025,FEU,Z24,10,0.130626458254
07/15/2025,FEU,Z14,10,0.130626458254
07/15/2025,FEU,Z24,11,0.082206867487
07/15/2025,FEU,Z14,11,0.147500106254
07/15/2025,FEU,Z24,12,0.159749634509
07/15/2025,FEU,Z14,12,0.159749634509
07/15/2025,FEU,Z24,13,0.166778568509
07/15/2025,FEU,Z14,13,0.166778568509
07/15/2025,FEU,Z24,14,0.163166319509
07/15/2025,FEU,Z14,14,0.163166319509
07/15/2025,FEU,Z24,15,0.152969366765
07/15/2025,FEU,Z14,15,0.087660534998
07/15/2025,FEU,Z24,16,0.078934230509
07/15/2025,FEU,Z14,16,0.078934230509
07/15/2025,FEU,Z24,17,0.078227770765
07/15/2025,FEU,Z14,17,0.078227770765
07/15/2025,FEU,Z24,18,0.098936771787
07/15/2025,FEU,Z14,18,0.098936771787
07/15/2025,FEU,Z24,19,0.105312956064
07/15/2025,FEU,Z14,19,0.170674893831
07/15/2025,FEU,Z24,2,0.145372375452
07/15/2025,FEU,Z14,2,0.145372375452
07/15/2025,FEU,Z24,20,0.196460420108
07/15/2025,FEU,Z14,20,0.196460420108
07/15/2025,FEU,Z24,21,0.238370867875
07/15/2025,FEU,Z14,21,0.238370867875
07/15/2025,FEU,Z24,22,0.268338217408
07/15/2025,FEU,Z14,22,0.268338217408
07/15/2025,FEU,Z24,23,0.267978142685
07/15/2025,FEU,Z14,23,0.202206862663
07/15/2025,FEU,Z24,24,0.186737081174
07/15/2025,FEU,Z14,24,0.186737081174
07/15/2025,FEU,Z24,3,0.143182906196
07/15/2025,FEU,Z14,3,0.143182906196
07/15/2025,FEU,Z24,4,0.140426008941
07/15/2025,FEU,Z14,4,0.140426008941
07/15/2025,FEU,Z24,5,0.138371488941
07/15/2025,FEU,Z14,5,0.138371488941
07/15/2025,FEU,Z24,6,0.140085289174
07/15/2025,FEU,Z14,6,0.140085289174
07/15/2025,FEU,Z24,7,0.148837616386
07/15/2025,FEU,Z14,7,0.148837616386
07/15/2025,FEU,Z24,8,0.154713793831
07/15/2025,FEU,Z14,8,0.154713793831
07/15/2025,FEU,Z24,9,0.169780970254
07/15/2025,FEU,Z14,9,0.169780970254
07/16/2025,FEU,Z24,1,0.138417282677
07/16/2025,FEU,Z14,1,0.138417282677
07/16/2025,FEU,Z24,10,0.135614458784
07/16/2025,FEU,Z14,10,0.135614458784
07/16/2025,FEU,Z24,11,0.120941694558
07/16/2025,FEU,Z14,11,0.186336998784
07/16/2025,FEU,Z24,12,0.180776349601
07/16/2025,FEU,Z14,12,0.180776349601
07/16/2025,FEU,Z24,13,0.180340904192
07/16/2025,FEU,Z14,13,0.180340904192
07/16/2025,FEU,Z24,14,0.177959563784
07/16/2025,FEU,Z14,14,0.177959563784
07/16/2025,FEU,Z24,15,0.177862152192
07/16/2025,FEU,Z14,15,0.112414338558
07/16/2025,FEU,Z24,16,0.112434728192
07/16/2025,FEU,Z14,16,0.112434728192
07/16/2025,FEU,Z24,17,0.113075103601
07/16/2025,FEU,Z14,17,0.113075103601
07/16/2025,FEU,Z24,18,0.113235788418
07/16/2025,FEU,Z14,18,0.113235788418
07/16/2025,FEU,Z24,19,0.125695126278
07/16/2025,FEU,Z14,19,0.191195669913
07/16/2025,FEU,Z24,2,0.132961588085
07/16/2025,FEU,Z14,2,0.132961588085
07/16/2025,FEU,Z24,20,0.225184291956
07/16/2025,FEU,Z14,20,0.225184291956
07/16/2025,FEU,Z24,21,0.241527553999
07/16/2025,FEU,Z14,21,0.241527553999
07/16/2025,FEU,Z24,22,0.305104965268
07/16/2025,FEU,Z14,22,0.305104965268
07/16/2025,FEU,Z24,23,0.297783218085
07/16/2025,FEU,Z14,23,0.231911004451
07/16/2025,FEU,Z24,24,0.185785268085
07/16/2025,FEU,Z14,24,0.185785268085
07/16/2025,FEU,Z24,3,0.132382952494
07/16/2025,FEU,Z14,3,0.132382952494
07/16/2025,FEU,Z24,4,0.128602964494
07/16/2025,FEU,Z14,4,0.128602964494
07/16/2025,FEU,Z24,5,0.128982283677
07/16/2025,FEU,Z14,5,0.128982283677
07/16/2025,FEU,Z24,6,0.132477236042
07/16/2025,FEU,Z14,6,0.132477236042
07/16/2025,FEU,Z24,7,0.142797497182
07/16/2025,FEU,Z14,7,0.142797497182
07/16/2025,FEU,Z24,8,0.151999087504
07/16/2025,FEU,Z14,8,0.151999087504
07/16/2025,FEU,Z24,9,0.156138209375
07/16/2025,FEU,Z14,9,0.156138209375
07/17/2025,FEU,Z24,1,0.145898854175
07/17/2025,FEU,Z14,1,0.145898854175
07/17/2025,FEU,Z24,10,0.152519330442
07/17/2025,FEU,Z14,10,0.152519330442
07/17/2025,FEU,Z24,11,0.131400799937
07/17/2025,FEU,Z14,11,0.19682382264
07/17/2025,FEU,Z24,12,0.189557831541
07/17/2025,FEU,Z14,12,0.189557831541
07/17/2025,FEU,Z24,13,0.190746087541
07/17/2025,FEU,Z14,13,0.190746087541
07/17/2025,FEU,Z24,14,0.188324135541
07/17/2025,FEU,Z14,14,0.188324135541
07/17/2025,FEU,Z24,15,0.186663303541
07/17/2025,FEU,Z14,15,0.121266640838
07/17/2025,FEU,Z24,16,0.11878069764
07/17/2025,FEU,Z14,16,0.11878069764
07/17/2025,FEU,Z24,17,0.123583495343
07/17/2025,FEU,Z14,17,0.123583495343
07/17/2025,FEU,Z24,18,0.130916027145
07/17/2025,FEU,Z14,18,0.130916027145
07/17/2025,FEU,Z24,19,0.13992197165
07/17/2025,FEU,Z14,19,0.205372362353
07/17/2025,FEU,Z24,2,0.140909974175
07/17/2025,FEU,Z14,2,0.140909974175
07/17/2025,FEU,Z24,20,0.22359096066
07/17/2025,FEU,Z14,20,0.22359096066
07/17/2025,FEU,Z24,21,0.237112005165
07/17/2025,FEU,Z14,21,0.237112005165
07/17/2025,FEU,Z24,22,0.246679420571
07/17/2025,FEU,Z14,22,0.246679420571
07/17/2025,FEU,Z24,23,0.248416851274
07/17/2025,FEU,Z14,23,0.18271250467
07/17/2025,FEU,Z24,24,0.173275322472
07/17/2025,FEU,Z14,24,0.173275322472
07/17/2025,FEU,Z24,3,0.139413544175
07/17/2025,FEU,Z14,3,0.139413544175
07/17/2025,FEU,Z24,4,0.130611634175
07/17/2025,FEU,Z14,4,0.130611634175
07/17/2025,FEU,Z24,5,0.130336561274
07/17/2025,FEU,Z14,5,0.130336561274
07/17/2025,FEU,Z24,6,0.135561088571
07/17/2025,FEU,Z14,6,0.135561088571
07/17/2025,FEU,Z24,7,0.143464085165
07/17/2025,FEU,Z14,7,0.143464085165
07/17/2025,FEU,Z24,8,0.150891679759
07/17/2025,FEU,Z14,8,0.150891679759
07/17/2025,FEU,Z24,9,0.163161650442
07/17/2025,FEU,Z14,9,0.163161650442
07/18/2025,FEU,Z24,1,0.141767125095
07/18/2025,FEU,Z14,1,0.141767125095
07/18/2025,FEU,Z24,10,0.142470578156
07/18/2025,FEU,Z14,10,0.142470578156
07/18/2025,FEU,Z24,11,0.130353327321
07/18/2025,FEU,Z14,11,0.195865322991
07/18/2025,FEU,Z24,12,0.199067915825
07/18/2025,FEU,Z14,12,0.199067915825
07/18/2025,FEU,Z24,13,0.196521155825
07/18/2025,FEU,Z14,13,0.196521155825
07/18/2025,FEU,Z24,14,0.187491071408
07/18/2025,FEU,Z14,14,0.187491071408
07/18/2025,FEU,Z24,15,0.185410118408
07/18/2025,FEU,Z14,15,0.119934443739
07/18/2025,FEU,Z24,16,0.123075028573
07/18/2025,FEU,Z14,16,0.123075028573
07/18/2025,FEU,Z24,17,0.123008254991
07/18/2025,FEU,Z14,17,0.123008254991
07/18/2025,FEU,Z24,18,0.124443558408
07/18/2025,FEU,Z14,18,0.124443558408
07/18/2025,FEU,Z24,19,0.12316247633
07/18/2025,FEU,Z14,19,0.188654179999
07/18/2025,FEU,Z24,2,0.134634421095
07/18/2025,FEU,Z14,2,0.134634421095
07/18/2025,FEU,Z24,20,0.191193807086
07/18/2025,FEU,Z14,20,0.191193807086
07/18/2025,FEU,Z24,21,0.228515563008
07/18/2025,FEU,Z14,21,0.228515563008
07/18/2025,FEU,Z24,22,0.23957747693
07/18/2025,FEU,Z14,22,0.23957747693
07/18/2025,FEU,Z24,23,0.238830176765
07/18/2025,FEU,Z14,23,0.173158058095
07/18/2025,FEU,Z24,24,0.165291311095
07/18/2025,FEU,Z14,24,0.165291311095
07/18/2025,FEU,Z24,3,0.135078935512
07/18/2025,FEU,Z14,3,0.135078935512
07/18/2025,FEU,Z24,4,0.13086087693
07/18/2025,FEU,Z14,4,0.13086087693
07/18/2025,FEU,Z24,5,0.129350245095
07/18/2025,FEU,Z14,5,0.129350245095
07/18/2025,FEU,Z24,6,0.131294057843
07/18/2025,FEU,Z14,6,0.131294057843
07/18/2025,FEU,Z24,7,0.138320482756
07/18/2025,FEU,Z14,7,0.138320482756
07/18/2025,FEU,Z24,8,0.142836912834
07/18/2025,FEU,Z14,8,0.142836912834
07/18/2025,FEU,Z24,9,0.158870062573
07/18/2025,FEU,Z14,9,0.158870062573
07/19/2025,FEU,Z24,1,0.150984356616
07/19/2025,FEU,Z14,1,0.150984356616
07/19/2025,FEU,Z24,10,0.056749505022
07/19/2025,FEU,Z14,10,0.056749505022
07/19/2025,FEU,Z24,11,0.04720098666
07/19/2025,FEU,Z14,11,0.04720098666
07/19/2025,FEU,Z24,12,0.042521374442
07/19/2025,FEU,Z14,12,0.042521374442
07/19/2025,FEU,Z24,13,0.04133258537
07/19/2025,FEU,Z14,13,0.04133258537
07/19/2025,FEU,Z24,14,0.040630682225
07/19/2025,FEU,Z14,14,0.040630682225
07/19/2025,FEU,Z24,15,0.040560466297
07/19/2025,FEU,Z14,15,0.040560466297
07/19/2025,FEU,Z24,16,0.04138645066
07/19/2025,FEU,Z14,16,0.04138645066
07/19/2025,FEU,Z24,17,0.043032442949
07/19/2025,FEU,Z14,17,0.043032442949
07/19/2025,FEU,Z24,18,0.042389846239
07/19/2025,FEU,Z14,18,0.042389846239
07/19/2025,FEU,Z24,19,0.044482691601
07/19/2025,FEU,Z14,19,0.044482691601
07/19/2025,FEU,Z24,2,0.148612148616
07/19/2025,FEU,Z14,2,0.148612148616
07/19/2025,FEU,Z24,20,0.086754429108
07/19/2025,FEU,Z14,20,0.086754429108
07/19/2025,FEU,Z24,21,0.117842114398
07/19/2025,FEU,Z14,21,0.117842114398
07/19/2025,FEU,Z24,22,0.151756753833
07/19/2025,FEU,Z14,22,0.151756753833
07/19/2025,FEU,Z24,23,0.159079016833
07/19/2025,FEU,Z14,23,0.159079016833
07/19/2025,FEU,Z24,24,0.147428737833
07/19/2025,FEU,Z14,24,0.147428737833
07/19/2025,FEU,Z24,3,0.141996468833
07/19/2025,FEU,Z14,3,0.141996468833
07/19/2025,FEU,Z24,4,0.132164752833
07/19/2025,FEU,Z14,4,0.132164752833
07/19/2025,FEU,Z24,5,0.130014272905
07/19/2025,FEU,Z14,5,0.130014272905
07/19/2025,FEU,Z24,6,0.131894160905
07/19/2025,FEU,Z14,6,0.131894160905
07/19/2025,FEU,Z24,7,0.137691872833
07/19/2025,FEU,Z14,7,0.137691872833
07/19/2025,FEU,Z24,8,0.139907364688
07/19/2025,FEU,Z14,8,0.139907364688
07/19/2025,FEU,Z24,9,0.104831121601
07/19/2025,FEU,Z14,9,0.104831121601
07/20/2025,FEU,Z24,1,0.11135620539
07/20/2025,FEU,Z14,1,0.11135620539
07/20/2025,FEU,Z24,10,0.054852734217
07/20/2025,FEU,Z14,10,0.054852734217
07/20/2025,FEU,Z24,11,0.05763136146
07/20/2025,FEU,Z14,11,0.05763136146
07/20/2025,FEU,Z24,12,0.058387990362
07/20/2025,FEU,Z14,12,0.058387990362
07/20/2025,FEU,Z24,13,0.058161489703
07/20/2025,FEU,Z14,13,0.058161489703
07/20/2025,FEU,Z24,14,0.057443865484
07/20/2025,FEU,Z14,14,0.057443865484
07/20/2025,FEU,Z24,15,0.056655394825
07/20/2025,FEU,Z14,15,0.056655394825
07/20/2025,FEU,Z24,16,0.056242353044
07/20/2025,FEU,Z14,16,0.056242353044
07/20/2025,FEU,Z24,17,0.056534873923
07/20/2025,FEU,Z14,17,0.056534873923
07/20/2025,FEU,Z24,18,0.056153886339
07/20/2025,FEU,Z14,18,0.056153886339
07/20/2025,FEU,Z24,19,0.056459691413
07/20/2025,FEU,Z14,19,0.056459691413
07/20/2025,FEU,Z24,2,0.098531348488
07/20/2025,FEU,Z14,2,0.098531348488
07/20/2025,FEU,Z24,20,0.061409595633
07/20/2025,FEU,Z14,20,0.061409595633
07/20/2025,FEU,Z24,21,0.105132927633
07/20/2025,FEU,Z14,21,0.105132927633
07/20/2025,FEU,Z24,22,0.132926919633
07/20/2025,FEU,Z14,22,0.132926919633
07/20/2025,FEU,Z24,23,0.150680136413
07/20/2025,FEU,Z14,23,0.150680136413
07/20/2025,FEU,Z24,24,0.134954970852
07/20/2025,FEU,Z14,24,0.134954970852
07/20/2025,FEU,Z24,3,0.100247499147
07/20/2025,FEU,Z14,3,0.100247499147
07/20/2025,FEU,Z24,4,0.101361419147
07/20/2025,FEU,Z14,4,0.101361419147
07/20/2025,FEU,Z24,5,0.101458179147
07/20/2025,FEU,Z14,5,0.101458179147
07/20/2025,FEU,Z24,6,0.103183339147
07/20/2025,FEU,Z14,6,0.103183339147
07/20/2025,FEU,Z24,7,0.108927408927
07/20/2025,FEU,Z14,7,0.108927408927
07/20/2025,FEU,Z24,8,0.155670126707
07/20/2025,FEU,Z14,8,0.155670126707
07/20/2025,FEU,Z24,9,0.086023803194
07/20/2025,FEU,Z14,9,0.086023803194
07/21/2025,FEU,Z24,1,0.107309246139
07/21/2025,FEU,Z14,1,0.107309246139
07/21/2025,FEU,Z24,10,0.10325879019
07/21/2025,FEU,Z14,10,0.10325879019
07/21/2025,FEU,Z24,11,0.065001186197
07/21/2025,FEU,Z14,11,0.130247103192
07/21/2025,FEU,Z24,12,0.132182668195
07/21/2025,FEU,Z14,12,0.132182668195
07/21/2025,FEU,Z24,13,0.141660213195
07/21/2025,FEU,Z14,13,0.141660213195
07/21/2025,FEU,Z24,14,0.147294970197
07/21/2025,FEU,Z14,14,0.147294970197
07/21/2025,FEU,Z24,15,0.141338441195
07/21/2025,FEU,Z14,15,0.0760632782
07/21/2025,FEU,Z24,16,0.07492240619
07/21/2025,FEU,Z14,16,0.07492240619
07/21/2025,FEU,Z24,17,0.067541658187
07/21/2025,FEU,Z14,17,0.067541658187
07/21/2025,FEU,Z24,18,0.091106829186
07/21/2025,FEU,Z14,18,0.091106829186
07/21/2025,FEU,Z24,19,0.109873446178
07/21/2025,FEU,Z14,19,0.175317834171
07/21/2025,FEU,Z24,2,0.094316238133
07/21/2025,FEU,Z14,2,0.094316238133
07/21/2025,FEU,Z24,20,0.208546940163
07/21/2025,FEU,Z14,20,0.208546940163
07/21/2025,FEU,Z24,21,0.251200722157
07/21/2025,FEU,Z14,21,0.251200722157
07/21/2025,FEU,Z24,22,0.312617150149
07/21/2025,FEU,Z14,22,0.312617150149
07/21/2025,FEU,Z24,23,0.308998328144
07/21/2025,FEU,Z14,23,0.243087005151
07/21/2025,FEU,Z24,24,0.192555703144
07/21/2025,FEU,Z14,24,0.192555703144
07/21/2025,FEU,Z24,3,0.090642904132
07/21/2025,FEU,Z14,3,0.090642904132
07/21/2025,FEU,Z24,4,0.086522155132
07/21/2025,FEU,Z14,4,0.086522155132
07/21/2025,FEU,Z24,5,0.060764248132
07/21/2025,FEU,Z14,5,0.060764248132
07/21/2025,FEU,Z24,6,0.093322628138
07/21/2025,FEU,Z14,6,0.093322628138
07/21/2025,FEU,Z24,7,0.119924206155
07/21/2025,FEU,Z14,7,0.119924206155
07/21/2025,FEU,Z24,8,0.156632931167
07/21/2025,FEU,Z14,8,0.156632931167
07/21/2025,FEU,Z24,9,0.14565431019
07/21/2025,FEU,Z14,9,0.14565431019
07/22/2025,FEU,Z24,1,0.151536027782
07/22/2025,FEU,Z14,1,0.151536027782
07/22/2025,FEU,Z24,10,0.124984103186
07/22/2025,FEU,Z14,10,0.124984103186
07/22/2025,FEU,Z24,11,0.091014966005
07/22/2025,FEU,Z14,11,0.156330391186
07/22/2025,FEU,Z24,12,0.154909582579
07/22/2025,FEU,Z14,12,0.154909582579
07/22/2025,FEU,Z24,13,0.155844196579
07/22/2025,FEU,Z14,13,0.155844196579
07/22/2025,FEU,Z24,14,0.153536086579
07/22/2025,FEU,Z14,14,0.153536086579
07/22/2025,FEU,Z24,15,0.153069667973
07/22/2025,FEU,Z14,15,0.087760571792
07/22/2025,FEU,Z24,16,0.084102052579
07/22/2025,FEU,Z14,16,0.084102052579
07/22/2025,FEU,Z24,17,0.083377377973
07/22/2025,FEU,Z14,17,0.083377377973
07/22/2025,FEU,Z24,18,0.087247417547
07/22/2025,FEU,Z14,18,0.087247417547
07/22/2025,FEU,Z24,19,0.106590872516
07/22/2025,FEU,Z14,19,0.171956152697
07/22/2025,FEU,Z24,2,0.147666141357
07/22/2025,FEU,Z14,2,0.147666141357
07/22/2025,FEU,Z24,20,0.209718824665
07/22/2025,FEU,Z14,20,0.209718824665
07/22/2025,FEU,Z24,21,0.238390713846
07/22/2025,FEU,Z14,21,0.238390713846
07/22/2025,FEU,Z24,22,0.266290902208
07/22/2025,FEU,Z14,22,0.266290902208
07/22/2025,FEU,Z24,23,0.262789113176
07/22/2025,FEU,Z14,23,0.197035588601
07/22/2025,FEU,Z24,24,0.175809454389
07/22/2025,FEU,Z14,24,0.175809454389
07/22/2025,FEU,Z24,3,0.133216686963
07/22/2025,FEU,Z14,3,0.133216686963
07/22/2025,FEU,Z24,4,0.13112233057
07/22/2025,FEU,Z14,4,0.13112233057
07/22/2025,FEU,Z24,5,0.13025536057
07/22/2025,FEU,Z14,5,0.13025536057
07/22/2025,FEU,Z24,6,0.138245091389
07/22/2025,FEU,Z14,6,0.138245091389
07/22/2025,FEU,Z24,7,0.148798336633
07/22/2025,FEU,Z14,7,0.148798336633
07/22/2025,FEU,Z24,8,0.154920952697
07/22/2025,FEU,Z14,8,0.154920952697
07/22/2025,FEU,Z24,9,0.160874887186
07/22/2025,FEU,Z14,9,0.160874887186
07/23/2025,FEU,Z24,1,0.145876416133
07/23/2025,FEU,Z14,1,0.145876416133
07/23/2025,FEU,Z24,10,0.138801290673
07/23/2025,FEU,Z14,10,0.138801290673
07/23/2025,FEU,Z24,11,0.130820411103
07/23/2025,FEU,Z14,11,0.196241895673
07/23/2025,FEU,Z24,12,0.187905091053
07/23/2025,FEU,Z14,12,0.187905091053
07/23/2025,FEU,Z24,13,0.180832543863
07/23/2025,FEU,Z14,13,0.180832543863
07/23/2025,FEU,Z24,14,0.167698915673
07/23/2025,FEU,Z14,14,0.167698915673
07/23/2025,FEU,Z24,15,0.159899471863
07/23/2025,FEU,Z14,15,0.094516039103
07/23/2025,FEU,Z24,16,0.097460863863
07/23/2025,FEU,Z14,16,0.097460863863
07/23/2025,FEU,Z24,17,0.098479186053
07/23/2025,FEU,Z14,17,0.098479186053
07/23/2025,FEU,Z24,18,0.103598460433
07/23/2025,FEU,Z14,18,0.103598460433
07/23/2025,FEU,Z24,19,0.108634373763
07/23/2025,FEU,Z14,19,0.174075368523
07/23/2025,FEU,Z24,2,0.139252422324
07/23/2025,FEU,Z14,2,0.139252422324
07/23/2025,FEU,Z24,20,0.198843109473
07/23/2025,FEU,Z14,20,0.198843109473
07/23/2025,FEU,Z24,21,0.229274220423
07/23/2025,FEU,Z14,21,0.229274220423
07/23/2025,FEU,Z24,22,0.237723957943
07/23/2025,FEU,Z14,22,0.237723957943
07/23/2025,FEU,Z24,23,0.236380192324
07/23/2025,FEU,Z14,23,0.170716737563
07/23/2025,FEU,Z24,24,0.161573032324
07/23/2025,FEU,Z14,24,0.161573032324
07/23/2025,FEU,Z24,3,0.132711747514
07/23/2025,FEU,Z14,3,0.132711747514
07/23/2025,FEU,Z24,4,0.129560586514
07/23/2025,FEU,Z14,4,0.129560586514
07/23/2025,FEU,Z24,5,0.130270266133
07/23/2025,FEU,Z14,5,0.130270266133
07/23/2025,FEU,Z24,6,0.129657681373
07/23/2025,FEU,Z14,6,0.129657681373
07/23/2025,FEU,Z24,7,0.137231896043
07/23/2025,FEU,Z14,7,0.137231896043
07/23/2025,FEU,Z24,8,0.147572888333
07/23/2025,FEU,Z14,8,0.147572888333
07/23/2025,FEU,Z24,9,0.152311845483
07/23/2025,FEU,Z14,9,0.152311845483
07/24/2025,FEU,Z24,1,0.147104277282
07/24/2025,FEU,Z14,1,0.147104277282
07/24/2025,FEU,Z24,10,0.106374499436
07/24/2025,FEU,Z14,10,0.106374499436
07/24/2025,FEU,Z24,11,0.07363402055
07/24/2025,FEU,Z14,11,0.138903951081
07/24/2025,FEU,Z24,12,0.136984065258
07/24/2025,FEU,Z14,12,0.136984065258
07/24/2025,FEU,Z24,13,0.137329409258
07/24/2025,FEU,Z14,13,0.137329409258
07/24/2025,FEU,Z24,14,0.136937489258
07/24/2025,FEU,Z14,14,0.136937489258
07/24/2025,FEU,Z24,15,0.135968481258
07/24/2025,FEU,Z14,15,0.070706828727
07/24/2025,FEU,Z24,16,0.068407441081
07/24/2025,FEU,Z14,16,0.068407441081
07/24/2025,FEU,Z24,17,0.067347263613
07/24/2025,FEU,Z14,17,0.067347263613
07/24/2025,FEU,Z24,18,0.065378881967
07/24/2025,FEU,Z14,18,0.065378881967
07/24/2025,FEU,Z24,19,0.070017747853
07/24/2025,FEU,Z14,19,0.135286131384
07/24/2025,FEU,Z24,2,0.137090247282
07/24/2025,FEU,Z14,2,0.137090247282
07/24/2025,FEU,Z24,20,0.167839429625
07/24/2025,FEU,Z14,20,0.167839429625
07/24/2025,FEU,Z24,21,0.19006968551
07/24/2025,FEU,Z14,21,0.19006968551
07/24/2025,FEU,Z24,22,0.234360952573
07/24/2025,FEU,Z14,22,0.234360952573
07/24/2025,FEU,Z24,23,0.234192782105
07/24/2025,FEU,Z14,23,0.168537106396
07/24/2025,FEU,Z24,24,0.148684620751
07/24/2025,FEU,Z14,24,0.148684620751
07/24/2025,FEU,Z24,3,0.134643777282
07/24/2025,FEU,Z14,3,0.134643777282
07/24/2025,FEU,Z24,4,0.119997717282
07/24/2025,FEU,Z14,4,0.119997717282
07/24/2025,FEU,Z24,5,0.111056567105
07/24/2025,FEU,Z14,5,0.111056567105
07/24/2025,FEU,Z24,6,0.129375780573
07/24/2025,FEU,Z14,6,0.129375780573
07/24/2025,FEU,Z24,7,0.13687444551
07/24/2025,FEU,Z14,7,0.13687444551
07/24/2025,FEU,Z24,8,0.143282522447
07/24/2025,FEU,Z14,8,0.143282522447
07/24/2025,FEU,Z24,9,0.134817691436
07/24/2025,FEU,Z14,9,0.134817691436
07/25/2025,FEU,Z24,1,0.126547410991
07/25/2025,FEU,Z14,1,0.126547410991
07/25/2025,FEU,Z24,10,0.084037302085
07/25/2025,FEU,Z14,10,0.084037302085
07/25/2025,FEU,Z24,11,0.072368796737
07/25/2025,FEU,Z14,11,0.137676261434
07/25/2025,FEU,Z24,12,0.136956448783
07/25/2025,FEU,Z14,12,0.136956448783
07/25/2025,FEU,Z24,13,0.138079348783
07/25/2025,FEU,Z14,13,0.138079348783
07/25/2025,FEU,Z24,14,0.138305927109
07/25/2025,FEU,Z14,14,0.138305927109
07/25/2025,FEU,Z24,15,0.137750095109
07/25/2025,FEU,Z14,15,0.072442930411
07/25/2025,FEU,Z24,16,0.07024688976
07/25/2025,FEU,Z14,16,0.07024688976
07/25/2025,FEU,Z24,17,0.069405333434
07/25/2025,FEU,Z14,17,0.069405333434
07/25/2025,FEU,Z24,18,0.068967717109
07/25/2025,FEU,Z14,18,0.068967717109
07/25/2025,FEU,Z24,19,0.074534552829
07/25/2025,FEU,Z14,19,0.139856525527
07/25/2025,FEU,Z24,2,0.118384245991
07/25/2025,FEU,Z14,2,0.118384245991
07/25/2025,FEU,Z24,20,0.170854553898
07/25/2025,FEU,Z14,20,0.170854553898
07/25/2025,FEU,Z24,21,0.231670691619
07/25/2025,FEU,Z14,21,0.231670691619
07/25/2025,FEU,Z24,22,0.25717005834
07/25/2025,FEU,Z14,22,0.25717005834
07/25/2025,FEU,Z24,23,0.253076863688
07/25/2025,FEU,Z14,23,0.187357246991
07/25/2025,FEU,Z24,24,0.164111773991
07/25/2025,FEU,Z14,24,0.164111773991
07/25/2025,FEU,Z24,3,0.115946227665
07/25/2025,FEU,Z14,3,0.115946227665
07/25/2025,FEU,Z24,4,0.10930131034
07/25/2025,FEU,Z14,4,0.10930131034
07/25/2025,FEU,Z24,5,0.103112883991
07/25/2025,FEU,Z14,5,0.103112883991
07/25/2025,FEU,Z24,6,0.113844832968
07/25/2025,FEU,Z14,6,0.113844832968
07/25/2025,FEU,Z24,7,0.115875586596
07/25/2025,FEU,Z14,7,0.115875586596
07/25/2025,FEU,Z24,8,0.129426776875
07/25/2025,FEU,Z14,8,0.129426776875
07/25/2025,FEU,Z24,9,0.13461132276
07/25/2025,FEU,Z14,9,0.13461132276
07/26/2025,FEU,Z24,1,0.148784219422
07/26/2025,FEU,Z14,1,0.148784219422
07/26/2025,FEU,Z24,10,0.058058604768
07/26/2025,FEU,Z14,10,0.058058604768
07/26/2025,FEU,Z24,11,0.053103745802
07/26/2025,FEU,Z14,11,0.053103745802
07/26/2025,FEU,Z24,12,0.053248527622
07/26/2025,FEU,Z14,12,0.053248527622
07/26/2025,FEU,Z24,13,0.053066790228
07/26/2025,FEU,Z14,13,0.053066790228
07/26/2025,FEU,Z24,14,0.054026316442
07/26/2025,FEU,Z14,14,0.054026316442
07/26/2025,FEU,Z24,15,0.052284350835
07/26/2025,FEU,Z14,15,0.052284350835
07/26/2025,FEU,Z24,16,0.051968450802
07/26/2025,FEU,Z14,16,0.051968450802
07/26/2025,FEU,Z24,17,0.051966100375
07/26/2025,FEU,Z14,17,0.051966100375
07/26/2025,FEU,Z24,18,0.051682177949
07/26/2025,FEU,Z14,18,0.051682177949
07/26/2025,FEU,Z24,19,0.052760703915
07/26/2025,FEU,Z14,19,0.052760703915
07/26/2025,FEU,Z24,2,0.129313659422
07/26/2025,FEU,Z14,2,0.129313659422
07/26/2025,FEU,Z24,20,0.076341792669
07/26/2025,FEU,Z14,20,0.076341792669
07/26/2025,FEU,Z24,21,0.119078553242
07/26/2025,FEU,Z14,21,0.119078553242
07/26/2025,FEU,Z24,22,0.151442130602
07/26/2025,FEU,Z14,22,0.151442130602
07/26/2025,FEU,Z24,23,0.159382681602
07/26/2025,FEU,Z14,23,0.159382681602
07/26/2025,FEU,Z24,24,0.149943250602
07/26/2025,FEU,Z14,24,0.149943250602
07/26/2025,FEU,Z24,3,0.119069835602
07/26/2025,FEU,Z14,3,0.119069835602
07/26/2025,FEU,Z24,4,0.108822414602
07/26/2025,FEU,Z14,4,0.108822414602
07/26/2025,FEU,Z24,5,0.097251388995
07/26/2025,FEU,Z14,5,0.097251388995
07/26/2025,FEU,Z24,6,0.102867612995
07/26/2025,FEU,Z14,6,0.102867612995
07/26/2025,FEU,Z24,7,0.109618694602
07/26/2025,FEU,Z14,7,0.109618694602
07/26/2025,FEU,Z24,8,0.114242344815
07/26/2025,FEU,Z14,8,0.114242344815
07/26/2025,FEU,Z24,9,0.099775817915
07/26/2025,FEU,Z14,9,0.099775817915
07/27/2025,FEU,Z24,1,0.13021110874
07/27/2025,FEU,Z14,1,0.13021110874
07/27/2025,FEU,Z24,10,0.060970323339
07/27/2025,FEU,Z14,10,0.060970323339
07/27/2025,FEU,Z24,11,0.05911505417
07/27/2025,FEU,Z14,11,0.05911505417
07/27/2025,FEU,Z24,12,0.058418544064
07/27/2025,FEU,Z14,12,0.058418544064
07/27/2025,FEU,Z24,13,0.057602997001
07/27/2025,FEU,Z14,13,0.057602997001
07/27/2025,FEU,Z24,14,0.05670183198
07/27/2025,FEU,Z14,14,0.05670183198
07/27/2025,FEU,Z24,15,0.056135122916
07/27/2025,FEU,Z14,15,0.056135122916
07/27/2025,FEU,Z24,16,0.056227385937
07/27/2025,FEU,Z14,16,0.056227385937
07/27/2025,FEU,Z24,17,0.056415158022
07/27/2025,FEU,Z14,17,0.056415158022
07/27/2025,FEU,Z24,18,0.056675304254
07/27/2025,FEU,Z14,18,0.056675304254
07/27/2025,FEU,Z24,19,0.05638502855
07/27/2025,FEU,Z14,19,0.05638502855
07/27/2025,FEU,Z24,2,0.120430376845
07/27/2025,FEU,Z14,2,0.120430376845
07/27/2025,FEU,Z24,20,0.061713168571
07/27/2025,FEU,Z14,20,0.061713168571
07/27/2025,FEU,Z24,21,0.100509288571
07/27/2025,FEU,Z14,21,0.100509288571
07/27/2025,FEU,Z24,22,0.125005668571
07/27/2025,FEU,Z14,22,0.125005668571
07/27/2025,FEU,Z24,23,0.15192780455
07/27/2025,FEU,Z14,23,0.15192780455
07/27/2025,FEU,Z24,24,0.130054749592
07/27/2025,FEU,Z14,24,0.130054749592
07/27/2025,FEU,Z24,3,0.122466664908
07/27/2025,FEU,Z14,3,0.122466664908
07/27/2025,FEU,Z24,4,0.122657824908
07/27/2025,FEU,Z14,4,0.122657824908
07/27/2025,FEU,Z24,5,0.115338284908
07/27/2025,FEU,Z14,5,0.115338284908
07/27/2025,FEU,Z24,6,0.115314684908
07/27/2025,FEU,Z14,6,0.115314684908
07/27/2025,FEU,Z24,7,0.115686381887
07/27/2025,FEU,Z14,7,0.115686381887
07/27/2025,FEU,Z24,8,0.135933680866
07/27/2025,FEU,Z14,8,0.135933680866
07/27/2025,FEU,Z24,9,0.100034968528
07/27/2025,FEU,Z14,9,0.100034968528
07/28/2025,FEU,Z24,1,0.119130647157
07/28/2025,FEU,Z14,1,0.119130647157
07/28/2025,FEU,Z24,10,0.115357261207
07/28/2025,FEU,Z14,10,0.115357261207
07/28/2025,FEU,Z24,11,0.094306472964
07/28/2025,FEU,Z14,11,0.159631189146
07/28/2025,FEU,Z24,12,0.154164072025
07/28/2025,FEU,Z14,12,0.154164072025
07/28/2025,FEU,Z24,13,0.151299848025
07/28/2025,FEU,Z14,13,0.151299848025
07/28/2025,FEU,Z24,14,0.149191140964
07/28/2025,FEU,Z14,14,0.149191140964
07/28/2025,FEU,Z24,15,0.148619170025
07/28/2025,FEU,Z14,15,0.083325858842
07/28/2025,FEU,Z24,16,0.081980445207
07/28/2025,FEU,Z14,16,0.081980445207
07/28/2025,FEU,Z24,17,0.080666283329
07/28/2025,FEU,Z14,17,0.080666283329
07/28/2025,FEU,Z24,18,0.08072377639
07/28/2025,FEU,Z14,18,0.08072377639
07/28/2025,FEU,Z24,19,0.085262645695
07/28/2025,FEU,Z14,19,0.150620981938
07/28/2025,FEU,Z24,2,0.113900431401
07/28/2025,FEU,Z14,2,0.113900431401
07/28/2025,FEU,Z24,20,0.165037404243
07/28/2025,FEU,Z14,20,0.165037404243
07/28/2025,FEU,Z24,21,0.210641002487
07/28/2025,FEU,Z14,21,0.210641002487
07/28/2025,FEU,Z24,22,0.226004066791
07/28/2025,FEU,Z14,22,0.226004066791
07/28/2025,FEU,Z24,23,0.240884345974
07/28/2025,FEU,Z14,23,0.17520689073
07/28/2025,FEU,Z24,24,0.150805670974
07/28/2025,FEU,Z14,24,0.150805670974
07/28/2025,FEU,Z24,3,0.108981659462
07/28/2025,FEU,Z14,3,0.108981659462
07/28/2025,FEU,Z24,4,0.104051540462
07/28/2025,FEU,Z14,4,0.104051540462
07/28/2025,FEU,Z24,5,0.101705540462
07/28/2025,FEU,Z14,5,0.101705540462
07/28/2025,FEU,Z24,6,0.103872926218
07/28/2025,FEU,Z14,6,0.103872926218
07/28/2025,FEU,Z24,7,0.110788816548
07/28/2025,FEU,Z14,7,0.110788816548
07/28/2025,FEU,Z24,8,0.120678065121
07/28/2025,FEU,Z14,8,0.120678065121
07/28/2025,FEU,Z24,9,0.150025709207
07/28/2025,FEU,Z14,9,0.150025709207
07/29/2025,FEU,Z24,1,0.106207529026
07/29/2025,FEU,Z14,1,0.106207529026
07/29/2025,FEU,Z24,10,0.093237849107
07/29/2025,FEU,Z14,10,0.093237849107
07/29/2025,FEU,Z24,11,0.087670750865
07/29/2025,FEU,Z14,11,0.152978457107
07/29/2025,FEU,Z24,12,0.147352345855
07/29/2025,FEU,Z14,12,0.147352345855
07/29/2025,FEU,Z24,13,0.149314807855
07/29/2025,FEU,Z14,13,0.149314807855
07/29/2025,FEU,Z24,14,0.148252849855
07/29/2025,FEU,Z14,14,0.148252849855
07/29/2025,FEU,Z24,15,0.147654328602
07/29/2025,FEU,Z14,15,0.08236064336
07/29/2025,FEU,Z24,16,0.082582285855
07/29/2025,FEU,Z14,16,0.082582285855
07/29/2025,FEU,Z24,17,0.079684970602
07/29/2025,FEU,Z14,17,0.079684970602
07/29/2025,FEU,Z24,18,0.079564445592
07/29/2025,FEU,Z14,18,0.079564445592
07/29/2025,FEU,Z24,19,0.091013871329
07/29/2025,FEU,Z14,19,0.156338409572
07/29/2025,FEU,Z24,2,0.093853004016
07/29/2025,FEU,Z14,2,0.093853004016
07/29/2025,FEU,Z24,20,0.185239008309
07/29/2025,FEU,Z14,20,0.185239008309
07/29/2025,FEU,Z24,21,0.208486931551
07/29/2025,FEU,Z14,21,0.208486931551
07/29/2025,FEU,Z24,22,0.252374530036
07/29/2025,FEU,Z14,22,0.252374530036
07/29/2025,FEU,Z24,23,0.258804405773
07/29/2025,FEU,Z14,23,0.193065680783
07/29/2025,FEU,Z24,24,0.173883150278
07/29/2025,FEU,Z14,24,0.173883150278
07/29/2025,FEU,Z24,3,0.092527193268
07/29/2025,FEU,Z14,3,0.092527193268
07/29/2025,FEU,Z24,4,0.087010234521
07/29/2025,FEU,Z14,4,0.087010234521
07/29/2025,FEU,Z24,5,0.085561774521
07/29/2025,FEU,Z14,5,0.085561774521
07/29/2025,FEU,Z24,6,0.090230456278
07/29/2025,FEU,Z14,6,0.090230456278
07/29/2025,FEU,Z24,7,0.103580787046
07/29/2025,FEU,Z14,7,0.103580787046
07/29/2025,FEU,Z24,8,0.108609709572
07/29/2025,FEU,Z14,8,0.108609709572
07/29/2025,FEU,Z24,9,0.133026249107
07/29/2025,FEU,Z14,9,0.133026249107
07/30/2025,FEU,Z24,1,0.120521917663
07/30/2025,FEU,Z14,1,0.120521917663
07/30/2025,FEU,Z24,10,0.114033264874
07/30/2025,FEU,Z14,10,0.114033264874
07/30/2025,FEU,Z24,11,0.094212607451
07/30/2025,FEU,Z14,11,0.159535939874
07/30/2025,FEU,Z24,12,0.152347634155
07/30/2025,FEU,Z14,12,0.152347634155
07/30/2025,FEU,Z24,13,0.155050968015
07/30/2025,FEU,Z14,13,0.155050968015
07/30/2025,FEU,Z24,14,0.152161844874
07/30/2025,FEU,Z14,14,0.152161844874
07/30/2025,FEU,Z24,15,0.151580488015
07/30/2025,FEU,Z14,15,0.086225215451
07/30/2025,FEU,Z24,16,0.084238904015
07/30/2025,FEU,Z14,16,0.084238904015
07/30/2025,FEU,Z24,17,0.082741913155
07/30/2025,FEU,Z14,17,0.082741913155
07/30/2025,FEU,Z24,18,0.082687503437
07/30/2025,FEU,Z14,18,0.082687503437
07/30/2025,FEU,Z24,19,0.109978575423
07/30/2025,FEU,Z14,19,0.175424261987
07/30/2025,FEU,Z24,2,0.103269014804
07/30/2025,FEU,Z14,2,0.103269014804
07/30/2025,FEU,Z24,20,0.185752282691
07/30/2025,FEU,Z14,20,0.185752282691
07/30/2025,FEU,Z24,21,0.227278963395
07/30/2025,FEU,Z14,21,0.227278963395
07/30/2025,FEU,Z24,22,0.251616092522
07/30/2025,FEU,Z14,22,0.251616092522
07/30/2025,FEU,Z24,23,0.255238194804
07/30/2025,FEU,Z14,23,0.18951026824
07/30/2025,FEU,Z24,24,0.176344224804
07/30/2025,FEU,Z14,24,0.176344224804
07/30/2025,FEU,Z24,3,0.098420125945
07/30/2025,FEU,Z14,3,0.098420125945
07/30/2025,FEU,Z24,4,0.088684431945
07/30/2025,FEU,Z14,4,0.088684431945
07/30/2025,FEU,Z24,5,0.082282758663
07/30/2025,FEU,Z14,5,0.082282758663
07/30/2025,FEU,Z24,6,0.088008874099
07/30/2025,FEU,Z14,6,0.088008874099
07/30/2025,FEU,Z24,7,0.098466631113
07/30/2025,FEU,Z14,7,0.098466631113
07/30/2025,FEU,Z24,8,0.128764850846
07/30/2025,FEU,Z14,8,0.128764850846
07/30/2025,FEU,Z24,9,0.138686779733
07/30/2025,FEU,Z14,9,0.138686779733
07/31/2025,FEU,Z24,1,0.132470259214
07/31/2025,FEU,Z14,1,0.132470259214
07/31/2025,FEU,Z24,10,0.117780078723
07/31/2025,FEU,Z14,10,0.117780078723
07/31/2025,FEU,Z24,11,0.097228627376
07/31/2025,FEU,Z14,11,0.162559952784
07/31/2025,FEU,Z24,12,0.155910157254
07/31/2025,FEU,Z14,12,0.155910157254
07/31/2025,FEU,Z24,13,0.163695165254
07/31/2025,FEU,Z14,13,0.163695165254
07/31/2025,FEU,Z24,14,0.154226605254
07/31/2025,FEU,Z14,14,0.154226605254
07/31/2025,FEU,Z24,15,0.156266861254
07/31/2025,FEU,Z14,15,0.090951603846
07/31/2025,FEU,Z24,16,0.091476647784
07/31/2025,FEU,Z14,16,0.091476647784
07/31/2025,FEU,Z24,17,0.091563098193
07/31/2025,FEU,Z14,17,0.091563098193
07/31/2025,FEU,Z24,18,0.101281235131
07/31/2025,FEU,Z14,18,0.101281235131
07/31/2025,FEU,Z24,19,0.120885852479
07/31/2025,FEU,Z14,19,0.186287514887
07/31/2025,FEU,Z24,2,0.119700879214
07/31/2025,FEU,Z14,2,0.119700879214
07/31/2025,FEU,Z24,20,0.222083187173
07/31/2025,FEU,Z14,20,0.222083187173
07/31/2025,FEU,Z24,21,0.24264122452
07/31/2025,FEU,Z14,21,0.24264122452
07/31/2025,FEU,Z24,22,0.251194835336
07/31/2025,FEU,Z14,22,0.251194835336
07/31/2025,FEU,Z24,23,0.247187727744
07/31/2025,FEU,Z14,23,0.181488751867
07/31/2025,FEU,Z24,24,0.169737641806
07/31/2025,FEU,Z14,24,0.169737641806
07/31/2025,FEU,Z24,3,0.114107109214
07/31/2025,FEU,Z14,3,0.114107109214
07/31/2025,FEU,Z24,4,0.096835569214
07/31/2025,FEU,Z14,4,0.096835569214
07/31/2025,FEU,Z24,5,0.096186059744
07/31/2025,FEU,Z14,5,0.096186059744
07/31/2025,FEU,Z24,6,0.097592127336
07/31/2025,FEU,Z14,6,0.097592127336
07/31/2025,FEU,Z24,7,0.12543950452
07/31/2025,FEU,Z14,7,0.12543950452
07/31/2025,FEU,Z24,8,0.146023609703
07/31/2025,FEU,Z14,8,0.146023609703
07/31/2025,FEU,Z24,9,0.157961658723
07/31/2025,FEU,Z14,9,0.157961658723
08/01/2025,FEU,Z24,1,0.144800697922
08/01/2025,FEU,Z14,1,0.144800697922
08/01/2025,FEU,Z24,10,0.131938495039
08/01/2025,FEU,Z14,10,0.131938495039
08/01/2025,FEU,Z24,11,0.114303011026
08/01/2025,FEU,Z14,11,0.179758839237
08/01/2025,FEU,Z24,12,0.167818531842
08/01/2025,FEU,Z14,12,0.167818531842
08/01/2025,FEU,Z24,13,0.164152435039
08/01/2025,FEU,Z14,13,0.164152435039
08/01/2025,FEU,Z24,14,0.154083955039
08/01/2025,FEU,Z14,14,0.154083955039
08/01/2025,FEU,Z24,15,0.14837627025
08/01/2025,FEU,Z14,15,0.083076028842
08/01/2025,FEU,Z24,16,0.07585752625
08/01/2025,FEU,Z14,16,0.07585752625
08/01/2025,FEU,Z24,17,0.079280285855
08/01/2025,FEU,Z14,17,0.079280285855
08/01/2025,FEU,Z24,18,0.090487809461
08/01/2025,FEU,Z14,18,0.090487809461
08/01/2025,FEU,Z24,19,0.115266123066
08/01/2025,FEU,Z14,19,0.180654491474
08/01/2025,FEU,Z24,2,0.13649987433
08/01/2025,FEU,Z14,2,0.13649987433
08/01/2025,FEU,Z24,20,0.206571663487
08/01/2025,FEU,Z14,20,0.206571663487
08/01/2025,FEU,Z24,21,0.222081814922
08/01/2025,FEU,Z14,21,0.222081814922
08/01/2025,FEU,Z24,22,0.238041396725
08/01/2025,FEU,Z14,22,0.238041396725
08/01/2025,FEU,Z24,23,0.238466255935
08/01/2025,FEU,Z14,23,0.172795096725
08/01/2025,FEU,Z24,24,0.165867567527
08/01/2025,FEU,Z14,24,0.165867567527
08/01/2025,FEU,Z24,3,0.12442645833
08/01/2025,FEU,Z14,3,0.12442645833
08/01/2025,FEU,Z24,4,0.11226851433
08/01/2025,FEU,Z14,4,0.11226851433
08/01/2025,FEU,Z24,5,0.103577345527
08/01/2025,FEU,Z14,5,0.103577345527
08/01/2025,FEU,Z24,6,0.113334129119
08/01/2025,FEU,Z14,6,0.113334129119
08/01/2025,FEU,Z24,7,0.124537486303
08/01/2025,FEU,Z14,7,0.124537486303
08/01/2025,FEU,Z24,8,0.143779937487
08/01/2025,FEU,Z14,8,0.143779937487
08/01/2025,FEU,Z24,9,0.167553791263
08/01/2025,FEU,Z14,9,0.167553791263
08/02/2025,FEU,Z24,1,0.155490312263
08/02/2025,FEU,Z14,1,0.155490312263
08/02/2025,FEU,Z24,10,0.062326186875
08/02/2025,FEU,Z14,10,0.062326186875
08/02/2025,FEU,Z24,11,0.058834432968
08/02/2025,FEU,Z14,11,0.058834432968
08/02/2025,FEU,Z24,12,0.057577270968
08/02/2025,FEU,Z14,12,0.057577270968
08/02/2025,FEU,Z24,13,0.057053321587
08/02/2025,FEU,Z14,13,0.057053321587
08/02/2025,FEU,Z24,14,0.056031199443
08/02/2025,FEU,Z14,14,0.056031199443
08/02/2025,FEU,Z24,15,0.055368981824
08/02/2025,FEU,Z14,15,0.055368981824
08/02/2025,FEU,Z24,16,0.056146481587
08/02/2025,FEU,Z14,16,0.056146481587
08/02/2025,FEU,Z24,17,0.056612925731
08/02/2025,FEU,Z14,17,0.056612925731
08/02/2025,FEU,Z24,18,0.057664903256
08/02/2025,FEU,Z14,18,0.057664903256
08/02/2025,FEU,Z24,19,0.060636068781
08/02/2025,FEU,Z14,19,0.060636068781
08/02/2025,FEU,Z24,2,0.134497120407
08/02/2025,FEU,Z14,2,0.134497120407
08/02/2025,FEU,Z24,20,0.068830108688
08/02/2025,FEU,Z14,20,0.068830108688
08/02/2025,FEU,Z24,21,0.130670954882
08/02/2025,FEU,Z14,21,0.130670954882
08/02/2025,FEU,Z24,22,0.160203010882
08/02/2025,FEU,Z14,22,0.160203010882
08/02/2025,FEU,Z24,23,0.160792961645
08/02/2025,FEU,Z14,23,0.160792961645
08/02/2025,FEU,Z24,24,0.138062260788
08/02/2025,FEU,Z14,24,0.138062260788
08/02/2025,FEU,Z24,3,0.122970668551
08/02/2025,FEU,Z14,3,0.122970668551
08/02/2025,FEU,Z24,4,0.103641369932
08/02/2025,FEU,Z14,4,0.103641369932
08/02/2025,FEU,Z24,5,0.097300843314
08/02/2025,FEU,Z14,5,0.097300843314
08/02/2025,FEU,Z24,6,0.098386160551
08/02/2025,FEU,Z14,6,0.098386160551
08/02/2025,FEU,Z24,7,0.105029098026
08/02/2025,FEU,Z14,7,0.105029098026
08/02/2025,FEU,Z24,8,0.110316831645
08/02/2025,FEU,Z14,8,0.110316831645
08/02/2025,FEU,Z24,9,0.09195463945
08/02/2025,FEU,Z14,9,0.09195463945
08/03/2025,FEU,Z24,1,0.139209940804
08/03/2025,FEU,Z14,1,0.139209940804
08/03/2025,FEU,Z24,10,0.050735436473
08/03/2025,FEU,Z14,10,0.050735436473
08/03/2025,FEU,Z24,11,0.055021543995
08/03/2025,FEU,Z14,11,0.055021543995
08/03/2025,FEU,Z24,12,0.053295495517
08/03/2025,FEU,Z14,12,0.053295495517
08/03/2025,FEU,Z24,13,0.051597016532
08/03/2025,FEU,Z14,13,0.051597016532
08/03/2025,FEU,Z24,14,0.048475433039
08/03/2025,FEU,Z14,14,0.048475433039
08/03/2025,FEU,Z24,15,0.048960485547
08/03/2025,FEU,Z14,15,0.048960485547
08/03/2025,FEU,Z24,16,0.048147968039
08/03/2025,FEU,Z14,16,0.048147968039
08/03/2025,FEU,Z24,17,0.052008711517
08/03/2025,FEU,Z14,17,0.052008711517
08/03/2025,FEU,Z24,18,0.055199211458
08/03/2025,FEU,Z14,18,0.055199211458
08/03/2025,FEU,Z24,19,0.049872345429
08/03/2025,FEU,Z14,19,0.049872345429
08/03/2025,FEU,Z24,2,0.128892538774
08/03/2025,FEU,Z14,2,0.128892538774
08/03/2025,FEU,Z24,20,0.082914975399
08/03/2025,FEU,Z14,20,0.082914975399
08/03/2025,FEU,Z24,21,0.135899596355
08/03/2025,FEU,Z14,21,0.135899596355
08/03/2025,FEU,Z24,22,0.15713836137
08/03/2025,FEU,Z14,22,0.15713836137
08/03/2025,FEU,Z24,23,0.15864906937
08/03/2025,FEU,Z14,23,0.15864906937
08/03/2025,FEU,Z24,24,0.146304758355
08/03/2025,FEU,Z14,24,0.146304758355
08/03/2025,FEU,Z24,3,0.102255085759
08/03/2025,FEU,Z14,3,0.102255085759
08/03/2025,FEU,Z24,4,0.096959445252
08/03/2025,FEU,Z14,4,0.096959445252
08/03/2025,FEU,Z24,5,0.088590341759
08/03/2025,FEU,Z14,5,0.088590341759
08/03/2025,FEU,Z24,6,0.089408338774
08/03/2025,FEU,Z14,6,0.089408338774
08/03/2025,FEU,Z24,7,0.090543292804
08/03/2025,FEU,Z14,7,0.090543292804
08/03/2025,FEU,Z24,8,0.096886443804
08/03/2025,FEU,Z14,8,0.096886443804
08/03/2025,FEU,Z24,9,0.068569405877
08/03/2025,FEU,Z14,9,0.068569405877
08/04/2025,FEU,Z24,1,0.122480545779
08/04/2025,FEU,Z14,1,0.122480545779
08/04/2025,FEU,Z24,10,0.11957006595
08/04/2025,FEU,Z14,10,0.11957006595
08/04/2025,FEU,Z24,11,0.092366716267
08/04/2025,FEU,Z14,11,0.15768798728
08/04/2025,FEU,Z24,12,0.14045749395
08/04/2025,FEU,Z14,12,0.14045749395
08/04/2025,FEU,Z24,13,0.13280227495
08/04/2025,FEU,Z14,13,0.13280227495
08/04/2025,FEU,Z24,14,0.12734418695
08/04/2025,FEU,Z14,14,0.12734418695
08/04/2025,FEU,Z24,15,0.126694701962
08/04/2025,FEU,Z14,15,0.06145259095
08/04/2025,FEU,Z24,16,0.061059142292
08/04/2025,FEU,Z14,16,0.061059142292
08/04/2025,FEU,Z24,17,0.063402737633
08/04/2025,FEU,Z14,17,0.063402737633
08/04/2025,FEU,Z24,18,0.086504022975
08/04/2025,FEU,Z14,18,0.086504022975
08/04/2025,FEU,Z24,19,0.102558338316
08/04/2025,FEU,Z14,19,0.167978613999
08/04/2025,FEU,Z24,2,0.123192372791
08/04/2025,FEU,Z14,2,0.123192372791
08/04/2025,FEU,Z24,20,0.204629003353
08/04/2025,FEU,Z14,20,0.204629003353
08/04/2025,FEU,Z24,21,0.24055155973
08/04/2025,FEU,Z14,21,0.24055155973
08/04/2025,FEU,Z24,22,0.315705391072
08/04/2025,FEU,Z14,22,0.315705391072
08/04/2025,FEU,Z24,23,0.282476551426
08/04/2025,FEU,Z14,23,0.216654854743
08/04/2025,FEU,Z24,24,0.191788374084
08/04/2025,FEU,Z14,24,0.191788374084
08/04/2025,FEU,Z24,3,0.123667010121
08/04/2025,FEU,Z14,3,0.123667010121
08/04/2025,FEU,Z24,4,0.124349628121
08/04/2025,FEU,Z14,4,0.124349628121
08/04/2025,FEU,Z24,5,0.12945893145
08/04/2025,FEU,Z14,5,0.12945893145
08/04/2025,FEU,Z24,6,0.128743288096
08/04/2025,FEU,Z14,6,0.128743288096
08/04/2025,FEU,Z24,7,0.14010211173
08/04/2025,FEU,Z14,7,0.14010211173
08/04/2025,FEU,Z24,8,0.153234788365
08/04/2025,FEU,Z14,8,0.153234788365
08/04/2025,FEU,Z24,9,0.165349885987
08/04/2025,FEU,Z14,9,0.165349885987
08/05/2025,FEU,Z24,1,0.188578165107
08/05/2025,FEU,Z14,1,0.188578165107
08/05/2025,FEU,Z24,10,0.093480813508
08/05/2025,FEU,Z14,10,0.093480813508
08/05/2025,FEU,Z24,11,0.061148223346
08/05/2025,FEU,Z14,11,0.126415496875
08/05/2025,FEU,Z24,12,0.122629286875
08/05/2025,FEU,Z14,12,0.122629286875
08/05/2025,FEU,Z24,13,0.121303807508
08/05/2025,FEU,Z14,13,0.121303807508
08/05/2025,FEU,Z24,14,0.11892351614
08/05/2025,FEU,Z14,14,0.11892351614
08/05/2025,FEU,Z24,15,0.119085897669
08/05/2025,FEU,Z14,15,0.053864260772
08/05/2025,FEU,Z24,16,0.053851042037
08/05/2025,FEU,Z14,16,0.053851042037
08/05/2025,FEU,Z24,17,0.054651003301
08/05/2025,FEU,Z14,17,0.054651003301
08/05/2025,FEU,Z24,18,0.053602040198
08/05/2025,FEU,Z14,18,0.053602040198
08/05/2025,FEU,Z24,19,0.058778914462
08/05/2025,FEU,Z14,19,0.124047759991
08/05/2025,FEU,Z24,2,0.155774317004
08/05/2025,FEU,Z14,2,0.155774317004
08/05/2025,FEU,Z24,20,0.177364698888
08/05/2025,FEU,Z14,20,0.177364698888
08/05/2025,FEU,Z24,21,0.219775211578
08/05/2025,FEU,Z14,21,0.219775211578
08/05/2025,FEU,Z24,22,0.241592478843
08/05/2025,FEU,Z14,22,0.241592478843
08/05/2025,FEU,Z24,23,0.238404637636
08/05/2025,FEU,Z14,23,0.172734561107
08/05/2025,FEU,Z24,24,0.158450488636
08/05/2025,FEU,Z14,24,0.158450488636
08/05/2025,FEU,Z24,3,0.143435501004
08/05/2025,FEU,Z14,3,0.143435501004
08/05/2025,FEU,Z24,4,0.139883417901
08/05/2025,FEU,Z14,4,0.139883417901
08/05/2025,FEU,Z24,5,0.138816411636
08/05/2025,FEU,Z14,5,0.138816411636
08/05/2025,FEU,Z24,6,0.134852094107
08/05/2025,FEU,Z14,6,0.134852094107
08/05/2025,FEU,Z24,7,0.147227984682
08/05/2025,FEU,Z14,7,0.147227984682
08/05/2025,FEU,Z24,8,0.15500601952
08/05/2025,FEU,Z14,8,0.15500601952
08/05/2025,FEU,Z24,9,0.152686782198
08/05/2025,FEU,Z14,9,0.152686782198
08/06/2025,FEU,Z24,1,0.117668989445
08/06/2025,FEU,Z14,1,0.117668989445
08/06/2025,FEU,Z24,10,0.135967643707
08/06/2025,FEU,Z14,10,0.135967643707
08/06/2025,FEU,Z24,11,0.104450652429
08/06/2025,FEU,Z14,11,0.169804938847
08/06/2025,FEU,Z24,12,0.144178115125
08/06/2025,FEU,Z14,12,0.144178115125
08/06/2025,FEU,Z24,13,0.143713555265
08/06/2025,FEU,Z14,13,0.143713555265
08/06/2025,FEU,Z24,14,0.139610115125
08/06/2025,FEU,Z14,14,0.139610115125
08/06/2025,FEU,Z24,15,0.139496509683
08/06/2025,FEU,Z14,15,0.074178079125
08/06/2025,FEU,Z24,16,0.074472899543
08/06/2025,FEU,Z14,16,0.074472899543
08/06/2025,FEU,Z24,17,0.077073475683
08/06/2025,FEU,Z14,17,0.077073475683
08/06/2025,FEU,Z24,18,0.102920180822
08/06/2025,FEU,Z14,18,0.102920180822
08/06/2025,FEU,Z24,19,0.138441965101
08/06/2025,FEU,Z14,19,0.203891480519
08/06/2025,FEU,Z24,2,0.112994230002
08/06/2025,FEU,Z14,2,0.112994230002
08/06/2025,FEU,Z24,20,0.234139763215
08/06/2025,FEU,Z14,20,0.234139763215
08/06/2025,FEU,Z24,21,0.245256283609
08/06/2025,FEU,Z14,21,0.245256283609
08/06/2025,FEU,Z24,22,0.310161983305
08/06/2025,FEU,Z14,22,0.310161983305
08/06/2025,FEU,Z24,23,0.287216141002
08/06/2025,FEU,Z14,23,0.221377841445
08/06/2025,FEU,Z24,24,0.182580563863
08/06/2025,FEU,Z14,24,0.182580563863
08/06/2025,FEU,Z24,3,0.118720884141
08/06/2025,FEU,Z14,3,0.118720884141
08/06/2025,FEU,Z24,4,0.114822111002
08/06/2025,FEU,Z14,4,0.114822111002
08/06/2025,FEU,Z24,5,0.121112224141
08/06/2025,FEU,Z14,5,0.121112224141
08/06/2025,FEU,Z24,6,0.132132538723
08/06/2025,FEU,Z14,6,0.132132538723
08/06/2025,FEU,Z24,7,0.130041522469
08/06/2025,FEU,Z14,7,0.130041522469
08/06/2025,FEU,Z24,8,0.144710201633
08/06/2025,FEU,Z14,8,0.144710201633
08/06/2025,FEU,Z24,9,0.15777856024
08/06/2025,FEU,Z14,9,0.15777856024
08/07/2025,FEU,Z24,1,0.153093199396
08/07/2025,FEU,Z14,1,0.153093199396
08/07/2025,FEU,Z24,10,0.137760173061
08/07/2025,FEU,Z14,10,0.137760173061
08/07/2025,FEU,Z24,11,0.102625322491
08/07/2025,FEU,Z14,11,0.167973167233
08/07/2025,FEU,Z24,12,0.140366774319
08/07/2025,FEU,Z14,12,0.140366774319
08/07/2025,FEU,Z24,13,0.139715306233
08/07/2025,FEU,Z14,13,0.139715306233
08/07/2025,FEU,Z24,14,0.139503024147
08/07/2025,FEU,Z14,14,0.139503024147
08/07/2025,FEU,Z24,15,0.138271322889
08/07/2025,FEU,Z14,15,0.072999410147
08/07/2025,FEU,Z24,16,0.072168195889
08/07/2025,FEU,Z14,16,0.072168195889
08/07/2025,FEU,Z24,17,0.073278535717
08/07/2025,FEU,Z14,17,0.073278535717
08/07/2025,FEU,Z24,18,0.097843300373
08/07/2025,FEU,Z14,18,0.097843300373
08/07/2025,FEU,Z24,19,0.123567557287
08/07/2025,FEU,Z14,19,0.189061524943
08/07/2025,FEU,Z24,2,0.143092039396
08/07/2025,FEU,Z14,2,0.143092039396
08/07/2025,FEU,Z24,20,0.224370296599
08/07/2025,FEU,Z14,20,0.224370296599
08/07/2025,FEU,Z24,21,0.241280274826
08/07/2025,FEU,Z14,21,0.241280274826
08/07/2025,FEU,Z24,22,0.276477875568
08/07/2025,FEU,Z14,22,0.276477875568
08/07/2025,FEU,Z24,23,0.253740839052
08/07/2025,FEU,Z14,23,0.188017049396
08/07/2025,FEU,Z24,24,0.17206878831
08/07/2025,FEU,Z14,24,0.17206878831
08/07/2025,FEU,Z24,3,0.139825399396
08/07/2025,FEU,Z14,3,0.139825399396
08/07/2025,FEU,Z24,4,0.141251629396
08/07/2025,FEU,Z14,4,0.141251629396
08/07/2025,FEU,Z24,5,0.140562499396
08/07/2025,FEU,Z14,5,0.140562499396
08/07/2025,FEU,Z24,6,0.14112175774
08/07/2025,FEU,Z14,6,0.14112175774
08/07/2025,FEU,Z24,7,0.150717722341
08/07/2025,FEU,Z14,7,0.150717722341
08/07/2025,FEU,Z24,8,0.157929940771
08/07/2025,FEU,Z14,8,0.157929940771
08/07/2025,FEU,Z24,9,0.177970426373
08/07/2025,FEU,Z14,9,0.177970426373
08/08/2025,FEU,Z24,1,0.145342613584
08/08/2025,FEU,Z14,1,0.145342613584
08/08/2025,FEU,Z24,10,0.132118364513
08/08/2025,FEU,Z14,10,0.132118364513
08/08/2025,FEU,Z24,11,0.098430921599
08/08/2025,FEU,Z14,11,0.163830812931
08/08/2025,FEU,Z24,12,0.127884422096
08/08/2025,FEU,Z14,12,0.127884422096
08/08/2025,FEU,Z24,13,0.124901984513
08/08/2025,FEU,Z14,13,0.124901984513
08/08/2025,FEU,Z24,14,0.115341944513
08/08/2025,FEU,Z14,14,0.115341944513
08/08/2025,FEU,Z24,15,0.114666914845
08/08/2025,FEU,Z14,15,0.049455072096
08/08/2025,FEU,Z24,16,0.049952538845
08/08/2025,FEU,Z14,16,0.049952538845
08/08/2025,FEU,Z24,17,0.060159024011
08/08/2025,FEU,Z14,17,0.060159024011
08/08/2025,FEU,Z24,18,0.104165977177
08/08/2025,FEU,Z14,18,0.104165977177
08/08/2025,FEU,Z24,19,0.130076720343
08/08/2025,FEU,Z14,19,0.195504878091
08/08/2025,FEU,Z24,2,0.142847434332
08/08/2025,FEU,Z14,2,0.142847434332
08/08/2025,FEU,Z24,20,0.235052419006
08/08/2025,FEU,Z14,20,0.235052419006
08/08/2025,FEU,Z24,21,0.240362038584
08/08/2025,FEU,Z14,21,0.240362038584
08/08/2025,FEU,Z24,22,0.271114979166
08/08/2025,FEU,Z14,22,0.271114979166
08/08/2025,FEU,Z24,23,0.247451813498
08/08/2025,FEU,Z14,23,0.181748919166
08/08/2025,FEU,Z24,24,0.174305871749
08/08/2025,FEU,Z14,24,0.174305871749
08/08/2025,FEU,Z24,3,0.144444074332
08/08/2025,FEU,Z14,3,0.144444074332
08/08/2025,FEU,Z24,4,0.138783046332
08/08/2025,FEU,Z14,4,0.138783046332
08/08/2025,FEU,Z24,5,0.137476787749
08/08/2025,FEU,Z14,5,0.137476787749
08/08/2025,FEU,Z24,6,0.139805122001
08/08/2025,FEU,Z14,6,0.139805122001
08/08/2025,FEU,Z24,7,0.143321862503
08/08/2025,FEU,Z14,7,0.143321862503
08/08/2025,FEU,Z24,8,0.149993511006
08/08/2025,FEU,Z14,8,0.149993511006
08/08/2025,FEU,Z24,9,0.17411662676
08/08/2025,FEU,Z14,9,0.17411662676
08/09/2025,FEU,Z24,1,0.147930254718
08/09/2025,FEU,Z14,1,0.147930254718
08/09/2025,FEU,Z24,10,0.08461292869
08/09/2025,FEU,Z14,10,0.08461292869
08/09/2025,FEU,Z24,11,0.034555206093
08/09/2025,FEU,Z14,11,0.034555206093
08/09/2025,FEU,Z24,12,0.034264122093
08/09/2025,FEU,Z14,12,0.034264122093
08/09/2025,FEU,Z24,13,0.034004400773
08/09/2025,FEU,Z14,13,0.034004400773
08/09/2025,FEU,Z24,14,0.032961586815
08/09/2025,FEU,Z14,14,0.032961586815
08/09/2025,FEU,Z24,15,0.032859812134
08/09/2025,FEU,Z14,15,0.032859812134
08/09/2025,FEU,Z24,16,0.033365490773
08/09/2025,FEU,Z14,16,0.033365490773
08/09/2025,FEU,Z24,17,0.033293530732
08/09/2025,FEU,Z14,17,0.033293530732
08/09/2025,FEU,Z24,18,0.037866560009
08/09/2025,FEU,Z14,18,0.037866560009
08/09/2025,FEU,Z24,19,0.068407785287
08/09/2025,FEU,Z14,19,0.068407785287
08/09/2025,FEU,Z24,2,0.148671375676
08/09/2025,FEU,Z14,2,0.148671375676
08/09/2025,FEU,Z24,20,0.109932919885
08/09/2025,FEU,Z14,20,0.109932919885
08/09/2025,FEU,Z24,21,0.134171646399
08/09/2025,FEU,Z14,21,0.134171646399
08/09/2025,FEU,Z24,22,0.144928262399
08/09/2025,FEU,Z14,22,0.144928262399
08/09/2025,FEU,Z24,23,0.141856269037
08/09/2025,FEU,Z14,23,0.141856269037
08/09/2025,FEU,Z24,24,0.140765756996
08/09/2025,FEU,Z14,24,0.140765756996
08/09/2025,FEU,Z24,3,0.149486305635
08/09/2025,FEU,Z14,3,0.149486305635
08/09/2025,FEU,Z24,4,0.146711296954
08/09/2025,FEU,Z14,4,0.146711296954
08/09/2025,FEU,Z24,5,0.146244953274
08/09/2025,FEU,Z14,5,0.146244953274
08/09/2025,FEU,Z24,6,0.146038909635
08/09/2025,FEU,Z14,6,0.146038909635
08/09/2025,FEU,Z24,7,0.151386300357
08/09/2025,FEU,Z14,7,0.151386300357
08/09/2025,FEU,Z24,8,0.158125561037
08/09/2025,FEU,Z14,8,0.158125561037
08/09/2025,FEU,Z24,9,0.145585149523
08/09/2025,FEU,Z14,9,0.145585149523
08/10/2025,FEU,Z24,1,0.150767890197
08/10/2025,FEU,Z14,1,0.150767890197
08/10/2025,FEU,Z24,10,0.035770114558
08/10/2025,FEU,Z14,10,0.035770114558
08/10/2025,FEU,Z24,11,0.040644772344
08/10/2025,FEU,Z14,11,0.040644772344
08/10/2025,FEU,Z24,12,0.04040643413
08/10/2025,FEU,Z14,12,0.04040643413
08/10/2025,FEU,Z24,13,0.039606631987
08/10/2025,FEU,Z14,13,0.039606631987
08/10/2025,FEU,Z24,14,0.039305928916
08/10/2025,FEU,Z14,14,0.039305928916
08/10/2025,FEU,Z24,15,0.039006841845
08/10/2025,FEU,Z14,15,0.039006841845
08/10/2025,FEU,Z24,16,0.038792325916
08/10/2025,FEU,Z14,16,0.038792325916
08/10/2025,FEU,Z24,17,0.03914384213
08/10/2025,FEU,Z14,17,0.03914384213
08/10/2025,FEU,Z24,18,0.0356968027
08/10/2025,FEU,Z14,18,0.0356968027
08/10/2025,FEU,Z24,19,0.065234326985
08/10/2025,FEU,Z14,19,0.065234326985
08/10/2025,FEU,Z24,2,0.133463769483
08/10/2025,FEU,Z14,2,0.133463769483
08/10/2025,FEU,Z24,20,0.125342083271
08/10/2025,FEU,Z14,20,0.125342083271
08/10/2025,FEU,Z24,21,0.141679877698
08/10/2025,FEU,Z14,21,0.141679877698
08/10/2025,FEU,Z24,22,0.179494939556
08/10/2025,FEU,Z14,22,0.179494939556
08/10/2025,FEU,Z24,23,0.187026211556
08/10/2025,FEU,Z14,23,0.187026211556
08/10/2025,FEU,Z24,24,0.160273689698
08/10/2025,FEU,Z14,24,0.160273689698
08/10/2025,FEU,Z24,3,0.128164421625
08/10/2025,FEU,Z14,3,0.128164421625
08/10/2025,FEU,Z24,4,0.114809832696
08/10/2025,FEU,Z14,4,0.114809832696
08/10/2025,FEU,Z24,5,0.132840014625
08/10/2025,FEU,Z14,5,0.132840014625
08/10/2025,FEU,Z24,6,0.137685924483
08/10/2025,FEU,Z14,6,0.137685924483
08/10/2025,FEU,Z24,7,0.142362713197
08/10/2025,FEU,Z14,7,0.142362713197
08/10/2025,FEU,Z24,8,0.142794959197
08/10/2025,FEU,Z14,8,0.142794959197
08/10/2025,FEU,Z24,9,0.102260924484
08/10/2025,FEU,Z14,9,0.102260924484
08/11/2025,FEU,Z24,1,0.143126539006
08/11/2025,FEU,Z14,1,0.143126539006
08/11/2025,FEU,Z24,10,0.121719865392
08/11/2025,FEU,Z14,10,0.121719865392
08/11/2025,FEU,Z24,11,0.09832256593
08/11/2025,FEU,Z14,11,0.163658441276
08/11/2025,FEU,Z24,12,0.139369116392
08/11/2025,FEU,Z14,12,0.139369116392
08/11/2025,FEU,Z24,13,0.131054416392
08/11/2025,FEU,Z14,13,0.131054416392
08/11/2025,FEU,Z24,14,0.128233113392
08/11/2025,FEU,Z14,14,0.128233113392
08/11/2025,FEU,Z24,15,0.122681079738
08/11/2025,FEU,Z14,15,0.057449512392
08/11/2025,FEU,Z24,16,0.056540148623
08/11/2025,FEU,Z14,16,0.056540148623
08/11/2025,FEU,Z24,17,0.096078186853
08/11/2025,FEU,Z14,17,0.096078186853
08/11/2025,FEU,Z24,18,0.110146492084
08/11/2025,FEU,Z14,18,0.110146492084
08/11/2025,FEU,Z24,19,0.147120945315
08/11/2025,FEU,Z14,19,0.212696626776
08/11/2025,FEU,Z24,2,0.133894726352
08/11/2025,FEU,Z14,2,0.133894726352
08/11/2025,FEU,Z24,20,0.235810305353
08/11/2025,FEU,Z14,20,0.235810305353
08/11/2025,FEU,Z24,21,0.267764184622
08/11/2025,FEU,Z14,21,0.267764184622
08/11/2025,FEU,Z24,22,0.278816946853
08/11/2025,FEU,Z14,22,0.278816946853
08/11/2025,FEU,Z24,23,0.266992013429
08/11/2025,FEU,Z14,23,0.201223074968
08/11/2025,FEU,Z24,24,0.176389987199
08/11/2025,FEU,Z14,24,0.176389987199
08/11/2025,FEU,Z24,3,0.133496998237
08/11/2025,FEU,Z14,3,0.133496998237
08/11/2025,FEU,Z24,4,0.133460387237
08/11/2025,FEU,Z14,4,0.133460387237
08/11/2025,FEU,Z24,5,0.133889176121
08/11/2025,FEU,Z14,5,0.133889176121
08/11/2025,FEU,Z24,6,0.134288635545
08/11/2025,FEU,Z14,6,0.134288635545
08/11/2025,FEU,Z24,7,0.135657527622
08/11/2025,FEU,Z14,7,0.135657527622
08/11/2025,FEU,Z24,8,0.143243564699
08/11/2025,FEU,Z14,8,0.143243564699
08/11/2025,FEU,Z24,9,0.16086056843
08/11/2025,FEU,Z14,9,0.16086056843
08/12/2025,FEU,Z24,1,0.140452324354
08/12/2025,FEU,Z14,1,0.140452324354
08/12/2025,FEU,Z24,10,0.151789220654
08/12/2025,FEU,Z14,10,0.151789220654
08/12/2025,FEU,Z24,11,0.118153550412
08/12/2025,FEU,Z14,11,0.183622078406
08/12/2025,FEU,Z24,12,0.155328970406
08/12/2025,FEU,Z14,12,0.155328970406
08/12/2025,FEU,Z24,13,0.138713632654
08/12/2025,FEU,Z14,13,0.138713632654
08/12/2025,FEU,Z24,14,0.135423771902
08/12/2025,FEU,Z14,14,0.135423771902
08/12/2025,FEU,Z24,15,0.136838534896
08/12/2025,FEU,Z14,15,0.071570303151
08/12/2025,FEU,Z24,16,0.080271915648
08/12/2025,FEU,Z14,16,0.080271915648
08/12/2025,FEU,Z24,17,0.114252964144
08/12/2025,FEU,Z14,17,0.114252964144
08/12/2025,FEU,Z24,18,0.13795427389
08/12/2025,FEU,Z14,18,0.13795427389
08/12/2025,FEU,Z24,19,0.153368749386
08/12/2025,FEU,Z14,19,0.21896688938
08/12/2025,FEU,Z24,2,0.130607511099
08/12/2025,FEU,Z14,2,0.130607511099
08/12/2025,FEU,Z24,20,0.243541787125
08/12/2025,FEU,Z14,20,0.243541787125
08/12/2025,FEU,Z24,21,0.28949651936
08/12/2025,FEU,Z14,21,0.28949651936
08/12/2025,FEU,Z24,22,0.267904379857
08/12/2025,FEU,Z14,22,0.267904379857
08/12/2025,FEU,Z24,23,0.252300718347
08/12/2025,FEU,Z14,23,0.186582086354
08/12/2025,FEU,Z24,24,0.168951907347
08/12/2025,FEU,Z14,24,0.168951907347
08/12/2025,FEU,Z24,3,0.136556583099
08/12/2025,FEU,Z14,3,0.136556583099
08/12/2025,FEU,Z24,4,0.133725966844
08/12/2025,FEU,Z14,4,0.133725966844
08/12/2025,FEU,Z24,5,0.133408431347
08/12/2025,FEU,Z14,5,0.133408431347
08/12/2025,FEU,Z24,6,0.133735250354
08/12/2025,FEU,Z14,6,0.133735250354
08/12/2025,FEU,Z24,7,0.130651608615
08/12/2025,FEU,Z14,7,0.130651608615
08/12/2025,FEU,Z24,8,0.144280185373
08/12/2025,FEU,Z14,8,0.144280185373
08/12/2025,FEU,Z24,9,0.15594611589
08/12/2025,FEU,Z14,9,0.15594611589
08/13/2025,FEU,Z24,1,0.136357564319
08/13/2025,FEU,Z14,1,0.136357564319
08/13/2025,FEU,Z24,10,0.144748523759
08/13/2025,FEU,Z14,10,0.144748523759
08/13/2025,FEU,Z24,11,0.139684336903
08/13/2025,FEU,Z14,11,0.205130448188
08/13/2025,FEU,Z24,12,0.187311785044
08/13/2025,FEU,Z14,12,0.187311785044
08/13/2025,FEU,Z24,13,0.178459942472
08/13/2025,FEU,Z14,13,0.178459942472
08/13/2025,FEU,Z24,14,0.172019263044
08/13/2025,FEU,Z14,14,0.172019263044
08/13/2025,FEU,Z24,15,0.175637096757
08/13/2025,FEU,Z14,15,0.110192521044
08/13/2025,FEU,Z24,16,0.117672935329
08/13/2025,FEU,Z14,16,0.117672935329
08/13/2025,FEU,Z24,17,0.131607362757
08/13/2025,FEU,Z14,17,0.131607362757
08/13/2025,FEU,Z24,18,0.142550509185
08/13/2025,FEU,Z14,18,0.142550509185
08/13/2025,FEU,Z24,19,0.158357914042
08/13/2025,FEU,Z14,19,0.223859429326
08/13/2025,FEU,Z24,2,0.137493825032
08/13/2025,FEU,Z14,2,0.137493825032
08/13/2025,FEU,Z24,20,0.226449518468
08/13/2025,FEU,Z14,20,0.226449518468
08/13/2025,FEU,Z24,21,0.28019893475
08/13/2025,FEU,Z14,21,0.28019893475
08/13/2025,FEU,Z24,22,0.275564881891
08/13/2025,FEU,Z14,22,0.275564881891
08/13/2025,FEU,Z24,23,0.242530499032
08/13/2025,FEU,Z14,23,0.176844062319
08/13/2025,FEU,Z24,24,0.159076191604
08/13/2025,FEU,Z14,24,0.159076191604
08/13/2025,FEU,Z24,3,0.136986114461
08/13/2025,FEU,Z14,3,0.136986114461
08/13/2025,FEU,Z24,4,0.129225400032
08/13/2025,FEU,Z14,4,0.129225400032
08/13/2025,FEU,Z24,5,0.127670490461
08/13/2025,FEU,Z14,5,0.127670490461
08/13/2025,FEU,Z24,6,0.127209628176
08/13/2025,FEU,Z14,6,0.127209628176
08/13/2025,FEU,Z24,7,0.129608107322
08/13/2025,FEU,Z14,7,0.129608107322
08/13/2025,FEU,Z24,8,0.149023416752
08/13/2025,FEU,Z14,8,0.149023416752
08/13/2025,FEU,Z24,9,0.16865214247
08/13/2025,FEU,Z14,9,0.16865214247
08/14/2025,FEU,Z24,1,0.157835342329
08/14/2025,FEU,Z14,1,0.157835342329
08/14/2025,FEU,Z24,10,0.142954142473
08/14/2025,FEU,Z14,10,0.142954142473
08/14/2025,FEU,Z24,11,0.125215865334
08/14/2025,FEU,Z14,11,0.190623473417
08/14/2025,FEU,Z24,12,0.18723826339
08/14/2025,FEU,Z14,12,0.18723826339
08/14/2025,FEU,Z24,13,0.172328006417
08/14/2025,FEU,Z14,13,0.172328006417
08/14/2025,FEU,Z24,14,0.155922217445
08/14/2025,FEU,Z14,14,0.155922217445
08/14/2025,FEU,Z24,15,0.170001521528
08/14/2025,FEU,Z14,15,0.104647319445
08/14/2025,FEU,Z24,16,0.121691148528
08/14/2025,FEU,Z14,16,0.121691148528
08/14/2025,FEU,Z24,17,0.123792407583
08/14/2025,FEU,Z14,17,0.123792407583
08/14/2025,FEU,Z24,18,0.132430068694
08/14/2025,FEU,Z14,18,0.132430068694
08/14/2025,FEU,Z24,19,0.155247895721
08/14/2025,FEU,Z14,19,0.220852247832
08/14/2025,FEU,Z24,2,0.144330032329
08/14/2025,FEU,Z14,2,0.144330032329
08/14/2025,FEU,Z24,20,0.232739867942
08/14/2025,FEU,Z14,20,0.232739867942
08/14/2025,FEU,Z24,21,0.260099817191
08/14/2025,FEU,Z14,21,0.260099817191
08/14/2025,FEU,Z24,22,0.273433032274
08/14/2025,FEU,Z14,22,0.273433032274
08/14/2025,FEU,Z24,23,0.24696112244
08/14/2025,FEU,Z14,23,0.181260432329
08/14/2025,FEU,Z24,24,0.166507842357
08/14/2025,FEU,Z14,24,0.166507842357
08/14/2025,FEU,Z24,3,0.138616922329
08/14/2025,FEU,Z14,3,0.138616922329
08/14/2025,FEU,Z24,4,0.129933182329
08/14/2025,FEU,Z14,4,0.129933182329
08/14/2025,FEU,Z24,5,0.126227792329
08/14/2025,FEU,Z14,5,0.126227792329
08/14/2025,FEU,Z24,6,0.124788562219
08/14/2025,FEU,Z14,6,0.124788562219
08/14/2025,FEU,Z24,7,0.134129087025
08/14/2025,FEU,Z14,7,0.134129087025
08/14/2025,FEU,Z24,8,0.141096673887
08/14/2025,FEU,Z14,8,0.141096673887
08/14/2025,FEU,Z24,9,0.152109147694
08/14/2025,FEU,Z14,9,0.152109147694
08/15/2025,FEU,Z24,1,0.162368920994
08/15/2025,FEU,Z14,1,0.162368920994
08/15/2025,FEU,Z24,10,0.08133851067
08/15/2025,FEU,Z14,10,0.08133851067
08/15/2025,FEU,Z24,11,0.037879988193
08/15/2025,FEU,Z14,11,0.037879988193
08/15/2025,FEU,Z24,12,0.032737764193
08/15/2025,FEU,Z14,12,0.032737764193
08/15/2025,FEU,Z24,13,0.028952038685
08/15/2025,FEU,Z14,13,0.028952038685
08/15/2025,FEU,Z24,14,0.028009249715
08/15/2025,FEU,Z14,14,0.028009249715
08/15/2025,FEU,Z24,15,0.027603847731
08/15/2025,FEU,Z14,15,0.027603847731
08/15/2025,FEU,Z24,16,0.0299251887
08/15/2025,FEU,Z14,16,0.0299251887
08/15/2025,FEU,Z24,17,0.05497973667
08/15/2025,FEU,Z14,17,0.05497973667
08/15/2025,FEU,Z24,18,0.063058586654
08/15/2025,FEU,Z14,18,0.063058586654
08/15/2025,FEU,Z24,19,0.097518560624
08/15/2025,FEU,Z14,19,0.097518560624
08/15/2025,FEU,Z24,2,0.148068621486
08/15/2025,FEU,Z14,2,0.148068621486
08/15/2025,FEU,Z24,20,0.14544558607
08/15/2025,FEU,Z14,20,0.14544558607
08/15/2025,FEU,Z24,21,0.155084780994
08/15/2025,FEU,Z14,21,0.155084780994
08/15/2025,FEU,Z24,22,0.192086137502
08/15/2025,FEU,Z14,22,0.192086137502
08/15/2025,FEU,Z24,23,0.189449598009
08/15/2025,FEU,Z14,23,0.189449598009
08/15/2025,FEU,Z24,24,0.161644086009
08/15/2025,FEU,Z14,24,0.161644086009
08/15/2025,FEU,Z24,3,0.143596300994
08/15/2025,FEU,Z14,3,0.143596300994
08/15/2025,FEU,Z24,4,0.135874796486
08/15/2025,FEU,Z14,4,0.135874796486
08/15/2025,FEU,Z24,5,0.133992282486
08/15/2025,FEU,Z14,5,0.133992282486
08/15/2025,FEU,Z24,6,0.131101280994
08/15/2025,FEU,Z14,6,0.131101280994
08/15/2025,FEU,Z24,7,0.138340163517
08/15/2025,FEU,Z14,7,0.138340163517
08/15/2025,FEU,Z24,8,0.147473753532
08/15/2025,FEU,Z14,8,0.147473753532
08/15/2025,FEU,Z24,9,0.122790358609
08/15/2025,FEU,Z14,9,0.122790358609
08/16/2025,FEU,Z24,1,0.156457128414
08/16/2025,FEU,Z14,1,0.156457128414
08/16/2025,FEU,Z24,10,0.100539646072
08/16/2025,FEU,Z14,10,0.100539646072
08/16/2025,FEU,Z24,11,0.054788165039
08/16/2025,FEU,Z14,11,0.054788165039
08/16/2025,FEU,Z24,12,0.027388451039
08/16/2025,FEU,Z14,12,0.027388451039
08/16/2025,FEU,Z24,13,0.023519964433
08/16/2025,FEU,Z14,13,0.023519964433
08/16/2025,FEU,Z24,14,0.023407942613
08/16/2025,FEU,Z14,14,0.023407942613
08/16/2025,FEU,Z24,15,0.02278802422
08/16/2025,FEU,Z14,15,0.02278802422
08/16/2025,FEU,Z24,16,0.023147839433
08/16/2025,FEU,Z14,16,0.023147839433
08/16/2025,FEU,Z24,17,0.026102788252
08/16/2025,FEU,Z14,17,0.026102788252
08/16/2025,FEU,Z24,18,0.047516042678
08/16/2025,FEU,Z14,18,0.047516042678
08/16/2025,FEU,Z24,19,0.103040721104
08/16/2025,FEU,Z14,19,0.103040721104
08/16/2025,FEU,Z24,2,0.152182073234
08/16/2025,FEU,Z14,2,0.152182073234
08/16/2025,FEU,Z24,20,0.139494635136
08/16/2025,FEU,Z14,20,0.139494635136
08/16/2025,FEU,Z24,21,0.147736710808
08/16/2025,FEU,Z14,21,0.147736710808
08/16/2025,FEU,Z24,22,0.187762854808
08/16/2025,FEU,Z14,22,0.187762854808
08/16/2025,FEU,Z24,23,0.180222926021
08/16/2025,FEU,Z14,23,0.180222926021
08/16/2025,FEU,Z24,24,0.15897663884
08/16/2025,FEU,Z14,24,0.15897663884
08/16/2025,FEU,Z24,3,0.147307852053
08/16/2025,FEU,Z14,3,0.147307852053
08/16/2025,FEU,Z24,4,0.14199163566
08/16/2025,FEU,Z14,4,0.14199163566
08/16/2025,FEU,Z24,5,0.140059214266
08/16/2025,FEU,Z14,5,0.140059214266
08/16/2025,FEU,Z24,6,0.141383377053
08/16/2025,FEU,Z14,6,0.141383377053
08/16/2025,FEU,Z24,7,0.144408312627
08/16/2025,FEU,Z14,7,0.144408312627
08/16/2025,FEU,Z24,8,0.151118292021
08/16/2025,FEU,Z14,8,0.151118292021
08/16/2025,FEU,Z24,9,0.143259483349
08/16/2025,FEU,Z14,9,0.143259483349
08/17/2025,FEU,Z24,1,0.159142446309
08/17/2025,FEU,Z14,1,0.159142446309
08/17/2025,FEU,Z24,10,0.067341910012
08/17/2025,FEU,Z14,10,0.067341910012
08/17/2025,FEU,Z24,11,0.042843975582
08/17/2025,FEU,Z14,11,0.042843975582
08/17/2025,FEU,Z24,12,0.032412789151
08/17/2025,FEU,Z14,12,0.032412789151
08/17/2025,FEU,Z24,13,0.031532564865
08/17/2025,FEU,Z14,13,0.031532564865
08/17/2025,FEU,Z24,14,0.030481691721
08/17/2025,FEU,Z14,14,0.030481691721
08/17/2025,FEU,Z24,15,0.030061708578
08/17/2025,FEU,Z14,15,0.030061708578
08/17/2025,FEU,Z24,16,0.029991068721
08/17/2025,FEU,Z14,16,0.029991068721
08/17/2025,FEU,Z24,17,0.035313525151
08/17/2025,FEU,Z14,17,0.035313525151
08/17/2025,FEU,Z24,18,0.047762046298
08/17/2025,FEU,Z14,18,0.047762046298
08/17/2025,FEU,Z24,19,0.089300110872
08/17/2025,FEU,Z14,19,0.089300110872
08/17/2025,FEU,Z24,2,0.153716689882
08/17/2025,FEU,Z14,2,0.153716689882
08/17/2025,FEU,Z24,20,0.137656391445
08/17/2025,FEU,Z14,20,0.137656391445
08/17/2025,FEU,Z24,21,0.151674224305
08/17/2025,FEU,Z14,21,0.151674224305
08/17/2025,FEU,Z24,22,0.166947592019
08/17/2025,FEU,Z14,22,0.166947592019
08/17/2025,FEU,Z24,23,0.174300720019
08/17/2025,FEU,Z14,23,0.174300720019
08/17/2025,FEU,Z24,24,0.158896672305
08/17/2025,FEU,Z14,24,0.158896672305
08/17/2025,FEU,Z24,3,0.146367152169
08/17/2025,FEU,Z14,3,0.146367152169
08/17/2025,FEU,Z24,4,0.144702374312
08/17/2025,FEU,Z14,4,0.144702374312
08/17/2025,FEU,Z24,5,0.144535611169
08/17/2025,FEU,Z14,5,0.144535611169
08/17/2025,FEU,Z24,6,0.144801934882
08/17/2025,FEU,Z14,6,0.144801934882
08/17/2025,FEU,Z24,7,0.143615839309
08/17/2025,FEU,Z14,7,0.143615839309
08/17/2025,FEU,Z24,8,0.140858204309
08/17/2025,FEU,Z14,8,0.140858204309
08/17/2025,FEU,Z24,9,0.150283718875
08/17/2025,FEU,Z14,9,0.150283718875
08/18/2025,FEU,Z24,1,0.137075141171
08/18/2025,FEU,Z14,1,0.137075141171
08/18/2025,FEU,Z24,10,0.156831074675
08/18/2025,FEU,Z14,10,0.156831074675
08/18/2025,FEU,Z24,11,0.146481009825
08/18/2025,FEU,Z14,11,0.211945314212
08/18/2025,FEU,Z24,12,0.190230417675
08/18/2025,FEU,Z14,12,0.190230417675
08/18/2025,FEU,Z24,13,0.183650414675
08/18/2025,FEU,Z14,13,0.183650414675
08/18/2025,FEU,Z24,14,0.180851891675
08/18/2025,FEU,Z14,14,0.180851891675
08/18/2025,FEU,Z24,15,0.179878546062
08/18/2025,FEU,Z14,15,0.114496722675
08/18/2025,FEU,Z24,16,0.1061466606
08/18/2025,FEU,Z14,16,0.1061466606
08/18/2025,FEU,Z24,17,0.115995358524
08/18/2025,FEU,Z14,17,0.115995358524
08/18/2025,FEU,Z24,18,0.134888049449
08/18/2025,FEU,Z14,18,0.134888049449
08/18/2025,FEU,Z24,19,0.158351620374
08/18/2025,FEU,Z14,19,0.223966467224
08/18/2025,FEU,Z24,2,0.133372692558
08/18/2025,FEU,Z14,2,0.133372692558
08/18/2025,FEU,Z24,20,0.233221266536
08/18/2025,FEU,Z14,20,0.233221266536
08/18/2025,FEU,Z24,21,0.239512686622
08/18/2025,FEU,Z14,21,0.239512686622
08/18/2025,FEU,Z24,22,0.242162188547
08/18/2025,FEU,Z14,22,0.242162188547
08/18/2025,FEU,Z24,23,0.235721756859
08/18/2025,FEU,Z14,23,0.170060531009
08/18/2025,FEU,Z24,24,0.162568997934
08/18/2025,FEU,Z14,24,0.162568997934
08/18/2025,FEU,Z24,3,0.132206575096
08/18/2025,FEU,Z14,3,0.132206575096
08/18/2025,FEU,Z24,4,0.130491763096
08/18/2025,FEU,Z14,4,0.130491763096
08/18/2025,FEU,Z24,5,0.126479185633
08/18/2025,FEU,Z14,5,0.126479185633
08/18/2025,FEU,Z24,6,0.128019243321
08/18/2025,FEU,Z14,6,0.128019243321
08/18/2025,FEU,Z24,7,0.134371898622
08/18/2025,FEU,Z14,7,0.134371898622
08/18/2025,FEU,Z24,8,0.137071132923
08/18/2025,FEU,Z14,8,0.137071132923
08/18/2025,FEU,Z24,9,0.159490254836
08/18/2025,FEU,Z14,9,0.159490254836
08/19/2025,FEU,Z24,1,0.13971500274
08/19/2025,FEU,Z14,1,0.13971500274
08/19/2025,FEU,Z24,10,0.147525443624
08/19/2025,FEU,Z14,10,0.147525443624
08/19/2025,FEU,Z24,11,0.126652491024
08/19/2025,FEU,Z14,11,0.192151024104
08/19/2025,FEU,Z24,12,0.166305877104
08/19/2025,FEU,Z14,12,0.166305877104
08/19/2025,FEU,Z24,13,0.151131797624
08/19/2025,FEU,Z14,13,0.151131797624
08/19/2025,FEU,Z24,14,0.146720683144
08/19/2025,FEU,Z14,14,0.146720683144
08/19/2025,FEU,Z24,15,0.148372858223
08/19/2025,FEU,Z14,15,0.083073212664
08/19/2025,FEU,Z24,16,0.095772591703
08/19/2025,FEU,Z14,16,0.095772591703
08/19/2025,FEU,Z24,17,0.103614074743
08/19/2025,FEU,Z14,17,0.103614074743
08/19/2025,FEU,Z24,18,0.105942962303
08/19/2025,FEU,Z14,18,0.105942962303
08/19/2025,FEU,Z24,19,0.122572414343
08/19/2025,FEU,Z14,19,0.188063343422
08/19/2025,FEU,Z24,2,0.1382457533
08/19/2025,FEU,Z14,2,0.1382457533
08/19/2025,FEU,Z24,20,0.214482572982
08/19/2025,FEU,Z14,20,0.214482572982
08/19/2025,FEU,Z24,21,0.224090240661
08/19/2025,FEU,Z14,21,0.224090240661
08/19/2025,FEU,Z24,22,0.2360689367
08/19/2025,FEU,Z14,22,0.2360689367
08/19/2025,FEU,Z24,23,0.23634237182
08/19/2025,FEU,Z14,23,0.17067815874
08/19/2025,FEU,Z24,24,0.16387782782
08/19/2025,FEU,Z14,24,0.16387782782
08/19/2025,FEU,Z24,3,0.1359615253
08/19/2025,FEU,Z14,3,0.1359615253
08/19/2025,FEU,Z24,4,0.127378935859
08/19/2025,FEU,Z14,4,0.127378935859
08/19/2025,FEU,Z24,5,0.12569040982
08/19/2025,FEU,Z14,5,0.12569040982
08/19/2025,FEU,Z24,6,0.12613823674
08/19/2025,FEU,Z14,6,0.12613823674
08/19/2025,FEU,Z24,7,0.137080108101
08/19/2025,FEU,Z14,7,0.137080108101
08/19/2025,FEU,Z24,8,0.141648324502
08/19/2025,FEU,Z14,8,0.141648324502
08/19/2025,FEU,Z24,9,0.158972213303
08/19/2025,FEU,Z14,9,0.158972213303
08/20/2025,FEU,Z24,1,0.139409673369
08/20/2025,FEU,Z14,1,0.139409673369
08/20/2025,FEU,Z24,10,0.13633355588
08/20/2025,FEU,Z14,10,0.13633355588
08/20/2025,FEU,Z24,11,0.112469069087
08/20/2025,FEU,Z14,11,0.177843372277
08/20/2025,FEU,Z24,12,0.17691498107
08/20/2025,FEU,Z14,12,0.17691498107
08/20/2025,FEU,Z24,13,0.175747567467
08/20/2025,FEU,Z14,13,0.175747567467
08/20/2025,FEU,Z24,14,0.15855047907
08/20/2025,FEU,Z14,14,0.15855047907
08/20/2025,FEU,Z24,15,0.155082404657
08/20/2025,FEU,Z14,15,0.08970957307
08/20/2025,FEU,Z24,16,0.08524420926
08/20/2025,FEU,Z14,16,0.08524420926
08/20/2025,FEU,Z24,17,0.085910576657
08/20/2025,FEU,Z14,17,0.085910576657
08/20/2025,FEU,Z24,18,0.095509709054
08/20/2025,FEU,Z14,18,0.095509709054
08/20/2025,FEU,Z24,19,0.112926417847
08/20/2025,FEU,Z14,19,0.178309313038
08/20/2025,FEU,Z24,2,0.132682211956
08/20/2025,FEU,Z14,2,0.132682211956
08/20/2025,FEU,Z24,20,0.198849247021
08/20/2025,FEU,Z14,20,0.198849247021
08/20/2025,FEU,Z24,21,0.209317651989
08/20/2025,FEU,Z14,21,0.209317651989
08/20/2025,FEU,Z24,22,0.232353204972
08/20/2025,FEU,Z14,22,0.232353204972
08/20/2025,FEU,Z24,23,0.230488574956
08/20/2025,FEU,Z14,23,0.164843062369
08/20/2025,FEU,Z24,24,0.152334146559
08/20/2025,FEU,Z14,24,0.152334146559
08/20/2025,FEU,Z24,3,0.128725941353
08/20/2025,FEU,Z14,3,0.128725941353
08/20/2025,FEU,Z24,4,0.123229724956
08/20/2025,FEU,Z14,4,0.123229724956
08/20/2025,FEU,Z24,5,0.118919091353
08/20/2025,FEU,Z14,5,0.118919091353
08/20/2025,FEU,Z24,6,0.123967766163
08/20/2025,FEU,Z14,6,0.123967766163
08/20/2025,FEU,Z24,7,0.133861638592
08/20/2025,FEU,Z14,7,0.133861638592
08/20/2025,FEU,Z24,8,0.148779780212
08/20/2025,FEU,Z14,8,0.148779780212
08/20/2025,FEU,Z24,9,0.158884006244
08/20/2025,FEU,Z14,9,0.158884006244
08/21/2025,FEU,Z24,1,0.144463174457
08/21/2025,FEU,Z14,1,0.144463174457
08/21/2025,FEU,Z24,10,0.121170535903
08/21/2025,FEU,Z14,10,0.121170535903
08/21/2025,FEU,Z24,11,0.092902304782
08/21/2025,FEU,Z14,11,0.158224427255
08/21/2025,FEU,Z24,12,0.14162763243
08/21/2025,FEU,Z14,12,0.14162763243
08/21/2025,FEU,Z24,13,0.138565697255
08/21/2025,FEU,Z14,13,0.138565697255
08/21/2025,FEU,Z24,14,0.134309090079
08/21/2025,FEU,Z14,14,0.134309090079
08/21/2025,FEU,Z24,15,0.134419204552
08/21/2025,FEU,Z14,15,0.069157420079
08/21/2025,FEU,Z24,16,0.067968072552
08/21/2025,FEU,Z14,16,0.067968072552
08/21/2025,FEU,Z24,17,0.070358068201
08/21/2025,FEU,Z14,17,0.070358068201
08/21/2025,FEU,Z24,18,0.070738440498
08/21/2025,FEU,Z14,18,0.070738440498
08/21/2025,FEU,Z24,19,0.094108626322
08/21/2025,FEU,Z14,19,0.159499949619
08/21/2025,FEU,Z24,2,0.139046074457
08/21/2025,FEU,Z14,2,0.139046074457
08/21/2025,FEU,Z24,20,0.186760888917
08/21/2025,FEU,Z14,20,0.186760888917
08/21/2025,FEU,Z24,21,0.217157680336
08/21/2025,FEU,Z14,21,0.217157680336
08/21/2025,FEU,Z24,22,0.226703450809
08/21/2025,FEU,Z14,22,0.226703450809
08/21/2025,FEU,Z24,23,0.218882325755
08/21/2025,FEU,Z14,23,0.153278474457
08/21/2025,FEU,Z24,24,0.152183932282
08/21/2025,FEU,Z14,24,0.152183932282
08/21/2025,FEU,Z24,3,0.136800844457
08/21/2025,FEU,Z14,3,0.136800844457
08/21/2025,FEU,Z24,4,0.133356364457
08/21/2025,FEU,Z14,4,0.133356364457
08/21/2025,FEU,Z24,5,0.132323254457
08/21/2025,FEU,Z14,5,0.132323254457
08/21/2025,FEU,Z24,6,0.13306459316
08/21/2025,FEU,Z14,6,0.13306459316
08/21/2025,FEU,Z24,7,0.13577926739
08/21/2025,FEU,Z14,7,0.13577926739
08/21/2025,FEU,Z24,8,0.148491271268
08/21/2025,FEU,Z14,8,0.148491271268
08/21/2025,FEU,Z24,9,0.158318772498
08/21/2025,FEU,Z14,9,0.158318772498
08/22/2025,FEU,Z24,1,0.130293848821
08/22/2025,FEU,Z14,1,0.130293848821
08/22/2025,FEU,Z24,10,0.124724087204
08/22/2025,FEU,Z14,10,0.124724087204
08/22/2025,FEU,Z24,11,0.08561880533
08/22/2025,FEU,Z14,11,0.150973543829
08/22/2025,FEU,Z24,12,0.140430620578
08/22/2025,FEU,Z14,12,0.140430620578
08/22/2025,FEU,Z24,13,0.141961847204
08/22/2025,FEU,Z14,13,0.141961847204
08/22/2025,FEU,Z24,14,0.142217207204
08/22/2025,FEU,Z14,14,0.142217207204
08/22/2025,FEU,Z24,15,0.139255812703
08/22/2025,FEU,Z14,15,0.073979488578
08/22/2025,FEU,Z24,16,0.073692588703
08/22/2025,FEU,Z14,16,0.073692588703
08/22/2025,FEU,Z24,17,0.075284839452
08/22/2025,FEU,Z14,17,0.075284839452
08/22/2025,FEU,Z24,18,0.090169322202
08/22/2025,FEU,Z14,18,0.090169322202
08/22/2025,FEU,Z24,19,0.107567530951
08/22/2025,FEU,Z14,19,0.172936969075
08/22/2025,FEU,Z24,2,0.126745779945
08/22/2025,FEU,Z14,2,0.126745779945
08/22/2025,FEU,Z24,20,0.224484269949
08/22/2025,FEU,Z14,20,0.224484269949
08/22/2025,FEU,Z24,21,0.246247240821
08/22/2025,FEU,Z14,21,0.246247240821
08/22/2025,FEU,Z24,22,0.242094843195
08/22/2025,FEU,Z14,22,0.242094843195
08/22/2025,FEU,Z24,23,0.240635472694
08/22/2025,FEU,Z14,23,0.174955763195
08/22/2025,FEU,Z24,24,0.16797142757
08/22/2025,FEU,Z14,24,0.16797142757
08/22/2025,FEU,Z24,3,0.124004489945
08/22/2025,FEU,Z14,3,0.124004489945
08/22/2025,FEU,Z24,4,0.115625651945
08/22/2025,FEU,Z14,4,0.115625651945
08/22/2025,FEU,Z24,5,0.12143694157
08/22/2025,FEU,Z14,5,0.12143694157
08/22/2025,FEU,Z24,6,0.120587628446
08/22/2025,FEU,Z14,6,0.120587628446
08/22/2025,FEU,Z24,7,0.124663864197
08/22/2025,FEU,Z14,7,0.124663864197
08/22/2025,FEU,Z24,8,0.132077851949
08/22/2025,FEU,Z14,8,0.132077851949
08/22/2025,FEU,Z24,9,0.153306848576
08/22/2025,FEU,Z14,9,0.153306848576
08/23/2025,FEU,Z24,1,0.143347427571
08/23/2025,FEU,Z14,1,0.143347427571
08/23/2025,FEU,Z24,10,0.099535725971
08/23/2025,FEU,Z14,10,0.099535725971
08/23/2025,FEU,Z24,11,0.049832614016
08/23/2025,FEU,Z14,11,0.049832614016
08/23/2025,FEU,Z24,12,0.041897710016
08/23/2025,FEU,Z14,12,0.041897710016
08/23/2025,FEU,Z24,13,0.040805782625
08/23/2025,FEU,Z14,13,0.040805782625
08/23/2025,FEU,Z24,14,0.039083930452
08/23/2025,FEU,Z14,14,0.039083930452
08/23/2025,FEU,Z24,15,0.038732627843
08/23/2025,FEU,Z14,15,0.038732627843
08/23/2025,FEU,Z24,16,0.044177807625
08/23/2025,FEU,Z14,16,0.044177807625
08/23/2025,FEU,Z24,17,0.054261832798
08/23/2025,FEU,Z14,17,0.054261832798
08/23/2025,FEU,Z24,18,0.083293458362
08/23/2025,FEU,Z14,18,0.083293458362
08/23/2025,FEU,Z24,19,0.111808731925
08/23/2025,FEU,Z14,19,0.111808731925
08/23/2025,FEU,Z24,2,0.138237987744
08/23/2025,FEU,Z14,2,0.138237987744
08/23/2025,FEU,Z24,20,0.14972627788
08/23/2025,FEU,Z14,20,0.14972627788
08/23/2025,FEU,Z24,21,0.16524027818
08/23/2025,FEU,Z14,21,0.16524027818
08/23/2025,FEU,Z24,22,0.17911324218
08/23/2025,FEU,Z14,22,0.17911324218
08/23/2025,FEU,Z24,23,0.157888496962
08/23/2025,FEU,Z14,23,0.157888496962
08/23/2025,FEU,Z24,24,0.156312834135
08/23/2025,FEU,Z14,24,0.156312834135
08/23/2025,FEU,Z24,3,0.131341579917
08/23/2025,FEU,Z14,3,0.131341579917
08/23/2025,FEU,Z24,4,0.124202881308
08/23/2025,FEU,Z14,4,0.124202881308
08/23/2025,FEU,Z24,5,0.122458516699
08/23/2025,FEU,Z14,5,0.122458516699
08/23/2025,FEU,Z24,6,0.125680021917
08/23/2025,FEU,Z14,6,0.125680021917
08/23/2025,FEU,Z24,7,0.131538284353
08/23/2025,FEU,Z14,7,0.131538284353
08/23/2025,FEU,Z24,8,0.162561016962
08/23/2025,FEU,Z14,8,0.162561016962
08/23/2025,FEU,Z24,9,0.130862815662
08/23/2025,FEU,Z14,9,0.130862815662
08/24/2025,FEU,Z24,1,0.151076141708
08/24/2025,FEU,Z14,1,0.151076141708
08/24/2025,FEU,Z24,10,0.070482332864
08/24/2025,FEU,Z14,10,0.070482332864
08/24/2025,FEU,Z24,11,0.036795167623
08/24/2025,FEU,Z14,11,0.036795167623
08/24/2025,FEU,Z24,12,0.044052524383
08/24/2025,FEU,Z14,12,0.044052524383
08/24/2025,FEU,Z24,13,0.042801342222
08/24/2025,FEU,Z14,13,0.042801342222
08/24/2025,FEU,Z24,14,0.041962427142
08/24/2025,FEU,Z14,14,0.041962427142
08/24/2025,FEU,Z24,15,0.041776976062
08/24/2025,FEU,Z14,15,0.041776976062
08/24/2025,FEU,Z24,16,0.042580589142
08/24/2025,FEU,Z14,16,0.042580589142
08/24/2025,FEU,Z24,17,0.042800300383
08/24/2025,FEU,Z14,17,0.042800300383
08/24/2025,FEU,Z24,18,0.053487733024
08/24/2025,FEU,Z14,18,0.053487733024
08/24/2025,FEU,Z24,19,0.108800529345
08/24/2025,FEU,Z14,19,0.108800529345
08/24/2025,FEU,Z24,2,0.148509725029
08/24/2025,FEU,Z14,2,0.148509725029
08/24/2025,FEU,Z24,20,0.145283357666
08/24/2025,FEU,Z14,20,0.145283357666
08/24/2025,FEU,Z24,21,0.163236876147
08/24/2025,FEU,Z14,21,0.163236876147
08/24/2025,FEU,Z24,22,0.160965629987
08/24/2025,FEU,Z14,22,0.160965629987
08/24/2025,FEU,Z24,23,0.157907881987
08/24/2025,FEU,Z14,23,0.157907881987
08/24/2025,FEU,Z24,24,0.151961780147
08/24/2025,FEU,Z14,24,0.151961780147
08/24/2025,FEU,Z24,3,0.14714100119
08/24/2025,FEU,Z14,3,0.14714100119
08/24/2025,FEU,Z24,4,0.14402989127
08/24/2025,FEU,Z14,4,0.14402989127
08/24/2025,FEU,Z24,5,0.14348860219
08/24/2025,FEU,Z14,5,0.14348860219
08/24/2025,FEU,Z24,6,0.143433185029
08/24/2025,FEU,Z14,6,0.143433185029
08/24/2025,FEU,Z24,7,0.142084007708
08/24/2025,FEU,Z14,7,0.142084007708
08/24/2025,FEU,Z24,8,0.158281422708
08/24/2025,FEU,Z14,8,0.158281422708
08/24/2025,FEU,Z24,9,0.141131108906
08/24/2025,FEU,Z14,9,0.141131108906
08/25/2025,FEU,Z24,1,0.140501016821
08/25/2025,FEU,Z14,1,0.140501016821
08/25/2025,FEU,Z24,10,0.164593071447
08/25/2025,FEU,Z14,10,0.164593071447
08/25/2025,FEU,Z24,11,0.14254340761
08/25/2025,FEU,Z14,11,0.207997304238
08/25/2025,FEU,Z24,12,0.180415366447
08/25/2025,FEU,Z14,12,0.180415366447
08/25/2025,FEU,Z24,13,0.169314672447
08/25/2025,FEU,Z14,13,0.169314672447
08/25/2025,FEU,Z24,14,0.143944586447
08/25/2025,FEU,Z14,14,0.143944586447
08/25/2025,FEU,Z24,15,0.133471945075
08/25/2025,FEU,Z14,15,0.068212030447
08/25/2025,FEU,Z24,16,0.068711302866
08/25/2025,FEU,Z14,16,0.068711302866
08/25/2025,FEU,Z24,17,0.103942134284
08/25/2025,FEU,Z14,17,0.103942134284
08/25/2025,FEU,Z24,18,0.120116114703
08/25/2025,FEU,Z14,18,0.120116114703
08/25/2025,FEU,Z24,19,0.153184095122
08/25/2025,FEU,Z14,19,0.218780920959
08/25/2025,FEU,Z24,2,0.136603981449
08/25/2025,FEU,Z14,2,0.136603981449
08/25/2025,FEU,Z24,20,0.235854342006
08/25/2025,FEU,Z14,20,0.235854342006
08/25/2025,FEU,Z24,21,0.248176199309
08/25/2025,FEU,Z14,21,0.248176199309
08/25/2025,FEU,Z24,22,0.265877395727
08/25/2025,FEU,Z14,22,0.265877395727
08/25/2025,FEU,Z24,23,0.246464733774
08/25/2025,FEU,Z14,23,0.180765734937
08/25/2025,FEU,Z24,24,0.173089745355
08/25/2025,FEU,Z14,24,0.173089745355
08/25/2025,FEU,Z24,3,0.13439230724
08/25/2025,FEU,Z14,3,0.13439230724
08/25/2025,FEU,Z24,4,0.13097567424
08/25/2025,FEU,Z14,4,0.13097567424
08/25/2025,FEU,Z24,5,0.12847072703
08/25/2025,FEU,Z14,5,0.12847072703
08/25/2025,FEU,Z24,6,0.133604895984
08/25/2025,FEU,Z14,6,0.133604895984
08/25/2025,FEU,Z24,7,0.140795938309
08/25/2025,FEU,Z14,7,0.140795938309
08/25/2025,FEU,Z24,8,0.150570871634
08/25/2025,FEU,Z14,8,0.150570871634
08/25/2025,FEU,Z24,9,0.173689576331
08/25/2025,FEU,Z14,9,0.173689576331
08/26/2025,FEU,Z24,1,0.142223579681
08/26/2025,FEU,Z14,1,0.142223579681
08/26/2025,FEU,Z24,10,0.157996087139
08/26/2025,FEU,Z14,10,0.157996087139
08/26/2025,FEU,Z24,11,0.122618916954
08/26/2025,FEU,Z14,11,0.188103209702
08/26/2025,FEU,Z24,12,0.177656453702
08/26/2025,FEU,Z14,12,0.177656453702
08/26/2025,FEU,Z24,13,0.155942029139
08/26/2025,FEU,Z14,13,0.155942029139
08/26/2025,FEU,Z24,14,0.136443391575
08/26/2025,FEU,Z14,14,0.136443391575
08/26/2025,FEU,Z24,15,0.150337580323
08/26/2025,FEU,Z14,15,0.085032778012
08/26/2025,FEU,Z24,16,0.099613042886
08/26/2025,FEU,Z14,16,0.099613042886
08/26/2025,FEU,Z24,17,0.11194458776
08/26/2025,FEU,Z14,17,0.11194458776
08/26/2025,FEU,Z24,18,0.11811483107
08/26/2025,FEU,Z14,18,0.11811483107
08/26/2025,FEU,Z24,19,0.134380591944
08/26/2025,FEU,Z14,19,0.199912628691
08/26/2025,FEU,Z24,2,0.139057851992
08/26/2025,FEU,Z14,2,0.139057851992
08/26/2025,FEU,Z24,20,0.227243561002
08/26/2025,FEU,Z14,20,0.227243561002
08/26/2025,FEU,Z24,21,0.241822608934
08/26/2025,FEU,Z14,21,0.241822608934
08/26/2025,FEU,Z24,22,0.247931394807
08/26/2025,FEU,Z14,22,0.247931394807
08/26/2025,FEU,Z24,23,0.237989166428
08/26/2025,FEU,Z14,23,0.172319337681
08/26/2025,FEU,Z24,24,0.167096442428
08/26/2025,FEU,Z14,24,0.167096442428
08/26/2025,FEU,Z24,3,0.138106187992
08/26/2025,FEU,Z14,3,0.138106187992
08/26/2025,FEU,Z24,4,0.132642838302
08/26/2025,FEU,Z14,4,0.132642838302
08/26/2025,FEU,Z24,5,0.133327715428
08/26/2025,FEU,Z14,5,0.133327715428
08/26/2025,FEU,Z24,6,0.133512191681
08/26/2025,FEU,Z14,6,0.133512191681
08/26/2025,FEU,Z24,7,0.144019475623
08/26/2025,FEU,Z14,7,0.144019475623
08/26/2025,FEU,Z24,8,0.165601599439
08/26/2025,FEU,Z14,8,0.165601599439
08/26/2025,FEU,Z24,9,0.17566211507
08/26/2025,FEU,Z14,9,0.17566211507
08/27/2025,FEU,Z24,1,0.143237464597
08/27/2025,FEU,Z14,1,0.143237464597
08/27/2025,FEU,Z24,10,0.163234741638
08/27/2025,FEU,Z14,10,0.163234741638
08/27/2025,FEU,Z24,11,0.140304249346
08/27/2025,FEU,Z14,11,0.205753136284
08/27/2025,FEU,Z24,12,0.199980239575
08/27/2025,FEU,Z14,12,0.199980239575
08/27/2025,FEU,Z24,13,0.184479229221
08/27/2025,FEU,Z14,13,0.184479229221
08/27/2025,FEU,Z24,14,0.166126791575
08/27/2025,FEU,Z14,14,0.166126791575
08/27/2025,FEU,Z24,15,0.167396460159
08/27/2025,FEU,Z14,15,0.101980647575
08/27/2025,FEU,Z24,16,0.105464049513
08/27/2025,FEU,Z14,16,0.105464049513
08/27/2025,FEU,Z24,17,0.106648878159
08/27/2025,FEU,Z14,17,0.106648878159
08/27/2025,FEU,Z24,18,0.107858596805
08/27/2025,FEU,Z14,18,0.107858596805
08/27/2025,FEU,Z24,19,0.125482976096
08/27/2025,FEU,Z14,19,0.190898656034
08/27/2025,FEU,Z24,2,0.13703622818
08/27/2025,FEU,Z14,2,0.13703622818
08/27/2025,FEU,Z24,20,0.222018460263
08/27/2025,FEU,Z14,20,0.222018460263
08/27/2025,FEU,Z24,21,0.232568083722
08/27/2025,FEU,Z14,21,0.232568083722
08/27/2025,FEU,Z24,22,0.236273836951
08/27/2025,FEU,Z14,22,0.236273836951
08/27/2025,FEU,Z24,23,0.23662339218
08/27/2025,FEU,Z14,23,0.170958203597
08/27/2025,FEU,Z24,24,0.161269687535
08/27/2025,FEU,Z14,24,0.161269687535
08/27/2025,FEU,Z24,3,0.135859024826
08/27/2025,FEU,Z14,3,0.135859024826
08/27/2025,FEU,Z24,4,0.12880311318
08/27/2025,FEU,Z14,4,0.12880311318
08/27/2025,FEU,Z24,5,0.123719734826
08/27/2025,FEU,Z14,5,0.123719734826
08/27/2025,FEU,Z24,6,0.123043333889
08/27/2025,FEU,Z14,6,0.123043333889
08/27/2025,FEU,Z24,7,0.136352505076
08/27/2025,FEU,Z14,7,0.136352505076
08/27/2025,FEU,Z24,8,0.148137429201
08/27/2025,FEU,Z14,8,0.148137429201
08/27/2025,FEU,Z24,9,0.170096792742
08/27/2025,FEU,Z14,9,0.170096792742
08/28/2025,FEU,Z24,1,0.149162231319
08/28/2025,FEU,Z14,1,0.149162231319
08/28/2025,FEU,Z24,10,0.14502152384
08/28/2025,FEU,Z14,10,0.14502152384
08/28/2025,FEU,Z24,11,0.085564517279
08/28/2025,FEU,Z14,11,0.150866090615
08/28/2025,FEU,Z24,12,0.134865351503
08/28/2025,FEU,Z14,12,0.134865351503
08/28/2025,FEU,Z24,13,0.132570623615
08/28/2025,FEU,Z14,13,0.132570623615
08/28/2025,FEU,Z24,14,0.129752865728
08/28/2025,FEU,Z14,14,0.129752865728
08/28/2025,FEU,Z24,15,0.129178920064
08/28/2025,FEU,Z14,15,0.063930913728
08/28/2025,FEU,Z24,16,0.063665690064
08/28/2025,FEU,Z14,16,0.063665690064
08/28/2025,FEU,Z24,17,0.064447944289
08/28/2025,FEU,Z14,17,0.064447944289
08/28/2025,FEU,Z24,18,0.065250375738
08/28/2025,FEU,Z14,18,0.065250375738
08/28/2025,FEU,Z24,19,0.07282274085
08/28/2025,FEU,Z14,19,0.138139897299
08/28/2025,FEU,Z24,2,0.140788541319
08/28/2025,FEU,Z14,2,0.140788541319
08/28/2025,FEU,Z24,20,0.208045493748
08/28/2025,FEU,Z14,20,0.208045493748
08/28/2025,FEU,Z24,21,0.235555695758
08/28/2025,FEU,Z14,21,0.235555695758
08/28/2025,FEU,Z24,22,0.234655531095
08/28/2025,FEU,Z14,22,0.234655531095
08/28/2025,FEU,Z24,23,0.232132427768
08/28/2025,FEU,Z14,23,0.166482261319
08/28/2025,FEU,Z24,24,0.162962153431
08/28/2025,FEU,Z14,24,0.162962153431
08/28/2025,FEU,Z24,3,0.138863891319
08/28/2025,FEU,Z14,3,0.138863891319
08/28/2025,FEU,Z24,4,0.123992021319
08/28/2025,FEU,Z14,4,0.123992021319
08/28/2025,FEU,Z24,5,0.119645471319
08/28/2025,FEU,Z14,5,0.119645471319
08/28/2025,FEU,Z24,6,0.12606426487
08/28/2025,FEU,Z14,6,0.12606426487
08/28/2025,FEU,Z24,7,0.135609228085
08/28/2025,FEU,Z14,7,0.135609228085
08/28/2025,FEU,Z24,8,0.144211417523
08/28/2025,FEU,Z14,8,0.144211417523
08/28/2025,FEU,Z24,9,0.166302222738
08/28/2025,FEU,Z14,9,0.166302222738
08/29/2025,FEU,Z24,1,0.13835168198
08/29/2025,FEU,Z14,1,0.13835168198
08/29/2025,FEU,Z24,10,0.118692524541
08/29/2025,FEU,Z14,10,0.118692524541
08/29/2025,FEU,Z24,11,0.07486599189
08/29/2025,FEU,Z14,11,0.140181696011
08/29/2025,FEU,Z24,12,0.140022320071
08/29/2025,FEU,Z14,12,0.140022320071
08/29/2025,FEU,Z24,13,0.139679744541
08/29/2025,FEU,Z14,13,0.139679744541
08/29/2025,FEU,Z24,14,0.136127504541
08/29/2025,FEU,Z14,14,0.136127504541
08/29/2025,FEU,Z24,15,0.136210662662
08/29/2025,FEU,Z14,15,0.070942324071
08/29/2025,FEU,Z24,16,0.071809742662
08/29/2025,FEU,Z14,16,0.071809742662
08/29/2025,FEU,Z24,17,0.071955887723
08/29/2025,FEU,Z14,17,0.071955887723
08/29/2025,FEU,Z24,18,0.071787724783
08/29/2025,FEU,Z14,18,0.071787724783
08/29/2025,FEU,Z24,19,0.074758209844
08/29/2025,FEU,Z14,19,0.140042058435
08/29/2025,FEU,Z24,2,0.135170586571
08/29/2025,FEU,Z14,2,0.135170586571
08/29/2025,FEU,Z24,20,0.200005488086
08/29/2025,FEU,Z14,20,0.200005488086
08/29/2025,FEU,Z24,21,0.22734279898
08/29/2025,FEU,Z14,21,0.22734279898
08/29/2025,FEU,Z24,22,0.242069241511
08/29/2025,FEU,Z14,22,0.242069241511
08/29/2025,FEU,Z24,23,0.238019055632
08/29/2025,FEU,Z14,23,0.172348245511
08/29/2025,FEU,Z24,24,0.163932971041
08/29/2025,FEU,Z14,24,0.163932971041
08/29/2025,FEU,Z24,3,0.129676266571
08/29/2025,FEU,Z14,3,0.129676266571
08/29/2025,FEU,Z24,4,0.113990452571
08/29/2025,FEU,Z14,4,0.113990452571
08/29/2025,FEU,Z24,5,0.109298920041
08/29/2025,FEU,Z14,5,0.109298920041
08/29/2025,FEU,Z24,6,0.10945526045
08/29/2025,FEU,Z14,6,0.10945526045
08/29/2025,FEU,Z24,7,0.140189477268
08/29/2025,FEU,Z14,7,0.140189477268
08/29/2025,FEU,Z24,8,0.142092416086
08/29/2025,FEU,Z14,8,0.142092416086
08/29/2025,FEU,Z24,9,0.155380972314
08/29/2025,FEU,Z14,9,0.155380972314
08/30/2025,FEU,Z24,1,0.141097724936
08/30/2025,FEU,Z14,1,0.141097724936
08/30/2025,FEU,Z24,10,0.082651816246
08/30/2025,FEU,Z14,10,0.082651816246
08/30/2025,FEU,Z24,11,0.055244134817
08/30/2025,FEU,Z14,11,0.055244134817
08/30/2025,FEU,Z24,12,0.043655782817
08/30/2025,FEU,Z14,12,0.043655782817
08/30/2025,FEU,Z24,13,0.042760406331
08/30/2025,FEU,Z14,13,0.042760406331
08/30/2025,FEU,Z24,14,0.042458648874
08/30/2025,FEU,Z14,14,0.042458648874
08/30/2025,FEU,Z24,15,0.042215457359
08/30/2025,FEU,Z14,15,0.042215457359
08/30/2025,FEU,Z24,16,0.045364136331
08/30/2025,FEU,Z14,16,0.045364136331
08/30/2025,FEU,Z24,17,0.045592245789
08/30/2025,FEU,Z14,17,0.045592245789
08/30/2025,FEU,Z24,18,0.045915775732
08/30/2025,FEU,Z14,18,0.045915775732
08/30/2025,FEU,Z24,19,0.056204085676
08/30/2025,FEU,Z14,19,0.056204085676
08/30/2025,FEU,Z24,2,0.137810035393
08/30/2025,FEU,Z14,2,0.137810035393
08/30/2025,FEU,Z24,20,0.111361143105
08/30/2025,FEU,Z14,20,0.111361143105
08/30/2025,FEU,Z24,21,0.13786246945
08/30/2025,FEU,Z14,21,0.13786246945
08/30/2025,FEU,Z24,22,0.15917294545
08/30/2025,FEU,Z14,22,0.15917294545
08/30/2025,FEU,Z24,23,0.153133908422
08/30/2025,FEU,Z14,23,0.153133908422
08/30/2025,FEU,Z24,24,0.147770279879
08/30/2025,FEU,Z14,24,0.147770279879
08/30/2025,FEU,Z24,3,0.139661894851
08/30/2025,FEU,Z14,3,0.139661894851
08/30/2025,FEU,Z24,4,0.132146753337
08/30/2025,FEU,Z14,4,0.132146753337
08/30/2025,FEU,Z24,5,0.131895999823
08/30/2025,FEU,Z14,5,0.131895999823
08/30/2025,FEU,Z24,6,0.131582207851
08/30/2025,FEU,Z14,6,0.131582207851
08/30/2025,FEU,Z24,7,0.134403045908
08/30/2025,FEU,Z14,7,0.134403045908
08/30/2025,FEU,Z24,8,0.152573910422
08/30/2025,FEU,Z14,8,0.152573910422
08/30/2025,FEU,Z24,9,0.182177975077
08/30/2025,FEU,Z14,9,0.182177975077
08/31/2025,FEU,Z24,1,0.138102311128
08/31/2025,FEU,Z14,1,0.138102311128
08/31/2025,FEU,Z24,10,0.065192053909
08/31/2025,FEU,Z14,10,0.065192053909
08/31/2025,FEU,Z24,11,0.058604499054
08/31/2025,FEU,Z14,11,0.058604499054
08/31/2025,FEU,Z24,12,0.060003736199
08/31/2025,FEU,Z14,12,0.060003736199
08/31/2025,FEU,Z24,13,0.057067710963
08/31/2025,FEU,Z14,13,0.057067710963
08/31/2025,FEU,Z24,14,0.057756050345
08/31/2025,FEU,Z14,14,0.057756050345
08/31/2025,FEU,Z24,15,0.060225953727
08/31/2025,FEU,Z14,15,0.060225953727
08/31/2025,FEU,Z24,16,0.062678366345
08/31/2025,FEU,Z14,16,0.062678366345
08/31/2025,FEU,Z24,17,0.062729368199
08/31/2025,FEU,Z14,17,0.062729368199
08/31/2025,FEU,Z24,18,0.063190597145
08/31/2025,FEU,Z14,18,0.063190597145
08/31/2025,FEU,Z24,19,0.059959715618
08/31/2025,FEU,Z14,19,0.059959715618
08/31/2025,FEU,Z24,2,0.134445597601
08/31/2025,FEU,Z14,2,0.134445597601
08/31/2025,FEU,Z24,20,0.064270338091
08/31/2025,FEU,Z14,20,0.064270338091
08/31/2025,FEU,Z24,21,0.1185891138
08/31/2025,FEU,Z14,21,0.1185891138
08/31/2025,FEU,Z24,22,0.129172244564
08/31/2025,FEU,Z14,22,0.129172244564
08/31/2025,FEU,Z24,23,0.126375852564
08/31/2025,FEU,Z14,23,0.126375852564
08/31/2025,FEU,Z24,24,0.1169325998
08/31/2025,FEU,Z14,24,0.1169325998
08/31/2025,FEU,Z24,3,0.130955707837
08/31/2025,FEU,Z14,3,0.130955707837
08/31/2025,FEU,Z24,4,0.128277650456
08/31/2025,FEU,Z14,4,0.128277650456
08/31/2025,FEU,Z24,5,0.132558157837
08/31/2025,FEU,Z14,5,0.132558157837
08/31/2025,FEU,Z24,6,0.132364737601
08/31/2025,FEU,Z14,6,0.132364737601
08/31/2025,FEU,Z24,7,0.131903242128
08/31/2025,FEU,Z14,7,0.131903242128
08/31/2025,FEU,Z24,8,0.151615313128
08/31/2025,FEU,Z14,8,0.151615313128
08/31/2025,FEU,Z24,9,0.116129717946
08/31/2025,FEU,Z14,9,0.116129717946
09/02/2025,FEU,Z24,1,0.146932759317
09/02/2025,FEU,Z14,1,0.146932759317
09/02/2025,FEU,Z24,10,0.105148619576
09/02/2025,FEU,Z14,10,0.105148619576
09/02/2025,FEU,Z24,11,0.069837749254
09/02/2025,FEU,Z14,11,0.135133979576
09/02/2025,FEU,Z24,12,0.127099582737
09/02/2025,FEU,Z14,12,0.127099582737
09/02/2025,FEU,Z24,13,0.128964363576
09/02/2025,FEU,Z14,13,0.128964363576
09/02/2025,FEU,Z24,14,0.125313948834
09/02/2025,FEU,Z14,14,0.125313948834
09/02/2025,FEU,Z24,15,0.125122876737
09/02/2025,FEU,Z14,15,0.059860670415
09/02/2025,FEU,Z24,16,0.062040090737
09/02/2025,FEU,Z14,16,0.062040090737
09/02/2025,FEU,Z24,17,0.062905177479
09/02/2025,FEU,Z14,17,0.062905177479
09/02/2025,FEU,Z24,18,0.07552728506
09/02/2025,FEU,Z14,18,0.07552728506
09/02/2025,FEU,Z24,19,0.09785681106
09/02/2025,FEU,Z14,19,0.163258179382
09/02/2025,FEU,Z24,2,0.142026696478
09/02/2025,FEU,Z14,2,0.142026696478
09/02/2025,FEU,Z24,20,0.228263114543
09/02/2025,FEU,Z14,20,0.228263114543
09/02/2025,FEU,Z24,21,0.278152230285
09/02/2025,FEU,Z14,21,0.278152230285
09/02/2025,FEU,Z24,22,0.300633109446
09/02/2025,FEU,Z14,22,0.300633109446
09/02/2025,FEU,Z24,23,0.252065718091
09/02/2025,FEU,Z14,23,0.186350844769
09/02/2025,FEU,Z24,24,0.174022216672
09/02/2025,FEU,Z14,24,0.174022216672
09/02/2025,FEU,Z24,3,0.137942466059
09/02/2025,FEU,Z14,3,0.137942466059
09/02/2025,FEU,Z24,4,0.128105688059
09/02/2025,FEU,Z14,4,0.128105688059
09/02/2025,FEU,Z24,5,0.12643430722
09/02/2025,FEU,Z14,5,0.12643430722
09/02/2025,FEU,Z24,6,0.126158239317
09/02/2025,FEU,Z14,6,0.126158239317
09/02/2025,FEU,Z24,7,0.131526843188
09/02/2025,FEU,Z14,7,0.131526843188
09/02/2025,FEU,Z24,8,0.145978538963
09/02/2025,FEU,Z14,8,0.145978538963
09/02/2025,FEU,Z24,9,0.169975296221
09/02/2025,FEU,Z14,9,0.169975296221
09/03/2025,FEU,Z24,1,0.153445699276
09/03/2025,FEU,Z14,1,0.153445699276
09/03/2025,FEU,Z24,10,0.084102035885
09/03/2025,FEU,Z14,10,0.084102035885
09/03/2025,FEU,Z24,11,0.060441953182
09/03/2025,FEU,Z14,11,0.125678201709
09/03/2025,FEU,Z24,12,0.127833131885
09/03/2025,FEU,Z14,12,0.127833131885
09/03/2025,FEU,Z24,13,0.127875615534
09/03/2025,FEU,Z14,13,0.127875615534
09/03/2025,FEU,Z24,14,0.124848109358
09/03/2025,FEU,Z14,14,0.124848109358
09/03/2025,FEU,Z24,15,0.125122737412
09/03/2025,FEU,Z14,15,0.059886533885
09/03/2025,FEU,Z24,16,0.060284552061
09/03/2025,FEU,Z14,16,0.060284552061
09/03/2025,FEU,Z24,17,0.060582390763
09/03/2025,FEU,Z14,17,0.060582390763
09/03/2025,FEU,Z24,18,0.059506760939
09/03/2025,FEU,Z14,18,0.059506760939
09/03/2025,FEU,Z24,19,0.077776440939
09/03/2025,FEU,Z14,19,0.143108601641
09/03/2025,FEU,Z24,2,0.143395974979
09/03/2025,FEU,Z14,2,0.143395974979
09/03/2025,FEU,Z24,20,0.207468482344
09/03/2025,FEU,Z14,20,0.207468482344
09/03/2025,FEU,Z24,21,0.240109260695
09/03/2025,FEU,Z14,21,0.240109260695
09/03/2025,FEU,Z24,22,0.273503337398
09/03/2025,FEU,Z14,22,0.273503337398
09/03/2025,FEU,Z24,23,0.246109013154
09/03/2025,FEU,Z14,23,0.180413992452
09/03/2025,FEU,Z24,24,0.175197509154
09/03/2025,FEU,Z14,24,0.175197509154
09/03/2025,FEU,Z24,3,0.13500820633
09/03/2025,FEU,Z14,3,0.13500820633
09/03/2025,FEU,Z24,4,0.127970351681
09/03/2025,FEU,Z14,4,0.127970351681
09/03/2025,FEU,Z24,5,0.123298061681
09/03/2025,FEU,Z14,5,0.123298061681
09/03/2025,FEU,Z24,6,0.122743705506
09/03/2025,FEU,Z14,6,0.122743705506
09/03/2025,FEU,Z24,7,0.132549541574
09/03/2025,FEU,Z14,7,0.132549541574
09/03/2025,FEU,Z24,8,0.142828650817
09/03/2025,FEU,Z14,8,0.142828650817
09/03/2025,FEU,Z24,9,0.15483763929
09/03/2025,FEU,Z14,9,0.15483763929
09/04/2025,FEU,Z24,1,0.140600927999
09/04/2025,FEU,Z14,1,0.140600927999
09/04/2025,FEU,Z24,10,0.120381172328
09/04/2025,FEU,Z14,10,0.120381172328
09/04/2025,FEU,Z24,11,0.085650370273
09/04/2025,FEU,Z14,11,0.151001406876
09/04/2025,FEU,Z24,12,0.141529090328
09/04/2025,FEU,Z14,12,0.141529090328
09/04/2025,FEU,Z24,13,0.138026169478
09/04/2025,FEU,Z14,13,0.138026169478
09/04/2025,FEU,Z24,14,0.133264237328
09/04/2025,FEU,Z14,14,0.133264237328
09/04/2025,FEU,Z24,15,0.133510140629
09/04/2025,FEU,Z14,15,0.068251987177
09/04/2025,FEU,Z24,16,0.068724563177
09/04/2025,FEU,Z14,16,0.068724563177
09/04/2025,FEU,Z24,17,0.071069482328
09/04/2025,FEU,Z14,17,0.071069482328
09/04/2025,FEU,Z24,18,0.07549863178
09/04/2025,FEU,Z14,18,0.07549863178
09/04/2025,FEU,Z24,19,0.096162809232
09/04/2025,FEU,Z14,19,0.161498576684
09/04/2025,FEU,Z24,2,0.1357295063
09/04/2025,FEU,Z14,2,0.1357295063
09/04/2025,FEU,Z24,20,0.208521273287
09/04/2025,FEU,Z14,20,0.208521273287
09/04/2025,FEU,Z24,21,0.241447871889
09/04/2025,FEU,Z14,21,0.241447871889
09/04/2025,FEU,Z24,22,0.250573804341
09/04/2025,FEU,Z14,22,0.250573804341
09/04/2025,FEU,Z24,23,0.238651801698
09/04/2025,FEU,Z14,23,0.172981727095
09/04/2025,FEU,Z24,24,0.160014992848
09/04/2025,FEU,Z14,24,0.160014992848
09/04/2025,FEU,Z24,3,0.132103940752
09/04/2025,FEU,Z14,3,0.132103940752
09/04/2025,FEU,Z24,4,0.121349577054
09/04/2025,FEU,Z14,4,0.121349577054
09/04/2025,FEU,Z24,5,0.119484326903
09/04/2025,FEU,Z14,5,0.119484326903
09/04/2025,FEU,Z24,6,0.11978429015
09/04/2025,FEU,Z14,6,0.11978429015
09/04/2025,FEU,Z24,7,0.131899260492
09/04/2025,FEU,Z14,7,0.131899260492
09/04/2025,FEU,Z24,8,0.156793568136
09/04/2025,FEU,Z14,8,0.156793568136
09/04/2025,FEU,Z24,9,0.170134393835
09/04/2025,FEU,Z14,9,0.170134393835
09/05/2025,FEU,Z24,1,0.137042578544
09/05/2025,FEU,Z14,1,0.137042578544
09/05/2025,FEU,Z24,10,0.15189400213
09/05/2025,FEU,Z14,10,0.15189400213
09/05/2025,FEU,Z24,11,0.104215803892
09/05/2025,FEU,Z14,11,0.169635125367
09/05/2025,FEU,Z24,12,0.143986870748
09/05/2025,FEU,Z14,12,0.143986870748
09/05/2025,FEU,Z24,13,0.136217558367
09/05/2025,FEU,Z14,13,0.136217558367
09/05/2025,FEU,Z24,14,0.13300699213
09/05/2025,FEU,Z14,14,0.13300699213
09/05/2025,FEU,Z24,15,0.130997110841
09/05/2025,FEU,Z14,15,0.065744323986
09/05/2025,FEU,Z24,16,0.065888935841
09/05/2025,FEU,Z14,16,0.065888935841
09/05/2025,FEU,Z24,17,0.06637419846
09/05/2025,FEU,Z14,17,0.06637419846
09/05/2025,FEU,Z24,18,0.069521884935
09/05/2025,FEU,Z14,18,0.069521884935
09/05/2025,FEU,Z24,19,0.119000523553
09/05/2025,FEU,Z14,19,0.184398261409
09/05/2025,FEU,Z24,2,0.128101040637
09/05/2025,FEU,Z14,2,0.128101040637
09/05/2025,FEU,Z24,20,0.230724861409
09/05/2025,FEU,Z14,20,0.230724861409
09/05/2025,FEU,Z24,21,0.247911895121
09/05/2025,FEU,Z14,21,0.247911895121
09/05/2025,FEU,Z24,22,0.245291280977
09/05/2025,FEU,Z14,22,0.245291280977
09/05/2025,FEU,Z24,23,0.233078154544
09/05/2025,FEU,Z14,23,0.16742659607
09/05/2025,FEU,Z24,24,0.161896742925
09/05/2025,FEU,Z14,24,0.161896742925
09/05/2025,FEU,Z24,3,0.114679651874
09/05/2025,FEU,Z14,3,0.114679651874
09/05/2025,FEU,Z24,4,0.106075211112
09/05/2025,FEU,Z14,4,0.106075211112
09/05/2025,FEU,Z24,5,0.098572951493
09/05/2025,FEU,Z14,5,0.098572951493
09/05/2025,FEU,Z24,6,0.1053588604
09/05/2025,FEU,Z14,6,0.1053588604
09/05/2025,FEU,Z24,7,0.124714412358
09/05/2025,FEU,Z14,7,0.124714412358
09/05/2025,FEU,Z24,8,0.138251358935
09/05/2025,FEU,Z14,8,0.138251358935
09/05/2025,FEU,Z24,9,0.164709507697
09/05/2025,FEU,Z14,9,0.164709507697
09/06/2025,FEU,Z24,1,0.13560230732
09/06/2025,FEU,Z14,1,0.13560230732
09/06/2025,FEU,Z24,10,0.078302761348
09/06/2025,FEU,Z14,10,0.078302761348
09/06/2025,FEU,Z24,11,0.064212726982
09/06/2025,FEU,Z14,11,0.064212726982
09/06/2025,FEU,Z24,12,0.062812198602
09/06/2025,FEU,Z14,12,0.062812198602
09/06/2025,FEU,Z24,13,0.063184235109
09/06/2025,FEU,Z14,13,0.063184235109
09/06/2025,FEU,Z24,14,0.06119461187
09/06/2025,FEU,Z14,14,0.06119461187
09/06/2025,FEU,Z24,15,0.06088002025
09/06/2025,FEU,Z14,15,0.06088002025
09/06/2025,FEU,Z24,16,0.062777691363
09/06/2025,FEU,Z14,16,0.062777691363
09/06/2025,FEU,Z24,17,0.063820634475
09/06/2025,FEU,Z14,17,0.063820634475
09/06/2025,FEU,Z24,18,0.063061437968
09/06/2025,FEU,Z14,18,0.063061437968
09/06/2025,FEU,Z24,19,0.063465244841
09/06/2025,FEU,Z14,19,0.063465244841
09/06/2025,FEU,Z24,2,0.120217291433
09/06/2025,FEU,Z14,2,0.120217291433
09/06/2025,FEU,Z24,20,0.086855033715
09/06/2025,FEU,Z14,20,0.086855033715
09/06/2025,FEU,Z24,21,0.100473553461
09/06/2025,FEU,Z14,21,0.100473553461
09/06/2025,FEU,Z24,22,0.119677728588
09/06/2025,FEU,Z14,22,0.119677728588
09/06/2025,FEU,Z24,23,0.117585713827
09/06/2025,FEU,Z14,23,0.117585713827
09/06/2025,FEU,Z24,24,0.102630884194
09/06/2025,FEU,Z14,24,0.102630884194
09/06/2025,FEU,Z24,3,0.110034938799
09/06/2025,FEU,Z14,3,0.110034938799
09/06/2025,FEU,Z24,4,0.098213946672
09/06/2025,FEU,Z14,4,0.098213946672
09/06/2025,FEU,Z24,5,0.092586060546
09/06/2025,FEU,Z14,5,0.092586060546
09/06/2025,FEU,Z24,6,0.091257327546
09/06/2025,FEU,Z14,6,0.091257327546
09/06/2025,FEU,Z24,7,0.092058568306
09/06/2025,FEU,Z14,7,0.092058568306
09/06/2025,FEU,Z24,8,0.105666512067
09/06/2025,FEU,Z14,8,0.105666512067
09/06/2025,FEU,Z24,9,0.097865342701
09/06/2025,FEU,Z14,9,0.097865342701
09/07/2025,FEU,Z24,1,0.079112985976
09/07/2025,FEU,Z14,1,0.079112985976
09/07/2025,FEU,Z24,10,0.092987878048
09/07/2025,FEU,Z14,10,0.092987878048
09/07/2025,FEU,Z24,11,0.058151790863
09/07/2025,FEU,Z14,11,0.058151790863
09/07/2025,FEU,Z24,12,0.057435654381
09/07/2025,FEU,Z14,12,0.057435654381
09/07/2025,FEU,Z24,13,0.055588733195
09/07/2025,FEU,Z14,13,0.055588733195
09/07/2025,FEU,Z24,14,0.054700505306
09/07/2025,FEU,Z14,14,0.054700505306
09/07/2025,FEU,Z24,15,0.054597136713
09/07/2025,FEU,Z14,15,0.054597136713
09/07/2025,FEU,Z24,16,0.055022718602
09/07/2025,FEU,Z14,16,0.055022718602
09/07/2025,FEU,Z24,17,0.05671614827
09/07/2025,FEU,Z14,17,0.05671614827
09/07/2025,FEU,Z24,18,0.063046113938
09/07/2025,FEU,Z14,18,0.063046113938
09/07/2025,FEU,Z24,19,0.10837989553
09/07/2025,FEU,Z14,19,0.10837989553
09/07/2025,FEU,Z24,2,0.072817087458
09/07/2025,FEU,Z14,2,0.072817087458
09/07/2025,FEU,Z24,20,0.238013823827
09/07/2025,FEU,Z14,20,0.238013823827
09/07/2025,FEU,Z24,21,0.172280915123
09/07/2025,FEU,Z14,21,0.172280915123
09/07/2025,FEU,Z24,22,0.17171924553
09/07/2025,FEU,Z14,22,0.17171924553
09/07/2025,FEU,Z24,23,0.165170042716
09/07/2025,FEU,Z14,23,0.165170042716
09/07/2025,FEU,Z24,24,0.158604041605
09/07/2025,FEU,Z14,24,0.158604041605
09/07/2025,FEU,Z24,3,0.087692541533
09/07/2025,FEU,Z14,3,0.087692541533
09/07/2025,FEU,Z24,4,0.086615533422
09/07/2025,FEU,Z14,4,0.086615533422
09/07/2025,FEU,Z24,5,0.085287420422
09/07/2025,FEU,Z14,5,0.085287420422
09/07/2025,FEU,Z24,6,0.093142168126
09/07/2025,FEU,Z14,6,0.093142168126
09/07/2025,FEU,Z24,7,0.08144382294
09/07/2025,FEU,Z14,7,0.08144382294
09/07/2025,FEU,Z24,8,0.095350589755
09/07/2025,FEU,Z14,8,0.095350589755
09/07/2025,FEU,Z24,9,0.105993673273
09/07/2025,FEU,Z14,9,0.105993673273
09/08/2025,FEU,Z24,1,0.140304218677
09/08/2025,FEU,Z14,1,0.140304218677
09/08/2025,FEU,Z24,10,0.163578102872
09/08/2025,FEU,Z14,10,0.163578102872
09/08/2025,FEU,Z24,11,0.149713166711
09/08/2025,FEU,Z14,11,0.215291977356
09/08/2025,FEU,Z24,12,0.191005733678
09/08/2025,FEU,Z14,12,0.191005733678
09/08/2025,FEU,Z24,13,0.179513050001
09/08/2025,FEU,Z14,13,0.179513050001
09/08/2025,FEU,Z24,14,0.162370277517
09/08/2025,FEU,Z14,14,0.162370277517
09/08/2025,FEU,Z24,15,0.151323634162
09/08/2025,FEU,Z14,15,0.086016823678
09/08/2025,FEU,Z24,16,0.086000408323
09/08/2025,FEU,Z14,16,0.086000408323
09/08/2025,FEU,Z24,17,0.086596664485
09/08/2025,FEU,Z14,17,0.086596664485
09/08/2025,FEU,Z24,18,0.109665712968
09/08/2025,FEU,Z14,18,0.109665712968
09/08/2025,FEU,Z24,19,0.137997759968
09/08/2025,FEU,Z14,19,0.203445185452
09/08/2025,FEU,Z24,2,0.130988365322
09/08/2025,FEU,Z14,2,0.130988365322
09/08/2025,FEU,Z24,20,0.220390743936
09/08/2025,FEU,Z14,20,0.220390743936
09/08/2025,FEU,Z24,21,0.228856926581
09/08/2025,FEU,Z14,21,0.228856926581
09/08/2025,FEU,Z24,22,0.222744706742
09/08/2025,FEU,Z14,22,0.222744706742
09/08/2025,FEU,Z24,23,0.219263566032
09/08/2025,FEU,Z14,23,0.153661165387
09/08/2025,FEU,Z24,24,0.137171861516
09/08/2025,FEU,Z14,24,0.137171861516
09/08/2025,FEU,Z24,3,0.128483575806
09/08/2025,FEU,Z14,3,0.128483575806
09/08/2025,FEU,Z24,4,0.122939905806
09/08/2025,FEU,Z14,4,0.122939905806
09/08/2025,FEU,Z24,5,0.118975357967
09/08/2025,FEU,Z14,5,0.118975357967
09/08/2025,FEU,Z24,6,0.119229633
09/08/2025,FEU,Z14,6,0.119229633
09/08/2025,FEU,Z24,7,0.130838058581
09/08/2025,FEU,Z14,7,0.130838058581
09/08/2025,FEU,Z24,8,0.14198828513
09/08/2025,FEU,Z14,8,0.14198828513
09/08/2025,FEU,Z24,9,0.175189168485
09/08/2025,FEU,Z14,9,0.175189168485
09/09/2025,FEU,Z24,1,0.106760985919
09/09/2025,FEU,Z14,1,0.106760985919
09/09/2025,FEU,Z24,10,0.146310615046
09/09/2025,FEU,Z14,10,0.146310615046
09/09/2025,FEU,Z24,11,0.11925538012
09/09/2025,FEU,Z14,11,0.184726231046
09/09/2025,FEU,Z24,12,0.159298326509
09/09/2025,FEU,Z14,12,0.159298326509
09/09/2025,FEU,Z24,13,0.154325735046
09/09/2025,FEU,Z14,13,0.154325735046
09/09/2025,FEU,Z24,14,0.144350785851
09/09/2025,FEU,Z14,14,0.144350785851
09/09/2025,FEU,Z24,15,0.144267622509
09/09/2025,FEU,Z14,15,0.078936989583
09/09/2025,FEU,Z24,16,0.070497878509
09/09/2025,FEU,Z14,16,0.070497878509
09/09/2025,FEU,Z24,17,0.079134933704
09/09/2025,FEU,Z14,17,0.079134933704
09/09/2025,FEU,Z24,18,0.095039669435
09/09/2025,FEU,Z14,18,0.095039669435
09/09/2025,FEU,Z24,19,0.124696267435
09/09/2025,FEU,Z14,19,0.190191644361
09/09/2025,FEU,Z24,2,0.107284105382
09/09/2025,FEU,Z14,2,0.107284105382
09/09/2025,FEU,Z24,20,0.224079975825
09/09/2025,FEU,Z14,20,0.224079975825
09/09/2025,FEU,Z24,21,0.244661757019
09/09/2025,FEU,Z14,21,0.244661757019
09/09/2025,FEU,Z24,22,0.253577047482
09/09/2025,FEU,Z14,22,0.253577047482
09/09/2025,FEU,Z24,23,0.243049567335
09/09/2025,FEU,Z14,23,0.177365757409
09/09/2025,FEU,Z24,24,0.165245806066
09/09/2025,FEU,Z14,24,0.165245806066
09/09/2025,FEU,Z24,3,0.106515627113
09/09/2025,FEU,Z14,3,0.106515627113
09/09/2025,FEU,Z24,4,0.103716849113
09/09/2025,FEU,Z14,4,0.103716849113
09/09/2025,FEU,Z24,5,0.104187034576
09/09/2025,FEU,Z14,5,0.104187034576
09/09/2025,FEU,Z24,6,0.111251445919
09/09/2025,FEU,Z14,6,0.111251445919
09/09/2025,FEU,Z24,7,0.127231321677
09/09/2025,FEU,Z14,7,0.127231321677
09/09/2025,FEU,Z24,8,0.140435261093
09/09/2025,FEU,Z14,8,0.140435261093
09/09/2025,FEU,Z24,9,0.163947732898
09/09/2025,FEU,Z14,9,0.163947732898
09/10/2025,FEU,Z24,1,0.142703231052
09/10/2025,FEU,Z14,1,0.142703231052
09/10/2025,FEU,Z24,10,0.118404929162
09/10/2025,FEU,Z14,10,0.118404929162
09/10/2025,FEU,Z24,11,0.0744776299
09/10/2025,FEU,Z14,11,0.139751009846
09/10/2025,FEU,Z24,12,0.132686861162
09/10/2025,FEU,Z14,12,0.132686861162
09/10/2025,FEU,Z24,13,0.132662878531
09/10/2025,FEU,Z14,13,0.132662878531
09/10/2025,FEU,Z24,14,0.130035218215
09/10/2025,FEU,Z14,14,0.130035218215
09/10/2025,FEU,Z24,15,0.130371497109
09/10/2025,FEU,Z14,15,0.065121493162
09/10/2025,FEU,Z24,16,0.065592451478
09/10/2025,FEU,Z14,16,0.065592451478
09/10/2025,FEU,Z24,17,0.06565518474
09/10/2025,FEU,Z14,17,0.06565518474
09/10/2025,FEU,Z24,18,0.070843961056
09/10/2025,FEU,Z14,18,0.070843961056
09/10/2025,FEU,Z24,19,0.092515897056
09/10/2025,FEU,Z14,19,0.157899594318
09/10/2025,FEU,Z24,2,0.136963634315
09/10/2025,FEU,Z14,2,0.136963634315
09/10/2025,FEU,Z24,20,0.200920675581
09/10/2025,FEU,Z14,20,0.200920675581
09/10/2025,FEU,Z24,21,0.238213400212
09/10/2025,FEU,Z14,21,0.238213400212
09/10/2025,FEU,Z24,22,0.248122455474
09/10/2025,FEU,Z14,22,0.248122455474
09/10/2025,FEU,Z24,23,0.24077492063
09/10/2025,FEU,Z14,23,0.175097003368
09/10/2025,FEU,Z24,24,0.16414722463
09/10/2025,FEU,Z14,24,0.16414722463
09/10/2025,FEU,Z24,3,0.142094847946
09/10/2025,FEU,Z14,3,0.142094847946
09/10/2025,FEU,Z24,4,0.138433400577
09/10/2025,FEU,Z14,4,0.138433400577
09/10/2025,FEU,Z24,5,0.126651969577
09/10/2025,FEU,Z14,5,0.126651969577
09/10/2025,FEU,Z24,6,0.116354499262
09/10/2025,FEU,Z14,6,0.116354499262
09/10/2025,FEU,Z24,7,0.13173840379
09/10/2025,FEU,Z14,7,0.13173840379
09/10/2025,FEU,Z24,8,0.137521580634
09/10/2025,FEU,Z14,8,0.137521580634
09/10/2025,FEU,Z24,9,0.151289783687
09/10/2025,FEU,Z14,9,0.151289783687
09/11/2025,FEU,Z24,1,0.134557246072
09/11/2025,FEU,Z14,1,0.134557246072
09/11/2025,FEU,Z24,10,0.114265948342
09/11/2025,FEU,Z14,10,0.114265948342
09/11/2025,FEU,Z24,11,0.060815924984
09/11/2025,FEU,Z14,11,0.126080186046
09/11/2025,FEU,Z24,12,0.126180289342
09/11/2025,FEU,Z14,12,0.126180289342
09/11/2025,FEU,Z24,13,0.127099793108
09/11/2025,FEU,Z14,13,0.127099793108
09/11/2025,FEU,Z24,14,0.124159840342
09/11/2025,FEU,Z14,14,0.124159840342
09/11/2025,FEU,Z24,15,0.124238241873
09/11/2025,FEU,Z14,15,0.059005645577
09/11/2025,FEU,Z24,16,0.059270333577
09/11/2025,FEU,Z14,16,0.059270333577
09/11/2025,FEU,Z24,17,0.061849111342
09/11/2025,FEU,Z14,17,0.061849111342
09/11/2025,FEU,Z24,18,0.061776012639
09/11/2025,FEU,Z14,18,0.061776012639
09/11/2025,FEU,Z24,19,0.074256773935
09/11/2025,FEU,Z14,19,0.139535045231
09/11/2025,FEU,Z24,2,0.128320615603
09/11/2025,FEU,Z14,2,0.128320615603
09/11/2025,FEU,Z24,20,0.226024980293
09/11/2025,FEU,Z14,20,0.226024980293
09/11/2025,FEU,Z24,21,0.244507835355
09/11/2025,FEU,Z14,21,0.244507835355
09/11/2025,FEU,Z24,22,0.283242410652
09/11/2025,FEU,Z14,22,0.283242410652
09/11/2025,FEU,Z24,23,0.253249672541
09/11/2025,FEU,Z14,23,0.187530681479
09/11/2025,FEU,Z24,24,0.177861474306
09/11/2025,FEU,Z14,24,0.177861474306
09/11/2025,FEU,Z24,3,0.116828682899
09/11/2025,FEU,Z14,3,0.116828682899
09/11/2025,FEU,Z24,4,0.11435082443
09/11/2025,FEU,Z14,4,0.11435082443
09/11/2025,FEU,Z24,5,0.117211010665
09/11/2025,FEU,Z14,5,0.117211010665
09/11/2025,FEU,Z24,6,0.121116499837
09/11/2025,FEU,Z14,6,0.121116499837
09/11/2025,FEU,Z24,7,0.128034568417
09/11/2025,FEU,Z14,7,0.128034568417
09/11/2025,FEU,Z24,8,0.144548232528
09/11/2025,FEU,Z14,8,0.144548232528
09/11/2025,FEU,Z24,9,0.160588617997
09/11/2025,FEU,Z14,9,0.160588617997
09/12/2025,FEU,Z24,1,0.144601288245
09/12/2025,FEU,Z14,1,0.144601288245
09/12/2025,FEU,Z24,10,0.152429152395
09/12/2025,FEU,Z14,10,0.152429152395
09/12/2025,FEU,Z24,11,0.119186697162
09/12/2025,FEU,Z14,11,0.184657735629
09/12/2025,FEU,Z24,12,0.139667228512
09/12/2025,FEU,Z14,12,0.139667228512
09/12/2025,FEU,Z24,13,0.123433696629
09/12/2025,FEU,Z14,13,0.123433696629
09/12/2025,FEU,Z24,14,0.115934887395
09/12/2025,FEU,Z14,14,0.115934887395
09/12/2025,FEU,Z24,15,0.114842260095
09/12/2025,FEU,Z14,15,0.049631948745
09/12/2025,FEU,Z24,16,0.049190969095
09/12/2025,FEU,Z14,16,0.049190969095
09/12/2025,FEU,Z24,17,0.053255471212
09/12/2025,FEU,Z14,17,0.053255471212
09/12/2025,FEU,Z24,18,0.073517411678
09/12/2025,FEU,Z14,18,0.073517411678
09/12/2025,FEU,Z24,19,0.105475670795
09/12/2025,FEU,Z14,19,0.170836884145
09/12/2025,FEU,Z24,2,0.133810615828
09/12/2025,FEU,Z14,2,0.133810615828
09/12/2025,FEU,Z24,20,0.245370684145
09/12/2025,FEU,Z14,20,0.245370684145
09/12/2025,FEU,Z24,21,0.255475022845
09/12/2025,FEU,Z14,21,0.255475022845
09/12/2025,FEU,Z24,22,0.275960157195
09/12/2025,FEU,Z14,22,0.275960157195
09/12/2025,FEU,Z24,23,0.234305136245
09/12/2025,FEU,Z14,23,0.168649375778
09/12/2025,FEU,Z24,24,0.161096762128
09/12/2025,FEU,Z14,24,0.161096762128
09/12/2025,FEU,Z24,3,0.142276287061
09/12/2025,FEU,Z14,3,0.142276287061
09/12/2025,FEU,Z24,4,0.138904681294
09/12/2025,FEU,Z14,4,0.138904681294
09/12/2025,FEU,Z24,5,0.138825665178
09/12/2025,FEU,Z14,5,0.138825665178
09/12/2025,FEU,Z24,6,0.140601859595
09/12/2025,FEU,Z14,6,0.140601859595
09/12/2025,FEU,Z24,7,0.144634905078
09/12/2025,FEU,Z14,7,0.144634905078
09/12/2025,FEU,Z24,8,0.184515949678
09/12/2025,FEU,Z14,8,0.184515949678
09/12/2025,FEU,Z24,9,0.179116469445
09/12/2025,FEU,Z14,9,0.179116469445
09/13/2025,FEU,Z24,1,0.147871410931
09/13/2025,FEU,Z14,1,0.147871410931
09/13/2025,FEU,Z24,10,0.111598965249
09/13/2025,FEU,Z14,10,0.111598965249
09/13/2025,FEU,Z24,11,0.048316182785
09/13/2025,FEU,Z14,11,0.048316182785
09/13/2025,FEU,Z24,12,0.042018716663
09/13/2025,FEU,Z14,12,0.042018716663
09/13/2025,FEU,Z24,13,0.039005692493
09/13/2025,FEU,Z14,13,0.039005692493
09/13/2025,FEU,Z24,14,0.038839394737
09/13/2025,FEU,Z14,14,0.038839394737
09/13/2025,FEU,Z24,15,0.038813989859
09/13/2025,FEU,Z14,15,0.038813989859
09/13/2025,FEU,Z24,16,0.038849117907
09/13/2025,FEU,Z14,16,0.038849117907
09/13/2025,FEU,Z24,17,0.039780847956
09/13/2025,FEU,Z14,17,0.039780847956
09/13/2025,FEU,Z24,18,0.034727329127
09/13/2025,FEU,Z14,18,0.034727329127
09/13/2025,FEU,Z24,19,0.048474422419
09/13/2025,FEU,Z14,19,0.048474422419
09/13/2025,FEU,Z24,2,0.145946698979
09/13/2025,FEU,Z14,2,0.145946698979
09/13/2025,FEU,Z24,20,0.127208589712
09/13/2025,FEU,Z14,20,0.127208589712
09/13/2025,FEU,Z24,21,0.141002242297
09/13/2025,FEU,Z14,21,0.141002242297
09/13/2025,FEU,Z24,22,0.150145958005
09/13/2025,FEU,Z14,22,0.150145958005
09/13/2025,FEU,Z24,23,0.14406280576
09/13/2025,FEU,Z14,23,0.14406280576
09/13/2025,FEU,Z24,24,0.141284273224
09/13/2025,FEU,Z14,24,0.141284273224
09/13/2025,FEU,Z24,3,0.151406982443
09/13/2025,FEU,Z14,3,0.151406982443
09/13/2025,FEU,Z24,4,0.148459674735
09/13/2025,FEU,Z14,4,0.148459674735
09/13/2025,FEU,Z24,5,0.147242637028
09/13/2025,FEU,Z14,5,0.147242637028
09/13/2025,FEU,Z24,6,0.142563186028
09/13/2025,FEU,Z14,6,0.142563186028
09/13/2025,FEU,Z24,7,0.143877508272
09/13/2025,FEU,Z14,7,0.143877508272
09/13/2025,FEU,Z24,8,0.148878677516
09/13/2025,FEU,Z14,8,0.148878677516
09/13/2025,FEU,Z24,9,0.143711378053
09/13/2025,FEU,Z14,9,0.143711378053
09/14/2025,FEU,Z24,1,0.131482878925
09/14/2025,FEU,Z14,1,0.131482878925
09/14/2025,FEU,Z24,10,0.081974201277
09/14/2025,FEU,Z14,10,0.081974201277
09/14/2025,FEU,Z24,11,0.050982789748
09/14/2025,FEU,Z14,11,0.050982789748
09/14/2025,FEU,Z24,12,0.051506942836
09/14/2025,FEU,Z14,12,0.051506942836
09/14/2025,FEU,Z24,13,0.051059061306
09/14/2025,FEU,Z14,13,0.051059061306
09/14/2025,FEU,Z24,14,0.049881173159
09/14/2025,FEU,Z14,14,0.049881173159
09/14/2025,FEU,Z24,15,0.049787410394
09/14/2025,FEU,Z14,15,0.049787410394
09/14/2025,FEU,Z24,16,0.050188900541
09/14/2025,FEU,Z14,16,0.050188900541
09/14/2025,FEU,Z24,17,0.051062346983
09/14/2025,FEU,Z14,17,0.051062346983
09/14/2025,FEU,Z24,18,0.052155372424
09/14/2025,FEU,Z14,18,0.052155372424
09/14/2025,FEU,Z24,19,0.058595150189
09/14/2025,FEU,Z14,19,0.058595150189
09/14/2025,FEU,Z24,2,0.123913869837
09/14/2025,FEU,Z14,2,0.123913869837
09/14/2025,FEU,Z24,20,0.143411283571
09/14/2025,FEU,Z14,20,0.143411283571
09/14/2025,FEU,Z24,21,0.153115226954
09/14/2025,FEU,Z14,21,0.153115226954
09/14/2025,FEU,Z24,22,0.178660596189
09/14/2025,FEU,Z14,22,0.178660596189
09/14/2025,FEU,Z24,23,0.156786075719
09/14/2025,FEU,Z14,23,0.156786075719
09/14/2025,FEU,Z24,24,0.150814095866
09/14/2025,FEU,Z14,24,0.150814095866
09/14/2025,FEU,Z24,3,0.124909323514
09/14/2025,FEU,Z14,3,0.124909323514
09/14/2025,FEU,Z24,4,0.126279486661
09/14/2025,FEU,Z14,4,0.126279486661
09/14/2025,FEU,Z24,5,0.127426871661
09/14/2025,FEU,Z14,5,0.127426871661
09/14/2025,FEU,Z24,6,0.133183810278
09/14/2025,FEU,Z14,6,0.133183810278
09/14/2025,FEU,Z24,7,0.131735508749
09/14/2025,FEU,Z14,7,0.131735508749
09/14/2025,FEU,Z24,8,0.140788951219
09/14/2025,FEU,Z14,8,0.140788951219
09/14/2025,FEU,Z24,9,0.135970374307
09/14/2025,FEU,Z14,9,0.135970374307
09/15/2025,FEU,Z24,1,0.143642915136
09/15/2025,FEU,Z14,1,0.143642915136
09/15/2025,FEU,Z24,10,0.149417376209
09/15/2025,FEU,Z14,10,0.149417376209
09/15/2025,FEU,Z24,11,0.096364260461
09/15/2025,FEU,Z14,11,0.161755862453
09/15/2025,FEU,Z24,12,0.130205442949
09/15/2025,FEU,Z14,12,0.130205442949
09/15/2025,FEU,Z24,13,0.130746238445
09/15/2025,FEU,Z14,13,0.130746238445
09/15/2025,FEU,Z24,14,0.123956617201
09/15/2025,FEU,Z14,14,0.123956617201
09/15/2025,FEU,Z24,15,0.121319396193
09/15/2025,FEU,Z14,15,0.056091405949
09/15/2025,FEU,Z24,16,0.057744975941
09/15/2025,FEU,Z14,16,0.057744975941
09/15/2025,FEU,Z24,17,0.059628679689
09/15/2025,FEU,Z14,17,0.059628679689
09/15/2025,FEU,Z24,18,0.073882279933
09/15/2025,FEU,Z14,18,0.073882279933
09/15/2025,FEU,Z24,19,0.107175101933
09/15/2025,FEU,Z14,19,0.172541910177
09/15/2025,FEU,Z24,2,0.142717314128
09/15/2025,FEU,Z14,2,0.142717314128
09/15/2025,FEU,Z24,20,0.225870476421
09/15/2025,FEU,Z14,20,0.225870476421
09/15/2025,FEU,Z24,21,0.245420060412
09/15/2025,FEU,Z14,21,0.245420060412
09/15/2025,FEU,Z24,22,0.24789135616
09/15/2025,FEU,Z14,22,0.24789135616
09/15/2025,FEU,Z24,23,0.236938478144
09/15/2025,FEU,Z14,23,0.171274281152
09/15/2025,FEU,Z24,24,0.160968711388
09/15/2025,FEU,Z14,24,0.160968711388
09/15/2025,FEU,Z24,3,0.138569979372
09/15/2025,FEU,Z14,3,0.138569979372
09/15/2025,FEU,Z24,4,0.136048845372
09/15/2025,FEU,Z14,4,0.136048845372
09/15/2025,FEU,Z24,5,0.13525247512
09/15/2025,FEU,Z14,5,0.13525247512
09/15/2025,FEU,Z24,6,0.140539624632
09/15/2025,FEU,Z14,6,0.140539624632
09/15/2025,FEU,Z24,7,0.146461708412
09/15/2025,FEU,Z14,7,0.146461708412
09/15/2025,FEU,Z24,8,0.163725190681
09/15/2025,FEU,Z14,8,0.163725190681
09/15/2025,FEU,Z24,9,0.192228575689
09/15/2025,FEU,Z14,9,0.192228575689
09/16/2025,FEU,Z24,1,0.120059837486
09/16/2025,FEU,Z14,1,0.120059837486
09/16/2025,FEU,Z24,10,0.154181436259
09/16/2025,FEU,Z14,10,0.154181436259
09/16/2025,FEU,Z24,11,0.095966223174
09/16/2025,FEU,Z14,11,0.161355916259
09/16/2025,FEU,Z24,12,0.135585296802
09/16/2025,FEU,Z14,12,0.135585296802
09/16/2025,FEU,Z24,13,0.128612988259
09/16/2025,FEU,Z14,13,0.128612988259
09/16/2025,FEU,Z24,14,0.126010393445
09/16/2025,FEU,Z14,14,0.126010393445
09/16/2025,FEU,Z24,15,0.122437982802
09/16/2025,FEU,Z14,15,0.057184079717
09/16/2025,FEU,Z24,16,0.054478866802
09/16/2025,FEU,Z14,16,0.054478866802
09/16/2025,FEU,Z24,17,0.061371320616
09/16/2025,FEU,Z14,17,0.061371320616
09/16/2025,FEU,Z24,18,0.093689299888
09/16/2025,FEU,Z14,18,0.093689299888
09/16/2025,FEU,Z24,19,0.128795521888
09/16/2025,FEU,Z14,19,0.194305256973
09/16/2025,FEU,Z24,2,0.119045758028
09/16/2025,FEU,Z14,2,0.119045758028
09/16/2025,FEU,Z24,20,0.235240303516
09/16/2025,FEU,Z14,20,0.235240303516
09/16/2025,FEU,Z24,21,0.26560827633
09/16/2025,FEU,Z14,21,0.26560827633
09/16/2025,FEU,Z24,22,0.340087259873
09/16/2025,FEU,Z14,22,0.340087259873
09/16/2025,FEU,Z24,23,0.240356674043
09/16/2025,FEU,Z14,23,0.174682141958
09/16/2025,FEU,Z24,24,0.167906251315
09/16/2025,FEU,Z14,24,0.167906251315
09/16/2025,FEU,Z24,3,0.1182755853
09/16/2025,FEU,Z14,3,0.1182755853
09/16/2025,FEU,Z24,4,0.1160492313
09/16/2025,FEU,Z14,4,0.1160492313
09/16/2025,FEU,Z24,5,0.122111118842
09/16/2025,FEU,Z14,5,0.122111118842
09/16/2025,FEU,Z24,6,0.125595107486
09/16/2025,FEU,Z14,6,0.125595107486
09/16/2025,FEU,Z24,7,0.138469421687
09/16/2025,FEU,Z14,7,0.138469421687
09/16/2025,FEU,Z24,8,0.149059026244
09/16/2025,FEU,Z14,8,0.149059026244
09/16/2025,FEU,Z24,9,0.17484838243
09/16/2025,FEU,Z14,9,0.17484838243
09/17/2025,FEU,Z24,1,0.141024940061
09/17/2025,FEU,Z14,1,0.141024940061
09/17/2025,FEU,Z24,10,0.151631034934
09/17/2025,FEU,Z14,10,0.151631034934
09/17/2025,FEU,Z24,11,0.110269991953
09/17/2025,FEU,Z14,11,0.175636923688
09/17/2025,FEU,Z24,12,0.153736366934
09/17/2025,FEU,Z14,12,0.153736366934
09/17/2025,FEU,Z24,13,0.133100158443
09/17/2025,FEU,Z14,13,0.133100158443
09/17/2025,FEU,Z24,14,0.130494813198
09/17/2025,FEU,Z14,14,0.130494813198
09/17/2025,FEU,Z24,15,0.125830236669
09/17/2025,FEU,Z14,15,0.060591034934
09/17/2025,FEU,Z24,16,0.062435063179
09/17/2025,FEU,Z14,16,0.062435063179
09/17/2025,FEU,Z24,17,0.067150148159
09/17/2025,FEU,Z14,17,0.067150148159
09/17/2025,FEU,Z24,18,0.100377384404
09/17/2025,FEU,Z14,18,0.100377384404
09/17/2025,FEU,Z24,19,0.135093208404
09/17/2025,FEU,Z14,19,0.200624629385
09/17/2025,FEU,Z24,2,0.139544956042
09/17/2025,FEU,Z14,2,0.139544956042
09/17/2025,FEU,Z24,20,0.234391954365
09/17/2025,FEU,Z14,20,0.234391954365
09/17/2025,FEU,Z24,21,0.280973634855
09/17/2025,FEU,Z14,21,0.280973634855
09/17/2025,FEU,Z24,22,0.354293603836
09/17/2025,FEU,Z14,22,0.354293603836
09/17/2025,FEU,Z24,23,0.240797030287
09/17/2025,FEU,Z14,23,0.175119037306
09/17/2025,FEU,Z24,24,0.162319222287
09/17/2025,FEU,Z14,24,0.162319222287
09/17/2025,FEU,Z24,3,0.138781819532
09/17/2025,FEU,Z14,3,0.138781819532
09/17/2025,FEU,Z24,4,0.132451850022
09/17/2025,FEU,Z14,4,0.132451850022
09/17/2025,FEU,Z24,5,0.130990442022
09/17/2025,FEU,Z14,5,0.130990442022
09/17/2025,FEU,Z24,6,0.134812336777
09/17/2025,FEU,Z14,6,0.134812336777
09/17/2025,FEU,Z24,7,0.134808513081
09/17/2025,FEU,Z14,7,0.134808513081
09/17/2025,FEU,Z24,8,0.14885868263
09/17/2025,FEU,Z14,8,0.14885868263
09/17/2025,FEU,Z24,9,0.170660540894
09/17/2025,FEU,Z14,9,0.170660540894
09/18/2025,FEU,Z24,1,0.137885519574
09/18/2025,FEU,Z14,1,0.137885519574
09/18/2025,FEU,Z24,10,0.152540266818
09/18/2025,FEU,Z14,10,0.152540266818
09/18/2025,FEU,Z24,11,0.101011775616
09/18/2025,FEU,Z14,11,0.166417188874
09/18/2025,FEU,Z24,12,0.170421583818
09/18/2025,FEU,Z14,12,0.170421583818
09/18/2025,FEU,Z24,13,0.158995144133
09/18/2025,FEU,Z14,13,0.158995144133
09/18/2025,FEU,Z24,14,0.156674116818
09/18/2025,FEU,Z14,14,0.156674116818
09/18/2025,FEU,Z24,15,0.150323106448
09/18/2025,FEU,Z14,15,0.085020669504
09/18/2025,FEU,Z24,16,0.085125181504
09/18/2025,FEU,Z14,16,0.085125181504
09/18/2025,FEU,Z24,17,0.097213846818
09/18/2025,FEU,Z14,17,0.097213846818
09/18/2025,FEU,Z24,18,0.111423638763
09/18/2025,FEU,Z14,18,0.111423638763
09/18/2025,FEU,Z24,19,0.145909785707
09/18/2025,FEU,Z14,19,0.211374976651
09/18/2025,FEU,Z24,2,0.133936088204
09/18/2025,FEU,Z14,2,0.133936088204
09/18/2025,FEU,Z24,20,0.23974051191
09/18/2025,FEU,Z14,20,0.23974051191
09/18/2025,FEU,Z24,21,0.281292219168
09/18/2025,FEU,Z14,21,0.281292219168
09/18/2025,FEU,Z24,22,0.328850829113
09/18/2025,FEU,Z14,22,0.328850829113
09/18/2025,FEU,Z24,23,0.246700890945
09/18/2025,FEU,Z14,23,0.181003203686
09/18/2025,FEU,Z24,24,0.15801377926
09/18/2025,FEU,Z14,24,0.15801377926
09/18/2025,FEU,Z24,3,0.133997355148
09/18/2025,FEU,Z14,3,0.133997355148
09/18/2025,FEU,Z24,4,0.131381919777
09/18/2025,FEU,Z14,4,0.131381919777
09/18/2025,FEU,Z24,5,0.131307873463
09/18/2025,FEU,Z14,5,0.131307873463
09/18/2025,FEU,Z24,6,0.131248864889
09/18/2025,FEU,Z14,6,0.131248864889
09/18/2025,FEU,Z24,7,0.130147396427
09/18/2025,FEU,Z14,7,0.130147396427
09/18/2025,FEU,Z24,8,0.150844234595
09/18/2025,FEU,Z14,8,0.150844234595
09/18/2025,FEU,Z24,9,0.159595945966
09/18/2025,FEU,Z14,9,0.159595945966
09/19/2025,FEU,Z24,1,0.14421063165
09/19/2025,FEU,Z14,1,0.14421063165
09/19/2025,FEU,Z24,10,0.164285968187
09/19/2025,FEU,Z14,10,0.164285968187
09/19/2025,FEU,Z24,11,0.116955291886
09/19/2025,FEU,Z14,11,0.182419589488
09/19/2025,FEU,Z24,12,0.165121050837
09/19/2025,FEU,Z14,12,0.165121050837
09/19/2025,FEU,Z24,13,0.161248649488
09/19/2025,FEU,Z14,13,0.161248649488
09/19/2025,FEU,Z24,14,0.154710498187
09/19/2025,FEU,Z14,14,0.154710498187
09/19/2025,FEU,Z24,15,0.139899229089
09/19/2025,FEU,Z14,15,0.074623036138
09/19/2025,FEU,Z24,16,0.076483157089
09/19/2025,FEU,Z14,16,0.076483157089
09/19/2025,FEU,Z24,17,0.10103507674
09/19/2025,FEU,Z14,17,0.10103507674
09/19/2025,FEU,Z24,18,0.117508379341
09/19/2025,FEU,Z14,18,0.117508379341
09/19/2025,FEU,Z24,19,0.128857877992
09/19/2025,FEU,Z14,19,0.194281397943
09/19/2025,FEU,Z24,2,0.142719003902
09/19/2025,FEU,Z14,2,0.142719003902
09/19/2025,FEU,Z24,20,0.232633897943
09/19/2025,FEU,Z14,20,0.232633897943
09/19/2025,FEU,Z24,21,0.248035623845
09/19/2025,FEU,Z14,21,0.248035623845
09/19/2025,FEU,Z24,22,0.246803812796
09/19/2025,FEU,Z14,22,0.246803812796
09/19/2025,FEU,Z24,23,0.22753486365
09/19/2025,FEU,Z14,23,0.161902289048
09/19/2025,FEU,Z24,24,0.162649494999
09/19/2025,FEU,Z14,24,0.162649494999
09/19/2025,FEU,Z24,3,0.140678914203
09/19/2025,FEU,Z14,3,0.140678914203
09/19/2025,FEU,Z24,4,0.137638857503
09/19/2025,FEU,Z14,4,0.137638857503
09/19/2025,FEU,Z24,5,0.136437836853
09/19/2025,FEU,Z14,5,0.136437836853
09/19/2025,FEU,Z24,6,0.136738184601
09/19/2025,FEU,Z14,6,0.136738184601
09/19/2025,FEU,Z24,7,0.139896987146
09/19/2025,FEU,Z14,7,0.139896987146
09/19/2025,FEU,Z24,8,0.148286917341
09/19/2025,FEU,Z14,8,0.148286917341
09/19/2025,FEU,Z24,9,0.166724128041
09/19/2025,FEU,Z14,9,0.166724128041
09/20/2025,FEU,Z24,1,0.150769687429
09/20/2025,FEU,Z14,1,0.150769687429
09/20/2025,FEU,Z24,10,0.114549357091
09/20/2025,FEU,Z14,10,0.114549357091
09/20/2025,FEU,Z24,11,0.067723903673
09/20/2025,FEU,Z14,11,0.067723903673
09/20/2025,FEU,Z24,12,0.037873218924
09/20/2025,FEU,Z14,12,0.037873218924
09/20/2025,FEU,Z24,13,0.034735205589
09/20/2025,FEU,Z14,13,0.034735205589
09/20/2025,FEU,Z24,14,0.033125732087
09/20/2025,FEU,Z14,14,0.033125732087
09/20/2025,FEU,Z24,15,0.034047550836
09/20/2025,FEU,Z14,15,0.034047550836
09/20/2025,FEU,Z24,16,0.035154321422
09/20/2025,FEU,Z14,16,0.035154321422
09/20/2025,FEU,Z24,17,0.039838008007
09/20/2025,FEU,Z14,17,0.039838008007
09/20/2025,FEU,Z24,18,0.053814576342
09/20/2025,FEU,Z14,18,0.053814576342
09/20/2025,FEU,Z24,19,0.099194651425
09/20/2025,FEU,Z14,19,0.099194651425
09/20/2025,FEU,Z24,2,0.147076262014
09/20/2025,FEU,Z14,2,0.147076262014
09/20/2025,FEU,Z24,20,0.135584080509
09/20/2025,FEU,Z14,20,0.135584080509
09/20/2025,FEU,Z24,21,0.152327332676
09/20/2025,FEU,Z14,21,0.152327332676
09/20/2025,FEU,Z24,22,0.153757401593
09/20/2025,FEU,Z14,22,0.153757401593
09/20/2025,FEU,Z24,23,0.148871425094
09/20/2025,FEU,Z14,23,0.148871425094
09/20/2025,FEU,Z24,24,0.146623143513
09/20/2025,FEU,Z14,24,0.146623143513
09/20/2025,FEU,Z24,3,0.145253380432
09/20/2025,FEU,Z14,3,0.145253380432
09/20/2025,FEU,Z24,4,0.139311080516
09/20/2025,FEU,Z14,4,0.139311080516
09/20/2025,FEU,Z24,5,0.1406588546
09/20/2025,FEU,Z14,5,0.1406588546
09/20/2025,FEU,Z24,6,0.1407555326
09/20/2025,FEU,Z14,6,0.1407555326
09/20/2025,FEU,Z24,7,0.144032099098
09/20/2025,FEU,Z14,7,0.144032099098
09/20/2025,FEU,Z24,8,0.144483511596
09/20/2025,FEU,Z14,8,0.144483511596
09/20/2025,FEU,Z24,9,0.155402017178
09/20/2025,FEU,Z14,9,0.155402017178
09/21/2025,FEU,Z24,1,0.14575319047
09/21/2025,FEU,Z14,1,0.14575319047
09/21/2025,FEU,Z24,10,0.087155997004
09/21/2025,FEU,Z14,10,0.087155997004
09/21/2025,FEU,Z24,11,0.06860457431
09/21/2025,FEU,Z14,11,0.06860457431
09/21/2025,FEU,Z24,12,0.060077600944
09/21/2025,FEU,Z14,12,0.060077600944
09/21/2025,FEU,Z24,13,0.058801078251
09/21/2025,FEU,Z14,13,0.058801078251
09/21/2025,FEU,Z24,14,0.057717772231
09/21/2025,FEU,Z14,14,0.057717772231
09/21/2025,FEU,Z24,15,0.057506860884
09/21/2025,FEU,Z14,15,0.057506860884
09/21/2025,FEU,Z24,16,0.058055165904
09/21/2025,FEU,Z14,16,0.058055165904
09/21/2025,FEU,Z24,17,0.058804792964
09/21/2025,FEU,Z14,17,0.058804792964
09/21/2025,FEU,Z24,18,0.059595219024
09/21/2025,FEU,Z14,18,0.059595219024
09/21/2025,FEU,Z24,19,0.06131681937
09/21/2025,FEU,Z14,19,0.06131681937
09/21/2025,FEU,Z24,2,0.144709414837
09/21/2025,FEU,Z14,2,0.144709414837
09/21/2025,FEU,Z24,20,0.106059621044
09/21/2025,FEU,Z14,20,0.106059621044
09/21/2025,FEU,Z24,21,0.130606096717
09/21/2025,FEU,Z14,21,0.130606096717
09/21/2025,FEU,Z24,22,0.11712498737
09/21/2025,FEU,Z14,22,0.11712498737
09/21/2025,FEU,Z24,23,0.111709697064
09/21/2025,FEU,Z14,23,0.111709697064
09/21/2025,FEU,Z24,24,0.097359165083
09/21/2025,FEU,Z14,24,0.097359165083
09/21/2025,FEU,Z24,3,0.13927805855
09/21/2025,FEU,Z14,3,0.13927805855
09/21/2025,FEU,Z24,4,0.14273678157
09/21/2025,FEU,Z14,4,0.14273678157
09/21/2025,FEU,Z24,5,0.14356908157
09/21/2025,FEU,Z14,5,0.14356908157
09/21/2025,FEU,Z24,6,0.139314235896
09/21/2025,FEU,Z14,6,0.139314235896
09/21/2025,FEU,Z24,7,0.138710797203
09/21/2025,FEU,Z14,7,0.138710797203
09/21/2025,FEU,Z24,8,0.14908233451
09/21/2025,FEU,Z14,8,0.14908233451
09/21/2025,FEU,Z24,9,0.138836541143
09/21/2025,FEU,Z14,9,0.138836541143
09/22/2025,FEU,Z24,1,0.099814108704
09/22/2025,FEU,Z14,1,0.099814108704
09/22/2025,FEU,Z24,10,0.112440450436
09/22/2025,FEU,Z14,10,0.112440450436
09/22/2025,FEU,Z24,11,0.081631274207
09/22/2025,FEU,Z14,11,0.146970862125
09/22/2025,FEU,Z24,12,0.144580171585
09/22/2025,FEU,Z14,12,0.144580171585
09/22/2025,FEU,Z24,13,0.144370328044
09/22/2025,FEU,Z14,13,0.144370328044
09/22/2025,FEU,Z24,14,0.142594191355
09/22/2025,FEU,Z14,14,0.142594191355
09/22/2025,FEU,Z24,15,0.142862634274
09/22/2025,FEU,Z14,15,0.077578050585
09/22/2025,FEU,Z24,16,0.077913761503
09/22/2025,FEU,Z14,16,0.077913761503
09/22/2025,FEU,Z24,17,0.078189486733
09/22/2025,FEU,Z14,17,0.078189486733
09/22/2025,FEU,Z24,18,0.078449039422
09/22/2025,FEU,Z14,18,0.078449039422
09/22/2025,FEU,Z24,19,0.097639496422
09/22/2025,FEU,Z14,19,0.162981364111
09/22/2025,FEU,Z24,2,0.100789643623
09/22/2025,FEU,Z14,2,0.100789643623
09/22/2025,FEU,Z24,20,0.2225711458
09/22/2025,FEU,Z14,20,0.2225711458
09/22/2025,FEU,Z24,21,0.273307788719
09/22/2025,FEU,Z14,21,0.273307788719
09/22/2025,FEU,Z24,22,0.267267569948
09/22/2025,FEU,Z14,22,0.267267569948
09/22/2025,FEU,Z24,23,0.241591379786
09/22/2025,FEU,Z14,23,0.175912382867
09/22/2025,FEU,Z24,24,0.175519817475
09/22/2025,FEU,Z14,24,0.175519817475
09/22/2025,FEU,Z24,3,0.099091612312
09/22/2025,FEU,Z14,3,0.099091612312
09/22/2025,FEU,Z24,4,0.099820175312
09/22/2025,FEU,Z14,4,0.099820175312
09/22/2025,FEU,Z24,5,0.108142550541
09/22/2025,FEU,Z14,5,0.108142550541
09/22/2025,FEU,Z24,6,0.101669637164
09/22/2025,FEU,Z14,6,0.101669637164
09/22/2025,FEU,Z24,7,0.102144537719
09/22/2025,FEU,Z14,7,0.102144537719
09/22/2025,FEU,Z24,8,0.126163183652
09/22/2025,FEU,Z14,8,0.126163183652
09/22/2025,FEU,Z24,9,0.149966334733
09/22/2025,FEU,Z14,9,0.149966334733
09/23/2025,FEU,Z24,1,0.13718616503
09/23/2025,FEU,Z14,1,0.13718616503
09/23/2025,FEU,Z24,10,0.114564443653
09/23/2025,FEU,Z14,10,0.114564443653
09/23/2025,FEU,Z24,11,0.07545085902
09/23/2025,FEU,Z14,11,0.140768059653
09/23/2025,FEU,Z24,12,0.136774377969
09/23/2025,FEU,Z14,12,0.136774377969
09/23/2025,FEU,Z24,13,0.135497019653
09/23/2025,FEU,Z14,13,0.135497019653
09/23/2025,FEU,Z24,14,0.132543143178
09/23/2025,FEU,Z14,14,0.132543143178
09/23/2025,FEU,Z24,15,0.132753823969
09/23/2025,FEU,Z14,15,0.067463661337
09/23/2025,FEU,Z24,16,0.067833167969
09/23/2025,FEU,Z14,16,0.067833167969
09/23/2025,FEU,Z24,17,0.067926236444
09/23/2025,FEU,Z14,17,0.067926236444
09/23/2025,FEU,Z24,18,0.070697284602
09/23/2025,FEU,Z14,18,0.070697284602
09/23/2025,FEU,Z24,19,0.099729208602
09/23/2025,FEU,Z14,19,0.165135989234
09/23/2025,FEU,Z24,2,0.121138817346
09/23/2025,FEU,Z14,2,0.121138817346
09/23/2025,FEU,Z24,20,0.227930857551
09/23/2025,FEU,Z14,20,0.227930857551
09/23/2025,FEU,Z24,21,0.248056547025
09/23/2025,FEU,Z14,21,0.248056547025
09/23/2025,FEU,Z24,22,0.242286210341
09/23/2025,FEU,Z14,22,0.242286210341
09/23/2025,FEU,Z24,23,0.222239137606
09/23/2025,FEU,Z14,23,0.156627025974
09/23/2025,FEU,Z24,24,0.158550857765
09/23/2025,FEU,Z14,24,0.158550857765
09/23/2025,FEU,Z24,3,0.145545356504
09/23/2025,FEU,Z14,3,0.145545356504
09/23/2025,FEU,Z24,4,0.134601266504
09/23/2025,FEU,Z14,4,0.134601266504
09/23/2025,FEU,Z24,5,0.13703231082
09/23/2025,FEU,Z14,5,0.13703231082
09/23/2025,FEU,Z24,6,0.14007255503
09/23/2025,FEU,Z14,6,0.14007255503
09/23/2025,FEU,Z24,7,0.140286522816
09/23/2025,FEU,Z14,7,0.140286522816
09/23/2025,FEU,Z24,8,0.138380326392
09/23/2025,FEU,Z14,8,0.138380326392
09/23/2025,FEU,Z24,9,0.163127972918
09/23/2025,FEU,Z14,9,0.163127972918
09/24/2025,FEU,Z24,1,0.114769369991
09/24/2025,FEU,Z14,1,0.114769369991
09/24/2025,FEU,Z24,10,0.137492834029
09/24/2025,FEU,Z14,10,0.137492834029
09/24/2025,FEU,Z24,11,0.085888167956
09/24/2025,FEU,Z14,11,0.151191734511
09/24/2025,FEU,Z24,12,0.140879554029
09/24/2025,FEU,Z14,12,0.140879554029
09/24/2025,FEU,Z24,13,0.140391316993
09/24/2025,FEU,Z14,13,0.140391316993
09/24/2025,FEU,Z24,14,0.138517303474
09/24/2025,FEU,Z14,14,0.138517303474
09/24/2025,FEU,Z24,15,0.138041530585
09/24/2025,FEU,Z14,15,0.072770222029
09/24/2025,FEU,Z24,16,0.072290002548
09/24/2025,FEU,Z14,16,0.072290002548
09/24/2025,FEU,Z24,17,0.073175213622
09/24/2025,FEU,Z14,17,0.073175213622
09/24/2025,FEU,Z24,18,0.09658304914
09/24/2025,FEU,Z14,18,0.09658304914
09/24/2025,FEU,Z24,19,0.15375902514
09/24/2025,FEU,Z14,19,0.219356859214
09/24/2025,FEU,Z24,2,0.102274796065
09/24/2025,FEU,Z14,2,0.102274796065
09/24/2025,FEU,Z24,20,0.240652237288
09/24/2025,FEU,Z14,20,0.240652237288
09/24/2025,FEU,Z24,21,0.264480982325
09/24/2025,FEU,Z14,21,0.264480982325
09/24/2025,FEU,Z24,22,0.253825840399
09/24/2025,FEU,Z14,22,0.253825840399
09/24/2025,FEU,Z24,23,0.240325477584
09/24/2025,FEU,Z14,23,0.17464909951
09/24/2025,FEU,Z24,24,0.169934901584
09/24/2025,FEU,Z14,24,0.169934901584
09/24/2025,FEU,Z24,3,0.113363403102
09/24/2025,FEU,Z14,3,0.113363403102
09/24/2025,FEU,Z24,4,0.104576515139
09/24/2025,FEU,Z14,4,0.104576515139
09/24/2025,FEU,Z24,5,0.104446534139
09/24/2025,FEU,Z14,5,0.104446534139
09/24/2025,FEU,Z24,6,0.110785536621
09/24/2025,FEU,Z14,6,0.110785536621
09/24/2025,FEU,Z24,7,0.106453894918
09/24/2025,FEU,Z14,7,0.106453894918
09/24/2025,FEU,Z24,8,0.121402492733
09/24/2025,FEU,Z14,8,0.121402492733
09/24/2025,FEU,Z24,9,0.150453436177
09/24/2025,FEU,Z14,9,0.150453436177
09/25/2025,FEU,Z24,1,0.122706208003
09/25/2025,FEU,Z14,1,0.122706208003
09/25/2025,FEU,Z24,10,0.148996253811
09/25/2025,FEU,Z14,10,0.148996253811
09/25/2025,FEU,Z24,11,0.11237846151
09/25/2025,FEU,Z14,11,0.177825244825
09/25/2025,FEU,Z24,12,0.152205722811
09/25/2025,FEU,Z14,12,0.152205722811
09/25/2025,FEU,Z24,13,0.15142632214
09/25/2025,FEU,Z14,13,0.15142632214
09/25/2025,FEU,Z24,14,0.144357011811
09/25/2025,FEU,Z14,14,0.144357011811
09/25/2025,FEU,Z24,15,0.137960416469
09/25/2025,FEU,Z14,15,0.072690541482
09/25/2025,FEU,Z24,16,0.075931549482
09/25/2025,FEU,Z14,16,0.075931549482
09/25/2025,FEU,Z24,17,0.079483484811
09/25/2025,FEU,Z14,17,0.079483484811
09/25/2025,FEU,Z24,18,0.109917714797
09/25/2025,FEU,Z14,18,0.109917714797
09/25/2025,FEU,Z24,19,0.135987418784
09/25/2025,FEU,Z14,19,0.20142656677
09/25/2025,FEU,Z24,2,0.11597426466
09/25/2025,FEU,Z14,2,0.11597426466
09/25/2025,FEU,Z24,20,0.239938328085
09/25/2025,FEU,Z14,20,0.239938328085
09/25/2025,FEU,Z24,21,0.3126544934
09/25/2025,FEU,Z14,21,0.3126544934
09/25/2025,FEU,Z24,22,0.311863771386
09/25/2025,FEU,Z14,22,0.311863771386
09/25/2025,FEU,Z24,23,0.258596439345
09/25/2025,FEU,Z14,23,0.19285910603
09/25/2025,FEU,Z24,24,0.162253506674
09/25/2025,FEU,Z14,24,0.162253506674
09/25/2025,FEU,Z24,3,0.117097960647
09/25/2025,FEU,Z14,3,0.117097960647
09/25/2025,FEU,Z24,4,0.114655811304
09/25/2025,FEU,Z14,4,0.114655811304
09/25/2025,FEU,Z24,5,0.118029949976
09/25/2025,FEU,Z14,5,0.118029949976
09/25/2025,FEU,Z24,6,0.115771321332
09/25/2025,FEU,Z14,6,0.115771321332
09/25/2025,FEU,Z24,7,0.123609344715
09/25/2025,FEU,Z14,7,0.123609344715
09/25/2025,FEU,Z24,8,0.147460445756
09/25/2025,FEU,Z14,8,0.147460445756
09/25/2025,FEU,Z24,9,0.185632862099
09/25/2025,FEU,Z14,9,0.185632862099
09/26/2025,FEU,Z24,1,0.135326451297
09/26/2025,FEU,Z14,1,0.135326451297
09/26/2025,FEU,Z24,10,0.158603796354
09/26/2025,FEU,Z14,10,0.158603796354
09/26/2025,FEU,Z24,11,0.137635579691
09/26/2025,FEU,Z14,11,0.203172888017
09/26/2025,FEU,Z24,12,0.148950864686
09/26/2025,FEU,Z14,12,0.148950864686
09/26/2025,FEU,Z24,13,0.138784578017
09/26/2025,FEU,Z14,13,0.138784578017
09/26/2025,FEU,Z24,14,0.139959676354
09/26/2025,FEU,Z14,14,0.139959676354
09/26/2025,FEU,Z24,15,0.132425315344
09/26/2025,FEU,Z14,15,0.067169911349
09/26/2025,FEU,Z24,16,0.093937811344
09/26/2025,FEU,Z14,16,0.093937811344
09/26/2025,FEU,Z24,17,0.100975328675
09/26/2025,FEU,Z14,17,0.100975328675
09/26/2025,FEU,Z24,18,0.108513060002
09/26/2025,FEU,Z14,18,0.108513060002
09/26/2025,FEU,Z24,19,0.145322697333
09/26/2025,FEU,Z14,19,0.210788131328
09/26/2025,FEU,Z24,2,0.133190350955
09/26/2025,FEU,Z14,2,0.133190350955
09/26/2025,FEU,Z24,20,0.245078831328
09/26/2025,FEU,Z14,20,0.245078831328
09/26/2025,FEU,Z24,21,0.276070567317
09/26/2025,FEU,Z14,21,0.276070567317
09/26/2025,FEU,Z24,22,0.283525199312
09/26/2025,FEU,Z14,22,0.283525199312
09/26/2025,FEU,Z24,23,0.239497147297
09/26/2025,FEU,Z14,23,0.17382476997
09/26/2025,FEU,Z24,24,0.165835032965
09/26/2025,FEU,Z14,24,0.165835032965
09/26/2025,FEU,Z24,3,0.130561789618
09/26/2025,FEU,Z14,3,0.130561789618
09/26/2025,FEU,Z24,4,0.126321627281
09/26/2025,FEU,Z14,4,0.126321627281
09/26/2025,FEU,Z24,5,0.126515549949
09/26/2025,FEU,Z14,5,0.126515549949
09/26/2025,FEU,Z24,6,0.131279780291
09/26/2025,FEU,Z14,6,0.131279780291
09/26/2025,FEU,Z24,7,0.132983357981
09/26/2025,FEU,Z14,7,0.132983357981
09/26/2025,FEU,Z24,8,0.148750682002
09/26/2025,FEU,Z14,8,0.148750682002
09/26/2025,FEU,Z24,9,0.174515547338
09/26/2025,FEU,Z14,9,0.174515547338
09/27/2025,FEU,Z24,1,0.15879767195
09/27/2025,FEU,Z14,1,0.15879767195
09/27/2025,FEU,Z24,10,0.130796187031
09/27/2025,FEU,Z14,10,0.130796187031
09/27/2025,FEU,Z24,11,0.074712569743
09/27/2025,FEU,Z14,11,0.074712569743
09/27/2025,FEU,Z24,12,0.057538503916
09/27/2025,FEU,Z14,12,0.057538503916
09/27/2025,FEU,Z24,13,0.055399472686
09/27/2025,FEU,Z14,13,0.055399472686
09/27/2025,FEU,Z24,14,0.050737832341
09/27/2025,FEU,Z14,14,0.050737832341
09/27/2025,FEU,Z24,15,0.044348777169
09/27/2025,FEU,Z14,15,0.044348777169
09/27/2025,FEU,Z24,16,0.044871047571
09/27/2025,FEU,Z14,16,0.044871047571
09/27/2025,FEU,Z24,17,0.049311273973
09/27/2025,FEU,Z14,17,0.049311273973
09/27/2025,FEU,Z24,18,0.065343762203
09/27/2025,FEU,Z14,18,0.065343762203
09/27/2025,FEU,Z24,19,0.111143160261
09/27/2025,FEU,Z14,19,0.111143160261
09/27/2025,FEU,Z24,2,0.153117891352
09/27/2025,FEU,Z14,2,0.153117891352
09/27/2025,FEU,Z24,20,0.141475220318
09/27/2025,FEU,Z14,20,0.141475220318
09/27/2025,FEU,Z24,21,0.143687358433
09/27/2025,FEU,Z14,21,0.143687358433
09/27/2025,FEU,Z24,22,0.141595221376
09/27/2025,FEU,Z14,22,0.141595221376
09/27/2025,FEU,Z24,23,0.13501950372
09/27/2025,FEU,Z14,23,0.13501950372
09/27/2025,FEU,Z24,24,0.131965327008
09/27/2025,FEU,Z14,24,0.131965327008
09/27/2025,FEU,Z24,3,0.15007787264
09/27/2025,FEU,Z14,3,0.15007787264
09/27/2025,FEU,Z24,4,0.150777701697
09/27/2025,FEU,Z14,4,0.150777701697
09/27/2025,FEU,Z24,5,0.147132712755
09/27/2025,FEU,Z14,5,0.147132712755
09/27/2025,FEU,Z24,6,0.140118841755
09/27/2025,FEU,Z14,6,0.140118841755
09/27/2025,FEU,Z24,7,0.13544336241
09/27/2025,FEU,Z14,7,0.13544336241
09/27/2025,FEU,Z24,8,0.143212618065
09/27/2025,FEU,Z14,8,0.143212618065
09/27/2025,FEU,Z24,9,0.152321524778
09/27/2025,FEU,Z14,9,0.152321524778
09/28/2025,FEU,Z24,1,0.121585369465
09/28/2025,FEU,Z14,1,0.121585369465
09/28/2025,FEU,Z24,10,0.119576613563
09/28/2025,FEU,Z14,10,0.119576613563
09/28/2025,FEU,Z24,11,0.096581914382
09/28/2025,FEU,Z14,11,0.096581914382
09/28/2025,FEU,Z24,12,0.085607805406
09/28/2025,FEU,Z14,12,0.085607805406
09/28/2025,FEU,Z24,13,0.071129722226
09/28/2025,FEU,Z14,13,0.071129722226
09/28/2025,FEU,Z24,14,0.062285842841
09/28/2025,FEU,Z14,14,0.062285842841
09/28/2025,FEU,Z24,15,0.06887040725
09/28/2025,FEU,Z14,15,0.06887040725
09/28/2025,FEU,Z24,16,0.070709594636
09/28/2025,FEU,Z14,16,0.070709594636
09/28/2025,FEU,Z24,17,0.079379388792
09/28/2025,FEU,Z14,17,0.079379388792
09/28/2025,FEU,Z24,18,0.096787124948
09/28/2025,FEU,Z14,18,0.096787124948
09/28/2025,FEU,Z24,19,0.121894413538
09/28/2025,FEU,Z14,19,0.121894413538
09/28/2025,FEU,Z24,2,0.12065442144
09/28/2025,FEU,Z14,2,0.12065442144
09/28/2025,FEU,Z24,20,0.129144922333
09/28/2025,FEU,Z14,20,0.129144922333
09/28/2025,FEU,Z24,21,0.130644551128
09/28/2025,FEU,Z14,21,0.130644551128
09/28/2025,FEU,Z24,22,0.112375546538
09/28/2025,FEU,Z14,22,0.112375546538
09/28/2025,FEU,Z24,23,0.123367750719
09/28/2025,FEU,Z14,23,0.123367750719
09/28/2025,FEU,Z24,24,0.115048693104
09/28/2025,FEU,Z14,24,0.115048693104
09/28/2025,FEU,Z24,3,0.121930581006
09/28/2025,FEU,Z14,3,0.121930581006
09/28/2025,FEU,Z24,4,0.120940178392
09/28/2025,FEU,Z14,4,0.120940178392
09/28/2025,FEU,Z24,5,0.121567970392
09/28/2025,FEU,Z14,5,0.121567970392
09/28/2025,FEU,Z24,6,0.121889984596
09/28/2025,FEU,Z14,6,0.121889984596
09/28/2025,FEU,Z24,7,0.120071229416
09/28/2025,FEU,Z14,7,0.120071229416
09/28/2025,FEU,Z24,8,0.122167858236
09/28/2025,FEU,Z14,8,0.122167858236
09/28/2025,FEU,Z24,9,0.12458510926
09/28/2025,FEU,Z14,9,0.12458510926
09/29/2025,FEU,Z24,1,0.104714007294
09/29/2025,FEU,Z14,1,0.104714007294
09/29/2025,FEU,Z24,10,0.144693618916
09/29/2025,FEU,Z14,10,0.144693618916
09/29/2025,FEU,Z24,11,0.130695779739
09/29/2025,FEU,Z14,11,0.196208587448
09/29/2025,FEU,Z24,12,0.174118937802
09/29/2025,FEU,Z14,12,0.174118937802
09/29/2025,FEU,Z24,13,0.168261667156
09/29/2025,FEU,Z14,13,0.168261667156
09/29/2025,FEU,Z24,14,0.158220009625
09/29/2025,FEU,Z14,14,0.158220009625
09/29/2025,FEU,Z24,15,0.151679956333
09/29/2025,FEU,Z14,15,0.086372209802
09/29/2025,FEU,Z24,16,0.093179609511
09/29/2025,FEU,Z14,16,0.093179609511
09/29/2025,FEU,Z24,17,0.100866938688
09/29/2025,FEU,Z14,17,0.100866938688
09/29/2025,FEU,Z24,18,0.121400688219
09/29/2025,FEU,Z14,18,0.121400688219
09/29/2025,FEU,Z24,19,0.158651807219
09/29/2025,FEU,Z14,19,0.224153253751
09/29/2025,FEU,Z24,2,0.102440226003
09/29/2025,FEU,Z14,2,0.102440226003
09/29/2025,FEU,Z24,20,0.240497929282
09/29/2025,FEU,Z14,20,0.240497929282
09/29/2025,FEU,Z24,21,0.274546874991
09/29/2025,FEU,Z14,21,0.274546874991
09/29/2025,FEU,Z24,22,0.243126683168
09/29/2025,FEU,Z14,22,0.243126683168
09/29/2025,FEU,Z24,23,0.228860930586
09/29/2025,FEU,Z14,23,0.163224443877
09/29/2025,FEU,Z24,24,0.163777151117
09/29/2025,FEU,Z14,24,0.163777151117
09/29/2025,FEU,Z24,3,0.100709925535
09/29/2025,FEU,Z14,3,0.100709925535
09/29/2025,FEU,Z24,4,0.088772791535
09/29/2025,FEU,Z14,4,0.088772791535
09/29/2025,FEU,Z24,5,0.086753542712
09/29/2025,FEU,Z14,5,0.086753542712
09/29/2025,FEU,Z24,6,0.088027495649
09/29/2025,FEU,Z14,6,0.088027495649
09/29/2025,FEU,Z24,7,0.104299967991
09/29/2025,FEU,Z14,7,0.104299967991
09/29/2025,FEU,Z24,8,0.121752507396
09/29/2025,FEU,Z14,8,0.121752507396
09/29/2025,FEU,Z24,9,0.150378114688
09/29/2025,FEU,Z14,9,0.150378114688
09/30/2025,FEU,Z24,1,0.128895290774
09/30/2025,FEU,Z14,1,0.128895290774
09/30/2025,FEU,Z24,10,0.151585300786
09/30/2025,FEU,Z14,10,0.151585300786
09/30/2025,FEU,Z24,11,0.115341161023
09/30/2025,FEU,Z14,11,0.180798180786
09/30/2025,FEU,Z24,12,0.148212168668
09/30/2025,FEU,Z14,12,0.148212168668
09/30/2025,FEU,Z24,13,0.139948756786
09/30/2025,FEU,Z14,13,0.139948756786
09/30/2025,FEU,Z24,14,0.134416878964
09/30/2025,FEU,Z14,14,0.134416878964
09/30/2025,FEU,Z24,15,0.135561022668
09/30/2025,FEU,Z14,15,0.070260992904
09/30/2025,FEU,Z24,16,0.078912488668
09/30/2025,FEU,Z14,16,0.078912488668
09/30/2025,FEU,Z24,17,0.08473405949
09/30/2025,FEU,Z14,17,0.08473405949
09/30/2025,FEU,Z24,18,0.111437886431
09/30/2025,FEU,Z14,18,0.111437886431
09/30/2025,FEU,Z24,19,0.143240302431
09/30/2025,FEU,Z14,19,0.208800632194
09/30/2025,FEU,Z24,2,0.122459406656
09/30/2025,FEU,Z14,2,0.122459406656
09/30/2025,FEU,Z24,20,0.238711476076
09/30/2025,FEU,Z14,20,0.238711476076
09/30/2025,FEU,Z24,21,0.334609194899
09/30/2025,FEU,Z14,21,0.334609194899
09/30/2025,FEU,Z24,22,0.30084913578
09/30/2025,FEU,Z14,22,0.30084913578
09/30/2025,FEU,Z24,23,0.243313357307
09/30/2025,FEU,Z14,23,0.177628638544
09/30/2025,FEU,Z24,24,0.158326339248
09/30/2025,FEU,Z14,24,0.158326339248
09/30/2025,FEU,Z24,3,0.117904529597
09/30/2025,FEU,Z14,3,0.117904529597
09/30/2025,FEU,Z24,4,0.111152741597
09/30/2025,FEU,Z14,4,0.111152741597
09/30/2025,FEU,Z24,5,0.113138430479
09/30/2025,FEU,Z14,5,0.113138430479
09/30/2025,FEU,Z24,6,0.114486740774
09/30/2025,FEU,Z14,6,0.114486740774
09/30/2025,FEU,Z24,7,0.132283283603
09/30/2025,FEU,Z14,7,0.132283283603
09/30/2025,FEU,Z24,8,0.138903109135
09/30/2025,FEU,Z14,8,0.138903109135
09/30/2025,FEU,Z24,9,0.189305876313
09/30/2025,FEU,Z14,9,0.189305876313
10/01/2025,FEU,Z24,1,0.134618955763
10/01/2025,FEU,Z14,1,0.134618955763
10/01/2025,FEU,Z24,10,0.153776748527
10/01/2025,FEU,Z14,10,0.153776748527
10/01/2025,FEU,Z24,11,0.117797443896
10/01/2025,FEU,Z14,11,0.183190885074
10/01/2025,FEU,Z24,12,0.155918635074
10/01/2025,FEU,Z14,12,0.155918635074
10/01/2025,FEU,Z24,13,0.135190329622
10/01/2025,FEU,Z14,13,0.135190329622
10/01/2025,FEU,Z24,14,0.123319676991
10/01/2025,FEU,Z14,14,0.123319676991
10/01/2025,FEU,Z24,15,0.121608650419
10/01/2025,FEU,Z14,15,0.056339466514
10/01/2025,FEU,Z24,16,0.063184849597
10/01/2025,FEU,Z14,16,0.063184849597
10/01/2025,FEU,Z24,17,0.083063429954
10/01/2025,FEU,Z14,17,0.083063429954
10/01/2025,FEU,Z24,18,0.101381802776
10/01/2025,FEU,Z14,18,0.101381802776
10/01/2025,FEU,Z24,19,0.145344248705
10/01/2025,FEU,Z14,19,0.21091662461
10/01/2025,FEU,Z24,2,0.137771589942
10/01/2025,FEU,Z14,2,0.137771589942
10/01/2025,FEU,Z24,20,0.252347379788
10/01/2025,FEU,Z14,20,0.252347379788
10/01/2025,FEU,Z24,21,0.356953709514
10/01/2025,FEU,Z14,21,0.356953709514
10/01/2025,FEU,Z24,22,0.251275720145
10/01/2025,FEU,Z14,22,0.251275720145
10/01/2025,FEU,Z24,23,0.230247071382
10/01/2025,FEU,Z14,23,0.164482057751
10/01/2025,FEU,Z24,24,0.160361385739
10/01/2025,FEU,Z14,24,0.160361385739
10/01/2025,FEU,Z24,3,0.136888153394
10/01/2025,FEU,Z14,3,0.136888153394
10/01/2025,FEU,Z24,4,0.12877310412
10/01/2025,FEU,Z14,4,0.12877310412
10/01/2025,FEU,Z24,5,0.133401027846
10/01/2025,FEU,Z14,5,0.133401027846
10/01/2025,FEU,Z24,6,0.13315407549
10/01/2025,FEU,Z14,6,0.13315407549
10/01/2025,FEU,Z24,7,0.132812199597
10/01/2025,FEU,Z14,7,0.132812199597
10/01/2025,FEU,Z24,8,0.14430012161
10/01/2025,FEU,Z14,8,0.14430012161
10/01/2025,FEU,Z24,9,0.192123665216
10/01/2025,FEU,Z14,9,0.192123665216
10/02/2025,FEU,Z24,1,0.140347259176
10/02/2025,FEU,Z14,1,0.140347259176
10/02/2025,FEU,Z24,10,0.148246349514
10/02/2025,FEU,Z14,10,0.148246349514
10/02/2025,FEU,Z24,11,0.111523792626
10/02/2025,FEU,Z14,11,0.17697257207
10/02/2025,FEU,Z24,12,0.149230749292
10/02/2025,FEU,Z14,12,0.149230749292
10/02/2025,FEU,Z24,13,0.136082854848
10/02/2025,FEU,Z14,13,0.136082854848
10/02/2025,FEU,Z24,14,0.128515246515
10/02/2025,FEU,Z14,14,0.128515246515
10/02/2025,FEU,Z24,15,0.128385839624
10/02/2025,FEU,Z14,15,0.063128512291
10/02/2025,FEU,Z24,16,0.062849644956
10/02/2025,FEU,Z14,16,0.062849644956
10/02/2025,FEU,Z24,17,0.079262585622
10/02/2025,FEU,Z14,17,0.079262585622
10/02/2025,FEU,Z24,18,0.095559486066
10/02/2025,FEU,Z14,18,0.095559486066
10/02/2025,FEU,Z24,19,0.129812135847
10/02/2025,FEU,Z14,19,0.195329492291
10/02/2025,FEU,Z24,2,0.13601944962
10/02/2025,FEU,Z14,2,0.13601944962
10/02/2025,FEU,Z24,20,0.227187288735
10/02/2025,FEU,Z14,20,0.227187288735
10/02/2025,FEU,Z24,21,0.343413721178
10/02/2025,FEU,Z14,21,0.343413721178
10/02/2025,FEU,Z24,22,0.286053369622
10/02/2025,FEU,Z14,22,0.286053369622
10/02/2025,FEU,Z24,23,0.245181113396
10/02/2025,FEU,Z14,23,0.179352307841
10/02/2025,FEU,Z24,24,0.164532423729
10/02/2025,FEU,Z14,24,0.164532423729
10/02/2025,FEU,Z24,3,0.131189262064
10/02/2025,FEU,Z14,3,0.131189262064
10/02/2025,FEU,Z24,4,0.130377537175
10/02/2025,FEU,Z14,4,0.130377537175
10/02/2025,FEU,Z24,5,0.134181407842
10/02/2025,FEU,Z14,5,0.134181407842
10/02/2025,FEU,Z24,6,0.138552854065
10/02/2025,FEU,Z14,6,0.138552854065
10/02/2025,FEU,Z24,7,0.135453297511
10/02/2025,FEU,Z14,7,0.135453297511
10/02/2025,FEU,Z24,8,0.151890241958
10/02/2025,FEU,Z14,8,0.151890241958
10/02/2025,FEU,Z24,9,0.192683690954
10/02/2025,FEU,Z14,9,0.192683690954
10/03/2025,FEU,Z24,1,0.149162341762
10/03/2025,FEU,Z14,1,0.149162341762
10/03/2025,FEU,Z24,10,0.166063508082
10/03/2025,FEU,Z14,10,0.166063508082
10/03/2025,FEU,Z24,11,0.118974734151
10/03/2025,FEU,Z14,11,0.184368352125
10/03/2025,FEU,Z24,12,0.162541830143
10/03/2025,FEU,Z14,12,0.162541830143
10/03/2025,FEU,Z24,13,0.154556130143
10/03/2025,FEU,Z14,13,0.154556130143
10/03/2025,FEU,Z24,14,0.149083137169
10/03/2025,FEU,Z14,14,0.149083137169
10/03/2025,FEU,Z24,15,0.15062714997
10/03/2025,FEU,Z14,15,0.085262306004
10/03/2025,FEU,Z24,16,0.085077504944
10/03/2025,FEU,Z14,16,0.085077504944
10/03/2025,FEU,Z24,17,0.091358759883
10/03/2025,FEU,Z14,17,0.091358759883
10/03/2025,FEU,Z24,18,0.11050033984
10/03/2025,FEU,Z14,18,0.11050033984
10/03/2025,FEU,Z24,19,0.15052646997
10/03/2025,FEU,Z14,19,0.216118541935
10/03/2025,FEU,Z24,2,0.145447069728
10/03/2025,FEU,Z14,2,0.145447069728
10/03/2025,FEU,Z24,20,0.238521704875
10/03/2025,FEU,Z14,20,0.238521704875
10/03/2025,FEU,Z24,21,0.259017119883
10/03/2025,FEU,Z14,21,0.259017119883
10/03/2025,FEU,Z24,22,0.253930886857
10/03/2025,FEU,Z14,22,0.253930886857
10/03/2025,FEU,Z24,23,0.241414329581
10/03/2025,FEU,Z14,23,0.175601789624
10/03/2025,FEU,Z24,24,0.173031941572
10/03/2025,FEU,Z14,24,0.173031941572
10/03/2025,FEU,Z24,3,0.139644901676
10/03/2025,FEU,Z14,3,0.139644901676
10/03/2025,FEU,Z24,4,0.134384239667
10/03/2025,FEU,Z14,4,0.134384239667
10/03/2025,FEU,Z24,5,0.133583348684
10/03/2025,FEU,Z14,5,0.133583348684
10/03/2025,FEU,Z24,6,0.13507922971
10/03/2025,FEU,Z14,6,0.13507922971
10/03/2025,FEU,Z24,7,0.137297150875
10/03/2025,FEU,Z14,7,0.137297150875
10/03/2025,FEU,Z24,8,0.149826830013
10/03/2025,FEU,Z14,8,0.149826830013
10/03/2025,FEU,Z24,9,0.188211332806
10/03/2025,FEU,Z14,9,0.188211332806
10/04/2025,FEU,Z24,1,0.168074338943
10/04/2025,FEU,Z14,1,0.168074338943
10/04/2025,FEU,Z24,10,0.09314318438
10/04/2025,FEU,Z14,10,0.09314318438
10/04/2025,FEU,Z24,11,0.055324867852
10/04/2025,FEU,Z14,11,0.055324867852
10/04/2025,FEU,Z24,12,0.05094348222
10/04/2025,FEU,Z14,12,0.05094348222
10/04/2025,FEU,Z24,13,0.05097879122
10/04/2025,FEU,Z14,13,0.05097879122
10/04/2025,FEU,Z24,14,0.051186388589
10/04/2025,FEU,Z14,14,0.051186388589
10/04/2025,FEU,Z24,15,0.051521508589
10/04/2025,FEU,Z14,15,0.051521508589
10/04/2025,FEU,Z24,16,0.052966067607
10/04/2025,FEU,Z14,16,0.052966067607
10/04/2025,FEU,Z24,17,0.05313400438
10/04/2025,FEU,Z14,17,0.05313400438
10/04/2025,FEU,Z24,18,0.050368795889
10/04/2025,FEU,Z14,18,0.050368795889
10/04/2025,FEU,Z24,19,0.064698128662
10/04/2025,FEU,Z14,19,0.064698128662
10/04/2025,FEU,Z24,2,0.161253274207
10/04/2025,FEU,Z14,2,0.161253274207
10/04/2025,FEU,Z24,20,0.120486703557
10/04/2025,FEU,Z14,20,0.120486703557
10/04/2025,FEU,Z24,21,0.127614549048
10/04/2025,FEU,Z14,21,0.127614549048
10/04/2025,FEU,Z24,22,0.124061431925
10/04/2025,FEU,Z14,22,0.124061431925
10/04/2025,FEU,Z24,23,0.116676745434
10/04/2025,FEU,Z14,23,0.116676745434
10/04/2025,FEU,Z24,24,0.095917966943
10/04/2025,FEU,Z14,24,0.095917966943
10/04/2025,FEU,Z24,3,0.162730588594
10/04/2025,FEU,Z14,3,0.162730588594
10/04/2025,FEU,Z24,4,0.155070037225
10/04/2025,FEU,Z14,4,0.155070037225
10/04/2025,FEU,Z24,5,0.153783689857
10/04/2025,FEU,Z14,5,0.153783689857
10/04/2025,FEU,Z24,6,0.159501452734
10/04/2025,FEU,Z14,6,0.159501452734
10/04/2025,FEU,Z24,7,0.150770751839
10/04/2025,FEU,Z14,7,0.150770751839
10/04/2025,FEU,Z24,8,0.155159132312
10/04/2025,FEU,Z14,8,0.155159132312
10/04/2025,FEU,Z24,9,0.149431176048
10/04/2025,FEU,Z14,9,0.149431176048
10/05/2025,FEU,Z24,1,0.109457526368
10/05/2025,FEU,Z14,1,0.109457526368
10/05/2025,FEU,Z24,10,0.078547361873
10/05/2025,FEU,Z14,10,0.078547361873
10/05/2025,FEU,Z24,11,0.075769933666
10/05/2025,FEU,Z14,11,0.075769933666
10/05/2025,FEU,Z24,12,0.076479503851
10/05/2025,FEU,Z14,12,0.076479503851
10/05/2025,FEU,Z24,13,0.075863096799
10/05/2025,FEU,Z14,13,0.075863096799
10/05/2025,FEU,Z24,14,0.075352872799
10/05/2025,FEU,Z14,14,0.075352872799
10/05/2025,FEU,Z24,15,0.075579944036
10/05/2025,FEU,Z14,15,0.075579944036
10/05/2025,FEU,Z24,16,0.076818163851
10/05/2025,FEU,Z14,16,0.076818163851
10/05/2025,FEU,Z24,17,0.078208958903
10/05/2025,FEU,Z14,17,0.078208958903
10/05/2025,FEU,Z24,18,0.079703697584
10/05/2025,FEU,Z14,18,0.079703697584
10/05/2025,FEU,Z24,19,0.089093530161
10/05/2025,FEU,Z14,19,0.089093530161
10/05/2025,FEU,Z24,2,0.110974247998
10/05/2025,FEU,Z14,2,0.110974247998
10/05/2025,FEU,Z24,20,0.125911544502
10/05/2025,FEU,Z14,20,0.125911544502
10/05/2025,FEU,Z24,21,0.141379915791
10/05/2025,FEU,Z14,21,0.141379915791
10/05/2025,FEU,Z24,22,0.151939903791
10/05/2025,FEU,Z14,22,0.151939903791
10/05/2025,FEU,Z24,23,0.127826391317
10/05/2025,FEU,Z14,23,0.127826391317
10/05/2025,FEU,Z24,24,0.107829966368
10/05/2025,FEU,Z14,24,0.107829966368
10/05/2025,FEU,Z24,3,0.109651148101
10/05/2025,FEU,Z14,3,0.109651148101
10/05/2025,FEU,Z24,4,0.110390514575
10/05/2025,FEU,Z14,4,0.110390514575
10/05/2025,FEU,Z24,5,0.110232705627
10/05/2025,FEU,Z14,5,0.110232705627
10/05/2025,FEU,Z24,6,0.110719670864
10/05/2025,FEU,Z14,6,0.110719670864
10/05/2025,FEU,Z24,7,0.109062432287
10/05/2025,FEU,Z14,7,0.109062432287
10/05/2025,FEU,Z24,8,0.107691994946
10/05/2025,FEU,Z14,8,0.107691994946
10/05/2025,FEU,Z24,9,0.105885252605
10/05/2025,FEU,Z14,9,0.105885252605
10/06/2025,FEU,Z24,1,0.090775809377
10/06/2025,FEU,Z14,1,0.090775809377
10/06/2025,FEU,Z24,10,0.173646435851
10/06/2025,FEU,Z14,10,0.173646435851
10/06/2025,FEU,Z24,11,0.132106665329
10/06/2025,FEU,Z14,11,0.19753725022
10/06/2025,FEU,Z24,12,0.172640486959
10/06/2025,FEU,Z14,12,0.172640486959
10/06/2025,FEU,Z24,13,0.169808806698
10/06/2025,FEU,Z14,13,0.169808806698
10/06/2025,FEU,Z24,14,0.163978672067
10/06/2025,FEU,Z14,14,0.163978672067
10/06/2025,FEU,Z24,15,0.160075172678
10/06/2025,FEU,Z14,15,0.094734125787
10/06/2025,FEU,Z24,16,0.09986903957
10/06/2025,FEU,Z14,16,0.09986903957
10/06/2025,FEU,Z24,17,0.103814492614
10/06/2025,FEU,Z14,17,0.103814492614
10/06/2025,FEU,Z24,18,0.129608762614
10/06/2025,FEU,Z14,18,0.129608762614
10/06/2025,FEU,Z24,19,0.160969427634
10/06/2025,FEU,Z14,19,0.226478677525
10/06/2025,FEU,Z24,2,0.08998248553
10/06/2025,FEU,Z14,2,0.08998248553
10/06/2025,FEU,Z24,20,0.27201846957
10/06/2025,FEU,Z14,20,0.27201846957
10/06/2025,FEU,Z24,21,0.3023462772
10/06/2025,FEU,Z14,21,0.3023462772
10/06/2025,FEU,Z24,22,0.308333960353
10/06/2025,FEU,Z14,22,0.308333960353
10/06/2025,FEU,Z24,23,0.25863676553
10/06/2025,FEU,Z14,23,0.192751847377
10/06/2025,FEU,Z24,24,0.166650696052
10/06/2025,FEU,Z14,24,0.166650696052
10/06/2025,FEU,Z24,3,0.091962586422
10/06/2025,FEU,Z14,3,0.091962586422
10/06/2025,FEU,Z24,4,0.095162745683
10/06/2025,FEU,Z14,4,0.095162745683
10/06/2025,FEU,Z24,5,0.09735223916
10/06/2025,FEU,Z14,5,0.09735223916
10/06/2025,FEU,Z24,6,0.105198764855
10/06/2025,FEU,Z14,6,0.105198764855
10/06/2025,FEU,Z24,7,0.126875138983
10/06/2025,FEU,Z14,7,0.126875138983
10/06/2025,FEU,Z24,8,0.153033332525
10/06/2025,FEU,Z14,8,0.153033332525
10/06/2025,FEU,Z24,9,0.19651445055
10/06/2025,FEU,Z14,9,0.19651445055
10/07/2025,FEU,Z24,1,0.143601961336
10/07/2025,FEU,Z14,1,0.143601961336
10/07/2025,FEU,Z24,10,0.169958211605
10/07/2025,FEU,Z14,10,0.169958211605
10/07/2025,FEU,Z24,11,0.126146334858
10/07/2025,FEU,Z14,11,0.191645549428
10/07/2025,FEU,Z24,12,0.167794102643
10/07/2025,FEU,Z14,12,0.167794102643
10/07/2025,FEU,Z24,13,0.166968156035
10/07/2025,FEU,Z14,13,0.166968156035
10/07/2025,FEU,Z24,14,0.153061298428
10/07/2025,FEU,Z14,14,0.153061298428
10/07/2025,FEU,Z24,15,0.151305088628
10/07/2025,FEU,Z14,15,0.085933032059
10/07/2025,FEU,Z24,16,0.092214285982
10/07/2025,FEU,Z14,16,0.092214285982
10/07/2025,FEU,Z24,17,0.104639326336
10/07/2025,FEU,Z14,17,0.104639326336
10/07/2025,FEU,Z24,18,0.128619455728
10/07/2025,FEU,Z14,18,0.128619455728
10/07/2025,FEU,Z24,19,0.159732853136
10/07/2025,FEU,Z14,19,0.225355059705
10/07/2025,FEU,Z24,2,0.143247509905
10/07/2025,FEU,Z14,2,0.143247509905
10/07/2025,FEU,Z24,20,0.269401602059
10/07/2025,FEU,Z14,20,0.269401602059
10/07/2025,FEU,Z24,21,0.291133743451
10/07/2025,FEU,Z14,21,0.291133743451
10/07/2025,FEU,Z24,22,0.27890290902
10/07/2025,FEU,Z14,22,0.27890290902
10/07/2025,FEU,Z24,23,0.237786082967
10/07/2025,FEU,Z14,23,0.171987826005
10/07/2025,FEU,Z24,24,0.167707935144
10/07/2025,FEU,Z14,24,0.167707935144
10/07/2025,FEU,Z24,3,0.143332356867
10/07/2025,FEU,Z14,3,0.143332356867
10/07/2025,FEU,Z24,4,0.136040739652
10/07/2025,FEU,Z14,4,0.136040739652
10/07/2025,FEU,Z24,5,0.135436395652
10/07/2025,FEU,Z14,5,0.135436395652
10/07/2025,FEU,Z24,6,0.13408555869
10/07/2025,FEU,Z14,6,0.13408555869
10/07/2025,FEU,Z24,7,0.13604451902
10/07/2025,FEU,Z14,7,0.13604451902
10/07/2025,FEU,Z24,8,0.147549941528
10/07/2025,FEU,Z14,8,0.147549941528
10/07/2025,FEU,Z24,9,0.189027929728
10/07/2025,FEU,Z14,9,0.189027929728
10/08/2025,FEU,Z24,1,0.146753374575
10/08/2025,FEU,Z14,1,0.146753374575
10/08/2025,FEU,Z24,10,0.160929130073
10/08/2025,FEU,Z14,10,0.160929130073
10/08/2025,FEU,Z24,11,0.14880161612
10/08/2025,FEU,Z14,11,0.214277299292
10/08/2025,FEU,Z24,12,0.195492049292
10/08/2025,FEU,Z14,12,0.195492049292
10/08/2025,FEU,Z24,13,0.19158314851
10/08/2025,FEU,Z14,13,0.19158314851
10/08/2025,FEU,Z24,14,0.180058956557
10/08/2025,FEU,Z14,14,0.180058956557
10/08/2025,FEU,Z24,15,0.176837700934
10/08/2025,FEU,Z14,15,0.111379214371
10/08/2025,FEU,Z24,16,0.110976617106
10/08/2025,FEU,Z14,16,0.110976617106
10/08/2025,FEU,Z24,17,0.10478728345
10/08/2025,FEU,Z14,17,0.10478728345
10/08/2025,FEU,Z24,18,0.127372743278
10/08/2025,FEU,Z14,18,0.127372743278
10/08/2025,FEU,Z24,19,0.143263706245
10/08/2025,FEU,Z14,19,0.208828876808
10/08/2025,FEU,Z24,2,0.140128573747
10/08/2025,FEU,Z14,2,0.140128573747
10/08/2025,FEU,Z24,20,0.26799680598
10/08/2025,FEU,Z14,20,0.26799680598
10/08/2025,FEU,Z24,21,0.261641980371
10/08/2025,FEU,Z14,21,0.261641980371
10/08/2025,FEU,Z24,22,0.228408224324
10/08/2025,FEU,Z14,22,0.228408224324
10/08/2025,FEU,Z24,23,0.223772668826
10/08/2025,FEU,Z14,23,0.158034631873
10/08/2025,FEU,Z24,24,0.14926336917
10/08/2025,FEU,Z14,24,0.14926336917
10/08/2025,FEU,Z24,3,0.137510790529
10/08/2025,FEU,Z14,3,0.137510790529
10/08/2025,FEU,Z24,4,0.132598554919
10/08/2025,FEU,Z14,4,0.132598554919
10/08/2025,FEU,Z24,5,0.13300878931
10/08/2025,FEU,Z14,5,0.13300878931
10/08/2025,FEU,Z24,6,0.129214737966
10/08/2025,FEU,Z14,6,0.129214737966
10/08/2025,FEU,Z24,7,0.132866797106
10/08/2025,FEU,Z14,7,0.132866797106
10/08/2025,FEU,Z24,8,0.157120590808
10/08/2025,FEU,Z14,8,0.157120590808
10/08/2025,FEU,Z24,9,0.219715557357
10/08/2025,FEU,Z14,9,0.219715557357
10/09/2025,FEU,Z24,1,0.146285749463
10/09/2025,FEU,Z14,1,0.146285749463
10/09/2025,FEU,Z24,10,0.165159748387
10/09/2025,FEU,Z14,10,0.165159748387
10/09/2025,FEU,Z24,11,0.108325687671
10/09/2025,FEU,Z14,11,0.173763255529
10/09/2025,FEU,Z24,12,0.150487979958
10/09/2025,FEU,Z14,12,0.150487979958
10/09/2025,FEU,Z24,13,0.1413510601
10/09/2025,FEU,Z14,13,0.1413510601
10/09/2025,FEU,Z24,14,0.143062904457
10/09/2025,FEU,Z14,14,0.143062904457
10/09/2025,FEU,Z24,15,0.139963210531
10/09/2025,FEU,Z14,15,0.074675915888
10/09/2025,FEU,Z24,16,0.075565531174
10/09/2025,FEU,Z14,16,0.075565531174
10/09/2025,FEU,Z24,17,0.083233906461
10/09/2025,FEU,Z14,17,0.083233906461
10/09/2025,FEU,Z24,18,0.111763679319
10/09/2025,FEU,Z14,18,0.111763679319
10/09/2025,FEU,Z24,19,0.14257065503
10/09/2025,FEU,Z14,19,0.208132311888
10/09/2025,FEU,Z24,2,0.135597356321
10/09/2025,FEU,Z14,2,0.135597356321
10/09/2025,FEU,Z24,20,0.249679808745
10/09/2025,FEU,Z14,20,0.249679808745
10/09/2025,FEU,Z24,21,0.256567801603
10/09/2025,FEU,Z14,21,0.256567801603
10/09/2025,FEU,Z24,22,0.237660914461
10/09/2025,FEU,Z14,22,0.237660914461
10/09/2025,FEU,Z24,23,0.235197425752
10/09/2025,FEU,Z14,23,0.16941134668
10/09/2025,FEU,Z24,24,0.168409033395
10/09/2025,FEU,Z14,24,0.168409033395
10/09/2025,FEU,Z24,3,0.138714945178
10/09/2025,FEU,Z14,3,0.138714945178
10/09/2025,FEU,Z24,4,0.126156756393
10/09/2025,FEU,Z14,4,0.126156756393
10/09/2025,FEU,Z24,5,0.12150438275
10/09/2025,FEU,Z14,5,0.12150438275
10/09/2025,FEU,Z24,6,0.123323981249
10/09/2025,FEU,Z14,6,0.123323981249
10/09/2025,FEU,Z24,7,0.136742953246
10/09/2025,FEU,Z14,7,0.136742953246
10/09/2025,FEU,Z24,8,0.151550226244
10/09/2025,FEU,Z14,8,0.151550226244
10/09/2025,FEU,Z24,9,0.190513793034
10/09/2025,FEU,Z14,9,0.190513793034
10/10/2025,FEU,Z24,1,0.128100761164
10/10/2025,FEU,Z14,1,0.128100761164
10/10/2025,FEU,Z24,10,0.156175797877
10/10/2025,FEU,Z14,10,0.156175797877
10/10/2025,FEU,Z24,11,0.109941897923
10/10/2025,FEU,Z14,11,0.175311724406
10/10/2025,FEU,Z24,12,0.167713443418
10/10/2025,FEU,Z14,12,0.167713443418
10/10/2025,FEU,Z24,13,0.168373503418
10/10/2025,FEU,Z14,13,0.168373503418
10/10/2025,FEU,Z24,14,0.163048342935
10/10/2025,FEU,Z14,14,0.163048342935
10/10/2025,FEU,Z24,15,0.155937053302
10/10/2025,FEU,Z14,15,0.090553899325
10/10/2025,FEU,Z24,16,0.104710692785
10/10/2025,FEU,Z14,16,0.104710692785
10/10/2025,FEU,Z24,17,0.112594848244
10/10/2025,FEU,Z14,17,0.112594848244
10/10/2025,FEU,Z24,18,0.140034555716
10/10/2025,FEU,Z14,18,0.140034555716
10/10/2025,FEU,Z24,19,0.158474213302
10/10/2025,FEU,Z14,19,0.224092527279
10/10/2025,FEU,Z24,2,0.125327699141
10/10/2025,FEU,Z14,2,0.125327699141
10/10/2025,FEU,Z24,20,0.244475657739
10/10/2025,FEU,Z14,20,0.244475657739
10/10/2025,FEU,Z24,21,0.245687898244
10/10/2025,FEU,Z14,21,0.245687898244
10/10/2025,FEU,Z24,22,0.233064979727
10/10/2025,FEU,Z14,22,0.233064979727
10/10/2025,FEU,Z24,23,0.232396715542
10/10/2025,FEU,Z14,23,0.166620393071
10/10/2025,FEU,Z24,24,0.166578036037
10/10/2025,FEU,Z14,24,0.166578036037
10/10/2025,FEU,Z24,3,0.125617196106
10/10/2025,FEU,Z14,3,0.125617196106
10/10/2025,FEU,Z24,4,0.1151656556
10/10/2025,FEU,Z14,4,0.1151656556
10/10/2025,FEU,Z24,5,0.111938156612
10/10/2025,FEU,Z14,5,0.111938156612
10/10/2025,FEU,Z24,6,0.120518988129
10/10/2025,FEU,Z14,6,0.120518988129
10/10/2025,FEU,Z24,7,0.133836263739
10/10/2025,FEU,Z14,7,0.133836263739
10/10/2025,FEU,Z24,8,0.138532665831
10/10/2025,FEU,Z14,8,0.138532665831
10/10/2025,FEU,Z24,9,0.174647530693
10/10/2025,FEU,Z14,9,0.174647530693
10/11/2025,FEU,Z24,1,0.153035376014
10/11/2025,FEU,Z14,1,0.153035376014
10/11/2025,FEU,Z24,10,0.129002212379
10/11/2025,FEU,Z14,10,0.129002212379
10/11/2025,FEU,Z24,11,0.094208461679
10/11/2025,FEU,Z14,11,0.094208461679
10/11/2025,FEU,Z24,12,0.057324936003
10/11/2025,FEU,Z14,12,0.057324936003
10/11/2025,FEU,Z24,13,0.042604500003
10/11/2025,FEU,Z14,13,0.042604500003
10/11/2025,FEU,Z24,14,0.041334634328
10/11/2025,FEU,Z14,14,0.041334634328
10/11/2025,FEU,Z24,15,0.040989290328
10/11/2025,FEU,Z14,15,0.040989290328
10/11/2025,FEU,Z24,16,0.042185790795
10/11/2025,FEU,Z14,16,0.042185790795
10/11/2025,FEU,Z24,17,0.047331324379
10/11/2025,FEU,Z14,17,0.047331324379
10/11/2025,FEU,Z24,18,0.085446562613
10/11/2025,FEU,Z14,18,0.085446562613
10/11/2025,FEU,Z24,19,0.128882860197
10/11/2025,FEU,Z14,19,0.128882860197
10/11/2025,FEU,Z24,2,0.152506839364
10/11/2025,FEU,Z14,2,0.152506839364
10/11/2025,FEU,Z24,20,0.151732147222
10/11/2025,FEU,Z14,20,0.151732147222
10/11/2025,FEU,Z24,21,0.149690034989
10/11/2025,FEU,Z14,21,0.149690034989
10/11/2025,FEU,Z24,22,0.152306323547
10/11/2025,FEU,Z14,22,0.152306323547
10/11/2025,FEU,Z24,23,0.146738929781
10/11/2025,FEU,Z14,23,0.146738929781
10/11/2025,FEU,Z24,24,0.144983592014
10/11/2025,FEU,Z14,24,0.144983592014
10/11/2025,FEU,Z24,3,0.153281648156
10/11/2025,FEU,Z14,3,0.153281648156
10/11/2025,FEU,Z24,4,0.147782427832
10/11/2025,FEU,Z14,4,0.147782427832
10/11/2025,FEU,Z24,5,0.147561696507
10/11/2025,FEU,Z14,5,0.147561696507
10/11/2025,FEU,Z24,6,0.149314270065
10/11/2025,FEU,Z14,6,0.149314270065
10/11/2025,FEU,Z24,7,0.14798700504
10/11/2025,FEU,Z14,7,0.14798700504
10/11/2025,FEU,Z24,8,0.145772737339
10/11/2025,FEU,Z14,8,0.145772737339
10/11/2025,FEU,Z24,9,0.146450208989
10/11/2025,FEU,Z14,9,0.146450208989
10/12/2025,FEU,Z24,1,0.154436044283
10/12/2025,FEU,Z14,1,0.154436044283
10/12/2025,FEU,Z24,10,0.120081821889
10/12/2025,FEU,Z14,10,0.120081821889
10/12/2025,FEU,Z24,11,0.080136261866
10/12/2025,FEU,Z14,11,0.080136261866
10/12/2025,FEU,Z24,12,0.054462956541
10/12/2025,FEU,Z14,12,0.054462956541
10/12/2025,FEU,Z24,13,0.053495031866
10/12/2025,FEU,Z14,13,0.053495031866
10/12/2025,FEU,Z24,14,0.053972116355
10/12/2025,FEU,Z14,14,0.053972116355
10/12/2025,FEU,Z24,15,0.054930580355
10/12/2025,FEU,Z14,15,0.054930580355
10/12/2025,FEU,Z24,16,0.054596411052
10/12/2025,FEU,Z14,16,0.054596411052
10/12/2025,FEU,Z24,17,0.062174033749
10/12/2025,FEU,Z14,17,0.062174033749
10/12/2025,FEU,Z24,18,0.09196404726
10/12/2025,FEU,Z14,18,0.09196404726
10/12/2025,FEU,Z24,19,0.14351146726
10/12/2025,FEU,Z14,19,0.14351146726
10/12/2025,FEU,Z24,2,0.15298755198
10/12/2025,FEU,Z14,2,0.15298755198
10/12/2025,FEU,Z24,20,0.159780507934
10/12/2025,FEU,Z14,20,0.159780507934
10/12/2025,FEU,Z24,21,0.162390466586
10/12/2025,FEU,Z14,21,0.162390466586
10/12/2025,FEU,Z24,22,0.159301409749
10/12/2025,FEU,Z14,22,0.159301409749
10/12/2025,FEU,Z24,23,0.15767002826
10/12/2025,FEU,Z14,23,0.15767002826
10/12/2025,FEU,Z24,24,0.154424274283
10/12/2025,FEU,Z14,24,0.154424274283
10/12/2025,FEU,Z24,3,0.135971042654
10/12/2025,FEU,Z14,3,0.135971042654
10/12/2025,FEU,Z24,4,0.132548921654
10/12/2025,FEU,Z14,4,0.132548921654
10/12/2025,FEU,Z24,5,0.134797016165
10/12/2025,FEU,Z14,5,0.134797016165
10/12/2025,FEU,Z24,6,0.13555135784
10/12/2025,FEU,Z14,6,0.13555135784
10/12/2025,FEU,Z24,7,0.132993638817
10/12/2025,FEU,Z14,7,0.132993638817
10/12/2025,FEU,Z24,8,0.139323935957
10/12/2025,FEU,Z14,8,0.139323935957
10/12/2025,FEU,Z24,9,0.144218233609
10/12/2025,FEU,Z14,9,0.144218233609
10/13/2025,FEU,Z24,1,0.127680245167
10/13/2025,FEU,Z14,1,0.127680245167
10/13/2025,FEU,Z24,10,0.170550323729
10/13/2025,FEU,Z14,10,0.170550323729
10/13/2025,FEU,Z24,11,0.150263133054
10/13/2025,FEU,Z14,11,0.21574133106
10/13/2025,FEU,Z24,12,0.198834695723
10/13/2025,FEU,Z14,12,0.198834695723
10/13/2025,FEU,Z24,13,0.186881841385
10/13/2025,FEU,Z14,13,0.186881841385
10/13/2025,FEU,Z24,14,0.176805659717
10/13/2025,FEU,Z14,14,0.176805659717
10/13/2025,FEU,Z24,15,0.176511707092
10/13/2025,FEU,Z14,15,0.111128225086
10/13/2025,FEU,Z24,16,0.106685499098
10/13/2025,FEU,Z14,16,0.106685499098
10/13/2025,FEU,Z24,17,0.115000265448
10/13/2025,FEU,Z14,17,0.115000265448
10/13/2025,FEU,Z24,18,0.127099760448
10/13/2025,FEU,Z14,18,0.127099760448
10/13/2025,FEU,Z24,19,0.149139817742
10/13/2025,FEU,Z14,19,0.214619471748
10/13/2025,FEU,Z24,2,0.120103245511
10/13/2025,FEU,Z14,2,0.120103245511
10/13/2025,FEU,Z24,20,0.250377474098
10/13/2025,FEU,Z14,20,0.250377474098
10/13/2025,FEU,Z24,21,0.285126833767
10/13/2025,FEU,Z14,21,0.285126833767
10/13/2025,FEU,Z24,22,0.283170386111
10/13/2025,FEU,Z14,22,0.283170386111
10/13/2025,FEU,Z24,23,0.247513873511
10/13/2025,FEU,Z14,23,0.181676383167
10/13/2025,FEU,Z24,24,0.165342354186
10/13/2025,FEU,Z14,24,0.165342354186
10/13/2025,FEU,Z24,3,0.113085722517
10/13/2025,FEU,Z14,3,0.113085722517
10/13/2025,FEU,Z24,4,0.122613383854
10/13/2025,FEU,Z14,4,0.122613383854
10/13/2025,FEU,Z24,5,0.124736061179
10/13/2025,FEU,Z14,5,0.124736061179
10/13/2025,FEU,Z24,6,0.129543276492
10/13/2025,FEU,Z14,6,0.129543276492
10/13/2025,FEU,Z24,7,0.134052511779
10/13/2025,FEU,Z14,7,0.134052511779
10/13/2025,FEU,Z24,8,0.139469865748
10/13/2025,FEU,Z14,8,0.139469865748
10/13/2025,FEU,Z24,9,0.181036063804
10/13/2025,FEU,Z14,9,0.181036063804
10/14/2025,FEU,Z24,1,0.139710590132
10/14/2025,FEU,Z14,1,0.139710590132
10/14/2025,FEU,Z24,10,0.164751956695
10/14/2025,FEU,Z14,10,0.164751956695
10/14/2025,FEU,Z24,11,0.145960401808
10/14/2025,FEU,Z14,11,0.211529200458
10/14/2025,FEU,Z24,12,0.196539338633
10/14/2025,FEU,Z14,12,0.196539338633
10/14/2025,FEU,Z24,13,0.183390139046
10/14/2025,FEU,Z14,13,0.183390139046
10/14/2025,FEU,Z24,14,0.170845258458
10/14/2025,FEU,Z14,14,0.170845258458
10/14/2025,FEU,Z24,15,0.168899731182
10/14/2025,FEU,Z14,15,0.103467470532
10/14/2025,FEU,Z24,16,0.102455609657
10/14/2025,FEU,Z14,16,0.102455609657
10/14/2025,FEU,Z24,17,0.111228149132
10/14/2025,FEU,Z14,17,0.111228149132
10/14/2025,FEU,Z24,18,0.132465707545
10/14/2025,FEU,Z14,18,0.132465707545
10/14/2025,FEU,Z24,19,0.154203891408
10/14/2025,FEU,Z14,19,0.219806950058
10/14/2025,FEU,Z24,2,0.132210443782
10/14/2025,FEU,Z14,2,0.132210443782
10/14/2025,FEU,Z24,20,0.261779030532
10/14/2025,FEU,Z14,20,0.261779030532
10/14/2025,FEU,Z24,21,0.277502060945
10/14/2025,FEU,Z14,21,0.277502060945
10/14/2025,FEU,Z24,22,0.257076582595
10/14/2025,FEU,Z14,22,0.257076582595
10/14/2025,FEU,Z24,23,0.243971933206
10/14/2025,FEU,Z14,23,0.178147966144
10/14/2025,FEU,Z24,24,0.155506857444
10/14/2025,FEU,Z14,24,0.155506857444
10/14/2025,FEU,Z24,3,0.131318140844
10/14/2025,FEU,Z14,3,0.131318140844
10/14/2025,FEU,Z24,4,0.127769475669
10/14/2025,FEU,Z14,4,0.127769475669
10/14/2025,FEU,Z24,5,0.128060323669
10/14/2025,FEU,Z14,5,0.128060323669
10/14/2025,FEU,Z24,6,0.128873465607
10/14/2025,FEU,Z14,6,0.128873465607
10/14/2025,FEU,Z24,7,0.137558522595
10/14/2025,FEU,Z14,7,0.137558522595
10/14/2025,FEU,Z24,8,0.14552465282
10/14/2025,FEU,Z14,8,0.14552465282
10/14/2025,FEU,Z24,9,0.212794427545
10/14/2025,FEU,Z14,9,0.212794427545
10/15/2025,FEU,Z24,1,0.139326364491
10/15/2025,FEU,Z14,1,0.139326364491
10/15/2025,FEU,Z24,10,0.163819713991
10/15/2025,FEU,Z14,10,0.163819713991
10/15/2025,FEU,Z24,11,0.1417936611
10/15/2025,FEU,Z14,11,0.207249864835
10/15/2025,FEU,Z24,12,0.192387264835
10/15/2025,FEU,Z14,12,0.192387264835
10/15/2025,FEU,Z24,13,0.177656975679
10/15/2025,FEU,Z14,13,0.177656975679
10/15/2025,FEU,Z24,14,0.170405392788
10/15/2025,FEU,Z14,14,0.170405392788
10/15/2025,FEU,Z24,15,0.170440425663
10/15/2025,FEU,Z14,15,0.10500502935
10/15/2025,FEU,Z24,16,0.105371366397
10/15/2025,FEU,Z14,16,0.105371366397
10/15/2025,FEU,Z24,17,0.116966159866
10/15/2025,FEU,Z14,17,0.116966159866
10/15/2025,FEU,Z24,18,0.134019181132
10/15/2025,FEU,Z14,18,0.134019181132
10/15/2025,FEU,Z24,19,0.158861042725
10/15/2025,FEU,Z14,19,0.224480230038
10/15/2025,FEU,Z24,2,0.130766927225
10/15/2025,FEU,Z14,2,0.130766927225
10/15/2025,FEU,Z24,20,0.272527661772
10/15/2025,FEU,Z14,20,0.272527661772
10/15/2025,FEU,Z24,21,0.27956635435
10/15/2025,FEU,Z14,21,0.27956635435
10/15/2025,FEU,Z24,22,0.261552779241
10/15/2025,FEU,Z14,22,0.261552779241
10/15/2025,FEU,Z24,23,0.230609293741
10/15/2025,FEU,Z14,23,0.16484157585
10/15/2025,FEU,Z24,24,0.157492133209
10/15/2025,FEU,Z14,24,0.157492133209
10/15/2025,FEU,Z24,3,0.128627994381
10/15/2025,FEU,Z14,3,0.128627994381
10/15/2025,FEU,Z24,4,0.12320015796
10/15/2025,FEU,Z14,4,0.12320015796
10/15/2025,FEU,Z24,5,0.123289261538
10/15/2025,FEU,Z14,5,0.123289261538
10/15/2025,FEU,Z24,6,0.126075895069
10/15/2025,FEU,Z14,6,0.126075895069
10/15/2025,FEU,Z24,7,0.134317816397
10/15/2025,FEU,Z14,7,0.134317816397
10/15/2025,FEU,Z24,8,0.163581074038
10/15/2025,FEU,Z14,8,0.163581074038
10/15/2025,FEU,Z24,9,0.212469319647
10/15/2025,FEU,Z14,9,0.212469319647
10/16/2025,FEU,Z24,1,0.140325089685
10/16/2025,FEU,Z14,1,0.140325089685
10/16/2025,FEU,Z24,10,0.166352571968
10/16/2025,FEU,Z14,10,0.166352571968
10/16/2025,FEU,Z24,11,0.148686441127
10/16/2025,FEU,Z14,11,0.214265501547
10/16/2025,FEU,Z24,12,0.192632362257
10/16/2025,FEU,Z14,12,0.192632362257
10/16/2025,FEU,Z24,13,0.182663812837
10/16/2025,FEU,Z14,13,0.182663812837
10/16/2025,FEU,Z24,14,0.174776724772
10/16/2025,FEU,Z14,14,0.174776724772
10/16/2025,FEU,Z24,15,0.173735474518
10/16/2025,FEU,Z14,15,0.108360762453
10/16/2025,FEU,Z24,16,0.110121250583
10/16/2025,FEU,Z14,16,0.110121250583
10/16/2025,FEU,Z24,17,0.117931846714
10/16/2025,FEU,Z14,17,0.117931846714
10/16/2025,FEU,Z24,18,0.139025736134
10/16/2025,FEU,Z14,18,0.139025736134
10/16/2025,FEU,Z24,19,0.161029313033
10/16/2025,FEU,Z14,19,0.226653906453
10/16/2025,FEU,Z24,2,0.131807067105
10/16/2025,FEU,Z14,2,0.131807067105
10/16/2025,FEU,Z24,20,0.260705771873
10/16/2025,FEU,Z14,20,0.260705771873
10/16/2025,FEU,Z24,21,0.267252321294
10/16/2025,FEU,Z14,21,0.267252321294
10/16/2025,FEU,Z24,22,0.252473654714
10/16/2025,FEU,Z14,22,0.252473654714
10/16/2025,FEU,Z24,23,0.242681246786
10/16/2025,FEU,Z14,23,0.176862840011
10/16/2025,FEU,Z24,24,0.160044092851
10/16/2025,FEU,Z14,24,0.160044092851
10/16/2025,FEU,Z24,3,0.129028512525
10/16/2025,FEU,Z14,3,0.129028512525
10/16/2025,FEU,Z24,4,0.12433350288
10/16/2025,FEU,Z14,4,0.12433350288
10/16/2025,FEU,Z24,5,0.124052809815
10/16/2025,FEU,Z14,5,0.124052809815
10/16/2025,FEU,Z24,6,0.12483818933
10/16/2025,FEU,Z14,6,0.12483818933
10/16/2025,FEU,Z24,7,0.135217848359
10/16/2025,FEU,Z14,7,0.135217848359
10/16/2025,FEU,Z24,8,0.145196205388
10/16/2025,FEU,Z14,8,0.145196205388
10/16/2025,FEU,Z24,9,0.205131798975
10/16/2025,FEU,Z14,9,0.205131798975
10/17/2025,FEU,Z24,1,0.148911586403
10/17/2025,FEU,Z14,1,0.148911586403
10/17/2025,FEU,Z24,10,0.172189879828
10/17/2025,FEU,Z14,10,0.172189879828
10/17/2025,FEU,Z24,11,0.14248507619
10/17/2025,FEU,Z14,11,0.207940617804
10/17/2025,FEU,Z24,12,0.192704193395
10/17/2025,FEU,Z14,12,0.192704193395
10/17/2025,FEU,Z24,13,0.184035633395
10/17/2025,FEU,Z14,13,0.184035633395
10/17/2025,FEU,Z24,14,0.16384846178
10/17/2025,FEU,Z14,14,0.16384846178
10/17/2025,FEU,Z24,15,0.153596997489
10/17/2025,FEU,Z14,15,0.08822191267
10/17/2025,FEU,Z24,16,0.085031233104
10/17/2025,FEU,Z14,16,0.085031233104
10/17/2025,FEU,Z24,17,0.099116109537
10/17/2025,FEU,Z14,17,0.099116109537
10/17/2025,FEU,Z24,18,0.14057471556
10/17/2025,FEU,Z14,18,0.14057471556
10/17/2025,FEU,Z24,19,0.164600997489
10/17/2025,FEU,Z14,19,0.230241602308
10/17/2025,FEU,Z24,2,0.133362987222
10/17/2025,FEU,Z14,2,0.133362987222
10/17/2025,FEU,Z24,20,0.251089126741
10/17/2025,FEU,Z14,20,0.251089126741
10/17/2025,FEU,Z24,21,0.274876719537
10/17/2025,FEU,Z14,21,0.274876719537
10/17/2025,FEU,Z24,22,0.260672368151
10/17/2025,FEU,Z14,22,0.260672368151
10/17/2025,FEU,Z24,23,0.240804856702
10/17/2025,FEU,Z14,23,0.174993645679
10/17/2025,FEU,Z24,24,0.169739818907
10/17/2025,FEU,Z14,24,0.169739818907
10/17/2025,FEU,Z24,3,0.13096716445
10/17/2025,FEU,Z14,3,0.13096716445
10/17/2025,FEU,Z24,4,0.125941819655
10/17/2025,FEU,Z14,4,0.125941819655
10/17/2025,FEU,Z24,5,0.125348324245
10/17/2025,FEU,Z14,5,0.125348324245
10/17/2025,FEU,Z24,6,0.127058883631
10/17/2025,FEU,Z14,6,0.127058883631
10/17/2025,FEU,Z24,7,0.137976580741
10/17/2025,FEU,Z14,7,0.137976580741
10/17/2025,FEU,Z24,8,0.155831921466
10/17/2025,FEU,Z14,8,0.155831921466
10/17/2025,FEU,Z24,9,0.212701772379
10/17/2025,FEU,Z14,9,0.212701772379
10/18/2025,FEU,Z24,1,0.168571005387
10/18/2025,FEU,Z14,1,0.168571005387
10/18/2025,FEU,Z24,10,0.147075595459
10/18/2025,FEU,Z14,10,0.147075595459
10/18/2025,FEU,Z24,11,0.113878852633
10/18/2025,FEU,Z14,11,0.113878852633
10/18/2025,FEU,Z24,12,0.073601827427
10/18/2025,FEU,Z14,12,0.073601827427
10/18/2025,FEU,Z24,13,0.050660089427
10/18/2025,FEU,Z14,13,0.050660089427
10/18/2025,FEU,Z24,14,0.04732761422
10/18/2025,FEU,Z14,14,0.04732761422
10/18/2025,FEU,Z24,15,0.04495223822
10/18/2025,FEU,Z14,15,0.04495223822
10/18/2025,FEU,Z24,16,0.043679294771
10/18/2025,FEU,Z14,16,0.043679294771
10/18/2025,FEU,Z24,17,0.048347433459
10/18/2025,FEU,Z14,17,0.048347433459
10/18/2025,FEU,Z24,18,0.091731619735
10/18/2025,FEU,Z14,18,0.091731619735
10/18/2025,FEU,Z24,19,0.140451328423
10/18/2025,FEU,Z14,19,0.140451328423
10/18/2025,FEU,Z24,2,0.1551079778
10/18/2025,FEU,Z14,2,0.1551079778
10/18/2025,FEU,Z24,20,0.152491913043
10/18/2025,FEU,Z14,20,0.152491913043
10/18/2025,FEU,Z24,21,0.161927369768
10/18/2025,FEU,Z14,21,0.161927369768
10/18/2025,FEU,Z24,22,0.154960162836
10/18/2025,FEU,Z14,22,0.154960162836
10/18/2025,FEU,Z24,23,0.146532203112
10/18/2025,FEU,Z14,23,0.146532203112
10/18/2025,FEU,Z24,24,0.143899119387
10/18/2025,FEU,Z14,24,0.143899119387
10/18/2025,FEU,Z24,3,0.141747140145
10/18/2025,FEU,Z14,3,0.141747140145
10/18/2025,FEU,Z24,4,0.139157486351
10/18/2025,FEU,Z14,4,0.139157486351
10/18/2025,FEU,Z24,5,0.140777167558
10/18/2025,FEU,Z14,5,0.140777167558
10/18/2025,FEU,Z24,6,0.135214882627
10/18/2025,FEU,Z14,6,0.135214882627
10/18/2025,FEU,Z24,7,0.141029791007
10/18/2025,FEU,Z14,7,0.141029791007
10/18/2025,FEU,Z24,8,0.153021831181
10/18/2025,FEU,Z14,8,0.153021831181
10/18/2025,FEU,Z24,9,0.156366176768
10/18/2025,FEU,Z14,9,0.156366176768
10/19/2025,FEU,Z24,1,0.156325199522
10/19/2025,FEU,Z14,1,0.156325199522
10/19/2025,FEU,Z24,10,0.116179696863
10/19/2025,FEU,Z14,10,0.116179696863
10/19/2025,FEU,Z24,11,0.079701552203
10/19/2025,FEU,Z14,11,0.079701552203
10/19/2025,FEU,Z24,12,0.071700268872
10/19/2025,FEU,Z14,12,0.071700268872
10/19/2025,FEU,Z24,13,0.069544674207
10/19/2025,FEU,Z14,13,0.069544674207
10/19/2025,FEU,Z24,14,0.068243946207
10/19/2025,FEU,Z14,14,0.068243946207
10/19/2025,FEU,Z24,15,0.06805889354
10/19/2025,FEU,Z14,15,0.06805889354
10/19/2025,FEU,Z24,16,0.070114880872
10/19/2025,FEU,Z14,16,0.070114880872
10/19/2025,FEU,Z24,17,0.071846351537
10/19/2025,FEU,Z14,17,0.071846351537
10/19/2025,FEU,Z24,18,0.079489040865
10/19/2025,FEU,Z14,18,0.079489040865
10/19/2025,FEU,Z24,19,0.118695792862
10/19/2025,FEU,Z14,19,0.118695792862
10/19/2025,FEU,Z24,2,0.144285720185
10/19/2025,FEU,Z14,2,0.144285720185
10/19/2025,FEU,Z24,20,0.142295993526
10/19/2025,FEU,Z14,20,0.142295993526
10/19/2025,FEU,Z24,21,0.140682421525
10/19/2025,FEU,Z14,21,0.140682421525
10/19/2025,FEU,Z24,22,0.132763021525
10/19/2025,FEU,Z14,22,0.132763021525
10/19/2025,FEU,Z24,23,0.117993156857
10/19/2025,FEU,Z14,23,0.117993156857
10/19/2025,FEU,Z24,24,0.109324355522
10/19/2025,FEU,Z14,24,0.109324355522
10/19/2025,FEU,Z24,3,0.132912359515
10/19/2025,FEU,Z14,3,0.132912359515
10/19/2025,FEU,Z24,4,0.111587174183
10/19/2025,FEU,Z14,4,0.111587174183
10/19/2025,FEU,Z24,5,0.111346364848
10/19/2025,FEU,Z14,5,0.111346364848
10/19/2025,FEU,Z24,6,0.110865601181
10/19/2025,FEU,Z14,6,0.110865601181
10/19/2025,FEU,Z24,7,0.109731273184
10/19/2025,FEU,Z14,7,0.109731273184
10/19/2025,FEU,Z24,8,0.11838295552
10/19/2025,FEU,Z14,8,0.11838295552
10/19/2025,FEU,Z24,9,0.130215076856
10/19/2025,FEU,Z14,9,0.130215076856
10/20/2025,FEU,Z24,1,0.114576222167
10/20/2025,FEU,Z14,1,0.114576222167
10/20/2025,FEU,Z24,10,0.172433905208
10/20/2025,FEU,Z14,10,0.172433905208
10/20/2025,FEU,Z24,11,0.123406303531
10/20/2025,FEU,Z14,11,0.188814072789
10/20/2025,FEU,Z24,12,0.165107289951
10/20/2025,FEU,Z14,12,0.165107289951
10/20/2025,FEU,Z24,13,0.153922008112
10/20/2025,FEU,Z14,13,0.153922008112
10/20/2025,FEU,Z24,14,0.150284708693
10/20/2025,FEU,Z14,14,0.150284708693
10/20/2025,FEU,Z24,15,0.149138183076
10/20/2025,FEU,Z14,15,0.083825372819
10/20/2025,FEU,Z24,16,0.084207698334
10/20/2025,FEU,Z14,16,0.084207698334
10/20/2025,FEU,Z24,17,0.086212206687
10/20/2025,FEU,Z14,17,0.086212206687
10/20/2025,FEU,Z24,18,0.097048380687
10/20/2025,FEU,Z14,18,0.097048380687
10/20/2025,FEU,Z24,19,0.124859369723
10/20/2025,FEU,Z14,19,0.190275902981
10/20/2025,FEU,Z24,2,0.097173765262
10/20/2025,FEU,Z14,2,0.097173765262
10/20/2025,FEU,Z24,20,0.232631903334
10/20/2025,FEU,Z14,20,0.232631903334
10/20/2025,FEU,Z24,21,0.252947274753
10/20/2025,FEU,Z14,21,0.252947274753
10/20/2025,FEU,Z24,22,0.241318553849
10/20/2025,FEU,Z14,22,0.241318553849
10/20/2025,FEU,Z24,23,0.216573616262
10/20/2025,FEU,Z14,23,0.150863524167
10/20/2025,FEU,Z24,24,0.131859872939
10/20/2025,FEU,Z14,24,0.131859872939
10/20/2025,FEU,Z24,3,0.09571902152
10/20/2025,FEU,Z14,3,0.09571902152
10/20/2025,FEU,Z24,4,0.097234210358
10/20/2025,FEU,Z14,4,0.097234210358
10/20/2025,FEU,Z24,5,0.097019680682
10/20/2025,FEU,Z14,5,0.097019680682
10/20/2025,FEU,Z24,6,0.09611814249
10/20/2025,FEU,Z14,6,0.09611814249
10/20/2025,FEU,Z24,7,0.115712763268
10/20/2025,FEU,Z14,7,0.115712763268
10/20/2025,FEU,Z24,8,0.135718582981
10/20/2025,FEU,Z14,8,0.135718582981
10/20/2025,FEU,Z24,9,0.186788824298
10/20/2025,FEU,Z14,9,0.186788824298
10/21/2025,FEU,Z24,1,0.102806163814
10/21/2025,FEU,Z14,1,0.102806163814
10/21/2025,FEU,Z24,10,0.165356522331
10/21/2025,FEU,Z14,10,0.165356522331
10/21/2025,FEU,Z24,11,0.129666487634
10/21/2025,FEU,Z14,11,0.195178064461
10/21/2025,FEU,Z24,12,0.171749452548
10/21/2025,FEU,Z14,12,0.171749452548
10/21/2025,FEU,Z24,13,0.156759320504
10/21/2025,FEU,Z14,13,0.156759320504
10/21/2025,FEU,Z24,14,0.151534895461
10/21/2025,FEU,Z14,14,0.151534895461
10/21/2025,FEU,Z24,15,0.152425650334
10/21/2025,FEU,Z14,15,0.087050924507
10/21/2025,FEU,Z24,16,0.086493874074
10/21/2025,FEU,Z14,16,0.086493874074
10/21/2025,FEU,Z24,17,0.088266608814
10/21/2025,FEU,Z14,17,0.088266608814
10/21/2025,FEU,Z24,18,0.100305312771
10/21/2025,FEU,Z14,18,0.100305312771
10/21/2025,FEU,Z24,19,0.137846254941
10/21/2025,FEU,Z14,19,0.203392663768
10/21/2025,FEU,Z24,2,0.091979153641
10/21/2025,FEU,Z14,2,0.091979153641
10/21/2025,FEU,Z24,20,0.229879634507
10/21/2025,FEU,Z14,20,0.229879634507
10/21/2025,FEU,Z24,21,0.251826209464
10/21/2025,FEU,Z14,21,0.251826209464
10/21/2025,FEU,Z24,22,0.231300949291
10/21/2025,FEU,Z14,22,0.231300949291
10/21/2025,FEU,Z24,23,0.23157567286
10/21/2025,FEU,Z14,23,0.165803228077
10/21/2025,FEU,Z24,24,0.13896601773
10/21/2025,FEU,Z14,24,0.13896601773
10/21/2025,FEU,Z24,3,0.081542278424
10/21/2025,FEU,Z14,3,0.081542278424
10/21/2025,FEU,Z24,4,0.076337708337
10/21/2025,FEU,Z14,4,0.076337708337
10/21/2025,FEU,Z24,5,0.079544188337
10/21/2025,FEU,Z14,5,0.079544188337
10/21/2025,FEU,Z24,6,0.083152058554
10/21/2025,FEU,Z14,6,0.083152058554
10/21/2025,FEU,Z24,7,0.098407449291
10/21/2025,FEU,Z14,7,0.098407449291
10/21/2025,FEU,Z24,8,0.121559089898
10/21/2025,FEU,Z14,8,0.121559089898
10/21/2025,FEU,Z24,9,0.184880958771
10/21/2025,FEU,Z14,9,0.184880958771
10/22/2025,FEU,Z24,1,0.112873913565
10/22/2025,FEU,Z14,1,0.112873913565
10/22/2025,FEU,Z24,10,0.139380498171
10/22/2025,FEU,Z14,10,0.139380498171
10/22/2025,FEU,Z24,11,0.108807550266
10/22/2025,FEU,Z14,11,0.174178628209
10/22/2025,FEU,Z24,12,0.164627878209
10/22/2025,FEU,Z14,12,0.164627878209
10/22/2025,FEU,Z24,13,0.162579606247
10/22/2025,FEU,Z14,13,0.162579606247
10/22/2025,FEU,Z24,14,0.160290303342
10/22/2025,FEU,Z14,14,0.160290303342
10/22/2025,FEU,Z24,15,0.161736242887
10/22/2025,FEU,Z14,15,0.096330680963
10/22/2025,FEU,Z24,16,0.09757144783
10/22/2025,FEU,Z14,16,0.09757144783
10/22/2025,FEU,Z24,17,0.097987169716
10/22/2025,FEU,Z14,17,0.097987169716
10/22/2025,FEU,Z24,18,0.101345738773
10/22/2025,FEU,Z14,18,0.101345738773
10/22/2025,FEU,Z24,19,0.128623608114
10/22/2025,FEU,Z14,19,0.194138077038
10/22/2025,FEU,Z24,2,0.107597165508
10/22/2025,FEU,Z14,2,0.107597165508
10/22/2025,FEU,Z24,20,0.216862519982
10/22/2025,FEU,Z14,20,0.216862519982
10/22/2025,FEU,Z24,21,0.222884528963
10/22/2025,FEU,Z14,21,0.222884528963
10/22/2025,FEU,Z24,22,0.193764865868
10/22/2025,FEU,Z14,22,0.193764865868
10/22/2025,FEU,Z24,23,0.180797777262
10/22/2025,FEU,Z14,23,0.115238802356
10/22/2025,FEU,Z24,24,0.111827429148
10/22/2025,FEU,Z14,24,0.111827429148
10/22/2025,FEU,Z24,3,0.10638466147
10/22/2025,FEU,Z14,3,0.10638466147
10/22/2025,FEU,Z24,4,0.099670767451
10/22/2025,FEU,Z14,4,0.099670767451
10/22/2025,FEU,Z24,5,0.100078342432
10/22/2025,FEU,Z14,5,0.100078342432
10/22/2025,FEU,Z24,6,0.102800602546
10/22/2025,FEU,Z14,6,0.102800602546
10/22/2025,FEU,Z24,7,0.11450901783
10/22/2025,FEU,Z14,7,0.11450901783
10/22/2025,FEU,Z24,8,0.122237693038
10/22/2025,FEU,Z14,8,0.122237693038
10/22/2025,FEU,Z24,9,0.170126039527
10/22/2025,FEU,Z14,9,0.170126039527
10/23/2025,FEU,Z24,1,0.083964174415
10/23/2025,FEU,Z14,1,0.083964174415
10/23/2025,FEU,Z24,10,0.110794205789
10/23/2025,FEU,Z14,10,0.110794205789
10/23/2025,FEU,Z24,11,0.096852329304
10/23/2025,FEU,Z14,11,0.162248530046
10/23/2025,FEU,Z24,12,0.161346022418
10/23/2025,FEU,Z14,12,0.161346022418
10/23/2025,FEU,Z24,13,0.163241191675
10/23/2025,FEU,Z14,13,0.163241191675
10/23/2025,FEU,Z24,14,0.160508861618
10/23/2025,FEU,Z14,14,0.160508861618
10/23/2025,FEU,Z24,15,0.161972007645
10/23/2025,FEU,Z14,15,0.096627744588
10/23/2025,FEU,Z24,16,0.097725418702
10/23/2025,FEU,Z14,16,0.097725418702
10/23/2025,FEU,Z24,17,0.097741016816
10/23/2025,FEU,Z14,17,0.097741016816
10/23/2025,FEU,Z24,18,0.098383507558
10/23/2025,FEU,Z14,18,0.098383507558
10/23/2025,FEU,Z24,19,0.114144445846
10/23/2025,FEU,Z14,19,0.179607400588
10/23/2025,FEU,Z24,2,0.079481139157
10/23/2025,FEU,Z14,2,0.079481139157
10/23/2025,FEU,Z24,20,0.236365875331
10/23/2025,FEU,Z14,20,0.236365875331
10/23/2025,FEU,Z24,21,0.279474706073
10/23/2025,FEU,Z14,21,0.279474706073
10/23/2025,FEU,Z24,22,0.283935288816
10/23/2025,FEU,Z14,22,0.283935288816
10/23/2025,FEU,Z24,23,0.269372054127
10/23/2025,FEU,Z14,23,0.203442620699
10/23/2025,FEU,Z24,24,0.179485961184
10/23/2025,FEU,Z14,24,0.179485961184
10/23/2025,FEU,Z24,3,0.0786157459
10/23/2025,FEU,Z14,3,0.0786157459
10/23/2025,FEU,Z24,4,0.075947139585
10/23/2025,FEU,Z14,4,0.075947139585
10/23/2025,FEU,Z24,5,0.075751498528
10/23/2025,FEU,Z14,5,0.075751498528
10/23/2025,FEU,Z24,6,0.074303589729
10/23/2025,FEU,Z14,6,0.074303589729
10/23/2025,FEU,Z24,7,0.07454823813
10/23/2025,FEU,Z14,7,0.07454823813
10/23/2025,FEU,Z24,8,0.084095657531
10/23/2025,FEU,Z14,8,0.084095657531
10/23/2025,FEU,Z24,9,0.121959889043
10/23/2025,FEU,Z14,9,0.121959889043
10/24/2025,FEU,Z24,1,0.134370773035
10/24/2025,FEU,Z14,1,0.134370773035
10/24/2025,FEU,Z24,10,0.193830222878
10/24/2025,FEU,Z14,10,0.193830222878
10/24/2025,FEU,Z24,11,0.144802835979
10/24/2025,FEU,Z14,11,0.210263340316
10/24/2025,FEU,Z24,12,0.180059208091
10/24/2025,FEU,Z14,12,0.180059208091
10/24/2025,FEU,Z24,13,0.162976308091
10/24/2025,FEU,Z14,13,0.162976308091
10/24/2025,FEU,Z24,14,0.142082765754
10/24/2025,FEU,Z14,14,0.142082765754
10/24/2025,FEU,Z24,15,0.128893530339
10/24/2025,FEU,Z14,15,0.063603629889
10/24/2025,FEU,Z24,16,0.064042464676
10/24/2025,FEU,Z14,16,0.064042464676
10/24/2025,FEU,Z24,17,0.082360431462
10/24/2025,FEU,Z14,17,0.082360431462
10/24/2025,FEU,Z24,18,0.120133132024
10/24/2025,FEU,Z14,18,0.120133132024
10/24/2025,FEU,Z24,19,0.157775450339
10/24/2025,FEU,Z14,19,0.223391354788
10/24/2025,FEU,Z24,2,0.126239629485
10/24/2025,FEU,Z14,2,0.126239629485
10/24/2025,FEU,Z24,20,0.254125421575
10/24/2025,FEU,Z14,20,0.254125421575
10/24/2025,FEU,Z24,21,0.292805691462
10/24/2025,FEU,Z14,21,0.292805691462
10/24/2025,FEU,Z24,22,0.275193999799
10/24/2025,FEU,Z14,22,0.275193999799
10/24/2025,FEU,Z24,23,0.236821015395
10/24/2025,FEU,Z14,23,0.171026334833
10/24/2025,FEU,Z24,24,0.160953997507
10/24/2025,FEU,Z14,24,0.160953997507
10/24/2025,FEU,Z24,3,0.123238292159
10/24/2025,FEU,Z14,3,0.123238292159
10/24/2025,FEU,Z24,4,0.118910329271
10/24/2025,FEU,Z14,4,0.118910329271
10/24/2025,FEU,Z24,5,0.118982366046
10/24/2025,FEU,Z14,5,0.118982366046
10/24/2025,FEU,Z24,6,0.122376123709
10/24/2025,FEU,Z14,6,0.122376123709
10/24/2025,FEU,Z24,7,0.137494020575
10/24/2025,FEU,Z14,7,0.137494020575
10/24/2025,FEU,Z24,8,0.173800149777
10/24/2025,FEU,Z14,8,0.173800149777
10/24/2025,FEU,Z24,9,0.235029565473
10/24/2025,FEU,Z14,9,0.235029565473
10/25/2025,FEU,Z24,1,0.138278700102
10/25/2025,FEU,Z14,1,0.138278700102
10/25/2025,FEU,Z24,10,0.147094050394
10/25/2025,FEU,Z14,10,0.147094050394
10/25/2025,FEU,Z24,11,0.125039609662
10/25/2025,FEU,Z14,11,0.125039609662
10/25/2025,FEU,Z24,12,0.097336300479
10/25/2025,FEU,Z14,12,0.097336300479
10/25/2025,FEU,Z24,13,0.076765960479
10/25/2025,FEU,Z14,13,0.076765960479
10/25/2025,FEU,Z24,14,0.068244773296
10/25/2025,FEU,Z14,14,0.068244773296
10/25/2025,FEU,Z24,15,0.060113285296
10/25/2025,FEU,Z14,15,0.060113285296
10/25/2025,FEU,Z24,16,0.057785949784
10/25/2025,FEU,Z14,16,0.057785949784
10/25/2025,FEU,Z24,17,0.061288380394
10/25/2025,FEU,Z14,17,0.061288380394
10/25/2025,FEU,Z24,18,0.095195188638
10/25/2025,FEU,Z14,18,0.095195188638
10/25/2025,FEU,Z24,19,0.139355735248
10/25/2025,FEU,Z14,19,0.139355735248
10/25/2025,FEU,Z24,2,0.135166200468
10/25/2025,FEU,Z14,2,0.135166200468
10/25/2025,FEU,Z24,20,0.158581701797
10/25/2025,FEU,Z14,20,0.158581701797
10/25/2025,FEU,Z24,21,0.169330163553
10/25/2025,FEU,Z14,21,0.169330163553
10/25/2025,FEU,Z24,22,0.150866415614
10/25/2025,FEU,Z14,22,0.150866415614
10/25/2025,FEU,Z24,23,0.144302239858
10/25/2025,FEU,Z14,23,0.144302239858
10/25/2025,FEU,Z24,24,0.135027018102
10/25/2025,FEU,Z14,24,0.135027018102
10/25/2025,FEU,Z24,3,0.131422908773
10/25/2025,FEU,Z14,3,0.131422908773
10/25/2025,FEU,Z24,4,0.125383144956
10/25/2025,FEU,Z14,4,0.125383144956
10/25/2025,FEU,Z24,5,0.135792915139
10/25/2025,FEU,Z14,5,0.135792915139
10/25/2025,FEU,Z24,6,0.1366596732
10/25/2025,FEU,Z14,6,0.1366596732
10/25/2025,FEU,Z24,7,0.139586289651
10/25/2025,FEU,Z14,7,0.139586289651
10/25/2025,FEU,Z24,8,0.146768405919
10/25/2025,FEU,Z14,8,0.146768405919
10/25/2025,FEU,Z24,9,0.157350314553
10/25/2025,FEU,Z14,9,0.157350314553
10/26/2025,FEU,Z24,1,0.160313621338
10/26/2025,FEU,Z14,1,0.160313621338
10/26/2025,FEU,Z24,10,0.119179651788
10/26/2025,FEU,Z14,10,0.119179651788
10/26/2025,FEU,Z24,11,0.090876725009
10/26/2025,FEU,Z14,11,0.090876725009
10/26/2025,FEU,Z24,12,0.071801588391
10/26/2025,FEU,Z14,12,0.071801588391
10/26/2025,FEU,Z24,13,0.067206632696
10/26/2025,FEU,Z14,13,0.067206632696
10/26/2025,FEU,Z24,14,0.066242240696
10/26/2025,FEU,Z14,14,0.066242240696
10/26/2025,FEU,Z24,15,0.065537729772
10/26/2025,FEU,Z14,15,0.065537729772
10/26/2025,FEU,Z24,16,0.068211792391
10/26/2025,FEU,Z14,16,0.068211792391
10/26/2025,FEU,Z24,17,0.073982456086
10/26/2025,FEU,Z14,17,0.073982456086
10/26/2025,FEU,Z24,18,0.087713139017
10/26/2025,FEU,Z14,18,0.087713139017
10/26/2025,FEU,Z24,19,0.114265934559
10/26/2025,FEU,Z14,19,0.114265934559
10/26/2025,FEU,Z24,2,0.154827230575
10/26/2025,FEU,Z14,2,0.154827230575
10/26/2025,FEU,Z24,20,0.146003073025
10/26/2025,FEU,Z14,20,0.146003073025
10/26/2025,FEU,Z24,21,0.154191803796
10/26/2025,FEU,Z14,21,0.154191803796
10/26/2025,FEU,Z24,22,0.162171485796
10/26/2025,FEU,Z14,22,0.162171485796
10/26/2025,FEU,Z24,23,0.151274517644
10/26/2025,FEU,Z14,23,0.151274517644
10/26/2025,FEU,Z24,24,0.146986637338
10/26/2025,FEU,Z14,24,0.146986637338
10/26/2025,FEU,Z24,25,0.146080170499
10/26/2025,FEU,Z14,25,0.146080170499
10/26/2025,FEU,Z24,3,0.131072313965
10/26/2025,FEU,Z14,3,0.131072313965
10/26/2025,FEU,Z24,4,0.126459292117
10/26/2025,FEU,Z14,4,0.126459292117
10/26/2025,FEU,Z24,5,0.128145123812
10/26/2025,FEU,Z14,5,0.128145123812
10/26/2025,FEU,Z24,6,0.127477852888
10/26/2025,FEU,Z14,6,0.127477852888
10/26/2025,FEU,Z24,7,0.125371004346
10/26/2025,FEU,Z14,7,0.125371004346
10/26/2025,FEU,Z24,8,0.12098498888
10/26/2025,FEU,Z14,8,0.12098498888
10/26/2025,FEU,Z24,9,0.118003526415
10/26/2025,FEU,Z14,9,0.118003526415
10/27/2025,FEU,Z24,1,0.124926077663
10/27/2025,FEU,Z14,1,0.124926077663
10/27/2025,FEU,Z24,10,0.139810360785
10/27/2025,FEU,Z14,10,0.139810360785
10/27/2025,FEU,Z24,11,0.105682629995
10/27/2025,FEU,Z14,11,0.171043921088
10/27/2025,FEU,Z24,12,0.144786148693
10/27/2025,FEU,Z14,12,0.144786148693
10/27/2025,FEU,Z24,13,0.148651953298
10/27/2025,FEU,Z14,13,0.148651953298
10/27/2025,FEU,Z24,14,0.1370789386
10/27/2025,FEU,Z14,14,0.1370789386
10/27/2025,FEU,Z24,15,0.136384394551
10/27/2025,FEU,Z14,15,0.071104511458
10/27/2025,FEU,Z24,16,0.098648197644
10/27/2025,FEU,Z14,16,0.098648197644
10/27/2025,FEU,Z24,17,0.125224167224
10/27/2025,FEU,Z14,17,0.125224167224
10/27/2025,FEU,Z24,18,0.175930611224
10/27/2025,FEU,Z14,18,0.175930611224
10/27/2025,FEU,Z24,19,0.198550668971
10/27/2025,FEU,Z14,19,0.264158774063
10/27/2025,FEU,Z24,2,0.11616465815
10/27/2025,FEU,Z14,2,0.11616465815
10/27/2025,FEU,Z24,20,0.272677937644
10/27/2025,FEU,Z14,20,0.272677937644
10/27/2025,FEU,Z24,21,0.287286299341
10/27/2025,FEU,Z14,21,0.287286299341
10/27/2025,FEU,Z24,22,0.264594846829
10/27/2025,FEU,Z14,22,0.264594846829
10/27/2025,FEU,Z24,23,0.24328295715
10/27/2025,FEU,Z14,23,0.177461853663
10/27/2025,FEU,Z24,24,0.172026754941
10/27/2025,FEU,Z14,24,0.172026754941
10/27/2025,FEU,Z24,3,0.116998021243
10/27/2025,FEU,Z14,3,0.116998021243
10/27/2025,FEU,Z24,4,0.117727058638
10/27/2025,FEU,Z14,4,0.117727058638
10/27/2025,FEU,Z24,5,0.119888791848
10/27/2025,FEU,Z14,5,0.119888791848
10/27/2025,FEU,Z24,6,0.143150134872
10/27/2025,FEU,Z14,6,0.143150134872
10/27/2025,FEU,Z24,7,0.149634285526
10/27/2025,FEU,Z14,7,0.149634285526
10/27/2025,FEU,Z24,8,0.192850408063
10/27/2025,FEU,Z14,8,0.192850408063
10/27/2025,FEU,Z24,9,0.186895713897
10/27/2025,FEU,Z14,9,0.186895713897
10/28/2025,FEU,Z24,1,0.135382954313
10/28/2025,FEU,Z14,1,0.135382954313
10/28/2025,FEU,Z24,10,0.149651822267
10/28/2025,FEU,Z14,10,0.149651822267
10/28/2025,FEU,Z24,11,0.125088930058
10/28/2025,FEU,Z14,11,0.190584431177
10/28/2025,FEU,Z24,12,0.175608398117
10/28/2025,FEU,Z14,12,0.175608398117
10/28/2025,FEU,Z24,13,0.173953356147
10/28/2025,FEU,Z14,13,0.173953356147
10/28/2025,FEU,Z24,14,0.174976766177
10/28/2025,FEU,Z14,14,0.174976766177
10/28/2025,FEU,Z24,15,0.184981216955
10/28/2025,FEU,Z14,15,0.119493929835
10/28/2025,FEU,Z24,16,0.130894860134
10/28/2025,FEU,Z14,16,0.130894860134
10/28/2025,FEU,Z24,17,0.154799511313
10/28/2025,FEU,Z14,17,0.154799511313
10/28/2025,FEU,Z24,18,0.166798809343
10/28/2025,FEU,Z14,18,0.166798809343
10/28/2025,FEU,Z24,19,0.183414554536
10/28/2025,FEU,Z14,19,0.249117616656
10/28/2025,FEU,Z24,2,0.133317965433
10/28/2025,FEU,Z14,2,0.133317965433
10/28/2025,FEU,Z24,20,0.252377034835
10/28/2025,FEU,Z14,20,0.252377034835
10/28/2025,FEU,Z24,21,0.265594422865
10/28/2025,FEU,Z14,21,0.265594422865
10/28/2025,FEU,Z24,22,0.253086434984
10/28/2025,FEU,Z14,22,0.253086434984
10/28/2025,FEU,Z24,23,0.236388963971
10/28/2025,FEU,Z14,23,0.170596513822
10/28/2025,FEU,Z24,24,0.163613128061
10/28/2025,FEU,Z14,24,0.163613128061
10/28/2025,FEU,Z24,3,0.135015015582
10/28/2025,FEU,Z14,3,0.135015015582
10/28/2025,FEU,Z24,4,0.130771667642
10/28/2025,FEU,Z14,4,0.130771667642
10/28/2025,FEU,Z24,5,0.130565451642
10/28/2025,FEU,Z14,5,0.130565451642
10/28/2025,FEU,Z24,6,0.125632501493
10/28/2025,FEU,Z14,6,0.125632501493
10/28/2025,FEU,Z24,7,0.140196424984
10/28/2025,FEU,Z14,7,0.140196424984
10/28/2025,FEU,Z24,8,0.155631118566
10/28/2025,FEU,Z14,8,0.155631118566
10/28/2025,FEU,Z24,9,0.172126083343
10/28/2025,FEU,Z14,9,0.172126083343
10/29/2025,FEU,Z24,1,0.114151940365
10/29/2025,FEU,Z14,1,0.114151940365
10/29/2025,FEU,Z24,10,0.149102703706
10/29/2025,FEU,Z14,10,0.149102703706
10/29/2025,FEU,Z24,11,0.135303725728
10/29/2025,FEU,Z14,11,0.200742954915
10/29/2025,FEU,Z24,12,0.193738304915
10/29/2025,FEU,Z14,12,0.193738304915
10/29/2025,FEU,Z24,13,0.193457838124
10/29/2025,FEU,Z14,13,0.193457838124
10/29/2025,FEU,Z24,14,0.192948573146
10/29/2025,FEU,Z14,14,0.192948573146
10/29/2025,FEU,Z24,15,0.20440458064
10/29/2025,FEU,Z14,15,0.138851606057
10/29/2025,FEU,Z24,16,0.150897022826
10/29/2025,FEU,Z14,16,0.150897022826
10/29/2025,FEU,Z24,17,0.1618891452
10/29/2025,FEU,Z14,17,0.1618891452
10/29/2025,FEU,Z24,18,0.180292644013
10/29/2025,FEU,Z14,18,0.180292644013
10/29/2025,FEU,Z24,19,0.200273356893
10/29/2025,FEU,Z14,19,0.266034804475
10/29/2025,FEU,Z24,2,0.112590179551
10/29/2025,FEU,Z14,2,0.112590179551
10/29/2025,FEU,Z24,20,0.282847171662
10/29/2025,FEU,Z14,20,0.282847171662
10/29/2025,FEU,Z24,21,0.290826308057
10/29/2025,FEU,Z14,21,0.290826308057
10/29/2025,FEU,Z24,22,0.277888214035
10/29/2025,FEU,Z14,22,0.277888214035
10/29/2025,FEU,Z24,23,0.255104674694
10/29/2025,FEU,Z14,23,0.189234892716
10/29/2025,FEU,Z24,24,0.171568345067
10/29/2025,FEU,Z14,24,0.171568345067
10/29/2025,FEU,Z24,3,0.110879574342
10/29/2025,FEU,Z14,3,0.110879574342
10/29/2025,FEU,Z24,4,0.104337250738
10/29/2025,FEU,Z14,4,0.104337250738
10/29/2025,FEU,Z24,5,0.106104105134
10/29/2025,FEU,Z14,5,0.106104105134
10/29/2025,FEU,Z24,6,0.10724484376
10/29/2025,FEU,Z14,6,0.10724484376
10/29/2025,FEU,Z24,7,0.115023132826
10/29/2025,FEU,Z14,7,0.115023132826
10/29/2025,FEU,Z24,8,0.135703435475
10/29/2025,FEU,Z14,8,0.135703435475
10/29/2025,FEU,Z24,9,0.167180507156
10/29/2025,FEU,Z14,9,0.167180507156
10/30/2025,FEU,Z24,1,0.154986423823
10/30/2025,FEU,Z14,1,0.154986423823
10/30/2025,FEU,Z24,10,0.166221397518
10/30/2025,FEU,Z14,10,0.166221397518
10/30/2025,FEU,Z24,11,0.11940020699
10/30/2025,FEU,Z14,11,0.184876598754
10/30/2025,FEU,Z24,12,0.157462860136
10/30/2025,FEU,Z14,12,0.157462860136
10/30/2025,FEU,Z24,13,0.133459761372
10/30/2025,FEU,Z14,13,0.133459761372
10/30/2025,FEU,Z24,14,0.131721017799
10/30/2025,FEU,Z14,14,0.131721017799
10/30/2025,FEU,Z24,15,0.130608894429
10/30/2025,FEU,Z14,15,0.065345812855
10/30/2025,FEU,Z24,16,0.078291556002
10/30/2025,FEU,Z14,16,0.078291556002
10/30/2025,FEU,Z24,17,0.119719863148
10/30/2025,FEU,Z14,17,0.119719863148
10/30/2025,FEU,Z24,18,0.168044263912
10/30/2025,FEU,Z14,18,0.168044263912
10/30/2025,FEU,Z24,19,0.181037060091
10/30/2025,FEU,Z14,19,0.246732280855
10/30/2025,FEU,Z24,2,0.146036500587
10/30/2025,FEU,Z14,2,0.146036500587
10/30/2025,FEU,Z24,20,0.24765442162
10/30/2025,FEU,Z14,20,0.24765442162
10/30/2025,FEU,Z24,21,0.264331654384
10/30/2025,FEU,Z14,21,0.264331654384
10/30/2025,FEU,Z24,22,0.242972951148
10/30/2025,FEU,Z14,22,0.242972951148
10/30/2025,FEU,Z24,23,0.234124011644
10/30/2025,FEU,Z14,23,0.168341200689
10/30/2025,FEU,Z24,24,0.155062425217
10/30/2025,FEU,Z14,24,0.155062425217
10/30/2025,FEU,Z24,3,0.138811307351
10/30/2025,FEU,Z14,3,0.138811307351
10/30/2025,FEU,Z24,4,0.133605242542
10/30/2025,FEU,Z14,4,0.133605242542
10/30/2025,FEU,Z24,5,0.123615430969
10/30/2025,FEU,Z14,5,0.123615430969
10/30/2025,FEU,Z24,6,0.121382389632
10/30/2025,FEU,Z14,6,0.121382389632
10/30/2025,FEU,Z24,7,0.139941672957
10/30/2025,FEU,Z14,7,0.139941672957
10/30/2025,FEU,Z24,8,0.159684614282
10/30/2025,FEU,Z14,8,0.159684614282
10/30/2025,FEU,Z24,9,0.183901045441
10/30/2025,FEU,Z14,9,0.183901045441
10/31/2025,FEU,Z24,1,0.124325261929
10/31/2025,FEU,Z14,1,0.124325261929
10/31/2025,FEU,Z24,10,0.134783368994
10/31/2025,FEU,Z14,10,0.134783368994
10/31/2025,FEU,Z24,11,0.10738624817
10/31/2025,FEU,Z14,11,0.172749343354
10/31/2025,FEU,Z24,12,0.154901249898
10/31/2025,FEU,Z14,12,0.154901249898
10/31/2025,FEU,Z24,13,0.153917429898
10/31/2025,FEU,Z14,13,0.153917429898
10/31/2025,FEU,Z24,14,0.149945820714
10/31/2025,FEU,Z14,14,0.149945820714
10/31/2025,FEU,Z24,15,0.151154644458
10/31/2025,FEU,Z14,15,0.085787981546
10/31/2025,FEU,Z24,16,0.095133659642
10/31/2025,FEU,Z14,16,0.095133659642
10/31/2025,FEU,Z24,17,0.119732121738
10/31/2025,FEU,Z14,17,0.119732121738
10/31/2025,FEU,Z24,18,0.149564080378
10/31/2025,FEU,Z14,18,0.149564080378
10/31/2025,FEU,Z24,19,0.161699284458
10/31/2025,FEU,Z14,19,0.22732988337
10/31/2025,FEU,Z24,2,0.110720328841
10/31/2025,FEU,Z14,2,0.110720328841
10/31/2025,FEU,Z24,20,0.234833917466
10/31/2025,FEU,Z14,20,0.234833917466
10/31/2025,FEU,Z24,21,0.237979041738
10/31/2025,FEU,Z14,21,0.237979041738
10/31/2025,FEU,Z24,22,0.227800829922
10/31/2025,FEU,Z14,22,0.227800829922
10/31/2025,FEU,Z24,23,0.224248787217
10/31/2025,FEU,Z14,23,0.158506273577
10/31/2025,FEU,Z24,24,0.148750019945
10/31/2025,FEU,Z14,24,0.148750019945
10/31/2025,FEU,Z24,3,0.113276291209
10/31/2025,FEU,Z14,3,0.113276291209
10/31/2025,FEU,Z24,4,0.108953129937
10/31/2025,FEU,Z14,4,0.108953129937
10/31/2025,FEU,Z24,5,0.108824705481
10/31/2025,FEU,Z14,5,0.108824705481
10/31/2025,FEU,Z24,6,0.108183726297
10/31/2025,FEU,Z14,6,0.108183726297
10/31/2025,FEU,Z24,7,0.122030515466
10/31/2025,FEU,Z14,7,0.122030515466
10/31/2025,FEU,Z24,8,0.128588385818
10/31/2025,FEU,Z14,8,0.128588385818
10/31/2025,FEU,Z24,9,0.15692036229
10/31/2025,FEU,Z14,9,0.15692036229
11/01/2025,FEU,Z24,1,0.108539419459
11/01/2025,FEU,Z14,1,0.108539419459
11/01/2025,FEU,Z24,10,0.089339879118
11/01/2025,FEU,Z14,10,0.089339879118
11/01/2025,FEU,Z24,11,0.077204261341
11/01/2025,FEU,Z14,11,0.077204261341
11/01/2025,FEU,Z24,12,0.072850013724
11/01/2025,FEU,Z14,12,0.072850013724
11/01/2025,FEU,Z24,13,0.068588525724
11/01/2025,FEU,Z14,13,0.068588525724
11/01/2025,FEU,Z24,14,0.074418093724
11/01/2025,FEU,Z14,14,0.074418093724
11/01/2025,FEU,Z24,15,0.075264760033
11/01/2025,FEU,Z14,15,0.075264760033
11/01/2025,FEU,Z24,16,0.085156463118
11/01/2025,FEU,Z14,16,0.085156463118
11/01/2025,FEU,Z24,17,0.107381977895
11/01/2025,FEU,Z14,17,0.107381977895
11/01/2025,FEU,Z24,18,0.131091325288
11/01/2025,FEU,Z14,18,0.131091325288
11/01/2025,FEU,Z24,19,0.14535895098
11/01/2025,FEU,Z14,19,0.14535895098
11/01/2025,FEU,Z24,2,0.08807189331
11/01/2025,FEU,Z14,2,0.08807189331
11/01/2025,FEU,Z24,20,0.162382790597
11/01/2025,FEU,Z14,20,0.162382790597
11/01/2025,FEU,Z24,21,0.163684319905
11/01/2025,FEU,Z14,21,0.163684319905
11/01/2025,FEU,Z24,22,0.159071809214
11/01/2025,FEU,Z14,22,0.159071809214
11/01/2025,FEU,Z24,23,0.137394157139
11/01/2025,FEU,Z14,23,0.137394157139
11/01/2025,FEU,Z24,24,0.130725972991
11/01/2025,FEU,Z14,24,0.130725972991
11/01/2025,FEU,Z24,3,0.089917988544
11/01/2025,FEU,Z14,3,0.089917988544
11/01/2025,FEU,Z24,4,0.095473811087
11/01/2025,FEU,Z14,4,0.095473811087
11/01/2025,FEU,Z24,5,0.096117443087
11/01/2025,FEU,Z14,5,0.096117443087
11/01/2025,FEU,Z24,6,0.099166484853
11/01/2025,FEU,Z14,6,0.099166484853
11/01/2025,FEU,Z24,7,0.11101833331
11/01/2025,FEU,Z14,7,0.11101833331
11/01/2025,FEU,Z24,8,0.118391751459
11/01/2025,FEU,Z14,8,0.118391751459
11/01/2025,FEU,Z24,9,0.129643705214
11/01/2025,FEU,Z14,9,0.129643705214
11/02/2025,FEU,Z24,1,0.143079363637
11/02/2025,FEU,Z14,1,0.143079363637
11/02/2025,FEU,Z24,10,0.08192382346
11/02/2025,FEU,Z14,10,0.08192382346
11/02/2025,FEU,Z24,11,0.066898759985
11/02/2025,FEU,Z14,11,0.066898759985
11/02/2025,FEU,Z24,12,0.065878656265
11/02/2025,FEU,Z14,12,0.065878656265
11/02/2025,FEU,Z24,13,0.065468053528
11/02/2025,FEU,Z14,13,0.065468053528
11/02/2025,FEU,Z24,14,0.065526405037
11/02/2025,FEU,Z14,14,0.065526405037
11/02/2025,FEU,Z24,15,0.065888162774
11/02/2025,FEU,Z14,15,0.065888162774
11/02/2025,FEU,Z24,16,0.068504399985
11/02/2025,FEU,Z14,16,0.068504399985
11/02/2025,FEU,Z24,17,0.076436557705
11/02/2025,FEU,Z14,17,0.076436557705
11/02/2025,FEU,Z24,18,0.112785426934
11/02/2025,FEU,Z14,18,0.112785426934
11/02/2025,FEU,Z24,19,0.147627356443
11/02/2025,FEU,Z14,19,0.147627356443
11/02/2025,FEU,Z24,2,0.124969056111
11/02/2025,FEU,Z14,2,0.124969056111
11/02/2025,FEU,Z24,20,0.172109655917
11/02/2025,FEU,Z14,20,0.172109655917
11/02/2025,FEU,Z24,21,0.177472681425
11/02/2025,FEU,Z14,21,0.177472681425
11/02/2025,FEU,Z24,22,0.18000840618
11/02/2025,FEU,Z14,22,0.18000840618
11/02/2025,FEU,Z24,23,0.170199795163
11/02/2025,FEU,Z14,23,0.170199795163
11/02/2025,FEU,Z24,24,0.167824799391
11/02/2025,FEU,Z14,24,0.167824799391
11/02/2025,FEU,Z24,3,0.106439024586
11/02/2025,FEU,Z14,3,0.106439024586
11/02/2025,FEU,Z24,4,0.093735827323
11/02/2025,FEU,Z14,4,0.093735827323
11/02/2025,FEU,Z24,5,0.093601317568
11/02/2025,FEU,Z14,5,0.093601317568
11/02/2025,FEU,Z24,6,0.093867304831
11/02/2025,FEU,Z14,6,0.093867304831
11/02/2025,FEU,Z24,7,0.103451094865
11/02/2025,FEU,Z14,7,0.103451094865
11/02/2025,FEU,Z24,8,0.110512799391
11/02/2025,FEU,Z14,8,0.110512799391
11/02/2025,FEU,Z24,9,0.107487207917
11/02/2025,FEU,Z14,9,0.107487207917
11/03/2025,FEU,Z24,1,0.130877318599
11/03/2025,FEU,Z14,1,0.130877318599
11/03/2025,FEU,Z24,10,0.132954576266
11/03/2025,FEU,Z14,10,0.132954576266
11/03/2025,FEU,Z24,11,0.092734819754
11/03/2025,FEU,Z14,11,0.15811669801
11/03/2025,FEU,Z24,12,0.143672132382
11/03/2025,FEU,Z14,12,0.143672132382
11/03/2025,FEU,Z24,13,0.140104225382
11/03/2025,FEU,Z14,13,0.140104225382
11/03/2025,FEU,Z24,14,0.134477024696
11/03/2025,FEU,Z14,14,0.134477024696
11/03/2025,FEU,Z24,15,0.139995358895
11/03/2025,FEU,Z14,15,0.074673474638
11/03/2025,FEU,Z24,16,0.091669649837
11/03/2025,FEU,Z14,16,0.091669649837
11/03/2025,FEU,Z24,17,0.122475254151
11/03/2025,FEU,Z14,17,0.122475254151
11/03/2025,FEU,Z24,18,0.17291020435
11/03/2025,FEU,Z14,18,0.17291020435
11/03/2025,FEU,Z24,19,0.197162855664
11/03/2025,FEU,Z14,19,0.26291595592
11/03/2025,FEU,Z24,2,0.126934998798
11/03/2025,FEU,Z14,2,0.126934998798
11/03/2025,FEU,Z24,20,0.289362617491
11/03/2025,FEU,Z14,20,0.289362617491
11/03/2025,FEU,Z24,21,0.294362882747
11/03/2025,FEU,Z14,21,0.294362882747
11/03/2025,FEU,Z24,22,0.262375761689
11/03/2025,FEU,Z14,22,0.262375761689
11/03/2025,FEU,Z24,23,0.232940060458
11/03/2025,FEU,Z14,23,0.167166267888
11/03/2025,FEU,Z24,24,0.152982444087
11/03/2025,FEU,Z14,24,0.152982444087
11/03/2025,FEU,Z24,3,0.127370280054
11/03/2025,FEU,Z14,3,0.127370280054
11/03/2025,FEU,Z24,4,0.127595381368
11/03/2025,FEU,Z14,4,0.127595381368
11/03/2025,FEU,Z24,5,0.12752500674
11/03/2025,FEU,Z14,5,0.12752500674
11/03/2025,FEU,Z24,6,0.128912776913
11/03/2025,FEU,Z14,6,0.128912776913
11/03/2025,FEU,Z24,7,0.147162722003
11/03/2025,FEU,Z14,7,0.147162722003
11/03/2025,FEU,Z24,8,0.179899568978
11/03/2025,FEU,Z14,8,0.179899568978
11/03/2025,FEU,Z24,9,0.183457527036
11/03/2025,FEU,Z14,9,0.183457527036
11/04/2025,FEU,Z24,1,0.138264244509
11/04/2025,FEU,Z14,1,0.138264244509
11/04/2025,FEU,Z24,10,0.11080989482
11/04/2025,FEU,Z14,10,0.11080989482
11/04/2025,FEU,Z24,11,0.090473212076
11/04/2025,FEU,Z14,11,0.155791189322
11/04/2025,FEU,Z24,12,0.147828051825
11/04/2025,FEU,Z14,12,0.147828051825
11/04/2025,FEU,Z24,13,0.147351622076
11/04/2025,FEU,Z14,13,0.147351622076
11/04/2025,FEU,Z24,14,0.144230577322
11/04/2025,FEU,Z14,14,0.144230577322
11/04/2025,FEU,Z24,15,0.145560611061
11/04/2025,FEU,Z14,15,0.080264188815
11/04/2025,FEU,Z24,16,0.089800454559
11/04/2025,FEU,Z14,16,0.089800454559
11/04/2025,FEU,Z24,17,0.098995225302
11/04/2025,FEU,Z14,17,0.098995225302
11/04/2025,FEU,Z24,18,0.137568577292
11/04/2025,FEU,Z14,18,0.137568577292
11/04/2025,FEU,Z24,19,0.157911807292
11/04/2025,FEU,Z14,19,0.223531001287
11/04/2025,FEU,Z24,2,0.130154600252
11/04/2025,FEU,Z14,2,0.130154600252
11/04/2025,FEU,Z24,20,0.230148027282
11/04/2025,FEU,Z14,20,0.230148027282
11/04/2025,FEU,Z24,21,0.229298614026
11/04/2025,FEU,Z14,21,0.229298614026
11/04/2025,FEU,Z24,22,0.219695792272
11/04/2025,FEU,Z14,22,0.219695792272
11/04/2025,FEU,Z24,23,0.215905932509
11/04/2025,FEU,Z14,23,0.150202935765
11/04/2025,FEU,Z24,24,0.121235986006
11/04/2025,FEU,Z14,24,0.121235986006
11/04/2025,FEU,Z24,3,0.133227298499
11/04/2025,FEU,Z14,3,0.133227298499
11/04/2025,FEU,Z24,4,0.118265678247
11/04/2025,FEU,Z14,4,0.118265678247
11/04/2025,FEU,Z24,5,0.112325946745
11/04/2025,FEU,Z14,5,0.112325946745
11/04/2025,FEU,Z24,6,0.115794439504
11/04/2025,FEU,Z14,6,0.115794439504
11/04/2025,FEU,Z24,7,0.124166318026
11/04/2025,FEU,Z14,7,0.124166318026
11/04/2025,FEU,Z24,8,0.133238077795
11/04/2025,FEU,Z14,8,0.133238077795
11/04/2025,FEU,Z24,9,0.1539023718
11/04/2025,FEU,Z14,9,0.1539023718
11/05/2025,FEU,Z24,1,0.100995626185
11/05/2025,FEU,Z14,1,0.100995626185
11/05/2025,FEU,Z24,10,0.113176452802
11/05/2025,FEU,Z14,10,0.113176452802
11/05/2025,FEU,Z24,11,0.099270660802
11/05/2025,FEU,Z14,11,0.164619563044
11/05/2025,FEU,Z24,12,0.159589538044
11/05/2025,FEU,Z14,12,0.159589538044
11/05/2025,FEU,Z24,13,0.161711273044
11/05/2025,FEU,Z14,13,0.161711273044
11/05/2025,FEU,Z24,14,0.158802554458
11/05/2025,FEU,Z14,14,0.158802554458
11/05/2025,FEU,Z24,15,0.164203292183
11/05/2025,FEU,Z14,15,0.098789119527
11/05/2025,FEU,Z24,16,0.107971040596
11/05/2025,FEU,Z14,16,0.107971040596
11/05/2025,FEU,Z24,17,0.117660667183
11/05/2025,FEU,Z14,17,0.117660667183
11/05/2025,FEU,Z24,18,0.124970283424
11/05/2025,FEU,Z14,18,0.124970283424
11/05/2025,FEU,Z24,19,0.13645006901
11/05/2025,FEU,Z14,19,0.201996367666
11/05/2025,FEU,Z24,2,0.096335296669
11/05/2025,FEU,Z14,2,0.096335296669
11/05/2025,FEU,Z24,20,0.223010806735
11/05/2025,FEU,Z14,20,0.223010806735
11/05/2025,FEU,Z24,21,0.228053073563
11/05/2025,FEU,Z14,21,0.228053073563
11/05/2025,FEU,Z24,22,0.220856319805
11/05/2025,FEU,Z14,22,0.220856319805
11/05/2025,FEU,Z24,23,0.201926949358
11/05/2025,FEU,Z14,23,0.136281402288
11/05/2025,FEU,Z24,24,0.123870804599
11/05/2025,FEU,Z14,24,0.123870804599
11/05/2025,FEU,Z24,3,0.08957079891
11/05/2025,FEU,Z14,3,0.08957079891
11/05/2025,FEU,Z24,4,0.082822923497
11/05/2025,FEU,Z14,4,0.082822923497
11/05/2025,FEU,Z24,5,0.075062904083
11/05/2025,FEU,Z14,5,0.075062904083
11/05/2025,FEU,Z24,6,0.081484484599
11/05/2025,FEU,Z14,6,0.081484484599
11/05/2025,FEU,Z24,7,0.096054136977
11/05/2025,FEU,Z14,7,0.096054136977
11/05/2025,FEU,Z24,8,0.09707335501
11/05/2025,FEU,Z14,8,0.09707335501
11/05/2025,FEU,Z24,9,0.127299877183
11/05/2025,FEU,Z14,9,0.127299877183
11/06/2025,FEU,Z24,1,0.086427515937
11/06/2025,FEU,Z14,1,0.086427515937
11/06/2025,FEU,Z24,10,0.101389363949
11/06/2025,FEU,Z14,10,0.101389363949
11/06/2025,FEU,Z24,11,0.086196034555
11/06/2025,FEU,Z14,11,0.151560866414
11/06/2025,FEU,Z24,12,0.148747132949
11/06/2025,FEU,Z14,12,0.148747132949
11/06/2025,FEU,Z24,13,0.148630679949
11/06/2025,FEU,Z14,13,0.148630679949
11/06/2025,FEU,Z24,14,0.145737782414
11/06/2025,FEU,Z14,14,0.145737782414
11/06/2025,FEU,Z24,15,0.146756779203
11/06/2025,FEU,Z14,15,0.081405281344
11/06/2025,FEU,Z24,16,0.084548082133
11/06/2025,FEU,Z14,16,0.084548082133
11/06/2025,FEU,Z24,17,0.102454265062
11/06/2025,FEU,Z14,17,0.102454265062
11/06/2025,FEU,Z24,18,0.163358985386
11/06/2025,FEU,Z14,18,0.163358985386
11/06/2025,FEU,Z24,19,0.196221913386
11/06/2025,FEU,Z14,19,0.262117975711
11/06/2025,FEU,Z24,2,0.080671404726
11/06/2025,FEU,Z14,2,0.080671404726
11/06/2025,FEU,Z24,20,0.28130462357
11/06/2025,FEU,Z14,20,0.28130462357
11/06/2025,FEU,Z24,21,0.271457707429
11/06/2025,FEU,Z14,21,0.271457707429
11/06/2025,FEU,Z24,22,0.247535519289
11/06/2025,FEU,Z14,22,0.247535519289
11/06/2025,FEU,Z24,23,0.242557297007
11/06/2025,FEU,Z14,23,0.176865873148
11/06/2025,FEU,Z24,24,0.166140793007
11/06/2025,FEU,Z14,24,0.166140793007
11/06/2025,FEU,Z24,3,0.082512739656
11/06/2025,FEU,Z14,3,0.082512739656
11/06/2025,FEU,Z24,4,0.07556809512
11/06/2025,FEU,Z14,4,0.07556809512
11/06/2025,FEU,Z24,5,0.070435415656
11/06/2025,FEU,Z14,5,0.070435415656
11/06/2025,FEU,Z24,6,0.078983357796
11/06/2025,FEU,Z14,6,0.078983357796
11/06/2025,FEU,Z24,7,0.1072829485
11/06/2025,FEU,Z14,7,0.1072829485
11/06/2025,FEU,Z24,8,0.131571101457
11/06/2025,FEU,Z14,8,0.131571101457
11/06/2025,FEU,Z24,9,0.151376991527
11/06/2025,FEU,Z14,9,0.151376991527
11/07/2025,FEU,Z24,1,0.109242001731
11/07/2025,FEU,Z14,1,0.109242001731
11/07/2025,FEU,Z24,10,0.142009514983
11/07/2025,FEU,Z14,10,0.142009514983
11/07/2025,FEU,Z24,11,0.125284187427
11/07/2025,FEU,Z14,11,0.190696881205
11/07/2025,FEU,Z24,12,0.181928066205
11/07/2025,FEU,Z14,12,0.181928066205
11/07/2025,FEU,Z24,13,0.181023867279
11/07/2025,FEU,Z14,13,0.181023867279
11/07/2025,FEU,Z24,14,0.171888855057
11/07/2025,FEU,Z14,14,0.171888855057
11/07/2025,FEU,Z24,15,0.180281732392
11/07/2025,FEU,Z14,15,0.114815538688
11/07/2025,FEU,Z24,16,0.127592118318
11/07/2025,FEU,Z14,16,0.127592118318
11/07/2025,FEU,Z24,17,0.147759640022
11/07/2025,FEU,Z14,17,0.147759640022
11/07/2025,FEU,Z24,18,0.1645937638
11/07/2025,FEU,Z14,18,0.1645937638
11/07/2025,FEU,Z24,19,0.1855222978
11/07/2025,FEU,Z14,19,0.251236543505
11/07/2025,FEU,Z24,2,0.104233874361
11/07/2025,FEU,Z14,2,0.104233874361
11/07/2025,FEU,Z24,20,0.252374317209
11/07/2025,FEU,Z14,20,0.252374317209
11/07/2025,FEU,Z24,21,0.247177912765
11/07/2025,FEU,Z14,21,0.247177912765
11/07/2025,FEU,Z24,22,0.232431170322
11/07/2025,FEU,Z14,22,0.232431170322
11/07/2025,FEU,Z24,23,0.224031755509
11/07/2025,FEU,Z14,23,0.158292215878
11/07/2025,FEU,Z24,24,0.141923767583
11/07/2025,FEU,Z14,24,0.141923767583
11/07/2025,FEU,Z24,3,0.102555394065
11/07/2025,FEU,Z14,3,0.102555394065
11/07/2025,FEU,Z24,4,0.086491310991
11/07/2025,FEU,Z14,4,0.086491310991
11/07/2025,FEU,Z24,5,0.081825879139
11/07/2025,FEU,Z14,5,0.081825879139
11/07/2025,FEU,Z24,6,0.091363959583
11/07/2025,FEU,Z14,6,0.091363959583
11/07/2025,FEU,Z24,7,0.111865432765
11/07/2025,FEU,Z14,7,0.111865432765
11/07/2025,FEU,Z24,8,0.1240212158
11/07/2025,FEU,Z14,8,0.1240212158
11/07/2025,FEU,Z24,9,0.161656327022
11/07/2025,FEU,Z14,9,0.161656327022
11/08/2025,FEU,Z24,1,0.131024690584
11/08/2025,FEU,Z14,1,0.131024690584
11/08/2025,FEU,Z24,10,0.066044165677
11/08/2025,FEU,Z14,10,0.066044165677
11/08/2025,FEU,Z24,11,0.062789699989
11/08/2025,FEU,Z14,11,0.062789699989
11/08/2025,FEU,Z24,12,0.063094883989
11/08/2025,FEU,Z14,12,0.063094883989
11/08/2025,FEU,Z24,13,0.063832965525
11/08/2025,FEU,Z14,13,0.063832965525
11/08/2025,FEU,Z24,14,0.065075437909
11/08/2025,FEU,Z14,14,0.065075437909
11/08/2025,FEU,Z24,15,0.06539060583
11/08/2025,FEU,Z14,15,0.06539060583
11/08/2025,FEU,Z24,16,0.063525942518
11/08/2025,FEU,Z14,16,0.063525942518
11/08/2025,FEU,Z24,17,0.066898001286
11/08/2025,FEU,Z14,17,0.066898001286
11/08/2025,FEU,Z24,18,0.127718736438
11/08/2025,FEU,Z14,18,0.127718736438
11/08/2025,FEU,Z24,19,0.148858973207
11/08/2025,FEU,Z14,19,0.148858973207
11/08/2025,FEU,Z24,2,0.121958860888
11/08/2025,FEU,Z14,2,0.121958860888
11/08/2025,FEU,Z24,20,0.146383518359
11/08/2025,FEU,Z14,20,0.146383518359
11/08/2025,FEU,Z24,21,0.140602486743
11/08/2025,FEU,Z14,21,0.140602486743
11/08/2025,FEU,Z24,22,0.135344939511
11/08/2025,FEU,Z14,22,0.135344939511
11/08/2025,FEU,Z24,23,0.133552585895
11/08/2025,FEU,Z14,23,0.133552585895
11/08/2025,FEU,Z24,24,0.131803489431
11/08/2025,FEU,Z14,24,0.131803489431
11/08/2025,FEU,Z24,3,0.118263857656
11/08/2025,FEU,Z14,3,0.118263857656
11/08/2025,FEU,Z24,4,0.110053495192
11/08/2025,FEU,Z14,4,0.110053495192
11/08/2025,FEU,Z24,5,0.099144019192
11/08/2025,FEU,Z14,5,0.099144019192
11/08/2025,FEU,Z24,6,0.101110286577
11/08/2025,FEU,Z14,6,0.101110286577
11/08/2025,FEU,Z24,7,0.110610539352
11/08/2025,FEU,Z14,7,0.110610539352
11/08/2025,FEU,Z24,8,0.112443279511
11/08/2025,FEU,Z14,8,0.112443279511
11/08/2025,FEU,Z24,9,0.099759153054
11/08/2025,FEU,Z14,9,0.099759153054
11/09/2025,FEU,Z24,1,0.122778238809
11/09/2025,FEU,Z14,1,0.122778238809
11/09/2025,FEU,Z24,10,0.101281439244
11/09/2025,FEU,Z14,10,0.101281439244
11/09/2025,FEU,Z24,11,0.054697784104
11/09/2025,FEU,Z14,11,0.054697784104
11/09/2025,FEU,Z24,12,0.051810828107
11/09/2025,FEU,Z14,12,0.051810828107
11/09/2025,FEU,Z24,13,0.052604261536
11/09/2025,FEU,Z14,13,0.052604261536
11/09/2025,FEU,Z24,14,0.054497833823
11/09/2025,FEU,Z14,14,0.054497833823
11/09/2025,FEU,Z24,15,0.056059197393
11/09/2025,FEU,Z14,15,0.056059197393
11/09/2025,FEU,Z24,16,0.072925900104
11/09/2025,FEU,Z14,16,0.072925900104
11/09/2025,FEU,Z24,17,0.114291431101
11/09/2025,FEU,Z14,17,0.114291431101
11/09/2025,FEU,Z24,18,0.141653254385
11/09/2025,FEU,Z14,18,0.141653254385
11/09/2025,FEU,Z24,19,0.148126882671
11/09/2025,FEU,Z14,19,0.148126882671
11/09/2025,FEU,Z24,2,0.118477183949
11/09/2025,FEU,Z14,2,0.118477183949
11/09/2025,FEU,Z24,20,0.157848441812
11/09/2025,FEU,Z14,20,0.157848441812
11/09/2025,FEU,Z24,21,0.164005190098
11/09/2025,FEU,Z14,21,0.164005190098
11/09/2025,FEU,Z24,22,0.168778885242
11/09/2025,FEU,Z14,22,0.168778885242
11/09/2025,FEU,Z24,23,0.155443842669
11/09/2025,FEU,Z14,23,0.155443842669
11/09/2025,FEU,Z24,24,0.142860182952
11/09/2025,FEU,Z14,24,0.142860182952
11/09/2025,FEU,Z24,3,0.11410421209
11/09/2025,FEU,Z14,3,0.11410421209
11/09/2025,FEU,Z24,4,0.11397502666
11/09/2025,FEU,Z14,4,0.11397502666
11/09/2025,FEU,Z24,5,0.114140617517
11/09/2025,FEU,Z14,5,0.114140617517
11/09/2025,FEU,Z24,6,0.117200562947
11/09/2025,FEU,Z14,6,0.117200562947
11/09/2025,FEU,Z24,7,0.127250228093
11/09/2025,FEU,Z14,7,0.127250228093
11/09/2025,FEU,Z24,8,0.133926674952
11/09/2025,FEU,Z14,8,0.133926674952
11/09/2025,FEU,Z24,9,0.133100025812
11/09/2025,FEU,Z14,9,0.133100025812
11/10/2025,FEU,Z24,1,0.130488784538
11/10/2025,FEU,Z14,1,0.130488784538
11/10/2025,FEU,Z24,10,0.131337250723
11/10/2025,FEU,Z14,10,0.131337250723
11/10/2025,FEU,Z24,11,0.102182769598
11/10/2025,FEU,Z14,11,0.167597827661
11/10/2025,FEU,Z24,12,0.158338491129
11/10/2025,FEU,Z14,12,0.158338491129
11/10/2025,FEU,Z24,13,0.160272486129
11/10/2025,FEU,Z14,13,0.160272486129
11/10/2025,FEU,Z24,14,0.150594015395
11/10/2025,FEU,Z14,14,0.150594015395
11/10/2025,FEU,Z24,15,0.153259359255
11/10/2025,FEU,Z14,15,0.087891299192
11/10/2025,FEU,Z24,16,0.107108698052
11/10/2025,FEU,Z14,16,0.107108698052
11/10/2025,FEU,Z24,17,0.129664153317
11/10/2025,FEU,Z14,17,0.129664153317
11/10/2025,FEU,Z24,18,0.172817348177
11/10/2025,FEU,Z14,18,0.172817348177
11/10/2025,FEU,Z24,19,0.197552895443
11/10/2025,FEU,Z14,19,0.263307339505
11/10/2025,FEU,Z24,2,0.121793762398
11/10/2025,FEU,Z14,2,0.121793762398
11/10/2025,FEU,Z24,20,0.277271780834
11/10/2025,FEU,Z14,20,0.277271780834
11/10/2025,FEU,Z24,21,0.270537669896
11/10/2025,FEU,Z14,21,0.270537669896
11/10/2025,FEU,Z24,22,0.264862705693
11/10/2025,FEU,Z14,22,0.264862705693
11/10/2025,FEU,Z24,23,0.240908680881
11/10/2025,FEU,Z14,23,0.175100194553
11/10/2025,FEU,Z24,24,0.162849821413
11/10/2025,FEU,Z14,24,0.162849821413
11/10/2025,FEU,Z24,3,0.111118711461
11/10/2025,FEU,Z14,3,0.111118711461
11/10/2025,FEU,Z24,4,0.105246317726
11/10/2025,FEU,Z14,4,0.105246317726
11/10/2025,FEU,Z24,5,0.104684520195
11/10/2025,FEU,Z14,5,0.104684520195
11/10/2025,FEU,Z24,6,0.110042718804
11/10/2025,FEU,Z14,6,0.110042718804
11/10/2025,FEU,Z24,7,0.132944204959
11/10/2025,FEU,Z14,7,0.132944204959
11/10/2025,FEU,Z24,8,0.147447176708
11/10/2025,FEU,Z14,8,0.147447176708
11/10/2025,FEU,Z24,9,0.172210534911
11/10/2025,FEU,Z14,9,0.172210534911
11/11/2025,FEU,Z24,1,0.142528796491
11/11/2025,FEU,Z14,1,0.142528796491
11/11/2025,FEU,Z24,10,0.117312015233
11/11/2025,FEU,Z14,10,0.117312015233
11/11/2025,FEU,Z24,11,0.078207443267
11/11/2025,FEU,Z14,11,0.143493085446
11/11/2025,FEU,Z24,12,0.14305637566
11/11/2025,FEU,Z14,12,0.14305637566
11/11/2025,FEU,Z24,13,0.145368821267
11/11/2025,FEU,Z14,13,0.145368821267
11/11/2025,FEU,Z24,14,0.138349457446
11/11/2025,FEU,Z14,14,0.138349457446
11/11/2025,FEU,Z24,15,0.135161901984
11/11/2025,FEU,Z14,15,0.069892606805
11/11/2025,FEU,Z24,16,0.07800356477
11/11/2025,FEU,Z14,16,0.07800356477
11/11/2025,FEU,Z24,17,0.106892495735
11/11/2025,FEU,Z14,17,0.106892495735
11/11/2025,FEU,Z24,18,0.146917287879
11/11/2025,FEU,Z14,18,0.146917287879
11/11/2025,FEU,Z24,19,0.164279282879
11/11/2025,FEU,Z14,19,0.229920339451
11/11/2025,FEU,Z24,2,0.141376049456
11/11/2025,FEU,Z14,2,0.141376049456
11/11/2025,FEU,Z24,20,0.237107019023
11/11/2025,FEU,Z14,20,0.237107019023
11/11/2025,FEU,Z24,21,0.237603094989
11/11/2025,FEU,Z14,21,0.237603094989
11/11/2025,FEU,Z24,22,0.229543731168
11/11/2025,FEU,Z14,22,0.229543731168
11/11/2025,FEU,Z24,23,0.221683132491
11/11/2025,FEU,Z14,23,0.155954715526
11/11/2025,FEU,Z24,24,0.139156307277
11/11/2025,FEU,Z14,24,0.139156307277
11/11/2025,FEU,Z24,3,0.142928871635
11/11/2025,FEU,Z14,3,0.142928871635
11/11/2025,FEU,Z24,4,0.139558981028
11/11/2025,FEU,Z14,4,0.139558981028
11/11/2025,FEU,Z24,5,0.139615573814
11/11/2025,FEU,Z14,5,0.139615573814
11/11/2025,FEU,Z24,6,0.138067122063
11/11/2025,FEU,Z14,6,0.138067122063
11/11/2025,FEU,Z24,7,0.139263146989
11/11/2025,FEU,Z14,7,0.139263146989
11/11/2025,FEU,Z24,8,0.141377501093
11/11/2025,FEU,Z14,8,0.141377501093
11/11/2025,FEU,Z24,9,0.163472981521
11/11/2025,FEU,Z14,9,0.163472981521
11/12/2025,FEU,Z24,1,0.108781119363
11/12/2025,FEU,Z14,1,0.108781119363
11/12/2025,FEU,Z24,10,0.09987029241
11/12/2025,FEU,Z14,10,0.09987029241
11/12/2025,FEU,Z24,11,0.08947349241
11/12/2025,FEU,Z14,11,0.154796881193
11/12/2025,FEU,Z24,12,0.153436291193
11/12/2025,FEU,Z14,12,0.153436291193
11/12/2025,FEU,Z24,13,0.157868026193
11/12/2025,FEU,Z14,13,0.157868026193
11/12/2025,FEU,Z24,14,0.15465079612
11/12/2025,FEU,Z14,14,0.15465079612
11/12/2025,FEU,Z24,15,0.155441925467
11/12/2025,FEU,Z14,15,0.090057834757
11/12/2025,FEU,Z24,16,0.092775161395
11/12/2025,FEU,Z14,16,0.092775161395
11/12/2025,FEU,Z24,17,0.104723940467
11/12/2025,FEU,Z14,17,0.104723940467
11/12/2025,FEU,Z24,18,0.134080115249
11/12/2025,FEU,Z14,18,0.134080115249
11/12/2025,FEU,Z24,19,0.142377861322
11/12/2025,FEU,Z14,19,0.207943307032
11/12/2025,FEU,Z24,2,0.090221912928
11/12/2025,FEU,Z14,2,0.090221912928
11/12/2025,FEU,Z24,20,0.216793898669
11/12/2025,FEU,Z14,20,0.216793898669
11/12/2025,FEU,Z24,21,0.225208808524
11/12/2025,FEU,Z14,21,0.225208808524
11/12/2025,FEU,Z24,22,0.217766249306
11/12/2025,FEU,Z14,22,0.217766249306
11/12/2025,FEU,Z24,23,0.202691633508
11/12/2025,FEU,Z14,23,0.137042878871
11/12/2025,FEU,Z24,24,0.11912965829
11/12/2025,FEU,Z14,24,0.11912965829
11/12/2025,FEU,Z24,3,0.08764300771
11/12/2025,FEU,Z14,3,0.08764300771
11/12/2025,FEU,Z24,4,0.079799308782
11/12/2025,FEU,Z14,4,0.079799308782
11/12/2025,FEU,Z24,5,0.075846572855
11/12/2025,FEU,Z14,5,0.075846572855
11/12/2025,FEU,Z24,6,0.08088162329
11/12/2025,FEU,Z14,6,0.08088162329
11/12/2025,FEU,Z24,7,0.108421273451
11/12/2025,FEU,Z14,7,0.108421273451
11/12/2025,FEU,Z24,8,0.117881564322
11/12/2025,FEU,Z14,8,0.117881564322
11/12/2025,FEU,Z24,9,0.137391705467
11/12/2025,FEU,Z14,9,0.137391705467
11/13/2025,FEU,Z24,1,0.090036036378
11/13/2025,FEU,Z14,1,0.090036036378
11/13/2025,FEU,Z24,10,0.130198403615
11/13/2025,FEU,Z14,10,0.130198403615
11/13/2025,FEU,Z24,11,0.116985165748
11/13/2025,FEU,Z14,11,0.182457090237
11/13/2025,FEU,Z24,12,0.172580977615
11/13/2025,FEU,Z14,12,0.172580977615
11/13/2025,FEU,Z24,13,0.174746311615
11/13/2025,FEU,Z14,13,0.174746311615
11/13/2025,FEU,Z24,14,0.170810922237
11/13/2025,FEU,Z14,14,0.170810922237
11/13/2025,FEU,Z24,15,0.172360481972
11/13/2025,FEU,Z14,15,0.106920695482
11/13/2025,FEU,Z24,16,0.114749807216
11/13/2025,FEU,Z14,16,0.114749807216
11/13/2025,FEU,Z24,17,0.124281776461
11/13/2025,FEU,Z14,17,0.124281776461
11/13/2025,FEU,Z24,18,0.131102952573
11/13/2025,FEU,Z14,18,0.131102952573
11/13/2025,FEU,Z24,19,0.139114109573
11/13/2025,FEU,Z14,19,0.204765912685
11/13/2025,FEU,Z24,2,0.089203390112
11/13/2025,FEU,Z14,2,0.089203390112
11/13/2025,FEU,Z24,20,0.203976177175
11/13/2025,FEU,Z14,20,0.203976177175
11/13/2025,FEU,Z24,21,0.198690427664
11/13/2025,FEU,Z14,21,0.198690427664
11/13/2025,FEU,Z24,22,0.190669378154
11/13/2025,FEU,Z14,22,0.190669378154
11/13/2025,FEU,Z24,23,0.180094569133
11/13/2025,FEU,Z14,23,0.114612400643
11/13/2025,FEU,Z24,24,0.104647593133
11/13/2025,FEU,Z14,24,0.104647593133
11/13/2025,FEU,Z24,3,0.085691489357
11/13/2025,FEU,Z14,3,0.085691489357
11/13/2025,FEU,Z24,4,0.080084624979
11/13/2025,FEU,Z14,4,0.080084624979
11/13/2025,FEU,Z24,5,0.079518581357
11/13/2025,FEU,Z14,5,0.079518581357
11/13/2025,FEU,Z24,6,0.081933146867
11/13/2025,FEU,Z14,6,0.081933146867
11/13/2025,FEU,Z24,7,0.097412434419
11/13/2025,FEU,Z14,7,0.097412434419
11/13/2025,FEU,Z24,8,0.104985858328
11/13/2025,FEU,Z14,8,0.104985858328
11/13/2025,FEU,Z24,9,0.138344320084
11/13/2025,FEU,Z14,9,0.138344320084
11/14/2025,FEU,Z24,1,0.084186675933
11/14/2025,FEU,Z14,1,0.084186675933
11/14/2025,FEU,Z24,10,0.121357401024
11/14/2025,FEU,Z14,10,0.121357401024
11/14/2025,FEU,Z24,11,0.098863095627
11/14/2025,FEU,Z14,11,0.164205356326
11/14/2025,FEU,Z24,12,0.170598734326
11/14/2025,FEU,Z14,12,0.170598734326
11/14/2025,FEU,Z24,13,0.17262442076
11/14/2025,FEU,Z14,13,0.17262442076
11/14/2025,FEU,Z24,14,0.165706821458
11/14/2025,FEU,Z14,14,0.165706821458
11/14/2025,FEU,Z24,15,0.170441789553
11/14/2025,FEU,Z14,15,0.105009585288
11/14/2025,FEU,Z24,16,0.109002500119
11/14/2025,FEU,Z14,16,0.109002500119
11/14/2025,FEU,Z24,17,0.113908943383
11/14/2025,FEU,Z14,17,0.113908943383
11/14/2025,FEU,Z24,18,0.133994006082
11/14/2025,FEU,Z14,18,0.133994006082
11/14/2025,FEU,Z24,19,0.140149320082
11/14/2025,FEU,Z14,19,0.205707912346
11/14/2025,FEU,Z24,2,0.085865961763
11/14/2025,FEU,Z14,2,0.085865961763
11/14/2025,FEU,Z24,20,0.209861006611
11/14/2025,FEU,Z14,20,0.209861006611
11/14/2025,FEU,Z24,21,0.206052128007
11/14/2025,FEU,Z14,21,0.206052128007
11/14/2025,FEU,Z24,22,0.197393931404
11/14/2025,FEU,Z14,22,0.197393931404
11/14/2025,FEU,Z24,23,0.190528491631
11/14/2025,FEU,Z14,23,0.1249288988
11/14/2025,FEU,Z24,24,0.117773705065
11/14/2025,FEU,Z14,24,0.117773705065
11/14/2025,FEU,Z24,3,0.079742472028
11/14/2025,FEU,Z14,3,0.079742472028
11/14/2025,FEU,Z24,4,0.073474433594
11/14/2025,FEU,Z14,4,0.073474433594
11/14/2025,FEU,Z24,5,0.070013392462
11/14/2025,FEU,Z14,5,0.070013392462
11/14/2025,FEU,Z24,6,0.075046501065
11/14/2025,FEU,Z14,6,0.075046501065
11/14/2025,FEU,Z24,7,0.081413928007
11/14/2025,FEU,Z14,7,0.081413928007
11/14/2025,FEU,Z24,8,0.102595546082
11/14/2025,FEU,Z14,8,0.102595546082
11/14/2025,FEU,Z24,9,0.140168320383
11/14/2025,FEU,Z14,9,0.140168320383
11/15/2025,FEU,Z24,1,0.091594376375
11/15/2025,FEU,Z14,1,0.091594376375
11/15/2025,FEU,Z24,10,0.095752170595
11/15/2025,FEU,Z14,10,0.095752170595
11/15/2025,FEU,Z24,11,0.087494906902
11/15/2025,FEU,Z14,11,0.087494906902
11/15/2025,FEU,Z24,12,0.081346142902
11/15/2025,FEU,Z14,12,0.081346142902
11/15/2025,FEU,Z24,13,0.087540217584
11/15/2025,FEU,Z14,13,0.087540217584
11/15/2025,FEU,Z24,14,0.088438573254
11/15/2025,FEU,Z14,14,0.088438573254
11/15/2025,FEU,Z24,15,0.095340815606
11/15/2025,FEU,Z14,15,0.095340815606
11/15/2025,FEU,Z24,16,0.102921483298
11/15/2025,FEU,Z14,16,0.102921483298
11/15/2025,FEU,Z24,17,0.108662537639
11/15/2025,FEU,Z14,17,0.108662537639
11/15/2025,FEU,Z24,18,0.11395532165
11/15/2025,FEU,Z14,18,0.11395532165
11/15/2025,FEU,Z24,19,0.12772905099
11/15/2025,FEU,Z14,19,0.12772905099
11/15/2025,FEU,Z24,2,0.089895204397
11/15/2025,FEU,Z14,2,0.089895204397
11/15/2025,FEU,Z24,20,0.116696472001
11/15/2025,FEU,Z14,20,0.116696472001
11/15/2025,FEU,Z24,21,0.105265161672
11/15/2025,FEU,Z14,21,0.105265161672
11/15/2025,FEU,Z24,22,0.101126807012
11/15/2025,FEU,Z14,22,0.101126807012
11/15/2025,FEU,Z24,23,0.097654484683
11/15/2025,FEU,Z14,23,0.097654484683
11/15/2025,FEU,Z24,24,0.096837261364
11/15/2025,FEU,Z14,24,0.096837261364
11/15/2025,FEU,Z24,3,0.090454729738
11/15/2025,FEU,Z14,3,0.090454729738
11/15/2025,FEU,Z24,4,0.087844144419
11/15/2025,FEU,Z14,4,0.087844144419
11/15/2025,FEU,Z24,5,0.088076902419
11/15/2025,FEU,Z14,5,0.088076902419
11/15/2025,FEU,Z24,6,0.088895792089
11/15/2025,FEU,Z14,6,0.088895792089
11/15/2025,FEU,Z24,7,0.088938165716
11/15/2025,FEU,Z14,7,0.088938165716
11/15/2025,FEU,Z24,8,0.089122115012
11/15/2025,FEU,Z14,8,0.089122115012
11/15/2025,FEU,Z24,9,0.106595505979
11/15/2025,FEU,Z14,9,0.106595505979
11/16/2025,FEU,Z24,1,0.097739070145
11/16/2025,FEU,Z14,1,0.097739070145
11/16/2025,FEU,Z24,10,0.080126586327
11/16/2025,FEU,Z14,10,0.080126586327
11/16/2025,FEU,Z24,11,0.063337440862
11/16/2025,FEU,Z14,11,0.063337440862
11/16/2025,FEU,Z24,12,0.059193107819
11/16/2025,FEU,Z14,12,0.059193107819
11/16/2025,FEU,Z24,13,0.062515797086
11/16/2025,FEU,Z14,13,0.062515797086
11/16/2025,FEU,Z24,14,0.061731269931
11/16/2025,FEU,Z14,14,0.061731269931
11/16/2025,FEU,Z24,15,0.061528461664
11/16/2025,FEU,Z14,15,0.061528461664
11/16/2025,FEU,Z24,16,0.065824424862
11/16/2025,FEU,Z14,16,0.065824424862
11/16/2025,FEU,Z24,17,0.084764225904
11/16/2025,FEU,Z14,17,0.084764225904
11/16/2025,FEU,Z24,18,0.120150299792
11/16/2025,FEU,Z14,18,0.120150299792
11/16/2025,FEU,Z24,19,0.134496910637
11/16/2025,FEU,Z14,19,0.134496910637
11/16/2025,FEU,Z24,2,0.09276463961
11/16/2025,FEU,Z14,2,0.09276463961
11/16/2025,FEU,Z24,20,0.144595970102
11/16/2025,FEU,Z14,20,0.144595970102
11/16/2025,FEU,Z24,21,0.153592964947
11/16/2025,FEU,Z14,21,0.153592964947
11/16/2025,FEU,Z24,22,0.15720702937
11/16/2025,FEU,Z14,22,0.15720702937
11/16/2025,FEU,Z24,23,0.13882485768
11/16/2025,FEU,Z14,23,0.13882485768
11/16/2025,FEU,Z24,24,0.123491975567
11/16/2025,FEU,Z14,24,0.123491975567
11/16/2025,FEU,Z24,3,0.091730923075
11/16/2025,FEU,Z14,3,0.091730923075
11/16/2025,FEU,Z24,4,0.089703298808
11/16/2025,FEU,Z14,4,0.089703298808
11/16/2025,FEU,Z24,5,0.088533684385
11/16/2025,FEU,Z14,5,0.088533684385
11/16/2025,FEU,Z24,6,0.088407545653
11/16/2025,FEU,Z14,6,0.088407545653
11/16/2025,FEU,Z24,7,0.088060293032
11/16/2025,FEU,Z14,7,0.088060293032
11/16/2025,FEU,Z24,8,0.095635955567
11/16/2025,FEU,Z14,8,0.095635955567
11/16/2025,FEU,Z24,9,0.094844906102
11/16/2025,FEU,Z14,9,0.094844906102
11/17/2025,FEU,Z24,1,0.122830990575
11/17/2025,FEU,Z14,1,0.122830990575
11/17/2025,FEU,Z24,10,0.14640445226
11/17/2025,FEU,Z14,10,0.14640445226
11/17/2025,FEU,Z24,11,0.128615750674
11/17/2025,FEU,Z14,11,0.194123637467
11/17/2025,FEU,Z24,12,0.18415724757
11/17/2025,FEU,Z14,12,0.18415724757
11/17/2025,FEU,Z24,13,0.17762502257
11/17/2025,FEU,Z14,13,0.17762502257
11/17/2025,FEU,Z24,14,0.162546396019
11/17/2025,FEU,Z14,14,0.162546396019
11/17/2025,FEU,Z24,15,0.161225586157
11/17/2025,FEU,Z14,15,0.095829793364
11/17/2025,FEU,Z24,16,0.106862380502
11/17/2025,FEU,Z14,16,0.106862380502
11/17/2025,FEU,Z24,17,0.130458780951
11/17/2025,FEU,Z14,17,0.130458780951
11/17/2025,FEU,Z24,18,0.158754880089
11/17/2025,FEU,Z14,18,0.158754880089
11/17/2025,FEU,Z24,19,0.178646222537
11/17/2025,FEU,Z14,19,0.244334362331
11/17/2025,FEU,Z24,2,0.117629664713
11/17/2025,FEU,Z14,2,0.117629664713
11/17/2025,FEU,Z24,20,0.243359544573
11/17/2025,FEU,Z14,20,0.243359544573
11/17/2025,FEU,Z24,21,0.236139684366
11/17/2025,FEU,Z14,21,0.236139684366
11/17/2025,FEU,Z24,22,0.224317624711
11/17/2025,FEU,Z14,22,0.224317624711
11/17/2025,FEU,Z24,23,0.217622333091
11/17/2025,FEU,Z14,23,0.151911770849
11/17/2025,FEU,Z24,24,0.145074363988
11/17/2025,FEU,Z14,24,0.145074363988
11/17/2025,FEU,Z24,3,0.115503972507
11/17/2025,FEU,Z14,3,0.115503972507
11/17/2025,FEU,Z24,4,0.114526431955
11/17/2025,FEU,Z14,4,0.114526431955
11/17/2025,FEU,Z24,5,0.114820997058
11/17/2025,FEU,Z14,5,0.114820997058
11/17/2025,FEU,Z24,6,0.121249738023
11/17/2025,FEU,Z14,6,0.121249738023
11/17/2025,FEU,Z24,7,0.135956566159
11/17/2025,FEU,Z14,7,0.135956566159
11/17/2025,FEU,Z24,8,0.165330568986
11/17/2025,FEU,Z14,8,0.165330568986
11/17/2025,FEU,Z24,9,0.206296936641
11/17/2025,FEU,Z14,9,0.206296936641
11/18/2025,FEU,Z24,1,0.121091859634
11/18/2025,FEU,Z14,1,0.121091859634
11/18/2025,FEU,Z24,10,0.13968051674
11/18/2025,FEU,Z14,10,0.13968051674
11/18/2025,FEU,Z24,11,0.103135324812
11/18/2025,FEU,Z14,11,0.168485540969
11/18/2025,FEU,Z24,12,0.139294250198
11/18/2025,FEU,Z14,12,0.139294250198
11/18/2025,FEU,Z24,13,0.134840036812
11/18/2025,FEU,Z14,13,0.134840036812
11/18/2025,FEU,Z24,14,0.143349310969
11/18/2025,FEU,Z14,14,0.143349310969
11/18/2025,FEU,Z24,15,0.150113043439
11/18/2025,FEU,Z14,15,0.084804745282
11/18/2025,FEU,Z24,16,0.11050147621
11/18/2025,FEU,Z14,16,0.11050147621
11/18/2025,FEU,Z24,17,0.145803554138
11/18/2025,FEU,Z14,17,0.145803554138
11/18/2025,FEU,Z24,18,0.173890524223
11/18/2025,FEU,Z14,18,0.173890524223
11/18/2025,FEU,Z24,19,0.201802759223
11/18/2025,FEU,Z14,19,0.267572651766
11/18/2025,FEU,Z24,2,0.119157326562
11/18/2025,FEU,Z14,2,0.119157326562
11/18/2025,FEU,Z24,20,0.268754550308
11/18/2025,FEU,Z14,20,0.268754550308
11/18/2025,FEU,Z24,21,0.270726090236
11/18/2025,FEU,Z14,21,0.270726090236
11/18/2025,FEU,Z24,22,0.271551892393
11/18/2025,FEU,Z14,22,0.271551892393
11/18/2025,FEU,Z24,23,0.250056299634
11/18/2025,FEU,Z14,23,0.184208867706
11/18/2025,FEU,Z24,24,0.165249974406
11/18/2025,FEU,Z14,24,0.165249974406
11/18/2025,FEU,Z24,3,0.116682462719
11/18/2025,FEU,Z14,3,0.116682462719
11/18/2025,FEU,Z24,4,0.111265814105
11/18/2025,FEU,Z14,4,0.111265814105
11/18/2025,FEU,Z24,5,0.110310484876
11/18/2025,FEU,Z14,5,0.110310484876
11/18/2025,FEU,Z24,6,0.109540121177
11/18/2025,FEU,Z14,6,0.109540121177
11/18/2025,FEU,Z24,7,0.130576566236
11/18/2025,FEU,Z14,7,0.130576566236
11/18/2025,FEU,Z24,8,0.144749029452
11/18/2025,FEU,Z14,8,0.144749029452
11/18/2025,FEU,Z24,9,0.17009202191
11/18/2025,FEU,Z14,9,0.17009202191
11/19/2025,FEU,Z24,1,0.146885683375
11/19/2025,FEU,Z14,1,0.146885683375
11/19/2025,FEU,Z24,10,0.155486974874
11/19/2025,FEU,Z14,10,0.155486974874
11/19/2025,FEU,Z24,11,0.145605118874
11/19/2025,FEU,Z14,11,0.211073528767
11/19/2025,FEU,Z24,12,0.192195053767
11/19/2025,FEU,Z14,12,0.192195053767
11/19/2025,FEU,Z24,13,0.189263663767
11/19/2025,FEU,Z14,13,0.189263663767
11/19/2025,FEU,Z24,14,0.183761616065
11/19/2025,FEU,Z14,14,0.183761616065
11/19/2025,FEU,Z24,15,0.186694646744
11/19/2025,FEU,Z14,15,0.121204411553
11/19/2025,FEU,Z24,16,0.135797495041
11/19/2025,FEU,Z14,16,0.135797495041
11/19/2025,FEU,Z24,17,0.142777931744
11/19/2025,FEU,Z14,17,0.142777931744
11/19/2025,FEU,Z24,18,0.167144291637
11/19/2025,FEU,Z14,18,0.167144291637
11/19/2025,FEU,Z24,19,0.174726366339
11/19/2025,FEU,Z14,19,0.240403860529
11/19/2025,FEU,Z24,2,0.134072757161
11/19/2025,FEU,Z14,2,0.134072757161
11/19/2025,FEU,Z24,20,0.246647094018
11/19/2025,FEU,Z14,20,0.246647094018
11/19/2025,FEU,Z24,21,0.252254946613
11/19/2025,FEU,Z14,21,0.252254946613
11/19/2025,FEU,Z24,22,0.233705462506
11/19/2025,FEU,Z14,22,0.233705462506
11/19/2025,FEU,Z24,23,0.22474645878
11/19/2025,FEU,Z14,23,0.159005192292
11/19/2025,FEU,Z24,24,0.150872885673
11/19/2025,FEU,Z14,24,0.150872885673
11/19/2025,FEU,Z24,3,0.126963508054
11/19/2025,FEU,Z14,3,0.126963508054
11/19/2025,FEU,Z24,4,0.123395091756
11/19/2025,FEU,Z14,4,0.123395091756
11/19/2025,FEU,Z24,5,0.122099929459
11/19/2025,FEU,Z14,5,0.122099929459
11/19/2025,FEU,Z24,6,0.123639165673
11/19/2025,FEU,Z14,6,0.123639165673
11/19/2025,FEU,Z24,7,0.142348613911
11/19/2025,FEU,Z14,7,0.142348613911
11/19/2025,FEU,Z24,8,0.148406048339
11/19/2025,FEU,Z14,8,0.148406048339
11/19/2025,FEU,Z24,9,0.177479786744
11/19/2025,FEU,Z14,9,0.177479786744
11/20/2025,FEU,Z24,1,0.121940118558
11/20/2025,FEU,Z14,1,0.121940118558
11/20/2025,FEU,Z24,10,0.151626509674
11/20/2025,FEU,Z14,10,0.151626509674
11/20/2025,FEU,Z24,11,0.130535217845
11/20/2025,FEU,Z14,11,0.19605427295
11/20/2025,FEU,Z24,12,0.187770200674
11/20/2025,FEU,Z14,12,0.187770200674
11/20/2025,FEU,Z24,13,0.181917572674
11/20/2025,FEU,Z14,13,0.181917572674
11/20/2025,FEU,Z24,14,0.16931840095
11/20/2025,FEU,Z14,14,0.16931840095
11/20/2025,FEU,Z24,15,0.157599080608
11/20/2025,FEU,Z14,15,0.092211351503
11/20/2025,FEU,Z24,16,0.103868437161
11/20/2025,FEU,Z14,16,0.103868437161
11/20/2025,FEU,Z24,17,0.137724409714
11/20/2025,FEU,Z14,17,0.137724409714
11/20/2025,FEU,Z24,18,0.164625961096
11/20/2025,FEU,Z14,18,0.164625961096
11/20/2025,FEU,Z24,19,0.182118877096
11/20/2025,FEU,Z14,19,0.247954618478
11/20/2025,FEU,Z24,2,0.115019530217
11/20/2025,FEU,Z14,2,0.115019530217
11/20/2025,FEU,Z24,20,0.256819671583
11/20/2025,FEU,Z14,20,0.256819671583
11/20/2025,FEU,Z24,21,0.256825506689
11/20/2025,FEU,Z14,21,0.256825506689
11/20/2025,FEU,Z24,22,0.235370493795
11/20/2025,FEU,Z14,22,0.235370493795
11/20/2025,FEU,Z24,23,0.232359118006
11/20/2025,FEU,Z14,23,0.1667018589
11/20/2025,FEU,Z24,24,0.149783962006
11/20/2025,FEU,Z14,24,0.149783962006
11/20/2025,FEU,Z24,3,0.114081392769
11/20/2025,FEU,Z14,3,0.114081392769
11/20/2025,FEU,Z24,4,0.109194598046
11/20/2025,FEU,Z14,4,0.109194598046
11/20/2025,FEU,Z24,5,0.109974548769
11/20/2025,FEU,Z14,5,0.109974548769
11/20/2025,FEU,Z24,6,0.120144331664
11/20/2025,FEU,Z14,6,0.120144331664
11/20/2025,FEU,Z24,7,0.132088686136
11/20/2025,FEU,Z14,7,0.132088686136
11/20/2025,FEU,Z24,8,0.149694391543
11/20/2025,FEU,Z14,8,0.149694391543
11/20/2025,FEU,Z24,9,0.18680791699
11/20/2025,FEU,Z14,9,0.18680791699
11/21/2025,FEU,Z24,1,0.121503845732
11/21/2025,FEU,Z14,1,0.121503845732
11/21/2025,FEU,Z24,10,0.095677798737
11/21/2025,FEU,Z14,10,0.095677798737
11/21/2025,FEU,Z24,11,0.068543561874
11/21/2025,FEU,Z14,11,0.133807460306
11/21/2025,FEU,Z24,12,0.134203175306
11/21/2025,FEU,Z14,12,0.134203175306
11/21/2025,FEU,Z24,13,0.134074024829
11/21/2025,FEU,Z14,13,0.134074024829
11/21/2025,FEU,Z24,14,0.13202378426
11/21/2025,FEU,Z14,14,0.13202378426
11/21/2025,FEU,Z24,15,0.133427374555
11/21/2025,FEU,Z14,15,0.068123026646
11/21/2025,FEU,Z24,16,0.080779588032
11/21/2025,FEU,Z14,16,0.080779588032
11/21/2025,FEU,Z24,17,0.10880326994
11/21/2025,FEU,Z14,17,0.10880326994
11/21/2025,FEU,Z24,18,0.161558142372
11/21/2025,FEU,Z14,18,0.161558142372
11/21/2025,FEU,Z24,19,0.193412096372
11/21/2025,FEU,Z14,19,0.259153408281
11/21/2025,FEU,Z24,2,0.113272597118
11/21/2025,FEU,Z14,2,0.113272597118
11/21/2025,FEU,Z24,20,0.294633094189
11/21/2025,FEU,Z14,20,0.294633094189
11/21/2025,FEU,Z24,21,0.285244183052
11/21/2025,FEU,Z14,21,0.285244183052
11/21/2025,FEU,Z24,22,0.252497757915
11/21/2025,FEU,Z14,22,0.252497757915
11/21/2025,FEU,Z24,23,0.243360374164
11/21/2025,FEU,Z14,23,0.177540096778
11/21/2025,FEU,Z24,24,0.172250202687
11/21/2025,FEU,Z14,24,0.172250202687
11/21/2025,FEU,Z24,3,0.112370131027
11/21/2025,FEU,Z14,3,0.112370131027
11/21/2025,FEU,Z24,4,0.105823398504
11/21/2025,FEU,Z14,4,0.105823398504
11/21/2025,FEU,Z24,5,0.10543261955
11/21/2025,FEU,Z14,5,0.10543261955
11/21/2025,FEU,Z24,6,0.098850382687
11/21/2025,FEU,Z14,6,0.098850382687
11/21/2025,FEU,Z24,7,0.106468763052
11/21/2025,FEU,Z14,7,0.106468763052
11/21/2025,FEU,Z24,8,0.124903354372
11/21/2025,FEU,Z14,8,0.124903354372
11/21/2025,FEU,Z24,9,0.15287864394
11/21/2025,FEU,Z14,9,0.15287864394
11/22/2025,FEU,Z24,1,0.140284754819
11/22/2025,FEU,Z14,1,0.140284754819
11/22/2025,FEU,Z24,10,0.081769667485
11/22/2025,FEU,Z14,10,0.081769667485
11/22/2025,FEU,Z24,11,0.046920707312
11/22/2025,FEU,Z14,11,0.046920707312
11/22/2025,FEU,Z24,12,0.045934639312
11/22/2025,FEU,Z14,12,0.045934639312
11/22/2025,FEU,Z24,13,0.04634306284
11/22/2025,FEU,Z14,13,0.04634306284
11/22/2025,FEU,Z24,14,0.046792587721
11/22/2025,FEU,Z14,14,0.046792587721
11/22/2025,FEU,Z24,15,0.04556102413
11/22/2025,FEU,Z14,15,0.04556102413
11/22/2025,FEU,Z24,16,0.048805376302
11/22/2025,FEU,Z14,16,0.048805376302
11/22/2025,FEU,Z24,17,0.091326836066
11/22/2025,FEU,Z14,17,0.091326836066
11/22/2025,FEU,Z24,18,0.139819738711
11/22/2025,FEU,Z14,18,0.139819738711
11/22/2025,FEU,Z24,19,0.153493420475
11/22/2025,FEU,Z14,19,0.153493420475
11/22/2025,FEU,Z24,2,0.13113105811
11/22/2025,FEU,Z14,2,0.13113105811
11/22/2025,FEU,Z24,20,0.15977330112
11/22/2025,FEU,Z14,20,0.15977330112
11/22/2025,FEU,Z24,21,0.145420772002
11/22/2025,FEU,Z14,21,0.145420772002
11/22/2025,FEU,Z24,22,0.142627569765
11/22/2025,FEU,Z14,22,0.142627569765
11/22/2025,FEU,Z24,23,0.138334412647
11/22/2025,FEU,Z14,23,0.138334412647
11/22/2025,FEU,Z24,24,0.131390805174
11/22/2025,FEU,Z14,24,0.131390805174
11/22/2025,FEU,Z24,3,0.128342023873
11/22/2025,FEU,Z14,3,0.128342023873
11/22/2025,FEU,Z24,4,0.1200783674
11/22/2025,FEU,Z14,4,0.1200783674
11/22/2025,FEU,Z24,5,0.1170669854
11/22/2025,FEU,Z14,5,0.1170669854
11/22/2025,FEU,Z24,6,0.117137433282
11/22/2025,FEU,Z14,6,0.117137433282
11/22/2025,FEU,Z24,7,0.123090198583
11/22/2025,FEU,Z14,7,0.123090198583
11/22/2025,FEU,Z24,8,0.130924121765
11/22/2025,FEU,Z14,8,0.130924121765
11/22/2025,FEU,Z24,9,0.127981844829
11/22/2025,FEU,Z14,9,0.127981844829
11/23/2025,FEU,Z24,1,0.130524115725
11/23/2025,FEU,Z14,1,0.130524115725
11/23/2025,FEU,Z24,10,0.07379269777
11/23/2025,FEU,Z14,10,0.07379269777
11/23/2025,FEU,Z24,11,0.061128437197
11/23/2025,FEU,Z14,11,0.061128437197
11/23/2025,FEU,Z24,12,0.059184002862
11/23/2025,FEU,Z14,12,0.059184002862
11/23/2025,FEU,Z24,13,0.059287975576
11/23/2025,FEU,Z14,13,0.059287975576
11/23/2025,FEU,Z24,14,0.058437084051
11/23/2025,FEU,Z14,14,0.058437084051
11/23/2025,FEU,Z24,15,0.058025720338
11/23/2025,FEU,Z14,15,0.058025720338
11/23/2025,FEU,Z24,16,0.059534517197
11/23/2025,FEU,Z14,16,0.059534517197
11/23/2025,FEU,Z24,17,0.074079166532
11/23/2025,FEU,Z14,17,0.074079166532
11/23/2025,FEU,Z24,18,0.116596150342
11/23/2025,FEU,Z14,18,0.116596150342
11/23/2025,FEU,Z24,19,0.123868584818
11/23/2025,FEU,Z14,19,0.123868584818
11/23/2025,FEU,Z24,2,0.119471498298
11/23/2025,FEU,Z14,2,0.119471498298
11/23/2025,FEU,Z24,20,0.130971017391
11/23/2025,FEU,Z14,20,0.130971017391
11/23/2025,FEU,Z24,21,0.136342813866
11/23/2025,FEU,Z14,21,0.136342813866
11/23/2025,FEU,Z24,22,0.124777353104
11/23/2025,FEU,Z14,22,0.124777353104
11/23/2025,FEU,Z24,23,0.117148418153
11/23/2025,FEU,Z14,23,0.117148418153
11/23/2025,FEU,Z24,24,0.093785475963
11/23/2025,FEU,Z14,24,0.093785475963
11/23/2025,FEU,Z24,3,0.099797526871
11/23/2025,FEU,Z14,3,0.099797526871
11/23/2025,FEU,Z24,4,0.098060992157
11/23/2025,FEU,Z14,4,0.098060992157
11/23/2025,FEU,Z24,5,0.092962534919
11/23/2025,FEU,Z14,5,0.092962534919
11/23/2025,FEU,Z24,6,0.100736616633
11/23/2025,FEU,Z14,6,0.100736616633
11/23/2025,FEU,Z24,7,0.104974514536
11/23/2025,FEU,Z14,7,0.104974514536
11/23/2025,FEU,Z24,8,0.121616421963
11/23/2025,FEU,Z14,8,0.121616421963
11/23/2025,FEU,Z24,9,0.118198829391
11/23/2025,FEU,Z14,9,0.118198829391
11/24/2025,FEU,Z24,1,0.084431048401
11/24/2025,FEU,Z14,1,0.084431048401
11/24/2025,FEU,Z24,10,0.129453351402
11/24/2025,FEU,Z14,10,0.129453351402
11/24/2025,FEU,Z24,11,0.119057671941
11/24/2025,FEU,Z14,11,0.184530849171
11/24/2025,FEU,Z24,12,0.177002446556
11/24/2025,FEU,Z14,12,0.177002446556
11/24/2025,FEU,Z24,13,0.173238287556
11/24/2025,FEU,Z14,13,0.173238287556
11/24/2025,FEU,Z24,14,0.176821806364
11/24/2025,FEU,Z14,14,0.176821806364
11/24/2025,FEU,Z24,15,0.181782758017
11/24/2025,FEU,Z14,15,0.116315399787
11/24/2025,FEU,Z24,16,0.12481901844
11/24/2025,FEU,Z14,16,0.12481901844
11/24/2025,FEU,Z24,17,0.135987830248
11/24/2025,FEU,Z14,17,0.135987830248
11/24/2025,FEU,Z24,18,0.141247416902
11/24/2025,FEU,Z14,18,0.141247416902
11/24/2025,FEU,Z24,19,0.15298970071
11/24/2025,FEU,Z14,19,0.21859061094
11/24/2025,FEU,Z24,2,0.067789736055
11/24/2025,FEU,Z14,2,0.067789736055
11/24/2025,FEU,Z24,20,0.221958324979
11/24/2025,FEU,Z14,20,0.221958324979
11/24/2025,FEU,Z24,21,0.229981302209
11/24/2025,FEU,Z14,21,0.229981302209
11/24/2025,FEU,Z24,22,0.221920498632
11/24/2025,FEU,Z14,22,0.221920498632
11/24/2025,FEU,Z24,23,0.215212657324
11/24/2025,FEU,Z14,23,0.149512228286
11/24/2025,FEU,Z24,24,0.14348242494
11/24/2025,FEU,Z14,24,0.14348242494
11/24/2025,FEU,Z24,3,0.061260107286
11/24/2025,FEU,Z14,3,0.061260107286
11/24/2025,FEU,Z24,4,0.061247711093
11/24/2025,FEU,Z14,4,0.061247711093
11/24/2025,FEU,Z24,5,0.060782758478
11/24/2025,FEU,Z14,5,0.060782758478
11/24/2025,FEU,Z24,6,0.059280969209
11/24/2025,FEU,Z14,6,0.059280969209
11/24/2025,FEU,Z24,7,0.07243216144
11/24/2025,FEU,Z14,7,0.07243216144
11/24/2025,FEU,Z24,8,0.100226450517
11/24/2025,FEU,Z14,8,0.100226450517
11/24/2025,FEU,Z24,9,0.142796902094
11/24/2025,FEU,Z14,9,0.142796902094
11/25/2025,FEU,Z24,1,0.097098242639
11/25/2025,FEU,Z14,1,0.097098242639
11/25/2025,FEU,Z24,10,0.132130003537
11/25/2025,FEU,Z14,10,0.132130003537
11/25/2025,FEU,Z24,11,0.087333200976
11/25/2025,FEU,Z14,11,0.152642900513
11/25/2025,FEU,Z24,12,0.142709116488
11/25/2025,FEU,Z14,12,0.142709116488
11/25/2025,FEU,Z24,13,0.140735020976
11/25/2025,FEU,Z14,13,0.140735020976
11/25/2025,FEU,Z24,14,0.138047228513
11/25/2025,FEU,Z14,14,0.138047228513
11/25/2025,FEU,Z24,15,0.138091089123
11/25/2025,FEU,Z14,15,0.072814152586
11/25/2025,FEU,Z24,16,0.075722742148
11/25/2025,FEU,Z14,16,0.075722742148
11/25/2025,FEU,Z24,17,0.100125340709
11/25/2025,FEU,Z14,17,0.100125340709
11/25/2025,FEU,Z24,18,0.164053411807
11/25/2025,FEU,Z14,18,0.164053411807
11/25/2025,FEU,Z24,19,0.181499286807
11/25/2025,FEU,Z14,19,0.247199467856
11/25/2025,FEU,Z24,2,0.0949050612
11/25/2025,FEU,Z14,2,0.0949050612
11/25/2025,FEU,Z24,20,0.250276429905
11/25/2025,FEU,Z14,20,0.250276429905
11/25/2025,FEU,Z24,21,0.244634717467
11/25/2025,FEU,Z14,21,0.244634717467
11/25/2025,FEU,Z24,22,0.233235678004
11/25/2025,FEU,Z14,22,0.233235678004
11/25/2025,FEU,Z24,23,0.233167002639
11/25/2025,FEU,Z14,23,0.167390415077
11/25/2025,FEU,Z24,24,0.156840783663
11/25/2025,FEU,Z14,24,0.156840783663
11/25/2025,FEU,Z24,3,0.085547414737
11/25/2025,FEU,Z14,3,0.085547414737
11/25/2025,FEU,Z24,4,0.073532948249
11/25/2025,FEU,Z14,4,0.073532948249
11/25/2025,FEU,Z24,5,0.068167141274
11/25/2025,FEU,Z14,5,0.068167141274
11/25/2025,FEU,Z24,6,0.083596640688
11/25/2025,FEU,Z14,6,0.083596640688
11/25/2025,FEU,Z24,7,0.113657101467
11/25/2025,FEU,Z14,7,0.113657101467
11/25/2025,FEU,Z24,8,0.128199686783
11/25/2025,FEU,Z14,8,0.128199686783
11/25/2025,FEU,Z24,9,0.159141936734
11/25/2025,FEU,Z14,9,0.159141936734
11/26/2025,FEU,Z24,1,0.123818991506
11/26/2025,FEU,Z14,1,0.123818991506
11/26/2025,FEU,Z24,10,0.134413626177
11/26/2025,FEU,Z14,10,0.134413626177
11/26/2025,FEU,Z24,11,0.098426298177
11/26/2025,FEU,Z14,11,0.163773001557
11/26/2025,FEU,Z24,12,0.133825006557
11/26/2025,FEU,Z14,12,0.133825006557
11/26/2025,FEU,Z24,13,0.132288856557
11/26/2025,FEU,Z14,13,0.132288856557
11/26/2025,FEU,Z24,14,0.129682968018
11/26/2025,FEU,Z14,14,0.129682968018
11/26/2025,FEU,Z24,15,0.13031466116
11/26/2025,FEU,Z14,15,0.065018005319
11/26/2025,FEU,Z24,16,0.07968859862
11/26/2025,FEU,Z14,16,0.07968859862
11/26/2025,FEU,Z24,17,0.13376684616
11/26/2025,FEU,Z14,17,0.13376684616
11/26/2025,FEU,Z24,18,0.16810691354
11/26/2025,FEU,Z14,18,0.16810691354
11/26/2025,FEU,Z24,19,0.19694273508
11/26/2025,FEU,Z14,19,0.262696377921
11/26/2025,FEU,Z24,2,0.115751352267
11/26/2025,FEU,Z14,2,0.115751352267
11/26/2025,FEU,Z24,20,0.286190285222
11/26/2025,FEU,Z14,20,0.286190285222
11/26/2025,FEU,Z24,21,0.268581040142
11/26/2025,FEU,Z14,21,0.268581040142
11/26/2025,FEU,Z24,22,0.243454809523
11/26/2025,FEU,Z14,22,0.243454809523
11/26/2025,FEU,Z24,23,0.231923684586
11/26/2025,FEU,Z14,23,0.166152312284
11/26/2025,FEU,Z24,24,0.157752694966
11/26/2025,FEU,Z14,24,0.157752694966
11/26/2025,FEU,Z24,3,0.110379145648
11/26/2025,FEU,Z14,3,0.110379145648
11/26/2025,FEU,Z24,4,0.108239269188
11/26/2025,FEU,Z14,4,0.108239269188
11/26/2025,FEU,Z24,5,0.107554813728
11/26/2025,FEU,Z14,5,0.107554813728
11/26/2025,FEU,Z24,6,0.117781469966
11/26/2025,FEU,Z14,6,0.117781469966
11/26/2025,FEU,Z24,7,0.124838297603
11/26/2025,FEU,Z14,7,0.124838297603
11/26/2025,FEU,Z24,8,0.13946235008
11/26/2025,FEU,Z14,8,0.13946235008
11/26/2025,FEU,Z24,9,0.17448942116
11/26/2025,FEU,Z14,9,0.17448942116
11/27/2025,FEU,Z24,1,0.128208993193
11/27/2025,FEU,Z14,1,0.128208993193
11/27/2025,FEU,Z24,10,0.141247819348
11/27/2025,FEU,Z14,10,0.141247819348
11/27/2025,FEU,Z24,11,0.112232431917
11/27/2025,FEU,Z14,11,0.177687825158
11/27/2025,FEU,Z24,12,0.169619137348
11/27/2025,FEU,Z14,12,0.169619137348
11/27/2025,FEU,Z24,13,0.170368587348
11/27/2025,FEU,Z14,13,0.170368587348
11/27/2025,FEU,Z24,14,0.173656903158
11/27/2025,FEU,Z14,14,0.173656903158
11/27/2025,FEU,Z24,15,0.17803658002
11/27/2025,FEU,Z14,15,0.112577220779
11/27/2025,FEU,Z24,16,0.121732483641
11/27/2025,FEU,Z14,16,0.121732483641
11/27/2025,FEU,Z24,17,0.140376623262
11/27/2025,FEU,Z14,17,0.140376623262
11/27/2025,FEU,Z24,18,0.162755016313
11/27/2025,FEU,Z14,18,0.162755016313
11/27/2025,FEU,Z24,19,0.185018621313
11/27/2025,FEU,Z14,19,0.250866765365
11/27/2025,FEU,Z24,2,0.122517046055
11/27/2025,FEU,Z14,2,0.122517046055
11/27/2025,FEU,Z24,20,0.259778258607
11/27/2025,FEU,Z14,20,0.259778258607
11/27/2025,FEU,Z24,21,0.290489497848
11/27/2025,FEU,Z14,21,0.290489497848
11/27/2025,FEU,Z24,22,0.29956337709
11/27/2025,FEU,Z14,22,0.29956337709
11/27/2025,FEU,Z24,23,0.252364031573
11/27/2025,FEU,Z14,23,0.186639754331
11/27/2025,FEU,Z24,24,0.165329285573
11/27/2025,FEU,Z14,24,0.165329285573
11/27/2025,FEU,Z24,3,0.115442555676
11/27/2025,FEU,Z14,3,0.115442555676
11/27/2025,FEU,Z24,4,0.106482786487
11/27/2025,FEU,Z14,4,0.106482786487
11/27/2025,FEU,Z24,5,0.104270639676
11/27/2025,FEU,Z14,5,0.104270639676
11/27/2025,FEU,Z24,6,0.105712572435
11/27/2025,FEU,Z14,6,0.105712572435
11/27/2025,FEU,Z24,7,0.114817656227
11/27/2025,FEU,Z14,7,0.114817656227
11/27/2025,FEU,Z24,8,0.135078339693
11/27/2025,FEU,Z14,8,0.135078339693
11/27/2025,FEU,Z24,9,0.166693649072
11/27/2025,FEU,Z14,9,0.166693649072
11/28/2025,FEU,Z24,1,0.123388299997
11/28/2025,FEU,Z14,1,0.123388299997
11/28/2025,FEU,Z24,10,0.163843209126
11/28/2025,FEU,Z14,10,0.163843209126
11/28/2025,FEU,Z24,11,0.138548662643
11/28/2025,FEU,Z14,11,0.203996140885
11/28/2025,FEU,Z24,12,0.194947457885
11/28/2025,FEU,Z14,12,0.194947457885
11/28/2025,FEU,Z24,13,0.194207246138
11/28/2025,FEU,Z14,13,0.194207246138
11/28/2025,FEU,Z24,14,0.186739474379
11/28/2025,FEU,Z14,14,0.186739474379
11/28/2025,FEU,Z24,15,0.184608971102
11/28/2025,FEU,Z14,15,0.119127830114
11/28/2025,FEU,Z24,16,0.125251889849
11/28/2025,FEU,Z14,16,0.125251889849
11/28/2025,FEU,Z24,17,0.138172822838
11/28/2025,FEU,Z14,17,0.138172822838
11/28/2025,FEU,Z24,18,0.165932123079
11/28/2025,FEU,Z14,18,0.165932123079
11/28/2025,FEU,Z24,19,0.184955413079
11/28/2025,FEU,Z14,19,0.250666544067
11/28/2025,FEU,Z24,2,0.120411766732
11/28/2025,FEU,Z14,2,0.120411766732
11/28/2025,FEU,Z24,20,0.260825733055
11/28/2025,FEU,Z14,20,0.260825733055
11/28/2025,FEU,Z24,21,0.276289481538
11/28/2025,FEU,Z14,21,0.276289481538
11/28/2025,FEU,Z24,22,0.25331048802
11/28/2025,FEU,Z14,22,0.25331048802
11/28/2025,FEU,Z24,23,0.233024602238
11/28/2025,FEU,Z14,23,0.167248690503
11/28/2025,FEU,Z24,24,0.156689369491
11/28/2025,FEU,Z14,24,0.156689369491
11/28/2025,FEU,Z24,3,0.12535924672
11/28/2025,FEU,Z14,3,0.12535924672
11/28/2025,FEU,Z24,4,0.120669043467
11/28/2025,FEU,Z14,4,0.120669043467
11/28/2025,FEU,Z24,5,0.120400247973
11/28/2025,FEU,Z14,5,0.120400247973
11/28/2025,FEU,Z24,6,0.122679809491
11/28/2025,FEU,Z14,6,0.122679809491
11/28/2025,FEU,Z24,7,0.127714981538
11/28/2025,FEU,Z14,7,0.127714981538
11/28/2025,FEU,Z24,8,0.174876097079
11/28/2025,FEU,Z14,8,0.174876097079
11/28/2025,FEU,Z24,9,0.207422494838
11/28/2025,FEU,Z14,9,0.207422494838
11/29/2025,FEU,Z24,1,0.143574605254
11/29/2025,FEU,Z14,1,0.143574605254
11/29/2025,FEU,Z24,10,0.118931377042
11/29/2025,FEU,Z14,10,0.118931377042
11/29/2025,FEU,Z24,11,0.098916799639
11/29/2025,FEU,Z14,11,0.098916799639
11/29/2025,FEU,Z24,12,0.084892207639
11/29/2025,FEU,Z14,12,0.084892207639
11/29/2025,FEU,Z24,13,0.085175592441
11/29/2025,FEU,Z14,13,0.085175592441
11/29/2025,FEU,Z24,14,0.078822625641
11/29/2025,FEU,Z14,14,0.078822625641
11/29/2025,FEU,Z24,15,0.082487449643
11/29/2025,FEU,Z14,15,0.082487449643
11/29/2025,FEU,Z24,16,0.095016085046
11/29/2025,FEU,Z14,16,0.095016085046
11/29/2025,FEU,Z24,17,0.114581635447
11/29/2025,FEU,Z14,17,0.114581635447
11/29/2025,FEU,Z24,18,0.146641912048
11/29/2025,FEU,Z14,18,0.146641912048
11/29/2025,FEU,Z24,19,0.138943216449
11/29/2025,FEU,Z14,19,0.138943216449
11/29/2025,FEU,Z24,2,0.139395840456
11/29/2025,FEU,Z14,2,0.139395840456
11/29/2025,FEU,Z24,20,0.14157085705
11/29/2025,FEU,Z14,20,0.14157085705
11/29/2025,FEU,Z24,21,0.14166431725
11/29/2025,FEU,Z14,21,0.14166431725
11/29/2025,FEU,Z24,22,0.138575385651
11/29/2025,FEU,Z14,22,0.138575385651
11/29/2025,FEU,Z24,23,0.126036283851
11/29/2025,FEU,Z14,23,0.126036283851
11/29/2025,FEU,Z24,24,0.120393490653
11/29/2025,FEU,Z14,24,0.120393490653
11/29/2025,FEU,Z24,3,0.138536568857
11/29/2025,FEU,Z14,3,0.138536568857
11/29/2025,FEU,Z24,4,0.133257919658
11/29/2025,FEU,Z14,4,0.133257919658
11/29/2025,FEU,Z24,5,0.123952423658
11/29/2025,FEU,Z14,5,0.123952423658
11/29/2025,FEU,Z24,6,0.122546384859
11/29/2025,FEU,Z14,6,0.122546384859
11/29/2025,FEU,Z24,7,0.123350111655
11/29/2025,FEU,Z14,7,0.123350111655
11/29/2025,FEU,Z24,8,0.126895657651
11/29/2025,FEU,Z14,8,0.126895657651
11/29/2025,FEU,Z24,9,0.140569057847
11/29/2025,FEU,Z14,9,0.140569057847
11/30/2025,FEU,Z24,1,0.118273071072
11/30/2025,FEU,Z14,1,0.118273071072
11/30/2025,FEU,Z24,10,0.124908567759
11/30/2025,FEU,Z14,10,0.124908567759
11/30/2025,FEU,Z24,11,0.111163554708
11/30/2025,FEU,Z14,11,0.111163554708
11/30/2025,FEU,Z24,12,0.096644670815
11/30/2025,FEU,Z14,12,0.096644670815
11/30/2025,FEU,Z24,13,0.082329366289
11/30/2025,FEU,Z14,13,0.082329366289
11/30/2025,FEU,Z24,14,0.088846576605
11/30/2025,FEU,Z14,14,0.088846576605
11/30/2025,FEU,Z24,15,0.092056356131
11/30/2025,FEU,Z14,15,0.092056356131
11/30/2025,FEU,Z24,16,0.104655438708
11/30/2025,FEU,Z14,16,0.104655438708
11/30/2025,FEU,Z24,17,0.125910458601
11/30/2025,FEU,Z14,17,0.125910458601
11/30/2025,FEU,Z24,18,0.144365780811
11/30/2025,FEU,Z14,18,0.144365780811
11/30/2025,FEU,Z24,19,0.146239211127
11/30/2025,FEU,Z14,19,0.146239211127
11/30/2025,FEU,Z24,2,0.113413750123
11/30/2025,FEU,Z14,2,0.113413750123
11/30/2025,FEU,Z24,20,0.148715080178
11/30/2025,FEU,Z14,20,0.148715080178
11/30/2025,FEU,Z24,21,0.143075830495
11/30/2025,FEU,Z14,21,0.143075830495
11/30/2025,FEU,Z24,22,0.136593082653
11/30/2025,FEU,Z14,22,0.136593082653
11/30/2025,FEU,Z24,23,0.13217985102
11/30/2025,FEU,Z14,23,0.13217985102
11/30/2025,FEU,Z24,24,0.12561999923
11/30/2025,FEU,Z14,24,0.12561999923
11/30/2025,FEU,Z24,3,0.112617170175
11/30/2025,FEU,Z14,3,0.112617170175
11/30/2025,FEU,Z24,4,0.1110843187
11/30/2025,FEU,Z14,4,0.1110843187
11/30/2025,FEU,Z24,5,0.111443702542
11/30/2025,FEU,Z14,5,0.111443702542
11/30/2025,FEU,Z24,6,0.111862393016
11/30/2025,FEU,Z14,6,0.111862393016
11/30/2025,FEU,Z24,7,0.109082210281
11/30/2025,FEU,Z14,7,0.109082210281
11/30/2025,FEU,Z24,8,0.11238212123
11/30/2025,FEU,Z14,8,0.11238212123
11/30/2025,FEU,Z24,9,0.121638184178
11/30/2025,FEU,Z14,9,0.121638184178
12/01/2025,FEU,Z24,1,0.125816116157
12/01/2025,FEU,Z14,1,0.125816116157
12/01/2025,FEU,Z24,10,0.154617554839
12/01/2025,FEU,Z14,10,0.154617554839
12/01/2025,FEU,Z24,11,0.135511552162
12/01/2025,FEU,Z14,11,0.201050684549
12/01/2025,FEU,Z24,12,0.193728682646
12/01/2025,FEU,Z14,12,0.193728682646
12/01/2025,FEU,Z24,13,0.196554972646
12/01/2025,FEU,Z14,13,0.196554972646
12/01/2025,FEU,Z24,14,0.192131467646
12/01/2025,FEU,Z14,14,0.192131467646
12/01/2025,FEU,Z24,15,0.193048385226
12/01/2025,FEU,Z14,15,0.127533818839
12/01/2025,FEU,Z24,16,0.132527449516
12/01/2025,FEU,Z14,16,0.132527449516
12/01/2025,FEU,Z24,17,0.144644823419
12/01/2025,FEU,Z14,17,0.144644823419
12/01/2025,FEU,Z24,18,0.155007113613
12/01/2025,FEU,Z14,18,0.155007113613
12/01/2025,FEU,Z24,19,0.17102690229
12/01/2025,FEU,Z14,19,0.236695042676
12/01/2025,FEU,Z24,2,0.116139767124
12/01/2025,FEU,Z14,2,0.116139767124
12/01/2025,FEU,Z24,20,0.256012379257
12/01/2025,FEU,Z14,20,0.256012379257
12/01/2025,FEU,Z24,21,0.27287315074
12/01/2025,FEU,Z14,21,0.27287315074
12/01/2025,FEU,Z24,22,0.270500894127
12/01/2025,FEU,Z14,22,0.270500894127
12/01/2025,FEU,Z24,23,0.235910596804
12/01/2025,FEU,Z14,23,0.17012022932
12/01/2025,FEU,Z24,24,0.153538966997
12/01/2025,FEU,Z14,24,0.153538966997
12/01/2025,FEU,Z24,3,0.111813674414
12/01/2025,FEU,Z14,3,0.111813674414
12/01/2025,FEU,Z24,4,0.112665824414
12/01/2025,FEU,Z14,4,0.112665824414
12/01/2025,FEU,Z24,5,0.119367723318
12/01/2025,FEU,Z14,5,0.119367723318
12/01/2025,FEU,Z24,6,0.129199362737
12/01/2025,FEU,Z14,6,0.129199362737
12/01/2025,FEU,Z24,7,0.13771275861
12/01/2025,FEU,Z14,7,0.13771275861
12/01/2025,FEU,Z24,8,0.14607166829
12/01/2025,FEU,Z14,8,0.14607166829
12/01/2025,FEU,Z24,9,0.176373557323
12/01/2025,FEU,Z14,9,0.176373557323
12/02/2025,FEU,Z24,1,0.116203409039
12/02/2025,FEU,Z14,1,0.116203409039
12/02/2025,FEU,Z24,10,0.158922474238
12/02/2025,FEU,Z14,10,0.158922474238
12/02/2025,FEU,Z24,11,0.142388635833
12/02/2025,FEU,Z14,11,0.207954153207
12/02/2025,FEU,Z24,12,0.206294425207
12/02/2025,FEU,Z14,12,0.206294425207
12/02/2025,FEU,Z24,13,0.206035273551
12/02/2025,FEU,Z14,13,0.206035273551
12/02/2025,FEU,Z24,14,0.197426391894
12/02/2025,FEU,Z14,14,0.197426391894
12/02/2025,FEU,Z24,15,0.196513978612
12/02/2025,FEU,Z14,15,0.130985927238
12/02/2025,FEU,Z24,16,0.142661123299
12/02/2025,FEU,Z14,16,0.142661123299
12/02/2025,FEU,Z24,17,0.146214622642
12/02/2025,FEU,Z14,17,0.146214622642
12/02/2025,FEU,Z24,18,0.175909085329
12/02/2025,FEU,Z14,18,0.175909085329
12/02/2025,FEU,Z24,19,0.196451535734
12/02/2025,FEU,Z14,19,0.262208078108
12/02/2025,FEU,Z24,2,0.11560987713
12/02/2025,FEU,Z14,2,0.11560987713
12/02/2025,FEU,Z24,20,0.264292186825
12/02/2025,FEU,Z14,20,0.264292186825
12/02/2025,FEU,Z24,21,0.256945092856
12/02/2025,FEU,Z14,21,0.256945092856
12/02/2025,FEU,Z24,22,0.238429686543
12/02/2025,FEU,Z14,22,0.238429686543
12/02/2025,FEU,Z24,23,0.22275364626
12/02/2025,FEU,Z14,23,0.157017069543
12/02/2025,FEU,Z24,24,0.147135581291
12/02/2025,FEU,Z14,24,0.147135581291
12/02/2025,FEU,Z24,3,0.112971367191
12/02/2025,FEU,Z14,3,0.112971367191
12/02/2025,FEU,Z24,4,0.107045644222
12/02/2025,FEU,Z14,4,0.107045644222
12/02/2025,FEU,Z24,5,0.105996403878
12/02/2025,FEU,Z14,5,0.105996403878
12/02/2025,FEU,Z24,6,0.107116541817
12/02/2025,FEU,Z14,6,0.107116541817
12/02/2025,FEU,Z24,7,0.118334254947
12/02/2025,FEU,Z14,7,0.118334254947
12/02/2025,FEU,Z24,8,0.126175332734
12/02/2025,FEU,Z14,8,0.126175332734
12/02/2025,FEU,Z24,9,0.165095743734
12/02/2025,FEU,Z14,9,0.165095743734
12/03/2025,FEU,Z24,1,0.129180796322
12/03/2025,FEU,Z14,1,0.129180796322
12/03/2025,FEU,Z24,10,0.15107572169
12/03/2025,FEU,Z14,10,0.15107572169
12/03/2025,FEU,Z24,11,0.133105601048
12/03/2025,FEU,Z14,11,0.198638004476
12/03/2025,FEU,Z24,12,0.171592184369
12/03/2025,FEU,Z14,12,0.171592184369
12/03/2025,FEU,Z24,13,0.153984356369
12/03/2025,FEU,Z14,13,0.153984356369
12/03/2025,FEU,Z24,14,0.145757489476
12/03/2025,FEU,Z14,14,0.145757489476
12/03/2025,FEU,Z24,15,0.144807881117
12/03/2025,FEU,Z14,15,0.079413010583
12/03/2025,FEU,Z24,16,0.09785707501
12/03/2025,FEU,Z14,16,0.09785707501
12/03/2025,FEU,Z24,17,0.128828996796
12/03/2025,FEU,Z14,17,0.128828996796
12/03/2025,FEU,Z24,18,0.155072694903
12/03/2025,FEU,Z14,18,0.155072694903
12/03/2025,FEU,Z24,19,0.171917533758
12/03/2025,FEU,Z14,19,0.237587184185
12/03/2025,FEU,Z24,2,0.124848020963
12/03/2025,FEU,Z14,2,0.124848020963
12/03/2025,FEU,Z24,20,0.235444201613
12/03/2025,FEU,Z14,20,0.235444201613
12/03/2025,FEU,Z24,21,0.237026483254
12/03/2025,FEU,Z14,21,0.237026483254
12/03/2025,FEU,Z24,22,0.229412955788
12/03/2025,FEU,Z14,22,0.229412955788
12/03/2025,FEU,Z24,23,0.21894242375
12/03/2025,FEU,Z14,23,0.153223128215
12/03/2025,FEU,Z24,24,0.14221943375
12/03/2025,FEU,Z14,24,0.14221943375
12/03/2025,FEU,Z24,3,0.120566613498
12/03/2025,FEU,Z14,3,0.120566613498
12/03/2025,FEU,Z24,4,0.111582324818
12/03/2025,FEU,Z14,4,0.111582324818
12/03/2025,FEU,Z24,5,0.110670929925
12/03/2025,FEU,Z14,5,0.110670929925
12/03/2025,FEU,Z24,6,0.114610845498
12/03/2025,FEU,Z14,6,0.114610845498
12/03/2025,FEU,Z24,7,0.121073688468
12/03/2025,FEU,Z14,7,0.121073688468
12/03/2025,FEU,Z24,8,0.135335550544
12/03/2025,FEU,Z14,8,0.135335550544
12/03/2025,FEU,Z24,9,0.168437743117
12/03/2025,FEU,Z14,9,0.168437743117
12/04/2025,FEU,Z24,1,0.107182469057
12/04/2025,FEU,Z14,1,0.107182469057
12/04/2025,FEU,Z24,10,0.149992281981
12/04/2025,FEU,Z14,10,0.149992281981
12/04/2025,FEU,Z24,11,0.136835449051
12/04/2025,FEU,Z14,11,0.202379136909
12/04/2025,FEU,Z24,12,0.194634367337
12/04/2025,FEU,Z14,12,0.194634367337
12/04/2025,FEU,Z24,13,0.187797517552
12/04/2025,FEU,Z14,13,0.187797517552
12/04/2025,FEU,Z24,14,0.181764269766
12/04/2025,FEU,Z14,14,0.181764269766
12/04/2025,FEU,Z24,15,0.181156464624
12/04/2025,FEU,Z14,15,0.115682264766
12/04/2025,FEU,Z24,16,0.123195113052
12/04/2025,FEU,Z14,16,0.123195113052
12/04/2025,FEU,Z24,17,0.136063293481
12/04/2025,FEU,Z14,17,0.136063293481
12/04/2025,FEU,Z24,18,0.14828390191
12/04/2025,FEU,Z14,18,0.14828390191
12/04/2025,FEU,Z24,19,0.155479985196
12/04/2025,FEU,Z14,19,0.221203650268
12/04/2025,FEU,Z24,2,0.103994401558
12/04/2025,FEU,Z14,2,0.103994401558
12/04/2025,FEU,Z24,20,0.225407515126
12/04/2025,FEU,Z14,20,0.225407515126
12/04/2025,FEU,Z24,21,0.225512228769
12/04/2025,FEU,Z14,21,0.225512228769
12/04/2025,FEU,Z24,22,0.221316107627
12/04/2025,FEU,Z14,22,0.221316107627
12/04/2025,FEU,Z24,23,0.215656518342
12/04/2025,FEU,Z14,23,0.14994965727
12/04/2025,FEU,Z24,24,0.133433828199
12/04/2025,FEU,Z14,24,0.133433828199
12/04/2025,FEU,Z24,3,0.097333736844
12/04/2025,FEU,Z14,3,0.097333736844
12/04/2025,FEU,Z24,4,0.089013083702
12/04/2025,FEU,Z14,4,0.089013083702
12/04/2025,FEU,Z24,5,0.080843732058
12/04/2025,FEU,Z14,5,0.080843732058
12/04/2025,FEU,Z24,6,0.092513964343
12/04/2025,FEU,Z14,6,0.092513964343
12/04/2025,FEU,Z24,7,0.10796665727
12/04/2025,FEU,Z14,7,0.10796665727
12/04/2025,FEU,Z24,8,0.123390195768
12/04/2025,FEU,Z14,8,0.123390195768
12/04/2025,FEU,Z24,9,0.156948967267
12/04/2025,FEU,Z14,9,0.156948967267
12/05/2025,FEU,Z24,1,0.119552475437
12/05/2025,FEU,Z14,1,0.119552475437
12/05/2025,FEU,Z24,10,0.156596141259
12/05/2025,FEU,Z14,10,0.156596141259
12/05/2025,FEU,Z24,11,0.150271401947
12/05/2025,FEU,Z14,11,0.215862242554
12/05/2025,FEU,Z24,12,0.209905005455
12/05/2025,FEU,Z14,12,0.209905005455
12/05/2025,FEU,Z24,13,0.200388055259
12/05/2025,FEU,Z14,13,0.200388055259
12/05/2025,FEU,Z24,14,0.187923515259
12/05/2025,FEU,Z14,14,0.187923515259
12/05/2025,FEU,Z24,15,0.186162925963
12/05/2025,FEU,Z14,15,0.120672760357
12/05/2025,FEU,Z24,16,0.13506235757
12/05/2025,FEU,Z14,16,0.13506235757
12/05/2025,FEU,Z24,17,0.145693834373
12/05/2025,FEU,Z14,17,0.145693834373
12/05/2025,FEU,Z24,18,0.152766332275
12/05/2025,FEU,Z14,18,0.152766332275
12/05/2025,FEU,Z24,19,0.157733899684
12/05/2025,FEU,Z14,19,0.22335824129
12/05/2025,FEU,Z24,2,0.108872847748
12/05/2025,FEU,Z14,2,0.108872847748
12/05/2025,FEU,Z24,20,0.2170373227
12/05/2025,FEU,Z14,20,0.2170373227
12/05/2025,FEU,Z24,21,0.212464194306
12/05/2025,FEU,Z14,21,0.212464194306
12/05/2025,FEU,Z24,22,0.203674617814
12/05/2025,FEU,Z14,22,0.203674617814
12/05/2025,FEU,Z24,23,0.198314291027
12/05/2025,FEU,Z14,23,0.132679185519
12/05/2025,FEU,Z24,24,0.119615980732
12/05/2025,FEU,Z14,24,0.119615980732
12/05/2025,FEU,Z24,3,0.104071588961
12/05/2025,FEU,Z14,3,0.104071588961
12/05/2025,FEU,Z24,4,0.100708313469
12/05/2025,FEU,Z14,4,0.100708313469
12/05/2025,FEU,Z24,5,0.100566258567
12/05/2025,FEU,Z14,5,0.100566258567
12/05/2025,FEU,Z24,6,0.104245029453
12/05/2025,FEU,Z14,6,0.104245029453
12/05/2025,FEU,Z24,7,0.116365319716
12/05/2025,FEU,Z14,7,0.116365319716
12/05/2025,FEU,Z24,8,0.124294269684
12/05/2025,FEU,Z14,8,0.124294269684
12/05/2025,FEU,Z24,9,0.159910244668
12/05/2025,FEU,Z14,9,0.159910244668
12/06/2025,FEU,Z24,1,0.091878115749
12/06/2025,FEU,Z14,1,0.091878115749
12/06/2025,FEU,Z24,10,0.097028119187
12/06/2025,FEU,Z14,10,0.097028119187
12/06/2025,FEU,Z24,11,0.08865906848
12/06/2025,FEU,Z14,11,0.08865906848
12/06/2025,FEU,Z24,12,0.081582109196
12/06/2025,FEU,Z14,12,0.081582109196
12/06/2025,FEU,Z24,13,0.082173539196
12/06/2025,FEU,Z14,13,0.082173539196
12/06/2025,FEU,Z24,14,0.078111961768
12/06/2025,FEU,Z14,14,0.078111961768
12/06/2025,FEU,Z24,15,0.078306060908
12/06/2025,FEU,Z14,15,0.078306060908
12/06/2025,FEU,Z24,16,0.083123938759
12/06/2025,FEU,Z14,16,0.083123938759
12/06/2025,FEU,Z24,17,0.09482307647
12/06/2025,FEU,Z14,17,0.09482307647
12/06/2025,FEU,Z24,18,0.116584691038
12/06/2025,FEU,Z14,18,0.116584691038
12/06/2025,FEU,Z24,19,0.118536028182
12/06/2025,FEU,Z14,19,0.118536028182
12/06/2025,FEU,Z24,2,0.081343074173
12/06/2025,FEU,Z14,2,0.081343074173
12/06/2025,FEU,Z24,20,0.122346399894
12/06/2025,FEU,Z14,20,0.122346399894
12/06/2025,FEU,Z24,21,0.127354629894
12/06/2025,FEU,Z14,21,0.127354629894
12/06/2025,FEU,Z24,22,0.128048754038
12/06/2025,FEU,Z14,22,0.128048754038
12/06/2025,FEU,Z24,23,0.124274435177
12/06/2025,FEU,Z14,23,0.124274435177
12/06/2025,FEU,Z24,24,0.109686597317
12/06/2025,FEU,Z14,24,0.109686597317
12/06/2025,FEU,Z24,3,0.080616830024
12/06/2025,FEU,Z14,3,0.080616830024
12/06/2025,FEU,Z24,4,0.073596304307
12/06/2025,FEU,Z14,4,0.073596304307
12/06/2025,FEU,Z24,5,0.071544889019
12/06/2025,FEU,Z14,5,0.071544889019
12/06/2025,FEU,Z24,6,0.072873177447
12/06/2025,FEU,Z14,6,0.072873177447
12/06/2025,FEU,Z24,7,0.075742530024
12/06/2025,FEU,Z14,7,0.075742530024
12/06/2025,FEU,Z24,8,0.081801763745
12/06/2025,FEU,Z14,8,0.081801763745
12/06/2025,FEU,Z24,9,0.089662529177
12/06/2025,FEU,Z14,9,0.089662529177
12/07/2025,FEU,Z24,1,0.096898854683
12/07/2025,FEU,Z14,1,0.096898854683
12/07/2025,FEU,Z24,10,0.085557169053
12/07/2025,FEU,Z14,10,0.085557169053
12/07/2025,FEU,Z24,11,0.075818230641
12/07/2025,FEU,Z14,11,0.075818230641
12/07/2025,FEU,Z24,12,0.070891228593
12/07/2025,FEU,Z14,12,0.070891228593
12/07/2025,FEU,Z24,13,0.067567565617
12/07/2025,FEU,Z14,13,0.067567565617
12/07/2025,FEU,Z24,14,0.066411658544
12/07/2025,FEU,Z14,14,0.066411658544
12/07/2025,FEU,Z24,15,0.066320429617
12/07/2025,FEU,Z14,15,0.066320429617
12/07/2025,FEU,Z24,16,0.072106848835
12/07/2025,FEU,Z14,16,0.072106848835
12/07/2025,FEU,Z24,17,0.081530396005
12/07/2025,FEU,Z14,17,0.081530396005
12/07/2025,FEU,Z24,18,0.115554785174
12/07/2025,FEU,Z14,18,0.115554785174
12/07/2025,FEU,Z24,19,0.13332945515
12/07/2025,FEU,Z14,19,0.13332945515
12/07/2025,FEU,Z24,2,0.089080029853
12/07/2025,FEU,Z14,2,0.089080029853
12/07/2025,FEU,Z24,20,0.142917424198
12/07/2025,FEU,Z14,20,0.142917424198
12/07/2025,FEU,Z24,21,0.149731529174
12/07/2025,FEU,Z14,21,0.149731529174
12/07/2025,FEU,Z24,22,0.152850029077
12/07/2025,FEU,Z14,22,0.152850029077
12/07/2025,FEU,Z24,23,0.142410005174
12/07/2025,FEU,Z14,23,0.142410005174
12/07/2025,FEU,Z24,24,0.135560988344
12/07/2025,FEU,Z14,24,0.135560988344
12/07/2025,FEU,Z24,3,0.091170803071
12/07/2025,FEU,Z14,3,0.091170803071
12/07/2025,FEU,Z24,4,0.087599250168
12/07/2025,FEU,Z14,4,0.087599250168
12/07/2025,FEU,Z24,5,0.080975175216
12/07/2025,FEU,Z14,5,0.080975175216
12/07/2025,FEU,Z24,6,0.084605784192
12/07/2025,FEU,Z14,6,0.084605784192
12/07/2025,FEU,Z24,7,0.087106318974
12/07/2025,FEU,Z14,7,0.087106318974
12/07/2025,FEU,Z24,8,0.087129341659
12/07/2025,FEU,Z14,8,0.087129341659
12/07/2025,FEU,Z24,9,0.097401209513
12/07/2025,FEU,Z14,9,0.097401209513
12/08/2025,FEU,Z24,1,0.12601320697
12/08/2025,FEU,Z14,1,0.12601320697
12/08/2025,FEU,Z24,10,0.097703610073
12/08/2025,FEU,Z14,10,0.097703610073
12/08/2025,FEU,Z24,11,0.074773130132
12/08/2025,FEU,Z14,11,0.074773130132
12/08/2025,FEU,Z24,12,0.070410549156
12/08/2025,FEU,Z14,12,0.070410549156
12/08/2025,FEU,Z24,13,0.068385922151
12/08/2025,FEU,Z14,13,0.068385922151
12/08/2025,FEU,Z24,14,0.060084579156
12/08/2025,FEU,Z14,14,0.060084579156
12/08/2025,FEU,Z24,15,0.061490354132
12/08/2025,FEU,Z14,15,0.061490354132
12/08/2025,FEU,Z24,16,0.073485208078
12/08/2025,FEU,Z14,16,0.073485208078
12/08/2025,FEU,Z24,17,0.089204122073
12/08/2025,FEU,Z14,17,0.089204122073
12/08/2025,FEU,Z24,18,0.129197130053
12/08/2025,FEU,Z14,18,0.129197130053
12/08/2025,FEU,Z24,19,0.130271469068
12/08/2025,FEU,Z14,19,0.130271469068
12/08/2025,FEU,Z24,2,0.122372882921
12/08/2025,FEU,Z14,2,0.122372882921
12/08/2025,FEU,Z24,20,0.142145715048
12/08/2025,FEU,Z14,20,0.142145715048
12/08/2025,FEU,Z24,21,0.147280344048
12/08/2025,FEU,Z14,21,0.147280344048
12/08/2025,FEU,Z24,22,0.144866474048
12/08/2025,FEU,Z14,22,0.144866474048
12/08/2025,FEU,Z24,23,0.129488166024
12/08/2025,FEU,Z14,23,0.129488166024
12/08/2025,FEU,Z24,24,0.121931693989
12/08/2025,FEU,Z14,24,0.121931693989
12/08/2025,FEU,Z24,3,0.110389757896
12/08/2025,FEU,Z14,3,0.110389757896
12/08/2025,FEU,Z24,4,0.110796432872
12/08/2025,FEU,Z14,4,0.110796432872
12/08/2025,FEU,Z24,5,0.108471493867
12/08/2025,FEU,Z14,5,0.108471493867
12/08/2025,FEU,Z24,6,0.110924777876
12/08/2025,FEU,Z14,6,0.110924777876
12/08/2025,FEU,Z24,7,0.108766237925
12/08/2025,FEU,Z14,7,0.108766237925
12/08/2025,FEU,Z24,8,0.122204103984
12/08/2025,FEU,Z14,8,0.122204103984
12/08/2025,FEU,Z24,9,0.122422498004
12/08/2025,FEU,Z14,9,0.122422498004
12/09/2025,FEU,Z24,1,0.107850413061
12/09/2025,FEU,Z14,1,0.107850413061
12/09/2025,FEU,Z24,10,0.130544933662
12/09/2025,FEU,Z14,10,0.130544933662
12/09/2025,FEU,Z24,11,0.102575650428
12/09/2025,FEU,Z14,11,0.168004353419
12/09/2025,FEU,Z24,12,0.140826161419
12/09/2025,FEU,Z14,12,0.140826161419
12/09/2025,FEU,Z24,13,0.140357819167
12/09/2025,FEU,Z14,13,0.140357819167
12/09/2025,FEU,Z24,14,0.138723284915
12/09/2025,FEU,Z14,14,0.138723284915
12/09/2025,FEU,Z24,15,0.144873203654
12/09/2025,FEU,Z14,15,0.079519779662
12/09/2025,FEU,Z24,16,0.104673924149
12/09/2025,FEU,Z14,16,0.104673924149
12/09/2025,FEU,Z24,17,0.139360316897
12/09/2025,FEU,Z14,17,0.139360316897
12/09/2025,FEU,Z24,18,0.166875482393
12/09/2025,FEU,Z14,18,0.166875482393
12/09/2025,FEU,Z24,19,0.185509062627
12/09/2025,FEU,Z14,19,0.251228730618
12/09/2025,FEU,Z24,2,0.101233070791
12/09/2025,FEU,Z14,2,0.101233070791
12/09/2025,FEU,Z24,20,0.266294774357
12/09/2025,FEU,Z14,20,0.266294774357
12/09/2025,FEU,Z24,21,0.276237487601
12/09/2025,FEU,Z14,21,0.276237487601
12/09/2025,FEU,Z24,22,0.280848291096
12/09/2025,FEU,Z14,22,0.280848291096
12/09/2025,FEU,Z24,23,0.247667681835
12/09/2025,FEU,Z14,23,0.181829014096
12/09/2025,FEU,Z24,24,0.168626045078
12/09/2025,FEU,Z14,24,0.168626045078
12/09/2025,FEU,Z24,3,0.099888025278
12/09/2025,FEU,Z14,3,0.099888025278
12/09/2025,FEU,Z24,4,0.097315578521
12/09/2025,FEU,Z14,4,0.097315578521
12/09/2025,FEU,Z24,5,0.093930850773
12/09/2025,FEU,Z14,5,0.093930850773
12/09/2025,FEU,Z24,6,0.097690910286
12/09/2025,FEU,Z14,6,0.097690910286
12/09/2025,FEU,Z24,7,0.110963527331
12/09/2025,FEU,Z14,7,0.110963527331
12/09/2025,FEU,Z24,8,0.124619655627
12/09/2025,FEU,Z14,8,0.124619655627
12/09/2025,FEU,Z24,9,0.158057313627
12/09/2025,FEU,Z14,9,0.158057313627
12/10/2025,FEU,Z24,1,0.128955656422
12/10/2025,FEU,Z14,1,0.128955656422
12/10/2025,FEU,Z24,10,0.164648561442
12/10/2025,FEU,Z14,10,0.164648561442
12/10/2025,FEU,Z24,11,0.157829722563
12/10/2025,FEU,Z14,11,0.223447308149
12/10/2025,FEU,Z24,12,0.219883680502
12/10/2025,FEU,Z14,12,0.219883680502
12/10/2025,FEU,Z24,13,0.217484676502
12/10/2025,FEU,Z14,13,0.217484676502
12/10/2025,FEU,Z24,14,0.213985178149
12/10/2025,FEU,Z14,14,0.213985178149
12/10/2025,FEU,Z24,15,0.215739496028
12/10/2025,FEU,Z14,15,0.150041757795
12/10/2025,FEU,Z24,16,0.155556256381
12/10/2025,FEU,Z14,16,0.155556256381
12/10/2025,FEU,Z24,17,0.165796827088
12/10/2025,FEU,Z14,17,0.165796827088
12/10/2025,FEU,Z24,18,0.175480558735
12/10/2025,FEU,Z14,18,0.175480558735
12/10/2025,FEU,Z24,19,0.180658570907
12/10/2025,FEU,Z14,19,0.246359108492
12/10/2025,FEU,Z24,2,0.119316991301
12/10/2025,FEU,Z14,2,0.119316991301
12/10/2025,FEU,Z24,20,0.249357926078
12/10/2025,FEU,Z14,20,0.249357926078
12/10/2025,FEU,Z24,21,0.255423311957
12/10/2025,FEU,Z14,21,0.255423311957
12/10/2025,FEU,Z24,22,0.24956261319
12/10/2025,FEU,Z14,22,0.24956261319
12/10/2025,FEU,Z24,23,0.238045939008
12/10/2025,FEU,Z14,23,0.172247375776
12/10/2025,FEU,Z24,24,0.158986454008
12/10/2025,FEU,Z14,24,0.158986454008
12/10/2025,FEU,Z24,3,0.118346883533
12/10/2025,FEU,Z14,3,0.118346883533
12/10/2025,FEU,Z24,4,0.111329045473
12/10/2025,FEU,Z14,4,0.111329045473
12/10/2025,FEU,Z24,5,0.113813730119
12/10/2025,FEU,Z14,5,0.113813730119
12/10/2025,FEU,Z24,6,0.115110843533
12/10/2025,FEU,Z14,6,0.115110843533
12/10/2025,FEU,Z24,7,0.12579145425
12/10/2025,FEU,Z14,7,0.12579145425
12/10/2025,FEU,Z24,8,0.138337134614
12/10/2025,FEU,Z14,8,0.138337134614
12/10/2025,FEU,Z24,9,0.172094237028
12/10/2025,FEU,Z14,9,0.172094237028
12/11/2025,FEU,Z24,1,0.139793742253
12/11/2025,FEU,Z14,1,0.139793742253
12/11/2025,FEU,Z24,10,0.173727155158
12/11/2025,FEU,Z14,10,0.173727155158
12/11/2025,FEU,Z24,11,0.143203355949
12/11/2025,FEU,Z14,11,0.208769059042
12/11/2025,FEU,Z24,12,0.199995575088
12/11/2025,FEU,Z14,12,0.199995575088
12/11/2025,FEU,Z24,13,0.197500399112
12/11/2025,FEU,Z14,13,0.197500399112
12/11/2025,FEU,Z24,14,0.193202017135
12/11/2025,FEU,Z14,14,0.193202017135
12/11/2025,FEU,Z24,15,0.193867947228
12/11/2025,FEU,Z14,15,0.128350252135
12/11/2025,FEU,Z24,16,0.132444618275
12/11/2025,FEU,Z14,16,0.132444618275
12/11/2025,FEU,Z24,17,0.151700332321
12/11/2025,FEU,Z14,17,0.151700332321
12/11/2025,FEU,Z24,18,0.179193227368
12/11/2025,FEU,Z14,18,0.179193227368
12/11/2025,FEU,Z24,19,0.176583048508
12/11/2025,FEU,Z14,19,0.242396057624
12/11/2025,FEU,Z24,2,0.130080208416
12/11/2025,FEU,Z14,2,0.130080208416
12/11/2025,FEU,Z24,20,0.248242197717
12/11/2025,FEU,Z14,20,0.248242197717
12/11/2025,FEU,Z24,21,0.258153673787
12/11/2025,FEU,Z14,21,0.258153673787
12/11/2025,FEU,Z24,22,0.25156406888
12/11/2025,FEU,Z14,22,0.25156406888
12/11/2025,FEU,Z24,23,0.233346893067
12/11/2025,FEU,Z14,23,0.16756662795
12/11/2025,FEU,Z24,24,0.15719649216
12/11/2025,FEU,Z14,24,0.15719649216
12/11/2025,FEU,Z24,3,0.129870316556
12/11/2025,FEU,Z14,3,0.129870316556
12/11/2025,FEU,Z24,4,0.116473828649
12/11/2025,FEU,Z14,4,0.116473828649
12/11/2025,FEU,Z24,5,0.113518507579
12/11/2025,FEU,Z14,5,0.113518507579
12/11/2025,FEU,Z24,6,0.114654428393
12/11/2025,FEU,Z14,6,0.114654428393
12/11/2025,FEU,Z24,7,0.12934802795
12/11/2025,FEU,Z14,7,0.12934802795
12/11/2025,FEU,Z24,8,0.154870449461
12/11/2025,FEU,Z14,8,0.154870449461
12/11/2025,FEU,Z24,9,0.188611495298
12/11/2025,FEU,Z14,9,0.188611495298
12/12/2025,FEU,Z24,1,0.12858159397
12/12/2025,FEU,Z14,1,0.12858159397
12/12/2025,FEU,Z24,10,0.177134500501
12/12/2025,FEU,Z14,10,0.177134500501
12/12/2025,FEU,Z24,11,0.168356870577
12/12/2025,FEU,Z14,11,0.234010128677
12/12/2025,FEU,Z24,12,0.229475771951
12/12/2025,FEU,Z14,12,0.229475771951
12/12/2025,FEU,Z24,13,0.222490020501
12/12/2025,FEU,Z14,13,0.222490020501
12/12/2025,FEU,Z24,14,0.217968272501
12/12/2025,FEU,Z14,14,0.217968272501
12/12/2025,FEU,Z24,15,0.219406215326
12/12/2025,FEU,Z14,15,0.153801135226
12/12/2025,FEU,Z24,16,0.150007988425
12/12/2025,FEU,Z14,16,0.150007988425
12/12/2025,FEU,Z24,17,0.155356297975
12/12/2025,FEU,Z14,17,0.155356297975
12/12/2025,FEU,Z24,18,0.16753497925
12/12/2025,FEU,Z14,18,0.16753497925
12/12/2025,FEU,Z24,19,0.176693620899
12/12/2025,FEU,Z14,19,0.242382123999
12/12/2025,FEU,Z24,2,0.114319757894
12/12/2025,FEU,Z14,2,0.114319757894
12/12/2025,FEU,Z24,20,0.240138727648
12/12/2025,FEU,Z14,20,0.240138727648
12/12/2025,FEU,Z24,21,0.239857824747
12/12/2025,FEU,Z14,21,0.239857824747
12/12/2025,FEU,Z24,22,0.234962317122
12/12/2025,FEU,Z14,22,0.234962317122
12/12/2025,FEU,Z24,23,0.221120109321
12/12/2025,FEU,Z14,23,0.155390686946
12/12/2025,FEU,Z24,24,0.145998037145
12/12/2025,FEU,Z14,24,0.145998037145
12/12/2025,FEU,Z24,3,0.113723858093
12/12/2025,FEU,Z14,3,0.113723858093
12/12/2025,FEU,Z24,4,0.109472334467
12/12/2025,FEU,Z14,4,0.109472334467
12/12/2025,FEU,Z24,5,0.110037669193
12/12/2025,FEU,Z14,5,0.110037669193
12/12/2025,FEU,Z24,6,0.116097361719
12/12/2025,FEU,Z14,6,0.116097361719
12/12/2025,FEU,Z24,7,0.129752442397
12/12/2025,FEU,Z14,7,0.129752442397
12/12/2025,FEU,Z24,8,0.144934794899
12/12/2025,FEU,Z14,8,0.144934794899
12/12/2025,FEU,Z24,9,0.18783592615
12/12/2025,FEU,Z14,9,0.18783592615
12/13/2025,FEU,Z24,1,0.131630631541
12/13/2025,FEU,Z14,1,0.131630631541
12/13/2025,FEU,Z24,10,0.123510598417
12/13/2025,FEU,Z14,10,0.123510598417
12/13/2025,FEU,Z24,11,0.112054880709
12/13/2025,FEU,Z14,11,0.112054880709
12/13/2025,FEU,Z24,12,0.105224200167
12/13/2025,FEU,Z14,12,0.105224200167
12/13/2025,FEU,Z24,13,0.102949753167
12/13/2025,FEU,Z14,13,0.102949753167
12/13/2025,FEU,Z24,14,0.096757486167
12/13/2025,FEU,Z14,14,0.096757486167
12/13/2025,FEU,Z24,15,0.09791407225
12/13/2025,FEU,Z14,15,0.09791407225
12/13/2025,FEU,Z24,16,0.106772655729
12/13/2025,FEU,Z14,16,0.106772655729
12/13/2025,FEU,Z24,17,0.119637676125
12/13/2025,FEU,Z14,17,0.119637676125
12/13/2025,FEU,Z24,18,0.135414882208
12/13/2025,FEU,Z14,18,0.135414882208
12/13/2025,FEU,Z24,19,0.147232524979
12/13/2025,FEU,Z14,19,0.147232524979
12/13/2025,FEU,Z24,2,0.123314143479
12/13/2025,FEU,Z14,2,0.123314143479
12/13/2025,FEU,Z24,20,0.145369977292
12/13/2025,FEU,Z14,20,0.145369977292
12/13/2025,FEU,Z24,21,0.147356338833
12/13/2025,FEU,Z14,21,0.147356338833
12/13/2025,FEU,Z24,22,0.141841243146
12/13/2025,FEU,Z14,22,0.141841243146
12/13/2025,FEU,Z24,23,0.139634277771
12/13/2025,FEU,Z14,23,0.139634277771
12/13/2025,FEU,Z24,24,0.127492985166
12/13/2025,FEU,Z14,24,0.127492985166
12/13/2025,FEU,Z24,3,0.118278098874
12/13/2025,FEU,Z14,3,0.118278098874
12/13/2025,FEU,Z24,4,0.110236668499
12/13/2025,FEU,Z14,4,0.110236668499
12/13/2025,FEU,Z24,5,0.107052370041
12/13/2025,FEU,Z14,5,0.107052370041
12/13/2025,FEU,Z24,6,0.110915781499
12/13/2025,FEU,Z14,6,0.110915781499
12/13/2025,FEU,Z24,7,0.112514791479
12/13/2025,FEU,Z14,7,0.112514791479
12/13/2025,FEU,Z24,8,0.119085026458
12/13/2025,FEU,Z14,8,0.119085026458
12/13/2025,FEU,Z24,9,0.127959654521
12/13/2025,FEU,Z14,9,0.127959654521
12/14/2025,FEU,Z24,1,0.128357969786
12/14/2025,FEU,Z14,1,0.128357969786
12/14/2025,FEU,Z24,10,0.123566560489
12/14/2025,FEU,Z14,10,0.123566560489
12/14/2025,FEU,Z24,11,0.110145768602
12/14/2025,FEU,Z14,11,0.110145768602
12/14/2025,FEU,Z24,12,0.101015342733
12/14/2025,FEU,Z14,12,0.101015342733
12/14/2025,FEU,Z24,13,0.101829450667
12/14/2025,FEU,Z14,13,0.101829450667
12/14/2025,FEU,Z24,14,0.098063234864
12/14/2025,FEU,Z14,14,0.098063234864
12/14/2025,FEU,Z24,15,0.097993562667
12/14/2025,FEU,Z14,15,0.097993562667
12/14/2025,FEU,Z24,16,0.105398182078
12/14/2025,FEU,Z14,16,0.105398182078
12/14/2025,FEU,Z24,17,0.11724158662
12/14/2025,FEU,Z14,17,0.11724158662
12/14/2025,FEU,Z24,18,0.137503597161
12/14/2025,FEU,Z14,18,0.137503597161
12/14/2025,FEU,Z24,19,0.149237819227
12/14/2025,FEU,Z14,19,0.149237819227
12/14/2025,FEU,Z24,2,0.118105839328
12/14/2025,FEU,Z14,2,0.118105839328
12/14/2025,FEU,Z24,20,0.150937796096
12/14/2025,FEU,Z14,20,0.150937796096
12/14/2025,FEU,Z24,21,0.151047393161
12/14/2025,FEU,Z14,21,0.151047393161
12/14/2025,FEU,Z24,22,0.150555521423
12/14/2025,FEU,Z14,22,0.150555521423
12/14/2025,FEU,Z24,23,0.141928297161
12/14/2025,FEU,Z14,23,0.141928297161
12/14/2025,FEU,Z24,24,0.134584813703
12/14/2025,FEU,Z14,24,0.134584813703
12/14/2025,FEU,Z24,3,0.115809505739
12/14/2025,FEU,Z14,3,0.115809505739
12/14/2025,FEU,Z24,4,0.115312838477
12/14/2025,FEU,Z14,4,0.115312838477
12/14/2025,FEU,Z24,5,0.112517928346
12/14/2025,FEU,Z14,5,0.112517928346
12/14/2025,FEU,Z24,6,0.111329880411
12/14/2025,FEU,Z14,6,0.111329880411
12/14/2025,FEU,Z24,7,0.114453804
12/14/2025,FEU,Z14,7,0.114453804
12/14/2025,FEU,Z24,8,0.118588479852
12/14/2025,FEU,Z14,8,0.118588479852
12/14/2025,FEU,Z24,9,0.128248168245
12/14/2025,FEU,Z14,9,0.128248168245
12/15/2025,FEU,Z24,1,0.119076810328
12/15/2025,FEU,Z14,1,0.119076810328
12/15/2025,FEU,Z24,10,0.164839330922
12/15/2025,FEU,Z14,10,0.164839330922
12/15/2025,FEU,Z24,11,0.154986815107
12/15/2025,FEU,Z14,11,0.220594267573
12/15/2025,FEU,Z24,12,0.21060373069
12/15/2025,FEU,Z14,12,0.21060373069
12/15/2025,FEU,Z24,13,0.20602644569
12/15/2025,FEU,Z14,13,0.20602644569
12/15/2025,FEU,Z24,14,0.20440593069
12/15/2025,FEU,Z14,14,0.20440593069
12/15/2025,FEU,Z24,15,0.211128648388
12/15/2025,FEU,Z14,15,0.145551154922
12/15/2025,FEU,Z24,16,0.158293250738
12/15/2025,FEU,Z14,16,0.158293250738
12/15/2025,FEU,Z24,17,0.165291992621
12/15/2025,FEU,Z14,17,0.165291992621
12/15/2025,FEU,Z24,18,0.168019086854
12/15/2025,FEU,Z14,18,0.168019086854
12/15/2025,FEU,Z24,19,0.17195952367
12/15/2025,FEU,Z14,19,0.237632006135
12/15/2025,FEU,Z24,2,0.108444719493
12/15/2025,FEU,Z14,2,0.108444719493
12/15/2025,FEU,Z24,20,0.242262682834
12/15/2025,FEU,Z14,20,0.242262682834
12/15/2025,FEU,Z24,21,0.252843773417
12/15/2025,FEU,Z14,21,0.252843773417
12/15/2025,FEU,Z24,22,0.248343668883
12/15/2025,FEU,Z14,22,0.248343668883
12/15/2025,FEU,Z24,23,0.243144124698
12/15/2025,FEU,Z14,23,0.177322614115
12/15/2025,FEU,Z24,24,0.164752060931
12/15/2025,FEU,Z14,24,0.164752060931
12/15/2025,FEU,Z24,3,0.109253543843
12/15/2025,FEU,Z14,3,0.109253543843
12/15/2025,FEU,Z24,4,0.108626163843
12/15/2025,FEU,Z14,4,0.108626163843
12/15/2025,FEU,Z24,5,0.105145897726
12/15/2025,FEU,Z14,5,0.105145897726
12/15/2025,FEU,Z24,6,0.107952531027
12/15/2025,FEU,Z14,6,0.107952531027
12/15/2025,FEU,Z24,7,0.121095308465
12/15/2025,FEU,Z14,7,0.121095308465
12/15/2025,FEU,Z24,8,0.13453655367
12/15/2025,FEU,Z14,8,0.13453655367
12/15/2025,FEU,Z24,9,0.171017540505
12/15/2025,FEU,Z14,9,0.171017540505
12/16/2025,FEU,Z24,1,0.131713469285
12/16/2025,FEU,Z14,1,0.131713469285
12/16/2025,FEU,Z24,10,0.161017982342
12/16/2025,FEU,Z14,10,0.161017982342
12/16/2025,FEU,Z24,11,0.152815169416
12/16/2025,FEU,Z14,11,0.218416516803
12/16/2025,FEU,Z24,12,0.210258036803
12/16/2025,FEU,Z14,12,0.210258036803
12/16/2025,FEU,Z24,13,0.209326596649
12/16/2025,FEU,Z14,13,0.209326596649
12/16/2025,FEU,Z24,14,0.204329980496
12/16/2025,FEU,Z14,14,0.204329980496
12/16/2025,FEU,Z24,15,0.207563094729
12/16/2025,FEU,Z14,15,0.141997429342
12/16/2025,FEU,Z24,16,0.152235433422
12/16/2025,FEU,Z14,16,0.152235433422
12/16/2025,FEU,Z24,17,0.157746657268
12/16/2025,FEU,Z14,17,0.157746657268
12/16/2025,FEU,Z24,18,0.171490578962
12/16/2025,FEU,Z14,18,0.171490578962
12/16/2025,FEU,Z24,19,0.191308861888
12/16/2025,FEU,Z14,19,0.257048074274
12/16/2025,FEU,Z24,2,0.122633021904
12/16/2025,FEU,Z14,2,0.122633021904
12/16/2025,FEU,Z24,20,0.269576716507
12/16/2025,FEU,Z14,20,0.269576716507
12/16/2025,FEU,Z24,21,0.252017806047
12/16/2025,FEU,Z14,21,0.252017806047
12/16/2025,FEU,Z24,22,0.23595743174
12/16/2025,FEU,Z14,22,0.23595743174
12/16/2025,FEU,Z24,23,0.222253762973
12/16/2025,FEU,Z14,23,0.15652045974
12/16/2025,FEU,Z24,24,0.143332675512
12/16/2025,FEU,Z14,24,0.143332675512
12/16/2025,FEU,Z24,3,0.119441218984
12/16/2025,FEU,Z14,3,0.119441218984
12/16/2025,FEU,Z24,4,0.112264140523
12/16/2025,FEU,Z14,4,0.112264140523
12/16/2025,FEU,Z24,5,0.109996418677
12/16/2025,FEU,Z14,5,0.109996418677
12/16/2025,FEU,Z24,6,0.111022199597
12/16/2025,FEU,Z14,6,0.111022199597
12/16/2025,FEU,Z24,7,0.122471054666
12/16/2025,FEU,Z14,7,0.122471054666
12/16/2025,FEU,Z24,8,0.128202138888
12/16/2025,FEU,Z14,8,0.128202138888
12/16/2025,FEU,Z24,9,0.163435727888
12/16/2025,FEU,Z14,9,0.163435727888
12/17/2025,FEU,Z24,1,0.113066706172
12/17/2025,FEU,Z14,1,0.113066706172
12/17/2025,FEU,Z24,10,0.191007862272
12/17/2025,FEU,Z14,10,0.191007862272
12/17/2025,FEU,Z24,11,0.154338865996
12/17/2025,FEU,Z14,11,0.219943259514
12/17/2025,FEU,Z24,12,0.208064695634
12/17/2025,FEU,Z14,12,0.208064695634
12/17/2025,FEU,Z24,13,0.204484231634
12/17/2025,FEU,Z14,13,0.204484231634
12/17/2025,FEU,Z24,14,0.198784529514
12/17/2025,FEU,Z14,14,0.198784529514
12/17/2025,FEU,Z24,15,0.20118658079
12/17/2025,FEU,Z14,15,0.135550981393
12/17/2025,FEU,Z24,16,0.145314348911
12/17/2025,FEU,Z14,16,0.145314348911
12/17/2025,FEU,Z24,17,0.167479019152
12/17/2025,FEU,Z14,17,0.167479019152
12/17/2025,FEU,Z24,18,0.181934880031
12/17/2025,FEU,Z14,18,0.181934880031
12/17/2025,FEU,Z24,19,0.201341089067
12/17/2025,FEU,Z14,19,0.267110734584
12/17/2025,FEU,Z24,2,0.113530914449
12/17/2025,FEU,Z14,2,0.113530914449
12/17/2025,FEU,Z24,20,0.266499227102
12/17/2025,FEU,Z14,20,0.266499227102
12/17/2025,FEU,Z24,21,0.280523914378
12/17/2025,FEU,Z14,21,0.280523914378
12/17/2025,FEU,Z24,22,0.268005211775
12/17/2025,FEU,Z14,22,0.268005211775
12/17/2025,FEU,Z24,23,0.25388594469
12/17/2025,FEU,Z14,23,0.188021655293
12/17/2025,FEU,Z24,24,0.17288158969
12/17/2025,FEU,Z14,24,0.17288158969
12/17/2025,FEU,Z24,3,0.113853069846
12/17/2025,FEU,Z14,3,0.113853069846
12/17/2025,FEU,Z24,4,0.106861773484
12/17/2025,FEU,Z14,4,0.106861773484
12/17/2025,FEU,Z24,5,0.105750717364
12/17/2025,FEU,Z14,5,0.105750717364
12/17/2025,FEU,Z24,6,0.107331297846
12/17/2025,FEU,Z14,6,0.107331297846
12/17/2025,FEU,Z24,7,0.130380010137
12/17/2025,FEU,Z14,7,0.130380010137
12/17/2025,FEU,Z24,8,0.161882058308
12/17/2025,FEU,Z14,8,0.161882058308
12/17/2025,FEU,Z24,9,0.21674473979
12/17/2025,FEU,Z14,9,0.21674473979
12/18/2025,FEU,Z24,1,0.150011904641
12/18/2025,FEU,Z14,1,0.150011904641
12/18/2025,FEU,Z24,10,0.157519611343
12/18/2025,FEU,Z14,10,0.157519611343
12/18/2025,FEU,Z24,11,0.135002397244
12/18/2025,FEU,Z14,11,0.200538586843
12/18/2025,FEU,Z24,12,0.167062760643
12/18/2025,FEU,Z14,12,0.167062760643
12/18/2025,FEU,Z24,13,0.160674787543
12/18/2025,FEU,Z14,13,0.160674787543
12/18/2025,FEU,Z24,14,0.147735418443
12/18/2025,FEU,Z14,14,0.147735418443
12/18/2025,FEU,Z24,15,0.150238385043
12/18/2025,FEU,Z14,15,0.084871143443
12/18/2025,FEU,Z24,16,0.117808144843
12/18/2025,FEU,Z14,16,0.117808144843
12/18/2025,FEU,Z24,17,0.142195368643
12/18/2025,FEU,Z14,17,0.142195368643
12/18/2025,FEU,Z24,18,0.164470332443
12/18/2025,FEU,Z14,18,0.164470332443
12/18/2025,FEU,Z24,19,0.173630402842
12/18/2025,FEU,Z14,19,0.239432097342
12/18/2025,FEU,Z24,2,0.14108811794
12/18/2025,FEU,Z14,2,0.14108811794
12/18/2025,FEU,Z24,20,0.246305920942
12/18/2025,FEU,Z14,20,0.246305920942
12/18/2025,FEU,Z24,21,0.249528136642
12/18/2025,FEU,Z14,21,0.249528136642
12/18/2025,FEU,Z24,22,0.247769431242
12/18/2025,FEU,Z14,22,0.247769431242
12/18/2025,FEU,Z24,23,0.231765784441
12/18/2025,FEU,Z14,23,0.165992079941
12/18/2025,FEU,Z24,24,0.156310146041
12/18/2025,FEU,Z14,24,0.156310146041
12/18/2025,FEU,Z24,3,0.14053513934
12/18/2025,FEU,Z14,3,0.14053513934
12/18/2025,FEU,Z24,4,0.12736040694
12/18/2025,FEU,Z14,4,0.12736040694
12/18/2025,FEU,Z24,5,0.12375521724
12/18/2025,FEU,Z14,5,0.12375521724
12/18/2025,FEU,Z24,6,0.12319093504
12/18/2025,FEU,Z14,6,0.12319093504
12/18/2025,FEU,Z24,7,0.133951079941
12/18/2025,FEU,Z14,7,0.133951079941
12/18/2025,FEU,Z24,8,0.137332679042
12/18/2025,FEU,Z14,8,0.137332679042
12/18/2025,FEU,Z24,9,0.170523874743
12/18/2025,FEU,Z14,9,0.170523874743
12/19/2025,FEU,Z24,1,0.118573227926
12/19/2025,FEU,Z14,1,0.118573227926
12/19/2025,FEU,Z24,10,0.176442668035
12/19/2025,FEU,Z14,10,0.176442668035
12/19/2025,FEU,Z24,11,0.170174949479
12/19/2025,FEU,Z14,11,0.235834482225
12/19/2025,FEU,Z24,12,0.232991822162
12/19/2025,FEU,Z14,12,0.232991822162
12/19/2025,FEU,Z24,13,0.224472992035
12/19/2025,FEU,Z14,13,0.224472992035
12/19/2025,FEU,Z24,14,0.222958358035
12/19/2025,FEU,Z14,14,0.222958358035
12/19/2025,FEU,Z24,15,0.227744296844
12/19/2025,FEU,Z14,15,0.162110686098
12/19/2025,FEU,Z24,16,0.169532176591
12/19/2025,FEU,Z14,16,0.169532176591
12/19/2025,FEU,Z24,17,0.169654475464
12/19/2025,FEU,Z14,17,0.169654475464
12/19/2025,FEU,Z24,18,0.1702287974
12/19/2025,FEU,Z14,18,0.1702287974
12/19/2025,FEU,Z24,19,0.18207723102
12/19/2025,FEU,Z14,19,0.247782766766
12/19/2025,FEU,Z24,2,0.116434626482
12/19/2025,FEU,Z14,2,0.116434626482
12/19/2025,FEU,Z24,20,0.251787740385
12/19/2025,FEU,Z14,20,0.251787740385
12/19/2025,FEU,Z24,21,0.254714132132
12/19/2025,FEU,Z14,21,0.254714132132
12/19/2025,FEU,Z24,22,0.252928870814
12/19/2025,FEU,Z14,22,0.252928870814
12/19/2025,FEU,Z24,23,0.245160665307
12/19/2025,FEU,Z14,23,0.179330615624
12/19/2025,FEU,Z24,24,0.169100771117
12/19/2025,FEU,Z14,24,0.169100771117
12/19/2025,FEU,Z24,3,0.113931311975
12/19/2025,FEU,Z14,3,0.113931311975
12/19/2025,FEU,Z24,4,0.108977916658
12/19/2025,FEU,Z14,4,0.108977916658
12/19/2025,FEU,Z24,5,0.110922029721
12/19/2025,FEU,Z14,5,0.110922029721
12/19/2025,FEU,Z24,6,0.115967097292
12/19/2025,FEU,Z14,6,0.115967097292
12/19/2025,FEU,Z24,7,0.130723251751
12/19/2025,FEU,Z14,7,0.130723251751
12/19/2025,FEU,Z24,8,0.14770145702
12/19/2025,FEU,Z14,8,0.14770145702
12/19/2025,FEU,Z24,9,0.180632417654
12/19/2025,FEU,Z14,9,0.180632417654
12/20/2025,FEU,Z24,1,0.139840384151
12/20/2025,FEU,Z14,1,0.139840384151
12/20/2025,FEU,Z24,10,0.122927576085
12/20/2025,FEU,Z14,10,0.122927576085
12/20/2025,FEU,Z24,11,0.113756278397
12/20/2025,FEU,Z14,11,0.113756278397
12/20/2025,FEU,Z24,12,0.104636524859
12/20/2025,FEU,Z14,12,0.104636524859
12/20/2025,FEU,Z24,13,0.100813717859
12/20/2025,FEU,Z14,13,0.100813717859
12/20/2025,FEU,Z24,14,0.090715360859
12/20/2025,FEU,Z14,14,0.090715360859
12/20/2025,FEU,Z24,15,0.093978181935
12/20/2025,FEU,Z14,15,0.093978181935
12/20/2025,FEU,Z24,16,0.097348249392
12/20/2025,FEU,Z14,16,0.097348249392
12/20/2025,FEU,Z24,17,0.108410648774
12/20/2025,FEU,Z14,17,0.108410648774
12/20/2025,FEU,Z24,18,0.118586914849
12/20/2025,FEU,Z14,18,0.118586914849
12/20/2025,FEU,Z24,19,0.117782122618
12/20/2025,FEU,Z14,19,0.117782122618
12/20/2025,FEU,Z24,2,0.13287725307
12/20/2025,FEU,Z14,2,0.13287725307
12/20/2025,FEU,Z24,20,0.122257938925
12/20/2025,FEU,Z14,20,0.122257938925
12/20/2025,FEU,Z24,21,0.116840916462
12/20/2025,FEU,Z14,21,0.116840916462
12/20/2025,FEU,Z24,22,0.108208104769
12/20/2025,FEU,Z14,22,0.108208104769
12/20/2025,FEU,Z24,23,0.111627295382
12/20/2025,FEU,Z14,23,0.111627295382
12/20/2025,FEU,Z24,24,0.105374567764
12/20/2025,FEU,Z14,24,0.105374567764
12/20/2025,FEU,Z24,3,0.128170412452
12/20/2025,FEU,Z14,3,0.128170412452
12/20/2025,FEU,Z24,4,0.115104261065
12/20/2025,FEU,Z14,4,0.115104261065
12/20/2025,FEU,Z24,5,0.115047634603
12/20/2025,FEU,Z14,5,0.115047634603
12/20/2025,FEU,Z24,6,0.114477102065
12/20/2025,FEU,Z14,6,0.114477102065
12/20/2025,FEU,Z24,7,0.11946833307
12/20/2025,FEU,Z14,7,0.11946833307
12/20/2025,FEU,Z24,8,0.119301793075
12/20/2025,FEU,Z14,8,0.119301793075
12/20/2025,FEU,Z24,9,0.121133494156
12/20/2025,FEU,Z14,9,0.121133494156
12/21/2025,FEU,Z24,1,0.095921392642
12/21/2025,FEU,Z14,1,0.095921392642
12/21/2025,FEU,Z24,10,0.112292557145
12/21/2025,FEU,Z14,10,0.112292557145
12/21/2025,FEU,Z24,11,0.107323343512
12/21/2025,FEU,Z14,11,0.107323343512
12/21/2025,FEU,Z24,12,0.10564939332
12/21/2025,FEU,Z14,12,0.10564939332
12/21/2025,FEU,Z24,13,0.108901469416
12/21/2025,FEU,Z14,13,0.108901469416
12/21/2025,FEU,Z24,14,0.102820189128
12/21/2025,FEU,Z14,14,0.102820189128
12/21/2025,FEU,Z24,15,0.101047819416
12/21/2025,FEU,Z14,15,0.101047819416
12/21/2025,FEU,Z24,16,0.10650745428
12/21/2025,FEU,Z14,16,0.10650745428
12/21/2025,FEU,Z24,17,0.111722412953
12/21/2025,FEU,Z14,17,0.111722412953
12/21/2025,FEU,Z24,18,0.116794991625
12/21/2025,FEU,Z14,18,0.116794991625
12/21/2025,FEU,Z24,19,0.124760572529
12/21/2025,FEU,Z14,19,0.124760572529
12/21/2025,FEU,Z24,2,0.105507606314
12/21/2025,FEU,Z14,2,0.105507606314
12/21/2025,FEU,Z24,20,0.132731645721
12/21/2025,FEU,Z14,20,0.132731645721
12/21/2025,FEU,Z24,21,0.131255031625
12/21/2025,FEU,Z14,21,0.131255031625
12/21/2025,FEU,Z24,22,0.119060515241
12/21/2025,FEU,Z14,22,0.119060515241
12/21/2025,FEU,Z24,23,0.116672183625
12/21/2025,FEU,Z14,23,0.116672183625
12/21/2025,FEU,Z24,24,0.111321699297
12/21/2025,FEU,Z14,24,0.111321699297
12/21/2025,FEU,Z24,3,0.102099138178
12/21/2025,FEU,Z14,3,0.102099138178
12/21/2025,FEU,Z24,4,0.097350179562
12/21/2025,FEU,Z14,4,0.097350179562
12/21/2025,FEU,Z24,5,0.093653513754
12/21/2025,FEU,Z14,5,0.093653513754
12/21/2025,FEU,Z24,6,0.092656279658
12/21/2025,FEU,Z14,6,0.092656279658
12/21/2025,FEU,Z24,7,0.099456615794
12/21/2025,FEU,Z14,7,0.099456615794
12/21/2025,FEU,Z24,8,0.105936189546
12/21/2025,FEU,Z14,8,0.105936189546
12/21/2025,FEU,Z24,9,0.118872200969
12/21/2025,FEU,Z14,9,0.118872200969
12/22/2025,FEU,Z24,1,0.10059495468
12/22/2025,FEU,Z14,1,0.10059495468
12/22/2025,FEU,Z24,10,0.164511091021
12/22/2025,FEU,Z14,10,0.164511091021
12/22/2025,FEU,Z24,11,0.151398624082
12/22/2025,FEU,Z14,11,0.216993703476
12/22/2025,FEU,Z24,12,0.201796018324
12/22/2025,FEU,Z14,12,0.201796018324
12/22/2025,FEU,Z24,13,0.195113578324
12/22/2025,FEU,Z14,13,0.195113578324
12/22/2025,FEU,Z24,14,0.185414953324
12/22/2025,FEU,Z14,14,0.185414953324
12/22/2025,FEU,Z24,15,0.188246994414
12/22/2025,FEU,Z14,15,0.122747662021
12/22/2025,FEU,Z24,16,0.133529753959
12/22/2025,FEU,Z14,16,0.133529753959
12/22/2025,FEU,Z24,17,0.152624451111
12/22/2025,FEU,Z14,17,0.152624451111
12/22/2025,FEU,Z24,18,0.171648346807
12/22/2025,FEU,Z14,18,0.171648346807
12/22/2025,FEU,Z24,19,0.181047604746
12/22/2025,FEU,Z14,19,0.246749656139
12/22/2025,FEU,Z24,2,0.092025525163
12/22/2025,FEU,Z14,2,0.092025525163
12/22/2025,FEU,Z24,20,0.244807283229
12/22/2025,FEU,Z14,20,0.244807283229
12/22/2025,FEU,Z24,21,0.238495013471
12/22/2025,FEU,Z14,21,0.238495013471
12/22/2025,FEU,Z24,22,0.224717274864
12/22/2025,FEU,Z14,22,0.224717274864
12/22/2025,FEU,Z24,23,0.222470088803
12/22/2025,FEU,Z14,23,0.156735352561
12/22/2025,FEU,Z24,24,0.1478153665
12/22/2025,FEU,Z14,24,0.1478153665
12/22/2025,FEU,Z24,3,0.090499737708
12/22/2025,FEU,Z14,3,0.090499737708
12/22/2025,FEU,Z24,4,0.084167892708
12/22/2025,FEU,Z14,4,0.084167892708
12/22/2025,FEU,Z24,5,0.06979516886
12/22/2025,FEU,Z14,5,0.06979516886
12/22/2025,FEU,Z24,6,0.07995502977
12/22/2025,FEU,Z14,6,0.07995502977
12/22/2025,FEU,Z24,7,0.106871421106
12/22/2025,FEU,Z14,7,0.106871421106
12/22/2025,FEU,Z24,8,0.121280106746
12/22/2025,FEU,Z14,8,0.121280106746
12/22/2025,FEU,Z24,9,0.164833754262
12/22/2025,FEU,Z14,9,0.164833754262
12/23/2025,FEU,Z24,1,0.112323397524
12/23/2025,FEU,Z14,1,0.112323397524
12/23/2025,FEU,Z24,10,0.160526536869
12/23/2025,FEU,Z14,10,0.160526536869
12/23/2025,FEU,Z24,11,0.151226681704
12/23/2025,FEU,Z14,11,0.21682257037
12/23/2025,FEU,Z24,12,0.20907989837
12/23/2025,FEU,Z14,12,0.20907989837
12/23/2025,FEU,Z24,13,0.210175664536
12/23/2025,FEU,Z14,13,0.210175664536
12/23/2025,FEU,Z24,14,0.204503514703
12/23/2025,FEU,Z14,14,0.204503514703
12/23/2025,FEU,Z24,15,0.204446195535
12/23/2025,FEU,Z14,15,0.138889969869
12/23/2025,FEU,Z24,16,0.147845599868
12/23/2025,FEU,Z14,16,0.147845599868
12/23/2025,FEU,Z24,17,0.150805080034
12/23/2025,FEU,Z14,17,0.150805080034
12/23/2025,FEU,Z24,18,0.155721436367
12/23/2025,FEU,Z14,18,0.155721436367
12/23/2025,FEU,Z24,19,0.159911904532
12/23/2025,FEU,Z14,19,0.225545314198
12/23/2025,FEU,Z24,2,0.103795924022
12/23/2025,FEU,Z14,2,0.103795924022
12/23/2025,FEU,Z24,20,0.22481679903
12/23/2025,FEU,Z14,20,0.22481679903
12/23/2025,FEU,Z24,21,0.229080120529
12/23/2025,FEU,Z14,21,0.229080120529
12/23/2025,FEU,Z24,22,0.227894301862
12/23/2025,FEU,Z14,22,0.227894301862
12/23/2025,FEU,Z24,23,0.221785014694
12/23/2025,FEU,Z14,23,0.156052453862
12/23/2025,FEU,Z24,24,0.138210529193
12/23/2025,FEU,Z14,24,0.138210529193
12/23/2025,FEU,Z24,3,0.10468964502
12/23/2025,FEU,Z14,3,0.10468964502
12/23/2025,FEU,Z24,4,0.09952057052
12/23/2025,FEU,Z14,4,0.09952057052
12/23/2025,FEU,Z24,5,0.096248819353
12/23/2025,FEU,Z14,5,0.096248819353
12/23/2025,FEU,Z24,6,0.100170756355
12/23/2025,FEU,Z14,6,0.100170756355
12/23/2025,FEU,Z24,7,0.111931641027
12/23/2025,FEU,Z14,7,0.111931641027
12/23/2025,FEU,Z24,8,0.117894610532
12/23/2025,FEU,Z14,8,0.117894610532
12/23/2025,FEU,Z24,9,0.160297679532
12/23/2025,FEU,Z14,9,0.160297679532
12/24/2025,FEU,Z24,1,0.127986237153
12/24/2025,FEU,Z14,1,0.127986237153
12/24/2025,FEU,Z24,10,0.130840365182
12/24/2025,FEU,Z14,10,0.130840365182
12/24/2025,FEU,Z24,11,0.111925899364
12/24/2025,FEU,Z14,11,0.177384167243
12/24/2025,FEU,Z24,12,0.161051422773
12/24/2025,FEU,Z14,12,0.161051422773
12/24/2025,FEU,Z24,13,0.152732314773
12/24/2025,FEU,Z14,13,0.152732314773
12/24/2025,FEU,Z24,14,0.148987292243
12/24/2025,FEU,Z14,14,0.148987292243
12/24/2025,FEU,Z24,15,0.150406857061
12/24/2025,FEU,Z14,15,0.084989245713
12/24/2025,FEU,Z24,16,0.093937999592
12/24/2025,FEU,Z14,16,0.093937999592
12/24/2025,FEU,Z24,17,0.110023452652
12/24/2025,FEU,Z14,17,0.110023452652
12/24/2025,FEU,Z24,18,0.129295500122
12/24/2025,FEU,Z14,18,0.129295500122
12/24/2025,FEU,Z24,19,0.14682432088
12/24/2025,FEU,Z14,19,0.212408692759
12/24/2025,FEU,Z24,2,0.107840621972
12/24/2025,FEU,Z14,2,0.107840621972
12/24/2025,FEU,Z24,20,0.208772651638
12/24/2025,FEU,Z14,20,0.208772651638
12/24/2025,FEU,Z24,21,0.202783283456
12/24/2025,FEU,Z14,21,0.202783283456
12/24/2025,FEU,Z24,22,0.194492581805
12/24/2025,FEU,Z14,22,0.194492581805
12/24/2025,FEU,Z24,23,0.181607141032
12/24/2025,FEU,Z14,23,0.116041563684
12/24/2025,FEU,Z24,24,0.110058421032
12/24/2025,FEU,Z14,24,0.110058421032
12/24/2025,FEU,Z24,3,0.091306949321
12/24/2025,FEU,Z14,3,0.091306949321
12/24/2025,FEU,Z24,4,0.08819523073
12/24/2025,FEU,Z14,4,0.08819523073
12/24/2025,FEU,Z24,5,0.0838950512
12/24/2025,FEU,Z14,5,0.0838950512
12/24/2025,FEU,Z24,6,0.081943037321
12/24/2025,FEU,Z14,6,0.081943037321
12/24/2025,FEU,Z24,7,0.082146531396
12/24/2025,FEU,Z14,7,0.082146531396
12/24/2025,FEU,Z24,8,0.08796702694
12/24/2025,FEU,Z14,8,0.08796702694
12/24/2025,FEU,Z24,9,0.138693597061
12/24/2025,FEU,Z14,9,0.138693597061
12/25/2025,FEU,Z24,1,0.09291076733
12/25/2025,FEU,Z14,1,0.09291076733
12/25/2025,FEU,Z24,10,0.102726774158
12/25/2025,FEU,Z14,10,0.102726774158
12/25/2025,FEU,Z24,11,0.086389514478
12/25/2025,FEU,Z14,11,0.086389514478
12/25/2025,FEU,Z24,12,0.074977286363
12/25/2025,FEU,Z14,12,0.074977286363
12/25/2025,FEU,Z24,13,0.081888497306
12/25/2025,FEU,Z14,13,0.081888497306
12/25/2025,FEU,Z24,14,0.080907168778
12/25/2025,FEU,Z14,14,0.080907168778
12/25/2025,FEU,Z24,15,0.073793601835
12/25/2025,FEU,Z14,15,0.073793601835
12/25/2025,FEU,Z24,16,0.090661591497
12/25/2025,FEU,Z14,16,0.090661591497
12/25/2025,FEU,Z24,17,0.121783227573
12/25/2025,FEU,Z14,17,0.121783227573
12/25/2025,FEU,Z24,18,0.15249386212
12/25/2025,FEU,Z14,18,0.15249386212
12/25/2025,FEU,Z24,19,0.155569895649
12/25/2025,FEU,Z14,19,0.155569895649
12/25/2025,FEU,Z24,2,0.091363301915
12/25/2025,FEU,Z14,2,0.091363301915
12/25/2025,FEU,Z24,20,0.157773446668
12/25/2025,FEU,Z14,20,0.157773446668
12/25/2025,FEU,Z24,21,0.161599099178
12/25/2025,FEU,Z14,21,0.161599099178
12/25/2025,FEU,Z24,22,0.162570883178
12/25/2025,FEU,Z14,22,0.162570883178
12/25/2025,FEU,Z24,23,0.152408876706
12/25/2025,FEU,Z14,23,0.152408876706
12/25/2025,FEU,Z24,24,0.150885402273
12/25/2025,FEU,Z14,24,0.150885402273
12/25/2025,FEU,Z24,3,0.08741088403
12/25/2025,FEU,Z14,3,0.08741088403
12/25/2025,FEU,Z24,4,0.077478874634
12/25/2025,FEU,Z14,4,0.077478874634
12/25/2025,FEU,Z24,5,0.073649169672
12/25/2025,FEU,Z14,5,0.073649169672
12/25/2025,FEU,Z24,6,0.080955612182
12/25/2025,FEU,Z14,6,0.080955612182
12/25/2025,FEU,Z24,7,0.087849926144
12/25/2025,FEU,Z14,7,0.087849926144
12/25/2025,FEU,Z24,8,0.102981854501
12/25/2025,FEU,Z14,8,0.102981854501
12/25/2025,FEU,Z24,9,0.111428363877
12/25/2025,FEU,Z14,9,0.111428363877
12/26/2025,FEU,Z24,1,0.140904326903
12/26/2025,FEU,Z14,1,0.140904326903
12/26/2025,FEU,Z24,10,0.160868995251
12/26/2025,FEU,Z14,10,0.160868995251
12/26/2025,FEU,Z24,11,0.148176556157
12/26/2025,FEU,Z14,11,0.213759003925
12/26/2025,FEU,Z24,12,0.208132862367
12/26/2025,FEU,Z14,12,0.208132862367
12/26/2025,FEU,Z24,13,0.205584381251
12/26/2025,FEU,Z14,13,0.205584381251
12/26/2025,FEU,Z24,14,0.200932041251
12/26/2025,FEU,Z14,14,0.200932041251
12/26/2025,FEU,Z24,15,0.198327002576
12/26/2025,FEU,Z14,15,0.132795214809
12/26/2025,FEU,Z24,16,0.135966201344
12/26/2025,FEU,Z14,16,0.135966201344
12/26/2025,FEU,Z24,17,0.146825994228
12/26/2025,FEU,Z14,17,0.146825994228
12/26/2025,FEU,Z24,18,0.162841759669
12/26/2025,FEU,Z14,18,0.162841759669
12/26/2025,FEU,Z24,19,0.171400822321
12/26/2025,FEU,Z14,19,0.237071414088
12/26/2025,FEU,Z24,2,0.136797429997
12/26/2025,FEU,Z14,2,0.136797429997
12/26/2025,FEU,Z24,20,0.23936412674
12/26/2025,FEU,Z14,20,0.23936412674
12/26/2025,FEU,Z24,21,0.251367132507
12/26/2025,FEU,Z14,21,0.251367132507
12/26/2025,FEU,Z24,22,0.249336085717
12/26/2025,FEU,Z14,22,0.249336085717
12/26/2025,FEU,Z24,23,0.241113544252
12/26/2025,FEU,Z14,23,0.175301436043
12/26/2025,FEU,Z24,24,0.159335087578
12/26/2025,FEU,Z14,24,0.159335087578
12/26/2025,FEU,Z24,3,0.132704193532
12/26/2025,FEU,Z14,3,0.132704193532
12/26/2025,FEU,Z24,4,0.129143620741
12/26/2025,FEU,Z14,4,0.129143620741
12/26/2025,FEU,Z24,5,0.124919915299
12/26/2025,FEU,Z14,5,0.124919915299
12/26/2025,FEU,Z24,6,0.123707266322
12/26/2025,FEU,Z14,6,0.123707266322
12/26/2025,FEU,Z24,7,0.131814073159
12/26/2025,FEU,Z14,7,0.131814073159
12/26/2025,FEU,Z24,8,0.134518026321
12/26/2025,FEU,Z14,8,0.134518026321
12/26/2025,FEU,Z24,9,0.163145597902
12/26/2025,FEU,Z14,9,0.163145597902
12/27/2025,FEU,Z24,1,0.143108552935
12/27/2025,FEU,Z14,1,0.143108552935
12/27/2025,FEU,Z24,10,0.128243309344
12/27/2025,FEU,Z14,10,0.128243309344
12/27/2025,FEU,Z24,11,0.110009028147
12/27/2025,FEU,Z14,11,0.110009028147
12/27/2025,FEU,Z24,12,0.103218192907
12/27/2025,FEU,Z14,12,0.103218192907
12/27/2025,FEU,Z24,13,0.102896790907
12/27/2025,FEU,Z14,13,0.102896790907
12/27/2025,FEU,Z24,14,0.103015263907
12/27/2025,FEU,Z14,14,0.103015263907
12/27/2025,FEU,Z24,15,0.103237465386
12/27/2025,FEU,Z14,15,0.103237465386
12/27/2025,FEU,Z24,16,0.106127392203
12/27/2025,FEU,Z14,16,0.106127392203
12/27/2025,FEU,Z24,17,0.120869540541
12/27/2025,FEU,Z14,17,0.120869540541
12/27/2025,FEU,Z24,18,0.13212104802
12/27/2025,FEU,Z14,18,0.13212104802
12/27/2025,FEU,Z24,19,0.142767143639
12/27/2025,FEU,Z14,19,0.142767143639
12/27/2025,FEU,Z24,2,0.141585830512
12/27/2025,FEU,Z14,2,0.141585830512
12/27/2025,FEU,Z24,20,0.146731591498
12/27/2025,FEU,Z14,20,0.146731591498
12/27/2025,FEU,Z24,21,0.139422436738
12/27/2025,FEU,Z14,21,0.139422436738
12/27/2025,FEU,Z24,22,0.130969060597
12/27/2025,FEU,Z14,22,0.130969060597
12/27/2025,FEU,Z24,23,0.126169620315
12/27/2025,FEU,Z14,23,0.126169620315
12/27/2025,FEU,Z24,24,0.119082552653
12/27/2025,FEU,Z14,24,0.119082552653
12/27/2025,FEU,Z24,3,0.13710482685
12/27/2025,FEU,Z14,3,0.13710482685
12/27/2025,FEU,Z24,4,0.124835555568
12/27/2025,FEU,Z14,4,0.124835555568
12/27/2025,FEU,Z24,5,0.123989312808
12/27/2025,FEU,Z14,5,0.123989312808
12/27/2025,FEU,Z24,6,0.123128495568
12/27/2025,FEU,Z14,6,0.123128495568
12/27/2025,FEU,Z24,7,0.120498758512
12/27/2025,FEU,Z14,7,0.120498758512
12/27/2025,FEU,Z24,8,0.121328826456
12/27/2025,FEU,Z14,8,0.121328826456
12/27/2025,FEU,Z24,9,0.126050696879
12/27/2025,FEU,Z14,9,0.126050696879
12/28/2025,FEU,Z24,1,0.108358568599
12/28/2025,FEU,Z14,1,0.108358568599
12/28/2025,FEU,Z24,10,0.131575830388
12/28/2025,FEU,Z14,10,0.131575830388
12/28/2025,FEU,Z24,11,0.119444513211
12/28/2025,FEU,Z14,11,0.119444513211
12/28/2025,FEU,Z24,12,0.111256513426
12/28/2025,FEU,Z14,12,0.111256513426
12/28/2025,FEU,Z24,13,0.117535520319
12/28/2025,FEU,Z14,13,0.117535520319
12/28/2025,FEU,Z24,14,0.11374000964
12/28/2025,FEU,Z14,14,0.11374000964
12/28/2025,FEU,Z24,15,0.115220760319
12/28/2025,FEU,Z14,15,0.115220760319
12/28/2025,FEU,Z24,16,0.122031952353
12/28/2025,FEU,Z14,16,0.122031952353
12/28/2025,FEU,Z24,17,0.133499190602
12/28/2025,FEU,Z14,17,0.133499190602
12/28/2025,FEU,Z24,18,0.145068278852
12/28/2025,FEU,Z14,18,0.145068278852
12/28/2025,FEU,Z24,19,0.152888873959
12/28/2025,FEU,Z14,19,0.152888873959
12/28/2025,FEU,Z24,2,0.112638171848
12/28/2025,FEU,Z14,2,0.112638171848
12/28/2025,FEU,Z24,20,0.157114575744
12/28/2025,FEU,Z14,20,0.157114575744
12/28/2025,FEU,Z24,21,0.157022794852
12/28/2025,FEU,Z14,21,0.157022794852
12/28/2025,FEU,Z24,22,0.150493071281
12/28/2025,FEU,Z14,22,0.150493071281
12/28/2025,FEU,Z24,23,0.143967822852
12/28/2025,FEU,Z14,23,0.143967822852
12/28/2025,FEU,Z24,24,0.133833943101
12/28/2025,FEU,Z14,24,0.133833943101
12/28/2025,FEU,Z24,3,0.104959390883
12/28/2025,FEU,Z14,3,0.104959390883
12/28/2025,FEU,Z24,4,0.099714181454
12/28/2025,FEU,Z14,4,0.099714181454
12/28/2025,FEU,Z24,5,0.104048252239
12/28/2025,FEU,Z14,5,0.104048252239
12/28/2025,FEU,Z24,6,0.107875916346
12/28/2025,FEU,Z14,6,0.107875916346
12/28/2025,FEU,Z24,7,0.118571725312
12/28/2025,FEU,Z14,7,0.118571725312
12/28/2025,FEU,Z24,8,0.121556628706
12/28/2025,FEU,Z14,8,0.121556628706
12/28/2025,FEU,Z24,9,0.13342705335
12/28/2025,FEU,Z14,9,0.13342705335
